매물ID,모델,모델_원본,모델_LE,현재가격_만원,주행거리_km,배기량_cc,좌석수,차량연령,사고강도점수,주요옵션_선루프,주요옵션_헤드램프 (LED),주요옵션_주차감지센서,주요옵션_후방카메라,주요옵션_자동에어컨,주요옵션_스마트키,주요옵션_내비게이션,주요옵션_열선시트,주요옵션_통풍시트,주요옵션_가죽시트,제조사_현대,제조사_기아,제조사_제네시스,제조사_KG모빌리티(쌍용),제조사_쉐보레(GM대우),제조사_르노코리아(삼성),연료_LPG,연료_가솔린,연료_하이브리드,연료_디젤,연료_전기,연료_수소,색상_흰색,색상_검정색,색상_은색,색상_기타,변속기_오토계열,차급_SUV계열,차급_세단계열
37398208,렉스턴,렉스턴 스포츠 칸,35,1700,92801,2157,5,7,10,0,0,1,1,0,1,1,1,1,1,0,0,0,1,0,0,0,0,0,1,0,0,0,0,0,1,1,1,0
38664369,렉스턴,렉스턴 스포츠,35,1880,75022,2157,5,7,0,0,1,1,1,1,1,1,1,1,1,0,0,0,1,0,0,0,0,0,1,0,0,0,0,0,1,1,1,0
39215444,렉스턴,더 뉴 렉스턴 스포츠 칸,35,3980,9807,2157,5,2,0,0,1,1,1,1,1,1,1,1,1,0,0,0,1,0,0,0,0,0,1,0,0,1,0,0,0,1,1,0
39352895,렉스턴,더 뉴 렉스턴 스포츠 칸,35,1979,80818,2157,5,5,2,0,1,1,1,1,1,1,1,1,1,0,0,0,1,0,0,0,0,0,1,0,0,0,0,0,1,1,1,0
39399003,렉스턴,G4 렉스턴,35,2090,42193,2157,5,6,2,0,1,1,1,1,1,1,1,1,1,0,0,0,1,0,0,0,0,0,1,0,0,0,1,0,0,1,1,0
39410385,렉스턴,더 뉴 렉스턴 스포츠,35,3450,44135,2157,5,3,0,0,1,1,1,1,1,1,1,1,1,0,0,0,1,0,0,0,0,0,1,0,0,0,0,0,1,1,1,0
39427818,렉스턴,렉스턴 뉴 아레나,35,9990,2419,2157,4,1,2,0,1,1,1,1,1,1,1,1,1,0,0,0,1,0,0,0,0,0,1,0,0,0,0,1,0,1,1,0
39428025,렉스턴,렉스턴 스포츠,35,1745,82871,2157,5,5,2,0,0,1,1,0,1,1,1,0,1,0,0,0,1,0,0,0,0,0,1,0,0,0,0,1,0,1,1,0
39541611,토레스,더 뉴 토레스,100,2340,5735,1497,2,2,1,0,1,1,1,1,1,1,1,1,1,0,0,0,1,0,0,0,1,0,0,0,0,0,0,0,1,1,1,0
39582037,렉스턴,렉스턴 스포츠,35,1880,61810,2157,5,7,5,1,1,1,1,0,1,1,1,0,1,0,0,0,1,0,0,0,0,0,1,0,0,0,0,1,0,1,1,0
39914298,렉스턴,더 뉴 렉스턴 스포츠 칸,35,3130,17926,2157,5,4,2,0,0,0,0,0,0,0,0,0,0,0,0,0,1,0,0,0,0,0,1,0,0,1,0,0,0,1,1,0
39963228,렉스턴,더 뉴 렉스턴 스포츠 칸,35,2750,17507,2157,5,3,0,0,1,1,1,1,1,1,1,1,1,0,0,0,1,0,0,0,0,0,1,0,0,0,0,0,1,1,1,0
39986058,렉스턴,더 뉴 렉스턴 스포츠 칸,35,1920,21961,2157,5,5,2,0,0,1,1,0,1,1,1,0,1,0,0,0,1,0,0,0,0,0,1,0,0,0,0,1,0,1,1,0
40043291,토레스,토레스,100,2155,122584,1497,5,3,2,0,1,1,1,1,1,1,1,1,1,0,0,0,1,0,0,0,0,1,0,0,0,1,0,0,0,1,1,0
40068268,렉스턴,더 뉴 렉스턴 스포츠 칸,35,2050,95897,2157,5,5,0,0,1,1,1,1,1,1,1,1,1,0,0,0,1,0,0,0,0,0,1,0,0,0,0,1,0,1,1,0
40089301,토레스,더 뉴 토레스,100,2799,5750,1497,5,1,0,0,1,1,1,1,1,1,1,1,1,0,0,0,1,0,0,0,1,0,0,0,0,1,0,0,0,1,1,0
40124419,렉스턴,더 뉴 렉스턴 스포츠 칸,35,3100,40285,2157,5,4,4,0,1,1,1,1,1,1,1,1,1,0,0,0,1,0,0,0,0,0,1,0,0,1,0,0,0,1,1,0
40139216,렉스턴,더 뉴 렉스턴 스포츠,35,3150,24546,2157,5,3,1,0,1,1,1,1,1,1,1,1,1,0,0,0,1,0,0,0,0,0,1,0,0,0,1,0,0,1,1,0
40213125,렉스턴,더 뉴 렉스턴 스포츠,35,1999,95201,2157,5,5,1,0,1,1,1,1,1,0,1,1,1,0,0,0,1,0,0,0,0,0,1,0,0,0,0,0,1,1,1,0
40316621,렉스턴,렉스턴 스포츠 칸,35,1810,67312,2157,5,7,2,0,0,1,1,1,1,1,1,1,1,0,0,0,1,0,0,0,0,0,1,0,0,0,0,1,0,1,1,0
40402219,렉스턴,더 뉴 렉스턴 스포츠 칸,35,2600,9138,2157,5,5,0,0,1,1,1,1,1,1,1,1,1,0,0,0,1,0,0,0,0,0,1,0,0,0,0,0,1,1,1,0
40432116,렉스턴,렉스턴 스포츠 칸,35,1890,46444,2157,5,7,1,1,1,1,1,1,1,0,1,1,1,0,0,0,1,0,0,0,0,0,1,0,0,1,0,0,0,1,1,0
40456211,토레스,토레스,100,2050,78480,1497,5,4,3,0,1,1,1,1,1,1,1,1,1,0,0,0,1,0,0,0,1,0,0,0,0,0,0,0,1,1,1,0
40460160,토레스,토레스,100,2250,68500,1497,5,3,0,0,1,1,1,1,1,1,1,1,1,0,0,0,1,0,0,0,1,0,0,0,0,0,1,0,0,1,1,0
40460313,토레스,토레스,100,2245,62131,1497,5,3,3,0,1,1,1,1,1,1,1,1,1,0,0,0,1,0,0,0,1,0,0,0,0,0,0,1,0,1,1,0
40475747,코란도,뷰티풀 코란도,92,1720,54141,1497,5,6,9,0,1,1,1,1,1,1,1,1,1,0,0,0,1,0,0,0,1,0,0,0,0,1,0,0,0,1,1,0
40501540,코란도,뷰티풀 코란도,92,1850,26692,1497,5,6,1,0,1,1,1,1,1,1,1,1,1,0,0,0,1,0,0,0,1,0,0,0,0,1,0,0,0,1,1,0
40508012,렉스턴,더 뉴 렉스턴 스포츠 칸,35,3100,27346,2157,5,4,1,0,1,1,1,1,1,1,1,1,1,0,0,0,1,0,0,0,0,0,1,0,0,0,0,0,1,1,1,0
40524092,토레스,토레스,100,2390,37564,1497,5,3,2,0,1,1,1,1,1,1,1,1,1,0,0,0,1,0,0,0,1,0,0,0,0,0,0,1,0,1,1,0
40555218,코란도,뷰티풀 코란도,92,2050,22654,1497,5,3,4,0,1,1,1,1,1,1,1,1,1,0,0,0,1,0,0,0,1,0,0,0,0,1,0,0,0,1,1,0
40606983,코란도,뷰티풀 코란도,92,1700,34954,1497,5,6,4,0,0,1,1,1,1,1,1,1,1,0,0,0,1,0,0,0,1,0,0,0,0,1,0,0,0,1,1,0
40618588,토레스,토레스,100,2580,18685,1497,5,3,1,0,1,1,1,1,1,1,1,1,1,0,0,0,1,0,0,0,1,0,0,0,0,0,0,0,1,1,1,0
40644155,렉스턴,올 뉴 렉스턴,35,2699,86402,2157,5,5,0,1,1,1,1,1,1,1,1,1,1,0,0,0,1,0,0,0,0,0,1,0,0,1,0,0,0,1,1,0
40663413,렉스턴,더 뉴 렉스턴 스포츠,35,2359,37451,2157,5,5,0,0,1,1,1,1,1,1,1,1,1,0,0,0,1,0,0,0,0,0,1,0,0,0,0,0,1,1,1,0
40665375,토레스,토레스,100,1799,106485,1497,5,2,6,0,1,1,1,1,1,1,1,1,1,0,0,0,1,0,0,0,1,0,0,0,0,1,0,0,0,1,1,0
40691203,코란도,뷰티풀 코란도,92,1800,63909,1497,5,5,2,0,1,1,1,1,1,1,1,1,1,0,0,0,1,0,0,0,1,0,0,0,0,1,0,0,0,1,1,0
40704909,토레스,토레스,100,2100,62964,1497,5,3,0,0,1,1,1,1,0,1,1,0,1,0,0,0,1,0,0,0,1,0,0,0,0,0,1,0,0,1,1,0
40706070,코란도,뷰티풀 코란도,92,2090,40075,1497,5,5,2,0,1,1,1,1,1,1,1,1,1,0,0,0,1,0,0,0,1,0,0,0,0,0,1,0,0,1,1,0
40724129,렉스턴,렉스턴 스포츠,35,1750,105154,2157,5,8,3,0,1,1,1,1,1,1,1,1,1,0,0,0,1,0,0,0,0,0,1,0,0,0,0,1,0,1,1,0
40727340,토레스,토레스,100,2650,12324,1497,5,4,0,0,1,1,1,1,1,1,1,1,1,0,0,0,1,0,0,0,1,0,0,0,0,0,0,1,0,1,1,0
40735086,렉스턴,더 뉴 렉스턴 스포츠,35,2499,112975,2157,5,3,1,0,1,1,1,1,1,1,1,1,1,0,0,0,1,0,0,0,0,0,1,0,0,1,0,0,0,1,1,0
40751753,토레스,토레스,100,1990,88149,1497,5,4,4,0,1,1,0,1,1,1,1,1,1,0,0,0,1,0,0,0,1,0,0,0,0,0,0,1,0,1,1,0
40758232,렉스턴,더 뉴 렉스턴 스포츠 칸,35,3555,12192,2157,5,1,0,0,1,1,1,1,1,1,1,1,1,0,0,0,1,0,0,0,0,0,1,0,0,0,1,0,0,1,1,0
40758694,렉스턴,더 뉴 렉스턴 스포츠 칸,35,2275,67454,2157,5,5,0,0,1,1,1,1,1,1,1,1,1,0,0,0,1,0,0,0,0,0,1,0,0,0,0,0,1,1,1,0
40760550,티볼리,티볼리 에어,105,9999,24504,1497,5,5,2,0,0,0,0,0,0,0,0,0,0,0,0,0,1,0,0,0,1,0,0,0,0,0,0,1,0,1,1,0
40761896,렉스턴,올 뉴 렉스턴,35,2790,61337,2157,5,5,1,1,1,1,1,1,1,1,1,1,1,0,0,0,1,0,0,0,0,0,1,0,0,0,1,0,0,1,1,0
40764144,렉스턴,더 뉴 렉스턴 스포츠 칸,35,1995,108049,2157,5,5,4,0,1,1,1,1,1,1,1,1,1,0,0,0,1,0,0,0,0,0,1,0,0,0,1,0,0,1,1,0
40764649,렉스턴,렉스턴 뉴 아레나,35,2650,111498,2157,5,3,0,0,1,1,1,1,1,1,1,1,1,0,0,0,1,0,0,0,0,0,1,0,0,0,0,1,0,1,1,0
40773011,액티언,액티언 2세대,71,3390,7251,1498,5,1,0,0,1,1,1,1,1,1,1,1,1,0,0,0,1,0,0,0,0,1,0,0,0,1,0,0,0,1,1,0
40777941,토레스,토레스,100,2200,62669,1497,5,3,5,1,1,1,1,1,1,1,1,1,1,0,0,0,1,0,0,0,1,0,0,0,0,0,1,0,0,1,1,0
40781415,렉스턴,더 뉴 렉스턴 스포츠,35,2050,82675,2157,5,5,0,0,1,1,1,1,1,1,1,1,1,0,0,0,1,0,0,0,0,0,1,0,0,0,0,1,0,1,1,0
40790316,코란도,뷰티풀 코란도,92,1899,26916,1497,5,6,1,0,1,1,1,1,1,1,1,1,1,0,0,0,1,0,0,0,1,0,0,0,0,1,0,0,0,1,1,0
40792454,토레스,토레스,100,2090,52489,1497,5,3,1,1,1,1,1,1,1,1,1,1,1,0,0,0,1,0,0,0,1,0,0,0,0,0,1,0,0,1,1,0
40811031,코란도,뷰티풀 코란도,92,1850,30691,1497,5,6,0,0,0,1,1,1,1,1,1,1,1,0,0,0,1,0,0,0,1,0,0,0,0,0,0,0,1,1,1,0
40812336,토레스,토레스,100,2099,54903,1497,5,3,5,0,1,1,1,1,1,1,1,1,1,0,0,0,1,0,0,0,1,0,0,0,0,1,0,0,0,1,1,0
40816610,렉스턴,더 뉴 렉스턴 스포츠 칸,35,2480,38669,2157,5,4,1,0,1,1,1,1,1,1,1,1,1,0,0,0,1,0,0,0,0,0,1,0,0,0,0,0,1,1,1,0
40823627,토레스,더 뉴 토레스,100,2761,6923,1497,5,1,0,0,1,1,1,1,1,1,1,1,1,0,0,0,1,0,0,0,1,0,0,0,0,1,0,0,0,1,1,0
40830130,토레스,토레스,100,2450,41562,1497,5,3,0,1,1,1,1,1,1,1,1,1,1,0,0,0,1,0,0,0,1,0,0,0,0,1,0,0,0,1,1,0
40830433,렉스턴,G4 렉스턴,35,2350,112650,2157,5,6,0,0,1,1,1,0,1,1,1,1,1,0,0,0,1,0,0,0,0,0,1,0,0,1,0,0,0,1,1,0
40830591,토레스,토레스,100,2270,37319,1497,2,2,0,0,1,1,1,1,1,1,1,1,1,0,0,0,1,0,0,0,1,0,0,0,0,0,0,1,0,1,1,0
40834122,렉스턴,더 뉴 렉스턴 스포츠,35,2999,30407,2157,5,3,2,0,0,0,0,0,0,0,0,0,0,0,0,0,1,0,0,0,0,0,1,0,0,0,0,0,1,1,1,0
40844265,토레스,토레스,100,2250,59595,1497,5,3,2,1,1,1,1,1,1,1,1,1,1,0,0,0,1,0,0,0,1,0,0,0,0,0,1,0,0,1,1,0
40845743,토레스,토레스,100,2390,18372,1497,5,4,0,0,1,1,1,1,1,1,1,1,1,0,0,0,1,0,0,0,1,0,0,0,0,1,0,0,0,1,1,0
40853623,토레스,토레스 EVX,100,3240,32873,189,5,2,0,0,1,1,1,1,1,1,1,1,1,0,0,0,1,0,0,0,0,0,0,1,0,0,0,1,0,1,1,0
40854595,토레스,토레스,100,2250,50307,1497,5,3,0,0,1,1,1,1,1,1,1,1,1,0,0,0,1,0,0,0,1,0,0,0,0,1,0,0,0,1,1,0
40856452,토레스,토레스 EVX,100,2860,28892,189,5,3,14,0,1,1,1,1,1,1,1,1,1,0,0,0,1,0,0,0,0,0,0,1,0,0,0,1,0,1,1,0
40857780,렉스턴,올 뉴 렉스턴,35,2750,51170,2157,5,5,0,1,1,1,1,1,1,1,1,1,1,0,0,0,1,0,0,0,0,0,1,0,0,1,0,0,0,1,1,0
40858801,토레스,토레스,100,2120,51807,1497,5,2,0,0,1,1,1,1,1,0,1,0,1,0,0,0,1,0,0,0,1,0,0,0,0,1,0,0,0,1,1,0
40858991,토레스,토레스,100,2250,20476,1497,5,3,1,0,1,1,1,1,1,1,1,1,1,0,0,0,1,0,0,0,1,0,0,0,0,0,1,0,0,1,1,0
40865079,토레스,토레스,100,2170,81486,1497,5,4,2,0,1,1,1,1,1,1,1,1,1,0,0,0,1,0,0,0,1,0,0,0,0,1,0,0,0,1,1,0
40866349,렉스턴,더 뉴 렉스턴 스포츠,35,2400,67104,2157,5,4,0,0,1,1,1,1,1,1,1,1,1,0,0,0,1,0,0,0,0,0,1,0,0,0,0,1,0,1,1,0
40876066,렉스턴,더 뉴 렉스턴 스포츠 칸,35,2720,27831,2157,5,4,0,0,1,1,1,1,1,0,1,1,1,0,0,0,1,0,0,0,0,0,1,0,0,0,0,0,1,1,1,0
40880770,렉스턴,더 뉴 렉스턴 스포츠 칸,35,3580,33869,2157,5,4,0,0,1,1,1,1,1,1,1,1,1,0,0,0,1,0,0,0,0,0,1,0,0,1,0,0,0,1,1,0
40884661,토레스,토레스,100,2300,44728,1497,5,3,2,1,1,1,1,1,1,1,1,1,1,0,0,0,1,0,0,0,1,0,0,0,0,0,1,0,0,1,1,0
40887809,토레스,토레스,100,2510,34191,1497,5,3,0,0,1,1,1,1,1,1,1,1,1,0,0,0,1,0,0,0,1,0,0,0,0,0,0,1,0,1,1,0
40899457,토레스,토레스,100,2240,48265,1497,5,3,2,1,1,1,1,1,1,1,1,1,1,0,0,0,1,0,0,0,1,0,0,0,0,1,0,0,0,1,1,0
40903041,토레스,토레스,100,2640,23652,1497,5,4,1,0,1,1,1,1,1,1,1,1,1,0,0,0,1,0,0,0,1,0,0,0,0,0,0,0,1,1,1,0
40903446,렉스턴,더 뉴 렉스턴 스포츠,35,2250,73991,2157,5,3,0,0,1,1,1,0,1,1,1,0,1,0,0,0,1,0,0,0,0,0,1,0,0,0,0,1,0,1,1,0
40917580,렉스턴,올 뉴 렉스턴,35,3099,43770,2157,5,5,0,0,1,1,1,1,1,1,1,1,1,0,0,0,1,0,0,0,0,0,1,0,0,0,1,0,0,1,1,0
40920560,토레스,토레스 EVX,100,3150,30693,189,2,2,0,0,1,1,1,1,1,1,1,1,1,0,0,0,1,0,0,0,0,0,0,1,0,0,1,0,0,1,1,0
40921571,렉스턴,올 뉴 렉스턴,35,2690,73465,2157,5,6,3,0,1,1,1,1,1,1,1,1,1,0,0,0,1,0,0,0,0,0,1,0,0,1,0,0,0,1,1,0
40923567,렉스턴,렉스턴 스포츠 칸,35,1850,150944,2157,5,6,5,0,1,1,1,0,1,1,1,1,1,0,0,0,1,0,0,0,0,0,1,0,0,0,0,1,0,1,1,0
40927329,토레스,토레스,100,2380,25635,1497,5,4,0,0,1,1,1,1,1,1,1,1,1,0,0,0,1,0,0,0,1,0,0,0,0,0,1,0,0,1,1,0
40932647,코란도,뷰티풀 코란도,92,1790,86961,1497,5,6,4,0,0,1,1,1,1,1,1,1,1,0,0,0,1,0,0,0,1,0,0,0,0,0,1,0,0,1,1,0
40933949,렉스턴,렉스턴 스포츠 칸,35,1930,98522,2157,5,6,4,0,0,1,1,0,1,1,1,1,1,0,0,0,1,0,0,0,0,0,1,0,0,0,0,0,1,1,1,0
40948951,렉스턴,올 뉴 렉스턴,35,3150,27968,2157,5,4,2,0,1,1,1,1,1,1,1,1,1,0,0,0,1,0,0,0,0,0,1,0,0,0,1,0,0,1,1,0
40952960,토레스,토레스,100,2650,28262,1497,5,4,0,0,1,1,1,1,1,1,1,1,1,0,0,0,1,0,0,0,1,0,0,0,0,1,0,0,0,1,1,0
40956002,코란도,뷰티풀 코란도,92,1720,65792,1497,5,4,4,1,1,1,1,1,1,1,1,1,1,0,0,0,1,0,0,0,1,0,0,0,0,1,0,0,0,1,1,0
40957147,토레스,토레스,100,2149,48291,1497,5,3,5,0,1,1,1,1,1,1,1,1,1,0,0,0,1,0,0,0,1,0,0,0,0,0,1,0,0,1,1,0
40959684,렉스턴,렉스턴 스포츠,35,1750,93812,2157,5,7,3,0,0,1,1,1,1,1,1,0,1,0,0,0,1,0,0,0,0,0,1,0,0,1,0,0,0,1,1,0
40963585,렉스턴,G4 렉스턴,35,1930,63665,2157,5,7,1,1,1,1,1,0,1,1,1,1,1,0,0,0,1,0,0,0,0,0,1,0,0,0,1,0,0,1,1,0
40968743,렉스턴,올 뉴 렉스턴,35,2550,131488,2157,7,5,3,1,1,1,1,1,1,1,1,1,1,0,0,0,1,0,0,0,0,0,1,0,0,0,0,1,0,1,1,0
40969231,토레스,토레스,100,2580,37319,1497,5,3,0,0,1,1,1,1,1,1,1,1,1,0,0,0,1,0,0,0,1,0,0,0,0,1,0,0,0,1,1,0
40972206,렉스턴,올 뉴 렉스턴,35,3320,52311,2157,5,4,0,1,1,1,1,1,1,1,1,1,1,0,0,0,1,0,0,0,0,0,1,0,0,1,0,0,0,1,1,0
40973115,토레스,토레스,100,2150,88564,1497,5,4,2,1,1,1,1,1,1,1,1,1,1,0,0,0,1,0,0,0,1,0,0,0,0,1,0,0,0,1,1,0
40973652,렉스턴,올 뉴 렉스턴,35,3410,45245,2157,5,5,0,0,1,1,1,1,1,1,1,1,1,0,0,0,1,0,0,0,0,0,1,0,0,0,1,0,0,1,1,0
40973742,렉스턴,더 뉴 렉스턴 스포츠 칸,35,2430,89021,2157,5,4,1,0,1,1,1,1,1,1,1,1,1,0,0,0,1,0,0,0,0,0,1,0,0,0,0,0,1,1,1,0
40976182,토레스,토레스,100,1999,37709,1497,5,4,15,0,1,1,1,1,1,1,1,1,1,0,0,0,1,0,0,0,1,0,0,0,0,0,0,0,1,1,1,0
40976858,토레스,토레스,100,2199,21435,1497,5,4,2,1,1,1,1,1,1,1,1,1,1,0,0,0,1,0,0,0,1,0,0,0,0,1,0,0,0,1,1,0
40977119,토레스,토레스,100,2390,17768,1497,5,4,1,0,1,1,1,1,1,1,1,1,1,0,0,0,1,0,0,0,1,0,0,0,0,0,0,0,1,1,1,0
40977281,코란도,뷰티풀 코란도,92,2280,36506,1497,5,4,1,1,1,1,1,1,1,1,1,1,1,0,0,0,1,0,0,0,1,0,0,0,0,1,0,0,0,1,1,0
40977717,렉스턴,렉스턴 스포츠,35,1830,67076,2157,5,8,2,1,1,1,1,1,1,1,1,1,1,0,0,0,1,0,0,0,0,0,1,0,0,0,0,1,0,1,1,0
40978377,렉스턴,더 뉴 렉스턴 스포츠 칸,35,1940,96000,2157,5,5,0,0,1,1,1,1,1,1,1,1,1,0,0,0,1,0,0,0,0,0,1,0,0,0,0,0,1,1,1,0
40978720,렉스턴,더 뉴 렉스턴 스포츠,35,2520,25015,2157,5,5,0,0,1,1,1,1,1,1,1,1,1,0,0,0,1,0,0,0,0,0,1,0,0,1,0,0,0,1,1,0
40983835,렉스턴,G4 렉스턴,35,9999,127425,2157,5,9,10,0,1,1,1,1,1,1,1,1,1,0,0,0,1,0,0,0,0,0,1,0,0,0,1,0,0,1,1,0
40984350,렉스턴,렉스턴 스포츠 칸,35,2290,25716,2157,5,6,1,0,1,1,1,0,1,1,1,1,1,0,0,0,1,0,0,0,0,0,1,0,0,0,0,1,0,1,1,0
40985731,토레스,토레스,100,2199,34087,1497,5,3,18,0,1,1,1,1,1,1,1,1,1,0,0,0,1,0,0,0,1,0,0,0,0,1,0,0,0,1,1,0
40986811,토레스,토레스,100,9999,49936,1497,5,3,0,1,1,1,1,1,1,1,1,1,1,0,0,0,1,0,0,0,1,0,0,0,0,1,0,0,0,1,1,0
40989743,토레스,토레스,100,2330,47788,1497,5,4,2,0,1,1,1,1,1,1,1,1,1,0,0,0,1,0,0,0,1,0,0,0,0,0,0,1,0,1,1,0
40991320,토레스,토레스,100,2270,17807,1497,5,4,7,0,1,1,1,1,1,1,1,1,1,0,0,0,1,0,0,0,1,0,0,0,0,1,0,0,0,1,1,0
40992950,렉스턴,올 뉴 렉스턴,35,3200,53492,2157,5,4,0,0,1,1,1,1,1,1,1,1,1,0,0,0,1,0,0,0,0,0,1,0,0,0,1,0,0,1,1,0
40994077,토레스,더 뉴 토레스,100,2695,21533,1497,5,2,0,0,1,1,1,1,1,1,1,1,1,0,0,0,1,0,0,0,1,0,0,0,0,1,0,0,0,1,1,0
40994309,코란도,뷰티풀 코란도,92,2050,34281,1497,5,4,0,0,1,1,1,1,1,1,1,1,1,0,0,0,1,0,0,0,1,0,0,0,0,1,0,0,0,1,1,0
40994782,토레스,토레스,100,2330,46919,1497,5,4,1,0,1,1,1,1,1,1,1,1,1,0,0,0,1,0,0,0,1,0,0,0,0,0,0,0,1,1,1,0
40996681,렉스턴,올 뉴 렉스턴,35,3000,51344,2157,5,4,0,1,1,1,1,1,1,1,1,1,1,0,0,0,1,0,0,0,0,0,1,0,0,0,1,0,0,1,1,0
41000604,렉스턴,올 뉴 렉스턴,35,2699,71124,2157,5,5,4,0,1,1,1,1,1,1,1,1,1,0,0,0,1,0,0,0,0,0,1,0,0,1,0,0,0,1,1,0
41003988,코란도,뷰티풀 코란도,92,1830,37230,1497,5,5,2,0,0,1,1,1,1,1,1,1,1,0,0,0,1,0,0,0,1,0,0,0,0,1,0,0,0,1,1,0
41005312,토레스,토레스,100,2390,50681,1497,5,3,0,1,1,1,1,1,1,1,1,1,1,0,0,0,1,0,0,0,1,0,0,0,0,1,0,0,0,1,1,0
41005511,렉스턴,더 뉴 렉스턴 스포츠,35,2670,54850,2157,5,2,0,0,1,1,1,1,1,1,1,1,1,0,0,0,1,0,0,0,0,0,1,0,0,0,0,0,1,1,1,0
41005755,렉스턴,렉스턴 스포츠,35,1790,138037,2157,5,8,0,0,1,1,1,1,1,1,1,0,1,0,0,0,1,0,0,0,0,0,1,0,0,1,0,0,0,1,1,0
41005848,렉스턴,올 뉴 렉스턴,35,2850,49655,2157,5,6,0,0,1,1,1,1,1,1,1,1,1,0,0,0,1,0,0,0,0,0,1,0,0,0,0,1,0,1,1,0
41007886,토레스,토레스,100,1799,29916,1497,5,3,7,0,1,1,1,1,1,1,1,1,1,0,0,0,1,0,0,0,1,0,0,0,0,0,0,1,0,1,1,0
41014991,렉스턴,더 뉴 렉스턴 스포츠 칸,35,2850,43077,2157,5,3,2,0,1,1,1,1,1,1,1,1,1,0,0,0,1,0,0,0,0,0,1,0,0,0,0,0,1,1,1,0
41017051,렉스턴,렉스턴 뉴 아레나,35,3570,19553,2157,7,2,0,0,1,1,1,1,1,1,1,1,1,0,0,0,1,0,0,0,0,0,1,0,0,1,0,0,0,1,1,0
41021407,렉스턴,올 뉴 렉스턴,35,2890,83854,2157,5,5,9,0,1,1,1,1,1,1,1,1,1,0,0,0,1,0,0,0,0,0,1,0,0,0,1,0,0,1,1,0
41025900,토레스,토레스,100,2380,24900,1497,5,4,0,0,1,1,1,1,1,1,1,1,1,0,0,0,1,0,0,0,1,0,0,0,0,1,0,0,0,1,1,0
41029943,코란도,뷰티풀 코란도,92,2140,32657,1497,5,4,1,0,1,1,1,1,1,1,1,1,1,0,0,0,1,0,0,0,1,0,0,0,0,0,0,1,0,1,1,0
41031806,렉스턴,더 뉴 렉스턴 스포츠,35,2300,46590,2157,5,4,0,0,1,1,1,1,1,1,1,1,1,0,0,0,1,0,0,0,0,0,1,0,0,0,0,0,1,1,1,0
41032086,렉스턴,렉스턴 스포츠 칸,35,2600,77782,2157,5,5,6,0,1,1,1,0,1,1,1,1,1,0,0,0,1,0,0,0,0,0,1,0,0,0,0,1,0,1,1,0
41032108,토레스,토레스,100,2380,20234,1497,5,4,0,0,1,1,1,1,1,1,1,1,1,0,0,0,1,0,0,0,1,0,0,0,0,1,0,0,0,1,1,0
41032817,토레스,토레스,100,1890,91733,1497,5,4,4,1,1,1,1,1,1,1,1,1,1,0,0,0,1,0,0,0,1,0,0,0,0,0,1,0,0,1,1,0
41036830,렉스턴,더 뉴 렉스턴 스포츠,35,2250,78640,2157,5,3,0,0,1,1,1,1,1,1,1,1,1,0,0,0,1,0,0,0,0,0,1,0,0,1,0,0,0,1,1,0
41039588,코란도,뷰티풀 코란도,92,1950,26442,1497,5,2,0,0,1,1,1,1,1,1,1,1,1,0,0,0,1,0,0,0,1,0,0,0,0,0,0,1,0,1,1,0
41040290,코란도,뷰티풀 코란도,92,1900,48719,1497,5,5,1,0,1,1,1,1,1,1,1,1,1,0,0,0,1,0,0,0,1,0,0,0,0,1,0,0,0,1,1,0
41040608,렉스턴,더 뉴 렉스턴 스포츠 칸,35,2590,36550,2157,5,4,2,0,1,1,1,1,1,1,1,1,1,0,0,0,1,0,0,0,0,0,1,0,0,0,0,1,0,1,1,0
41041077,렉스턴,더 뉴 렉스턴 스포츠 칸,35,3350,27588,2157,5,2,2,0,1,1,1,1,1,1,1,1,1,0,0,0,1,0,0,0,0,0,1,0,0,0,0,1,0,1,1,0
41044127,토레스,토레스,100,2150,42413,1497,5,4,0,0,1,1,1,1,1,1,1,1,1,0,0,0,1,0,0,0,1,0,0,0,0,0,1,0,0,1,1,0
41045033,렉스턴,렉스턴 스포츠 칸,35,1750,93469,2157,5,7,1,0,1,1,1,1,1,1,1,1,1,0,0,0,1,0,0,0,0,0,1,0,0,0,0,1,0,1,1,0
41045823,렉스턴,더 뉴 렉스턴 스포츠 칸,35,2580,43641,2157,5,3,1,0,1,1,1,1,1,1,1,1,1,0,0,0,1,0,0,0,0,0,1,0,0,0,0,1,0,1,1,0
41046160,토레스,토레스,100,2050,68792,1497,5,4,0,0,1,1,1,1,1,1,1,0,1,0,0,0,1,0,0,0,1,0,0,0,0,1,0,0,0,1,1,0
41047797,렉스턴,더 뉴 렉스턴 스포츠 칸,35,2549,52820,2157,5,5,1,0,1,1,1,1,1,1,1,1,1,0,0,0,1,0,0,0,0,0,1,0,0,0,0,0,1,1,1,0
41048177,토레스,토레스,100,2330,37545,1497,5,3,0,0,1,1,1,1,1,1,1,1,1,0,0,0,1,0,0,0,1,0,0,0,0,0,0,0,1,1,1,0
41048187,렉스턴,올 뉴 렉스턴,35,3390,59488,2157,5,4,1,0,1,1,1,1,1,1,1,1,1,0,0,0,1,0,0,0,0,0,1,0,0,1,0,0,0,1,1,0
41048781,토레스,토레스,100,2350,39107,1497,5,4,0,0,1,1,1,1,1,1,1,1,1,0,0,0,1,0,0,0,1,0,0,0,0,0,0,1,0,1,1,0
41049180,토레스,토레스,100,2420,38230,1497,5,3,0,0,1,1,1,1,1,1,1,1,1,0,0,0,1,0,0,0,1,0,0,0,0,0,0,1,0,1,1,0
41053217,렉스턴,더 뉴 렉스턴 스포츠,35,2180,45517,2157,5,4,0,0,1,1,1,1,1,0,1,1,1,0,0,0,1,0,0,0,0,0,1,0,0,0,0,0,1,1,1,0
41058538,코란도,코란도 스포츠,92,9999,113296,1998,5,11,2,0,0,1,0,0,0,0,1,0,1,0,0,0,1,0,0,0,0,0,1,0,0,0,0,0,1,1,1,0
41058669,토레스,토레스,100,2450,8308,1497,5,3,0,0,1,1,1,1,1,1,1,1,1,0,0,0,1,0,0,0,1,0,0,0,0,0,0,0,1,1,1,0
41064720,렉스턴,올 뉴 렉스턴,35,3190,102318,2157,5,4,2,1,1,1,1,1,1,1,1,1,1,0,0,0,1,0,0,0,0,0,1,0,0,1,0,0,0,1,1,0
41065405,토레스,토레스,100,2460,34629,1497,5,3,1,0,1,1,1,1,1,1,1,1,1,0,0,0,1,0,0,0,1,0,0,0,0,1,0,0,0,1,1,0
41066394,렉스턴,더 뉴 렉스턴 스포츠,35,2350,59895,2157,5,5,2,0,1,1,1,1,1,1,1,1,1,0,0,0,1,0,0,0,0,0,1,0,0,0,0,1,0,1,1,0
41067043,토레스,토레스,100,2699,30994,1497,5,4,1,0,1,1,1,1,1,1,1,1,1,0,0,0,1,0,0,0,1,0,0,0,0,1,0,0,0,1,1,0
41067177,토레스,토레스,100,2599,2712,1497,5,3,0,0,1,1,1,1,1,1,1,1,1,0,0,0,1,0,0,0,1,0,0,0,0,1,0,0,0,1,1,0
41074078,렉스턴,더 뉴 렉스턴 스포츠,35,2790,54125,2157,5,3,2,0,0,0,0,0,0,0,0,0,0,0,0,0,1,0,0,0,0,0,1,0,0,1,0,0,0,1,1,0
41074555,토레스,토레스,100,2490,46416,1497,5,4,0,0,1,1,1,1,1,1,1,1,1,0,0,0,1,0,0,0,1,0,0,0,0,0,0,1,0,1,1,0
41083965,렉스턴,더 뉴 렉스턴 스포츠,35,2220,58899,2157,5,4,8,0,1,1,1,1,1,0,1,1,1,0,0,0,1,0,0,0,0,0,1,0,0,0,0,0,1,1,1,0
41084997,토레스,토레스,100,2130,63017,1497,5,4,5,0,1,1,1,1,1,1,1,1,1,0,0,0,1,0,0,0,1,0,0,0,0,0,0,1,0,1,1,0
41086504,렉스턴,더 뉴 렉스턴 스포츠 칸,35,2320,80954,2157,5,4,0,0,1,1,1,1,1,1,1,1,1,0,0,0,1,0,0,0,0,0,1,0,0,1,0,0,0,1,1,0
41088860,렉스턴,더 뉴 렉스턴 스포츠,35,3400,14326,2157,5,2,0,0,1,1,1,1,1,1,1,1,1,0,0,0,1,0,0,0,0,0,1,0,0,0,0,1,0,1,1,0
41094637,토레스,토레스,100,2399,47221,1497,5,4,1,0,1,1,1,1,1,1,1,1,1,0,0,0,1,0,0,0,1,0,0,0,0,1,0,0,0,1,1,0
41097408,렉스턴,올 뉴 렉스턴,35,2690,98859,2157,5,4,5,0,1,1,1,1,1,1,1,1,1,0,0,0,1,0,0,0,0,0,1,0,0,1,0,0,0,1,1,0
41098174,토레스,토레스,100,2200,28757,1497,5,4,0,0,1,1,1,1,1,1,1,0,1,0,0,0,1,0,0,0,1,0,0,0,0,0,1,0,0,1,1,0
41099829,렉스턴,더 뉴 렉스턴 스포츠 칸,35,2650,71535,2157,5,5,3,0,1,1,1,1,1,1,1,1,1,0,0,0,1,0,0,0,0,0,1,0,0,0,0,1,0,1,1,0
41100905,렉스턴,더 뉴 렉스턴 스포츠 칸,35,9999,13415,2157,5,1,0,0,1,1,1,1,1,1,1,1,1,0,0,0,1,0,0,0,0,0,1,0,0,0,1,0,0,1,1,0
41101223,토레스,토레스,100,2270,27011,1497,5,4,0,0,1,1,1,1,1,1,1,1,1,0,0,0,1,0,0,0,1,0,0,0,0,0,1,0,0,1,1,0
41101942,토레스,토레스,100,2490,55131,1497,5,4,7,0,1,1,1,1,1,1,1,1,1,0,0,0,1,0,0,0,1,0,0,0,0,0,0,1,0,1,1,0
41106883,렉스턴,더 뉴 렉스턴 스포츠,35,2080,56497,2157,5,5,0,0,1,1,1,1,1,0,1,1,1,0,0,0,1,0,0,0,0,0,1,0,0,0,0,0,1,1,1,0
41107187,토레스,토레스,100,1990,60136,1497,5,4,3,0,1,1,1,1,1,1,1,0,1,0,0,0,1,0,0,0,1,0,0,0,0,1,0,0,0,1,1,0
41108149,렉스턴,더 뉴 렉스턴 스포츠,35,2490,41735,2157,5,3,0,0,1,1,1,1,1,1,1,1,1,0,0,0,1,0,0,0,0,0,1,0,0,1,0,0,0,1,1,0
41111030,토레스,토레스,100,2470,27888,1497,5,3,0,0,1,1,1,1,1,1,1,1,1,0,0,0,1,0,0,0,1,0,0,0,0,0,0,0,1,1,1,0
41111976,코란도,뷰티풀 코란도,92,1700,59369,1497,5,5,0,0,1,1,1,1,1,1,1,1,1,0,0,0,1,0,0,0,1,0,0,0,0,1,0,0,0,1,1,0
41113634,렉스턴,G4 렉스턴,35,2050,51417,2157,7,8,2,0,1,1,1,0,1,1,1,1,1,0,0,0,1,0,0,0,0,0,1,0,0,1,0,0,0,1,1,0
41116546,토레스,토레스,100,2450,21343,1497,5,3,0,0,1,1,1,1,1,1,1,1,1,0,0,0,1,0,0,0,1,0,0,0,0,1,0,0,0,1,1,0
41119288,렉스턴,더 뉴 렉스턴 스포츠 칸,35,3490,5480,2157,5,2,0,0,1,1,1,1,1,1,1,1,1,0,0,0,1,0,0,0,0,0,1,0,0,1,0,0,0,1,1,0
41119794,토레스,토레스,100,1930,33231,1497,5,4,20,0,1,1,1,1,1,1,1,1,1,0,0,0,1,0,0,0,1,0,0,0,0,1,0,0,0,1,1,0
41119837,렉스턴,더 뉴 렉스턴 스포츠 칸,35,2650,16511,2157,5,4,0,0,0,1,1,0,1,0,1,1,1,0,0,0,1,0,0,0,0,0,1,0,0,0,0,1,0,1,1,0
41120795,토레스,토레스,100,2170,66109,1497,5,4,1,0,1,1,1,1,1,1,1,1,1,0,0,0,1,0,0,0,1,0,0,0,0,0,0,1,0,1,1,0
41120796,렉스턴,올 뉴 렉스턴,35,3190,75402,2157,5,6,0,1,1,1,1,1,1,1,1,1,1,0,0,0,1,0,0,0,0,0,1,0,0,0,1,0,0,1,1,0
41121964,토레스,토레스,100,2470,36594,1497,5,3,0,0,1,1,1,1,1,1,1,1,1,0,0,0,1,0,0,0,1,0,0,0,0,0,1,0,0,1,1,0
41123932,토레스,더 뉴 토레스,100,3190,9829,1497,5,2,0,0,1,1,1,1,1,1,1,1,1,0,0,0,1,0,0,0,1,0,0,0,0,1,0,0,0,1,1,0
41129794,토레스,토레스,100,2579,30083,1497,5,3,0,1,1,1,1,1,1,1,1,1,1,0,0,0,1,0,0,0,1,0,0,0,0,0,1,0,0,1,1,0
41131672,렉스턴,올 뉴 렉스턴,35,2920,67448,2157,5,5,2,0,1,1,1,1,1,1,1,1,1,0,0,0,1,0,0,0,0,0,1,0,0,0,1,0,0,1,1,0
41133406,렉스턴,올 뉴 렉스턴,35,2560,95779,2157,5,5,1,0,1,1,1,1,1,1,1,1,1,0,0,0,1,0,0,0,0,0,1,0,0,0,1,0,0,1,1,0
41134312,토레스,토레스,100,2290,33749,1497,5,3,8,0,1,1,1,1,1,1,1,1,1,0,0,0,1,0,0,0,1,0,0,0,0,0,0,1,0,1,1,0
41135270,렉스턴,더 뉴 렉스턴 스포츠,35,2490,38608,2157,5,5,0,0,1,1,1,1,1,1,1,1,1,0,0,0,1,0,0,0,0,0,1,0,0,0,0,0,1,1,1,0
41137121,렉스턴,올 뉴 렉스턴,35,3030,70269,2157,7,6,0,0,1,1,1,1,1,1,1,1,1,0,0,0,1,0,0,0,0,0,1,0,0,0,1,0,0,1,1,0
41137247,토레스,토레스,100,2579,28028,1497,5,2,2,1,1,1,1,1,1,1,1,1,1,0,0,0,1,0,0,0,1,0,0,0,0,0,1,0,0,1,1,0
41139403,토레스,토레스,100,2199,68313,1497,5,3,1,0,1,1,1,1,1,1,1,1,1,0,0,0,1,0,0,0,1,0,0,0,0,1,0,0,0,1,1,0
41141194,렉스턴,더 뉴 렉스턴 스포츠 칸,35,2360,31994,2157,5,4,1,0,0,1,1,0,1,1,1,1,1,0,0,0,1,0,0,0,0,0,1,0,0,0,0,1,0,1,1,0
41144007,렉스턴,올 뉴 렉스턴,35,2650,118110,2157,5,4,0,0,1,1,1,1,1,1,1,1,1,0,0,0,1,0,0,0,0,0,1,0,0,0,0,1,0,1,1,0
41144314,토레스,토레스,100,9999,66796,1497,5,4,1,0,1,1,1,1,1,1,1,1,1,0,0,0,1,0,0,0,1,0,0,0,0,0,1,0,0,1,1,0
41144921,코란도,뷰티풀 코란도,92,1840,37793,1497,5,6,5,0,1,1,1,1,1,1,1,1,1,0,0,0,1,0,0,0,1,0,0,0,0,1,0,0,0,1,1,0
41146731,렉스턴,렉스턴 스포츠,35,1850,89114,2157,5,8,2,0,0,0,0,0,0,0,0,0,0,0,0,0,1,0,0,0,0,0,1,0,0,0,1,0,0,1,1,0
41147460,티볼리,더 뉴 티볼리,105,1929,14928,1497,5,2,0,0,0,1,1,0,1,1,1,0,1,0,0,0,1,0,0,0,1,0,0,0,0,1,0,0,0,1,1,0
41153376,렉스턴,더 뉴 렉스턴 스포츠,35,1890,65375,2157,5,5,3,0,1,1,1,1,1,1,1,1,1,0,0,0,1,0,0,0,0,0,1,0,0,0,0,1,0,1,1,0
41159562,렉스턴,렉스턴 스포츠,35,1750,46926,2157,5,6,9,0,0,1,1,0,1,1,1,0,1,0,0,0,1,0,0,0,0,0,1,0,0,0,0,1,0,1,1,0
41160912,렉스턴,렉스턴 뉴 아레나,35,4690,10106,2157,5,2,2,0,1,1,1,1,1,1,1,1,1,0,0,0,1,0,0,0,0,0,1,0,0,0,1,0,0,1,1,0
41165398,토레스,토레스,100,2190,27577,1497,5,4,4,0,1,1,1,1,1,1,1,1,1,0,0,0,1,0,0,0,1,0,0,0,0,0,0,1,0,1,1,0
41168325,렉스턴,올 뉴 렉스턴,35,2200,107729,2157,5,5,0,0,1,1,1,1,1,1,1,1,1,0,0,0,1,0,0,0,0,0,1,0,0,1,0,0,0,1,1,0
41169696,액티언,액티언 2세대,71,2799,7482,1497,5,2,3,0,1,1,1,1,1,1,1,1,1,0,0,0,1,0,0,0,1,0,0,0,0,1,0,0,0,1,1,0
41171156,토레스,토레스,100,2470,27915,1497,5,3,0,0,1,1,1,1,1,1,1,1,1,0,0,0,1,0,0,0,1,0,0,0,0,0,0,0,1,1,1,0
41171247,토레스,토레스,100,2250,46895,1497,5,4,0,1,1,1,1,1,1,1,1,1,1,0,0,0,1,0,0,0,1,0,0,0,0,0,0,0,1,1,1,0
41175117,렉스턴,더 뉴 렉스턴 스포츠,35,2350,33156,2157,5,5,0,0,1,1,1,1,1,1,1,1,1,0,0,0,1,0,0,0,0,0,1,0,0,1,0,0,0,1,1,0
41177216,토레스,토레스,100,2200,34437,1497,5,3,2,1,1,1,1,1,1,1,1,1,1,0,0,0,1,0,0,0,1,0,0,0,0,1,0,0,0,1,1,0
41183442,렉스턴,더 뉴 렉스턴 스포츠,35,2130,76471,2157,5,5,5,0,1,1,1,1,1,1,1,1,1,0,0,0,1,0,0,0,0,0,1,0,0,0,0,0,1,1,1,0
41186611,렉스턴,렉스턴 스포츠 칸,35,2220,35215,2157,5,6,0,0,1,1,1,0,1,1,1,1,1,0,0,0,1,0,0,0,0,0,1,0,0,0,0,1,0,1,1,0
41192970,액티언,액티언 2세대,71,2950,10130,1497,5,2,0,0,1,1,1,1,1,1,1,1,1,0,0,0,1,0,0,0,1,0,0,0,0,0,1,0,0,1,1,0
41199280,토레스,토레스,100,1890,26831,1497,5,3,14,1,1,1,1,1,1,1,1,1,1,0,0,0,1,0,0,0,1,0,0,0,0,0,0,0,1,1,1,0
41199491,토레스,토레스,100,2280,28407,1497,5,4,2,0,1,1,1,1,1,1,1,1,1,0,0,0,1,0,0,0,1,0,0,0,0,0,0,1,0,1,1,0
41200833,렉스턴,더 뉴 렉스턴 스포츠 칸,35,2590,48746,2157,5,4,0,0,1,1,1,1,1,1,1,1,1,0,0,0,1,0,0,0,0,0,1,0,0,0,0,1,0,1,1,0
41202738,코란도,뷰티풀 코란도,92,1790,32940,1497,5,5,0,0,1,1,1,1,1,1,1,1,1,0,0,0,1,0,0,0,1,0,0,0,0,1,0,0,0,1,1,0
41203113,렉스턴,더 뉴 렉스턴 스포츠 칸,35,2529,53513,2157,5,4,2,0,1,1,1,1,1,1,1,1,1,0,0,0,1,0,0,0,0,0,1,0,0,0,0,0,1,1,1,0
41203659,코란도,뷰티풀 코란도,92,1800,49244,1497,5,4,0,0,1,1,1,1,1,1,1,1,1,0,0,0,1,0,0,0,1,0,0,0,0,1,0,0,0,1,1,0
41203725,토레스,토레스,100,2150,35087,1497,5,4,0,1,1,1,1,1,1,1,1,1,1,0,0,0,1,0,0,0,1,0,0,0,0,0,0,1,0,1,1,0
41206960,렉스턴,올 뉴 렉스턴,35,2299,146653,2157,5,4,0,0,1,1,1,1,1,1,1,1,1,0,0,0,1,0,0,0,0,0,1,0,0,0,1,0,0,1,1,0
41207298,토레스,토레스,100,2350,53112,1497,5,4,0,1,1,1,1,1,1,1,1,1,1,0,0,0,1,0,0,0,1,0,0,0,0,1,0,0,0,1,1,0
41207523,토레스,토레스,100,2220,35523,1497,5,4,3,0,1,1,1,1,1,1,1,1,1,0,0,0,1,0,0,0,1,0,0,0,0,0,1,0,0,1,1,0
41211718,렉스턴,렉스턴 스포츠 칸,35,1780,99498,2157,5,6,4,0,1,1,1,1,1,1,1,1,1,0,0,0,1,0,0,0,0,0,1,0,0,0,0,0,1,1,1,0
41213104,렉스턴,올 뉴 렉스턴,35,2849,96377,2157,5,4,0,0,1,1,1,1,1,1,1,1,1,0,0,0,1,0,0,0,0,0,1,0,0,1,0,0,0,1,1,0
41215155,토레스,토레스,100,2590,18104,1497,5,3,4,0,1,1,1,1,1,1,1,1,1,0,0,0,1,0,0,0,1,0,0,0,0,0,0,0,1,1,1,0
41215604,코란도,뷰티풀 코란도,92,1850,20127,1497,5,5,0,0,0,1,1,1,1,1,1,1,1,0,0,0,1,0,0,0,1,0,0,0,0,0,0,1,0,1,1,0
41215814,토레스,토레스,100,2530,18381,1497,5,3,0,0,1,1,1,1,1,1,1,1,1,0,0,0,1,0,0,0,1,0,0,0,0,1,0,0,0,1,1,0
41217261,렉스턴,더 뉴 렉스턴 스포츠,35,2370,45533,2157,5,5,0,0,1,1,1,1,1,1,1,1,1,0,0,0,1,0,0,0,0,0,1,0,0,0,1,0,0,1,1,0
41217376,토레스,토레스,100,2170,60975,1497,5,4,0,0,1,1,1,1,1,1,1,1,1,0,0,0,1,0,0,0,1,0,0,0,0,1,0,0,0,1,1,0
41217904,렉스턴,렉스턴 스포츠 칸,35,1750,92311,2157,5,7,0,1,1,1,1,1,1,0,1,1,1,0,0,0,1,0,0,0,0,0,1,0,0,1,0,0,0,1,1,0
41218823,렉스턴,더 뉴 렉스턴 스포츠 칸,35,3650,29951,2157,5,2,0,0,1,1,1,1,1,1,1,1,1,0,0,0,1,0,0,0,0,0,1,0,0,1,0,0,0,1,1,0
41219810,토레스,토레스,100,2050,70736,1497,5,4,0,0,1,1,1,1,1,1,1,1,1,0,0,0,1,0,0,0,1,0,0,0,0,0,0,1,0,1,1,0
41235290,코란도,뷰티풀 코란도,92,1790,25386,1497,5,4,6,0,1,1,1,1,1,1,1,1,1,0,0,0,1,0,0,0,1,0,0,0,0,1,0,0,0,1,1,0
41235448,렉스턴,올 뉴 렉스턴,35,3370,56023,2157,5,5,0,0,1,1,1,1,1,1,1,1,1,0,0,0,1,0,0,0,0,0,1,0,0,0,1,0,0,1,1,0
41236188,토레스,토레스,100,2399,42006,1497,5,4,0,1,1,1,1,1,1,1,1,1,1,0,0,0,1,0,0,0,1,0,0,0,0,1,0,0,0,1,1,0
41237504,액티언,액티언 2세대,71,2860,14414,1497,5,1,0,0,1,1,1,1,1,1,1,1,1,0,0,0,1,0,0,0,1,0,0,0,0,1,0,0,0,1,1,0
41238891,토레스,토레스,100,1890,124486,1497,5,3,0,0,1,1,1,1,1,1,1,0,1,0,0,0,1,0,0,1,0,0,0,0,0,0,0,1,0,1,1,0
41240824,렉스턴,렉스턴 스포츠 칸,35,2080,53875,2157,5,6,2,0,1,1,1,1,1,1,1,1,1,0,0,0,1,0,0,0,0,0,1,0,0,0,0,1,0,1,1,0
41241210,렉스턴,더 뉴 렉스턴 스포츠 칸,35,2689,67036,2157,5,4,1,1,1,1,1,1,1,1,1,1,1,0,0,0,1,0,0,0,0,0,1,0,0,0,0,0,1,1,1,0
41241486,토레스,토레스,100,2420,22588,1497,5,4,0,1,1,1,1,1,1,1,1,1,1,0,0,0,1,0,0,0,1,0,0,0,0,1,0,0,0,1,1,0
41242797,토레스,토레스,100,2120,48534,1497,5,4,3,0,1,1,1,1,1,1,1,1,1,0,0,0,1,0,0,0,1,0,0,0,0,0,0,1,0,1,1,0
41250293,렉스턴,올 뉴 렉스턴,35,2950,72596,2157,5,3,0,0,1,1,1,1,1,0,1,1,1,0,0,0,1,0,0,0,0,0,1,0,0,0,1,0,0,1,1,0
41251540,렉스턴,더 뉴 렉스턴 스포츠 칸,35,2299,116836,2157,5,4,0,0,1,1,1,1,1,1,1,1,1,0,0,0,1,0,0,0,0,0,1,0,0,1,0,0,0,1,1,0
41251694,토레스,더 뉴 토레스,100,3090,17311,1497,5,2,0,0,1,1,1,1,1,1,1,1,1,0,0,0,1,0,0,0,1,0,0,0,0,0,0,0,1,1,1,0
41255730,토레스,토레스,100,2590,9571,1497,5,3,1,0,1,1,1,1,1,1,1,1,1,0,0,0,1,0,0,0,1,0,0,0,0,1,0,0,0,1,1,0
41260740,렉스턴,더 뉴 렉스턴 스포츠 칸,35,2420,66794,2157,5,5,0,0,1,1,1,1,1,1,1,1,1,0,0,0,1,0,0,0,0,0,1,0,0,0,0,1,0,1,1,0
41265239,렉스턴,올 뉴 렉스턴,35,2249,127016,2157,5,6,6,0,1,1,1,1,1,1,1,1,1,0,0,0,1,0,0,0,0,0,1,0,0,0,1,0,0,1,1,0
41265295,렉스턴,렉스턴 스포츠,35,1830,65098,2157,5,7,1,0,0,1,1,1,1,1,1,0,1,0,0,0,1,0,0,0,0,0,1,0,0,1,0,0,0,1,1,0
41265360,토레스,토레스,100,2960,3384,1497,5,1,0,0,1,1,1,1,1,1,1,0,1,0,0,0,1,0,0,0,1,0,0,0,0,0,0,0,1,1,1,0
41266856,렉스턴,올 뉴 렉스턴,35,3350,40469,2157,5,6,3,0,1,1,1,1,1,1,1,1,1,0,0,0,1,0,0,0,0,0,1,0,0,0,1,0,0,1,1,0
41267036,티볼리,더 뉴 티볼리,105,1790,26984,1597,5,2,2,0,0,0,0,0,0,0,0,0,0,0,0,0,1,0,0,0,1,0,0,0,0,1,0,0,0,1,1,0
41267668,토레스,토레스,100,2630,48302,1497,5,4,0,0,1,1,1,1,1,1,1,1,1,0,0,0,1,0,0,0,1,0,0,0,0,1,0,0,0,1,1,0
41268490,토레스,토레스,100,2450,36473,1497,5,3,2,0,1,1,1,1,1,1,1,1,1,0,0,0,1,0,0,0,1,0,0,0,0,1,0,0,0,1,1,0
41269376,렉스턴,올 뉴 렉스턴,35,3170,102544,2157,5,4,1,1,1,1,1,1,1,1,1,1,1,0,0,0,1,0,0,0,0,0,1,0,0,1,0,0,0,1,1,0
41269941,티볼리,티볼리 아머,105,9999,50247,1597,5,8,8,1,0,1,1,0,1,1,1,0,1,0,0,0,1,0,0,0,1,0,0,0,0,0,0,0,1,1,1,0
41272902,렉스턴,올 뉴 렉스턴,35,3315,47698,2157,5,4,0,0,1,1,1,1,1,1,1,1,1,0,0,0,1,0,0,0,0,0,1,0,0,1,0,0,0,1,1,0
41273031,렉스턴,더 뉴 렉스턴 스포츠 칸,35,2580,59667,2157,5,4,4,0,1,1,1,1,1,1,1,1,1,0,0,0,1,0,0,0,0,0,1,0,0,0,0,0,1,1,1,0
41276528,렉스턴,올 뉴 렉스턴,35,2950,32427,2157,7,4,14,1,1,1,1,1,1,1,1,1,1,0,0,0,1,0,0,0,0,0,1,0,0,0,0,1,0,1,1,0
41280324,렉스턴,G4 렉스턴,35,1890,80326,2157,5,8,13,1,1,1,1,0,1,1,1,1,1,0,0,0,1,0,0,0,0,0,1,0,0,1,0,0,0,1,1,0
41280362,렉스턴,렉스턴 스포츠 칸,35,1890,49965,2157,5,6,11,0,0,1,1,0,1,1,1,1,1,0,0,0,1,0,0,0,0,0,1,0,0,0,0,1,0,1,1,0
41281420,렉스턴,렉스턴 스포츠,35,1820,57074,2157,5,8,0,0,1,1,1,1,1,1,1,1,1,0,0,0,1,0,0,0,0,0,1,0,0,1,0,0,0,1,1,0
41281581,토레스,토레스,100,1850,49156,1497,5,4,4,0,1,1,1,1,1,1,1,0,1,0,0,0,1,0,0,0,1,0,0,0,0,0,0,1,0,1,1,0
41284446,토레스,토레스 EVX,100,3690,27544,189,5,2,0,1,1,1,1,1,1,1,1,1,1,0,0,0,1,0,0,0,0,0,0,1,0,0,0,1,0,1,1,0
41285455,렉스턴,올 뉴 렉스턴,35,3350,21699,2157,5,3,0,0,1,1,1,1,1,1,1,1,1,0,0,0,1,0,0,0,0,0,1,0,0,1,0,0,0,1,1,0
41285512,코란도,뷰티풀 코란도,92,1890,29092,1497,5,3,1,1,0,1,1,0,0,0,1,0,1,0,0,0,1,0,0,0,1,0,0,0,0,0,0,1,0,1,1,0
41286304,렉스턴,올 뉴 렉스턴,35,3390,29482,2157,5,4,0,0,1,1,1,1,1,1,1,1,1,0,0,0,1,0,0,0,0,0,1,0,0,0,1,0,0,1,1,0
41286775,토레스,토레스,100,2240,78843,1497,5,3,1,0,1,1,1,1,1,1,1,1,1,0,0,0,1,0,0,0,1,0,0,0,0,1,0,0,0,1,1,0
41291061,티볼리,더 뉴 티볼리,105,2170,17501,1497,5,2,1,0,0,1,1,1,1,1,1,1,1,0,0,0,1,0,0,0,1,0,0,0,0,1,0,0,0,1,1,0
41291654,렉스턴,올 뉴 렉스턴,35,2280,119634,2157,5,6,2,0,1,1,1,1,1,1,1,1,1,0,0,0,1,0,0,0,0,0,1,0,0,0,1,0,0,1,1,0
41293399,렉스턴,더 뉴 렉스턴 스포츠 칸,35,2099,121934,2157,5,4,2,0,1,1,1,1,1,1,1,1,1,0,0,0,1,0,0,0,0,0,1,0,0,0,0,0,1,1,1,0
41293600,렉스턴,렉스턴 스포츠 칸,35,2190,55903,2157,5,5,2,0,1,1,1,0,1,1,1,1,1,0,0,0,1,0,0,0,0,0,1,0,0,0,0,1,0,1,1,0
41293862,렉스턴,올 뉴 렉스턴,35,2980,90883,2157,7,5,1,0,1,1,1,1,1,1,1,1,1,0,0,0,1,0,0,0,0,0,1,0,0,0,1,0,0,1,1,0
41294979,토레스,토레스,100,2350,49784,1497,5,4,0,0,1,1,1,1,1,1,1,1,1,0,0,0,1,0,0,0,1,0,0,0,0,1,0,0,0,1,1,0
41297039,렉스턴,더 뉴 렉스턴 스포츠 칸,35,2850,13111,2157,5,4,0,0,1,1,1,1,1,1,1,1,1,0,0,0,1,0,0,0,0,0,1,0,0,0,1,0,0,1,1,0
41297733,렉스턴,더 뉴 렉스턴 스포츠 칸,35,2800,31344,2157,5,4,1,0,1,1,1,1,1,1,1,1,1,0,0,0,1,0,0,0,0,0,1,0,0,0,0,0,1,1,1,0
41298754,코란도,뷰티풀 코란도,92,1880,52598,1497,5,5,2,0,0,1,1,1,1,1,1,1,1,0,0,0,1,0,0,0,1,0,0,0,0,1,0,0,0,1,1,0
41298873,렉스턴,렉스턴 스포츠,35,1720,82916,2157,5,6,3,0,1,1,1,0,1,1,1,0,1,0,0,0,1,0,0,0,0,0,1,0,0,0,1,0,0,1,1,0
41300579,토레스,토레스 EVX,100,2670,9825,189,5,2,16,0,1,1,1,1,1,1,1,1,1,0,0,0,1,0,0,0,0,0,0,1,0,1,0,0,0,1,1,0
41302686,렉스턴,더 뉴 렉스턴 스포츠,35,1899,142118,2157,5,5,1,0,1,1,1,1,1,0,1,1,1,0,0,0,1,0,0,0,0,0,1,0,0,0,0,0,1,1,1,0
41304455,코란도,뷰티풀 코란도,92,1990,35533,1497,5,5,2,1,1,1,1,1,1,1,1,1,1,0,0,0,1,0,0,0,1,0,0,0,0,0,1,0,0,1,1,0
41304605,토레스,토레스,100,2650,12743,1497,5,4,0,0,1,1,1,1,1,1,1,1,1,0,0,0,1,0,0,0,1,0,0,0,0,0,0,1,0,1,1,0
41304638,토레스,토레스,100,2590,39480,1497,5,4,0,1,1,1,1,1,1,1,1,1,1,0,0,0,1,0,0,0,1,0,0,0,0,1,0,0,0,1,1,0
41304662,토레스,토레스,100,2500,43257,1497,5,4,0,0,1,1,1,1,1,1,1,1,1,0,0,0,1,0,0,0,1,0,0,0,0,0,0,1,0,1,1,0
41306306,코란도,뷰티풀 코란도,92,2150,18770,1497,5,4,4,0,1,1,1,1,1,1,1,1,1,0,0,0,1,0,0,0,1,0,0,0,0,1,0,0,0,1,1,0
41308082,렉스턴,올 뉴 렉스턴,35,2890,103215,2157,5,4,0,1,1,1,1,1,1,1,1,1,1,0,0,0,1,0,0,0,0,0,1,0,0,0,1,0,0,1,1,0
41311371,렉스턴,렉스턴 스포츠,35,1790,84450,2157,5,8,0,1,1,1,1,1,1,1,1,1,1,0,0,0,1,0,0,0,0,0,1,0,0,0,1,0,0,1,1,0
41312081,토레스,토레스,100,2590,22493,1497,5,4,0,0,1,1,1,1,1,1,1,1,1,0,0,0,1,0,0,0,1,0,0,0,0,0,1,0,0,1,1,0
41313513,코란도,뷰티풀 코란도,92,1800,60724,1497,5,5,7,0,1,1,1,1,1,1,1,1,1,0,0,0,1,0,0,0,1,0,0,0,0,0,0,1,0,1,1,0
41315466,토레스,토레스,100,2500,26422,1497,5,2,1,0,1,1,1,1,1,1,1,1,1,0,0,0,1,0,0,0,1,0,0,0,0,0,0,1,0,1,1,0
41315692,토레스,토레스,100,2200,27910,1497,5,4,0,0,1,1,1,1,1,1,1,0,1,0,0,0,1,0,0,0,1,0,0,0,0,1,0,0,0,1,1,0
41316257,토레스,토레스,100,2250,30108,1497,5,4,0,1,1,1,1,1,1,1,1,0,1,0,0,0,1,0,0,0,1,0,0,0,0,1,0,0,0,1,1,0
41317868,토레스,토레스,100,2490,38369,1497,5,4,0,0,1,1,1,1,1,1,1,1,1,0,0,0,1,0,0,0,1,0,0,0,0,0,1,0,0,1,1,0
41320360,렉스턴,더 뉴 렉스턴 스포츠 칸,35,2090,97000,2157,5,5,2,0,1,1,1,1,1,0,1,1,1,0,0,0,1,0,0,0,0,0,1,0,0,0,0,1,0,1,1,0
41322304,토레스,토레스,100,2449,7887,1497,5,4,0,0,1,1,1,1,1,1,1,1,1,0,0,0,1,0,0,0,1,0,0,0,0,1,0,0,0,1,1,0
41322940,렉스턴,더 뉴 렉스턴 스포츠,35,1790,86555,2157,5,5,4,0,1,1,1,1,1,1,1,1,1,0,0,0,1,0,0,0,0,0,1,0,0,0,0,1,0,1,1,0
41323554,렉스턴,더 뉴 렉스턴 스포츠 칸,35,3230,32187,2157,5,2,2,1,1,1,1,1,1,1,1,1,1,0,0,0,1,0,0,0,0,0,1,0,0,1,0,0,0,1,1,0
41326912,토레스,토레스,100,2270,30785,1497,5,4,2,0,1,1,1,1,1,1,1,1,1,0,0,0,1,0,0,0,1,0,0,0,0,0,0,1,0,1,1,0
41327886,코란도,뷰티풀 코란도,92,1870,19352,1497,5,6,0,0,0,1,1,1,1,1,1,1,1,0,0,0,1,0,0,0,1,0,0,0,0,1,0,0,0,1,1,0
41328398,코란도,뷰티풀 코란도,92,1700,41169,1497,5,6,1,0,0,1,1,0,1,1,1,0,1,0,0,0,1,0,0,0,1,0,0,0,0,1,0,0,0,1,1,0
41331087,렉스턴,더 뉴 렉스턴 스포츠,35,2690,26743,2157,5,3,0,0,1,1,0,1,1,1,1,1,1,0,0,0,1,0,0,0,0,0,1,0,0,0,1,0,0,1,1,0
41332084,렉스턴,더 뉴 렉스턴 스포츠,35,2490,67269,2157,5,3,4,0,1,1,1,1,1,1,1,1,1,0,0,0,1,0,0,0,0,0,1,0,0,0,0,1,0,1,1,0
41335721,코란도,뷰티풀 코란도,92,2400,4416,1497,5,2,0,0,1,1,1,1,1,1,1,1,1,0,0,0,1,0,0,0,1,0,0,0,0,1,0,0,0,1,1,0
41335805,토레스,토레스,100,1890,61140,1497,5,4,1,0,1,1,1,1,1,1,1,0,1,0,0,0,1,0,0,0,1,0,0,0,0,1,0,0,0,1,1,0
41336838,렉스턴,더 뉴 렉스턴 스포츠 칸,35,2950,28063,2157,5,4,2,0,1,1,1,1,1,1,1,1,1,0,0,0,1,0,0,0,0,0,1,0,0,0,0,0,1,1,1,0
41339366,토레스,토레스,100,2299,33445,1497,5,4,3,0,1,1,1,1,1,1,1,1,1,0,0,0,1,0,0,0,1,0,0,0,0,1,0,0,0,1,1,0
41339401,토레스,토레스,100,2420,38879,1497,5,3,1,0,1,1,1,1,1,1,1,1,1,0,0,0,1,0,0,0,1,0,0,0,0,1,0,0,0,1,1,0
41342072,토레스,토레스,100,2050,35758,1497,5,4,0,0,1,1,1,1,1,1,1,0,1,0,0,0,1,0,0,0,1,0,0,0,0,1,0,0,0,1,1,0
41342242,티볼리,더 뉴 티볼리,105,2260,3592,1497,5,2,0,0,0,1,1,1,1,1,1,1,1,0,0,0,1,0,0,0,1,0,0,0,0,1,0,0,0,1,1,0
41345084,렉스턴,더 뉴 렉스턴 스포츠,35,2660,39022,2157,5,3,0,0,1,1,1,1,1,1,1,1,1,0,0,0,1,0,0,0,0,0,1,0,0,1,0,0,0,1,1,0
41347668,렉스턴,더 뉴 렉스턴 스포츠 칸,35,2650,53074,2157,5,4,0,0,1,1,1,1,1,1,1,1,1,0,0,0,1,0,0,0,0,0,1,0,0,0,1,0,0,1,1,0
41347963,토레스,토레스,100,2080,16237,1497,2,2,0,0,1,1,1,1,1,1,1,1,1,0,0,0,1,0,0,0,1,0,0,0,0,0,0,1,0,1,1,0
41348672,렉스턴,올 뉴 렉스턴,35,2740,85906,2157,5,5,1,0,1,1,1,1,1,1,1,1,1,0,0,0,1,0,0,0,0,0,1,0,0,0,1,0,0,1,1,0
41349589,액티언,액티언 2세대,71,2810,16055,1497,5,2,0,0,1,1,1,1,1,1,1,1,1,0,0,0,1,0,0,0,1,0,0,0,0,0,1,0,0,1,1,0
41351282,렉스턴,렉스턴 스포츠 칸,35,2150,65835,2157,5,6,2,0,0,0,0,0,0,0,0,0,0,0,0,0,1,0,0,0,0,0,1,0,0,0,1,0,0,1,1,0
41352335,토레스,토레스,100,2490,49393,1497,5,2,6,0,1,1,1,1,1,1,1,1,1,0,0,0,1,0,0,0,1,0,0,0,0,1,0,0,0,1,1,0
41353509,코란도,뷰티풀 코란도,92,1730,41858,1597,5,6,3,0,0,1,1,1,1,1,1,1,1,0,0,0,1,0,0,0,0,0,1,0,0,0,0,1,0,1,1,0
41354191,렉스턴,더 뉴 렉스턴 스포츠 칸,35,2770,71892,2157,5,5,0,0,1,1,1,1,1,1,1,1,1,0,0,0,1,0,0,0,0,0,1,0,0,0,0,0,1,1,1,0
41356651,토레스,토레스,100,2799,33900,1497,5,3,2,1,1,1,1,1,1,1,1,1,1,0,0,0,1,0,0,0,0,1,0,0,0,0,1,0,0,1,1,0
41361512,렉스턴,렉스턴 뉴 아레나,35,3390,41506,2157,5,3,1,0,1,1,1,1,1,1,1,1,1,0,0,0,1,0,0,0,0,0,1,0,0,0,1,0,0,1,1,0
41363474,렉스턴,더 뉴 렉스턴 스포츠 칸,35,2250,88862,2157,5,5,0,0,1,1,1,1,1,0,1,1,1,0,0,0,1,0,0,0,0,0,1,0,0,0,1,0,0,1,1,0
41364171,렉스턴,더 뉴 렉스턴 스포츠,35,3080,53298,2157,5,2,0,1,1,1,1,1,1,1,1,1,1,0,0,0,1,0,0,0,0,0,1,0,0,1,0,0,0,1,1,0
41365069,토레스,토레스,100,1960,83896,1497,5,4,1,0,1,1,1,1,1,1,1,1,1,0,0,0,1,0,0,0,1,0,0,0,0,1,0,0,0,1,1,0
41367754,렉스턴,더 뉴 렉스턴 스포츠 칸,35,2399,32199,2157,5,4,1,0,0,1,1,0,1,0,1,0,1,0,0,0,1,0,0,0,0,0,1,0,0,0,1,0,0,1,1,0
41371078,토레스,토레스,100,1949,58843,1497,5,4,0,0,1,1,1,1,1,1,1,0,1,0,0,0,1,0,0,0,1,0,0,0,0,0,0,1,0,1,1,0
41372452,렉스턴,렉스턴 스포츠 칸,35,9999,56620,2157,5,7,2,0,0,0,0,0,0,0,0,0,0,0,0,0,1,0,0,0,0,0,1,0,0,0,0,0,1,1,1,0
41372817,토레스,더 뉴 토레스,100,2750,3734,1497,5,2,0,0,1,1,1,1,1,1,1,1,1,0,0,0,1,0,0,0,1,0,0,0,0,0,1,0,0,1,1,0
41375262,코란도,뷰티풀 코란도,92,1750,74493,1497,5,6,10,0,0,1,1,1,1,1,1,1,1,0,0,0,1,0,0,0,1,0,0,0,0,1,0,0,0,1,1,0
41376693,렉스턴,올 뉴 렉스턴,35,3290,62783,2157,7,4,3,1,1,1,1,1,1,1,1,1,1,0,0,0,1,0,0,0,0,0,1,0,0,0,1,0,0,1,1,0
41377214,토레스,토레스,100,2390,56303,1497,5,3,0,0,1,1,1,1,1,1,1,1,1,0,0,0,1,0,0,0,1,0,0,0,0,1,0,0,0,1,1,0
41383076,렉스턴,올 뉴 렉스턴,35,2480,81341,2157,5,4,0,0,1,1,1,1,1,1,1,1,1,0,0,0,1,0,0,0,0,0,1,0,0,1,0,0,0,1,1,0
41384318,액티언,액티언 2세대,71,3900,10,1498,5,0,0,1,1,1,1,1,1,1,1,1,1,0,0,0,1,0,0,0,0,1,0,0,0,0,1,0,0,1,1,0
41385134,렉스턴,더 뉴 렉스턴 스포츠 칸,35,2750,68027,2157,5,3,0,0,1,1,1,1,1,1,1,1,1,0,0,0,1,0,0,0,0,0,1,0,0,0,0,0,1,1,1,0
41388752,렉스턴,올 뉴 렉스턴,35,3245,70413,2157,5,6,2,1,1,1,1,1,1,1,1,1,1,0,0,0,1,0,0,0,0,0,1,0,0,0,1,0,0,1,1,0
41392604,코란도,뷰티풀 코란도,92,1999,14026,1497,5,4,1,0,1,1,1,1,1,1,1,1,1,0,0,0,1,0,0,0,1,0,0,0,0,1,0,0,0,1,1,0
41405724,렉스턴,더 뉴 렉스턴 스포츠,35,2600,10741,2157,5,2,0,0,1,1,1,0,1,0,1,0,1,0,0,0,1,0,0,0,0,0,1,0,0,1,0,0,0,1,1,0
41409850,액티언,액티언 2세대,71,3070,6057,1497,5,1,0,0,1,1,1,1,1,1,1,1,1,0,0,0,1,0,0,0,1,0,0,0,0,1,0,0,0,1,1,0
41412015,렉스턴,더 뉴 렉스턴 스포츠,35,2209,57139,2157,5,4,0,0,1,1,1,1,1,1,1,1,1,0,0,0,1,0,0,0,0,0,1,0,0,0,0,1,0,1,1,0
41413756,렉스턴,G4 렉스턴,35,1790,78047,2157,5,9,4,0,1,1,1,1,1,1,1,1,1,0,0,0,1,0,0,0,0,0,1,0,0,1,0,0,0,1,1,0
41417379,코란도,뷰티풀 코란도,92,9999,64218,1497,5,7,0,0,1,1,1,1,1,1,1,1,1,0,0,0,1,0,0,0,1,0,0,0,0,0,0,1,0,1,1,0
41425076,렉스턴,렉스턴 뉴 아레나,35,4890,10736,2157,5,2,0,1,1,1,1,1,1,1,1,1,1,0,0,0,1,0,0,0,0,0,1,0,0,0,1,0,0,1,1,0
41425493,토레스,토레스,100,2350,30864,1497,5,3,2,0,1,1,1,1,1,1,1,1,1,0,0,0,1,0,0,0,0,1,0,0,0,1,0,0,0,1,1,0
41426685,티볼리,더 뉴 티볼리,105,1990,8824,1597,5,2,0,0,0,1,1,0,1,1,1,1,1,0,0,0,1,0,0,0,1,0,0,0,0,1,0,0,0,1,1,0
41428502,렉스턴,G4 렉스턴,35,2350,57856,2157,7,6,1,0,1,1,1,0,1,1,1,1,1,0,0,0,1,0,0,0,0,0,1,0,0,1,0,0,0,1,1,0
41428752,토레스,토레스,100,2480,38570,1497,5,3,0,0,1,1,1,1,1,1,1,1,1,0,0,0,1,0,0,0,1,0,0,0,0,1,0,0,0,1,1,0
41429397,렉스턴,더 뉴 렉스턴 스포츠 칸,35,2430,51551,2157,5,4,0,0,1,1,1,1,1,1,1,1,1,0,0,0,1,0,0,0,0,0,1,0,0,1,0,0,0,1,1,0
41430697,렉스턴,올 뉴 렉스턴,35,2939,37940,2157,7,5,2,0,1,1,1,1,1,1,1,1,1,0,0,0,1,0,0,0,0,0,1,0,0,0,0,1,0,1,1,0
41434065,렉스턴,올 뉴 렉스턴,35,2950,98668,2157,7,5,2,0,1,1,1,1,1,1,1,1,1,0,0,0,1,0,0,0,0,0,1,0,0,0,1,0,0,1,1,0
41437358,렉스턴,더 뉴 렉스턴 스포츠 칸,35,3600,9664,2157,5,2,0,0,1,1,1,1,1,1,1,1,1,0,0,0,1,0,0,0,0,0,1,0,0,1,0,0,0,1,1,0
41437766,렉스턴,더 뉴 렉스턴 스포츠,35,3190,37932,2157,5,2,1,0,1,1,1,1,1,1,1,1,1,0,0,0,1,0,0,0,0,0,1,0,0,1,0,0,0,1,1,0
41442944,코란도,뷰티풀 코란도,92,1730,34807,1497,5,6,0,0,0,1,1,1,1,1,1,1,1,0,0,0,1,0,0,0,1,0,0,0,0,1,0,0,0,1,1,0
41443624,렉스턴,G4 렉스턴,35,1850,55800,2157,5,7,3,0,1,1,1,0,1,1,1,1,1,0,0,0,1,0,0,0,0,0,1,0,0,1,0,0,0,1,1,0
41445855,렉스턴,더 뉴 렉스턴 스포츠,35,2249,35409,2157,5,3,2,0,0,1,1,1,1,1,1,1,1,0,0,0,1,0,0,0,0,0,1,0,0,1,0,0,0,1,1,0
41446869,렉스턴,더 뉴 렉스턴 스포츠 칸,35,2222,49312,2157,5,2,2,0,0,0,0,0,0,0,0,0,0,0,0,0,1,0,0,0,0,0,1,0,0,0,1,0,0,1,1,0
41447622,렉스턴,더 뉴 렉스턴 스포츠,35,2590,14892,2157,5,4,5,0,1,1,1,1,1,1,1,1,1,0,0,0,1,0,0,0,0,0,1,0,0,0,0,1,0,1,1,0
41447746,렉스턴,더 뉴 렉스턴 스포츠 칸,35,2340,93040,2157,5,3,5,0,1,1,1,1,1,1,1,1,1,0,0,0,1,0,0,0,0,0,1,0,0,0,0,0,1,1,1,0
41447982,토레스,토레스,100,2550,15365,1497,5,3,1,0,1,1,1,1,1,1,1,1,1,0,0,0,1,0,0,0,1,0,0,0,0,1,0,0,0,1,1,0
41448139,렉스턴,G4 렉스턴,35,2170,27656,2157,5,8,0,0,1,1,1,1,1,1,1,1,1,0,0,0,1,0,0,0,0,0,1,0,0,1,0,0,0,1,1,0
41448378,토레스,토레스,100,2590,9870,1497,5,4,0,0,1,1,1,1,1,1,1,1,1,0,0,0,1,0,0,0,1,0,0,0,0,1,0,0,0,1,1,0
41449039,렉스턴,더 뉴 렉스턴 스포츠 칸,35,2799,34604,2157,5,4,0,0,1,1,1,1,1,1,1,1,1,0,0,0,1,0,0,0,0,0,1,0,0,1,0,0,0,1,1,0
41449963,렉스턴,올 뉴 렉스턴,35,2790,55999,2157,7,5,1,1,1,1,1,1,1,1,1,1,1,0,0,0,1,0,0,0,0,0,1,0,0,0,0,0,1,1,1,0
41452367,코란도,뷰티풀 코란도,92,1980,87073,1497,5,4,0,1,1,1,1,1,1,1,1,1,1,0,0,0,1,0,0,0,1,0,0,0,0,1,0,0,0,1,1,0
41452465,코란도,뷰티풀 코란도,92,1930,38198,1497,5,6,0,0,0,1,1,1,1,1,1,1,1,0,0,0,1,0,0,0,1,0,0,0,0,0,0,1,0,1,1,0
41452944,렉스턴,더 뉴 렉스턴 스포츠,35,2099,40294,2157,5,3,6,0,1,1,1,1,1,1,1,1,1,0,0,0,1,0,0,0,0,0,1,0,0,0,0,1,0,1,1,0
41454127,렉스턴,올 뉴 렉스턴,35,2599,151366,2157,5,4,1,0,1,1,1,1,1,1,1,1,1,0,0,0,1,0,0,0,0,0,1,0,0,1,0,0,0,1,1,0
41455277,렉스턴,올 뉴 렉스턴,35,2990,98889,2157,5,4,4,1,1,1,1,1,1,1,1,1,1,0,0,0,1,0,0,0,0,0,1,0,0,0,1,0,0,1,1,0
41459477,렉스턴,올 뉴 렉스턴,35,3550,39268,2157,7,4,0,0,1,1,1,1,1,1,1,1,1,0,0,0,1,0,0,0,0,0,1,0,0,0,1,0,0,1,1,0
41461636,렉스턴,올 뉴 렉스턴,35,3250,52840,2157,5,4,0,0,1,1,1,1,1,1,1,1,1,0,0,0,1,0,0,0,0,0,1,0,0,0,0,1,0,1,1,0
41466641,렉스턴,G4 렉스턴,35,1720,120142,2157,5,9,2,0,0,0,0,0,0,0,0,0,0,0,0,0,1,0,0,0,0,0,1,0,0,0,1,0,0,1,1,0
41467497,토레스,토레스,100,2420,42294,1497,5,3,0,0,1,1,1,1,1,1,1,1,1,0,0,0,1,0,0,0,1,0,0,0,0,0,1,0,0,1,1,0
41468959,렉스턴,올 뉴 렉스턴,35,2360,91836,2157,5,6,8,0,1,1,1,1,1,1,1,1,1,0,0,0,1,0,0,0,0,0,1,0,0,0,1,0,0,1,1,0
41469440,렉스턴,렉스턴 스포츠 칸,35,2070,81840,2157,5,6,4,1,1,1,1,0,1,1,1,1,1,0,0,0,1,0,0,0,0,0,1,0,0,0,0,0,1,1,1,0
41470477,토레스,토레스,100,2189,58915,1497,5,4,1,0,1,1,1,1,1,1,1,0,1,0,0,0,1,0,0,0,1,0,0,0,0,1,0,0,0,1,1,0
41473146,렉스턴,올 뉴 렉스턴,35,2600,105228,2157,5,4,9,1,1,1,1,1,1,1,1,1,1,0,0,0,1,0,0,0,0,0,1,0,0,0,0,0,1,1,1,0
41475143,렉스턴,더 뉴 렉스턴 스포츠 칸,35,2299,57759,2157,5,5,1,0,1,1,1,1,1,0,1,1,1,0,0,0,1,0,0,0,0,0,1,0,0,0,0,0,1,1,1,0
41475337,렉스턴,더 뉴 렉스턴 스포츠 칸,35,2890,57212,2157,5,4,0,0,1,1,1,1,1,1,1,1,1,0,0,0,1,0,0,0,0,0,1,0,0,0,0,1,0,1,1,0
41476281,렉스턴,더 뉴 렉스턴 스포츠 칸,35,2450,43740,2157,5,4,1,1,1,1,1,1,1,1,1,1,1,0,0,0,1,0,0,0,0,0,1,0,0,0,0,0,1,1,1,0
41477154,토레스,토레스,100,2090,51483,1497,5,4,0,0,1,1,1,1,0,1,1,0,1,0,0,0,1,0,0,0,1,0,0,0,0,1,0,0,0,1,1,0
41477674,토레스,토레스,100,2450,32686,1497,5,3,0,0,1,1,1,1,1,1,1,1,1,0,0,0,1,0,0,0,1,0,0,0,0,0,0,1,0,1,1,0
41477706,토레스,토레스,100,2430,24457,1497,2,2,7,0,1,1,1,1,1,1,1,1,1,0,0,0,1,0,0,0,1,0,0,0,0,1,0,0,0,1,1,0
41478608,코란도,뷰티풀 코란도,92,1850,39978,1497,5,4,2,1,1,1,1,1,1,1,1,1,1,0,0,0,1,0,0,0,1,0,0,0,0,0,0,1,0,1,1,0
41480132,렉스턴,올 뉴 렉스턴,35,2450,122930,2157,5,5,11,0,1,1,1,1,1,1,1,1,1,0,0,0,1,0,0,0,0,0,1,0,0,0,0,1,0,1,1,0
41480758,렉스턴,렉스턴 스포츠 칸,35,1770,70600,2157,5,6,0,0,0,1,1,0,1,0,1,1,1,0,0,0,1,0,0,0,0,0,1,0,0,0,0,0,1,1,1,0
41483947,렉스턴,더 뉴 렉스턴 스포츠,35,2040,72822,2157,5,5,2,1,1,1,1,1,1,0,1,1,1,0,0,0,1,0,0,0,0,0,1,0,0,0,0,0,1,1,1,0
41484649,렉스턴,더 뉴 렉스턴 스포츠,35,2330,65841,2157,5,4,0,0,1,1,1,1,1,1,1,1,1,0,0,0,1,0,0,0,0,0,1,0,0,0,0,0,1,1,1,0
41486466,렉스턴,더 뉴 렉스턴 스포츠 칸,35,2150,124658,2157,5,4,3,0,1,1,1,1,1,1,1,1,1,0,0,0,1,0,0,0,0,0,1,0,0,1,0,0,0,1,1,0
41487055,토레스,더 뉴 토레스,100,3150,14885,1497,5,2,0,0,1,1,1,1,1,1,1,1,1,0,0,0,1,0,0,0,1,0,0,0,0,1,0,0,0,1,1,0
41490464,렉스턴,더 뉴 렉스턴 스포츠,35,3550,9710,2157,5,1,0,0,1,1,1,1,1,1,1,1,1,0,0,0,1,0,0,0,0,0,1,0,0,0,0,1,0,1,1,0
41492152,렉스턴,올 뉴 렉스턴,35,2990,61609,2157,5,3,1,0,1,1,1,1,1,1,1,1,1,0,0,0,1,0,0,0,0,0,1,0,0,0,0,1,0,1,1,0
41492368,토레스,토레스,100,2450,31910,1497,5,4,0,1,1,1,1,1,1,1,1,1,1,0,0,0,1,0,0,0,1,0,0,0,0,1,0,0,0,1,1,0
41498608,토레스,토레스,100,2280,79660,1497,5,4,0,0,1,1,1,1,1,1,1,1,1,0,0,0,1,0,0,0,1,0,0,0,0,0,1,0,0,1,1,0
41501203,렉스턴,렉스턴 스포츠 칸,35,2030,96782,2157,5,5,2,0,0,1,1,0,1,1,1,1,1,0,0,0,1,0,0,0,0,0,1,0,0,0,0,1,0,1,1,0
41501687,렉스턴,G4 렉스턴,35,1899,114991,2157,5,6,11,0,1,1,1,0,1,1,1,1,1,0,0,0,1,0,0,0,0,0,1,0,0,0,1,0,0,1,1,0
41502095,렉스턴,올 뉴 렉스턴,35,3050,76449,2157,5,3,0,0,1,1,1,1,1,1,1,1,1,0,0,0,1,0,0,0,0,0,1,0,0,0,0,1,0,1,1,0
41503598,토레스,토레스,100,2030,71363,1497,5,3,1,0,1,1,1,1,1,1,1,1,1,0,0,0,1,0,0,0,1,0,0,0,0,1,0,0,0,1,1,0
41505621,렉스턴,올 뉴 렉스턴,35,2099,140209,2157,5,4,0,0,1,1,1,1,1,1,1,1,1,0,0,0,1,0,0,0,0,0,1,0,0,1,0,0,0,1,1,0
41506477,렉스턴,올 뉴 렉스턴,35,2550,119271,2157,5,5,6,1,1,1,1,1,1,0,1,1,1,0,0,0,1,0,0,0,0,0,1,0,0,0,1,0,0,1,1,0
41506648,렉스턴,더 뉴 렉스턴 스포츠 칸,35,2480,58040,2157,5,4,2,1,1,1,1,1,1,0,1,1,1,0,0,0,1,0,0,0,0,0,1,0,0,0,0,0,1,1,1,0
41507093,코란도,뷰티풀 코란도,92,1930,59800,1497,5,5,2,1,1,1,1,1,1,1,1,1,1,0,0,0,1,0,0,0,1,0,0,0,0,1,0,0,0,1,1,0
41509960,렉스턴,올 뉴 렉스턴,35,2550,100984,2157,5,6,1,1,1,1,1,1,1,1,1,1,1,0,0,0,1,0,0,0,0,0,1,0,0,0,1,0,0,1,1,0
41511605,렉스턴,더 뉴 렉스턴 스포츠 칸,35,1879,134678,2157,5,5,2,0,1,1,1,1,1,1,1,1,1,0,0,0,1,0,0,0,0,0,1,0,0,0,0,1,0,1,1,0
41512473,렉스턴,올 뉴 렉스턴,35,2180,139250,2157,5,6,3,0,1,1,1,1,1,1,1,1,1,0,0,0,1,0,0,0,0,0,1,0,0,0,1,0,0,1,1,0
41513705,액티언,액티언 2세대,71,3050,16999,1497,5,1,0,0,1,1,1,1,1,1,1,1,1,0,0,0,1,0,0,0,1,0,0,0,0,1,0,0,0,1,1,0
41515455,토레스,토레스,100,2320,33449,1497,5,4,0,0,1,1,1,1,1,1,1,1,1,0,0,0,1,0,0,0,1,0,0,0,0,0,0,1,0,1,1,0
41516378,토레스,토레스,100,2480,34817,1497,5,3,0,0,1,1,1,1,1,1,1,1,1,0,0,0,1,0,0,0,1,0,0,0,0,1,0,0,0,1,1,0
41517716,렉스턴,더 뉴 렉스턴 스포츠 칸,35,9266,32943,2157,5,5,0,0,1,1,1,1,1,1,1,1,1,0,0,0,1,0,0,0,0,0,1,0,0,1,0,0,0,1,1,0
41518492,코란도,뷰티풀 코란도,92,2030,68258,1497,5,5,1,0,1,1,1,1,1,1,1,1,1,0,0,0,1,0,0,0,1,0,0,0,0,1,0,0,0,1,1,0
41520032,렉스턴,렉스턴 스포츠,35,1900,71143,2157,5,7,1,1,1,1,1,1,1,1,1,1,1,0,0,0,1,0,0,0,0,0,1,0,0,0,1,0,0,1,1,0
41520783,렉스턴,더 뉴 렉스턴 스포츠 칸,35,2640,81993,2157,5,4,4,0,1,1,1,1,1,0,1,1,1,0,0,0,1,0,0,0,0,0,1,0,0,1,0,0,0,1,1,0
41521330,렉스턴,렉스턴 스포츠 칸,35,1890,64259,2157,5,6,0,0,0,1,1,0,1,1,1,1,1,0,0,0,1,0,0,0,0,0,1,0,0,0,0,1,0,1,1,0
41522802,렉스턴,더 뉴 렉스턴 스포츠 칸,35,2760,113325,2157,5,2,0,0,1,1,1,1,1,1,1,1,1,0,0,0,1,0,0,0,0,0,1,0,0,0,0,1,0,1,1,0
41523256,렉스턴,더 뉴 렉스턴 스포츠 칸,35,4099,18000,2157,5,2,2,0,1,1,1,1,1,1,1,1,1,0,0,0,1,0,0,0,0,0,1,0,0,0,0,0,1,1,1,0
41524115,토레스,토레스,100,1990,22164,1497,5,2,0,0,1,1,1,1,1,0,1,0,1,0,0,0,1,0,0,0,1,0,0,0,0,1,0,0,0,1,1,0
41526082,토레스,토레스,100,2630,12296,1497,5,3,2,1,1,1,1,1,1,1,1,1,1,0,0,0,1,0,0,0,1,0,0,0,0,0,1,0,0,1,1,0
41527764,렉스턴,올 뉴 렉스턴,35,2230,104004,2157,5,5,15,0,1,1,1,1,1,1,1,1,1,0,0,0,1,0,0,0,0,0,1,0,0,1,0,0,0,1,1,0
41528453,렉스턴,더 뉴 렉스턴 스포츠,35,2820,25904,2157,5,4,0,0,1,1,1,1,1,1,1,1,1,0,0,0,1,0,0,0,0,0,1,0,0,0,0,1,0,1,1,0
41529931,렉스턴,올 뉴 렉스턴,35,2150,169951,2157,5,5,0,1,1,1,1,1,1,1,1,1,1,0,0,0,1,0,0,0,0,0,1,0,0,0,1,0,0,1,1,0
41530015,코란도,뷰티풀 코란도,92,3250,61322,1597,5,5,0,0,1,1,1,1,1,1,1,1,1,0,0,0,1,0,0,0,0,0,1,0,0,1,0,0,0,1,1,0
41530831,토레스,토레스 EVX,100,3100,43795,189,2,2,0,0,1,1,1,1,1,1,1,1,1,0,0,0,1,0,0,0,0,0,0,1,0,1,0,0,0,1,1,0
41532815,렉스턴,더 뉴 렉스턴 스포츠,35,2360,40048,2157,5,4,0,0,1,1,1,1,1,0,1,1,1,0,0,0,1,0,0,0,0,0,1,0,0,1,0,0,0,1,1,0
41534590,렉스턴,G4 렉스턴,35,1979,43030,2157,5,8,0,0,1,1,1,0,1,1,1,1,1,0,0,0,1,0,0,0,0,0,1,0,0,0,0,1,0,1,1,0
41535442,렉스턴,더 뉴 렉스턴 스포츠,35,2690,27674,2157,5,3,2,0,1,1,1,1,1,1,1,1,1,0,0,0,1,0,0,0,0,0,1,0,0,0,0,0,1,1,1,0
41535532,액티언,액티언 2세대,71,3549,18352,1498,5,1,0,1,1,1,1,1,1,1,1,1,1,0,0,0,1,0,0,0,0,1,0,0,0,0,1,0,0,1,1,0
41535593,렉스턴,더 뉴 렉스턴 스포츠,35,2780,13803,2157,5,3,0,0,1,1,1,1,1,1,1,1,1,0,0,0,1,0,0,0,0,0,1,0,0,0,0,1,0,1,1,0
41535694,토레스,토레스,100,2240,69120,1497,5,3,0,0,1,1,1,1,1,1,1,1,1,0,0,0,1,0,0,0,1,0,0,0,0,1,0,0,0,1,1,0
41535918,렉스턴,올 뉴 렉스턴,35,2299,138005,2157,5,6,2,0,1,1,1,1,1,1,1,1,1,0,0,0,1,0,0,0,0,0,1,0,0,0,0,1,0,1,1,0
41536721,토레스,토레스,100,1999,98282,1497,5,4,0,1,1,1,1,1,1,1,1,1,1,0,0,0,1,0,0,0,1,0,0,0,0,1,0,0,0,1,1,0
41537550,렉스턴,올 뉴 렉스턴,35,2650,100003,2157,7,6,5,0,1,1,1,1,1,1,1,1,1,0,0,0,1,0,0,0,0,0,1,0,0,0,1,0,0,1,1,0
41539131,토레스,토레스,100,2530,15391,1497,5,4,0,1,1,1,1,1,1,1,1,1,1,0,0,0,1,0,0,0,1,0,0,0,0,1,0,0,0,1,1,0
41544001,렉스턴,더 뉴 렉스턴 스포츠 칸,35,2349,133971,2157,5,4,1,1,1,1,1,1,1,0,1,1,1,0,0,0,1,0,0,0,0,0,1,0,0,0,0,0,1,1,1,0
41545470,액티언,액티언 2세대,71,2950,14652,1497,5,1,0,0,1,1,1,1,1,1,1,1,1,0,0,0,1,0,0,0,1,0,0,0,0,1,0,0,0,1,1,0
41545553,렉스턴,G4 렉스턴,35,2000,66689,2157,5,9,7,1,1,1,1,1,1,1,1,1,1,0,0,0,1,0,0,0,0,0,1,0,0,0,1,0,0,1,1,0
41546178,렉스턴,더 뉴 렉스턴 스포츠 칸,35,2850,19302,2157,5,4,0,0,1,1,1,1,1,1,1,1,1,0,0,0,1,0,0,0,0,0,1,0,0,0,0,1,0,1,1,0
41549044,토레스,토레스,100,2150,60711,1497,5,4,0,0,1,1,1,1,1,1,1,1,1,0,0,0,1,0,0,0,1,0,0,0,0,1,0,0,0,1,1,0
41550270,토레스,토레스,100,2200,49824,1497,5,4,1,0,1,1,1,1,1,1,1,1,1,0,0,0,1,0,0,0,1,0,0,0,0,0,0,0,1,1,1,0
41550387,토레스,토레스,100,2250,10232,1497,5,3,12,0,1,1,1,1,1,1,1,1,1,0,0,0,1,0,0,0,1,0,0,0,0,1,0,0,0,1,1,0
41553230,렉스턴,렉스턴 뉴 아레나,35,3164,13300,2157,5,1,2,0,1,1,1,1,1,1,1,1,1,0,0,0,1,0,0,0,0,0,1,0,0,0,1,0,0,1,1,0
41553249,렉스턴,렉스턴 스포츠,35,1890,114409,2157,5,6,0,0,1,1,1,1,1,1,1,1,1,0,0,0,1,0,0,0,0,0,1,0,0,1,0,0,0,1,1,0
41553419,렉스턴,G4 렉스턴,35,1800,96216,2157,5,7,2,0,1,1,1,0,1,1,1,1,1,0,0,0,1,0,0,0,0,0,1,0,0,1,0,0,0,1,1,0
41554685,렉스턴,더 뉴 렉스턴 스포츠,35,2250,22680,2157,5,4,5,0,1,1,1,1,1,1,1,1,1,0,0,0,1,0,0,0,0,0,1,0,0,0,0,1,0,1,1,0
41554812,티볼리,더 뉴 티볼리,105,1899,46420,1497,5,2,0,0,0,1,1,1,1,1,1,1,1,0,0,0,1,0,0,0,1,0,0,0,0,1,0,0,0,1,1,0
41556687,렉스턴,올 뉴 렉스턴,35,2280,123718,2157,7,5,4,1,1,1,1,1,1,1,1,1,1,0,0,0,1,0,0,0,0,0,1,0,0,0,1,0,0,1,1,0
41557262,렉스턴,더 뉴 렉스턴 스포츠 칸,35,2550,43080,2157,5,4,0,0,1,1,1,1,1,1,1,1,1,0,0,0,1,0,0,0,0,0,1,0,0,0,0,1,0,1,1,0
41557351,토레스,토레스,100,2240,67639,1497,5,4,0,1,1,1,1,1,1,1,1,1,1,0,0,0,1,0,0,0,1,0,0,0,0,0,0,0,1,1,1,0
41557441,렉스턴,G4 렉스턴,35,2160,50897,2157,7,6,1,0,1,1,1,1,1,1,1,1,1,0,0,0,1,0,0,0,0,0,1,0,0,1,0,0,0,1,1,0
41558371,토레스,토레스,100,2330,45981,1497,5,4,2,0,1,1,1,1,1,1,1,1,1,0,0,0,1,0,0,0,1,0,0,0,0,0,1,0,0,1,1,0
41559055,렉스턴,렉스턴 뉴 아레나,35,4080,20537,2157,5,3,1,0,1,1,1,1,1,1,1,1,1,0,0,0,1,0,0,0,0,0,1,0,0,1,0,0,0,1,1,0
41560244,액티언,액티언 2세대,71,2760,10253,1497,5,2,0,0,1,1,1,1,1,1,1,1,1,0,0,0,1,0,0,0,1,0,0,0,0,1,0,0,0,1,1,0
41563721,티볼리,더 뉴 티볼리,105,1800,21317,1597,5,3,4,0,0,1,1,0,1,1,1,1,1,0,0,0,1,0,0,0,1,0,0,0,0,1,0,0,0,1,1,0
41563756,토레스,토레스,100,2350,39025,1497,5,4,0,1,1,1,1,1,1,1,1,1,1,0,0,0,1,0,0,0,1,0,0,0,0,0,0,1,0,1,1,0
41563770,렉스턴,렉스턴 뉴 아레나,35,3680,32081,2157,5,2,1,0,1,1,1,1,1,1,1,1,1,0,0,0,1,0,0,0,0,0,1,0,0,1,0,0,0,1,1,0
41564576,렉스턴,올 뉴 렉스턴,35,2720,94121,2157,5,6,0,0,1,1,1,1,1,1,1,1,1,0,0,0,1,0,0,0,0,0,1,0,0,0,1,0,0,1,1,0
41565650,렉스턴,더 뉴 렉스턴 스포츠,35,3059,43801,2157,5,3,1,0,1,1,1,1,1,1,1,1,1,0,0,0,1,0,0,0,0,0,1,0,0,1,0,0,0,1,1,0
41566603,티볼리,베리 뉴 티볼리,105,1750,31564,1497,5,6,1,0,1,1,1,1,1,1,1,1,1,0,0,0,1,0,0,0,1,0,0,0,0,1,0,0,0,1,1,0
41569265,코란도,뷰티풀 코란도,92,1900,8442,1497,5,2,0,0,0,1,1,0,0,0,0,0,1,0,0,0,1,0,0,0,1,0,0,0,0,0,0,1,0,1,1,0
41570369,렉스턴,더 뉴 렉스턴 스포츠,35,2250,16815,2157,5,5,3,0,1,1,1,1,1,0,1,1,1,0,0,0,1,0,0,0,0,0,1,0,0,0,0,1,0,1,1,0
41571156,렉스턴,더 뉴 렉스턴 스포츠 칸,35,3380,13587,2157,5,1,1,0,1,1,1,1,1,1,1,1,1,0,0,0,1,0,0,0,0,0,1,0,0,0,0,1,0,1,1,0
41573306,렉스턴,G4 렉스턴,35,2460,20800,2157,5,6,2,0,1,1,1,0,1,0,1,1,1,0,0,0,1,0,0,0,0,0,1,0,0,1,0,0,0,1,1,0
41573444,렉스턴,더 뉴 렉스턴 스포츠 칸,35,2790,51361,2157,5,4,0,0,1,1,1,1,1,1,1,1,1,0,0,0,1,0,0,0,0,0,1,0,0,0,0,0,1,1,1,0
41574971,티볼리,더 뉴 티볼리,105,2070,3258,1597,5,1,0,0,0,1,1,0,1,1,1,1,1,0,0,0,1,0,0,0,1,0,0,0,0,1,0,0,0,1,1,0
41575971,렉스턴,더 뉴 렉스턴 스포츠,35,2050,83701,2157,5,4,0,0,0,1,1,0,1,1,1,1,1,0,0,0,1,0,0,0,0,0,1,0,0,0,0,1,0,1,1,0
41576154,렉스턴,렉스턴 스포츠 칸,35,2450,44795,2157,5,6,4,1,1,1,1,1,1,1,1,1,1,0,0,0,1,0,0,0,0,0,1,0,0,0,0,1,0,1,1,0
41580850,렉스턴,더 뉴 렉스턴 스포츠,35,3255,20059,2157,5,3,0,0,1,1,1,1,1,1,1,1,1,0,0,0,1,0,0,0,0,0,1,0,0,0,0,1,0,1,1,0
41582896,렉스턴,올 뉴 렉스턴,35,2390,109795,2157,5,4,1,0,1,1,1,1,1,1,1,1,1,0,0,0,1,0,0,0,0,0,1,0,0,1,0,0,0,1,1,0
41583326,렉스턴,렉스턴 스포츠 칸,35,1980,65561,2157,5,7,2,1,0,1,1,1,1,1,1,1,1,0,0,0,1,0,0,0,0,0,1,0,0,1,0,0,0,1,1,0
41583498,토레스,토레스,100,2450,31195,1497,5,3,2,1,1,1,1,1,1,1,1,1,1,0,0,0,1,0,0,0,1,0,0,0,0,1,0,0,0,1,1,0
41583712,렉스턴,올 뉴 렉스턴,35,3250,67727,2157,5,5,2,0,1,1,1,1,1,1,1,1,1,0,0,0,1,0,0,0,0,0,1,0,0,0,1,0,0,1,1,0
41583999,코란도,뷰티풀 코란도,92,1850,29164,1497,5,4,0,0,1,1,1,1,1,1,1,1,1,0,0,0,1,0,0,0,1,0,0,0,0,0,0,1,0,1,1,0
41585519,렉스턴,렉스턴 스포츠 칸,35,1890,79165,2157,5,7,0,0,1,1,1,1,1,1,1,1,1,0,0,0,1,0,0,0,0,0,1,0,0,0,0,0,1,1,1,0
41586505,렉스턴,더 뉴 렉스턴 스포츠,35,2577,43478,2157,5,3,2,0,1,1,1,1,1,1,1,1,1,0,0,0,1,0,0,0,0,0,1,0,0,0,0,0,1,1,1,0
41586638,렉스턴,더 뉴 렉스턴 스포츠 칸,35,2890,14388,2157,5,3,0,0,1,1,1,1,1,1,1,1,1,0,0,0,1,0,0,0,0,0,1,0,0,0,0,0,1,1,1,0
41588372,렉스턴,렉스턴 스포츠,35,1780,52621,2157,5,8,1,0,0,1,1,0,1,1,1,0,1,0,0,0,1,0,0,0,0,0,1,0,0,0,1,0,0,1,1,0
41589855,코란도,뷰티풀 코란도,92,1950,39049,1497,5,5,1,0,1,1,1,1,1,1,1,1,1,0,0,0,1,0,0,0,1,0,0,0,0,0,0,1,0,1,1,0
41590810,렉스턴,올 뉴 렉스턴,35,3450,30683,2157,5,3,0,0,1,1,1,1,1,1,1,1,1,0,0,0,1,0,0,0,0,0,1,0,0,0,1,0,0,1,1,0
41593482,렉스턴,더 뉴 렉스턴 스포츠,35,2400,124179,2157,5,4,3,0,1,1,1,1,1,1,1,1,1,0,0,0,1,0,0,0,0,0,1,0,0,0,0,0,1,1,1,0
41595698,토레스,토레스,100,2190,47935,1497,5,3,4,0,1,1,1,1,1,1,1,1,1,0,0,0,1,0,0,0,1,0,0,0,0,0,0,1,0,1,1,0
41595703,렉스턴,더 뉴 렉스턴 스포츠 칸,35,2690,54150,2157,5,4,0,0,1,1,1,1,1,1,1,1,1,0,0,0,1,0,0,0,0,0,1,0,0,0,0,0,1,1,1,0
41598743,토레스,토레스,100,2070,68458,1497,5,4,0,0,1,1,1,1,1,1,1,1,1,0,0,0,1,0,0,0,1,0,0,0,0,0,0,1,0,1,1,0
41599804,토레스,더 뉴 토레스,100,2930,13150,1497,5,1,0,0,1,1,1,1,1,1,1,1,1,0,0,0,1,0,0,0,1,0,0,0,0,1,0,0,0,1,1,0
41600053,렉스턴,렉스턴 스포츠 칸,35,1830,74782,2157,5,6,2,0,1,1,1,1,1,1,1,1,1,0,0,0,1,0,0,0,0,0,1,0,0,0,0,0,1,1,1,0
41600924,렉스턴,올 뉴 렉스턴,35,3520,32542,2157,5,3,0,0,1,1,1,1,1,0,1,1,1,0,0,0,1,0,0,0,0,0,1,0,0,0,1,0,0,1,1,0
41601327,토레스,더 뉴 토레스,100,2670,7237,1497,5,2,1,0,1,1,1,1,1,1,1,1,1,0,0,0,1,0,0,0,1,0,0,0,0,1,0,0,0,1,1,0
41602273,토레스,토레스,100,2350,35741,1497,5,3,0,0,1,1,1,1,1,1,1,1,1,0,0,0,1,0,0,0,1,0,0,0,0,0,1,0,0,1,1,0
41602297,토레스,더 뉴 토레스,100,2850,14065,1497,5,2,0,0,1,1,1,1,1,1,1,1,1,0,0,0,1,0,0,0,1,0,0,0,0,1,0,0,0,1,1,0
41602864,렉스턴,G4 렉스턴,35,1720,57833,2157,5,8,5,0,1,1,1,0,1,1,1,1,1,0,0,0,1,0,0,0,0,0,1,0,0,0,1,0,0,1,1,0
41602970,렉스턴,더 뉴 렉스턴 스포츠 칸,35,2850,21613,2157,5,3,2,0,1,1,1,1,1,1,1,1,1,0,0,0,1,0,0,0,0,0,1,0,0,0,0,1,0,1,1,0
41603775,토레스,토레스,100,2599,11563,1497,5,3,0,0,1,1,1,1,1,1,1,1,1,0,0,0,1,0,0,0,1,0,0,0,0,1,0,0,0,1,1,0
41605623,렉스턴,렉스턴 스포츠 칸,35,1880,85401,2157,5,6,2,1,1,1,1,1,1,1,1,1,1,0,0,0,1,0,0,0,0,0,1,0,0,1,0,0,0,1,1,0
41606206,토레스,토레스 EVX,100,3299,48459,189,5,3,0,1,1,1,1,1,1,1,1,1,1,0,0,0,1,0,0,0,0,0,0,1,0,1,0,0,0,1,1,0
41608981,코란도,뷰티풀 코란도,92,2390,22004,1497,5,6,0,0,1,1,1,1,1,1,1,1,1,0,0,0,1,0,0,0,1,0,0,0,0,1,0,0,0,1,1,0
41609023,렉스턴,렉스턴 스포츠 칸,35,2080,63591,2157,5,6,0,0,1,1,1,1,1,1,1,1,1,0,0,0,1,0,0,0,0,0,1,0,0,0,0,1,0,1,1,0
41611065,렉스턴,G4 렉스턴,35,1850,60780,2157,5,7,0,0,1,1,1,0,1,1,1,1,1,0,0,0,1,0,0,0,0,0,1,0,0,0,0,1,0,1,1,0
41612616,토레스,토레스,100,2230,33076,1497,5,3,0,0,1,1,1,1,1,1,1,1,1,0,0,0,1,0,0,0,1,0,0,0,0,1,0,0,0,1,1,0
41614937,토레스,토레스,100,1950,74617,1497,5,4,0,0,1,1,1,1,1,1,1,1,1,0,0,0,1,0,0,0,1,0,0,0,0,0,0,1,0,1,1,0
41615426,렉스턴,더 뉴 렉스턴 스포츠,35,2490,48254,2157,5,4,2,1,1,1,1,1,1,1,1,1,1,0,0,0,1,0,0,0,0,0,1,0,0,1,0,0,0,1,1,0
41616934,토레스,토레스,100,9999,36561,1497,5,2,1,0,1,1,0,1,1,1,1,1,1,0,0,0,1,0,0,0,1,0,0,0,0,0,0,1,0,1,1,0
41618074,렉스턴,올 뉴 렉스턴,35,3550,22100,2157,5,5,0,0,1,1,1,1,1,1,1,1,1,0,0,0,1,0,0,0,0,0,1,0,0,0,1,0,0,1,1,0
41620244,렉스턴,더 뉴 렉스턴 스포츠 칸,35,2890,36542,2157,5,4,0,0,1,1,1,1,1,1,1,1,1,0,0,0,1,0,0,0,0,0,1,0,0,0,0,0,1,1,1,0
41621486,렉스턴,G4 렉스턴,35,1899,78475,2157,5,9,0,0,1,1,1,1,1,1,1,1,1,0,0,0,1,0,0,0,0,0,1,0,0,1,0,0,0,1,1,0
41622221,렉스턴,올 뉴 렉스턴,35,2880,50711,2157,5,5,0,0,1,1,1,1,1,1,1,1,1,0,0,0,1,0,0,0,0,0,1,0,0,0,0,1,0,1,1,0
41624186,렉스턴,더 뉴 렉스턴 스포츠,35,2499,35630,2157,5,4,4,0,1,1,1,1,1,1,1,1,1,0,0,0,1,0,0,0,0,0,1,0,0,0,0,0,1,1,1,0
41624512,렉스턴,렉스턴 스포츠,35,1880,78156,2157,5,5,3,0,1,1,1,0,1,1,1,0,1,0,0,0,1,0,0,0,0,0,1,0,0,0,0,1,0,1,1,0
41625866,렉스턴,더 뉴 렉스턴 스포츠,35,2270,90468,2157,5,4,0,0,1,1,1,1,1,1,1,1,1,0,0,0,1,0,0,0,0,0,1,0,0,1,0,0,0,1,1,0
41627685,렉스턴,더 뉴 렉스턴 스포츠,35,2440,41931,2157,5,5,2,0,1,1,1,1,1,1,1,1,1,0,0,0,1,0,0,0,0,0,1,0,0,0,1,0,0,1,1,0
41628755,렉스턴,더 뉴 렉스턴 스포츠 칸,35,2390,77885,2157,5,5,0,0,1,1,1,1,1,1,1,1,1,0,0,0,1,0,0,0,0,0,1,0,0,0,0,1,0,1,1,0
41630688,렉스턴,올 뉴 렉스턴,35,3250,65682,2157,5,3,0,0,1,1,1,1,1,1,1,1,1,0,0,0,1,0,0,0,0,0,1,0,0,0,0,1,0,1,1,0
41633471,액티언,액티언 2세대,71,2890,21336,1497,5,2,0,0,1,1,1,1,1,1,1,1,1,0,0,0,1,0,0,0,1,0,0,0,0,1,0,0,0,1,1,0
41633724,렉스턴,G4 렉스턴,35,1950,98641,2157,5,8,4,1,1,1,1,1,1,1,1,1,1,0,0,0,1,0,0,0,0,0,1,0,0,0,1,0,0,1,1,0
41634643,렉스턴,올 뉴 렉스턴,35,3700,19210,2157,5,5,2,0,1,1,1,1,1,1,1,1,1,0,0,0,1,0,0,0,0,0,1,0,0,0,1,0,0,1,1,0
41634853,액티언,액티언 2세대,71,3690,100,1498,5,0,0,0,1,1,1,1,1,1,1,1,1,0,0,0,1,0,0,0,0,1,0,0,0,0,1,0,0,1,1,0
41635396,액티언,액티언 2세대,71,3090,13992,1497,5,2,0,0,1,1,1,1,1,1,1,1,1,0,0,0,1,0,0,0,1,0,0,0,0,1,0,0,0,1,1,0
41636274,렉스턴,더 뉴 렉스턴 스포츠,35,2710,76650,2157,5,4,2,0,1,1,1,1,1,1,1,0,1,0,0,0,1,0,0,0,0,0,1,0,0,0,0,0,1,1,1,0
41637014,토레스,토레스,100,2650,27537,1497,5,2,2,0,1,1,1,1,1,1,1,1,1,0,0,0,1,0,0,0,1,0,0,0,0,0,0,0,1,1,1,0
41637435,렉스턴,렉스턴 뉴 아레나,35,3590,34966,2157,7,3,1,0,1,1,1,1,1,1,1,1,1,0,0,0,1,0,0,0,0,0,1,0,0,0,1,0,0,1,1,0
41637615,렉스턴,올 뉴 렉스턴,35,2499,44830,2157,5,3,19,1,1,1,1,1,1,1,1,1,1,0,0,0,1,0,0,0,0,0,1,0,0,1,0,0,0,1,1,0
41639215,토레스,토레스,100,2670,16481,1497,5,2,0,0,1,1,1,1,1,1,1,1,1,0,0,0,1,0,0,0,1,0,0,0,0,0,1,0,0,1,1,0
41639221,티볼리,더 뉴 티볼리 에어,105,2080,25181,1497,5,2,1,0,0,1,1,1,1,1,1,1,1,0,0,0,1,0,0,0,1,0,0,0,0,1,0,0,0,1,1,0
41641185,렉스턴,더 뉴 렉스턴 스포츠 칸,35,3100,35585,2157,5,3,3,0,1,1,1,1,1,1,1,1,1,0,0,0,1,0,0,0,0,0,1,0,0,1,0,0,0,1,1,0
41641971,렉스턴,더 뉴 렉스턴 스포츠 칸,35,3250,54126,2157,5,4,0,1,1,1,1,1,1,1,1,1,1,0,0,0,1,0,0,0,0,0,1,0,0,1,0,0,0,1,1,0
41643883,렉스턴,렉스턴 스포츠 칸,35,1950,89659,2157,5,6,7,0,1,1,1,1,1,1,1,1,1,0,0,0,1,0,0,0,0,0,1,0,0,0,1,0,0,1,1,0
41643986,렉스턴,더 뉴 렉스턴 스포츠 칸,35,2630,110003,2157,5,4,1,0,1,1,1,1,1,1,1,1,1,0,0,0,1,0,0,0,0,0,1,0,0,1,0,0,0,1,1,0
41647622,렉스턴,더 뉴 렉스턴 스포츠 칸,35,3190,54390,2157,5,3,0,0,1,1,1,1,1,1,1,1,1,0,0,0,1,0,0,0,0,0,1,0,0,0,0,1,0,1,1,0
41648694,렉스턴,더 뉴 렉스턴 스포츠,35,2200,38973,2157,5,3,0,0,0,1,1,0,1,1,1,0,1,0,0,0,1,0,0,0,0,0,1,0,0,0,0,1,0,1,1,0
41651944,렉스턴,올 뉴 렉스턴,35,2380,92540,2157,5,6,6,0,1,1,1,1,1,1,1,1,1,0,0,0,1,0,0,0,0,0,1,0,0,0,0,1,0,1,1,0
41653670,코란도,뷰티풀 코란도,92,1990,39633,1497,5,5,0,0,1,1,1,1,1,1,1,1,1,0,0,0,1,0,0,0,1,0,0,0,0,1,0,0,0,1,1,0
41654652,렉스턴,올 뉴 렉스턴,35,2540,85694,2157,7,5,4,0,1,1,1,1,1,1,1,1,1,0,0,0,1,0,0,0,0,0,1,0,0,0,0,1,0,1,1,0
41655464,렉스턴,렉스턴 스포츠 칸,35,2180,58153,2157,5,6,0,0,1,1,1,0,1,1,1,1,1,0,0,0,1,0,0,0,0,0,1,0,0,0,1,0,0,1,1,0
41656308,코란도,뷰티풀 코란도,92,1870,9979,1497,5,4,6,1,1,1,1,1,1,1,1,1,1,0,0,0,1,0,0,0,1,0,0,0,0,1,0,0,0,1,1,0
41656380,토레스,토레스,100,2270,27824,1497,5,3,2,0,0,0,0,0,0,0,0,0,0,0,0,0,1,0,0,0,1,0,0,0,0,0,0,0,1,1,1,0
41657064,코란도,뷰티풀 코란도,92,2030,21500,1497,5,4,1,1,1,1,1,1,1,1,1,1,1,0,0,0,1,0,0,0,1,0,0,0,0,1,0,0,0,1,1,0
41657928,렉스턴,더 뉴 렉스턴 스포츠 칸,35,2699,93190,2157,5,4,0,1,1,1,1,1,1,1,1,1,1,0,0,0,1,0,0,0,0,0,1,0,0,0,0,0,1,1,1,0
41658404,코란도,뷰티풀 코란도,92,2119,31136,1497,5,5,4,0,1,1,1,1,1,1,1,1,1,0,0,0,1,0,0,0,1,0,0,0,0,1,0,0,0,1,1,0
41660134,렉스턴,렉스턴 뉴 아레나,35,3300,58649,2157,5,3,2,0,1,1,1,1,1,1,1,1,1,0,0,0,1,0,0,0,0,0,1,0,0,0,1,0,0,1,1,0
41660749,렉스턴,올 뉴 렉스턴,35,2550,182289,2157,5,4,0,1,1,1,1,1,1,1,1,1,1,0,0,0,1,0,0,0,0,0,1,0,0,0,1,0,0,1,1,0
41663358,토레스,토레스,100,2480,8520,1497,5,3,0,1,1,1,1,1,1,1,1,1,1,0,0,0,1,0,0,0,1,0,0,0,0,0,0,0,1,1,1,0
37596730,K5,K5 3세대,11,2200,24852,1598,5,6,2,1,1,1,1,1,1,1,1,1,1,0,1,0,0,0,0,0,1,0,0,0,0,1,0,0,0,1,0,1
37993030,K9,더 K9,14,3090,44713,3342,5,8,9,0,1,1,1,1,1,1,1,1,1,0,1,0,0,0,0,0,1,0,0,0,0,0,0,1,0,1,0,1
38611708,카니발,올 뉴 카니발,85,1750,83631,2199,9,11,3,0,1,1,1,1,1,1,1,1,1,0,1,0,0,0,0,0,0,0,1,0,0,0,1,0,0,1,1,0
38678183,K7,올 뉴 K7 하이브리드,12,1880,98902,2359,5,8,2,0,1,1,1,1,1,1,1,1,1,0,1,0,0,0,0,0,0,1,0,0,0,1,0,0,0,1,0,1
38678569,셀토스,셀토스,49,1770,53015,1591,5,6,12,1,1,1,1,1,1,1,1,1,1,0,1,0,0,0,0,0,1,0,0,0,0,0,0,0,1,1,1,0
38764432,K9,더 K9,14,2090,189353,3778,5,7,3,0,1,1,1,1,1,1,1,1,1,0,1,0,0,0,0,0,1,0,0,0,0,1,0,0,0,1,0,1
38790465,K9,더 K9,14,2390,118954,3342,5,8,1,0,1,1,1,1,1,1,1,1,1,0,1,0,0,0,0,0,1,0,0,0,0,0,1,0,0,1,0,1
38792784,니로,더 뉴 니로,29,1770,91629,1580,5,7,5,0,0,1,1,1,1,1,1,0,1,0,1,0,0,0,0,0,0,1,0,0,0,1,0,0,0,1,1,0
39127537,카니발,올 뉴 카니발,85,2390,55711,2199,9,9,0,0,1,1,1,1,1,1,1,1,1,0,1,0,0,0,0,0,0,0,1,0,0,0,1,0,0,1,1,0
39129494,모하비,모하비 더 마스터,43,2690,41900,2959,6,5,2,1,1,1,1,1,1,1,1,1,1,0,1,0,0,0,0,0,0,0,1,0,0,0,1,0,0,1,1,0
39155220,K8,K8,13,2580,58250,3470,5,4,0,0,1,1,1,1,1,1,1,1,1,0,1,0,0,0,0,1,0,0,0,0,0,0,1,0,0,1,0,1
39169056,카니발,더 뉴 카니발,85,2050,90696,2199,9,6,0,1,1,1,1,1,1,1,1,1,1,0,1,0,0,0,0,0,0,0,1,0,0,0,1,0,0,1,1,0
39369186,K8,더 뉴 K8 하이브리드,13,4280,3866,1598,5,2,0,0,1,1,1,1,1,1,1,1,1,0,1,0,0,0,0,0,0,1,0,0,0,1,0,0,0,1,0,1
39383198,카니발,더 뉴 카니발 4세대,85,3671,20000,3470,9,2,2,0,1,1,1,1,1,1,1,1,1,0,1,0,0,0,0,0,1,0,0,0,0,1,0,0,0,1,1,0
39542030,카니발,카니발 4세대,85,4000,57106,3470,7,4,0,0,1,1,1,1,1,1,1,1,1,0,1,0,0,0,0,0,1,0,0,0,0,0,1,0,0,1,1,0
39596658,쏘렌토,쏘렌토 4세대,58,2720,78698,1598,5,5,25,0,1,1,1,1,1,1,1,1,1,0,1,0,0,0,0,0,0,1,0,0,0,1,0,0,0,1,1,0
39614551,쏘렌토,더 뉴 쏘렌토,58,1980,73316,2199,5,9,5,0,1,1,1,1,1,1,1,1,1,0,1,0,0,0,0,0,0,0,1,0,0,0,0,1,0,1,1,0
39678576,K9,더 K9,14,1990,100917,3778,5,7,9,0,1,1,1,1,1,1,1,1,1,0,1,0,0,0,0,0,1,0,0,0,0,0,1,0,0,1,0,1
39921149,카니발,더 뉴 카니발,85,2177,151506,3342,9,7,2,0,1,1,1,1,1,1,1,1,1,0,1,0,0,0,0,0,1,0,0,0,0,0,1,0,0,1,1,0
39931669,K7,K7 프리미어 하이브리드,12,1770,108498,2359,5,6,13,0,1,1,1,1,1,1,1,1,1,0,1,0,0,0,0,0,0,1,0,0,0,0,0,1,0,1,0,1
39942379,카니발,더 뉴 카니발,85,1820,84604,2199,7,7,13,0,1,1,1,1,1,1,1,1,1,0,1,0,0,0,0,0,0,0,1,0,0,0,1,0,0,1,1,0
39972140,K8,K8 하이브리드,13,2879,62543,1598,5,3,0,0,1,1,1,1,1,1,1,1,1,0,1,0,0,0,0,0,0,1,0,0,0,0,1,0,0,1,0,1
39973503,카니발,카니발 4세대,85,3699,63105,3470,9,5,3,0,1,1,1,1,1,1,1,1,1,0,1,0,0,0,0,0,1,0,0,0,0,1,0,0,0,1,1,0
39995305,K8,K8,13,2300,49620,2497,5,4,2,1,1,1,1,1,1,1,1,1,1,0,1,0,0,0,0,0,1,0,0,0,0,0,0,0,1,1,0,1
40005027,니로,니로 EV,29,1890,60040,180,5,5,0,0,1,1,1,1,1,1,1,1,1,0,1,0,0,0,0,0,0,0,0,1,0,1,0,0,0,1,1,0
40050817,K9,더 K9,14,3150,54270,3342,5,6,2,0,1,1,1,1,1,1,1,1,1,0,1,0,0,0,0,0,1,0,0,0,0,0,1,0,0,1,0,1
40128886,K8,K8 하이브리드,13,3809,11332,1598,5,2,0,0,1,1,1,1,1,1,1,1,1,0,1,0,0,0,0,0,0,1,0,0,0,0,0,1,0,1,0,1
40145217,K7,K7 프리미어,12,1900,65268,2497,5,7,9,0,1,1,1,1,1,1,1,1,1,0,1,0,0,0,0,0,1,0,0,0,0,0,1,0,0,1,0,1
40180194,쏘렌토,더 뉴 쏘렌토 4세대,58,3990,28886,1598,5,3,0,0,1,1,1,1,1,1,1,1,1,0,1,0,0,0,0,0,0,1,0,0,0,1,0,0,0,1,1,0
40202715,쏘렌토,쏘렌토 4세대,58,3390,54483,2151,6,6,1,0,1,1,1,1,1,1,1,1,1,0,1,0,0,0,0,0,0,0,1,0,0,1,0,0,0,1,1,0
40212857,K8,K8,13,3174,69000,3470,5,5,2,0,1,1,1,1,1,1,1,0,1,0,1,0,0,0,0,1,0,0,0,0,0,0,1,0,0,1,0,1
40212999,K8,더 뉴 K8,13,4066,3500,3470,5,1,2,1,1,1,1,1,1,1,1,1,1,0,1,0,0,0,0,1,0,0,0,0,0,1,0,0,0,1,0,1
40213357,쏘렌토,쏘렌토 4세대,58,3343,110000,2151,5,5,2,0,1,1,1,1,1,1,1,1,1,0,1,0,0,0,0,0,0,0,1,0,0,0,0,1,0,1,1,0
40213405,쏘렌토,더 뉴 쏘렌토 4세대,58,3650,5000,2151,5,1,2,0,1,1,1,1,1,1,1,1,1,0,1,0,0,0,0,0,0,0,1,0,0,1,0,0,0,1,1,0
40213631,카니발,더 뉴 카니발 4세대,85,3963,28000,2151,9,2,2,0,1,1,1,1,1,1,1,1,1,0,1,0,0,0,0,0,0,0,1,0,0,1,0,0,0,1,1,0
40227676,K8,더 뉴 K8,13,4066,1700,3470,5,1,2,1,1,1,1,1,1,1,1,1,1,0,1,0,0,0,0,1,0,0,0,0,0,1,0,0,0,1,0,1
40239544,K8,더 뉴 K8 하이브리드,13,4150,15125,1598,5,1,0,0,1,1,1,1,1,1,1,1,1,0,1,0,0,0,0,0,0,1,0,0,0,1,0,0,0,1,0,1
40240874,K8,K8,13,3174,73000,3470,5,5,2,1,1,1,1,1,1,1,1,1,1,0,1,0,0,0,0,1,0,0,0,0,0,0,1,0,0,1,0,1
40253201,카니발,올 뉴 카니발,85,1850,46288,2199,9,10,12,0,1,1,1,1,1,1,1,1,1,0,1,0,0,0,0,0,0,0,1,0,0,0,1,0,0,1,1,0
40340785,카니발,더 뉴 카니발 4세대,85,3100,105292,3470,7,3,10,0,1,1,1,1,1,1,1,1,1,0,1,0,0,0,0,0,0,1,0,0,0,1,0,0,0,1,1,0
40350722,카니발,더 뉴 카니발,85,2320,124067,3342,9,7,5,0,1,1,1,1,1,1,1,1,1,0,1,0,0,0,0,0,1,0,0,0,0,0,1,0,0,1,1,0
40371676,카니발,더 뉴 카니발,85,1850,81029,2199,9,7,15,0,1,1,1,1,1,1,1,1,1,0,1,0,0,0,0,0,0,0,1,0,0,0,0,1,0,1,1,0
40379667,K9,더 K9,14,2190,108560,3778,5,7,0,0,1,1,1,1,1,1,1,1,1,0,1,0,0,0,0,0,1,0,0,0,0,0,0,1,0,1,0,1
40431342,스포티지,스포티지 5세대 하이브리드,55,2699,14215,1598,5,3,13,1,1,1,1,1,1,1,1,1,1,0,1,0,0,0,0,0,0,1,0,0,0,0,0,1,0,1,1,0
40453855,스팅어,스팅어 마이스터,53,3360,26846,2497,5,3,0,0,1,1,1,1,1,1,1,1,1,0,1,0,0,0,0,0,1,0,0,0,0,0,0,0,1,1,0,1
40458710,스포티지,스포티지 5세대,55,3050,55662,1598,5,3,1,1,1,1,1,1,1,1,1,1,1,0,1,0,0,0,0,0,1,0,0,0,0,1,0,0,0,1,1,0
40519752,카니발,카니발 4세대,85,3380,79260,2151,9,3,1,0,1,1,1,1,1,1,1,1,1,0,1,0,0,0,0,0,0,0,1,0,0,1,0,0,0,1,1,0
40531450,쏘렌토,더 뉴 쏘렌토 4세대,58,4450,27081,1598,5,3,1,1,1,1,1,1,1,1,1,1,1,0,1,0,0,0,0,0,0,1,0,0,0,1,0,0,0,1,1,0
40535882,K8,K8,13,2099,90169,2497,5,5,15,0,1,1,1,1,1,1,1,1,1,0,1,0,0,0,0,0,1,0,0,0,0,1,0,0,0,1,0,1
40543510,카니발,더 뉴 카니발 4세대,85,5999,17177,3470,9,2,4,0,1,1,1,1,1,1,1,1,1,0,1,0,0,0,0,0,1,0,0,0,0,1,0,0,0,1,1,0
40544710,K9,더 K9,14,3280,54471,3778,5,5,2,0,1,1,1,1,1,1,1,1,1,0,1,0,0,0,0,0,1,0,0,0,0,0,1,0,0,1,0,1
40555324,니로,니로 플러스,29,2280,24562,111,5,4,0,0,1,1,1,1,1,1,1,1,1,0,1,0,0,0,0,0,0,0,0,1,0,0,0,1,0,1,1,0
40562069,니로,더 뉴 니로,29,2040,88050,1580,5,6,6,1,1,1,1,1,1,1,1,1,1,0,1,0,0,0,0,0,0,1,0,0,0,0,0,0,1,1,1,0
40563074,K5,K5 하이브리드 3세대,11,2099,59576,1999,5,6,4,0,1,1,1,1,1,1,1,1,1,0,1,0,0,0,0,0,0,1,0,0,0,0,1,0,0,1,0,1
40577999,카니발,더 뉴 카니발 4세대,85,6490,36209,1598,9,2,0,0,1,1,1,1,1,1,1,1,1,0,1,0,0,0,0,0,0,1,0,0,0,1,0,0,0,1,1,0
40583104,쏘렌토,쏘렌토 4세대,58,3390,53244,2151,5,6,1,1,1,1,1,1,1,1,1,1,1,0,1,0,0,0,0,0,0,0,1,0,0,0,0,1,0,1,1,0
40586813,카니발,더 뉴 카니발 4세대,85,4150,19508,3470,9,2,2,1,1,1,1,1,1,1,1,1,1,0,1,0,0,0,0,0,1,0,0,0,0,0,1,0,0,1,1,0
40587875,K9,더 뉴 K9 2세대,14,5300,98904,3778,5,2,4,0,1,1,1,1,1,1,1,1,1,0,1,0,0,0,0,0,0,1,0,0,0,0,1,0,0,1,0,1
40589333,타스만,타스만,97,5440,59,2497,5,1,0,1,1,1,1,1,1,1,1,1,1,0,1,0,0,0,0,0,1,0,0,0,0,0,0,0,1,1,1,0
40600796,니로,디 올 뉴 니로,29,2090,35427,1580,5,3,13,0,1,1,1,1,1,1,1,1,1,0,1,0,0,0,0,0,0,1,0,0,0,0,0,1,0,1,1,0
40611608,셀토스,셀토스,49,1900,43464,1591,5,5,0,0,0,1,1,1,1,1,1,1,1,0,1,0,0,0,0,0,1,0,0,0,0,1,0,0,0,1,1,0
40637952,스포티지,스포티지 5세대 하이브리드,55,9999,44919,1598,5,5,2,0,1,1,1,1,1,1,1,1,1,0,1,0,0,0,0,0,0,1,0,0,0,0,0,0,1,1,1,0
40644704,K9,더 K9,14,2850,82165,3342,5,8,6,1,1,1,1,1,1,1,1,1,1,0,1,0,0,0,0,0,1,0,0,0,0,0,1,0,0,1,0,1
40648090,K8,더 뉴 K8 하이브리드,13,4950,6215,1598,5,1,0,1,1,1,1,1,1,1,1,1,1,0,1,0,0,0,0,0,0,1,0,0,0,0,0,1,0,1,0,1
40649387,스팅어,스팅어 마이스터,53,2630,65478,3342,5,5,9,0,1,1,1,1,1,1,1,1,1,0,1,0,0,0,0,0,1,0,0,0,0,1,0,0,0,1,0,1
40654941,카니발,카니발 4세대,85,2650,52000,2151,9,6,0,0,1,1,1,1,1,1,1,1,1,0,1,0,0,0,0,0,0,0,1,0,0,0,1,0,0,1,1,0
40656148,K5,K5 3세대,11,2250,41345,1999,5,5,2,0,1,1,1,1,1,1,1,1,1,0,1,0,0,0,0,0,1,0,0,0,0,1,0,0,0,1,0,1
40657017,카니발,카니발 4세대,85,4470,49864,3470,9,5,1,1,1,0,1,1,1,1,1,1,1,0,1,0,0,0,0,0,1,0,0,0,0,0,1,0,0,1,1,0
40657324,K7,K7 프리미어,12,2320,32384,2497,5,6,15,0,1,1,1,1,1,1,1,1,1,0,1,0,0,0,0,0,1,0,0,0,0,1,0,0,0,1,0,1
40660962,셀토스,셀토스,49,1919,76868,1591,5,4,5,0,1,1,1,1,1,1,1,1,1,0,1,0,0,0,0,0,1,0,0,0,0,1,0,0,0,1,1,0
40661808,K7,K7 프리미어,12,2370,42841,2999,5,7,5,0,1,1,1,1,1,1,1,1,1,0,1,0,0,0,0,0,1,0,0,0,0,0,0,1,0,1,0,1
40666209,카니발,카니발 4세대,85,3790,79152,3470,4,5,3,0,1,1,1,1,1,1,1,1,1,0,1,0,0,0,0,0,1,0,0,0,0,0,1,0,0,1,1,0
40667946,카니발,카니발 4세대,85,3570,79691,2151,7,3,0,1,1,1,1,1,1,1,1,1,1,0,1,0,0,0,0,0,0,0,1,0,0,0,1,0,0,1,1,0
40685135,스포티지,스포티지 더 볼드,55,1990,35447,1995,5,7,0,0,1,1,1,1,1,1,1,1,1,0,1,0,0,0,0,0,0,0,1,0,0,0,0,1,0,1,1,0
40703679,스팅어,스팅어 마이스터,53,2970,95028,2497,5,4,10,1,1,1,1,1,1,1,1,1,1,0,1,0,0,0,0,0,1,0,0,0,0,0,0,0,1,1,0,1
40705255,K5,더 뉴 K5 3세대,11,2400,10000,1999,5,2,2,0,0,0,0,0,0,0,0,0,0,0,1,0,0,0,0,0,1,0,0,0,0,0,1,0,0,1,0,1
40705477,카니발,더 뉴 카니발,85,2400,123834,2199,7,7,3,0,1,1,1,1,1,1,1,1,1,0,1,0,0,0,0,0,0,0,1,0,0,1,0,0,0,1,1,0
40707815,스포티지,스포티지 5세대,55,2499,84094,1598,5,5,13,0,1,1,1,1,1,1,1,1,1,0,1,0,0,0,0,0,1,0,0,0,0,0,1,0,0,1,1,0
40709908,레이,더 뉴 레이,34,9999,69748,998,5,7,2,0,0,0,0,0,0,0,0,0,0,0,1,0,0,0,0,0,1,0,0,0,0,1,0,0,0,1,0,1
40717590,쏘렌토,더 뉴 쏘렌토 4세대,58,4690,26534,1598,5,2,1,1,1,1,1,1,1,1,1,1,1,0,1,0,0,0,0,0,0,1,0,0,0,0,1,0,0,1,1,0
40719050,K5,K5,11,9999,168195,1999,5,14,11,0,0,1,1,0,0,1,0,0,1,0,1,0,0,0,0,1,0,0,0,0,0,0,0,1,0,1,0,1
40756289,카니발,카니발 4세대,85,2670,71864,2151,9,3,3,0,1,1,1,1,1,1,1,1,1,0,1,0,0,0,0,0,0,0,1,0,0,1,0,0,0,1,1,0
40756304,스포티지,스포티지 5세대,55,2580,98544,1598,5,5,2,1,1,1,1,1,1,1,1,1,1,0,1,0,0,0,0,0,1,0,0,0,0,1,0,0,0,1,1,0
40758140,K3,더 뉴 K3 2세대,10,1790,18429,1598,5,3,7,0,0,1,1,1,1,1,1,1,1,0,1,0,0,0,0,0,1,0,0,0,0,0,1,0,0,1,0,1
40759207,K5,K5 3세대,11,2050,110204,1598,5,6,3,0,1,1,1,1,1,1,1,1,1,0,1,0,0,0,0,0,1,0,0,0,0,1,0,0,0,1,0,1
40761861,K5,K5 3세대,11,1799,68539,1999,5,6,22,1,1,1,1,1,1,1,1,1,1,0,1,0,0,0,0,0,1,0,0,0,0,0,0,1,0,1,0,1
40762480,쏘렌토,더 뉴 쏘렌토,58,9999,102138,2199,5,9,2,0,1,1,1,1,1,1,1,1,1,0,1,0,0,0,0,0,0,0,1,0,0,0,1,0,0,1,1,0
40771120,타스만,타스만,97,5280,16000,2497,5,1,0,1,1,1,1,1,1,1,1,1,1,0,1,0,0,0,0,0,1,0,0,0,0,0,0,1,0,1,1,0
40771436,쏘렌토,더 뉴 쏘렌토 4세대,58,4350,18064,1598,5,3,2,1,1,1,1,1,1,1,1,1,1,0,1,0,0,0,0,0,0,1,0,0,0,0,0,1,0,1,1,0
40784864,카니발,카니발 4세대,85,2960,72161,3470,9,4,6,0,1,1,1,1,1,1,1,1,1,0,1,0,0,0,0,0,1,0,0,0,0,1,0,0,0,1,1,0
40787573,스포티지,스포티지 5세대 하이브리드,55,2640,56766,1598,5,2,22,1,1,1,1,1,1,1,1,1,1,0,1,0,0,0,0,0,0,1,0,0,0,1,0,0,0,1,1,0
40789388,쏘렌토,쏘렌토 4세대,58,2990,97227,2151,5,6,3,0,1,1,1,1,1,1,1,1,1,0,1,0,0,0,0,0,0,0,1,0,0,0,0,0,1,1,1,0
40797980,쏘렌토,쏘렌토 4세대,58,2990,64184,1598,5,6,0,1,1,1,1,1,1,1,1,1,1,0,1,0,0,0,0,0,0,1,0,0,0,0,0,0,1,1,1,0
40798032,모하비,모하비 더 마스터,43,4250,58804,2959,7,5,0,0,1,1,1,1,1,1,1,1,1,0,1,0,0,0,0,0,0,0,1,0,0,1,0,0,0,1,1,0
40802385,K9,더 K9,14,2280,113564,3342,5,8,2,0,1,1,1,1,1,1,1,1,1,0,1,0,0,0,0,0,1,0,0,0,0,1,0,0,0,1,0,1
40803137,K8,K8 하이브리드,13,3590,23966,1598,5,3,2,1,1,1,1,1,1,1,1,1,1,0,1,0,0,0,0,0,0,1,0,0,0,1,0,0,0,1,0,1
40804966,K5,K5 3세대,11,1820,112935,1598,5,5,3,0,1,1,1,1,1,1,1,1,1,0,1,0,0,0,0,0,1,0,0,0,0,0,1,0,0,1,0,1
40805332,쏘렌토,더 뉴 쏘렌토 4세대,58,4160,19108,1598,5,3,0,0,1,1,1,1,1,1,1,1,1,0,1,0,0,0,0,0,0,1,0,0,0,1,0,0,0,1,1,0
40806054,K9,더 K9,14,2250,102475,3342,5,7,2,0,0,0,0,0,0,0,0,0,0,0,1,0,0,0,0,0,1,0,0,0,0,0,1,0,0,1,0,1
40811706,스포티지,스포티지 5세대,55,2275,110743,1598,5,5,0,1,1,1,1,1,1,1,1,1,1,0,1,0,0,0,0,0,1,0,0,0,0,1,0,0,0,1,1,0
40813283,스포티지,스포티지 5세대 하이브리드,55,2880,98469,1598,5,4,3,1,1,1,1,1,1,1,1,1,1,0,1,0,0,0,0,0,0,1,0,0,0,1,0,0,0,1,1,0
40815018,EV6,더 뉴 EV6,3,3790,51756,120,5,2,2,0,1,1,1,1,1,1,1,1,1,0,1,0,0,0,0,0,0,0,0,1,0,1,0,0,0,1,0,1
40821133,쏘렌토,쏘렌토 4세대,58,2900,54305,1598,7,6,3,0,1,1,1,1,1,1,1,1,1,0,1,0,0,0,0,0,0,1,0,0,0,0,0,1,0,1,1,0
40824565,카니발,더 뉴 카니발,85,2699,42344,2199,9,8,3,0,1,1,1,1,1,1,1,1,1,0,1,0,0,0,0,0,0,0,1,0,0,1,0,0,0,1,1,0
40844652,스포티지,스포티지 5세대,55,9999,121691,1998,5,5,7,0,1,1,1,1,1,1,1,1,1,0,1,0,0,0,0,0,0,0,1,0,0,0,0,1,0,1,1,0
40846373,카니발,카니발 4세대,85,4490,84801,2151,9,3,2,0,1,1,1,1,1,1,1,1,1,0,1,0,0,0,0,0,0,0,1,0,0,1,0,0,0,1,1,0
40852007,쏘렌토,쏘렌토 4세대,58,4350,21347,1598,6,3,0,0,1,1,1,1,1,1,1,1,1,0,1,0,0,0,0,0,0,1,0,0,0,0,1,0,0,1,1,0
40852340,카니발,카니발 4세대,85,3800,73051,2151,9,5,1,0,1,1,1,1,1,1,1,1,1,0,1,0,0,0,0,0,0,0,1,0,0,1,0,0,0,1,1,0
40853194,스포티지,스포티지 5세대,55,2750,66537,1598,5,5,7,0,1,1,1,1,1,1,1,1,1,0,1,0,0,0,0,0,1,0,0,0,0,0,1,0,0,1,1,0
40853315,셀토스,셀토스,49,2500,57368,1591,5,4,0,0,1,1,1,1,1,1,1,1,1,0,1,0,0,0,0,0,1,0,0,0,0,0,0,1,0,1,1,0
40853593,쏘렌토,쏘렌토 4세대,58,3390,66152,2497,5,6,1,0,1,1,1,1,1,1,1,1,1,0,1,0,0,0,0,0,1,0,0,0,0,0,0,1,0,1,1,0
40861372,K8,더 뉴 K8 하이브리드,13,3520,758,1598,5,1,2,1,1,1,1,1,1,1,1,1,1,0,1,0,0,0,0,0,0,1,0,0,0,0,1,0,0,1,0,1
40861457,K5,더 뉴 K5 하이브리드 3세대,11,3140,845,1999,5,1,2,1,1,1,1,1,1,1,1,1,1,0,1,0,0,0,0,0,0,1,0,0,0,0,1,0,0,1,0,1
40864841,스포티지,스포티지 5세대,55,2200,108452,1998,5,5,0,0,1,1,1,1,1,1,1,1,1,0,1,0,0,0,0,0,0,0,1,0,0,1,0,0,0,1,1,0
40866565,모하비,모하비 더 마스터,43,3950,91121,2959,7,3,2,0,1,1,1,1,1,1,1,1,1,0,1,0,0,0,0,0,0,0,1,0,0,0,1,0,0,1,1,0
40866908,니로,디 올 뉴 니로,29,2570,39390,1580,5,4,0,0,0,1,1,1,1,1,1,1,1,0,1,0,0,0,0,0,0,1,0,0,0,0,0,0,1,1,1,0
40870176,쏘렌토,쏘렌토 4세대,58,2590,65429,2497,5,5,8,0,1,1,1,1,1,1,1,1,1,0,1,0,0,0,0,0,1,0,0,0,0,0,1,0,0,1,1,0
40872915,K8,K8,13,2970,65670,2497,5,3,5,0,1,1,1,1,1,1,1,1,1,0,1,0,0,0,0,0,1,0,0,0,0,0,1,0,0,1,0,1
40873540,쏘렌토,쏘렌토 4세대,58,2450,124601,1598,5,4,0,0,1,1,1,1,1,0,1,1,1,0,1,0,0,0,0,0,0,1,0,0,0,0,0,0,1,1,1,0
40874529,타스만,타스만,97,1830,2475,2497,5,1,2,0,1,1,1,1,1,1,1,1,1,0,1,0,0,0,0,0,1,0,0,0,0,0,0,0,1,1,1,0
40877765,K5,K5 3세대,11,2270,64228,1598,5,6,3,1,1,1,1,1,1,1,1,1,1,0,1,0,0,0,0,0,1,0,0,0,0,1,0,0,0,1,0,1
40881077,스포티지,스포티지 5세대,55,2320,84320,1998,5,5,0,0,1,1,1,1,1,1,1,1,1,0,1,0,0,0,0,0,0,0,1,0,0,1,0,0,0,1,1,0
40881989,K7,K7 프리미어 하이브리드,12,2399,97672,2359,5,6,2,0,1,1,1,1,1,1,1,1,1,0,1,0,0,0,0,0,0,1,0,0,0,0,1,0,0,1,0,1
40883744,모하비,모하비 더 마스터,43,3860,55842,2959,6,5,1,1,1,1,1,1,1,1,1,1,1,0,1,0,0,0,0,0,0,0,1,0,0,0,1,0,0,1,1,0
40886130,카니발,더 뉴 카니발,85,9999,151984,2199,9,6,2,0,0,1,1,1,1,1,1,1,1,0,1,0,0,0,0,0,0,0,1,0,0,1,0,0,0,1,1,0
40889125,쏘렌토,쏘렌토 4세대,58,3190,68530,2151,6,6,0,0,1,1,1,1,1,1,1,1,1,0,1,0,0,0,0,0,0,0,1,0,0,0,1,0,0,1,1,0
40889532,카니발,카니발 4세대,85,2170,167305,2151,7,5,0,0,1,1,1,1,1,1,1,1,1,0,1,0,0,0,0,0,0,0,1,0,0,0,0,0,1,1,1,0
40892121,모하비,모하비 더 마스터,43,5790,42212,2959,5,3,0,1,1,1,1,1,1,1,1,1,1,0,1,0,0,0,0,0,0,0,1,0,0,0,1,0,0,1,1,0
40893201,모하비,모하비 더 마스터,43,5990,22541,2959,5,4,0,1,1,1,1,1,1,1,1,1,1,0,1,0,0,0,0,0,0,0,1,0,0,0,1,0,0,1,1,0
40893691,모하비,모하비 더 마스터,43,2700,125705,2959,5,6,3,1,1,1,1,1,1,1,1,1,1,0,1,0,0,0,0,0,0,0,1,0,0,0,1,0,0,1,1,0
40898730,모하비,모하비 더 마스터,43,5390,51318,2959,5,3,0,1,1,1,1,1,1,1,1,1,1,0,1,0,0,0,0,0,0,0,1,0,0,0,1,0,0,1,1,0
40899723,K8,K8 하이브리드,13,2490,95252,1598,5,4,0,0,1,1,1,1,1,1,1,1,1,0,1,0,0,0,0,0,0,1,0,0,0,1,0,0,0,1,0,1
40901405,K9,더 뉴 K9 2세대,14,4290,24085,3778,5,3,2,0,1,1,1,1,1,1,1,1,1,0,1,0,0,0,0,0,1,0,0,0,0,0,1,0,0,1,0,1
40901495,K5,K5 3세대,11,1999,12021,1999,5,5,10,0,1,1,1,1,1,1,1,1,1,0,1,0,0,0,0,0,1,0,0,0,0,0,1,0,0,1,0,1
40902344,스포티지,스포티지 5세대,55,2399,90926,1598,5,4,1,0,1,1,1,1,1,0,1,1,1,0,1,0,0,0,0,0,1,0,0,0,0,1,0,0,0,1,1,0
40902649,EV6,더 뉴 EV6,3,3820,17338,120,5,2,0,0,1,1,1,1,1,1,1,1,1,0,1,0,0,0,0,0,0,0,0,1,0,1,0,0,0,1,0,1
40916505,스팅어,스팅어 마이스터,53,2900,49871,2497,5,5,8,1,1,1,1,1,1,1,1,1,1,0,1,0,0,0,0,0,1,0,0,0,0,1,0,0,0,1,0,1
40916802,쏘렌토,쏘렌토 4세대,58,2899,74342,2151,5,6,0,1,1,1,1,1,1,1,1,1,1,0,1,0,0,0,0,0,0,0,1,0,0,0,1,0,0,1,1,0
40916991,쏘렌토,쏘렌토 4세대,58,2299,142456,2151,5,6,5,1,1,1,1,1,1,1,1,1,1,0,1,0,0,0,0,0,0,0,1,0,0,0,1,0,0,1,1,0
40917220,카니발,카니발 4세대,85,3140,40427,3470,9,5,4,0,1,1,1,1,1,1,1,1,1,0,1,0,0,0,0,0,1,0,0,0,0,0,1,0,0,1,1,0
40917870,K5,K5 3세대,11,2050,55742,1999,5,6,6,1,1,1,1,1,1,1,1,1,1,0,1,0,0,0,0,0,1,0,0,0,0,1,0,0,0,1,0,1
40918027,모하비,모하비 더 마스터,43,3250,53366,2959,5,6,1,0,1,1,1,1,1,1,1,1,1,0,1,0,0,0,0,0,0,0,1,0,0,0,0,1,0,1,1,0
40919055,카니발,카니발 4세대,85,2450,112705,2151,9,3,0,0,1,1,1,1,1,1,1,1,1,0,1,0,0,0,0,0,0,0,1,0,0,0,1,0,0,1,1,0
40921081,모하비,더 뉴 모하비,43,1930,79806,2959,5,9,3,0,1,1,1,1,1,1,1,1,1,0,1,0,0,0,0,0,0,0,1,0,0,0,1,0,0,1,1,0
40922035,쏘렌토,쏘렌토 4세대,58,3450,49084,1598,5,4,1,0,1,1,1,1,1,0,1,1,1,0,1,0,0,0,0,0,0,1,0,0,0,1,0,0,0,1,1,0
40922604,셀토스,셀토스,49,2050,94096,1591,5,5,0,0,1,1,1,1,1,1,1,1,1,0,1,0,0,0,0,0,1,0,0,0,0,1,0,0,0,1,1,0
40922936,K5,K5 3세대,11,1830,112332,1598,5,5,5,0,1,1,1,1,1,1,1,1,1,0,1,0,0,0,0,0,1,0,0,0,0,0,1,0,0,1,0,1
40923034,모하비,모하비 더 마스터,43,3740,85832,2959,7,5,0,1,1,1,1,1,1,1,1,1,1,0,1,0,0,0,0,0,0,0,1,0,0,0,1,0,0,1,1,0
40923298,카니발,카니발 4세대,85,2850,92222,2151,9,3,1,1,1,1,1,1,1,1,1,1,1,0,1,0,0,0,0,0,0,0,1,0,0,0,1,0,0,1,1,0
40924780,K5,K5 3세대,11,2370,33438,1999,5,6,0,0,1,1,1,1,1,1,1,1,1,0,1,0,0,0,0,0,1,0,0,0,0,0,1,0,0,1,0,1
40925311,쏘렌토,쏘렌토 4세대,58,2550,105044,1598,5,5,24,1,1,1,1,1,1,1,1,1,1,0,1,0,0,0,0,0,0,1,0,0,0,0,0,0,1,1,1,0
40926019,쏘렌토,쏘렌토 4세대,58,3750,79306,2497,6,5,0,0,1,1,1,1,1,1,1,1,1,0,1,0,0,0,0,0,1,0,0,0,0,1,0,0,0,1,1,0
40928034,카니발,더 뉴 카니발 4세대,85,4350,14561,2151,9,2,0,1,1,1,1,1,1,1,1,1,1,0,1,0,0,0,0,0,0,0,1,0,0,1,0,0,0,1,1,0
40928294,쏘렌토,쏘렌토 4세대,58,3350,68045,1598,5,5,2,0,1,1,1,1,1,1,1,1,1,0,1,0,0,0,0,0,0,1,0,0,0,1,0,0,0,1,1,0
40928893,쏘렌토,쏘렌토 4세대,58,2350,108301,2497,7,4,5,0,1,1,1,1,1,1,1,0,1,0,1,0,0,0,0,0,1,0,0,0,0,1,0,0,0,1,1,0
40930076,쏘렌토,쏘렌토 4세대,58,2690,70297,2151,5,5,1,0,1,1,1,1,1,1,1,1,1,0,1,0,0,0,0,0,0,0,1,0,0,0,1,0,0,1,1,0
40931308,스포티지,스포티지 5세대,55,2750,48394,1598,5,4,3,0,1,1,1,1,1,1,1,1,1,0,1,0,0,0,0,0,1,0,0,0,0,1,0,0,0,1,1,0
40931364,스포티지,스포티지 5세대,55,2950,17417,1598,5,3,0,0,1,1,1,1,1,1,1,1,1,0,1,0,0,0,0,0,1,0,0,0,0,0,0,1,0,1,1,0
40931583,카니발,카니발 4세대,85,9999,55235,2151,9,5,5,0,1,1,1,1,1,1,1,1,1,0,1,0,0,0,0,0,0,0,1,0,0,0,0,1,0,1,1,0
40934909,모하비,모하비 더 마스터,43,4140,41728,2959,7,5,0,1,1,1,1,1,1,1,1,1,1,0,1,0,0,0,0,0,0,0,1,0,0,0,1,0,0,1,1,0
40937064,스포티지,스포티지 5세대,55,3190,11981,1598,5,2,0,0,1,1,1,1,1,1,1,1,1,0,1,0,0,0,0,0,1,0,0,0,0,1,0,0,0,1,1,0
40939718,쏘렌토,더 뉴 쏘렌토 4세대,58,4390,47197,2151,5,3,5,1,1,1,1,1,1,1,1,1,1,0,1,0,0,0,0,0,0,0,1,0,0,0,1,0,0,1,1,0
40943698,K9,더 K9,14,1930,154901,3778,5,8,1,0,1,1,1,1,1,1,1,1,1,0,1,0,0,0,0,0,1,0,0,0,0,0,0,1,0,1,0,1
40945971,K8,K8 하이브리드,13,3130,41512,1598,5,5,4,1,1,1,1,1,1,1,1,1,1,0,1,0,0,0,0,0,0,1,0,0,0,0,1,0,0,1,0,1
40947253,카니발,카니발 4세대,85,2680,109954,2151,9,6,0,1,1,1,1,1,1,1,1,1,1,0,1,0,0,0,0,0,0,0,1,0,0,0,1,0,0,1,1,0
40947320,K8,K8,13,2550,83790,2497,5,5,2,0,1,1,1,1,1,1,1,1,1,0,1,0,0,0,0,0,1,0,0,0,0,0,0,0,1,1,0,1
40951441,K9,더 K9,14,2800,78176,3342,5,8,1,0,1,1,1,1,1,1,1,1,1,0,1,0,0,0,0,0,1,0,0,0,0,0,0,1,0,1,0,1
40951484,카니발,카니발 4세대,85,2399,91812,2151,9,5,5,0,1,1,1,1,1,1,1,1,1,0,1,0,0,0,0,0,0,0,1,0,0,1,0,0,0,1,1,0
40951552,쏘렌토,쏘렌토 4세대,58,1890,195151,2151,5,6,1,0,1,1,1,1,1,1,1,1,1,0,1,0,0,0,0,0,0,0,1,0,0,0,1,0,0,1,1,0
40953881,카니발,카니발 4세대,85,4430,64168,2151,9,5,0,0,1,1,1,1,1,1,1,1,1,0,1,0,0,0,0,0,0,0,1,0,0,0,1,0,0,1,1,0
40954102,K8,K8 하이브리드,13,2799,60348,1598,5,5,0,0,1,1,1,1,1,1,1,1,1,0,1,0,0,0,0,0,0,1,0,0,0,0,1,0,0,1,0,1
40958697,K5,K5 3세대,11,2290,58488,1598,5,5,3,0,1,1,1,1,1,1,1,1,1,0,1,0,0,0,0,0,1,0,0,0,0,0,0,1,0,1,0,1
40962103,카니발,카니발 4세대,85,2400,142534,2151,9,5,1,0,1,1,1,1,1,0,1,1,1,0,1,0,0,0,0,0,0,0,1,0,0,1,0,0,0,1,1,0
40965961,카니발,카니발 4세대,85,3090,50256,2151,7,6,7,0,1,1,1,1,1,1,1,1,1,0,1,0,0,0,0,0,0,0,1,0,0,0,1,0,0,1,1,0
40966290,셀토스,셀토스,49,1890,58905,1591,5,5,5,0,1,1,1,0,1,0,1,1,1,0,1,0,0,0,0,0,1,0,0,0,0,0,1,0,0,1,1,0
40966741,모하비,모하비 더 마스터,43,3790,51718,2959,5,3,7,1,1,1,1,1,1,1,1,1,1,0,1,0,0,0,0,0,0,0,1,0,0,0,1,0,0,1,1,0
40967084,스포티지,더 뉴 스포티지 5세대,55,2537,9000,1598,5,1,2,1,1,1,1,1,1,1,1,1,1,0,1,0,0,0,0,0,1,0,0,0,0,1,0,0,0,1,1,0
40969716,K8,K8,13,3550,7742,2497,5,4,0,0,1,1,1,1,1,1,1,1,1,0,1,0,0,0,0,0,1,0,0,0,0,0,1,0,0,1,0,1
40971143,K8,K8,13,2350,28361,2497,5,2,8,0,1,1,1,1,1,1,1,1,1,0,1,0,0,0,0,0,1,0,0,0,0,0,1,0,0,1,0,1
40972344,카니발,카니발 4세대,85,2650,97100,2151,7,6,9,0,1,1,1,1,1,1,1,1,1,0,1,0,0,0,0,0,0,0,1,0,0,0,1,0,0,1,1,0
40975665,카니발,카니발 4세대,85,2199,169071,2151,7,6,5,1,1,1,1,1,1,1,1,1,1,0,1,0,0,0,0,0,0,0,1,0,0,0,0,0,1,1,1,0
40979415,카니발,카니발 4세대,85,2450,144959,3470,9,4,2,0,1,1,1,1,1,1,1,1,1,0,1,0,0,0,0,0,1,0,0,0,0,1,0,0,0,1,1,0
40983887,스포티지,스포티지 5세대 하이브리드,55,3300,75010,1598,5,4,3,0,1,1,1,1,1,1,1,1,1,0,1,0,0,0,0,0,0,1,0,0,0,0,1,0,0,1,1,0
40989215,스포티지,스포티지 5세대,55,2860,71172,1598,5,4,0,1,1,1,1,1,1,1,1,1,1,0,1,0,0,0,0,0,1,0,0,0,0,0,0,1,0,1,1,0
40989405,모하비,모하비 더 마스터,43,3790,50352,2959,7,5,1,0,1,1,1,1,1,1,1,1,1,0,1,0,0,0,0,0,0,0,1,0,0,0,1,0,0,1,1,0
40989417,카니발,더 뉴 카니발 4세대,85,4490,15157,2151,7,2,4,0,1,1,1,1,1,1,1,1,1,0,1,0,0,0,0,0,0,0,1,0,0,1,0,0,0,1,1,0
40989670,카니발,카니발 4세대,85,2650,64874,2151,9,4,3,0,1,1,1,1,1,1,1,1,1,0,1,0,0,0,0,0,0,0,1,0,0,1,0,0,0,1,1,0
40989943,니로,디 올 뉴 니로,29,3350,8110,1580,5,1,0,0,1,1,1,1,1,1,1,1,1,0,1,0,0,0,0,0,0,1,0,0,0,1,0,0,0,1,1,0
40991567,카니발,더 뉴 카니발 4세대,85,3200,73369,2151,9,2,3,0,1,1,1,1,1,1,1,1,1,0,1,0,0,0,0,0,0,0,1,0,0,1,0,0,0,1,1,0
40995630,카니발,카니발 4세대,85,2420,111436,2151,9,6,2,0,1,1,1,1,1,1,1,1,1,0,1,0,0,0,0,0,0,0,1,0,0,0,1,0,0,1,1,0
41000376,쏘렌토,쏘렌토 4세대,58,3790,21068,1598,7,5,0,1,1,1,1,1,1,1,1,1,1,0,1,0,0,0,0,0,0,1,0,0,0,1,0,0,0,1,1,0
41005266,스포티지,스포티지 5세대,55,2599,97082,1598,5,5,0,1,1,1,1,1,1,1,1,1,1,0,1,0,0,0,0,0,1,0,0,0,0,0,1,0,0,1,1,0
41005318,카니발,카니발 4세대,85,2590,59820,2151,9,4,6,0,1,1,1,1,1,1,1,1,1,0,1,0,0,0,0,0,0,0,1,0,0,1,0,0,0,1,1,0
41007494,쏘렌토,쏘렌토 4세대,58,4091,36950,1598,6,4,0,1,1,1,1,1,1,1,1,1,1,0,1,0,0,0,0,0,0,1,0,0,0,1,0,0,0,1,1,0
41009576,K5,K5 3세대,11,1790,71338,1598,5,6,8,0,1,1,1,1,1,1,1,1,1,0,1,0,0,0,0,0,1,0,0,0,0,0,1,0,0,1,0,1
41010302,카니발,카니발 4세대,85,2875,58854,2151,9,4,2,0,1,1,1,1,1,1,1,1,1,0,1,0,0,0,0,0,0,0,1,0,0,1,0,0,0,1,1,0
41010393,모하비,모하비 더 마스터,43,5100,17672,2959,6,3,1,1,1,1,1,1,1,1,1,1,1,0,1,0,0,0,0,0,0,0,1,0,0,0,1,0,0,1,1,0
41010419,K7,K7 프리미어,12,1800,149881,2999,5,6,0,0,1,1,1,1,1,1,1,1,1,0,1,0,0,0,0,1,0,0,0,0,0,0,1,0,0,1,0,1
41013818,카니발,더 뉴 카니발 4세대,85,5150,89116,2151,9,2,1,0,1,1,1,1,1,1,1,1,1,0,1,0,0,0,0,0,0,0,1,0,0,0,1,0,0,1,1,0
41014138,모하비,모하비 더 마스터,43,4380,39714,2959,6,4,1,1,1,1,1,1,1,1,1,1,1,0,1,0,0,0,0,0,0,0,1,0,0,0,1,0,0,1,1,0
41014649,쏘렌토,쏘렌토 4세대,58,3400,32940,1598,5,4,0,0,1,1,1,1,1,1,1,1,1,0,1,0,0,0,0,0,0,1,0,0,0,0,0,1,0,1,1,0
41018424,스포티지,스포티지 더 볼드,55,1780,52657,1995,5,7,2,0,1,1,1,0,1,0,1,1,1,0,1,0,0,0,0,0,0,0,1,0,0,0,1,0,0,1,1,0
41019260,카니발,카니발 4세대,85,3090,60233,2151,9,3,9,0,1,1,1,1,1,1,1,1,1,0,1,0,0,0,0,0,0,0,1,0,0,1,0,0,0,1,1,0
41031239,카니발,카니발 4세대,85,3230,43384,2151,9,5,0,0,1,1,1,1,1,1,1,1,1,0,1,0,0,0,0,0,0,0,1,0,0,1,0,0,0,1,1,0
41033431,쏘렌토,더 뉴 쏘렌토,58,2270,44657,1998,5,7,1,0,1,1,1,1,1,1,1,1,1,0,1,0,0,0,0,0,1,0,0,0,0,0,0,1,0,1,1,0
41037028,쏘렌토,쏘렌토 4세대,58,2950,50865,2151,5,5,3,0,1,1,1,1,1,1,1,1,1,0,1,0,0,0,0,0,0,0,1,0,0,1,0,0,0,1,1,0
41038014,셀토스,셀토스,49,2490,24419,1591,5,4,0,0,1,1,1,1,1,1,1,1,1,0,1,0,0,0,0,0,1,0,0,0,0,1,0,0,0,1,1,0
41038370,카니발,카니발 4세대,85,2580,63132,2151,9,4,3,0,1,1,1,1,1,1,1,1,1,0,1,0,0,0,0,0,0,0,1,0,0,1,0,0,0,1,1,0
41038647,K5,K5 3세대,11,1880,93035,1598,5,6,8,1,1,1,1,1,1,1,1,1,1,0,1,0,0,0,0,0,1,0,0,0,0,0,0,0,1,1,0,1
41043186,K5,K5 3세대,11,2100,47882,1598,5,6,0,0,1,1,1,1,1,1,1,1,1,0,1,0,0,0,0,0,1,0,0,0,0,0,1,0,0,1,0,1
41049516,K9,더 K9,14,2550,109004,3342,5,7,4,0,1,1,1,1,1,1,1,1,1,0,1,0,0,0,0,0,1,0,0,0,0,0,1,0,0,1,0,1
41051181,쏘렌토,쏘렌토 4세대,58,3130,5586,2497,5,3,0,0,1,1,1,1,1,1,1,1,1,0,1,0,0,0,0,0,1,0,0,0,0,0,1,0,0,1,1,0
41052751,K5,K5 3세대,11,2270,67946,1598,5,5,0,1,1,1,1,1,1,1,1,1,1,0,1,0,0,0,0,0,1,0,0,0,0,0,1,0,0,1,0,1
41052832,카니발,카니발 4세대,85,3190,77628,2151,9,4,1,0,1,1,1,1,1,1,1,1,1,0,1,0,0,0,0,0,0,0,1,0,0,1,0,0,0,1,1,0
41053051,스포티지,스포티지 5세대,55,2580,64862,1998,5,4,6,0,1,1,1,1,1,1,1,1,1,0,1,0,0,0,0,0,0,0,1,0,0,1,0,0,0,1,1,0
41056481,카니발,카니발 4세대,85,2100,170990,2151,7,6,10,1,1,1,1,1,1,1,1,1,1,0,1,0,0,0,0,0,0,0,1,0,0,0,1,0,0,1,1,0
41063070,니로,더 뉴 니로,29,1790,101116,1580,5,6,3,1,1,1,1,1,1,1,1,1,1,0,1,0,0,0,0,0,0,1,0,0,0,0,0,1,0,1,1,0
41064639,K3,더 뉴 K3 2세대,10,1710,50722,1598,5,4,13,0,1,1,1,1,1,1,1,1,1,0,1,0,0,0,0,0,1,0,0,0,0,1,0,0,0,1,0,1
41064808,K5,K5 3세대,11,2380,62304,1598,5,5,1,1,1,1,1,1,1,1,1,1,1,0,1,0,0,0,0,0,1,0,0,0,0,0,1,0,0,1,0,1
41069214,쏘렌토,쏘렌토 4세대,58,3850,59794,1598,5,5,2,0,1,1,1,1,1,1,1,1,1,0,1,0,0,0,0,0,0,1,0,0,0,0,1,0,0,1,1,0
41070254,스포티지,스포티지 5세대,55,3150,17799,1598,5,5,0,1,1,1,1,1,1,1,1,1,1,0,1,0,0,0,0,0,1,0,0,0,0,1,0,0,0,1,1,0
41071847,스포티지,스포티지 5세대,55,2490,33530,1598,5,3,18,1,1,1,1,1,1,1,1,1,1,0,1,0,0,0,0,0,1,0,0,0,0,0,1,0,0,1,1,0
41073960,카니발,더 뉴 카니발 4세대,85,4350,38946,3470,7,3,1,1,1,1,1,1,1,1,1,1,1,0,1,0,0,0,0,0,1,0,0,0,0,0,1,0,0,1,1,0
41075548,쏘렌토,쏘렌토 4세대,58,2620,83625,2151,5,6,1,0,1,1,1,1,1,1,1,1,1,0,1,0,0,0,0,0,0,0,1,0,0,1,0,0,0,1,1,0
41077137,쏘렌토,더 뉴 쏘렌토 4세대,58,3740,39885,2497,5,3,0,0,1,1,1,1,1,1,1,1,1,0,1,0,0,0,0,0,1,0,0,0,0,0,1,0,0,1,1,0
41085090,쏘렌토,쏘렌토 4세대,58,3790,40161,1598,5,5,0,0,1,1,1,1,1,1,1,1,1,0,1,0,0,0,0,0,0,1,0,0,0,0,1,0,0,1,1,0
41085220,K5,더 뉴 K5 하이브리드 3세대,11,3080,37768,1999,5,2,10,0,1,1,1,1,1,1,1,1,1,0,1,0,0,0,0,0,0,1,0,0,0,0,1,0,0,1,0,1
41085315,카니발,더 뉴 카니발 4세대,85,6950,27656,1598,9,2,2,0,1,1,1,1,1,1,1,1,1,0,1,0,0,0,0,0,0,1,0,0,0,0,1,0,0,1,1,0
41087712,카니발,카니발 4세대,85,3199,57195,2151,9,6,0,1,1,1,1,1,1,1,1,1,1,0,1,0,0,0,0,0,0,0,1,0,0,1,0,0,0,1,1,0
41088256,K8,K8,13,2520,70162,2497,5,5,12,0,1,1,1,1,1,1,1,1,1,0,1,0,0,0,0,0,1,0,0,0,0,0,0,0,1,1,0,1
41088478,쏘렌토,쏘렌토 4세대,58,2870,76649,1598,5,5,6,0,1,1,1,1,1,1,1,1,1,0,1,0,0,0,0,0,0,1,0,0,0,0,1,0,0,1,1,0
41088518,K5,K5 3세대,11,2190,89488,1598,5,6,4,1,1,1,1,1,1,1,1,1,1,0,1,0,0,0,0,0,1,0,0,0,0,0,0,1,0,1,0,1
41091159,K8,더 뉴 K8 하이브리드,13,3206,759,1598,5,1,2,0,1,1,1,1,1,1,1,1,1,0,1,0,0,0,0,0,0,1,0,0,0,0,1,0,0,1,0,1
41091663,카니발,카니발 4세대,85,4950,44855,3470,9,5,3,0,1,1,1,1,1,1,1,1,1,0,1,0,0,0,0,0,1,0,0,0,0,0,1,0,0,1,1,0
41093813,카니발,카니발 4세대,85,2380,156226,2151,9,6,0,1,1,1,1,1,1,1,1,1,1,0,1,0,0,0,0,0,0,0,1,0,0,1,0,0,0,1,1,0
41095154,카니발,카니발 4세대,85,4191,30821,2151,7,3,0,1,1,1,1,1,1,1,1,1,1,0,1,0,0,0,0,0,0,0,1,0,0,1,0,0,0,1,1,0
41096111,스포티지,스포티지 5세대 하이브리드,55,2950,71756,1598,5,5,2,1,1,1,1,1,1,1,1,1,1,0,1,0,0,0,0,0,0,1,0,0,0,0,1,0,0,1,1,0
41096135,K8,K8,13,2850,69200,2497,5,4,3,1,1,1,1,1,1,1,1,1,1,0,1,0,0,0,0,0,1,0,0,0,0,0,0,1,0,1,0,1
41097149,타스만,타스만,97,4750,12464,2497,5,1,0,1,1,1,1,1,1,1,1,1,1,0,1,0,0,0,0,0,1,0,0,0,0,0,0,1,0,1,1,0
41102776,쏘렌토,더 뉴 쏘렌토 4세대,58,4150,12670,1598,5,2,2,1,1,1,1,1,1,1,1,1,1,0,1,0,0,0,0,0,0,1,0,0,0,1,0,0,0,1,1,0
41103117,쏘렌토,더 뉴 쏘렌토,58,2550,62315,2199,7,7,0,0,1,1,1,1,1,1,1,1,1,0,1,0,0,0,0,0,0,0,1,0,0,1,0,0,0,1,1,0
41103858,K5,K5 3세대,11,2650,52623,1598,5,5,2,1,1,1,1,1,1,1,1,1,1,0,1,0,0,0,0,0,1,0,0,0,0,1,0,0,0,1,0,1
41108022,K5,K5 3세대,11,2780,28715,1598,5,5,1,1,1,1,1,1,1,1,1,1,1,0,1,0,0,0,0,0,1,0,0,0,0,0,1,0,0,1,0,1
41108686,K9,더 K9,14,2350,119189,3778,5,8,10,0,1,1,1,1,1,1,1,1,1,0,1,0,0,0,0,0,1,0,0,0,0,0,1,0,0,1,0,1
41109535,K7,K7 프리미어,12,1950,70520,2497,5,7,3,0,1,1,1,1,1,1,1,1,1,0,1,0,0,0,0,0,1,0,0,0,0,0,0,1,0,1,0,1
41110571,EV6,EV6,3,3330,44563,111,5,4,6,0,1,1,1,1,1,1,1,1,1,0,1,0,0,0,0,0,0,0,0,1,0,0,1,0,0,1,0,1
41111199,카니발,카니발 4세대,85,2390,85938,2151,9,5,3,0,1,1,1,1,1,1,1,1,1,0,1,0,0,0,0,0,0,0,1,0,0,0,1,0,0,1,1,0
41113072,카니발,카니발 4세대,85,2950,67746,2151,9,4,3,0,1,1,1,1,1,1,1,1,1,0,1,0,0,0,0,0,0,0,1,0,0,1,0,0,0,1,1,0
41114065,K8,K8,13,2550,54780,2497,5,5,4,0,1,1,1,1,1,1,1,1,1,0,1,0,0,0,0,0,1,0,0,0,0,0,0,1,0,1,0,1
41114200,K7,K7 프리미어,12,1899,92089,2999,5,6,11,0,1,1,1,1,1,1,1,1,1,0,1,0,0,0,0,1,0,0,0,0,0,1,0,0,0,1,0,1
41115431,스포티지,스포티지 5세대,55,2390,43754,1598,5,3,11,0,1,1,1,0,1,1,1,1,1,0,1,0,0,0,0,0,1,0,0,0,0,0,0,1,0,1,1,0
41116483,카니발,카니발 4세대,85,3450,74754,2151,7,5,1,0,1,1,1,1,1,1,1,1,1,0,1,0,0,0,0,0,0,0,1,0,0,1,0,0,0,1,1,0
41119082,K8,K8,13,2150,134070,2497,5,5,7,0,1,1,1,1,1,1,1,1,1,0,1,0,0,0,0,0,1,0,0,0,0,0,0,1,0,1,0,1
41120364,카니발,카니발 4세대,85,2400,94424,2151,9,5,7,0,1,1,1,1,1,1,1,1,1,0,1,0,0,0,0,0,0,0,1,0,0,1,0,0,0,1,1,0
41120524,스포티지,스포티지 5세대,55,1990,79888,1998,5,5,2,0,1,1,0,0,1,0,1,0,1,0,1,0,0,0,0,0,0,0,1,0,0,0,0,1,0,1,1,0
41121473,쏘렌토,쏘렌토 4세대,58,2280,156238,2151,5,6,3,0,1,1,1,1,1,1,1,1,1,0,1,0,0,0,0,0,0,0,1,0,0,1,0,0,0,1,1,0
41123801,카니발,카니발 4세대,85,2630,81647,2151,9,6,0,0,1,1,1,1,1,1,1,1,1,0,1,0,0,0,0,0,0,0,1,0,0,0,0,0,1,1,1,0
41123872,카니발,카니발 4세대,85,3550,34489,2151,9,3,7,1,1,1,1,1,1,1,1,1,1,0,1,0,0,0,0,0,0,0,1,0,0,1,0,0,0,1,1,0
41125193,K8,K8 하이브리드,13,2860,43042,1598,5,4,5,0,1,1,1,1,1,1,1,1,1,0,1,0,0,0,0,0,0,1,0,0,0,0,1,0,0,1,0,1
41125277,EV6,EV6,3,3440,38432,111,5,4,5,0,1,1,1,1,1,1,1,1,1,0,1,0,0,0,0,0,0,0,0,1,0,0,1,0,0,1,0,1
41125477,카니발,카니발 4세대,85,3170,99602,3470,9,5,1,0,1,1,1,1,1,1,1,1,1,0,1,0,0,0,0,0,1,0,0,0,0,1,0,0,0,1,1,0
41125834,쏘렌토,쏘렌토 4세대,58,2920,85280,1598,5,5,13,0,1,1,1,1,1,1,1,1,1,0,1,0,0,0,0,0,0,1,0,0,0,0,0,1,0,1,1,0
41126332,쏘렌토,더 뉴 쏘렌토 4세대,58,5880,45,2151,5,1,0,1,1,1,1,1,1,1,1,1,1,0,1,0,0,0,0,0,0,0,1,0,0,1,0,0,0,1,1,0
41127162,셀토스,셀토스,49,2250,49984,1591,5,6,0,1,1,1,1,1,1,1,1,1,1,0,1,0,0,0,0,0,1,0,0,0,0,1,0,0,0,1,1,0
41129354,카니발,카니발 4세대,85,2599,130181,3470,7,6,1,0,1,1,1,1,1,1,1,1,1,0,1,0,0,0,0,0,1,0,0,0,0,1,0,0,0,1,1,0
41131457,셀토스,셀토스,49,2040,55912,1591,5,6,2,0,1,1,1,1,1,1,1,1,1,0,1,0,0,0,0,0,1,0,0,0,0,1,0,0,0,1,1,0
41132059,스포티지,스포티지 5세대,55,2650,45421,1998,5,5,2,0,1,1,1,1,1,1,1,1,1,0,1,0,0,0,0,0,0,0,1,0,0,0,1,0,0,1,1,0
41132102,K3,더 뉴 K3 2세대,10,2500,30382,1591,5,4,0,1,1,1,1,1,1,1,1,1,1,0,1,0,0,0,0,0,1,0,0,0,0,0,0,1,0,1,0,1
41136787,스포티지,스포티지 5세대,55,2000,89997,1998,5,5,3,0,1,1,1,1,1,1,1,0,1,0,1,0,0,0,0,0,0,0,1,0,0,0,0,1,0,1,1,0
41139351,스팅어,스팅어 마이스터,53,3250,49041,2497,5,5,0,1,1,1,1,1,1,1,1,1,1,0,1,0,0,0,0,0,1,0,0,0,0,0,0,0,1,1,0,1
41140404,카니발,카니발 4세대,85,2290,101620,2151,9,5,27,0,1,1,1,1,1,1,1,1,1,0,1,0,0,0,0,0,0,0,1,0,0,0,1,0,0,1,1,0
41140464,쏘렌토,쏘렌토 4세대,58,3190,64373,1598,5,4,0,1,1,1,1,1,1,0,1,1,1,0,1,0,0,0,0,0,0,1,0,0,0,1,0,0,0,1,1,0
41140589,K8,K8,13,2080,105750,3470,5,4,2,0,1,1,1,1,1,1,1,1,1,0,1,0,0,0,0,1,0,0,0,0,0,0,0,1,0,1,0,1
41142260,카니발,카니발 4세대,85,3450,49615,2151,9,4,7,0,1,1,1,1,1,1,1,1,1,0,1,0,0,0,0,0,0,0,1,0,0,1,0,0,0,1,1,0
41143443,스포티지,스포티지 5세대,55,2070,115089,1998,5,4,0,0,1,1,1,1,1,1,1,1,1,0,1,0,0,0,0,0,0,0,1,0,0,1,0,0,0,1,1,0
41145615,카니발,카니발 4세대,85,4290,13132,3470,9,3,3,0,1,1,1,1,1,1,1,1,1,0,1,0,0,0,0,0,1,0,0,0,0,0,1,0,0,1,1,0
41145672,K5,K5 3세대,11,2090,39777,1598,5,5,2,0,1,1,1,1,1,1,1,1,1,0,1,0,0,0,0,0,1,0,0,0,0,0,0,1,0,1,0,1
41145673,EV6,EV6,3,3300,48830,111,5,4,5,0,1,1,1,1,1,1,1,1,1,0,1,0,0,0,0,0,0,0,0,1,0,0,1,0,0,1,0,1
41145819,스포티지,스포티지 5세대,55,2120,102118,1998,5,4,0,0,1,1,1,1,1,1,1,1,1,0,1,0,0,0,0,0,0,0,1,0,0,1,0,0,0,1,1,0
41146920,K7,K7 프리미어,12,2199,98583,2497,5,6,1,1,1,1,1,1,1,1,1,1,1,0,1,0,0,0,0,0,1,0,0,0,0,1,0,0,0,1,0,1
41148168,쏘렌토,더 뉴 쏘렌토 4세대,58,4199,5028,2497,6,1,2,0,1,1,1,1,1,1,1,1,1,0,1,0,0,0,0,0,1,0,0,0,0,0,0,0,1,1,1,0
41149630,K5,K5 3세대,11,1950,92539,1598,5,6,9,1,1,1,1,1,1,1,1,1,1,0,1,0,0,0,0,0,1,0,0,0,0,1,0,0,0,1,0,1
41155557,K5,K5 3세대,11,2890,20644,1598,5,5,0,1,1,1,1,1,1,1,1,1,1,0,1,0,0,0,0,0,1,0,0,0,0,0,1,0,0,1,0,1
41156081,카니발,더 뉴 카니발 4세대,85,4230,17846,2151,7,3,8,0,1,1,1,1,1,1,1,1,1,0,1,0,0,0,0,0,0,0,1,0,0,1,0,0,0,1,1,0
41156419,쏘렌토,쏘렌토 4세대,58,3200,56009,2151,5,5,2,1,1,1,1,1,1,1,1,1,1,0,1,0,0,0,0,0,0,0,1,0,0,1,0,0,0,1,1,0
41156500,쏘렌토,더 뉴 쏘렌토 4세대,58,3950,15168,2497,5,2,0,0,1,1,1,1,1,1,1,1,1,0,1,0,0,0,0,0,1,0,0,0,0,0,0,1,0,1,1,0
41158303,쏘렌토,더 뉴 쏘렌토,58,2349,75452,2199,7,8,3,1,1,1,1,1,1,1,1,1,1,0,1,0,0,0,0,0,0,0,1,0,0,1,0,0,0,1,1,0
41158509,쏘렌토,더 뉴 쏘렌토 4세대,58,4000,39161,2151,5,3,0,0,1,1,1,1,1,1,1,1,1,0,1,0,0,0,0,0,0,0,1,0,0,0,0,1,0,1,1,0
41159468,스팅어,스팅어 마이스터,53,2990,50722,2497,5,5,1,1,1,1,1,1,1,1,1,1,1,0,1,0,0,0,0,0,1,0,0,0,0,1,0,0,0,1,0,1
41161964,K5,K5 하이브리드 3세대,11,2750,45157,1999,5,3,1,1,1,1,1,1,1,1,1,1,1,0,1,0,0,0,0,0,0,1,0,0,0,0,0,1,0,1,0,1
41162677,카니발,카니발 4세대,85,2499,148146,2151,9,4,2,0,1,1,1,1,1,1,1,1,1,0,1,0,0,0,0,0,0,0,1,0,0,1,0,0,0,1,1,0
41164439,카니발,카니발 4세대,85,2290,160607,2151,9,6,2,1,1,1,1,1,1,1,1,1,1,0,1,0,0,0,0,0,0,0,1,0,0,0,0,1,0,1,1,0
41165423,K5,K5 3세대,11,1800,41211,1999,5,7,0,0,1,1,1,1,1,1,1,1,1,0,1,0,0,0,0,0,1,0,0,0,0,0,0,1,0,1,0,1
41168253,카니발,카니발 4세대,85,2850,65878,2151,9,6,1,1,1,1,1,1,1,1,1,1,1,0,1,0,0,0,0,0,0,0,1,0,0,0,1,0,0,1,1,0
41168263,카니발,카니발 4세대,85,2780,40365,2151,9,5,4,0,1,1,1,1,1,1,1,1,1,0,1,0,0,0,0,0,0,0,1,0,0,0,1,0,0,1,1,0
41168267,K5,K5 3세대,11,2250,86948,1591,5,7,1,1,1,1,1,1,1,1,1,1,1,0,1,0,0,0,0,0,1,0,0,0,0,0,1,0,0,1,0,1
41169528,카니발,더 뉴 카니발,85,2370,54626,2199,9,6,2,0,1,1,1,1,1,1,1,1,1,0,1,0,0,0,0,0,0,0,1,0,0,1,0,0,0,1,1,0
41170142,스포티지,스포티지 5세대,55,2650,40196,1598,5,4,0,1,1,1,1,1,1,1,1,1,1,0,1,0,0,0,0,0,1,0,0,0,0,1,0,0,0,1,1,0
41170754,K8,K8 하이브리드,13,3440,65339,1598,5,3,1,0,1,1,1,1,1,1,1,1,1,0,1,0,0,0,0,0,0,1,0,0,0,1,0,0,0,1,0,1
41171780,K5,K5 3세대,11,2020,90145,1598,5,6,0,0,1,1,1,1,1,1,1,1,1,0,1,0,0,0,0,0,1,0,0,0,0,0,0,1,0,1,0,1
41174430,모하비,모하비 더 마스터,43,4280,82528,2959,5,4,2,1,1,1,1,1,1,1,1,1,1,0,1,0,0,0,0,0,0,0,1,0,0,1,0,0,0,1,1,0
41175702,쏘렌토,쏘렌토 4세대,58,2999,85346,1598,7,5,0,0,1,1,1,1,1,1,1,1,1,0,1,0,0,0,0,0,0,1,0,0,0,0,1,0,0,1,1,0
41175728,쏘렌토,쏘렌토 4세대,58,2980,70752,2151,5,4,1,0,1,1,1,1,1,1,1,1,1,0,1,0,0,0,0,0,0,0,1,0,0,0,0,1,0,1,1,0
41179333,카니발,더 뉴 카니발 4세대,85,3599,15992,2151,9,2,0,0,1,1,1,1,1,1,1,1,1,0,1,0,0,0,0,0,0,0,1,0,0,0,1,0,0,1,1,0
41179665,스포티지,스포티지 5세대,55,2220,121035,1998,5,5,0,0,1,1,1,1,1,1,1,1,1,0,1,0,0,0,0,0,0,0,1,0,0,1,0,0,0,1,1,0
41182238,셀토스,셀토스,49,2260,44137,1591,5,5,0,0,1,1,1,1,1,1,1,1,1,0,1,0,0,0,0,0,1,0,0,0,0,0,0,1,0,1,1,0
41182313,모하비,모하비 더 마스터,43,4390,61244,2959,7,4,6,1,1,1,1,1,1,1,1,1,1,0,1,0,0,0,0,0,0,0,1,0,0,0,1,0,0,1,1,0
41183336,카니발,카니발 4세대,85,3690,104374,2151,9,5,1,0,1,1,1,1,1,1,1,1,1,0,1,0,0,0,0,0,0,0,1,0,0,1,0,0,0,1,1,0
41183483,카니발,카니발 4세대,85,2580,73311,2151,9,4,0,0,1,1,1,1,1,1,1,1,1,0,1,0,0,0,0,0,0,0,1,0,0,1,0,0,0,1,1,0
41184548,스포티지,스포티지 5세대,55,2999,13872,1998,5,3,1,0,1,1,1,1,1,1,1,1,1,0,1,0,0,0,0,0,0,0,1,0,0,0,0,1,0,1,1,0
41184689,카니발,카니발 4세대,85,2590,88737,3470,9,4,3,0,1,1,1,1,1,1,1,1,1,0,1,0,0,0,0,0,1,0,0,0,0,0,1,0,0,1,1,0
41184995,쏘렌토,쏘렌토 4세대,58,2940,67625,2151,5,3,0,0,1,1,1,1,1,1,1,1,1,0,1,0,0,0,0,0,0,0,1,0,0,1,0,0,0,1,1,0
41186630,니로,디 올 뉴 니로,29,1960,145860,1580,5,4,1,0,1,1,1,1,1,1,1,1,1,0,1,0,0,0,0,0,0,1,0,0,0,0,0,0,1,1,1,0
41186934,카니발,카니발 4세대,85,2500,117943,3470,9,4,2,0,1,1,1,1,1,1,1,1,1,0,1,0,0,0,0,0,1,0,0,0,0,0,1,0,0,1,1,0
41186958,모하비,모하비 더 마스터,43,4170,41445,2959,5,5,0,0,1,1,1,1,1,1,1,1,1,0,1,0,0,0,0,0,0,0,1,0,0,0,1,0,0,1,1,0
41187427,카니발,카니발 4세대,85,3190,99176,2151,9,3,3,0,1,1,1,1,1,1,1,1,1,0,1,0,0,0,0,0,0,0,1,0,0,1,0,0,0,1,1,0
41187489,쏘렌토,더 뉴 쏘렌토 4세대,58,3580,41640,1598,5,2,8,0,1,1,1,1,1,1,1,1,1,0,1,0,0,0,0,0,0,1,0,0,0,1,0,0,0,1,1,0
41188057,쏘렌토,더 뉴 쏘렌토 4세대,58,4590,12653,1598,5,3,0,1,1,1,1,1,1,1,1,1,1,0,1,0,0,0,0,0,0,1,0,0,0,1,0,0,0,1,1,0
41189541,모하비,모하비 더 마스터,43,3250,93135,2959,5,6,3,1,1,1,1,1,1,1,1,1,1,0,1,0,0,0,0,0,0,0,1,0,0,0,1,0,0,1,1,0
41189741,스포티지,스포티지 5세대,55,2880,81943,1598,5,5,0,1,1,1,1,1,1,1,1,1,1,0,1,0,0,0,0,0,1,0,0,0,0,0,1,0,0,1,1,0
41189782,K5,K5 하이브리드 3세대,11,2030,59024,1999,5,4,0,0,1,1,1,1,1,1,1,0,1,0,1,0,0,0,0,0,0,1,0,0,0,1,0,0,0,1,0,1
41189787,스포티지,스포티지 5세대 하이브리드,55,2599,59059,1598,5,5,1,0,1,1,1,1,1,1,1,1,1,0,1,0,0,0,0,0,0,1,0,0,0,1,0,0,0,1,1,0
41191199,모하비,모하비 더 마스터,43,3550,73081,2959,5,3,19,1,1,1,1,1,1,1,1,1,1,0,1,0,0,0,0,0,0,0,1,0,0,0,1,0,0,1,1,0
41192502,스포티지,스포티지 5세대,55,2579,33709,1598,5,4,15,0,1,1,1,1,1,1,1,1,1,0,1,0,0,0,0,0,1,0,0,0,0,0,0,1,0,1,1,0
41193206,타스만,타스만,97,4880,7385,2497,5,1,0,0,1,1,1,1,1,1,1,1,1,0,1,0,0,0,0,0,1,0,0,0,0,1,0,0,0,1,1,0
41194028,레이,더 뉴 기아 레이 EV,34,1995,44201,133,4,3,2,0,0,1,1,1,1,1,1,1,1,0,1,0,0,0,0,0,0,0,0,1,0,0,0,0,1,1,0,1
41194740,스포티지,스포티지 5세대,55,2049,104412,1598,5,4,10,0,1,1,1,1,1,1,1,0,1,0,1,0,0,0,0,0,1,0,0,0,0,1,0,0,0,1,1,0
41195086,쏘렌토,쏘렌토 4세대,58,3400,47965,2151,5,4,5,0,1,1,1,1,1,1,1,1,1,0,1,0,0,0,0,0,0,0,1,0,0,0,0,1,0,1,1,0
41196200,카니발,카니발 4세대,85,2349,169727,2151,9,5,4,1,1,1,1,1,1,1,1,1,1,0,1,0,0,0,0,0,0,0,1,0,0,1,0,0,0,1,1,0
41197757,카니발,더 뉴 카니발,85,1750,49567,2199,9,7,0,0,0,1,1,1,1,1,1,1,1,0,1,0,0,0,0,0,0,0,1,0,0,0,1,0,0,1,1,0
41198017,쏘렌토,쏘렌토 4세대,58,2888,84713,2151,7,6,2,1,1,1,1,1,1,1,1,1,1,0,1,0,0,0,0,0,0,0,1,0,0,1,0,0,0,1,1,0
41198373,스포티지,스포티지 5세대,55,2499,27025,1998,5,5,2,0,1,1,1,1,1,1,1,1,1,0,1,0,0,0,0,0,0,0,1,0,0,0,1,0,0,1,1,0
41199593,카니발,카니발 4세대,85,2420,83895,2151,9,4,0,0,1,1,1,1,1,1,1,1,1,0,1,0,0,0,0,0,0,0,1,0,0,0,0,1,0,1,1,0
41203053,스포티지,스포티지 더 볼드,55,1800,86133,1995,5,6,1,0,1,1,1,1,1,1,1,1,1,0,1,0,0,0,0,0,0,0,1,0,0,1,0,0,0,1,1,0
41203545,스포티지,스포티지 5세대,55,2420,83119,1998,5,5,0,0,1,1,1,1,1,1,1,1,1,0,1,0,0,0,0,0,0,0,1,0,0,1,0,0,0,1,1,0
41207357,모하비,모하비 더 마스터,43,4380,55214,2959,6,4,2,1,1,1,1,1,1,1,1,1,1,0,1,0,0,0,0,0,0,0,1,0,0,0,1,0,0,1,1,0
41208414,카니발,더 뉴 카니발 4세대,85,4190,29967,2151,7,2,0,1,1,1,1,1,1,1,1,1,1,0,1,0,0,0,0,0,0,0,1,0,0,0,0,1,0,1,1,0
41208575,K5,더 뉴 K5 하이브리드 3세대,11,3425,15177,1999,5,2,0,1,1,1,1,1,1,1,1,1,1,0,1,0,0,0,0,0,0,1,0,0,0,1,0,0,0,1,0,1
41209970,K5,K5 3세대,11,2399,43659,1598,5,6,0,0,1,1,1,1,1,1,1,1,1,0,1,0,0,0,0,0,1,0,0,0,0,0,0,1,0,1,0,1
41213324,스포티지,스포티지 5세대 하이브리드,55,2990,78535,1598,5,4,6,0,1,1,1,1,1,1,1,1,1,0,1,0,0,0,0,0,0,1,0,0,0,0,0,1,0,1,1,0
41213367,스포티지,스포티지 5세대,55,3300,37834,1998,5,5,1,1,1,1,1,1,1,1,1,1,1,0,1,0,0,0,0,0,0,0,1,0,0,0,1,0,0,1,1,0
41213425,카니발,카니발 4세대,85,3150,79422,2151,7,5,2,0,1,1,1,1,1,1,1,1,1,0,1,0,0,0,0,0,0,0,1,0,0,0,1,0,0,1,1,0
41213434,카니발,카니발 4세대,85,2860,107903,2151,7,3,0,0,1,1,1,1,1,1,1,1,1,0,1,0,0,0,0,0,0,0,1,0,0,0,1,0,0,1,1,0
41215540,모하비,모하비 더 마스터,43,2899,157214,2959,5,4,0,0,1,1,1,1,1,1,1,1,1,0,1,0,0,0,0,0,0,0,1,0,0,0,0,1,0,1,1,0
41216349,모하비,모하비 더 마스터,43,5099,49131,2959,7,3,0,1,1,1,1,1,1,1,1,1,1,0,1,0,0,0,0,0,0,0,1,0,0,0,1,0,0,1,1,0
41217422,K5,K5 하이브리드 3세대,11,2440,43079,1999,5,6,1,1,1,1,1,1,1,1,1,1,1,0,1,0,0,0,0,0,0,1,0,0,0,0,0,0,1,1,0,1
41217501,니로,더 뉴 니로,29,1950,31361,1580,5,6,9,0,0,1,1,1,1,1,1,1,1,0,1,0,0,0,0,0,0,1,0,0,0,0,0,1,0,1,1,0
41217792,K5,K5 3세대,11,2590,32901,1598,5,3,0,1,1,1,1,1,1,1,1,1,1,0,1,0,0,0,0,0,1,0,0,0,0,0,0,1,0,1,0,1
41218446,K8,더 뉴 K8,13,4350,5359,2497,5,1,0,0,1,1,1,1,1,1,1,1,1,0,1,0,0,0,0,0,1,0,0,0,0,1,0,0,0,1,0,1
41218593,카니발,카니발 4세대,85,3390,47791,2151,9,4,0,1,1,1,1,1,1,1,1,1,1,0,1,0,0,0,0,0,0,0,1,0,0,0,1,0,0,1,1,0
41218733,니로,더 뉴 니로,29,2230,63799,1580,5,5,0,0,1,1,1,1,1,1,1,1,1,0,1,0,0,0,0,0,0,1,0,0,0,0,0,1,0,1,1,0
41219449,스포티지,스포티지 5세대,55,2850,45303,1998,5,4,3,1,1,1,1,1,1,1,1,1,1,0,1,0,0,0,0,0,0,0,1,0,0,0,0,0,1,1,1,0
41219721,카니발,더 뉴 카니발 4세대,85,4520,37021,2151,9,2,0,0,1,1,1,1,1,1,1,1,1,0,1,0,0,0,0,0,0,0,1,0,0,0,0,1,0,1,1,0
41219735,쏘렌토,쏘렌토 4세대,58,3950,30982,1598,5,3,0,1,1,1,1,1,1,1,1,1,1,0,1,0,0,0,0,0,0,1,0,0,0,0,0,0,1,1,1,0
41220799,스포티지,스포티지 5세대,55,2820,31746,1998,5,3,1,0,1,1,1,1,1,1,1,1,1,0,1,0,0,0,0,0,0,0,1,0,0,0,0,1,0,1,1,0
41221498,쏘렌토,쏘렌토 4세대,58,3099,50362,2497,7,5,2,0,1,1,1,1,1,1,1,1,1,0,1,0,0,0,0,0,1,0,0,0,0,1,0,0,0,1,1,0
41222102,타스만,타스만,97,4930,18494,2497,5,1,0,1,1,1,1,1,1,1,1,1,1,0,1,0,0,0,0,0,1,0,0,0,0,0,1,0,0,1,1,0
41222254,카니발,카니발 4세대,85,2499,100668,2151,9,6,1,0,1,1,1,1,1,1,1,1,1,0,1,0,0,0,0,0,0,0,1,0,0,0,1,0,0,1,1,0
41222645,K9,더 뉴 K9 2세대,14,4380,53623,3778,5,3,1,0,1,1,1,1,1,1,1,1,1,0,1,0,0,0,0,0,1,0,0,0,0,0,1,0,0,1,0,1
41222906,모하비,모하비 더 마스터,43,5299,13500,2959,6,2,0,1,1,1,1,1,1,1,1,1,1,0,1,0,0,0,0,0,0,0,1,0,0,0,1,0,0,1,1,0
41223089,쏘렌토,쏘렌토 4세대,58,3350,60281,1598,5,5,0,1,1,1,1,1,1,1,1,1,1,0,1,0,0,0,0,0,0,1,0,0,0,0,1,0,0,1,1,0
41223094,쏘렌토,쏘렌토 4세대,58,3450,91922,1598,5,5,0,1,1,1,1,1,1,1,1,1,1,0,1,0,0,0,0,0,0,1,0,0,0,0,1,0,0,1,1,0
41223117,K5,K5 하이브리드 3세대,11,2280,92798,1999,5,5,2,0,0,0,0,0,0,0,0,0,0,0,1,0,0,0,0,0,0,1,0,0,0,0,1,0,0,1,0,1
41223921,스포티지,스포티지 5세대,55,2980,50067,1598,5,3,0,0,1,1,1,1,1,1,1,1,1,0,1,0,0,0,0,0,1,0,0,0,0,1,0,0,0,1,1,0
41223935,K5,K5 3세대,11,2050,91109,1999,5,6,0,0,1,1,1,1,1,1,1,1,1,0,1,0,0,0,0,0,1,0,0,0,0,0,0,1,0,1,0,1
41224764,쏘렌토,쏘렌토 4세대,58,2880,79122,2151,5,5,2,0,1,1,1,1,1,1,1,1,1,0,1,0,0,0,0,0,0,0,1,0,0,1,0,0,0,1,1,0
41224798,K5,K5 3세대,11,2290,33667,1999,5,6,1,0,1,1,1,1,1,1,1,1,1,0,1,0,0,0,0,0,1,0,0,0,0,0,0,1,0,1,0,1
41225134,스팅어,스팅어 마이스터,53,2920,42521,2497,5,5,4,0,1,1,1,1,1,1,1,1,1,0,1,0,0,0,0,0,1,0,0,0,0,1,0,0,0,1,0,1
41225612,스포티지,스포티지 5세대 하이브리드,55,3440,20867,1598,5,3,0,0,1,1,1,1,1,1,1,1,1,0,1,0,0,0,0,0,0,1,0,0,0,1,0,0,0,1,1,0
41226275,쏘렌토,더 뉴 쏘렌토,58,2050,107250,2199,5,7,7,1,1,1,1,1,1,1,1,1,1,0,1,0,0,0,0,0,0,0,1,0,0,1,0,0,0,1,1,0
41227808,K5,K5 3세대,11,2930,33913,1598,5,3,0,1,1,1,1,1,1,1,1,1,1,0,1,0,0,0,0,0,1,0,0,0,0,1,0,0,0,1,0,1
41228312,카니발,카니발 4세대,85,3480,35892,2151,9,4,0,0,1,1,1,1,1,1,1,1,1,0,1,0,0,0,0,0,0,0,1,0,0,1,0,0,0,1,1,0
41228980,스포티지,스포티지 5세대 하이브리드,55,2710,50003,1598,5,5,14,0,1,1,1,1,1,1,1,1,1,0,1,0,0,0,0,0,0,1,0,0,0,0,0,1,0,1,1,0
41229001,K5,K5 3세대,11,2350,69771,1598,5,3,1,0,1,1,1,1,1,1,1,1,1,0,1,0,0,0,0,0,1,0,0,0,0,0,0,1,0,1,0,1
41232017,K3,더 뉴 K3 2세대,10,2760,18902,1598,5,5,1,1,1,1,1,1,1,1,1,1,1,0,1,0,0,0,0,0,1,0,0,0,0,1,0,0,0,1,0,1
41232963,쏘렌토,쏘렌토 4세대,58,2740,120577,1598,5,6,8,0,1,1,1,1,1,1,1,1,1,0,1,0,0,0,0,0,0,1,0,0,0,1,0,0,0,1,1,0
41233262,카니발,카니발 4세대,85,2399,141244,2151,9,6,7,1,1,1,1,1,1,1,1,1,1,0,1,0,0,0,0,0,0,0,1,0,0,1,0,0,0,1,1,0
41233473,K5,K5 3세대,11,2030,76884,1598,5,6,3,0,1,1,1,1,1,1,1,1,1,0,1,0,0,0,0,0,1,0,0,0,0,0,0,1,0,1,0,1
41233499,카니발,더 뉴 카니발,85,2180,33025,2199,7,6,1,0,1,1,1,1,1,1,1,1,1,0,1,0,0,0,0,0,0,0,1,0,0,0,0,1,0,1,1,0
41233547,K8,K8 하이브리드,13,2730,81824,1598,5,4,3,0,1,1,1,1,1,1,1,1,1,0,1,0,0,0,0,0,0,1,0,0,0,0,1,0,0,1,0,1
41234581,쏘렌토,더 뉴 쏘렌토 4세대,58,4350,52826,1598,6,2,1,1,1,1,1,1,1,1,1,1,1,0,1,0,0,0,0,0,0,1,0,0,0,1,0,0,0,1,1,0
41235003,카니발,카니발 4세대,85,2600,105555,2151,9,6,8,1,1,1,1,1,1,1,1,1,1,0,1,0,0,0,0,0,0,0,1,0,0,1,0,0,0,1,1,0
41236476,스포티지,스포티지 5세대,55,2520,53980,1998,5,4,0,0,1,1,1,1,1,1,1,1,1,0,1,0,0,0,0,0,0,0,1,0,0,1,0,0,0,1,1,0
41237871,EV6,EV6,3,2550,133589,111,5,5,0,1,1,1,1,1,1,1,1,1,1,0,1,0,0,0,0,0,0,0,0,1,0,1,0,0,0,1,0,1
41237964,스포티지,스포티지 5세대 하이브리드,55,2790,46918,1598,5,2,4,0,1,1,1,1,1,1,1,1,1,0,1,0,0,0,0,0,0,1,0,0,0,0,0,0,1,1,1,0
41238244,모하비,모하비 더 마스터,43,3999,68915,2959,7,5,2,1,1,1,1,1,1,1,1,1,1,0,1,0,0,0,0,0,0,0,1,0,0,0,1,0,0,1,1,0
41240529,K5,K5 3세대,11,2760,30008,1598,5,5,0,0,1,1,1,1,1,1,1,1,1,0,1,0,0,0,0,0,1,0,0,0,0,1,0,0,0,1,0,1
41240989,셀토스,셀토스,49,1880,97948,1591,5,4,3,0,1,1,1,1,1,1,1,1,1,0,1,0,0,0,0,0,1,0,0,0,0,1,0,0,0,1,1,0
41241784,카니발,카니발 4세대,85,3550,46072,3470,9,4,8,0,1,1,1,1,1,1,1,1,1,0,1,0,0,0,0,0,1,0,0,0,0,1,0,0,0,1,1,0
41241955,카니발,카니발 4세대,85,2250,122904,2151,9,5,5,0,1,1,1,1,1,1,1,1,1,0,1,0,0,0,0,0,0,0,1,0,0,0,1,0,0,1,1,0
41242008,K5,K5 하이브리드 3세대,11,2150,94776,1999,5,5,2,1,1,1,1,1,1,1,1,1,1,0,1,0,0,0,0,0,0,1,0,0,0,1,0,0,0,1,0,1
41242308,K9,더 K9,14,2050,213975,3342,5,6,0,0,1,1,1,1,1,1,1,1,1,0,1,0,0,0,0,0,1,0,0,0,0,0,1,0,0,1,0,1
41242589,EV6,EV6,3,3630,71444,111,5,3,1,0,1,1,1,1,1,1,1,1,1,0,1,0,0,0,0,0,0,0,0,1,0,1,0,0,0,1,0,1
41244620,카니발,카니발 4세대,85,2850,54850,2151,9,6,5,1,1,1,1,1,1,1,1,1,1,0,1,0,0,0,0,0,0,0,1,0,0,0,0,1,0,1,1,0
41246902,스포티지,스포티지 5세대,55,2300,109082,1598,5,5,11,0,1,1,1,1,1,1,1,1,1,0,1,0,0,0,0,0,1,0,0,0,0,1,0,0,0,1,1,0
41247031,K5,K5 하이브리드 3세대,11,2230,53505,1999,5,4,1,0,1,1,1,1,1,1,1,1,1,0,1,0,0,0,0,0,0,1,0,0,0,0,0,0,1,1,0,1
41249833,카니발,카니발 4세대,85,2399,65003,2151,9,4,0,0,1,1,1,0,1,0,1,1,1,0,1,0,0,0,0,0,0,0,1,0,0,0,1,0,0,1,1,0
41250419,카니발,카니발 4세대,85,2370,156105,2151,9,6,5,1,1,1,1,1,1,1,1,1,1,0,1,0,0,0,0,0,0,0,1,0,0,1,0,0,0,1,1,0
41250765,K9,더 K9,14,1900,191829,3778,5,7,2,0,0,0,0,0,0,0,0,0,0,0,1,0,0,0,0,0,1,0,0,0,0,0,0,0,1,1,0,1
41251758,카니발,더 뉴 카니발 4세대,85,6850,60,1598,9,1,2,0,1,1,1,1,1,1,1,1,1,0,1,0,0,0,0,0,0,1,0,0,0,1,0,0,0,1,1,0
41252910,쏘렌토,쏘렌토 4세대,58,3899,11192,1598,5,4,0,1,1,1,1,1,1,1,1,1,1,0,1,0,0,0,0,0,0,1,0,0,0,1,0,0,0,1,1,0
41253266,스포티지,스포티지 5세대 하이브리드,55,2850,60412,1598,5,4,10,1,1,1,1,1,1,1,1,1,1,0,1,0,0,0,0,0,0,1,0,0,0,0,0,1,0,1,1,0
41253387,쏘렌토,쏘렌토 4세대,58,3450,16921,2497,5,4,1,0,1,1,1,1,1,1,1,1,1,0,1,0,0,0,0,0,1,0,0,0,0,1,0,0,0,1,1,0
41253393,K9,더 뉴 K9 2세대,14,2890,192662,3778,5,5,7,0,1,1,1,1,1,1,1,1,1,0,1,0,0,0,0,0,1,0,0,0,0,0,1,0,0,1,0,1
41254216,모하비,모하비 더 마스터,43,4390,43223,2959,5,4,0,1,1,1,1,1,1,1,1,1,1,0,1,0,0,0,0,0,0,0,1,0,0,0,1,0,0,1,1,0
41255383,카니발,카니발 4세대,85,2870,78371,2151,9,4,5,0,1,1,1,1,1,1,1,1,1,0,1,0,0,0,0,0,0,0,1,0,0,1,0,0,0,1,1,0
41257222,모닝,더 뉴 모닝 (JA),42,1870,18201,998,5,2,0,1,1,1,1,1,1,1,1,1,1,0,1,0,0,0,0,0,1,0,0,0,0,1,0,0,0,1,0,1
41258183,카니발,카니발 4세대,85,3750,85200,3470,9,4,1,0,1,1,1,1,1,1,1,1,1,0,1,0,0,0,0,0,1,0,0,0,0,1,0,0,0,1,1,0
41258725,카니발,카니발 4세대,85,3130,117242,3470,7,5,2,0,1,1,1,1,1,1,1,1,1,0,1,0,0,0,0,0,1,0,0,0,0,1,0,0,0,1,1,0
41258765,K9,더 K9,14,2650,62165,3778,5,7,3,0,1,1,1,1,1,1,1,1,1,0,1,0,0,0,0,0,1,0,0,0,0,0,0,1,0,1,0,1
41260204,스팅어,스팅어,53,1780,117920,3342,5,9,14,1,1,1,1,1,1,1,1,1,1,0,1,0,0,0,0,0,1,0,0,0,0,1,0,0,0,1,0,1
41260308,쏘렌토,쏘렌토 4세대,58,3260,92329,1598,6,6,2,0,1,1,1,1,1,1,1,1,1,0,1,0,0,0,0,0,0,1,0,0,0,1,0,0,0,1,1,0
41260317,카니발,더 뉴 카니발,85,1950,77750,3342,9,8,4,0,1,1,1,1,1,1,1,1,1,0,1,0,0,0,0,0,1,0,0,0,0,1,0,0,0,1,1,0
41260980,쏘렌토,쏘렌토 4세대,58,3999,31796,2151,7,4,0,1,1,1,1,1,1,1,1,1,1,0,1,0,0,0,0,0,0,0,1,0,0,0,0,1,0,1,1,0
41261247,쏘렌토,쏘렌토 4세대,58,4050,27742,1598,7,5,1,0,1,1,1,1,1,1,1,1,1,0,1,0,0,0,0,0,0,1,0,0,0,0,0,1,0,1,1,0
41261317,쏘렌토,쏘렌토 4세대,58,4280,29572,1598,6,4,0,1,1,1,1,1,1,1,1,1,1,0,1,0,0,0,0,0,0,1,0,0,0,1,0,0,0,1,1,0
41261616,쏘렌토,쏘렌토 4세대,58,2580,100906,1598,5,5,2,0,1,1,1,1,1,1,1,1,1,0,1,0,0,0,0,0,0,1,0,0,0,0,0,0,1,1,1,0
41262040,K5,더 뉴 K5 3세대,11,3200,14481,1598,5,3,6,1,1,1,1,1,1,1,1,1,1,0,1,0,0,0,0,0,1,0,0,0,0,0,0,1,0,1,0,1
41262574,스포티지,스포티지 5세대,55,2330,65756,1598,5,4,0,0,1,1,1,1,1,1,1,1,1,0,1,0,0,0,0,0,1,0,0,0,0,1,0,0,0,1,1,0
41262575,K5,K5 3세대,11,2340,51843,1598,5,4,4,0,1,1,1,1,1,1,1,1,1,0,1,0,0,0,0,0,1,0,0,0,0,1,0,0,0,1,0,1
41263002,스팅어,스팅어 마이스터,53,3680,66284,3342,5,5,0,1,1,1,1,1,1,1,1,1,1,0,1,0,0,0,0,0,1,0,0,0,0,1,0,0,0,1,0,1
41263483,스포티지,스포티지 5세대 하이브리드,55,2899,37037,1598,5,5,2,0,1,1,1,1,1,1,1,1,1,0,1,0,0,0,0,0,0,1,0,0,0,0,1,0,0,1,1,0
41265583,스포티지,스포티지 5세대,55,2470,70801,1598,5,5,5,0,1,1,1,1,1,1,1,1,1,0,1,0,0,0,0,0,1,0,0,0,0,1,0,0,0,1,1,0
41265598,스포티지,스포티지 5세대,55,2049,114822,1598,5,4,3,0,1,1,1,1,1,1,1,0,1,0,1,0,0,0,0,0,1,0,0,0,0,1,0,0,0,1,1,0
41266268,카니발,카니발 4세대,85,2550,129231,2151,9,5,5,0,1,1,1,1,1,1,1,1,1,0,1,0,0,0,0,0,0,0,1,0,0,0,1,0,0,1,1,0
41266383,스포티지,스포티지 5세대,55,2850,65316,1598,5,5,2,0,0,0,0,0,0,0,0,0,0,0,1,0,0,0,0,0,1,0,0,0,0,0,0,1,0,1,1,0
41266985,쏘렌토,쏘렌토 4세대,58,2750,105942,1598,7,6,4,0,1,1,1,1,1,1,1,1,1,0,1,0,0,0,0,0,0,1,0,0,0,0,0,1,0,1,1,0
41268321,EV6,EV6,3,1779,296643,111,5,4,3,0,1,1,1,1,1,1,1,1,1,0,1,0,0,0,0,0,0,0,0,1,0,1,0,0,0,1,0,1
41268716,EV6,더 뉴 EV6,3,3880,52695,120,5,2,2,0,1,1,1,1,1,1,1,1,1,0,1,0,0,0,0,0,0,0,0,1,0,1,0,0,0,1,0,1
41272698,카니발,카니발 4세대,85,2640,85141,2151,9,3,3,0,1,1,1,1,1,1,1,1,1,0,1,0,0,0,0,0,0,0,1,0,0,0,1,0,0,1,1,0
41274351,카니발,더 뉴 카니발 4세대,85,4069,3900,1598,9,1,2,0,1,1,1,1,1,1,1,1,1,0,1,0,0,0,0,0,0,1,0,0,0,1,0,0,0,1,1,0
41274795,스포티지,스포티지 5세대,55,2890,13169,1598,5,4,2,0,1,1,1,1,1,1,1,1,1,0,1,0,0,0,0,0,1,0,0,0,0,1,0,0,0,1,1,0
41275306,쏘렌토,더 뉴 쏘렌토 4세대,58,3490,39171,2497,5,3,1,0,1,1,1,1,1,1,1,1,1,0,1,0,0,0,0,0,1,0,0,0,0,0,0,0,1,1,1,0
41277106,카니발,카니발 4세대,85,2950,43049,2151,9,5,0,0,1,1,1,1,1,1,1,1,1,0,1,0,0,0,0,0,0,0,1,0,0,1,0,0,0,1,1,0
41278672,K5,K5 3세대,11,1750,76499,1999,5,6,0,0,1,1,1,1,1,1,1,0,1,0,1,0,0,0,0,0,1,0,0,0,0,0,0,0,1,1,0,1
41279398,K9,더 K9,14,1990,131744,3778,5,7,8,0,1,1,1,1,1,1,1,1,1,0,1,0,0,0,0,0,1,0,0,0,0,0,1,0,0,1,0,1
41279561,모하비,모하비 더 마스터,43,3450,57047,2959,6,6,0,1,1,1,1,1,1,1,1,1,1,0,1,0,0,0,0,0,0,0,1,0,0,0,1,0,0,1,1,0
41280597,스포티지,스포티지 5세대,55,2330,56087,1598,5,4,2,0,0,0,0,0,0,0,0,0,0,0,1,0,0,0,0,0,1,0,0,0,0,1,0,0,0,1,1,0
41283842,스포티지,스포티지 5세대,55,2850,57269,1598,5,5,1,1,1,1,1,1,1,1,1,1,1,0,1,0,0,0,0,0,1,0,0,0,0,0,1,0,0,1,1,0
41284992,K7,K7 프리미어,12,1999,114942,2999,5,6,0,0,1,1,1,1,1,1,1,1,1,0,1,0,0,0,0,0,1,0,0,0,0,0,1,0,0,1,0,1
41285365,카니발,더 뉴 카니발,85,1990,81305,2199,9,7,3,0,1,1,1,1,1,1,1,1,1,0,1,0,0,0,0,0,0,0,1,0,0,1,0,0,0,1,1,0
41285519,카니발,카니발 4세대,85,3790,36681,3470,9,4,10,0,1,1,1,1,1,1,1,1,1,0,1,0,0,0,0,0,1,0,0,0,0,0,1,0,0,1,1,0
41285599,카니발,더 뉴 카니발,85,2050,99772,2199,9,7,1,0,1,1,1,1,1,1,1,1,1,0,1,0,0,0,0,0,0,0,1,0,0,0,1,0,0,1,1,0
41285698,EV6,EV6,3,3400,99217,111,5,4,0,0,1,1,1,1,1,1,1,1,1,0,1,0,0,0,0,0,0,0,0,1,0,1,0,0,0,1,0,1
41286031,스포티지,스포티지 5세대,55,2049,105408,1598,5,4,7,0,1,1,1,1,1,1,1,0,1,0,1,0,0,0,0,0,1,0,0,0,0,1,0,0,0,1,1,0
41287003,셀토스,셀토스,49,1970,85774,1591,5,6,2,1,1,1,1,1,1,1,1,1,1,0,1,0,0,0,0,0,1,0,0,0,0,1,0,0,0,1,1,0
41287992,카니발,카니발 4세대,85,3750,60757,2151,9,4,0,1,1,1,1,1,1,1,1,1,1,0,1,0,0,0,0,0,0,0,1,0,0,0,1,0,0,1,1,0
41288709,카니발,더 뉴 카니발 4세대,85,3780,46473,3470,7,2,0,0,1,1,1,1,1,1,1,1,1,0,1,0,0,0,0,0,1,0,0,0,0,1,0,0,0,1,1,0
41293027,카니발,더 뉴 카니발 4세대,85,3370,26733,2151,9,2,0,0,1,1,1,1,1,1,1,1,1,0,1,0,0,0,0,0,0,0,1,0,0,1,0,0,0,1,1,0
41293306,K5,K5 하이브리드 3세대,11,2450,78491,1999,5,4,0,1,1,1,1,1,1,1,1,1,1,0,1,0,0,0,0,0,0,1,0,0,0,0,0,0,1,1,0,1
41293676,스포티지,스포티지 5세대,55,2590,100459,1598,5,4,1,0,1,1,1,1,1,1,1,1,1,0,1,0,0,0,0,0,1,0,0,0,0,0,1,0,0,1,1,0
41294947,K5,K5 3세대,11,2640,35628,1598,5,4,5,0,1,1,1,1,1,1,1,1,1,0,1,0,0,0,0,0,1,0,0,0,0,0,1,0,0,1,0,1
41297336,모하비,모하비 더 마스터,43,3200,104091,2959,6,5,4,1,1,1,1,1,1,1,1,1,1,0,1,0,0,0,0,0,0,0,1,0,0,0,0,1,0,1,1,0
41298571,스팅어,스팅어,53,2050,89224,1998,5,9,16,1,1,1,1,1,1,1,1,1,1,0,1,0,0,0,0,0,1,0,0,0,0,0,0,0,1,1,0,1
41302564,카니발,카니발 4세대,85,2270,172044,2151,9,6,3,0,1,1,1,1,1,1,1,1,1,0,1,0,0,0,0,0,0,0,1,0,0,0,0,1,0,1,1,0
41302950,카니발,더 뉴 카니발 4세대,85,4790,9625,2151,7,1,0,0,1,1,1,1,1,1,1,1,1,0,1,0,0,0,0,0,0,0,1,0,0,0,1,0,0,1,1,0
41303859,쏘렌토,쏘렌토 4세대,58,3350,56127,1598,5,3,2,0,1,1,1,1,1,1,1,1,1,0,1,0,0,0,0,0,0,1,0,0,0,1,0,0,0,1,1,0
41304141,카니발,카니발 4세대,85,2599,63931,2151,9,5,0,0,1,1,1,1,1,1,1,1,1,0,1,0,0,0,0,0,0,0,1,0,0,1,0,0,0,1,1,0
41304417,카니발,카니발 4세대,85,2490,79208,2151,9,5,2,0,1,1,1,1,1,1,1,1,1,0,1,0,0,0,0,0,0,0,1,0,0,0,1,0,0,1,1,0
41304732,쏘렌토,쏘렌토 4세대,58,3090,103615,1598,5,3,0,0,1,1,1,1,1,1,1,1,1,0,1,0,0,0,0,0,0,1,0,0,0,1,0,0,0,1,1,0
41305357,쏘렌토,쏘렌토 4세대,58,2530,72006,2151,5,6,1,0,1,1,1,1,1,1,1,1,1,0,1,0,0,0,0,0,0,0,1,0,0,1,0,0,0,1,1,0
41305423,셀토스,셀토스,49,2390,11606,1591,5,4,2,0,0,0,0,0,0,0,0,0,0,0,1,0,0,0,0,0,1,0,0,0,0,1,0,0,0,1,1,0
41307658,K5,K5 3세대,11,1930,109628,1598,5,6,10,1,1,1,1,1,1,1,1,1,1,0,1,0,0,0,0,0,1,0,0,0,0,1,0,0,0,1,0,1
41308046,EV6,EV6,3,3240,80561,111,5,5,1,1,1,1,1,1,1,1,1,1,1,0,1,0,0,0,0,0,0,0,0,1,0,0,0,0,1,1,0,1
41309572,니로,더 뉴 니로,29,1820,78036,1580,5,5,1,0,0,1,1,1,1,0,1,0,1,0,1,0,0,0,0,0,0,1,0,0,0,1,0,0,0,1,1,0
41310659,카니발,더 뉴 카니발 4세대,85,4650,30199,2151,7,2,0,1,1,1,1,1,1,1,1,1,1,0,1,0,0,0,0,0,0,0,1,0,0,1,0,0,0,1,1,0
41312054,카니발,카니발 4세대,85,3539,29967,2151,9,3,2,0,1,1,1,1,1,1,1,1,1,0,1,0,0,0,0,0,0,0,1,0,0,0,0,1,0,1,1,0
41313468,쏘렌토,더 뉴 쏘렌토,58,2090,93108,1995,5,8,2,1,1,1,1,1,1,1,1,1,1,0,1,0,0,0,0,0,0,0,1,0,0,1,0,0,0,1,1,0
41314644,카니발,더 뉴 카니발 4세대,85,3030,34030,2151,9,2,0,0,1,1,1,1,1,1,1,1,1,0,1,0,0,0,0,0,0,0,1,0,0,1,0,0,0,1,1,0
41315012,카니발,카니발 4세대,85,2800,46711,3470,9,4,1,0,1,1,1,1,1,1,1,1,1,0,1,0,0,0,0,0,1,0,0,0,0,1,0,0,0,1,1,0
41315153,카니발,카니발 4세대,85,2050,170096,3470,9,6,10,0,1,1,1,1,1,1,1,1,1,0,1,0,0,0,0,0,1,0,0,0,0,0,0,0,1,1,1,0
41315181,카니발,카니발 4세대,85,2200,100520,2151,9,6,5,0,1,1,1,1,1,1,1,1,1,0,1,0,0,0,0,0,0,0,1,0,0,0,1,0,0,1,1,0
41315956,K7,K7 프리미어 하이브리드,12,2499,63205,2359,5,7,11,1,1,1,1,1,1,1,1,1,1,0,1,0,0,0,0,0,0,1,0,0,0,1,0,0,0,1,0,1
41316511,쏘렌토,쏘렌토 4세대,58,2790,115649,1598,5,5,3,0,1,1,1,1,1,1,1,1,1,0,1,0,0,0,0,0,0,1,0,0,0,1,0,0,0,1,1,0
41316869,레이,더 뉴 기아 레이,34,2390,22175,998,2,3,0,0,0,1,1,0,0,1,0,0,0,0,1,0,0,0,0,0,1,0,0,0,0,1,0,0,0,1,0,1
41317189,모하비,모하비 더 마스터,43,3580,68371,2959,5,5,2,0,1,1,1,1,1,1,1,1,1,0,1,0,0,0,0,0,0,0,1,0,0,1,0,0,0,1,1,0
41317361,쏘렌토,쏘렌토 4세대,58,3795,27859,1598,5,3,0,1,1,1,1,1,1,1,1,1,1,0,1,0,0,0,0,0,0,1,0,0,0,1,0,0,0,1,1,0
41317699,모하비,모하비 더 마스터,43,3550,85524,2959,5,5,0,0,1,1,1,1,1,1,1,1,1,0,1,0,0,0,0,0,0,0,1,0,0,0,1,0,0,1,1,0
41319060,모닝,올 뉴 모닝,42,9999,141760,998,5,13,2,0,0,0,0,0,0,0,0,0,0,0,1,0,0,0,0,0,1,0,0,0,0,1,0,0,0,1,0,1
41321899,쏘렌토,쏘렌토 4세대,58,2849,83306,2151,6,6,8,1,1,1,1,1,1,1,1,1,1,0,1,0,0,0,0,0,0,0,1,0,0,0,1,0,0,1,1,0
41321940,스포티지,스포티지 5세대 하이브리드,55,2648,110976,1598,5,5,5,1,1,1,1,1,1,1,1,1,1,0,1,0,0,0,0,0,0,1,0,0,0,1,0,0,0,1,1,0
41322712,K8,K8,13,2990,74561,2497,5,4,1,1,1,1,1,1,1,1,1,1,1,0,1,0,0,0,0,0,1,0,0,0,0,0,0,1,0,1,0,1
41322782,K8,K8,13,2700,88901,2497,5,5,0,0,1,1,1,1,1,1,1,1,1,0,1,0,0,0,0,0,1,0,0,0,0,0,1,0,0,1,0,1
41323468,카니발,더 뉴 카니발 4세대,85,3250,21731,2151,9,2,0,0,1,1,1,1,1,1,1,1,1,0,1,0,0,0,0,0,0,0,1,0,0,1,0,0,0,1,1,0
41323692,스팅어,스팅어,53,1990,116025,3342,5,6,12,0,1,1,1,1,1,1,1,1,1,0,1,0,0,0,0,0,1,0,0,0,0,0,0,0,1,1,0,1
41323722,K5,K5 3세대,11,2090,99238,1999,5,5,0,1,1,1,1,1,1,1,1,1,1,0,1,0,0,0,0,0,1,0,0,0,0,0,0,1,0,1,0,1
41324042,카니발,더 뉴 카니발 4세대,85,3150,27139,2151,9,2,2,0,1,1,1,1,1,1,1,1,1,0,1,0,0,0,0,0,0,0,1,0,0,1,0,0,0,1,1,0
41324599,카니발,더 뉴 카니발,85,2230,83574,2199,9,8,1,0,1,1,1,1,1,1,1,1,1,0,1,0,0,0,0,0,0,0,1,0,0,1,0,0,0,1,1,0
41325766,K9,더 K9,14,1980,145976,3778,5,7,5,1,1,1,1,1,1,1,1,1,1,0,1,0,0,0,0,0,1,0,0,0,0,0,1,0,0,1,0,1
41329546,카니발,카니발 4세대,85,2850,90400,2151,9,4,4,1,1,1,1,1,1,1,1,1,1,0,1,0,0,0,0,0,0,0,1,0,0,1,0,0,0,1,1,0
41332418,모하비,모하비 더 마스터,43,3290,46397,2959,6,6,12,1,1,1,1,1,1,1,1,1,1,0,1,0,0,0,0,0,0,0,1,0,0,1,0,0,0,1,1,0
41333515,카니발,카니발 4세대,85,3090,60905,2151,9,5,1,1,1,1,1,1,1,1,1,1,1,0,1,0,0,0,0,0,0,0,1,0,0,1,0,0,0,1,1,0
41335522,카니발,더 뉴 카니발 4세대,85,3100,22669,2151,9,2,4,0,1,1,1,1,1,1,1,1,1,0,1,0,0,0,0,0,0,0,1,0,0,1,0,0,0,1,1,0
41337297,K8,K8 하이브리드,13,2899,99705,1598,5,5,0,0,1,1,1,1,1,1,1,1,1,0,1,0,0,0,0,0,0,1,0,0,0,0,1,0,0,1,0,1
41338173,쏘렌토,쏘렌토 4세대,58,2720,108954,2151,5,6,4,1,1,1,1,1,1,1,1,1,1,0,1,0,0,0,0,0,0,0,1,0,0,1,0,0,0,1,1,0
41338216,스팅어,스팅어,53,1740,86484,1998,5,8,2,1,1,1,1,1,1,1,1,1,1,0,1,0,0,0,0,0,1,0,0,0,0,0,0,1,0,1,0,1
41339275,쏘렌토,쏘렌토 4세대,58,2720,86758,2151,5,6,0,1,1,1,1,1,1,1,1,1,1,0,1,0,0,0,0,0,0,0,1,0,0,0,1,0,0,1,1,0
41340214,카니발,더 뉴 카니발 4세대,85,3130,22718,2151,9,2,0,0,1,1,1,1,1,1,1,1,1,0,1,0,0,0,0,0,0,0,1,0,0,1,0,0,0,1,1,0
41341378,모하비,모하비 더 마스터,43,3080,98521,2959,6,6,3,1,1,1,1,1,1,1,1,1,1,0,1,0,0,0,0,0,0,0,1,0,0,0,1,0,0,1,1,0
41341754,쏘렌토,더 뉴 쏘렌토 4세대,58,3650,26072,2151,5,3,0,0,1,1,1,1,1,1,1,1,1,0,1,0,0,0,0,0,0,0,1,0,0,0,0,1,0,1,1,0
41343008,카니발,더 뉴 카니발 4세대,85,3150,21886,2151,9,2,0,0,1,1,1,1,1,1,1,1,1,0,1,0,0,0,0,0,0,0,1,0,0,1,0,0,0,1,1,0
41343481,쏘렌토,쏘렌토 4세대,58,3530,30328,1598,5,3,6,1,1,1,1,1,1,1,1,1,1,0,1,0,0,0,0,0,0,1,0,0,0,0,1,0,0,1,1,0
41344697,쏘렌토,쏘렌토 4세대,58,2710,67583,2151,6,6,3,0,1,1,1,1,1,1,1,1,1,0,1,0,0,0,0,0,0,0,1,0,0,0,0,1,0,1,1,0
41345067,쏘렌토,더 뉴 쏘렌토,58,1930,82241,1995,7,9,2,0,1,1,1,1,1,1,1,1,1,0,1,0,0,0,0,0,0,0,1,0,0,0,0,1,0,1,1,0
41346579,쏘렌토,쏘렌토 4세대,58,2620,73806,2151,5,5,0,1,1,1,1,0,1,0,1,1,1,0,1,0,0,0,0,0,0,0,1,0,0,0,0,1,0,1,1,0
41347946,K8,K8 하이브리드,13,2640,76721,1598,5,4,2,0,1,1,1,1,1,1,1,1,1,0,1,0,0,0,0,0,0,1,0,0,0,0,0,1,0,1,0,1
41350815,카니발,더 뉴 카니발 4세대,85,3030,37747,2151,9,2,1,0,1,1,1,1,1,1,1,1,1,0,1,0,0,0,0,0,0,0,1,0,0,1,0,0,0,1,1,0
41351625,카니발,더 뉴 카니발 4세대,85,3220,16621,2151,9,2,0,0,1,1,1,1,1,1,1,1,1,0,1,0,0,0,0,0,0,0,1,0,0,1,0,0,0,1,1,0
41351797,K5,K5 3세대,11,2090,94637,1598,5,6,4,1,1,1,1,1,1,1,1,1,1,0,1,0,0,0,0,0,1,0,0,0,0,0,1,0,0,1,0,1
41355199,쏘렌토,더 뉴 쏘렌토 4세대,58,3320,7200,1598,6,1,2,0,1,1,1,1,1,1,1,1,1,0,1,0,0,0,0,0,0,1,0,0,0,1,0,0,0,1,1,0
41356083,K9,더 K9,14,1840,159433,3778,5,8,4,0,1,1,1,1,1,1,1,1,1,0,1,0,0,0,0,0,1,0,0,0,0,0,1,0,0,1,0,1
41357639,니로,니로 EV,29,1830,99098,180,5,5,2,0,0,0,0,0,0,0,0,0,0,0,1,0,0,0,0,0,0,0,0,1,0,1,0,0,0,1,1,0
41358791,모하비,모하비 더 마스터,43,4320,61542,2959,7,4,3,1,1,1,1,1,1,1,1,1,1,0,1,0,0,0,0,0,0,0,1,0,0,0,1,0,0,1,1,0
41358923,K7,K7 프리미어,12,1990,93790,2999,5,6,1,0,1,1,1,1,1,1,1,1,1,0,1,0,0,0,0,1,0,0,0,0,0,0,0,1,0,1,0,1
41359727,스포티지,스포티지 5세대,55,2850,71019,1998,5,5,0,1,1,1,1,1,1,1,1,1,1,0,1,0,0,0,0,0,0,0,1,0,0,0,0,1,0,1,1,0
41363334,스포티지,스포티지 5세대 하이브리드,55,2690,107112,1598,5,5,0,0,1,1,1,1,1,1,1,1,1,0,1,0,0,0,0,0,0,1,0,0,0,1,0,0,0,1,1,0
41364222,쏘렌토,쏘렌토 4세대,58,3530,70161,1598,7,5,0,1,1,1,1,1,1,1,1,1,1,0,1,0,0,0,0,0,0,1,0,0,0,1,0,0,0,1,1,0
41365027,쏘렌토,쏘렌토 4세대,58,2860,64781,2151,5,4,4,1,1,1,1,1,1,1,1,1,1,0,1,0,0,0,0,0,0,0,1,0,0,0,1,0,0,1,1,0
41365101,스포티지,스포티지 5세대,55,2690,49120,1998,5,4,0,0,1,1,1,1,1,1,1,1,1,0,1,0,0,0,0,0,0,0,1,0,0,0,0,1,0,1,1,0
41368858,모하비,모하비 더 마스터,43,3550,53897,2959,6,6,1,1,1,1,1,1,1,1,1,1,1,0,1,0,0,0,0,0,0,0,1,0,0,0,1,0,0,1,1,0
41370044,K5,K5 하이브리드 3세대,11,2270,50440,1999,5,5,16,0,1,1,1,1,1,1,1,1,1,0,1,0,0,0,0,0,0,1,0,0,0,0,0,1,0,1,0,1
41370089,카니발,카니발 4세대,85,3050,112177,3470,7,5,12,0,1,1,1,1,1,1,1,1,1,0,1,0,0,0,0,0,1,0,0,0,0,1,0,0,0,1,1,0
41371231,카니발,카니발 4세대,85,2430,102428,3470,9,5,6,0,1,1,1,1,1,1,1,1,1,0,1,0,0,0,0,0,1,0,0,0,0,0,1,0,0,1,1,0
41371676,카니발,더 뉴 카니발,85,1730,169715,2199,7,8,9,0,1,1,1,1,1,1,1,1,1,0,1,0,0,0,0,0,0,0,1,0,0,0,1,0,0,1,1,0
41373130,EV6,EV6,3,2740,127331,111,5,4,0,1,1,1,1,1,1,1,1,1,1,0,1,0,0,0,0,0,0,0,0,1,0,0,0,0,1,1,0,1
41373473,쏘렌토,쏘렌토 4세대,58,2799,131233,1598,5,4,0,0,1,1,1,1,1,1,1,1,1,0,1,0,0,0,0,0,0,1,0,0,0,1,0,0,0,1,1,0
41373695,카니발,카니발 R,85,9999,77945,2199,11,15,9,1,0,1,0,1,0,0,1,0,1,0,1,0,0,0,0,0,0,0,1,0,0,1,0,0,0,1,1,0
41373880,모하비,모하비 더 마스터,43,3850,34335,2959,7,5,0,0,1,1,1,1,1,1,1,1,1,0,1,0,0,0,0,0,0,0,1,0,0,1,0,0,0,1,1,0
41375556,카니발,더 뉴 카니발,85,9999,59991,2199,9,7,2,0,0,0,0,0,0,0,0,0,0,0,1,0,0,0,0,0,0,0,1,0,0,1,0,0,0,1,1,0
41375743,모하비,모하비 더 마스터,43,3330,98720,2959,7,7,0,1,1,1,1,1,1,1,1,1,1,0,1,0,0,0,0,0,0,0,1,0,0,1,0,0,0,1,1,0
41375923,스포티지,스포티지 5세대,55,2999,39751,1598,5,4,10,0,1,1,1,1,1,1,1,1,1,0,1,0,0,0,0,0,1,0,0,0,0,1,0,0,0,1,1,0
41377439,카니발,더 뉴 카니발 4세대,85,5391,14552,1598,9,1,3,1,1,1,1,1,1,1,1,1,1,0,1,0,0,0,0,0,0,1,0,0,0,1,0,0,0,1,1,0
41377514,카니발,더 뉴 카니발,85,2140,92239,2199,7,7,0,0,1,1,1,1,1,1,1,1,1,0,1,0,0,0,0,0,0,0,1,0,0,0,1,0,0,1,1,0
41381474,스포티지,스포티지 5세대,55,3020,36221,1598,5,3,6,1,1,1,1,1,1,1,1,1,1,0,1,0,0,0,0,0,1,0,0,0,0,0,0,1,0,1,1,0
41384612,K7,K7 프리미어,12,2440,63676,2999,5,6,4,1,1,1,1,1,1,1,1,1,1,0,1,0,0,0,0,0,1,0,0,0,0,0,0,1,0,1,0,1
41384697,EV6,EV6,3,3880,24022,111,5,3,1,1,1,1,1,1,1,1,1,1,1,0,1,0,0,0,0,0,0,0,0,1,0,1,0,0,0,1,0,1
41384944,레이,더 뉴 기아 레이,34,1720,42094,998,5,2,0,0,0,1,1,1,1,1,1,1,1,0,1,0,0,0,0,0,1,0,0,0,0,0,0,0,1,1,0,1
41385163,쏘렌토,쏘렌토 4세대,58,3620,51599,1598,6,4,3,1,1,1,1,1,1,1,1,1,1,0,1,0,0,0,0,0,0,1,0,0,0,1,0,0,0,1,1,0
41385442,스팅어,스팅어,53,1750,83267,1998,5,7,2,1,1,1,1,1,1,1,1,1,1,0,1,0,0,0,0,0,1,0,0,0,0,0,0,0,1,1,0,1
41385886,K7,K7 프리미어 하이브리드,12,2549,106437,2359,5,7,2,1,1,1,1,1,1,1,1,1,1,0,1,0,0,0,0,0,0,1,0,0,0,1,0,0,0,1,0,1
41386069,쏘렌토,쏘렌토 4세대,58,2480,118434,2151,5,5,18,1,1,1,1,1,1,1,1,1,1,0,1,0,0,0,0,0,0,0,1,0,0,1,0,0,0,1,1,0
41386587,K5,K5 3세대,11,2439,32193,1598,5,6,0,1,1,1,1,1,1,1,1,1,1,0,1,0,0,0,0,0,1,0,0,0,0,1,0,0,0,1,0,1
41386985,카니발,카니발 4세대,85,2930,53677,2151,9,6,0,0,1,1,1,1,1,1,1,1,1,0,1,0,0,0,0,0,0,0,1,0,0,1,0,0,0,1,1,0
41387358,카니발,카니발 4세대,85,2480,157677,2151,9,6,4,0,1,1,1,1,1,1,1,1,1,0,1,0,0,0,0,0,0,0,1,0,0,1,0,0,0,1,1,0
41389407,카니발,올 뉴 카니발,85,2300,120463,2199,9,9,4,0,1,1,1,1,1,1,1,1,1,0,1,0,0,0,0,0,0,0,1,0,0,0,1,0,0,1,1,0
41392068,쏘렌토,더 뉴 쏘렌토,58,1849,101437,1995,5,8,6,0,1,1,1,1,1,1,1,1,1,0,1,0,0,0,0,0,0,0,1,0,0,0,1,0,0,1,1,0
41392128,카니발,카니발 4세대,85,3049,61324,2151,9,5,6,1,1,1,1,1,1,1,1,1,1,0,1,0,0,0,0,0,0,0,1,0,0,1,0,0,0,1,1,0
41392426,K8,K8,13,2340,66720,2497,5,4,0,0,1,1,1,1,1,1,1,1,1,0,1,0,0,0,0,0,1,0,0,0,0,0,0,1,0,1,0,1
41392984,쏘렌토,쏘렌토 4세대,58,2820,46318,2151,5,5,0,0,1,1,1,1,1,1,1,1,1,0,1,0,0,0,0,0,0,0,1,0,0,0,0,1,0,1,1,0
41393987,쏘렌토,더 뉴 쏘렌토,58,2370,54921,1995,7,7,1,1,1,1,1,1,1,1,1,1,1,0,1,0,0,0,0,0,0,0,1,0,0,0,0,1,0,1,1,0
41395600,스포티지,스포티지 5세대,55,1719,109526,1598,5,4,19,0,1,1,1,1,1,1,1,0,1,0,1,0,0,0,0,0,1,0,0,0,0,1,0,0,0,1,1,0
41395617,쏘렌토,더 뉴 쏘렌토 4세대,58,4300,55362,2497,6,3,0,1,1,1,1,1,1,1,1,1,1,0,1,0,0,0,0,0,1,0,0,0,0,1,0,0,0,1,1,0
41396133,스팅어,스팅어,53,1799,83522,3342,5,7,15,0,1,1,1,1,1,1,1,1,1,0,1,0,0,0,0,0,1,0,0,0,0,0,0,1,0,1,0,1
41396381,K8,K8,13,2630,34083,2497,5,5,6,0,1,1,1,1,1,1,1,1,1,0,1,0,0,0,0,0,1,0,0,0,0,0,0,1,0,1,0,1
41396597,K5,K5 3세대,11,2690,52984,1598,5,5,2,1,1,1,1,1,1,1,1,1,1,0,1,0,0,0,0,0,1,0,0,0,0,1,0,0,0,1,0,1
41398223,모하비,모하비 더 마스터,43,3120,68345,2959,5,5,2,1,1,1,1,1,1,1,1,1,1,0,1,0,0,0,0,0,0,0,1,0,0,0,1,0,0,1,1,0
41398634,K5,K5 3세대,11,2690,67110,1598,5,3,0,0,1,1,1,1,1,1,1,1,1,0,1,0,0,0,0,0,1,0,0,0,0,0,0,1,0,1,0,1
41399261,카니발,더 뉴 카니발,85,1950,50023,3342,11,6,0,0,0,1,1,1,1,1,1,1,1,0,1,0,0,0,0,0,1,0,0,0,0,0,0,1,0,1,1,0
41400619,카니발,카니발 4세대,85,9999,84287,3470,7,6,2,0,0,0,0,0,0,0,0,0,0,0,1,0,0,0,0,0,1,0,0,0,0,1,0,0,0,1,1,0
41400805,스팅어,스팅어 마이스터,53,3450,85816,2497,5,5,1,1,1,1,1,1,1,1,1,1,1,0,1,0,0,0,0,0,1,0,0,0,0,1,0,0,0,1,0,1
41400830,모하비,모하비 더 마스터,43,3550,112542,2959,7,5,8,1,1,1,1,1,1,1,1,1,1,0,1,0,0,0,0,0,0,0,1,0,0,0,1,0,0,1,1,0
41401628,카니발,카니발 4세대,85,2970,111181,2151,9,4,4,0,1,1,1,1,1,1,1,1,1,0,1,0,0,0,0,0,0,0,1,0,0,1,0,0,0,1,1,0
41401971,K9,더 뉴 K9 2세대,14,3890,73921,3778,5,3,2,0,1,1,1,1,1,1,1,1,1,0,1,0,0,0,0,0,1,0,0,0,0,0,1,0,0,1,0,1
41404786,카니발,더 뉴 카니발 4세대,85,4990,2839,2151,9,1,0,1,1,1,1,1,1,1,1,1,1,0,1,0,0,0,0,0,0,0,1,0,0,0,1,0,0,1,1,0
41405087,EV6,EV6,3,3550,95622,111,5,5,1,1,1,1,1,1,1,1,1,1,0,0,1,0,0,0,0,0,0,0,0,1,0,1,0,0,0,1,0,1
41405465,카니발,카니발 4세대,85,2780,32208,3470,9,3,1,0,1,1,1,0,1,0,1,1,1,0,1,0,0,0,0,0,1,0,0,0,0,0,0,1,0,1,1,0
41406088,스포티지,스포티지 5세대,55,2850,35872,1598,5,4,0,0,1,1,1,1,1,1,1,1,1,0,1,0,0,0,0,0,1,0,0,0,0,1,0,0,0,1,1,0
41406935,카니발,카니발 4세대,85,2990,93759,2151,9,3,0,1,1,1,1,1,1,1,1,1,1,0,1,0,0,0,0,0,0,0,1,0,0,0,0,1,0,1,1,0
41407178,K8,K8 하이브리드,13,2550,80521,1598,5,4,2,0,0,0,0,0,0,0,0,0,0,0,1,0,0,0,0,0,0,1,0,0,0,0,1,0,0,1,0,1
41407346,카니발,카니발 4세대,85,2880,47470,2151,9,3,7,0,1,1,1,1,1,1,1,1,1,0,1,0,0,0,0,0,0,0,1,0,0,1,0,0,0,1,1,0
41407439,쏘렌토,쏘렌토 4세대,58,3000,131527,1598,6,5,0,1,1,1,1,1,1,1,1,1,1,0,1,0,0,0,0,0,0,1,0,0,0,1,0,0,0,1,1,0
41408483,쏘렌토,쏘렌토 4세대,58,3250,85468,1598,5,6,1,0,1,1,1,1,1,1,1,1,1,0,1,0,0,0,0,0,0,1,0,0,0,1,0,0,0,1,1,0
41410021,스포티지,스포티지 5세대,55,2490,104917,1598,5,5,10,1,1,1,1,1,1,1,1,1,1,0,1,0,0,0,0,0,1,0,0,0,0,1,0,0,0,1,1,0
41412497,스포티지,스포티지 5세대,55,2590,91357,1998,5,4,0,0,1,1,0,1,1,1,1,1,1,0,1,0,0,0,0,0,0,0,1,0,0,0,0,1,0,1,1,0
41412702,모하비,모하비 더 마스터,43,3420,80813,2959,6,6,0,1,1,1,1,1,1,1,1,1,1,0,1,0,0,0,0,0,0,0,1,0,0,1,0,0,0,1,1,0
41413034,스포티지,스포티지 5세대 하이브리드,55,2450,118246,1598,5,4,3,0,1,1,1,1,1,1,1,1,1,0,1,0,0,0,0,0,0,1,0,0,0,1,0,0,0,1,1,0
41413376,카니발,더 뉴 카니발 4세대,85,3460,30465,3470,9,3,0,0,1,1,1,1,1,1,1,1,1,0,1,0,0,0,0,0,1,0,0,0,0,0,1,0,0,1,1,0
41414703,쏘렌토,더 뉴 쏘렌토 4세대,58,3890,57754,1598,5,2,1,1,1,1,1,1,1,1,1,1,1,0,1,0,0,0,0,0,0,1,0,0,0,1,0,0,0,1,1,0
41415438,카니발,카니발 4세대,85,2999,48874,2151,9,5,0,0,1,1,1,1,1,1,1,1,1,0,1,0,0,0,0,0,0,0,1,0,0,0,0,0,1,1,1,0
41415439,카니발,더 뉴 카니발 4세대,85,3650,36209,2151,9,2,1,0,1,1,1,1,1,1,1,1,1,0,1,0,0,0,0,0,0,0,1,0,0,1,0,0,0,1,1,0
41415446,카니발,카니발 4세대,85,2899,81986,2151,9,5,0,0,1,1,1,1,1,1,1,1,1,0,1,0,0,0,0,0,0,0,1,0,0,0,1,0,0,1,1,0
41416362,스포티지,스포티지 5세대,55,2750,61748,1998,5,3,5,0,1,1,1,1,1,1,1,1,1,0,1,0,0,0,0,0,0,0,1,0,0,1,0,0,0,1,1,0
41417474,모하비,모하비 더 마스터,43,4320,43957,2959,7,3,0,1,1,1,1,1,1,1,1,1,1,0,1,0,0,0,0,0,0,0,1,0,0,0,1,0,0,1,1,0
41418938,카니발,더 뉴 카니발 4세대,85,4250,71708,1598,9,2,5,1,1,1,1,1,1,1,1,1,1,0,1,0,0,0,0,0,0,1,0,0,0,1,0,0,0,1,1,0
41420713,쏘렌토,더 뉴 쏘렌토,58,1790,76868,2199,7,9,6,1,1,1,1,1,1,1,1,1,1,0,1,0,0,0,0,0,0,0,1,0,0,0,0,0,1,1,1,0
41421780,K7,K7 프리미어,12,2080,75122,2497,5,5,11,1,1,1,1,1,1,1,1,1,1,0,1,0,0,0,0,0,1,0,0,0,0,0,1,0,0,1,0,1
41422077,카니발,더 뉴 카니발 4세대,85,5220,11454,1598,9,2,2,0,1,1,1,1,1,1,1,1,1,0,1,0,0,0,0,0,0,1,0,0,0,0,0,1,0,1,1,0
41423486,쏘렌토,쏘렌토 4세대,58,1860,339346,2151,7,6,13,0,1,1,1,1,1,1,1,1,1,0,1,0,0,0,0,0,0,0,1,0,0,0,1,0,0,1,1,0
41423491,K8,K8,13,2040,98425,2497,5,5,3,0,1,1,1,1,1,1,1,1,1,0,1,0,0,0,0,0,1,0,0,0,0,0,1,0,0,1,0,1
41423664,스포티지,스포티지 5세대 하이브리드,55,2540,76918,1598,5,4,8,0,1,1,1,1,1,1,1,1,1,0,1,0,0,0,0,0,0,1,0,0,0,1,0,0,0,1,1,0
41424449,스포티지,스포티지 5세대 하이브리드,55,2800,93653,1598,5,4,1,0,1,1,1,1,1,1,1,1,1,0,1,0,0,0,0,0,0,1,0,0,0,0,0,1,0,1,1,0
41425621,K7,올 뉴 K7,12,1799,46550,2359,5,7,1,0,1,1,1,1,1,1,1,1,1,0,1,0,0,0,0,0,1,0,0,0,0,0,0,1,0,1,0,1
41427334,카니발,카니발 4세대,85,8888,68573,3470,9,3,3,1,1,1,1,1,1,1,1,1,1,0,1,0,0,0,0,0,1,0,0,0,0,1,0,0,0,1,1,0
41427463,스포티지,스포티지 5세대,55,2890,25315,1598,5,3,3,0,1,1,1,1,1,1,1,1,1,0,1,0,0,0,0,0,1,0,0,0,0,0,0,1,0,1,1,0
41427524,쏘렌토,쏘렌토 4세대,58,3360,34590,2497,5,4,0,0,1,1,1,1,1,1,1,1,1,0,1,0,0,0,0,0,1,0,0,0,0,1,0,0,0,1,1,0
41428141,카니발,카니발 4세대,85,2090,167386,2151,9,5,2,0,1,1,1,1,1,1,1,1,1,0,1,0,0,0,0,0,0,0,1,0,0,1,0,0,0,1,1,0
41429688,카니발,더 뉴 카니발 4세대,85,4950,18714,1598,9,3,2,0,0,0,0,0,0,0,0,0,0,0,1,0,0,0,0,0,0,1,0,0,0,0,1,0,0,1,1,0
41430976,셀토스,더 뉴 셀토스,49,2420,12498,1598,5,3,2,0,0,0,0,0,0,0,0,0,0,0,1,0,0,0,0,0,1,0,0,0,0,1,0,0,0,1,1,0
41431758,카니발,카니발 4세대,85,2630,75672,2151,9,4,2,0,0,0,0,0,0,0,0,0,0,0,1,0,0,0,0,0,0,0,1,0,0,0,1,0,0,1,1,0
41431922,모하비,모하비 더 마스터,43,3290,60542,2959,5,5,2,0,1,1,1,1,1,1,1,1,1,0,1,0,0,0,0,0,0,0,1,0,0,0,1,0,0,1,1,0
41432108,카니발,카니발 4세대,85,4130,79977,2151,7,4,0,0,1,1,1,1,1,1,1,1,1,0,1,0,0,0,0,0,0,0,1,0,0,0,1,0,0,1,1,0
41432223,K8,K8,13,2120,75124,2497,5,5,5,0,1,1,1,1,1,1,1,1,1,0,1,0,0,0,0,0,1,0,0,0,0,0,1,0,0,1,0,1
41433031,K8,K8,13,2140,86345,2497,5,4,9,0,1,1,1,1,1,1,1,1,1,0,1,0,0,0,0,0,1,0,0,0,0,0,1,0,0,1,0,1
41433187,카니발,카니발 4세대,85,3090,45320,2151,9,5,0,0,1,1,1,1,1,1,1,1,1,0,1,0,0,0,0,0,0,0,1,0,0,1,0,0,0,1,1,0
41433256,셀토스,셀토스,49,2399,12182,1591,5,5,0,0,1,1,1,1,1,1,1,1,1,0,1,0,0,0,0,0,1,0,0,0,0,1,0,0,0,1,1,0
41433367,니로,더 뉴 니로,29,1750,116993,1580,5,6,0,0,1,1,1,1,1,1,1,1,1,0,1,0,0,0,0,0,0,1,0,0,0,1,0,0,0,1,1,0
41434045,K7,K7 프리미어,12,1780,175000,2999,5,7,2,1,1,1,1,1,1,1,1,1,1,0,1,0,0,0,0,0,1,0,0,0,0,0,1,0,0,1,0,1
41434532,카니발,카니발 4세대,85,3659,81349,2151,9,3,0,0,1,1,1,1,1,1,1,1,1,0,1,0,0,0,0,0,0,0,1,0,0,1,0,0,0,1,1,0
41434647,카니발,카니발 4세대,85,3159,96728,2151,9,5,1,0,1,1,1,1,1,1,1,1,1,0,1,0,0,0,0,0,0,0,1,0,0,1,0,0,0,1,1,0
41436544,카니발,더 뉴 카니발 4세대,85,3730,35279,2151,9,2,2,0,1,1,1,1,1,1,1,1,1,0,1,0,0,0,0,0,0,0,1,0,0,1,0,0,0,1,1,0
41437166,쏘렌토,더 뉴 쏘렌토 4세대,58,4680,21158,1598,7,3,0,1,1,1,1,1,1,1,1,1,1,0,1,0,0,0,0,0,0,1,0,0,0,1,0,0,0,1,1,0
41437442,K5,K5 3세대,11,1870,84590,1598,5,6,5,0,1,1,1,1,1,1,1,1,1,0,1,0,0,0,0,0,1,0,0,0,0,0,0,1,0,1,0,1
41437545,쏘렌토,쏘렌토 4세대,58,3499,28911,1598,5,4,0,0,1,1,1,1,1,1,1,1,1,0,1,0,0,0,0,0,0,1,0,0,0,1,0,0,0,1,1,0
41437893,카니발,카니발 4세대,85,3550,49461,3470,7,3,1,0,1,1,1,1,1,1,1,1,1,0,1,0,0,0,0,0,1,0,0,0,0,0,1,0,0,1,1,0
41438436,니로,디 올 뉴 니로,29,2200,77612,1580,5,4,0,0,0,1,1,1,1,1,1,1,1,0,1,0,0,0,0,0,0,1,0,0,0,0,0,0,1,1,1,0
41439774,카니발,카니발 4세대,85,3490,31999,3470,9,3,0,1,1,1,1,1,1,1,1,1,1,0,1,0,0,0,0,0,1,0,0,0,0,0,0,1,0,1,1,0
41440155,셀토스,더 뉴 셀토스,49,2550,59041,1598,5,3,1,0,1,1,1,1,1,1,1,1,1,0,1,0,0,0,0,0,1,0,0,0,0,0,0,1,0,1,1,0
41440501,스포티지,스포티지 5세대,55,2780,76092,1998,5,5,4,0,1,1,1,1,1,1,1,1,1,0,1,0,0,0,0,0,0,0,1,0,0,1,0,0,0,1,1,0
41441424,타스만,타스만,97,4170,4000,2497,5,1,2,0,1,1,1,1,1,1,1,1,1,0,1,0,0,0,0,0,1,0,0,0,0,0,0,1,0,1,1,0
41441831,카니발,더 뉴 카니발 4세대,85,4550,22015,2151,9,3,0,1,1,1,1,1,1,1,1,1,1,0,1,0,0,0,0,0,0,0,1,0,0,0,1,0,0,1,1,0
41444539,쏘렌토,쏘렌토 4세대,58,2770,89186,2497,6,4,7,0,1,1,1,1,1,1,1,1,1,0,1,0,0,0,0,0,1,0,0,0,0,1,0,0,0,1,1,0
41444636,K5,K5 3세대,11,2190,85599,1598,5,6,0,1,1,1,1,1,1,1,1,1,1,0,1,0,0,0,0,0,1,0,0,0,0,0,1,0,0,1,0,1
41444909,카니발,카니발 4세대,85,3150,83680,3470,9,4,0,1,1,1,1,1,1,1,1,1,1,0,1,0,0,0,0,0,1,0,0,0,0,1,0,0,0,1,1,0
41445267,스포티지,스포티지 5세대,55,2160,117077,1598,5,5,0,1,1,1,1,1,1,1,1,1,1,0,1,0,0,0,0,0,1,0,0,0,0,1,0,0,0,1,1,0
41446941,쏘렌토,쏘렌토 4세대,58,2499,85639,2151,6,5,13,0,1,1,1,1,1,1,1,1,1,0,1,0,0,0,0,0,0,0,1,0,0,1,0,0,0,1,1,0
41448882,K5,K5 3세대,11,2550,26080,1598,5,5,0,0,1,1,1,1,1,1,1,1,1,0,1,0,0,0,0,0,1,0,0,0,0,0,0,1,0,1,0,1
41449589,셀토스,셀토스,49,1804,53147,1591,5,6,6,1,1,1,1,1,1,1,1,1,1,0,1,0,0,0,0,0,1,0,0,0,0,1,0,0,0,1,1,0
41450909,쏘렌토,더 뉴 쏘렌토 4세대,58,4350,13895,1598,5,2,0,0,1,1,1,1,1,1,1,1,1,0,1,0,0,0,0,0,0,1,0,0,0,1,0,0,0,1,1,0
41452852,카니발,카니발 4세대,85,2760,116342,2151,9,5,0,0,1,1,1,1,1,1,1,1,1,0,1,0,0,0,0,0,0,0,1,0,0,0,1,0,0,1,1,0
41453998,카니발,카니발 4세대,85,7777,120060,2151,9,5,6,0,1,1,1,1,1,1,1,1,1,0,1,0,0,0,0,0,0,0,1,0,0,0,1,0,0,1,1,0
41456095,카니발,카니발 4세대,85,3249,77442,3470,9,5,6,0,1,1,1,1,1,1,1,1,1,0,1,0,0,0,0,0,1,0,0,0,0,1,0,0,0,1,1,0
41459442,카니발,카니발 4세대,85,3290,48145,2151,7,5,1,0,1,1,1,1,1,1,1,1,1,0,1,0,0,0,0,0,0,0,1,0,0,0,1,0,0,1,1,0
41459758,카니발,카니발 4세대,85,2550,117062,2151,9,5,1,0,1,1,1,1,1,1,1,1,1,0,1,0,0,0,0,0,0,0,1,0,0,1,0,0,0,1,1,0
41459776,스포티지,스포티지 5세대,55,2350,46181,1598,5,4,0,0,1,1,1,1,1,0,1,1,1,0,1,0,0,0,0,0,1,0,0,0,0,1,0,0,0,1,1,0
41460200,K7,올 뉴 K7,12,1730,82566,2999,5,9,4,0,1,1,1,1,1,1,1,1,1,0,1,0,0,0,0,1,0,0,0,0,0,0,1,0,0,1,0,1
41460284,K7,K7 프리미어,12,2180,106337,2999,5,6,2,1,1,1,1,1,1,1,1,1,1,0,1,0,0,0,0,1,0,0,0,0,0,1,0,0,0,1,0,1
41460896,카니발,더 뉴 카니발 4세대,85,4699,25762,1598,9,2,0,1,1,1,1,1,1,1,1,1,1,0,1,0,0,0,0,0,0,1,0,0,0,1,0,0,0,1,1,0
41460956,쏘렌토,쏘렌토 4세대,58,2880,107492,2151,6,5,0,0,1,1,1,1,1,1,1,1,1,0,1,0,0,0,0,0,0,0,1,0,0,1,0,0,0,1,1,0
41461214,카니발,카니발 4세대,85,2700,83713,2151,9,5,7,0,1,1,1,1,1,1,1,1,1,0,1,0,0,0,0,0,0,0,1,0,0,1,0,0,0,1,1,0
41461600,카니발,카니발 4세대,85,3199,32734,2151,9,6,5,1,1,1,1,1,1,1,1,1,1,0,1,0,0,0,0,0,0,0,1,0,0,0,0,0,1,1,1,0
41462006,카니발,카니발 4세대,85,3120,39109,3470,9,5,0,0,1,1,1,1,1,1,1,1,1,0,1,0,0,0,0,0,1,0,0,0,0,0,1,0,0,1,1,0
41464829,셀토스,더 뉴 셀토스,49,2480,54675,1598,5,3,2,1,1,1,1,1,1,1,1,1,1,0,1,0,0,0,0,0,1,0,0,0,0,1,0,0,0,1,1,0
41465366,카니발,더 뉴 카니발,85,9999,121809,2199,9,6,5,0,0,1,1,1,1,1,1,1,1,0,1,0,0,0,0,0,0,0,1,0,0,0,1,0,0,1,1,0
41465413,쏘렌토,쏘렌토 4세대,58,2790,76562,1598,5,4,0,0,1,1,1,1,1,1,1,1,1,0,1,0,0,0,0,0,0,1,0,0,0,1,0,0,0,1,1,0
41466140,쏘렌토,쏘렌토 4세대,58,2200,130810,2151,5,4,0,0,1,1,1,1,1,1,1,0,1,0,1,0,0,0,0,0,0,0,1,0,0,1,0,0,0,1,1,0
41466147,K8,K8 하이브리드,13,2790,50362,1598,5,4,4,1,1,1,1,1,1,1,1,1,1,0,1,0,0,0,0,0,0,1,0,0,0,0,1,0,0,1,0,1
41466244,EV3,EV3,1,3920,20449,237,5,1,0,0,1,1,1,1,1,1,1,1,1,0,1,0,0,0,0,0,0,0,0,1,0,1,0,0,0,1,1,0
41466813,쏘렌토,더 뉴 쏘렌토 4세대,58,4290,46900,1598,5,2,0,1,1,1,1,1,1,1,1,1,1,0,1,0,0,0,0,0,0,1,0,0,0,0,1,0,0,1,1,0
41466829,K5,더 뉴 K5 3세대,11,2280,60107,1999,5,3,11,0,1,1,1,1,1,1,1,1,1,0,1,0,0,0,0,0,1,0,0,0,0,1,0,0,0,1,0,1
41467256,카니발,카니발 4세대,85,3140,39447,2151,9,5,2,0,1,1,1,1,1,1,1,1,1,0,1,0,0,0,0,0,0,0,1,0,0,0,0,1,0,1,1,0
41468375,카니발,카니발 4세대,85,3290,59698,3470,7,5,7,0,1,1,1,1,1,1,1,1,1,0,1,0,0,0,0,0,1,0,0,0,0,0,1,0,0,1,1,0
41468470,쏘렌토,쏘렌토 4세대,58,2849,64873,1598,7,4,7,0,1,1,1,1,1,1,1,1,1,0,1,0,0,0,0,0,0,1,0,0,0,0,0,1,0,1,1,0
41468612,카니발,카니발 4세대,85,3550,58780,2151,9,3,0,0,1,1,1,1,1,1,1,1,1,0,1,0,0,0,0,0,0,0,1,0,0,1,0,0,0,1,1,0
41470162,K8,K8 하이브리드,13,2750,120950,1598,5,3,1,0,1,1,1,1,1,1,1,1,1,0,1,0,0,0,0,0,0,1,0,0,0,0,1,0,0,1,0,1
41470343,K7,올 뉴 K7,12,1850,73195,3342,5,8,6,1,1,1,1,1,1,1,1,1,1,0,1,0,0,0,0,0,1,0,0,0,0,0,1,0,0,1,0,1
41470438,카니발,카니발 4세대,85,2850,96788,2151,9,5,0,0,1,1,1,1,1,1,1,1,1,0,1,0,0,0,0,0,0,0,1,0,0,1,0,0,0,1,1,0
41470663,K5,K5 3세대,11,1920,91022,1999,5,5,0,0,1,1,1,1,1,1,1,1,1,0,1,0,0,0,0,0,1,0,0,0,0,0,0,1,0,1,0,1
41470972,카니발,카니발 4세대,85,2870,132307,2151,7,5,0,0,1,1,1,1,1,1,1,1,1,0,1,0,0,0,0,0,0,0,1,0,0,0,1,0,0,1,1,0
41471219,스포티지,스포티지 5세대,55,2249,38792,1998,5,5,14,0,1,1,1,1,1,1,1,1,1,0,1,0,0,0,0,0,0,0,1,0,0,0,0,1,0,1,1,0
41474191,카니발,더 뉴 카니발,85,2039,59686,2199,9,7,0,0,1,1,1,1,1,1,1,1,1,0,1,0,0,0,0,0,0,0,1,0,0,0,1,0,0,1,1,0
41475034,니로,디 올 뉴 니로 EV,29,2150,95903,180,5,4,0,0,0,1,1,1,1,1,1,1,1,0,1,0,0,0,0,0,0,0,0,1,0,1,0,0,0,1,1,0
41475169,K5,K5 3세대,11,2099,50998,1999,5,6,0,0,1,1,1,1,1,0,1,1,1,0,1,0,0,0,0,0,1,0,0,0,0,1,0,0,0,1,0,1
41475418,카니발,더 뉴 카니발 4세대,85,4750,17440,2151,9,3,0,0,1,1,1,1,1,1,1,1,1,0,1,0,0,0,0,0,0,0,1,0,0,1,0,0,0,1,1,0
41475931,모하비,모하비 더 마스터,43,2760,157899,2959,6,6,0,0,1,1,1,1,1,1,1,1,1,0,1,0,0,0,0,0,0,0,1,0,0,1,0,0,0,1,1,0
41476535,카니발,더 뉴 카니발,85,2050,79983,2199,9,6,0,0,0,1,1,1,1,1,1,1,1,0,1,0,0,0,0,0,0,0,1,0,0,1,0,0,0,1,1,0
41477567,K3,더 뉴 K3 2세대,10,1700,96500,1591,5,5,2,0,1,1,1,1,1,1,1,1,1,0,1,0,0,0,0,0,1,0,0,0,0,1,0,0,0,1,0,1
41478129,카니발,올 뉴 카니발,85,1790,184278,2199,9,8,2,0,1,1,1,1,1,1,1,1,1,0,1,0,0,0,0,0,0,0,1,0,0,0,1,0,0,1,1,0
41478472,셀토스,셀토스,49,1819,96829,1591,5,5,0,0,1,1,1,1,1,1,1,1,1,0,1,0,0,0,0,0,1,0,0,0,0,1,0,0,0,1,1,0
41478685,K5,K5 3세대,11,3150,43513,1598,5,4,1,1,1,1,1,1,1,1,1,1,1,0,1,0,0,0,0,0,1,0,0,0,0,1,0,0,0,1,0,1
41479593,카니발,카니발 4세대,85,3550,51537,2151,9,4,3,1,1,1,1,1,1,1,1,1,1,0,1,0,0,0,0,0,0,0,1,0,0,1,0,0,0,1,1,0
41479916,카니발,카니발 4세대,85,3430,45850,2151,9,4,5,1,1,1,1,1,1,1,1,1,1,0,1,0,0,0,0,0,0,0,1,0,0,1,0,0,0,1,1,0
41480452,쏘렌토,쏘렌토 4세대,58,3230,69945,2497,6,4,0,1,1,1,1,1,1,1,1,1,1,0,1,0,0,0,0,0,1,0,0,0,0,1,0,0,0,1,1,0
41483380,EV6,더 뉴 EV6,3,4600,14606,120,5,2,0,0,1,1,1,1,1,1,1,1,1,0,1,0,0,0,0,0,0,0,0,1,0,0,0,1,0,1,0,1
41483831,카니발,더 뉴 카니발,85,1750,131424,2199,9,8,3,0,1,1,1,1,1,1,1,1,1,0,1,0,0,0,0,0,0,0,1,0,0,1,0,0,0,1,1,0
41485626,니로,디 올 뉴 니로,29,2470,50384,1580,5,4,1,0,0,1,1,1,1,1,1,1,1,0,1,0,0,0,0,0,0,1,0,0,0,0,0,0,1,1,1,0
41486935,카니발,더 뉴 카니발,85,2420,98794,2199,7,7,8,0,1,1,1,1,1,1,1,1,1,0,1,0,0,0,0,0,0,0,1,0,0,1,0,0,0,1,1,0
41487993,쏘렌토,쏘렌토 4세대,58,2450,88039,2497,7,5,5,0,1,1,1,1,1,1,1,1,1,0,1,0,0,0,0,0,1,0,0,0,0,0,0,0,1,1,1,0
41488112,카니발,카니발 4세대,85,2850,41848,2151,9,4,0,0,1,1,1,1,1,1,1,1,1,0,1,0,0,0,0,0,0,0,1,0,0,1,0,0,0,1,1,0
41489734,쏘렌토,쏘렌토 4세대,58,3340,71272,2497,7,5,2,0,1,1,1,1,1,1,1,1,1,0,1,0,0,0,0,0,1,0,0,0,0,1,0,0,0,1,1,0
41490207,K8,K8,13,2230,82301,3470,5,5,2,0,1,1,1,1,1,1,1,1,1,0,1,0,0,0,0,1,0,0,0,0,0,0,0,1,0,1,0,1
41491620,스토닉,스토닉,52,9999,87387,1582,5,9,7,0,0,1,1,1,1,1,1,0,1,0,1,0,0,0,0,0,0,0,1,0,0,1,0,0,0,1,1,0
41491901,K8,K8 하이브리드,13,2770,90156,1598,5,4,1,0,1,1,1,1,1,1,1,1,1,0,1,0,0,0,0,0,0,1,0,0,0,1,0,0,0,1,0,1
41494128,카니발,카니발 4세대,85,2199,197181,2151,7,6,0,0,1,1,1,1,1,1,1,1,1,0,1,0,0,0,0,0,0,0,1,0,0,0,1,0,0,1,1,0
41494451,K8,K8 하이브리드,13,2480,87041,1598,5,4,2,0,1,1,1,1,1,1,1,1,1,0,1,0,0,0,0,0,0,1,0,0,0,0,1,0,0,1,0,1
41494515,니로,디 올 뉴 니로,29,2220,56419,1580,5,4,2,0,0,1,1,1,1,1,1,0,1,0,1,0,0,0,0,0,0,1,0,0,0,1,0,0,0,1,1,0
41494679,쏘렌토,쏘렌토 4세대,58,3390,78689,2151,6,6,2,1,1,1,1,1,1,1,1,1,1,0,1,0,0,0,0,0,0,0,1,0,0,1,0,0,0,1,1,0
41495063,스포티지,스포티지 5세대,55,2180,83831,1598,5,4,2,0,1,1,1,1,1,1,1,0,1,0,1,0,0,0,0,0,1,0,0,0,0,1,0,0,0,1,1,0
41495524,레이,더 뉴 기아 레이,34,2040,6572,998,5,1,0,0,0,1,1,1,1,1,1,1,1,0,1,0,0,0,0,0,1,0,0,0,0,1,0,0,0,1,0,1
41498631,K8,K8,13,2530,70357,3470,5,4,0,1,1,1,1,1,1,1,1,1,1,0,1,0,0,0,0,0,1,0,0,0,0,0,1,0,0,1,0,1
41498632,카니발,카니발 4세대,85,2870,115780,2151,9,4,1,1,1,1,1,1,1,1,1,1,1,0,1,0,0,0,0,0,0,0,1,0,0,1,0,0,0,1,1,0
41499300,모하비,모하비 더 마스터,43,3899,34592,2959,6,5,0,1,1,1,1,1,1,1,1,1,1,0,1,0,0,0,0,0,0,0,1,0,0,1,0,0,0,1,1,0
41499501,카니발,카니발 4세대,85,2980,57593,2151,9,4,1,0,1,1,1,1,1,1,1,1,1,0,1,0,0,0,0,0,0,0,1,0,0,1,0,0,0,1,1,0
41500660,쏘렌토,더 뉴 쏘렌토,58,2050,139527,2199,7,6,1,0,1,1,1,1,1,1,1,1,1,0,1,0,0,0,0,0,0,0,1,0,0,0,1,0,0,1,1,0
41500668,K5,더 뉴 K5 하이브리드 3세대,11,3530,4234,1999,5,1,2,0,1,1,1,1,1,1,1,1,1,0,1,0,0,0,0,0,0,1,0,0,0,0,0,1,0,1,0,1
41501374,스포티지,스포티지 5세대,55,2750,109799,1998,5,4,1,1,1,1,1,1,1,1,1,1,1,0,1,0,0,0,0,0,0,0,1,0,0,1,0,0,0,1,1,0
41501382,쏘렌토,쏘렌토 4세대,58,2850,62440,1598,5,6,6,0,1,1,1,1,1,1,1,1,1,0,1,0,0,0,0,0,0,1,0,0,0,1,0,0,0,1,1,0
41501948,모하비,모하비 더 마스터,43,2980,79757,2959,5,6,12,1,1,1,1,1,1,1,1,1,1,0,1,0,0,0,0,0,0,0,1,0,0,0,1,0,0,1,1,0
41502034,니로,디 올 뉴 니로,29,2080,102588,1580,5,4,0,0,0,1,1,1,1,1,1,1,1,0,1,0,0,0,0,0,0,1,0,0,0,0,0,0,1,1,1,0
41502311,모하비,모하비 더 마스터,43,2499,157849,2959,6,5,6,1,1,1,1,1,1,1,1,1,1,0,1,0,0,0,0,0,0,0,1,0,0,0,1,0,0,1,1,0
41503967,K8,K8,13,2999,61030,2497,5,4,0,1,1,1,1,1,1,1,1,1,1,0,1,0,0,0,0,0,1,0,0,0,0,1,0,0,0,1,0,1
41504231,쏘렌토,더 뉴 쏘렌토,58,2330,38220,2199,5,8,1,0,1,1,1,1,1,1,1,1,1,0,1,0,0,0,0,0,0,0,1,0,0,1,0,0,0,1,1,0
41507858,스포티지,스포티지 5세대,55,2150,74766,1998,5,4,2,0,1,1,1,1,1,1,1,1,1,0,1,0,0,0,0,0,0,0,1,0,0,1,0,0,0,1,1,0
41508492,셀토스,셀토스,49,1890,60314,1591,5,5,2,0,0,1,1,1,1,1,1,1,1,0,1,0,0,0,0,0,1,0,0,0,0,1,0,0,0,1,1,0
41508630,레이,더 뉴 기아 레이,34,1749,20621,998,5,4,0,0,0,1,1,1,1,1,1,1,1,0,1,0,0,0,0,0,1,0,0,0,0,1,0,0,0,1,0,1
41508714,K8,K8,13,2430,61457,2497,5,4,0,0,1,1,1,1,1,1,1,1,1,0,1,0,0,0,0,0,1,0,0,0,0,0,1,0,0,1,0,1
41508732,카니발,카니발 4세대,85,3150,55687,3470,7,6,0,0,1,1,1,1,1,1,1,1,1,0,1,0,0,0,0,0,1,0,0,0,0,0,1,0,0,1,1,0
41509198,카니발,카니발 4세대,85,3440,38489,2151,9,5,2,1,1,1,1,1,1,1,1,1,1,0,1,0,0,0,0,0,0,0,1,0,0,0,0,1,0,1,1,0
41509354,스포티지,스포티지 4세대,55,9999,142527,1995,5,8,2,0,0,0,0,0,0,0,0,0,0,0,1,0,0,0,0,0,0,0,1,0,0,1,0,0,0,1,1,0
41509653,쏘렌토,쏘렌토 4세대,58,2430,82802,2151,5,4,8,0,1,1,1,1,1,1,1,1,1,0,1,0,0,0,0,0,0,0,1,0,0,0,0,1,0,1,1,0
41511078,쏘렌토,더 뉴 쏘렌토 4세대,58,4550,33459,1598,6,2,3,0,1,1,1,1,1,1,1,1,1,0,1,0,0,0,0,0,0,1,0,0,0,1,0,0,0,1,1,0
41511268,쏘렌토,더 뉴 쏘렌토 4세대,58,6700,141,1598,7,1,0,1,1,1,1,1,1,1,1,1,1,0,1,0,0,0,0,0,0,1,0,0,0,1,0,0,0,1,1,0
41511430,K5,더 뉴 K5 3세대,11,3550,5278,1598,5,1,0,0,1,1,1,1,1,1,1,1,1,0,1,0,0,0,0,0,1,0,0,0,0,0,1,0,0,1,0,1
41511551,카니발,더 뉴 카니발 4세대,85,4710,46605,1598,9,2,0,0,1,1,1,1,1,1,1,1,1,0,1,0,0,0,0,0,0,1,0,0,0,0,1,0,0,1,1,0
41511625,셀토스,셀토스,49,2100,44382,1591,5,4,0,0,1,1,1,1,1,1,1,1,1,0,1,0,0,0,0,0,1,0,0,0,0,0,0,0,1,1,1,0
41512154,쏘렌토,쏘렌토 4세대,58,3460,28033,2151,5,4,0,0,1,1,1,1,1,1,1,1,1,0,1,0,0,0,0,0,0,0,1,0,0,1,0,0,0,1,1,0
41512511,K9,더 뉴 K9 2세대,14,4999,37420,3778,5,4,0,1,1,1,1,1,1,1,1,1,1,0,1,0,0,0,0,0,1,0,0,0,0,0,1,0,0,1,0,1
41512549,K9,더 뉴 K9 2세대,14,4030,112716,3778,5,4,2,0,1,1,1,1,1,1,1,1,1,0,1,0,0,0,0,0,1,0,0,0,0,0,1,0,0,1,0,1
41512562,셀토스,셀토스,49,1890,109408,1591,5,4,1,0,1,1,1,1,1,1,1,1,1,0,1,0,0,0,0,0,1,0,0,0,0,1,0,0,0,1,1,0
41512695,카니발,카니발 4세대,85,2190,107626,2151,9,5,2,0,1,1,1,1,1,1,1,1,1,0,1,0,0,0,0,0,0,0,1,0,0,0,0,0,1,1,1,0
41513295,쏘렌토,더 뉴 쏘렌토 4세대,58,4450,39704,1598,6,2,0,1,1,1,1,1,1,1,1,1,1,0,1,0,0,0,0,0,0,1,0,0,0,1,0,0,0,1,1,0
41513428,카니발,더 뉴 카니발 4세대,85,5430,13848,1598,7,2,0,1,1,1,1,1,1,1,1,1,1,0,1,0,0,0,0,0,0,1,0,0,0,0,0,1,0,1,1,0
41515497,K5,K5 3세대,11,1820,60797,1598,5,6,12,0,1,1,1,1,1,1,1,1,1,0,1,0,0,0,0,0,1,0,0,0,0,1,0,0,0,1,0,1
41516533,스포티지,스포티지 5세대,55,2870,36022,1598,5,4,0,0,1,1,1,1,1,1,1,1,1,0,1,0,0,0,0,0,1,0,0,0,0,0,0,0,1,1,1,0
41516588,셀토스,셀토스,49,1990,41000,1591,5,7,2,0,0,0,0,0,0,0,0,0,0,0,1,0,0,0,0,0,1,0,0,0,0,1,0,0,0,1,1,0
41516812,카니발,더 뉴 카니발 4세대,85,6200,7251,3470,7,2,0,0,1,1,1,1,1,1,1,1,1,0,1,0,0,0,0,0,1,0,0,0,0,0,0,1,0,1,1,0
41516883,쏘렌토,쏘렌토 4세대,58,3830,42380,1598,5,3,0,0,1,1,1,1,1,1,1,1,1,0,1,0,0,0,0,0,0,1,0,0,0,0,0,1,0,1,1,0
41517027,쏘렌토,더 뉴 쏘렌토 4세대,58,4250,16079,2497,5,2,0,0,1,1,1,1,1,1,1,1,1,0,1,0,0,0,0,0,1,0,0,0,0,0,1,0,0,1,1,0
41517031,셀토스,셀토스,49,1890,55176,1591,5,7,6,0,1,1,1,1,1,1,1,1,1,0,1,0,0,0,0,0,1,0,0,0,0,0,0,0,1,1,1,0
41517580,카니발,카니발 4세대,85,3590,31729,2151,9,4,0,1,1,1,1,1,1,1,1,1,1,0,1,0,0,0,0,0,0,0,1,0,0,1,0,0,0,1,1,0
41518198,쏘렌토,더 뉴 쏘렌토 4세대,58,4220,29664,2497,6,3,0,0,1,1,1,1,1,1,1,1,1,0,1,0,0,0,0,0,1,0,0,0,0,0,1,0,0,1,1,0
41518291,쏘렌토,더 뉴 쏘렌토,58,1895,88217,2199,7,8,4,1,1,1,1,1,1,1,1,1,1,0,1,0,0,0,0,0,0,0,1,0,0,1,0,0,0,1,1,0
41519222,K7,K7 프리미어,12,2350,72300,2497,5,7,1,1,1,1,1,1,1,1,1,1,1,0,1,0,0,0,0,0,1,0,0,0,0,1,0,0,0,1,0,1
41519709,쏘렌토,더 뉴 쏘렌토 4세대,58,3730,35551,2497,6,3,0,0,1,1,1,1,1,1,1,1,1,0,1,0,0,0,0,0,1,0,0,0,0,0,0,1,0,1,1,0
41519875,쏘렌토,더 뉴 쏘렌토 4세대,58,3800,29584,1598,5,2,3,0,1,1,1,1,1,1,1,1,1,0,1,0,0,0,0,0,0,1,0,0,0,1,0,0,0,1,1,0
41520360,카니발,카니발 4세대,85,3450,86596,2151,7,5,0,0,1,1,1,1,1,1,1,1,1,0,1,0,0,0,0,0,0,0,1,0,0,0,0,1,0,1,1,0
41524663,카니발,카니발 4세대,85,3940,36024,2151,9,3,0,1,1,1,1,1,1,1,1,1,1,0,1,0,0,0,0,0,0,0,1,0,0,0,1,0,0,1,1,0
41524990,레이,더 뉴 기아 레이,34,1730,33301,998,5,3,0,0,0,1,1,1,1,1,1,1,1,0,1,0,0,0,0,0,1,0,0,0,0,0,1,0,0,1,0,1
41525195,쏘렌토,더 뉴 쏘렌토,58,1890,130690,2199,5,8,0,0,1,1,1,1,1,1,1,1,1,0,1,0,0,0,0,0,0,0,1,0,0,0,1,0,0,1,1,0
41525306,카니발,더 뉴 카니발 4세대,85,5450,12931,1598,7,1,0,0,1,1,1,1,1,1,1,1,1,0,1,0,0,0,0,0,0,1,0,0,0,0,1,0,0,1,1,0
41525868,카니발,카니발 4세대,85,2630,109744,2151,9,5,3,1,1,1,1,1,1,1,1,1,1,0,1,0,0,0,0,0,0,0,1,0,0,1,0,0,0,1,1,0
41526180,스팅어,스팅어,53,1870,93357,3342,5,8,4,1,1,1,1,1,1,1,1,1,1,0,1,0,0,0,0,0,1,0,0,0,0,1,0,0,0,1,0,1
41527129,쏘렌토,쏘렌토 4세대,58,2990,69680,1598,7,4,2,0,0,0,0,0,0,0,0,0,0,0,1,0,0,0,0,0,0,1,0,0,0,0,0,1,0,1,1,0
41527328,쏘렌토,쏘렌토 4세대,58,9999,59738,2151,6,6,14,0,1,1,1,1,1,1,1,1,1,0,1,0,0,0,0,0,0,0,1,0,0,0,0,1,0,1,1,0
41527551,K5,더 뉴 K5 하이브리드 3세대,11,3350,10353,1999,5,3,0,0,1,1,1,1,1,1,1,1,1,0,1,0,0,0,0,0,0,1,0,0,0,0,0,1,0,1,0,1
41527722,니로,디 올 뉴 니로,29,9999,2607,1580,5,1,0,1,1,1,1,1,1,1,1,1,1,0,1,0,0,0,0,0,0,1,0,0,0,0,1,0,0,1,1,0
41527869,스포티지,더 뉴 스포티지 5세대,55,3890,11442,1598,5,1,2,0,1,1,1,1,1,1,1,1,1,0,1,0,0,0,0,0,1,0,0,0,0,1,0,0,0,1,1,0
41528085,K8,K8,13,1990,99178,3470,5,5,2,0,0,0,0,0,0,0,0,0,0,0,1,0,0,0,0,1,0,0,0,0,0,0,1,0,0,1,0,1
41528563,카니발,카니발 4세대,85,2350,157922,2151,9,5,5,0,1,1,1,1,1,1,1,1,1,0,1,0,0,0,0,0,0,0,1,0,0,0,1,0,0,1,1,0
41529380,카니발,카니발 4세대,85,2600,82397,2151,9,5,0,0,1,1,1,1,1,1,1,1,1,0,1,0,0,0,0,0,0,0,1,0,0,0,1,0,0,1,1,0
41529573,K5,K5 3세대,11,2750,54115,1999,5,4,2,0,0,0,0,0,0,0,0,0,0,0,1,0,0,0,0,0,1,0,0,0,0,0,1,0,0,1,0,1
41530444,쏘렌토,쏘렌토 4세대,58,2500,215037,1598,5,5,0,0,1,1,1,1,1,1,1,1,1,0,1,0,0,0,0,0,0,1,0,0,0,0,0,1,0,1,1,0
41531922,쏘렌토,쏘렌토 4세대,58,9999,120874,1598,5,4,2,0,0,0,0,0,0,0,0,0,0,0,1,0,0,0,0,0,0,1,0,0,0,1,0,0,0,1,1,0
41533049,쏘렌토,쏘렌토 4세대,58,2980,127598,2497,5,5,0,0,1,1,1,1,1,1,1,1,1,0,1,0,0,0,0,0,1,0,0,0,0,1,0,0,0,1,1,0
41534033,쏘렌토,쏘렌토 4세대,58,2690,72290,2151,7,4,0,0,1,1,1,1,1,1,1,1,1,0,1,0,0,0,0,0,0,0,1,0,0,0,0,0,1,1,1,0
41534388,카니발,카니발 4세대,85,3290,68353,2151,7,6,0,1,1,1,1,1,1,1,1,1,1,0,1,0,0,0,0,0,0,0,1,0,0,1,0,0,0,1,1,0
41534806,쏘렌토,쏘렌토 4세대,58,2350,106371,2151,5,6,3,1,1,1,1,1,1,1,1,1,1,0,1,0,0,0,0,0,0,0,1,0,0,0,0,0,1,1,1,0
41534899,니로,디 올 뉴 니로 EV,29,2430,116429,180,5,3,4,1,1,1,1,1,1,1,1,1,1,0,1,0,0,0,0,0,0,0,0,1,0,0,0,1,0,1,1,0
41535467,K5,K5 3세대,11,1880,64635,1999,5,4,6,0,1,1,1,1,1,1,1,1,1,0,1,0,0,0,0,1,0,0,0,0,0,0,1,0,0,1,0,1
41535533,니로,더 뉴 니로,29,2290,56546,1580,5,5,0,0,1,1,1,1,1,1,1,1,1,0,1,0,0,0,0,0,0,1,0,0,0,0,0,1,0,1,1,0
41535871,K5,K5 3세대,11,9999,31053,1999,5,4,0,1,1,1,1,1,1,1,1,1,1,0,1,0,0,0,0,0,1,0,0,0,0,1,0,0,0,1,0,1
41536158,K5,K5 3세대,11,2020,157380,1999,5,4,2,0,0,0,0,0,0,0,0,0,0,0,1,0,0,0,0,1,0,0,0,0,0,0,0,1,0,1,0,1
41537391,K5,더 뉴 K5 하이브리드 3세대,11,3550,10901,1999,5,2,1,1,1,1,1,1,1,1,1,1,1,0,1,0,0,0,0,0,0,1,0,0,0,0,0,1,0,1,0,1
41537411,스팅어,스팅어 마이스터,53,3050,65631,2497,5,5,2,1,1,1,1,1,1,1,1,1,1,0,1,0,0,0,0,0,1,0,0,0,0,0,0,0,1,1,0,1
41538039,카니발,더 뉴 카니발 4세대,85,4600,35304,1598,9,2,1,0,1,1,1,1,1,1,1,1,1,0,1,0,0,0,0,0,0,1,0,0,0,0,0,1,0,1,1,0
41541363,카니발,더 뉴 카니발 4세대,85,4120,2900,1598,9,0,2,1,1,1,1,1,1,1,1,1,1,0,1,0,0,0,0,0,0,1,0,0,0,0,0,1,0,1,1,0
41541452,셀토스,셀토스,49,2120,33817,1591,5,4,3,0,0,1,1,1,1,1,1,1,1,0,1,0,0,0,0,0,1,0,0,0,0,1,0,0,0,1,1,0
41541594,카니발,카니발 4세대,85,3250,37871,3470,7,5,2,1,1,1,1,1,1,1,1,1,1,0,1,0,0,0,0,0,1,0,0,0,0,0,1,0,0,1,1,0
41542973,K8,K8 하이브리드,13,8888,55225,1598,5,5,7,0,1,1,1,1,1,1,1,1,1,0,1,0,0,0,0,0,0,1,0,0,0,1,0,0,0,1,0,1
41543232,K8,K8 하이브리드,13,3190,61486,1598,5,5,10,1,1,1,1,1,1,1,1,1,1,0,1,0,0,0,0,0,0,1,0,0,0,0,0,1,0,1,0,1
41544027,카니발,카니발 4세대,85,2590,64893,2151,9,5,0,0,1,1,1,1,1,1,1,1,1,0,1,0,0,0,0,0,0,0,1,0,0,1,0,0,0,1,1,0
41544123,타스만,타스만,97,4790,8626,2497,5,1,0,1,1,1,1,1,1,1,1,1,1,0,1,0,0,0,0,0,1,0,0,0,0,0,0,1,0,1,1,0
41544176,쏘렌토,더 뉴 쏘렌토 4세대,58,5880,6394,1598,5,1,0,1,1,1,1,1,1,1,1,1,1,0,1,0,0,0,0,0,0,1,0,0,0,1,0,0,0,1,1,0
41544725,K7,K7 프리미어,12,2140,109049,2999,5,7,5,0,1,1,1,1,1,1,1,1,1,0,1,0,0,0,0,1,0,0,0,0,0,0,0,0,1,1,0,1
41546370,카니발,카니발 4세대,85,3280,33337,3470,7,4,4,0,1,1,1,1,1,1,1,1,1,0,1,0,0,0,0,0,1,0,0,0,0,1,0,0,0,1,1,0
41546863,카니발,카니발 4세대,85,1990,198499,2151,7,6,9,0,1,1,1,1,1,1,1,1,1,0,1,0,0,0,0,0,0,0,1,0,0,0,1,0,0,1,1,0
41547313,카니발,더 뉴 카니발 4세대,85,4350,63074,1598,7,2,0,0,1,1,1,1,1,1,1,1,1,0,1,0,0,0,0,0,0,1,0,0,0,1,0,0,0,1,1,0
41547841,스포티지,스포티지 5세대 하이브리드,55,2590,45469,1598,5,4,12,0,1,1,1,1,1,1,1,1,1,0,1,0,0,0,0,0,0,1,0,0,0,0,0,1,0,1,1,0
41548058,쏘렌토,더 뉴 쏘렌토 4세대,58,4180,48366,1598,5,3,1,1,1,1,1,1,1,1,1,1,1,0,1,0,0,0,0,0,0,1,0,0,0,1,0,0,0,1,1,0
41548412,EV6,EV6,3,2790,115421,111,5,5,1,0,1,1,1,1,1,1,1,1,1,0,1,0,0,0,0,0,0,0,0,1,0,0,0,1,0,1,0,1
41548589,K5,K5 하이브리드 3세대,11,2850,1129,1999,5,3,0,0,1,1,1,1,1,1,1,1,1,0,1,0,0,0,0,0,0,1,0,0,0,0,1,0,0,1,0,1
41549390,카니발,카니발 4세대,85,2670,114026,2151,9,5,1,0,1,1,1,1,1,1,1,1,1,0,1,0,0,0,0,0,0,0,1,0,0,0,1,0,0,1,1,0
41549713,카니발,카니발 4세대,85,2750,93500,2151,9,6,2,0,1,1,1,1,1,1,1,1,1,0,1,0,0,0,0,0,0,0,1,0,0,0,0,0,1,1,1,0
41550570,K7,올 뉴 K7,12,2345,112378,3342,5,8,1,1,1,1,1,1,1,1,1,1,1,0,1,0,0,0,0,0,1,0,0,0,0,0,1,0,0,1,0,1
41550880,K8,K8 하이브리드,13,2930,36251,1598,5,3,5,0,1,1,1,1,1,1,1,1,1,0,1,0,0,0,0,0,0,1,0,0,0,0,1,0,0,1,0,1
41550929,모하비,모하비 더 마스터,43,3700,93184,2959,5,4,1,0,1,1,1,1,1,1,1,1,1,0,1,0,0,0,0,0,0,0,1,0,0,0,1,0,0,1,1,0
41551238,K5,K5 3세대,11,2420,68143,1598,5,4,6,1,1,1,1,1,1,1,1,1,1,0,1,0,0,0,0,0,1,0,0,0,0,0,1,0,0,1,0,1
41551409,K8,K8,13,2250,111372,3470,5,5,15,1,1,1,1,1,1,1,1,1,1,0,1,0,0,0,0,0,1,0,0,0,0,0,1,0,0,1,0,1
41551785,K8,K8 하이브리드,13,3090,72572,1598,5,2,0,0,1,1,1,1,1,1,1,1,1,0,1,0,0,0,0,0,0,1,0,0,0,0,0,1,0,1,0,1
41551847,카니발,더 뉴 카니발 4세대,85,3390,50735,2151,9,2,1,0,1,1,1,1,1,1,1,1,1,0,1,0,0,0,0,0,0,0,1,0,0,1,0,0,0,1,1,0
41552363,K9,더 K9,14,2550,67704,3778,5,7,10,0,1,1,1,1,1,1,1,1,1,0,1,0,0,0,0,0,1,0,0,0,0,0,1,0,0,1,0,1
41552861,K8,K8 하이브리드,13,3290,30752,1598,5,3,6,0,1,1,1,1,1,1,1,1,1,0,1,0,0,0,0,0,0,1,0,0,0,0,1,0,0,1,0,1
41553372,쏘렌토,쏘렌토 4세대,58,3050,58632,2151,6,6,1,1,1,1,1,1,1,1,1,1,1,0,1,0,0,0,0,0,0,0,1,0,0,1,0,0,0,1,1,0
41553520,K8,K8 하이브리드,13,2680,113167,1598,5,5,7,1,1,1,1,1,1,1,1,1,1,0,1,0,0,0,0,0,0,1,0,0,0,0,0,1,0,1,0,1
41554330,K5,K5 3세대,11,1950,61551,1598,5,6,2,0,1,1,1,1,1,0,1,1,1,0,1,0,0,0,0,0,1,0,0,0,0,0,1,0,0,1,0,1
41554698,K7,K7 프리미어,12,1999,99760,2199,5,7,5,1,1,1,1,1,1,1,1,1,1,0,1,0,0,0,0,0,0,0,1,0,0,0,1,0,0,1,0,1
41554717,스포티지,스포티지 5세대,55,2780,37789,1998,5,4,2,0,1,1,0,0,1,0,1,1,1,0,1,0,0,0,0,0,0,0,1,0,0,0,1,0,0,1,1,0
41555406,스포티지,스포티지 5세대,55,3399,31355,1598,5,2,0,1,1,1,1,1,1,1,1,1,1,0,1,0,0,0,0,0,1,0,0,0,0,1,0,0,0,1,1,0
41556839,스포티지,더 뉴 스포티지 5세대,55,9999,14506,1598,5,1,0,0,1,1,1,1,1,1,1,1,1,0,1,0,0,0,0,0,1,0,0,0,0,0,0,1,0,1,1,0
41557376,카니발,카니발 4세대,85,3050,30732,2151,9,4,0,0,1,1,1,1,1,1,1,1,1,0,1,0,0,0,0,0,0,0,1,0,0,1,0,0,0,1,1,0
41557868,K7,더 프레스티지 K7,12,9999,82654,2359,5,15,2,0,0,0,0,0,0,0,0,0,0,0,1,0,0,0,0,0,1,0,0,0,0,1,0,0,0,1,0,1
41558627,K3,올 뉴 K3,10,9999,101295,1598,5,7,1,0,0,1,1,1,1,1,1,1,1,0,1,0,0,0,0,0,1,0,0,0,0,0,0,0,1,1,0,1
41558847,K8,K8,13,2890,59297,3470,5,2,0,0,1,1,1,1,1,1,1,1,1,0,1,0,0,0,0,1,0,0,0,0,0,0,0,1,0,1,0,1
41559376,니로,디 올 뉴 니로,29,2860,27589,1580,5,4,0,0,1,1,1,1,1,1,1,1,1,0,1,0,0,0,0,0,0,1,0,0,0,1,0,0,0,1,1,0
41561121,스포티지,더 뉴 스포티지 5세대 하이브리드,55,5700,6,1598,5,0,0,1,1,1,1,1,1,1,1,1,1,0,1,0,0,0,0,0,0,1,0,0,0,0,1,0,0,1,1,0
41561589,카니발,카니발 4세대,85,3490,123532,2151,7,5,8,0,1,1,1,1,1,1,1,1,1,0,1,0,0,0,0,0,0,0,1,0,0,1,0,0,0,1,1,0
41562497,K5,K5 3세대,11,1799,92865,1999,5,6,1,0,1,1,1,1,1,1,1,1,1,0,1,0,0,0,0,0,1,0,0,0,0,0,0,1,0,1,0,1
41563180,모하비,더 뉴 모하비,43,1800,117239,2959,5,9,5,0,1,1,1,1,1,1,1,1,1,0,1,0,0,0,0,0,0,0,1,0,0,0,1,0,0,1,1,0
41563635,K5,K5 3세대,11,1950,72742,1999,5,6,3,0,1,1,1,1,1,1,1,1,1,0,1,0,0,0,0,0,1,0,0,0,0,1,0,0,0,1,0,1
41563874,셀토스,셀토스,49,1920,79520,1591,5,7,0,0,1,1,1,1,1,1,1,1,1,0,1,0,0,0,0,0,1,0,0,0,0,1,0,0,0,1,1,0
41564021,스포티지,스포티지 5세대,55,2650,42557,1598,5,3,6,0,1,1,1,1,1,1,1,1,1,0,1,0,0,0,0,0,1,0,0,0,0,1,0,0,0,1,1,0
41564426,K5,더 뉴 K5 3세대,11,3200,6135,1598,5,2,7,1,1,1,1,1,1,1,1,1,1,0,1,0,0,0,0,0,1,0,0,0,0,0,0,1,0,1,0,1
41565118,EV6,EV6,3,2780,109217,111,5,4,1,0,1,1,1,1,1,1,1,1,1,0,1,0,0,0,0,0,0,0,0,1,0,0,1,0,0,1,0,1
41565789,카니발,카니발 4세대,85,3020,46112,2151,9,6,4,0,1,1,1,1,1,1,1,1,1,0,1,0,0,0,0,0,0,0,1,0,0,0,1,0,0,1,1,0
41565988,니로,디 올 뉴 니로,29,1950,131549,1580,5,3,0,0,1,1,1,1,1,1,1,1,1,0,1,0,0,0,0,0,0,1,0,0,0,1,0,0,0,1,1,0
41566897,쏘렌토,쏘렌토 4세대,58,3580,82572,2151,5,4,0,1,1,1,1,1,1,1,1,1,1,0,1,0,0,0,0,0,0,0,1,0,0,1,0,0,0,1,1,0
41566912,니로,디 올 뉴 니로,29,2820,77283,1580,5,4,2,1,1,1,1,1,1,1,1,1,1,0,1,0,0,0,0,0,0,1,0,0,0,1,0,0,0,1,1,0
41566961,모하비,모하비 더 마스터,43,3230,109466,2959,6,6,3,1,1,1,1,1,1,1,1,1,1,0,1,0,0,0,0,0,0,0,1,0,0,0,1,0,0,1,1,0
41567618,K7,K7 프리미어,12,2590,35122,2497,5,5,5,1,1,1,1,1,1,1,1,1,1,0,1,0,0,0,0,0,1,0,0,0,0,0,1,0,0,1,0,1
41567798,스포티지,스포티지 더 볼드,55,1930,67346,1999,5,7,3,0,0,1,1,0,1,1,1,1,1,0,1,0,0,0,0,0,1,0,0,0,0,1,0,0,0,1,1,0
41567922,쏘렌토,쏘렌토 4세대,58,3780,74059,1598,5,5,0,1,1,1,1,1,1,1,1,1,1,0,1,0,0,0,0,0,0,1,0,0,0,1,0,0,0,1,1,0
41568541,니로,더 뉴 니로,29,1850,72306,1580,5,5,3,0,0,1,1,1,1,1,1,0,1,0,1,0,0,0,0,0,0,1,0,0,0,0,0,1,0,1,1,0
41568715,스포티지,스포티지 5세대,55,2800,30720,1598,5,4,6,0,1,1,1,1,1,1,1,1,1,0,1,0,0,0,0,0,1,0,0,0,0,0,0,1,0,1,1,0
41569787,카니발,카니발 4세대,85,2730,56904,3470,9,3,12,1,1,1,1,1,1,1,1,1,1,0,1,0,0,0,0,0,1,0,0,0,0,0,1,0,0,1,1,0
41571579,K8,K8,13,9999,29125,2497,5,3,0,0,1,1,1,1,1,1,1,1,1,0,1,0,0,0,0,0,1,0,0,0,0,0,0,1,0,1,0,1
41571946,카니발,더 뉴 카니발,85,2400,55622,3342,7,8,2,1,1,1,1,1,1,1,1,1,1,0,1,0,0,0,0,0,1,0,0,0,0,1,0,0,0,1,1,0
41573886,카니발,더 뉴 카니발 4세대,85,3640,36225,2151,9,2,0,0,1,1,1,1,1,1,1,1,1,0,1,0,0,0,0,0,0,0,1,0,0,1,0,0,0,1,1,0
41573934,카니발,카니발 4세대,85,2120,108324,2151,9,6,5,0,1,1,1,1,1,1,1,1,1,0,1,0,0,0,0,0,0,0,1,0,0,0,1,0,0,1,1,0
41574595,카니발,카니발 4세대,85,3140,94359,2151,7,5,1,0,1,1,1,1,1,1,1,1,1,0,1,0,0,0,0,0,0,0,1,0,0,0,1,0,0,1,1,0
41575100,모하비,모하비 더 마스터,43,3100,107767,2959,7,6,0,1,1,1,1,1,1,1,1,1,1,0,1,0,0,0,0,0,0,0,1,0,0,0,1,0,0,1,1,0
41575392,스포티지,스포티지 5세대,55,3190,11586,1598,5,2,3,0,1,1,1,1,1,1,1,1,1,0,1,0,0,0,0,0,1,0,0,0,0,0,0,1,0,1,1,0
41575585,K8,더 뉴 K8,13,2750,83865,3470,5,1,0,0,1,1,1,1,1,1,1,1,1,0,1,0,0,0,0,1,0,0,0,0,0,0,1,0,0,1,0,1
41576760,K8,K8,13,1980,150915,3470,5,5,0,1,1,1,1,1,1,1,1,1,1,0,1,0,0,0,0,1,0,0,0,0,0,0,0,1,0,1,0,1
41576861,쏘렌토,더 뉴 쏘렌토 4세대,58,4600,5034,1598,6,2,2,1,1,1,1,1,1,1,1,1,1,0,1,0,0,0,0,0,0,1,0,0,0,1,0,0,0,1,1,0
41576904,카니발,더 뉴 카니발,85,1880,92272,2199,9,8,10,0,1,1,1,1,1,1,1,1,1,0,1,0,0,0,0,0,0,0,1,0,0,1,0,0,0,1,1,0
41577370,K5,K5 3세대,11,1899,134029,1598,5,6,1,0,1,1,1,1,1,1,1,1,1,0,1,0,0,0,0,0,1,0,0,0,0,1,0,0,0,1,0,1
41577856,카니발,카니발 4세대,85,3460,55480,3470,7,3,6,0,1,1,1,1,1,1,1,1,1,0,1,0,0,0,0,0,1,0,0,0,0,1,0,0,0,1,1,0
41577857,스팅어,스팅어 마이스터,53,4220,41123,3342,5,4,3,0,1,1,1,1,1,1,1,1,1,0,1,0,0,0,0,0,1,0,0,0,0,0,0,0,1,1,0,1
41578583,니로,디 올 뉴 니로,29,2399,97553,1580,5,4,2,0,0,0,0,0,0,0,0,0,0,0,1,0,0,0,0,0,0,1,0,0,0,1,0,0,0,1,1,0
41582830,카니발,더 뉴 카니발,85,2630,50014,3342,9,6,3,0,1,1,1,1,1,1,1,1,1,0,1,0,0,0,0,0,1,0,0,0,0,1,0,0,0,1,1,0
41583766,쏘렌토,쏘렌토 4세대,58,2620,115490,2151,6,6,0,0,1,1,1,1,1,1,1,1,1,0,1,0,0,0,0,0,0,0,1,0,0,1,0,0,0,1,1,0
41584370,스포티지,스포티지 더 볼드,55,1920,80041,1999,5,6,0,0,0,1,1,1,1,1,1,1,1,0,1,0,0,0,0,0,1,0,0,0,0,1,0,0,0,1,1,0
41584715,카니발,더 뉴 카니발,85,1950,82662,2199,7,8,0,0,1,1,1,1,1,1,1,1,1,0,1,0,0,0,0,0,0,0,1,0,0,0,1,0,0,1,1,0
41584794,쏘렌토,쏘렌토 4세대,58,3770,33986,1598,5,3,1,0,1,1,1,1,1,1,1,1,1,0,1,0,0,0,0,0,0,1,0,0,0,1,0,0,0,1,1,0
41585356,카니발,카니발 4세대,85,9999,78703,2151,9,4,2,1,1,1,1,1,1,1,1,1,1,0,1,0,0,0,0,0,0,0,1,0,0,1,0,0,0,1,1,0
41585621,K7,올 뉴 K7,12,1750,79471,3342,5,9,0,1,1,1,1,1,1,1,1,1,1,0,1,0,0,0,0,0,1,0,0,0,0,1,0,0,0,1,0,1
41585767,스포티지,스포티지 더 볼드,55,1830,49637,1598,5,7,3,0,0,1,1,1,1,1,1,1,1,0,1,0,0,0,0,0,0,0,1,0,0,1,0,0,0,1,1,0
41586286,스팅어,스팅어,53,2270,95474,3342,5,8,0,1,1,1,1,1,1,1,1,1,1,0,1,0,0,0,0,0,1,0,0,0,0,0,0,1,0,1,0,1
41586838,K3,더 뉴 K3 2세대,10,2290,66981,1598,5,4,0,0,1,1,1,1,1,1,1,1,1,0,1,0,0,0,0,0,1,0,0,0,0,1,0,0,0,1,0,1
41586984,모닝,더 뉴 모닝 (JA),42,1730,16700,998,5,2,1,1,1,1,1,1,1,1,1,1,1,0,1,0,0,0,0,0,1,0,0,0,0,1,0,0,0,1,0,1
41587168,셀토스,셀토스,49,2290,40694,1591,5,5,0,0,1,1,1,1,1,1,1,1,1,0,1,0,0,0,0,0,1,0,0,0,0,1,0,0,0,1,1,0
41587397,K8,K8 하이브리드,13,2550,87361,1598,5,4,5,0,1,1,1,1,1,1,1,1,1,0,1,0,0,0,0,0,0,1,0,0,0,0,1,0,0,1,0,1
41588403,카니발,더 뉴 카니발,85,1850,90442,2199,9,8,1,0,1,1,1,1,1,1,1,1,1,0,1,0,0,0,0,0,0,0,1,0,0,1,0,0,0,1,1,0
41588558,EV4,EV4,2,3890,6539,237,5,1,12,0,1,1,1,1,1,1,1,1,1,0,1,0,0,0,0,0,0,0,0,1,0,0,0,1,0,1,0,1
41588628,쏘렌토,쏘렌토 4세대,58,2980,50412,2151,5,5,1,1,1,1,1,1,1,1,1,1,1,0,1,0,0,0,0,0,0,0,1,0,0,0,0,1,0,1,1,0
41589095,K5,K5 3세대,11,3050,11669,1999,5,4,2,0,0,0,0,0,0,0,0,0,0,0,1,0,0,0,0,0,1,0,0,0,0,1,0,0,0,1,0,1
41589160,스포티지,스포티지 5세대,55,2190,109543,1598,5,4,6,0,1,1,1,1,1,1,1,1,1,0,1,0,0,0,0,0,1,0,0,0,0,1,0,0,0,1,1,0
41589264,쏘렌토,더 뉴 쏘렌토 4세대,58,4350,16172,1598,5,2,0,1,1,1,1,1,1,1,1,1,1,0,1,0,0,0,0,0,0,1,0,0,0,0,0,1,0,1,1,0
41589339,셀토스,셀토스,49,1770,87029,1591,5,5,3,0,0,1,1,1,1,1,1,0,1,0,1,0,0,0,0,0,1,0,0,0,0,0,1,0,0,1,1,0
41589626,스팅어,스팅어,53,1950,85732,3342,5,9,0,0,1,1,1,1,1,1,1,1,1,0,1,0,0,0,0,0,1,0,0,0,0,0,0,0,1,1,0,1
41590046,쏘렌토,쏘렌토 4세대,58,2439,120284,2151,5,4,3,1,1,1,1,1,1,1,1,1,1,0,1,0,0,0,0,0,0,0,1,0,0,0,0,1,0,1,1,0
41591923,카니발,카니발 4세대,85,2800,72741,3470,9,3,0,0,1,1,1,1,1,0,1,1,1,0,1,0,0,0,0,0,1,0,0,0,0,0,1,0,0,1,1,0
41592422,K7,K7 프리미어,12,2790,48735,2999,5,6,1,1,1,1,1,1,1,1,1,1,1,0,1,0,0,0,0,0,1,0,0,0,0,0,1,0,0,1,0,1
41592876,스포티지,스포티지 5세대 하이브리드,55,3390,39107,1598,5,2,2,0,1,1,1,1,1,1,1,1,1,0,1,0,0,0,0,0,0,1,0,0,0,1,0,0,0,1,1,0
41593109,K5,K5 하이브리드 3세대,11,1750,102426,1999,5,6,2,0,1,1,1,1,1,1,1,1,1,0,1,0,0,0,0,0,0,1,0,0,0,0,0,1,0,1,0,1
41593366,쏘렌토,쏘렌토 4세대,58,3150,77841,1598,7,6,0,0,1,1,1,1,1,1,1,1,1,0,1,0,0,0,0,0,0,1,0,0,0,1,0,0,0,1,1,0
41593719,카니발,카니발 4세대,85,3520,49623,2151,9,3,0,1,1,1,1,1,1,1,1,1,1,0,1,0,0,0,0,0,0,0,1,0,0,1,0,0,0,1,1,0
41593884,스포티지,스포티지 5세대 하이브리드,55,3199,21004,1598,5,3,3,0,1,1,1,1,1,1,1,1,1,0,1,0,0,0,0,0,0,1,0,0,0,0,0,0,1,1,1,0
41594088,스포티지,스포티지 5세대 하이브리드,55,3650,8067,1598,5,3,2,1,1,1,1,1,1,1,1,1,1,0,1,0,0,0,0,0,0,1,0,0,0,1,0,0,0,1,1,0
41595243,K9,더 뉴 K9 2세대,14,3820,58315,3778,5,4,6,1,1,1,1,1,1,1,1,1,1,0,1,0,0,0,0,0,1,0,0,0,0,0,0,1,0,1,0,1
41595851,카니발,카니발 4세대,85,3380,23055,3470,9,3,1,0,1,1,1,1,1,1,1,1,1,0,1,0,0,0,0,0,1,0,0,0,0,0,0,0,1,1,1,0
41596244,니로,더 뉴 니로,29,1930,42622,1580,5,7,1,0,0,1,1,1,1,1,1,1,1,0,1,0,0,0,0,0,0,1,0,0,0,1,0,0,0,1,1,0
41596293,스포티지,스포티지 5세대 하이브리드,55,2699,97085,1598,5,5,6,1,1,1,1,1,1,1,1,1,1,0,1,0,0,0,0,0,0,1,0,0,0,1,0,0,0,1,1,0
41596340,EV3,EV3,1,3860,16927,237,5,1,0,0,1,1,1,1,1,1,1,0,1,0,1,0,0,0,0,0,0,0,0,1,0,1,0,0,0,1,1,0
41596423,쏘렌토,쏘렌토 4세대,58,2770,20270,2151,7,6,1,0,1,1,1,1,1,1,1,1,1,0,1,0,0,0,0,0,0,0,1,0,0,0,0,1,0,1,1,0
41597555,카니발,더 뉴 카니발,85,2370,105117,2199,9,8,3,0,1,1,1,1,1,1,1,1,1,0,1,0,0,0,0,0,0,0,1,0,0,1,0,0,0,1,1,0
41598509,카니발,카니발 4세대,85,3450,74383,2151,9,5,3,1,1,1,1,1,1,1,1,1,1,0,1,0,0,0,0,0,0,0,1,0,0,1,0,0,0,1,1,0
41599080,쏘렌토,쏘렌토 4세대,58,3550,38189,2497,6,3,0,0,1,1,1,1,1,1,1,1,1,0,1,0,0,0,0,0,1,0,0,0,0,1,0,0,0,1,1,0
41599337,스포티지,스포티지 5세대,55,2580,65388,1998,5,5,6,0,1,1,1,1,1,1,1,1,1,0,1,0,0,0,0,0,0,0,1,0,0,0,0,1,0,1,1,0
41601325,카니발,더 뉴 카니발 4세대,85,4390,17408,3470,9,1,2,1,1,1,1,1,1,1,1,1,1,0,1,0,0,0,0,0,1,0,0,0,0,1,0,0,0,1,1,0
41601849,카니발,카니발 4세대,85,3570,43003,3470,7,3,0,0,1,1,1,1,1,1,1,1,1,0,1,0,0,0,0,0,1,0,0,0,0,1,0,0,0,1,1,0
41602068,K7,K7 프리미어 하이브리드,12,2150,139837,2359,5,5,0,0,1,1,1,1,1,1,1,1,1,0,1,0,0,0,0,0,0,1,0,0,0,0,0,0,1,1,0,1
41602072,쏘렌토,더 뉴 쏘렌토,58,1839,107350,2199,5,8,3,1,0,1,1,1,1,1,1,1,1,0,1,0,0,0,0,0,0,0,1,0,0,0,0,1,0,1,1,0
41602256,모하비,더 뉴 모하비,43,2090,77928,2959,7,9,0,0,1,1,1,1,1,1,1,1,1,0,1,0,0,0,0,0,0,0,1,0,0,0,1,0,0,1,1,0
41602370,니로,디 올 뉴 니로,29,3050,46771,1580,5,3,0,0,1,1,1,1,1,1,1,1,1,0,1,0,0,0,0,0,0,1,0,0,0,1,0,0,0,1,1,0
41603211,카니발,카니발 4세대,85,2229,158742,2151,9,6,1,0,1,1,1,1,1,1,1,1,1,0,1,0,0,0,0,0,0,0,1,0,0,0,0,1,0,1,1,0
41603347,K5,K5 3세대,11,2620,41561,1598,5,4,0,0,1,1,1,1,1,1,1,1,1,0,1,0,0,0,0,0,1,0,0,0,0,0,1,0,0,1,0,1
41603359,셀토스,더 뉴 셀토스,49,2630,43559,1598,5,2,1,0,1,1,1,1,1,1,1,1,1,0,1,0,0,0,0,0,1,0,0,0,0,1,0,0,0,1,1,0
41603413,카니발,카니발 4세대,85,2620,61175,3470,9,3,0,0,1,1,1,1,1,1,1,1,1,0,1,0,0,0,0,0,1,0,0,0,0,1,0,0,0,1,1,0
41603512,스포티지,스포티지 5세대,55,2399,96987,1998,5,5,9,0,1,1,1,1,1,1,1,1,1,0,1,0,0,0,0,0,0,0,1,0,0,1,0,0,0,1,1,0
41603748,쏘렌토,쏘렌토 4세대,58,2600,122244,2151,5,6,0,1,1,1,1,1,1,1,1,1,1,0,1,0,0,0,0,0,0,0,1,0,0,0,0,1,0,1,1,0
41603862,스포티지,스포티지 더 볼드,55,1950,106008,1995,5,5,0,0,1,1,1,1,1,1,1,1,1,0,1,0,0,0,0,0,0,0,1,0,0,1,0,0,0,1,1,0
41603870,K7,K7 프리미어,12,1950,147081,2497,5,7,3,1,1,1,1,1,1,1,1,1,1,0,1,0,0,0,0,0,1,0,0,0,0,0,1,0,0,1,0,1
41603988,K8,K8 하이브리드,13,2690,114092,1598,5,2,1,0,1,1,1,1,1,1,1,1,1,0,1,0,0,0,0,0,0,1,0,0,0,1,0,0,0,1,0,1
41604593,K5,더 뉴 K5 3세대,11,3080,25632,1999,5,2,0,0,1,1,1,1,1,1,1,1,1,0,1,0,0,0,0,0,1,0,0,0,0,0,0,1,0,1,0,1
41605089,K8,K8,13,2480,35814,2497,5,4,0,0,1,1,1,1,1,0,1,1,1,0,1,0,0,0,0,0,1,0,0,0,0,0,1,0,0,1,0,1
41605120,쏘렌토,더 뉴 쏘렌토 4세대,58,4650,8145,2497,5,1,0,1,1,1,1,1,1,1,1,1,1,0,1,0,0,0,0,0,1,0,0,0,0,0,1,0,0,1,1,0
41605318,스포티지,스포티지 5세대,55,3250,41117,1998,5,2,0,0,1,1,1,1,1,1,1,1,1,0,1,0,0,0,0,0,0,0,1,0,0,1,0,0,0,1,1,0
41605414,스포티지,스포티지 5세대 하이브리드,55,3200,20234,1598,5,3,0,0,1,1,1,1,1,1,1,1,1,0,1,0,0,0,0,0,0,1,0,0,0,1,0,0,0,1,1,0
41605618,K8,K8 하이브리드,13,3590,55469,1598,5,5,0,1,1,1,1,1,1,1,1,1,1,0,1,0,0,0,0,0,0,1,0,0,0,1,0,0,0,1,0,1
41606104,모하비,모하비 더 마스터,43,2750,108027,2959,6,7,20,0,1,1,1,1,1,1,1,1,1,0,1,0,0,0,0,0,0,0,1,0,0,0,0,1,0,1,1,0
41606359,쏘렌토,쏘렌토 4세대,58,3190,85721,1598,5,4,7,0,1,1,1,1,1,1,1,1,1,0,1,0,0,0,0,0,0,1,0,0,0,0,0,1,0,1,1,0
41607171,K5,K5 3세대,11,2800,43843,1598,5,3,0,1,1,1,1,1,1,1,1,1,1,0,1,0,0,0,0,0,1,0,0,0,0,0,0,1,0,1,0,1
41607479,EV6,EV6,3,2950,91349,111,5,5,0,0,1,1,1,1,1,1,1,1,1,0,1,0,0,0,0,0,0,0,0,1,0,0,1,0,0,1,0,1
41608510,쏘렌토,올 뉴 쏘렌토,58,9999,85668,1995,5,12,2,0,0,0,0,0,0,0,0,0,0,0,1,0,0,0,0,0,0,0,1,0,0,0,1,0,0,1,1,0
41609130,스포티지,스포티지 더 볼드,55,1799,81009,1995,5,6,0,0,1,1,1,1,1,1,1,1,1,0,1,0,0,0,0,0,0,0,1,0,0,0,0,0,1,1,1,0
41609358,카니발,더 뉴 카니발 4세대,85,6180,6782,1598,9,2,2,0,1,1,1,1,1,1,1,1,1,0,1,0,0,0,0,0,0,1,0,0,0,1,0,0,0,1,1,0
41610094,K8,K8 하이브리드,13,3390,27151,1598,5,3,0,0,1,1,1,1,1,1,1,1,1,0,1,0,0,0,0,0,0,1,0,0,0,0,0,1,0,1,0,1
41610606,스포티지,스포티지 더 볼드,55,2150,43026,1999,5,6,0,0,0,1,1,1,1,1,1,1,1,0,1,0,0,0,0,0,1,0,0,0,0,1,0,0,0,1,1,0
41611089,스포티지,스포티지 더 볼드,55,1830,60168,1995,5,6,0,0,0,1,1,1,1,1,1,1,1,0,1,0,0,0,0,0,0,0,1,0,0,0,0,1,0,1,1,0
41611594,카니발,카니발 4세대,85,3170,34543,2151,9,6,0,0,1,1,1,1,1,1,1,1,1,0,1,0,0,0,0,0,0,0,1,0,0,0,1,0,0,1,1,0
41612438,쏘렌토,쏘렌토 4세대,58,2780,42064,2497,6,3,3,0,1,1,1,1,1,0,1,1,1,0,1,0,0,0,0,0,1,0,0,0,0,0,0,1,0,1,1,0
41612601,스팅어,스팅어 마이스터,53,2740,80252,2497,5,5,1,0,1,1,1,1,1,1,1,1,1,0,1,0,0,0,0,0,1,0,0,0,0,0,0,1,0,1,0,1
41614303,카니발,카니발 4세대,85,2590,110672,2151,9,6,6,1,1,1,1,1,1,1,1,1,1,0,1,0,0,0,0,0,0,0,1,0,0,0,1,0,0,1,1,0
41614483,카니발,더 뉴 카니발,85,2490,67735,2199,7,8,1,1,1,1,1,1,1,1,1,1,1,0,1,0,0,0,0,0,0,0,1,0,0,0,1,0,0,1,1,0
41615089,카니발,카니발 4세대,85,2480,93378,2151,9,5,13,0,1,1,1,1,1,1,1,1,1,0,1,0,0,0,0,0,0,0,1,0,0,0,1,0,0,1,1,0
41616690,니로,디 올 뉴 니로,29,3690,19730,1580,5,2,0,1,1,1,1,1,1,1,1,1,1,0,1,0,0,0,0,0,0,1,0,0,0,1,0,0,0,1,1,0
41619229,카니발,카니발 4세대,85,2520,66059,2151,9,4,7,0,1,1,1,1,1,1,1,1,1,0,1,0,0,0,0,0,0,0,1,0,0,0,1,0,0,1,1,0
41619230,카니발,카니발 4세대,85,2890,68405,2151,9,5,3,0,1,1,1,1,1,1,1,1,1,0,1,0,0,0,0,0,0,0,1,0,0,1,0,0,0,1,1,0
41619251,K3,더 뉴 K3 2세대,10,9999,45695,1598,5,4,0,0,0,1,1,1,1,1,1,0,1,0,1,0,0,0,0,0,1,0,0,0,0,1,0,0,0,1,0,1
41620797,K5,K5 3세대,11,3480,38404,1999,5,4,1,0,1,1,1,1,1,1,1,1,1,0,1,0,0,0,0,0,1,0,0,0,0,0,0,1,0,1,0,1
41620809,스포티지,스포티지 5세대,55,2630,19193,1598,5,4,4,0,1,1,1,1,1,1,1,1,1,0,1,0,0,0,0,0,1,0,0,0,0,0,0,0,1,1,1,0
41620951,K8,K8,13,2880,40313,2497,5,3,2,0,1,1,1,1,1,1,1,1,1,0,1,0,0,0,0,0,1,0,0,0,0,1,0,0,0,1,0,1
41620964,K5,K5 3세대,11,2190,52294,1999,5,6,7,1,1,1,1,1,1,1,1,1,1,0,1,0,0,0,0,0,1,0,0,0,0,0,0,0,1,1,0,1
41621098,카니발,카니발 4세대,85,3880,21416,3470,7,5,0,0,1,1,1,1,1,1,1,1,1,0,1,0,0,0,0,0,1,0,0,0,0,0,1,0,0,1,1,0
41621151,카니발,더 뉴 카니발,85,1890,70957,3342,9,7,0,0,1,1,1,1,1,1,1,1,1,0,1,0,0,0,0,0,1,0,0,0,0,1,0,0,0,1,1,0
41621618,카니발,카니발 4세대,85,2350,89941,3470,9,3,10,0,1,1,1,1,1,1,1,1,1,0,1,0,0,0,0,0,1,0,0,0,0,0,1,0,0,1,1,0
41621820,K5,K5 3세대,11,2290,29633,1999,5,5,1,0,1,1,1,1,1,1,1,1,1,0,1,0,0,0,0,0,1,0,0,0,0,1,0,0,0,1,0,1
41622154,K7,K7 프리미어,12,2359,43812,2999,5,7,0,0,1,1,1,1,1,1,1,1,1,0,1,0,0,0,0,0,1,0,0,0,0,0,1,0,0,1,0,1
41622795,K5,더 뉴 K5 3세대,11,2900,39402,1999,5,2,2,0,1,1,1,1,1,1,1,1,1,0,1,0,0,0,0,0,1,0,0,0,0,1,0,0,0,1,0,1
41622964,K5,K5 3세대,11,2150,37958,1999,5,4,0,0,1,1,1,1,1,1,1,1,1,0,1,0,0,0,0,1,0,0,0,0,0,0,1,0,0,1,0,1
41623351,쏘렌토,쏘렌토 4세대,58,3456,134160,2151,5,6,0,1,1,1,1,1,1,1,1,1,1,0,1,0,0,0,0,0,0,0,1,0,0,0,0,1,0,1,1,0
41623430,K7,K7 프리미어,12,2180,70744,2497,5,7,4,0,1,1,1,1,1,1,1,1,1,0,1,0,0,0,0,0,1,0,0,0,0,0,1,0,0,1,0,1
41623446,스포티지,스포티지 5세대,55,3270,41370,1598,5,4,0,1,1,1,1,1,1,1,1,1,1,0,1,0,0,0,0,0,1,0,0,0,0,1,0,0,0,1,1,0
41624762,카니발,카니발 4세대,85,2399,102746,2151,9,5,6,0,1,1,1,1,1,1,1,1,1,0,1,0,0,0,0,0,0,0,1,0,0,0,1,0,0,1,1,0
41624805,스포티지,스포티지 5세대,55,2070,143686,1998,5,5,3,0,1,1,1,1,1,1,1,1,1,0,1,0,0,0,0,0,0,0,1,0,0,1,0,0,0,1,1,0
41624860,카니발,더 뉴 카니발,85,2630,33127,3342,7,7,1,1,1,1,1,1,1,1,1,1,1,0,1,0,0,0,0,0,1,0,0,0,0,1,0,0,0,1,1,0
41625342,K8,K8,13,2830,69867,2497,5,4,0,0,1,1,1,1,1,1,1,1,1,0,1,0,0,0,0,0,1,0,0,0,0,1,0,0,0,1,0,1
41625577,카니발,카니발 4세대,85,7777,50742,3470,9,3,1,0,1,1,1,1,1,1,1,1,1,0,1,0,0,0,0,0,1,0,0,0,0,1,0,0,0,1,1,0
41626001,K8,K8,13,2670,86558,2497,5,5,0,0,1,1,1,1,1,1,1,1,1,0,1,0,0,0,0,0,1,0,0,0,0,0,0,0,1,1,0,1
41626229,카니발,카니발 4세대,85,2330,90586,2151,9,5,3,0,1,1,1,1,1,1,1,1,1,0,1,0,0,0,0,0,0,0,1,0,0,1,0,0,0,1,1,0
41626333,K7,K7 프리미어,12,2150,148102,2497,5,6,3,1,1,1,1,1,1,1,1,1,1,0,1,0,0,0,0,0,1,0,0,0,0,1,0,0,0,1,0,1
41626686,스포티지,스포티지 5세대,55,2199,43906,1998,5,4,2,0,1,1,1,1,1,1,1,0,1,0,1,0,0,0,0,0,0,0,1,0,0,0,0,1,0,1,1,0
41626836,셀토스,셀토스,49,1900,45444,1591,5,4,1,0,0,1,1,1,1,1,1,0,1,0,1,0,0,0,0,0,1,0,0,0,0,1,0,0,0,1,1,0
41628445,K8,K8,13,3190,52396,2497,5,5,0,1,1,1,1,1,1,1,1,1,1,0,1,0,0,0,0,0,1,0,0,0,0,1,0,0,0,1,0,1
41628464,쏘렌토,쏘렌토 4세대,58,3390,66066,1598,5,4,0,0,1,1,1,1,1,1,1,1,1,0,1,0,0,0,0,0,0,1,0,0,0,1,0,0,0,1,1,0
41629056,스포티지,스포티지 5세대 하이브리드,55,3730,8770,1598,5,2,0,1,1,1,1,1,1,1,1,1,1,0,1,0,0,0,0,0,0,1,0,0,0,0,0,1,0,1,1,0
41630916,카니발,카니발 4세대,85,2750,88202,2151,9,5,8,1,1,1,1,1,1,1,1,1,1,0,1,0,0,0,0,0,0,0,1,0,0,0,0,1,0,1,1,0
41631262,쏘렌토,쏘렌토 4세대,58,2480,74290,2151,7,6,0,0,1,1,1,1,1,1,1,1,1,0,1,0,0,0,0,0,0,0,1,0,0,0,0,0,1,1,1,0
41631348,레이,더 뉴 기아 레이,34,1740,13586,998,5,4,0,0,0,1,1,1,1,1,1,1,1,0,1,0,0,0,0,0,1,0,0,0,0,1,0,0,0,1,0,1
41631570,K5,K5 하이브리드 3세대,11,2560,56081,1999,5,3,4,0,1,1,1,1,1,1,1,1,1,0,1,0,0,0,0,0,0,1,0,0,0,0,1,0,0,1,0,1
41632274,쏘렌토,쏘렌토 4세대,58,3000,55827,2497,5,3,9,0,1,1,1,1,1,1,1,1,1,0,1,0,0,0,0,0,1,0,0,0,0,0,0,1,0,1,1,0
41633495,K7,올 뉴 K7,12,1790,54977,2999,5,9,5,0,1,1,1,1,1,1,1,1,1,0,1,0,0,0,0,1,0,0,0,0,0,0,1,0,0,1,0,1
41633805,K3,더 뉴 K3 2세대,10,9999,61978,1598,5,5,2,0,0,0,0,0,0,0,0,0,0,0,1,0,0,0,0,0,1,0,0,0,0,0,0,1,0,1,0,1
41634508,카니발,카니발 4세대,85,3749,107550,3470,7,4,0,0,1,1,1,1,1,1,1,1,1,0,1,0,0,0,0,0,1,0,0,0,0,1,0,0,0,1,1,0
41635086,스팅어,스팅어,53,1800,113338,3342,5,8,2,0,0,0,0,0,0,0,0,0,0,0,1,0,0,0,0,0,1,0,0,0,0,1,0,0,0,1,0,1
41635165,스포티지,스포티지 5세대,55,2790,32600,1598,5,2,6,1,1,1,1,1,1,1,1,1,1,0,1,0,0,0,0,0,1,0,0,0,0,1,0,0,0,1,1,0
41635823,쏘렌토,더 뉴 쏘렌토,58,2130,100365,1995,5,7,0,0,1,1,1,1,1,1,1,1,1,0,1,0,0,0,0,0,0,0,1,0,0,0,1,0,0,1,1,0
41636101,카니발,카니발 4세대,85,2530,93221,2151,9,5,0,0,1,1,1,1,1,1,1,1,1,0,1,0,0,0,0,0,0,0,1,0,0,1,0,0,0,1,1,0
41636533,스포티지,스포티지 5세대,55,2700,61737,1999,5,2,4,0,1,1,1,1,1,1,1,1,1,0,1,0,0,0,0,1,0,0,0,0,0,1,0,0,0,1,1,0
41636547,K9,더 K9,14,1800,203836,3778,5,6,3,0,1,1,1,1,1,1,1,1,1,0,1,0,0,0,0,0,1,0,0,0,0,1,0,0,0,1,0,1
41636680,K5,K5 하이브리드 3세대,11,2330,94993,1999,5,4,7,1,1,1,1,1,1,1,1,1,1,0,1,0,0,0,0,0,0,1,0,0,0,1,0,0,0,1,0,1
41636818,카니발,카니발 4세대,85,3400,44111,2151,9,3,1,0,1,1,1,1,1,1,1,1,1,0,1,0,0,0,0,0,0,0,1,0,0,1,0,0,0,1,1,0
41637842,카니발,카니발 4세대,85,2450,90533,2151,9,4,4,0,1,1,1,1,1,1,1,1,1,0,1,0,0,0,0,0,0,0,1,0,0,0,0,1,0,1,1,0
41637865,쏘렌토,쏘렌토 4세대,58,2620,108517,1598,5,4,0,1,1,1,1,1,1,1,1,1,1,0,1,0,0,0,0,0,0,1,0,0,0,1,0,0,0,1,1,0
41637874,K8,K8 하이브리드,13,2410,81883,1598,5,4,3,0,1,1,1,1,1,1,1,1,1,0,1,0,0,0,0,0,0,1,0,0,0,1,0,0,0,1,0,1
41638066,K7,K7 프리미어 하이브리드,12,1890,127264,2359,5,7,12,0,1,1,1,1,1,1,1,1,1,0,1,0,0,0,0,0,0,1,0,0,0,1,0,0,0,1,0,1
41638483,스포티지,스포티지 5세대,55,3050,27514,1598,5,4,1,1,1,1,1,1,1,1,1,1,1,0,1,0,0,0,0,0,1,0,0,0,0,1,0,0,0,1,1,0
41639037,쏘렌토,쏘렌토 4세대,58,2990,43599,2151,5,6,2,0,1,1,1,1,1,1,1,1,1,0,1,0,0,0,0,0,0,0,1,0,0,0,0,1,0,1,1,0
41639575,카니발,카니발 4세대,85,4890,30879,3470,4,3,0,0,1,1,1,1,1,1,1,1,1,0,1,0,0,0,0,0,1,0,0,0,0,1,0,0,0,1,1,0
41639601,니로,디 올 뉴 니로,29,3290,23038,1580,5,3,0,0,1,1,1,1,1,1,1,1,1,0,1,0,0,0,0,0,0,1,0,0,0,1,0,0,0,1,1,0
41639692,쏘렌토,쏘렌토 4세대,58,4230,52807,1598,5,4,2,0,1,1,1,1,1,1,1,1,1,0,1,0,0,0,0,0,0,1,0,0,0,1,0,0,0,1,1,0
41640339,스포티지,스포티지 5세대,55,2390,139941,1998,5,5,4,1,1,1,1,1,1,1,1,1,1,0,1,0,0,0,0,0,0,0,1,0,0,0,1,0,0,1,1,0
41640607,쏘렌토,더 뉴 쏘렌토,58,2690,83551,2199,7,7,5,1,1,1,1,1,1,1,1,1,1,0,1,0,0,0,0,0,0,0,1,0,0,1,0,0,0,1,1,0
41641211,모하비,더 뉴 모하비,43,2150,85804,2959,7,8,0,1,1,1,1,1,1,1,1,1,1,0,1,0,0,0,0,0,0,0,1,0,0,0,1,0,0,1,1,0
41641332,K9,더 뉴 K9 2세대,14,3450,94430,3778,5,4,3,0,1,1,1,1,1,1,1,1,1,0,1,0,0,0,0,0,1,0,0,0,0,0,1,0,0,1,0,1
41642093,K3,더 뉴 K3 2세대,10,9000,17810,1598,5,2,0,1,1,1,1,1,1,1,1,1,1,0,1,0,0,0,0,0,1,0,0,0,0,1,0,0,0,1,0,1
41642258,EV6,EV6,3,3300,40641,111,5,4,0,0,1,1,1,1,1,1,1,1,1,0,1,0,0,0,0,0,0,0,0,1,0,0,1,0,0,1,0,1
41643015,쏘렌토,더 뉴 쏘렌토 4세대,58,4350,24208,1598,5,2,0,0,1,1,1,1,1,1,1,1,1,0,1,0,0,0,0,0,0,1,0,0,0,0,0,1,0,1,1,0
41643219,카니발,더 뉴 카니발,85,1850,139381,2199,9,8,0,1,1,1,1,1,1,1,1,1,1,0,1,0,0,0,0,0,0,0,1,0,0,1,0,0,0,1,1,0
41643674,니로,디 올 뉴 니로,29,2250,61631,1580,5,4,1,0,0,1,1,1,1,1,1,1,1,0,1,0,0,0,0,0,0,1,0,0,0,1,0,0,0,1,1,0
41644113,K8,K8 하이브리드,13,3280,57470,1598,5,4,0,0,1,1,1,1,1,1,1,1,1,0,1,0,0,0,0,0,0,1,0,0,0,0,1,0,0,1,0,1
41645832,스팅어,스팅어 마이스터,53,7777,77400,2497,5,5,2,1,1,1,1,1,1,1,1,1,1,0,1,0,0,0,0,0,1,0,0,0,0,0,0,0,1,1,0,1
41646820,카니발,더 뉴 카니발 4세대,85,4290,18765,3470,7,2,0,0,1,1,1,1,1,1,1,1,1,0,1,0,0,0,0,0,1,0,0,0,0,0,1,0,0,1,1,0
41646830,쏘렌토,쏘렌토 4세대,58,3349,47740,1598,6,5,2,1,1,1,1,1,1,1,1,1,1,0,1,0,0,0,0,0,0,1,0,0,0,0,0,0,1,1,1,0
41646997,스포티지,스포티지 5세대,55,2499,98913,1998,5,4,1,0,1,1,1,1,1,1,1,1,1,0,1,0,0,0,0,0,0,0,1,0,0,0,1,0,0,1,1,0
41647129,스포티지,스포티지 5세대,55,2549,81847,1998,5,5,1,0,1,1,1,1,1,1,1,1,1,0,1,0,0,0,0,0,0,0,1,0,0,0,1,0,0,1,1,0
41647537,카니발,더 뉴 카니발,85,2050,125965,3342,9,6,1,1,1,1,1,1,1,1,1,1,1,0,1,0,0,0,0,0,1,0,0,0,0,1,0,0,0,1,1,0
41647649,카니발,카니발 4세대,85,3290,147850,2151,7,5,5,0,1,1,1,1,1,1,1,1,1,0,1,0,0,0,0,0,0,0,1,0,0,0,1,0,0,1,1,0
41649001,스팅어,스팅어 마이스터,53,3080,104259,3342,5,6,0,1,1,1,1,1,1,1,1,1,1,0,1,0,0,0,0,0,1,0,0,0,0,0,0,0,1,1,0,1
41649428,레이,더 뉴 기아 레이,34,1780,31458,998,5,2,0,0,0,1,1,1,1,1,1,1,1,0,1,0,0,0,0,0,1,0,0,0,0,1,0,0,0,1,0,1
41649838,K8,K8,13,3270,29828,2497,5,5,1,1,1,1,1,1,1,1,1,1,1,0,1,0,0,0,0,0,1,0,0,0,0,1,0,0,0,1,0,1
41649944,카니발,카니발 4세대,85,2930,103431,2151,7,5,5,1,1,1,1,1,1,1,1,1,1,0,1,0,0,0,0,0,0,0,1,0,0,1,0,0,0,1,1,0
41650844,카니발,올 뉴 카니발,85,1780,21428,2199,9,10,1,0,1,1,1,1,1,1,1,1,1,0,1,0,0,0,0,0,0,0,1,0,0,0,0,1,0,1,1,0
41650860,K8,더 뉴 K8,13,4290,1397,2497,5,1,0,0,1,1,1,1,1,1,1,1,1,0,1,0,0,0,0,0,1,0,0,0,0,0,0,1,0,1,0,1
41650946,K7,올 뉴 K7,12,1830,87358,2999,5,8,3,1,1,1,1,1,1,1,1,1,1,0,1,0,0,0,0,0,1,0,0,0,0,1,0,0,0,1,0,1
41650978,쏘렌토,쏘렌토 4세대,58,3290,25030,2497,5,3,2,0,1,1,1,1,1,1,1,1,1,0,1,0,0,0,0,0,1,0,0,0,0,0,0,1,0,1,1,0
41651045,카니발,카니발 4세대,85,2780,119653,2151,9,5,1,0,1,1,1,1,1,1,1,1,1,0,1,0,0,0,0,0,0,0,1,0,0,0,0,1,0,1,1,0
41651067,쏘렌토,더 뉴 쏘렌토,58,2050,81352,2199,5,8,0,0,1,1,1,1,1,1,1,1,1,0,1,0,0,0,0,0,0,0,1,0,0,0,1,0,0,1,1,0
41652166,셀토스,셀토스,49,2099,44511,1591,5,4,4,0,1,1,1,1,1,1,1,1,1,0,1,0,0,0,0,0,1,0,0,0,0,1,0,0,0,1,1,0
41652523,K7,K7 프리미어,12,1900,86179,2497,5,7,2,0,1,1,1,1,1,1,1,1,1,0,1,0,0,0,0,0,1,0,0,0,0,0,0,0,1,1,0,1
41652727,EV6,더 뉴 EV6,3,3399,65105,120,5,2,8,0,1,1,1,1,1,1,1,1,1,0,1,0,0,0,0,0,0,0,0,1,0,1,0,0,0,1,0,1
41653416,스포티지,스포티지 5세대,55,2290,139037,1999,5,2,20,0,1,1,1,1,1,1,1,1,1,0,1,0,0,0,0,1,0,0,0,0,0,0,0,1,0,1,1,0
41654128,레이,더 뉴 기아 레이,34,1730,25747,998,5,3,1,0,0,1,1,1,1,1,1,1,1,0,1,0,0,0,0,0,1,0,0,0,0,0,1,0,0,1,0,1
41654354,K8,K8,13,2320,76740,2497,5,3,2,0,1,1,1,1,1,1,1,1,1,0,1,0,0,0,0,0,1,0,0,0,0,0,1,0,0,1,0,1
41654508,K7,K7 프리미어,12,2600,51553,2999,5,7,0,0,1,1,1,1,1,1,1,1,1,0,1,0,0,0,0,0,1,0,0,0,0,1,0,0,0,1,0,1
41654784,K5,더 뉴 K5 하이브리드 3세대,11,2990,43600,1999,5,2,2,1,1,1,1,1,1,1,1,1,1,0,1,0,0,0,0,0,0,1,0,0,0,1,0,0,0,1,0,1
41655936,셀토스,더 뉴 셀토스,49,2640,23412,1598,5,4,2,1,1,1,1,1,1,1,1,1,1,0,1,0,0,0,0,0,1,0,0,0,0,1,0,0,0,1,1,0
41657559,카니발,카니발 4세대,85,2650,99783,2151,9,5,2,0,1,1,1,1,1,1,1,1,1,0,1,0,0,0,0,0,0,0,1,0,0,0,1,0,0,1,1,0
41658272,K5,K5 3세대,11,1900,66000,1999,5,3,2,0,1,1,0,1,1,0,1,1,1,0,1,0,0,0,0,1,0,0,0,0,0,1,0,0,0,1,0,1
41658349,K5,더 뉴 K5 3세대,11,2800,65171,1999,5,2,0,0,1,1,1,1,1,1,1,1,1,0,1,0,0,0,0,0,1,0,0,0,0,1,0,0,0,1,0,1
41658504,K5,더 뉴 K5 3세대,11,3690,8364,1598,5,3,0,1,1,1,1,1,1,1,1,1,1,0,1,0,0,0,0,0,1,0,0,0,0,1,0,0,0,1,0,1
41658537,셀토스,더 뉴 셀토스,49,2050,67481,1598,5,4,0,0,0,1,1,1,1,1,1,1,1,0,1,0,0,0,0,0,1,0,0,0,0,1,0,0,0,1,1,0
41658579,EV6,EV6,3,2400,179633,111,5,4,2,0,1,1,1,1,1,1,1,1,1,0,1,0,0,0,0,0,0,0,0,1,0,1,0,0,0,1,0,1
41658710,K9,더 K9,14,2630,55476,3778,5,8,3,0,1,1,1,1,1,1,1,1,1,0,1,0,0,0,0,0,1,0,0,0,0,0,1,0,0,1,0,1
41658795,스포티지,더 뉴 스포티지 5세대,55,3950,1459,1598,5,1,0,0,1,1,1,1,1,1,1,1,1,0,1,0,0,0,0,0,1,0,0,0,0,0,0,1,0,1,1,0
41659758,카니발,더 뉴 카니발 4세대,85,3890,38914,1598,9,2,0,0,1,1,1,1,1,1,1,1,1,0,1,0,0,0,0,0,0,1,0,0,0,1,0,0,0,1,1,0
41660053,쏘렌토,더 뉴 쏘렌토 4세대,58,4470,4122,1598,5,2,0,0,1,1,1,1,1,1,1,1,1,0,1,0,0,0,0,0,0,1,0,0,0,1,0,0,0,1,1,0
41660250,K5,K5 3세대,11,1750,210660,1999,5,7,0,1,1,1,1,1,1,1,1,1,1,0,1,0,0,0,0,0,1,0,0,0,0,0,0,1,0,1,0,1
41660521,K9,더 K9,14,3090,122598,3342,5,5,0,1,1,1,1,1,1,1,1,1,1,0,1,0,0,0,0,0,1,0,0,0,0,0,1,0,0,1,0,1
41660745,카니발,카니발 4세대,85,2990,84995,2151,7,4,0,0,1,1,1,1,1,1,1,1,1,0,1,0,0,0,0,0,0,0,1,0,0,0,0,0,1,1,1,0
41660951,K9,더 뉴 K9 2세대,14,5450,9259,3778,5,4,0,0,1,1,1,1,1,1,1,1,1,0,1,0,0,0,0,0,1,0,0,0,0,0,1,0,0,1,0,1
41661072,쏘렌토,쏘렌토 4세대,58,3130,42901,2151,6,6,4,0,1,1,1,1,1,1,1,1,1,0,1,0,0,0,0,0,0,0,1,0,0,1,0,0,0,1,1,0
41662500,K5,K5 3세대,11,2100,43400,1999,5,3,0,0,1,1,0,0,1,0,1,1,1,0,1,0,0,0,0,1,0,0,0,0,0,1,0,0,0,1,0,1
37899283,XM3,XM3,23,1750,14544,1332,5,3,2,0,1,1,1,1,1,1,1,0,1,0,0,0,0,0,1,0,1,0,0,0,0,0,0,0,1,1,1,0
39122848,마스터,마스터,38,2190,66513,2299,13,7,0,0,0,0,0,0,0,1,0,0,0,0,0,0,0,0,1,0,0,0,1,0,0,0,0,0,1,0,1,0
39554653,콜레오스,그랑 콜레오스,93,3990,252,1499,5,2,2,0,1,1,1,1,1,1,1,1,1,0,0,0,0,0,1,0,0,1,0,0,0,1,0,0,0,1,1,0
39811765,SM3,뉴SM3,18,6633,64025,1598,5,13,0,0,0,1,1,0,0,1,1,0,0,0,0,0,0,0,1,0,1,0,0,0,0,0,1,0,0,1,0,1
39827073,SM6,SM6,20,9999,56434,1998,5,10,4,0,0,1,1,1,1,0,1,0,1,0,0,0,0,0,1,1,0,0,0,0,0,0,0,1,0,1,0,1
39926520,마스터,마스터,38,2590,40089,2299,3,8,1,0,0,1,1,0,0,0,0,0,0,0,0,0,0,0,1,0,0,0,1,0,0,1,0,0,0,1,1,0
40051683,QM6,더 뉴 QM6,17,1850,48165,1998,5,6,2,0,0,0,0,0,0,0,0,0,0,0,0,0,0,0,1,1,0,0,0,0,0,1,0,0,0,1,1,0
40088126,아르카나,아르카나,61,2040,11512,1598,5,2,8,0,1,1,1,1,1,1,1,1,1,0,0,0,0,0,1,0,1,0,0,0,0,0,0,1,0,1,1,0
40210472,콜레오스,그랑 콜레오스,93,3650,28690,1499,5,2,0,0,1,1,1,1,1,1,1,1,1,0,0,0,0,0,1,0,0,1,0,0,0,0,0,1,0,1,1,0
40314333,SM6,SM6,20,9999,99652,1997,5,10,8,1,0,1,1,1,1,1,1,0,1,0,0,0,0,0,1,0,1,0,0,0,0,0,1,0,0,1,0,1
40319652,콜레오스,그랑 콜레오스,93,3750,4705,1499,5,1,0,0,1,1,1,1,1,1,1,1,1,0,0,0,0,0,1,0,0,1,0,0,0,1,0,0,0,1,1,0
40360051,QM6,더 뉴 QM6,17,1810,43632,1997,5,6,2,0,1,1,1,1,1,1,1,1,1,0,0,0,0,0,1,0,1,0,0,0,0,1,0,0,0,1,1,0
40617911,QM6,더 뉴 QM6,17,1799,74393,1998,5,5,1,0,1,1,1,1,1,1,1,1,1,0,0,0,0,0,1,1,0,0,0,0,0,1,0,0,0,1,1,0
40618898,콜레오스,그랑 콜레오스,93,3850,21486,1499,5,1,0,0,1,1,1,1,1,1,1,1,1,0,0,0,0,0,1,0,0,1,0,0,0,1,0,0,0,1,1,0
40666095,QM6,더 뉴 QM6,17,1740,64645,1998,5,4,3,1,1,1,1,1,1,1,1,1,1,0,0,0,0,0,1,1,0,0,0,0,0,0,0,1,0,1,1,0
40695939,QM6,더 뉴 QM6,17,1790,52161,1998,5,4,0,0,1,1,1,1,1,1,1,0,1,0,0,0,0,0,1,1,0,0,0,0,0,1,0,0,0,1,1,0
40724513,QM6,더 뉴 QM6,17,2285,57433,1998,5,5,0,1,1,1,0,1,1,1,1,1,1,0,0,0,0,0,1,1,0,0,0,0,0,1,0,0,0,1,1,0
40725078,SM6,더 뉴 SM6,20,1740,32318,1998,5,4,0,0,1,1,1,1,1,1,1,1,1,0,0,0,0,0,1,1,0,0,0,0,0,0,0,1,0,1,0,1
40770107,콜레오스,그랑 콜레오스,93,3580,6654,1499,5,1,2,0,0,0,0,0,0,0,0,0,0,0,0,0,0,0,1,0,0,1,0,0,0,0,0,1,0,1,1,0
40818968,QM6,더 뉴 QM6,17,2280,19043,1998,5,3,3,0,1,1,1,1,1,1,1,1,1,0,0,0,0,0,1,1,0,0,0,0,0,0,0,1,0,1,1,0
40843710,마스터,마스터,38,3650,402,2299,3,2,0,0,0,1,1,0,0,1,0,0,1,0,0,0,0,0,1,0,0,0,1,0,0,1,0,0,0,0,1,0
40873046,QM6,더 뉴 QM6,17,2040,47397,1998,5,4,0,0,1,1,1,1,1,0,1,1,1,0,0,0,0,0,1,1,0,0,0,0,0,0,0,1,0,1,1,0
40888450,마스터,마스터,38,3650,257,2299,3,2,0,0,0,1,1,0,0,1,0,0,1,0,0,0,0,0,1,0,0,0,1,0,0,1,0,0,0,0,1,0
40917710,QM6,더 뉴 QM6,17,1700,91161,1998,5,6,2,1,1,1,1,1,1,1,1,1,1,0,0,0,0,0,1,1,0,0,0,0,0,1,0,0,0,1,1,0
40920263,QM6,더 뉴 QM6,17,1750,67066,1997,5,4,3,0,1,1,1,1,1,1,1,0,1,0,0,0,0,0,1,0,1,0,0,0,0,1,0,0,0,1,1,0
40952007,QM6,더 뉴 QM6,17,1750,85375,1997,5,6,1,1,1,1,1,1,1,1,1,1,1,0,0,0,0,0,1,0,1,0,0,0,0,1,0,0,0,1,1,0
40965858,SM6,더 뉴 SM6,20,1890,85228,1798,5,4,1,0,1,1,1,1,1,1,1,1,1,0,0,0,0,0,1,0,1,0,0,0,0,0,0,1,0,1,0,1
41004883,콜레오스,그랑 콜레오스,93,4150,82,1499,5,1,0,0,1,1,1,1,1,1,1,1,0,0,0,0,0,0,1,0,0,1,0,0,0,1,0,0,0,1,1,0
41027779,콜레오스,그랑 콜레오스,93,9999,22550,1499,5,2,2,0,0,0,0,0,0,0,0,0,0,0,0,0,0,0,1,0,0,1,0,0,0,1,0,0,0,1,1,0
41047053,QM6,더 뉴 QM6,17,1820,59793,1997,5,6,2,1,1,1,1,1,1,1,1,1,1,0,0,0,0,0,1,0,1,0,0,0,0,0,1,0,0,1,1,0
41057402,아르카나,아르카나,61,2530,17627,1598,5,2,0,0,1,1,1,1,1,1,1,1,1,0,0,0,0,0,1,0,0,1,0,0,0,1,0,0,0,1,1,0
41064814,QM6,더 뉴 QM6,17,2000,59337,1998,5,6,0,1,1,1,1,1,1,1,1,1,1,0,0,0,0,0,1,1,0,0,0,0,0,1,0,0,0,1,1,0
41067160,QM6,더 뉴 QM6,17,1950,85895,1997,5,5,2,1,1,1,1,1,1,1,1,1,1,0,0,0,0,0,1,0,1,0,0,0,0,1,0,0,0,1,1,0
41084857,QM6,더 뉴 QM6,17,1730,61422,1997,5,4,2,0,1,1,1,1,1,1,1,0,1,0,0,0,0,0,1,0,1,0,0,0,0,1,0,0,0,1,1,0
41085052,콜레오스,그랑 콜레오스,93,3820,12581,1499,5,2,0,0,1,1,1,1,1,1,1,1,1,0,0,0,0,0,1,0,0,1,0,0,0,0,1,0,0,1,1,0
41085717,QM6,더 뉴 QM6,17,2850,9724,1997,5,1,0,0,1,1,1,1,1,1,1,1,1,0,0,0,0,0,1,0,1,0,0,0,0,1,0,0,0,1,1,0
41110984,QM6,더 뉴 QM6,17,1700,65142,1998,5,5,0,0,1,1,1,1,1,1,1,1,1,0,0,0,0,0,1,1,0,0,0,0,0,0,0,0,1,1,1,0
41120739,콜레오스,그랑 콜레오스,93,3650,26658,1499,5,2,0,0,1,1,1,1,1,1,1,1,1,0,0,0,0,0,1,0,0,1,0,0,0,0,0,1,0,1,1,0
41126906,QM6,QM6,17,9999,117589,1995,5,9,2,1,1,1,1,1,1,1,1,1,1,0,0,0,0,0,1,0,0,0,1,0,0,0,1,0,0,1,1,0
41128980,SM6,더 뉴 SM6,20,1990,39092,1798,5,4,0,0,1,1,1,1,1,1,1,1,1,0,0,0,0,0,1,0,1,0,0,0,0,0,0,1,0,1,0,1
41129022,XM3,XM3,23,2150,54240,1598,5,4,0,0,1,1,1,1,1,1,1,1,1,0,0,0,0,0,1,0,0,1,0,0,0,1,0,0,0,1,1,0
41130688,QM6,더 뉴 QM6,17,2040,53612,1997,5,4,0,0,1,1,1,1,1,1,1,0,1,0,0,0,0,0,1,0,1,0,0,0,0,1,0,0,0,1,1,0
41131971,XM3,XM3,23,2220,36366,1332,5,4,2,0,1,1,1,1,1,1,1,1,1,0,0,0,0,0,1,0,1,0,0,0,0,0,0,0,1,1,1,0
41138885,QM6,더 뉴 QM6,17,2400,45078,1998,5,3,1,0,1,1,1,1,1,1,1,1,1,0,0,0,0,0,1,1,0,0,0,0,0,0,0,1,0,1,1,0
41146029,마스터,마스터,38,1890,85968,2299,13,7,2,0,0,1,1,0,0,1,0,0,0,0,0,0,0,0,1,0,0,0,1,0,0,0,0,0,1,0,1,0
41173683,콜레오스,그랑 콜레오스,93,3849,10505,1499,5,1,0,0,1,1,1,1,1,1,1,1,1,0,0,0,0,0,1,0,0,1,0,0,0,1,0,0,0,1,1,0
41184621,마스터,마스터,38,1750,37844,2299,3,8,0,0,0,1,1,0,0,1,0,0,0,0,0,0,0,0,1,0,0,0,1,0,0,0,0,1,0,0,1,0
41211630,QM6,더 뉴 QM6,17,1790,48598,1997,5,6,2,0,1,1,1,1,1,1,1,1,1,0,0,0,0,0,1,0,1,0,0,0,0,0,1,0,0,1,1,0
41232815,마스터,마스터,38,3350,661,2299,3,2,0,0,0,1,1,0,0,1,0,0,1,0,0,0,0,0,1,0,0,0,1,0,0,1,0,0,0,0,1,0
41232832,마스터,마스터,38,3350,646,2299,3,2,0,0,0,1,1,0,0,1,0,0,1,0,0,0,0,0,1,0,0,0,1,0,0,1,0,0,0,0,1,0
41243718,콜레오스,그랑 콜레오스,93,3590,27304,1499,5,2,1,0,1,1,1,1,1,1,1,1,1,0,0,0,0,0,1,0,0,1,0,0,0,0,0,1,0,1,1,0
41265706,아르카나,아르카나,61,2230,16402,1332,5,2,0,0,1,1,1,1,1,1,1,1,1,0,0,0,0,0,1,0,1,0,0,0,0,1,0,0,0,1,1,0
41270426,XM3,XM3,23,2010,47733,1598,5,3,2,0,1,1,1,1,1,1,1,0,1,0,0,0,0,0,1,0,0,1,0,0,0,1,0,0,0,1,1,0
41286160,SM6,더 뉴 SM6,20,2030,19549,1332,5,3,1,0,1,1,1,1,1,1,1,1,1,0,0,0,0,0,1,0,1,0,0,0,0,0,0,1,0,1,0,1
41287389,QM6,더 뉴 QM6,17,2190,37964,1998,5,3,0,0,1,1,1,1,1,1,1,1,1,0,0,0,0,0,1,1,0,0,0,0,0,0,0,1,0,1,1,0
41297672,XM3,XM3,23,1830,31638,1332,5,5,4,0,1,1,1,1,1,1,1,1,1,0,0,0,0,0,1,0,1,0,0,0,0,0,1,0,0,1,1,0
41300938,아르카나,아르카나,61,2130,20327,1598,5,2,4,0,1,1,1,1,1,1,1,1,1,0,0,0,0,0,1,0,1,0,0,0,0,0,1,0,0,1,1,0
41302861,QM6,더 뉴 QM6,17,1780,65784,1998,5,6,0,0,1,1,1,1,1,1,1,1,1,0,0,0,0,0,1,1,0,0,0,0,0,0,0,1,0,1,1,0
41311832,캡처,캡처,89,2233,11007,1332,5,5,0,0,1,1,1,1,1,1,1,0,1,0,0,0,0,0,1,0,1,0,0,0,0,1,0,0,0,1,1,0
41315719,SM6,SM6,20,9999,56846,1998,5,6,5,0,0,1,1,1,1,1,1,0,1,0,0,0,0,0,1,1,0,0,0,0,0,0,0,1,0,1,0,1
41323027,XM3,XM3,23,1850,9235,1332,5,6,1,0,1,1,1,1,1,1,1,1,1,0,0,0,0,0,1,0,1,0,0,0,0,1,0,0,0,1,1,0
41325549,QM6,더 뉴 QM6,17,3250,9,1997,5,0,0,0,1,1,1,1,1,1,1,1,1,0,0,0,0,0,1,0,1,0,0,0,0,1,0,0,0,1,1,0
41327332,QM6,더 뉴 QM6,17,2830,8,1998,5,0,0,0,1,1,1,1,1,1,1,1,1,0,0,0,0,0,1,1,0,0,0,0,0,1,0,0,0,1,1,0
41338962,QM6,더 뉴 QM6,17,2830,21,1998,5,0,2,0,1,1,1,1,1,1,1,1,1,0,0,0,0,0,1,1,0,0,0,0,0,1,0,0,0,1,1,0
41339003,QM6,더 뉴 QM6,17,3280,9,1997,5,0,0,0,1,1,1,1,1,1,1,1,1,0,0,0,0,0,1,0,1,0,0,0,0,1,0,0,0,1,1,0
41339014,QM6,더 뉴 QM6,17,3250,8,1997,5,0,0,0,1,1,1,1,1,1,1,1,1,0,0,0,0,0,1,0,1,0,0,0,0,1,0,0,0,1,1,0
41347255,QM6,더 뉴 QM6,17,1890,51692,1997,5,4,2,0,1,1,1,1,1,1,1,0,1,0,0,0,0,0,1,0,1,0,0,0,0,1,0,0,0,1,1,0
41350277,QM6,더 뉴 QM6,17,1790,70000,1998,5,7,2,0,0,0,0,0,0,0,0,0,0,0,0,0,0,0,1,1,0,0,0,0,0,1,0,0,0,1,1,0
41356443,XM3,XM3,23,2220,59415,1598,5,2,0,0,1,1,1,1,1,1,1,1,1,0,0,0,0,0,1,0,0,1,0,0,0,0,0,0,1,1,1,0
41368317,QM6,더 뉴 QM6,17,1749,65464,1997,5,6,2,0,1,1,1,1,1,1,1,1,1,0,0,0,0,0,1,0,1,0,0,0,0,0,0,1,0,1,1,0
41377816,QM6,더 뉴 QM6,17,2350,54607,1998,5,3,1,0,1,1,1,1,1,1,1,1,1,0,0,0,0,0,1,1,0,0,0,0,0,0,1,0,0,1,1,0
41381990,QM6,더 뉴 QM6,17,2050,65940,1998,5,4,0,0,1,1,1,1,1,1,1,1,1,0,0,0,0,0,1,1,0,0,0,0,0,0,1,0,0,1,1,0
41386027,콜레오스,그랑 콜레오스,93,3820,1477,1499,5,1,2,0,1,1,1,1,1,1,1,1,1,0,0,0,0,0,1,0,0,1,0,0,0,1,0,0,0,1,1,0
41386601,QM6,더 뉴 QM6,17,1730,40806,1997,5,6,1,0,0,1,1,1,1,1,1,0,1,0,0,0,0,0,1,0,1,0,0,0,0,1,0,0,0,1,1,0
41392908,콜레오스,그랑 콜레오스,93,3790,15917,1499,5,2,0,0,1,1,1,1,1,1,1,1,1,0,0,0,0,0,1,0,0,1,0,0,0,1,0,0,0,1,1,0
41393218,SM6,더 뉴 SM6,20,2120,14589,1798,5,5,0,0,1,1,1,1,1,1,1,1,1,0,0,0,0,0,1,0,1,0,0,0,0,0,0,1,0,1,0,1
41393474,QM6,더 뉴 QM6,17,2850,72923,1997,5,4,0,1,1,1,1,1,1,1,1,1,1,0,0,0,0,0,1,0,1,0,0,0,0,1,0,0,0,1,1,0
41402142,아르카나,아르카나,61,2340,7,1598,5,1,0,0,1,1,1,1,1,1,1,0,1,0,0,0,0,0,1,0,1,0,0,0,0,1,0,0,0,1,1,0
41402259,아르카나,아르카나,61,2320,8,1598,5,1,0,0,1,1,1,1,1,1,1,0,1,0,0,0,0,0,1,0,1,0,0,0,0,0,0,1,0,1,1,0
41411079,QM6,더 뉴 QM6,17,2222,196057,1998,5,4,6,0,1,1,1,1,1,1,1,1,1,0,0,0,0,0,1,1,0,0,0,0,0,1,0,0,0,1,1,0
41413559,콜레오스,그랑 콜레오스,93,3630,13698,1499,5,1,0,0,1,1,1,1,1,1,1,1,1,0,0,0,0,0,1,0,0,1,0,0,0,1,0,0,0,1,1,0
41413737,마스터,마스터,38,3240,35901,2299,15,6,0,0,0,1,1,0,0,1,0,0,0,0,0,0,0,0,1,0,0,0,1,0,0,0,0,1,0,0,1,0
41414363,QM6,더 뉴 QM6,17,1780,26808,1998,5,6,1,0,0,1,1,1,1,1,1,0,1,0,0,0,0,0,1,1,0,0,0,0,0,0,0,1,0,1,1,0
41414518,XM3,XM3,23,1740,15912,1332,5,6,1,0,1,1,1,1,1,1,1,1,1,0,0,0,0,0,1,0,1,0,0,0,0,1,0,0,0,1,1,0
41415586,QM6,더 뉴 QM6,17,2690,43563,1997,5,5,1,0,1,1,1,1,1,1,1,1,1,0,0,0,0,0,1,0,1,0,0,0,0,0,0,1,0,1,1,0
41418409,콜레오스,그랑 콜레오스,93,3860,9951,1499,5,1,0,0,1,1,1,1,1,1,1,1,1,0,0,0,0,0,1,0,0,1,0,0,0,0,1,0,0,1,1,0
41428909,XM3,XM3,23,2290,32446,1332,5,5,1,0,1,1,1,1,1,1,1,1,1,0,0,0,0,0,1,0,1,0,0,0,0,1,0,0,0,1,1,0
41432070,마스터,마스터,38,2590,40113,2299,3,8,4,0,0,1,1,0,0,0,0,0,0,0,0,0,0,0,1,0,0,0,1,0,0,1,0,0,0,0,1,0
41432938,QM6,더 뉴 QM6,17,1900,30046,1998,5,5,3,0,1,1,1,1,1,1,1,0,1,0,0,0,0,0,1,1,0,0,0,0,0,0,0,1,0,1,1,0
41440625,QM6,더 뉴 QM6,17,1850,34423,1998,5,7,4,0,1,1,1,1,1,1,1,1,1,0,0,0,0,0,1,1,0,0,0,0,0,1,0,0,0,1,1,0
41446171,QM6,더 뉴 QM6,17,2989,29510,1997,5,2,0,0,1,1,1,1,1,1,1,1,1,0,0,0,0,0,1,0,1,0,0,0,0,1,0,0,0,1,1,0
41454217,QM6,더 뉴 QM6,17,1840,76342,1998,5,5,2,0,0,0,0,0,0,0,0,0,0,0,0,0,0,0,1,1,0,0,0,0,0,0,0,1,0,1,1,0
41458545,QM6,더 뉴 QM6,17,7777,79920,1997,5,4,2,0,1,1,1,1,1,1,1,0,1,0,0,0,0,0,1,0,1,0,0,0,0,1,0,0,0,1,1,0
41458757,마스터,마스터,38,4650,28996,2299,5,6,0,0,0,1,1,0,0,0,0,0,1,0,0,0,0,0,1,0,0,0,1,0,0,0,0,1,0,0,1,0
41459923,QM6,더 뉴 QM6,17,2490,29723,1998,5,2,0,0,1,1,1,1,1,1,1,1,1,0,0,0,0,0,1,1,0,0,0,0,0,0,0,1,0,1,1,0
41467814,XM3,XM3,23,9990,65926,1332,5,5,4,0,1,1,1,1,1,1,1,1,1,0,0,0,0,0,1,0,1,0,0,0,0,1,0,0,0,1,1,0
41479646,XM3,XM3,23,1890,18975,1598,5,4,2,0,0,0,0,0,0,0,0,0,0,0,0,0,0,0,1,0,1,0,0,0,0,1,0,0,0,1,1,0
41483301,아르카나,아르카나,61,2370,38310,1598,5,2,0,0,1,1,1,1,1,1,1,0,1,0,0,0,0,0,1,0,0,1,0,0,0,1,0,0,0,1,1,0
41487001,XM3,XM3,23,1999,138078,1332,5,6,1,0,1,1,1,1,1,1,1,1,1,0,0,0,0,0,1,0,1,0,0,0,0,1,0,0,0,1,1,0
41490099,마스터,마스터,38,3540,49976,2299,15,6,0,0,0,1,1,0,0,0,0,0,1,0,0,0,0,0,1,0,0,0,1,0,0,0,0,0,1,0,1,0
41492893,콜레오스,그랑 콜레오스,93,3590,16605,1499,5,2,0,0,1,1,1,1,1,1,1,1,1,0,0,0,0,0,1,0,0,1,0,0,0,1,0,0,0,1,1,0
41503892,XM3,XM3,23,2200,52457,1598,5,4,0,0,1,1,1,1,1,1,1,1,1,0,0,0,0,0,1,0,0,1,0,0,0,1,0,0,0,1,1,0
41504576,QM6,더 뉴 QM6,17,1750,36624,1997,5,5,8,0,1,1,1,1,1,1,1,1,1,0,0,0,0,0,1,0,1,0,0,0,0,0,0,1,0,1,1,0
41509286,콜레오스,그랑 콜레오스,93,3580,27849,1499,5,2,0,0,1,1,1,1,1,1,1,1,1,0,0,0,0,0,1,0,0,1,0,0,0,0,0,0,1,1,1,0
41512846,QM6,더 뉴 QM6,17,2250,27867,1998,5,4,0,0,1,1,1,1,1,1,1,1,1,0,0,0,0,0,1,1,0,0,0,0,0,1,0,0,0,1,1,0
41513211,XM3,XM3,23,2290,33239,1332,5,5,0,0,1,1,1,1,1,1,1,1,1,0,0,0,0,0,1,0,1,0,0,0,0,0,0,1,0,1,1,0
41514495,QM6,더 뉴 QM6,17,2150,30257,1998,2,2,0,0,1,1,1,1,1,1,1,0,1,0,0,0,0,0,1,1,0,0,0,0,0,0,0,0,1,1,1,0
41525941,XM3,XM3,23,2390,15365,1598,5,2,0,0,1,1,1,1,1,1,1,0,1,0,0,0,0,0,1,0,0,1,0,0,0,0,0,0,1,1,1,0
41528234,QM6,더 뉴 QM6,17,1830,32048,1998,2,3,5,0,1,1,1,1,1,1,1,0,1,0,0,0,0,0,1,1,0,0,0,0,0,1,0,0,0,1,1,0
41532943,아르카나,아르카나,61,9999,30502,1598,5,2,0,0,1,1,1,1,1,1,1,1,1,0,0,0,0,0,1,0,0,1,0,0,0,0,0,0,1,1,1,0
41537050,QM6,더 뉴 QM6,17,9999,80837,1998,5,7,2,0,0,0,0,0,0,0,0,0,0,0,0,0,0,0,1,1,0,0,0,0,0,0,0,1,0,1,1,0
41537424,QM6,더 뉴 QM6,17,2150,23450,1998,5,4,1,0,1,1,1,1,1,0,1,1,1,0,0,0,0,0,1,1,0,0,0,0,0,0,0,1,0,1,1,0
41544792,QM6,더 뉴 QM6,17,2990,17,1998,5,0,0,0,1,1,1,1,1,1,1,1,1,0,0,0,0,0,1,1,0,0,0,0,0,1,0,0,0,1,1,0
41545781,XM3,XM3,23,1790,72815,1332,5,4,7,0,1,1,1,1,1,1,1,1,1,0,0,0,0,0,1,0,1,0,0,0,0,1,0,0,0,1,1,0
41553199,QM6,더 뉴 QM6,17,1900,157665,1998,5,4,2,0,0,0,0,0,0,0,0,0,0,0,0,0,0,0,1,1,0,0,0,0,0,1,0,0,0,1,1,0
41561949,콜레오스,그랑 콜레오스,93,3070,17982,1499,5,2,8,0,1,1,1,1,1,1,1,1,1,0,0,0,0,0,1,0,0,1,0,0,0,1,0,0,0,1,1,0
41566314,QM6,더 뉴 QM6,17,2370,54794,1997,5,5,0,0,1,1,1,1,1,1,1,1,1,0,0,0,0,0,1,0,1,0,0,0,0,1,0,0,0,1,1,0
41573033,SM6,더 뉴 SM6,20,1759,28005,1798,5,4,8,0,1,1,1,1,1,1,1,1,1,0,0,0,0,0,1,0,1,0,0,0,0,1,0,0,0,1,0,1
41579850,콜레오스,그랑 콜레오스,93,3990,4345,1499,5,1,2,0,1,1,1,1,1,1,1,1,1,0,0,0,0,0,1,0,0,1,0,0,0,1,0,0,0,1,1,0
41580599,XM3,XM3,23,2299,35600,1598,5,2,0,0,1,1,1,1,1,1,1,1,1,0,0,0,0,0,1,0,0,1,0,0,0,1,0,0,0,1,1,0
41584479,QM6,더 뉴 QM6,17,1930,57753,1997,5,5,8,0,1,1,1,1,1,1,1,1,1,0,0,0,0,0,1,0,1,0,0,0,0,0,0,1,0,1,1,0
41587058,콜레오스,그랑 콜레오스,93,3920,10739,1499,5,1,0,0,1,1,1,1,1,1,1,1,1,0,0,0,0,0,1,0,0,1,0,0,0,1,0,0,0,1,1,0
41592483,QM6,더 뉴 QM6,17,1730,89652,1998,5,4,9,0,1,1,1,1,1,1,1,1,1,0,0,0,0,0,1,1,0,0,0,0,0,0,1,0,0,1,1,0
41592690,XM3,XM3,23,2090,59586,1332,5,5,2,0,1,1,1,1,1,1,1,1,1,0,0,0,0,0,1,0,1,0,0,0,0,1,0,0,0,1,1,0
41593632,QM6,더 뉴 QM6,17,3200,7,1997,5,0,0,0,1,1,1,1,1,1,1,1,1,0,0,0,0,0,1,0,1,0,0,0,0,0,0,1,0,1,1,0
41593901,QM6,더 뉴 QM6,17,3200,7,1997,5,0,0,0,1,1,1,1,1,1,1,1,1,0,0,0,0,0,1,0,1,0,0,0,0,0,0,1,0,1,1,0
41596884,QM6,더 뉴 QM6,17,1930,61860,1998,5,3,1,0,1,1,1,1,1,1,1,1,1,0,0,0,0,0,1,1,0,0,0,0,0,0,0,1,0,1,1,0
41598018,QM6,더 뉴 QM6,17,2310,43252,1998,5,4,2,1,1,1,1,1,1,1,1,1,1,0,0,0,0,0,1,1,0,0,0,0,0,0,1,0,0,1,1,0
41598189,마스터,마스터,38,3650,131,2299,3,2,0,0,0,1,1,0,0,1,0,0,1,0,0,0,0,0,1,0,0,0,1,0,0,0,1,0,0,0,1,0
41601550,QM6,더 뉴 QM6,17,1750,66685,1997,5,5,0,0,1,1,1,1,1,1,1,0,1,0,0,0,0,0,1,0,1,0,0,0,0,0,0,1,0,1,1,0
41606771,QM6,더 뉴 QM6,17,9999,22881,1997,5,3,2,0,0,0,0,0,0,0,0,0,0,0,0,0,0,0,1,0,1,0,0,0,0,1,0,0,0,1,1,0
41607537,QM6,더 뉴 QM6,17,2090,73006,1997,5,5,0,1,1,1,1,1,1,0,1,1,1,0,0,0,0,0,1,0,1,0,0,0,0,0,1,0,0,1,1,0
41608377,콜레오스,그랑 콜레오스,93,3640,9920,1499,5,2,0,0,1,1,1,1,1,1,1,1,1,0,0,0,0,0,1,0,0,1,0,0,0,1,0,0,0,1,1,0
41609874,QM6,더 뉴 QM6,17,2020,30493,1997,5,6,3,0,1,1,1,1,1,1,1,1,1,0,0,0,0,0,1,0,1,0,0,0,0,0,0,1,0,1,1,0
41611283,QM6,더 뉴 QM6,17,2190,18701,1998,5,2,0,0,1,1,1,1,1,1,1,0,1,0,0,0,0,0,1,1,0,0,0,0,0,0,0,1,0,1,1,0
41612658,콜레오스,그랑 콜레오스,93,3930,5109,1499,5,1,0,0,1,1,1,1,1,1,1,1,1,0,0,0,0,0,1,0,0,1,0,0,0,1,0,0,0,1,1,0
41612707,XM3,XM3,23,1720,92247,1332,5,5,1,0,1,1,1,1,1,1,1,0,1,0,0,0,0,0,1,0,1,0,0,0,0,1,0,0,0,1,1,0
41614137,QM6,더 뉴 QM6,17,1970,42598,1998,5,5,2,0,0,0,0,0,0,0,0,0,0,0,0,0,0,0,1,1,0,0,0,0,0,1,0,0,0,1,1,0
41614298,QM6,더 뉴 QM6,17,2480,19038,1998,5,3,0,0,1,1,1,1,1,1,1,1,1,0,0,0,0,0,1,1,0,0,0,0,0,1,0,0,0,1,1,0
41619242,XM3,XM3,23,2040,55498,1598,5,4,0,0,1,1,1,1,1,1,1,1,1,0,0,0,0,0,1,0,0,1,0,0,0,1,0,0,0,1,1,0
41620202,XM3,XM3,23,2690,17325,1332,5,3,0,0,1,1,1,1,1,1,1,1,1,0,0,0,0,0,1,0,1,0,0,0,0,1,0,0,0,1,1,0
41620586,QM6,더 뉴 QM6,17,2990,17903,1997,5,4,0,0,1,1,1,1,1,1,1,1,1,0,0,0,0,0,1,0,1,0,0,0,0,1,0,0,0,1,1,0
41620937,QM6,QM6,17,1750,30927,1997,5,8,3,1,1,1,1,1,1,1,1,1,1,0,0,0,0,0,1,0,1,0,0,0,0,1,0,0,0,1,1,0
41622136,QM6,더 뉴 QM6,17,2020,85000,1997,5,5,4,1,1,1,1,1,1,1,1,1,1,0,0,0,0,0,1,0,1,0,0,0,0,0,0,0,1,1,1,0
41622902,QM6,더 뉴 QM6,17,1780,61533,1998,5,6,1,1,1,1,1,1,1,1,1,1,1,0,0,0,0,0,1,1,0,0,0,0,0,0,0,0,1,1,1,0
41624364,콜레오스,그랑 콜레오스,93,3780,12858,1499,5,1,1,0,1,1,1,1,1,1,1,1,1,0,0,0,0,0,1,0,0,1,0,0,0,1,0,0,0,1,1,0
41624424,마스터,마스터,38,2450,39987,2299,3,4,5,0,0,1,1,0,0,1,0,0,1,0,0,0,0,0,1,0,0,0,1,0,0,0,1,0,0,0,1,0
41625318,QM6,더 뉴 QM6,17,1850,59364,1998,5,4,0,0,1,1,1,1,1,1,1,1,1,0,0,0,0,0,1,1,0,0,0,0,0,1,0,0,0,1,1,0
41625394,XM3,XM3,23,2230,23700,1598,5,4,0,0,1,1,1,1,1,1,1,1,1,0,0,0,0,0,1,0,0,1,0,0,0,1,0,0,0,1,1,0
41630664,마스터,마스터,38,3090,31776,2299,15,6,6,0,0,1,1,0,0,1,0,0,0,0,0,0,0,0,1,0,0,0,1,0,0,0,0,1,0,0,1,0
41632430,XM3,XM3,23,9990,83812,1332,5,6,2,0,1,1,1,1,1,0,1,0,1,0,0,0,0,0,1,0,1,0,0,0,0,0,0,0,1,1,1,0
41638571,마스터,마스터,38,2680,20101,2299,3,4,0,0,0,1,1,0,0,1,0,0,1,0,0,0,0,0,1,0,0,0,1,0,0,1,0,0,0,0,1,0
41642458,QM6,더 뉴 QM6,17,2130,37586,1998,5,4,0,0,1,1,1,1,1,1,1,1,1,0,0,0,0,0,1,1,0,0,0,0,0,0,0,1,0,1,1,0
41642963,QM6,더 뉴 QM6,17,1950,71594,1997,5,4,1,0,1,1,1,1,1,1,1,0,1,0,0,0,0,0,1,0,1,0,0,0,0,1,0,0,0,1,1,0
41644467,QM6,더 뉴 QM6,17,2990,50583,1997,5,4,0,1,1,1,1,1,1,1,1,1,1,0,0,0,0,0,1,0,1,0,0,0,0,1,0,0,0,1,1,0
41645907,QM6,더 뉴 QM6,17,2140,49670,1997,5,4,0,0,1,1,1,1,1,1,1,0,1,0,0,0,0,0,1,0,1,0,0,0,0,1,0,0,0,1,1,0
41650216,QM6,더 뉴 QM6,17,2150,32316,1998,5,4,2,0,1,1,1,1,1,1,1,1,1,0,0,0,0,0,1,1,0,0,0,0,0,1,0,0,0,1,1,0
41650668,XM3,XM3,23,2390,22230,1332,5,4,1,0,1,1,1,1,1,1,1,0,1,0,0,0,0,0,1,0,1,0,0,0,0,1,0,0,0,1,1,0
41652060,캡처,캡처,89,1930,5800,1332,5,6,2,0,1,1,1,1,1,1,1,0,1,0,0,0,0,0,1,0,1,0,0,0,0,1,0,0,0,1,1,0
41656170,QM6,더 뉴 QM6,17,2280,53041,1998,5,3,0,0,1,1,1,1,1,1,1,1,1,0,0,0,0,0,1,1,0,0,0,0,0,1,0,0,0,1,1,0
41656491,SM5,SM5 노바,19,9999,113659,1461,5,11,0,0,0,1,1,1,1,1,1,0,1,0,0,0,0,0,1,0,0,0,1,0,0,0,0,0,1,1,0,1
41657858,마스터,마스터,38,3650,130,2299,3,2,0,0,0,1,1,0,0,1,0,0,1,0,0,0,0,0,1,0,0,0,1,0,0,1,0,0,0,0,1,0
41658801,XM3,XM3,23,1950,37291,1598,5,3,0,0,1,1,1,1,1,1,1,1,1,0,0,0,0,0,1,0,1,0,0,0,0,1,0,0,0,1,1,0
38378108,콜로라도,리얼 뉴 콜로라도,94,2950,58757,3649,5,6,2,0,0,1,1,1,0,1,1,0,1,0,0,0,0,1,0,0,1,0,0,0,0,0,0,1,0,1,1,0
38399673,타호,타호,98,5350,41227,6162,7,4,3,1,1,1,1,1,1,1,1,1,1,0,0,0,0,1,0,0,1,0,0,0,0,0,1,0,0,1,1,0
38537431,콜로라도,리얼 뉴 콜로라도,94,2700,49054,3649,5,4,0,0,0,1,1,1,0,0,1,0,1,0,0,0,0,1,0,0,1,0,0,0,0,0,0,1,0,1,1,0
38900341,콜로라도,콜로라도,94,2160,77652,3649,5,6,1,0,0,1,1,1,0,0,1,0,1,0,0,0,0,1,0,0,1,0,0,0,0,1,0,0,0,1,1,0
39190944,트랙스,트랙스 크로스오버,103,2250,22754,1199,5,3,0,0,1,1,1,1,1,0,1,1,1,0,0,0,0,1,0,0,1,0,0,0,0,1,0,0,0,1,1,0
39200364,트래버스,트래버스,102,9999,43921,3564,7,5,2,0,1,1,1,1,1,1,1,0,1,0,0,0,0,1,0,0,1,0,0,0,0,0,1,0,0,1,1,0
39360307,볼트,볼트 EUV,48,2490,21038,111,5,4,0,0,1,1,1,1,1,0,1,1,1,0,0,0,0,1,0,0,0,0,0,1,0,1,0,0,0,1,0,1
39712409,콜로라도,리얼 뉴 콜로라도,94,2700,12900,3649,5,4,2,0,0,1,1,1,0,1,1,0,1,0,0,0,0,1,0,0,1,0,0,0,0,0,0,0,1,1,1,0
39755595,콜로라도,콜로라도,94,2190,103701,3649,5,6,0,0,0,1,1,1,0,1,1,0,1,0,0,0,0,1,0,0,1,0,0,0,0,1,0,0,0,1,1,0
39777262,콜로라도,리얼 뉴 콜로라도,94,2790,89940,3649,5,4,0,0,0,1,1,1,0,1,1,0,1,0,0,0,0,1,0,0,1,0,0,0,0,0,1,0,0,1,1,0
39985013,타호,타호,98,6300,11908,6162,7,3,0,1,1,1,1,1,1,0,1,1,1,0,0,0,0,1,0,0,1,0,0,0,0,0,1,0,0,1,1,0
40143321,트래버스,트래버스,102,2590,38658,3564,7,5,0,0,1,1,1,1,1,1,1,0,1,0,0,0,0,1,0,0,1,0,0,0,0,1,0,0,0,1,1,0
40201120,타호,타호,98,5690,41599,6162,7,4,0,1,1,0,1,1,1,0,1,1,1,0,0,0,0,1,0,0,1,0,0,0,0,1,0,0,0,1,1,0
40236062,트래버스,트래버스,102,1899,156882,3564,7,6,3,1,1,1,1,1,1,1,1,1,1,0,0,0,0,1,0,0,1,0,0,0,0,1,0,0,0,1,1,0
40354020,트랙스,트랙스 크로스오버,103,2330,26771,1199,5,2,0,0,1,1,1,1,1,0,1,1,1,0,0,0,0,1,0,0,1,0,0,0,0,0,1,0,0,1,1,0
40450130,볼트,볼트 EV,48,1850,49328,174,5,8,1,0,1,1,1,1,1,0,1,0,1,0,0,0,0,1,0,0,0,0,0,1,0,1,0,0,0,1,0,1
40477353,트레일블레이저,트레일블레이저,104,1820,29649,1341,5,4,5,0,0,1,1,1,1,0,1,0,1,0,0,0,0,1,0,0,1,0,0,0,0,1,0,0,0,1,1,0
40489084,콜로라도,콜로라도,94,1990,72402,3649,5,6,3,0,0,1,1,1,0,1,1,0,1,0,0,0,0,1,0,0,1,0,0,0,0,0,1,0,0,1,1,0
40535930,타호,타호,98,5590,23866,6162,7,4,1,1,1,1,1,1,1,0,1,1,1,0,0,0,0,1,0,0,1,0,0,0,0,1,0,0,0,1,1,0
40551942,볼트,볼트 EUV,48,2700,5733,188,5,4,13,1,1,1,1,1,1,1,1,1,1,0,0,0,0,1,0,0,0,0,0,1,0,1,0,0,0,1,0,1
40559563,콜로라도,리얼 뉴 콜로라도,94,2809,88747,3649,5,5,0,0,0,1,1,1,0,1,1,0,1,0,0,0,0,1,0,0,1,0,0,0,0,0,1,0,0,1,1,0
40565347,콜로라도,콜로라도,94,1740,113952,3649,5,6,2,0,0,1,1,1,0,0,1,0,1,0,0,0,0,1,0,0,1,0,0,0,0,0,0,0,1,1,1,0
40567371,콜로라도,리얼 뉴 콜로라도,94,2480,115463,3649,5,6,2,0,0,1,1,1,0,1,1,0,1,0,0,0,0,1,0,0,1,0,0,0,0,0,1,0,0,1,1,0
40597594,트랙스,트랙스 크로스오버,103,2310,6505,1199,5,2,1,0,1,1,1,1,1,0,1,1,1,0,0,0,0,1,0,0,1,0,0,0,0,1,0,0,0,1,1,0
40623099,트래버스,트래버스,102,2840,42830,3564,7,4,4,0,1,1,1,1,1,1,1,0,1,0,0,0,0,1,0,0,1,0,0,0,0,1,0,0,0,1,1,0
40708638,볼트,볼트 EV,48,1750,62580,174,5,8,2,0,1,1,1,1,1,0,1,0,1,0,0,0,0,1,0,0,0,0,0,1,0,1,0,0,0,1,0,1
40727157,트래버스,트래버스,102,3300,104879,3564,7,4,2,1,1,1,1,1,1,1,1,1,1,0,0,0,0,1,0,0,1,0,0,0,0,0,1,0,0,1,1,0
40751414,말리부,더 뉴 말리부,40,1999,46219,1998,5,4,2,0,1,1,1,1,1,1,1,1,1,0,0,0,0,1,0,0,1,0,0,0,0,0,1,0,0,1,0,1
40802791,트랙스,트랙스 크로스오버,103,2599,7039,1199,5,1,0,0,1,1,1,1,1,0,1,1,1,0,0,0,0,1,0,0,1,0,0,0,0,1,0,0,0,1,1,0
40823560,트랙스,트랙스 크로스오버,103,2050,29576,1199,5,3,6,0,1,1,1,1,1,0,1,1,1,0,0,0,0,1,0,0,1,0,0,0,0,0,1,0,0,1,1,0
40825634,카마로,더 뉴 카마로,87,2950,52800,6162,4,7,9,1,1,1,1,1,1,1,1,1,1,0,0,0,0,1,0,0,1,0,0,0,0,0,0,1,0,1,0,1
40860212,타호,타호,98,6290,7090,6162,7,3,0,1,1,1,1,1,1,0,1,1,1,0,0,0,0,1,0,0,1,0,0,0,0,0,1,0,0,1,1,0
40865659,트래버스,트래버스,102,2890,40617,3564,7,5,1,1,1,1,1,1,1,1,1,0,1,0,0,0,0,1,0,0,1,0,0,0,0,1,0,0,0,1,1,0
40870488,콜로라도,리얼 뉴 콜로라도,94,2900,36825,3649,5,4,0,0,0,1,1,1,0,1,1,0,1,0,0,0,0,1,0,0,1,0,0,0,0,0,0,1,0,1,1,0
40898330,콜로라도,콜로라도,94,2150,45376,3649,5,6,2,0,0,1,1,1,1,0,1,0,1,0,0,0,0,1,0,0,1,0,0,0,0,0,0,0,1,1,1,0
40898523,트래버스,트래버스,102,2695,51777,3564,7,5,2,1,1,1,1,1,1,1,1,1,1,0,0,0,0,1,0,0,1,0,0,0,0,1,0,0,0,1,1,0
40899200,콜로라도,콜로라도,94,1999,93636,3649,5,6,4,0,0,1,1,1,0,0,1,0,1,0,0,0,0,1,0,0,1,0,0,0,0,0,0,1,0,1,1,0
40901033,트랙스,트랙스 크로스오버,103,2260,25997,1199,5,3,0,0,1,1,1,1,1,0,1,1,1,0,0,0,0,1,0,0,1,0,0,0,0,1,0,0,0,1,1,0
40903906,트래버스,트래버스,102,2990,39192,3564,7,5,0,1,1,1,1,1,1,1,1,1,1,0,0,0,0,1,0,0,1,0,0,0,0,0,1,0,0,1,1,0
40904359,트래버스,트래버스,102,4030,22663,3564,7,3,1,1,1,1,1,1,1,1,1,1,1,0,0,0,0,1,0,0,1,0,0,0,0,0,1,0,0,1,1,0
40930777,타호,타호,98,5670,16710,6162,7,4,0,1,1,1,1,1,1,0,1,1,1,0,0,0,0,1,0,0,1,0,0,0,0,0,1,0,0,1,1,0
40946243,트레일블레이저,더 뉴 트레일블레이저,104,2250,32097,1341,5,2,6,0,1,1,1,1,1,0,1,1,1,0,0,0,0,1,0,0,1,0,0,0,0,0,1,0,0,1,1,0
40971129,트레일블레이저,더 뉴 트레일블레이저,104,2290,17774,1341,5,2,2,0,0,0,0,0,0,0,0,0,0,0,0,0,0,1,0,0,1,0,0,0,0,1,0,0,0,1,1,0
40985017,트래버스,트래버스,102,2350,68682,3564,7,6,6,1,1,1,1,1,1,1,1,1,1,0,0,0,0,1,0,0,1,0,0,0,0,1,0,0,0,1,1,0
40995379,카마로,올 뉴 카마로,87,2599,66513,6162,4,9,7,1,1,1,1,1,1,1,1,1,1,0,0,0,0,1,0,0,1,0,0,0,0,0,0,0,1,1,0,1
40999395,트래버스,트래버스,102,2490,68011,3564,7,6,4,1,1,1,1,1,1,1,1,1,1,0,0,0,0,1,0,0,1,0,0,0,0,0,1,0,0,1,1,0
41009054,트래버스,트래버스,102,2610,39083,3564,7,6,5,1,1,1,1,1,1,1,1,1,1,0,0,0,0,1,0,0,1,0,0,0,0,0,1,0,0,1,1,0
41016962,트랙스,트랙스 크로스오버,103,1990,71105,1199,5,3,1,0,1,1,1,1,1,0,1,1,1,0,0,0,0,1,0,0,1,0,0,0,0,0,0,1,0,1,1,0
41033915,트레일블레이저,트레일블레이저,104,9999,99185,1341,5,5,0,0,0,1,1,0,1,0,1,0,1,0,0,0,0,1,0,0,1,0,0,0,0,1,0,0,0,1,1,0
41039329,콜로라도,리얼 뉴 콜로라도,94,2890,58654,3649,5,4,1,0,1,1,1,1,0,1,1,0,1,0,0,0,0,1,0,0,1,0,0,0,0,0,1,0,0,1,1,0
41041085,콜로라도,콜로라도,94,2450,12375,3649,5,6,0,0,0,1,1,1,0,0,1,1,1,0,0,0,0,1,0,0,1,0,0,0,0,1,0,0,0,1,1,0
41047386,볼트,볼트 EUV,48,2700,14533,188,5,4,0,1,1,1,1,1,1,0,1,1,1,0,0,0,0,1,0,0,0,0,0,1,0,1,0,0,0,1,0,1
41051312,카마로,더 뉴 카마로,87,4199,45394,6162,4,5,9,1,1,1,1,1,1,1,1,1,1,0,0,0,0,1,0,0,1,0,0,0,0,0,1,0,0,1,0,1
41057718,트랙스,트랙스 크로스오버,103,1859,48434,1199,5,3,2,0,1,1,1,1,1,0,1,1,1,0,0,0,0,1,0,0,1,0,0,0,0,0,1,0,0,1,1,0
41061303,트래버스,트래버스,102,2199,89446,3564,7,6,3,1,1,1,1,1,1,1,1,1,1,0,0,0,0,1,0,0,1,0,0,0,0,1,0,0,0,1,1,0
41063175,콜로라도,콜로라도,94,2290,46783,3649,5,7,2,0,0,1,1,1,0,0,1,0,1,0,0,0,0,1,0,0,1,0,0,0,0,0,0,1,0,1,1,0
41063294,콜로라도,리얼 뉴 콜로라도,94,2799,51930,3649,5,5,1,0,0,1,1,1,0,1,1,0,1,0,0,0,0,1,0,0,1,0,0,0,0,0,1,0,0,1,1,0
41064764,콜로라도,리얼 뉴 콜로라도,94,2580,63548,3649,5,5,1,0,0,1,1,1,0,0,1,0,1,0,0,0,0,1,0,0,1,0,0,0,0,0,1,0,0,1,1,0
41065644,트랙스,트랙스 크로스오버,103,2430,31663,1199,5,2,0,1,1,1,1,1,1,0,1,1,1,0,0,0,0,1,0,0,1,0,0,0,0,1,0,0,0,1,1,0
41068341,콜로라도,리얼 뉴 콜로라도,94,3850,22710,3649,5,5,0,0,0,1,1,1,0,1,1,0,1,0,0,0,0,1,0,0,1,0,0,0,0,0,1,0,0,1,1,0
41077287,트래버스,트래버스,102,2250,88753,3564,7,6,4,1,1,1,1,1,1,1,1,1,1,0,0,0,0,1,0,0,1,0,0,0,0,1,0,0,0,1,1,0
41087673,트랙스,더 뉴 트랙스,103,9999,57387,1362,5,9,0,0,0,0,0,0,0,0,0,0,0,0,0,0,0,1,0,0,1,0,0,0,0,0,0,1,0,1,1,0
41100853,트레일블레이저,더 뉴 트레일블레이저,104,2390,2248,1341,5,2,6,0,1,1,1,1,1,0,1,1,1,0,0,0,0,1,0,0,1,0,0,0,0,1,0,0,0,1,1,0
41101943,트래버스,트래버스,102,3350,52791,3564,7,4,4,1,1,1,1,1,1,1,1,1,1,0,0,0,0,1,0,0,1,0,0,0,0,1,0,0,0,1,1,0
41114489,콜로라도,리얼 뉴 콜로라도,94,2990,33610,3649,5,4,1,0,0,1,1,1,0,1,1,0,1,0,0,0,0,1,0,0,1,0,0,0,0,1,0,0,0,1,1,0
41119887,트래버스,트래버스,102,4050,6565,3564,7,3,0,1,1,1,1,1,1,1,1,1,1,0,0,0,0,1,0,0,1,0,0,0,0,0,0,0,1,1,1,0
41120486,트래버스,트래버스,102,2700,50653,3564,7,6,1,1,1,1,1,1,1,1,1,1,1,0,0,0,0,1,0,0,1,0,0,0,0,1,0,0,0,1,1,0
41131770,콜로라도,리얼 뉴 콜로라도,94,3280,15653,3649,5,4,0,0,0,1,1,1,0,1,1,0,1,0,0,0,0,1,0,0,1,0,0,0,0,0,1,0,0,1,1,0
41142133,트래버스,트래버스,102,2350,91293,3564,7,5,2,0,1,1,1,1,1,1,1,1,1,0,0,0,0,1,0,0,1,0,0,0,0,1,0,0,0,1,1,0
41156612,트랙스,트랙스 크로스오버,103,1950,12122,1199,5,2,0,0,1,1,1,0,0,0,0,0,1,0,0,0,0,1,0,0,1,0,0,0,0,1,0,0,0,1,1,0
41158267,콜로라도,리얼 뉴 콜로라도,94,2540,55951,3649,5,4,4,0,0,1,1,1,0,1,1,0,1,0,0,0,0,1,0,0,1,0,0,0,0,0,1,0,0,1,1,0
41158903,볼트,볼트 EUV,48,2490,39156,188,5,4,1,1,1,1,1,1,1,0,1,1,1,0,0,0,0,1,0,0,0,0,0,1,0,0,0,1,0,1,0,1
41159064,콜로라도,콜로라도,94,1860,130097,3649,5,6,2,0,0,1,1,1,0,0,1,0,1,0,0,0,0,1,0,0,1,0,0,0,0,0,0,1,0,1,1,0
41165714,트래버스,트래버스,102,4050,8943,3564,7,4,1,1,1,1,1,1,1,1,1,1,1,0,0,0,0,1,0,0,1,0,0,0,0,1,0,0,0,1,1,0
41166139,콜로라도,리얼 뉴 콜로라도,94,2990,59518,3649,5,4,0,0,0,1,1,1,0,1,1,0,1,0,0,0,0,1,0,0,1,0,0,0,0,0,1,0,0,1,1,0
41167049,콜로라도,리얼 뉴 콜로라도,94,2490,50407,3649,5,5,2,0,0,1,1,1,0,1,1,0,1,0,0,0,0,1,0,0,1,0,0,0,0,0,0,0,1,1,1,0
41169240,트랙스,트랙스 크로스오버,103,2235,33847,1199,5,2,0,1,1,1,1,1,1,0,1,1,1,0,0,0,0,1,0,0,1,0,0,0,0,0,0,1,0,1,1,0
41185495,말리부,더 뉴 말리부,40,1990,32697,1998,5,7,0,1,1,1,1,1,1,1,1,1,1,0,0,0,0,1,0,0,1,0,0,0,0,0,1,0,0,1,0,1
41191621,트래버스,트래버스,102,2490,81064,3564,7,5,2,1,1,1,1,1,1,1,1,1,1,0,0,0,0,1,0,0,1,0,0,0,0,0,1,0,0,1,1,0
41195315,트랙스,트랙스 크로스오버,103,2050,43953,1199,5,3,0,0,1,1,1,1,1,0,1,1,1,0,0,0,0,1,0,0,1,0,0,0,0,0,0,0,1,1,1,0
41199231,말리부,더 뉴 말리부,40,1780,94539,1998,5,4,0,0,1,1,1,1,1,1,1,1,1,0,0,0,0,1,0,0,1,0,0,0,0,1,0,0,0,1,0,1
41205898,이쿼녹스,더 넥스트 이쿼녹스,79,2230,62259,1490,5,4,1,0,1,1,1,1,1,1,1,0,1,0,0,0,0,1,0,0,1,0,0,0,0,0,1,0,0,1,1,0
41209232,이쿼녹스,더 넥스트 이쿼녹스,79,1980,20627,1490,5,4,9,0,1,1,1,1,1,1,1,0,1,0,0,0,0,1,0,0,1,0,0,0,0,0,1,0,0,1,1,0
41212895,볼트,볼트 EV,48,1790,89067,188,5,6,0,0,1,1,1,1,1,0,1,0,1,0,0,0,0,1,0,0,0,0,0,1,0,0,1,0,0,1,0,1
41212991,트랙스,트랙스 크로스오버,103,2580,2524,1199,5,1,0,0,1,1,1,1,1,0,1,1,1,0,0,0,0,1,0,0,1,0,0,0,0,1,0,0,0,1,1,0
41224231,말리부,더 뉴 말리부,40,1890,23317,1998,5,5,5,1,0,1,1,1,1,1,1,1,1,0,0,0,0,1,0,0,1,0,0,0,0,0,1,0,0,1,0,1
41224375,트레일블레이저,더 뉴 트레일블레이저,104,2400,15325,1341,5,1,0,0,1,1,1,1,1,0,1,1,1,0,0,0,0,1,0,0,1,0,0,0,0,0,1,0,0,1,1,0
41225266,트랙스,트랙스 크로스오버,103,2300,22314,1199,5,2,0,0,1,1,1,1,1,0,1,1,1,0,0,0,0,1,0,0,1,0,0,0,0,1,0,0,0,1,1,0
41231393,콜로라도,리얼 뉴 콜로라도,94,2950,46877,3649,5,4,1,0,0,1,1,1,0,0,1,0,1,0,0,0,0,1,0,0,1,0,0,0,0,1,0,0,0,1,1,0
41232316,트래버스,트래버스,102,2840,45430,3564,7,6,1,1,1,1,1,1,1,1,1,1,1,0,0,0,0,1,0,0,1,0,0,0,0,0,1,0,0,1,1,0
41241762,콜로라도,리얼 뉴 콜로라도,94,2395,50873,3649,5,6,0,0,0,1,1,1,0,1,1,0,1,0,0,0,0,1,0,0,1,0,0,0,0,0,1,0,0,1,1,0
41243263,말리부,더 뉴 말리부,40,1800,97207,1998,5,5,0,1,1,1,1,1,1,1,1,1,1,0,0,0,0,1,0,0,1,0,0,0,0,1,0,0,0,1,0,1
41252284,트레일블레이저,트레일블레이저,104,2260,37549,1341,5,5,2,0,1,1,1,1,1,1,1,1,1,0,0,0,0,1,0,0,1,0,0,0,0,1,0,0,0,1,1,0
41254764,볼트,볼트 EV,48,2170,34014,188,5,5,3,0,1,1,1,1,1,0,1,0,1,0,0,0,0,1,0,0,0,0,0,1,0,0,1,0,0,1,0,1
41257310,트레일블레이저,트레일블레이저,104,2275,43233,1341,5,5,1,0,1,1,1,1,1,1,1,1,1,0,0,0,0,1,0,0,1,0,0,0,0,1,0,0,0,1,1,0
41259372,콜로라도,리얼 뉴 콜로라도,94,2850,24383,3649,5,4,0,0,0,1,1,1,0,0,1,0,1,0,0,0,0,1,0,0,1,0,0,0,0,0,1,0,0,1,1,0
41269466,트레일블레이저,더 뉴 트레일블레이저,104,2500,18858,1341,5,2,0,0,1,1,1,1,1,0,1,1,1,0,0,0,0,1,0,0,1,0,0,0,0,1,0,0,0,1,1,0
41269672,콜로라도,리얼 뉴 콜로라도,94,2830,61568,3649,5,4,2,0,0,1,1,1,0,0,1,0,1,0,0,0,0,1,0,0,1,0,0,0,0,1,0,0,0,1,1,0
41271092,콜로라도,리얼 뉴 콜로라도,94,3130,38192,3649,5,4,1,0,0,1,1,1,0,0,1,0,1,0,0,0,0,1,0,0,1,0,0,0,0,0,1,0,0,1,1,0
41279535,트레일블레이저,트레일블레이저,104,1799,75044,1341,5,3,10,1,1,1,1,1,1,1,1,1,1,0,0,0,0,1,0,0,1,0,0,0,0,1,0,0,0,1,1,0
41280097,말리부,더 뉴 말리부,40,1890,77512,1998,5,4,7,1,1,1,1,1,1,1,1,1,1,0,0,0,0,1,0,0,1,0,0,0,0,0,1,0,0,1,0,1
41282805,트랙스,트랙스 크로스오버,103,2350,21345,1199,5,2,0,1,1,1,1,1,1,0,1,1,1,0,0,0,0,1,0,0,1,0,0,0,0,0,1,0,0,1,1,0
41284517,트랙스,트랙스 크로스오버,103,2149,8002,1199,5,2,0,0,1,1,1,1,1,0,1,0,1,0,0,0,0,1,0,0,1,0,0,0,0,1,0,0,0,1,1,0
41286892,트랙스,트랙스 크로스오버,103,2750,4,1199,5,0,0,0,1,1,1,1,1,0,1,1,1,0,0,0,0,1,0,0,1,0,0,0,0,0,1,0,0,1,1,0
41287676,말리부,더 뉴 말리부,40,1799,73568,1998,5,6,3,1,1,1,1,1,1,1,1,1,1,0,0,0,0,1,0,0,1,0,0,0,0,0,1,0,0,1,0,1
41294794,트래버스,트래버스,102,3280,17966,3564,7,5,0,1,1,1,1,1,1,1,1,1,1,0,0,0,0,1,0,0,1,0,0,0,0,0,1,0,0,1,1,0
41295638,트랙스,트랙스 크로스오버,103,2750,4,1199,5,0,0,0,1,1,1,1,1,0,1,1,1,0,0,0,0,1,0,0,1,0,0,0,0,0,1,0,0,1,1,0
41297560,말리부,더 뉴 말리부,40,1790,47510,1998,5,5,0,0,1,1,1,1,1,1,1,1,1,0,0,0,0,1,0,0,1,0,0,0,0,0,1,0,0,1,0,1
41305742,트랙스,트랙스 크로스오버,103,2099,58427,1199,5,3,0,0,1,1,1,1,1,0,1,1,1,0,0,0,0,1,0,0,1,0,0,0,0,1,0,0,0,1,1,0
41312812,콜로라도,리얼 뉴 콜로라도,94,3150,13258,3649,5,4,0,0,0,1,1,1,0,0,1,0,1,0,0,0,0,1,0,0,1,0,0,0,0,0,1,0,0,1,1,0
41321277,트레일블레이저,트레일블레이저,104,3333,75637,1341,5,4,5,1,1,1,1,1,1,1,1,1,1,0,0,0,0,1,0,0,1,0,0,0,0,0,1,0,0,1,1,0
41330745,트레일블레이저,트레일블레이저,104,2130,70915,1341,5,4,0,0,1,1,1,1,1,1,1,1,1,0,0,0,0,1,0,0,1,0,0,0,0,1,0,0,0,1,1,0
41330908,트랙스,트랙스 크로스오버,103,2099,31317,1199,5,3,0,0,1,1,1,1,1,0,1,1,1,0,0,0,0,1,0,0,1,0,0,0,0,0,0,0,1,1,1,0
41332484,트레일블레이저,트레일블레이저,104,2895,15775,1341,5,4,0,0,1,1,1,1,1,1,1,1,1,0,0,0,0,1,0,0,1,0,0,0,0,1,0,0,0,1,1,0
41335418,트래버스,트래버스,102,2600,18552,3564,7,5,0,0,1,1,1,1,1,1,1,0,1,0,0,0,0,1,0,0,1,0,0,0,0,1,0,0,0,1,1,0
41339411,콜로라도,리얼 뉴 콜로라도,94,2500,65731,3649,5,6,0,0,0,1,1,1,0,0,1,0,1,0,0,0,0,1,0,0,1,0,0,0,0,0,0,1,0,1,1,0
41341611,콜로라도,리얼 뉴 콜로라도,94,2700,34270,3649,5,6,2,0,0,1,1,1,0,1,1,0,1,0,0,0,0,1,0,0,1,0,0,0,0,1,0,0,0,1,1,0
41371344,콜로라도,리얼 뉴 콜로라도,94,2990,48880,3649,5,4,0,0,1,1,1,1,0,1,1,0,1,0,0,0,0,1,0,0,1,0,0,0,0,1,0,0,0,1,1,0
41371915,카마로,더 뉴 카마로,87,3550,62347,6162,4,7,2,1,1,1,1,1,1,1,1,1,1,0,0,0,0,1,0,0,1,0,0,0,0,0,0,1,0,1,0,1
41381073,콜로라도,리얼 뉴 콜로라도,94,3090,28866,3649,5,5,0,0,0,1,1,1,0,1,1,0,1,0,0,0,0,1,0,0,1,0,0,0,0,0,1,0,0,1,1,0
41382527,볼트,볼트 EUV,48,2710,29956,188,5,3,0,1,1,1,1,1,1,1,1,1,1,0,0,0,0,1,0,0,0,0,0,1,0,1,0,0,0,1,0,1
41384433,트레일블레이저,트레일블레이저,104,2049,32506,1341,5,6,6,0,1,1,1,1,1,1,1,1,1,0,0,0,0,1,0,0,1,0,0,0,0,1,0,0,0,1,1,0
41387502,트랙스,트랙스 크로스오버,103,1979,34830,1199,5,3,1,0,1,1,1,1,1,0,1,0,0,0,0,0,0,1,0,0,1,0,0,0,0,1,0,0,0,1,1,0
41391124,볼트,볼트 EV,48,1740,78072,188,5,6,0,0,1,1,1,1,1,0,1,0,1,0,0,0,0,1,0,0,0,0,0,1,0,0,1,0,0,1,0,1
41393984,트랙스,트랙스 크로스오버,103,2360,1719,1199,5,3,0,0,1,1,1,1,1,0,1,1,1,0,0,0,0,1,0,0,1,0,0,0,0,1,0,0,0,1,1,0
41395597,트레일블레이저,트레일블레이저,104,1990,27359,1341,5,4,2,1,0,0,1,1,1,0,1,0,1,0,0,0,0,1,0,0,1,0,0,0,0,0,0,0,1,1,1,0
41399577,콜로라도,콜로라도,94,9999,59051,3649,5,7,6,0,0,1,1,1,0,1,1,0,1,0,0,0,0,1,0,0,1,0,0,0,0,0,1,0,0,1,1,0
41414699,말리부,더 뉴 말리부,40,1990,83072,1998,5,5,1,1,1,1,1,1,1,1,1,1,1,0,0,0,0,1,0,0,1,0,0,0,0,0,0,0,1,1,0,1
41418656,말리부,더 뉴 말리부,40,1890,42694,1998,5,6,1,1,1,1,1,1,1,1,1,1,1,0,0,0,0,1,0,0,1,0,0,0,0,0,0,1,0,1,0,1
41418753,말리부,더 뉴 말리부,40,2130,43188,1998,5,4,1,1,1,1,1,1,1,1,1,1,1,0,0,0,0,1,0,0,1,0,0,0,0,1,0,0,0,1,0,1
41423711,트랙스,트랙스 크로스오버,103,2190,24725,1199,5,2,0,0,1,1,1,1,1,0,1,1,1,0,0,0,0,1,0,0,1,0,0,0,0,0,1,0,0,1,1,0
41431274,트랙스,트랙스 크로스오버,103,2350,11840,1199,5,3,0,0,1,1,1,1,1,0,1,1,1,0,0,0,0,1,0,0,1,0,0,0,0,0,0,0,1,1,1,0
41432964,트레일블레이저,더 뉴 트레일블레이저,104,2490,21261,1341,5,2,1,0,1,1,1,1,1,0,1,1,1,0,0,0,0,1,0,0,1,0,0,0,0,0,0,0,1,1,1,0
41445892,트랙스,트랙스 크로스오버,103,2370,14253,1199,5,2,0,0,1,1,1,1,1,0,1,1,1,0,0,0,0,1,0,0,1,0,0,0,0,1,0,0,0,1,1,0
41451436,이쿼녹스,더 넥스트 이쿼녹스,79,2500,40189,1490,5,4,0,0,1,1,1,1,1,1,1,1,1,0,0,0,0,1,0,0,1,0,0,0,0,1,0,0,0,1,1,0
41451555,트레일블레이저,트레일블레이저,104,2150,68226,1341,5,6,0,1,1,1,1,1,1,1,1,1,1,0,0,0,0,1,0,0,1,0,0,0,0,0,0,0,1,1,1,0
41453625,말리부,더 뉴 말리부,40,1750,39934,1998,5,4,1,0,0,1,1,1,1,1,1,0,1,0,0,0,0,1,0,0,1,0,0,0,0,0,1,0,0,1,0,1
41464779,트랙스,트랙스 크로스오버,103,2050,50191,1199,5,3,4,0,1,1,1,1,1,0,1,1,1,0,0,0,0,1,0,0,1,0,0,0,0,1,0,0,0,1,1,0
41470118,트랙스,트랙스 크로스오버,103,2320,22416,1199,5,2,0,0,1,1,1,1,1,0,1,1,1,0,0,0,0,1,0,0,1,0,0,0,0,0,1,0,0,1,1,0
41470517,트랙스,트랙스 크로스오버,103,1980,14088,1199,5,2,6,1,1,1,1,1,1,0,1,1,1,0,0,0,0,1,0,0,1,0,0,0,0,0,1,0,0,1,1,0
41476861,타호,타호,98,9999,7982,6162,7,3,2,0,0,0,0,0,0,0,0,0,0,0,0,0,0,1,0,0,1,0,0,0,0,0,1,0,0,1,1,0
41478081,카마로,올 뉴 카마로,87,2730,99662,6162,4,10,6,1,1,1,1,1,1,0,1,1,1,0,0,0,0,1,0,0,1,0,0,0,0,0,0,1,0,1,0,1
41486816,트래버스,트래버스,102,3990,7183,3564,7,3,0,0,1,1,1,1,1,1,1,1,1,0,0,0,0,1,0,0,1,0,0,0,0,1,0,0,0,1,1,0
41489013,트랙스,트랙스 크로스오버,103,2250,21675,1199,5,3,1,1,1,1,1,1,1,0,1,1,1,0,0,0,0,1,0,0,1,0,0,0,0,1,0,0,0,1,1,0
41491905,말리부,더 뉴 말리부,40,1990,52602,1998,5,5,0,0,1,1,1,1,1,1,1,1,1,0,0,0,0,1,0,0,1,0,0,0,0,0,1,0,0,1,0,1
41493553,트레일블레이저,트레일블레이저,104,2300,40351,1341,5,5,0,0,1,1,1,1,1,0,1,1,1,0,0,0,0,1,0,0,1,0,0,0,0,0,0,0,1,1,1,0
41493670,말리부,더 뉴 말리부,40,2130,44044,1341,5,5,0,1,1,1,1,1,1,1,1,1,1,0,0,0,0,1,0,0,1,0,0,0,0,1,0,0,0,1,0,1
41495907,트레일블레이저,더 뉴 트레일블레이저,104,2710,24486,1341,5,2,1,1,1,1,1,1,1,0,1,1,1,0,0,0,0,1,0,0,1,0,0,0,0,1,0,0,0,1,1,0
41499057,트레일블레이저,트레일블레이저,104,1830,73062,1341,5,6,0,1,1,1,1,1,1,0,1,1,1,0,0,0,0,1,0,0,1,0,0,0,0,0,0,0,1,1,1,0
41499971,트랙스,트랙스 크로스오버,103,1950,30828,1199,5,2,0,0,1,0,1,0,0,0,0,0,0,0,0,0,0,1,0,0,1,0,0,0,0,0,0,1,0,1,1,0
41502310,트래버스,트래버스,102,3750,43981,3564,7,4,0,1,1,1,1,1,1,1,1,1,1,0,0,0,0,1,0,0,1,0,0,0,0,1,0,0,0,1,1,0
41502861,트레일블레이저,더 뉴 트레일블레이저,104,2530,39233,1341,5,3,0,0,1,1,1,1,1,0,1,1,1,0,0,0,0,1,0,0,1,0,0,0,0,0,1,0,0,1,1,0
41503721,콜로라도,리얼 뉴 콜로라도,94,2600,34121,3649,5,5,1,0,0,1,1,1,0,1,1,0,1,0,0,0,0,1,0,0,1,0,0,0,0,0,0,1,0,1,1,0
41505125,트랙스,트랙스 크로스오버,103,2180,47428,1199,5,3,0,0,1,1,1,1,1,0,1,1,1,0,0,0,0,1,0,0,1,0,0,0,0,0,0,1,0,1,1,0
41512946,트래버스,트래버스,102,1890,128527,3564,7,5,6,1,1,1,1,1,1,1,1,1,1,0,0,0,0,1,0,0,1,0,0,0,0,1,0,0,0,1,1,0
41513093,콜로라도,리얼 뉴 콜로라도,94,3150,31208,3649,5,5,1,0,1,1,1,1,0,0,1,0,1,0,0,0,0,1,0,0,1,0,0,0,0,0,1,0,0,1,1,0
41516052,트랙스,트랙스 크로스오버,103,2280,31455,1199,5,2,0,1,1,1,1,1,1,0,1,1,1,0,0,0,0,1,0,0,1,0,0,0,0,0,0,1,0,1,1,0
41518080,트레일블레이저,트레일블레이저,104,2390,73663,1341,5,6,2,0,0,0,0,0,0,0,0,0,0,0,0,0,0,1,0,0,1,0,0,0,0,1,0,0,0,1,1,0
41521586,트래버스,트래버스,102,1990,120705,3564,7,5,1,1,1,1,1,1,1,1,1,1,1,0,0,0,0,1,0,0,1,0,0,0,0,0,1,0,0,1,1,0
41527409,카마로,올 뉴 카마로,87,1939,91139,6162,4,10,10,1,0,1,1,1,1,1,1,1,1,0,0,0,0,1,0,0,1,0,0,0,0,0,0,1,0,1,0,1
41528151,말리부,더 뉴 말리부,40,1760,32936,1998,5,7,1,0,1,1,1,1,1,1,1,1,1,0,0,0,0,1,0,0,1,0,0,0,0,1,0,0,0,1,0,1
41531099,콜로라도,리얼 뉴 콜로라도,94,2930,74854,3649,5,5,6,0,0,1,1,1,0,0,1,0,1,0,0,0,0,1,0,0,1,0,0,0,0,0,1,0,0,1,1,0
41535588,말리부,더 뉴 말리부,40,1760,32755,1341,5,5,2,0,1,1,1,1,1,1,1,1,1,0,0,0,0,1,0,0,1,0,0,0,0,0,1,0,0,1,0,1
41536414,트레일블레이저,트레일블레이저,104,1880,27116,1341,5,6,6,0,1,1,1,1,1,0,1,1,1,0,0,0,0,1,0,0,1,0,0,0,0,1,0,0,0,1,1,0
41537602,카마로,올 뉴 카마로,87,1999,127624,6162,4,10,5,1,1,1,1,1,1,1,1,1,1,0,0,0,0,1,0,0,1,0,0,0,0,0,1,0,0,1,0,1
41542491,트랙스,트랙스 크로스오버,103,2300,22284,1199,5,2,0,0,1,1,1,1,1,0,1,1,1,0,0,0,0,1,0,0,1,0,0,0,0,0,1,0,0,1,1,0
41543746,스파크,스파크,54,9999,88674,995,5,12,2,0,0,0,0,0,0,0,0,0,0,0,0,0,0,1,0,0,1,0,0,0,0,0,0,0,1,1,0,1
41545578,트래버스,트래버스,102,3880,29548,3564,7,3,0,1,1,1,1,1,1,1,1,1,1,0,0,0,0,1,0,0,1,0,0,0,0,1,0,0,0,1,1,0
41546548,이쿼녹스,더 넥스트 이쿼녹스,79,2470,62656,1490,5,4,1,0,1,1,1,1,1,1,1,1,1,0,0,0,0,1,0,0,1,0,0,0,0,1,0,0,0,1,1,0
41548639,말리부,더 뉴 말리부,40,9999,127952,1341,5,7,2,0,0,0,0,0,0,0,0,0,0,0,0,0,0,1,0,0,1,0,0,0,0,0,1,0,0,1,0,1
41551880,트랙스,트랙스 크로스오버,103,2340,1791,1199,5,1,2,0,1,1,1,1,1,0,1,1,1,0,0,0,0,1,0,0,1,0,0,0,0,0,1,0,0,1,1,0
41556993,트랙스,더 뉴 트랙스,103,9999,180854,1598,5,10,0,1,0,1,1,0,1,0,1,0,1,0,0,0,0,1,0,0,0,0,1,0,0,0,1,0,0,1,1,0
41557481,트래버스,트래버스,102,3200,87490,3564,7,4,2,1,1,1,1,1,1,1,1,1,1,0,0,0,0,1,0,0,1,0,0,0,0,0,1,0,0,1,1,0
41562719,트레일블레이저,트레일블레이저,104,1820,73571,1341,5,5,1,1,1,1,1,1,1,1,1,1,1,0,0,0,0,1,0,0,1,0,0,0,0,0,0,0,1,1,1,0
41563473,트래버스,트래버스,102,1899,142683,3564,7,5,2,1,1,1,1,1,1,1,1,1,1,0,0,0,0,1,0,0,1,0,0,0,0,1,0,0,0,1,1,0
41563642,콜로라도,콜로라도,94,2370,124782,3649,5,6,1,0,0,1,1,1,0,0,1,0,1,0,0,0,0,1,0,0,1,0,0,0,0,0,0,0,1,1,1,0
41565284,볼트,볼트 EUV,48,2450,49600,1500,5,4,2,1,1,1,1,1,1,1,1,1,1,0,0,0,0,1,0,0,0,0,0,1,0,1,0,0,0,1,0,1
41567287,트레일블레이저,더 뉴 트레일블레이저,104,2450,9798,1341,5,3,0,0,1,1,1,1,1,0,1,1,1,0,0,0,0,1,0,0,1,0,0,0,0,0,0,0,1,1,1,0
41569729,볼트,볼트 EUV,48,2240,95755,188,5,4,0,0,1,1,1,1,1,0,1,1,1,0,0,0,0,1,0,0,0,0,0,1,0,0,0,0,1,1,0,1
41574075,트래버스,트래버스,102,3650,59157,3564,7,3,2,1,1,1,1,1,1,1,1,1,1,0,0,0,0,1,0,0,1,0,0,0,0,1,0,0,0,1,1,0
41575836,트랙스,트랙스 크로스오버,103,1950,21755,1199,5,3,8,0,1,1,1,1,1,0,1,1,1,0,0,0,0,1,0,0,1,0,0,0,0,0,1,0,0,1,1,0
41579353,볼트,볼트 EUV,48,2490,54837,188,5,3,0,0,1,1,1,1,1,0,1,1,1,0,0,0,0,1,0,0,0,0,0,1,0,1,0,0,0,1,0,1
41585162,트래버스,트래버스,102,2600,38408,3564,7,6,0,1,1,1,1,1,1,1,1,1,1,0,0,0,0,1,0,0,1,0,0,0,0,1,0,0,0,1,1,0
41588720,트랙스,트랙스 크로스오버,103,2290,26433,1199,5,2,0,0,1,1,1,1,1,0,1,1,1,0,0,0,0,1,0,0,1,0,0,0,0,1,0,0,0,1,1,0
41593283,트랙스,트랙스 크로스오버,103,2420,8213,1199,5,2,0,1,1,1,1,1,1,0,1,1,1,0,0,0,0,1,0,0,1,0,0,0,0,0,1,0,0,1,1,0
41593308,트랙스,트랙스 크로스오버,103,2180,49257,1199,5,3,0,0,1,1,1,1,1,0,1,1,1,0,0,0,0,1,0,0,1,0,0,0,0,1,0,0,0,1,1,0
41593630,트레일블레이저,트레일블레이저,104,2190,57654,1341,5,4,0,0,1,1,1,1,1,1,1,1,1,0,0,0,0,1,0,0,1,0,0,0,0,1,0,0,0,1,1,0
41596285,트랙스,트랙스 크로스오버,103,2390,9412,1199,5,1,0,0,1,1,1,1,1,0,1,1,1,0,0,0,0,1,0,0,1,0,0,0,0,1,0,0,0,1,1,0
41601515,트래버스,트래버스,102,1990,110062,3564,7,6,2,1,1,1,1,1,1,1,1,1,1,0,0,0,0,1,0,0,1,0,0,0,0,1,0,0,0,1,1,0
41603128,트래버스,트래버스,102,3130,30253,3564,7,5,0,1,1,1,1,1,1,1,1,1,1,0,0,0,0,1,0,0,1,0,0,0,0,0,1,0,0,1,1,0
41604600,트랙스,트랙스 크로스오버,103,2150,9724,1199,5,2,1,0,1,1,1,1,1,0,1,0,1,0,0,0,0,1,0,0,1,0,0,0,0,1,0,0,0,1,1,0
41606272,볼트,뉴 볼트 EV,48,2450,30324,188,5,4,0,0,1,1,1,1,1,0,1,0,1,0,0,0,0,1,0,0,0,0,0,1,0,1,0,0,0,1,0,1
41609126,트랙스,트랙스 크로스오버,103,2320,26447,1199,5,2,0,0,1,1,1,1,1,0,1,1,1,0,0,0,0,1,0,0,1,0,0,0,0,0,1,0,0,1,1,0
41609490,트레일블레이저,더 뉴 트레일블레이저,104,2440,18569,1341,5,3,0,0,1,1,1,1,1,0,1,1,1,0,0,0,0,1,0,0,1,0,0,0,0,0,0,1,0,1,1,0
41613826,카마로,올 뉴 카마로,87,9999,52507,6162,4,10,2,0,0,0,0,0,0,0,0,0,0,0,0,0,0,1,0,0,1,0,0,0,0,1,0,0,0,1,0,1
41616046,이쿼녹스,더 넥스트 이쿼녹스,79,2350,15853,1490,5,4,0,0,1,1,1,1,1,1,1,0,1,0,0,0,0,1,0,0,1,0,0,0,0,1,0,0,0,1,1,0
41616134,트레일블레이저,트레일블레이저,104,2490,10549,1341,5,4,0,0,1,0,1,1,1,1,0,0,1,0,0,0,0,1,0,0,1,0,0,0,0,1,0,0,0,1,1,0
41618186,트래버스,트래버스,102,2850,25833,3564,7,5,0,0,1,1,1,1,1,1,1,0,1,0,0,0,0,1,0,0,1,0,0,0,0,1,0,0,0,1,1,0
41620121,트래버스,트래버스,102,3950,23079,3564,7,4,1,1,1,1,1,1,1,1,1,1,1,0,0,0,0,1,0,0,1,0,0,0,0,0,1,0,0,1,1,0
41620256,트랙스,트랙스 크로스오버,103,2130,39776,1199,5,3,0,0,1,1,1,1,1,0,1,1,1,0,0,0,0,1,0,0,1,0,0,0,0,0,0,1,0,1,1,0
41620395,트랙스,트랙스 크로스오버,103,2190,24845,1199,5,3,0,0,1,1,1,1,1,0,1,1,1,0,0,0,0,1,0,0,1,0,0,0,0,0,1,0,0,1,1,0
41621343,트랙스,트랙스 크로스오버,103,2999,39345,1199,5,3,0,1,1,1,1,1,1,0,1,1,1,0,0,0,0,1,0,0,1,0,0,0,0,1,0,0,0,1,1,0
41621929,콜로라도,리얼 뉴 콜로라도,94,3290,12065,3649,5,4,0,0,0,0,1,1,0,1,1,0,1,0,0,0,0,1,0,0,1,0,0,0,0,0,0,0,1,1,1,0
41622444,트레일블레이저,더 뉴 트레일블레이저,104,2820,51012,1341,5,2,0,1,1,1,1,1,1,0,1,1,1,0,0,0,0,1,0,0,1,0,0,0,0,1,0,0,0,1,1,0
41622867,트레일블레이저,트레일블레이저,104,2380,33464,1341,5,4,0,0,1,1,1,1,1,0,1,1,1,0,0,0,0,1,0,0,1,0,0,0,0,1,0,0,0,1,1,0
41625343,콜로라도,리얼 뉴 콜로라도,94,2850,37017,3649,5,4,0,0,0,1,1,1,0,0,1,0,1,0,0,0,0,1,0,0,1,0,0,0,0,0,0,1,0,1,1,0
41625500,트랙스,트랙스 크로스오버,103,2350,44534,1199,5,3,0,1,1,1,1,1,1,0,1,1,1,0,0,0,0,1,0,0,1,0,0,0,0,0,0,0,1,1,1,0
41627593,트래버스,트래버스,102,3470,60313,3564,7,3,0,0,1,1,1,1,1,1,1,1,1,0,0,0,0,1,0,0,1,0,0,0,0,1,0,0,0,1,1,0
41628677,트랙스,트랙스 크로스오버,103,2320,8963,1199,5,2,0,0,1,1,1,1,1,0,1,1,1,0,0,0,0,1,0,0,1,0,0,0,0,1,0,0,0,1,1,0
41630728,트레일블레이저,트레일블레이저,104,2360,75556,1341,5,4,7,1,1,1,1,1,1,1,1,1,1,0,0,0,0,1,0,0,1,0,0,0,0,0,1,0,0,1,1,0
41630996,트랙스,트랙스 크로스오버,103,2380,24917,1199,5,2,0,1,1,1,1,1,1,0,1,1,1,0,0,0,0,1,0,0,1,0,0,0,0,0,1,0,0,1,1,0
41631528,콜로라도,콜로라도,94,2150,47885,3649,5,6,0,0,0,1,1,1,0,1,1,0,1,0,0,0,0,1,0,0,1,0,0,0,0,0,0,0,1,1,1,0
41633554,말리부,올 뉴 말리부,40,9999,95498,1998,5,9,2,0,0,0,0,0,0,0,0,0,0,0,0,0,0,1,0,0,1,0,0,0,0,0,0,0,1,1,0,1
41635938,볼트,볼트 EV,48,1830,61010,174,5,8,0,0,1,1,1,1,1,0,1,0,1,0,0,0,0,1,0,0,0,0,0,1,0,1,0,0,0,1,0,1
41636099,트래버스,트래버스,102,2670,45240,3564,7,5,2,1,1,1,1,1,1,1,1,1,1,0,0,0,0,1,0,0,1,0,0,0,0,0,1,0,0,1,1,0
41645915,콜로라도,리얼 뉴 콜로라도,94,2890,12643,3649,5,5,1,0,0,1,1,1,0,1,1,0,1,0,0,0,0,1,0,0,1,0,0,0,0,0,0,0,1,1,1,0
41647125,콜로라도,콜로라도,94,1850,102511,3649,5,7,3,0,0,1,1,1,0,1,1,0,1,0,0,0,0,1,0,0,1,0,0,0,0,0,0,0,1,1,1,0
41647368,트래버스,트래버스,102,3299,65590,3564,7,4,2,1,1,1,1,1,1,1,1,1,1,0,0,0,0,1,0,0,1,0,0,0,0,1,0,0,0,1,1,0
41650254,트레일블레이저,트레일블레이저,104,1850,58995,1341,5,6,0,0,1,1,1,1,1,0,1,1,1,0,0,0,0,1,0,0,1,0,0,0,0,1,0,0,0,1,1,0
41651196,트레일블레이저,트레일블레이저,104,2130,70156,1341,5,4,1,0,1,0,1,1,1,1,1,1,1,0,0,0,0,1,0,0,1,0,0,0,0,1,0,0,0,1,1,0
41654130,트레일블레이저,트레일블레이저,104,2190,46332,1341,5,6,0,1,1,1,1,1,1,1,1,1,1,0,0,0,0,1,0,0,1,0,0,0,0,0,0,0,1,1,1,0
41654830,트레일블레이저,더 뉴 트레일블레이저,104,2290,27081,1341,5,3,0,0,1,1,1,1,1,0,1,1,1,0,0,0,0,1,0,0,1,0,0,0,0,0,0,0,1,1,1,0
41656980,트랙스,트랙스 크로스오버,103,2690,11651,1199,5,3,0,1,1,1,1,1,1,0,1,1,1,0,0,0,0,1,0,0,1,0,0,0,0,1,0,0,0,1,1,0
41657220,이쿼녹스,이쿼녹스,79,1850,7463,1598,5,6,3,0,1,1,1,1,1,1,1,0,1,0,0,0,0,1,0,0,0,0,1,0,0,0,0,1,0,1,1,0
41657645,트레일블레이저,트레일블레이저,104,1860,128449,1341,5,4,9,1,1,1,1,1,1,1,1,1,1,0,0,0,0,1,0,0,1,0,0,0,0,1,0,0,0,1,1,0
41658751,트레일블레이저,트레일블레이저,104,2470,59266,1341,5,6,0,1,1,1,1,1,1,1,1,1,1,0,0,0,0,1,0,0,1,0,0,0,0,1,0,0,0,1,1,0
37456281,G80,G80 (RG3),5,2590,156767,2497,5,6,3,0,1,1,1,1,1,1,1,1,1,0,0,1,0,0,0,0,1,0,0,0,0,0,0,0,1,1,0,1
37522398,G80,G80 (RG3),5,2990,144755,3470,5,5,1,0,1,1,1,1,1,1,1,1,1,0,0,1,0,0,0,0,1,0,0,0,0,0,0,1,0,1,0,1
37857877,G80,G80 (RG3),5,2890,178011,2497,5,6,8,0,1,1,1,1,1,1,1,1,1,0,0,1,0,0,0,0,1,0,0,0,0,0,0,0,1,1,0,1
37989131,G80,G80,5,1890,64800,3342,5,8,2,0,1,1,1,1,1,1,1,1,1,0,0,1,0,0,0,0,1,0,0,0,0,0,0,1,0,1,0,1
38045817,EQ900,EQ900,0,1860,181621,3778,4,8,5,0,1,1,1,1,1,1,1,1,1,0,0,1,0,0,0,0,1,0,0,0,0,0,1,0,0,1,0,1
38053160,G80,G80,5,1840,78256,3342,5,10,7,1,1,1,1,1,1,1,1,1,1,0,0,1,0,0,0,0,1,0,0,0,0,0,1,0,0,1,0,1
38146991,GV70,GV70,8,4550,16311,2497,5,3,0,0,1,1,1,1,1,1,1,1,1,0,0,1,0,0,0,0,1,0,0,0,0,0,0,1,0,1,1,0
38205453,EQ900,EQ900,0,2000,140240,3342,5,10,1,0,1,1,1,1,1,1,1,1,1,0,0,1,0,0,0,0,1,0,0,0,0,0,1,0,0,1,0,1
38321781,GV70,GV70,8,4550,26835,2497,5,5,2,1,1,1,1,1,1,1,1,1,1,0,0,1,0,0,0,0,1,0,0,0,0,1,0,0,0,1,1,0
38351093,G90,G90,6,4510,54045,3778,4,8,2,1,1,1,1,1,1,1,1,1,1,0,0,1,0,0,0,0,1,0,0,0,0,0,0,1,0,1,0,1
38463389,GV80,GV80,9,5880,28994,3470,6,4,6,0,1,1,1,1,1,1,1,1,1,0,0,1,0,0,0,0,1,0,0,0,0,1,0,0,0,1,1,0
38518039,G80,G80,5,2090,96766,3342,5,7,10,0,1,1,1,1,1,1,1,1,1,0,0,1,0,0,0,0,1,0,0,0,0,0,1,0,0,1,0,1
38541105,G70,더 뉴 G70,4,3050,70721,2199,5,5,1,0,1,1,1,1,1,1,1,1,1,0,0,1,0,0,0,0,0,0,1,0,0,0,0,1,0,1,0,1
38643109,G70,G70,4,2190,71311,1998,5,7,2,0,1,1,1,1,1,1,1,1,1,0,0,1,0,0,0,0,1,0,0,0,0,0,0,1,0,1,0,1
38871338,GV70,GV70,8,2600,31128,2497,5,3,0,0,1,1,1,1,1,1,1,1,1,0,0,1,0,0,0,0,1,0,0,0,0,1,0,0,0,1,1,0
38901467,G90,G90,6,3650,113071,3342,5,7,7,1,1,1,1,1,1,1,1,1,1,0,0,1,0,0,0,0,1,0,0,0,0,0,0,0,1,1,0,1
38909589,G80,G80 (RG3),5,2990,143184,2497,5,6,0,0,1,1,1,1,1,1,1,1,1,0,0,1,0,0,0,0,1,0,0,0,0,0,0,1,0,1,0,1
39008561,G80,G80 (RG3),5,3190,139083,2497,5,5,1,0,1,1,1,1,1,1,1,1,1,0,0,1,0,0,0,0,1,0,0,0,0,0,0,0,1,1,0,1
39265250,G80,G80 (RG3),5,4469,60070,3470,5,3,0,0,1,1,1,1,1,1,1,1,1,0,0,1,0,0,0,0,1,0,0,0,0,0,1,0,0,1,0,1
39308964,GV70,GV70,8,4400,57770,3470,5,6,0,0,1,1,1,1,1,1,1,1,1,0,0,1,0,0,0,0,1,0,0,0,0,0,0,0,1,1,1,0
39313737,G80,G80 (RG3),5,4400,64709,2497,5,4,5,1,1,1,1,1,1,1,1,1,1,0,0,1,0,0,0,0,1,0,0,0,0,1,0,0,0,1,0,1
39353326,GV80,GV80,9,3950,118532,3470,5,6,1,0,1,1,1,1,1,1,1,1,1,0,0,1,0,0,0,0,1,0,0,0,0,0,0,1,0,1,1,0
39375757,GV80,GV80,9,7600,44652,3470,5,3,2,1,1,1,1,1,1,1,1,1,1,0,0,1,0,0,0,0,1,0,0,0,0,1,0,0,0,1,1,0
39404745,G80,G80,5,1880,133018,3342,5,7,3,1,1,1,1,1,1,1,1,1,1,0,0,1,0,0,0,0,1,0,0,0,0,0,1,0,0,1,0,1
39405956,EQ900,EQ900,0,2100,120532,5038,5,10,19,0,1,1,1,1,1,1,1,1,1,0,0,1,0,0,0,0,1,0,0,0,0,0,0,1,0,1,0,1
39470974,G90,G90 (RS4),6,6250,105373,3470,5,4,2,0,1,1,1,1,1,1,1,1,1,0,0,1,0,0,0,0,1,0,0,0,0,0,0,1,0,1,0,1
39503909,GV80,GV80,9,3488,10700,2497,5,3,2,0,1,1,1,1,1,1,1,1,1,0,0,1,0,0,0,0,1,0,0,0,0,1,0,0,0,1,1,0
39524124,G80,G80,5,1850,161138,3342,5,8,2,0,1,1,1,1,1,1,1,1,1,0,0,1,0,0,0,0,1,0,0,0,0,0,0,0,1,1,0,1
39540381,GV80,GV80,9,5490,73462,3470,7,6,0,1,1,1,1,1,1,1,1,1,1,0,0,1,0,0,0,0,1,0,0,0,0,1,0,0,0,1,1,0
39595660,G80,G80 (RG3),5,3450,73748,2497,5,5,5,0,1,1,1,1,1,1,1,1,1,0,0,1,0,0,0,0,1,0,0,0,0,0,0,0,1,1,0,1
39641985,GV70,GV70,8,4561,560,2497,5,1,2,0,1,1,1,1,1,1,1,1,1,0,0,1,0,0,0,0,1,0,0,0,0,1,0,0,0,1,1,0
39649100,G80,G80 (RG3),5,3190,143503,2497,5,6,0,0,1,1,1,1,1,1,1,1,1,0,0,1,0,0,0,0,1,0,0,0,0,0,0,0,1,1,0,1
39721271,EQ900,EQ900,0,2199,163275,3778,4,9,13,0,1,1,1,1,1,1,1,1,1,0,0,1,0,0,0,0,1,0,0,0,0,0,1,0,0,1,0,1
39741930,G70,G70,4,1775,101526,1998,5,8,8,1,1,1,1,1,1,1,1,1,1,0,0,1,0,0,0,0,1,0,0,0,0,0,0,0,1,1,0,1
39750554,G80,G80 (RG3),5,2990,134061,2497,5,5,1,0,1,1,1,1,1,1,1,1,1,0,0,1,0,0,0,0,1,0,0,0,0,0,1,0,0,1,0,1
39751177,GV70,GV70,8,6120,6790,2497,5,2,0,0,1,1,1,1,1,1,1,1,1,0,0,1,0,0,0,0,1,0,0,0,0,1,0,0,0,1,1,0
39771042,G90,G90,6,4180,67402,3778,5,6,2,0,0,0,0,0,0,0,0,0,0,0,0,1,0,0,0,0,1,0,0,0,0,0,0,0,1,1,0,1
39775957,G80,G80 (RG3),5,6150,22469,2497,5,2,0,1,1,1,1,1,1,1,1,1,1,0,0,1,0,0,0,0,1,0,0,0,0,1,0,0,0,1,0,1
39791731,G90,G90 (RS4),6,6880,57972,3470,5,4,0,0,1,1,1,1,1,1,1,1,1,0,0,1,0,0,0,0,1,0,0,0,0,0,1,0,0,1,0,1
39813000,EQ900,EQ900,0,2050,124245,3778,5,8,9,0,1,1,1,1,1,1,1,1,1,0,0,1,0,0,0,0,1,0,0,0,0,0,1,0,0,1,0,1
39867698,G90,G90,6,4950,81967,5038,4,6,3,0,1,1,1,1,1,1,1,1,1,0,0,1,0,0,0,0,1,0,0,0,0,0,1,0,0,1,0,1
39874176,GV80,GV80,9,5315,1658,2497,7,1,2,0,1,1,1,1,1,1,1,0,1,0,0,1,0,0,0,0,1,0,0,0,0,1,0,0,0,1,1,0
39886100,G90,G90,6,4050,86136,3778,5,7,3,0,1,1,1,1,1,1,1,1,1,0,0,1,0,0,0,0,1,0,0,0,0,0,1,0,0,1,0,1
39889093,G80,G80 (RG3),5,3290,175809,2497,5,5,2,1,1,1,1,1,1,1,1,1,1,0,0,1,0,0,0,0,1,0,0,0,0,1,0,0,0,1,0,1
39893597,G80,G80,5,1909,115253,3342,5,7,3,0,1,1,1,1,1,1,1,1,1,0,0,1,0,0,0,0,1,0,0,0,0,0,1,0,0,1,0,1
39893722,G90,G90,6,3430,180176,3778,5,5,6,0,1,1,1,1,1,1,1,1,1,0,0,1,0,0,0,0,1,0,0,0,0,0,1,0,0,1,0,1
39911578,EQ900,EQ900,0,1890,155282,3778,5,10,2,0,1,1,1,1,1,1,1,1,1,0,0,1,0,0,0,0,1,0,0,0,0,0,0,1,0,1,0,1
39912178,G80,G80 (RG3),5,2999,114111,2497,5,6,0,1,1,1,1,1,1,1,1,1,1,0,0,1,0,0,0,0,1,0,0,0,0,0,0,1,0,1,0,1
39916659,G80,G80,5,1770,95174,3342,5,9,2,1,1,1,1,1,1,1,1,1,1,0,0,1,0,0,0,0,1,0,0,0,0,1,0,0,0,1,0,1
39919873,G80,G80 (RG3),5,4700,52468,2497,5,4,5,1,1,1,1,1,1,1,1,1,1,0,0,1,0,0,0,0,1,0,0,0,0,1,0,0,0,1,0,1
39923901,GV70,GV70,8,5360,10065,2497,5,3,1,0,1,1,1,1,1,1,1,1,1,0,0,1,0,0,0,0,1,0,0,0,0,1,0,0,0,1,1,0
39924719,G80,G80,5,2240,64484,3342,5,10,3,1,1,1,1,1,1,1,1,1,1,0,0,1,0,0,0,0,1,0,0,0,0,1,0,0,0,1,0,1
39928145,EQ900,EQ900,0,2290,113069,3778,5,9,8,0,1,1,1,1,1,1,1,1,1,0,0,1,0,0,0,0,1,0,0,0,0,0,1,0,0,1,0,1
39941226,GV70,GV70,8,4550,37975,2497,5,3,1,1,1,1,1,1,1,1,1,1,1,0,0,1,0,0,0,0,1,0,0,0,0,1,0,0,0,1,1,0
39972154,G80,G80 (RG3),5,2720,170944,2497,5,5,1,0,1,1,1,1,1,1,1,1,1,0,0,1,0,0,0,0,1,0,0,0,0,0,1,0,0,1,0,1
39979935,G80,G80 (RG3),5,3560,60367,2497,5,4,8,0,1,1,1,1,1,1,1,1,1,0,0,1,0,0,0,0,1,0,0,0,0,0,0,1,0,1,0,1
40017484,G70,G70,4,1750,125888,3342,5,9,7,1,1,1,1,1,1,1,1,1,1,0,0,1,0,0,0,0,1,0,0,0,0,0,0,0,1,1,0,1
40064755,G80,G80 (RG3),5,4350,28696,2497,5,3,0,0,1,1,1,1,1,1,1,1,1,0,0,1,0,0,0,0,1,0,0,0,0,1,0,0,0,1,0,1
40066626,G90,G90 (RS4),6,8390,68172,3470,4,4,0,0,1,1,1,1,1,1,1,1,1,0,0,1,0,0,0,0,1,0,0,0,0,0,1,0,0,1,0,1
40073540,GV80,GV80,9,6231,28945,3470,6,3,0,0,1,1,1,1,1,1,1,1,1,0,0,1,0,0,0,0,1,0,0,0,0,0,1,0,0,1,1,0
40087638,G80,G80 (RG3),5,3450,74884,2497,5,5,3,0,1,1,1,1,1,1,1,1,1,0,0,1,0,0,0,0,1,0,0,0,0,0,0,0,1,1,0,1
40159793,G80,G80 (RG3),5,3590,82572,2497,5,5,0,0,1,1,1,1,1,1,1,1,1,0,0,1,0,0,0,0,1,0,0,0,0,0,1,0,0,1,0,1
40164448,G80,일렉트리파이드 G80 (RG3),5,4439,75453,167,5,5,27,0,1,1,1,1,1,1,1,1,1,0,0,1,0,0,0,0,0,0,0,1,0,0,1,0,0,1,0,1
40214550,G80,G80,5,1790,92041,3778,5,8,0,0,1,0,1,1,1,0,1,0,1,0,0,1,0,0,0,0,1,0,0,0,0,0,1,0,0,1,0,1
40216665,EQ900,EQ900,0,2450,125712,3778,5,10,4,0,1,1,1,1,1,1,1,1,1,0,0,1,0,0,0,0,1,0,0,0,0,0,1,0,0,1,0,1
40218010,GV80,GV80,9,6390,16814,2497,7,3,1,1,1,1,1,1,1,1,1,1,1,0,0,1,0,0,0,0,1,0,0,0,0,1,0,0,0,1,1,0
40251279,GV70,GV70,8,4345,6500,2497,5,2,2,0,1,1,1,1,1,1,1,1,1,0,0,1,0,0,0,0,1,0,0,0,0,1,0,0,0,1,1,0
40254794,G80,G80 (RG3),5,3870,78213,2497,5,6,0,0,1,1,1,1,1,1,1,1,1,0,0,1,0,0,0,0,1,0,0,0,0,1,0,0,0,1,0,1
40257995,EQ900,EQ900,0,2100,162280,3342,5,10,1,0,1,1,1,1,1,1,1,1,1,0,0,1,0,0,0,0,1,0,0,0,0,0,1,0,0,1,0,1
40275995,G90,G90,6,3199,149992,5038,4,7,5,0,1,1,1,1,1,1,1,1,1,0,0,1,0,0,0,0,1,0,0,0,0,0,1,0,0,1,0,1
40308470,GV80,GV80,9,6790,19321,2497,6,4,0,1,1,1,1,1,1,1,1,1,1,0,0,1,0,0,0,0,1,0,0,0,0,1,0,0,0,1,1,0
40342080,G80,G80 (RG3),5,2850,137076,3470,5,6,0,0,1,1,1,1,1,1,1,1,1,0,0,1,0,0,0,0,1,0,0,0,0,0,1,0,0,1,0,1
40345194,G80,G80 (RG3),5,3550,80506,2497,5,6,0,0,1,1,1,1,1,1,1,1,1,0,0,1,0,0,0,0,1,0,0,0,0,1,0,0,0,1,0,1
40349599,G90,G90 (RS4),6,7812,28700,3470,5,2,2,0,1,1,1,1,1,1,1,1,1,0,0,1,0,0,0,0,1,0,0,0,0,0,1,0,0,1,0,1
40354066,EQ900,EQ900,0,2260,118351,3778,5,10,4,0,1,1,1,1,1,1,1,1,1,0,0,1,0,0,0,0,1,0,0,0,0,0,1,0,0,1,0,1
40354916,G80,G80 (RG3),5,4300,50959,2497,5,4,7,0,1,1,1,1,1,1,1,1,1,0,0,1,0,0,0,0,1,0,0,0,0,0,0,1,0,1,0,1
40359171,G80,G80 (RG3),5,3580,89986,2497,5,5,2,0,1,1,1,1,1,1,1,1,1,0,0,1,0,0,0,0,1,0,0,0,0,0,1,0,0,1,0,1
40361332,G70,G70,4,2030,95446,1998,5,9,3,0,1,1,1,1,1,1,1,1,1,0,0,1,0,0,0,0,1,0,0,0,0,0,0,1,0,1,0,1
40398948,GV80,GV80,9,6190,35864,2497,7,4,1,0,1,1,1,1,1,1,1,1,1,0,0,1,0,0,0,0,1,0,0,0,0,1,0,0,0,1,1,0
40401680,G90,G90 (RS4),6,9990,8231,3470,4,4,0,1,1,1,1,1,1,1,1,1,1,0,0,1,0,0,0,0,1,0,0,0,0,0,1,0,0,1,0,1
40409655,G90,G90,6,2680,116878,3778,5,7,2,0,1,1,1,1,1,1,1,1,1,0,0,1,0,0,0,0,1,0,0,0,0,0,1,0,0,1,0,1
40430340,G80,G80 (RG3),5,3750,85946,2497,5,6,0,1,1,1,1,1,1,1,1,1,1,0,0,1,0,0,0,0,1,0,0,0,0,0,0,0,1,1,0,1
40440485,G80,G80 (RG3),5,3480,91223,2497,5,5,2,0,1,1,1,1,1,1,1,1,1,0,0,1,0,0,0,0,1,0,0,0,0,0,1,0,0,1,0,1
40443924,G80,G80 (RG3),5,6550,18011,2497,5,2,0,0,1,1,1,1,1,1,1,1,1,0,0,1,0,0,0,0,1,0,0,0,0,0,1,0,0,1,0,1
40512673,GV80,GV80 쿠페,9,5871,3360,2497,5,2,2,1,1,1,1,1,1,1,1,1,1,0,0,1,0,0,0,0,1,0,0,0,0,0,0,1,0,1,1,0
40521858,G80,G80,5,1900,97095,3342,5,8,2,0,1,1,1,1,1,1,1,1,1,0,0,1,0,0,0,0,1,0,0,0,0,0,0,1,0,1,0,1
40532639,GV60,GV60,7,4849,20338,111,5,3,0,0,1,1,1,1,1,1,1,1,1,0,0,1,0,0,0,0,0,0,0,1,0,0,0,0,1,1,1,0
40543500,GV80,GV80,9,4780,62559,2996,5,6,0,0,1,1,1,1,1,1,1,1,1,0,0,1,0,0,0,0,0,0,1,0,0,1,0,0,0,1,1,0
40544689,G70,G70,4,2300,75496,1998,5,7,7,0,1,1,1,1,1,1,1,1,1,0,0,1,0,0,0,0,1,0,0,0,0,1,0,0,0,1,0,1
40551845,G80,G80 (RG3),5,3949,91470,2497,5,3,1,1,1,1,1,1,1,1,1,1,1,0,0,1,0,0,0,0,1,0,0,0,0,1,0,0,0,1,0,1
40553036,G80,G80 (RG3),5,4700,50255,2497,5,3,1,0,1,1,1,1,1,1,1,1,1,0,0,1,0,0,0,0,1,0,0,0,0,0,1,0,0,1,0,1
40564849,G80,G80 (RG3),5,5899,8844,2497,5,2,0,0,1,1,1,1,1,1,1,1,1,0,0,1,0,0,0,0,1,0,0,0,0,0,1,0,0,1,0,1
40571811,G90,G90 (RS4),6,7190,93323,3470,5,4,0,0,1,1,1,1,1,1,1,1,1,0,0,1,0,0,0,0,1,0,0,0,0,0,1,0,0,1,0,1
40596487,G90,G90 (RS4),6,7250,65032,3470,5,4,1,0,1,1,1,1,1,1,1,1,1,0,0,1,0,0,0,0,1,0,0,0,0,1,0,0,0,1,0,1
40621358,EQ900,EQ900,0,1769,169595,3778,5,9,9,0,1,1,1,1,1,1,1,1,1,0,0,1,0,0,0,0,1,0,0,0,0,0,1,0,0,1,0,1
40621948,G80,G80 (RG3),5,3330,94590,2497,5,5,10,0,1,1,1,1,1,1,1,1,1,0,0,1,0,0,0,0,1,0,0,0,0,0,1,0,0,1,0,1
40633532,G90,G90,6,3820,94385,3778,5,7,2,0,1,1,1,1,1,1,1,1,1,0,0,1,0,0,0,0,1,0,0,0,0,0,1,0,0,1,0,1
40634931,EQ900,EQ900,0,2490,139884,3778,5,8,2,0,1,1,1,1,1,1,1,1,1,0,0,1,0,0,0,0,1,0,0,0,0,0,1,0,0,1,0,1
40644317,EQ900,EQ900,0,2250,122306,3778,5,10,14,0,1,1,1,1,1,1,1,1,1,0,0,1,0,0,0,0,1,0,0,0,0,0,1,0,0,1,0,1
40646589,G90,G90 (RS4),6,7600,79641,3470,4,4,0,1,1,1,1,1,1,1,1,1,1,0,0,1,0,0,0,0,1,0,0,0,0,0,1,0,0,1,0,1
40654730,G90,G90 (RS4),6,7590,51700,3470,5,4,0,0,1,1,1,1,1,1,1,1,1,0,0,1,0,0,0,0,1,0,0,0,0,0,1,0,0,1,0,1
40660179,G80,G80,5,1930,95567,3342,5,7,4,0,1,1,1,1,1,1,1,1,1,0,0,1,0,0,0,0,1,0,0,0,0,0,1,0,0,1,0,1
40665359,G80,G80 (RG3),5,2990,99710,2497,5,5,0,0,1,1,1,1,1,1,1,1,1,0,0,1,0,0,0,0,1,0,0,0,0,0,1,0,0,1,0,1
40666969,G90,G90 (RS4),6,7790,51664,3470,4,3,2,0,1,1,1,1,1,1,1,1,1,0,0,1,0,0,0,0,1,0,0,0,0,0,0,0,1,1,0,1
40672442,G80,G80 (RG3),5,3370,86738,2497,5,5,2,0,0,0,0,0,0,0,0,0,0,0,0,1,0,0,0,0,1,0,0,0,0,0,1,0,0,1,0,1
40678519,G80,G80 (RG3),5,3250,90969,2497,5,5,7,1,1,1,1,1,1,1,1,1,1,0,0,1,0,0,0,0,1,0,0,0,0,0,0,1,0,1,0,1
40693798,GV70,GV70,8,6424,17915,2497,5,2,0,1,1,1,1,1,1,1,1,1,1,0,0,1,0,0,0,0,1,0,0,0,0,1,0,0,0,1,1,0
40697457,GV80,GV80,9,4599,87611,2497,5,5,0,1,1,1,1,1,1,1,1,1,1,0,0,1,0,0,0,0,1,0,0,0,0,0,1,0,0,1,1,0
40700905,G80,G80 (RG3),5,4500,31586,2497,5,5,2,0,1,1,1,1,1,1,1,1,1,0,0,1,0,0,0,0,1,0,0,0,0,0,0,0,1,1,0,1
40712450,G80,G80 (RG3),5,3650,116975,2497,5,5,0,1,1,1,1,1,1,1,1,1,1,0,0,1,0,0,0,0,1,0,0,0,0,1,0,0,0,1,0,1
40723462,G90,G90,6,3690,145743,3778,5,5,1,0,1,1,1,1,1,1,1,1,1,0,0,1,0,0,0,0,1,0,0,0,0,0,0,0,1,1,0,1
40725313,G80,G80 (RG3),5,3880,51785,2497,5,5,0,0,1,1,1,1,1,1,1,1,1,0,0,1,0,0,0,0,1,0,0,0,0,0,0,0,1,1,0,1
40735020,G80,G80 (RG3),5,5800,18490,2497,5,3,0,1,1,1,1,1,1,1,1,1,1,0,0,1,0,0,0,0,1,0,0,0,0,1,0,0,0,1,0,1
40744268,G70,더 뉴 G70,4,4290,12021,2497,5,3,1,1,1,1,1,1,1,1,1,1,1,0,0,1,0,0,0,0,1,0,0,0,0,1,0,0,0,1,0,1
40745490,GV80,GV80,9,4500,73227,2497,5,5,2,1,1,1,1,1,1,1,1,1,1,0,0,1,0,0,0,0,1,0,0,0,0,1,0,0,0,1,1,0
40751385,GV70,GV70,8,5650,817,2497,5,2,0,0,1,1,1,1,1,1,1,1,1,0,0,1,0,0,0,0,1,0,0,0,0,0,0,1,0,1,1,0
40755974,G80,G80 (RG3),5,3550,33661,2497,5,5,5,0,1,1,1,1,1,1,1,1,1,0,0,1,0,0,0,0,1,0,0,0,0,0,0,1,0,1,0,1
40762507,G80,G80 (RG3),5,2770,172526,2497,5,6,0,0,1,1,1,1,1,1,1,1,1,0,0,1,0,0,0,0,1,0,0,0,0,0,0,1,0,1,0,1
40768266,G80,G80 (RG3),5,9990,30907,2497,5,5,1,0,1,1,1,1,1,1,1,1,1,0,0,1,0,0,0,0,1,0,0,0,0,0,0,0,1,1,0,1
40768668,G90,G90,6,2799,177678,3778,5,6,1,0,1,1,1,1,1,1,1,1,1,0,0,1,0,0,0,0,1,0,0,0,0,0,1,0,0,1,0,1
40772701,G80,G80 (RG3),5,2600,120324,2497,5,6,2,0,0,0,0,0,0,0,0,0,0,0,0,1,0,0,0,0,1,0,0,0,0,0,0,1,0,1,0,1
40786227,G80,G80 (RG3),5,3450,95010,3470,5,6,0,1,1,1,1,1,1,1,1,1,1,0,0,1,0,0,0,0,1,0,0,0,0,0,1,0,0,1,0,1
40787257,G70,G70,4,1800,81807,1998,5,9,2,1,1,1,1,1,1,1,1,1,1,0,0,1,0,0,0,0,1,0,0,0,0,0,1,0,0,1,0,1
40787380,G80,G80 (RG3),5,3160,57037,3470,5,6,10,0,1,1,1,1,1,1,1,1,1,0,0,1,0,0,0,0,1,0,0,0,0,0,0,0,1,1,0,1
40790857,G80,G80 (RG3),5,4780,36250,2497,5,3,1,0,1,1,1,1,1,1,1,1,1,0,0,1,0,0,0,0,1,0,0,0,0,0,0,0,1,1,0,1
40791248,EQ900,EQ900,0,2400,108622,5038,4,10,0,0,1,1,1,1,1,1,1,1,1,0,0,1,0,0,0,0,1,0,0,0,0,0,1,0,0,1,0,1
40799082,G80,G80 (RG3),5,3080,156310,2497,5,6,1,1,1,1,1,1,1,1,1,1,1,0,0,1,0,0,0,0,1,0,0,0,0,0,1,0,0,1,0,1
40804327,GV60,GV60,7,4850,23831,111,5,3,0,0,1,1,1,1,1,1,1,1,1,0,0,1,0,0,0,0,0,0,0,1,0,0,1,0,0,1,1,0
40807556,GV70,GV70,8,4890,35794,2151,5,5,1,1,1,1,1,1,1,1,1,1,1,0,0,1,0,0,0,0,0,0,1,0,0,1,0,0,0,1,1,0
40809662,GV70,GV70,8,3999,51278,2497,5,3,0,0,1,1,1,1,1,1,1,1,1,0,0,1,0,0,0,0,1,0,0,0,0,0,0,1,0,1,1,0
40817792,GV80,GV80,9,4750,78216,2497,5,5,3,0,1,1,1,1,1,1,1,1,1,0,0,1,0,0,0,0,1,0,0,0,0,1,0,0,0,1,1,0
40831990,GV70,GV70,8,5350,32151,2497,5,3,0,1,1,1,1,1,1,1,1,1,1,0,0,1,0,0,0,0,1,0,0,0,0,1,0,0,0,1,1,0
40833728,GV70,GV70,8,3950,27055,2151,5,3,0,0,1,1,1,1,1,1,1,1,1,0,0,1,0,0,0,0,0,0,1,0,0,1,0,0,0,1,1,0
40834938,GV70,GV70,8,3199,94463,2497,5,5,0,1,1,1,1,1,1,1,1,1,1,0,0,1,0,0,0,0,1,0,0,0,0,0,0,0,1,1,1,0
40835078,G90,G90,6,3290,114343,3778,5,7,0,0,1,1,1,1,1,1,1,1,1,0,0,1,0,0,0,0,1,0,0,0,0,0,1,0,0,1,0,1
40842733,G80,G80 (RG3),5,2990,161552,2497,5,6,1,0,1,1,1,1,1,1,1,1,1,0,0,1,0,0,0,0,1,0,0,0,0,0,0,1,0,1,0,1
40850062,G80,G80 (RG3),5,3350,90246,3470,5,5,1,0,1,1,1,1,1,1,1,1,1,0,0,1,0,0,0,0,1,0,0,0,0,0,1,0,0,1,0,1
40853652,G80,G80,5,1750,104125,3342,5,7,4,0,1,1,1,1,1,1,1,1,1,0,0,1,0,0,0,0,1,0,0,0,0,0,1,0,0,1,0,1
40854431,G80,G80 (RG3),5,5590,3593,2497,5,2,0,0,1,1,1,1,1,1,1,1,1,0,0,1,0,0,0,0,1,0,0,0,0,0,0,0,1,1,0,1
40859310,GV70,GV70,8,2890,179148,2151,5,5,4,0,1,1,1,1,1,1,1,1,1,0,0,1,0,0,0,0,0,0,1,0,0,1,0,0,0,1,1,0
40865636,G90,G90,6,3770,74240,3778,5,7,0,1,1,1,1,1,1,1,1,1,1,0,0,1,0,0,0,0,1,0,0,0,0,0,0,1,0,1,0,1
40865708,G70,G70,4,2190,89030,1998,5,7,5,0,1,1,1,1,1,1,1,1,1,0,0,1,0,0,0,0,1,0,0,0,0,0,0,1,0,1,0,1
40867113,G90,G90,6,3720,80695,5038,5,8,3,1,1,1,1,1,1,1,1,1,1,0,0,1,0,0,0,0,1,0,0,0,0,0,1,0,0,1,0,1
40876175,GV80,GV80,9,2970,249124,2996,5,6,0,0,1,1,1,1,1,1,1,1,1,0,0,1,0,0,0,0,0,0,1,0,0,0,0,0,1,1,1,0
40877878,G90,G90,6,3750,79825,3778,5,5,8,0,1,1,1,1,1,1,1,1,1,0,0,1,0,0,0,0,1,0,0,0,0,0,1,0,0,1,0,1
40882434,G80,G80,5,1790,91280,3342,5,9,12,1,1,1,1,1,1,1,1,1,1,0,0,1,0,0,0,0,1,0,0,0,0,1,0,0,0,1,0,1
40888604,GV80,GV80,9,6050,4129,2497,5,1,0,0,1,1,1,1,1,1,1,1,1,0,0,1,0,0,0,0,1,0,0,0,0,1,0,0,0,1,1,0
40892008,GV80,GV80,9,5100,92167,2497,5,5,1,0,1,1,1,1,1,1,1,1,1,0,0,1,0,0,0,0,1,0,0,0,0,1,0,0,0,1,1,0
40892136,GV80,GV80,9,6350,22510,2497,5,1,0,0,1,1,1,1,1,1,1,1,1,0,0,1,0,0,0,0,1,0,0,0,0,1,0,0,0,1,1,0
40897788,G80,G80,5,2250,59658,3342,5,9,4,0,1,1,1,1,1,1,1,1,1,0,0,1,0,0,0,0,1,0,0,0,0,0,1,0,0,1,0,1
40900050,G80,G80 (RG3),5,3700,26090,2497,5,6,2,0,1,1,1,1,1,1,1,1,1,0,0,1,0,0,0,0,1,0,0,0,0,0,1,0,0,1,0,1
40903271,GV70,GV70,8,4950,21621,2497,5,3,0,1,1,1,1,1,1,1,1,1,1,0,0,1,0,0,0,0,1,0,0,0,0,1,0,0,0,1,1,0
40904991,G70,더 뉴 G70,4,4590,22456,2497,5,1,1,1,1,1,1,1,1,1,1,1,1,0,0,1,0,0,0,0,1,0,0,0,0,1,0,0,0,1,0,1
40915960,EQ900,EQ900,0,1790,151466,5038,5,10,2,0,1,1,1,1,1,1,1,1,1,0,0,1,0,0,0,0,1,0,0,0,0,0,1,0,0,1,0,1
40916261,G80,G80 (RG3),5,4250,59313,3470,5,5,2,1,1,1,1,1,1,1,1,1,1,0,0,1,0,0,0,0,1,0,0,0,0,0,0,1,0,1,0,1
40920281,EQ900,EQ900,0,1870,197770,3778,5,8,5,0,1,1,1,1,1,1,1,1,1,0,0,1,0,0,0,0,1,0,0,0,0,0,1,0,0,1,0,1
40935624,GV80,GV80,9,4700,70726,2497,5,5,0,0,1,1,1,1,1,1,1,1,1,0,0,1,0,0,0,0,1,0,0,0,0,0,1,0,0,1,1,0
40938117,GV80,GV80,9,4190,121996,2996,5,6,0,1,1,1,1,1,1,1,1,1,1,0,0,1,0,0,0,0,0,0,1,0,0,0,1,0,0,1,1,0
40938715,G90,G90,6,2745,132942,3342,5,7,6,0,1,1,1,1,1,1,1,1,1,0,0,1,0,0,0,0,1,0,0,0,0,0,1,0,0,1,0,1
40939330,G80,G80 (RG3),5,2990,152304,2497,5,6,2,0,1,1,1,1,1,1,1,1,1,0,0,1,0,0,0,0,1,0,0,0,0,1,0,0,0,1,0,1
40940986,GV80,GV80,9,7150,55398,2996,7,3,0,1,1,1,1,1,1,1,1,1,1,0,0,1,0,0,0,0,0,0,1,0,0,1,0,0,0,1,1,0
40941013,G80,G80,5,2150,110831,3342,5,9,6,1,1,1,1,1,1,1,1,1,1,0,0,1,0,0,0,0,1,0,0,0,0,0,0,0,1,1,0,1
40945944,GV80,GV80,9,6180,40138,2497,7,3,0,1,1,1,1,1,1,1,1,1,1,0,0,1,0,0,0,0,1,0,0,0,0,1,0,0,0,1,1,0
40949269,G80,G80,5,1899,97312,3342,5,9,5,0,1,1,1,1,1,1,1,1,1,0,0,1,0,0,0,0,1,0,0,0,0,0,1,0,0,1,0,1
40951067,GV80,GV80,9,5750,69866,3470,5,4,1,1,1,1,1,1,1,1,1,1,1,0,0,1,0,0,0,0,1,0,0,0,0,1,0,0,0,1,1,0
40952735,GV70,GV70,8,4320,50112,2497,5,4,1,0,1,1,1,1,1,1,1,1,1,0,0,1,0,0,0,0,1,0,0,0,0,1,0,0,0,1,1,0
40956110,GV60,GV60,7,4320,81449,111,5,3,0,1,1,1,1,1,1,1,1,1,1,0,0,1,0,0,0,0,0,0,0,1,0,1,0,0,0,1,1,0
40956683,G80,G80 (RG3),5,5990,6176,2497,5,1,2,0,1,1,1,1,1,1,1,1,1,0,0,1,0,0,0,0,1,0,0,0,0,1,0,0,0,1,0,1
40962101,GV80,GV80,9,5900,68318,2996,5,5,0,1,1,1,1,1,1,1,1,1,1,0,0,1,0,0,0,0,0,0,1,0,0,1,0,0,0,1,1,0
40962164,GV80,GV80,9,7400,59111,2996,5,4,2,1,1,1,1,1,1,1,1,1,1,0,0,1,0,0,0,0,0,0,1,0,0,1,0,0,0,1,1,0
40963710,G80,G80 (RG3),5,4750,38782,2497,5,3,0,0,1,1,1,1,1,1,1,1,1,0,0,1,0,0,0,0,1,0,0,0,0,0,0,0,1,1,0,1
40972496,G80,G80,5,2000,113623,3342,5,6,7,1,1,1,1,1,1,1,1,1,1,0,0,1,0,0,0,0,1,0,0,0,0,0,0,1,0,1,0,1
40972687,GV80,GV80,9,4990,91808,2497,6,4,2,1,1,1,1,1,1,1,1,1,1,0,0,1,0,0,0,0,1,0,0,0,0,0,0,1,0,1,1,0
40973363,GV80,GV80,9,4850,81326,2497,5,4,0,1,1,1,1,1,1,1,1,1,1,0,0,1,0,0,0,0,1,0,0,0,0,0,1,0,0,1,1,0
40975841,G80,G80,5,2170,84070,3342,5,8,5,1,1,1,1,1,1,1,1,1,1,0,0,1,0,0,0,0,1,0,0,0,0,0,1,0,0,1,0,1
40976957,GV80,GV80,9,5950,76228,2996,6,5,0,1,1,1,1,1,1,1,1,1,1,0,0,1,0,0,0,0,0,0,1,0,0,1,0,0,0,1,1,0
40977398,G80,G80,5,1890,129566,3342,5,9,3,0,1,1,1,1,1,1,1,1,1,0,0,1,0,0,0,0,1,0,0,0,0,0,0,0,1,1,0,1
40977486,G80,G80 (RG3),5,3690,91517,3470,5,4,5,1,1,1,1,1,1,1,1,1,1,0,0,1,0,0,0,0,1,0,0,0,0,0,1,0,0,1,0,1
40978681,GV70,GV70,8,3790,33590,2497,5,4,1,0,1,1,1,1,1,1,1,1,1,0,0,1,0,0,0,0,1,0,0,0,0,0,0,0,1,1,1,0
40980481,G90,G90 (RS4),6,7700,43545,3470,5,4,7,0,1,1,1,1,1,1,1,1,1,0,0,1,0,0,0,0,1,0,0,0,0,0,1,0,0,1,0,1
40981092,GV70,GV70,8,4225,49678,2151,5,5,1,0,1,1,1,1,1,1,1,1,1,0,0,1,0,0,0,0,0,0,1,0,0,1,0,0,0,1,1,0
40981837,G70,G70,4,2190,106196,1998,5,8,4,1,1,1,1,1,1,1,1,1,1,0,0,1,0,0,0,0,1,0,0,0,0,1,0,0,0,1,0,1
40982897,GV70,GV70,8,4930,9769,2497,5,2,0,0,1,1,1,1,1,1,1,1,1,0,0,1,0,0,0,0,1,0,0,0,0,1,0,0,0,1,1,0
40983016,GV70,GV70,8,4400,54769,2497,5,5,0,1,1,1,1,1,1,1,1,1,1,0,0,1,0,0,0,0,1,0,0,0,0,1,0,0,0,1,1,0
40983478,G80,G80,5,1970,89771,3342,5,9,5,0,1,1,1,1,1,1,1,1,1,0,0,1,0,0,0,0,1,0,0,0,0,0,0,0,1,1,0,1
40984692,GV80,GV80,9,4280,56854,2497,5,5,5,1,1,1,1,1,1,1,1,1,1,0,0,1,0,0,0,0,1,0,0,0,0,0,1,0,0,1,1,0
40986115,G70,G70,4,2150,64744,1998,5,7,8,0,1,1,1,1,1,1,1,1,1,0,0,1,0,0,0,0,1,0,0,0,0,0,0,1,0,1,0,1
40986258,G80,G80 (RG3),5,3330,85006,2497,5,6,1,0,1,1,1,1,1,1,1,1,1,0,0,1,0,0,0,0,1,0,0,0,0,1,0,0,0,1,0,1
40988585,GV70,GV70,8,4285,38785,2151,5,3,0,0,1,1,1,1,1,1,1,1,1,0,0,1,0,0,0,0,0,0,1,0,0,1,0,0,0,1,1,0
40988756,GV70,GV70,8,3469,73196,2151,5,5,0,0,1,1,1,1,1,1,1,1,1,0,0,1,0,0,0,0,0,0,1,0,0,0,0,1,0,1,1,0
40992625,G80,G80,5,2190,48369,3342,5,7,0,0,1,1,1,1,1,1,1,1,1,0,0,1,0,0,0,0,1,0,0,0,0,0,0,1,0,1,0,1
40996741,G80,G80 (RG3),5,7530,1876,2497,5,1,0,1,1,1,1,1,1,1,1,1,1,0,0,1,0,0,0,0,1,0,0,0,0,1,0,0,0,1,0,1
41003488,GV70,GV70,8,3980,38393,2497,5,3,8,1,1,1,1,1,1,1,1,1,1,0,0,1,0,0,0,0,1,0,0,0,0,1,0,0,0,1,1,0
41005303,G80,G80 (RG3),5,9999,11031,2497,5,3,0,0,1,1,1,1,1,1,1,1,1,0,0,1,0,0,0,0,1,0,0,0,0,0,1,0,0,1,0,1
41006516,GV70,GV70,8,4950,44940,2497,5,3,0,1,1,1,1,1,1,1,1,1,1,0,0,1,0,0,0,0,1,0,0,0,0,0,0,0,1,1,1,0
41007522,GV70,GV70,8,4329,7311,2497,5,3,3,0,1,1,1,1,1,1,1,1,1,0,0,1,0,0,0,0,1,0,0,0,0,0,0,0,1,1,1,0
41009930,GV70,GV70,8,5290,28047,2497,5,2,0,0,1,1,1,1,1,1,1,1,1,0,0,1,0,0,0,0,1,0,0,0,0,1,0,0,0,1,1,0
41012248,EQ900,EQ900,0,2000,191251,3778,5,9,9,1,1,1,1,1,1,1,1,1,1,0,0,1,0,0,0,0,1,0,0,0,0,0,1,0,0,1,0,1
41015015,GV70,GV70,8,4750,59380,2497,5,5,2,1,1,1,1,1,1,1,1,1,1,0,0,1,0,0,0,0,1,0,0,0,0,0,0,0,1,1,1,0
41015304,G80,G80,5,1980,73951,3342,5,7,8,0,1,1,1,1,1,1,1,1,1,0,0,1,0,0,0,0,1,0,0,0,0,0,1,0,0,1,0,1
41016128,G80,G80,5,2080,111532,3778,5,8,2,0,1,1,1,1,1,1,1,1,1,0,0,1,0,0,0,0,1,0,0,0,0,0,0,1,0,1,0,1
41018062,G90,G90,6,3200,100661,3778,5,7,0,0,1,1,1,1,1,1,1,1,1,0,0,1,0,0,0,0,1,0,0,0,0,0,1,0,0,1,0,1
41020021,레이,더 뉴 G70 슈팅브레이크,34,3649,54390,1998,5,4,0,1,1,1,1,1,1,1,1,1,1,0,0,1,0,0,0,0,1,0,0,0,0,1,0,0,0,1,0,1
41021046,GV80,GV80,9,6490,35852,3470,6,2,7,1,1,1,1,1,1,1,1,1,1,0,0,1,0,0,0,0,1,0,0,0,0,1,0,0,0,1,1,0
41023367,G90,G90 (RS4),6,7490,52815,3470,5,3,0,1,1,1,1,1,1,1,1,1,1,0,0,1,0,0,0,0,1,0,0,0,0,0,1,0,0,1,0,1
41026163,G80,G80 (RG3),5,4100,67776,2497,5,5,2,0,1,1,1,1,1,1,1,1,1,0,0,1,0,0,0,0,1,0,0,0,0,0,0,0,1,1,0,1
41027576,GV80,GV80,9,4950,109533,2996,5,4,0,1,1,1,1,1,1,1,1,1,1,0,0,1,0,0,0,0,0,0,1,0,0,0,0,1,0,1,1,0
41036708,GV80,GV80,9,5899,104622,2996,6,4,1,1,1,1,1,1,1,1,1,1,1,0,0,1,0,0,0,0,0,0,1,0,0,1,0,0,0,1,1,0
41037831,G80,G80 (RG3),5,4150,69145,2151,5,6,1,0,1,1,1,1,1,1,1,1,1,0,0,1,0,0,0,0,0,0,1,0,0,0,1,0,0,1,0,1
41039809,G80,G80 (RG3),5,3480,92729,3470,5,4,0,0,1,1,1,1,1,1,1,1,1,0,0,1,0,0,0,0,1,0,0,0,0,0,0,1,0,1,0,1
41040334,G90,G90,6,3230,147345,3778,4,7,7,1,1,1,1,1,1,1,1,1,1,0,0,1,0,0,0,0,1,0,0,0,0,0,1,0,0,1,0,1
41046923,G80,G80 (RG3),5,4550,28930,2497,5,5,1,0,1,1,1,1,1,1,1,1,1,0,0,1,0,0,0,0,1,0,0,0,0,1,0,0,0,1,0,1
41049246,G80,G80,5,1850,134683,3342,5,9,0,0,1,1,1,1,1,1,1,1,1,0,0,1,0,0,0,0,1,0,0,0,0,0,0,1,0,1,0,1
41050570,GV70,GV70,8,4690,28107,2497,5,4,0,1,1,1,1,1,1,1,1,1,1,0,0,1,0,0,0,0,1,0,0,0,0,1,0,0,0,1,1,0
41050623,G90,G90 (RS4),6,7280,45405,3470,5,3,1,0,1,1,1,1,1,1,1,1,1,0,0,1,0,0,0,0,1,0,0,0,0,0,0,1,0,1,0,1
41054395,G80,G80 (RG3),5,5499,31043,3470,5,3,0,1,1,1,1,1,1,1,1,1,1,0,0,1,0,0,0,0,1,0,0,0,0,1,0,0,0,1,0,1
41054459,G80,G80 (RG3),5,3590,143644,3470,5,6,5,1,1,1,1,1,1,1,1,1,1,0,0,1,0,0,0,0,1,0,0,0,0,1,0,0,0,1,0,1
41060371,G90,G90,6,3099,154823,3778,5,6,0,0,1,1,1,1,1,1,1,1,1,0,0,1,0,0,0,0,1,0,0,0,0,0,0,1,0,1,0,1
41064018,GV80,GV80,9,3650,159259,2996,5,6,3,1,1,1,1,1,1,1,1,1,1,0,0,1,0,0,0,0,0,0,1,0,0,1,0,0,0,1,1,0
41065267,GV80,GV80,9,6940,27413,2497,5,2,0,0,1,1,1,1,1,1,1,1,1,0,0,1,0,0,0,0,1,0,0,0,0,1,0,0,0,1,1,0
41065297,G80,G80 (RG3),5,3290,98602,2497,5,5,0,1,1,1,1,1,1,1,1,1,1,0,0,1,0,0,0,0,1,0,0,0,0,1,0,0,0,1,0,1
41065530,G80,G80,5,2090,92398,3342,5,10,6,0,1,1,1,1,1,1,1,1,1,0,0,1,0,0,0,0,1,0,0,0,0,0,0,0,1,1,0,1
41066497,GV60,GV60,7,5490,19872,111,5,3,1,0,1,1,1,1,1,1,1,1,1,0,0,1,0,0,0,0,0,0,0,1,0,1,0,0,0,1,1,0
41073571,G80,G80 (RG3),5,3390,111584,2497,5,6,0,0,1,1,1,1,1,1,1,1,1,0,0,1,0,0,0,0,1,0,0,0,0,0,1,0,0,1,0,1
41079067,EQ900,EQ900,0,1790,232920,3778,4,10,1,0,1,1,1,1,1,1,1,1,1,0,0,1,0,0,0,0,1,0,0,0,0,0,1,0,0,1,0,1
41080424,G90,G90 (RS4),6,9090,38697,3470,5,2,0,1,1,1,1,1,1,1,1,1,1,0,0,1,0,0,0,0,1,0,0,0,0,0,1,0,0,1,0,1
41080860,GV70,GV70,8,4820,20165,2497,5,3,0,1,1,1,1,1,1,1,1,1,1,0,0,1,0,0,0,0,1,0,0,0,0,1,0,0,0,1,1,0
41082314,G90,G90 (RS4),6,6290,37607,3470,5,3,2,0,1,1,1,1,1,1,1,1,1,0,0,1,0,0,0,0,1,0,0,0,0,0,1,0,0,1,0,1
41083787,GV70,GV70,8,8888,47801,2497,5,5,0,0,1,1,1,1,1,1,1,1,1,0,0,1,0,0,0,0,1,0,0,0,0,1,0,0,0,1,1,0
41083793,G90,G90,6,8888,102287,3778,5,5,0,0,1,1,1,1,1,1,1,1,1,0,0,1,0,0,0,0,1,0,0,0,0,0,1,0,0,1,0,1
41083910,GV80,GV80,9,5050,39232,2497,5,6,0,1,1,1,1,1,1,1,1,1,1,0,0,1,0,0,0,0,1,0,0,0,0,1,0,0,0,1,1,0
41084426,GV80,GV80,9,6120,49528,2996,5,4,0,1,1,1,1,1,1,1,1,1,1,0,0,1,0,0,0,0,0,0,1,0,0,0,1,0,0,1,1,0
41085510,G80,G80 (RG3),5,2750,167311,2199,5,6,2,0,1,1,1,1,1,1,1,1,1,0,0,1,0,0,0,0,0,0,1,0,0,0,0,1,0,1,0,1
41085706,GV80,GV80,9,6790,58961,3470,5,2,0,1,1,1,1,1,1,1,1,1,1,0,0,1,0,0,0,0,1,0,0,0,0,1,0,0,0,1,1,0
41086184,EQ900,EQ900,0,1800,165366,3778,5,10,3,0,1,1,1,1,1,1,1,1,1,0,0,1,0,0,0,0,1,0,0,0,0,0,0,1,0,1,0,1
41088440,GV80,GV80,9,4720,89994,2497,5,5,2,1,1,1,1,1,1,1,1,1,1,0,0,1,0,0,0,0,1,0,0,0,0,0,1,0,0,1,1,0
41089992,G90,G90,6,3800,111617,5038,4,7,2,0,1,1,1,1,1,1,1,1,1,0,0,1,0,0,0,0,1,0,0,0,0,0,0,1,0,1,0,1
41090873,GV70,GV70,8,3890,41196,2497,5,5,5,1,1,1,1,1,1,1,1,1,1,0,0,1,0,0,0,0,1,0,0,0,0,0,0,1,0,1,1,0
41093976,GV80,GV80,9,7180,34918,2497,5,2,1,1,1,1,1,1,1,1,1,1,1,0,0,1,0,0,0,0,1,0,0,0,0,0,1,0,0,1,1,0
41095936,G90,G90,6,4750,51601,3342,5,5,2,1,1,1,1,1,1,1,1,1,1,0,0,1,0,0,0,0,1,0,0,0,0,0,1,0,0,1,0,1
41096796,GV70,GV70,8,5450,31569,2497,5,4,0,1,1,1,1,1,1,1,1,1,1,0,0,1,0,0,0,0,1,0,0,0,0,0,0,0,1,1,1,0
41097878,GV70,GV70,8,4990,11092,2497,5,3,0,0,1,1,1,1,1,1,1,1,1,0,0,1,0,0,0,0,1,0,0,0,0,0,1,0,0,1,1,0
41097879,G90,G90,6,3900,76967,3778,5,7,1,1,1,1,1,1,1,1,1,1,1,0,0,1,0,0,0,0,1,0,0,0,0,0,0,1,0,1,0,1
41101860,GV70,GV70,8,4020,49706,2497,5,5,3,0,1,1,1,1,1,1,1,1,1,0,0,1,0,0,0,0,1,0,0,0,0,1,0,0,0,1,1,0
41101951,G80,G80,5,2400,80254,3342,5,8,4,0,1,1,1,1,1,1,1,1,1,0,0,1,0,0,0,0,1,0,0,0,0,0,0,1,0,1,0,1
41104241,G90,G90 (RS4),6,7890,69839,3470,5,4,2,1,1,1,1,1,1,1,1,1,1,0,0,1,0,0,0,0,1,0,0,0,0,0,1,0,0,1,0,1
41109267,GV60,GV60,7,5100,36145,111,5,5,1,1,1,1,1,1,1,1,1,1,1,0,0,1,0,0,0,0,0,0,0,1,0,1,0,0,0,1,1,0
41111784,GV70,GV70,8,3770,60378,2497,5,5,0,1,1,1,1,1,1,1,1,1,1,0,0,1,0,0,0,0,1,0,0,0,0,0,0,0,1,1,1,0
41112097,G70,G70,4,2450,31905,1998,5,7,1,0,1,1,1,1,1,1,1,1,1,0,0,1,0,0,0,0,1,0,0,0,0,0,0,0,1,1,0,1
41114021,G70,G70,4,2480,71677,1998,5,9,3,1,1,1,1,1,1,1,1,1,1,0,0,1,0,0,0,0,1,0,0,0,0,1,0,0,0,1,0,1
41114278,GV70,GV70,8,5080,17571,2497,5,3,0,1,1,1,1,1,1,1,1,1,1,0,0,1,0,0,0,0,1,0,0,0,0,0,1,0,0,1,1,0
41119886,G70,더 뉴 G70,4,3850,44646,1998,5,3,0,0,1,1,1,1,1,1,1,1,1,0,0,1,0,0,0,0,1,0,0,0,0,1,0,0,0,1,0,1
41120343,G70,더 뉴 G70,4,3550,13893,1998,5,5,2,0,1,1,1,1,1,1,1,1,1,0,0,1,0,0,0,0,1,0,0,0,0,1,0,0,0,1,0,1
41121476,GV80,GV80,9,6750,48368,2996,6,4,2,0,1,1,1,1,1,1,1,1,1,0,0,1,0,0,0,0,0,0,1,0,0,1,0,0,0,1,1,0
41124209,G80,G80,5,2290,83279,3342,5,10,2,1,1,1,1,1,1,1,1,1,1,0,0,1,0,0,0,0,1,0,0,0,0,0,0,1,0,1,0,1
41124395,G80,G80 (RG3),5,5080,53094,2497,5,4,2,1,1,1,1,1,1,1,1,1,1,0,0,1,0,0,0,0,1,0,0,0,0,1,0,0,0,1,0,1
41124866,G80,G80 (RG3),5,2999,103306,2497,5,5,11,0,1,1,1,1,1,1,1,1,1,0,0,1,0,0,0,0,1,0,0,0,0,0,0,0,1,1,0,1
41125000,GV70,GV70,8,3860,62153,2151,5,5,1,1,1,1,1,1,1,1,1,1,1,0,0,1,0,0,0,0,0,0,1,0,0,0,0,1,0,1,1,0
41125321,GV70,GV70,8,4990,12379,2497,5,3,0,1,1,1,1,1,1,1,1,1,1,0,0,1,0,0,0,0,1,0,0,0,0,1,0,0,0,1,1,0
41126383,G80,G80,5,2350,50463,3342,5,6,5,0,1,1,1,1,1,1,1,1,1,0,0,1,0,0,0,0,1,0,0,0,0,1,0,0,0,1,0,1
41127594,G80,G80 (RG3),5,5890,17255,3470,5,2,8,0,1,1,1,1,1,1,1,1,1,0,0,1,0,0,0,0,1,0,0,0,0,0,1,0,0,1,0,1
41128153,G80,G80,5,2590,76017,3342,5,8,10,1,1,1,1,1,1,1,1,1,1,0,0,1,0,0,0,0,1,0,0,0,0,0,1,0,0,1,0,1
41128918,GV80,GV80,9,3899,155439,2996,5,6,6,1,1,1,1,1,1,1,1,1,1,0,0,1,0,0,0,0,0,0,1,0,0,1,0,0,0,1,1,0
41129469,GV80,GV80,9,4799,51923,2996,7,6,15,0,1,1,1,1,1,1,1,1,1,0,0,1,0,0,0,0,0,0,1,0,0,1,0,0,0,1,1,0
41129482,G80,G80 (RG3),5,3290,138349,2497,5,4,0,1,1,1,1,1,1,1,1,1,1,0,0,1,0,0,0,0,1,0,0,0,0,0,0,0,1,1,0,1
41129655,G80,G80 (RG3),5,4280,69143,2497,5,3,0,0,1,1,1,1,1,1,1,1,1,0,0,1,0,0,0,0,1,0,0,0,0,0,1,0,0,1,0,1
41133583,G80,G80 (RG3),5,3130,123561,2497,5,6,1,1,1,1,1,1,1,1,1,1,1,0,0,1,0,0,0,0,1,0,0,0,0,1,0,0,0,1,0,1
41134179,GV80,GV80,9,6330,53248,2996,6,4,3,1,1,1,1,1,1,1,1,1,1,0,0,1,0,0,0,0,0,0,1,0,0,1,0,0,0,1,1,0
41136985,G90,G90,6,3280,141738,3778,5,6,3,1,1,1,1,1,1,1,1,1,1,0,0,1,0,0,0,0,1,0,0,0,0,0,1,0,0,1,0,1
41137782,G90,G90 (RS4),6,8680,31211,3470,5,3,2,1,1,1,1,1,1,1,1,1,1,0,0,1,0,0,0,0,1,0,0,0,0,0,0,0,1,1,0,1
41138641,GV80,GV80,9,6050,24103,2497,5,4,0,1,1,1,1,1,1,1,1,1,1,0,0,1,0,0,0,0,1,0,0,0,0,0,1,0,0,1,1,0
41139306,G80,G80 (RG3),5,3490,75070,2497,5,6,2,0,1,1,1,1,1,1,1,1,1,0,0,1,0,0,0,0,1,0,0,0,0,0,0,1,0,1,0,1
41139323,G70,G70,4,2900,67808,3342,5,7,1,1,1,1,1,1,1,1,1,1,1,0,0,1,0,0,0,0,1,0,0,0,0,1,0,0,0,1,0,1
41140701,G80,G80 (RG3),5,5090,14103,2497,5,2,2,0,0,0,0,0,0,0,0,0,0,0,0,1,0,0,0,0,1,0,0,0,0,0,1,0,0,1,0,1
41140702,EQ900,EQ900,0,2320,81295,3778,5,9,6,0,1,1,1,1,1,1,1,1,1,0,0,1,0,0,0,0,1,0,0,0,0,0,0,1,0,1,0,1
41141844,GV70,GV70,8,3930,39609,2497,5,4,4,1,1,1,1,1,1,1,1,1,1,0,0,1,0,0,0,0,1,0,0,0,0,1,0,0,0,1,1,0
41142819,GV80,GV80,9,6280,15336,2497,5,2,2,1,1,1,1,1,1,1,1,1,1,0,0,1,0,0,0,0,1,0,0,0,0,1,0,0,0,1,1,0
41145449,G80,G80 (RG3),5,3440,99385,2151,5,6,7,0,1,1,1,1,1,1,1,1,1,0,0,1,0,0,0,0,0,0,1,0,0,0,1,0,0,1,0,1
41145639,G80,G80 (RG3),5,2970,116893,2497,5,6,1,0,1,1,1,1,1,1,1,1,1,0,0,1,0,0,0,0,1,0,0,0,0,0,1,0,0,1,0,1
41149328,G80,G80,5,2280,32609,3342,5,7,1,0,1,1,1,1,1,1,1,1,1,0,0,1,0,0,0,0,1,0,0,0,0,0,1,0,0,1,0,1
41150149,G90,G90,6,3990,64147,3342,5,7,0,1,1,1,1,1,1,1,1,1,1,0,0,1,0,0,0,0,1,0,0,0,0,0,1,0,0,1,0,1
41150276,EQ900,EQ900,0,2450,109000,3778,5,8,6,0,1,1,1,1,1,1,1,1,1,0,0,1,0,0,0,0,1,0,0,0,0,0,1,0,0,1,0,1
41153068,EQ900,EQ900,0,1950,175587,5038,5,10,13,1,1,1,1,1,1,1,1,1,1,0,0,1,0,0,0,0,1,0,0,0,0,0,1,0,0,1,0,1
41155040,GV70,GV70,8,4350,27870,2497,5,4,2,0,0,0,0,0,0,0,0,0,0,0,0,1,0,0,0,0,1,0,0,0,0,1,0,0,0,1,1,0
41157451,GV80,GV80,9,4850,58725,2996,7,6,1,0,1,1,1,1,1,1,1,1,1,0,0,1,0,0,0,0,0,0,1,0,0,0,0,1,0,1,1,0
41157736,G70,더 뉴 G70,4,2795,75143,1998,5,5,3,0,1,1,1,1,1,1,1,1,1,0,0,1,0,0,0,0,1,0,0,0,0,0,0,0,1,1,0,1
41158924,G90,G90,6,3900,121227,3778,5,6,0,0,1,1,1,1,1,1,1,1,1,0,0,1,0,0,0,0,1,0,0,0,0,0,0,1,0,1,0,1
41160207,GV80,GV80,9,4300,80273,2497,5,5,3,0,1,1,1,1,1,1,1,1,1,0,0,1,0,0,0,0,1,0,0,0,0,0,1,0,0,1,1,0
41161148,G80,G80 (RG3),5,3990,90000,2497,5,4,0,1,1,1,1,1,1,1,1,1,1,0,0,1,0,0,0,0,1,0,0,0,0,1,0,0,0,1,0,1
41164540,GV70,GV70,8,4450,52873,2497,5,4,0,1,1,1,1,1,1,1,1,1,1,0,0,1,0,0,0,0,1,0,0,0,0,1,0,0,0,1,1,0
41166649,G80,G80 (RG3),5,4330,90187,3470,5,4,3,1,1,1,1,1,1,1,1,1,1,0,0,1,0,0,0,0,1,0,0,0,0,1,0,0,0,1,0,1
41169386,G80,G80,5,1950,80746,3342,5,8,4,1,1,1,1,1,1,1,1,1,1,0,0,1,0,0,0,0,1,0,0,0,0,1,0,0,0,1,0,1
41174408,G80,G80,5,2280,70376,3778,5,9,1,0,1,1,1,1,1,1,1,1,1,0,0,1,0,0,0,0,1,0,0,0,0,0,1,0,0,1,0,1
41174836,G90,G90 (RS4),6,7800,50023,3470,5,3,3,0,1,1,1,1,1,1,1,1,1,0,0,1,0,0,0,0,1,0,0,0,0,0,1,0,0,1,0,1
41175515,G90,G90,6,1880,250843,3778,5,7,0,0,1,1,1,1,1,1,1,1,1,0,0,1,0,0,0,0,1,0,0,0,0,0,1,0,0,1,0,1
41181209,GV70,GV70,8,8888,64184,2497,5,4,1,0,1,1,1,1,1,1,1,1,1,0,0,1,0,0,0,0,1,0,0,0,0,1,0,0,0,1,1,0
41181682,GV70,GV70,8,8888,72574,2497,5,4,5,1,1,1,1,1,1,1,1,1,1,0,0,1,0,0,0,0,1,0,0,0,0,0,0,1,0,1,1,0
41181687,GV70,GV70,8,4290,74591,2497,5,5,0,0,1,1,1,1,1,1,1,1,1,0,0,1,0,0,0,0,1,0,0,0,0,1,0,0,0,1,1,0
41183402,G80,G80 (RG3),5,3290,103026,2497,5,6,2,0,1,1,1,1,1,1,1,1,1,0,0,1,0,0,0,0,1,0,0,0,0,0,0,0,1,1,0,1
41183532,GV80,GV80,9,7699,14247,3470,5,2,1,1,1,1,1,1,1,1,1,1,1,0,0,1,0,0,0,0,1,0,0,0,0,1,0,0,0,1,1,0
41186388,G80,G80,5,1890,124283,3342,5,9,4,0,1,1,1,1,1,1,1,1,1,0,0,1,0,0,0,0,1,0,0,0,0,0,1,0,0,1,0,1
41186491,GV80,GV80,9,4250,133961,2996,5,6,3,0,1,1,1,1,1,1,1,1,1,0,0,1,0,0,0,0,0,0,1,0,0,1,0,0,0,1,1,0
41187955,GV70,GV70,8,5130,6937,2497,5,4,0,1,1,1,1,1,1,1,1,1,1,0,0,1,0,0,0,0,1,0,0,0,0,1,0,0,0,1,1,0
41188284,G80,G80 (RG3),5,2699,235462,2497,5,6,7,1,1,1,1,1,1,1,1,1,1,0,0,1,0,0,0,0,1,0,0,0,0,0,0,0,1,1,0,1
41188673,GV80,GV80,9,6800,49147,3470,7,2,1,0,1,1,1,1,1,1,1,1,1,0,0,1,0,0,0,0,1,0,0,0,0,1,0,0,0,1,1,0
41189168,GV70,GV70,8,4890,24971,2497,5,2,0,0,1,1,1,1,1,1,1,1,1,0,0,1,0,0,0,0,1,0,0,0,0,1,0,0,0,1,1,0
41189296,GV80,GV80,9,4290,97110,2497,5,6,1,0,1,1,1,1,1,1,1,1,1,0,0,1,0,0,0,0,1,0,0,0,0,0,1,0,0,1,1,0
41189937,GV80,GV80,9,6950,15680,2497,7,3,1,0,1,1,1,1,1,1,1,1,1,0,0,1,0,0,0,0,1,0,0,0,0,1,0,0,0,1,1,0
41190912,GV80,GV80,9,3799,157699,2996,5,6,0,0,1,1,1,1,1,1,1,1,1,0,0,1,0,0,0,0,0,0,1,0,0,1,0,0,0,1,1,0
41191436,GV80,GV80,9,4030,114416,2497,7,4,26,1,1,1,1,1,1,1,1,1,1,0,0,1,0,0,0,0,1,0,0,0,0,1,0,0,0,1,1,0
41193249,G90,G90 (RS4),6,5465,127289,3470,5,4,3,0,1,1,1,1,1,1,1,1,1,0,0,1,0,0,0,0,1,0,0,0,0,0,1,0,0,1,0,1
41195386,GV70,GV70,8,5550,18015,2497,5,3,0,1,1,1,1,1,1,1,1,1,1,0,0,1,0,0,0,0,1,0,0,0,0,1,0,0,0,1,1,0
41196236,GV70,GV70,8,4400,67000,2151,5,5,0,1,1,1,1,1,1,1,1,1,1,0,0,1,0,0,0,0,0,0,1,0,0,0,1,0,0,1,1,0
41197674,G80,G80 (RG3),5,3290,96603,2497,5,6,3,0,1,1,1,1,1,1,1,1,1,0,0,1,0,0,0,0,1,0,0,0,0,1,0,0,0,1,0,1
41198664,G80,G80 (RG3),5,4099,37337,2497,5,6,3,1,1,1,1,1,1,1,1,1,1,0,0,1,0,0,0,0,1,0,0,0,0,1,0,0,0,1,0,1
41198677,GV80,GV80,9,7699,20754,2497,6,3,0,1,1,1,1,1,1,1,1,1,1,0,0,1,0,0,0,0,1,0,0,0,0,0,0,1,0,1,1,0
41199319,GV80,GV80,9,4890,85672,2497,5,6,2,1,1,1,1,1,1,1,1,1,1,0,0,1,0,0,0,0,1,0,0,0,0,1,0,0,0,1,1,0
41201652,GV80,GV80,9,5990,47200,2996,6,4,0,1,1,1,1,1,1,1,1,1,1,0,0,1,0,0,0,0,0,0,1,0,0,1,0,0,0,1,1,0
41204087,GV80,GV80,9,5790,91086,2996,5,5,0,1,1,1,1,1,1,1,1,1,1,0,0,1,0,0,0,0,0,0,1,0,0,1,0,0,0,1,1,0
41206490,GV80,GV80,9,7800,8535,2497,7,3,0,1,1,1,1,1,1,1,1,1,1,0,0,1,0,0,0,0,1,0,0,0,0,1,0,0,0,1,1,0
41206572,G70,G70,4,2050,89885,3342,5,9,6,1,1,1,1,1,1,1,1,1,1,0,0,1,0,0,0,0,1,0,0,0,0,0,0,0,1,1,0,1
41207056,GV80,GV80,9,3890,155420,2497,5,5,2,1,1,1,1,1,1,1,1,1,1,0,0,1,0,0,0,0,1,0,0,0,0,0,0,0,1,1,1,0
41207868,G80,G80 (RG3),5,4150,48236,2497,5,6,0,0,1,1,1,1,1,1,1,1,1,0,0,1,0,0,0,0,1,0,0,0,0,0,0,1,0,1,0,1
41210668,G80,G80 (RG3),5,5459,15100,2497,5,1,2,1,1,1,1,1,1,1,1,1,1,0,0,1,0,0,0,0,1,0,0,0,0,0,0,1,0,1,0,1
41211527,G80,G80 (RG3),5,6279,3106,2497,5,2,0,1,1,1,1,1,1,1,1,1,1,0,0,1,0,0,0,0,1,0,0,0,0,1,0,0,0,1,0,1
41212122,G80,G80,5,7777,138475,3342,5,7,1,0,1,1,1,1,1,1,1,1,1,0,0,1,0,0,0,0,1,0,0,0,0,0,1,0,0,1,0,1
41212913,G90,G90,6,8888,214687,3778,5,5,2,0,1,1,1,1,1,1,1,1,1,0,0,1,0,0,0,0,1,0,0,0,0,0,1,0,0,1,0,1
41213853,GV80,GV80,9,3600,185778,2996,5,6,1,1,1,1,1,1,1,1,1,1,1,0,0,1,0,0,0,0,0,0,1,0,0,0,0,1,0,1,1,0
41214908,G70,더 뉴 G70,4,2399,126300,1998,5,4,1,0,1,1,1,1,1,1,1,1,1,0,0,1,0,0,0,0,1,0,0,0,0,0,0,1,0,1,0,1
41215592,GV80,GV80,9,4750,77835,2996,5,5,0,0,1,1,1,1,1,1,1,1,1,0,0,1,0,0,0,0,0,0,1,0,0,1,0,0,0,1,1,0
41215958,GV80,GV80,9,5849,59170,3470,5,3,0,0,1,1,1,1,1,1,1,1,1,0,0,1,0,0,0,0,1,0,0,0,0,0,0,0,1,1,1,0
41217582,GV80,GV80,9,3190,166650,2996,5,5,6,0,1,1,1,1,1,1,1,1,1,0,0,1,0,0,0,0,0,0,1,0,0,0,0,0,1,1,1,0
41218176,GV80,GV80,9,4930,79579,2497,5,4,2,0,1,1,1,1,1,1,1,1,1,0,0,1,0,0,0,0,1,0,0,0,0,1,0,0,0,1,1,0
41219187,GV80,GV80,9,5390,83573,2996,5,5,2,1,1,1,1,1,1,1,1,1,1,0,0,1,0,0,0,0,0,0,1,0,0,0,1,0,0,1,1,0
41219537,GV80,GV80,9,4606,85839,2996,5,4,7,0,1,1,1,1,1,1,1,1,1,0,0,1,0,0,0,0,0,0,1,0,0,1,0,0,0,1,1,0
41220309,EQ900,EQ900,0,2150,145625,3778,4,9,3,0,1,1,1,1,1,1,1,1,1,0,0,1,0,0,0,0,1,0,0,0,0,0,1,0,0,1,0,1
41220603,G80,G80 (RG3),5,4599,86176,2497,5,4,2,1,1,1,1,1,1,1,1,1,1,0,0,1,0,0,0,0,1,0,0,0,0,1,0,0,0,1,0,1
41220657,GV80,GV80,9,5490,23050,3470,5,4,4,0,1,1,1,1,1,1,1,1,1,0,0,1,0,0,0,0,1,0,0,0,0,1,0,0,0,1,1,0
41220942,GV80,GV80,9,3780,171299,2996,5,5,4,1,1,1,1,1,1,1,1,1,1,0,0,1,0,0,0,0,0,0,1,0,0,0,0,1,0,1,1,0
41223061,GV70,GV70,8,4600,41717,2497,5,3,0,0,1,1,1,1,1,1,1,1,1,0,0,1,0,0,0,0,1,0,0,0,0,1,0,0,0,1,1,0
41223540,GV80,GV80,9,4550,55105,2497,5,5,2,0,1,1,1,1,1,1,1,1,1,0,0,1,0,0,0,0,1,0,0,0,0,0,0,0,1,1,1,0
41223885,GV80,GV80,9,6550,26863,2497,6,3,0,1,1,1,1,1,1,1,1,1,1,0,0,1,0,0,0,0,1,0,0,0,0,1,0,0,0,1,1,0
41225227,G70,G70,4,2150,143320,1998,5,8,3,1,1,1,1,1,1,1,1,1,1,0,0,1,0,0,0,0,1,0,0,0,0,1,0,0,0,1,0,1
41226381,GV80,GV80,9,6180,51300,3470,6,4,0,0,1,1,1,1,1,1,1,1,1,0,0,1,0,0,0,0,1,0,0,0,0,1,0,0,0,1,1,0
41226436,GV80,GV80,9,4240,41804,2996,7,6,1,0,1,1,1,1,1,1,1,1,1,0,0,1,0,0,0,0,0,0,1,0,0,1,0,0,0,1,1,0
41227288,EQ900,EQ900,0,2199,151089,3778,5,8,0,0,1,1,1,1,1,1,1,1,1,0,0,1,0,0,0,0,1,0,0,0,0,0,1,0,0,1,0,1
41227362,G80,G80,5,1750,113461,3342,5,8,6,0,1,1,1,1,1,1,1,1,1,0,0,1,0,0,0,0,1,0,0,0,0,0,0,1,0,1,0,1
41229037,G70,더 뉴 G70,4,4510,14825,2497,5,2,3,1,1,1,1,1,1,1,1,1,1,0,0,1,0,0,0,0,1,0,0,0,0,0,0,1,0,1,0,1
41229359,GV80,GV80,9,6900,25280,2497,5,2,2,0,1,1,1,1,1,1,1,1,1,0,0,1,0,0,0,0,1,0,0,0,0,1,0,0,0,1,1,0
41229377,GV70,GV70,8,3590,90818,2151,5,5,1,0,1,1,1,1,1,1,1,1,1,0,0,1,0,0,0,0,0,0,1,0,0,0,0,0,1,1,1,0
41231301,GV70,GV70,8,5190,5606,2497,5,1,0,0,1,1,1,1,1,1,1,1,1,0,0,1,0,0,0,0,1,0,0,0,0,0,0,0,1,1,1,0
41232534,GV80,GV80,9,4600,89989,2497,5,6,1,0,1,1,1,1,1,1,1,1,1,0,0,1,0,0,0,0,1,0,0,0,0,1,0,0,0,1,1,0
41234957,GV70,GV70,8,4650,19563,2497,5,2,9,1,1,1,1,1,1,1,1,1,1,0,0,1,0,0,0,0,1,0,0,0,0,0,0,0,1,1,1,0
41240807,G80,G80 (RG3),5,3990,52553,2199,5,5,1,0,1,1,1,1,1,1,1,1,1,0,0,1,0,0,0,0,0,0,1,0,0,1,0,0,0,1,0,1
41240875,GV70,GV70,8,5750,8891,2497,5,2,0,1,1,1,1,1,1,1,1,1,1,0,0,1,0,0,0,0,1,0,0,0,0,0,1,0,0,1,1,0
41241155,GV80,GV80,9,4960,49242,2497,5,4,2,0,1,1,1,1,1,1,1,1,1,0,0,1,0,0,0,0,1,0,0,0,0,0,0,0,1,1,1,0
41241617,GV80,GV80,9,4330,69157,3470,5,5,0,0,1,1,1,1,1,1,1,1,1,0,0,1,0,0,0,0,1,0,0,0,0,0,0,0,1,1,1,0
41241902,GV80,GV80,9,6190,49736,3470,5,3,0,0,1,1,1,1,1,1,1,1,1,0,0,1,0,0,0,0,1,0,0,0,0,0,0,1,0,1,1,0
41242543,EQ900,EQ900,0,1880,151810,3778,5,8,12,0,1,1,1,1,1,1,1,1,1,0,0,1,0,0,0,0,1,0,0,0,0,0,1,0,0,1,0,1
41243266,GV70,GV70,8,3780,88167,2497,5,5,2,0,0,0,0,0,0,0,0,0,0,0,0,1,0,0,0,0,1,0,0,0,0,1,0,0,0,1,1,0
41245335,GV70,GV70,8,3130,132208,2497,5,5,1,0,1,1,1,1,1,1,1,1,1,0,0,1,0,0,0,0,1,0,0,0,0,0,1,0,0,1,1,0
41246615,GV80,GV80,9,8099,480,3470,5,1,0,0,1,1,1,1,1,1,1,1,1,0,0,1,0,0,0,0,1,0,0,0,0,1,0,0,0,1,1,0
41247043,G80,G80 (RG3),5,3399,99053,2497,5,5,7,1,1,1,1,1,1,1,1,1,1,0,0,1,0,0,0,0,1,0,0,0,0,0,1,0,0,1,0,1
41247189,G80,G80,5,2550,38018,3342,5,7,1,1,1,1,1,1,1,1,1,1,1,0,0,1,0,0,0,0,1,0,0,0,0,0,0,0,1,1,0,1
41250270,GV70,GV70,8,3680,87702,2497,5,5,3,1,1,1,1,1,1,1,1,1,1,0,0,1,0,0,0,0,1,0,0,0,0,0,1,0,0,1,1,0
41250566,GV80,GV80,9,3790,101183,2497,5,5,1,0,1,1,1,1,1,1,1,1,1,0,0,1,0,0,0,0,1,0,0,0,0,1,0,0,0,1,1,0
41251544,GV60,GV60,7,5090,16098,111,5,3,0,0,1,1,1,1,1,1,1,1,1,0,0,1,0,0,0,0,0,0,0,1,0,1,0,0,0,1,1,0
41251993,G80,G80,5,2600,51660,3342,5,9,2,0,1,1,1,1,1,1,1,1,1,0,0,1,0,0,0,0,1,0,0,0,0,0,1,0,0,1,0,1
41252784,EQ900,EQ900,0,2200,135272,3778,5,9,22,0,1,1,1,1,1,1,1,1,1,0,0,1,0,0,0,0,1,0,0,0,0,0,1,0,0,1,0,1
41256507,G80,G80,5,2090,131734,3778,5,7,3,1,1,1,1,1,1,1,1,1,1,0,0,1,0,0,0,0,1,0,0,0,0,0,1,0,0,1,0,1
41256646,EQ900,EQ900,0,2030,162911,3778,5,10,2,0,1,1,1,1,1,1,1,1,1,0,0,1,0,0,0,0,1,0,0,0,0,0,1,0,0,1,0,1
41258236,GV70,GV70,8,3490,80897,2497,5,4,2,0,1,1,1,1,1,1,1,1,1,0,0,1,0,0,0,0,1,0,0,0,0,0,1,0,0,1,1,0
41258367,G80,G80 (RG3),5,3090,129077,2497,5,6,4,0,1,1,1,1,1,1,1,1,1,0,0,1,0,0,0,0,1,0,0,0,0,0,1,0,0,1,0,1
41260302,GV80,GV80,9,5740,40519,2497,5,4,2,0,1,1,1,1,1,1,1,1,1,0,0,1,0,0,0,0,1,0,0,0,0,0,1,0,0,1,1,0
41262029,G80,G80 (RG3),5,3099,105948,2497,5,5,1,0,1,1,1,1,1,1,1,1,1,0,0,1,0,0,0,0,1,0,0,0,0,0,1,0,0,1,0,1
41262768,G70,G70,4,2250,94588,1998,5,8,1,1,1,1,1,1,1,1,1,1,1,0,0,1,0,0,0,0,1,0,0,0,0,1,0,0,0,1,0,1
41266460,G80,G80 (RG3),5,4920,41758,2497,5,2,1,0,1,1,1,1,1,1,1,1,1,0,0,1,0,0,0,0,1,0,0,0,0,0,0,1,0,1,0,1
41266468,G80,G80,5,2150,94502,3342,5,8,1,1,1,1,1,1,1,1,1,1,1,0,0,1,0,0,0,0,1,0,0,0,0,0,0,1,0,1,0,1
41268316,G80,G80 (RG3),5,4670,69261,2497,5,2,2,0,1,1,1,1,1,1,1,1,1,0,0,1,0,0,0,0,1,0,0,0,0,0,0,0,1,1,0,1
41269236,G80,G80 (RG3),5,3390,93048,2497,5,6,5,0,1,1,1,1,1,1,1,1,1,0,0,1,0,0,0,0,1,0,0,0,0,0,0,0,1,1,0,1
41269696,G90,G90,6,3980,54860,3342,5,8,3,0,1,1,1,1,1,1,1,1,1,0,0,1,0,0,0,0,1,0,0,0,0,0,1,0,0,1,0,1
41271157,G70,G70,4,1929,110306,1998,5,8,5,1,1,1,1,1,1,1,1,1,1,0,0,1,0,0,0,0,1,0,0,0,0,0,1,0,0,1,0,1
41272976,G90,G90 (RS4),6,7090,99678,3470,4,4,2,0,1,1,1,1,1,1,1,1,1,0,0,1,0,0,0,0,1,0,0,0,0,0,1,0,0,1,0,1
41275421,GV80,GV80,9,8888,74706,2497,5,4,1,0,1,1,1,1,1,1,1,1,1,0,0,1,0,0,0,0,1,0,0,0,0,1,0,0,0,1,1,0
41275449,G80,G80 (RG3),5,8888,30718,3470,5,5,5,1,1,1,1,1,1,1,1,1,1,0,0,1,0,0,0,0,1,0,0,0,0,0,0,0,1,1,0,1
41276076,G80,G80 (RG3),5,3800,72288,2497,5,4,5,0,1,1,1,1,1,1,1,1,1,0,0,1,0,0,0,0,1,0,0,0,0,0,1,0,0,1,0,1
41276142,GV70,GV70,8,3980,70191,2497,5,4,0,0,1,1,1,1,1,1,1,1,1,0,0,1,0,0,0,0,1,0,0,0,0,0,1,0,0,1,1,0
41276167,G80,G80 (RG3),5,3300,60267,3470,5,5,1,0,1,1,1,1,1,1,1,1,1,0,0,1,0,0,0,0,1,0,0,0,0,0,0,1,0,1,0,1
41276309,EQ900,EQ900,0,2180,159220,3342,5,10,0,0,1,1,1,1,1,1,1,1,1,0,0,1,0,0,0,0,1,0,0,0,0,0,1,0,0,1,0,1
41276310,G80,G80,5,2330,68403,3778,5,10,1,1,1,1,1,1,1,1,1,1,1,0,0,1,0,0,0,0,1,0,0,0,0,0,1,0,0,1,0,1
41276503,GV80,GV80,9,5800,65764,2497,5,3,0,0,1,1,1,1,1,1,1,1,1,0,0,1,0,0,0,0,1,0,0,0,0,0,0,0,1,1,1,0
41276813,G80,G80,5,1989,104639,3342,5,10,6,1,1,1,1,1,1,1,1,1,1,0,0,1,0,0,0,0,1,0,0,0,0,0,1,0,0,1,0,1
41278769,GV80,GV80,9,5780,26311,2497,5,4,0,0,1,1,1,1,1,1,1,1,1,0,0,1,0,0,0,0,1,0,0,0,0,1,0,0,0,1,1,0
41283632,GV80,GV80,9,4290,95445,2996,5,6,3,0,1,1,1,1,1,1,1,1,1,0,0,1,0,0,0,0,0,0,1,0,0,0,0,1,0,1,1,0
41284336,GV70,GV70,8,8888,59032,2497,5,4,0,1,1,1,1,1,1,1,1,1,1,0,0,1,0,0,0,0,1,0,0,0,0,0,1,0,0,1,1,0
41284342,GV70,GV70,8,8888,51524,2497,5,5,0,0,1,1,1,1,1,1,1,1,1,0,0,1,0,0,0,0,1,0,0,0,0,0,0,0,1,1,1,0
41285103,GV70,GV70,8,3630,103050,2151,5,5,2,0,1,1,1,1,1,1,1,1,1,0,0,1,0,0,0,0,0,0,1,0,0,1,0,0,0,1,1,0
41285180,GV80,GV80,9,6590,44636,2497,7,3,2,0,1,1,1,1,1,1,1,1,1,0,0,1,0,0,0,0,1,0,0,0,0,1,0,0,0,1,1,0
41286036,GV70,GV70,8,3980,40530,2497,5,5,5,0,1,1,1,1,1,1,1,1,1,0,0,1,0,0,0,0,1,0,0,0,0,1,0,0,0,1,1,0
41286371,GV70,GV70,8,4410,19152,2497,5,5,1,1,1,1,1,1,1,1,1,1,1,0,0,1,0,0,0,0,1,0,0,0,0,0,1,0,0,1,1,0
41286392,GV60,GV60,7,4590,55850,111,5,4,0,0,1,1,1,1,1,1,1,1,1,0,0,1,0,0,0,0,0,0,0,1,0,0,0,1,0,1,1,0
41286920,G90,G90,6,3199,86129,3778,5,7,1,0,1,1,1,1,1,1,1,1,1,0,0,1,0,0,0,0,1,0,0,0,0,0,0,1,0,1,0,1
41288061,GV70,GV70,8,4740,19496,3470,5,4,4,1,1,1,1,1,1,1,1,1,1,0,0,1,0,0,0,0,1,0,0,0,0,0,0,1,0,1,1,0
41288693,GV70,GV70,8,4650,10082,2497,5,4,0,0,1,1,1,1,1,1,1,1,1,0,0,1,0,0,0,0,1,0,0,0,0,1,0,0,0,1,1,0
41289552,G70,더 뉴 G70,4,4100,10755,2497,5,2,2,1,1,1,1,1,1,1,1,1,1,0,0,1,0,0,0,0,1,0,0,0,0,1,0,0,0,1,0,1
41289557,G70,G70,4,2599,83907,3342,5,7,4,1,1,1,1,1,1,1,1,1,1,0,0,1,0,0,0,0,1,0,0,0,0,0,0,0,1,1,0,1
41289953,GV70,GV70,8,3470,97011,2497,5,5,5,0,1,1,1,1,1,1,1,1,1,0,0,1,0,0,0,0,1,0,0,0,0,0,1,0,0,1,1,0
41291749,GV70,GV70,8,6010,19849,2497,5,1,0,0,1,1,1,1,1,1,1,1,1,0,0,1,0,0,0,0,1,0,0,0,0,1,0,0,0,1,1,0
41292867,G70,G70,4,1890,92994,1998,5,7,8,0,1,1,1,1,1,1,1,0,1,0,0,1,0,0,0,0,1,0,0,0,0,0,0,1,0,1,0,1
41293489,G90,G90 (RS4),6,7550,57321,3470,5,4,0,1,1,1,1,1,1,1,1,1,1,0,0,1,0,0,0,0,1,0,0,0,0,0,0,0,1,1,0,1
41293952,GV70,GV70,8,3670,44332,2497,5,5,4,0,1,1,1,1,1,1,1,1,1,0,0,1,0,0,0,0,1,0,0,0,0,0,1,0,0,1,1,0
41294930,G90,G90,6,3200,113931,3778,5,7,13,0,1,1,1,1,1,1,1,1,1,0,0,1,0,0,0,0,1,0,0,0,0,0,1,0,0,1,0,1
41295407,G90,G90,6,3040,121061,3778,5,8,4,0,1,1,1,1,1,1,1,1,1,0,0,1,0,0,0,0,1,0,0,0,0,0,1,0,0,1,0,1
41295704,GV60,GV60,7,3870,89252,111,5,4,2,0,1,1,1,1,1,1,1,1,1,0,0,1,0,0,0,0,0,0,0,1,0,1,0,0,0,1,1,0
41296604,G80,G80 (RG3),5,3559,49081,2497,5,5,1,0,1,1,1,1,1,1,1,1,1,0,0,1,0,0,0,0,1,0,0,0,0,0,0,1,0,1,0,1
41297847,GV80,GV80,9,6549,71720,2497,6,2,2,0,1,1,1,1,1,1,1,1,1,0,0,1,0,0,0,0,1,0,0,0,0,1,0,0,0,1,1,0
41298506,GV70,GV70,8,3950,55748,2497,5,5,2,1,1,1,1,1,1,1,1,1,1,0,0,1,0,0,0,0,1,0,0,0,0,1,0,0,0,1,1,0
41300169,G80,G80 (RG3),5,4220,51432,2497,5,4,3,1,1,1,1,1,1,1,1,1,1,0,0,1,0,0,0,0,1,0,0,0,0,1,0,0,0,1,0,1
41300296,G90,G90 (RS4),6,6020,78750,3470,4,3,11,0,1,1,1,1,1,1,1,1,1,0,0,1,0,0,0,0,1,0,0,0,0,0,1,0,0,1,0,1
41301683,GV70,GV70,8,4370,42267,2151,5,4,5,0,1,1,1,1,1,1,1,1,1,0,0,1,0,0,0,0,0,0,1,0,0,1,0,0,0,1,1,0
41302334,G70,G70,4,1799,145070,3342,5,8,4,1,1,1,1,1,1,1,1,1,1,0,0,1,0,0,0,0,1,0,0,0,0,0,0,0,1,1,0,1
41302504,G70,더 뉴 G70,4,2390,162726,1998,5,6,10,0,1,1,1,1,1,1,1,1,1,0,0,1,0,0,0,0,1,0,0,0,0,0,1,0,0,1,0,1
41307988,G80,G80,5,1870,86979,3778,5,10,3,0,1,1,1,1,1,1,1,1,1,0,0,1,0,0,0,0,1,0,0,0,0,0,1,0,0,1,0,1
41311626,GV80,GV80,9,6500,45692,2497,7,3,0,1,1,1,1,1,1,1,1,1,1,0,0,1,0,0,0,0,1,0,0,0,0,1,0,0,0,1,1,0
41311842,GV80,GV80,9,6890,14750,2497,7,2,0,1,1,1,1,1,1,1,1,1,1,0,0,1,0,0,0,0,1,0,0,0,0,1,0,0,0,1,1,0
41311901,G70,더 뉴 G70,4,3610,50950,1998,5,5,2,0,1,1,1,1,1,1,1,0,1,0,0,1,0,0,0,0,1,0,0,0,0,0,0,1,0,1,0,1
41312037,GV80,GV80,9,5880,16121,2497,5,4,0,1,1,1,1,1,1,1,1,1,1,0,0,1,0,0,0,0,1,0,0,0,0,0,1,0,0,1,1,0
41312385,GV70,GV70,8,3920,84018,2151,5,3,0,0,1,1,1,1,1,1,1,1,1,0,0,1,0,0,0,0,0,0,1,0,0,1,0,0,0,1,1,0
41312577,GV80,GV80,9,5250,72451,3470,5,5,0,1,1,1,1,1,1,1,1,1,1,0,0,1,0,0,0,0,1,0,0,0,0,1,0,0,0,1,1,0
41312579,G80,G80 (RG3),5,5050,42811,3470,5,4,0,1,1,1,1,1,1,1,1,1,1,0,0,1,0,0,0,0,1,0,0,0,0,0,1,0,0,1,0,1
41313634,GV70,GV70,8,9999,26902,2497,5,5,0,0,1,1,1,1,1,1,1,1,1,0,0,1,0,0,0,0,1,0,0,0,0,0,1,0,0,1,1,0
41315470,GV80,GV80,9,7250,11966,2497,5,1,0,0,1,1,1,1,1,1,1,1,1,0,0,1,0,0,0,0,1,0,0,0,0,1,0,0,0,1,1,0
41315895,GV80,GV80,9,3990,96406,2996,5,6,1,0,1,1,1,1,1,1,1,1,1,0,0,1,0,0,0,0,0,0,1,0,0,1,0,0,0,1,1,0
41315923,GV80,GV80,9,6890,31614,2497,5,2,0,1,1,1,1,1,1,1,1,1,1,0,0,1,0,0,0,0,1,0,0,0,0,0,0,1,0,1,1,0
41323689,GV80,GV80,9,7650,12831,2497,7,1,0,1,1,1,1,1,1,1,1,1,1,0,0,1,0,0,0,0,1,0,0,0,0,0,1,0,0,1,1,0
41323811,G70,더 뉴 G70,4,3799,46288,3342,5,5,1,1,1,1,1,1,1,1,1,1,1,0,0,1,0,0,0,0,1,0,0,0,0,0,0,0,1,1,0,1
41324095,GV80,GV80,9,7250,46682,3470,5,2,2,1,1,1,1,1,1,1,1,1,1,0,0,1,0,0,0,0,1,0,0,0,0,1,0,0,0,1,1,0
41324184,G70,G70,4,2220,94627,3342,5,8,0,1,1,1,1,1,1,1,1,1,1,0,0,1,0,0,0,0,1,0,0,0,0,0,0,1,0,1,0,1
41325328,GV70,GV70,8,3699,69141,2497,5,5,0,0,1,1,1,1,1,1,1,1,1,0,0,1,0,0,0,0,1,0,0,0,0,0,0,0,1,1,1,0
41325849,GV80,GV80,9,6690,27252,2497,7,2,0,1,1,1,1,1,1,1,1,1,1,0,0,1,0,0,0,0,1,0,0,0,0,1,0,0,0,1,1,0
41326229,GV70,GV70,8,4300,24903,2497,5,5,2,1,1,1,1,1,1,1,1,1,1,0,0,1,0,0,0,0,1,0,0,0,0,1,0,0,0,1,1,0
41327459,G90,G90 (RS4),6,6390,50906,3470,5,4,1,1,1,1,1,1,1,1,1,1,1,0,0,1,0,0,0,0,1,0,0,0,0,0,0,1,0,1,0,1
41330920,G70,더 뉴 G70,4,2300,96832,1998,5,4,6,0,1,1,1,1,1,1,1,1,1,0,0,1,0,0,0,0,1,0,0,0,0,0,0,0,1,1,0,1
41331856,G80,G80 (RG3),5,4499,87216,3470,5,4,6,1,1,1,1,1,1,1,1,1,1,0,0,1,0,0,0,0,1,0,0,0,0,0,1,0,0,1,0,1
41331996,GV80,GV80,9,8350,2367,2497,6,1,0,1,1,1,1,1,1,1,1,1,1,0,0,1,0,0,0,0,1,0,0,0,0,1,0,0,0,1,1,0
41332280,GV80,GV80 쿠페,9,7390,26399,2497,5,2,0,1,1,1,1,1,1,1,1,1,1,0,0,1,0,0,0,0,1,0,0,0,0,1,0,0,0,1,1,0
41332344,GV80,GV80,9,4240,166830,3470,5,4,0,1,1,1,1,1,1,1,1,1,1,0,0,1,0,0,0,0,1,0,0,0,0,1,0,0,0,1,1,0
41338127,GV80,GV80,9,4390,67817,2996,5,6,0,0,1,1,1,1,1,1,1,1,1,0,0,1,0,0,0,0,0,0,1,0,0,0,0,1,0,1,1,0
41338299,G80,G80 (RG3),5,4190,49633,3470,5,5,9,1,1,1,1,1,1,1,1,1,1,0,0,1,0,0,0,0,1,0,0,0,0,0,1,0,0,1,0,1
41340160,GV80,GV80,9,7150,34083,2497,6,2,0,0,1,1,1,1,1,1,1,1,1,0,0,1,0,0,0,0,1,0,0,0,0,1,0,0,0,1,1,0
41341492,G80,G80 (RG3),5,3299,76863,3470,5,6,10,1,1,1,1,1,1,1,1,1,1,0,0,1,0,0,0,0,1,0,0,0,0,0,0,1,0,1,0,1
41343719,G70,G70,4,2599,109074,3342,5,7,5,0,1,1,1,1,1,1,1,1,1,0,0,1,0,0,0,0,1,0,0,0,0,0,0,1,0,1,0,1
41344322,G80,G80,5,1910,73616,3342,5,10,0,0,1,1,1,1,1,1,1,1,1,0,0,1,0,0,0,0,1,0,0,0,0,0,0,1,0,1,0,1
41345198,GV70,GV70,8,3290,127942,2497,5,5,2,0,0,0,0,0,0,0,0,0,0,0,0,1,0,0,0,0,1,0,0,0,0,1,0,0,0,1,1,0
41345395,GV70,GV70,8,4980,23332,2497,5,3,0,0,1,1,1,1,1,1,1,1,1,0,0,1,0,0,0,0,1,0,0,0,0,0,0,1,0,1,1,0
41346727,G80,G80,5,1940,102890,3342,5,9,2,0,0,0,0,0,0,0,0,0,0,0,0,1,0,0,0,0,1,0,0,0,0,0,0,0,1,1,0,1
41346973,G90,G90,6,4290,82525,3778,5,5,3,0,1,1,1,1,1,1,1,1,1,0,0,1,0,0,0,0,1,0,0,0,0,0,0,1,0,1,0,1
41347110,G80,G80,5,2050,90556,3342,5,9,2,0,1,1,1,1,1,1,1,1,1,0,0,1,0,0,0,0,1,0,0,0,0,0,1,0,0,1,0,1
41347775,G80,G80 (RG3),5,5720,24578,2497,5,2,1,0,1,1,1,1,1,1,1,1,1,0,0,1,0,0,0,0,1,0,0,0,0,0,0,1,0,1,0,1
41349436,GV80,GV80,9,7890,18884,2497,6,2,0,1,1,1,1,1,1,1,1,1,1,0,0,1,0,0,0,0,1,0,0,0,0,1,0,0,0,1,1,0
41351005,GV60,GV60,7,4240,91642,111,5,4,0,0,1,1,1,1,1,1,1,1,1,0,0,1,0,0,0,0,0,0,0,1,0,1,0,0,0,1,1,0
41351179,EQ900,EQ900,0,1770,183801,3342,5,10,4,1,1,1,1,1,1,1,1,1,1,0,0,1,0,0,0,0,1,0,0,0,0,0,0,1,0,1,0,1
41351463,G70,G70,4,2299,84921,1998,5,8,9,1,1,1,1,1,1,1,1,1,1,0,0,1,0,0,0,0,1,0,0,0,0,1,0,0,0,1,0,1
41351903,GV80,GV80,9,3800,170815,2497,5,6,0,0,1,1,1,1,1,1,1,1,1,0,0,1,0,0,0,0,1,0,0,0,0,1,0,0,0,1,1,0
41352127,G70,더 뉴 G70,4,3250,42489,3342,5,3,0,0,1,1,1,1,1,1,1,1,1,0,0,1,0,0,0,0,1,0,0,0,0,0,0,0,1,1,0,1
41352182,G70,G70,4,1870,100711,1998,5,6,2,0,0,0,0,0,0,0,0,0,0,0,0,1,0,0,0,0,1,0,0,0,0,0,0,0,1,1,0,1
41352445,GV70,GV70,8,3690,57895,2497,5,4,4,0,1,1,1,1,1,1,1,1,1,0,0,1,0,0,0,0,1,0,0,0,0,0,1,0,0,1,1,0
41353360,GV70,GV70,8,4449,50939,3470,5,6,1,1,1,1,1,1,1,1,1,1,1,0,0,1,0,0,0,0,1,0,0,0,0,0,1,0,0,1,1,0
41355195,GV80,GV80,9,5443,4200,2497,5,1,2,0,1,1,1,1,1,1,1,1,1,0,0,1,0,0,0,0,1,0,0,0,0,1,0,0,0,1,1,0
41355232,GV80,GV80,9,4730,70202,2497,5,4,0,0,1,1,1,1,1,1,1,1,1,0,0,1,0,0,0,0,1,0,0,0,0,0,1,0,0,1,1,0
41355235,GV80,GV80,9,5020,71614,2996,5,5,4,1,1,1,1,1,1,1,1,1,1,0,0,1,0,0,0,0,0,0,1,0,0,0,0,0,1,1,1,0
41355244,GV80,GV80,9,4800,86059,2996,5,6,2,1,1,1,1,1,1,1,1,1,1,0,0,1,0,0,0,0,0,0,1,0,0,1,0,0,0,1,1,0
41355576,G80,G80 (RG3),5,6190,29998,2497,5,2,1,1,1,1,1,1,1,1,1,1,1,0,0,1,0,0,0,0,1,0,0,0,0,1,0,0,0,1,0,1
41356090,GV80,GV80,9,4080,109151,2996,5,5,5,0,1,1,1,1,1,1,1,1,1,0,0,1,0,0,0,0,0,0,1,0,0,0,0,1,0,1,1,0
41356251,G80,G80 (RG3),5,4699,31120,2497,5,4,0,1,1,1,1,1,1,1,1,1,1,0,0,1,0,0,0,0,1,0,0,0,0,0,1,0,0,1,0,1
41356397,G90,G90 (RS4),6,6290,68742,3470,5,4,6,0,1,1,1,1,1,1,1,1,1,0,0,1,0,0,0,0,1,0,0,0,0,0,1,0,0,1,0,1
41356613,GV80,GV80,9,6800,22011,2497,7,2,0,0,1,1,1,1,1,1,1,1,1,0,0,1,0,0,0,0,1,0,0,0,0,0,0,1,0,1,1,0
41356721,G70,G70,4,2899,81494,3342,5,7,2,1,1,1,1,1,1,1,1,1,1,0,0,1,0,0,0,0,1,0,0,0,0,0,0,1,0,1,0,1
41357339,G80,G80,5,1830,142230,3342,5,9,2,1,1,1,1,1,1,1,1,1,1,0,0,1,0,0,0,0,1,0,0,0,0,0,0,1,0,1,0,1
41357795,EQ900,EQ900,0,2174,119081,3778,5,10,7,0,1,1,1,1,1,1,1,1,1,0,0,1,0,0,0,0,1,0,0,0,0,0,1,0,0,1,0,1
41358674,G80,G80 (RG3),5,4540,65866,2497,5,3,4,0,1,1,1,1,1,1,1,1,1,0,0,1,0,0,0,0,1,0,0,0,0,0,1,0,0,1,0,1
41358725,G70,더 뉴 G70,4,2990,112694,1998,5,5,6,0,1,1,1,1,1,1,1,1,1,0,0,1,0,0,0,0,1,0,0,0,0,0,0,1,0,1,0,1
41358990,GV70,GV70,8,5390,8298,2497,5,3,0,0,1,1,1,1,1,1,1,1,1,0,0,1,0,0,0,0,1,0,0,0,0,1,0,0,0,1,1,0
41359111,G80,G80 (RG3),5,5090,58167,3470,5,4,7,1,1,1,1,1,1,1,1,1,1,0,0,1,0,0,0,0,1,0,0,0,0,1,0,0,0,1,0,1
41359229,G80,G80 (RG3),5,9999,68795,2497,5,3,4,0,1,1,1,1,1,1,1,1,1,0,0,1,0,0,0,0,1,0,0,0,0,0,0,1,0,1,0,1
41359726,G80,일렉트리파이드 G80 (RG3),5,8904,22700,3470,5,1,2,0,1,1,1,1,1,1,1,1,1,0,0,1,0,0,0,0,0,0,0,1,0,1,0,0,0,1,0,1
41359756,G80,G80 (RG3),5,3390,75530,2497,5,5,6,0,1,1,1,1,1,1,1,1,1,0,0,1,0,0,0,0,1,0,0,0,0,0,0,1,0,1,0,1
41359971,GV70,GV70,8,4350,25073,2497,5,4,0,1,1,1,1,1,1,1,1,1,1,0,0,1,0,0,0,0,1,0,0,0,0,0,0,0,1,1,1,0
41360426,G90,G90,6,7777,110101,3778,5,5,0,0,1,1,1,1,1,1,1,1,1,0,0,1,0,0,0,0,1,0,0,0,0,0,0,0,1,1,0,1
41360761,GV80,GV80,9,4390,72000,2497,5,6,2,0,1,1,1,1,1,1,1,1,1,0,0,1,0,0,0,0,1,0,0,0,0,1,0,0,0,1,1,0
41361313,GV70,GV70,8,4510,30713,2497,5,3,1,1,1,1,1,1,1,1,1,1,1,0,0,1,0,0,0,0,1,0,0,0,0,1,0,0,0,1,1,0
41361342,GV80,GV80,9,4489,65244,3470,5,5,0,0,1,1,1,1,1,1,1,1,1,0,0,1,0,0,0,0,1,0,0,0,0,1,0,0,0,1,1,0
41361578,G70,더 뉴 G70,4,2380,116083,1998,5,5,1,0,1,1,1,1,1,1,1,1,1,0,0,1,0,0,0,0,1,0,0,0,0,0,1,0,0,1,0,1
41362258,G70,G70,4,1990,98003,1998,5,7,7,1,1,1,1,1,1,1,1,1,1,0,0,1,0,0,0,0,1,0,0,0,0,0,0,1,0,1,0,1
41365019,GV80,GV80,9,6310,74733,2996,5,3,1,1,1,1,1,1,1,1,1,1,1,0,0,1,0,0,0,0,0,0,1,0,0,1,0,0,0,1,1,0
41365024,G80,G80 (RG3),5,3370,82927,2497,5,5,5,0,1,1,1,1,1,1,1,1,1,0,0,1,0,0,0,0,1,0,0,0,0,1,0,0,0,1,0,1
41365547,G70,더 뉴 G70,4,2690,40393,1998,5,4,15,0,1,1,1,1,1,1,1,1,1,0,0,1,0,0,0,0,1,0,0,0,0,0,1,0,0,1,0,1
41365574,G80,G80 (RG3),5,6290,25234,3470,5,2,3,0,1,1,1,1,1,1,1,1,1,0,0,1,0,0,0,0,1,0,0,0,0,0,0,1,0,1,0,1
41366161,EQ900,EQ900,0,2350,108095,5038,4,10,5,1,1,1,1,1,1,1,1,1,1,0,0,1,0,0,0,0,1,0,0,0,0,0,0,0,1,1,0,1
41366775,GV70,GV70,8,3590,85373,2497,5,4,0,0,1,1,1,1,1,1,1,1,1,0,0,1,0,0,0,0,1,0,0,0,0,0,0,0,1,1,1,0
41367804,GV80,GV80,9,6690,39471,3470,5,2,0,0,1,1,1,1,1,1,1,1,1,0,0,1,0,0,0,0,1,0,0,0,0,0,0,0,1,1,1,0
41368860,GV80,GV80,9,5850,37907,3470,5,3,2,1,1,1,1,1,1,1,1,1,1,0,0,1,0,0,0,0,1,0,0,0,0,0,1,0,0,1,1,0
41368942,G90,G90 (RS4),6,12590,15918,3470,4,2,0,1,1,1,1,1,1,1,1,1,1,0,0,1,0,0,0,0,1,0,0,0,0,1,0,0,0,1,0,1
41369815,GV80,GV80,9,4890,77518,2497,5,4,1,0,1,1,1,1,1,1,1,1,1,0,0,1,0,0,0,0,1,0,0,0,0,0,0,1,0,1,1,0
41370649,GV70,GV70,8,4110,48328,2497,5,4,0,0,1,1,1,1,1,1,1,1,1,0,0,1,0,0,0,0,1,0,0,0,0,0,1,0,0,1,1,0
41370827,G80,G80 (RG3),5,3070,140046,2497,5,5,1,0,1,1,1,1,1,1,1,1,1,0,0,1,0,0,0,0,1,0,0,0,0,0,0,0,1,1,0,1
41371379,G80,G80 (RG3),5,4090,52964,3470,5,5,1,1,1,1,1,1,1,1,1,1,1,0,0,1,0,0,0,0,1,0,0,0,0,0,0,0,1,1,0,1
41371654,G70,G70,4,2549,73968,3342,5,9,0,0,1,1,1,1,1,1,1,1,1,0,0,1,0,0,0,0,1,0,0,0,0,0,0,0,1,1,0,1
41372211,G90,G90 (RS4),6,5450,215903,3470,4,4,6,1,1,1,1,1,1,1,1,1,1,0,0,1,0,0,0,0,1,0,0,0,0,0,1,0,0,1,0,1
41373798,GV80,GV80,9,3359,192065,2497,5,6,2,1,1,1,1,1,1,1,1,1,1,0,0,1,0,0,0,0,1,0,0,0,0,1,0,0,0,1,1,0
41374568,GV80,GV80,9,5810,58443,3470,7,3,0,1,1,1,1,1,1,1,1,1,1,0,0,1,0,0,0,0,1,0,0,0,0,1,0,0,0,1,1,0
41375269,GV80,GV80,9,4530,95618,2497,5,5,4,0,1,1,1,1,1,1,1,1,1,0,0,1,0,0,0,0,1,0,0,0,0,0,0,1,0,1,1,0
41376256,G80,G80 (RG3),5,4150,76057,3470,5,5,0,1,1,1,1,1,1,1,1,1,1,0,0,1,0,0,0,0,1,0,0,0,0,0,0,1,0,1,0,1
41376466,GV80,GV80,9,4999,27973,2497,5,3,11,0,1,1,1,1,1,1,1,1,1,0,0,1,0,0,0,0,1,0,0,0,0,0,0,1,0,1,1,0
41376509,GV70,GV70,8,4699,16888,2497,5,4,1,0,1,1,1,1,1,1,1,1,1,0,0,1,0,0,0,0,1,0,0,0,0,1,0,0,0,1,1,0
41377169,GV80,GV80,9,7250,9273,2497,6,2,1,0,1,1,1,1,1,1,1,1,1,0,0,1,0,0,0,0,1,0,0,0,0,0,1,0,0,1,1,0
41377310,GV70,GV70,8,3899,51537,2497,5,3,6,0,1,1,1,1,1,1,1,1,1,0,0,1,0,0,0,0,1,0,0,0,0,1,0,0,0,1,1,0
41378604,G90,G90,6,3570,142045,3778,5,5,1,0,1,1,1,1,1,1,1,1,1,0,0,1,0,0,0,0,1,0,0,0,0,0,1,0,0,1,0,1
41379619,G90,G90,6,2879,145397,3778,5,7,3,0,1,1,1,1,1,1,1,1,1,0,0,1,0,0,0,0,1,0,0,0,0,0,1,0,0,1,0,1
41379692,GV80,GV80 쿠페,9,7930,10951,2497,5,3,0,1,1,1,1,1,1,1,1,1,1,0,0,1,0,0,0,0,1,0,0,0,0,1,0,0,0,1,1,0
41380818,GV80,GV80,9,6650,57598,3470,5,3,0,1,1,1,1,1,1,1,1,1,1,0,0,1,0,0,0,0,1,0,0,0,0,1,0,0,0,1,1,0
41381015,GV70,GV70,8,5090,26894,2497,5,3,1,1,1,1,1,1,1,1,1,1,1,0,0,1,0,0,0,0,1,0,0,0,0,1,0,0,0,1,1,0
41381466,GV70,GV70,8,4440,54991,2497,5,3,0,1,1,1,1,1,1,1,1,1,1,0,0,1,0,0,0,0,1,0,0,0,0,1,0,0,0,1,1,0
41381714,GV80,GV80,9,5980,33579,2497,5,2,2,0,1,1,1,1,1,1,1,1,1,0,0,1,0,0,0,0,1,0,0,0,0,0,0,0,1,1,1,0
41382011,GV70,GV70,8,5080,23580,2497,5,2,0,0,1,1,1,1,1,1,1,1,1,0,0,1,0,0,0,0,1,0,0,0,0,0,0,1,0,1,1,0
41383016,G80,G80,5,1750,115791,3342,5,9,8,0,1,1,1,1,1,1,1,1,1,0,0,1,0,0,0,0,1,0,0,0,0,1,0,0,0,1,0,1
41383027,GV80,GV80,9,8888,138278,2996,5,5,2,0,0,0,0,0,0,0,0,0,0,0,0,1,0,0,0,0,0,0,1,0,0,1,0,0,0,1,1,0
41385856,GV80,GV80,9,4890,72478,2497,5,5,0,1,1,1,1,1,1,1,1,1,1,0,0,1,0,0,0,0,1,0,0,0,0,1,0,0,0,1,1,0
41386045,G90,G90,6,3630,97556,3778,5,6,10,0,1,1,1,1,1,1,1,1,1,0,0,1,0,0,0,0,1,0,0,0,0,0,1,0,0,1,0,1
41387677,G80,G80,5,2100,67858,3342,5,8,5,1,1,1,1,1,1,1,1,1,1,0,0,1,0,0,0,0,1,0,0,0,0,0,1,0,0,1,0,1
41387711,GV80,GV80,9,4080,115707,2497,5,3,6,0,1,1,1,1,1,1,1,1,1,0,0,1,0,0,0,0,1,0,0,0,0,0,1,0,0,1,1,0
41387946,GV80,GV80 쿠페,9,6850,26191,2497,5,2,5,0,1,1,1,1,1,1,1,1,1,0,0,1,0,0,0,0,1,0,0,0,0,1,0,0,0,1,1,0
41388103,G90,G90 (RS4),6,6699,35664,3470,5,4,2,0,1,1,1,1,1,1,1,1,1,0,0,1,0,0,0,0,1,0,0,0,0,1,0,0,0,1,0,1
41389039,G80,G80 (RG3),5,3390,83484,2497,5,5,4,1,1,1,1,1,1,1,1,1,1,0,0,1,0,0,0,0,1,0,0,0,0,0,0,0,1,1,0,1
41389210,GV80,GV80,9,4790,35930,2996,5,6,3,0,1,1,1,1,1,1,1,1,1,0,0,1,0,0,0,0,0,0,1,0,0,0,0,1,0,1,1,0
41389614,레이,더 뉴 G70 슈팅브레이크,34,3180,75530,1998,5,4,2,1,1,1,1,1,1,1,1,1,1,0,0,1,0,0,0,0,1,0,0,0,0,1,0,0,0,1,0,1
41390260,GV80,GV80,9,4450,113631,2497,7,6,2,1,1,1,1,1,1,1,1,1,1,0,0,1,0,0,0,0,1,0,0,0,0,0,1,0,0,1,1,0
41391279,G80,G80 (RG3),5,6620,41422,2497,5,1,1,0,1,1,1,1,1,1,1,1,1,0,0,1,0,0,0,0,1,0,0,0,0,0,1,0,0,1,0,1
41391852,GV80,GV80,9,4790,82299,3470,5,5,2,1,1,1,1,1,1,1,1,1,1,0,0,1,0,0,0,0,1,0,0,0,0,1,0,0,0,1,1,0
41392174,G70,더 뉴 G70,4,2960,80986,1998,5,5,8,1,1,1,1,1,1,1,1,1,1,0,0,1,0,0,0,0,1,0,0,0,0,0,0,1,0,1,0,1
41392284,GV70,GV70,8,4520,46489,2497,5,4,2,0,1,1,1,1,1,1,1,1,1,0,0,1,0,0,0,0,1,0,0,0,0,1,0,0,0,1,1,0
41392725,G80,G80 (RG3),5,2674,77961,3470,5,4,2,0,1,1,1,1,1,1,1,1,1,0,0,1,0,0,0,0,1,0,0,0,0,0,1,0,0,1,0,1
41392734,G80,G80 (RG3),5,2739,134658,3470,5,5,10,0,1,1,1,1,1,1,1,1,1,0,0,1,0,0,0,0,1,0,0,0,0,0,0,0,1,1,0,1
41392861,G80,G80 (RG3),5,2688,91734,2497,5,5,2,0,1,1,1,1,1,1,1,1,1,0,0,1,0,0,0,0,1,0,0,0,0,0,1,0,0,1,0,1
41393254,G80,G80 (RG3),5,5580,6789,2497,5,1,0,0,1,1,1,1,1,1,1,1,1,0,0,1,0,0,0,0,1,0,0,0,0,0,1,0,0,1,0,1
41393333,G80,G80,5,1800,136166,3342,5,9,0,0,1,1,1,1,1,1,1,1,1,0,0,1,0,0,0,0,1,0,0,0,0,0,0,1,0,1,0,1
41393917,EQ900,EQ900,0,2089,133303,3778,5,10,3,0,1,1,1,1,1,1,1,1,1,0,0,1,0,0,0,0,1,0,0,0,0,0,1,0,0,1,0,1
41394417,EQ900,EQ900,0,2999,160434,3778,4,10,2,1,1,1,1,1,1,1,1,1,1,0,0,1,0,0,0,0,1,0,0,0,0,0,1,0,0,1,0,1
41394704,G80,G80 (RG3),5,3400,101349,2497,5,4,0,1,1,1,1,1,1,1,1,1,1,0,0,1,0,0,0,0,1,0,0,0,0,0,1,0,0,1,0,1
41394987,GV70,GV70,8,3450,122758,2497,5,3,2,0,1,1,1,1,1,1,1,1,1,0,0,1,0,0,0,0,1,0,0,0,0,0,1,0,0,1,1,0
41396402,GV60,GV60,7,4300,55775,111,5,4,2,0,1,1,1,1,1,1,1,1,1,0,0,1,0,0,0,0,0,0,0,1,0,1,0,0,0,1,1,0
41396669,GV80,GV80,9,5890,14834,3470,7,3,0,0,1,1,1,1,1,1,1,1,1,0,0,1,0,0,0,0,1,0,0,0,0,1,0,0,0,1,1,0
41396906,GV70,GV70,8,6100,4229,2497,5,1,0,1,1,1,1,1,1,1,1,1,1,0,0,1,0,0,0,0,1,0,0,0,0,1,0,0,0,1,1,0
41397915,GV80,GV80,9,5100,15000,2497,6,1,2,1,1,1,1,1,1,1,1,1,1,0,0,1,0,0,0,0,1,0,0,0,0,1,0,0,0,1,1,0
41398195,G80,G80 (RG3),5,3890,80024,2497,5,4,5,1,1,1,1,1,1,1,1,1,1,0,0,1,0,0,0,0,1,0,0,0,0,0,1,0,0,1,0,1
41398467,GV80,GV80,9,6250,4802,2497,5,3,4,0,1,1,1,1,1,1,1,1,1,0,0,1,0,0,0,0,1,0,0,0,0,1,0,0,0,1,1,0
41400115,G80,G80 (RG3),5,2999,178923,3470,5,4,0,0,1,1,1,1,1,1,1,1,1,0,0,1,0,0,0,0,1,0,0,0,0,0,0,1,0,1,0,1
41400711,GV80,GV80,9,4550,97890,2996,5,4,0,0,1,1,1,1,1,1,1,1,1,0,0,1,0,0,0,0,0,0,1,0,0,0,0,0,1,1,1,0
41400762,G70,G70,4,1850,113793,1998,5,8,7,0,1,1,1,1,1,1,1,1,1,0,0,1,0,0,0,0,1,0,0,0,0,0,0,1,0,1,0,1
41401127,G80,G80,5,2749,68426,3342,5,9,14,1,1,1,1,1,1,1,1,1,1,0,0,1,0,0,0,0,1,0,0,0,0,0,1,0,0,1,0,1
41401167,G70,G70,4,2480,46638,1998,5,7,6,1,1,1,1,1,1,1,1,1,1,0,0,1,0,0,0,0,1,0,0,0,0,0,1,0,0,1,0,1
41401744,G80,G80 (RG3),5,3680,33313,3470,5,3,9,0,1,1,1,1,1,1,1,1,1,0,0,1,0,0,0,0,1,0,0,0,0,0,0,0,1,1,0,1
41402201,EQ900,EQ900,0,2449,168225,5038,5,9,13,0,1,1,1,1,1,1,1,1,1,0,0,1,0,0,0,0,1,0,0,0,0,0,1,0,0,1,0,1
41405092,G70,더 뉴 G70,4,3890,42038,1998,5,3,0,0,1,1,1,1,1,1,1,1,1,0,0,1,0,0,0,0,1,0,0,0,0,1,0,0,0,1,0,1
41405758,GV80,GV80,9,4680,93631,2996,6,3,1,1,1,1,1,1,1,1,1,1,1,0,0,1,0,0,0,0,0,0,1,0,0,0,1,0,0,1,1,0
41406187,G70,G70,4,1970,187558,2199,5,8,2,1,1,1,1,1,1,1,1,1,1,0,0,1,0,0,0,0,0,0,1,0,0,1,0,0,0,1,0,1
41407584,G80,G80 (RG3),5,6590,20777,3470,5,2,0,0,1,1,1,1,1,1,1,1,1,0,0,1,0,0,0,0,1,0,0,0,0,1,0,0,0,1,0,1
41407781,G90,G90,6,3190,142183,3778,5,6,0,0,1,1,1,1,1,1,1,1,1,0,0,1,0,0,0,0,1,0,0,0,0,0,1,0,0,1,0,1
41407985,G80,G80,5,1950,116554,3342,5,10,1,0,1,1,1,1,1,1,1,1,1,0,0,1,0,0,0,0,1,0,0,0,0,0,1,0,0,1,0,1
41408157,GV70,GV70,8,4420,57408,2497,5,3,0,1,1,1,1,1,1,1,1,1,1,0,0,1,0,0,0,0,1,0,0,0,0,0,0,1,0,1,1,0
41408943,G80,G80 (RG3),5,5850,19758,2497,5,1,0,0,1,1,1,1,1,1,1,1,1,0,0,1,0,0,0,0,1,0,0,0,0,1,0,0,0,1,0,1
41409828,GV80,GV80,9,4030,111133,2996,5,6,2,0,1,1,1,1,1,1,1,1,1,0,0,1,0,0,0,0,0,0,1,0,0,0,1,0,0,1,1,0
41409905,G90,G90 (RS4),6,3120,44406,3470,5,3,2,0,1,1,1,1,1,1,1,1,1,0,0,1,0,0,0,0,1,0,0,0,0,0,1,0,0,1,0,1
41409972,G80,G80 (RG3),5,2599,168411,2497,5,5,7,0,1,1,1,1,1,1,1,1,1,0,0,1,0,0,0,0,1,0,0,0,0,0,1,0,0,1,0,1
41410518,GV70,GV70,8,4990,37076,2497,5,4,0,1,1,1,1,1,1,1,1,1,1,0,0,1,0,0,0,0,1,0,0,0,0,1,0,0,0,1,1,0
41410986,G70,더 뉴 G70,4,3390,29488,1998,5,6,6,1,1,1,1,1,1,1,1,1,1,0,0,1,0,0,0,0,1,0,0,0,0,0,0,1,0,1,0,1
41412016,G80,G80 (RG3),5,5350,20954,2497,5,2,0,0,1,1,1,1,1,1,1,1,1,0,0,1,0,0,0,0,1,0,0,0,0,0,0,1,0,1,0,1
41412370,EQ900,EQ900,0,2260,108834,3778,5,9,3,0,1,1,1,1,1,1,1,1,1,0,0,1,0,0,0,0,1,0,0,0,0,0,1,0,0,1,0,1
41412663,G90,G90 (RS4),6,8600,37923,3470,4,3,0,1,1,1,1,1,1,1,1,1,1,0,0,1,0,0,0,0,1,0,0,0,0,0,1,0,0,1,0,1
41413510,GV80,GV80 쿠페,9,8990,19243,2497,5,2,0,1,1,1,1,1,1,1,1,1,1,0,0,1,0,0,0,0,1,0,0,0,0,0,1,0,0,1,1,0
41413951,GV80,GV80,9,5799,15384,2497,7,3,0,0,1,1,1,1,1,1,1,1,1,0,0,1,0,0,0,0,1,0,0,0,0,0,1,0,0,1,1,0
41414661,G70,G70,4,2230,150746,1998,5,7,3,1,1,1,1,1,1,1,1,1,1,0,0,1,0,0,0,0,1,0,0,0,0,1,0,0,0,1,0,1
41415128,G80,G80,5,1990,78955,3778,5,10,1,0,1,1,1,1,1,1,1,1,1,0,0,1,0,0,0,0,1,0,0,0,0,0,1,0,0,1,0,1
41416170,G80,G80 (RG3),5,4350,61716,3470,5,4,1,0,1,1,1,1,1,1,1,1,1,0,0,1,0,0,0,0,1,0,0,0,0,0,0,0,1,1,0,1
41416498,G80,G80 (RG3),5,3450,131444,2199,5,5,7,0,1,1,1,1,1,1,1,1,1,0,0,1,0,0,0,0,0,0,1,0,0,0,0,0,1,1,0,1
41416540,G80,G80 (RG3),5,5550,57815,3470,5,2,0,0,1,1,1,1,1,1,1,1,1,0,0,1,0,0,0,0,1,0,0,0,0,0,0,1,0,1,0,1
41416725,GV70,GV70,8,3150,32081,2497,5,5,17,1,1,1,1,1,1,1,1,1,1,0,0,1,0,0,0,0,1,0,0,0,0,1,0,0,0,1,1,0
41417099,G80,G80 (RG3),5,5550,57824,3470,5,2,0,0,1,1,1,1,1,1,1,1,1,0,0,1,0,0,0,0,1,0,0,0,0,0,0,1,0,1,0,1
41417105,GV80,GV80,9,4170,61427,2497,7,6,2,0,1,1,1,1,1,1,1,1,1,0,0,1,0,0,0,0,1,0,0,0,0,1,0,0,0,1,1,0
41417254,EQ900,EQ900,0,1720,148587,3342,5,10,2,0,1,1,1,1,1,1,1,1,1,0,0,1,0,0,0,0,1,0,0,0,0,0,1,0,0,1,0,1
41418192,G70,더 뉴 G70,4,5250,1572,3342,5,2,0,1,1,1,1,1,1,1,1,1,1,0,0,1,0,0,0,0,1,0,0,0,0,0,1,0,0,1,0,1
41419163,GV80,GV80,9,6050,22461,2497,5,2,0,1,1,1,1,1,1,1,1,1,1,0,0,1,0,0,0,0,1,0,0,0,0,0,0,1,0,1,1,0
41419354,GV80,GV80,9,3830,129642,2497,7,6,0,1,1,1,1,1,1,1,1,1,1,0,0,1,0,0,0,0,1,0,0,0,0,0,0,0,1,1,1,0
41420427,GV80,GV80,9,6270,45199,2497,7,3,0,1,1,1,1,1,1,1,1,1,1,0,0,1,0,0,0,0,1,0,0,0,0,1,0,0,0,1,1,0
41420462,G80,G80 (RG3),5,3490,90100,2497,5,6,2,0,1,1,1,1,1,1,1,1,1,0,0,1,0,0,0,0,1,0,0,0,0,0,1,0,0,1,0,1
41420838,GV80,GV80,9,4450,104047,2497,5,6,1,1,1,1,1,1,1,1,1,1,1,0,0,1,0,0,0,0,1,0,0,0,0,0,0,0,1,1,1,0
41422074,G80,G80 (RG3),5,4580,36398,2497,5,3,2,1,1,1,1,1,1,1,1,1,1,0,0,1,0,0,0,0,1,0,0,0,0,1,0,0,0,1,0,1
41424520,GV80,GV80,9,3240,181648,3470,7,5,7,0,1,1,1,1,1,1,1,1,1,0,0,1,0,0,0,0,1,0,0,0,0,1,0,0,0,1,1,0
41427199,G80,G80 (RG3),5,5790,20832,3470,5,2,0,1,1,1,1,1,1,1,1,1,1,0,0,1,0,0,0,0,1,0,0,0,0,1,0,0,0,1,0,1
41427343,G80,G80 (RG3),5,3999,85861,2497,5,5,9,1,1,1,1,1,1,1,1,1,1,0,0,1,0,0,0,0,1,0,0,0,0,1,0,0,0,1,0,1
41427424,G80,G80 (RG3),5,3290,81409,2497,5,4,0,0,1,1,1,1,1,1,1,1,1,0,0,1,0,0,0,0,1,0,0,0,0,1,0,0,0,1,0,1
41427453,GV80,GV80,9,6510,19593,3470,6,2,0,1,1,1,1,1,1,1,1,1,1,0,0,1,0,0,0,0,1,0,0,0,0,0,1,0,0,1,1,0
41427473,G80,G80 (RG3),5,4910,21257,3470,5,4,0,0,1,1,1,1,1,1,1,1,1,0,0,1,0,0,0,0,1,0,0,0,0,0,0,0,1,1,0,1
41427506,G80,G80 (RG3),5,5920,21921,3470,5,2,0,0,1,1,1,1,1,1,1,1,1,0,0,1,0,0,0,0,1,0,0,0,0,1,0,0,0,1,0,1
41427609,GV70,GV70,8,3899,32829,2497,5,4,2,0,1,1,1,1,1,1,1,1,1,0,0,1,0,0,0,0,1,0,0,0,0,1,0,0,0,1,1,0
41428350,GV70,GV70,8,4750,36583,2497,5,2,0,1,1,1,1,1,1,1,1,1,1,0,0,1,0,0,0,0,1,0,0,0,0,1,0,0,0,1,1,0
41428369,GV70,GV70,8,3990,71861,2151,5,5,0,1,1,1,1,1,1,1,1,1,1,0,0,1,0,0,0,0,0,0,1,0,0,0,0,0,1,1,1,0
41428621,G70,G70,4,2550,90242,3342,5,8,4,1,1,1,1,1,1,1,1,1,1,0,0,1,0,0,0,0,1,0,0,0,0,0,0,1,0,1,0,1
41428930,G90,G90,6,4370,100034,3778,4,6,2,0,1,1,1,1,1,1,1,1,1,0,0,1,0,0,0,0,1,0,0,0,0,0,1,0,0,1,0,1
41429615,GV80,GV80,9,6250,46625,2497,5,2,1,0,1,1,1,1,1,1,1,1,1,0,0,1,0,0,0,0,1,0,0,0,0,0,0,1,0,1,1,0
41429823,G80,G80 (RG3),5,3490,82277,2497,5,5,1,0,1,1,1,1,1,1,1,1,1,0,0,1,0,0,0,0,1,0,0,0,0,0,0,1,0,1,0,1
41429856,GV80,GV80,9,4900,84182,2996,5,5,5,0,1,1,1,1,1,1,1,1,1,0,0,1,0,0,0,0,0,0,1,0,0,1,0,0,0,1,1,0
41430033,G80,G80 (RG3),5,3390,120066,2497,5,6,1,0,1,1,1,1,1,1,1,1,1,0,0,1,0,0,0,0,1,0,0,0,0,0,0,1,0,1,0,1
41430056,G70,G70,4,2950,71147,3342,5,8,1,0,1,1,1,1,1,1,1,1,1,0,0,1,0,0,0,0,1,0,0,0,0,0,0,1,0,1,0,1
41430523,EQ900,EQ900,0,1890,179827,3778,5,10,5,1,1,1,1,1,1,1,1,1,1,0,0,1,0,0,0,0,1,0,0,0,0,0,1,0,0,1,0,1
41430955,G80,G80,5,1750,147347,3342,5,8,19,0,1,1,1,1,1,1,1,1,1,0,0,1,0,0,0,0,1,0,0,0,0,0,0,1,0,1,0,1
41430983,GV80,GV80,9,3499,169695,3470,5,6,1,0,1,1,1,1,1,1,1,1,1,0,0,1,0,0,0,0,1,0,0,0,0,0,0,1,0,1,1,0
41431385,GV70,GV70,8,4560,31869,2497,5,3,6,1,1,1,1,1,1,1,1,1,1,0,0,1,0,0,0,0,1,0,0,0,0,1,0,0,0,1,1,0
41431660,G80,G80 (RG3),5,3390,43462,2497,5,6,1,0,1,1,1,1,1,1,1,1,1,0,0,1,0,0,0,0,1,0,0,0,0,0,0,0,1,1,0,1
41431886,GV80,GV80,9,5150,67309,3470,7,5,2,1,1,1,1,1,1,1,1,1,1,0,0,1,0,0,0,0,1,0,0,0,0,0,0,0,1,1,1,0
41432131,G80,G80 (RG3),5,2820,152722,2497,5,5,7,0,1,1,1,1,1,1,1,1,1,0,0,1,0,0,0,0,1,0,0,0,0,0,0,0,1,1,0,1
41433207,G80,G80,5,2050,95597,3342,5,7,1,0,1,1,1,1,1,1,1,1,1,0,0,1,0,0,0,0,1,0,0,0,0,0,0,1,0,1,0,1
41433832,G70,G70,4,2350,86299,1998,5,6,4,1,1,1,1,1,1,1,1,1,1,0,0,1,0,0,0,0,1,0,0,0,0,1,0,0,0,1,0,1
41433907,GV70,GV70,8,4249,85644,2497,5,5,2,1,1,1,1,1,1,1,1,1,1,0,0,1,0,0,0,0,1,0,0,0,0,1,0,0,0,1,1,0
41434213,G80,G80,5,1799,171192,3342,5,8,3,1,1,1,1,1,1,1,1,1,1,0,0,1,0,0,0,0,1,0,0,0,0,1,0,0,0,1,0,1
41434464,G80,G80 (RG3),5,5990,12442,3470,5,2,0,0,1,1,1,1,1,1,1,1,1,0,0,1,0,0,0,0,1,0,0,0,0,0,1,0,0,1,0,1
41436048,G80,일렉트리파이드 G80 (RG3),5,5090,96510,167,5,5,2,0,1,1,1,1,1,1,1,1,1,0,0,1,0,0,0,0,0,0,0,1,0,0,1,0,0,1,0,1
41436097,GV70,GV70,8,3475,68392,2151,5,5,3,0,1,1,1,1,1,1,1,1,1,0,0,1,0,0,0,0,0,0,1,0,0,1,0,0,0,1,1,0
41436570,GV80,GV80,9,4700,78373,2996,5,5,0,1,1,1,1,1,1,1,1,1,1,0,0,1,0,0,0,0,0,0,1,0,0,0,0,1,0,1,1,0
41437969,GV80,GV80,9,4980,69307,2497,5,5,6,0,1,1,1,1,1,1,1,1,1,0,0,1,0,0,0,0,1,0,0,0,0,1,0,0,0,1,1,0
41438267,GV80,GV80,9,5390,31987,2497,5,5,0,0,1,1,1,1,1,1,1,1,1,0,0,1,0,0,0,0,1,0,0,0,0,1,0,0,0,1,1,0
41438564,G70,G70,4,2690,52261,1998,5,6,1,0,1,1,1,1,1,1,1,1,1,0,0,1,0,0,0,0,1,0,0,0,0,0,0,0,1,1,0,1
41438640,GV80,GV80,9,4550,80388,2497,5,4,2,0,1,1,1,1,1,1,1,1,1,0,0,1,0,0,0,0,1,0,0,0,0,0,0,0,1,1,1,0
41443014,G70,G70,4,2390,85854,1998,5,8,3,1,1,1,1,1,1,1,1,1,1,0,0,1,0,0,0,0,1,0,0,0,0,0,0,0,1,1,0,1
41443036,GV80,GV80,9,2670,326481,2996,5,6,1,0,1,1,1,1,1,1,1,1,1,0,0,1,0,0,0,0,0,0,1,0,0,0,0,0,1,1,1,0
41443138,GV70,GV70,8,3980,98345,2497,5,4,5,0,1,1,1,1,1,1,1,1,1,0,0,1,0,0,0,0,1,0,0,0,0,0,0,1,0,1,1,0
41443173,G80,G80 (RG3),5,3250,163027,2497,5,5,5,1,1,1,1,1,1,1,1,1,1,0,0,1,0,0,0,0,1,0,0,0,0,0,0,1,0,1,0,1
41443730,G90,G90,6,3580,111908,3778,5,6,2,0,1,1,1,1,1,1,1,1,1,0,0,1,0,0,0,0,1,0,0,0,0,0,1,0,0,1,0,1
41444519,G70,더 뉴 G70,4,3040,73026,1998,5,5,1,1,1,1,1,1,1,1,1,1,1,0,0,1,0,0,0,0,1,0,0,0,0,0,0,0,1,1,0,1
41445916,G80,G80,5,1750,193726,2199,5,8,2,0,1,1,1,1,1,1,1,1,1,0,0,1,0,0,0,0,0,0,1,0,0,0,1,0,0,1,0,1
41446129,GV70,일렉트리파이드 GV70,8,5650,40915,111,5,4,0,1,1,1,1,1,1,1,1,1,1,0,0,1,0,0,0,0,0,0,0,1,0,1,0,0,0,1,1,0
41446401,GV80,GV80,9,4450,100164,2996,5,5,1,0,1,1,1,1,1,1,1,1,1,0,0,1,0,0,0,0,0,0,1,0,0,0,1,0,0,1,1,0
41446586,G70,더 뉴 G70,4,3350,40791,1998,5,6,2,1,1,1,1,1,1,1,1,1,1,0,0,1,0,0,0,0,1,0,0,0,0,1,0,0,0,1,0,1
41447630,G80,G80,5,1850,57741,3342,5,7,9,0,1,1,1,1,1,1,1,1,1,0,0,1,0,0,0,0,1,0,0,0,0,0,1,0,0,1,0,1
41447697,G80,G80 (RG3),5,3050,73344,2497,5,4,27,0,1,1,1,1,1,1,1,1,1,0,0,1,0,0,0,0,1,0,0,0,0,0,0,0,1,1,0,1
41449105,GV80,GV80,9,5850,33527,2497,5,3,0,0,1,1,1,1,1,1,1,1,1,0,0,1,0,0,0,0,1,0,0,0,0,0,1,0,0,1,1,0
41449356,GV70,GV70,8,2750,205893,2151,5,5,3,1,1,1,1,1,1,1,1,1,1,0,0,1,0,0,0,0,0,0,1,0,0,1,0,0,0,1,1,0
41449981,G90,G90,6,3659,124469,3342,5,6,0,0,1,1,1,1,1,1,1,1,1,0,0,1,0,0,0,0,1,0,0,0,0,0,1,0,0,1,0,1
41450241,G80,G80 (RG3),5,3280,116013,2199,5,5,0,0,1,1,1,1,1,1,1,1,1,0,0,1,0,0,0,0,0,0,1,0,0,0,1,0,0,1,0,1
41450903,GV70,GV70,8,4340,38934,2497,5,5,0,0,1,1,1,1,1,1,1,1,1,0,0,1,0,0,0,0,1,0,0,0,0,1,0,0,0,1,1,0
41451001,G90,G90,6,3590,114086,3778,5,6,1,0,1,1,1,1,1,1,1,1,1,0,0,1,0,0,0,0,1,0,0,0,0,0,1,0,0,1,0,1
41451266,G80,G80 (RG3),5,3590,76524,2497,5,6,0,0,1,1,1,1,1,1,1,1,1,0,0,1,0,0,0,0,1,0,0,0,0,0,1,0,0,1,0,1
41453059,GV80,GV80,9,4490,68321,2497,5,5,2,0,1,1,1,1,1,1,1,1,1,0,0,1,0,0,0,0,1,0,0,0,0,0,1,0,0,1,1,0
41453099,GV80,GV80,9,6720,24548,2497,5,2,1,1,1,1,1,1,1,1,1,1,1,0,0,1,0,0,0,0,1,0,0,0,0,0,1,0,0,1,1,0
41453387,G70,더 뉴 G70,4,3499,29216,3342,5,4,11,1,1,1,1,1,1,1,1,1,1,0,0,1,0,0,0,0,1,0,0,0,0,0,0,1,0,1,0,1
41453727,GV70,GV70,8,4150,51644,2497,5,5,5,1,1,1,1,1,1,1,1,1,1,0,0,1,0,0,0,0,1,0,0,0,0,0,0,1,0,1,1,0
41453743,GV70,일렉트리파이드 GV70,8,4890,136539,111,5,4,1,0,1,1,1,1,1,1,1,1,1,0,0,1,0,0,0,0,0,0,0,1,0,1,0,0,0,1,1,0
41453968,G80,G80 (RG3),5,3440,82526,2199,5,5,0,0,1,1,1,1,1,1,1,1,1,0,0,1,0,0,0,0,0,0,1,0,0,0,0,1,0,1,0,1
41454140,GV80,GV80,9,6650,28413,2497,5,3,2,1,1,1,1,1,1,1,1,1,1,0,0,1,0,0,0,0,1,0,0,0,0,1,0,0,0,1,1,0
41454546,GV80,GV80,9,4399,112581,2497,7,5,2,0,1,1,1,1,1,1,1,1,1,0,0,1,0,0,0,0,1,0,0,0,0,1,0,0,0,1,1,0
41454570,G80,G80 (RG3),5,3860,87886,3470,5,3,1,0,1,1,1,1,1,1,1,1,1,0,0,1,0,0,0,0,1,0,0,0,0,0,1,0,0,1,0,1
41455300,GV80,GV80,9,6650,31209,2497,5,2,1,1,1,1,1,1,1,1,1,1,1,0,0,1,0,0,0,0,1,0,0,0,0,1,0,0,0,1,1,0
41455363,G90,G90 (RS4),6,8230,89086,3470,4,3,2,0,1,1,1,1,1,1,1,1,1,0,0,1,0,0,0,0,1,0,0,0,0,0,1,0,0,1,0,1
41457970,G80,G80 (RG3),5,5290,31824,2497,5,4,0,1,1,1,1,1,1,1,1,1,1,0,0,1,0,0,0,0,1,0,0,0,0,1,0,0,0,1,0,1
41458510,G70,더 뉴 G70,4,2739,67349,1998,5,5,2,1,1,1,1,1,1,1,1,0,1,0,0,1,0,0,0,0,1,0,0,0,0,0,0,0,1,1,0,1
41458587,G90,G90,6,3390,128056,3778,5,6,9,1,1,1,1,1,1,1,1,1,1,0,0,1,0,0,0,0,1,0,0,0,0,0,0,1,0,1,0,1
41458682,GV80,GV80,9,3790,97525,2996,5,6,2,0,1,1,1,1,1,1,1,1,1,0,0,1,0,0,0,0,0,0,1,0,0,0,0,0,1,1,1,0
41459001,GV70,GV70,8,3650,74869,2497,5,3,10,0,1,1,1,1,1,1,1,1,1,0,0,1,0,0,0,0,1,0,0,0,0,1,0,0,0,1,1,0
41459212,G90,G90 (RS4),6,7500,62178,3470,5,4,2,0,1,1,1,1,1,1,1,1,1,0,0,1,0,0,0,0,1,0,0,0,0,0,1,0,0,1,0,1
41459342,GV80,GV80,9,3999,106198,2996,7,6,1,0,1,1,1,1,1,1,1,1,1,0,0,1,0,0,0,0,0,0,1,0,0,0,0,0,1,1,1,0
41459489,G80,G80 (RG3),5,6790,13096,2497,5,1,0,1,1,1,1,1,1,1,1,1,1,0,0,1,0,0,0,0,1,0,0,0,0,1,0,0,0,1,0,1
41459530,GV80,GV80,9,6090,56863,3470,6,3,0,0,1,1,1,1,1,1,1,1,1,0,0,1,0,0,0,0,1,0,0,0,0,0,0,1,0,1,1,0
41459877,GV80,GV80,9,6620,20357,2497,5,2,0,0,1,1,1,1,1,1,1,1,1,0,0,1,0,0,0,0,1,0,0,0,0,1,0,0,0,1,1,0
41460154,G80,G80 (RG3),5,4500,49796,2497,5,3,2,1,1,1,1,1,1,1,1,1,1,0,0,1,0,0,0,0,1,0,0,0,0,1,0,0,0,1,0,1
41460624,G70,G70,4,1780,104524,1998,5,8,0,1,1,1,1,1,1,1,1,1,1,0,0,1,0,0,0,0,1,0,0,0,0,0,0,1,0,1,0,1
41460784,G80,G80 (RG3),5,3490,86666,2497,5,4,3,0,1,1,1,1,1,1,1,1,1,0,0,1,0,0,0,0,1,0,0,0,0,0,1,0,0,1,0,1
41461554,G80,G80 (RG3),5,2790,152660,3470,5,6,0,0,1,1,1,1,1,1,1,1,1,0,0,1,0,0,0,0,1,0,0,0,0,0,1,0,0,1,0,1
41461556,GV70,GV70,8,3990,120166,2497,5,4,4,1,1,1,1,1,1,1,1,1,1,0,0,1,0,0,0,0,1,0,0,0,0,1,0,0,0,1,1,0
41461931,GV80,GV80,9,5850,36575,2497,5,3,0,0,1,1,1,1,1,1,1,1,1,0,0,1,0,0,0,0,1,0,0,0,0,0,1,0,0,1,1,0
41462383,EQ900,EQ900,0,2060,146308,3342,5,10,4,0,1,1,1,1,1,1,1,1,1,0,0,1,0,0,0,0,1,0,0,0,0,0,1,0,0,1,0,1
41462431,G80,G80 (RG3),5,5720,15910,2497,5,3,0,1,1,1,1,1,1,1,1,1,1,0,0,1,0,0,0,0,1,0,0,0,0,0,1,0,0,1,0,1
41462436,GV80,GV80,9,3080,273470,3470,5,5,18,1,1,1,1,1,1,1,1,1,1,0,0,1,0,0,0,0,1,0,0,0,0,0,0,1,0,1,1,0
41462993,G80,G80,5,2850,51429,3342,5,8,4,1,1,1,1,1,1,1,1,1,1,0,0,1,0,0,0,0,1,0,0,0,0,0,0,1,0,1,0,1
41463072,GV80,GV80,9,3950,159206,2497,5,4,0,1,1,1,1,1,1,1,1,1,1,0,0,1,0,0,0,0,1,0,0,0,0,0,0,1,0,1,1,0
41463459,G80,G80 (RG3),5,3330,74878,3470,5,6,0,0,1,1,1,1,1,1,1,1,1,0,0,1,0,0,0,0,1,0,0,0,0,0,1,0,0,1,0,1
41464942,G90,G90,6,2890,170602,3778,5,7,0,0,1,1,1,1,1,1,1,1,1,0,0,1,0,0,0,0,1,0,0,0,0,0,0,0,1,1,0,1
41466028,GV80,GV80,9,8888,151179,2996,5,6,6,0,1,1,1,1,1,1,1,1,1,0,0,1,0,0,0,0,0,0,1,0,0,0,0,1,0,1,1,0
41466135,G90,G90,6,2549,167975,3778,5,7,1,0,1,1,1,1,1,1,1,1,1,0,0,1,0,0,0,0,1,0,0,0,0,0,0,1,0,1,0,1
41466739,GV80,GV80,9,4750,45962,2497,7,5,6,1,1,1,1,1,1,1,1,1,1,0,0,1,0,0,0,0,1,0,0,0,0,1,0,0,0,1,1,0
41466936,GV80,GV80,9,6990,24517,3470,5,3,0,1,1,1,1,1,1,1,1,1,1,0,0,1,0,0,0,0,1,0,0,0,0,1,0,0,0,1,1,0
41467276,G80,G80,5,1830,127661,3342,5,9,0,0,1,1,1,1,1,1,1,1,1,0,0,1,0,0,0,0,1,0,0,0,0,0,1,0,0,1,0,1
41467302,GV70,GV70,8,4750,43284,2497,5,4,5,1,1,1,1,1,1,1,1,1,1,0,0,1,0,0,0,0,1,0,0,0,0,1,0,0,0,1,1,0
41467433,GV70,GV70,8,3550,101204,2497,5,5,3,0,1,1,1,1,1,1,1,1,1,0,0,1,0,0,0,0,1,0,0,0,0,0,0,1,0,1,1,0
41467570,G80,G80 (RG3),5,3730,77136,3470,5,4,1,1,1,1,1,1,1,1,1,1,1,0,0,1,0,0,0,0,1,0,0,0,0,0,1,0,0,1,0,1
41467999,G80,G80 (RG3),5,7777,104097,2497,5,5,6,1,1,1,1,1,1,1,1,1,1,0,0,1,0,0,0,0,1,0,0,0,0,0,0,0,1,1,0,1
41469929,GV80,GV80 쿠페,9,7620,37741,2497,5,2,2,1,1,1,1,1,1,1,1,1,1,0,0,1,0,0,0,0,1,0,0,0,0,0,0,0,1,1,1,0
41470459,G70,더 뉴 G70,4,2890,41537,1998,5,3,2,0,0,0,0,0,0,0,0,0,0,0,0,1,0,0,0,0,1,0,0,0,0,0,0,1,0,1,0,1
41470598,G80,G80 (RG3),5,3750,47659,3470,5,6,0,0,1,1,1,1,1,1,1,1,1,0,0,1,0,0,0,0,1,0,0,0,0,0,0,0,1,1,0,1
41471181,GV80,GV80 쿠페,9,7899,21322,2497,5,2,2,1,1,1,1,1,1,1,1,1,1,0,0,1,0,0,0,0,1,0,0,0,0,0,0,1,0,1,1,0
41471411,GV80,GV80,9,5340,41828,3470,5,4,0,0,1,1,1,1,1,1,1,1,1,0,0,1,0,0,0,0,1,0,0,0,0,1,0,0,0,1,1,0
41471757,G70,더 뉴 G70,4,3850,24505,1998,5,4,0,0,1,1,1,1,1,1,1,1,1,0,0,1,0,0,0,0,1,0,0,0,0,1,0,0,0,1,0,1
41472033,GV80,GV80,9,4990,72614,2497,5,4,4,0,1,1,1,1,1,1,1,1,1,0,0,1,0,0,0,0,1,0,0,0,0,1,0,0,0,1,1,0
41472310,G80,G80 (RG3),5,7600,5583,2497,5,1,0,1,1,1,1,1,1,1,1,1,1,0,0,1,0,0,0,0,1,0,0,0,0,0,1,0,0,1,0,1
41472638,GV70,GV70,8,3690,97507,2497,5,5,5,1,1,1,1,1,1,1,1,1,1,0,0,1,0,0,0,0,1,0,0,0,0,1,0,0,0,1,1,0
41473185,GV70,GV70,8,4820,11213,2497,5,2,4,1,1,1,1,1,1,1,1,1,1,0,0,1,0,0,0,0,1,0,0,0,0,1,0,0,0,1,1,0
41473265,G90,G90 (RS4),6,1706,108650,3470,5,4,0,0,1,1,1,1,1,1,1,1,1,0,0,1,0,0,0,0,1,0,0,0,0,0,0,0,1,1,0,1
41474263,GV70,GV70,8,4500,22296,2497,5,3,2,0,1,1,1,1,1,1,1,1,1,0,0,1,0,0,0,0,1,0,0,0,0,1,0,0,0,1,1,0
41474481,GV80,GV80,9,5848,53551,2497,5,2,0,1,1,1,1,1,1,1,1,1,1,0,0,1,0,0,0,0,1,0,0,0,0,1,0,0,0,1,1,0
41474603,G90,G90,6,4900,45466,3778,4,7,0,1,1,1,1,1,1,1,1,1,1,0,0,1,0,0,0,0,1,0,0,0,0,0,1,0,0,1,0,1
41475280,G80,G80 (RG3),5,3850,78462,2497,5,5,1,1,1,1,1,1,1,1,1,1,1,0,0,1,0,0,0,0,1,0,0,0,0,1,0,0,0,1,0,1
41475455,G80,G80 (RG3),5,3450,84107,3470,5,4,4,0,1,1,1,1,1,1,1,1,1,0,0,1,0,0,0,0,1,0,0,0,0,0,1,0,0,1,0,1
41475617,GV70,GV70,8,4350,45174,2497,5,3,6,1,1,1,1,1,1,1,1,1,1,0,0,1,0,0,0,0,1,0,0,0,0,0,0,0,1,1,1,0
41475804,G80,G80 (RG3),5,3000,45815,2497,5,6,11,0,1,1,1,1,1,1,1,1,1,0,0,1,0,0,0,0,1,0,0,0,0,0,1,0,0,1,0,1
41475954,G80,G80,5,1950,17958,3342,5,10,13,0,1,1,1,1,1,1,1,1,1,0,0,1,0,0,0,0,1,0,0,0,0,0,1,0,0,1,0,1
41475967,GV70,GV70,8,4200,38698,3470,5,5,0,1,1,1,1,1,1,1,1,1,1,0,0,1,0,0,0,0,1,0,0,0,0,0,0,0,1,1,1,0
41476948,GV80,GV80,9,5700,53430,3470,6,4,2,0,1,1,1,1,1,1,1,1,1,0,0,1,0,0,0,0,1,0,0,0,0,1,0,0,0,1,1,0
41477229,GV80,GV80,9,4600,63454,2497,5,6,2,1,1,1,1,1,1,1,1,1,1,0,0,1,0,0,0,0,1,0,0,0,0,1,0,0,0,1,1,0
41478008,GV80,GV80,9,5850,39041,2497,5,5,1,1,1,1,1,1,1,1,1,1,1,0,0,1,0,0,0,0,1,0,0,0,0,0,0,1,0,1,1,0
41478356,GV80,GV80,9,4380,99516,2497,5,4,5,0,1,1,1,1,1,1,1,1,1,0,0,1,0,0,0,0,1,0,0,0,0,1,0,0,0,1,1,0
41478357,G70,G70,4,2299,62639,1998,5,7,3,0,1,1,1,1,1,1,1,1,1,0,0,1,0,0,0,0,1,0,0,0,0,0,0,1,0,1,0,1
41478532,G80,G80 (RG3),5,6410,18422,2497,5,2,0,0,1,1,1,1,1,1,1,1,1,0,0,1,0,0,0,0,1,0,0,0,0,0,1,0,0,1,0,1
41478719,G90,G90 (RS4),6,7490,17604,3470,5,4,2,0,1,1,1,1,1,1,1,1,1,0,0,1,0,0,0,0,1,0,0,0,0,0,1,0,0,1,0,1
41478911,GV80,GV80,9,4930,42550,2497,5,5,2,1,1,1,1,1,1,1,1,1,1,0,0,1,0,0,0,0,1,0,0,0,0,0,0,1,0,1,1,0
41479328,GV80,GV80,9,5350,60379,2497,5,4,2,1,1,1,1,1,1,1,1,1,1,0,0,1,0,0,0,0,1,0,0,0,0,1,0,0,0,1,1,0
41479579,GV80,GV80,9,4490,131600,2996,5,4,0,0,1,1,1,1,1,1,1,1,1,0,0,1,0,0,0,0,0,0,1,0,0,0,1,0,0,1,1,0
41479915,GV60,GV60,7,3720,121832,111,5,5,1,0,1,1,1,1,1,1,1,1,1,0,0,1,0,0,0,0,0,0,0,1,0,1,0,0,0,1,1,0
41480357,G80,G80 (RG3),5,4350,59219,2497,5,5,0,1,1,1,1,1,1,1,1,1,1,0,0,1,0,0,0,0,1,0,0,0,0,1,0,0,0,1,0,1
41480461,G90,G90 (RS4),6,8399,34738,3470,5,2,1,0,1,1,1,1,1,1,1,1,1,0,0,1,0,0,0,0,1,0,0,0,0,0,1,0,0,1,0,1
41480891,GV70,GV70,8,3790,81223,3470,5,4,2,1,1,1,1,1,1,1,1,1,1,0,0,1,0,0,0,0,1,0,0,0,0,0,0,0,1,1,1,0
41481650,GV80,GV80,9,4755,61961,2497,5,4,2,0,1,1,1,1,1,1,1,1,1,0,0,1,0,0,0,0,1,0,0,0,0,1,0,0,0,1,1,0
41482742,GV70,GV70,8,5050,20461,2497,5,4,3,1,1,1,1,1,1,1,1,1,1,0,0,1,0,0,0,0,1,0,0,0,0,1,0,0,0,1,1,0
41482750,GV80,GV80,9,6880,35357,2497,5,2,0,1,1,1,1,1,1,1,1,1,1,0,0,1,0,0,0,0,1,0,0,0,0,1,0,0,0,1,1,0
41482771,G80,G80 (RG3),5,6450,13415,2497,5,2,0,1,1,1,1,1,1,1,1,1,1,0,0,1,0,0,0,0,1,0,0,0,0,1,0,0,0,1,0,1
41482903,G90,G90 (RS4),6,5150,131156,3470,5,4,0,0,1,1,1,1,1,1,1,1,1,0,0,1,0,0,0,0,1,0,0,0,0,0,0,1,0,1,0,1
41482965,G70,G70,4,2050,94543,3342,5,7,10,0,1,1,1,1,1,1,1,1,1,0,0,1,0,0,0,0,1,0,0,0,0,0,0,0,1,1,0,1
41483040,G80,G80 (RG3),5,3390,76087,2497,5,6,1,0,1,1,1,1,1,1,1,1,1,0,0,1,0,0,0,0,1,0,0,0,0,0,0,0,1,1,0,1
41483124,GV70,GV70,8,4100,67425,2497,5,5,0,0,1,1,1,1,1,1,1,1,1,0,0,1,0,0,0,0,1,0,0,0,0,1,0,0,0,1,1,0
41483135,GV80,GV80,9,7660,6439,3470,7,2,0,1,1,1,1,1,1,1,1,1,1,0,0,1,0,0,0,0,1,0,0,0,0,1,0,0,0,1,1,0
41483258,G90,G90,6,3390,75896,3778,5,7,2,0,1,1,1,1,1,1,1,1,1,0,0,1,0,0,0,0,1,0,0,0,0,0,1,0,0,1,0,1
41483433,GV70,GV70,8,4190,86273,2497,5,2,4,0,1,1,1,1,1,1,1,1,1,0,0,1,0,0,0,0,1,0,0,0,0,1,0,0,0,1,1,0
41483732,GV70,GV70,8,4420,46132,2151,5,4,3,0,1,1,1,1,1,1,1,1,1,0,0,1,0,0,0,0,0,0,1,0,0,1,0,0,0,1,1,0
41483929,G90,G90 (RS4),6,7770,71811,3470,5,3,1,0,1,1,1,1,1,1,1,1,1,0,0,1,0,0,0,0,1,0,0,0,0,0,1,0,0,1,0,1
41484202,G80,G80,5,2290,68567,3342,5,8,0,0,1,1,1,1,1,1,1,1,1,0,0,1,0,0,0,0,1,0,0,0,0,0,0,1,0,1,0,1
41484420,G70,G70,4,2690,64178,3342,5,7,5,1,1,1,1,1,1,1,1,1,1,0,0,1,0,0,0,0,1,0,0,0,0,0,0,0,1,1,0,1
41484507,G90,G90,6,2149,277587,3342,5,7,1,0,1,1,1,1,1,1,1,1,1,0,0,1,0,0,0,0,1,0,0,0,0,0,0,0,1,1,0,1
41485016,EQ900,EQ900,0,2150,137857,3778,5,9,4,0,1,1,1,1,1,1,1,1,1,0,0,1,0,0,0,0,1,0,0,0,0,0,1,0,0,1,0,1
41485321,GV80,GV80,9,6750,32536,2497,7,2,0,0,1,1,1,1,1,1,1,1,1,0,0,1,0,0,0,0,1,0,0,0,0,1,0,0,0,1,1,0
41485857,G80,G80 (RG3),5,3590,84867,3470,5,5,1,0,1,1,1,1,1,1,1,1,1,0,0,1,0,0,0,0,1,0,0,0,0,0,1,0,0,1,0,1
41486454,GV70,GV70,8,3890,70692,2497,5,3,7,1,1,1,1,1,1,1,1,1,0,0,0,1,0,0,0,0,1,0,0,0,0,0,0,0,1,1,1,0
41486727,GV70,GV70,8,4190,71648,2497,5,4,0,1,1,1,1,1,1,1,1,1,1,0,0,1,0,0,0,0,1,0,0,0,0,1,0,0,0,1,1,0
41487208,G90,G90,6,3740,97081,5038,5,7,5,0,1,1,1,1,1,1,1,1,1,0,0,1,0,0,0,0,1,0,0,0,0,0,1,0,0,1,0,1
41487245,GV80,GV80,9,4250,127676,2996,5,5,0,0,1,1,1,1,1,1,1,1,1,0,0,1,0,0,0,0,0,0,1,0,0,0,0,1,0,1,1,0
41487254,G70,G70,4,2299,117700,2199,5,7,5,1,1,1,1,1,1,1,1,1,1,0,0,1,0,0,0,0,0,0,1,0,0,0,1,0,0,1,0,1
41487990,GV70,GV70,8,3860,107695,2497,5,5,0,1,1,1,1,1,1,1,1,1,1,0,0,1,0,0,0,0,1,0,0,0,0,0,0,1,0,1,1,0
41488052,G80,G80 (RG3),5,5300,9863,2497,5,2,3,0,1,1,1,1,1,1,1,1,1,0,0,1,0,0,0,0,1,0,0,0,0,0,1,0,0,1,0,1
41488340,G80,G80 (RG3),5,4299,27052,3470,5,5,2,0,0,0,0,0,0,0,0,0,0,0,0,1,0,0,0,0,1,0,0,0,0,0,0,1,0,1,0,1
41488590,G80,G80 (RG3),5,3030,135008,3470,5,5,1,0,1,1,1,1,1,1,1,1,1,0,0,1,0,0,0,0,1,0,0,0,0,0,0,1,0,1,0,1
41489088,G80,G80,5,2200,87029,3778,5,10,5,0,1,1,1,1,1,1,1,1,1,0,0,1,0,0,0,0,1,0,0,0,0,0,0,0,1,1,0,1
41489188,EQ900,EQ900,0,1750,142005,3778,5,10,13,1,1,1,1,1,1,1,1,1,1,0,0,1,0,0,0,0,1,0,0,0,0,0,1,0,0,1,0,1
41489420,G90,G90,6,3390,133006,3778,5,6,0,0,1,1,1,1,1,1,1,1,1,0,0,1,0,0,0,0,1,0,0,0,0,0,0,1,0,1,0,1
41489454,GV80,GV80,9,3320,230628,2996,5,6,3,1,1,1,1,1,1,1,1,1,1,0,0,1,0,0,0,0,0,0,1,0,0,1,0,0,0,1,1,0
41491354,G80,G80,5,2300,52096,3342,5,10,7,1,1,1,1,1,1,1,1,1,1,0,0,1,0,0,0,0,1,0,0,0,0,0,0,1,0,1,0,1
41493376,GV80,GV80,9,7750,6036,3470,5,2,0,1,1,1,1,1,1,1,1,1,1,0,0,1,0,0,0,0,1,0,0,0,0,0,1,0,0,1,1,0
41493550,GV80,GV80,9,5190,75679,2996,5,5,0,1,1,1,1,1,1,1,1,1,1,0,0,1,0,0,0,0,0,0,1,0,0,1,0,0,0,1,1,0
41494153,GV70,GV70,8,5390,9987,2497,5,2,2,1,1,1,1,1,1,1,1,1,1,0,0,1,0,0,0,0,1,0,0,0,0,1,0,0,0,1,1,0
41494391,G90,G90,6,2499,208000,3778,5,6,10,0,1,1,1,1,1,1,1,1,1,0,0,1,0,0,0,0,1,0,0,0,0,0,0,1,0,1,0,1
41494507,GV80,GV80,9,4050,113479,2996,7,4,0,0,1,1,1,1,1,1,1,1,1,0,0,1,0,0,0,0,0,0,1,0,0,0,1,0,0,1,1,0
41494680,G80,G80 (RG3),5,3500,76321,2497,5,6,1,0,1,1,1,1,1,1,1,1,1,0,0,1,0,0,0,0,1,0,0,0,0,0,0,1,0,1,0,1
41494765,GV80,GV80,9,6590,15021,3470,5,2,0,0,1,1,1,1,1,1,1,1,1,0,0,1,0,0,0,0,1,0,0,0,0,1,0,0,0,1,1,0
41495305,G70,더 뉴 G70,4,3790,20526,2497,5,3,4,0,1,1,1,1,1,1,1,1,1,0,0,1,0,0,0,0,1,0,0,0,0,0,0,1,0,1,0,1
41495492,G70,더 뉴 G70,4,2740,93905,1998,5,4,2,0,1,1,1,1,1,1,1,1,1,0,0,1,0,0,0,0,1,0,0,0,0,0,0,0,1,1,0,1
41495756,GV80,GV80,9,4970,110324,2996,5,4,16,0,1,1,1,1,1,1,1,1,1,0,0,1,0,0,0,0,0,0,1,0,0,0,1,0,0,1,1,0
41495963,GV70,일렉트리파이드 GV70,8,5700,54858,111,5,4,0,1,1,1,1,1,1,1,1,1,1,0,0,1,0,0,0,0,0,0,0,1,0,0,0,0,1,1,1,0
41496220,G80,G80,5,2050,64959,3342,5,7,5,0,1,1,1,1,1,1,1,1,1,0,0,1,0,0,0,0,1,0,0,0,0,0,1,0,0,1,0,1
41496497,G80,G80 (RG3),5,2660,162392,2497,5,4,3,0,1,1,1,1,1,1,1,1,1,0,0,1,0,0,0,0,1,0,0,0,0,0,1,0,0,1,0,1
41497433,GV80,GV80,9,7220,34571,2497,5,2,0,1,1,1,1,1,1,1,1,1,1,0,0,1,0,0,0,0,1,0,0,0,0,0,1,0,0,1,1,0
41498624,G80,G80 (RG3),5,3500,78057,2497,5,4,0,0,1,1,1,1,1,1,1,1,1,0,0,1,0,0,0,0,1,0,0,0,0,0,0,1,0,1,0,1
41498626,G80,G80 (RG3),5,8888,21825,2497,5,3,2,0,1,1,1,1,1,1,1,1,1,0,0,1,0,0,0,0,1,0,0,0,0,0,0,1,0,1,0,1
41498695,GV70,GV70,8,3690,74018,2497,5,4,1,0,1,1,1,1,1,1,1,1,1,0,0,1,0,0,0,0,1,0,0,0,0,1,0,0,0,1,1,0
41498951,G80,G80 (RG3),5,5290,32068,2497,5,2,5,0,1,1,1,1,1,1,1,1,1,0,0,1,0,0,0,0,1,0,0,0,0,0,0,1,0,1,0,1
41499065,GV80,GV80,9,6410,46417,2497,7,2,1,1,1,1,1,1,1,1,1,1,1,0,0,1,0,0,0,0,1,0,0,0,0,1,0,0,0,1,1,0
41499190,G70,G70,4,2480,58087,1998,5,7,1,0,1,1,1,1,1,1,1,1,1,0,0,1,0,0,0,0,1,0,0,0,0,1,0,0,0,1,0,1
41499702,GV80,GV80,9,5990,22460,2497,5,3,0,1,1,1,1,1,1,1,1,1,1,0,0,1,0,0,0,0,1,0,0,0,0,1,0,0,0,1,1,0
41499793,GV70,일렉트리파이드 GV70,8,4290,105990,111,5,4,12,1,1,1,1,1,1,1,1,1,1,0,0,1,0,0,0,0,0,0,0,1,0,0,1,0,0,1,1,0
41499978,G70,G70,4,1780,109040,2199,5,8,3,0,1,1,1,1,1,1,1,1,1,0,0,1,0,0,0,0,0,0,1,0,0,0,1,0,0,1,0,1
41500133,G80,G80 (RG3),5,3350,65991,2497,5,6,5,0,1,1,1,1,1,1,1,1,1,0,0,1,0,0,0,0,1,0,0,0,0,0,1,0,0,1,0,1
41500380,G80,G80 (RG3),5,2399,191121,3470,5,6,11,1,1,1,1,1,1,1,1,1,1,0,0,1,0,0,0,0,1,0,0,0,0,0,0,1,0,1,0,1
41501675,G80,G80,5,2590,79364,3342,5,7,6,0,1,1,1,1,1,1,1,1,1,0,0,1,0,0,0,0,1,0,0,0,0,0,1,0,0,1,0,1
41501688,G80,G80 (RG3),5,2690,184793,2497,5,6,4,0,1,1,1,1,1,1,1,1,1,0,0,1,0,0,0,0,1,0,0,0,0,0,1,0,0,1,0,1
41501790,G70,더 뉴 G70,4,3390,71388,1998,5,3,4,0,1,1,1,1,1,1,1,1,1,0,0,1,0,0,0,0,1,0,0,0,0,0,0,0,1,1,0,1
41501938,GV70,GV70,8,5930,4324,2497,5,1,0,1,1,1,1,1,1,1,1,1,1,0,0,1,0,0,0,0,1,0,0,0,0,1,0,0,0,1,1,0
41502289,GV80,GV80,9,4660,87025,3470,5,6,4,1,1,1,1,1,1,1,1,1,1,0,0,1,0,0,0,0,1,0,0,0,0,1,0,0,0,1,1,0
41502359,G80,G80 (RG3),5,4630,17245,2497,5,3,0,0,1,1,1,1,1,1,1,1,1,0,0,1,0,0,0,0,1,0,0,0,0,0,1,0,0,1,0,1
41502497,G80,일렉트리파이드 G80 (RG3),5,5660,55734,167,5,4,0,0,1,1,1,1,1,1,1,1,1,0,0,1,0,0,0,0,0,0,0,1,0,0,1,0,0,1,0,1
41502755,GV80,GV80,9,6350,25629,3470,6,4,0,1,1,1,1,1,1,1,1,1,1,0,0,1,0,0,0,0,1,0,0,0,0,0,1,0,0,1,1,0
41502990,G90,G90,6,3390,95290,3778,5,6,0,0,1,1,1,1,1,1,1,1,1,0,0,1,0,0,0,0,1,0,0,0,0,0,0,1,0,1,0,1
41503358,G90,G90 (RS4),6,6850,84512,3470,5,4,0,0,1,1,1,1,1,1,1,1,1,0,0,1,0,0,0,0,1,0,0,0,0,0,1,0,0,1,0,1
41504279,G70,G70,4,2529,78414,1998,5,7,8,0,1,1,1,1,1,1,1,1,1,0,0,1,0,0,0,0,1,0,0,0,0,0,1,0,0,1,0,1
41504288,G80,G80 (RG3),5,3249,83564,2497,5,6,13,0,1,1,1,1,1,1,1,1,1,0,0,1,0,0,0,0,1,0,0,0,0,0,1,0,0,1,0,1
41504383,GV80,GV80,9,6620,46636,2497,5,2,1,1,1,1,1,1,1,1,1,1,1,0,0,1,0,0,0,0,1,0,0,0,0,0,0,0,1,1,1,0
41504538,EQ900,EQ900,0,2099,171890,3342,5,9,4,1,1,1,1,1,1,1,1,1,1,0,0,1,0,0,0,0,1,0,0,0,0,0,1,0,0,1,0,1
41504929,G80,G80 (RG3),5,4310,40488,2497,5,5,0,1,1,1,1,1,1,1,1,1,1,0,0,1,0,0,0,0,1,0,0,0,0,1,0,0,0,1,0,1
41505128,GV80,GV80,9,4830,39209,2497,5,4,0,0,1,1,1,1,1,1,1,1,1,0,0,1,0,0,0,0,1,0,0,0,0,1,0,0,0,1,1,0
41505284,GV80,GV80,9,6650,8628,2497,5,2,0,1,1,1,1,1,1,1,1,1,1,0,0,1,0,0,0,0,1,0,0,0,0,1,0,0,0,1,1,0
41505677,G80,G80 (RG3),5,4699,74926,2497,5,5,17,1,1,1,1,1,1,1,1,1,1,0,0,1,0,0,0,0,1,0,0,0,0,1,0,0,0,1,0,1
41506038,GV80,GV80,9,4600,70095,2497,5,6,1,1,1,1,1,1,1,1,1,1,1,0,0,1,0,0,0,0,1,0,0,0,0,0,0,1,0,1,1,0
41506150,G80,G80 (RG3),5,3600,75539,3470,5,4,4,0,1,1,1,1,1,1,1,1,1,0,0,1,0,0,0,0,1,0,0,0,0,0,0,0,1,1,0,1
41506154,GV80,GV80,9,4010,71171,2497,5,4,0,0,1,1,1,1,1,1,1,1,1,0,0,1,0,0,0,0,1,0,0,0,0,0,1,0,0,1,1,0
41506156,GV80,GV80,9,4970,35301,2497,7,4,6,1,1,1,1,1,1,1,1,1,1,0,0,1,0,0,0,0,1,0,0,0,0,1,0,0,0,1,1,0
41506485,G80,G80 (RG3),5,3390,76854,3470,5,6,0,0,1,1,1,1,1,1,1,1,1,0,0,1,0,0,0,0,1,0,0,0,0,0,0,0,1,1,0,1
41506694,G80,G80 (RG3),5,5290,31781,2497,5,2,1,0,1,1,1,1,1,1,1,1,1,0,0,1,0,0,0,0,1,0,0,0,0,1,0,0,0,1,0,1
41506822,GV80,GV80,9,4310,92693,2497,5,5,3,0,1,1,1,1,1,1,1,1,1,0,0,1,0,0,0,0,1,0,0,0,0,1,0,0,0,1,1,0
41507129,GV80,GV80,9,6299,12595,2497,5,2,0,0,1,1,1,1,1,1,1,1,1,0,0,1,0,0,0,0,1,0,0,0,0,0,1,0,0,1,1,0
41507925,G80,G80 (RG3),5,4190,29359,2497,5,4,4,0,1,1,1,1,1,1,1,1,1,0,0,1,0,0,0,0,1,0,0,0,0,0,0,1,0,1,0,1
41507945,G80,G80 (RG3),5,3190,151436,2497,5,5,0,0,1,1,1,1,1,1,1,1,1,0,0,1,0,0,0,0,1,0,0,0,0,0,1,0,0,1,0,1
41508313,GV70,GV70,8,4850,2438,2497,5,2,0,0,1,1,1,1,1,1,1,1,1,0,0,1,0,0,0,0,1,0,0,0,0,0,0,0,1,1,1,0
41508882,GV70,GV70,8,4470,51877,2497,5,3,0,0,1,1,1,1,1,1,1,1,1,0,0,1,0,0,0,0,1,0,0,0,0,1,0,0,0,1,1,0
41508913,G90,G90 (RS4),6,6730,68427,3470,5,3,2,0,1,1,1,1,1,1,1,1,1,0,0,1,0,0,0,0,1,0,0,0,0,0,1,0,0,1,0,1
41509541,GV80,GV80,9,6599,35210,3470,5,2,2,1,1,1,1,1,1,1,1,1,1,0,0,1,0,0,0,0,1,0,0,0,0,0,0,0,1,1,1,0
41509593,GV80,GV80,9,6020,22843,2497,5,2,0,0,1,1,1,1,1,1,1,1,1,0,0,1,0,0,0,0,1,0,0,0,0,1,0,0,0,1,1,0
41509892,GV70,GV70,8,4444,44417,2497,5,5,0,1,1,1,1,1,1,1,1,1,1,0,0,1,0,0,0,0,1,0,0,0,0,1,0,0,0,1,1,0
41510298,G80,G80 (RG3),5,2790,180321,3470,5,6,10,1,1,1,1,1,1,1,1,1,1,0,0,1,0,0,0,0,1,0,0,0,0,0,0,1,0,1,0,1
41510881,GV70,GV70,8,3550,69420,2497,5,5,5,0,1,1,1,1,1,1,1,1,1,0,0,1,0,0,0,0,1,0,0,0,0,0,1,0,0,1,1,0
41511072,G80,G80 (RG3),5,3150,163282,2497,5,3,4,0,1,1,1,1,1,1,1,1,1,0,0,1,0,0,0,0,1,0,0,0,0,1,0,0,0,1,0,1
41511659,GV70,GV70,8,4350,58017,2497,5,4,3,1,1,1,1,1,1,1,1,1,1,0,0,1,0,0,0,0,1,0,0,0,0,1,0,0,0,1,1,0
41512348,GV70,GV70,8,4850,9218,2497,5,1,4,1,1,1,1,1,1,1,1,1,1,0,0,1,0,0,0,0,1,0,0,0,0,1,0,0,0,1,1,0
41512517,G80,G80 (RG3),5,3080,171515,2497,5,4,2,0,1,1,1,1,1,1,1,1,1,0,0,1,0,0,0,0,1,0,0,0,0,0,0,0,1,1,0,1
41512575,GV80,GV80,9,5050,75687,2996,5,6,3,0,1,1,1,1,1,1,1,1,1,0,0,1,0,0,0,0,0,0,1,0,0,1,0,0,0,1,1,0
41513171,GV80,GV80,9,5430,65090,2497,5,3,3,1,1,1,1,1,1,1,1,1,1,0,0,1,0,0,0,0,1,0,0,0,0,1,0,0,0,1,1,0
41513173,GV70,GV70,8,5440,2364,2497,5,1,0,0,1,1,1,1,1,1,1,1,1,0,0,1,0,0,0,0,1,0,0,0,0,0,0,1,0,1,1,0
41513897,G80,G80,5,2290,135722,3342,5,9,1,1,1,1,1,1,1,1,1,1,1,0,0,1,0,0,0,0,1,0,0,0,0,0,1,0,0,1,0,1
41514828,G80,G80,5,2290,72275,3342,5,8,4,0,1,1,1,1,1,1,1,1,1,0,0,1,0,0,0,0,1,0,0,0,0,0,0,0,1,1,0,1
41515673,G80,G80 (RG3),5,3350,154757,2497,5,6,1,1,1,1,1,1,1,1,1,1,1,0,0,1,0,0,0,0,1,0,0,0,0,1,0,0,0,1,0,1
41516054,G80,G80 (RG3),5,3870,94413,2497,5,4,0,0,1,1,1,1,1,1,1,1,1,0,0,1,0,0,0,0,1,0,0,0,0,0,0,1,0,1,0,1
41516417,EQ900,EQ900,0,2000,116359,3778,5,9,2,0,1,1,1,1,1,1,1,1,1,0,0,1,0,0,0,0,1,0,0,0,0,0,1,0,0,1,0,1
41516692,GV80,GV80,9,3550,165090,2497,5,4,3,0,1,1,1,1,1,1,1,1,1,0,0,1,0,0,0,0,1,0,0,0,0,0,1,0,0,1,1,0
41517558,G90,G90,6,3300,126115,3778,5,6,2,0,1,1,1,1,1,1,1,1,1,0,0,1,0,0,0,0,1,0,0,0,0,0,1,0,0,1,0,1
41517706,EQ900,EQ900,0,2670,76708,3342,5,10,0,0,1,1,1,1,1,1,1,1,1,0,0,1,0,0,0,0,1,0,0,0,0,0,1,0,0,1,0,1
41517837,GV70,GV70,8,5080,23240,2497,5,2,0,1,1,1,1,1,1,1,1,1,1,0,0,1,0,0,0,0,1,0,0,0,0,1,0,0,0,1,1,0
41517939,GV80,GV80,9,4850,80353,2497,5,4,2,0,1,1,1,1,1,1,1,1,1,0,0,1,0,0,0,0,1,0,0,0,0,1,0,0,0,1,1,0
41517992,G80,G80 (RG3),5,3040,77987,3470,5,6,2,1,1,1,1,1,1,1,1,1,1,0,0,1,0,0,0,0,1,0,0,0,0,0,0,0,1,1,0,1
41518059,G80,G80 (RG3),5,3579,164633,3470,5,4,6,1,1,1,1,1,1,1,1,1,1,0,0,1,0,0,0,0,1,0,0,0,0,0,1,0,0,1,0,1
41518393,GV70,GV70,8,4450,36736,2497,5,2,2,0,1,1,1,1,1,1,1,1,1,0,0,1,0,0,0,0,1,0,0,0,0,0,1,0,0,1,1,0
41518770,GV80,GV80,9,4050,101438,3470,5,4,5,0,1,1,1,1,1,1,1,1,1,0,0,1,0,0,0,0,1,0,0,0,0,0,1,0,0,1,1,0
41519082,G80,G80 (RG3),5,3290,98662,2497,5,5,4,0,1,1,1,1,1,1,1,1,1,0,0,1,0,0,0,0,1,0,0,0,0,0,0,1,0,1,0,1
41520634,GV70,GV70,8,4190,68433,2497,5,4,1,1,1,1,1,1,1,1,1,1,1,0,0,1,0,0,0,0,1,0,0,0,0,1,0,0,0,1,1,0
41520678,G80,G80 (RG3),5,3440,119555,2497,5,4,2,0,1,1,1,1,1,1,1,1,1,0,0,1,0,0,0,0,1,0,0,0,0,0,1,0,0,1,0,1
41521301,G90,G90,6,5350,49902,5038,5,5,5,0,1,1,1,1,1,1,1,1,1,0,0,1,0,0,0,0,1,0,0,0,0,0,0,0,1,1,0,1
41522727,GV80,GV80,9,3530,167240,2497,5,6,0,1,1,1,1,1,1,1,1,1,1,0,0,1,0,0,0,0,1,0,0,0,0,0,0,0,1,1,1,0
41524172,G80,G80 (RG3),5,3990,54979,2497,5,5,1,0,1,1,1,1,1,1,1,1,1,0,0,1,0,0,0,0,1,0,0,0,0,0,0,1,0,1,0,1
41524294,G80,G80 (RG3),5,6750,22117,3470,5,2,0,1,1,1,1,1,1,1,1,1,1,0,0,1,0,0,0,0,1,0,0,0,0,1,0,0,0,1,0,1
41524599,G80,G80 (RG3),5,6190,26197,2497,5,1,0,1,1,1,1,1,1,1,1,1,1,0,0,1,0,0,0,0,1,0,0,0,0,0,1,0,0,1,0,1
41524740,G80,G80 (RG3),5,3070,119606,2497,5,6,0,0,1,1,1,1,1,1,1,1,1,0,0,1,0,0,0,0,1,0,0,0,0,0,1,0,0,1,0,1
41525212,G90,G90 (RS4),6,6840,98372,3470,4,3,5,0,1,1,1,1,1,1,1,1,1,0,0,1,0,0,0,0,1,0,0,0,0,0,1,0,0,1,0,1
41525280,G90,G90 (RS4),6,6450,59349,3470,5,2,2,0,1,1,1,1,1,1,1,1,1,0,0,1,0,0,0,0,1,0,0,0,0,0,0,1,0,1,0,1
41525391,GV80,GV80,9,4530,89171,3470,5,6,0,1,1,1,1,1,1,1,1,1,1,0,0,1,0,0,0,0,1,0,0,0,0,0,0,0,1,1,1,0
41525401,G80,G80 (RG3),5,3990,20046,2497,5,5,2,0,1,1,1,1,1,1,1,1,1,0,0,1,0,0,0,0,1,0,0,0,0,0,0,1,0,1,0,1
41525839,G80,G80,5,2630,29930,3342,5,9,8,0,1,1,1,1,1,1,1,1,1,0,0,1,0,0,0,0,1,0,0,0,0,0,0,1,0,1,0,1
41526122,GV80,GV80,9,5790,22428,2497,5,2,0,0,1,1,1,1,1,1,1,1,1,0,0,1,0,0,0,0,1,0,0,0,0,0,1,0,0,1,1,0
41526135,G80,일렉트리파이드 G80 (RG3),5,4850,80537,167,5,4,0,0,1,1,1,1,1,1,1,1,1,0,0,1,0,0,0,0,0,0,0,1,0,1,0,0,0,1,0,1
41526450,G70,G70,4,1790,78432,3342,5,8,19,0,1,1,1,1,1,1,1,1,1,0,0,1,0,0,0,0,1,0,0,0,0,0,1,0,0,1,0,1
41526849,EQ900,EQ900,0,2180,110531,5038,4,10,3,0,1,1,1,1,1,1,1,1,1,0,0,1,0,0,0,0,1,0,0,0,0,0,1,0,0,1,0,1
41527014,G90,G90 (RS4),6,8190,42975,3470,4,4,1,0,1,1,1,1,1,1,1,1,1,0,0,1,0,0,0,0,1,0,0,0,0,0,1,0,0,1,0,1
41527057,GV80,GV80,9,4690,84056,2497,6,4,1,0,1,1,1,1,1,1,1,1,1,0,0,1,0,0,0,0,1,0,0,0,0,0,1,0,0,1,1,0
41527114,GV70,GV70,8,4720,22426,2497,5,3,0,1,1,1,1,1,1,1,1,1,1,0,0,1,0,0,0,0,1,0,0,0,0,1,0,0,0,1,1,0
41527558,G80,G80 (RG3),5,3890,99904,2199,5,5,4,0,1,1,1,1,1,1,1,1,1,0,0,1,0,0,0,0,0,0,1,0,0,0,1,0,0,1,0,1
41527621,G80,G80,5,2690,87928,3342,5,8,0,1,1,1,1,1,1,1,1,1,1,0,0,1,0,0,0,0,1,0,0,0,0,1,0,0,0,1,0,1
41527629,GV70,GV70,8,3390,193140,2151,5,5,0,1,1,1,1,1,1,1,1,1,1,0,0,1,0,0,0,0,0,0,1,0,0,1,0,0,0,1,1,0
41527761,G80,G80 (RG3),5,2990,113959,2497,5,5,2,0,1,1,1,1,1,1,1,1,1,0,0,1,0,0,0,0,1,0,0,0,0,1,0,0,0,1,0,1
41527776,G90,G90,6,4450,30931,3778,5,6,0,0,1,1,1,1,1,1,1,1,1,0,0,1,0,0,0,0,1,0,0,0,0,0,0,0,1,1,0,1
41527910,EQ900,EQ900,0,2449,138316,3342,5,9,6,0,1,1,1,1,1,1,1,1,1,0,0,1,0,0,0,0,1,0,0,0,0,0,0,0,1,1,0,1
41528099,레이,더 뉴 G70 슈팅브레이크,34,3970,18998,2497,5,2,0,1,1,1,1,1,1,1,1,1,1,0,0,1,0,0,0,0,1,0,0,0,0,0,0,1,0,1,0,1
41528248,G80,G80,5,2050,101213,3778,5,9,3,0,1,1,1,1,1,1,1,1,1,0,0,1,0,0,0,0,1,0,0,0,0,0,1,0,0,1,0,1
41528298,G80,G80 (RG3),5,5550,18004,2497,5,1,0,0,1,1,1,1,1,1,1,1,1,0,0,1,0,0,0,0,1,0,0,0,0,1,0,0,0,1,0,1
41529023,GV70,GV70,8,3690,98527,2151,5,5,0,1,1,1,1,1,1,1,1,1,1,0,0,1,0,0,0,0,0,0,1,0,0,0,0,1,0,1,1,0
41529491,G70,G70,4,2430,95582,1998,5,7,0,1,1,1,1,1,1,1,1,1,1,0,0,1,0,0,0,0,1,0,0,0,0,1,0,0,0,1,0,1
41529497,GV60,GV60,7,9999,71553,111,5,4,8,0,1,1,1,1,1,1,1,1,1,0,0,1,0,0,0,0,0,0,0,1,0,0,1,0,0,1,1,0
41529528,GV70,GV70,8,9999,57783,2151,5,4,0,0,1,1,1,1,1,1,1,1,1,0,0,1,0,0,0,0,0,0,1,0,0,1,0,0,0,1,1,0
41529762,G90,G90 (RS4),6,7099,78069,3470,5,3,5,0,1,1,1,1,1,1,1,1,1,0,0,1,0,0,0,0,1,0,0,0,0,0,1,0,0,1,0,1
41530539,GV70,GV70,8,4580,22294,2497,5,3,1,0,1,1,1,1,1,1,1,1,1,0,0,1,0,0,0,0,1,0,0,0,0,0,0,1,0,1,1,0
41530583,GV70,GV70,8,4630,32298,3470,5,5,2,1,1,1,1,1,1,1,1,1,1,0,0,1,0,0,0,0,1,0,0,0,0,0,0,0,1,1,1,0
41530728,G80,G80,5,2590,64891,3342,5,7,8,1,1,1,1,1,1,1,1,1,1,0,0,1,0,0,0,0,1,0,0,0,0,0,0,1,0,1,0,1
41530750,GV70,GV70,8,3550,119857,2497,5,5,3,1,1,1,1,1,1,1,1,1,1,0,0,1,0,0,0,0,1,0,0,0,0,1,0,0,0,1,1,0
41531075,GV70,GV70,8,4780,19790,2497,5,4,0,0,1,1,1,1,1,1,1,1,1,0,0,1,0,0,0,0,1,0,0,0,0,1,0,0,0,1,1,0
41531835,GV70,GV70,8,5290,16000,2497,5,2,2,0,1,1,1,1,1,1,1,1,1,0,0,1,0,0,0,0,1,0,0,0,0,0,0,0,1,1,1,0
41532366,EQ900,EQ900,0,2350,225000,3342,5,10,0,1,1,1,1,1,1,1,1,1,1,0,0,1,0,0,0,0,1,0,0,0,0,1,0,0,0,1,0,1
41532370,GV80,GV80,9,8200,13169,3470,6,1,0,1,1,1,1,1,1,1,1,1,1,0,0,1,0,0,0,0,1,0,0,0,0,1,0,0,0,1,1,0
41533092,G90,G90,6,3420,136293,3778,5,6,0,0,1,1,1,1,1,1,1,1,1,0,0,1,0,0,0,0,1,0,0,0,0,0,1,0,0,1,0,1
41533140,GV80,GV80,9,8080,5661,3470,6,1,0,1,1,1,1,1,1,1,1,1,1,0,0,1,0,0,0,0,1,0,0,0,0,0,0,0,1,1,1,0
41533289,G80,G80,5,2530,52294,3342,5,8,3,0,1,1,1,1,1,1,1,1,1,0,0,1,0,0,0,0,1,0,0,0,0,0,1,0,0,1,0,1
41533352,GV80,GV80,9,5090,157934,2996,6,4,4,1,1,1,1,1,1,1,1,1,1,0,0,1,0,0,0,0,0,0,1,0,0,1,0,0,0,1,1,0
41533371,EQ900,EQ900,0,1920,188507,3778,5,8,1,0,1,1,1,1,1,1,1,1,1,0,0,1,0,0,0,0,1,0,0,0,0,0,1,0,0,1,0,1
41533499,GV70,GV70,8,5199,6138,2497,5,1,3,0,1,1,1,1,1,1,1,1,1,0,0,1,0,0,0,0,1,0,0,0,0,1,0,0,0,1,1,0
41533578,EQ900,EQ900,0,1830,138562,3342,5,9,4,0,1,1,1,1,1,1,1,1,1,0,0,1,0,0,0,0,1,0,0,0,0,0,0,1,0,1,0,1
41533608,G80,G80 (RG3),5,4500,37869,2497,5,3,2,0,1,1,1,1,1,1,1,1,1,0,0,1,0,0,0,0,1,0,0,0,0,1,0,0,0,1,0,1
41533856,G70,G70,4,2639,62900,1998,5,8,1,1,1,1,1,1,1,1,1,1,1,0,0,1,0,0,0,0,1,0,0,0,0,0,1,0,0,1,0,1
41533877,GV80,GV80,9,5690,69913,2497,5,3,1,0,1,1,1,1,1,1,1,1,1,0,0,1,0,0,0,0,1,0,0,0,0,1,0,0,0,1,1,0
41534279,GV70,GV70,8,3990,45105,3470,5,3,0,0,1,1,1,1,1,1,1,1,1,0,0,1,0,0,0,0,1,0,0,0,0,1,0,0,0,1,1,0
41534326,GV80,GV80,9,7777,74776,2497,5,4,0,0,1,1,1,1,1,1,1,1,1,0,0,1,0,0,0,0,1,0,0,0,0,1,0,0,0,1,1,0
41534371,G80,G80,5,2130,85785,3342,5,7,0,0,1,1,1,1,1,1,1,1,1,0,0,1,0,0,0,0,1,0,0,0,0,0,0,1,0,1,0,1
41534418,GV80,GV80,9,6950,12299,2497,7,2,0,1,1,1,1,1,1,1,1,1,1,0,0,1,0,0,0,0,1,0,0,0,0,1,0,0,0,1,1,0
41534831,G80,G80 (RG3),5,2790,143577,2497,5,5,7,1,1,1,1,1,1,1,1,1,1,0,0,1,0,0,0,0,1,0,0,0,0,0,1,0,0,1,0,1
41535870,G80,G80 (RG3),5,2790,183299,2497,5,6,1,0,1,1,1,1,1,1,1,1,1,0,0,1,0,0,0,0,1,0,0,0,0,0,0,0,1,1,0,1
41536003,GV80,GV80,9,5250,50760,3470,5,5,1,1,1,1,1,1,1,1,1,1,1,0,0,1,0,0,0,0,1,0,0,0,0,0,0,1,0,1,1,0
41536155,GV80,GV80,9,5580,26743,3470,5,4,0,1,1,1,1,1,1,1,1,1,1,0,0,1,0,0,0,0,1,0,0,0,0,0,0,0,1,1,1,0
41536499,G90,G90 (RS4),6,5950,108135,3470,5,4,0,0,1,1,1,1,1,1,1,1,1,0,0,1,0,0,0,0,1,0,0,0,0,0,1,0,0,1,0,1
41537384,G80,G80 (RG3),5,3220,130258,3470,5,5,1,0,1,1,1,1,1,1,1,1,1,0,0,1,0,0,0,0,1,0,0,0,0,0,1,0,0,1,0,1
41537771,G80,G80 (RG3),5,5040,29694,2497,5,3,0,0,1,1,1,1,1,1,1,1,1,0,0,1,0,0,0,0,1,0,0,0,0,1,0,0,0,1,0,1
41537873,GV80,GV80,9,5350,36128,2497,5,4,3,0,1,1,1,1,1,1,1,1,1,0,0,1,0,0,0,0,1,0,0,0,0,1,0,0,0,1,1,0
41538046,GV70,GV70,8,4270,27543,2497,5,5,0,0,1,1,1,1,1,1,1,1,1,0,0,1,0,0,0,0,1,0,0,0,0,1,0,0,0,1,1,0
41538117,G80,G80 (RG3),5,2590,170651,2497,5,6,8,1,1,1,1,1,1,1,1,1,1,0,0,1,0,0,0,0,1,0,0,0,0,0,1,0,0,1,0,1
41538429,GV70,GV70,8,3500,59023,2497,5,5,12,1,1,1,1,1,1,1,1,1,1,0,0,1,0,0,0,0,1,0,0,0,0,0,0,0,1,1,1,0
41538905,G80,G80 (RG3),5,8888,59179,2497,5,3,5,0,1,1,1,1,1,1,1,1,1,0,0,1,0,0,0,0,1,0,0,0,0,1,0,0,0,1,0,1
41539615,G80,G80 (RG3),5,3060,116002,2497,5,6,0,0,1,1,1,1,1,1,1,1,1,0,0,1,0,0,0,0,1,0,0,0,0,0,1,0,0,1,0,1
41539697,G80,G80 (RG3),5,7350,11388,3470,5,2,2,1,1,1,1,1,1,1,1,1,1,0,0,1,0,0,0,0,1,0,0,0,0,0,0,0,1,1,0,1
41539746,GV80,GV80,9,4590,121141,2996,5,6,1,1,1,1,1,1,1,1,1,1,1,0,0,1,0,0,0,0,0,0,1,0,0,0,1,0,0,1,1,0
41541433,G80,G80 (RG3),5,3660,66651,2497,5,5,0,0,1,1,1,1,1,1,1,1,1,0,0,1,0,0,0,0,1,0,0,0,0,1,0,0,0,1,0,1
41542377,GV80,GV80,9,5290,28303,2497,5,5,0,0,1,1,1,1,1,1,1,1,1,0,0,1,0,0,0,0,1,0,0,0,0,1,0,0,0,1,1,0
41542443,GV80,GV80,9,5850,84451,2996,5,3,2,0,1,1,1,1,1,1,1,1,1,0,0,1,0,0,0,0,0,0,1,0,0,0,0,1,0,1,1,0
41542501,G90,G90 (RS4),6,8120,40059,3470,5,3,2,1,1,1,1,1,1,1,1,1,1,0,0,1,0,0,0,0,1,0,0,0,0,0,0,0,1,1,0,1
41542576,GV80,GV80,9,7000,711,2497,5,1,0,0,1,1,1,1,1,1,1,1,1,0,0,1,0,0,0,0,1,0,0,0,0,1,0,0,0,1,1,0
41543158,G80,G80 (RG3),5,6888,9277,2497,5,2,0,0,1,1,1,1,1,1,1,1,1,0,0,1,0,0,0,0,1,0,0,0,0,1,0,0,0,1,0,1
41543367,G80,G80 (RG3),5,4180,68991,2199,5,5,5,0,1,1,1,1,1,1,1,1,1,0,0,1,0,0,0,0,0,0,1,0,0,0,0,0,1,1,0,1
41543386,GV70,GV70,8,5590,10435,2497,5,1,0,0,1,1,1,1,1,1,1,1,1,0,0,1,0,0,0,0,1,0,0,0,0,1,0,0,0,1,1,0
41543434,GV80,GV80,9,5620,36007,2497,5,4,1,1,1,1,1,1,1,1,1,1,1,0,0,1,0,0,0,0,1,0,0,0,0,0,1,0,0,1,1,0
41543920,GV70,GV70,8,3680,106460,2497,5,5,0,0,1,1,1,1,1,1,1,1,1,0,0,1,0,0,0,0,1,0,0,0,0,1,0,0,0,1,1,0
41543965,레이,더 뉴 G70 슈팅브레이크,34,2579,41810,1998,5,4,22,1,1,1,1,1,1,1,1,1,1,0,0,1,0,0,0,0,1,0,0,0,0,0,0,1,0,1,0,1
41544406,GV70,GV70,8,3250,144534,2497,5,5,2,1,1,1,1,1,1,1,1,1,1,0,0,1,0,0,0,0,1,0,0,0,0,1,0,0,0,1,1,0
41545438,EQ900,EQ900,0,2190,110601,5038,4,10,14,0,1,1,1,1,1,1,1,1,1,0,0,1,0,0,0,0,1,0,0,0,0,0,1,0,0,1,0,1
41546218,G80,G80 (RG3),5,8155,8455,2497,5,1,2,1,1,1,1,1,1,1,1,1,1,0,0,1,0,0,0,0,1,0,0,0,0,0,1,0,0,1,0,1
41546241,GV80,GV80,9,5150,60446,2497,5,4,9,1,1,1,1,1,1,1,1,1,1,0,0,1,0,0,0,0,1,0,0,0,0,1,0,0,0,1,1,0
41546326,G90,G90,6,4260,108323,3778,4,6,0,0,1,1,1,1,1,1,1,1,1,0,0,1,0,0,0,0,1,0,0,0,0,0,1,0,0,1,0,1
41546543,G80,G80 (RG3),5,3699,75063,3470,5,5,0,0,1,1,1,1,1,1,1,1,1,0,0,1,0,0,0,0,1,0,0,0,0,0,1,0,0,1,0,1
41546717,G90,G90,6,9999,101309,3778,5,5,2,0,0,0,0,0,0,0,0,0,0,0,0,1,0,0,0,0,1,0,0,0,0,0,1,0,0,1,0,1
41546870,GV70,GV70,8,4199,82224,2497,5,4,4,1,1,1,1,1,1,1,1,1,1,0,0,1,0,0,0,0,1,0,0,0,0,1,0,0,0,1,1,0
41547198,G80,G80 (RG3),5,3980,58513,2497,5,4,0,0,1,1,1,1,1,1,1,1,1,0,0,1,0,0,0,0,1,0,0,0,0,0,1,0,0,1,0,1
41547464,G90,G90,6,3450,119635,3778,5,7,5,0,1,1,1,1,1,1,1,1,1,0,0,1,0,0,0,0,1,0,0,0,0,0,0,1,0,1,0,1
41547881,G80,G80 (RG3),5,3790,19218,2497,5,6,2,0,1,1,1,1,1,1,1,1,1,0,0,1,0,0,0,0,1,0,0,0,0,0,0,1,0,1,0,1
41548222,G80,G80 (RG3),5,3800,55554,2497,5,3,2,0,1,1,1,1,1,1,1,1,1,0,0,1,0,0,0,0,1,0,0,0,0,1,0,0,0,1,0,1
41548443,GV80,GV80,9,7290,12769,3470,5,2,0,0,1,1,1,1,1,1,1,1,1,0,0,1,0,0,0,0,1,0,0,0,0,1,0,0,0,1,1,0
41548741,G90,G90,6,3890,58702,3342,5,7,4,1,1,1,1,1,1,1,1,1,1,0,0,1,0,0,0,0,1,0,0,0,0,0,1,0,0,1,0,1
41548840,GV80,GV80,9,3599,153646,2996,5,6,11,1,1,1,1,1,1,1,1,1,1,0,0,1,0,0,0,0,0,0,1,0,0,0,1,0,0,1,1,0
41548855,GV80,GV80,9,4950,61856,2996,5,6,4,1,1,1,1,1,1,1,1,1,1,0,0,1,0,0,0,0,0,0,1,0,0,1,0,0,0,1,1,0
41549154,GV80,GV80,9,3440,213886,2497,5,6,2,0,0,0,0,0,0,0,0,0,0,0,0,1,0,0,0,0,1,0,0,0,0,0,1,0,0,1,1,0
41549701,GV70,GV70,8,3790,97764,2497,5,5,1,0,1,1,1,1,1,1,1,1,1,0,0,1,0,0,0,0,1,0,0,0,0,0,0,1,0,1,1,0
41549951,GV70,GV70,8,6150,4698,2497,5,1,0,0,1,1,1,1,1,1,1,1,1,0,0,1,0,0,0,0,1,0,0,0,0,1,0,0,0,1,1,0
41550352,G80,G80 (RG3),5,3690,79581,2497,5,5,0,0,1,1,1,1,1,1,1,1,1,0,0,1,0,0,0,0,1,0,0,0,0,0,1,0,0,1,0,1
41550445,GV80,GV80,9,4350,87423,2497,5,6,0,1,1,1,1,1,1,1,1,1,1,0,0,1,0,0,0,0,1,0,0,0,0,1,0,0,0,1,1,0
41550697,GV70,GV70,8,4210,41747,2497,5,5,0,1,1,1,1,1,1,1,1,1,1,0,0,1,0,0,0,0,1,0,0,0,0,0,0,0,1,1,1,0
41551059,G90,G90,6,2750,164678,3778,5,7,0,0,1,1,1,1,1,1,1,1,1,0,0,1,0,0,0,0,1,0,0,0,0,0,1,0,0,1,0,1
41551836,GV70,GV70,8,2220,18700,2497,5,4,2,0,1,1,1,1,1,1,1,1,1,0,0,1,0,0,0,0,1,0,0,0,0,1,0,0,0,1,1,0
41552236,GV70,GV70,8,4520,19374,2497,5,3,0,0,1,1,1,1,1,1,1,1,1,0,0,1,0,0,0,0,1,0,0,0,0,1,0,0,0,1,1,0
41552445,G80,G80 (RG3),5,4299,65105,3470,5,3,2,0,1,1,1,1,1,1,1,1,1,0,0,1,0,0,0,0,1,0,0,0,0,0,0,1,0,1,0,1
41552593,G80,G80 (RG3),5,3590,24517,2497,5,6,6,0,1,1,1,1,1,1,1,1,1,0,0,1,0,0,0,0,1,0,0,0,0,0,0,1,0,1,0,1
41552752,G80,G80 (RG3),5,5400,35071,2497,5,4,0,1,1,1,1,1,1,1,1,1,1,0,0,1,0,0,0,0,1,0,0,0,0,1,0,0,0,1,0,1
41553566,G70,G70,4,2290,86530,1998,5,6,7,0,1,1,1,1,1,1,1,1,1,0,0,1,0,0,0,0,1,0,0,0,0,0,0,0,1,1,0,1
41553920,EQ900,EQ900,0,2050,103902,3778,5,8,9,0,1,1,1,1,1,1,1,1,1,0,0,1,0,0,0,0,1,0,0,0,0,0,0,1,0,1,0,1
41554508,GV80,GV80,9,5990,15396,3470,6,4,0,0,1,1,1,1,1,1,1,1,1,0,0,1,0,0,0,0,1,0,0,0,0,0,1,0,0,1,1,0
41554533,GV80,GV80,9,6370,21283,2497,7,2,1,0,1,1,1,1,1,1,1,1,1,0,0,1,0,0,0,0,1,0,0,0,0,0,1,0,0,1,1,0
41554704,G80,G80,5,2399,59368,3342,5,8,2,0,1,1,1,1,1,1,1,1,1,0,0,1,0,0,0,0,1,0,0,0,0,0,0,1,0,1,0,1
41555721,GV80,GV80,9,4280,69096,2996,5,5,2,0,1,1,1,1,1,1,1,1,1,0,0,1,0,0,0,0,0,0,1,0,0,0,0,0,1,1,1,0
41555929,GV70,GV70,8,3900,41192,2497,5,5,1,0,1,1,1,1,1,1,1,1,1,0,0,1,0,0,0,0,1,0,0,0,0,0,0,1,0,1,1,0
41556076,G70,G70,4,2390,53320,1998,5,7,8,1,1,1,1,1,1,1,1,1,1,0,0,1,0,0,0,0,1,0,0,0,0,0,0,0,1,1,0,1
41557461,G80,G80 (RG3),5,4150,61129,2497,5,5,3,0,1,1,1,1,1,1,1,1,1,0,0,1,0,0,0,0,1,0,0,0,0,1,0,0,0,1,0,1
41557607,G80,G80 (RG3),5,2899,178674,2199,5,5,0,0,1,1,1,1,1,1,1,1,1,0,0,1,0,0,0,0,0,0,1,0,0,0,0,0,1,1,0,1
41557703,GV80,GV80,9,5290,49219,2497,5,5,0,0,1,1,1,1,1,1,1,1,1,0,0,1,0,0,0,0,1,0,0,0,0,1,0,0,0,1,1,0
41557728,G80,G80 (RG3),5,6420,10716,2497,5,2,0,1,1,1,1,1,1,1,1,1,1,0,0,1,0,0,0,0,1,0,0,0,0,1,0,0,0,1,0,1
41557759,G90,G90 (RS4),6,6490,62429,3470,5,4,0,0,1,1,1,1,1,1,1,1,1,0,0,1,0,0,0,0,1,0,0,0,0,0,1,0,0,1,0,1
41557790,GV80,GV80,9,6490,21511,2497,5,2,1,1,1,1,1,1,1,1,1,1,1,0,0,1,0,0,0,0,1,0,0,0,0,0,1,0,0,1,1,0
41557987,GV70,GV70,8,4450,49008,2497,5,4,0,1,1,1,1,1,1,1,1,1,1,0,0,1,0,0,0,0,1,0,0,0,0,0,0,1,0,1,1,0
41558395,GV70,GV70,8,3190,93576,2497,5,5,2,0,1,1,1,1,1,1,1,1,1,0,0,1,0,0,0,0,1,0,0,0,0,0,1,0,0,1,1,0
41558590,G80,G80 (RG3),5,3860,100407,3470,5,4,2,0,1,1,1,1,1,1,1,1,1,0,0,1,0,0,0,0,1,0,0,0,0,0,0,1,0,1,0,1
41558716,GV80,GV80 쿠페,9,7150,62720,2497,5,2,0,1,1,1,1,1,1,1,1,1,1,0,0,1,0,0,0,0,1,0,0,0,0,0,0,1,0,1,1,0
41559587,G80,G80 (RG3),5,2630,152485,2497,5,5,3,0,1,1,1,1,1,1,1,1,1,0,0,1,0,0,0,0,1,0,0,0,0,0,1,0,0,1,0,1
41559928,GV60,GV60,7,4160,80287,111,5,4,1,0,1,1,1,1,1,1,1,1,1,0,0,1,0,0,0,0,0,0,0,1,0,0,0,1,0,1,1,0
41559967,GV80,GV80,9,5200,92022,2996,5,4,0,0,1,1,1,1,1,1,1,1,1,0,0,1,0,0,0,0,0,0,1,0,0,0,0,1,0,1,1,0
41560215,G80,G80 (RG3),5,3390,83604,2497,5,6,6,1,1,1,1,1,1,1,1,1,1,0,0,1,0,0,0,0,1,0,0,0,0,0,0,1,0,1,0,1
41560601,G70,더 뉴 G70,4,2270,111281,2199,5,5,9,0,1,1,1,1,1,1,1,1,1,0,0,1,0,0,0,0,0,0,1,0,0,1,0,0,0,1,0,1
41560615,GV70,GV70,8,5890,8360,2497,5,1,0,1,1,1,1,1,1,1,1,1,1,0,0,1,0,0,0,0,1,0,0,0,0,1,0,0,0,1,1,0
41560889,G70,G70,4,1870,74507,1998,5,7,12,0,1,1,1,1,1,1,1,1,1,0,0,1,0,0,0,0,1,0,0,0,0,0,0,0,1,1,0,1
41560904,GV80,GV80,9,3820,140665,2996,5,6,7,1,1,1,1,1,1,1,1,1,1,0,0,1,0,0,0,0,0,0,1,0,0,0,1,0,0,1,1,0
41560918,GV80,GV80,9,3350,197837,2996,5,4,0,0,1,1,1,1,1,1,1,1,1,0,0,1,0,0,0,0,0,0,1,0,0,0,1,0,0,1,1,0
41561072,GV80,GV80,9,3850,114017,2497,5,6,1,0,1,1,1,1,1,1,1,1,1,0,0,1,0,0,0,0,1,0,0,0,0,0,1,0,0,1,1,0
41561291,GV80,GV80,9,4090,136172,2497,5,6,1,0,1,1,1,1,1,1,1,1,1,0,0,1,0,0,0,0,1,0,0,0,0,1,0,0,0,1,1,0
41561667,GV80,GV80,9,5079,51619,2996,5,4,13,1,1,1,1,1,1,1,1,1,1,0,0,1,0,0,0,0,0,0,1,0,0,1,0,0,0,1,1,0
41561814,GV80,GV80,9,4280,55233,2497,5,6,1,1,1,1,1,1,1,1,1,1,1,0,0,1,0,0,0,0,1,0,0,0,0,0,0,1,0,1,1,0
41561951,GV70,GV70,8,4290,55371,3470,5,4,3,1,1,1,1,1,1,1,1,1,1,0,0,1,0,0,0,0,1,0,0,0,0,0,0,0,1,1,1,0
41562470,GV70,GV70,8,4200,46119,2497,5,4,1,0,1,1,1,1,1,1,1,1,1,0,0,1,0,0,0,0,1,0,0,0,0,1,0,0,0,1,1,0
41562653,G90,G90,6,2850,184305,3778,5,7,0,1,1,1,1,1,1,1,1,1,1,0,0,1,0,0,0,0,1,0,0,0,0,0,1,0,0,1,0,1
41562770,G80,G80,5,1940,100120,3342,5,7,4,1,1,1,1,1,1,1,1,1,1,0,0,1,0,0,0,0,1,0,0,0,0,0,0,1,0,1,0,1
41563361,G90,G90,6,3860,68367,3778,5,6,0,0,1,1,1,1,1,1,1,1,1,0,0,1,0,0,0,0,1,0,0,0,0,0,0,0,1,1,0,1
41563573,G80,G80 (RG3),5,2850,119283,2497,5,6,7,0,1,1,1,1,1,1,1,1,1,0,0,1,0,0,0,0,1,0,0,0,0,0,1,0,0,1,0,1
41563752,G80,G80,5,1999,99370,3342,5,8,4,0,1,1,1,1,1,1,1,1,1,0,0,1,0,0,0,0,1,0,0,0,0,0,0,1,0,1,0,1
41563779,G70,더 뉴 G70,4,3250,53805,1998,5,6,4,1,1,1,1,1,1,1,1,1,1,0,0,1,0,0,0,0,1,0,0,0,0,0,0,1,0,1,0,1
41563898,GV80,GV80,9,5350,45744,3470,5,5,2,1,1,1,1,1,1,1,1,1,1,0,0,1,0,0,0,0,1,0,0,0,0,1,0,0,0,1,1,0
41564324,GV80,GV80,9,5380,38493,2497,7,3,0,0,1,1,1,1,1,1,1,1,1,0,0,1,0,0,0,0,1,0,0,0,0,1,0,0,0,1,1,0
41564913,GV80,GV80,9,5150,50235,2497,5,5,2,1,1,1,1,1,1,1,1,1,1,0,0,1,0,0,0,0,1,0,0,0,0,1,0,0,0,1,1,0
41565009,G90,G90 (RS4),6,9999,101862,3470,4,4,0,0,1,1,1,1,1,1,1,1,1,0,0,1,0,0,0,0,1,0,0,0,0,0,0,0,1,1,0,1
41565537,GV80,GV80,9,4840,99510,2996,5,5,3,1,1,1,1,1,1,1,1,1,1,0,0,1,0,0,0,0,0,0,1,0,0,1,0,0,0,1,1,0
41565854,GV80,GV80,9,5200,50350,2497,7,4,1,0,1,1,1,1,1,1,1,1,1,0,0,1,0,0,0,0,1,0,0,0,0,1,0,0,0,1,1,0
41566105,G80,G80 (RG3),5,5710,17544,2497,5,2,0,0,1,1,1,1,1,1,1,1,1,0,0,1,0,0,0,0,1,0,0,0,0,0,0,1,0,1,0,1
41566197,G80,G80 (RG3),5,3590,65275,2497,5,5,5,0,1,1,1,1,1,1,1,1,1,0,0,1,0,0,0,0,1,0,0,0,0,0,1,0,0,1,0,1
41566199,GV80,GV80,9,3760,83139,2996,5,6,4,0,1,1,1,1,1,1,1,1,1,0,0,1,0,0,0,0,0,0,1,0,0,0,0,1,0,1,1,0
41566446,GV80,GV80,9,5820,32709,2497,6,2,2,0,1,1,1,1,1,1,1,1,1,0,0,1,0,0,0,0,1,0,0,0,0,0,0,1,0,1,1,0
41566815,GV70,GV70,8,4249,57669,2497,5,4,1,0,1,1,1,1,1,1,1,1,1,0,0,1,0,0,0,0,1,0,0,0,0,1,0,0,0,1,1,0
41567365,GV70,GV70,8,3550,100128,2497,5,5,17,0,1,1,1,1,1,1,1,1,1,0,0,1,0,0,0,0,1,0,0,0,0,1,0,0,0,1,1,0
41567685,GV70,GV70,8,3980,40014,2497,5,4,3,1,1,1,1,1,1,1,1,1,1,0,0,1,0,0,0,0,1,0,0,0,0,1,0,0,0,1,1,0
41567759,GV70,GV70,8,4290,36226,2497,5,5,2,0,1,1,1,1,1,1,1,1,1,0,0,1,0,0,0,0,1,0,0,0,0,0,1,0,0,1,1,0
41567767,G90,G90 (RS4),6,4699,141164,3470,5,4,3,0,1,1,1,1,1,1,1,1,1,0,0,1,0,0,0,0,1,0,0,0,0,0,0,0,1,1,0,1
41567970,GV80,GV80,9,6980,39735,2497,5,2,0,1,1,1,1,1,1,1,1,1,1,0,0,1,0,0,0,0,1,0,0,0,0,1,0,0,0,1,1,0
41568387,레이,더 뉴 G70 슈팅브레이크,34,4790,2255,2497,5,2,0,0,1,1,1,1,1,1,1,1,1,0,0,1,0,0,0,0,1,0,0,0,0,0,0,0,1,1,0,1
41568446,GV70,GV70,8,5490,10008,2497,5,1,0,1,1,1,1,1,1,1,1,1,1,0,0,1,0,0,0,0,1,0,0,0,0,1,0,0,0,1,1,0
41568710,G90,G90,6,4000,121364,3778,4,6,6,0,1,1,1,1,1,1,1,1,1,0,0,1,0,0,0,0,1,0,0,0,0,0,1,0,0,1,0,1
41568987,G80,G80 (RG3),5,5680,3326,2497,5,2,0,0,1,1,1,1,1,1,1,1,1,0,0,1,0,0,0,0,1,0,0,0,0,0,1,0,0,1,0,1
41569096,GV80,GV80,9,4896,2700,2497,5,0,2,0,1,1,1,1,1,1,1,1,1,0,0,1,0,0,0,0,1,0,0,0,0,1,0,0,0,1,1,0
41569623,G90,G90,6,3450,123500,5038,5,6,4,1,1,1,1,1,1,1,1,1,1,0,0,1,0,0,0,0,1,0,0,0,0,0,1,0,0,1,0,1
41569838,G70,G70,4,1760,92557,1998,5,8,2,0,1,1,1,1,1,1,1,1,1,0,0,1,0,0,0,0,1,0,0,0,0,0,0,1,0,1,0,1
41570031,GV80,GV80,9,7390,19263,3470,5,2,0,0,1,1,1,1,1,1,1,1,1,0,0,1,0,0,0,0,1,0,0,0,0,1,0,0,0,1,1,0
41570047,G80,G80 (RG3),5,4690,6740,2497,5,1,8,0,1,1,1,1,1,1,1,1,1,0,0,1,0,0,0,0,1,0,0,0,0,0,1,0,0,1,0,1
41570867,GV80,GV80,9,6690,26009,2497,7,2,0,1,1,1,1,1,1,1,1,1,1,0,0,1,0,0,0,0,1,0,0,0,0,1,0,0,0,1,1,0
41570902,GV70,GV70,8,3880,47791,2497,5,5,1,1,1,1,1,1,1,1,1,1,1,0,0,1,0,0,0,0,1,0,0,0,0,1,0,0,0,1,1,0
41571660,GV70,GV70,8,3370,130880,2497,5,5,5,0,1,1,1,1,1,1,1,1,1,0,0,1,0,0,0,0,1,0,0,0,0,0,1,0,0,1,1,0
41571682,GV80,GV80,9,5090,51205,2497,5,6,6,1,1,1,1,1,1,1,1,1,1,0,0,1,0,0,0,0,1,0,0,0,0,0,1,0,0,1,1,0
41572564,GV80,GV80,9,4950,45540,3470,5,4,0,0,1,1,1,1,1,1,1,1,1,0,0,1,0,0,0,0,1,0,0,0,0,1,0,0,0,1,1,0
41572938,G80,G80 (RG3),5,4599,48779,3470,5,4,1,1,1,1,1,1,1,1,1,1,1,0,0,1,0,0,0,0,1,0,0,0,0,0,1,0,0,1,0,1
41573226,G80,G80 (RG3),5,3290,113004,2497,5,5,1,0,1,1,1,1,1,1,1,1,1,0,0,1,0,0,0,0,1,0,0,0,0,0,1,0,0,1,0,1
41573839,G80,G80 (RG3),5,6750,3230,3470,5,2,0,0,1,1,1,1,1,1,1,1,1,0,0,1,0,0,0,0,1,0,0,0,0,0,0,1,0,1,0,1
41573893,G80,G80 (RG3),5,3220,113400,2497,5,5,2,0,1,1,1,1,1,1,1,1,1,0,0,1,0,0,0,0,1,0,0,0,0,0,1,0,0,1,0,1
41573903,GV80,GV80,9,6230,3104,2497,5,2,0,0,1,1,1,1,1,1,1,1,1,0,0,1,0,0,0,0,1,0,0,0,0,0,1,0,0,1,1,0
41574096,GV80,GV80,9,5550,59647,2497,5,3,1,1,1,1,1,1,1,1,1,1,1,0,0,1,0,0,0,0,1,0,0,0,0,0,1,0,0,1,1,0
41574164,G80,G80 (RG3),5,4290,27178,3470,5,3,10,1,1,1,1,1,1,1,1,1,1,0,0,1,0,0,0,0,1,0,0,0,0,0,0,1,0,1,0,1
41574246,G70,G70,4,2190,90201,1998,5,9,2,1,1,1,1,1,1,1,1,1,1,0,0,1,0,0,0,0,1,0,0,0,0,1,0,0,0,1,0,1
41574519,GV80,GV80,9,3399,165005,3470,7,6,1,1,1,1,1,1,1,1,1,1,1,0,0,1,0,0,0,0,1,0,0,0,0,0,1,0,0,1,1,0
41574549,G90,G90 (RS4),6,7150,74977,3470,5,4,0,0,1,1,1,1,1,1,1,1,1,0,0,1,0,0,0,0,1,0,0,0,0,0,1,0,0,1,0,1
41574661,GV80,GV80,9,5890,64951,3470,7,4,0,1,1,1,1,1,1,1,1,1,1,0,0,1,0,0,0,0,1,0,0,0,0,1,0,0,0,1,1,0
41574827,G80,G80 (RG3),5,4100,77693,2497,5,4,0,1,1,1,1,1,1,1,1,1,1,0,0,1,0,0,0,0,1,0,0,0,0,0,1,0,0,1,0,1
41575074,G90,G90,6,3150,90333,3778,5,7,5,0,1,1,1,1,1,1,1,1,1,0,0,1,0,0,0,0,1,0,0,0,0,0,1,0,0,1,0,1
41575143,G80,G80 (RG3),5,4100,50049,2497,5,4,0,1,1,1,1,1,1,1,1,1,1,0,0,1,0,0,0,0,1,0,0,0,0,0,0,1,0,1,0,1
41575464,G80,G80,5,2090,39481,3342,5,9,5,1,1,1,1,1,1,1,1,1,1,0,0,1,0,0,0,0,1,0,0,0,0,0,1,0,0,1,0,1
41576258,GV70,GV70,8,3985,56037,2497,5,2,0,1,1,1,1,1,1,1,1,1,1,0,0,1,0,0,0,0,1,0,0,0,0,1,0,0,0,1,1,0
41576363,G80,G80 (RG3),5,7490,9454,2497,5,1,0,1,1,1,1,1,1,1,1,1,1,0,0,1,0,0,0,0,1,0,0,0,0,0,1,0,0,1,0,1
41577227,G70,G70,4,2690,49958,1998,5,9,0,1,1,1,1,1,1,1,1,1,1,0,0,1,0,0,0,0,1,0,0,0,0,1,0,0,0,1,0,1
41577267,G80,G80 (RG3),5,4290,50154,3470,5,4,1,1,1,1,1,1,1,1,1,1,1,0,0,1,0,0,0,0,1,0,0,0,0,0,0,1,0,1,0,1
41577678,GV80,GV80,9,2549,340601,2996,5,6,2,0,1,1,1,1,1,1,1,1,1,0,0,1,0,0,0,0,0,0,1,0,0,0,1,0,0,1,1,0
41577776,GV80,GV80,9,3490,165385,2996,5,6,12,0,1,1,1,1,1,1,1,1,1,0,0,1,0,0,0,0,0,0,1,0,0,0,0,1,0,1,1,0
41577795,GV70,GV70,8,4100,79803,2497,5,3,2,0,1,1,1,1,1,1,1,1,1,0,0,1,0,0,0,0,1,0,0,0,0,0,0,1,0,1,1,0
41577914,G80,G80 (RG3),5,3360,103108,2497,5,4,7,1,1,1,1,1,1,1,1,1,1,0,0,1,0,0,0,0,1,0,0,0,0,0,1,0,0,1,0,1
41577968,G70,더 뉴 G70,4,3550,102610,3342,5,4,0,1,1,1,1,1,1,1,1,1,1,0,0,1,0,0,0,0,1,0,0,0,0,1,0,0,0,1,0,1
41578212,G70,더 뉴 G70,4,3600,42453,1998,5,4,1,0,1,1,1,1,1,1,1,1,1,0,0,1,0,0,0,0,1,0,0,0,0,0,0,0,1,1,0,1
41578783,G90,G90,6,3150,167434,3778,5,7,3,1,1,1,1,1,1,1,1,1,1,0,0,1,0,0,0,0,1,0,0,0,0,0,0,0,1,1,0,1
41579004,G80,G80,5,1960,109180,3342,5,9,7,0,1,1,1,1,1,1,1,1,1,0,0,1,0,0,0,0,1,0,0,0,0,0,1,0,0,1,0,1
41579180,GV80,GV80,9,5243,68903,2996,5,5,0,1,1,1,1,1,1,1,1,1,1,0,0,1,0,0,0,0,0,0,1,0,0,0,0,0,1,1,1,0
41579391,G80,G80 (RG3),5,3390,94463,2497,5,6,3,1,1,1,1,1,1,1,1,1,1,0,0,1,0,0,0,0,1,0,0,0,0,1,0,0,0,1,0,1
41580109,G80,G80 (RG3),5,4890,21044,2497,5,3,2,0,0,0,0,0,0,0,0,0,0,0,0,1,0,0,0,0,1,0,0,0,0,0,0,1,0,1,0,1
41580264,G80,G80 (RG3),5,5390,52647,3470,5,4,8,1,1,1,1,1,1,1,1,1,1,0,0,1,0,0,0,0,1,0,0,0,0,1,0,0,0,1,0,1
41581804,GV80,GV80,9,6520,37000,3470,5,2,2,0,1,1,1,1,1,1,1,1,1,0,0,1,0,0,0,0,1,0,0,0,0,1,0,0,0,1,1,0
41582727,GV80,GV80,9,5550,46311,2996,6,4,0,0,1,1,1,1,1,1,1,1,1,0,0,1,0,0,0,0,0,0,1,0,0,0,1,0,0,1,1,0
41583396,G80,G80 (RG3),5,4880,47983,3470,5,4,1,0,1,1,1,1,1,1,1,1,1,0,0,1,0,0,0,0,1,0,0,0,0,0,0,0,1,1,0,1
41583452,GV70,GV70,8,4350,39139,2497,5,4,0,1,1,1,1,1,1,1,1,1,1,0,0,1,0,0,0,0,1,0,0,0,0,0,0,1,0,1,1,0
41583464,G90,G90,6,3270,119959,3778,5,7,0,0,1,1,1,1,1,1,1,1,1,0,0,1,0,0,0,0,1,0,0,0,0,0,0,1,0,1,0,1
41583501,G90,G90 (RS4),6,8690,37911,3470,4,4,0,1,1,1,1,1,1,1,1,1,1,0,0,1,0,0,0,0,1,0,0,0,0,0,0,0,1,1,0,1
41583536,G80,G80 (RG3),5,3530,90673,2199,5,5,3,0,1,1,1,1,1,1,1,1,1,0,0,1,0,0,0,0,0,0,1,0,0,1,0,0,0,1,0,1
41583645,G80,G80 (RG3),5,4940,29689,2497,5,2,2,0,1,1,1,1,1,1,1,1,1,0,0,1,0,0,0,0,1,0,0,0,0,0,1,0,0,1,0,1
41583704,GV70,GV70,8,4340,67202,2497,5,5,0,1,1,1,1,1,1,1,1,1,1,0,0,1,0,0,0,0,1,0,0,0,0,1,0,0,0,1,1,0
41583813,G80,G80 (RG3),5,3230,131720,2497,5,6,3,0,1,1,1,1,1,1,1,1,1,0,0,1,0,0,0,0,1,0,0,0,0,1,0,0,0,1,0,1
41584051,GV70,GV70,8,4000,134786,2151,5,5,0,1,1,1,1,1,1,1,1,1,1,0,0,1,0,0,0,0,0,0,1,0,0,1,0,0,0,1,1,0
41584079,G80,G80,5,2699,30103,3342,5,6,0,0,1,1,1,1,1,1,1,1,1,0,0,1,0,0,0,0,1,0,0,0,0,1,0,0,0,1,0,1
41584327,GV60,GV60,7,9999,40745,111,5,3,0,0,1,1,1,1,1,1,1,1,1,0,0,1,0,0,0,0,0,0,0,1,0,1,0,0,0,1,1,0
41584382,G70,G70,4,2000,79691,1998,5,8,3,0,1,1,1,1,1,1,1,1,1,0,0,1,0,0,0,0,1,0,0,0,0,1,0,0,0,1,0,1
41584470,GV70,GV70,8,3580,66085,2497,5,4,12,0,1,1,1,1,1,1,1,1,1,0,0,1,0,0,0,0,1,0,0,0,0,1,0,0,0,1,1,0
41584965,G90,G90,6,5190,25365,3778,5,6,0,1,1,1,1,1,1,1,1,1,1,0,0,1,0,0,0,0,1,0,0,0,0,0,1,0,0,1,0,1
41585175,G80,G80,5,1990,129745,3342,5,7,5,0,1,1,1,1,1,1,1,1,1,0,0,1,0,0,0,0,1,0,0,0,0,0,1,0,0,1,0,1
41585214,G90,G90,6,2990,154348,3778,5,6,5,0,1,1,1,1,1,1,1,1,1,0,0,1,0,0,0,0,1,0,0,0,0,0,1,0,0,1,0,1
41585335,G80,G80,5,2670,25367,3342,5,8,2,0,1,1,1,1,1,1,1,1,1,0,0,1,0,0,0,0,1,0,0,0,0,0,1,0,0,1,0,1
41585365,GV70,GV70,8,3590,75060,2497,5,3,0,0,1,1,1,1,1,1,1,1,1,0,0,1,0,0,0,0,1,0,0,0,0,1,0,0,0,1,1,0
41585472,GV70,일렉트리파이드 GV70,8,5690,37055,111,5,4,0,0,1,1,1,1,1,1,1,1,1,0,0,1,0,0,0,0,0,0,0,1,0,0,1,0,0,1,1,0
41585586,G80,G80,5,1950,137236,3342,5,8,8,1,1,1,1,1,1,1,1,1,1,0,0,1,0,0,0,0,1,0,0,0,0,0,1,0,0,1,0,1
41585722,G70,G70,4,2290,106819,1998,5,8,1,1,1,1,1,1,1,1,1,1,1,0,0,1,0,0,0,0,1,0,0,0,0,0,0,0,1,1,0,1
41586158,G80,G80 (RG3),5,3100,131903,2497,5,5,1,0,1,1,1,1,1,1,1,1,1,0,0,1,0,0,0,0,1,0,0,0,0,0,0,1,0,1,0,1
41586243,G90,G90,6,2590,230855,3342,5,7,9,1,1,1,1,1,1,1,1,1,1,0,0,1,0,0,0,0,1,0,0,0,0,0,1,0,0,1,0,1
41586467,GV70,GV70,8,4150,72284,2497,5,5,0,0,1,1,1,1,1,1,1,1,1,0,0,1,0,0,0,0,1,0,0,0,0,1,0,0,0,1,1,0
41586876,GV80,GV80,9,4390,92348,2996,5,5,3,1,1,1,1,1,1,1,1,1,1,0,0,1,0,0,0,0,0,0,1,0,0,0,0,0,1,1,1,0
41586906,G80,G80 (RG3),5,3390,99789,3470,5,5,9,1,1,1,1,1,1,1,1,1,1,0,0,1,0,0,0,0,1,0,0,0,0,0,1,0,0,1,0,1
41586926,G80,G80 (RG3),5,3050,135901,2497,5,5,3,0,1,1,1,1,1,1,1,1,1,0,0,1,0,0,0,0,1,0,0,0,0,0,1,0,0,1,0,1
41587209,GV70,GV70,8,4590,58548,2497,5,4,1,1,1,1,1,1,1,1,1,1,1,0,0,1,0,0,0,0,1,0,0,0,0,0,1,0,0,1,1,0
41587569,GV70,GV70,8,4090,58326,2497,5,5,7,1,1,1,1,1,1,1,1,1,1,0,0,1,0,0,0,0,1,0,0,0,0,1,0,0,0,1,1,0
41587776,GV80,GV80,9,4030,144513,2497,6,4,1,1,1,1,1,1,1,1,1,1,1,0,0,1,0,0,0,0,1,0,0,0,0,1,0,0,0,1,1,0
41588120,G70,G70,4,9999,82330,1998,5,7,2,0,0,0,0,0,0,0,0,0,0,0,0,1,0,0,0,0,1,0,0,0,0,0,0,0,1,1,0,1
41588270,GV60,GV60,7,4250,95158,111,5,4,1,0,1,1,1,1,1,1,1,1,1,0,0,1,0,0,0,0,0,0,0,1,0,1,0,0,0,1,1,0
41588288,G90,G90,6,2650,210339,5038,5,7,16,0,1,1,1,1,1,1,1,1,1,0,0,1,0,0,0,0,1,0,0,0,0,0,1,0,0,1,0,1
41588516,G80,G80 (RG3),5,3190,128553,2497,5,6,2,0,1,1,1,1,1,1,1,1,1,0,0,1,0,0,0,0,1,0,0,0,0,0,1,0,0,1,0,1
41589372,G90,G90 (RS4),6,7560,31872,3470,5,2,0,0,1,1,1,1,1,1,1,1,1,0,0,1,0,0,0,0,1,0,0,0,0,0,0,1,0,1,0,1
41589497,GV70,GV70,8,3990,112454,2497,5,4,0,1,1,1,1,1,1,1,1,1,1,0,0,1,0,0,0,0,1,0,0,0,0,1,0,0,0,1,1,0
41590133,G90,G90 (RS4),6,9999,90728,3470,5,4,1,1,1,1,1,1,1,1,1,1,1,0,0,1,0,0,0,0,1,0,0,0,0,1,0,0,0,1,0,1
41590296,G70,G70,4,2620,72920,1998,5,6,0,0,1,1,1,1,1,1,1,1,1,0,0,1,0,0,0,0,1,0,0,0,0,0,0,0,1,1,0,1
41590745,GV80,GV80,9,4940,91878,2497,7,4,0,0,1,1,1,1,1,1,1,1,1,0,0,1,0,0,0,0,1,0,0,0,0,1,0,0,0,1,1,0
41590780,G80,G80 (RG3),5,4750,56876,3470,5,3,3,0,1,1,1,1,1,1,1,1,1,0,0,1,0,0,0,0,1,0,0,0,0,0,0,0,1,1,0,1
41590788,EQ900,EQ900,0,1899,147296,3342,5,10,13,0,1,1,1,1,1,1,1,1,1,0,0,1,0,0,0,0,1,0,0,0,0,0,0,1,0,1,0,1
41590821,G70,G70,4,1980,182540,3342,5,7,1,1,1,1,1,1,1,1,1,1,1,0,0,1,0,0,0,0,1,0,0,0,0,0,1,0,0,1,0,1
41590956,G80,G80 (RG3),5,3690,93261,3470,5,5,2,0,0,0,0,0,0,0,0,0,0,0,0,1,0,0,0,0,1,0,0,0,0,0,1,0,0,1,0,1
41591236,G90,G90,6,4499,81671,3778,5,5,1,0,1,1,1,1,1,1,1,1,1,0,0,1,0,0,0,0,1,0,0,0,0,0,1,0,0,1,0,1
41591698,GV80,GV80,9,4850,60068,2497,5,6,1,1,1,1,1,1,1,1,1,1,1,0,0,1,0,0,0,0,1,0,0,0,0,0,1,0,0,1,1,0
41591770,GV80,GV80,9,4430,118630,2996,5,6,2,0,1,1,1,1,1,1,1,1,1,0,0,1,0,0,0,0,0,0,1,0,0,0,0,1,0,1,1,0
41591922,G90,G90 (RS4),6,7720,46077,3470,5,3,0,0,1,1,1,1,1,1,1,1,1,0,0,1,0,0,0,0,1,0,0,0,0,0,1,0,0,1,0,1
41591950,GV80,GV80,9,5840,70719,2996,5,4,0,1,1,1,1,1,1,1,1,1,1,0,0,1,0,0,0,0,0,0,1,0,0,0,0,1,0,1,1,0
41591952,G80,G80 (RG3),5,3600,62593,2497,5,5,0,1,1,1,1,1,1,1,1,1,1,0,0,1,0,0,0,0,1,0,0,0,0,0,0,0,1,1,0,1
41592281,G90,G90 (RS4),6,7650,51836,3470,5,4,3,1,1,1,1,1,1,1,1,1,1,0,0,1,0,0,0,0,1,0,0,0,0,0,1,0,0,1,0,1
41592621,G80,G80 (RG3),5,3490,87124,2497,5,5,1,0,1,1,1,1,1,1,1,1,1,0,0,1,0,0,0,0,1,0,0,0,0,0,0,1,0,1,0,1
41592864,GV70,GV70,8,4130,66554,2497,5,5,3,1,1,1,1,1,1,1,1,1,1,0,0,1,0,0,0,0,1,0,0,0,0,1,0,0,0,1,1,0
41592996,GV80,GV80,9,7190,15673,2497,5,2,0,1,1,1,1,1,1,1,1,1,1,0,0,1,0,0,0,0,1,0,0,0,0,0,1,0,0,1,1,0
41593225,GV70,GV70,8,3349,102808,2497,5,4,1,0,1,1,1,1,1,1,1,1,1,0,0,1,0,0,0,0,1,0,0,0,0,1,0,0,0,1,1,0
41593585,GV80,GV80,9,5270,38444,3470,5,4,2,0,1,1,1,1,1,1,1,1,1,0,0,1,0,0,0,0,1,0,0,0,0,1,0,0,0,1,1,0
41593921,GV80,GV80,9,7040,32682,2497,5,2,0,1,1,1,1,1,1,1,1,1,1,0,0,1,0,0,0,0,1,0,0,0,0,0,1,0,0,1,1,0
41593981,G80,G80 (RG3),5,6450,24140,2497,5,1,0,0,1,1,1,1,1,1,1,1,1,0,0,1,0,0,0,0,1,0,0,0,0,1,0,0,0,1,0,1
41594319,GV80,GV80,9,6050,32832,3470,6,3,2,1,1,1,1,1,1,1,1,1,1,0,0,1,0,0,0,0,1,0,0,0,0,0,0,0,1,1,1,0
41594413,G80,G80 (RG3),5,4850,47586,3470,5,4,0,1,1,1,1,1,1,1,1,1,1,0,0,1,0,0,0,0,1,0,0,0,0,1,0,0,0,1,0,1
41594792,G90,G90,6,4690,36431,3778,5,7,0,0,1,1,1,1,1,1,1,1,1,0,0,1,0,0,0,0,1,0,0,0,0,0,0,0,1,1,0,1
41594808,G70,G70,4,2450,82734,1998,5,9,5,1,1,1,1,1,1,1,1,1,1,0,0,1,0,0,0,0,1,0,0,0,0,0,0,1,0,1,0,1
41595441,EQ900,EQ900,0,2090,114008,3778,5,9,5,1,1,1,1,1,1,1,1,1,1,0,0,1,0,0,0,0,1,0,0,0,0,0,0,1,0,1,0,1
41596653,G80,G80 (RG3),5,3350,126770,2497,5,4,4,0,1,1,1,1,1,1,1,1,1,0,0,1,0,0,0,0,1,0,0,0,0,0,1,0,0,1,0,1
41598299,GV70,GV70,8,3750,68427,2497,5,5,3,0,1,1,1,1,1,1,1,1,1,0,0,1,0,0,0,0,1,0,0,0,0,1,0,0,0,1,1,0
41598774,G80,G80 (RG3),5,4250,77133,3470,5,3,1,1,1,1,1,1,1,1,1,1,1,0,0,1,0,0,0,0,1,0,0,0,0,0,1,0,0,1,0,1
41598799,EQ900,EQ900,0,9999,89348,3778,5,10,2,0,0,0,0,0,0,0,0,0,0,0,0,1,0,0,0,0,1,0,0,0,0,0,0,1,0,1,0,1
41599002,G80,G80 (RG3),5,4780,25517,2497,5,4,0,1,1,1,1,1,1,1,1,1,1,0,0,1,0,0,0,0,1,0,0,0,0,1,0,0,0,1,0,1
41599093,GV80,GV80,9,5300,57726,2497,5,4,0,0,1,1,1,1,1,1,1,1,1,0,0,1,0,0,0,0,1,0,0,0,0,0,0,1,0,1,1,0
41599095,G90,G90 (RS4),6,2574,57635,3470,5,4,2,0,1,1,1,1,1,1,1,1,1,0,0,1,0,0,0,0,1,0,0,0,0,0,1,0,0,1,0,1
41599648,GV70,GV70,8,3499,67416,2497,5,5,4,1,1,1,1,1,1,1,1,1,1,0,0,1,0,0,0,0,1,0,0,0,0,0,0,0,1,1,1,0
41600088,GV80,GV80,9,3799,115710,2996,5,4,2,0,1,1,1,1,1,1,1,1,1,0,0,1,0,0,0,0,0,0,1,0,0,0,1,0,0,1,1,0
41600346,GV80,GV80,9,3640,113438,2996,7,6,0,0,1,1,1,1,1,1,1,1,1,0,0,1,0,0,0,0,0,0,1,0,0,0,0,0,1,1,1,0
41601070,G80,G80 (RG3),5,3290,95806,2497,5,5,0,0,1,1,1,1,1,1,1,1,1,0,0,1,0,0,0,0,1,0,0,0,0,0,0,1,0,1,0,1
41601135,GV70,GV70,8,4840,29170,2497,5,3,2,1,1,1,1,1,1,1,1,1,1,0,0,1,0,0,0,0,1,0,0,0,0,1,0,0,0,1,1,0
41601154,G80,G80 (RG3),5,4240,77766,2497,5,3,0,0,1,1,1,1,1,1,1,1,1,0,0,1,0,0,0,0,1,0,0,0,0,0,0,1,0,1,0,1
41601292,G90,G90,6,2899,176619,3342,5,8,5,1,1,1,1,1,1,1,1,1,1,0,0,1,0,0,0,0,1,0,0,0,0,0,0,1,0,1,0,1
41601491,GV80,GV80,9,4220,103983,2497,5,4,4,0,1,1,1,1,1,1,1,1,1,0,0,1,0,0,0,0,1,0,0,0,0,0,0,1,0,1,1,0
41601674,GV80,GV80,9,4980,90670,2996,5,3,0,0,1,1,1,1,1,1,1,1,1,0,0,1,0,0,0,0,0,0,1,0,0,1,0,0,0,1,1,0
41602215,GV70,GV70,8,6530,1141,2497,5,1,0,1,1,1,1,1,1,1,1,1,1,0,0,1,0,0,0,0,1,0,0,0,0,1,0,0,0,1,1,0
41602324,EQ900,EQ900,0,2090,158948,3778,5,9,4,0,1,1,1,1,1,1,1,1,1,0,0,1,0,0,0,0,1,0,0,0,0,0,1,0,0,1,0,1
41602464,GV70,GV70,8,4550,23440,2497,5,3,0,0,1,1,1,1,1,1,1,1,1,0,0,1,0,0,0,0,1,0,0,0,0,0,1,0,0,1,1,0
41602658,GV80,GV80,9,4690,75836,3470,5,5,0,0,1,1,1,1,1,1,1,1,1,0,0,1,0,0,0,0,1,0,0,0,0,1,0,0,0,1,1,0
41603134,G80,G80 (RG3),5,4690,77193,2497,5,3,0,1,1,1,1,1,1,1,1,1,1,0,0,1,0,0,0,0,1,0,0,0,0,1,0,0,0,1,0,1
41603248,GV80,GV80,9,7200,8872,2497,5,3,0,1,1,1,1,1,1,1,1,1,1,0,0,1,0,0,0,0,1,0,0,0,0,1,0,0,0,1,1,0
41603555,GV70,GV70,8,2990,116635,2151,5,4,12,0,1,1,1,1,1,1,1,1,1,0,0,1,0,0,0,0,0,0,1,0,0,0,0,0,1,1,1,0
41604123,G80,G80 (RG3),5,3090,66273,2497,5,5,7,0,1,1,1,1,1,1,1,1,1,0,0,1,0,0,0,0,1,0,0,0,0,0,0,0,1,1,0,1
41604706,G80,G80,5,1790,105282,3342,5,10,4,1,1,1,1,1,1,1,1,1,1,0,0,1,0,0,0,0,1,0,0,0,0,0,0,0,1,1,0,1
41604748,G80,G80 (RG3),5,3270,112448,2151,5,5,4,0,1,1,1,1,1,1,1,1,1,0,0,1,0,0,0,0,0,0,1,0,0,0,0,0,1,1,0,1
41604939,GV70,일렉트리파이드 GV70,8,5990,54392,111,5,4,3,0,1,1,1,1,1,1,1,1,1,0,0,1,0,0,0,0,0,0,0,1,0,1,0,0,0,1,1,0
41604974,G80,G80 (RG3),5,3690,92000,2497,5,4,0,0,1,1,1,1,1,1,1,1,1,0,0,1,0,0,0,0,1,0,0,0,0,0,0,0,1,1,0,1
41605144,GV80,GV80,9,4250,70327,2497,6,5,5,0,1,1,1,1,1,1,1,1,1,0,0,1,0,0,0,0,1,0,0,0,0,0,0,1,0,1,1,0
41605363,G70,G70,4,2180,58731,1998,5,7,1,1,1,1,1,1,1,1,1,0,1,0,0,1,0,0,0,0,1,0,0,0,0,1,0,0,0,1,0,1
41605734,G70,더 뉴 G70,4,3580,53329,1998,5,4,1,1,1,1,1,1,1,1,1,1,1,0,0,1,0,0,0,0,1,0,0,0,0,0,0,0,1,1,0,1
41605761,G80,G80,5,2530,88545,3342,5,7,2,0,1,1,1,1,1,1,1,1,1,0,0,1,0,0,0,0,1,0,0,0,0,0,1,0,0,1,0,1
41606100,EQ900,EQ900,0,2040,166197,3778,5,10,0,1,1,1,1,1,1,1,1,1,1,0,0,1,0,0,0,0,1,0,0,0,0,0,1,0,0,1,0,1
41606743,G80,G80 (RG3),5,3290,70844,2497,5,6,0,0,1,1,1,1,1,1,1,1,1,0,0,1,0,0,0,0,1,0,0,0,0,0,1,0,0,1,0,1
41606803,GV70,GV70,8,4350,49664,2497,5,4,3,1,1,1,1,1,1,1,1,1,1,0,0,1,0,0,0,0,1,0,0,0,0,1,0,0,0,1,1,0
41609668,GV70,GV70,8,3690,121100,2497,5,5,6,1,1,1,1,1,1,1,1,1,1,0,0,1,0,0,0,0,1,0,0,0,0,0,1,0,0,1,1,0
41609749,G80,G80 (RG3),5,3640,52278,2497,5,5,5,1,1,1,1,1,1,1,1,1,1,0,0,1,0,0,0,0,1,0,0,0,0,0,1,0,0,1,0,1
41609922,G80,G80 (RG3),5,3490,64745,2497,5,5,8,0,1,1,1,1,1,1,1,1,1,0,0,1,0,0,0,0,1,0,0,0,0,0,1,0,0,1,0,1
41610361,G90,G90,6,1800,391000,3778,5,7,7,0,1,1,1,1,1,1,1,1,1,0,0,1,0,0,0,0,0,1,0,0,0,0,0,1,0,1,0,1
41610598,GV80,GV80,9,4750,86204,3470,5,6,2,1,1,1,1,1,1,1,1,1,1,0,0,1,0,0,0,0,1,0,0,0,0,0,1,0,0,1,1,0
41610630,GV80,GV80,9,3690,146148,3470,5,6,4,0,1,1,1,1,1,1,1,1,1,0,0,1,0,0,0,0,1,0,0,0,0,0,0,0,1,1,1,0
41610709,G80,G80 (RG3),5,4140,41216,3470,5,5,6,1,1,1,1,1,1,1,1,1,1,0,0,1,0,0,0,0,1,0,0,0,0,0,0,1,0,1,0,1
41610912,GV60,GV60,7,3820,94934,111,5,4,2,0,1,1,1,1,1,1,1,1,1,0,0,1,0,0,0,0,0,0,0,1,0,1,0,0,0,1,1,0
41610927,G80,G80 (RG3),5,3150,123129,2497,5,5,2,0,1,1,1,1,1,1,1,1,1,0,0,1,0,0,0,0,1,0,0,0,0,0,1,0,0,1,0,1
41611090,GV80,GV80,9,6170,37295,2497,7,2,1,1,1,1,1,1,1,1,1,1,1,0,0,1,0,0,0,0,1,0,0,0,0,1,0,0,0,1,1,0
41611227,G90,G90 (RS4),6,7049,85835,3470,5,3,1,0,1,1,1,1,1,1,1,1,1,0,0,1,0,0,0,0,1,0,0,0,0,1,0,0,0,1,0,1
41611614,GV70,GV70,8,3950,53704,2497,5,4,2,0,0,0,0,0,0,0,0,0,0,0,0,1,0,0,0,0,1,0,0,0,0,1,0,0,0,1,1,0
41612131,GV80,GV80,9,6830,25742,2497,5,2,0,1,1,1,1,1,1,1,1,1,1,0,0,1,0,0,0,0,1,0,0,0,0,0,1,0,0,1,1,0
41612485,G80,G80 (RG3),5,3760,108182,3470,5,3,2,1,1,1,1,1,1,1,1,1,1,0,0,1,0,0,0,0,1,0,0,0,0,0,0,0,1,1,0,1
41612549,G90,G90,6,3350,121061,3778,5,7,1,0,1,1,1,1,1,1,1,1,1,0,0,1,0,0,0,0,1,0,0,0,0,0,1,0,0,1,0,1
41612734,G80,G80 (RG3),5,2999,144853,2497,5,6,2,0,1,1,1,1,1,1,1,1,1,0,0,1,0,0,0,0,1,0,0,0,0,0,1,0,0,1,0,1
41613143,GV80,GV80,9,5380,57693,2996,5,6,1,1,1,1,1,1,1,1,1,1,1,0,0,1,0,0,0,0,0,0,1,0,0,0,1,0,0,1,1,0
41613409,GV70,GV70,8,9999,623,2497,5,2,0,0,1,1,1,1,1,1,1,1,1,0,0,1,0,0,0,0,1,0,0,0,0,0,0,1,0,1,1,0
41613498,G70,더 뉴 G70,4,3870,31947,1998,5,4,0,1,1,1,1,1,1,1,1,1,1,0,0,1,0,0,0,0,1,0,0,0,0,0,0,1,0,1,0,1
41613524,G80,G80 (RG3),5,4190,28182,3470,5,5,1,1,1,1,1,1,1,1,1,1,1,0,0,1,0,0,0,0,1,0,0,0,0,0,0,0,1,1,0,1
41613692,G80,G80 (RG3),5,3980,30758,2497,5,4,2,0,1,1,1,1,1,1,1,1,1,0,0,1,0,0,0,0,1,0,0,0,0,1,0,0,0,1,0,1
41613929,GV80,GV80,9,4450,59870,2497,7,4,0,0,1,1,1,1,1,1,1,1,1,0,0,1,0,0,0,0,1,0,0,0,0,0,0,1,0,1,1,0
41614071,GV80,GV80,9,3690,100693,3470,5,5,5,0,1,1,1,1,1,1,1,1,1,0,0,1,0,0,0,0,1,0,0,0,0,1,0,0,0,1,1,0
41614309,G90,G90 (RS4),6,5490,98113,3470,5,4,0,0,1,1,1,1,1,1,1,1,1,0,0,1,0,0,0,0,1,0,0,0,0,0,0,1,0,1,0,1
41614639,GV80,GV80,9,3930,109856,3470,5,5,2,0,1,1,1,1,1,1,1,1,1,0,0,1,0,0,0,0,1,0,0,0,0,1,0,0,0,1,1,0
41615075,G90,G90,6,3550,142477,3778,4,7,2,0,1,1,1,1,1,1,1,1,1,0,0,1,0,0,0,0,1,0,0,0,0,0,0,0,1,1,0,1
41615293,G80,G80 (RG3),5,4749,54885,2497,5,2,6,0,1,1,1,1,1,1,1,1,1,0,0,1,0,0,0,0,1,0,0,0,0,0,1,0,0,1,0,1
41615462,G70,G70,4,2010,128775,1998,5,7,6,0,1,1,1,1,1,1,1,1,1,0,0,1,0,0,0,0,1,0,0,0,0,0,1,0,0,1,0,1
41615655,GV80,GV80 쿠페,9,8000,22500,3470,5,2,0,1,1,1,1,1,1,1,1,1,1,0,0,1,0,0,0,0,1,0,0,0,0,0,0,0,1,1,1,0
41615959,G80,G80 (RG3),5,3489,90234,2497,5,5,6,0,1,1,1,1,1,1,1,1,1,0,0,1,0,0,0,0,1,0,0,0,0,1,0,0,0,1,0,1
41616220,G80,G80 (RG3),5,9998,60519,2497,5,5,2,0,0,0,0,0,0,0,0,0,0,0,0,1,0,0,0,0,1,0,0,0,0,0,0,1,0,1,0,1
41617634,G70,더 뉴 G70,4,3600,19651,1998,5,6,1,0,1,1,1,1,1,1,1,1,1,0,0,1,0,0,0,0,1,0,0,0,0,1,0,0,0,1,0,1
41619064,GV80,GV80,9,5450,42271,2497,5,5,2,0,1,1,1,1,1,1,1,1,1,0,0,1,0,0,0,0,1,0,0,0,0,1,0,0,0,1,1,0
41619122,G80,G80,5,3550,29700,3342,5,7,2,1,1,1,1,1,1,1,1,1,1,0,0,1,0,0,0,0,1,0,0,0,0,1,0,0,0,1,0,1
41619222,G80,G80 (RG3),5,4390,27161,2497,5,4,4,1,1,1,1,1,1,1,1,1,1,0,0,1,0,0,0,0,1,0,0,0,0,0,0,1,0,1,0,1
41619239,GV80,GV80,9,5360,74716,2497,5,3,0,0,1,1,1,1,1,1,1,1,1,0,0,1,0,0,0,0,1,0,0,0,0,0,1,0,0,1,1,0
41619247,GV80,GV80,9,4380,90991,2497,5,5,8,0,1,1,1,1,1,1,1,1,1,0,0,1,0,0,0,0,1,0,0,0,0,0,0,0,1,1,1,0
41619252,GV70,GV70,8,4440,55456,2497,5,3,1,1,1,1,1,1,1,1,1,1,1,0,0,1,0,0,0,0,1,0,0,0,0,0,1,0,0,1,1,0
41619284,G80,G80,5,2090,112641,3342,5,8,2,1,1,1,1,1,1,1,1,1,1,0,0,1,0,0,0,0,1,0,0,0,0,0,0,1,0,1,0,1
41619311,G80,G80,5,2850,87201,3342,5,8,1,1,1,1,1,1,1,1,1,1,1,0,0,1,0,0,0,0,1,0,0,0,0,0,0,0,1,1,0,1
41619380,GV80,GV80,9,7150,13422,2497,5,2,1,1,1,1,1,1,1,1,1,1,1,0,0,1,0,0,0,0,1,0,0,0,0,0,1,0,0,1,1,0
41619845,G80,G80 (RG3),5,3380,97802,2497,5,5,0,0,1,1,1,1,1,1,1,1,1,0,0,1,0,0,0,0,1,0,0,0,0,0,0,0,1,1,0,1
41620106,G80,G80 (RG3),5,4020,59167,2497,5,6,1,0,1,1,1,1,1,1,1,1,1,0,0,1,0,0,0,0,1,0,0,0,0,0,1,0,0,1,0,1
41620204,GV70,GV70,8,4899,35778,2497,5,2,0,0,1,1,1,1,1,1,1,1,1,0,0,1,0,0,0,0,1,0,0,0,0,1,0,0,0,1,1,0
41620276,G80,G80 (RG3),5,3490,83561,2497,5,5,0,0,1,1,1,1,1,1,1,1,1,0,0,1,0,0,0,0,1,0,0,0,0,0,0,1,0,1,0,1
41620318,G80,G80 (RG3),5,6399,20667,2497,5,2,1,1,1,1,1,1,1,1,1,1,1,0,0,1,0,0,0,0,1,0,0,0,0,1,0,0,0,1,0,1
41620378,GV80,GV80 쿠페,9,7399,22451,3470,5,3,1,1,1,1,1,1,1,1,1,1,1,0,0,1,0,0,0,0,1,0,0,0,0,0,0,0,1,1,1,0
41620427,G80,G80 (RG3),5,6599,11911,3470,5,2,10,1,1,1,1,1,1,1,1,1,1,0,0,1,0,0,0,0,1,0,0,0,0,1,0,0,0,1,0,1
41620647,GV80,GV80,9,4999,77332,2996,5,6,3,0,1,1,1,1,1,1,1,1,1,0,0,1,0,0,0,0,0,0,1,0,0,0,0,1,0,1,1,0
41620655,GV80,GV80,9,7780,15306,2497,5,1,2,0,1,1,1,1,1,1,1,1,1,0,0,1,0,0,0,0,1,0,0,0,0,0,1,0,0,1,1,0
41620989,GV80,GV80,9,4590,41634,2996,5,6,1,1,1,1,1,1,1,1,1,1,1,0,0,1,0,0,0,0,0,0,1,0,0,0,0,0,1,1,1,0
41621030,G90,G90,6,4390,82616,3778,5,5,0,1,1,1,1,1,1,1,1,1,1,0,0,1,0,0,0,0,1,0,0,0,0,0,1,0,0,1,0,1
41621522,G80,G80 (RG3),5,2950,99105,2497,5,4,5,0,1,1,1,1,1,1,1,1,1,0,0,1,0,0,0,0,1,0,0,0,0,1,0,0,0,1,0,1
41621884,G70,G70,4,2350,70229,1998,5,7,11,1,1,1,1,1,1,1,1,1,1,0,0,1,0,0,0,0,1,0,0,0,0,1,0,0,0,1,0,1
41621903,G90,G90,6,3285,170558,3778,5,6,0,0,1,1,1,1,1,1,1,1,1,0,0,1,0,0,0,0,1,0,0,0,0,0,1,0,0,1,0,1
41622060,G80,G80 (RG3),5,2232,69236,2497,5,3,2,0,1,1,1,1,1,1,1,1,1,0,0,1,0,0,0,0,1,0,0,0,0,0,0,0,1,1,0,1
41622117,G90,G90,6,3000,135934,3778,5,7,0,0,1,1,1,1,1,1,1,1,1,0,0,1,0,0,0,0,1,0,0,0,0,0,1,0,0,1,0,1
41622496,GV80,GV80,9,4990,48080,2996,5,4,1,0,1,1,1,1,1,1,1,1,1,0,0,1,0,0,0,0,0,0,1,0,0,1,0,0,0,1,1,0
41622551,G80,G80 (RG3),5,3680,69975,2497,5,5,4,0,1,1,1,1,1,1,1,1,1,0,0,1,0,0,0,0,1,0,0,0,0,1,0,0,0,1,0,1
41622565,G80,G80 (RG3),5,2930,173693,2497,5,5,1,0,1,1,1,1,1,1,1,1,1,0,0,1,0,0,0,0,1,0,0,0,0,0,0,0,1,1,0,1
41622983,EQ900,EQ900,0,1870,134221,3778,5,9,3,0,1,1,1,1,1,1,1,1,1,0,0,1,0,0,0,0,1,0,0,0,0,0,1,0,0,1,0,1
41623792,G80,G80,5,1850,70938,3342,5,8,6,0,1,1,1,1,1,1,1,1,1,0,0,1,0,0,0,0,1,0,0,0,0,0,0,1,0,1,0,1
41623907,GV70,GV70,8,4481,1480,2497,5,1,2,1,1,1,1,1,1,1,1,1,1,0,0,1,0,0,0,0,1,0,0,0,0,1,0,0,0,1,1,0
41623994,GV70,GV70,8,4300,49476,2497,5,5,2,0,0,0,0,0,0,0,0,0,0,0,0,1,0,0,0,0,1,0,0,0,0,1,0,0,0,1,1,0
41624303,G80,G80 (RG3),5,6750,28901,2497,5,2,2,1,1,1,1,1,1,1,1,1,1,0,0,1,0,0,0,0,1,0,0,0,0,1,0,0,0,1,0,1
41624432,G80,G80,5,2330,90155,3342,5,7,8,0,1,1,1,1,1,1,1,1,1,0,0,1,0,0,0,0,1,0,0,0,0,0,0,1,0,1,0,1
41624502,G80,G80,5,2180,39872,3342,5,9,3,0,1,1,1,1,1,1,1,1,1,0,0,1,0,0,0,0,1,0,0,0,0,0,1,0,0,1,0,1
41624701,GV80,GV80 쿠페,9,7390,22487,3470,5,3,4,1,1,1,1,1,1,1,1,1,1,0,0,1,0,0,0,0,1,0,0,0,0,0,0,0,1,1,1,0
41624914,GV80,GV80,9,3399,178707,2996,5,6,3,0,1,1,1,1,1,1,1,1,1,0,0,1,0,0,0,0,0,0,1,0,0,1,0,0,0,1,1,0
41624952,GV80,GV80,9,6550,17007,2497,5,3,0,1,1,1,1,1,1,1,1,1,1,0,0,1,0,0,0,0,1,0,0,0,0,0,1,0,0,1,1,0
41624993,G80,G80 (RG3),5,2699,179602,2497,5,5,4,1,1,1,1,1,1,1,1,1,1,0,0,1,0,0,0,0,1,0,0,0,0,0,1,0,0,1,0,1
41625211,G90,G90 (RS4),6,8300,11946,3470,5,1,2,0,1,1,1,1,1,1,1,1,1,0,0,1,0,0,0,0,1,0,0,0,0,1,0,0,0,1,0,1
41625370,GV70,GV70,8,4280,43056,2497,5,5,0,0,1,1,1,1,1,1,1,1,1,0,0,1,0,0,0,0,1,0,0,0,0,1,0,0,0,1,1,0
41625507,G80,G80 (RG3),5,3870,65387,3470,5,6,0,0,1,1,1,1,1,1,1,1,1,0,0,1,0,0,0,0,1,0,0,0,0,0,0,0,1,1,0,1
41625524,GV70,GV70,8,3990,90657,2497,5,5,2,1,1,1,1,1,1,1,1,1,1,0,0,1,0,0,0,0,1,0,0,0,0,0,0,0,1,1,1,0
41625594,GV80,GV80,9,6190,9363,2497,5,3,0,0,1,1,1,1,1,1,1,1,1,0,0,1,0,0,0,0,1,0,0,0,0,1,0,0,0,1,1,0
41625673,G80,G80 (RG3),5,2899,143461,2497,5,6,3,0,1,1,1,1,1,1,1,1,1,0,0,1,0,0,0,0,1,0,0,0,0,0,1,0,0,1,0,1
41625703,G90,G90 (RS4),6,6290,127395,3470,4,4,0,0,1,1,1,1,1,1,1,1,1,0,0,1,0,0,0,0,1,0,0,0,0,0,1,0,0,1,0,1
41625889,GV80,GV80,9,7280,14585,2497,7,2,1,1,1,1,1,1,1,1,1,1,1,0,0,1,0,0,0,0,1,0,0,0,0,0,1,0,0,1,1,0
41626148,GV80,GV80,9,3670,167855,2996,5,6,9,0,1,1,1,1,1,1,1,1,1,0,0,1,0,0,0,0,0,0,1,0,0,0,0,1,0,1,1,0
41626389,G90,G90 (RS4),6,9140,24840,3470,5,2,0,1,1,1,1,1,1,1,1,1,1,0,0,1,0,0,0,0,1,0,0,0,0,0,1,0,0,1,0,1
41626452,G70,G70,4,1790,168648,3342,5,8,8,0,1,1,1,1,1,1,1,1,1,0,0,1,0,0,0,0,1,0,0,0,0,0,0,1,0,1,0,1
41626552,EQ900,EQ900,0,3190,49572,3778,5,8,0,0,1,1,1,1,1,1,1,1,1,0,0,1,0,0,0,0,1,0,0,0,0,0,1,0,0,1,0,1
41627757,G80,G80 (RG3),5,5750,26782,2497,5,2,0,0,1,1,1,1,1,1,1,1,1,0,0,1,0,0,0,0,1,0,0,0,0,0,1,0,0,1,0,1
41628379,GV70,GV70,8,2556,44276,2151,5,3,2,0,1,1,1,1,1,1,1,1,1,0,0,1,0,0,0,0,0,0,1,0,0,0,0,1,0,1,1,0
41628635,GV70,GV70,8,3890,106626,2497,5,3,0,1,1,1,1,1,1,1,1,1,1,0,0,1,0,0,0,0,1,0,0,0,0,1,0,0,0,1,1,0
41628636,G80,G80 (RG3),5,6850,1519,2497,5,1,0,0,1,1,1,1,1,1,1,1,1,0,0,1,0,0,0,0,1,0,0,0,0,0,0,1,0,1,0,1
41628722,G80,G80 (RG3),5,3399,82183,3470,5,5,5,0,1,1,1,1,1,1,1,1,1,0,0,1,0,0,0,0,1,0,0,0,0,0,0,1,0,1,0,1
41628730,G80,G80 (RG3),5,4090,66406,2497,5,4,2,0,1,1,1,1,1,1,1,1,1,0,0,1,0,0,0,0,1,0,0,0,0,0,0,1,0,1,0,1
41628777,G70,더 뉴 G70,4,3900,15035,2497,5,2,0,1,1,1,1,1,1,1,1,1,1,0,0,1,0,0,0,0,1,0,0,0,0,0,1,0,0,1,0,1
41628807,EQ900,EQ900,0,2200,115090,3342,5,10,0,1,1,1,1,1,1,1,1,1,1,0,0,1,0,0,0,0,1,0,0,0,0,0,1,0,0,1,0,1
41629051,G80,G80 (RG3),5,3500,79754,2497,5,6,2,0,1,1,1,1,1,1,1,1,1,0,0,1,0,0,0,0,1,0,0,0,0,0,1,0,0,1,0,1
41629843,EQ900,EQ900,0,1750,129551,3778,5,8,10,1,1,1,1,1,1,1,1,1,1,0,0,1,0,0,0,0,1,0,0,0,0,0,0,1,0,1,0,1
41630749,EQ900,EQ900,0,2290,119616,3778,5,10,11,0,1,1,1,1,1,1,1,1,1,0,0,1,0,0,0,0,1,0,0,0,0,0,1,0,0,1,0,1
41631027,G80,G80,5,3050,68851,3342,5,7,2,1,1,1,1,1,1,1,1,1,1,0,0,1,0,0,0,0,1,0,0,0,0,1,0,0,0,1,0,1
41631834,G80,G80,5,1790,147010,3342,5,10,4,1,1,1,1,1,1,1,1,1,1,0,0,1,0,0,0,0,1,0,0,0,0,0,1,0,0,1,0,1
41631838,G80,G80 (RG3),5,3500,62599,2497,5,6,2,0,0,0,0,0,0,0,0,0,0,0,0,1,0,0,0,0,1,0,0,0,0,0,1,0,0,1,0,1
41631855,G80,G80 (RG3),5,6050,26723,2497,5,2,0,1,1,1,1,1,1,1,1,1,1,0,0,1,0,0,0,0,1,0,0,0,0,1,0,0,0,1,0,1
41631869,G90,G90 (RS4),6,4176,20954,3470,5,3,2,0,1,1,1,1,1,1,1,1,1,0,0,1,0,0,0,0,1,0,0,0,0,0,0,0,1,1,0,1
41632090,GV70,GV70,8,3180,143011,2151,5,5,6,1,1,1,1,1,1,1,1,1,1,0,0,1,0,0,0,0,0,0,1,0,0,0,0,1,0,1,1,0
41632106,G80,G80 (RG3),5,3640,105744,2497,5,4,1,1,1,1,1,1,1,1,1,1,1,0,0,1,0,0,0,0,1,0,0,0,0,0,0,1,0,1,0,1
41632226,GV80,GV80,9,5390,41711,2497,5,4,1,0,1,1,1,1,1,1,1,1,1,0,0,1,0,0,0,0,1,0,0,0,0,0,1,0,0,1,1,0
41632881,G80,G80 (RG3),5,6680,20649,3470,5,2,2,1,1,1,1,1,1,1,1,1,1,0,0,1,0,0,0,0,1,0,0,0,0,1,0,0,0,1,0,1
41633019,G90,G90 (RS4),6,5590,109324,3470,4,4,1,0,1,1,1,1,1,1,1,1,1,0,0,1,0,0,0,0,1,0,0,0,0,0,0,1,0,1,0,1
41633090,GV80,GV80,9,8888,150162,2996,5,4,0,0,1,1,1,1,1,1,1,1,1,0,0,1,0,0,0,0,0,0,1,0,0,0,1,0,0,1,1,0
41633142,GV70,일렉트리파이드 GV70,8,5990,25058,111,5,3,0,0,1,1,1,1,1,1,1,1,1,0,0,1,0,0,0,0,0,0,0,1,0,1,0,0,0,1,1,0
41633468,GV70,GV70,8,3755,61459,2497,5,5,1,0,1,1,1,1,1,1,1,1,1,0,0,1,0,0,0,0,1,0,0,0,0,0,0,1,0,1,1,0
41633986,G70,G70,4,2350,47383,1998,5,9,5,0,1,1,1,1,1,1,1,1,1,0,0,1,0,0,0,0,1,0,0,0,0,0,0,1,0,1,0,1
41634029,EQ900,EQ900,0,2390,140184,3778,5,10,4,0,1,1,1,1,1,1,1,1,1,0,0,1,0,0,0,0,1,0,0,0,0,0,1,0,0,1,0,1
41634094,G80,G80 (RG3),5,3520,77866,3470,5,6,6,1,1,1,1,1,1,1,1,1,1,0,0,1,0,0,0,0,1,0,0,0,0,0,0,1,0,1,0,1
41634126,GV60,GV60,7,3560,95746,111,5,4,13,0,1,1,1,1,1,1,1,1,1,0,0,1,0,0,0,0,0,0,0,1,0,0,1,0,0,1,1,0
41634423,G80,G80 (RG3),5,2720,186189,3470,5,6,6,0,1,1,1,1,1,1,1,1,1,0,0,1,0,0,0,0,1,0,0,0,0,0,1,0,0,1,0,1
41634743,G70,G70,4,2395,82440,1998,5,7,8,1,1,1,1,1,1,1,1,1,1,0,0,1,0,0,0,0,1,0,0,0,0,1,0,0,0,1,0,1
41635215,G80,G80,5,1920,88088,3342,5,9,6,0,1,1,1,1,1,1,1,1,1,0,0,1,0,0,0,0,1,0,0,0,0,0,1,0,0,1,0,1
41635842,GV80,GV80,9,6710,34329,2497,5,2,0,1,1,1,1,1,1,1,1,1,1,0,0,1,0,0,0,0,1,0,0,0,0,0,1,0,0,1,1,0
41636403,G80,G80 (RG3),5,4200,50940,2497,5,4,2,0,1,1,1,1,1,1,1,1,1,0,0,1,0,0,0,0,1,0,0,0,0,1,0,0,0,1,0,1
41636512,G90,G90 (RS4),6,6290,76951,3470,5,4,0,0,1,1,1,1,1,1,1,1,1,0,0,1,0,0,0,0,1,0,0,0,0,0,1,0,0,1,0,1
41636850,GV80,GV80,9,5650,59129,2996,5,6,2,0,1,1,1,1,1,1,1,1,1,0,0,1,0,0,0,0,0,0,1,0,0,1,0,0,0,1,1,0
41636971,GV80,GV80 쿠페,9,7130,15945,2497,5,2,1,1,1,1,1,1,1,1,1,1,1,0,0,1,0,0,0,0,1,0,0,0,0,0,1,0,0,1,1,0
41637235,G90,G90,6,3940,69082,3778,5,7,3,0,1,1,1,1,1,1,1,1,1,0,0,1,0,0,0,0,1,0,0,0,0,0,1,0,0,1,0,1
41637247,GV80,GV80,9,4090,100356,2497,5,5,1,0,1,1,1,1,1,1,1,1,1,0,0,1,0,0,0,0,1,0,0,0,0,0,1,0,0,1,1,0
41637836,GV80,GV80,9,4830,113608,2497,5,3,2,1,1,1,1,1,1,1,1,1,1,0,0,1,0,0,0,0,1,0,0,0,0,0,1,0,0,1,1,0
41637840,GV70,GV70,8,4600,35144,2497,5,4,0,0,1,1,1,1,1,1,1,1,1,0,0,1,0,0,0,0,1,0,0,0,0,1,0,0,0,1,1,0
41637866,GV80,GV80,9,4090,87376,2996,5,4,1,1,1,1,1,1,1,1,1,1,1,0,0,1,0,0,0,0,0,0,1,0,0,0,0,0,1,1,1,0
41637873,G80,G80 (RG3),5,4540,21322,2497,5,4,0,1,1,1,1,1,1,1,1,1,1,0,0,1,0,0,0,0,1,0,0,0,0,0,0,1,0,1,0,1
41638856,G80,G80 (RG3),5,3450,131286,2497,5,4,2,0,1,1,1,1,1,1,1,1,1,0,0,1,0,0,0,0,1,0,0,0,0,0,1,0,0,1,0,1
41638932,G80,G80 (RG3),5,3349,169978,2151,5,5,1,0,1,1,1,1,1,1,1,1,1,0,0,1,0,0,0,0,0,0,1,0,0,0,1,0,0,1,0,1
41638941,GV80,GV80,9,6200,28162,2497,5,2,1,0,1,1,1,1,1,1,1,1,1,0,0,1,0,0,0,0,1,0,0,0,0,0,1,0,0,1,1,0
41639268,G70,더 뉴 G70,4,3640,45921,1998,5,3,4,0,1,1,1,1,1,1,1,1,1,0,0,1,0,0,0,0,1,0,0,0,0,0,0,1,0,1,0,1
41639388,GV70,GV70,8,3780,10515,2497,5,3,14,1,1,1,1,1,1,1,1,1,1,0,0,1,0,0,0,0,1,0,0,0,0,0,0,1,0,1,1,0
41639551,GV70,GV70,8,3880,26322,2497,5,5,4,0,1,1,1,1,1,1,1,1,1,0,0,1,0,0,0,0,1,0,0,0,0,0,0,1,0,1,1,0
41639740,GV70,일렉트리파이드 GV70,8,5560,53739,111,5,4,0,0,1,1,1,1,1,1,1,1,1,0,0,1,0,0,0,0,0,0,0,1,0,1,0,0,0,1,1,0
41639906,GV70,GV70,8,3777,44550,2497,5,4,9,1,1,1,1,1,1,1,1,1,1,0,0,1,0,0,0,0,1,0,0,0,0,0,1,0,0,1,1,0
41640344,G80,G80 (RG3),5,4199,62428,2497,5,4,5,0,1,1,1,1,1,1,1,1,1,0,0,1,0,0,0,0,1,0,0,0,0,1,0,0,0,1,0,1
41640631,G80,G80 (RG3),5,2919,100563,3470,5,5,2,1,1,1,1,1,1,1,1,1,1,0,0,1,0,0,0,0,1,0,0,0,0,0,0,0,1,1,0,1
41641219,GV80,GV80,9,7550,11985,2497,6,2,0,1,1,1,1,1,1,1,1,1,1,0,0,1,0,0,0,0,1,0,0,0,0,1,0,0,0,1,1,0
41641809,G80,G80 (RG3),5,3599,83562,3470,5,5,2,0,0,0,0,0,0,0,0,0,0,0,0,1,0,0,0,0,1,0,0,0,0,0,0,1,0,1,0,1
41641937,G90,G90,6,2950,152810,3778,5,7,1,1,1,1,1,1,1,1,1,1,1,0,0,1,0,0,0,0,1,0,0,0,0,0,1,0,0,1,0,1
41642184,G80,G80 (RG3),5,5830,16658,2497,5,2,0,1,1,1,1,1,1,1,1,1,1,0,0,1,0,0,0,0,1,0,0,0,0,0,1,0,0,1,0,1
41642811,G90,G90,6,2640,160882,3778,5,5,10,0,1,1,1,1,1,1,1,1,1,0,0,1,0,0,0,0,1,0,0,0,0,0,1,0,0,1,0,1
41642935,GV70,GV70,8,4790,41384,2497,5,4,0,1,1,1,1,1,1,1,1,1,1,0,0,1,0,0,0,0,1,0,0,0,0,1,0,0,0,1,1,0
41643787,GV80,GV80,9,5800,42616,2497,7,3,2,1,1,1,1,1,1,1,1,1,1,0,0,1,0,0,0,0,1,0,0,0,0,0,0,1,0,1,1,0
41643824,G80,G80 (RG3),5,3790,78709,3470,5,5,1,0,1,1,1,1,1,1,1,1,1,0,0,1,0,0,0,0,1,0,0,0,0,0,1,0,0,1,0,1
41644145,GV70,GV70,8,3890,52664,2497,5,5,1,0,1,1,1,1,1,1,1,1,1,0,0,1,0,0,0,0,1,0,0,0,0,0,1,0,0,1,1,0
41644760,GV80,GV80,9,4300,125480,2996,5,4,0,1,1,1,1,1,1,1,1,1,1,0,0,1,0,0,0,0,0,0,1,0,0,0,0,0,1,1,1,0
41644935,GV80,GV80,9,3790,107082,3470,5,6,1,0,1,1,1,1,1,1,1,1,1,0,0,1,0,0,0,0,1,0,0,0,0,0,0,0,1,1,1,0
41645154,G80,G80 (RG3),5,4250,53549,2497,5,4,0,0,1,1,1,1,1,1,1,1,1,0,0,1,0,0,0,0,1,0,0,0,0,0,1,0,0,1,0,1
41645839,GV80,GV80,9,4490,109888,2497,6,4,1,0,1,1,1,1,1,1,1,1,1,0,0,1,0,0,0,0,1,0,0,0,0,0,0,1,0,1,1,0
41646348,GV80,GV80,9,2304,50291,2497,6,3,2,1,1,1,1,1,1,1,1,1,1,0,0,1,0,0,0,0,1,0,0,0,0,0,1,0,0,1,1,0
41646362,GV70,일렉트리파이드 GV70,8,2064,52192,400,5,4,2,1,1,1,1,1,1,1,1,1,1,0,0,1,0,0,0,0,0,0,0,1,0,1,0,0,0,1,1,0
41646829,G80,G80 (RG3),5,3250,104080,3470,5,5,2,0,1,1,1,1,1,1,1,1,1,0,0,1,0,0,0,0,1,0,0,0,0,0,0,1,0,1,0,1
41647047,G70,더 뉴 G70,4,4570,7728,2497,5,2,0,0,1,1,1,1,1,1,1,1,1,0,0,1,0,0,0,0,1,0,0,0,0,0,0,1,0,1,0,1
41647322,G70,G70,4,1730,152980,1998,5,8,2,1,1,1,1,1,1,1,1,1,1,0,0,1,0,0,0,0,1,0,0,0,0,0,0,1,0,1,0,1
41647371,GV80,GV80,9,4520,119898,2996,5,4,2,1,1,1,1,1,1,1,1,1,1,0,0,1,0,0,0,0,0,0,1,0,0,1,0,0,0,1,1,0
41647378,G70,G70,4,2350,138015,1998,5,8,13,1,1,1,1,1,1,1,1,1,1,0,0,1,0,0,0,0,1,0,0,0,0,0,0,1,0,1,0,1
41647819,EQ900,EQ900,0,1730,152023,3778,5,10,6,0,1,1,1,1,1,1,1,1,1,0,0,1,0,0,0,0,1,0,0,0,0,0,1,0,0,1,0,1
41647875,G90,G90,6,2850,197691,3778,4,7,9,0,1,1,1,1,1,1,1,1,1,0,0,1,0,0,0,0,1,0,0,0,0,0,1,0,0,1,0,1
41648307,G80,G80,5,2150,71005,3342,5,9,3,1,1,1,1,1,1,1,1,1,1,0,0,1,0,0,0,0,1,0,0,0,0,1,0,0,0,1,0,1
41648665,G80,G80 (RG3),5,3150,119262,2497,5,4,2,0,1,1,1,1,1,1,1,1,1,0,0,1,0,0,0,0,1,0,0,0,0,0,1,0,0,1,0,1
41648904,GV80,GV80,9,6220,24545,2497,5,3,5,1,1,1,1,1,1,1,1,1,1,0,0,1,0,0,0,0,1,0,0,0,0,1,0,0,0,1,1,0
41648979,EQ900,EQ900,0,1899,161067,3778,5,10,2,0,1,1,1,1,1,1,1,1,1,0,0,1,0,0,0,0,1,0,0,0,0,0,1,0,0,1,0,1
41649036,G80,G80 (RG3),5,3190,113413,2497,5,4,1,0,1,1,1,1,1,1,1,1,1,0,0,1,0,0,0,0,1,0,0,0,0,0,0,1,0,1,0,1
41649184,GV80,GV80,9,5590,35081,2497,5,3,4,1,1,1,1,1,1,1,1,1,1,0,0,1,0,0,0,0,1,0,0,0,0,1,0,0,0,1,1,0
41649474,G90,G90,6,3350,145551,3778,5,5,0,0,1,1,1,1,1,1,1,1,1,0,0,1,0,0,0,0,1,0,0,0,0,0,0,0,1,1,0,1
41649527,G70,G70,4,2399,108376,1998,5,7,7,1,1,1,1,1,1,1,1,1,1,0,0,1,0,0,0,0,1,0,0,0,0,1,0,0,0,1,0,1
41649551,G90,G90,6,3650,103602,3778,5,7,7,1,1,1,1,1,1,1,1,1,1,0,0,1,0,0,0,0,1,0,0,0,0,0,1,0,0,1,0,1
41649642,G80,G80 (RG3),5,5199,10994,2497,5,2,0,0,1,1,1,1,1,1,1,1,1,0,0,1,0,0,0,0,1,0,0,0,0,0,0,0,1,1,0,1
41650046,GV80,GV80,9,4610,89205,3470,5,5,1,1,1,1,1,1,1,1,1,1,1,0,0,1,0,0,0,0,1,0,0,0,0,0,0,0,1,1,1,0
41650109,G70,G70,4,2450,114721,3342,5,8,5,1,1,1,1,1,1,1,1,1,1,0,0,1,0,0,0,0,1,0,0,0,0,1,0,0,0,1,0,1
41650345,GV80,GV80,9,4850,69879,2996,7,6,1,0,1,1,1,1,1,1,1,1,1,0,0,1,0,0,0,0,0,0,1,0,0,0,1,0,0,1,1,0
41650560,G80,G80 (RG3),5,3990,34688,3470,5,5,0,0,1,1,1,1,1,1,1,1,1,0,0,1,0,0,0,0,1,0,0,0,0,0,1,0,0,1,0,1
41650632,G90,G90 (RS4),6,7950,71921,3470,5,3,0,0,1,1,1,1,1,1,1,1,1,0,0,1,0,0,0,0,1,0,0,0,0,0,1,0,0,1,0,1
41650720,G80,G80,5,2150,76905,3342,5,7,1,0,1,1,1,1,1,1,1,1,1,0,0,1,0,0,0,0,1,0,0,0,0,0,1,0,0,1,0,1
41650917,G80,G80 (RG3),5,3799,31576,2497,5,6,4,0,1,1,1,1,1,1,1,1,1,0,0,1,0,0,0,0,1,0,0,0,0,0,0,1,0,1,0,1
41651068,G80,G80 (RG3),5,7990,1994,2497,5,0,0,1,1,1,1,1,1,1,1,1,1,0,0,1,0,0,0,0,1,0,0,0,0,0,1,0,0,1,0,1
41651081,G70,G70,4,2550,72672,3342,5,7,8,1,1,1,1,1,1,1,1,1,1,0,0,1,0,0,0,0,1,0,0,0,0,0,0,1,0,1,0,1
41651331,G90,G90 (RS4),6,4950,144931,3470,5,4,1,0,1,1,1,1,1,1,1,1,1,0,0,1,0,0,0,0,1,0,0,0,0,0,0,1,0,1,0,1
41651457,G80,G80 (RG3),5,3720,62821,2497,5,3,0,1,1,1,1,1,1,1,1,1,1,0,0,1,0,0,0,0,1,0,0,0,0,0,0,0,1,1,0,1
41651549,GV80,GV80,9,3740,89524,2996,5,6,6,1,1,1,1,1,1,1,1,1,1,0,0,1,0,0,0,0,0,0,1,0,0,1,0,0,0,1,1,0
41651738,GV70,GV70,8,4590,38596,2497,5,5,0,0,1,1,1,1,1,1,1,1,1,0,0,1,0,0,0,0,1,0,0,0,0,0,1,0,0,1,1,0
41651785,G80,G80 (RG3),5,3280,60475,3470,5,5,1,0,1,1,1,1,1,1,1,1,1,0,0,1,0,0,0,0,1,0,0,0,0,0,1,0,0,1,0,1
41651921,레이,더 뉴 G70 슈팅브레이크,34,2590,51603,1998,5,4,8,0,1,1,1,1,1,1,1,1,1,0,0,1,0,0,0,0,1,0,0,0,0,0,1,0,0,1,0,1
41652520,GV80,GV80,9,6799,11563,2497,5,1,0,0,1,1,1,1,1,1,1,1,1,0,0,1,0,0,0,0,1,0,0,0,0,0,0,1,0,1,1,0
41652567,G80,G80 (RG3),5,4940,27414,3470,5,5,0,1,1,1,1,1,1,1,1,1,1,0,0,1,0,0,0,0,1,0,0,0,0,0,1,0,0,1,0,1
41652588,GV80,GV80,9,5140,87370,2996,5,3,3,1,1,1,1,1,1,1,1,1,1,0,0,1,0,0,0,0,0,0,1,0,0,1,0,0,0,1,1,0
41653410,GV70,GV70,8,3899,76212,2497,5,5,0,1,1,1,1,1,1,1,1,1,1,0,0,1,0,0,0,0,1,0,0,0,0,1,0,0,0,1,1,0
41653798,G80,G80 (RG3),5,3290,102543,2497,5,5,0,0,1,1,1,1,1,1,1,1,1,0,0,1,0,0,0,0,1,0,0,0,0,0,1,0,0,1,0,1
41653859,G90,G90,6,3985,124634,3778,5,6,2,0,1,1,1,1,1,1,1,1,1,0,0,1,0,0,0,0,1,0,0,0,0,0,1,0,0,1,0,1
41653871,GV70,GV70,8,3680,85788,2151,5,5,0,0,1,1,1,1,1,1,1,1,1,0,0,1,0,0,0,0,0,0,1,0,0,0,1,0,0,1,1,0
41654336,GV70,GV70,8,3650,79361,2497,5,5,3,0,1,1,1,1,1,1,1,1,1,0,0,1,0,0,0,0,1,0,0,0,0,0,1,0,0,1,1,0
41654616,G90,G90,6,3390,93812,3778,5,6,0,0,1,1,1,1,1,1,1,1,1,0,0,1,0,0,0,0,1,0,0,0,0,0,1,0,0,1,0,1
41656095,G90,G90,6,3330,114651,3342,5,6,4,1,1,1,1,1,1,1,1,1,1,0,0,1,0,0,0,0,1,0,0,0,0,0,0,1,0,1,0,1
41656578,G80,G80 (RG3),5,3799,88661,2497,5,5,0,0,1,1,1,1,1,1,1,1,1,0,0,1,0,0,0,0,1,0,0,0,0,0,0,1,0,1,0,1
41657257,G90,G90,6,3290,131578,3342,5,6,7,1,1,1,1,1,1,1,1,1,1,0,0,1,0,0,0,0,1,0,0,0,0,0,0,1,0,1,0,1
41657412,GV80,GV80,9,4090,83632,2497,5,6,3,1,1,1,1,1,1,1,1,1,1,0,0,1,0,0,0,0,1,0,0,0,0,0,0,0,1,1,1,0
41657460,GV80,GV80,9,4799,107493,2996,7,6,0,1,1,1,1,1,1,1,1,1,1,0,0,1,0,0,0,0,0,0,1,0,0,1,0,0,0,1,1,0
41657684,GV80,GV80,9,4900,57604,2497,5,4,7,0,1,1,1,1,1,1,1,1,1,0,0,1,0,0,0,0,1,0,0,0,0,0,1,0,0,1,1,0
41658230,GV80,GV80,9,4950,80001,2497,7,6,0,1,1,1,1,1,1,1,1,1,1,0,0,1,0,0,0,0,1,0,0,0,0,1,0,0,0,1,1,0
41658376,GV80,GV80,9,4400,89088,3470,5,6,2,0,1,1,1,1,1,1,1,1,1,0,0,1,0,0,0,0,1,0,0,0,0,1,0,0,0,1,1,0
41658433,EQ900,EQ900,0,2300,103609,5038,5,9,0,1,1,1,1,1,1,1,1,1,1,0,0,1,0,0,0,0,1,0,0,0,0,0,1,0,0,1,0,1
41658496,GV70,GV70,8,3680,150617,2151,5,5,7,1,1,1,1,1,1,1,1,1,1,0,0,1,0,0,0,0,0,0,1,0,0,0,0,1,0,1,1,0
41658560,G90,G90 (RS4),6,5999,105363,3470,5,3,1,0,1,1,1,1,1,1,1,1,1,0,0,1,0,0,0,0,1,0,0,0,0,0,1,0,0,1,0,1
41658999,G80,G80 (RG3),5,4290,42665,2497,5,5,0,0,1,1,1,1,1,1,1,1,1,0,0,1,0,0,0,0,1,0,0,0,0,0,1,0,0,1,0,1
41659133,G70,더 뉴 G70,4,2770,93664,1998,5,5,5,0,1,1,1,1,1,1,1,1,1,0,0,1,0,0,0,0,1,0,0,0,0,1,0,0,0,1,0,1
41659548,G80,G80,5,1790,82450,3342,5,8,2,0,1,1,1,1,1,1,1,1,1,0,0,1,0,0,0,0,1,0,0,0,0,0,1,0,0,1,0,1
41660334,GV80,GV80,9,5999,16008,2497,5,2,9,0,1,1,1,1,1,1,1,1,1,0,0,1,0,0,0,0,1,0,0,0,0,0,0,1,0,1,1,0
41660792,G80,G80 (RG3),5,3860,46427,2497,5,4,3,0,1,1,1,1,1,1,1,1,1,0,0,1,0,0,0,0,1,0,0,0,0,0,0,1,0,1,0,1
41660922,G80,G80 (RG3),5,3699,92138,3470,5,5,2,1,1,1,1,1,1,1,1,1,1,0,0,1,0,0,0,0,1,0,0,0,0,0,1,0,0,1,0,1
41660965,G80,G80 (RG3),5,3850,76516,3470,5,5,0,0,1,1,1,1,1,1,1,1,1,0,0,1,0,0,0,0,1,0,0,0,0,1,0,0,0,1,0,1
37018713,아반떼,아반떼 (CN7),62,2490,29499,1998,5,5,4,0,1,1,1,1,1,1,1,1,1,1,0,0,0,0,0,0,1,0,0,0,0,0,0,1,0,1,0,1
37863210,스타리아,스타리아,51,2299,48599,2199,5,4,6,0,0,1,1,0,0,0,1,0,0,1,0,0,0,0,0,0,0,0,1,0,0,0,0,1,0,1,1,0
38001559,스타리아,스타리아,51,2760,75519,2199,11,5,1,0,0,1,1,1,1,1,1,0,1,1,0,0,0,0,0,0,0,0,1,0,0,0,0,1,0,1,1,0
38001600,스타리아,스타리아,51,2539,76529,2199,11,5,1,0,0,1,1,1,1,1,1,0,1,1,0,0,0,0,0,0,0,0,1,0,0,0,0,1,0,1,1,0
38034697,스타리아,스타리아,51,2499,85651,2199,11,5,2,0,0,1,1,1,1,1,1,0,1,1,0,0,0,0,0,0,0,0,1,0,0,0,0,1,0,1,1,0
38383060,그랜저,더 뉴 그랜저 IG,27,2750,66632,2497,5,5,2,0,1,1,1,1,1,1,1,1,1,1,0,0,0,0,0,0,1,0,0,0,0,0,0,1,0,1,0,1
38388166,그랜저,더 뉴 그랜저 IG,27,2399,50142,3342,5,4,4,0,1,1,1,1,1,1,1,1,1,1,0,0,0,0,0,0,1,0,0,0,0,0,1,0,0,1,0,1
38395696,스타렉스,더 뉴 그랜드 스타렉스,50,4599,144616,2497,6,8,7,1,0,1,1,1,0,1,1,1,1,1,0,0,0,0,0,0,0,0,1,0,0,0,1,0,0,1,1,0
38483123,팰리세이드,팰리세이드,107,3150,64744,3778,7,6,4,1,1,1,1,1,1,1,1,1,1,1,0,0,0,0,0,0,1,0,0,0,0,1,0,0,0,1,1,0
38526018,아반떼,더 뉴 아반떼 (CN7),62,1715,7241,1598,5,2,1,0,1,1,1,1,1,1,1,1,1,1,0,0,0,0,0,0,1,0,0,0,0,0,1,0,0,1,0,1
38594980,스타리아,스타리아,51,2800,46047,2199,11,4,7,0,0,1,1,0,1,1,1,0,1,1,0,0,0,0,0,0,0,0,1,0,0,0,0,1,0,1,1,0
38663127,그랜저,더 뉴 그랜저 IG,27,2450,39627,2999,5,6,3,0,1,1,1,1,1,1,1,0,1,1,0,0,0,0,0,1,0,0,0,0,0,0,0,1,0,1,0,1
38791586,그랜저,더 뉴 그랜저 IG,27,2200,52056,2497,5,6,4,1,1,1,1,1,1,1,1,1,1,1,0,0,0,0,0,0,1,0,0,0,0,0,0,0,1,1,0,1
38795383,스타렉스,더 뉴 그랜드 스타렉스,50,2000,20828,2359,12,7,5,0,0,1,1,0,0,1,1,0,1,1,0,0,0,0,0,1,0,0,0,0,0,0,0,0,1,1,1,0
38807493,쏠라티,쏠라티,60,4139,50732,2497,15,8,0,0,0,1,1,0,0,0,1,0,1,1,0,0,0,0,0,0,0,0,1,0,0,0,1,0,0,1,1,0
38838928,스타렉스,더 뉴 그랜드 스타렉스,50,1720,68727,2497,5,5,6,0,0,1,1,0,0,1,1,1,1,1,0,0,0,0,0,0,0,0,1,0,0,0,0,1,0,1,1,0
38943608,쏠라티,쏠라티,60,4199,22545,2497,15,8,1,0,0,1,1,0,0,1,1,0,1,1,0,0,0,0,0,0,0,0,1,0,0,0,1,0,0,1,1,0
38978844,팰리세이드,팰리세이드,107,1870,127010,3778,7,7,1,0,0,1,1,1,1,1,1,1,1,1,0,0,0,0,0,0,1,0,0,0,0,0,0,0,1,1,1,0
39124731,싼타페,싼타페 TM,56,2318,108998,1995,5,7,2,0,1,1,1,1,1,1,1,1,1,1,0,0,0,0,0,0,0,0,1,0,0,0,1,0,0,1,1,0
39170564,스타리아,스타리아,51,3200,16836,3470,11,3,1,0,0,1,1,0,1,0,1,0,1,1,0,0,0,0,0,1,0,0,0,0,0,0,0,0,1,1,1,0
39193215,싼타페,싼타페 (MX5),56,2960,11379,2497,5,2,0,1,1,1,1,1,1,1,1,1,1,1,0,0,0,0,0,0,1,0,0,0,0,0,0,1,0,1,1,0
39205025,스타렉스,더 뉴 그랜드 스타렉스,50,1870,58398,2359,12,6,7,0,0,1,1,0,0,0,1,0,1,1,0,0,0,0,0,1,0,0,0,0,0,0,0,0,1,1,1,0
39211495,스타렉스,더 뉴 그랜드 스타렉스,50,2050,55349,2359,12,8,2,0,0,1,0,0,0,0,1,0,1,1,0,0,0,0,0,1,0,0,0,0,0,0,0,0,1,1,1,0
39284381,스타리아,스타리아,51,4780,18374,2199,11,4,0,0,1,1,1,1,1,1,1,1,1,1,0,0,0,0,0,0,0,0,1,0,0,1,0,0,0,1,1,0
39296196,싼타페,싼타페 (MX5),56,3980,41582,2497,7,3,0,1,1,1,1,1,1,1,1,1,1,1,0,0,0,0,0,0,1,0,0,0,0,1,0,0,0,1,1,0
39326554,아이오닉5,아이오닉5,66,3190,64684,111,5,4,0,0,1,1,1,1,1,1,1,1,1,1,0,0,0,0,0,0,0,0,0,1,0,1,0,0,0,1,0,1
39447690,스타렉스,더 뉴 그랜드 스타렉스,50,1750,126501,2497,15,8,0,0,0,1,0,0,0,0,1,0,1,1,0,0,0,0,0,0,0,0,1,0,0,0,0,0,1,1,1,0
39480608,그랜저,그랜저 IG,27,2140,68413,2999,5,8,0,0,1,1,1,1,1,1,1,1,1,1,0,0,0,0,0,0,1,0,0,0,0,1,0,0,0,1,0,1
39534914,스타렉스,더 뉴 그랜드 스타렉스,50,1839,65223,2497,12,7,4,0,0,1,0,0,0,0,1,1,1,1,0,0,0,0,0,0,0,0,1,0,0,0,0,1,0,1,1,0
39581867,스타렉스,더 뉴 그랜드 스타렉스,50,2270,108454,2497,9,8,0,0,0,1,1,0,0,1,1,1,1,1,0,0,0,0,0,0,0,0,1,0,0,0,1,0,0,1,1,0
39582262,싼타페,싼타페 (MX5),56,4390,33611,1598,6,3,0,1,1,1,1,1,1,1,1,1,1,1,0,0,0,0,0,0,0,1,0,0,0,1,0,0,0,1,1,0
39602124,싼타페,더 뉴 싼타페,56,3370,37564,2497,5,3,0,0,1,1,1,1,1,1,1,1,1,1,0,0,0,0,0,0,1,0,0,0,0,0,0,1,0,1,1,0
39681720,그랜저,그랜저 (GN7),27,2990,71073,3470,5,3,0,0,1,1,1,1,1,1,1,1,1,1,0,0,0,0,0,1,0,0,0,0,0,0,0,0,1,1,0,1
39698461,팰리세이드,더 뉴 팰리세이드,107,3890,161153,2199,7,3,0,0,1,1,1,1,1,1,1,1,1,1,0,0,0,0,0,0,0,0,1,0,0,0,1,0,0,1,1,0
39704785,팰리세이드,팰리세이드,107,3090,52451,3778,7,4,1,1,1,1,1,1,1,1,1,1,1,1,0,0,0,0,0,0,1,0,0,0,0,0,1,0,0,1,1,0
39755990,그랜저,그랜저 하이브리드 (GN7),27,3890,53458,1598,5,3,0,0,1,1,1,1,1,1,1,1,1,1,0,0,0,0,0,0,0,1,0,0,0,1,0,0,0,1,0,1
39851260,스타렉스,그랜드 스타렉스,50,2270,105104,2497,11,11,7,1,0,1,0,0,0,0,1,1,1,1,0,0,0,0,0,0,0,0,1,0,0,0,0,1,0,1,1,0
39857831,싼타페,싼타페 TM,56,1980,114459,1995,5,8,2,1,0,1,1,1,1,1,1,1,1,1,0,0,0,0,0,0,0,0,1,0,0,1,0,0,0,1,1,0
39892417,아반떼,더 뉴 아반떼 하이브리드 (CN7),62,3010,12804,1580,5,1,0,0,1,1,1,1,1,1,1,1,1,1,0,0,0,0,0,0,0,1,0,0,0,0,0,1,0,1,0,1
39921877,그랜저,그랜저 하이브리드 (GN7),27,3400,35956,1598,5,3,1,0,1,1,1,1,1,1,1,0,1,1,0,0,0,0,0,0,0,1,0,0,0,0,1,0,0,1,0,1
39957080,쏘나타,쏘나타 뉴 라이즈 하이브리드,57,1730,82471,1999,5,7,2,0,1,1,1,1,1,1,1,1,1,1,0,0,0,0,0,0,0,1,0,0,0,0,0,1,0,1,0,1
39999901,스타렉스,더 뉴 그랜드 스타렉스,50,5950,16162,2497,3,5,2,0,0,1,1,0,0,0,1,1,1,1,0,0,0,0,0,0,0,0,1,0,0,1,0,0,0,1,1,0
40049579,스타렉스,더 뉴 그랜드 스타렉스,50,1790,36174,2497,3,6,9,0,0,1,1,0,0,1,1,0,1,1,0,0,0,0,0,0,0,0,1,0,0,0,0,0,1,1,1,0
40060328,스타렉스,더 뉴 그랜드 스타렉스,50,1950,51094,2497,15,7,1,0,0,1,1,0,0,1,1,0,1,1,0,0,0,0,0,0,0,0,1,0,0,0,0,0,1,1,1,0
40132700,코나,코나 (SX2),91,2780,46311,1598,5,3,0,0,1,1,1,1,1,1,1,1,1,1,0,0,0,0,0,0,1,0,0,0,0,1,0,0,0,1,1,0
40140136,쏠라티,쏠라티,60,5890,25958,2497,15,3,2,0,0,1,1,0,0,1,1,0,1,1,0,0,0,0,0,0,0,0,1,0,0,0,1,0,0,1,1,0
40171742,싼타페,싼타페 TM,56,2000,119291,1995,5,7,0,0,0,1,1,1,1,1,1,1,1,1,0,0,0,0,0,0,0,0,1,0,0,0,0,1,0,1,1,0
40178489,아반떼,더 뉴 아반떼 (CN7),62,1900,45755,1591,5,3,0,0,1,1,1,1,1,1,1,1,1,1,0,0,0,0,0,1,0,0,0,0,0,1,0,0,0,1,0,1
40182116,넥쏘,넥쏘,28,1890,74722,0,5,5,7,1,1,1,1,1,1,1,1,1,1,1,0,0,0,0,0,0,0,0,0,0,1,1,0,0,0,1,1,0
40238211,팰리세이드,팰리세이드,107,2749,80684,2199,7,6,0,0,1,1,1,1,1,1,1,1,1,1,0,0,0,0,0,0,0,0,1,0,0,0,0,1,0,1,1,0
40252722,스타렉스,더 뉴 그랜드 스타렉스,50,1750,47445,2497,5,7,0,0,0,1,0,0,0,0,0,0,1,1,0,0,0,0,0,0,0,0,1,0,0,1,0,0,0,1,1,0
40261534,팰리세이드,팰리세이드,107,2300,140435,3778,7,7,0,0,1,1,1,1,1,1,1,1,1,1,0,0,0,0,0,0,1,0,0,0,0,0,0,1,0,1,1,0
40264120,싼타페,싼타페 TM,56,2190,79121,1995,5,6,4,0,0,1,1,1,1,1,1,1,1,1,0,0,0,0,0,0,0,0,1,0,0,1,0,0,0,1,1,0
40295372,제네시스,제네시스 DH,81,1830,96459,3778,5,11,12,1,1,1,1,1,1,1,1,1,1,1,0,0,0,0,0,0,1,0,0,0,0,0,1,0,0,1,0,1
40329367,싼타페,더 뉴 싼타페,56,3050,74313,2151,5,6,1,1,1,1,1,1,1,1,1,1,1,1,0,0,0,0,0,0,0,0,1,0,0,1,0,0,0,1,1,0
40336285,싼타페,싼타페 TM,56,2150,81709,1995,5,7,2,0,1,1,1,1,1,1,1,1,1,1,0,0,0,0,0,0,0,0,1,0,0,0,0,1,0,1,1,0
40340391,스타렉스,더 뉴 그랜드 스타렉스,50,1870,89176,2359,12,7,1,0,0,1,1,0,0,1,1,0,1,1,0,0,0,0,0,1,0,0,0,0,0,0,0,0,1,1,1,0
40352762,싼타페,싼타페 (MX5),56,4390,30626,1598,6,3,0,1,1,1,1,1,1,1,1,1,1,1,0,0,0,0,0,0,0,1,0,0,0,1,0,0,0,1,1,0
40372911,투싼,투싼 (NX4),101,3000,36026,1598,5,5,1,1,1,1,1,1,1,1,1,1,1,1,0,0,0,0,0,0,1,0,0,0,0,0,0,1,0,1,1,0
40374826,아반떼,아반떼 (CN7),62,1950,49201,1598,5,6,2,0,1,1,1,1,1,1,1,1,1,1,0,0,0,0,0,0,1,0,0,0,0,1,0,0,0,1,0,1
40391560,스타렉스,더 뉴 그랜드 스타렉스,50,1790,86723,2497,3,7,4,0,0,1,1,0,0,1,1,0,1,1,0,0,0,0,0,0,0,0,1,0,0,0,0,1,0,1,1,0
40405809,투싼,더 뉴 투싼 (NX4),101,3190,9244,1598,5,2,0,0,1,1,1,1,1,1,1,1,1,1,0,0,0,0,0,0,1,0,0,0,0,1,0,0,0,1,1,0
40418111,스타리아,스타리아,51,7390,17271,2199,4,3,1,0,0,1,1,1,1,1,1,0,1,1,0,0,0,0,0,0,0,0,1,0,0,0,1,0,0,1,1,0
40431780,싼타페,싼타페 TM,56,2130,71848,1995,5,7,11,0,1,1,1,1,1,1,1,1,1,1,0,0,0,0,0,0,0,0,1,0,0,1,0,0,0,1,1,0
40432151,포니,포니투,108,2500,178118,1499,5,38,0,0,0,0,0,0,0,0,0,0,1,1,0,0,0,0,0,0,1,0,0,0,0,0,0,0,1,0,0,1
40458350,아반떼,더 뉴 아반떼 (CN7),62,2850,16999,1998,5,2,0,1,1,1,1,1,1,1,1,1,1,1,0,0,0,0,0,0,1,0,0,0,0,0,0,1,0,0,0,1
40491526,캐스퍼,캐스퍼,88,1850,34588,998,4,3,0,1,0,1,1,1,1,1,1,1,1,1,0,0,0,0,0,0,1,0,0,0,0,1,0,0,0,1,0,1
40511779,아반떼,더 뉴 아반떼 하이브리드 (CN7),62,2990,7924,1580,5,1,0,0,1,1,1,1,1,1,1,1,1,1,0,0,0,0,0,0,0,1,0,0,0,0,0,1,0,1,0,1
40514278,그랜저,그랜저 (GN7),27,3899,33544,2497,5,3,1,1,1,1,1,1,1,1,1,1,1,1,0,0,0,0,0,0,1,0,0,0,0,1,0,0,0,1,0,1
40521585,코나,코나 (SX2),91,2373,13285,1598,5,2,0,0,1,1,1,1,1,1,1,1,1,1,0,0,0,0,0,0,1,0,0,0,0,0,0,1,0,1,1,0
40525785,팰리세이드,팰리세이드,107,2880,56618,3778,7,6,0,1,1,1,1,1,1,1,1,1,1,1,0,0,0,0,0,0,1,0,0,0,0,0,1,0,0,1,1,0
40533057,스타렉스,더 뉴 그랜드 스타렉스,50,1790,88789,2359,12,7,7,0,0,1,1,0,0,1,1,0,1,1,0,0,0,0,0,1,0,0,0,0,0,0,0,0,1,1,1,0
40534380,코나,코나 (SX2),91,3280,4916,1598,5,3,0,1,1,1,1,1,1,1,1,1,1,1,0,0,0,0,0,0,1,0,0,0,0,0,0,1,0,1,1,0
40540030,그랜저,더 뉴 그랜저 IG,27,2389,77439,3342,5,5,4,0,1,1,1,1,1,1,1,1,1,1,0,0,0,0,0,0,1,0,0,0,0,0,0,0,1,1,0,1
40571914,캐스퍼,캐스퍼 일렉트릭,88,2760,18381,158,4,2,0,0,1,1,1,1,1,1,1,1,1,1,0,0,0,0,0,0,0,0,0,1,0,0,0,0,1,1,0,1
40589476,쏘나타,쏘나타 (DN8),57,2499,39287,1598,5,3,0,0,1,1,1,1,1,1,1,1,1,1,0,0,0,0,0,0,1,0,0,0,0,0,1,0,0,1,0,1
40606953,그랜저,그랜저 (GN7),27,3550,7576,2497,5,2,1,0,1,1,1,1,1,1,1,1,1,1,0,0,0,0,0,0,1,0,0,0,0,0,0,0,1,1,0,1
40607073,아반떼,아반떼 (CN7),62,1790,85037,1598,5,4,2,0,0,1,1,1,1,1,1,1,1,1,0,0,0,0,0,0,1,0,0,0,0,1,0,0,0,1,0,1
40607509,스타렉스,그랜드 스타렉스,50,1750,84015,2497,12,9,1,0,0,1,0,0,0,0,1,0,1,1,0,0,0,0,0,0,0,0,1,0,0,0,0,1,0,1,1,0
40621893,아반떼,더 뉴 아반떼 (CN7),62,3060,3532,1998,5,1,0,0,1,1,1,1,1,1,1,0,1,1,0,0,0,0,0,0,1,0,0,0,0,0,0,0,1,1,0,1
40626044,쏠라티,쏠라티,60,5720,54007,2497,16,2,0,0,0,0,1,0,0,1,1,0,1,1,0,0,0,0,0,0,0,0,1,0,0,0,1,0,0,1,1,0
40630394,캐스퍼,캐스퍼,88,1940,25511,998,4,3,3,1,0,1,1,1,1,1,1,1,1,1,0,0,0,0,0,0,1,0,0,0,0,0,0,0,1,1,0,1
40633259,팰리세이드,더 뉴 팰리세이드,107,3850,39096,2199,7,3,0,0,1,1,1,1,1,1,1,1,1,1,0,0,0,0,0,0,0,0,1,0,0,0,0,0,1,1,1,0
40634985,쏘나타,쏘나타 디 엣지 하이브리드(DN8),57,3240,41384,1999,5,3,0,1,1,1,1,1,1,1,1,1,1,1,0,0,0,0,0,0,0,1,0,0,0,1,0,0,0,1,0,1
40636948,아이오닉5,아이오닉5,66,3060,44156,111,5,5,2,0,1,1,1,1,1,1,1,1,1,1,0,0,0,0,0,0,0,0,0,1,0,0,0,1,0,1,0,1
40642647,아반떼,아반떼 (CN7),62,2130,45319,1598,5,3,1,0,1,1,1,1,1,1,1,1,1,1,0,0,0,0,0,0,1,0,0,0,0,0,0,1,0,1,0,1
40647520,싼타페,싼타페 더 프라임,56,3333,140840,1995,5,10,1,1,1,1,1,1,1,1,1,1,1,1,0,0,0,0,0,0,0,0,1,0,0,1,0,0,0,1,1,0
40648335,쏘나타,쏘나타 디 엣지(DN8),57,2670,16929,1598,5,3,0,0,1,1,1,1,1,1,1,1,1,1,0,0,0,0,0,0,1,0,0,0,0,1,0,0,0,1,0,1
40656938,싼타페,더 뉴 싼타페,56,3620,33162,1598,6,3,0,0,1,1,1,1,1,1,1,1,1,1,0,0,0,0,0,0,0,1,0,0,0,0,1,0,0,1,1,0
40659547,맥스크루즈,더 뉴 맥스크루즈,41,1790,132661,2199,7,9,3,1,1,1,1,1,1,1,1,1,1,1,0,0,0,0,0,0,0,0,1,0,0,1,0,0,0,1,1,0
40665231,아반떼,더 뉴 아반떼 (CN7),62,2490,8806,1598,5,2,0,1,1,1,1,1,1,1,1,1,1,1,0,0,0,0,0,0,1,0,0,0,0,0,0,1,0,1,0,1
40666562,팰리세이드,팰리세이드,107,2200,168757,2199,7,7,7,0,0,1,1,1,1,0,1,1,1,1,0,0,0,0,0,0,0,0,1,0,0,0,1,0,0,1,1,0
40667182,아반떼,아반떼 (CN7),62,2660,40013,1998,5,4,1,0,1,1,1,1,1,1,1,0,1,1,0,0,0,0,0,0,1,0,0,0,0,0,0,1,0,1,0,1
40667255,아반떼,더 뉴 아반떼 (CN7),62,1890,55187,1591,5,3,13,0,1,1,1,1,1,1,1,1,1,1,0,0,0,0,0,1,0,0,0,0,0,0,0,1,0,1,0,1
40670183,벨로스터,벨로스터 (JS),47,1930,39822,1998,4,6,8,0,1,1,1,1,1,1,1,0,1,1,0,0,0,0,0,0,1,0,0,0,0,0,0,0,1,1,0,1
40670886,캐스퍼,캐스퍼,88,1840,27195,998,4,4,0,0,0,1,1,1,1,1,1,1,1,1,0,0,0,0,0,0,1,0,0,0,0,0,0,1,0,1,0,1
40677516,아반떼,아반떼 (CN7),62,2250,31702,1591,5,4,0,1,1,1,1,1,1,1,1,1,1,1,0,0,0,0,0,1,0,0,0,0,0,1,0,0,0,1,0,1
40681373,팰리세이드,팰리세이드,107,2780,139360,2199,8,6,4,1,1,1,1,1,1,1,1,1,1,1,0,0,0,0,0,0,0,0,1,0,0,0,0,0,1,1,1,0
40683469,넥쏘,넥쏘,28,1920,94520,0,5,5,7,1,1,1,1,1,1,1,1,1,1,1,0,0,0,0,0,0,0,0,0,0,1,1,0,0,0,1,1,0
40691431,싼타페,싼타페 (MX5),56,3580,21051,2497,6,3,0,0,1,1,1,1,1,1,1,1,1,1,0,0,0,0,0,0,1,0,0,0,0,1,0,0,0,1,1,0
40700555,싼타페,더 뉴 싼타페,56,2380,81615,2151,7,6,5,0,1,1,1,1,1,1,1,1,1,1,0,0,0,0,0,0,0,0,1,0,0,0,0,0,1,1,1,0
40703245,스타리아,스타리아,51,2450,75090,3470,3,2,2,0,0,1,1,0,1,0,1,0,1,1,0,0,0,0,0,1,0,0,0,0,0,0,0,1,0,1,1,0
40703983,팰리세이드,팰리세이드,107,2950,99987,2199,7,6,0,0,1,1,1,1,1,1,1,1,1,1,0,0,0,0,0,0,0,0,1,0,0,0,0,1,0,1,1,0
40704215,아반떼,아반떼 (CN7),62,1890,22655,1598,5,5,1,0,0,1,1,1,1,1,1,1,1,1,0,0,0,0,0,0,1,0,0,0,0,0,0,1,0,1,0,1
40711149,팰리세이드,팰리세이드 (LX3),107,5690,2552,2497,7,1,0,0,1,1,1,1,1,1,1,1,1,1,0,0,0,0,0,0,0,1,0,0,0,1,0,0,0,1,1,0
40717028,팰리세이드,더 뉴 팰리세이드,107,4190,68157,2199,7,3,4,1,1,1,1,1,1,1,1,1,1,1,0,0,0,0,0,0,0,0,1,0,0,1,0,0,0,1,1,0
40717046,캐스퍼,캐스퍼,88,1790,25684,998,4,3,1,0,0,1,1,1,1,1,1,1,1,1,0,0,0,0,0,0,1,0,0,0,0,0,0,0,1,1,0,1
40724389,쏘나타,쏘나타 (DN8),57,1890,118798,1999,5,6,7,1,1,1,1,1,1,1,1,1,1,1,0,0,0,0,0,0,1,0,0,0,0,1,0,0,0,1,0,1
40725440,아반떼,아반떼 하이브리드 (CN7),62,1890,15460,1580,5,4,0,0,0,1,1,1,1,0,0,0,1,1,0,0,0,0,0,0,0,1,0,0,0,1,0,0,0,1,0,1
40745458,팰리세이드,더 뉴 팰리세이드,107,4999,29958,2199,7,3,1,0,1,1,1,1,1,1,1,1,1,1,0,0,0,0,0,0,0,0,1,0,0,1,0,0,0,1,1,0
40747319,팰리세이드,팰리세이드,107,3050,57827,3778,7,5,0,0,1,1,1,1,1,1,1,1,1,1,0,0,0,0,0,0,1,0,0,0,0,1,0,0,0,1,1,0
40747535,쏘나타,쏘나타 디 엣지 하이브리드(DN8),57,3330,35230,1999,5,2,0,1,1,1,1,1,1,1,1,1,1,1,0,0,0,0,0,0,0,1,0,0,0,0,1,0,0,1,0,1
40757392,싼타페,싼타페 (MX5),56,4130,42622,1598,6,2,0,0,1,1,1,1,1,1,1,1,1,1,0,0,0,0,0,0,0,1,0,0,0,1,0,0,0,1,1,0
40757452,쏘나타,쏘나타 (DN8),57,1950,48004,1999,5,5,2,0,1,1,1,1,1,1,1,0,1,1,0,0,0,0,0,0,1,0,0,0,0,0,1,0,0,1,0,1
40759395,싼타페,더 뉴 싼타페,56,2600,97248,2151,5,5,0,0,1,1,1,1,1,1,1,1,1,1,0,0,0,0,0,0,0,0,1,0,0,1,0,0,0,1,1,0
40760612,싼타페,싼타페 (MX5),56,3980,18232,2497,6,3,0,1,1,1,1,1,1,1,1,1,1,1,0,0,0,0,0,0,1,0,0,0,0,1,0,0,0,1,1,0
40768040,갤로퍼,갤로퍼 2,26,2600,151608,2972,6,29,6,0,0,0,1,0,0,0,0,0,1,1,0,0,0,0,0,0,1,0,0,0,0,1,0,0,0,1,1,0
40770067,싼타페,더 뉴 싼타페,56,2150,107525,2151,5,5,4,0,1,1,1,1,1,1,1,1,1,1,0,0,0,0,0,0,0,0,1,0,0,0,0,1,0,1,1,0
40777446,팰리세이드,더 뉴 팰리세이드,107,4830,67213,2199,7,3,1,1,1,1,1,1,1,1,1,1,1,1,0,0,0,0,0,0,0,0,1,0,0,1,0,0,0,1,1,0
40780705,캐스퍼,캐스퍼,88,1870,16223,998,4,2,0,0,0,1,1,1,1,1,1,1,1,1,0,0,0,0,0,0,1,0,0,0,0,1,0,0,0,1,0,1
40780715,캐스퍼,캐스퍼,88,1940,19877,998,4,2,0,0,0,1,1,1,1,1,1,1,1,1,0,0,0,0,0,0,1,0,0,0,0,1,0,0,0,1,0,1
40781360,싼타페,싼타페 (MX5),56,3790,23797,1598,5,2,2,1,1,1,1,1,1,1,1,1,1,1,0,0,0,0,0,0,0,1,0,0,0,0,1,0,0,1,1,0
40785259,싼타페,싼타페 TM,56,1799,85641,1995,5,7,1,0,0,1,1,1,1,1,1,1,1,1,0,0,0,0,0,0,0,0,1,0,0,0,1,0,0,1,1,0
40788538,투싼,더 뉴 투싼 (NX4),101,4280,12693,1998,5,2,0,1,1,1,1,1,1,1,1,1,1,1,0,0,0,0,0,0,0,0,1,0,0,0,1,0,0,1,1,0
40793638,그랜저,더 뉴 그랜저 IG 하이브리드,27,1750,145658,2359,5,5,0,1,1,1,1,1,1,1,1,1,1,1,0,0,0,0,0,0,0,1,0,0,0,1,0,0,0,1,0,1
40793712,쏘나타,쏘나타 (DN8),57,1780,83976,1999,5,5,5,0,1,1,1,1,1,1,1,1,1,1,0,0,0,0,0,0,1,0,0,0,0,1,0,0,0,1,0,1
40799855,쏘나타,쏘나타 (DN8),57,2430,45031,1999,5,6,2,0,0,0,0,0,0,0,0,0,0,1,0,0,0,0,0,0,1,0,0,0,0,0,0,1,0,1,0,1
40799859,팰리세이드,더 뉴 팰리세이드,107,4620,20988,2199,8,3,2,1,1,1,1,1,1,1,1,1,1,1,0,0,0,0,0,0,0,0,1,0,0,1,0,0,0,1,1,0
40800067,팰리세이드,더 뉴 팰리세이드,107,4949,67501,2199,7,3,2,0,1,1,1,1,1,1,1,1,1,1,0,0,0,0,0,0,0,0,1,0,0,0,0,0,1,1,1,0
40811114,투싼,투싼 (NX4),101,1900,89880,1598,5,5,6,0,0,1,1,1,1,1,1,1,1,1,0,0,0,0,0,0,1,0,0,0,0,1,0,0,0,1,1,0
40811250,싼타페,싼타페 TM,56,1890,128845,1995,5,7,6,1,1,1,1,1,1,1,1,1,1,1,0,0,0,0,0,0,0,0,1,0,0,0,0,0,1,1,1,0
40815119,싼타페,싼타페 (MX5),56,3790,14566,2497,7,3,0,1,1,1,1,1,1,1,1,1,1,1,0,0,0,0,0,0,1,0,0,0,0,1,0,0,0,1,1,0
40815354,팰리세이드,더 뉴 팰리세이드,107,3339,50542,3778,7,4,1,0,1,1,1,1,1,1,1,1,1,1,0,0,0,0,0,0,1,0,0,0,0,0,1,0,0,1,1,0
40816363,쏘나타,쏘나타 (DN8),57,2090,12345,1999,5,7,0,0,1,1,1,1,1,1,1,1,1,1,0,0,0,0,0,0,1,0,0,0,0,0,0,1,0,1,0,1
40819025,싼타페,싼타페 (MX5),56,3850,21284,2497,6,3,1,1,1,1,1,1,1,1,1,1,1,1,0,0,0,0,0,0,1,0,0,0,0,1,0,0,0,1,1,0
40819862,싼타페,싼타페 (MX5),56,4020,18752,1598,7,3,0,1,1,1,1,1,1,1,1,1,1,1,0,0,0,0,0,0,0,1,0,0,0,1,0,0,0,1,1,0
40824028,싼타페,싼타페 (MX5),56,3800,28984,1598,5,3,0,0,1,1,1,1,1,1,1,1,1,1,0,0,0,0,0,0,0,1,0,0,0,1,0,0,0,1,1,0
40824642,그랜저,더 뉴 그랜저 IG 하이브리드,27,2790,72870,2359,5,5,2,0,1,1,1,1,1,1,1,1,1,1,0,0,0,0,0,0,0,1,0,0,0,0,1,0,0,1,0,1
40824845,싼타페,싼타페 (MX5),56,4320,19933,1598,5,2,1,0,1,1,1,1,1,1,1,1,1,1,0,0,0,0,0,0,0,1,0,0,0,1,0,0,0,1,1,0
40825022,아이오닉6,아이오닉6,67,3500,52028,111,5,4,0,1,1,1,1,1,1,1,1,1,1,1,0,0,0,0,0,0,0,0,0,1,0,1,0,0,0,1,0,1
40825171,싼타페,싼타페 (MX5),56,4130,14644,2497,7,2,0,1,1,1,1,1,1,1,1,1,1,1,0,0,0,0,0,0,1,0,0,0,0,0,0,1,0,1,1,0
40826348,팰리세이드,팰리세이드,107,2750,33563,3778,8,6,1,1,1,1,1,1,1,1,1,1,1,1,0,0,0,0,0,0,1,0,0,0,0,1,0,0,0,1,1,0
40828121,싼타페,더 뉴 싼타페,56,2250,100329,2151,5,6,4,0,1,1,1,1,1,1,1,1,1,1,0,0,0,0,0,0,0,0,1,0,0,0,0,1,0,1,1,0
40830431,스타리아,스타리아,51,2950,56594,1598,5,2,0,0,1,1,1,1,1,0,1,0,1,1,0,0,0,0,0,0,0,1,0,0,0,1,0,0,0,1,1,0
40834135,아반떼,더 뉴 아반떼 (CN7),62,2350,33061,1598,5,3,0,0,1,1,1,1,1,1,1,1,1,1,0,0,0,0,0,0,1,0,0,0,0,0,0,1,0,1,0,1
40834826,스타리아,스타리아,51,3290,48694,1598,9,2,0,0,1,1,1,1,1,0,1,1,1,1,0,0,0,0,0,0,0,1,0,0,0,0,0,0,1,1,1,0
40834880,싼타페,싼타페 (MX5),56,4080,17536,1598,5,3,0,1,1,1,1,1,1,1,1,1,1,1,0,0,0,0,0,0,0,1,0,0,0,1,0,0,0,1,1,0
40834932,아반떼,아반떼 (CN7),62,2045,57835,1598,5,6,2,1,1,1,1,1,1,1,1,1,1,1,0,0,0,0,0,0,1,0,0,0,0,1,0,0,0,1,0,1
40837368,그랜저,더 뉴 그랜저 IG,27,2990,49230,2497,5,6,0,1,1,1,1,1,1,1,1,1,1,1,0,0,0,0,0,0,1,0,0,0,0,1,0,0,0,1,0,1
40837955,싼타페,싼타페 (MX5),56,4000,29774,1598,5,3,0,0,1,1,1,1,1,1,1,1,1,1,0,0,0,0,0,0,0,1,0,0,0,1,0,0,0,1,1,0
40837991,싼타페,싼타페 (MX5),56,4250,21726,1598,5,3,0,1,1,1,1,1,1,1,1,1,1,1,0,0,0,0,0,0,0,1,0,0,0,0,0,1,0,1,1,0
40838746,싼타페,싼타페 (MX5),56,3890,53536,1598,5,3,0,0,1,1,1,1,1,1,1,1,1,1,0,0,0,0,0,0,0,1,0,0,0,1,0,0,0,1,1,0
40841544,아반떼,아반떼 (CN7),62,1950,54048,1598,5,4,0,0,0,1,1,1,1,1,1,1,1,1,0,0,0,0,0,0,1,0,0,0,0,1,0,0,0,1,0,1
40843146,싼타페,싼타페 (MX5),56,3670,45887,2497,7,3,2,1,1,1,1,1,1,1,1,1,1,1,0,0,0,0,0,0,1,0,0,0,0,0,1,0,0,1,1,0
40843397,싼타페,싼타페 (MX5),56,4260,31967,1598,7,3,0,0,1,1,1,1,1,1,1,1,1,1,0,0,0,0,0,0,0,1,0,0,0,1,0,0,0,1,1,0
40843519,팰리세이드,더 뉴 팰리세이드,107,5990,19427,2199,7,3,0,1,1,1,1,1,1,1,1,1,1,1,0,0,0,0,0,0,0,0,1,0,0,1,0,0,0,1,1,0
40844350,싼타페,싼타페 (MX5),56,3420,15474,2497,5,3,2,0,1,1,1,1,1,1,1,1,1,1,0,0,0,0,0,0,1,0,0,0,0,1,0,0,0,1,1,0
40846690,그랜저,그랜저 IG,27,1750,67540,2359,5,8,5,0,1,1,1,1,1,1,1,1,1,1,0,0,0,0,0,0,1,0,0,0,0,0,0,1,0,1,0,1
40853257,팰리세이드,더 뉴 팰리세이드,107,4650,15311,3778,7,3,0,1,1,1,1,1,1,1,1,1,1,1,0,0,0,0,0,0,1,0,0,0,0,1,0,0,0,1,1,0
40853443,아반떼,아반떼 (CN7),62,2010,59049,1598,5,5,3,0,1,1,1,1,1,1,1,1,1,1,0,0,0,0,0,0,1,0,0,0,0,0,0,1,0,1,0,1
40853519,싼타페,싼타페 (MX5),56,3850,28987,1598,5,3,0,0,1,1,1,1,1,1,1,1,1,1,0,0,0,0,0,0,0,1,0,0,0,1,0,0,0,1,1,0
40855199,맥스크루즈,더 뉴 맥스크루즈,41,1790,115959,3342,6,10,2,1,1,1,1,1,1,1,1,1,1,1,0,0,0,0,0,0,1,0,0,0,0,0,0,0,1,1,1,0
40856780,싼타페,더 뉴 싼타페,56,2340,95119,2151,5,6,5,0,1,1,1,1,1,1,1,1,1,1,0,0,0,0,0,0,0,0,1,0,0,1,0,0,0,1,1,0
40857967,팰리세이드,팰리세이드,107,3190,64789,3778,7,6,2,1,1,1,1,1,1,1,1,1,1,1,0,0,0,0,0,0,1,0,0,0,0,1,0,0,0,1,1,0
40858595,스타리아,스타리아,51,2850,46239,3470,9,3,3,0,1,1,1,1,1,1,1,1,1,1,0,0,0,0,0,1,0,0,0,0,0,0,0,0,1,1,1,0
40860917,싼타페,싼타페 (MX5),56,3880,11233,1598,5,3,4,0,1,1,1,1,1,1,1,1,1,1,0,0,0,0,0,0,0,1,0,0,0,1,0,0,0,1,1,0
40865861,팰리세이드,팰리세이드,107,3900,141637,2199,7,5,0,1,1,1,1,1,1,1,1,1,1,1,0,0,0,0,0,0,0,0,1,0,0,1,0,0,0,1,1,0
40866175,팰리세이드,더 뉴 팰리세이드,107,4490,82247,2199,7,3,0,1,1,1,1,1,1,1,1,1,1,1,0,0,0,0,0,0,0,0,1,0,0,0,1,0,0,1,1,0
40868445,쏘나타,쏘나타 (DN8),57,1899,88272,1999,5,7,1,1,1,1,1,1,1,1,1,1,1,1,0,0,0,0,0,0,1,0,0,0,0,0,0,1,0,1,0,1
40872073,싼타페,싼타페 (MX5),56,4180,12811,1598,5,3,0,0,1,1,1,1,1,1,1,1,1,1,0,0,0,0,0,0,0,1,0,0,0,1,0,0,0,1,1,0
40873997,그랜저,그랜저 IG,27,2099,99947,2999,5,7,4,1,1,1,1,1,1,1,1,1,1,1,0,0,0,0,0,0,1,0,0,0,0,1,0,0,0,1,0,1
40877083,베뉴,베뉴,45,1899,54845,1598,5,3,2,1,1,1,1,1,1,1,1,1,1,1,0,0,0,0,0,0,1,0,0,0,0,1,0,0,0,1,1,0
40877209,아반떼,더 뉴 아반떼 하이브리드 (CN7),62,2940,10300,1580,5,1,2,0,1,1,1,1,1,1,1,1,1,1,0,0,0,0,0,0,0,1,0,0,0,0,0,1,0,1,0,1
40878855,그랜저,그랜저 하이브리드 (GN7),27,3750,22693,1598,5,3,0,0,1,1,1,1,1,1,1,1,1,1,0,0,0,0,0,0,0,1,0,0,0,0,1,0,0,1,0,1
40880150,스타리아,스타리아,51,4180,87261,2199,9,3,8,0,1,1,1,1,1,1,1,1,1,1,0,0,0,0,0,0,0,0,1,0,0,1,0,0,0,1,1,0
40882853,팰리세이드,팰리세이드,107,3180,61661,2199,7,4,2,1,1,1,1,1,1,1,1,1,1,1,0,0,0,0,0,0,0,0,1,0,0,0,0,0,1,1,1,0
40883117,스타리아,스타리아,51,2290,60353,2199,3,5,3,0,0,1,1,1,1,1,1,1,1,1,0,0,0,0,0,0,0,0,1,0,0,0,0,0,1,1,1,0
40883370,팰리세이드,더 뉴 팰리세이드,107,3650,45641,2199,7,4,1,1,1,1,1,1,1,1,1,1,1,1,0,0,0,0,0,0,0,0,1,0,0,0,1,0,0,1,1,0
40887323,싼타페,싼타페 (MX5),56,3700,20939,1598,6,2,0,0,1,1,1,1,1,1,1,1,1,1,0,0,0,0,0,0,0,1,0,0,0,0,0,0,1,1,1,0
40887973,그랜저,그랜저 IG 하이브리드,27,1930,107935,2359,5,7,10,0,1,1,1,1,1,1,1,1,1,1,0,0,0,0,0,0,0,1,0,0,0,0,1,0,0,1,0,1
40888514,팰리세이드,더 뉴 팰리세이드,107,4060,23689,2199,7,3,0,0,1,1,1,1,1,1,1,1,1,1,0,0,0,0,0,0,0,0,1,0,0,1,0,0,0,1,1,0
40888666,팰리세이드,더 뉴 팰리세이드,107,3895,26202,3778,7,3,0,1,1,1,1,1,1,1,1,1,1,1,0,0,0,0,0,0,1,0,0,0,0,1,0,0,0,1,1,0
40889729,아반떼,더 뉴 아반떼 (CN7),62,1950,34822,1598,5,3,2,0,1,1,1,1,1,1,1,1,1,1,0,0,0,0,0,0,1,0,0,0,0,0,1,0,0,1,0,1
40891750,스타렉스,더 뉴 그랜드 스타렉스,50,1850,30322,2497,5,7,3,0,0,1,1,0,0,1,1,0,1,1,0,0,0,0,0,0,0,0,1,0,0,1,0,0,0,1,1,0
40892010,팰리세이드,더 뉴 팰리세이드,107,4550,92238,2199,7,3,0,0,1,1,1,1,1,1,1,1,1,1,0,0,0,0,0,0,0,0,1,0,0,0,1,0,0,1,1,0
40892405,스타리아,스타리아,51,4950,17473,2199,4,2,0,0,1,1,1,1,1,1,1,1,1,1,0,0,0,0,0,0,0,0,1,0,0,1,0,0,0,1,1,0
40894041,팰리세이드,팰리세이드,107,2980,98151,2199,7,4,2,0,1,1,1,1,1,1,1,1,1,1,0,0,0,0,0,0,0,0,1,0,0,0,1,0,0,1,1,0
40894375,스타렉스,그랜드 스타렉스,50,1800,59879,2497,11,11,2,1,0,1,1,1,0,0,1,1,1,1,0,0,0,0,0,0,0,0,1,0,0,1,0,0,0,1,1,0
40898882,캐스퍼,캐스퍼 일렉트릭,88,2760,18400,158,4,2,0,0,0,1,1,1,1,1,1,1,1,1,0,0,0,0,0,0,0,0,0,1,0,0,0,1,0,1,0,1
40899069,싼타페,싼타페 TM,56,1800,123221,2199,5,8,11,0,1,1,1,1,1,1,1,1,1,1,0,0,0,0,0,0,0,0,1,0,0,0,0,1,0,1,1,0
40899273,팰리세이드,더 뉴 팰리세이드,107,5090,47712,2199,7,3,0,0,1,1,1,1,1,1,1,1,1,1,0,0,0,0,0,0,0,0,1,0,0,1,0,0,0,1,1,0
40899945,투싼,투싼 (NX4),101,2050,107069,1998,5,5,1,0,0,1,1,1,1,1,1,1,1,1,0,0,0,0,0,0,0,0,1,0,0,1,0,0,0,1,1,0
40900013,싼타페,더 뉴 싼타페,56,2949,40818,2151,5,6,1,1,1,1,1,1,1,1,1,1,1,1,0,0,0,0,0,0,0,0,1,0,0,0,0,1,0,1,1,0
40901908,싼타페,더 뉴 싼타페,56,2949,31829,2151,5,3,2,0,1,1,1,1,1,1,1,1,1,1,0,0,0,0,0,0,0,0,1,0,0,0,0,1,0,1,1,0
40901975,쏘나타,쏘나타 디 엣지(DN8),57,3150,24676,1598,5,2,0,1,1,1,1,1,1,1,1,1,1,1,0,0,0,0,0,0,1,0,0,0,0,0,0,1,0,1,0,1
40904529,팰리세이드,팰리세이드,107,3570,43049,2199,7,6,2,1,1,1,1,1,1,1,1,1,1,1,0,0,0,0,0,0,0,0,1,0,0,1,0,0,0,1,1,0
40907261,쏘나타,쏘나타 (DN8),57,1990,86146,1999,5,5,0,0,1,1,1,1,1,1,1,1,1,1,0,0,0,0,0,0,1,0,0,0,0,0,1,0,0,1,0,1
40910987,그랜저,더 뉴 그랜저 IG,27,1750,142903,2497,5,6,2,0,1,1,1,1,1,1,1,1,1,1,0,0,0,0,0,0,1,0,0,0,0,1,0,0,0,1,0,1
40917567,팰리세이드,팰리세이드,107,5490,35133,2199,7,4,1,0,1,1,1,1,1,1,1,1,1,1,0,0,0,0,0,0,0,0,1,0,0,1,0,0,0,1,1,0
40917712,쏘나타,쏘나타 (DN8),57,2230,39424,1999,5,4,1,0,1,1,1,1,1,1,1,1,1,1,0,0,0,0,0,0,1,0,0,0,0,1,0,0,0,1,0,1
40917814,싼타페,싼타페 (MX5),56,4450,22345,1598,5,3,0,0,1,1,1,1,1,1,1,1,1,1,0,0,0,0,0,0,0,1,0,0,0,0,1,0,0,1,1,0
40918064,싼타페,더 뉴 싼타페,56,2550,33323,2497,5,5,3,1,1,1,1,1,1,1,1,1,1,1,0,0,0,0,0,0,1,0,0,0,0,0,0,1,0,1,1,0
40918093,투싼,투싼 (NX4),101,2550,34611,1998,5,3,3,0,0,1,1,1,1,1,1,1,1,1,0,0,0,0,0,0,0,0,1,0,0,0,1,0,0,1,1,0
40918328,그랜저,더 뉴 그랜저 IG,27,2580,19028,2497,5,6,2,1,1,1,1,1,1,1,1,1,1,1,0,0,0,0,0,0,1,0,0,0,0,1,0,0,0,1,0,1
40921235,팰리세이드,팰리세이드,107,3150,55532,3778,7,5,4,1,1,1,1,1,1,1,1,1,1,1,0,0,0,0,0,0,1,0,0,0,0,1,0,0,0,1,1,0
40927795,싼타페,더 뉴 싼타페,56,3550,27115,2151,5,6,0,1,1,1,1,1,1,1,1,1,1,1,0,0,0,0,0,0,0,0,1,0,0,1,0,0,0,1,1,0
40929273,코나,코나 (SX2),91,2930,6827,1598,5,2,0,0,1,1,1,1,1,1,1,1,1,1,0,0,0,0,0,0,1,0,0,0,0,0,0,1,0,1,1,0
40929320,그랜저,더 뉴 그랜저 IG,27,2345,57694,2497,5,5,5,0,1,1,1,1,1,1,1,0,1,1,0,0,0,0,0,0,1,0,0,0,0,0,1,0,0,1,0,1
40933324,투싼,투싼 (NX4),101,2199,78298,1598,5,4,1,0,0,1,1,1,1,1,1,1,1,1,0,0,0,0,0,0,1,0,0,0,0,0,0,1,0,1,1,0
40933351,싼타페,더 뉴 싼타페,56,3030,116314,2151,5,6,3,1,1,1,1,1,1,1,1,1,1,1,0,0,0,0,0,0,0,0,1,0,0,1,0,0,0,1,1,0
40933500,스타리아,스타리아,51,3288,5611,2199,3,1,0,0,0,1,1,1,1,1,1,0,1,1,0,0,0,0,0,0,0,0,1,0,0,0,1,0,0,1,1,0
40936168,그랜저,더 뉴 그랜저 IG,27,2280,75413,2497,5,6,3,1,1,1,1,1,1,1,1,1,1,1,0,0,0,0,0,0,1,0,0,0,0,0,1,0,0,1,0,1
40939286,캐스퍼,캐스퍼,88,1840,11969,998,4,3,0,1,0,1,1,1,1,1,1,1,1,1,0,0,0,0,0,0,1,0,0,0,0,0,0,0,1,1,0,1
40940076,싼타페,싼타페 (MX5),56,3850,44988,1598,5,3,0,1,1,1,1,1,1,1,1,1,1,1,0,0,0,0,0,0,0,1,0,0,0,1,0,0,0,1,1,0
40940210,그랜저,그랜저 (GN7),27,3720,24465,2497,5,2,1,0,1,1,1,1,1,1,1,1,1,1,0,0,0,0,0,0,1,0,0,0,0,0,0,1,0,1,0,1
40940546,싼타페,더 뉴 싼타페,56,2050,137847,2151,5,5,0,0,1,1,1,1,1,1,1,1,1,1,0,0,0,0,0,0,0,0,1,0,0,1,0,0,0,1,1,0
40940741,싼타페,싼타페 (MX5),56,3890,17435,1598,5,3,3,0,1,1,1,1,1,1,1,1,1,1,0,0,0,0,0,0,0,1,0,0,0,0,0,1,0,1,1,0
40941192,그랜저,그랜저 IG,27,1790,40706,2359,5,7,2,0,0,1,1,1,1,1,1,1,1,1,0,0,0,0,0,0,1,0,0,0,0,0,0,1,0,1,0,1
40941811,쏘나타,쏘나타 디 엣지(DN8),57,3300,8812,1598,5,2,0,1,1,1,1,1,1,1,1,1,1,1,0,0,0,0,0,0,1,0,0,0,0,0,0,1,0,1,0,1
40941874,싼타페,싼타페 (MX5),56,4090,24812,1598,5,3,1,0,1,1,1,1,1,1,1,1,1,1,0,0,0,0,0,0,0,1,0,0,0,1,0,0,0,1,1,0
40941880,투싼,투싼 (NX4),101,2330,59926,1598,5,5,2,0,0,1,0,0,1,0,1,1,1,1,0,0,0,0,0,0,1,0,0,0,0,1,0,0,0,1,1,0
40944342,투싼,투싼 하이브리드 (NX4),101,2799,49977,1598,5,5,2,1,1,1,1,1,1,1,1,1,1,1,0,0,0,0,0,0,0,1,0,0,0,0,0,1,0,1,1,0
40944481,투싼,투싼 (NX4),101,2245,10014,1598,5,6,1,0,0,1,1,1,1,1,1,1,1,1,0,0,0,0,0,0,1,0,0,0,0,0,0,0,1,1,1,0
40948586,팰리세이드,팰리세이드,107,2570,178091,2199,7,5,0,0,1,1,1,1,1,1,1,1,1,1,0,0,0,0,0,0,0,0,1,0,0,1,0,0,0,1,1,0
40948931,아이오닉6,아이오닉6,67,3570,21945,111,5,3,0,0,1,1,1,1,1,1,1,1,1,1,0,0,0,0,0,0,0,0,0,1,0,1,0,0,0,1,0,1
40951156,넥쏘,넥쏘,28,1750,52526,0,5,8,5,1,1,1,1,1,1,1,1,1,1,1,0,0,0,0,0,0,0,0,0,0,1,1,0,0,0,1,1,0
40952031,그랜저,더 뉴 그랜저 IG,27,2980,23667,3342,5,5,0,1,1,1,1,1,1,1,1,1,1,1,0,0,0,0,0,0,1,0,0,0,0,0,1,0,0,1,0,1
40953740,투싼,투싼 (NX4),101,2630,17748,1998,5,3,2,0,0,1,1,1,1,1,1,1,1,1,0,0,0,0,0,0,0,0,1,0,0,0,0,1,0,1,1,0
40954750,팰리세이드,팰리세이드,107,3139,61697,2199,7,6,2,0,0,0,0,0,0,0,0,0,0,1,0,0,0,0,0,0,0,0,1,0,0,1,0,0,0,1,1,0
40954858,팰리세이드,더 뉴 팰리세이드,107,3320,60622,2199,7,4,0,0,1,1,1,1,1,1,1,1,1,1,0,0,0,0,0,0,0,0,1,0,0,0,1,0,0,1,1,0
40954938,싼타페,더 뉴 싼타페,56,2349,157705,2151,5,4,0,0,1,1,1,1,1,1,1,1,1,1,0,0,0,0,0,0,0,0,1,0,0,0,0,1,0,1,1,0
40957943,팰리세이드,팰리세이드,107,2950,76450,2199,8,5,2,0,1,1,1,1,1,1,1,1,1,1,0,0,0,0,0,0,0,0,1,0,0,0,0,0,1,1,1,0
40960961,아반떼,더 뉴 아반떼 (CN7),62,2190,29983,1598,5,3,0,0,1,1,1,1,1,1,1,1,1,1,0,0,0,0,0,0,1,0,0,0,0,0,1,0,0,1,0,1
40962940,쏘나타,쏘나타 (DN8),57,2050,55890,2497,5,5,6,1,1,1,1,1,1,1,1,0,1,1,0,0,0,0,0,0,1,0,0,0,0,0,0,1,0,1,0,1
40963753,싼타페,싼타페 (MX5),56,3850,9457,2497,6,3,0,1,1,1,1,1,1,1,1,1,1,1,0,0,0,0,0,0,1,0,0,0,0,1,0,0,0,1,1,0
40964658,스타리아,스타리아,51,2540,33331,3470,3,2,0,0,0,1,1,0,1,0,1,0,1,1,0,0,0,0,0,1,0,0,0,0,0,0,1,0,0,1,1,0
40966834,싼타페,싼타페 (MX5),56,3490,37002,2497,5,3,1,0,1,1,1,1,1,1,1,1,1,1,0,0,0,0,0,0,1,0,0,0,0,1,0,0,0,1,1,0
40967105,쏘나타,쏘나타 하이브리드 (DN8),57,2250,79717,1999,5,5,2,0,0,0,0,0,0,0,0,0,0,1,0,0,0,0,0,0,0,1,0,0,0,1,0,0,0,1,0,1
40968008,투싼,투싼 (NX4),101,2020,99727,1998,5,4,0,0,0,1,1,0,0,0,1,1,1,1,0,0,0,0,0,0,0,0,1,0,0,0,0,1,0,1,1,0
40972388,팰리세이드,팰리세이드,107,2990,26432,3778,8,4,3,0,1,1,1,1,1,1,1,1,1,1,0,0,0,0,0,0,1,0,0,0,0,0,0,0,1,1,1,0
40972426,싼타페,싼타페 TM,56,2090,110208,1995,5,6,0,0,0,1,1,1,1,1,1,1,1,1,0,0,0,0,0,0,0,0,1,0,0,1,0,0,0,1,1,0
40973556,코나,코나,91,1750,22134,1591,5,8,0,0,0,1,1,0,1,1,1,0,1,1,0,0,0,0,0,0,1,0,0,0,0,1,0,0,0,1,1,0
40973733,팰리세이드,팰리세이드,107,3139,60819,2199,7,5,1,0,1,1,1,1,1,1,1,1,1,1,0,0,0,0,0,0,0,0,1,0,0,1,0,0,0,1,1,0
40973802,그랜저,더 뉴 그랜저 IG,27,2259,46936,3342,5,6,1,0,1,1,1,1,1,1,1,1,1,1,0,0,0,0,0,0,1,0,0,0,0,0,1,0,0,1,0,1
40973886,쏠라티,쏠라티,60,5640,41583,2497,15,2,1,0,0,1,1,1,0,1,1,0,1,1,0,0,0,0,0,0,0,0,1,0,0,0,1,0,0,1,1,0
40974133,아반떼,더 뉴 아반떼 (CN7),62,2530,11265,1598,5,2,0,0,1,1,1,1,1,1,1,1,1,1,0,0,0,0,0,0,1,0,0,0,0,0,0,1,0,1,0,1
40974236,넥쏘,넥쏘,28,1790,72172,0,5,5,10,1,1,1,1,1,1,1,1,1,1,1,0,0,0,0,0,0,0,0,0,0,1,1,0,0,0,1,1,0
40975184,팰리세이드,더 뉴 팰리세이드,107,4650,15208,3778,7,3,0,1,1,1,1,1,1,1,1,1,1,1,0,0,0,0,0,0,1,0,0,0,0,1,0,0,0,1,1,0
40975552,쏘나타,쏘나타 (DN8),57,2095,35938,1598,5,5,4,0,1,1,1,1,1,1,1,1,1,1,0,0,0,0,0,0,1,0,0,0,0,0,0,1,0,1,0,1
40975830,팰리세이드,더 뉴 팰리세이드,107,2361,45981,2199,7,2,1,0,1,1,1,1,1,1,1,1,0,1,0,0,0,0,0,0,0,0,1,0,0,0,1,0,0,1,1,0
40976713,팰리세이드,더 뉴 팰리세이드,107,3750,27103,2199,8,3,0,0,1,1,1,1,1,1,1,1,1,1,0,0,0,0,0,0,0,0,1,0,0,0,0,0,1,1,1,0
40977163,팰리세이드,팰리세이드,107,3750,60545,2199,7,4,0,0,1,1,1,1,1,1,1,1,1,1,0,0,0,0,0,0,0,0,1,0,0,0,1,0,0,1,1,0
40977173,팰리세이드,팰리세이드,107,3650,71591,2199,8,4,3,0,1,1,1,1,1,1,1,1,1,1,0,0,0,0,0,0,0,0,1,0,0,1,0,0,0,1,1,0
40977341,넥쏘,넥쏘,28,1980,84531,0,5,4,0,1,1,1,1,1,1,1,1,1,1,1,0,0,0,0,0,0,0,0,0,0,1,1,0,0,0,1,1,0
40979791,싼타페,싼타페 (MX5),56,4320,23163,1598,5,3,1,1,1,1,1,1,1,1,1,1,1,1,0,0,0,0,0,0,0,1,0,0,0,0,1,0,0,1,1,0
40980082,팰리세이드,팰리세이드 (LX3),107,6750,3722,2497,9,1,2,1,1,1,1,1,1,1,1,1,1,1,0,0,0,0,0,0,0,1,0,0,0,1,0,0,0,1,1,0
40980195,싼타페,더 뉴 싼타페,56,3790,52998,1598,6,4,1,1,1,1,1,1,1,1,1,1,1,1,0,0,0,0,0,0,0,1,0,0,0,0,0,1,0,1,1,0
40982706,팰리세이드,더 뉴 팰리세이드,107,4190,45091,2199,7,3,0,0,1,1,1,1,1,1,1,1,1,1,0,0,0,0,0,0,0,0,1,0,0,1,0,0,0,1,1,0
40984316,그랜저,그랜저 (GN7),27,4430,4592,2497,5,1,0,1,1,1,1,1,1,1,1,1,1,1,0,0,0,0,0,0,1,0,0,0,0,1,0,0,0,1,0,1
40984739,팰리세이드,팰리세이드,107,3150,85963,2199,7,6,2,0,1,1,1,1,1,1,1,1,1,1,0,0,0,0,0,0,0,0,1,0,0,1,0,0,0,1,1,0
40984999,싼타페,싼타페 (MX5),56,4085,16246,1598,6,3,0,1,1,1,1,1,1,1,1,1,1,1,0,0,0,0,0,0,0,1,0,0,0,1,0,0,0,1,1,0
40989262,팰리세이드,팰리세이드,107,2890,62544,3778,8,5,1,0,1,1,1,1,1,1,1,1,1,1,0,0,0,0,0,0,1,0,0,0,0,0,0,1,0,1,1,0
40990886,팰리세이드,팰리세이드,107,3650,30240,2199,8,4,6,0,1,1,1,1,1,1,1,1,1,1,0,0,0,0,0,0,0,0,1,0,0,1,0,0,0,1,1,0
40991677,싼타페,싼타페 (MX5),56,3959,27303,2497,7,3,0,1,1,1,1,1,1,1,1,1,1,1,0,0,0,0,0,0,1,0,0,0,0,0,0,1,0,1,1,0
40992777,쏘나타,쏘나타 (DN8),57,2100,67414,2497,5,6,0,1,1,1,1,1,1,1,1,0,1,1,0,0,0,0,0,0,1,0,0,0,0,1,0,0,0,1,0,1
40993297,쏘나타,쏘나타 디 엣지 하이브리드(DN8),57,3380,21430,1999,5,1,2,1,1,1,1,1,1,1,1,1,1,1,0,0,0,0,0,0,0,1,0,0,0,0,0,1,0,1,0,1
40994069,싼타페,싼타페 (MX5),56,4250,16386,1598,6,3,0,1,1,1,1,1,1,1,1,1,1,1,0,0,0,0,0,0,0,1,0,0,0,1,0,0,0,1,1,0
40995631,그랜저,더 뉴 그랜저 IG,27,2880,60791,2497,5,6,4,1,1,1,1,1,1,1,1,1,1,1,0,0,0,0,0,0,1,0,0,0,0,0,0,1,0,1,0,1
40997550,싼타페,싼타페 (MX5),56,4170,19751,1598,5,3,0,0,1,1,1,1,1,1,1,1,1,1,0,0,0,0,0,0,0,1,0,0,0,1,0,0,0,1,1,0
40997567,싼타페,싼타페 (MX5),56,4090,42012,1598,6,3,0,1,1,1,1,1,1,1,1,1,1,1,0,0,0,0,0,0,0,1,0,0,0,1,0,0,0,1,1,0
40999196,싼타페,싼타페 (MX5),56,4195,12583,1598,5,2,0,1,1,1,1,1,1,1,1,1,1,1,0,0,0,0,0,0,0,1,0,0,0,1,0,0,0,1,1,0
41000031,캐스퍼,캐스퍼 일렉트릭,88,2850,79,158,4,1,0,0,1,1,1,1,1,1,1,1,1,1,0,0,0,0,0,0,0,0,0,1,0,0,0,0,1,1,0,1
41000625,그랜저,더 뉴 그랜저 IG,27,2270,70958,2999,5,6,2,1,1,1,1,1,1,1,1,0,1,1,0,0,0,0,0,1,0,0,0,0,0,1,0,0,0,1,0,1
41000821,투싼,투싼 (NX4),101,2070,73083,1598,5,5,2,0,0,1,0,0,1,0,1,1,1,1,0,0,0,0,0,0,1,0,0,0,0,1,0,0,0,1,1,0
41004056,팰리세이드,팰리세이드,107,2790,114540,2199,7,7,0,0,1,1,1,1,1,1,1,1,1,1,0,0,0,0,0,0,0,0,1,0,0,0,0,1,0,1,1,0
41004373,싼타페,싼타페 (MX5),56,4750,14729,1598,6,2,0,1,1,1,1,1,1,1,1,1,1,1,0,0,0,0,0,0,0,1,0,0,0,1,0,0,0,1,1,0
41004891,싼타페,더 뉴 싼타페,56,2590,75362,2151,5,5,9,0,1,1,1,1,1,1,1,1,1,1,0,0,0,0,0,0,0,0,1,0,0,1,0,0,0,1,1,0
41004896,쏘나타,쏘나타 (DN8),57,2020,68793,1999,5,5,0,0,1,1,1,1,1,1,1,1,1,1,0,0,0,0,0,0,1,0,0,0,0,0,1,0,0,1,0,1
41005035,싼타페,싼타페 (MX5),56,4050,25088,2497,7,3,0,1,1,1,1,1,1,1,1,1,1,1,0,0,0,0,0,0,1,0,0,0,0,1,0,0,0,1,1,0
41005099,투싼,투싼 (NX4),101,2780,44321,1598,5,6,1,1,1,1,1,1,1,1,1,1,1,1,0,0,0,0,0,0,1,0,0,0,0,1,0,0,0,1,1,0
41005127,투싼,투싼 (NX4),101,2550,75660,1598,5,5,3,1,1,1,1,1,1,1,1,1,1,1,0,0,0,0,0,0,1,0,0,0,0,1,0,0,0,1,1,0
41005156,투싼,투싼 (NX4),101,2680,27424,1598,5,5,0,0,1,1,1,1,1,1,1,1,1,1,0,0,0,0,0,0,1,0,0,0,0,0,0,1,0,1,1,0
41005458,스타렉스,더 뉴 그랜드 스타렉스,50,1800,97231,2497,11,8,1,0,0,1,0,0,0,1,1,1,1,1,0,0,0,0,0,0,0,0,1,0,0,0,0,1,0,1,1,0
41005480,팰리세이드,더 뉴 팰리세이드,107,3680,36061,3778,7,3,0,1,1,1,1,1,1,1,1,1,1,1,0,0,0,0,0,0,1,0,0,0,0,1,0,0,0,1,1,0
41006193,아이오닉6,아이오닉6,67,3549,27390,111,5,4,0,0,1,1,1,1,1,1,1,1,1,1,0,0,0,0,0,0,0,0,0,1,0,1,0,0,0,1,0,1
41007527,스타리아,스타리아,51,4430,14472,2199,9,1,1,1,1,1,1,1,1,1,1,0,1,1,0,0,0,0,0,0,0,0,1,0,0,0,0,1,0,1,1,0
41008613,투싼,투싼 하이브리드 (NX4),101,2999,37347,1598,5,5,2,1,1,1,1,1,1,1,1,1,1,1,0,0,0,0,0,0,0,1,0,0,0,0,0,1,0,1,1,0
41008724,팰리세이드,팰리세이드,107,4300,79648,2199,7,5,0,0,1,1,1,1,1,1,1,1,1,1,0,0,0,0,0,0,0,0,1,0,0,0,0,1,0,1,1,0
41014712,싼타페,싼타페 (MX5),56,4230,15973,1598,6,3,0,1,1,1,1,1,1,1,1,1,1,1,0,0,0,0,0,0,0,1,0,0,0,1,0,0,0,1,1,0
41016139,투싼,투싼 (NX4),101,1990,87712,1598,5,5,3,0,0,1,1,1,1,1,1,1,1,1,0,0,0,0,0,0,1,0,0,0,0,1,0,0,0,1,1,0
41018804,그랜저,더 뉴 그랜저 IG,27,2570,64965,2497,5,6,6,1,1,1,1,1,1,1,1,1,1,1,0,0,0,0,0,0,1,0,0,0,0,0,0,1,0,1,0,1
41020020,투싼,투싼 하이브리드 (NX4),101,3100,30635,1598,5,3,14,0,1,1,1,1,1,1,1,1,1,1,0,0,0,0,0,0,0,1,0,0,0,0,0,1,0,1,1,0
41020234,싼타페,싼타페 (MX5),56,3330,30298,2497,7,2,4,0,1,1,1,1,1,1,1,1,1,1,0,0,0,0,0,0,1,0,0,0,0,1,0,0,0,1,1,0
41021370,싼타페,싼타페 (MX5),56,4100,31922,1598,7,3,3,1,1,1,1,1,1,1,1,1,1,1,0,0,0,0,0,0,0,1,0,0,0,0,0,1,0,1,1,0
41025025,그랜저,더 뉴 그랜저 IG,27,2999,18450,2497,5,4,0,0,1,1,1,1,1,1,1,1,1,1,0,0,0,0,0,0,1,0,0,0,0,1,0,0,0,1,0,1
41025053,아반떼,아반떼 (CN7),62,1950,46186,1598,5,5,2,0,1,1,1,1,1,1,1,1,1,1,0,0,0,0,0,0,1,0,0,0,0,0,0,1,0,1,0,1
41025299,팰리세이드,팰리세이드,107,3280,18848,2199,7,6,0,1,1,1,1,1,1,1,1,1,1,1,0,0,0,0,0,0,0,0,1,0,0,0,0,0,1,1,1,0
41026640,싼타페,싼타페 (MX5),56,3480,37402,1598,5,3,0,0,1,1,1,1,1,1,1,1,1,1,0,0,0,0,0,0,0,1,0,0,0,1,0,0,0,1,1,0
41029035,베뉴,베뉴,45,1980,36102,1598,5,3,0,0,1,1,1,1,1,1,1,1,1,1,0,0,0,0,0,0,1,0,0,0,0,1,0,0,0,1,1,0
41029330,투싼,투싼 (NX4),101,2400,56353,1598,5,5,0,0,0,1,1,1,1,1,1,1,1,1,0,0,0,0,0,0,1,0,0,0,0,0,0,1,0,1,1,0
41030722,팰리세이드,더 뉴 팰리세이드,107,3890,51589,2199,7,3,0,0,1,1,1,1,1,1,1,1,1,1,0,0,0,0,0,0,0,0,1,0,0,0,0,0,1,1,1,0
41031717,캐스퍼,캐스퍼,88,1790,33075,998,4,4,0,1,1,1,1,1,1,1,1,1,1,1,0,0,0,0,0,0,1,0,0,0,0,0,0,1,0,1,0,1
41032109,아이오닉6,아이오닉6,67,3390,43354,111,5,3,0,0,1,1,1,1,1,1,1,1,1,1,0,0,0,0,0,0,0,0,0,1,0,1,0,0,0,1,0,1
41032963,싼타페,더 뉴 싼타페,56,2799,107978,2497,5,5,8,0,1,1,1,1,1,1,1,1,1,1,0,0,0,0,0,0,1,0,0,0,0,1,0,0,0,1,1,0
41036246,싼타페,싼타페 (MX5),56,4280,20985,1598,5,3,1,0,1,1,1,1,1,1,1,1,1,1,0,0,0,0,0,0,0,1,0,0,0,0,1,0,0,1,1,0
41037153,아반떼,아반떼 (CN7),62,1900,60129,1598,5,4,6,0,1,1,1,1,1,1,1,1,1,1,0,0,0,0,0,0,1,0,0,0,0,0,0,1,0,1,0,1
41037242,그랜저,그랜저 IG,27,2250,79013,2999,5,9,0,0,1,1,1,1,1,1,1,1,1,1,0,0,0,0,0,0,1,0,0,0,0,0,1,0,0,1,0,1
41037932,싼타페,싼타페 (MX5),56,4120,32160,1598,6,3,0,0,1,1,1,1,1,1,1,1,1,1,0,0,0,0,0,0,0,1,0,0,0,0,1,0,0,1,1,0
41040583,스타리아,스타리아,51,3330,16527,2199,11,2,0,0,0,1,1,1,1,1,1,1,1,1,0,0,0,0,0,0,0,0,1,0,0,0,1,0,0,1,1,0
41041591,아반떼,더 뉴 아반떼 (CN7),62,2420,11683,1598,5,3,5,1,1,1,1,1,1,1,1,1,1,1,0,0,0,0,0,0,1,0,0,0,0,1,0,0,0,1,0,1
41045204,스타리아,스타리아,51,3499,75259,2199,9,4,0,0,0,1,1,1,1,1,1,1,1,1,0,0,0,0,0,0,0,0,1,0,0,1,0,0,0,1,1,0
41045675,팰리세이드,더 뉴 팰리세이드,107,4540,67962,2199,7,4,1,0,1,1,1,1,1,1,1,1,1,1,0,0,0,0,0,0,0,0,1,0,0,1,0,0,0,1,1,0
41046382,팰리세이드,더 뉴 팰리세이드,107,3500,50284,2199,7,4,0,0,1,1,1,1,1,1,1,1,1,1,0,0,0,0,0,0,0,0,1,0,0,0,1,0,0,1,1,0
41046862,싼타페,싼타페 (MX5),56,3920,31742,1598,5,3,3,1,1,1,1,1,1,1,1,1,1,1,0,0,0,0,0,0,0,1,0,0,0,0,0,1,0,1,1,0
41047813,팰리세이드,더 뉴 팰리세이드,107,4100,9985,3778,7,2,0,0,1,1,1,1,1,1,1,1,1,1,0,0,0,0,0,0,1,0,0,0,0,0,1,0,0,1,1,0
41049628,팰리세이드,팰리세이드,107,2790,78113,2199,7,7,5,1,1,1,1,1,1,1,1,1,1,1,0,0,0,0,0,0,0,0,1,0,0,0,0,0,1,1,1,0
41050277,싼타페,싼타페 TM,56,1910,60007,1995,5,7,0,0,0,1,1,1,1,1,1,1,1,1,0,0,0,0,0,0,0,0,1,0,0,0,0,0,1,1,1,0
41050845,아이오닉,더 뉴 아이오닉 하이브리드,65,2100,47966,1580,5,6,0,0,1,1,1,1,1,1,1,1,1,1,0,0,0,0,0,0,0,1,0,0,0,1,0,0,0,1,0,1
41052510,팰리세이드,더 뉴 팰리세이드,107,3590,80358,2199,7,4,3,0,1,1,1,1,1,1,1,1,1,1,0,0,0,0,0,0,0,0,1,0,0,0,0,1,0,1,1,0
41054188,팰리세이드,더 뉴 팰리세이드,107,9999,66228,2199,7,4,0,0,1,1,1,1,1,1,1,1,1,1,0,0,0,0,0,0,0,0,1,0,0,1,0,0,0,1,1,0
41054444,싼타페,더 뉴 싼타페,56,2060,135475,2151,5,6,3,0,1,1,0,1,1,1,1,1,1,1,0,0,0,0,0,0,0,0,1,0,0,0,0,1,0,1,1,0
41055230,팰리세이드,팰리세이드,107,2420,105894,3778,8,7,2,1,1,1,1,1,1,1,1,1,1,1,0,0,0,0,0,0,1,0,0,0,0,1,0,0,0,1,1,0
41055409,싼타페,싼타페 (MX5),56,4590,10713,1598,6,3,0,1,1,1,1,1,1,1,1,1,1,1,0,0,0,0,0,0,0,1,0,0,0,1,0,0,0,1,1,0
41055426,투싼,투싼 (NX4),101,2290,76642,1598,5,4,1,0,0,1,1,1,1,1,1,1,1,1,0,0,0,0,0,0,1,0,0,0,0,1,0,0,0,1,1,0
41056624,쏘나타,쏘나타 (DN8),57,2450,9527,1598,5,4,0,0,1,1,1,1,1,1,1,1,1,1,0,0,0,0,0,0,1,0,0,0,0,0,0,1,0,1,0,1
41057002,싼타페,더 뉴 싼타페,56,2720,63536,1598,5,4,10,0,1,1,1,1,1,1,1,1,1,1,0,0,0,0,0,0,0,1,0,0,0,1,0,0,0,1,1,0
41058307,팰리세이드,팰리세이드,107,2850,119300,2199,7,5,0,0,1,1,1,1,1,1,1,1,1,1,0,0,0,0,0,0,0,0,1,0,0,1,0,0,0,1,1,0
41058939,아반떼,아반떼 (CN7),62,1830,88388,1598,5,4,7,0,1,1,1,1,1,1,1,1,1,1,0,0,0,0,0,0,1,0,0,0,0,0,0,1,0,1,0,1
41059359,싼타페,싼타페 TM,56,1700,180002,1995,5,7,3,0,0,1,1,1,1,1,1,1,1,1,0,0,0,0,0,0,0,0,1,0,0,1,0,0,0,1,1,0
41060149,쏘나타,쏘나타 하이브리드 (DN8),57,1900,102473,1999,5,4,1,0,1,1,1,1,1,1,1,1,1,1,0,0,0,0,0,0,0,1,0,0,0,0,1,0,0,1,0,1
41060626,투싼,투싼 (NX4),101,2549,48315,1598,5,4,7,1,1,1,1,1,1,1,1,1,1,1,0,0,0,0,0,0,1,0,0,0,0,0,0,1,0,1,1,0
41060744,싼타페,싼타페 TM,56,1890,128779,1998,7,7,14,0,1,1,1,1,1,1,1,1,1,1,0,0,0,0,0,0,1,0,0,0,0,0,1,0,0,1,1,0
41061617,팰리세이드,팰리세이드 (LX3),107,6990,7699,2497,7,1,0,1,1,1,1,1,1,1,1,1,1,1,0,0,0,0,0,0,0,1,0,0,0,1,0,0,0,1,1,0
41063437,쏘나타,쏘나타 디 엣지(DN8),57,3050,22213,1598,5,3,5,1,1,1,1,1,1,1,1,1,1,1,0,0,0,0,0,0,1,0,0,0,0,1,0,0,0,1,0,1
41064691,그랜저,그랜저 (GN7),27,3330,25580,2497,5,4,2,0,1,1,1,1,1,1,1,1,1,1,0,0,0,0,0,0,1,0,0,0,0,0,0,1,0,1,0,1
41065064,투싼,투싼 (NX4),101,2750,52140,1598,5,5,1,0,1,1,1,1,1,1,1,1,1,1,0,0,0,0,0,0,1,0,0,0,0,0,0,1,0,1,1,0
41065762,투싼,투싼 (NX4),101,1899,108848,1998,5,4,5,0,0,1,1,1,1,1,1,1,1,1,0,0,0,0,0,0,0,0,1,0,0,1,0,0,0,1,1,0
41066345,쏘나타,쏘나타 디 엣지(DN8),57,9999,30751,1999,5,2,0,0,1,1,1,1,1,1,1,1,1,1,0,0,0,0,0,1,0,0,0,0,0,1,0,0,0,1,0,1
41066518,쏘나타,쏘나타 (DN8),57,1899,69169,1999,5,6,4,1,1,1,1,1,1,1,1,1,1,1,0,0,0,0,0,0,1,0,0,0,0,1,0,0,0,1,0,1
41066935,팰리세이드,팰리세이드,107,3499,75935,2199,7,5,2,0,1,1,1,1,1,1,1,1,1,1,0,0,0,0,0,0,0,0,1,0,0,0,0,1,0,1,1,0
41068039,팰리세이드,팰리세이드,107,2590,116584,2199,7,6,0,1,1,1,1,1,1,1,1,1,1,1,0,0,0,0,0,0,0,0,1,0,0,0,0,0,1,1,1,0
41068531,팰리세이드,더 뉴 팰리세이드,107,4580,25074,2199,8,2,0,1,1,1,1,1,1,1,1,1,1,1,0,0,0,0,0,0,0,0,1,0,0,0,0,1,0,1,1,0
41068659,스타렉스,더 뉴 그랜드 스타렉스,50,1850,58376,2497,12,7,0,0,0,1,1,0,0,1,1,1,1,1,0,0,0,0,0,0,0,0,1,0,0,1,0,0,0,1,1,0
41071715,아이오닉6,아이오닉6,67,3989,5857,111,5,2,5,1,1,1,1,1,1,1,1,1,1,1,0,0,0,0,0,0,0,0,0,1,0,1,0,0,0,1,0,1
41071897,싼타페,더 뉴 싼타페,56,2800,73195,1598,5,5,2,1,1,1,1,1,1,1,1,1,1,1,0,0,0,0,0,0,0,1,0,0,0,0,0,1,0,1,1,0
41074359,쏘나타,쏘나타 디 엣지(DN8),57,3190,25211,1598,5,3,3,1,1,1,1,1,1,1,1,1,1,1,0,0,0,0,0,0,1,0,0,0,0,0,1,0,0,1,0,1
41074758,아반떼,더 뉴 아반떼 (CN7),62,2520,9389,1598,5,2,0,0,1,1,1,1,1,1,1,1,1,1,0,0,0,0,0,0,1,0,0,0,0,1,0,0,0,1,0,1
41074796,아반떼,더 뉴 아반떼 (CN7),62,2890,47452,1998,5,3,3,0,1,1,1,1,1,1,1,1,1,1,0,0,0,0,0,0,1,0,0,0,0,1,0,0,0,1,0,1
41077482,싼타페,싼타페 (MX5),56,3980,29504,1598,5,3,1,0,1,1,1,1,1,1,1,1,1,1,0,0,0,0,0,0,0,1,0,0,0,1,0,0,0,1,1,0
41078251,스타렉스,더 뉴 그랜드 스타렉스,50,2330,28307,2497,7,8,4,0,0,1,1,0,0,1,1,0,1,1,0,0,0,0,0,0,0,0,1,0,0,1,0,0,0,1,1,0
41079098,아반떼,아반떼 (CN7),62,2650,38975,1998,5,4,2,1,1,1,1,1,1,1,1,1,1,1,0,0,0,0,0,0,1,0,0,0,0,1,0,0,0,1,0,1
41079788,캐스퍼,캐스퍼,88,1770,35727,998,4,4,0,0,0,1,1,1,1,1,1,1,1,1,0,0,0,0,0,0,1,0,0,0,0,0,0,1,0,1,0,1
41083780,팰리세이드,팰리세이드,107,8888,88555,2199,7,6,1,0,0,1,1,1,1,0,1,1,1,1,0,0,0,0,0,0,0,0,1,0,0,0,0,1,0,1,1,0
41084154,싼타페,싼타페 TM,56,2590,67200,1995,5,8,1,1,1,1,1,1,1,1,1,1,1,1,0,0,0,0,0,0,0,0,1,0,0,1,0,0,0,1,1,0
41084907,아반떼,더 뉴 아반떼 (CN7),62,3000,7209,1998,5,1,0,0,1,1,1,1,1,1,1,1,1,1,0,0,0,0,0,0,1,0,0,0,0,0,0,1,0,0,0,1
41084976,투싼,투싼 (NX4),101,2580,31618,1598,5,5,1,0,1,1,1,1,1,1,1,1,1,1,0,0,0,0,0,0,1,0,0,0,0,0,1,0,0,1,1,0
41085470,팰리세이드,더 뉴 팰리세이드,107,4680,22259,2199,7,2,0,0,1,1,1,1,1,1,1,1,1,1,0,0,0,0,0,0,0,0,1,0,0,1,0,0,0,1,1,0
41085697,팰리세이드,팰리세이드,107,8888,91511,3778,7,4,3,0,1,1,1,1,1,1,1,1,1,1,0,0,0,0,0,0,1,0,0,0,0,0,1,0,0,1,1,0
41086000,팰리세이드,팰리세이드,107,3080,59102,2199,8,6,7,1,1,1,1,1,1,1,1,1,1,1,0,0,0,0,0,0,0,0,1,0,0,1,0,0,0,1,1,0
41086122,그랜저,그랜저 IG,27,2199,43698,2999,5,9,8,1,1,1,1,1,1,1,1,1,1,1,0,0,0,0,0,0,1,0,0,0,0,0,1,0,0,1,0,1
41086768,싼타페,더 뉴 싼타페,56,2750,78184,2151,5,6,0,0,1,1,1,1,1,1,1,1,1,1,0,0,0,0,0,0,0,0,1,0,0,0,0,1,0,1,1,0
41088351,쏘나타,쏘나타 (DN8),57,1800,69875,1999,5,6,7,0,1,1,1,1,1,1,1,0,1,1,0,0,0,0,0,0,1,0,0,0,0,0,1,0,0,1,0,1
41088661,쏘나타,쏘나타 (DN8),57,1870,52135,1999,5,5,1,0,1,1,1,1,1,1,1,1,1,1,0,0,0,0,0,0,1,0,0,0,0,0,0,1,0,1,0,1
41088991,아반떼,더 뉴 아반떼 (CN7),62,2599,36382,1998,5,2,8,0,1,1,1,1,1,1,1,1,1,1,0,0,0,0,0,0,1,0,0,0,0,0,0,1,0,1,0,1
41089102,캐스퍼,더 뉴 캐스퍼,88,1840,26412,998,4,1,0,0,0,1,1,1,1,1,1,1,1,1,0,0,0,0,0,0,1,0,0,0,0,1,0,0,0,1,0,1
41090016,아반떼,더 뉴 아반떼 (CN7),62,1930,10911,1591,5,3,0,0,1,1,1,1,1,1,1,0,1,1,0,0,0,0,0,1,0,0,0,0,0,1,0,0,0,1,0,1
41094926,팰리세이드,팰리세이드,107,2150,136519,2199,7,7,6,0,0,1,1,1,1,1,1,1,1,1,0,0,0,0,0,0,0,0,1,0,0,0,0,0,1,1,1,0
41096935,싼타페,더 뉴 싼타페,56,3550,29142,1598,5,4,1,1,1,1,1,1,1,1,1,1,1,1,0,0,0,0,0,0,0,1,0,0,0,1,0,0,0,1,1,0
41097272,쏘나타,쏘나타 (DN8),57,1960,80493,1999,5,7,8,1,1,1,1,1,1,1,1,1,1,1,0,0,0,0,0,0,1,0,0,0,0,1,0,0,0,1,0,1
41097549,제네시스,제네시스 DH,81,1950,33013,3342,5,11,3,1,1,1,1,1,1,1,1,1,1,1,0,0,0,0,0,0,1,0,0,0,0,1,0,0,0,1,0,1
41098584,캐스퍼,캐스퍼,88,1820,11688,998,4,3,0,0,0,1,1,1,1,1,1,1,1,1,0,0,0,0,0,0,1,0,0,0,0,0,0,0,1,1,0,1
41099990,팰리세이드,팰리세이드,107,2500,50297,3778,8,7,1,1,1,1,1,1,1,1,1,1,1,1,0,0,0,0,0,0,1,0,0,0,0,1,0,0,0,1,1,0
41100159,그랜저,더 뉴 그랜저 IG,27,2790,29141,2497,5,4,1,0,1,1,1,1,1,1,1,1,1,1,0,0,0,0,0,0,1,0,0,0,0,1,0,0,0,1,0,1
41101637,팰리세이드,팰리세이드,107,9999,95016,3778,7,6,0,0,1,1,1,1,1,1,1,1,1,1,0,0,0,0,0,0,1,0,0,0,0,1,0,0,0,1,1,0
41102585,스타리아,스타리아,51,3850,39303,2199,9,2,2,0,1,1,1,1,1,1,1,1,1,1,0,0,0,0,0,0,0,0,1,0,0,1,0,0,0,1,1,0
41102616,팰리세이드,팰리세이드,107,2450,67894,3778,7,4,2,0,0,1,1,1,1,1,1,1,1,1,0,0,0,0,0,0,1,0,0,0,0,0,0,0,1,1,1,0
41102725,팰리세이드,팰리세이드,107,2600,154137,2199,7,5,2,0,1,1,1,1,1,1,1,1,1,1,0,0,0,0,0,0,0,0,1,0,0,0,0,1,0,1,1,0
41103839,팰리세이드,팰리세이드,107,3590,65066,2199,7,5,5,1,1,1,1,1,1,1,1,1,1,1,0,0,0,0,0,0,0,0,1,0,0,1,0,0,0,1,1,0
41104735,그랜저,그랜저 IG,27,1900,62583,2999,5,10,5,1,1,1,1,1,1,1,1,1,1,1,0,0,0,0,0,0,1,0,0,0,0,1,0,0,0,1,0,1
41105724,그랜저,그랜저 (GN7),27,4090,19263,2497,5,2,1,1,1,1,1,1,1,1,1,1,1,1,0,0,0,0,0,0,1,0,0,0,0,0,1,0,0,1,0,1
41105833,싼타페,싼타페 (MX5),56,4350,23370,1598,5,3,1,1,1,1,1,1,1,1,1,1,1,1,0,0,0,0,0,0,0,1,0,0,0,1,0,0,0,1,1,0
41106260,아반떼,아반떼 (CN7),62,1819,47940,1598,5,5,2,0,0,1,1,1,1,1,1,1,1,1,0,0,0,0,0,0,1,0,0,0,0,1,0,0,0,1,0,1
41106388,팰리세이드,팰리세이드,107,3100,4151,3778,7,6,0,0,1,1,1,1,1,1,1,1,1,1,0,0,0,0,0,0,1,0,0,0,0,0,0,1,0,1,1,0
41107444,팰리세이드,더 뉴 팰리세이드,107,4050,39163,2199,7,4,0,0,1,1,1,1,1,1,1,1,1,1,0,0,0,0,0,0,0,0,1,0,0,1,0,0,0,1,1,0
41107555,그랜저,더 뉴 그랜저 IG 하이브리드,27,2550,87827,2359,5,5,2,0,1,1,1,1,1,1,1,1,1,1,0,0,0,0,0,0,0,1,0,0,0,0,0,1,0,1,0,1
41107689,아반떼,더 뉴 아반떼 (CN7),62,3549,4722,1998,5,1,0,1,1,1,1,1,1,1,1,1,1,1,0,0,0,0,0,0,1,0,0,0,0,1,0,0,0,1,0,1
41107811,팰리세이드,팰리세이드,107,2564,101073,2199,7,5,1,0,0,1,1,1,1,1,1,1,1,1,0,0,0,0,0,0,0,0,1,0,0,0,0,1,0,1,1,0
41109127,그랜저,더 뉴 그랜저 IG,27,2080,112354,3342,5,6,3,0,1,1,1,1,1,1,1,1,1,1,0,0,0,0,0,0,1,0,0,0,0,0,1,0,0,1,0,1
41111457,아이오닉5,아이오닉5,66,2747,105740,111,5,4,0,0,1,1,1,1,1,1,1,1,1,1,0,0,0,0,0,0,0,0,0,1,0,1,0,0,0,1,0,1
41111550,싼타페,더 뉴 싼타페,56,1870,153622,2151,5,5,4,0,1,1,1,1,1,1,1,1,1,1,0,0,0,0,0,0,0,0,1,0,0,1,0,0,0,1,1,0
41112137,그랜저,더 뉴 그랜저 IG,27,1850,119725,3342,5,6,8,0,1,1,1,1,1,1,1,1,1,1,0,0,0,0,0,0,1,0,0,0,0,1,0,0,0,1,0,1
41113808,싼타페,더 뉴 싼타페,56,1950,150581,2151,5,6,4,0,1,1,1,1,1,1,1,1,1,1,0,0,0,0,0,0,0,0,1,0,0,0,0,1,0,1,1,0
41114565,팰리세이드,팰리세이드,107,2845,44949,3778,7,4,0,0,1,1,1,1,1,1,1,1,1,1,0,0,0,0,0,0,1,0,0,0,0,1,0,0,0,1,1,0
41115206,캐스퍼,캐스퍼,88,1850,18553,998,4,3,1,0,0,1,1,1,1,1,1,1,1,1,0,0,0,0,0,0,1,0,0,0,0,0,0,0,1,1,0,1
41115725,싼타페,싼타페 (MX5),56,3630,33038,1598,5,3,0,0,1,1,1,1,1,1,1,1,1,1,0,0,0,0,0,0,0,1,0,0,0,1,0,0,0,1,1,0
41119167,아반떼,더 뉴 아반떼 하이브리드 (CN7),62,2920,6832,1580,5,1,0,0,1,1,1,1,1,1,1,1,1,1,0,0,0,0,0,0,0,1,0,0,0,0,0,1,0,1,0,1
41119345,투싼,투싼 (NX4),101,2850,38537,1598,5,5,2,0,1,1,1,1,1,1,1,1,1,1,0,0,0,0,0,0,1,0,0,0,0,1,0,0,0,1,1,0
41119635,쏘나타,쏘나타 디 엣지(DN8),57,2220,36609,1999,5,2,0,0,1,1,1,1,1,1,1,0,1,1,0,0,0,0,0,1,0,0,0,0,0,0,0,1,0,1,0,1
41119671,쏘나타,쏘나타 디 엣지(DN8),57,2220,37281,1999,5,2,0,0,1,1,1,1,1,1,1,0,1,1,0,0,0,0,0,1,0,0,0,0,0,0,0,1,0,1,0,1
41119711,팰리세이드,더 뉴 팰리세이드,107,3930,21825,3778,7,3,0,0,1,1,1,1,1,1,1,1,1,1,0,0,0,0,0,0,1,0,0,0,0,0,0,1,0,1,1,0
41120366,쏘나타,쏘나타 (DN8),57,2050,69485,1999,5,5,2,0,1,1,1,1,1,1,1,1,1,1,0,0,0,0,0,0,1,0,0,0,0,0,1,0,0,1,0,1
41121701,싼타페,싼타페 (MX5),56,3900,33668,1598,7,3,2,0,1,1,1,1,1,1,1,1,1,1,0,0,0,0,0,0,0,1,0,0,0,1,0,0,0,1,1,0
41121704,팰리세이드,팰리세이드,107,4290,85218,2199,7,4,0,1,1,1,1,1,1,1,1,1,1,1,0,0,0,0,0,0,0,0,1,0,0,0,0,1,0,1,1,0
41122225,스타리아,스타리아,51,3450,63674,2199,9,3,1,1,1,1,1,1,1,1,1,1,1,1,0,0,0,0,0,0,0,0,1,0,0,1,0,0,0,1,1,0
41122733,스타리아,스타리아,51,9999,27045,2199,9,4,3,1,1,1,1,1,1,1,1,1,1,1,0,0,0,0,0,0,0,0,1,0,0,0,0,1,0,1,1,0
41123182,아이오닉,더 뉴 아이오닉 하이브리드,65,1880,82864,1580,5,7,0,0,1,1,1,1,1,1,1,1,1,1,0,0,0,0,0,0,0,1,0,0,0,0,0,1,0,1,0,1
41123594,캐스퍼,캐스퍼 일렉트릭,88,2599,14524,158,4,2,0,0,1,1,1,1,1,1,1,1,1,1,0,0,0,0,0,0,0,0,0,1,0,0,0,0,1,1,0,1
41123961,싼타페,싼타페 (MX5),56,4095,14536,1598,7,3,0,0,1,1,1,1,1,1,1,1,1,1,0,0,0,0,0,0,0,1,0,0,0,1,0,0,0,1,1,0
41125122,아반떼,더 뉴 아반떼 (CN7),62,2490,16996,1998,5,3,4,0,1,1,1,1,1,1,1,1,1,1,0,0,0,0,0,0,1,0,0,0,0,0,1,0,0,1,0,1
41126574,스타렉스,더 뉴 그랜드 스타렉스,50,2790,51883,2497,5,7,7,0,0,1,1,0,0,0,1,1,1,1,0,0,0,0,0,0,0,0,1,0,0,1,0,0,0,1,1,0
41127027,팰리세이드,팰리세이드,107,2600,98505,2199,7,5,0,0,0,1,1,1,1,1,1,1,1,1,0,0,0,0,0,0,0,0,1,0,0,1,0,0,0,1,1,0
41127681,아이오닉5,아이오닉5,66,2830,95276,111,5,5,2,0,1,1,1,1,1,1,1,1,1,1,0,0,0,0,0,0,0,0,0,1,0,1,0,0,0,1,0,1
41128345,싼타페,싼타페 (MX5),56,3600,22482,2497,5,3,2,0,1,1,1,1,1,1,1,1,1,1,0,0,0,0,0,0,1,0,0,0,0,1,0,0,0,1,1,0
41128546,그랜저,그랜저 IG,27,2030,90208,2999,5,8,4,1,1,1,1,1,1,1,1,1,1,1,0,0,0,0,0,0,1,0,0,0,0,1,0,0,0,1,0,1
41128628,투싼,투싼 (NX4),101,2390,84488,1598,5,5,0,0,1,1,1,1,1,1,1,1,1,1,0,0,0,0,0,0,1,0,0,0,0,0,0,1,0,1,1,0
41129795,스타리아,스타리아,51,2580,68848,2199,9,4,23,0,1,1,1,1,1,1,1,1,1,1,0,0,0,0,0,0,0,0,1,0,0,0,1,0,0,1,1,0
41129939,싼타페,더 뉴 싼타페,56,2999,62400,2151,5,6,0,1,1,1,1,1,1,1,1,1,1,1,0,0,0,0,0,0,0,0,1,0,0,1,0,0,0,1,1,0
41135133,싼타페,싼타페 TM,56,2090,106609,1998,5,7,0,0,0,1,1,1,1,1,1,1,1,1,0,0,0,0,0,0,1,0,0,0,0,1,0,0,0,1,1,0
41135689,투싼,투싼 (NX4),101,3065,53044,1598,5,4,0,0,1,1,1,1,1,1,1,1,1,1,0,0,0,0,0,0,1,0,0,0,0,0,0,1,0,1,1,0
41135830,코나,더 뉴 코나,91,1980,98365,1598,5,6,1,0,1,1,1,1,1,1,1,1,1,1,0,0,0,0,0,0,1,0,0,0,0,0,0,1,0,1,1,0
41136820,쏘나타,쏘나타 (DN8),57,2120,108601,1598,5,5,3,1,1,1,1,1,1,1,1,1,1,1,0,0,0,0,0,0,1,0,0,0,0,1,0,0,0,1,0,1
41137013,팰리세이드,팰리세이드 (LX3),107,6490,10061,2497,7,1,2,1,1,1,1,1,1,1,1,1,1,1,0,0,0,0,0,0,0,1,0,0,0,0,1,0,0,1,1,0
41137148,아반떼,아반떼 (CN7),62,1720,79479,1598,5,6,0,0,1,1,1,1,1,1,1,1,1,1,0,0,0,0,0,0,1,0,0,0,0,1,0,0,0,1,0,1
41139085,투싼,투싼 (NX4),101,2490,19150,1598,5,3,11,1,1,1,1,1,1,1,1,1,1,1,0,0,0,0,0,0,1,0,0,0,0,0,0,0,1,1,1,0
41139473,싼타페,싼타페 (MX5),56,3900,27537,1598,5,3,2,0,1,1,1,1,1,1,1,1,1,1,0,0,0,0,0,0,0,1,0,0,0,1,0,0,0,1,1,0
41139654,팰리세이드,팰리세이드,107,3939,51725,2199,7,4,0,0,1,1,1,1,1,1,1,1,1,1,0,0,0,0,0,0,0,0,1,0,0,0,1,0,0,1,1,0
41141035,쏘나타,쏘나타 디 엣지(DN8),57,2340,37201,1999,5,2,0,0,1,1,1,1,1,1,1,0,1,1,0,0,0,0,0,1,0,0,0,0,0,0,0,1,0,1,0,1
41141837,아반떼,더 뉴 아반떼 (CN7),62,2290,45010,1598,5,3,1,0,1,1,1,1,1,1,1,1,1,1,0,0,0,0,0,0,1,0,0,0,0,0,1,0,0,1,0,1
41141877,팰리세이드,더 뉴 팰리세이드,107,3920,16195,2199,7,2,0,0,1,1,1,1,1,1,1,1,1,1,0,0,0,0,0,0,0,0,1,0,0,1,0,0,0,1,1,0
41142960,쏘나타,쏘나타 (DN8),57,1840,64154,1598,5,7,5,0,1,1,1,1,1,1,1,1,1,1,0,0,0,0,0,0,1,0,0,0,0,0,0,1,0,1,0,1
41145443,투싼,투싼 (NX4),101,2780,47893,1598,5,5,2,0,1,1,1,1,1,1,1,1,1,1,0,0,0,0,0,0,1,0,0,0,0,1,0,0,0,1,1,0
41147031,투싼,투싼 (NX4),101,2740,60587,1598,5,5,1,1,1,1,1,1,1,1,1,1,1,1,0,0,0,0,0,0,1,0,0,0,0,0,0,1,0,1,1,0
41147143,그랜저,그랜저 IG,27,1795,85699,2999,5,10,0,0,1,1,1,1,1,1,1,1,1,1,0,0,0,0,0,0,1,0,0,0,0,0,0,1,0,1,0,1
41148664,팰리세이드,팰리세이드,107,3250,79795,2199,7,5,5,1,1,1,1,1,1,1,1,1,1,1,0,0,0,0,0,0,0,0,1,0,0,0,1,0,0,1,1,0
41148800,아이오닉5,아이오닉5,66,5550,80164,111,5,5,2,0,1,1,1,1,1,1,1,1,1,1,0,0,0,0,0,0,0,0,0,1,0,1,0,0,0,1,0,1
41149488,팰리세이드,팰리세이드 (LX3),107,5850,4578,2497,9,1,1,1,1,1,1,1,1,1,1,1,1,1,0,0,0,0,0,0,1,0,0,0,0,0,1,0,0,1,1,0
41151096,캐스퍼,캐스퍼,88,9999,78122,998,4,4,2,0,0,0,0,0,0,0,0,0,0,1,0,0,0,0,0,0,1,0,0,0,0,1,0,0,0,1,0,1
41152657,싼타페,싼타페 (MX5),56,3099,58115,2497,7,3,0,1,1,1,1,1,1,1,1,1,1,1,0,0,0,0,0,0,1,0,0,0,0,0,0,1,0,1,1,0
41155326,팰리세이드,팰리세이드,107,4288,33859,2199,7,4,0,1,1,1,1,1,1,1,1,1,1,1,0,0,0,0,0,0,0,0,1,0,0,1,0,0,0,1,1,0
41155544,싼타페,더 뉴 싼타페,56,2699,198383,1598,5,5,1,1,1,1,1,1,1,1,1,1,1,1,0,0,0,0,0,0,0,1,0,0,0,1,0,0,0,1,1,0
41155826,팰리세이드,팰리세이드,107,3590,34667,2199,7,6,1,1,1,1,1,1,1,1,1,1,1,1,0,0,0,0,0,0,0,0,1,0,0,0,0,0,1,1,1,0
41157128,투싼,투싼 (NX4),101,2820,45957,1598,5,4,0,1,1,1,1,1,1,1,1,1,1,1,0,0,0,0,0,0,1,0,0,0,0,0,0,1,0,1,1,0
41157380,싼타페,싼타페 TM,56,2350,111849,2199,7,7,4,1,1,1,1,1,1,1,1,1,1,1,0,0,0,0,0,0,0,0,1,0,0,1,0,0,0,1,1,0
41157442,팰리세이드,팰리세이드 (LX3),107,7100,2530,2497,7,1,0,1,1,1,1,1,1,1,1,1,1,1,0,0,0,0,0,0,0,1,0,0,0,1,0,0,0,1,1,0
41158758,아반떼,더 뉴 아반떼 (CN7),62,2870,7840,1998,5,2,0,1,1,1,1,1,1,1,1,1,1,1,0,0,0,0,0,0,1,0,0,0,0,0,0,1,0,0,0,1
41158890,팰리세이드,팰리세이드 (LX3),107,5690,10016,2497,9,1,0,1,1,1,1,1,1,1,1,1,1,1,0,0,0,0,0,0,1,0,0,0,0,1,0,0,0,1,1,0
41159446,쏘나타,쏘나타 디 엣지 하이브리드(DN8),57,2980,13695,1999,5,3,2,0,1,1,1,1,1,1,1,1,1,1,0,0,0,0,0,0,0,1,0,0,0,0,0,1,0,1,0,1
41160074,투싼,투싼 (NX4),101,2560,96078,1598,5,6,0,0,1,1,1,1,1,1,1,1,1,1,0,0,0,0,0,0,1,0,0,0,0,0,0,1,0,1,1,0
41160110,투싼,더 뉴 투싼 (NX4),101,3290,3962,1598,5,1,1,0,1,1,1,1,1,1,1,1,1,1,0,0,0,0,0,0,1,0,0,0,0,1,0,0,0,1,1,0
41161487,쏘나타,쏘나타 디 엣지(DN8),57,2830,2233,1598,5,1,0,0,1,1,1,1,1,1,1,0,1,1,0,0,0,0,0,0,1,0,0,0,0,0,0,1,0,1,0,1
41161503,스타리아,스타리아,51,4650,43306,2199,7,5,0,1,1,1,1,1,1,1,1,1,1,1,0,0,0,0,0,0,0,0,1,0,0,0,1,0,0,1,1,0
41164363,팰리세이드,팰리세이드,107,3890,93093,2199,7,5,1,0,1,1,1,1,1,1,1,1,1,1,0,0,0,0,0,0,0,0,1,0,0,1,0,0,0,1,1,0
41165019,쏘나타,쏘나타 (DN8),57,2759,18325,1598,5,4,0,0,1,1,1,1,1,1,1,1,1,1,0,0,0,0,0,0,1,0,0,0,0,1,0,0,0,1,0,1
41165631,싼타페,싼타페 (MX5),56,3299,57076,2497,7,3,0,1,1,1,1,1,1,1,1,1,1,1,0,0,0,0,0,0,1,0,0,0,0,1,0,0,0,1,1,0
41167639,아반떼,아반떼 (CN7),62,2390,25448,1598,5,4,1,0,1,1,1,1,1,1,1,1,1,1,0,0,0,0,0,0,1,0,0,0,0,1,0,0,0,1,0,1
41168498,쏠라티,쏠라티,60,4970,34339,2497,15,5,1,0,0,1,1,0,0,1,1,0,1,1,0,0,0,0,0,0,0,0,1,0,0,0,1,0,0,1,1,0
41168516,그랜저,더 뉴 그랜저 IG,27,2140,121180,2497,5,6,11,1,1,1,1,1,1,1,1,1,1,1,0,0,0,0,0,0,1,0,0,0,0,0,0,1,0,1,0,1
41168610,싼타페,싼타페 (MX5),56,3650,24836,1598,6,2,0,0,1,1,1,1,1,1,1,1,1,1,0,0,0,0,0,0,0,1,0,0,0,1,0,0,0,1,1,0
41169234,쏘나타,쏘나타 (DN8),57,2390,28743,1598,5,5,1,0,1,1,1,1,1,1,1,1,1,1,0,0,0,0,0,0,1,0,0,0,0,1,0,0,0,1,0,1
41169526,스타리아,스타리아,51,2060,95504,2199,3,5,0,0,0,1,1,0,1,1,1,0,1,1,0,0,0,0,0,0,0,0,1,0,0,1,0,0,0,1,1,0
41169593,투싼,투싼 (NX4),101,3099,21076,1998,5,4,0,1,1,1,1,1,1,1,1,1,1,1,0,0,0,0,0,0,0,0,1,0,0,0,0,1,0,1,1,0
41170244,싼타페,싼타페 (MX5),56,3620,30557,1598,5,3,0,0,1,1,1,1,1,1,1,1,1,1,0,0,0,0,0,0,0,1,0,0,0,1,0,0,0,1,1,0
41170254,스타리아,스타리아,51,4190,19295,2199,9,3,0,1,1,1,1,1,1,1,1,1,1,1,0,0,0,0,0,0,0,0,1,0,0,0,0,1,0,1,1,0
41170329,아반떼,아반떼 (CN7),62,2290,38831,1598,5,3,1,0,1,1,1,1,1,1,1,1,1,1,0,0,0,0,0,0,1,0,0,0,0,1,0,0,0,1,0,1
41173457,팰리세이드,팰리세이드,107,8888,76135,3778,7,5,1,0,1,1,1,1,1,1,1,1,1,1,0,0,0,0,0,0,1,0,0,0,0,0,1,0,0,1,1,0
41173896,투싼,투싼 (NX4),101,3090,13102,1598,5,4,0,1,1,1,1,1,1,1,1,1,1,1,0,0,0,0,0,0,1,0,0,0,0,1,0,0,0,1,1,0
41174324,팰리세이드,팰리세이드 (LX3),107,6590,3476,2497,9,1,0,0,1,1,1,1,1,1,1,1,1,1,0,0,0,0,0,0,0,1,0,0,0,1,0,0,0,1,1,0
41175513,투싼,더 뉴 투싼 (NX4),101,2640,7449,1598,5,2,6,0,1,1,1,0,1,0,1,1,1,1,0,0,0,0,0,0,1,0,0,0,0,0,0,1,0,1,1,0
41175537,아반떼,더 뉴 아반떼 (CN7),62,2349,7849,1598,5,2,7,0,1,1,1,1,1,1,1,1,1,1,0,0,0,0,0,0,1,0,0,0,0,1,0,0,0,1,0,1
41177212,싼타페,더 뉴 싼타페,56,2130,139983,2151,5,6,7,0,1,1,1,1,1,1,1,1,1,1,0,0,0,0,0,0,0,0,1,0,0,0,0,1,0,1,1,0
41177439,쏘나타,쏘나타 (DN8),57,2649,42427,1598,5,3,4,1,1,1,1,1,1,1,1,1,1,1,0,0,0,0,0,0,1,0,0,0,0,0,1,0,0,1,0,1
41178942,그랜저,그랜저 (GN7),27,2790,144738,2497,5,4,0,0,1,1,1,1,1,1,1,1,1,1,0,0,0,0,0,0,1,0,0,0,0,0,1,0,0,1,0,1
41179109,팰리세이드,팰리세이드,107,4270,46847,2199,7,5,1,1,1,1,1,1,1,1,1,1,1,1,0,0,0,0,0,0,0,0,1,0,0,1,0,0,0,1,1,0
41179608,싼타페,더 뉴 싼타페,56,2780,60982,1598,5,5,0,0,1,1,1,1,1,1,1,1,1,1,0,0,0,0,0,0,0,1,0,0,0,1,0,0,0,1,1,0
41179987,그랜저,더 뉴 그랜저 IG,27,2300,121940,2497,5,4,2,1,1,1,1,1,1,1,1,1,1,1,0,0,0,0,0,0,1,0,0,0,0,0,1,0,0,1,0,1
41181564,그랜저,더 뉴 그랜저 IG 하이브리드,27,8888,167540,2359,5,5,0,0,1,1,1,1,1,1,1,1,1,1,0,0,0,0,0,0,0,1,0,0,0,1,0,0,0,1,0,1
41181576,팰리세이드,더 뉴 팰리세이드,107,4775,40561,2199,7,3,1,1,1,1,1,1,1,1,1,1,1,1,0,0,0,0,0,0,0,0,1,0,0,0,1,0,0,1,1,0
41181651,그랜저,더 뉴 그랜저 IG,27,8888,47938,2497,5,4,1,0,1,1,1,1,1,1,1,1,1,1,0,0,0,0,0,0,1,0,0,0,0,1,0,0,0,1,0,1
41181851,그랜저,더 뉴 그랜저 IG,27,2250,92372,2497,5,6,4,0,1,1,1,1,1,1,1,1,1,1,0,0,0,0,0,0,1,0,0,0,0,0,0,1,0,1,0,1
41182051,스타리아,스타리아,51,3380,14745,2199,11,4,0,0,1,1,1,1,1,1,1,1,1,1,0,0,0,0,0,0,0,0,1,0,0,0,1,0,0,1,1,0
41182074,팰리세이드,팰리세이드,107,3170,126745,2199,7,6,4,1,1,1,1,1,1,1,1,1,1,1,0,0,0,0,0,0,0,0,1,0,0,1,0,0,0,1,1,0
41182083,아반떼,아반떼 (CN7),62,1970,53707,1598,5,5,3,0,1,1,1,1,1,1,1,1,1,1,0,0,0,0,0,0,1,0,0,0,0,1,0,0,0,1,0,1
41182539,그랜저,더 뉴 그랜저 IG,27,1850,185226,2497,5,6,2,0,1,1,1,1,1,1,1,1,1,1,0,0,0,0,0,0,1,0,0,0,0,0,1,0,0,1,0,1
41182708,싼타페,더 뉴 싼타페,56,3270,17362,1598,5,5,5,0,1,1,1,1,1,1,1,1,1,1,0,0,0,0,0,0,0,1,0,0,0,0,0,1,0,1,1,0
41183443,팰리세이드,팰리세이드,107,3180,91227,2199,7,6,0,0,1,1,1,1,1,1,1,1,1,1,0,0,0,0,0,0,0,0,1,0,0,1,0,0,0,1,1,0
41183526,그랜저,더 뉴 그랜저 IG,27,1999,105468,2497,5,5,0,0,1,1,1,1,1,1,1,0,1,1,0,0,0,0,0,0,1,0,0,0,0,0,1,0,0,1,0,1
41183945,그랜저,더 뉴 그랜저 IG 하이브리드,27,2299,149480,2359,5,5,15,0,1,1,1,1,1,1,1,1,1,1,0,0,0,0,0,0,0,1,0,0,0,0,1,0,0,1,0,1
41184411,싼타페,싼타페 TM,56,2090,120251,2199,5,6,4,0,1,1,1,1,1,0,1,1,1,1,0,0,0,0,0,0,0,0,1,0,0,1,0,0,0,1,1,0
41184853,아반떼,아반떼 (CN7),62,2180,56387,1598,5,4,1,1,1,1,1,1,1,1,1,1,1,1,0,0,0,0,0,0,1,0,0,0,0,0,0,1,0,1,0,1
41186499,스타렉스,더 뉴 그랜드 스타렉스,50,2350,64224,2497,5,6,2,0,0,1,1,0,0,0,1,0,1,1,0,0,0,0,0,1,0,0,0,0,0,0,0,0,1,1,1,0
41186729,팰리세이드,팰리세이드,107,3150,72913,2199,7,5,1,1,0,1,1,1,1,1,1,1,1,1,0,0,0,0,0,0,0,0,1,0,0,1,0,0,0,1,1,0
41186905,싼타페,싼타페 (MX5),56,1826,36000,2497,5,3,2,0,1,1,1,1,1,1,1,1,1,1,0,0,0,0,0,0,1,0,0,0,0,1,0,0,0,1,1,0
41186907,스타리아,스타리아,51,2950,11500,1598,5,2,2,0,0,1,1,1,1,0,1,0,1,1,0,0,0,0,0,0,0,1,0,0,0,0,0,1,0,1,1,0
41187436,팰리세이드,팰리세이드,107,2750,82643,2199,7,6,0,0,1,1,1,1,1,1,1,1,1,1,0,0,0,0,0,0,0,0,1,0,0,0,0,0,1,1,1,0
41187491,투싼,투싼 (NX4),101,2790,41396,1598,5,4,0,0,1,1,1,1,1,1,1,1,1,1,0,0,0,0,0,0,1,0,0,0,0,1,0,0,0,1,1,0
41188025,투싼,투싼 (NX4),101,2890,13397,1598,5,3,1,0,1,1,1,1,1,1,1,1,1,1,0,0,0,0,0,0,1,0,0,0,0,0,0,1,0,1,1,0
41189093,싼타페,싼타페 (MX5),56,4080,9408,1598,5,1,0,1,1,1,1,1,1,1,1,1,1,1,0,0,0,0,0,0,0,1,0,0,0,0,0,1,0,1,1,0
41189709,싼타페,더 뉴 싼타페,56,2280,95404,2151,5,5,4,0,1,1,1,1,1,1,1,1,1,1,0,0,0,0,0,0,0,0,1,0,0,0,0,1,0,1,1,0
41191035,팰리세이드,팰리세이드,107,3859,86906,2199,7,4,0,1,1,1,1,1,1,1,1,1,1,1,0,0,0,0,0,0,0,0,1,0,0,0,1,0,0,1,1,0
41191526,팰리세이드,팰리세이드,107,2900,71294,3778,7,4,1,0,1,1,1,1,1,1,1,1,1,1,0,0,0,0,0,0,1,0,0,0,0,0,1,0,0,1,1,0
41192287,그랜저,그랜저 IG 하이브리드,27,2100,87435,2359,5,8,3,0,1,1,1,1,1,1,1,1,1,1,0,0,0,0,0,0,0,1,0,0,0,1,0,0,0,1,0,1
41192602,싼타페,더 뉴 싼타페,56,2990,44779,1598,5,4,1,0,1,1,1,1,1,1,1,1,1,1,0,0,0,0,0,0,0,1,0,0,0,1,0,0,0,1,1,0
41192710,싼타페,싼타페 (MX5),56,3740,29506,1598,5,3,0,0,1,1,1,1,1,1,1,1,1,1,0,0,0,0,0,0,0,1,0,0,0,1,0,0,0,1,1,0
41192717,싼타페,싼타페 (MX5),56,3370,17362,2497,5,3,0,0,1,1,1,1,1,1,1,1,1,1,0,0,0,0,0,0,1,0,0,0,0,0,0,1,0,1,1,0
41193126,싼타페,더 뉴 싼타페,56,2590,103064,1598,5,4,0,1,1,1,1,1,1,1,1,1,1,1,0,0,0,0,0,0,0,1,0,0,0,1,0,0,0,1,1,0
41193551,아이오닉5,아이오닉5,66,2850,82295,111,5,5,0,0,1,1,1,1,1,1,1,1,1,1,0,0,0,0,0,0,0,0,0,1,0,0,0,0,1,1,0,1
41195270,팰리세이드,팰리세이드,107,2960,63889,3778,7,4,2,1,1,1,1,1,1,1,1,1,1,1,0,0,0,0,0,0,1,0,0,0,0,0,0,0,1,1,1,0
41195572,싼타페,싼타페 (MX5),56,3850,18044,1598,5,3,8,0,1,1,1,1,1,1,1,1,1,1,0,0,0,0,0,0,0,1,0,0,0,1,0,0,0,1,1,0
41196802,싼타페,싼타페 (MX5),56,3339,50746,2497,7,3,0,1,1,1,1,1,1,1,1,1,1,1,0,0,0,0,0,0,1,0,0,0,0,1,0,0,0,1,1,0
41197527,싼타페,싼타페 (MX5),56,3950,27114,2497,5,3,2,0,1,1,1,1,1,1,1,1,1,1,0,0,0,0,0,0,1,0,0,0,0,0,1,0,0,1,1,0
41197853,넥쏘,넥쏘,28,2100,28851,0,5,5,0,1,1,1,1,1,1,1,1,1,1,1,0,0,0,0,0,0,0,0,0,0,1,0,0,0,1,1,1,0
41198003,팰리세이드,팰리세이드,107,3850,33269,2199,7,4,0,0,1,1,1,1,1,1,1,1,1,1,0,0,0,0,0,0,0,0,1,0,0,0,1,0,0,1,1,0
41198974,싼타페,싼타페 (MX5),56,3339,53307,2497,7,3,1,1,1,1,1,1,1,1,1,1,1,1,0,0,0,0,0,0,1,0,0,0,0,1,0,0,0,1,1,0
41199023,스타리아,스타리아,51,3689,28603,1598,9,2,2,1,1,1,1,1,1,1,1,1,1,1,0,0,0,0,0,0,0,1,0,0,0,1,0,0,0,1,1,0
41199418,팰리세이드,팰리세이드,107,2750,80827,3778,7,6,0,1,1,1,1,1,1,1,1,1,1,1,0,0,0,0,0,0,1,0,0,0,0,0,0,0,1,1,1,0
41199850,아반떼,아반떼 (CN7),62,1950,38841,1598,5,3,3,0,0,1,1,1,1,1,1,1,1,1,0,0,0,0,0,0,1,0,0,0,0,0,0,1,0,1,0,1
41200004,싼타페,더 뉴 싼타페,56,3390,38759,1598,5,5,0,0,1,1,1,1,1,1,1,1,1,1,0,0,0,0,0,0,0,1,0,0,0,1,0,0,0,1,1,0
41200623,쏘나타,쏘나타 디 엣지(DN8),57,3295,4104,1598,5,1,0,0,1,1,1,1,1,1,1,1,1,1,0,0,0,0,0,0,1,0,0,0,0,0,0,1,0,1,0,1
41200650,그랜저,더 뉴 그랜저 IG,27,2375,70225,2497,5,4,0,0,1,1,1,1,1,1,1,0,1,1,0,0,0,0,0,0,1,0,0,0,0,1,0,0,0,1,0,1
41200835,스타렉스,더 뉴 그랜드 스타렉스,50,1920,110184,2497,9,8,4,0,0,1,1,1,0,1,1,1,1,1,0,0,0,0,0,0,0,0,1,0,0,0,0,1,0,1,1,0
41201416,싼타페,싼타페 (MX5),56,3770,14492,1598,7,1,0,0,1,1,1,1,1,1,1,1,1,1,0,0,0,0,0,0,0,1,0,0,0,0,0,1,0,1,1,0
41202850,팰리세이드,팰리세이드 (LX3),107,6090,3974,2497,9,1,0,0,1,1,1,1,1,1,1,1,1,1,0,0,0,0,0,0,1,0,0,0,0,0,1,0,0,1,1,0
41203107,그랜저,그랜저 하이브리드 (GN7),27,4590,897,1598,5,1,0,0,1,1,1,1,1,1,1,1,1,1,0,0,0,0,0,0,0,1,0,0,0,1,0,0,0,1,0,1
41206964,싼타페,싼타페 (MX5),56,4169,20226,1598,5,2,0,0,1,1,1,1,1,1,1,1,1,1,0,0,0,0,0,0,0,1,0,0,0,0,0,1,0,1,1,0
41207010,스타리아,스타리아,51,3769,26599,1598,9,2,1,1,1,1,1,1,1,1,1,1,1,1,0,0,0,0,0,0,0,1,0,0,0,1,0,0,0,1,1,0
41207203,그랜저,그랜저 하이브리드 (GN7),27,4290,9176,1598,5,1,8,1,1,1,1,1,1,1,1,1,1,1,0,0,0,0,0,0,0,1,0,0,0,1,0,0,0,1,0,1
41207477,투싼,투싼 (NX4),101,2650,16751,1998,5,3,2,0,0,1,1,1,1,1,1,1,1,1,0,0,0,0,0,0,0,0,1,0,0,0,0,1,0,1,1,0
41208610,싼타페,싼타페 (MX5),56,3339,49535,2497,7,3,1,1,1,1,1,1,1,1,1,1,1,1,0,0,0,0,0,0,1,0,0,0,0,1,0,0,0,1,1,0
41208795,스타리아,스타리아,51,3000,33204,2199,9,3,5,0,1,1,1,1,1,1,1,0,1,1,0,0,0,0,0,0,0,0,1,0,0,0,0,1,0,1,1,0
41210050,팰리세이드,팰리세이드,107,3370,44535,2199,7,5,0,0,1,1,1,1,1,1,1,1,1,1,0,0,0,0,0,0,0,0,1,0,0,0,0,0,1,1,1,0
41210327,팰리세이드,팰리세이드,107,2650,109627,2199,7,7,2,0,1,1,1,1,1,1,1,1,1,1,0,0,0,0,0,0,0,0,1,0,0,1,0,0,0,1,1,0
41210589,싼타페,싼타페 TM,56,2199,132870,2199,7,8,6,1,1,1,1,1,1,1,1,1,1,1,0,0,0,0,0,0,0,0,1,0,0,1,0,0,0,1,1,0
41210617,맥스크루즈,더 뉴 맥스크루즈,41,1730,110711,3342,6,8,4,0,1,1,1,1,1,1,1,1,1,1,0,0,0,0,0,0,1,0,0,0,0,0,0,0,1,1,1,0
41210787,코나,코나 (SX2),91,2430,42779,1598,5,2,0,0,1,1,1,1,1,1,1,1,1,1,0,0,0,0,0,0,1,0,0,0,0,1,0,0,0,1,1,0
41213812,싼타페,싼타페 (MX5),56,3289,49426,2497,7,3,1,1,1,1,1,1,1,1,1,1,1,1,0,0,0,0,0,0,1,0,0,0,0,1,0,0,0,1,1,0
41215402,팰리세이드,팰리세이드,107,3640,87073,2199,7,5,0,0,1,1,1,1,1,1,1,1,1,1,0,0,0,0,0,0,0,0,1,0,0,0,1,0,0,1,1,0
41215437,쏘나타,쏘나타 하이브리드 (DN8),57,2290,101796,1999,5,4,4,0,1,1,1,1,1,1,1,1,1,1,0,0,0,0,0,0,0,1,0,0,0,1,0,0,0,1,0,1
41215714,코나,코나 (SX2),91,2339,30207,1598,5,2,0,0,1,1,1,1,1,1,1,1,1,1,0,0,0,0,0,0,1,0,0,0,0,0,0,0,1,1,1,0
41216358,팰리세이드,더 뉴 팰리세이드,107,4820,23377,2199,7,4,0,1,1,1,1,1,1,1,1,1,1,1,0,0,0,0,0,0,0,0,1,0,0,0,0,0,1,1,1,0
41216532,싼타페,싼타페 (MX5),56,4320,18832,1598,6,3,0,1,1,1,1,1,1,1,1,1,1,1,0,0,0,0,0,0,0,1,0,0,0,0,0,1,0,1,1,0
41216666,쏘나타,쏘나타 디 엣지(DN8),57,2950,34470,1598,5,2,0,0,1,1,1,1,1,1,1,1,1,1,0,0,0,0,0,0,1,0,0,0,0,0,0,1,0,1,0,1
41217050,투싼,투싼 (NX4),101,3370,11229,1598,5,3,0,0,1,1,1,1,1,1,1,1,0,1,0,0,0,0,0,0,1,0,0,0,0,1,0,0,0,1,1,0
41217160,그랜저,더 뉴 그랜저 IG,27,1899,114160,2999,5,6,3,0,1,1,1,1,1,1,1,0,1,1,0,0,0,0,0,1,0,0,0,0,0,0,1,0,0,1,0,1
41218388,그랜저,그랜저 (GN7),27,3450,39242,2497,5,3,0,0,1,1,1,1,1,1,1,1,1,1,0,0,0,0,0,0,1,0,0,0,0,0,0,1,0,1,0,1
41218404,싼타페,더 뉴 싼타페,56,2170,128197,2497,5,5,2,0,1,1,1,1,1,1,1,1,1,1,0,0,0,0,0,0,1,0,0,0,0,1,0,0,0,1,1,0
41218656,쏘나타,쏘나타 (DN8),57,1940,52946,1999,5,7,4,0,1,1,1,1,1,1,1,1,1,1,0,0,0,0,0,0,1,0,0,0,0,0,0,1,0,1,0,1
41219027,팰리세이드,팰리세이드,107,3170,70983,2199,7,7,4,0,1,1,1,1,1,1,1,1,1,1,0,0,0,0,0,0,0,0,1,0,0,1,0,0,0,1,1,0
41219523,팰리세이드,더 뉴 팰리세이드,107,3570,28081,3778,7,2,1,0,1,1,1,1,1,1,1,1,1,1,0,0,0,0,0,0,1,0,0,0,0,0,0,1,0,1,1,0
41221608,싼타페,싼타페 (MX5),56,4050,21892,1598,6,2,1,0,1,1,1,1,1,1,1,1,1,1,0,0,0,0,0,0,0,1,0,0,0,0,0,1,0,1,1,0
41222025,투싼,투싼 하이브리드 (NX4),101,2950,71230,1598,5,3,0,0,1,1,1,1,1,1,1,1,1,1,0,0,0,0,0,0,0,1,0,0,0,0,0,1,0,1,1,0
41222516,그랜저,그랜저 하이브리드 (GN7),27,2699,133311,1598,5,3,0,0,1,1,1,1,1,1,1,0,1,1,0,0,0,0,0,0,0,1,0,0,0,1,0,0,0,1,0,1
41222941,아반떼,아반떼 하이브리드 (CN7),62,2290,52736,1580,5,3,2,0,1,1,1,1,1,1,1,1,1,1,0,0,0,0,0,0,0,1,0,0,0,0,0,1,0,1,0,1
41223033,팰리세이드,팰리세이드 (LX3),107,5570,8721,2497,9,1,0,0,1,1,1,1,1,1,1,1,1,1,0,0,0,0,0,0,1,0,0,0,0,1,0,0,0,1,1,0
41223334,싼타페,싼타페 (MX5),56,3940,24696,1598,5,3,0,0,1,1,1,1,1,1,1,1,1,1,0,0,0,0,0,0,0,1,0,0,0,0,1,0,0,1,1,0
41223480,투싼,올 뉴 투싼,101,2050,88350,1995,5,7,5,1,1,1,1,1,1,1,1,1,1,1,0,0,0,0,0,0,0,0,1,0,0,1,0,0,0,1,1,0
41223493,싼타페,싼타페 TM,56,2130,125112,2199,7,8,3,1,1,1,1,1,1,1,1,1,1,1,0,0,0,0,0,0,0,0,1,0,0,0,0,1,0,1,1,0
41224045,싼타페,싼타페 (MX5),56,2890,17286,2497,5,2,8,0,1,1,1,1,1,1,1,1,1,1,0,0,0,0,0,0,1,0,0,0,0,1,0,0,0,1,1,0
41224187,아반떼,더 뉴 아반떼 (CN7),62,2110,26915,1598,5,3,2,0,1,1,1,1,1,1,1,1,1,1,0,0,0,0,0,0,1,0,0,0,0,1,0,0,0,1,0,1
41225626,쏘나타,쏘나타 디 엣지(DN8),57,2880,20972,1598,5,2,0,0,1,1,1,1,1,1,1,1,1,1,0,0,0,0,0,0,1,0,0,0,0,1,0,0,0,1,0,1
41226467,스타리아,스타리아,51,3180,35713,2199,9,2,2,0,1,1,1,0,1,1,1,0,1,1,0,0,0,0,0,0,0,0,1,0,0,1,0,0,0,1,1,0
41226594,쏘나타,쏘나타 (DN8),57,2250,89005,1999,5,5,6,0,1,1,1,1,1,1,1,1,1,1,0,0,0,0,0,0,1,0,0,0,0,0,1,0,0,1,0,1
41227179,그랜저,더 뉴 그랜저 IG 하이브리드,27,2650,89251,2359,5,5,3,0,1,1,1,1,1,1,1,1,1,1,0,0,0,0,0,0,0,1,0,0,0,1,0,0,0,1,0,1
41227203,아이오닉5,아이오닉5,66,2590,105313,111,5,5,2,0,1,1,1,1,1,1,1,1,1,1,0,0,0,0,0,0,0,0,0,1,0,1,0,0,0,1,0,1
41228298,싼타페,싼타페 (MX5),56,3359,45625,2497,7,3,0,1,1,1,1,1,1,1,1,1,1,1,0,0,0,0,0,0,1,0,0,0,0,1,0,0,0,1,1,0
41229179,쏘나타,쏘나타 (DN8),57,2050,72243,1999,5,6,1,1,1,1,1,1,1,1,1,1,1,1,0,0,0,0,0,0,1,0,0,0,0,1,0,0,0,1,0,1
41229343,팰리세이드,팰리세이드,107,2199,179913,2199,7,6,8,0,1,1,1,1,1,1,1,1,1,1,0,0,0,0,0,0,0,0,1,0,0,1,0,0,0,1,1,0
41229557,투싼,투싼 하이브리드 (NX4),101,2880,43239,1598,5,3,4,0,1,1,1,1,1,1,1,1,1,1,0,0,0,0,0,0,0,1,0,0,0,1,0,0,0,1,1,0
41231759,팰리세이드,더 뉴 팰리세이드,107,4100,60935,2199,7,3,0,0,1,1,1,1,1,1,1,1,1,1,0,0,0,0,0,0,0,0,1,0,0,0,0,0,1,1,1,0
41231954,그랜저,더 뉴 그랜저 IG 하이브리드,27,2199,136172,2359,5,4,6,0,0,1,1,1,1,1,1,1,1,1,0,0,0,0,0,0,0,1,0,0,0,1,0,0,0,1,0,1
41232355,스타렉스,더 뉴 그랜드 스타렉스,50,2500,52962,2359,12,7,2,0,0,1,1,0,0,1,1,0,1,1,0,0,0,0,0,1,0,0,0,0,0,0,0,1,0,1,1,0
41232365,아반떼,더 뉴 아반떼 (CN7),62,9999,14950,1598,5,3,3,0,1,1,1,1,1,1,1,1,1,1,0,0,0,0,0,0,1,0,0,0,0,1,0,0,0,1,0,1
41232407,쏘나타,쏘나타 (DN8),57,1970,36578,1999,5,4,10,0,1,1,1,1,1,1,1,1,1,1,0,0,0,0,0,0,1,0,0,0,0,1,0,0,0,1,0,1
41232409,팰리세이드,팰리세이드,107,2890,95289,2199,7,5,6,0,0,1,1,1,1,1,1,1,1,1,0,0,0,0,0,0,0,0,1,0,0,0,0,1,0,1,1,0
41232568,팰리세이드,팰리세이드,107,2580,69772,3778,7,4,1,0,0,1,1,1,1,1,1,1,1,1,0,0,0,0,0,0,1,0,0,0,0,1,0,0,0,1,1,0
41232574,스타리아,스타리아,51,3759,29571,1598,9,2,0,1,1,1,1,1,1,1,1,1,1,1,0,0,0,0,0,0,0,1,0,0,0,0,1,0,0,1,1,0
41234990,투싼,더 뉴 투싼 (NX4),101,2650,1958,1598,5,1,2,0,1,1,1,1,1,1,0,0,1,1,0,0,0,0,0,0,1,0,0,0,0,1,0,0,0,1,1,0
41235424,스타리아,스타리아,51,3739,32598,1598,9,2,0,1,1,1,1,1,1,1,1,1,1,1,0,0,0,0,0,0,0,1,0,0,0,0,0,0,1,1,1,0
41236561,코나,코나 (SX2),91,2800,25302,1598,5,2,0,0,1,1,1,1,1,1,1,1,1,1,0,0,0,0,0,0,1,0,0,0,0,0,0,0,1,1,1,0
41236859,캐스퍼,캐스퍼,88,1780,16403,998,4,4,0,1,0,1,1,1,1,1,1,1,1,1,0,0,0,0,0,0,1,0,0,0,0,1,0,0,0,1,0,1
41237778,싼타페,더 뉴 싼타페,56,2840,109931,2151,5,6,3,0,1,1,1,1,1,1,1,1,1,1,0,0,0,0,0,0,0,0,1,0,0,0,0,1,0,1,1,0
41238859,그랜저,더 뉴 그랜저 IG,27,2350,96298,2497,5,5,3,0,1,1,1,1,1,1,1,1,1,1,0,0,0,0,0,0,1,0,0,0,0,0,0,1,0,1,0,1
41240542,팰리세이드,팰리세이드,107,2330,83589,2199,8,7,1,0,0,1,1,1,1,1,1,1,1,1,0,0,0,0,0,0,0,0,1,0,0,0,0,0,1,1,1,0
41240921,투싼,투싼 (NX4),101,2950,79511,1598,5,3,0,0,1,1,1,1,1,1,1,1,1,1,0,0,0,0,0,0,1,0,0,0,0,1,0,0,0,1,1,0
41240927,투싼,투싼 (NX4),101,2290,111458,1598,5,6,6,0,1,1,1,1,1,1,1,1,1,1,0,0,0,0,0,0,1,0,0,0,0,0,1,0,0,1,1,0
41241475,캐스퍼,캐스퍼,88,1700,19086,998,4,5,1,0,0,1,1,1,1,1,1,1,1,1,0,0,0,0,0,0,1,0,0,0,0,0,0,0,1,1,0,1
41241822,쏘나타,쏘나타 (DN8),57,2090,10064,1598,5,5,5,0,1,1,1,0,1,0,1,0,1,1,0,0,0,0,0,0,1,0,0,0,0,0,0,1,0,1,0,1
41242606,그랜저,그랜저 (GN7),27,3380,13985,2497,5,3,0,0,1,1,1,1,1,1,1,1,1,1,0,0,0,0,0,0,1,0,0,0,0,1,0,0,0,1,0,1
41242671,아이오닉5,아이오닉5,66,3550,47937,111,5,4,0,1,1,1,1,1,1,1,1,1,1,1,0,0,0,0,0,0,0,0,0,1,0,0,1,0,0,1,0,1
41243585,싼타페,싼타페 TM,56,2490,85384,1998,5,7,1,0,1,1,1,1,1,1,1,1,1,1,0,0,0,0,0,0,1,0,0,0,0,1,0,0,0,1,1,0
41243621,그랜저,그랜저 IG 하이브리드,27,2290,65014,2359,5,7,2,0,1,1,1,1,1,1,1,1,1,1,0,0,0,0,0,0,0,1,0,0,0,0,0,1,0,1,0,1
41244768,아반떼,아반떼 (CN7),62,2399,45495,1998,5,4,2,0,1,1,1,1,1,1,1,1,1,1,0,0,0,0,0,0,1,0,0,0,0,0,0,1,0,1,0,1
41244908,싼타페,싼타페 DM,56,9999,142431,2199,7,12,3,1,1,1,1,1,1,1,1,1,1,1,0,0,0,0,0,0,0,0,1,0,0,0,0,0,1,1,1,0
41245189,쏘나타,쏘나타 디 엣지(DN8),57,2290,33572,1999,5,2,0,0,1,1,1,1,1,1,1,0,1,1,0,0,0,0,0,1,0,0,0,0,0,0,0,1,0,1,0,1
41245306,팰리세이드,팰리세이드 (LX3),107,7500,2699,2497,7,1,0,1,1,1,1,1,1,1,1,1,1,1,0,0,0,0,0,0,0,1,0,0,0,0,1,0,0,1,1,0
41245362,스타리아,스타리아,51,2550,79900,2199,11,5,2,0,0,1,1,1,1,1,1,0,1,1,0,0,0,0,0,0,0,0,1,0,0,1,0,0,0,1,1,0
41245981,캐스퍼,캐스퍼,88,2130,8325,998,4,2,1,1,0,1,1,1,1,1,1,1,1,1,0,0,0,0,0,0,1,0,0,0,0,0,0,0,1,1,0,1
41246282,그랜저,더 뉴 그랜저 IG,27,2100,52758,2497,5,6,13,0,1,1,1,1,1,1,1,1,1,1,0,0,0,0,0,0,1,0,0,0,0,0,1,0,0,1,0,1
41246829,팰리세이드,팰리세이드,107,2590,81162,2199,8,6,8,1,0,1,1,1,1,1,1,1,1,1,0,0,0,0,0,0,0,0,1,0,0,1,0,0,0,1,1,0
41247261,팰리세이드,팰리세이드,107,3070,67891,3778,7,5,3,1,1,1,1,1,1,1,1,1,1,1,0,0,0,0,0,0,1,0,0,0,0,0,0,1,0,1,1,0
41247513,투싼,투싼 (NX4),101,2720,55008,1998,5,4,0,0,1,1,1,1,1,1,1,1,1,1,0,0,0,0,0,0,0,0,1,0,0,0,1,0,0,1,1,0
41250088,팰리세이드,팰리세이드,107,2550,110693,2199,8,6,0,0,1,1,1,1,1,1,1,1,1,1,0,0,0,0,0,0,0,0,1,0,0,1,0,0,0,1,1,0
41250232,캐스퍼,캐스퍼 일렉트릭,88,9999,10193,158,4,1,0,0,1,1,1,1,1,1,1,1,1,1,0,0,0,0,0,0,0,0,0,1,0,1,0,0,0,1,0,1
41250259,스타리아,스타리아,51,3640,71639,2199,9,5,1,0,1,1,1,1,1,1,1,1,1,1,0,0,0,0,0,0,0,0,1,0,0,0,1,0,0,1,1,0
41250714,쏘나타,쏘나타 디 엣지(DN8),57,2650,53943,1598,5,3,2,0,1,1,1,1,1,1,1,1,1,1,0,0,0,0,0,0,1,0,0,0,0,0,0,0,1,1,0,1
41251142,싼타페,더 뉴 싼타페,56,2480,72236,2497,5,6,0,0,1,1,1,1,1,1,1,1,1,1,0,0,0,0,0,0,1,0,0,0,0,1,0,0,0,1,1,0
41251418,그랜저,더 뉴 그랜저 IG 하이브리드,27,3450,26158,2359,5,4,3,0,1,1,1,1,1,1,1,1,1,1,0,0,0,0,0,0,0,1,0,0,0,1,0,0,0,1,0,1
41251569,벨로스터,벨로스터 (JS),47,1790,64838,1998,4,6,7,0,1,1,1,1,1,1,1,0,1,1,0,0,0,0,0,0,1,0,0,0,0,0,0,0,1,1,0,1
41251579,싼타페,싼타페 (MX5),56,4100,27061,1598,6,3,0,0,1,1,1,1,1,1,1,1,1,1,0,0,0,0,0,0,0,1,0,0,0,1,0,0,0,1,1,0
41251596,팰리세이드,팰리세이드,107,2790,110422,2199,8,5,0,0,1,1,1,1,1,1,1,1,1,1,0,0,0,0,0,0,0,0,1,0,0,0,0,0,1,1,1,0
41252242,팰리세이드,팰리세이드,107,3190,57136,2199,7,6,1,0,1,1,1,1,1,1,1,1,1,1,0,0,0,0,0,0,0,0,1,0,0,1,0,0,0,1,1,0
41252249,싼타페,싼타페 (MX5),56,4245,18327,1598,6,3,0,0,1,1,1,1,1,1,1,1,1,1,0,0,0,0,0,0,0,1,0,0,0,1,0,0,0,1,1,0
41252338,스타리아,스타리아,51,3689,32944,1598,9,2,3,1,1,1,1,1,1,1,1,1,1,1,0,0,0,0,0,0,0,1,0,0,0,0,0,0,1,1,1,0
41252353,스타리아,스타리아,51,3739,30606,1598,9,2,0,1,1,1,1,1,1,1,1,1,1,1,0,0,0,0,0,0,0,1,0,0,0,1,0,0,0,1,1,0
41253078,코나,코나 (SX2),91,3470,1588,1598,5,1,0,1,1,1,1,1,1,1,1,1,1,1,0,0,0,0,0,0,1,0,0,0,0,1,0,0,0,1,1,0
41253575,투싼,투싼 (NX4),101,2550,71227,1598,5,6,5,0,1,1,1,1,1,1,1,1,1,1,0,0,0,0,0,0,1,0,0,0,0,0,0,1,0,1,1,0
41253873,싼타페,싼타페 TM,56,1960,102227,1995,5,6,3,0,1,1,1,1,1,1,1,1,1,1,0,0,0,0,0,0,0,0,1,0,0,0,0,1,0,1,1,0
41254904,팰리세이드,팰리세이드,107,3180,77512,2199,7,7,1,1,1,1,1,1,1,1,1,1,1,1,0,0,0,0,0,0,0,0,1,0,0,0,0,0,1,1,1,0
41255125,스타리아,스타리아,51,3250,77157,2199,9,4,0,0,1,1,1,1,1,1,1,1,1,1,0,0,0,0,0,0,0,0,1,0,0,1,0,0,0,1,1,0
41255881,스타리아,스타리아,51,3739,32690,1598,9,2,2,1,1,1,1,1,1,1,1,1,1,1,0,0,0,0,0,0,0,1,0,0,0,0,0,0,1,1,1,0
41256207,그랜저,더 뉴 그랜저 IG,27,1800,121784,2497,5,5,0,0,1,1,1,1,1,1,1,1,1,1,0,0,0,0,0,0,1,0,0,0,0,1,0,0,0,1,0,1
41256364,스타리아,스타리아,51,2890,48806,2199,11,5,6,1,1,1,1,1,1,1,1,1,1,1,0,0,0,0,0,0,0,0,1,0,0,0,0,0,1,1,1,0
41256486,싼타페,싼타페 TM,56,2150,89761,1995,5,8,3,0,1,1,1,1,1,1,1,1,1,1,0,0,0,0,0,0,0,0,1,0,0,0,0,1,0,1,1,0
41256917,투싼,올 뉴 투싼,101,2390,82057,1591,5,8,1,1,1,1,1,1,1,1,1,1,1,1,0,0,0,0,0,0,1,0,0,0,0,1,0,0,0,1,1,0
41257089,싼타페,싼타페 (MX5),56,3890,15827,1598,5,2,0,0,1,1,1,1,1,1,1,1,1,1,0,0,0,0,0,0,0,1,0,0,0,0,0,1,0,1,1,0
41257091,팰리세이드,팰리세이드,107,3130,83543,2199,7,6,8,1,1,1,1,1,1,1,1,1,1,1,0,0,0,0,0,0,0,0,1,0,0,0,0,0,1,1,1,0
41257710,싼타페,싼타페 (MX5),56,4099,10118,2497,6,3,0,1,1,1,1,1,1,1,1,1,1,1,0,0,0,0,0,0,1,0,0,0,0,1,0,0,0,1,1,0
41257859,팰리세이드,팰리세이드,107,2680,91033,2199,7,7,0,1,1,1,1,1,1,1,1,1,1,1,0,0,0,0,0,0,0,0,1,0,0,0,0,1,0,1,1,0
41257941,투싼,투싼 하이브리드 (NX4),101,3120,30086,1598,5,4,1,0,1,1,1,1,1,1,1,1,1,1,0,0,0,0,0,0,0,1,0,0,0,0,0,1,0,1,1,0
41258017,투싼,투싼 (NX4),101,2300,51488,1598,5,6,3,0,0,1,1,1,1,1,1,1,1,1,0,0,0,0,0,0,1,0,0,0,0,1,0,0,0,1,1,0
41258718,그랜저,그랜저 (GN7),27,2900,67976,2497,5,3,1,0,1,1,1,1,1,1,1,0,1,1,0,0,0,0,0,0,1,0,0,0,0,0,1,0,0,1,0,1
41258940,그랜저,그랜저 (GN7),27,3430,4922,2497,5,1,0,0,1,1,1,1,1,1,1,0,1,1,0,0,0,0,0,0,1,0,0,0,0,0,0,1,0,1,0,1
41259046,팰리세이드,팰리세이드,107,3100,50158,3778,7,4,0,0,1,1,1,1,1,1,1,1,1,1,0,0,0,0,0,0,1,0,0,0,0,0,0,1,0,1,1,0
41259921,그랜저,그랜저 IG,27,1720,71810,2999,5,9,4,0,0,1,1,1,1,1,1,1,1,1,0,0,0,0,0,0,1,0,0,0,0,0,1,0,0,1,0,1
41259929,팰리세이드,팰리세이드 (LX3),107,6350,10438,2497,7,1,0,1,1,1,1,1,1,1,1,1,1,1,0,0,0,0,0,0,0,1,0,0,0,0,1,0,0,1,1,0
41260015,코나,코나,91,1820,55167,1591,5,8,0,0,1,1,1,1,1,1,1,1,1,1,0,0,0,0,0,0,1,0,0,0,0,1,0,0,0,1,1,0
41260660,코나,코나 일렉트릭 (SX2),91,2280,275261,111,5,3,1,1,1,1,1,1,1,1,1,1,1,1,0,0,0,0,0,0,0,0,0,1,0,0,1,0,0,1,1,0
41261054,스타리아,스타리아,51,3509,21479,1598,9,2,26,1,1,1,1,1,1,1,1,1,1,1,0,0,0,0,0,0,0,1,0,0,0,0,1,0,0,1,1,0
41261789,팰리세이드,팰리세이드,107,4170,59547,2199,7,5,0,0,1,1,1,1,1,1,1,1,1,1,0,0,0,0,0,0,0,0,1,0,0,1,0,0,0,1,1,0
41262480,캐스퍼,캐스퍼,88,1730,34499,998,4,4,3,0,0,1,1,1,1,1,1,1,1,1,0,0,0,0,0,0,1,0,0,0,0,0,0,0,1,1,0,1
41262770,싼타페,싼타페 (MX5),56,3320,57327,2497,7,3,1,1,1,1,1,1,1,1,1,1,1,1,0,0,0,0,0,0,1,0,0,0,0,1,0,0,0,1,1,0
41263910,아반떼,더 뉴 아반떼 (CN7),62,2290,19543,1598,5,3,2,0,1,1,1,1,1,1,1,1,1,1,0,0,0,0,0,0,1,0,0,0,0,0,0,1,0,1,0,1
41264785,싼타페,싼타페 (MX5),56,3830,26404,1598,6,3,0,0,1,1,1,1,1,1,1,1,1,1,0,0,0,0,0,0,0,1,0,0,0,1,0,0,0,1,1,0
41265243,싼타페,더 뉴 싼타페,56,2920,23131,2497,5,3,3,0,1,1,1,1,1,1,1,1,1,1,0,0,0,0,0,0,1,0,0,0,0,1,0,0,0,1,1,0
41265922,코나,코나,91,9999,47429,1591,5,8,1,0,0,1,1,0,1,1,1,0,1,1,0,0,0,0,0,0,1,0,0,0,0,1,0,0,0,1,1,0
41266294,아반떼,아반떼 (CN7),62,2079,62925,1998,5,5,1,0,1,1,1,1,1,1,1,1,1,1,0,0,0,0,0,0,1,0,0,0,0,0,0,1,0,0,0,1
41266948,투싼,더 뉴 투싼 (NX4),101,2840,42539,1598,5,2,5,0,1,1,1,1,1,1,1,1,1,1,0,0,0,0,0,0,1,0,0,0,0,0,0,1,0,1,1,0
41267027,투싼,올 뉴 투싼,101,1950,78048,1995,5,8,7,1,1,1,1,1,1,1,1,1,1,1,0,0,0,0,0,0,0,0,1,0,0,0,0,1,0,1,1,0
41267659,팰리세이드,팰리세이드,107,3270,41760,2199,7,4,0,0,0,1,1,1,1,1,1,1,1,1,0,0,0,0,0,0,0,0,1,0,0,1,0,0,0,1,1,0
41268671,그랜저,더 뉴 그랜저 IG,27,2280,88188,2497,5,6,3,0,1,1,1,1,1,1,1,0,1,1,0,0,0,0,0,0,1,0,0,0,0,1,0,0,0,1,0,1
41268685,팰리세이드,팰리세이드 (LX3),107,6290,7763,2497,7,1,1,1,1,1,1,1,1,1,1,1,1,1,0,0,0,0,0,0,1,0,0,0,0,1,0,0,0,1,1,0
41268727,싼타페,싼타페 (MX5),56,3190,13493,2497,5,2,1,0,1,1,1,1,1,1,1,1,1,1,0,0,0,0,0,0,1,0,0,0,0,1,0,0,0,1,1,0
41268795,팰리세이드,팰리세이드,107,2450,138375,2199,7,7,1,0,1,1,1,1,1,1,1,1,1,1,0,0,0,0,0,0,0,0,1,0,0,0,0,0,1,1,1,0
41269129,쏘나타,쏘나타 하이브리드 (DN8),57,1840,105974,1999,5,4,2,0,1,1,1,1,1,1,1,1,1,1,0,0,0,0,0,0,0,1,0,0,0,1,0,0,0,1,0,1
41269254,투싼,더 뉴 투싼 하이브리드 (NX4),101,3990,806,1598,5,1,0,0,1,1,1,1,1,1,1,1,1,1,0,0,0,0,0,0,0,1,0,0,0,1,0,0,0,1,1,0
41269283,팰리세이드,팰리세이드,107,3290,92284,2199,7,5,0,0,0,1,1,1,1,1,1,1,1,1,0,0,0,0,0,0,0,0,1,0,0,1,0,0,0,1,1,0
41269311,팰리세이드,팰리세이드,107,3290,92199,2199,7,5,0,0,1,1,1,1,1,1,1,1,1,1,0,0,0,0,0,0,0,0,1,0,0,0,1,0,0,1,1,0
41269371,투싼,투싼 (NX4),101,2990,60275,1598,5,4,0,0,0,1,1,1,1,1,1,1,1,1,0,0,0,0,0,0,1,0,0,0,0,0,0,1,0,1,1,0
41269593,스타리아,스타리아,51,4190,33436,2199,7,4,0,0,1,1,1,1,1,1,1,1,1,1,0,0,0,0,0,0,0,0,1,0,0,0,0,1,0,1,1,0
41270739,쏘나타,쏘나타 디 엣지(DN8),57,9999,29762,1999,5,2,1,0,1,1,1,1,1,1,1,1,1,1,0,0,0,0,0,0,1,0,0,0,0,1,0,0,0,1,0,1
41270837,싼타페,더 뉴 싼타페,56,2650,87655,2151,5,4,0,0,1,1,1,1,1,1,1,1,1,1,0,0,0,0,0,0,0,0,1,0,0,1,0,0,0,1,1,0
41270937,스타리아,스타리아,51,3800,11303,2199,5,2,2,0,0,1,1,1,1,0,1,0,1,1,0,0,0,0,0,0,0,1,0,0,0,0,1,0,0,1,1,0
41271154,스타렉스,더 뉴 그랜드 스타렉스,50,1790,141350,2497,11,8,7,1,0,1,1,1,0,1,1,1,1,1,0,0,0,0,0,0,0,0,1,0,0,1,0,0,0,1,1,0
41271442,팰리세이드,더 뉴 팰리세이드,107,3690,77551,3778,7,4,6,1,1,1,1,1,1,1,1,1,1,1,0,0,0,0,0,0,1,0,0,0,0,1,0,0,0,1,1,0
41271855,쏘나타,쏘나타 (DN8),57,2250,35057,1598,5,5,0,0,1,1,1,1,1,1,1,1,1,1,0,0,0,0,0,0,1,0,0,0,0,1,0,0,0,1,0,1
41272435,스타리아,스타리아,51,3800,48585,2199,9,5,0,1,1,1,1,1,1,1,1,1,1,1,0,0,0,0,0,0,0,0,1,0,0,0,0,1,0,1,1,0
41273065,스타리아,스타리아,51,3370,38808,2199,9,4,0,0,0,1,1,1,1,1,1,0,1,1,0,0,0,0,0,0,0,0,1,0,0,1,0,0,0,1,1,0
41275384,팰리세이드,팰리세이드,107,3000,86930,2199,7,6,2,1,1,1,1,1,1,1,1,1,1,1,0,0,0,0,0,0,0,0,1,0,0,1,0,0,0,1,1,0
41275493,팰리세이드,더 뉴 팰리세이드,107,9999,85568,3778,7,4,1,1,1,1,1,1,1,1,1,1,1,1,0,0,0,0,0,0,1,0,0,0,0,0,0,0,1,1,1,0
41275599,싼타페,싼타페 TM,56,1850,129488,1995,5,8,6,0,1,1,1,1,1,1,1,1,1,1,0,0,0,0,0,0,0,0,1,0,0,0,0,1,0,1,1,0
41275734,스타리아,스타리아,51,4990,39330,2199,9,4,0,0,1,1,1,1,1,1,1,1,1,1,0,0,0,0,0,0,0,0,1,0,0,1,0,0,0,1,1,0
41275798,그랜저,그랜저 IG 하이브리드,27,2470,54392,2359,5,7,5,0,1,1,1,1,1,1,1,1,1,1,0,0,0,0,0,0,0,1,0,0,0,0,1,0,0,1,0,1
41276663,싼타페,더 뉴 싼타페,56,2649,100979,1598,5,4,0,0,1,1,1,1,1,1,1,1,1,1,0,0,0,0,0,0,0,1,0,0,0,1,0,0,0,1,1,0
41276750,그랜저,더 뉴 그랜저 IG 하이브리드,27,2850,99549,2359,5,5,3,0,1,1,1,1,1,1,1,1,1,1,0,0,0,0,0,0,0,1,0,0,0,0,0,1,0,1,0,1
41278261,쏠라티,쏠라티,60,4550,53219,2497,11,6,0,0,0,1,1,0,0,1,1,0,1,1,0,0,0,0,0,0,0,0,1,0,0,0,1,0,0,1,1,0
41278543,팰리세이드,더 뉴 팰리세이드,107,4050,16663,2199,7,3,0,1,1,1,1,1,1,1,1,1,1,1,0,0,0,0,0,0,0,0,1,0,0,0,1,0,0,1,1,0
41278763,아반떼,아반떼 (CN7),62,2599,35210,1998,5,4,2,1,1,1,1,1,1,1,1,1,1,1,0,0,0,0,0,0,1,0,0,0,0,0,0,1,0,1,0,1
41279250,팰리세이드,팰리세이드,107,2120,106704,3778,8,7,4,0,1,1,1,1,1,1,1,1,1,1,0,0,0,0,0,0,1,0,0,0,0,0,0,0,1,1,1,0
41279717,투싼,투싼 (NX4),101,2850,57395,1598,5,4,2,0,1,1,1,1,1,1,1,1,1,1,0,0,0,0,0,0,1,0,0,0,0,0,0,1,0,1,1,0
41280417,팰리세이드,팰리세이드,107,2750,61442,3778,7,6,3,1,1,1,1,1,1,1,1,1,1,1,0,0,0,0,0,0,1,0,0,0,0,0,1,0,0,1,1,0
41281080,투싼,투싼 (NX4),101,2220,57938,1598,5,5,9,0,1,1,1,1,1,1,1,1,1,1,0,0,0,0,0,0,1,0,0,0,0,0,0,1,0,1,1,0
41281710,싼타페,더 뉴 싼타페,56,2140,152507,2151,5,4,2,0,1,1,1,1,1,1,1,1,1,1,0,0,0,0,0,0,0,0,1,0,0,1,0,0,0,1,1,0
41281761,그랜저,그랜저 (GN7),27,3950,41242,3470,5,1,0,0,1,1,1,1,1,1,1,1,1,1,0,0,0,0,0,0,1,0,0,0,0,0,1,0,0,1,0,1
41283332,투싼,투싼 (NX4),101,2139,202887,1998,5,4,0,0,1,1,1,1,1,1,1,1,0,1,0,0,0,0,0,0,0,0,1,0,0,0,0,1,0,1,1,0
41284337,스타리아,스타리아,51,8888,69174,2199,9,4,5,0,0,1,1,1,1,1,1,0,1,1,0,0,0,0,0,0,0,0,1,0,0,0,1,0,0,1,1,0
41284341,팰리세이드,더 뉴 팰리세이드,107,8888,34984,2199,7,4,0,1,1,1,1,1,1,1,1,1,1,1,0,0,0,0,0,0,0,0,1,0,0,1,0,0,0,1,1,0
41285173,싼타페,더 뉴 싼타페,56,2029,134942,2151,5,6,9,0,1,1,1,1,1,1,1,1,1,1,0,0,0,0,0,0,0,0,1,0,0,0,0,1,0,1,1,0
41285524,팰리세이드,팰리세이드,107,2430,113129,2199,7,5,6,0,0,1,1,1,1,1,1,1,1,1,0,0,0,0,0,0,0,0,1,0,0,0,0,1,0,1,1,0
41285553,그랜저,그랜저 IG,27,1720,71851,2999,5,9,4,0,0,1,1,1,1,1,1,1,1,1,0,0,0,0,0,0,1,0,0,0,0,0,1,0,0,1,0,1
41285788,아반떼,더 뉴 아반떼 (CN7),62,2450,25152,1598,5,2,0,0,1,1,1,1,1,1,1,1,1,1,0,0,0,0,0,0,1,0,0,0,0,0,0,1,0,1,0,1
41285886,투싼,투싼 (NX4),101,2250,68682,1598,5,5,3,1,0,1,1,1,1,1,1,1,1,1,0,0,0,0,0,0,1,0,0,0,0,1,0,0,0,1,1,0
41286173,아반떼,아반떼 (CN7),62,2379,65606,1998,5,5,2,0,1,1,1,1,1,1,1,1,1,1,0,0,0,0,0,0,1,0,0,0,0,0,0,0,1,1,0,1
41286192,팰리세이드,팰리세이드,107,3450,41007,2199,7,4,1,1,1,1,1,1,1,1,1,1,1,1,0,0,0,0,0,0,0,0,1,0,0,1,0,0,0,1,1,0
41288430,팰리세이드,더 뉴 팰리세이드,107,4120,58434,2199,8,4,0,0,1,1,1,1,1,1,1,1,1,1,0,0,0,0,0,0,0,0,1,0,0,1,0,0,0,1,1,0
41288768,팰리세이드,팰리세이드,107,3499,39353,2199,7,4,5,0,1,1,1,1,1,1,1,1,1,1,0,0,0,0,0,0,0,0,1,0,0,1,0,0,0,1,1,0
41289461,스타렉스,더 뉴 그랜드 스타렉스,50,2990,89100,2497,6,5,2,0,0,1,1,1,1,1,1,1,1,1,0,0,0,0,0,0,0,0,1,0,0,0,1,0,0,1,1,0
41290054,싼타페,싼타페 (MX5),56,3820,34787,1598,5,2,1,1,1,1,1,1,1,1,1,1,1,1,0,0,0,0,0,0,0,1,0,0,0,1,0,0,0,1,1,0
41290292,코나,더 뉴 코나,91,1700,67266,1598,5,6,0,0,1,1,1,0,1,0,1,0,1,1,0,0,0,0,0,0,1,0,0,0,0,0,0,0,1,1,1,0
41290587,아반떼,더 뉴 아반떼 (CN7),62,2500,31268,1598,5,2,0,0,1,1,1,1,1,1,1,1,1,1,0,0,0,0,0,0,1,0,0,0,0,1,0,0,0,1,0,1
41292632,그랜저,그랜저 하이브리드 (GN7),27,4350,20672,1598,5,2,4,0,1,1,1,1,1,1,1,1,1,1,0,0,0,0,0,0,0,1,0,0,0,0,1,0,0,1,0,1
41293128,팰리세이드,더 뉴 팰리세이드,107,4890,49488,2199,8,3,0,1,1,1,1,1,1,1,1,1,1,1,0,0,0,0,0,0,0,0,1,0,0,1,0,0,0,1,1,0
41293880,싼타페,싼타페 TM,56,1850,81987,2199,7,8,1,0,0,1,1,1,1,1,1,1,1,1,0,0,0,0,0,0,0,0,1,0,0,0,0,1,0,1,1,0
41295027,그랜저,더 뉴 그랜저 IG,27,2645,45548,2497,5,5,0,0,1,1,1,1,1,1,1,1,1,1,0,0,0,0,0,0,1,0,0,0,0,0,0,1,0,1,0,1
41295640,투싼,투싼 (NX4),101,2390,69779,1998,5,4,0,0,0,1,1,1,1,1,1,1,1,1,0,0,0,0,0,0,0,0,1,0,0,1,0,0,0,1,1,0
41295730,투싼,투싼 (NX4),101,2660,63642,1598,5,5,2,0,1,1,1,1,1,1,1,1,1,1,0,0,0,0,0,0,1,0,0,0,0,0,1,0,0,1,1,0
41297309,스타렉스,더 뉴 그랜드 스타렉스,50,2190,79604,2497,9,7,2,0,0,1,1,1,0,1,1,1,1,1,0,0,0,0,0,0,0,0,1,0,0,0,0,1,0,1,1,0
41297354,투싼,투싼 (NX4),101,2499,91264,1998,5,5,2,1,1,1,1,1,1,1,1,1,1,1,0,0,0,0,0,0,0,0,1,0,0,0,0,1,0,1,1,0
41297721,그랜저,그랜저 IG,27,2059,83079,3342,5,7,1,1,1,1,1,1,1,1,1,1,1,1,0,0,0,0,0,0,1,0,0,0,0,1,0,0,0,1,0,1
41298823,싼타페,더 뉴 싼타페,56,2190,98026,2151,5,6,5,0,1,1,1,1,1,1,1,1,1,1,0,0,0,0,0,0,0,0,1,0,0,1,0,0,0,1,1,0
41299219,팰리세이드,팰리세이드,107,3580,56473,2199,7,6,6,1,1,1,1,1,1,1,1,1,1,1,0,0,0,0,0,0,0,0,1,0,0,1,0,0,0,1,1,0
41301594,스타렉스,더 뉴 그랜드 스타렉스,50,1890,39207,2497,5,5,6,0,0,1,1,0,0,0,1,1,1,1,0,0,0,0,0,0,0,0,1,0,0,1,0,0,0,1,1,0
41302640,팰리세이드,팰리세이드,107,2630,81592,2199,7,7,3,0,0,1,1,1,1,1,1,1,1,1,0,0,0,0,0,0,0,0,1,0,0,0,0,1,0,1,1,0
41303422,싼타페,싼타페 (MX5),56,4149,22388,1598,6,3,0,0,1,1,1,1,1,1,1,1,1,1,0,0,0,0,0,0,0,1,0,0,0,1,0,0,0,1,1,0
41303756,싼타페,싼타페 TM,56,2650,98642,2199,5,7,5,0,1,1,1,1,1,1,1,1,1,1,0,0,0,0,0,0,0,0,1,0,0,0,1,0,0,1,1,0
41304397,팰리세이드,팰리세이드 (LX3),107,6050,10369,2497,7,1,0,0,1,1,1,1,1,1,1,1,1,1,0,0,0,0,0,0,1,0,0,0,0,0,0,0,1,1,1,0
41304514,아이오닉5,아이오닉5,66,3190,73296,111,5,4,1,0,1,1,1,1,1,1,1,1,1,1,0,0,0,0,0,0,0,0,0,1,0,1,0,0,0,1,0,1
41306191,그랜저,그랜저 (GN7),27,2999,62482,2497,5,3,0,0,1,1,1,1,1,1,1,1,1,1,0,0,0,0,0,0,1,0,0,0,0,0,1,0,0,1,0,1
41307141,쏘나타,쏘나타 (DN8),57,2645,38679,1598,5,4,0,0,1,1,1,1,1,1,1,1,1,1,0,0,0,0,0,0,1,0,0,0,0,0,0,0,1,1,0,1
41307397,싼타페,싼타페 TM,56,2050,92398,1995,5,8,0,1,1,1,1,1,1,1,1,1,1,1,0,0,0,0,0,0,0,0,1,0,0,0,0,1,0,1,1,0
41308147,그랜저,더 뉴 그랜저 IG,27,3030,42387,2497,5,6,1,1,1,1,1,1,1,1,1,1,1,1,0,0,0,0,0,0,1,0,0,0,0,1,0,0,0,1,0,1
41308303,싼타페,더 뉴 싼타페,56,2190,107598,2151,5,6,0,1,1,1,1,1,1,1,1,1,1,1,0,0,0,0,0,0,0,0,1,0,0,0,0,1,0,1,1,0
41309049,스타리아,스타리아,51,2720,19426,3470,5,2,2,0,1,1,0,0,1,0,1,1,1,1,0,0,0,0,0,1,0,0,0,0,0,1,0,0,0,1,1,0
41310241,그랜저,더 뉴 그랜저 IG,27,1850,154238,3342,5,6,1,0,1,1,1,1,1,1,1,1,1,1,0,0,0,0,0,0,1,0,0,0,0,0,1,0,0,1,0,1
41312012,싼타페,싼타페 TM,56,2060,100317,2199,5,6,2,0,1,1,1,1,1,0,1,1,1,1,0,0,0,0,0,0,0,0,1,0,0,0,0,1,0,1,1,0
41314967,아반떼,아반떼 (CN7),62,1959,35616,1598,5,4,2,0,1,1,1,1,1,1,1,1,1,1,0,0,0,0,0,0,1,0,0,0,0,1,0,0,0,1,0,1
41316137,싼타페,싼타페 (MX5),56,3970,35570,1598,6,3,0,0,1,1,1,1,1,1,1,1,1,1,0,0,0,0,0,0,0,1,0,0,0,1,0,0,0,1,1,0
41316809,팰리세이드,팰리세이드,107,3390,97029,2199,8,4,0,1,1,1,1,1,1,1,1,1,1,1,0,0,0,0,0,0,0,0,1,0,0,1,0,0,0,1,1,0
41317235,팰리세이드,팰리세이드,107,4300,57391,2199,7,6,0,1,1,1,1,1,1,1,1,1,1,1,0,0,0,0,0,0,0,0,1,0,0,0,0,1,0,1,1,0
41317540,아반떼,더 뉴 아반떼 (CN7),62,2330,57460,1598,5,3,0,0,1,1,1,1,1,0,1,1,1,1,0,0,0,0,0,0,1,0,0,0,0,0,0,1,0,1,0,1
41320513,투싼,올 뉴 투싼,101,1730,106182,1995,5,7,2,1,1,1,1,0,1,1,1,0,1,1,0,0,0,0,0,0,0,0,1,0,0,1,0,0,0,1,1,0
41321630,스타리아,스타리아,51,2999,40163,2199,9,4,0,0,0,1,1,1,1,1,1,1,1,1,0,0,0,0,0,0,0,0,1,0,0,0,0,1,0,1,1,0
41322048,아이오닉5,아이오닉5,66,3320,80040,111,5,5,1,0,1,1,1,1,1,1,1,1,1,1,0,0,0,0,0,0,0,0,0,1,0,0,0,1,0,1,0,1
41322171,싼타페,싼타페 (MX5),56,3750,19316,2497,5,2,3,0,1,1,1,1,1,1,1,1,1,1,0,0,0,0,0,0,1,0,0,0,0,1,0,0,0,1,1,0
41322205,아반떼,더 뉴 아반떼 (CN7),62,2750,8870,1598,5,1,0,0,1,1,1,1,1,1,1,1,1,1,0,0,0,0,0,0,1,0,0,0,0,0,1,0,0,1,0,1
41323295,아반떼,더 뉴 아반떼 (CN7),62,2560,5440,1598,5,1,0,0,1,1,1,1,1,1,1,1,1,1,0,0,0,0,0,0,1,0,0,0,0,1,0,0,0,1,0,1
41323963,쏘나타,쏘나타 (DN8),57,2190,63753,1598,5,5,5,1,1,1,1,1,1,1,1,1,1,1,0,0,0,0,0,0,1,0,0,0,0,1,0,0,0,1,0,1
41326991,싼타페,싼타페 TM,56,2260,61142,1995,5,6,9,0,1,1,1,1,1,1,1,1,1,1,0,0,0,0,0,0,0,0,1,0,0,0,1,0,0,1,1,0
41327025,그랜저,그랜저 (GN7),27,3430,9203,2497,5,1,0,0,1,1,1,1,1,1,1,1,1,1,0,0,0,0,0,0,1,0,0,0,0,0,1,0,0,1,0,1
41327082,그랜저,더 뉴 그랜저 IG,27,2440,38874,3342,5,5,5,0,1,1,1,1,1,1,1,1,1,1,0,0,0,0,0,0,1,0,0,0,0,0,0,0,1,1,0,1
41328955,그랜저,더 뉴 그랜저 IG,27,2550,79767,2497,5,5,0,0,1,1,1,1,1,1,1,1,1,1,0,0,0,0,0,0,1,0,0,0,0,0,0,1,0,1,0,1
41329988,팰리세이드,팰리세이드,107,2890,92617,2199,7,4,0,0,1,1,1,1,1,1,1,1,1,1,0,0,0,0,0,0,0,0,1,0,0,0,1,0,0,1,1,0
41331055,그랜저,더 뉴 그랜저 IG 하이브리드,27,2380,126287,2359,5,5,2,0,1,1,1,1,1,1,1,1,1,1,0,0,0,0,0,0,0,1,0,0,0,1,0,0,0,1,0,1
41333509,그랜저,그랜저 IG,27,1850,29797,2359,5,7,6,0,0,1,1,1,1,1,1,1,1,1,0,0,0,0,0,0,1,0,0,0,0,0,0,1,0,1,0,1
41333854,쏘나타,쏘나타 (DN8),57,1760,91943,1999,5,7,2,0,1,1,1,1,1,1,1,1,1,1,0,0,0,0,0,0,1,0,0,0,0,1,0,0,0,1,0,1
41334488,싼타페,싼타페 (MX5),56,4580,24674,1598,7,3,0,1,1,1,1,1,1,1,1,1,1,1,0,0,0,0,0,0,0,1,0,0,0,1,0,0,0,1,1,0
41334584,그랜저,더 뉴 그랜저 IG 하이브리드,27,2430,82471,2359,5,7,0,0,1,1,1,1,1,1,1,1,1,1,0,0,0,0,0,0,0,1,0,0,0,0,0,1,0,1,0,1
41335191,싼타페,더 뉴 싼타페,56,3440,50913,1598,6,4,0,0,0,0,0,0,0,0,0,0,0,1,0,0,0,0,0,0,0,1,0,0,0,1,0,0,0,1,1,0
41336888,팰리세이드,더 뉴 팰리세이드,107,4180,24238,3778,7,3,0,1,1,1,1,1,1,1,1,1,1,1,0,0,0,0,0,0,1,0,0,0,0,0,0,0,1,1,1,0
41337274,그랜저,그랜저 (GN7),27,4000,21235,2497,5,3,0,1,1,1,1,1,1,1,1,1,1,1,0,0,0,0,0,0,1,0,0,0,0,0,1,0,0,1,0,1
41337921,쏘나타,쏘나타 디 엣지(DN8),57,2959,6917,1598,5,1,2,0,1,1,1,1,1,1,1,1,1,1,0,0,0,0,0,0,1,0,0,0,0,0,0,1,0,1,0,1
41338166,팰리세이드,팰리세이드,107,3300,56591,2199,7,5,0,0,1,1,1,1,1,1,1,1,1,1,0,0,0,0,0,0,0,0,1,0,0,1,0,0,0,1,1,0
41338742,팰리세이드,팰리세이드,107,2999,84328,2199,8,5,1,0,1,1,1,1,1,1,1,1,1,1,0,0,0,0,0,0,0,0,1,0,0,0,1,0,0,1,1,0
41339314,스타리아,스타리아,51,3339,137945,2199,9,4,0,0,1,1,1,1,1,1,1,1,1,1,0,0,0,0,0,0,0,0,1,0,0,1,0,0,0,1,1,0
41339435,팰리세이드,팰리세이드,107,2705,66368,3778,7,5,2,0,1,1,1,1,1,1,1,1,1,1,0,0,0,0,0,0,1,0,0,0,0,1,0,0,0,1,1,0
41339923,싼타페,더 뉴 싼타페,56,2490,123366,1598,5,4,3,0,1,1,1,1,1,1,1,1,1,1,0,0,0,0,0,0,0,1,0,0,0,0,0,1,0,1,1,0
41340206,싼타페,더 뉴 싼타페,56,3440,61656,1598,7,5,0,1,1,1,1,1,1,1,1,1,1,1,0,0,0,0,0,0,0,1,0,0,0,1,0,0,0,1,1,0
41340851,싼타페,더 뉴 싼타페,56,3750,18165,2497,6,3,0,1,1,1,1,1,1,1,1,1,1,1,0,0,0,0,0,0,1,0,0,0,0,0,0,1,0,1,1,0
41341050,그랜저,더 뉴 그랜저 IG,27,2390,84995,2497,5,6,9,0,1,1,1,1,1,1,1,1,1,1,0,0,0,0,0,0,1,0,0,0,0,0,1,0,0,1,0,1
41341722,그랜저,그랜저 하이브리드 (GN7),27,3499,35234,1598,5,3,3,1,1,1,1,1,1,1,1,1,1,1,0,0,0,0,0,0,0,1,0,0,0,0,0,1,0,1,0,1
41341799,그랜저,더 뉴 그랜저 IG 하이브리드,27,2340,140965,2359,5,4,0,0,1,1,1,1,1,1,1,1,1,1,0,0,0,0,0,0,0,1,0,0,0,1,0,0,0,1,0,1
41342094,베뉴,베뉴,45,2230,20099,1598,5,5,0,0,1,1,1,1,1,0,1,1,1,1,0,0,0,0,0,0,1,0,0,0,0,0,1,0,0,1,1,0
41343878,싼타페,싼타페 (MX5),56,4220,8415,2497,5,2,0,1,1,1,1,1,1,1,1,1,1,1,0,0,0,0,0,0,1,0,0,0,0,1,0,0,0,1,1,0
41343881,아이오닉5,아이오닉5,66,3250,74298,111,5,4,28,1,1,1,1,1,1,1,1,1,1,1,0,0,0,0,0,0,0,0,0,1,0,0,0,1,0,1,0,1
41344607,아반떼,아반떼 (CN7),62,1850,43929,1591,5,4,0,0,1,1,1,1,1,1,1,1,1,1,0,0,0,0,0,1,0,0,0,0,0,1,0,0,0,1,0,1
41345391,팰리세이드,더 뉴 팰리세이드,107,4510,17225,2199,7,2,0,0,1,1,1,1,1,1,1,1,1,1,0,0,0,0,0,0,0,0,1,0,0,0,0,1,0,1,1,0
41345498,쏘나타,쏘나타 (DN8),57,1750,31679,1999,5,4,4,0,0,1,1,1,1,1,1,1,1,1,0,0,0,0,0,1,0,0,0,0,0,0,1,0,0,1,0,1
41345565,싼타페,싼타페 (MX5),56,3450,21206,2497,5,3,0,0,1,1,1,1,1,1,1,1,1,1,0,0,0,0,0,0,1,0,0,0,0,1,0,0,0,1,1,0
41345618,싼타페,더 뉴 싼타페,56,2750,50391,2151,5,6,1,1,1,1,1,1,1,1,1,1,1,1,0,0,0,0,0,0,0,0,1,0,0,1,0,0,0,1,1,0
41345884,그랜저,더 뉴 그랜저 IG,27,2290,101339,2497,5,5,8,0,1,1,1,1,1,1,1,1,1,1,0,0,0,0,0,0,1,0,0,0,0,0,0,1,0,1,0,1
41346421,투싼,더 뉴 투싼 하이브리드 (NX4),101,3490,5803,1598,5,1,4,0,1,1,1,1,1,1,1,1,1,1,0,0,0,0,0,0,0,1,0,0,0,0,0,1,0,1,1,0
41346846,팰리세이드,팰리세이드,107,3200,48045,2199,7,5,1,0,1,1,1,1,1,1,1,1,1,1,0,0,0,0,0,0,0,0,1,0,0,0,1,0,0,1,1,0
41346966,싼타페,싼타페 TM,56,1920,70252,1995,5,7,1,0,0,1,1,1,1,1,1,1,1,1,0,0,0,0,0,0,0,0,1,0,0,0,0,1,0,1,1,0
41347063,그랜저,더 뉴 그랜저 IG,27,2670,83284,2497,5,4,2,0,1,1,1,1,1,1,1,1,1,1,0,0,0,0,0,0,1,0,0,0,0,0,1,0,0,1,0,1
41347435,팰리세이드,팰리세이드,107,2090,270551,2199,8,7,0,0,1,1,1,1,1,1,1,1,1,1,0,0,0,0,0,0,0,0,1,0,0,0,0,0,1,1,1,0
41347629,그랜저,더 뉴 그랜저 IG,27,2950,63949,2497,5,5,1,1,1,1,1,1,1,1,1,1,1,1,0,0,0,0,0,0,1,0,0,0,0,1,0,0,0,1,0,1
41347677,싼타페,더 뉴 싼타페,56,2490,21717,2151,5,6,2,0,1,1,1,0,1,0,1,1,1,1,0,0,0,0,0,0,0,0,1,0,0,0,0,1,0,1,1,0
41348060,팰리세이드,팰리세이드,107,3070,28135,2199,7,4,11,0,1,1,1,1,1,1,1,1,1,1,0,0,0,0,0,0,0,0,1,0,0,1,0,0,0,1,1,0
41348767,아반떼,더 뉴 아반떼 (CN7),62,2590,3411,1598,5,1,0,0,1,1,1,1,1,1,1,1,1,1,0,0,0,0,0,0,1,0,0,0,0,1,0,0,0,1,0,1
41348854,그랜저,그랜저 (GN7),27,3120,51747,2497,5,3,1,0,1,1,1,1,1,1,1,1,1,1,0,0,0,0,0,0,1,0,0,0,0,0,0,1,0,1,0,1
41349649,쏘나타,쏘나타 디 엣지 하이브리드(DN8),57,2950,28776,1999,5,2,0,0,1,1,1,1,1,0,1,1,1,1,0,0,0,0,0,0,0,1,0,0,0,1,0,0,0,1,0,1
41349852,팰리세이드,팰리세이드,107,2680,109145,2199,8,7,1,0,1,1,1,1,1,1,1,1,1,1,0,0,0,0,0,0,0,0,1,0,0,0,0,0,1,1,1,0
41350713,스타리아,스타리아,51,3490,7058,1598,5,1,2,0,0,0,0,0,0,0,0,0,0,1,0,0,0,0,0,0,0,1,0,0,0,0,0,1,0,1,1,0
41350975,싼타페,더 뉴 싼타페,56,2750,161145,1598,7,5,0,0,1,1,1,1,1,1,1,1,1,1,0,0,0,0,0,0,0,1,0,0,0,0,1,0,0,1,1,0
41351022,그랜저,더 뉴 그랜저 IG,27,1950,136392,2999,5,5,3,1,1,1,1,1,1,1,1,0,1,1,0,0,0,0,0,1,0,0,0,0,0,0,1,0,0,1,0,1
41351047,쏘나타,쏘나타 하이브리드 (DN8),57,1850,151556,1999,5,6,0,0,1,1,1,1,1,1,1,1,1,1,0,0,0,0,0,0,0,1,0,0,0,0,1,0,0,1,0,1
41352570,싼타페,더 뉴 싼타페,56,2440,82887,2151,5,4,0,0,1,1,1,1,1,1,1,1,1,1,0,0,0,0,0,0,0,0,1,0,0,0,0,1,0,1,1,0
41352699,코나,더 뉴 코나 하이브리드,91,2150,47118,1580,5,5,2,0,0,0,0,0,0,0,0,0,0,1,0,0,0,0,0,0,0,1,0,0,0,0,0,1,0,1,1,0
41352880,팰리세이드,팰리세이드,107,3870,28414,2199,7,5,5,0,1,1,1,1,1,1,1,1,1,1,0,0,0,0,0,0,0,0,1,0,0,0,1,0,0,1,1,0
41353091,스타리아,스타리아,51,2570,56057,3470,5,3,1,0,0,1,1,1,1,1,1,0,1,1,0,0,0,0,0,1,0,0,0,0,0,0,0,1,0,1,1,0
41353116,그랜저,그랜저 IG,27,1790,96650,2199,5,8,5,0,1,1,1,1,1,1,1,1,1,1,0,0,0,0,0,0,0,0,1,0,0,1,0,0,0,1,0,1
41353486,싼타페,싼타페 (MX5),56,3450,43001,1598,5,2,0,0,1,1,1,1,1,1,1,1,1,1,0,0,0,0,0,0,0,1,0,0,0,1,0,0,0,1,1,0
41353773,아이오닉5,아이오닉5,66,2880,57310,111,5,5,0,0,1,1,1,1,1,1,1,1,1,1,0,0,0,0,0,0,0,0,0,1,0,0,0,1,0,1,0,1
41353808,싼타페,더 뉴 싼타페,56,2944,46949,1598,5,4,1,0,1,1,1,1,1,1,1,1,1,1,0,0,0,0,0,0,0,1,0,0,0,1,0,0,0,1,1,0
41353818,아이오닉5,아이오닉5,66,5550,99944,111,5,4,3,0,1,1,1,1,1,1,1,1,1,1,0,0,0,0,0,0,0,0,0,1,0,0,0,1,0,1,0,1
41353983,싼타페,싼타페 (MX5),56,3980,24379,1598,5,2,1,0,1,1,1,1,1,1,1,1,1,1,0,0,0,0,0,0,0,1,0,0,0,1,0,0,0,1,1,0
41355190,그랜저,그랜저 (GN7),27,3391,4500,2497,5,1,2,0,1,1,1,1,1,1,1,1,1,1,0,0,0,0,0,0,1,0,0,0,0,0,1,0,0,1,0,1
41355219,싼타페,싼타페 (MX5),56,2684,12500,1598,6,2,2,0,1,1,1,1,1,1,1,1,1,1,0,0,0,0,0,0,0,1,0,0,0,1,0,0,0,1,1,0
41355233,그랜저,그랜저 (GN7),27,3070,28938,2497,5,2,6,0,1,1,1,1,1,1,1,1,1,1,0,0,0,0,0,0,1,0,0,0,0,0,1,0,0,1,0,1
41355942,아반떼,더 뉴 아반떼 (CN7),62,2239,17442,1598,5,3,3,1,1,1,1,1,1,1,1,1,1,1,0,0,0,0,0,0,1,0,0,0,0,1,0,0,0,1,0,1
41356849,그랜저,더 뉴 그랜저 IG,27,2099,97111,3342,5,6,4,0,1,1,1,1,1,1,1,1,1,1,0,0,0,0,0,0,1,0,0,0,0,1,0,0,0,1,0,1
41356975,그랜저,그랜저 하이브리드 (GN7),27,3560,47011,1598,5,3,0,0,1,1,1,1,1,1,1,1,1,1,0,0,0,0,0,0,0,1,0,0,0,0,1,0,0,1,0,1
41357104,투싼,투싼 (NX4),101,2750,56932,1598,5,5,1,1,1,1,1,1,1,1,1,1,1,1,0,0,0,0,0,0,1,0,0,0,0,1,0,0,0,1,1,0
41357201,아이오닉5,아이오닉5,66,3820,29775,111,5,3,1,0,1,1,1,1,1,1,1,1,1,1,0,0,0,0,0,0,0,0,0,1,0,0,1,0,0,1,0,1
41357812,아반떼,아반떼 (CN7),62,2390,41355,1998,5,4,0,1,1,1,1,1,1,1,1,1,1,1,0,0,0,0,0,0,1,0,0,0,0,0,0,0,1,0,0,1
41358030,팰리세이드,팰리세이드,107,2950,82751,2199,8,6,2,1,1,1,1,1,1,1,1,1,1,1,0,0,0,0,0,0,0,0,1,0,0,1,0,0,0,1,1,0
41358273,팰리세이드,팰리세이드,107,2170,105002,3778,8,7,1,0,0,1,1,1,1,1,1,1,1,1,0,0,0,0,0,0,1,0,0,0,0,1,0,0,0,1,1,0
41358330,쏘나타,쏘나타 (DN8),57,1920,80636,1999,5,5,0,0,1,1,1,1,1,1,1,1,1,1,0,0,0,0,0,0,1,0,0,0,0,1,0,0,0,1,0,1
41358435,그랜저,더 뉴 그랜저 IG,27,2750,51254,2497,5,6,1,1,1,1,1,1,1,1,1,1,1,1,0,0,0,0,0,0,1,0,0,0,0,1,0,0,0,1,0,1
41358551,투싼,투싼 하이브리드 (NX4),101,2150,108441,1598,5,5,0,0,0,1,1,1,1,1,1,1,1,1,0,0,0,0,0,0,0,1,0,0,0,1,0,0,0,1,1,0
41358997,쏘나타,쏘나타 디 엣지(DN8),57,3320,12798,1598,5,2,1,1,1,1,1,1,1,1,1,1,1,1,0,0,0,0,0,0,1,0,0,0,0,0,0,1,0,1,0,1
41359027,팰리세이드,팰리세이드,107,2480,81245,3778,7,7,2,1,1,1,1,1,1,1,1,1,1,1,0,0,0,0,0,0,1,0,0,0,0,1,0,0,0,1,1,0
41359808,스타리아,스타리아,51,2890,49476,2199,9,5,4,0,0,1,0,0,1,0,1,0,1,1,0,0,0,0,0,0,0,0,1,0,0,0,1,0,0,1,1,0
41359884,투싼,투싼 (NX4),101,2640,53458,1598,5,5,0,0,1,1,1,1,1,1,1,1,1,1,0,0,0,0,0,0,1,0,0,0,0,0,0,1,0,1,1,0
41360369,그랜저,그랜저 IG 하이브리드,27,1899,147143,2359,5,9,8,1,1,1,1,1,1,1,1,1,1,1,0,0,0,0,0,0,0,1,0,0,0,1,0,0,0,1,0,1
41361453,팰리세이드,팰리세이드,107,2610,128302,3778,7,5,1,0,1,1,1,1,1,1,1,1,1,1,0,0,0,0,0,0,1,0,0,0,0,1,0,0,0,1,1,0
41361475,아이오닉6,아이오닉6,67,3390,78493,111,5,4,1,1,1,1,1,1,1,1,1,1,1,1,0,0,0,0,0,0,0,0,0,1,0,1,0,0,0,1,0,1
41363239,쏘나타,쏘나타 (DN8),57,2099,81000,1598,5,4,2,0,1,1,1,1,1,1,1,1,1,1,0,0,0,0,0,0,1,0,0,0,0,1,0,0,0,1,0,1
41363312,넥쏘,넥쏘,28,2320,39136,0,5,3,4,1,1,1,1,1,1,1,1,1,1,1,0,0,0,0,0,0,0,0,0,0,1,0,0,0,1,1,1,0
41363462,코나,코나 일렉트릭,91,1730,102950,0,5,6,4,0,0,1,1,1,1,1,1,1,1,1,0,0,0,0,0,0,0,0,0,1,0,1,0,0,0,1,1,0
41365021,그랜저,그랜저 (GN7),27,2970,33028,2497,5,4,14,0,1,1,1,1,1,1,1,1,1,1,0,0,0,0,0,0,1,0,0,0,0,0,1,0,0,1,0,1
41365450,싼타페,싼타페 (MX5),56,3830,14413,2497,7,3,0,1,1,1,1,1,1,1,1,1,1,1,0,0,0,0,0,0,1,0,0,0,0,0,1,0,0,1,1,0
41365772,싼타페,더 뉴 싼타페,56,3030,61146,1598,5,5,0,0,1,1,1,1,1,1,1,1,1,1,0,0,0,0,0,0,0,1,0,0,0,0,0,1,0,1,1,0
41365800,코나,코나,91,1950,6665,1591,5,6,1,0,0,1,1,1,1,1,1,0,1,1,0,0,0,0,0,0,1,0,0,0,0,1,0,0,0,1,1,0
41365843,그랜저,더 뉴 그랜저 IG 하이브리드,27,2530,80142,2359,5,5,7,0,1,1,1,1,1,1,1,1,1,1,0,0,0,0,0,0,0,1,0,0,0,0,0,1,0,1,0,1
41365851,싼타페,싼타페 (MX5),56,3566,43320,1598,5,2,0,0,1,1,1,1,1,1,1,1,1,1,0,0,0,0,0,0,0,1,0,0,0,0,0,1,0,1,1,0
41365923,팰리세이드,팰리세이드,107,2699,96103,3778,7,5,1,0,1,1,1,1,1,1,1,1,1,1,0,0,0,0,0,0,1,0,0,0,0,0,1,0,0,1,1,0
41366076,그랜저,더 뉴 그랜저 IG,27,2780,48751,2497,5,4,2,1,1,1,1,1,1,1,1,1,1,1,0,0,0,0,0,0,1,0,0,0,0,1,0,0,0,1,0,1
41366593,아반떼,더 뉴 아반떼 (CN7),62,2199,5019,1598,5,1,6,0,1,1,1,1,1,1,1,1,1,1,0,0,0,0,0,0,1,0,0,0,0,1,0,0,0,1,0,1
41367123,아이오닉5,아이오닉5,66,2820,62410,111,5,3,0,0,1,1,1,1,1,1,1,1,1,1,0,0,0,0,0,0,0,0,0,1,0,0,0,1,0,1,0,1
41367144,아이오닉5,아이오닉5,66,2820,61465,111,5,3,2,0,1,1,1,1,1,1,1,1,1,1,0,0,0,0,0,0,0,0,0,1,0,0,0,1,0,1,0,1
41367473,팰리세이드,더 뉴 팰리세이드,107,4090,17195,3778,7,3,0,0,1,1,1,1,1,1,1,1,1,1,0,0,0,0,0,0,1,0,0,0,0,0,0,1,0,1,1,0
41367875,아반떼,더 뉴 아반떼 (CN7),62,1790,44126,1598,5,3,8,1,1,1,1,1,1,1,1,1,1,1,0,0,0,0,0,0,1,0,0,0,0,1,0,0,0,1,0,1
41368133,코나,더 뉴 코나,91,2250,19525,1598,5,6,6,0,1,1,1,1,1,1,1,1,1,1,0,0,0,0,0,0,1,0,0,0,0,0,0,1,0,1,1,0
41368146,스타리아,스타리아,51,2390,138209,3470,7,4,0,0,1,1,1,1,1,1,1,1,1,1,0,0,0,0,0,1,0,0,0,0,0,1,0,0,0,1,1,0
41368265,아이오닉6,아이오닉6,67,3450,22000,111,5,4,2,0,1,1,1,1,1,1,1,1,1,1,0,0,0,0,0,0,0,0,0,1,0,1,0,0,0,1,0,1
41368536,싼타페,더 뉴 싼타페,56,3200,52005,1598,5,3,17,1,1,1,1,1,1,1,1,1,1,1,0,0,0,0,0,0,0,1,0,0,0,1,0,0,0,1,1,0
41368909,쏘나타,쏘나타 (DN8),57,1900,101646,1999,5,7,6,1,1,1,1,1,1,1,1,1,1,1,0,0,0,0,0,0,1,0,0,0,0,0,0,0,1,1,0,1
41369228,코나,코나 일렉트릭 (SX2),91,2599,59474,180,5,3,0,0,1,1,1,1,1,1,1,1,1,1,0,0,0,0,0,0,0,0,0,1,0,0,0,1,0,1,1,0
41369396,그랜저,더 뉴 그랜저 IG,27,2300,65434,3342,5,6,0,1,1,1,1,1,1,1,1,1,1,1,0,0,0,0,0,0,1,0,0,0,0,0,1,0,0,1,0,1
41369422,스타리아,스타리아,51,2595,53828,2199,11,4,2,0,0,1,1,1,1,1,1,0,1,1,0,0,0,0,0,0,0,0,1,0,0,0,0,1,0,1,1,0
41369753,싼타페,싼타페 TM,56,1930,103708,1995,5,8,3,0,1,1,1,1,1,1,1,1,1,1,0,0,0,0,0,0,0,0,1,0,0,0,0,1,0,1,1,0
41369925,팰리세이드,팰리세이드,107,3799,36615,2199,7,4,0,0,1,1,1,1,1,1,1,1,1,1,0,0,0,0,0,0,0,0,1,0,0,1,0,0,0,1,1,0
41370416,팰리세이드,팰리세이드,107,2900,112711,2199,7,5,0,0,1,1,1,1,1,1,1,1,1,1,0,0,0,0,0,0,0,0,1,0,0,0,1,0,0,1,1,0
41370503,쏠라티,쏠라티,60,6050,7259,2497,15,2,2,0,0,1,1,0,0,0,1,0,1,1,0,0,0,0,0,0,0,0,1,0,0,1,0,0,0,1,1,0
41370547,그랜저,더 뉴 그랜저 IG,27,7777,50485,2497,5,6,0,0,1,1,1,1,1,1,1,1,1,1,0,0,0,0,0,0,1,0,0,0,0,1,0,0,0,1,0,1
41370889,그랜저,그랜저 하이브리드 (GN7),27,2970,129302,1598,5,4,0,0,1,1,1,1,1,1,1,1,1,1,0,0,0,0,0,0,0,1,0,0,0,0,1,0,0,1,0,1
41371035,스타렉스,더 뉴 그랜드 스타렉스,50,1800,26385,2497,5,6,0,0,0,1,1,0,0,1,1,0,1,1,0,0,0,0,0,0,0,0,1,0,0,1,0,0,0,1,1,0
41371303,그랜저,더 뉴 그랜저 IG 하이브리드,27,2650,125870,2359,5,4,1,1,1,1,1,1,1,1,1,1,1,1,0,0,0,0,0,0,0,1,0,0,0,1,0,0,0,1,0,1
41371575,팰리세이드,팰리세이드,107,3370,71117,2199,7,6,0,1,1,1,1,1,1,1,1,1,1,1,0,0,0,0,0,0,0,0,1,0,0,1,0,0,0,1,1,0
41371864,팰리세이드,팰리세이드,107,8888,47266,3778,7,5,1,0,0,1,1,1,1,1,1,1,1,1,0,0,0,0,0,0,1,0,0,0,0,1,0,0,0,1,1,0
41371880,싼타페,싼타페 (MX5),56,3420,12417,2497,5,3,0,0,1,1,1,1,1,1,1,1,1,1,0,0,0,0,0,0,1,0,0,0,0,1,0,0,0,1,1,0
41372245,아이오닉5,아이오닉5,66,2949,60482,111,5,5,2,0,1,1,1,1,1,1,1,1,1,1,0,0,0,0,0,0,0,0,0,1,0,0,0,1,0,1,0,1
41372592,쏘나타,쏘나타 하이브리드 (DN8),57,8888,104540,1999,5,5,1,0,1,1,1,1,1,1,1,1,1,1,0,0,0,0,0,0,0,1,0,0,0,1,0,0,0,1,0,1
41372991,아이오닉5,더 뉴 아이오닉5,66,5299,15138,120,5,1,0,1,1,1,1,1,1,1,1,1,1,1,0,0,0,0,0,0,0,0,0,1,0,1,0,0,0,1,0,1
41373761,싼타페,싼타페 TM,56,2320,55549,1995,5,7,4,1,1,1,1,1,1,1,1,1,1,1,0,0,0,0,0,0,0,0,1,0,0,1,0,0,0,1,1,0
41373878,스타렉스,그랜드 스타렉스,50,9999,148991,2497,5,10,2,0,0,0,0,0,0,0,0,0,0,1,0,0,0,0,0,0,0,0,1,0,0,1,0,0,0,1,1,0
41374147,팰리세이드,더 뉴 팰리세이드,107,3900,43620,2199,7,4,0,1,1,1,1,1,1,1,1,1,1,1,0,0,0,0,0,0,0,0,1,0,0,0,1,0,0,1,1,0
41374168,그랜저,더 뉴 그랜저 IG 하이브리드,27,2640,83796,2359,5,4,12,0,1,1,1,1,1,1,1,1,1,1,0,0,0,0,0,0,0,1,0,0,0,1,0,0,0,1,0,1
41374314,베뉴,베뉴,45,7890,46513,1598,5,5,0,0,1,1,1,1,1,1,1,1,1,1,0,0,0,0,0,0,1,0,0,0,0,0,0,0,1,1,1,0
41374518,팰리세이드,팰리세이드,107,2969,64415,2199,7,4,0,0,0,1,1,1,1,1,1,1,1,1,0,0,0,0,0,0,0,0,1,0,0,1,0,0,0,1,1,0
41374612,그랜저,그랜저 (GN7),27,3560,27509,2497,5,3,0,0,1,1,1,1,1,1,1,1,1,1,0,0,0,0,0,0,1,0,0,0,0,0,1,0,0,1,0,1
41374693,투싼,더 뉴 투싼 (NX4),101,3090,3932,1598,5,2,0,0,1,1,1,1,1,1,1,1,1,1,0,0,0,0,0,0,1,0,0,0,0,1,0,0,0,1,1,0
41374705,싼타페,더 뉴 싼타페,56,2950,95346,2151,5,5,2,0,1,1,1,1,1,1,1,1,1,1,0,0,0,0,0,0,0,0,1,0,0,1,0,0,0,1,1,0
41374743,그랜저,그랜저 (GN7),27,3340,33568,2497,5,2,0,0,1,1,1,1,1,1,1,1,1,1,0,0,0,0,0,0,1,0,0,0,0,0,1,0,0,1,0,1
41374940,아반떼,아반떼 (CN7),62,1850,57431,1598,5,4,0,1,1,1,1,1,1,1,1,1,1,1,0,0,0,0,0,0,1,0,0,0,0,0,0,0,1,1,0,1
41375049,스타리아,스타리아,51,2790,80194,2199,11,5,1,0,1,1,1,1,1,1,1,0,1,1,0,0,0,0,0,0,0,0,1,0,0,1,0,0,0,1,1,0
41375576,베뉴,베뉴,45,2190,4822,1598,5,2,0,0,1,1,1,1,1,1,1,1,1,1,0,0,0,0,0,0,1,0,0,0,0,0,0,0,1,1,1,0
41376109,코나,더 뉴 코나,91,1799,24526,1598,5,6,3,0,0,1,1,1,1,1,1,0,1,1,0,0,0,0,0,0,1,0,0,0,0,0,0,1,0,1,1,0
41376870,투싼,투싼 (NX4),101,2780,70978,1598,5,4,2,1,1,1,1,1,1,1,1,1,1,1,0,0,0,0,0,0,1,0,0,0,0,0,0,0,1,1,1,0
41376981,싼타페,더 뉴 싼타페,56,2650,86900,2151,5,5,0,0,1,1,1,1,1,1,1,1,1,1,0,0,0,0,0,0,0,0,1,0,0,1,0,0,0,1,1,0
41377594,그랜저,더 뉴 그랜저 IG,27,2250,67078,3342,5,5,0,0,1,1,1,1,1,1,1,1,1,1,0,0,0,0,0,0,1,0,0,0,0,0,1,0,0,1,0,1
41377853,쏘나타,쏘나타 (DN8),57,2050,56139,1999,5,3,0,0,0,1,1,0,1,0,1,0,1,1,0,0,0,0,0,1,0,0,0,0,0,1,0,0,0,1,0,1
41378053,팰리세이드,팰리세이드,107,2790,59144,3778,7,4,8,1,1,1,1,1,1,1,1,1,1,1,0,0,0,0,0,0,1,0,0,0,0,0,0,0,1,1,1,0
41378877,싼타페,더 뉴 싼타페,56,3190,95246,2151,5,5,0,1,1,1,1,1,1,1,1,1,1,1,0,0,0,0,0,0,0,0,1,0,0,1,0,0,0,1,1,0
41379737,스타리아,스타리아,51,5990,3963,2199,4,2,0,0,1,1,1,1,1,1,1,1,1,1,0,0,0,0,0,0,0,0,1,0,0,1,0,0,0,1,1,0
41379821,아반떼,아반떼 (CN7),62,2350,30630,1598,5,3,0,0,1,1,1,1,1,1,1,1,1,1,0,0,0,0,0,0,1,0,0,0,0,1,0,0,0,1,0,1
41380119,아이오닉5,아이오닉5,66,2350,136474,111,5,5,3,0,1,1,1,1,1,1,1,1,1,1,0,0,0,0,0,0,0,0,0,1,0,0,0,1,0,1,0,1
41380865,아이오닉5,아이오닉5,66,2870,58492,111,5,3,0,0,1,1,1,1,1,1,1,1,1,1,0,0,0,0,0,0,0,0,0,1,0,0,0,1,0,1,0,1
41381128,팰리세이드,팰리세이드,107,3250,77671,2199,7,4,0,1,1,1,1,1,1,1,1,1,1,1,0,0,0,0,0,0,0,0,1,0,0,0,0,1,0,1,1,0
41381483,투싼,투싼 (NX4),101,2440,21346,1598,5,3,3,1,0,1,1,1,1,1,1,1,1,1,0,0,0,0,0,0,1,0,0,0,0,1,0,0,0,1,1,0
41381493,그랜저,그랜저 하이브리드 (GN7),27,3370,89332,1598,5,3,0,0,1,1,1,1,1,1,1,1,1,1,0,0,0,0,0,0,0,1,0,0,0,1,0,0,0,1,0,1
41381865,그랜저,더 뉴 그랜저 IG 하이브리드,27,2550,65766,2359,5,5,13,0,1,1,1,1,1,1,1,1,1,1,0,0,0,0,0,0,0,1,0,0,0,0,0,1,0,1,0,1
41382065,싼타페,싼타페 TM,56,2375,34559,1995,5,8,2,0,0,1,1,1,1,1,1,1,1,1,0,0,0,0,0,0,0,0,1,0,0,1,0,0,0,1,1,0
41382079,투싼,투싼 (NX4),101,2990,23673,1598,5,3,0,1,1,1,1,1,1,1,1,1,1,1,0,0,0,0,0,0,1,0,0,0,0,1,0,0,0,1,1,0
41382306,코나,더 뉴 코나,91,1760,37260,1598,5,5,10,0,0,1,1,0,1,1,1,0,1,1,0,0,0,0,0,0,1,0,0,0,0,0,0,1,0,1,1,0
41382331,싼타페,싼타페 (MX5),56,3799,42591,1598,5,3,0,0,1,1,1,1,1,1,1,1,1,1,0,0,0,0,0,0,0,1,0,0,0,1,0,0,0,1,1,0
41382367,투싼,투싼 (NX4),101,2890,14984,1598,5,5,1,0,1,1,1,1,1,1,1,1,1,1,0,0,0,0,0,0,1,0,0,0,0,1,0,0,0,1,1,0
41382446,싼타페,더 뉴 싼타페,56,2930,57508,2151,5,6,0,0,1,1,1,1,1,1,1,1,1,1,0,0,0,0,0,0,0,0,1,0,0,0,1,0,0,1,1,0
41382473,아이오닉5,아이오닉5,66,1950,200032,111,5,4,0,0,1,1,1,1,1,1,1,1,1,1,0,0,0,0,0,0,0,0,0,1,0,0,0,1,0,1,0,1
41382656,아이오닉5,더 뉴 아이오닉5,66,4799,24961,120,5,1,0,1,1,1,1,1,1,1,1,1,1,1,0,0,0,0,0,0,0,0,0,1,0,0,0,1,0,1,0,1
41382686,싼타페,싼타페 TM,56,2450,22605,1995,5,7,0,0,0,1,1,1,1,1,1,1,1,1,0,0,0,0,0,0,0,0,1,0,0,1,0,0,0,1,1,0
41382803,그랜저,더 뉴 그랜저 IG,27,1940,112167,2497,5,6,5,0,1,1,1,1,1,1,1,1,1,1,0,0,0,0,0,0,1,0,0,0,0,0,1,0,0,1,0,1
41383042,그랜저,그랜저 하이브리드 (GN7),27,3890,32875,1598,5,3,1,0,1,1,1,1,1,1,1,1,1,1,0,0,0,0,0,0,0,1,0,0,0,0,1,0,0,1,0,1
41383284,코나,더 뉴 코나,91,1890,64858,1598,5,4,0,0,0,1,1,1,1,1,1,0,1,1,0,0,0,0,0,0,1,0,0,0,0,1,0,0,0,1,1,0
41383315,투싼,투싼 (NX4),101,2420,67654,1998,5,4,0,0,0,1,1,1,1,1,1,1,1,1,0,0,0,0,0,0,0,0,1,0,0,0,0,1,0,1,1,0
41384483,팰리세이드,팰리세이드,107,3690,43909,2199,7,4,0,0,1,1,1,1,1,1,1,1,1,1,0,0,0,0,0,0,0,0,1,0,0,0,0,1,0,1,1,0
41384718,팰리세이드,팰리세이드,107,2799,84590,2199,7,5,1,0,0,1,1,1,1,1,1,1,1,1,0,0,0,0,0,0,0,0,1,0,0,0,1,0,0,1,1,0
41384851,싼타페,싼타페 TM,56,2120,71955,1998,5,6,2,0,1,1,1,1,1,1,1,1,1,1,0,0,0,0,0,0,1,0,0,0,0,1,0,0,0,1,1,0
41384970,그랜저,더 뉴 그랜저 IG 하이브리드,27,2000,106970,2359,5,6,2,0,1,1,1,1,1,1,1,1,1,1,0,0,0,0,0,0,0,1,0,0,0,0,1,0,0,1,0,1
41385044,싼타페,더 뉴 싼타페,56,3270,44863,2151,7,5,4,1,1,1,1,1,1,1,1,1,1,1,0,0,0,0,0,0,0,0,1,0,0,1,0,0,0,1,1,0
41385732,그랜저,그랜저 IG,27,1950,51156,3342,5,7,4,0,1,1,1,1,1,1,1,1,1,1,0,0,0,0,0,0,1,0,0,0,0,0,0,1,0,1,0,1
41385888,아이오닉,더 뉴 아이오닉 하이브리드,65,1750,91075,1580,5,7,6,0,1,1,1,1,1,1,1,1,1,1,0,0,0,0,0,0,0,1,0,0,0,1,0,0,0,1,0,1
41385900,싼타페,더 뉴 싼타페,56,3350,28036,2497,5,3,0,0,1,1,1,1,1,1,1,1,1,1,0,0,0,0,0,0,1,0,0,0,0,0,1,0,0,1,1,0
41386268,그랜저,더 뉴 그랜저 IG,27,1770,69543,2497,5,6,15,0,1,1,1,1,1,1,1,0,1,1,0,0,0,0,0,0,1,0,0,0,0,0,1,0,0,1,0,1
41386665,스타리아,스타리아,51,3850,58268,2199,9,5,3,1,1,1,1,1,1,1,1,1,1,1,0,0,0,0,0,0,0,0,1,0,0,0,1,0,0,1,1,0
41386687,그랜저,더 뉴 그랜저 IG,27,2590,77803,2497,5,5,2,1,1,1,1,1,1,1,1,1,1,1,0,0,0,0,0,0,1,0,0,0,0,1,0,0,0,1,0,1
41386735,스타렉스,더 뉴 그랜드 스타렉스,50,1970,68551,2497,12,6,10,0,0,1,1,0,0,1,1,0,1,1,0,0,0,0,0,0,0,0,1,0,0,0,0,1,0,1,1,0
41386908,팰리세이드,더 뉴 팰리세이드,107,3350,51014,3778,7,3,0,0,1,1,1,1,1,1,1,1,1,1,0,0,0,0,0,0,1,0,0,0,0,0,1,0,0,1,1,0
41386964,넥쏘,넥쏘,28,2200,41941,0,5,3,5,1,1,1,1,1,1,1,1,1,1,1,0,0,0,0,0,0,0,0,0,0,1,0,0,0,1,1,1,0
41387062,아반떼,더 뉴 아반떼 (CN7),62,2620,3402,1598,5,1,0,0,1,1,1,1,1,1,1,1,1,1,0,0,0,0,0,0,1,0,0,0,0,1,0,0,0,1,0,1
41387808,스타리아,스타리아,51,3220,50124,2199,7,5,14,1,1,1,1,1,1,1,1,1,1,1,0,0,0,0,0,0,0,0,1,0,0,0,1,0,0,1,1,0
41388873,그랜저,그랜저 IG,27,1950,43135,2359,5,7,1,0,0,1,1,1,1,1,1,1,1,1,0,0,0,0,0,0,1,0,0,0,0,0,1,0,0,1,0,1
41388888,쏘나타,쏘나타 (DN8),57,1780,71444,1999,5,7,2,0,1,1,1,1,1,1,1,0,1,1,0,0,0,0,0,0,1,0,0,0,0,1,0,0,0,1,0,1
41388982,싼타페,싼타페 TM,56,2390,83328,2199,5,8,3,0,1,1,1,1,1,1,1,1,1,1,0,0,0,0,0,0,0,0,1,0,0,1,0,0,0,1,1,0
41389088,싼타페,더 뉴 싼타페,56,2670,100072,1598,5,4,0,0,1,1,1,1,1,1,1,1,1,1,0,0,0,0,0,0,0,1,0,0,0,1,0,0,0,1,1,0
41389196,그랜저,그랜저 하이브리드 (GN7),27,4150,26926,1598,5,2,0,0,1,1,1,1,1,1,1,1,1,1,0,0,0,0,0,0,0,1,0,0,0,1,0,0,0,1,0,1
41389279,아이오닉5,아이오닉5,66,3540,18538,111,5,3,0,0,1,1,1,1,1,1,1,1,1,1,0,0,0,0,0,0,0,0,0,1,0,0,0,1,0,1,0,1
41389297,넥쏘,넥쏘,28,2340,39567,0,5,3,0,1,1,1,1,1,1,1,1,1,1,1,0,0,0,0,0,0,0,0,0,0,1,0,0,0,1,1,1,0
41389592,팰리세이드,팰리세이드,107,2520,75873,3778,7,7,2,1,1,1,1,1,1,1,1,1,1,1,0,0,0,0,0,0,1,0,0,0,0,0,0,0,1,1,1,0
41389684,팰리세이드,더 뉴 팰리세이드,107,3700,29687,3778,7,3,0,0,1,1,1,1,1,1,1,1,1,1,0,0,0,0,0,0,1,0,0,0,0,1,0,0,0,1,1,0
41389706,팰리세이드,팰리세이드 (LX3),107,7360,17,2497,7,0,0,1,1,1,1,1,1,1,1,1,1,1,0,0,0,0,0,0,1,0,0,0,0,1,0,0,0,1,1,0
41389729,팰리세이드,팰리세이드,107,3780,57666,2199,7,4,1,1,1,1,1,1,1,1,1,1,1,1,0,0,0,0,0,0,0,0,1,0,0,1,0,0,0,1,1,0
41389758,그랜저,그랜저 (GN7),27,3260,29397,3470,5,4,2,0,1,1,1,1,1,1,1,1,1,1,0,0,0,0,0,0,1,0,0,0,0,0,1,0,0,1,0,1
41389900,코나,코나,91,1730,11042,1591,5,8,1,0,0,1,1,0,1,1,1,0,1,1,0,0,0,0,0,0,1,0,0,0,0,1,0,0,0,1,1,0
41389916,스타리아,스타리아,51,4270,19046,2199,5,2,2,0,1,1,1,1,1,1,1,1,1,1,0,0,0,0,0,0,0,0,1,0,0,1,0,0,0,1,1,0
41390044,아반떼,더 뉴 아반떼 (CN7),62,2070,54921,1598,5,2,3,0,1,1,1,1,1,1,1,1,1,1,0,0,0,0,0,0,1,0,0,0,0,0,0,1,0,1,0,1
41390450,그랜저,그랜저 (GN7),27,2990,48516,3470,5,3,0,0,1,1,1,1,1,1,1,1,1,1,0,0,0,0,0,0,1,0,0,0,0,0,0,0,1,1,0,1
41390476,싼타페,싼타페 (MX5),56,4050,14833,2497,7,2,1,0,1,1,1,1,1,1,1,1,1,1,0,0,0,0,0,0,1,0,0,0,0,1,0,0,0,1,1,0
41390598,팰리세이드,팰리세이드,107,2830,86631,2199,7,6,0,0,1,1,1,1,1,1,1,1,1,1,0,0,0,0,0,0,0,0,1,0,0,0,0,1,0,1,1,0
41390975,팰리세이드,팰리세이드,107,2660,75312,3778,7,4,2,0,1,1,1,1,1,1,1,1,1,1,0,0,0,0,0,0,1,0,0,0,0,0,0,0,1,1,1,0
41391554,팰리세이드,더 뉴 팰리세이드,107,3450,32156,3778,7,3,0,0,1,1,1,1,1,1,1,1,1,1,0,0,0,0,0,0,1,0,0,0,0,0,0,0,1,1,1,0
41391600,코나,더 뉴 코나,91,1850,23087,1598,5,6,5,0,0,1,1,1,1,1,1,0,1,1,0,0,0,0,0,0,1,0,0,0,0,0,0,1,0,1,1,0
41392152,싼타페,더 뉴 싼타페,56,2290,62858,2151,5,5,3,0,1,1,1,1,1,1,1,1,1,1,0,0,0,0,0,0,0,0,1,0,0,0,0,1,0,1,1,0
41392715,팰리세이드,팰리세이드,107,2740,121674,2199,7,4,7,0,1,1,1,1,1,1,1,1,1,1,0,0,0,0,0,0,0,0,1,0,0,0,0,1,0,1,1,0
41393110,코나,코나 하이브리드 (SX2),91,3170,31102,1580,5,2,1,0,1,1,1,1,1,1,1,1,1,1,0,0,0,0,0,0,0,1,0,0,0,1,0,0,0,1,1,0
41393571,그랜저,더 뉴 그랜저 IG,27,2580,73486,2497,5,5,2,0,1,1,1,1,1,1,1,1,1,1,0,0,0,0,0,0,1,0,0,0,0,1,0,0,0,1,0,1
41393687,싼타페,싼타페 TM,56,2400,137224,1998,5,7,2,1,0,1,1,1,1,1,1,1,1,1,0,0,0,0,0,0,1,0,0,0,0,0,0,1,0,1,1,0
41394393,싼타페,더 뉴 싼타페,56,2480,73815,2497,5,5,1,0,1,1,1,1,1,1,1,1,1,1,0,0,0,0,0,0,1,0,0,0,0,0,0,0,1,1,1,0
41394457,싼타페,더 뉴 싼타페,56,2749,88113,1598,5,5,2,0,1,1,1,1,1,1,1,1,1,1,0,0,0,0,0,0,0,1,0,0,0,0,1,0,0,1,1,0
41395881,팰리세이드,팰리세이드,107,3290,28714,2199,8,4,0,0,1,1,1,1,1,1,1,1,1,1,0,0,0,0,0,0,0,0,1,0,0,0,0,0,1,1,1,0
41396094,스타리아,스타리아,51,3570,119893,2199,9,3,2,1,1,1,1,1,1,1,1,1,1,1,0,0,0,0,0,0,0,0,1,0,0,1,0,0,0,1,1,0
41396636,팰리세이드,팰리세이드,107,2790,137887,2199,7,7,2,1,1,1,1,1,1,1,1,1,1,1,0,0,0,0,0,0,0,0,1,0,0,1,0,0,0,1,1,0
41396713,팰리세이드,더 뉴 팰리세이드,107,3300,35013,3778,7,3,2,0,1,1,1,1,1,1,1,1,1,1,0,0,0,0,0,0,1,0,0,0,0,0,1,0,0,1,1,0
41396997,투싼,투싼 (NX4),101,2540,54494,1998,5,4,0,0,0,1,1,1,1,1,1,1,1,1,0,0,0,0,0,0,0,0,1,0,0,0,0,1,0,1,1,0
41397033,팰리세이드,팰리세이드,107,2540,107596,2199,7,4,0,0,0,1,1,1,1,1,1,1,1,1,0,0,0,0,0,0,0,0,1,0,0,0,1,0,0,1,1,0
41397054,투싼,투싼 (NX4),101,2590,31769,1998,5,4,2,0,0,1,1,0,1,0,0,0,1,1,0,0,0,0,0,0,0,0,1,0,0,0,0,1,0,1,1,0
41397203,팰리세이드,팰리세이드,107,2630,109548,2199,7,4,2,0,0,1,1,1,1,1,1,1,1,1,0,0,0,0,0,0,0,0,1,0,0,0,1,0,0,1,1,0
41397448,싼타페,더 뉴 싼타페,56,2510,95860,1598,5,4,0,0,1,1,1,1,1,1,1,1,1,1,0,0,0,0,0,0,0,1,0,0,0,1,0,0,0,1,1,0
41397622,아반떼,더 뉴 아반떼 (CN7),62,9999,59710,1591,5,2,2,0,0,0,0,0,0,0,0,0,0,1,0,0,0,0,0,1,0,0,0,0,0,1,0,0,0,1,0,1
41398131,아이오닉5,아이오닉5,66,2290,148541,111,5,5,2,0,0,0,0,0,0,0,0,0,0,1,0,0,0,0,0,0,0,0,0,1,0,0,0,1,0,1,0,1
41398732,투싼,투싼 (NX4),101,2790,57928,1998,5,5,0,0,1,1,1,1,1,1,1,1,1,1,0,0,0,0,0,0,0,0,1,0,0,0,0,1,0,1,1,0
41398937,그랜저,더 뉴 그랜저 IG,27,2270,99022,2497,5,6,1,0,1,1,1,1,1,1,1,1,1,1,0,0,0,0,0,0,1,0,0,0,0,1,0,0,0,1,0,1
41399873,스타리아,스타리아,51,3725,113307,2199,7,5,0,1,1,1,1,1,1,1,1,1,1,1,0,0,0,0,0,0,0,0,1,0,0,0,1,0,0,1,1,0
41400408,팰리세이드,팰리세이드,107,2520,98068,2199,7,6,11,0,1,1,1,1,1,1,1,1,1,1,0,0,0,0,0,0,0,0,1,0,0,0,0,0,1,1,1,0
41401731,팰리세이드,팰리세이드,107,2650,142494,3778,7,5,0,1,1,1,1,1,1,1,1,1,1,1,0,0,0,0,0,0,1,0,0,0,0,1,0,0,0,1,1,0
41401779,그랜저,더 뉴 그랜저 IG,27,1720,56208,2999,5,5,28,1,1,1,1,1,1,1,1,1,1,1,0,0,0,0,0,1,0,0,0,0,0,1,0,0,0,1,0,1
41402007,쏘나타,쏘나타 하이브리드 (DN8),57,2090,102111,1999,5,7,2,0,1,1,1,1,1,1,1,1,1,1,0,0,0,0,0,0,0,1,0,0,0,1,0,0,0,1,0,1
41402067,그랜저,그랜저 하이브리드 (GN7),27,4799,21404,1598,5,1,0,1,1,1,1,1,1,1,1,1,1,1,0,0,0,0,0,0,0,1,0,0,0,1,0,0,0,1,0,1
41402212,싼타페,더 뉴 싼타페,56,3900,72916,1598,7,4,1,1,1,1,1,1,1,1,1,1,1,1,0,0,0,0,0,0,0,1,0,0,0,1,0,0,0,1,1,0
41404199,팰리세이드,팰리세이드,107,3450,31957,3778,7,4,2,1,1,1,1,1,1,1,1,1,1,1,0,0,0,0,0,0,1,0,0,0,0,1,0,0,0,1,1,0
41404551,팰리세이드,팰리세이드,107,2890,106942,2199,7,5,8,1,1,1,1,1,1,1,1,1,1,1,0,0,0,0,0,0,0,0,1,0,0,0,0,1,0,1,1,0
41404892,아반떼,더 뉴 아반떼 (CN7),62,2240,74705,1598,5,3,1,0,1,1,1,1,1,1,1,1,1,1,0,0,0,0,0,0,1,0,0,0,0,1,0,0,0,1,0,1
41405081,그랜저,그랜저 IG,27,1890,27453,2359,5,8,3,0,0,1,1,1,1,1,1,1,1,1,0,0,0,0,0,0,1,0,0,0,0,0,0,1,0,1,0,1
41405407,스타렉스,더 뉴 그랜드 스타렉스,50,2378,43401,2497,9,8,6,1,0,1,1,1,0,1,1,1,1,1,0,0,0,0,0,0,0,0,1,0,0,0,0,0,1,1,1,0
41405586,스타리아,스타리아,51,3640,77721,2199,9,3,4,0,1,1,1,1,1,1,1,1,1,1,0,0,0,0,0,0,0,0,1,0,0,0,0,1,0,1,1,0
41405792,싼타페,더 뉴 싼타페,56,3350,48642,1598,5,5,0,1,1,1,1,1,1,1,1,1,1,1,0,0,0,0,0,0,0,1,0,0,0,1,0,0,0,1,1,0
41405950,팰리세이드,팰리세이드,107,3090,27369,3778,7,5,2,1,1,1,1,1,1,1,1,1,1,1,0,0,0,0,0,0,1,0,0,0,0,0,1,0,0,1,1,0
41406019,팰리세이드,팰리세이드,107,2930,52393,2199,7,7,3,1,1,1,1,1,1,1,1,1,1,1,0,0,0,0,0,0,0,0,1,0,0,0,1,0,0,1,1,0
41406252,아반떼,더 뉴 아반떼 (CN7),62,2560,14302,1598,5,2,0,0,1,1,1,1,1,1,1,1,1,1,0,0,0,0,0,0,1,0,0,0,0,1,0,0,0,1,0,1
41406478,아이오닉6,아이오닉6,67,3230,50835,111,5,4,3,0,1,1,1,1,1,1,1,1,1,1,0,0,0,0,0,0,0,0,0,1,0,0,1,0,0,1,0,1
41407219,투싼,투싼 (NX4),101,2790,48552,1998,5,5,3,0,1,1,1,1,1,1,1,1,1,1,0,0,0,0,0,0,0,0,1,0,0,0,0,1,0,1,1,0
41407530,팰리세이드,팰리세이드,107,1790,183158,3778,8,7,0,0,1,1,1,1,1,1,1,1,1,1,0,0,0,0,0,0,1,0,0,0,0,0,0,0,1,1,1,0
41407697,그랜저,더 뉴 그랜저 IG,27,2460,68176,2497,5,6,0,0,1,1,1,1,1,1,1,1,1,1,0,0,0,0,0,0,1,0,0,0,0,0,0,1,0,1,0,1
41407730,그랜저,더 뉴 그랜저 IG,27,1999,119601,2497,5,5,7,0,1,1,1,1,1,1,1,1,1,1,0,0,0,0,0,0,1,0,0,0,0,0,1,0,0,1,0,1
41407967,팰리세이드,팰리세이드,107,3240,59377,2199,7,5,0,1,1,1,1,1,1,1,1,1,1,1,0,0,0,0,0,0,0,0,1,0,0,1,0,0,0,1,1,0
41408171,팰리세이드,더 뉴 팰리세이드,107,4950,24244,2199,7,2,0,1,1,1,1,1,1,1,1,1,1,1,0,0,0,0,0,0,0,0,1,0,0,1,0,0,0,1,1,0
41408193,투싼,투싼 하이브리드 (NX4),101,2890,65298,1598,5,4,2,1,1,1,1,1,1,1,1,1,1,1,0,0,0,0,0,0,0,1,0,0,0,0,0,1,0,1,1,0
41408213,싼타페,싼타페 TM,56,2530,68754,2199,7,7,0,1,1,1,1,1,1,1,1,1,1,1,0,0,0,0,0,0,0,0,1,0,0,0,0,0,1,1,1,0
41408239,투싼,투싼 하이브리드 (NX4),101,2980,38685,1598,5,5,7,1,1,1,1,1,1,1,1,1,1,1,0,0,0,0,0,0,0,1,0,0,0,1,0,0,0,1,1,0
41408277,그랜저,그랜저 (GN7),27,3420,20460,2497,5,3,2,0,1,1,1,1,1,1,1,1,1,1,0,0,0,0,0,0,1,0,0,0,0,0,0,1,0,1,0,1
41408292,그랜저,그랜저 (GN7),27,3480,22691,3470,5,1,0,0,1,1,1,1,1,1,1,1,1,1,0,0,0,0,0,1,0,0,0,0,0,1,0,0,0,1,0,1
41408902,그랜저,더 뉴 그랜저 IG,27,2700,31518,2497,5,4,2,0,1,1,1,1,1,1,1,1,1,1,0,0,0,0,0,0,1,0,0,0,0,0,0,1,0,1,0,1
41409068,캐스퍼,캐스퍼 일렉트릭,88,2950,10116,158,4,1,0,1,1,1,1,1,1,1,1,1,1,1,0,0,0,0,0,0,0,0,0,1,0,1,0,0,0,1,0,1
41409103,그랜저,더 뉴 그랜저 IG 하이브리드,27,1899,163954,2359,5,4,5,0,1,1,1,1,1,1,1,1,1,1,0,0,0,0,0,0,0,1,0,0,0,0,1,0,0,1,0,1
41409253,스타리아,스타리아,51,3790,34713,2199,9,5,9,0,1,1,1,1,1,1,1,1,1,1,0,0,0,0,0,0,0,0,1,0,0,0,0,0,1,1,1,0
41409509,그랜저,더 뉴 그랜저 IG,27,2320,103379,3342,5,5,2,0,1,1,1,1,1,1,1,1,1,1,0,0,0,0,0,0,1,0,0,0,0,0,0,1,0,1,0,1
41410258,팰리세이드,팰리세이드,107,3190,114977,2199,7,4,0,0,1,1,1,1,1,1,1,1,1,1,0,0,0,0,0,0,0,0,1,0,0,1,0,0,0,1,1,0
41410392,아반떼,아반떼 (CN7),62,1950,67873,1598,5,5,3,0,1,1,1,1,1,1,1,1,1,1,0,0,0,0,0,0,1,0,0,0,0,0,0,1,0,1,0,1
41410581,팰리세이드,팰리세이드,107,2980,32372,3778,7,5,2,1,1,1,1,1,1,1,1,1,1,1,0,0,0,0,0,0,1,0,0,0,0,1,0,0,0,1,1,0
41410602,캐스퍼,캐스퍼,88,1730,8194,998,4,4,0,0,0,1,1,1,1,1,1,1,1,1,0,0,0,0,0,0,1,0,0,0,0,0,0,1,0,1,0,1
41410765,쏘나타,쏘나타 (DN8),57,2529,85087,1999,5,3,0,0,1,1,1,1,1,1,1,1,1,1,0,0,0,0,0,0,1,0,0,0,0,0,1,0,0,1,0,1
41410774,그랜저,더 뉴 그랜저 IG,27,1800,82917,2497,5,6,11,0,1,1,1,1,1,1,1,0,1,1,0,0,0,0,0,0,1,0,0,0,0,0,1,0,0,1,0,1
41410837,싼타페,더 뉴 싼타페,56,3950,30166,1598,5,3,3,0,1,1,1,1,1,1,1,1,1,1,0,0,0,0,0,0,0,1,0,0,0,1,0,0,0,1,1,0
41410914,팰리세이드,팰리세이드,107,3090,90021,2199,7,6,2,1,1,1,1,1,1,1,1,1,1,1,0,0,0,0,0,0,0,0,1,0,0,0,0,0,1,1,1,0
41411274,싼타페,더 뉴 싼타페,56,2600,80013,2497,5,5,2,0,1,1,1,1,1,1,1,1,1,1,0,0,0,0,0,0,1,0,0,0,0,1,0,0,0,1,1,0
41411309,팰리세이드,팰리세이드,107,2790,116053,2199,7,7,0,0,1,1,1,1,1,1,1,1,1,1,0,0,0,0,0,0,0,0,1,0,0,0,0,1,0,1,1,0
41411473,싼타페,싼타페 TM,56,2190,110547,1995,7,7,6,1,1,1,1,1,1,1,1,1,1,1,0,0,0,0,0,0,0,0,1,0,0,0,0,0,1,1,1,0
41411479,아이오닉5,아이오닉5,66,3989,39595,111,5,2,2,1,1,1,1,1,1,1,1,1,1,1,0,0,0,0,0,0,0,0,0,1,0,0,0,1,0,1,0,1
41411694,그랜저,그랜저 하이브리드 (GN7),27,2939,129629,1598,5,3,0,0,1,1,1,1,1,1,1,1,1,1,0,0,0,0,0,0,0,1,0,0,0,0,1,0,0,1,0,1
41412231,팰리세이드,팰리세이드,107,3430,71851,2199,7,5,0,1,1,1,1,1,1,1,1,1,1,1,0,0,0,0,0,0,0,0,1,0,0,1,0,0,0,1,1,0
41412443,투싼,투싼 (NX4),101,2360,55991,1598,5,6,10,0,1,1,1,1,1,1,1,1,1,1,0,0,0,0,0,0,1,0,0,0,0,1,0,0,0,1,1,0
41412452,투싼,투싼 (NX4),101,2340,55033,1998,5,4,0,0,0,1,1,1,1,1,1,1,1,1,0,0,0,0,0,0,0,0,1,0,0,0,0,1,0,1,1,0
41413206,투싼,올 뉴 투싼,101,1790,69803,1591,5,6,1,0,0,1,1,1,1,1,1,1,1,1,0,0,0,0,0,0,1,0,0,0,0,1,0,0,0,1,1,0
41413574,아반떼,더 뉴 아반떼 (CN7),62,2140,16025,1598,5,3,3,0,1,1,1,1,1,1,1,1,1,1,0,0,0,0,0,0,1,0,0,0,0,0,1,0,0,1,0,1
41413695,캐스퍼,더 뉴 캐스퍼,88,2390,2088,998,4,1,0,1,1,1,1,1,1,1,1,1,1,1,0,0,0,0,0,0,1,0,0,0,0,1,0,0,0,1,0,1
41413968,팰리세이드,팰리세이드,107,2850,59335,3778,7,6,1,1,1,1,1,1,1,1,1,1,1,1,0,0,0,0,0,0,1,0,0,0,0,0,0,0,1,1,1,0
41414044,팰리세이드,팰리세이드,107,2650,77160,3778,7,7,1,1,1,1,1,1,1,1,1,1,1,1,0,0,0,0,0,0,1,0,0,0,0,1,0,0,0,1,1,0
41414272,싼타페,더 뉴 싼타페,56,3330,42540,1598,5,4,0,1,1,1,1,1,1,1,1,1,1,1,0,0,0,0,0,0,0,1,0,0,0,1,0,0,0,1,1,0
41414462,아반떼,아반떼 (CN7),62,2300,13657,1598,5,4,3,0,1,1,1,1,1,1,1,1,1,1,0,0,0,0,0,0,1,0,0,0,0,1,0,0,0,1,0,1
41415705,싼타페,싼타페 TM,56,2030,114335,1995,5,8,2,0,1,1,1,1,1,1,1,1,1,1,0,0,0,0,0,0,0,0,1,0,0,0,0,0,1,1,1,0
41415873,스타렉스,더 뉴 그랜드 스타렉스,50,1710,31965,2497,5,6,3,0,0,1,0,0,0,0,1,0,1,1,0,0,0,0,0,0,0,0,1,0,0,0,0,1,0,1,1,0
41416029,팰리세이드,더 뉴 팰리세이드,107,3740,27820,3778,7,3,0,1,1,1,1,1,1,1,1,1,1,1,0,0,0,0,0,0,1,0,0,0,0,0,0,0,1,1,1,0
41416328,쏘나타,쏘나타 디 엣지 하이브리드(DN8),57,2970,17225,1999,5,3,0,0,1,1,1,1,1,0,1,1,1,1,0,0,0,0,0,0,0,1,0,0,0,1,0,0,0,1,0,1
41417002,싼타페,싼타페 (MX5),56,7777,27184,2497,5,2,1,1,1,1,1,1,1,1,1,1,1,1,0,0,0,0,0,0,1,0,0,0,0,0,0,1,0,1,1,0
41417330,그랜저,더 뉴 그랜저 IG,27,2330,108786,2497,5,4,2,0,1,1,1,1,1,1,1,1,1,1,0,0,0,0,0,0,1,0,0,0,0,0,0,1,0,1,0,1
41417717,그랜저,그랜저 하이브리드 (GN7),27,4050,44447,1598,5,2,0,0,1,1,1,1,1,1,1,1,1,1,0,0,0,0,0,0,0,1,0,0,0,0,1,0,0,1,0,1
41417938,아반떼,아반떼 (CN7),62,1850,57585,1598,5,6,0,0,0,1,1,1,1,1,1,1,1,1,0,0,0,0,0,0,1,0,0,0,0,1,0,0,0,1,0,1
41418005,아이오닉5,아이오닉5,66,2990,67588,111,5,4,4,1,1,1,1,1,1,1,1,1,1,1,0,0,0,0,0,0,0,0,0,1,0,1,0,0,0,1,0,1
41418251,팰리세이드,팰리세이드,107,2590,117601,2199,7,7,5,0,1,1,1,1,1,1,1,1,1,1,0,0,0,0,0,0,0,0,1,0,0,1,0,0,0,1,1,0
41418982,아반떼,더 뉴 아반떼 하이브리드 (CN7),62,2300,56588,1580,5,3,4,0,1,1,1,1,1,1,1,1,1,1,0,0,0,0,0,0,0,1,0,0,0,0,0,1,0,1,0,1
41419141,투싼,투싼 (NX4),101,2570,71471,1598,5,4,3,1,1,1,1,1,1,1,1,1,1,1,0,0,0,0,0,0,1,0,0,0,0,1,0,0,0,1,1,0
41419735,쏘나타,쏘나타 디 엣지 하이브리드(DN8),57,2890,66972,1999,5,3,1,0,1,1,1,1,1,1,1,1,1,1,0,0,0,0,0,0,0,1,0,0,0,0,0,1,0,1,0,1
41420015,쏘나타,쏘나타 디 엣지(DN8),57,3090,4139,1598,5,1,0,0,1,1,1,1,1,1,1,1,1,1,0,0,0,0,0,0,1,0,0,0,0,1,0,0,0,1,0,1
41420286,투싼,올 뉴 투싼,101,9999,74333,1995,5,11,2,1,1,1,1,1,1,1,1,1,1,1,0,0,0,0,0,0,0,0,1,0,0,0,0,1,0,1,1,0
41420296,쏘나타,쏘나타 (DN8),57,1750,87131,1999,5,7,2,0,1,1,1,1,1,1,1,1,1,1,0,0,0,0,0,0,1,0,0,0,0,0,0,0,1,1,0,1
41420580,싼타페,싼타페 TM,56,2390,81565,2199,7,8,1,1,1,1,1,1,1,0,1,1,1,1,0,0,0,0,0,0,0,0,1,0,0,0,0,1,0,1,1,0
41420668,그랜저,더 뉴 그랜저 IG,27,2230,112528,2497,5,4,2,0,1,1,1,1,1,1,1,1,1,1,0,0,0,0,0,0,1,0,0,0,0,0,1,0,0,1,0,1
41421320,싼타페,더 뉴 싼타페,56,2930,57717,2497,5,3,1,0,1,1,1,1,1,1,1,1,1,1,0,0,0,0,0,0,1,0,0,0,0,1,0,0,0,1,1,0
41421601,싼타페,싼타페 TM,56,2430,94842,1995,5,7,0,0,1,1,1,1,1,1,1,1,1,1,0,0,0,0,0,0,0,0,1,0,0,0,0,1,0,1,1,0
41421629,그랜저,더 뉴 그랜저 IG,27,2160,54518,2497,5,5,7,1,1,1,1,1,1,1,1,1,1,1,0,0,0,0,0,0,1,0,0,0,0,0,0,1,0,1,0,1
41421940,팰리세이드,팰리세이드,107,2460,73946,3778,7,7,0,1,1,1,1,1,1,1,1,1,1,1,0,0,0,0,0,0,1,0,0,0,0,0,0,0,1,1,1,0
41422069,스타렉스,더 뉴 그랜드 스타렉스,50,2130,45008,2497,9,6,3,0,0,1,1,0,0,0,1,0,1,1,0,0,0,0,0,0,0,0,1,0,0,0,1,0,0,1,1,0
41422458,아이오닉5,아이오닉5,66,3100,22170,111,5,4,6,0,1,1,1,1,1,1,1,1,1,1,0,0,0,0,0,0,0,0,0,1,0,0,0,1,0,1,0,1
41422589,팰리세이드,팰리세이드,107,2730,87416,3778,8,5,0,1,1,1,1,1,1,1,1,1,1,1,0,0,0,0,0,0,1,0,0,0,0,0,1,0,0,1,1,0
41422750,싼타페,싼타페 (MX5),56,3720,22768,1598,7,2,2,0,1,1,1,1,1,1,1,1,1,1,0,0,0,0,0,0,0,1,0,0,0,0,0,1,0,1,1,0
41423075,팰리세이드,팰리세이드,107,2470,184603,2199,7,7,11,1,1,1,1,1,1,1,1,1,1,1,0,0,0,0,0,0,0,0,1,0,0,0,0,1,0,1,1,0
41423212,싼타페,더 뉴 싼타페,56,2490,62158,2151,5,6,2,0,1,1,1,1,1,1,1,1,1,1,0,0,0,0,0,0,0,0,1,0,0,1,0,0,0,1,1,0
41423256,쏘나타,쏘나타 하이브리드 (DN8),57,2220,121703,1999,5,6,1,1,1,1,1,1,1,1,1,1,1,1,0,0,0,0,0,0,0,1,0,0,0,1,0,0,0,1,0,1
41423535,넥쏘,넥쏘,28,2390,30910,0,5,3,0,1,1,1,1,1,1,1,1,1,1,1,0,0,0,0,0,0,0,0,0,0,1,0,0,0,1,1,1,0
41423930,투싼,올 뉴 투싼,101,1750,61635,1591,5,7,9,0,0,1,1,1,1,1,1,1,1,1,0,0,0,0,0,0,1,0,0,0,0,0,0,1,0,1,1,0
41423943,싼타페,싼타페 TM,56,2330,46084,1998,5,6,0,1,1,1,1,1,1,1,1,1,1,1,0,0,0,0,0,0,1,0,0,0,0,0,0,0,1,1,1,0
41424037,스타리아,스타리아,51,3170,18887,2199,3,1,0,0,1,1,1,1,1,1,1,0,1,1,0,0,0,0,0,0,0,0,1,0,0,1,0,0,0,1,1,0
41424814,싼타페,더 뉴 싼타페,56,2640,59647,2497,5,5,5,0,1,1,1,1,1,1,1,1,1,1,0,0,0,0,0,0,1,0,0,0,0,0,0,1,0,1,1,0
41425178,캐스퍼,캐스퍼,88,1850,18525,998,4,2,2,1,0,1,1,1,1,1,1,1,1,1,0,0,0,0,0,0,1,0,0,0,0,1,0,0,0,1,0,1
41425202,그랜저,그랜저 (GN7),27,3350,32146,2497,5,2,0,0,1,1,1,1,1,1,1,1,1,1,0,0,0,0,0,0,1,0,0,0,0,0,1,0,0,1,0,1
41425283,캐스퍼,캐스퍼,88,1729,45700,998,4,4,2,1,0,1,1,1,1,1,1,1,1,1,0,0,0,0,0,0,1,0,0,0,0,1,0,0,0,1,0,1
41425545,아반떼,아반떼 하이브리드 (CN7),62,2070,43504,1580,5,4,0,0,1,1,1,1,1,1,1,1,1,1,0,0,0,0,0,0,0,1,0,0,0,0,0,0,1,1,0,1
41427246,싼타페,더 뉴 싼타페,56,2210,91846,2151,5,4,8,0,1,1,1,1,1,1,1,1,1,1,0,0,0,0,0,0,0,0,1,0,0,0,1,0,0,1,1,0
41427318,싼타페,더 뉴 싼타페,56,3240,76795,1598,5,3,3,0,1,1,1,1,1,1,1,1,1,1,0,0,0,0,0,0,0,1,0,0,0,0,0,1,0,1,1,0
41427328,팰리세이드,팰리세이드,107,3020,42475,3778,7,4,0,0,1,1,1,1,1,1,1,1,1,1,0,0,0,0,0,0,1,0,0,0,0,1,0,0,0,1,1,0
41427347,그랜저,그랜저 (GN7),27,2490,126785,2497,5,3,0,1,1,1,1,1,1,1,1,1,1,1,0,0,0,0,0,0,1,0,0,0,0,1,0,0,0,1,0,1
41427352,그랜저,그랜저 (GN7),27,3050,52682,2497,5,3,0,0,1,1,1,1,1,1,1,1,1,1,0,0,0,0,0,0,1,0,0,0,0,1,0,0,0,1,0,1
41427456,팰리세이드,더 뉴 팰리세이드,107,3480,70027,2199,7,2,0,0,1,1,1,1,1,1,1,1,1,1,0,0,0,0,0,0,0,0,1,0,0,0,1,0,0,1,1,0
41427505,그랜저,그랜저 (GN7),27,3660,43365,2497,5,3,0,0,1,1,1,1,1,1,1,1,1,1,0,0,0,0,0,0,1,0,0,0,0,1,0,0,0,1,0,1
41427514,그랜저,그랜저 (GN7),27,2950,58697,2497,5,3,0,0,1,1,1,1,1,1,1,1,1,1,0,0,0,0,0,0,1,0,0,0,0,1,0,0,0,1,0,1
41427616,싼타페,더 뉴 싼타페,56,1950,124600,2151,5,5,5,0,1,1,1,1,1,1,1,1,1,1,0,0,0,0,0,0,0,0,1,0,0,1,0,0,0,1,1,0
41428372,싼타페,싼타페 TM,56,1980,80981,1995,5,8,7,0,0,1,1,1,1,1,1,1,1,1,0,0,0,0,0,0,0,0,1,0,0,0,0,1,0,1,1,0
41428543,싼타페,싼타페 (MX5),56,3690,38280,1598,6,2,0,1,1,1,1,1,1,1,1,1,1,1,0,0,0,0,0,0,0,1,0,0,0,0,0,1,0,1,1,0
41428734,아반떼,더 뉴 아반떼 (CN7),62,2699,5719,1598,5,1,1,1,1,1,1,1,1,1,1,1,1,1,0,0,0,0,0,0,1,0,0,0,0,1,0,0,0,1,0,1
41429119,팰리세이드,더 뉴 팰리세이드,107,4750,15042,3778,7,3,0,1,1,1,1,1,1,1,1,1,1,1,0,0,0,0,0,0,1,0,0,0,0,0,1,0,0,1,1,0
41429573,팰리세이드,더 뉴 팰리세이드,107,4790,35621,2199,7,3,1,1,1,1,1,1,1,1,1,1,1,1,0,0,0,0,0,0,0,0,1,0,0,0,0,1,0,1,1,0
41429655,싼타페,싼타페 TM,56,1890,114469,1995,5,7,4,0,1,1,1,1,1,1,1,1,1,1,0,0,0,0,0,0,0,0,1,0,0,0,0,1,0,1,1,0
41429984,팰리세이드,팰리세이드,107,2650,85201,3778,8,7,1,0,1,1,1,1,1,1,1,1,1,1,0,0,0,0,0,0,1,0,0,0,0,1,0,0,0,1,1,0
41430084,스타리아,스타리아,51,2801,18999,2199,7,2,2,0,1,1,1,1,1,1,1,1,1,1,0,0,0,0,0,1,0,0,0,0,0,1,0,0,0,1,1,0
41431567,팰리세이드,팰리세이드,107,2170,181443,2199,7,5,2,0,0,1,1,1,1,1,1,1,1,1,0,0,0,0,0,0,0,0,1,0,0,0,0,0,1,1,1,0
41431571,싼타페,더 뉴 싼타페,56,2470,25799,2151,5,5,6,0,1,1,1,1,1,1,1,1,1,1,0,0,0,0,0,0,0,0,1,0,0,1,0,0,0,1,1,0
41431677,쏘나타,쏘나타 하이브리드 (DN8),57,2170,90619,1999,5,3,2,1,1,1,1,1,1,1,1,1,1,1,0,0,0,0,0,0,0,1,0,0,0,1,0,0,0,1,0,1
41431716,팰리세이드,더 뉴 팰리세이드,107,4350,29275,3778,7,3,0,1,1,1,1,1,1,1,1,1,1,1,0,0,0,0,0,0,1,0,0,0,0,0,1,0,0,1,1,0
41432308,싼타페,더 뉴 싼타페,56,2900,62295,2151,5,6,0,0,1,1,1,1,1,1,1,1,1,1,0,0,0,0,0,0,0,0,1,0,0,1,0,0,0,1,1,0
41432327,쏘나타,쏘나타 (DN8),57,2050,40682,1598,5,5,0,0,1,1,1,1,1,1,1,1,1,1,0,0,0,0,0,0,1,0,0,0,0,0,0,1,0,1,0,1
41432470,스타리아,스타리아,51,3020,19176,2199,11,4,0,0,0,1,1,1,1,1,1,1,1,1,0,0,0,0,0,0,0,0,1,0,0,0,1,0,0,1,1,0
41432743,아반떼,아반떼 (CN7),62,2540,62438,1998,5,5,2,0,1,1,1,1,1,1,1,1,1,1,0,0,0,0,0,0,1,0,0,0,0,0,0,1,0,1,0,1
41432957,코나,더 뉴 코나,91,1899,79505,1999,5,5,0,0,0,1,1,1,1,1,1,0,1,1,0,0,0,0,0,0,1,0,0,0,0,0,0,1,0,1,1,0
41433381,팰리세이드,팰리세이드,107,2720,101459,2199,8,4,6,0,1,1,1,1,1,1,1,1,1,1,0,0,0,0,0,0,0,0,1,0,0,0,1,0,0,1,1,0
41433711,캐스퍼,캐스퍼 일렉트릭,88,2850,8778,158,4,2,0,0,1,1,1,1,1,1,1,1,1,1,0,0,0,0,0,0,0,0,0,1,0,1,0,0,0,1,0,1
41433917,싼타페,더 뉴 싼타페,56,2250,130825,2151,5,5,0,0,1,1,1,1,1,1,1,1,1,1,0,0,0,0,0,0,0,0,1,0,0,1,0,0,0,1,1,0
41434001,팰리세이드,팰리세이드,107,3080,64961,2199,8,5,4,0,1,1,1,1,1,1,1,1,1,1,0,0,0,0,0,0,0,0,1,0,0,1,0,0,0,1,1,0
41434230,싼타페,더 뉴 싼타페,56,2144,144408,2151,5,4,0,0,1,1,1,1,1,1,1,1,1,1,0,0,0,0,0,0,0,0,1,0,0,0,0,1,0,1,1,0
41434233,싼타페,더 뉴 싼타페,56,2144,159305,2151,5,4,0,0,1,1,1,1,1,1,1,1,1,1,0,0,0,0,0,0,0,0,1,0,0,0,0,1,0,1,1,0
41435465,아반떼,아반떼 AD,62,2222,82824,1591,5,9,1,0,0,1,1,0,1,1,1,0,1,1,0,0,0,0,0,0,1,0,0,0,0,1,0,0,0,1,0,1
41435889,쏘나타,쏘나타 (DN8),57,1940,26500,1999,5,5,2,0,1,1,1,0,1,0,1,0,1,1,0,0,0,0,0,0,1,0,0,0,0,0,0,1,0,1,0,1
41436072,싼타페,싼타페 (MX5),56,4030,29719,2497,6,3,1,0,1,1,1,1,1,1,1,1,1,1,0,0,0,0,0,0,1,0,0,0,0,0,1,0,0,1,1,0
41436761,넥쏘,넥쏘,28,2370,37535,0,5,3,0,1,1,1,1,1,1,1,1,1,1,1,0,0,0,0,0,0,0,0,0,0,1,0,0,0,1,1,1,0
41436965,팰리세이드,팰리세이드,107,2390,113597,2199,7,6,1,0,1,1,1,1,1,1,1,1,1,1,0,0,0,0,0,0,0,0,1,0,0,0,0,0,1,1,1,0
41437025,코나,코나 (SX2),91,2999,4418,1598,5,2,0,0,1,1,1,1,1,1,1,1,1,1,0,0,0,0,0,0,1,0,0,0,0,1,0,0,0,1,1,0
41437454,그랜저,더 뉴 그랜저 IG,27,2270,96357,2497,5,6,2,0,1,1,1,1,1,1,1,1,1,1,0,0,0,0,0,0,1,0,0,0,0,0,0,1,0,1,0,1
41438118,팰리세이드,팰리세이드,107,9999,148423,3778,7,4,2,1,1,1,1,1,1,1,1,1,1,1,0,0,0,0,0,0,1,0,0,0,0,1,0,0,0,1,1,0
41438210,팰리세이드,더 뉴 팰리세이드,107,3400,62524,2199,7,4,4,0,1,1,1,1,1,1,1,1,1,1,0,0,0,0,0,0,0,0,1,0,0,0,0,1,0,1,1,0
41439501,팰리세이드,팰리세이드,107,2290,84169,3778,7,6,8,0,1,1,1,1,1,1,1,1,1,1,0,0,0,0,0,0,1,0,0,0,0,1,0,0,0,1,1,0
41439604,스타리아,스타리아,51,2490,50859,2199,11,5,2,0,0,1,0,0,0,0,1,0,0,1,0,0,0,0,0,0,0,0,1,0,0,0,1,0,0,1,1,0
41440988,코나,코나 일렉트릭 (SX2),91,2990,67354,180,5,3,0,0,1,1,1,1,1,1,1,1,1,1,0,0,0,0,0,0,0,0,0,1,0,1,0,0,0,1,1,0
41441262,그랜저,더 뉴 그랜저 IG,27,2130,57512,2497,5,6,7,1,1,1,1,1,1,1,1,1,1,1,0,0,0,0,0,0,1,0,0,0,0,1,0,0,0,1,0,1
41441273,코나,코나,91,1799,17774,1591,5,7,2,0,0,1,1,1,1,1,1,1,1,1,0,0,0,0,0,0,1,0,0,0,0,1,0,0,0,1,1,0
41442877,그랜저,더 뉴 그랜저 IG 하이브리드,27,1980,117873,2359,5,6,4,0,1,1,1,1,1,1,1,0,1,1,0,0,0,0,0,0,0,1,0,0,0,0,1,0,0,1,0,1
41442961,팰리세이드,팰리세이드,107,2580,136759,2199,8,7,2,0,1,1,1,1,1,1,1,1,1,1,0,0,0,0,0,0,0,0,1,0,0,0,0,1,0,1,1,0
41442985,아반떼,아반떼 (CN7),62,1999,33536,1598,5,5,0,0,1,1,1,1,1,1,1,1,1,1,0,0,0,0,0,0,1,0,0,0,0,1,0,0,0,1,0,1
41443035,그랜저,더 뉴 그랜저 IG,27,1860,137923,2999,5,4,5,0,1,1,1,1,1,1,1,1,1,1,0,0,0,0,0,1,0,0,0,0,0,0,1,0,0,1,0,1
41443080,투싼,투싼 (NX4),101,2499,77366,1998,5,4,1,0,0,1,1,1,1,1,1,1,1,1,0,0,0,0,0,0,0,0,1,0,0,1,0,0,0,1,1,0
41443194,팰리세이드,팰리세이드,107,3570,53802,2199,7,5,0,0,1,1,1,1,1,1,1,1,1,1,0,0,0,0,0,0,0,0,1,0,0,1,0,0,0,1,1,0
41443326,그랜저,더 뉴 그랜저 IG,27,2069,134175,2497,5,5,1,0,1,1,1,1,1,1,1,1,1,1,0,0,0,0,0,0,1,0,0,0,0,0,1,0,0,1,0,1
41443427,그랜저,더 뉴 그랜저 IG,27,1999,165936,2999,5,6,1,0,1,1,1,1,1,1,1,1,1,1,0,0,0,0,0,1,0,0,0,0,0,0,1,0,0,1,0,1
41443823,제네시스,제네시스 DH,81,1839,50245,3342,5,10,7,0,1,1,1,1,1,1,1,1,1,1,0,0,0,0,0,0,1,0,0,0,0,0,0,0,1,1,0,1
41443942,아반떼,아반떼 하이브리드 (CN7),62,1790,131900,1580,5,4,4,0,1,1,1,1,1,1,1,1,1,1,0,0,0,0,0,0,0,1,0,0,0,0,0,1,0,1,0,1
41444036,스타리아,스타리아,51,2870,76888,3470,7,4,6,1,1,1,1,1,1,1,1,1,1,1,0,0,0,0,0,1,0,0,0,0,0,0,1,0,0,1,1,0
41444297,캐스퍼,캐스퍼,88,9999,911,998,4,2,1,0,0,1,1,1,1,1,1,1,1,1,0,0,0,0,0,0,1,0,0,0,0,1,0,0,0,1,0,1
41444497,아이오닉5,아이오닉5,66,3250,69692,111,5,4,0,0,1,1,1,1,1,1,1,1,1,1,0,0,0,0,0,0,0,0,0,1,0,1,0,0,0,1,0,1
41444588,팰리세이드,팰리세이드,107,3350,63268,2199,7,6,5,0,1,1,1,1,1,1,1,1,1,1,0,0,0,0,0,0,0,0,1,0,0,1,0,0,0,1,1,0
41444835,팰리세이드,더 뉴 팰리세이드,107,3550,27535,3778,7,3,0,0,1,1,1,1,1,1,1,1,1,1,0,0,0,0,0,0,1,0,0,0,0,1,0,0,0,1,1,0
41444933,아반떼,더 뉴 아반떼 AD,62,7777,43154,1591,5,7,1,0,0,1,1,1,1,1,1,1,1,1,0,0,0,0,0,1,0,0,0,0,0,0,0,1,0,1,0,1
41445047,코나,코나 하이브리드,91,2270,43255,1580,5,6,1,0,1,1,1,1,1,1,1,1,1,1,0,0,0,0,0,0,0,1,0,0,0,0,0,1,0,1,1,0
41445053,팰리세이드,팰리세이드,107,2450,80698,2199,7,7,2,0,1,1,1,1,1,1,1,1,1,1,0,0,0,0,0,0,0,0,1,0,0,1,0,0,0,1,1,0
41445242,스타리아,스타리아,51,3280,4680,3470,9,1,2,1,0,1,1,1,1,1,1,0,1,1,0,0,0,0,0,1,0,0,0,0,0,1,0,0,0,1,1,0
41445304,그랜저,더 뉴 그랜저 IG,27,1870,127835,2497,5,6,3,0,1,1,1,1,1,1,1,1,1,1,0,0,0,0,0,0,1,0,0,0,0,0,0,0,1,1,0,1
41445621,싼타페,싼타페 TM,56,2350,59749,1995,7,7,2,1,1,1,1,1,1,1,1,1,1,1,0,0,0,0,0,0,0,0,1,0,0,1,0,0,0,1,1,0
41445763,싼타페,싼타페 (MX5),56,2980,25861,2497,5,2,1,0,1,1,1,1,1,1,1,1,1,1,0,0,0,0,0,0,1,0,0,0,0,0,0,1,0,1,1,0
41445805,아이오닉5,아이오닉5,66,4090,16184,111,5,3,0,1,1,1,1,1,1,1,1,1,1,1,0,0,0,0,0,0,0,0,0,1,0,0,0,1,0,1,0,1
41446868,캐스퍼,캐스퍼,88,1860,31711,998,4,2,3,0,0,1,1,1,1,1,1,1,1,1,0,0,0,0,0,0,1,0,0,0,0,1,0,0,0,1,0,1
41447020,싼타페,싼타페 (MX5),56,3700,33925,1598,5,3,5,0,1,1,1,1,1,1,1,1,1,1,0,0,0,0,0,0,0,1,0,0,0,1,0,0,0,1,1,0
41447131,베뉴,베뉴,45,2010,5008,1598,5,3,0,0,1,1,1,1,1,1,1,1,1,1,0,0,0,0,0,0,1,0,0,0,0,0,0,1,0,1,1,0
41447433,스타리아,스타리아,51,2240,87294,2199,5,4,0,0,0,1,1,1,1,1,1,0,1,1,0,0,0,0,0,0,0,0,1,0,0,1,0,0,0,1,1,0
41447734,투싼,올 뉴 투싼,101,1970,47865,1591,5,6,0,0,0,1,1,1,1,1,1,1,1,1,0,0,0,0,0,0,1,0,0,0,0,0,0,1,0,1,1,0
41447877,싼타페,더 뉴 싼타페,56,2570,104641,2497,5,5,4,0,1,1,1,1,1,1,1,1,1,1,0,0,0,0,0,0,1,0,0,0,0,1,0,0,0,1,1,0
41448046,팰리세이드,팰리세이드,107,3990,55594,2199,7,5,0,1,1,1,1,1,1,1,1,1,1,1,0,0,0,0,0,0,0,0,1,0,0,1,0,0,0,1,1,0
41448236,그랜저,그랜저 하이브리드 (GN7),27,4480,19349,1598,5,2,0,0,1,1,1,1,1,1,1,1,1,1,0,0,0,0,0,0,0,1,0,0,0,0,1,0,0,1,0,1
41448888,그랜저,그랜저 (GN7),27,2999,16050,2497,5,3,2,0,1,1,1,1,1,1,1,1,1,1,0,0,0,0,0,0,1,0,0,0,0,0,0,1,0,1,0,1
41448913,팰리세이드,팰리세이드,107,3700,61679,2199,7,5,0,0,1,1,1,1,1,1,1,1,1,1,0,0,0,0,0,0,0,0,1,0,0,1,0,0,0,1,1,0
41449149,스타리아,스타리아,51,3099,37063,2199,11,3,2,0,0,1,1,1,1,1,1,0,1,1,0,0,0,0,0,0,0,0,1,0,0,0,0,1,0,1,1,0
41449792,팰리세이드,팰리세이드,107,2250,37407,3778,8,7,11,0,0,1,1,1,1,1,1,1,1,1,0,0,0,0,0,0,1,0,0,0,0,0,0,0,1,1,1,0
41450051,투싼,투싼 (NX4),101,2590,87920,1598,5,4,0,0,1,1,1,1,1,1,1,1,1,1,0,0,0,0,0,0,1,0,0,0,0,1,0,0,0,1,1,0
41451045,팰리세이드,팰리세이드,107,3430,88170,2199,7,4,2,1,1,1,1,1,1,1,1,1,1,1,0,0,0,0,0,0,0,0,1,0,0,0,1,0,0,1,1,0
41451050,아반떼,아반떼 (CN7),62,2600,24775,1998,5,4,0,0,1,1,1,1,1,1,1,1,1,1,0,0,0,0,0,0,1,0,0,0,0,0,0,1,0,1,0,1
41451344,쏘나타,쏘나타 (DN8),57,1750,96404,1598,5,4,14,0,1,1,1,1,1,1,1,1,1,1,0,0,0,0,0,0,1,0,0,0,0,0,0,1,0,1,0,1
41451430,그랜저,더 뉴 그랜저 IG,27,2710,54151,3342,5,6,2,1,1,1,1,1,1,1,1,1,1,1,0,0,0,0,0,0,1,0,0,0,0,0,1,0,0,1,0,1
41452459,그랜저,그랜저 IG,27,1950,81706,2999,5,10,3,1,1,1,1,1,1,1,1,1,1,1,0,0,0,0,0,0,1,0,0,0,0,0,0,0,1,1,0,1
41452662,벨로스터,벨로스터 (JS),47,1999,51698,1998,4,6,10,0,1,1,1,1,1,1,1,0,1,1,0,0,0,0,0,0,1,0,0,0,0,1,0,0,0,1,0,1
41453014,팰리세이드,팰리세이드 (LX3),107,4780,17679,2497,7,1,2,0,0,0,0,0,0,0,0,0,0,1,0,0,0,0,0,0,1,0,0,0,0,1,0,0,0,1,1,0
41453427,그랜저,그랜저 (GN7),27,2770,65662,3470,5,4,1,0,1,1,1,1,1,1,1,0,1,1,0,0,0,0,0,1,0,0,0,0,0,0,1,0,0,1,0,1
41453545,투싼,올 뉴 투싼,101,1820,104702,1598,5,6,1,1,1,1,1,1,1,1,1,1,1,1,0,0,0,0,0,0,0,0,1,0,0,0,1,0,0,1,1,0
41453663,팰리세이드,팰리세이드,107,2500,76708,2199,8,5,18,1,1,1,1,1,1,1,1,1,1,1,0,0,0,0,0,0,0,0,1,0,0,1,0,0,0,1,1,0
41454003,팰리세이드,더 뉴 팰리세이드,107,4250,79655,2199,7,4,0,0,1,1,1,1,1,1,1,1,1,1,0,0,0,0,0,0,0,0,1,0,0,0,0,1,0,1,1,0
41454437,스타리아,스타리아,51,2280,155429,3470,9,5,1,1,1,1,1,1,1,1,1,1,1,1,0,0,0,0,0,1,0,0,0,0,0,1,0,0,0,1,1,0
41454612,그랜저,더 뉴 그랜저 IG,27,1830,155177,3342,5,6,2,0,1,1,1,1,1,1,1,1,1,1,0,0,0,0,0,0,1,0,0,0,0,0,1,0,0,1,0,1
41454660,캐스퍼,캐스퍼,88,1790,28805,998,4,4,0,1,0,1,1,1,1,1,1,1,1,1,0,0,0,0,0,0,1,0,0,0,0,0,0,0,1,1,0,1
41454836,스타리아,스타리아,51,2590,33609,2199,11,3,0,0,0,1,1,1,1,1,1,0,0,1,0,0,0,0,0,0,0,0,1,0,0,1,0,0,0,1,1,0
41455090,팰리세이드,팰리세이드,107,3450,77310,2199,8,4,0,1,1,1,1,1,1,1,1,1,1,1,0,0,0,0,0,0,0,0,1,0,0,1,0,0,0,1,1,0
41455157,싼타페,더 뉴 싼타페,56,2590,66354,2151,5,5,1,0,1,1,1,1,1,1,1,1,1,1,0,0,0,0,0,0,0,0,1,0,0,1,0,0,0,1,1,0
41455867,그랜저,더 뉴 그랜저 IG,27,2920,48844,2497,5,4,2,0,1,1,1,1,1,1,1,1,1,1,0,0,0,0,0,0,1,0,0,0,0,0,1,0,0,1,0,1
41456126,팰리세이드,팰리세이드,107,3300,98960,2199,7,6,1,0,1,1,1,1,1,1,1,1,1,1,0,0,0,0,0,0,0,0,1,0,0,0,0,1,0,1,1,0
41457598,팰리세이드,팰리세이드 (LX3),107,6320,11579,2497,7,1,1,1,1,1,1,1,1,1,1,1,1,1,0,0,0,0,0,0,1,0,0,0,0,1,0,0,0,1,1,0
41457907,캐스퍼,캐스퍼,88,1700,3281,998,4,3,0,0,0,1,1,1,1,1,1,1,1,1,0,0,0,0,0,0,1,0,0,0,0,0,0,1,0,1,0,1
41458169,쏘나타,쏘나타 하이브리드 (DN8),57,2450,47302,1999,5,6,4,1,1,1,1,1,1,1,1,1,1,1,0,0,0,0,0,0,0,1,0,0,0,1,0,0,0,1,0,1
41458741,싼타페,싼타페 TM,56,1950,165504,1998,5,8,4,0,1,1,1,1,1,1,1,1,1,1,0,0,0,0,0,0,1,0,0,0,0,1,0,0,0,1,1,0
41458775,싼타페,더 뉴 싼타페,56,3380,89133,1598,5,4,0,1,1,1,1,1,1,1,1,1,1,1,0,0,0,0,0,0,0,1,0,0,0,1,0,0,0,1,1,0
41458967,투싼,투싼 하이브리드 (NX4),101,2449,104423,1598,5,4,4,0,1,1,1,1,1,1,1,1,1,1,0,0,0,0,0,0,0,1,0,0,0,0,0,1,0,1,1,0
41458984,투싼,투싼 (NX4),101,2670,51284,1998,5,4,1,0,1,1,1,1,1,1,1,1,1,1,0,0,0,0,0,0,0,0,1,0,0,1,0,0,0,1,1,0
41459093,싼타페,싼타페 TM,56,1830,77170,2199,5,8,5,0,0,1,1,1,1,1,1,1,1,1,0,0,0,0,0,0,0,0,1,0,0,0,0,1,0,1,1,0
41459299,싼타페,더 뉴 싼타페,56,2990,51214,1598,5,3,2,0,1,1,1,1,1,1,1,1,1,1,0,0,0,0,0,0,0,1,0,0,0,1,0,0,0,1,1,0
41459451,싼타페,더 뉴 싼타페,56,2960,95043,1598,5,3,1,0,1,1,1,1,1,1,1,1,1,1,0,0,0,0,0,0,0,1,0,0,0,0,0,1,0,1,1,0
41459490,투싼,투싼 (NX4),101,2890,29179,1598,5,4,0,0,1,1,1,1,1,1,1,1,1,1,0,0,0,0,0,0,1,0,0,0,0,1,0,0,0,1,1,0
41459516,싼타페,더 뉴 싼타페,56,3690,36624,1598,5,3,0,1,1,1,1,1,1,1,1,1,1,1,0,0,0,0,0,0,0,1,0,0,0,1,0,0,0,1,1,0
41459597,코나,코나 (SX2),91,7744,12909,1598,5,2,0,1,1,1,1,1,1,1,1,1,1,1,0,0,0,0,0,0,1,0,0,0,0,0,0,0,1,1,1,0
41459651,싼타페,더 뉴 싼타페,56,2850,27803,2497,5,4,6,0,1,1,1,1,1,1,1,1,1,1,0,0,0,0,0,0,1,0,0,0,0,1,0,0,0,1,1,0
41459770,팰리세이드,더 뉴 팰리세이드,107,3349,140905,2199,7,4,9,0,1,1,1,1,1,1,1,1,1,1,0,0,0,0,0,0,0,0,1,0,0,0,0,0,1,1,1,0
41459922,그랜저,그랜저 (GN7),27,3999,40618,2497,5,3,0,1,1,1,1,1,1,1,1,1,1,1,0,0,0,0,0,0,1,0,0,0,0,1,0,0,0,1,0,1
41460081,투싼,더 뉴 투싼 (NX4),101,2255,65873,1998,5,2,2,0,1,1,1,1,1,1,0,0,1,1,0,0,0,0,0,0,0,0,1,0,0,0,0,1,0,1,1,0
41460395,팰리세이드,팰리세이드,107,2560,52448,3778,7,5,5,0,1,1,1,1,1,1,1,1,1,1,0,0,0,0,0,0,1,0,0,0,0,1,0,0,0,1,1,0
41460530,그랜저,더 뉴 그랜저 IG,27,2610,53736,2497,5,4,1,0,1,1,1,1,1,1,1,1,1,1,0,0,0,0,0,0,1,0,0,0,0,1,0,0,0,1,0,1
41461010,그랜저,그랜저 (GN7),27,3090,68104,3470,5,4,0,0,1,1,1,1,1,1,1,1,1,1,0,0,0,0,0,0,1,0,0,0,0,0,0,1,0,1,0,1
41461728,아반떼,아반떼 (CN7),62,2650,30777,1998,5,5,4,0,1,1,1,1,1,1,1,0,0,1,0,0,0,0,0,0,1,0,0,0,0,0,0,1,0,1,0,1
41461750,아반떼,더 뉴 아반떼 (CN7),62,2620,4681,1598,5,1,1,1,1,1,1,1,1,1,1,1,1,1,0,0,0,0,0,0,1,0,0,0,0,0,1,0,0,1,0,1
41461882,아이오닉5,아이오닉5,66,2389,144850,111,5,5,3,0,1,1,1,1,1,1,1,1,1,1,0,0,0,0,0,0,0,0,0,1,0,1,0,0,0,1,0,1
41462027,싼타페,더 뉴 싼타페,56,2570,74334,2151,5,4,0,0,1,1,1,1,1,1,1,1,1,1,0,0,0,0,0,0,0,0,1,0,0,0,0,1,0,1,1,0
41462473,아반떼,아반떼 하이브리드 (CN7),62,2260,38058,1580,5,3,2,0,0,1,1,1,1,1,1,1,1,1,0,0,0,0,0,0,0,1,0,0,0,0,0,1,0,1,0,1
41462523,싼타페,더 뉴 싼타페,56,3040,41645,2497,5,4,5,1,1,1,1,1,1,1,1,1,1,1,0,0,0,0,0,0,1,0,0,0,0,1,0,0,0,1,1,0
41462851,코나,코나,91,9999,131253,1591,5,9,4,1,1,1,1,1,1,1,1,1,1,1,0,0,0,0,0,0,1,0,0,0,0,1,0,0,0,1,1,0
41463040,팰리세이드,팰리세이드,107,2850,65037,3778,7,5,9,1,1,1,1,1,1,1,1,1,1,1,0,0,0,0,0,0,1,0,0,0,0,0,1,0,0,1,1,0
41463472,팰리세이드,팰리세이드 (LX3),107,6390,10324,2497,9,1,0,1,1,1,1,1,1,1,1,1,1,1,0,0,0,0,0,0,1,0,0,0,0,0,1,0,0,1,1,0
41463622,싼타페,더 뉴 싼타페,56,2839,121142,2151,5,4,3,1,1,1,1,1,1,1,1,1,1,1,0,0,0,0,0,0,0,0,1,0,0,1,0,0,0,1,1,0
41463657,그랜저,그랜저 (GN7),27,2478,64107,2497,5,2,2,0,1,1,1,1,1,1,1,0,1,1,0,0,0,0,0,0,1,0,0,0,0,0,0,1,0,1,0,1
41463779,팰리세이드,더 뉴 팰리세이드,107,4130,39930,3778,7,4,0,1,1,1,1,1,1,1,1,1,1,1,0,0,0,0,0,0,1,0,0,0,0,1,0,0,0,1,1,0
41463945,투싼,투싼 (NX4),101,2280,32457,1598,5,5,0,0,0,1,1,1,1,1,1,1,1,1,0,0,0,0,0,0,1,0,0,0,0,0,0,0,1,1,1,0
41464015,팰리세이드,팰리세이드,107,3790,71382,2199,7,5,3,1,1,1,1,1,1,1,1,1,1,1,0,0,0,0,0,0,0,0,1,0,0,0,1,0,0,1,1,0
41464155,팰리세이드,팰리세이드,107,2490,96666,3778,7,7,2,1,1,1,1,1,1,1,1,1,1,1,0,0,0,0,0,0,1,0,0,0,0,0,1,0,0,1,1,0
41464263,아이오닉5,아이오닉5,66,1733,137038,0,5,5,2,0,1,1,1,1,1,1,1,1,1,1,0,0,0,0,0,0,0,0,0,1,0,1,0,0,0,1,0,1
41464266,그랜저,더 뉴 그랜저 IG,27,2350,87328,2497,5,6,13,0,1,1,1,1,1,1,1,1,1,1,0,0,0,0,0,0,1,0,0,0,0,0,1,0,0,1,0,1
41464427,싼타페,더 뉴 싼타페,56,2250,119832,2151,5,4,1,0,1,1,1,1,1,1,1,1,1,1,0,0,0,0,0,0,0,0,1,0,0,0,0,1,0,1,1,0
41464510,그랜저,더 뉴 그랜저 IG,27,3020,26000,2497,5,4,8,1,1,1,1,1,1,1,1,1,1,1,0,0,0,0,0,0,1,0,0,0,0,0,1,0,0,1,0,1
41464555,팰리세이드,더 뉴 팰리세이드,107,3500,69543,3778,7,3,0,0,1,1,1,1,1,1,1,1,1,1,0,0,0,0,0,0,1,0,0,0,0,1,0,0,0,1,1,0
41464794,팰리세이드,더 뉴 팰리세이드,107,4890,73998,2199,7,3,5,1,1,1,1,1,1,1,1,1,1,1,0,0,0,0,0,0,0,0,1,0,0,0,1,0,0,1,1,0
41464947,팰리세이드,팰리세이드,107,2650,91740,3778,7,4,2,0,1,1,1,1,1,1,1,1,1,1,0,0,0,0,0,0,1,0,0,0,0,0,0,0,1,1,1,0
41465272,아이오닉5,아이오닉5,66,3149,18559,111,5,4,0,0,1,1,1,1,1,1,1,1,1,1,0,0,0,0,0,0,0,0,0,1,0,1,0,0,0,1,0,1
41466581,아이오닉5,아이오닉5,66,9999,42667,120,5,2,3,1,1,1,1,1,1,1,1,1,1,1,0,0,0,0,0,0,0,0,0,1,0,0,0,1,0,1,0,1
41466718,싼타페,싼타페 TM,56,2450,93219,1998,5,7,2,1,1,1,1,1,1,1,1,1,1,1,0,0,0,0,0,0,1,0,0,0,0,1,0,0,0,1,1,0
41466888,팰리세이드,팰리세이드,107,2870,130270,2199,7,5,1,0,1,1,1,1,1,1,1,1,1,1,0,0,0,0,0,0,0,0,1,0,0,1,0,0,0,1,1,0
41466962,그랜저,그랜저 (GN7),27,3220,59903,3470,5,4,0,0,1,1,1,1,1,1,1,1,1,1,0,0,0,0,0,0,1,0,0,0,0,0,0,1,0,1,0,1
41467004,아이오닉5,아이오닉5,66,2930,54448,111,5,5,5,0,1,1,1,1,1,1,1,1,1,1,0,0,0,0,0,0,0,0,0,1,0,0,1,0,0,1,0,1
41467137,아반떼,아반떼 (CN7),62,2650,28830,1998,5,3,1,0,1,1,1,1,1,1,1,0,1,1,0,0,0,0,0,0,1,0,0,0,0,0,0,1,0,1,0,1
41467226,아반떼,더 뉴 아반떼 (CN7),62,1789,19585,1598,5,3,7,0,1,1,1,1,1,1,1,1,1,1,0,0,0,0,0,0,1,0,0,0,0,0,0,0,1,1,0,1
41467608,팰리세이드,더 뉴 팰리세이드,107,4370,77736,2199,7,3,0,0,1,1,1,1,1,1,1,1,1,1,0,0,0,0,0,0,0,0,1,0,0,1,0,0,0,1,1,0
41467777,아이오닉5,더 뉴 아이오닉5,66,4700,34588,120,5,2,1,1,1,1,1,1,1,1,1,1,1,1,0,0,0,0,0,0,0,0,0,1,0,0,0,1,0,1,0,1
41467780,그랜저,그랜저 IG,27,1820,107794,2999,5,8,8,1,1,1,1,1,1,1,1,1,1,1,0,0,0,0,0,0,1,0,0,0,0,1,0,0,0,1,0,1
41467858,그랜저,그랜저 IG,27,1711,57336,2359,5,9,6,1,1,1,1,1,1,1,1,1,1,1,0,0,0,0,0,0,1,0,0,0,0,1,0,0,0,1,0,1
41468155,팰리세이드,팰리세이드 (LX3),107,5999,10763,2497,9,1,0,1,1,1,1,1,1,1,1,1,1,1,0,0,0,0,0,0,0,1,0,0,0,1,0,0,0,1,1,0
41468817,팰리세이드,팰리세이드 (LX3),107,7890,6,2497,7,1,0,1,1,1,1,1,1,1,1,1,1,1,0,0,0,0,0,0,0,1,0,0,0,1,0,0,0,1,1,0
41469095,아반떼,아반떼 (CN7),62,2030,43859,1598,5,3,1,0,0,1,1,1,1,1,1,1,1,1,0,0,0,0,0,0,1,0,0,0,0,0,1,0,0,1,0,1
41469118,팰리세이드,더 뉴 팰리세이드,107,3499,53989,3778,7,4,3,0,1,1,1,1,1,1,1,1,1,1,0,0,0,0,0,0,1,0,0,0,0,0,0,1,0,1,1,0
41469163,베뉴,베뉴,45,2099,21801,1598,5,1,2,1,1,1,1,1,1,1,1,1,1,1,0,0,0,0,0,0,1,0,0,0,0,1,0,0,0,1,1,0
41469543,캐스퍼,캐스퍼 일렉트릭,88,2770,9252,158,4,1,0,0,1,1,1,1,1,1,1,1,1,1,0,0,0,0,0,0,0,0,0,1,0,0,1,0,0,1,0,1
41469762,쏘나타,쏘나타 디 엣지 하이브리드(DN8),57,3460,3961,1999,5,2,1,0,1,1,1,1,1,1,1,1,1,1,0,0,0,0,0,0,0,1,0,0,0,1,0,0,0,1,0,1
41469785,쏘나타,쏘나타 (DN8),57,1850,76797,1999,5,5,9,0,1,1,1,1,1,1,1,1,1,1,0,0,0,0,0,0,1,0,0,0,0,0,1,0,0,1,0,1
41469990,싼타페,싼타페 (MX5),56,4300,3091,1598,5,2,2,0,1,1,1,1,1,1,1,1,1,1,0,0,0,0,0,0,0,1,0,0,0,0,1,0,0,1,1,0
41470252,그랜저,그랜저 IG 하이브리드,27,2000,77819,2359,5,8,10,0,1,1,1,1,1,1,1,1,1,1,0,0,0,0,0,0,0,1,0,0,0,0,1,0,0,1,0,1
41471750,팰리세이드,팰리세이드,107,2890,70151,2199,7,4,3,0,1,1,1,1,1,1,1,1,1,1,0,0,0,0,0,0,0,0,1,0,0,0,1,0,0,1,1,0
41471806,팰리세이드,팰리세이드,107,2590,68204,2199,7,7,0,0,0,1,1,1,1,1,1,1,1,1,0,0,0,0,0,0,0,0,1,0,0,0,0,0,1,1,1,0
41471951,코나,코나 (SX2),91,2395,13770,1598,5,3,0,0,1,1,1,1,1,1,1,0,1,1,0,0,0,0,0,0,1,0,0,0,0,1,0,0,0,1,1,0
41472353,투싼,투싼 하이브리드 (NX4),101,2599,90992,1598,5,6,3,1,1,1,1,1,1,1,1,1,1,1,0,0,0,0,0,0,0,1,0,0,0,1,0,0,0,1,1,0
41472730,스타리아,스타리아,51,2750,108930,2199,9,3,0,0,0,1,1,1,1,1,1,0,1,1,0,0,0,0,0,0,0,0,1,0,0,0,0,1,0,1,1,0
41472839,그랜저,더 뉴 그랜저 IG,27,2550,50440,2497,5,5,0,0,1,1,1,1,1,1,1,1,1,1,0,0,0,0,0,0,1,0,0,0,0,1,0,0,0,1,0,1
41473312,아반떼,더 뉴 아반떼 (CN7),62,3390,5867,1998,5,1,0,1,1,1,1,1,1,1,1,1,1,1,0,0,0,0,0,0,1,0,0,0,0,0,0,0,1,1,0,1
41473687,싼타페,더 뉴 싼타페,56,2650,63677,2151,5,4,4,0,1,1,1,1,1,1,1,1,1,1,0,0,0,0,0,0,0,0,1,0,0,0,0,1,0,1,1,0
41474131,투싼,투싼 (NX4),101,2290,49735,1598,5,5,0,0,0,1,1,0,1,1,1,1,1,1,0,0,0,0,0,0,1,0,0,0,0,1,0,0,0,1,1,0
41474593,팰리세이드,팰리세이드,107,2370,66747,3778,7,7,0,0,0,1,1,1,1,1,1,1,1,1,0,0,0,0,0,0,1,0,0,0,0,1,0,0,0,1,1,0
41474687,쏘나타,쏘나타 디 엣지 하이브리드(DN8),57,2550,50233,1999,5,3,7,0,1,1,1,1,1,0,1,0,1,1,0,0,0,0,0,0,0,1,0,0,0,1,0,0,0,1,0,1
41474909,그랜저,그랜저 (GN7),27,2930,80474,2497,5,3,2,0,1,1,1,1,1,1,1,1,1,1,0,0,0,0,0,0,1,0,0,0,0,0,0,1,0,1,0,1
41474914,팰리세이드,더 뉴 팰리세이드,107,2736,15500,3778,7,2,2,0,1,1,1,1,1,1,1,1,1,1,0,0,0,0,0,0,1,0,0,0,0,0,1,0,0,1,1,0
41475287,쏘나타,쏘나타 디 엣지(DN8),57,2430,15386,1999,5,2,0,0,1,1,1,1,1,1,1,1,1,1,0,0,0,0,0,1,0,0,0,0,0,0,0,1,0,1,0,1
41475449,팰리세이드,팰리세이드,107,2190,146800,2199,7,7,5,0,0,1,1,1,1,1,1,1,1,1,0,0,0,0,0,0,0,0,1,0,0,0,0,1,0,1,1,0
41475795,팰리세이드,팰리세이드,107,2390,142753,2199,7,7,1,0,1,1,1,1,1,1,1,1,1,1,0,0,0,0,0,0,0,0,1,0,0,0,1,0,0,1,1,0
41475824,쏘나타,쏘나타 (DN8),57,2630,7125,1598,5,4,0,0,1,1,1,1,1,1,1,1,1,1,0,0,0,0,0,0,1,0,0,0,0,1,0,0,0,1,0,1
41476339,투싼,투싼 하이브리드 (NX4),101,3410,16442,1598,5,3,0,0,1,1,1,1,1,1,1,1,1,1,0,0,0,0,0,0,0,1,0,0,0,1,0,0,0,1,1,0
41476414,그랜저,그랜저 (GN7),27,3400,10945,2497,5,3,1,0,1,1,1,1,1,1,1,1,1,1,0,0,0,0,0,0,1,0,0,0,0,1,0,0,0,1,0,1
41476536,그랜저,그랜저 (GN7),27,3240,10503,2497,5,3,0,0,1,1,1,1,1,1,1,1,1,1,0,0,0,0,0,0,1,0,0,0,0,0,1,0,0,1,0,1
41476895,쏘나타,쏘나타 디 엣지(DN8),57,2200,66163,1999,5,2,1,0,1,1,1,1,1,1,1,1,1,1,0,0,0,0,0,1,0,0,0,0,0,1,0,0,0,1,0,1
41477032,팰리세이드,팰리세이드,107,2620,108622,3778,7,6,0,1,1,1,1,1,1,1,1,1,1,1,0,0,0,0,0,0,1,0,0,0,0,0,0,1,0,1,1,0
41477083,팰리세이드,팰리세이드,107,3200,107471,2199,7,4,5,1,1,1,1,1,1,1,1,1,1,1,0,0,0,0,0,0,0,0,1,0,0,0,1,0,0,1,1,0
41477337,팰리세이드,팰리세이드 (LX3),107,6350,12114,2497,7,1,0,1,1,1,1,1,1,1,1,1,1,1,0,0,0,0,0,0,1,0,0,0,0,1,0,0,0,1,1,0
41477704,그랜저,더 뉴 그랜저 IG 하이브리드,27,1949,129553,2359,5,6,3,0,1,1,1,1,1,1,1,1,1,1,0,0,0,0,0,0,0,1,0,0,0,0,1,0,0,1,0,1
41478240,그랜저,그랜저 (GN7),27,2999,16055,2497,5,3,2,0,1,1,1,1,1,1,1,1,1,1,0,0,0,0,0,0,1,0,0,0,0,0,0,1,0,1,0,1
41478580,아반떼,더 뉴 아반떼 (CN7),62,2434,26228,1598,5,3,1,0,1,1,1,1,1,1,1,1,1,1,0,0,0,0,0,0,1,0,0,0,0,1,0,0,0,1,0,1
41479138,그랜저,더 뉴 그랜저 IG 하이브리드,27,9999,159159,2359,5,4,0,0,1,1,1,1,1,1,1,1,1,1,0,0,0,0,0,0,0,1,0,0,0,0,1,0,0,1,0,1
41479896,아반떼,아반떼 (CN7),62,1970,36033,1598,5,4,4,0,1,1,1,1,1,1,1,1,1,1,0,0,0,0,0,0,1,0,0,0,0,1,0,0,0,1,0,1
41480070,싼타페,더 뉴 싼타페,56,9999,32011,2151,5,4,1,0,1,1,1,1,1,1,1,1,1,1,0,0,0,0,0,0,0,0,1,0,0,0,1,0,0,1,1,0
41480258,그랜저,더 뉴 그랜저 IG 하이브리드,27,2220,89524,2359,5,5,18,0,1,1,1,1,1,1,1,1,1,1,0,0,0,0,0,0,0,1,0,0,0,0,0,1,0,1,0,1
41480612,아이오닉5,아이오닉5,66,3530,25500,111,5,3,9,0,1,1,1,1,1,1,1,1,1,1,0,0,0,0,0,0,0,0,0,1,0,1,0,0,0,1,0,1
41481004,그랜저,더 뉴 그랜저 IG,27,2039,128136,2999,5,5,2,0,1,1,1,1,1,1,1,1,1,1,0,0,0,0,0,1,0,0,0,0,0,1,0,0,0,1,0,1
41483004,싼타페,싼타페 (MX5),56,3650,61109,1598,7,2,0,0,1,1,1,1,1,1,1,1,1,1,0,0,0,0,0,0,0,1,0,0,0,1,0,0,0,1,1,0
41483245,투싼,더 뉴 투싼 (NX4),101,2500,64100,1998,5,2,7,0,1,1,1,1,1,1,0,0,1,1,0,0,0,0,0,0,0,0,1,0,0,0,0,1,0,1,1,0
41483289,팰리세이드,팰리세이드,107,2390,144357,3778,7,5,14,1,1,1,1,1,1,1,1,1,1,1,0,0,0,0,0,0,1,0,0,0,0,0,0,1,0,1,1,0
41483337,싼타페,싼타페 (MX5),56,4430,4971,1598,6,1,0,1,1,1,1,1,1,1,1,1,1,1,0,0,0,0,0,0,0,1,0,0,0,1,0,0,0,1,1,0
41483459,싼타페,싼타페 TM,56,2250,72101,1998,5,8,0,1,1,1,1,1,1,1,1,1,1,1,0,0,0,0,0,0,1,0,0,0,0,0,0,1,0,1,1,0
41483463,팰리세이드,팰리세이드,107,2699,57900,3778,7,6,1,1,1,1,1,1,1,1,1,1,1,1,0,0,0,0,0,0,1,0,0,0,0,1,0,0,0,1,1,0
41483555,그랜저,더 뉴 그랜저 IG,27,2190,59101,2497,5,6,2,0,1,1,1,1,1,1,1,1,1,1,0,0,0,0,0,0,1,0,0,0,0,0,1,0,0,1,0,1
41483557,싼타페,싼타페 (MX5),56,3390,33274,1598,7,1,2,0,1,1,1,1,1,1,1,1,1,1,0,0,0,0,0,0,0,1,0,0,0,1,0,0,0,1,1,0
41483704,그랜저,그랜저 하이브리드 (GN7),27,3600,33773,1598,5,3,0,0,1,1,1,1,1,1,1,1,1,1,0,0,0,0,0,0,0,1,0,0,0,0,1,0,0,1,0,1
41483712,팰리세이드,팰리세이드,107,3390,66044,2199,7,5,1,0,1,1,1,1,1,1,1,1,1,1,0,0,0,0,0,0,0,0,1,0,0,0,0,0,1,1,1,0
41483789,스타리아,스타리아,51,2899,80851,3470,7,4,0,1,1,1,1,1,1,1,1,1,1,1,0,0,0,0,0,1,0,0,0,0,0,0,1,0,0,1,1,0
41483979,아반떼,더 뉴 아반떼 (CN7),62,2099,2469,1598,5,3,2,0,1,1,1,1,1,1,1,1,1,1,0,0,0,0,0,0,1,0,0,0,0,0,0,1,0,1,0,1
41484371,팰리세이드,더 뉴 팰리세이드,107,3650,27202,3778,7,2,1,0,1,1,1,1,1,1,1,1,1,1,0,0,0,0,0,0,1,0,0,0,0,0,0,1,0,1,1,0
41484417,투싼,투싼 하이브리드 (NX4),101,2650,85686,1598,5,6,3,1,1,1,1,1,1,1,1,1,1,1,0,0,0,0,0,0,0,1,0,0,0,0,0,1,0,1,1,0
41484539,팰리세이드,팰리세이드,107,2950,96972,2199,7,4,0,0,1,1,1,1,1,1,1,1,1,1,0,0,0,0,0,0,0,0,1,0,0,0,0,1,0,1,1,0
41484782,코나,코나 일렉트릭,91,9999,139921,180,5,6,5,0,0,1,1,1,1,1,1,1,1,1,0,0,0,0,0,0,0,0,0,1,0,1,0,0,0,1,1,0
41484798,쏘나타,쏘나타 (DN8),57,2440,50329,1598,5,4,1,0,1,1,1,1,1,1,1,1,1,1,0,0,0,0,0,0,1,0,0,0,0,0,1,0,0,1,0,1
41484998,싼타페,더 뉴 싼타페,56,3480,38588,1598,5,3,1,1,1,1,1,1,1,1,1,1,1,1,0,0,0,0,0,0,0,1,0,0,0,1,0,0,0,1,1,0
41485106,캐스퍼,더 뉴 캐스퍼,88,1830,5129,998,4,1,4,0,0,1,1,1,1,1,1,1,1,1,0,0,0,0,0,0,1,0,0,0,0,1,0,0,0,1,0,1
41485128,투싼,더 뉴 투싼 (NX4),101,4450,34,1598,5,0,0,1,1,1,1,1,1,1,1,1,1,1,0,0,0,0,0,0,1,0,0,0,0,1,0,0,0,1,1,0
41485282,그랜저,더 뉴 그랜저 IG,27,2399,31952,2497,5,6,2,0,1,1,1,1,1,1,1,0,1,1,0,0,0,0,0,0,1,0,0,0,0,0,0,1,0,1,0,1
41485479,팰리세이드,팰리세이드,107,2290,156644,3778,7,7,9,1,1,1,1,1,1,1,1,1,1,1,0,0,0,0,0,0,1,0,0,0,0,0,0,0,1,1,1,0
41485939,그랜저,더 뉴 그랜저 IG,27,2590,100883,2497,5,5,2,0,1,1,1,1,1,1,1,1,1,1,0,0,0,0,0,0,1,0,0,0,0,0,0,1,0,1,0,1
41485980,투싼,투싼 (NX4),101,2190,74827,1998,5,5,0,0,0,1,1,1,1,1,1,1,1,1,0,0,0,0,0,0,0,0,1,0,0,0,0,1,0,1,1,0
41486448,팰리세이드,더 뉴 팰리세이드,107,3860,34169,3778,7,2,0,0,1,1,1,1,1,1,1,1,1,1,0,0,0,0,0,0,1,0,0,0,0,1,0,0,0,1,1,0
41486596,그랜저,더 뉴 그랜저 IG,27,1890,156647,2497,5,6,0,0,1,1,1,1,1,1,1,1,1,1,0,0,0,0,0,0,1,0,0,0,0,0,1,0,0,1,0,1
41486738,그랜저,더 뉴 그랜저 IG,27,2750,74584,2497,5,4,0,1,1,1,1,1,1,1,1,1,1,1,0,0,0,0,0,0,1,0,0,0,0,1,0,0,0,1,0,1
41487100,아반떼,아반떼 (CN7),62,2130,34334,1598,5,5,0,1,1,1,1,1,1,1,1,1,1,1,0,0,0,0,0,0,1,0,0,0,0,0,0,1,0,1,0,1
41487114,아반떼,아반떼 (CN7),62,2550,74710,1998,5,4,0,1,1,1,1,1,1,1,1,1,1,1,0,0,0,0,0,0,1,0,0,0,0,1,0,0,0,1,0,1
41487169,싼타페,싼타페 (MX5),56,3440,35287,2497,5,3,1,1,1,1,1,1,1,1,1,1,1,1,0,0,0,0,0,0,1,0,0,0,0,0,0,1,0,1,1,0
41487246,그랜저,그랜저 하이브리드 (GN7),27,4650,28812,1598,5,1,1,1,1,1,1,1,1,1,1,1,1,1,0,0,0,0,0,0,0,1,0,0,0,0,1,0,0,1,0,1
41487288,그랜저,더 뉴 그랜저 IG,27,2650,77453,3342,5,6,1,1,1,1,1,1,1,1,1,1,1,1,0,0,0,0,0,0,1,0,0,0,0,0,1,0,0,1,0,1
41487465,팰리세이드,팰리세이드,107,3320,81071,2199,7,6,2,1,1,1,1,1,1,1,1,1,1,1,0,0,0,0,0,0,0,0,1,0,0,0,0,0,1,1,1,0
41488031,싼타페,싼타페 TM,56,1810,92829,1995,5,8,3,0,1,1,0,1,1,0,1,1,1,1,0,0,0,0,0,0,0,0,1,0,0,0,0,0,1,1,1,0
41488361,그랜저,더 뉴 그랜저 IG,27,2890,46621,2999,5,6,0,1,1,1,1,1,1,1,1,1,1,1,0,0,0,0,0,1,0,0,0,0,0,0,1,0,0,1,0,1
41488576,스타렉스,더 뉴 그랜드 스타렉스,50,1795,81535,2497,3,6,0,0,0,1,0,0,0,0,1,0,1,1,0,0,0,0,0,0,0,0,1,0,0,1,0,0,0,1,1,0
41489021,베뉴,베뉴,45,2350,13933,1598,5,4,0,0,1,1,1,1,1,1,1,1,1,1,0,0,0,0,0,0,1,0,0,0,0,1,0,0,0,1,1,0
41489084,그랜저,더 뉴 그랜저 IG,27,2090,60255,2999,5,5,7,0,1,1,1,1,1,1,1,0,1,1,0,0,0,0,0,1,0,0,0,0,0,0,1,0,0,1,0,1
41489398,아반떼,아반떼 (CN7),62,2030,29088,1598,5,3,5,0,1,1,1,1,1,1,1,1,1,1,0,0,0,0,0,0,1,0,0,0,0,0,0,1,0,1,0,1
41489438,투싼,투싼 하이브리드 (NX4),101,3050,26928,1598,5,4,2,0,1,1,1,1,1,1,1,1,1,1,0,0,0,0,0,0,0,1,0,0,0,0,0,1,0,1,1,0
41489486,팰리세이드,팰리세이드,107,2670,75510,3778,8,5,0,0,1,1,1,1,1,1,1,1,1,1,0,0,0,0,0,0,1,0,0,0,0,0,1,0,0,1,1,0
41489718,아이오닉6,아이오닉6,67,3730,33002,111,5,3,0,0,1,1,1,1,1,1,1,1,1,1,0,0,0,0,0,0,0,0,0,1,0,0,1,0,0,1,0,1
41489879,싼타페,더 뉴 싼타페,56,3470,59163,1598,5,4,0,1,1,1,1,1,1,1,1,1,1,1,0,0,0,0,0,0,0,1,0,0,0,1,0,0,0,1,1,0
41490272,그랜저,그랜저 하이브리드 (GN7),27,4430,35259,1598,5,2,1,1,1,1,1,1,1,1,1,1,1,1,0,0,0,0,0,0,0,1,0,0,0,1,0,0,0,1,0,1
41490569,넥쏘,넥쏘,28,2470,26800,0,5,3,0,1,1,1,1,1,1,1,1,1,1,1,0,0,0,0,0,0,0,0,0,0,1,0,0,0,1,1,1,0
41491066,팰리세이드,팰리세이드,107,2769,95356,2199,8,6,11,1,1,1,1,1,1,1,1,1,1,1,0,0,0,0,0,0,0,0,1,0,0,0,1,0,0,1,1,0
41491290,싼타페,싼타페 TM,56,2290,86169,1995,5,7,2,0,1,1,1,1,1,1,1,1,1,1,0,0,0,0,0,0,0,0,1,0,0,0,0,1,0,1,1,0
41491617,코나,코나 하이브리드 (SX2),91,2890,47838,1580,5,3,1,1,1,1,1,1,1,1,1,1,1,1,0,0,0,0,0,0,0,1,0,0,0,0,0,1,0,1,1,0
41491795,코나,더 뉴 코나,91,2850,49675,1998,5,5,0,0,1,1,1,1,1,1,1,1,1,1,0,0,0,0,0,0,1,0,0,0,0,0,0,1,0,1,1,0
41491926,아반떼,아반떼 (CN7),62,1750,72161,1598,5,5,1,0,1,1,1,1,1,1,1,1,1,1,0,0,0,0,0,0,1,0,0,0,0,1,0,0,0,1,0,1
41492221,아반떼,아반떼 (CN7),62,2170,31536,1598,5,3,2,1,1,1,1,1,1,1,1,1,1,1,0,0,0,0,0,0,1,0,0,0,0,1,0,0,0,1,0,1
41492353,아이오닉5,아이오닉5,66,3190,31133,111,5,3,0,0,1,1,1,1,1,1,1,1,1,1,0,0,0,0,0,0,0,0,0,1,0,1,0,0,0,1,0,1
41492911,아반떼,아반떼 MD,62,8888,113277,1591,5,15,6,0,0,1,0,1,0,0,1,0,0,1,0,0,0,0,0,0,1,0,0,0,0,0,0,1,0,1,0,1
41493010,아반떼,아반떼 (CN7),62,1820,87300,1598,5,6,1,0,1,1,1,1,1,1,1,1,1,1,0,0,0,0,0,0,1,0,0,0,0,0,0,1,0,1,0,1
41493011,싼타페,싼타페 TM,56,2200,40088,1995,5,7,3,0,0,1,1,1,1,1,1,1,1,1,0,0,0,0,0,0,0,0,1,0,0,0,0,1,0,1,1,0
41493408,아반떼,아반떼 (CN7),62,2250,91982,1998,5,3,7,1,1,1,1,1,1,1,1,0,1,1,0,0,0,0,0,0,1,0,0,0,0,0,0,0,1,1,0,1
41493440,그랜저,더 뉴 그랜저 IG,27,1730,190618,2497,5,6,16,0,1,1,1,1,1,1,1,1,1,1,0,0,0,0,0,0,1,0,0,0,0,0,1,0,0,1,0,1
41493461,투싼,투싼 (NX4),101,2350,36462,1598,5,4,0,0,0,1,1,1,1,1,1,1,1,1,0,0,0,0,0,0,1,0,0,0,0,1,0,0,0,1,1,0
41493661,코나,코나 (SX2),91,2930,7839,1598,5,1,0,0,1,1,1,1,1,1,1,1,1,1,0,0,0,0,0,0,1,0,0,0,0,0,0,1,0,1,1,0
41493727,팰리세이드,팰리세이드,107,3180,74845,3778,7,4,0,0,1,1,1,1,1,1,1,1,1,1,0,0,0,0,0,0,1,0,0,0,0,1,0,0,0,1,1,0
41493752,그랜저,더 뉴 그랜저 IG,27,1820,155269,3342,5,6,13,1,1,1,1,1,1,1,1,1,1,1,0,0,0,0,0,0,1,0,0,0,0,0,1,0,0,1,0,1
41493858,아반떼,아반떼 (CN7),62,1890,43814,1598,5,4,4,0,0,1,1,1,1,1,1,1,1,1,0,0,0,0,0,0,1,0,0,0,0,1,0,0,0,1,0,1
41494030,팰리세이드,더 뉴 팰리세이드,107,3870,41917,2199,7,2,1,0,1,1,1,1,1,1,1,1,1,1,0,0,0,0,0,0,0,0,1,0,0,1,0,0,0,1,1,0
41494168,아반떼,더 뉴 아반떼 (CN7),62,2180,4173,1591,5,2,0,0,1,1,1,1,1,1,1,1,1,1,0,0,0,0,0,1,0,0,0,0,0,0,0,1,0,1,0,1
41494272,팰리세이드,팰리세이드,107,2620,60694,3778,7,7,1,1,1,1,1,1,1,1,1,1,1,1,0,0,0,0,0,0,1,0,0,0,0,0,0,1,0,1,1,0
41494340,쏘나타,쏘나타 (DN8),57,1770,49583,1999,5,7,2,0,1,1,1,1,1,1,1,0,1,1,0,0,0,0,0,0,1,0,0,0,0,0,0,1,0,1,0,1
41494450,싼타페,싼타페 (MX5),56,4330,14816,1598,6,2,0,1,1,1,1,1,1,1,1,1,1,1,0,0,0,0,0,0,0,1,0,0,0,1,0,0,0,1,1,0
41494531,그랜저,그랜저 (GN7),27,4390,22450,3470,5,1,0,0,1,1,1,1,1,1,1,1,1,1,0,0,0,0,0,0,1,0,0,0,0,0,1,0,0,1,0,1
41494666,그랜저,더 뉴 그랜저 IG,27,2650,70822,3342,5,7,1,1,1,1,1,1,1,1,1,1,1,1,0,0,0,0,0,0,1,0,0,0,0,1,0,0,0,1,0,1
41494892,투싼,투싼 (NX4),101,2530,47926,1998,5,3,0,0,0,1,1,1,1,1,1,1,1,1,0,0,0,0,0,0,0,0,1,0,0,0,1,0,0,1,1,0
41495052,스타렉스,그랜드 스타렉스,50,2222,111580,2497,3,12,2,0,0,1,1,0,0,0,1,0,1,1,0,0,0,0,0,0,0,0,1,0,0,0,0,1,0,1,1,0
41495140,쏘나타,쏘나타 디 엣지(DN8),57,2990,25555,1598,5,2,0,0,1,1,1,1,1,1,1,1,1,1,0,0,0,0,0,0,1,0,0,0,0,0,0,1,0,1,0,1
41495507,그랜저,그랜저 (GN7),27,3150,37203,3470,5,3,1,0,1,1,1,1,1,1,1,1,1,1,0,0,0,0,0,0,1,0,0,0,0,0,1,0,0,1,0,1
41495836,그랜저,그랜저 (GN7),27,3399,50200,2497,5,3,2,0,1,1,1,1,1,1,1,1,1,1,0,0,0,0,0,0,1,0,0,0,0,1,0,0,0,1,0,1
41496103,스타리아,스타리아,51,3100,27787,2199,11,2,0,0,0,1,1,1,1,1,1,1,1,1,0,0,0,0,0,0,0,0,1,0,0,0,0,1,0,1,1,0
41496160,싼타페,싼타페 TM,56,1820,154949,1995,5,8,0,0,1,1,1,1,1,1,1,1,1,1,0,0,0,0,0,0,0,0,1,0,0,0,0,1,0,1,1,0
41496217,그랜저,더 뉴 그랜저 IG,27,2430,76475,2497,5,5,3,0,1,1,1,1,1,1,1,1,1,1,0,0,0,0,0,0,1,0,0,0,0,0,0,1,0,1,0,1
41496334,팰리세이드,팰리세이드 (LX3),107,4484,1400,2497,9,0,2,0,1,1,1,1,1,1,1,1,1,1,0,0,0,0,0,0,0,1,0,0,0,0,0,1,0,1,1,0
41496379,그랜저,그랜저 하이브리드 (GN7),27,3950,30932,1598,5,1,2,0,1,1,1,1,1,1,1,1,1,1,0,0,0,0,0,0,0,1,0,0,0,0,0,1,0,1,0,1
41496435,그랜저,그랜저 (GN7),27,2999,75110,2497,5,3,0,1,1,1,1,1,1,1,1,1,1,1,0,0,0,0,0,0,1,0,0,0,0,1,0,0,0,1,0,1
41496478,팰리세이드,팰리세이드,107,2890,88985,2199,8,7,14,1,1,1,1,1,1,1,1,1,1,1,0,0,0,0,0,0,0,0,1,0,0,1,0,0,0,1,1,0
41496678,그랜저,더 뉴 그랜저 IG,27,2199,119277,2497,5,6,4,1,1,1,1,1,1,1,1,1,1,1,0,0,0,0,0,0,1,0,0,0,0,0,1,0,0,1,0,1
41496896,그랜저,그랜저 (GN7),27,3130,50575,2497,5,4,9,1,1,1,1,1,1,1,1,1,1,1,0,0,0,0,0,0,1,0,0,0,0,1,0,0,0,1,0,1
41497037,팰리세이드,팰리세이드,107,2499,157931,3778,7,5,0,1,1,1,1,1,1,1,1,1,1,1,0,0,0,0,0,0,1,0,0,0,0,0,0,1,0,1,1,0
41497063,아이오닉6,아이오닉6,67,3220,74969,111,5,3,6,0,1,1,1,1,1,1,1,1,1,1,0,0,0,0,0,0,0,0,0,1,0,1,0,0,0,1,0,1
41497919,스타렉스,더 뉴 그랜드 스타렉스,50,1890,57976,2497,5,6,0,0,0,1,1,0,0,0,1,1,1,1,0,0,0,0,0,0,0,0,1,0,0,0,0,1,0,1,1,0
41498029,그랜저,더 뉴 그랜저 IG 하이브리드,27,9999,67674,2359,5,5,2,0,1,1,1,1,1,1,1,1,1,1,0,0,0,0,0,0,0,1,0,0,0,0,1,0,0,1,0,1
41498117,팰리세이드,팰리세이드,107,2350,91927,3778,7,7,1,0,1,1,1,1,1,1,1,1,1,1,0,0,0,0,0,0,1,0,0,0,0,0,0,1,0,1,1,0
41498612,팰리세이드,팰리세이드,107,2710,100380,3778,8,5,2,0,1,1,1,1,1,1,1,1,1,1,0,0,0,0,0,0,1,0,0,0,0,1,0,0,0,1,1,0
41498616,스타리아,스타리아,51,3170,51539,2199,11,3,0,0,0,1,1,1,1,1,1,1,1,1,0,0,0,0,0,0,0,0,1,0,0,0,0,1,0,1,1,0
41498627,팰리세이드,팰리세이드,107,3200,44856,3778,7,4,0,0,1,1,1,1,1,1,1,1,1,1,0,0,0,0,0,0,1,0,0,0,0,1,0,0,0,1,1,0
41498838,싼타페,더 뉴 싼타페,56,2820,35880,2497,5,5,1,0,1,1,1,1,1,1,1,1,1,1,0,0,0,0,0,0,1,0,0,0,0,0,0,1,0,1,1,0
41499280,그랜저,그랜저 (GN7),27,3550,12520,3470,5,3,0,0,1,1,1,1,1,1,1,1,1,1,0,0,0,0,0,0,1,0,0,0,0,1,0,0,0,1,0,1
41499356,아이오닉5,아이오닉5,66,2980,82280,111,5,5,1,1,1,1,1,1,1,1,1,1,1,1,0,0,0,0,0,0,0,0,0,1,0,0,0,1,0,1,0,1
41499373,쏘나타,쏘나타 (DN8),57,1979,101982,1598,5,4,5,1,1,1,1,1,1,1,1,1,1,1,0,0,0,0,0,0,1,0,0,0,0,0,1,0,0,1,0,1
41499510,그랜저,그랜저 하이브리드 (GN7),27,3999,8980,1598,5,3,2,0,1,1,1,1,1,1,1,1,1,1,0,0,0,0,0,0,0,1,0,0,0,0,1,0,0,1,0,1
41500139,아반떼,아반떼 (CN7),62,2600,8243,1598,5,4,0,0,1,1,1,1,1,1,1,1,1,1,0,0,0,0,0,0,1,0,0,0,0,0,0,1,0,1,0,1
41500187,쏘나타,쏘나타 하이브리드 (DN8),57,1930,92667,1999,5,4,0,0,1,1,1,1,1,1,1,1,1,1,0,0,0,0,0,0,0,1,0,0,0,0,0,1,0,1,0,1
41500296,팰리세이드,팰리세이드,107,2450,105223,3778,7,6,2,1,1,1,1,1,1,1,1,1,1,1,0,0,0,0,0,0,1,0,0,0,0,0,0,0,1,1,1,0
41500643,팰리세이드,더 뉴 팰리세이드,107,3920,64984,2199,7,4,2,1,1,1,1,1,1,1,1,1,1,1,0,0,0,0,0,0,0,0,1,0,0,1,0,0,0,1,1,0
41500727,쏘나타,쏘나타 (DN8),57,1730,94993,1999,5,7,10,1,1,1,1,1,1,1,1,1,1,1,0,0,0,0,0,0,1,0,0,0,0,1,0,0,0,1,0,1
41501127,쏘나타,쏘나타 하이브리드 (DN8),57,1950,107067,1999,5,7,1,0,1,1,1,1,1,1,1,1,1,1,0,0,0,0,0,0,0,1,0,0,0,0,0,0,1,1,0,1
41501147,팰리세이드,팰리세이드,107,3450,67259,2199,7,5,3,0,1,1,1,1,1,1,1,1,1,1,0,0,0,0,0,0,0,0,1,0,0,0,0,0,1,1,1,0
41501347,투싼,투싼 (NX4),101,2420,95137,1598,5,5,3,1,1,1,1,1,1,1,1,1,1,1,0,0,0,0,0,0,1,0,0,0,0,1,0,0,0,1,1,0
41501677,그랜저,더 뉴 그랜저 IG,27,2990,58781,2497,5,6,5,1,1,1,1,1,1,1,1,1,1,1,0,0,0,0,0,0,1,0,0,0,0,1,0,0,0,1,0,1
41501763,팰리세이드,더 뉴 팰리세이드,107,3990,46816,3778,7,4,2,1,1,1,1,1,1,1,1,1,1,1,0,0,0,0,0,0,1,0,0,0,0,0,1,0,0,1,1,0
41501882,아반떼,아반떼 (CN7),62,2649,34690,1998,5,4,1,1,1,1,1,1,1,1,1,1,1,1,0,0,0,0,0,0,1,0,0,0,0,0,0,1,0,1,0,1
41502006,그랜저,더 뉴 그랜저 IG,27,2899,58824,2497,5,5,1,1,1,1,1,1,1,1,1,1,1,1,0,0,0,0,0,0,1,0,0,0,0,1,0,0,0,1,0,1
41502176,싼타페,더 뉴 싼타페,56,2900,44710,2497,7,3,0,0,1,1,1,1,1,1,1,1,1,1,0,0,0,0,0,0,1,0,0,0,0,1,0,0,0,1,1,0
41502396,그랜저,더 뉴 그랜저 IG,27,2800,65825,2497,5,5,4,1,1,1,1,1,1,1,1,1,1,1,0,0,0,0,0,0,1,0,0,0,0,1,0,0,0,1,0,1
41502480,아이오닉5,아이오닉5,66,3179,16036,111,5,4,6,0,1,1,1,1,1,1,1,1,1,1,0,0,0,0,0,0,0,0,0,1,0,0,1,0,0,1,0,1
41502508,스타리아,스타리아,51,2700,65557,3470,9,4,2,0,1,1,1,1,1,1,1,1,1,1,0,0,0,0,0,1,0,0,0,0,0,0,1,0,0,1,1,0
41502537,싼타페,더 뉴 싼타페,56,2990,38262,2497,5,3,5,1,1,1,1,1,1,1,1,1,1,1,0,0,0,0,0,0,1,0,0,0,0,1,0,0,0,1,1,0
41502903,그랜저,더 뉴 그랜저 IG,27,1999,86658,2497,5,5,8,0,1,1,1,1,1,1,1,1,1,1,0,0,0,0,0,0,1,0,0,0,0,0,1,0,0,1,0,1
41503184,아반떼,아반떼 AD,62,9999,135010,1591,5,10,4,1,1,1,1,0,1,1,1,0,1,1,0,0,0,0,0,0,1,0,0,0,0,0,0,0,1,0,0,1
41503198,그랜저,더 뉴 그랜저 IG,27,2350,118163,2497,5,7,3,1,1,1,1,1,1,1,1,1,1,1,0,0,0,0,0,0,1,0,0,0,0,0,1,0,0,1,0,1
41503514,스타리아,스타리아,51,2850,89708,2199,9,4,0,0,1,1,1,1,1,1,1,1,1,1,0,0,0,0,0,0,0,0,1,0,0,0,0,1,0,1,1,0
41503689,그랜저,그랜저 하이브리드 (GN7),27,4420,10972,1598,5,1,2,0,1,1,1,1,1,1,1,1,1,1,0,0,0,0,0,0,0,1,0,0,0,0,0,1,0,1,0,1
41503888,아반떼,더 뉴 아반떼 (CN7),62,3240,6306,1998,5,1,1,0,1,1,1,1,1,1,1,0,1,1,0,0,0,0,0,0,1,0,0,0,0,0,0,0,1,1,0,1
41503948,팰리세이드,더 뉴 팰리세이드,107,4290,20024,2199,7,2,7,0,1,1,1,1,1,1,1,1,1,1,0,0,0,0,0,0,0,0,1,0,0,0,0,0,1,1,1,0
41504569,스타리아,스타리아,51,2200,99232,2199,3,4,2,0,0,1,0,0,1,0,1,0,1,1,0,0,0,0,0,0,0,0,1,0,0,0,0,1,0,1,1,0
41505019,스타리아,스타리아,51,2400,84419,3470,11,4,2,0,0,1,0,1,1,1,1,0,1,1,0,0,0,0,0,1,0,0,0,0,0,0,0,1,0,1,1,0
41505691,스타리아,스타리아,51,2500,63897,3470,11,4,1,0,0,1,1,1,1,1,1,0,1,1,0,0,0,0,0,1,0,0,0,0,0,0,0,1,0,1,1,0
41505719,아이오닉5,아이오닉5,66,3390,37186,111,5,5,0,0,1,1,1,1,1,1,1,1,1,1,0,0,0,0,0,0,0,0,0,1,0,0,0,0,1,1,0,1
41505726,아이오닉5,아이오닉5,66,2720,117833,111,5,5,0,0,1,1,1,1,1,1,1,1,1,1,0,0,0,0,0,0,0,0,0,1,0,0,0,0,1,1,0,1
41505820,쏠라티,쏠라티,60,4550,79675,2497,15,5,0,0,0,1,1,0,0,0,1,0,1,1,0,0,0,0,0,0,0,0,1,0,0,0,1,0,0,1,1,0
41505844,아이오닉5,아이오닉5,66,2980,133921,111,5,4,6,1,1,1,1,1,1,1,1,1,1,1,0,0,0,0,0,0,0,0,0,1,0,1,0,0,0,1,0,1
41505861,아이오닉5,아이오닉5,66,2480,174538,111,5,5,0,0,1,1,1,1,1,1,1,1,1,1,0,0,0,0,0,0,0,0,0,1,0,0,0,1,0,1,0,1
41505896,스타렉스,더 뉴 그랜드 스타렉스,50,2400,80971,2497,9,6,5,0,0,1,1,0,0,0,1,1,1,1,0,0,0,0,0,0,0,0,1,0,0,0,1,0,0,1,1,0
41506155,아반떼,아반떼 (CN7),62,1890,56336,1598,5,4,2,0,1,1,1,1,1,1,1,1,1,1,0,0,0,0,0,0,1,0,0,0,0,1,0,0,0,1,0,1
41506158,스타리아,스타리아,51,3150,65766,2199,9,3,0,0,1,1,1,1,1,1,1,1,1,1,0,0,0,0,0,0,0,0,1,0,0,0,1,0,0,1,1,0
41506160,팰리세이드,팰리세이드,107,3450,48321,3778,8,4,6,0,1,1,1,1,1,1,1,1,1,1,0,0,0,0,0,0,1,0,0,0,0,1,0,0,0,1,1,0
41506277,팰리세이드,더 뉴 팰리세이드,107,3570,21807,3778,7,2,3,0,1,1,1,1,1,1,1,1,1,1,0,0,0,0,0,0,1,0,0,0,0,0,1,0,0,1,1,0
41506291,싼타페,더 뉴 싼타페,56,2799,93684,1598,5,5,0,1,1,1,1,1,1,1,1,1,1,1,0,0,0,0,0,0,0,1,0,0,0,0,0,1,0,1,1,0
41506460,팰리세이드,더 뉴 팰리세이드,107,3800,27089,3778,7,4,0,1,1,1,1,1,1,1,1,1,1,1,0,0,0,0,0,0,1,0,0,0,0,0,0,1,0,1,1,0
41506502,팰리세이드,팰리세이드,107,2799,139435,2199,7,4,0,0,1,1,1,1,1,1,1,1,1,1,0,0,0,0,0,0,0,0,1,0,0,1,0,0,0,1,1,0
41506570,그랜저,그랜저 (GN7),27,3320,27338,2497,5,1,0,0,1,1,1,1,1,1,1,0,1,1,0,0,0,0,0,0,1,0,0,0,0,0,0,1,0,1,0,1
41506701,그랜저,그랜저 하이브리드 (GN7),27,3290,106090,1598,5,3,3,0,1,1,1,1,1,1,1,1,1,1,0,0,0,0,0,0,0,1,0,0,0,0,1,0,0,1,0,1
41506871,팰리세이드,팰리세이드,107,2880,36332,3778,7,4,4,0,1,1,1,1,1,1,1,1,1,1,0,0,0,0,0,0,1,0,0,0,0,0,0,0,1,1,1,0
41506983,그랜저,그랜저 (GN7),27,3930,17673,2497,5,2,0,0,1,1,1,1,1,1,1,1,1,1,0,0,0,0,0,0,1,0,0,0,0,0,1,0,0,1,0,1
41507201,싼타페,싼타페 TM,56,2390,36651,1998,5,6,2,0,0,1,1,1,1,1,1,1,1,1,0,0,0,0,0,0,1,0,0,0,0,0,0,1,0,1,1,0
41507276,그랜저,더 뉴 그랜저 IG,27,2500,64927,2497,5,4,0,1,1,1,1,1,1,1,1,1,1,1,0,0,0,0,0,0,1,0,0,0,0,1,0,0,0,1,0,1
41507514,팰리세이드,팰리세이드,107,2690,83876,2199,7,7,0,0,1,1,1,1,1,1,1,1,1,1,0,0,0,0,0,0,0,0,1,0,0,1,0,0,0,1,1,0
41507962,그랜저,더 뉴 그랜저 IG 하이브리드,27,2200,131140,2359,5,6,10,0,1,1,1,1,1,1,1,1,1,1,0,0,0,0,0,0,0,1,0,0,0,0,1,0,0,1,0,1
41508157,그랜저,그랜저 IG,27,1980,132940,2999,5,8,1,1,1,1,1,1,1,1,1,1,1,1,0,0,0,0,0,0,1,0,0,0,0,1,0,0,0,1,0,1
41508494,팰리세이드,팰리세이드,107,2570,74084,3778,7,7,4,1,1,1,1,1,1,1,1,1,1,1,0,0,0,0,0,0,1,0,0,0,0,0,1,0,0,1,1,0
41508651,아반떼,더 뉴 아반떼 하이브리드 (CN7),62,2260,6286,1580,5,3,1,0,1,1,1,1,1,1,1,1,1,1,0,0,0,0,0,0,0,1,0,0,0,1,0,0,0,1,0,1
41509094,스타리아,스타리아,51,3080,48618,2199,9,4,0,0,1,1,1,1,1,1,1,0,1,1,0,0,0,0,0,0,0,0,1,0,0,0,0,1,0,1,1,0
41509473,싼타페,더 뉴 싼타페,56,3090,29475,1598,5,4,1,0,1,1,1,1,1,1,1,1,1,1,0,0,0,0,0,0,0,1,0,0,0,1,0,0,0,1,1,0
41509522,그랜저,더 뉴 그랜저 IG,27,1899,160174,2497,5,4,1,0,1,1,1,1,1,1,1,1,1,1,0,0,0,0,0,0,1,0,0,0,0,0,0,1,0,1,0,1
41509603,아반떼,더 뉴 아반떼 하이브리드 (CN7),62,2450,23838,1580,5,1,2,0,1,1,1,1,1,1,1,1,1,1,0,0,0,0,0,0,0,1,0,0,0,0,0,1,0,1,0,1
41509993,팰리세이드,팰리세이드,107,2690,178199,2199,7,5,0,0,1,1,1,1,1,1,1,1,1,1,0,0,0,0,0,0,0,0,1,0,0,1,0,0,0,1,1,0
41510038,쏘나타,쏘나타 (DN8),57,2150,71374,1999,5,5,0,0,1,1,1,1,1,1,1,1,1,1,0,0,0,0,0,1,0,0,0,0,0,0,0,1,0,1,0,1
41510339,베뉴,베뉴,45,2250,24034,1598,5,3,0,0,1,1,1,1,1,1,1,1,1,1,0,0,0,0,0,0,1,0,0,0,0,1,0,0,0,1,1,0
41510356,그랜저,그랜저 (GN7),27,3450,26114,3470,5,3,0,0,1,1,1,1,1,1,1,1,1,1,0,0,0,0,0,0,1,0,0,0,0,0,1,0,0,1,0,1
41510508,팰리세이드,팰리세이드,107,3100,124377,2199,7,5,1,0,1,1,1,1,1,1,1,1,1,1,0,0,0,0,0,0,0,0,1,0,0,0,0,1,0,1,1,0
41510525,팰리세이드,더 뉴 팰리세이드,107,4844,35260,2199,7,2,0,1,1,1,1,1,1,1,1,1,1,1,0,0,0,0,0,0,0,0,1,0,0,0,1,0,0,1,1,0
41510539,팰리세이드,팰리세이드,107,3090,127830,2199,7,6,2,1,1,1,1,1,1,1,1,1,1,1,0,0,0,0,0,0,0,0,1,0,0,1,0,0,0,1,1,0
41510968,아반떼,더 뉴 아반떼 (CN7),62,2260,7256,1598,5,2,3,0,1,1,1,1,1,1,1,1,1,1,0,0,0,0,0,0,1,0,0,0,0,1,0,0,0,1,0,1
41511234,코나,더 뉴 코나,91,1870,27063,1598,5,6,0,0,0,1,1,1,1,1,1,0,1,1,0,0,0,0,0,0,1,0,0,0,0,0,0,1,0,1,1,0
41511458,아반떼,더 뉴 아반떼 (CN7),62,2190,22667,1598,5,3,0,0,1,1,1,1,1,1,1,1,1,1,0,0,0,0,0,0,1,0,0,0,0,1,0,0,0,1,0,1
41511637,아반떼,아반떼 (CN7),62,1830,33995,1598,5,3,9,0,0,1,1,1,1,1,1,1,1,1,0,0,0,0,0,0,1,0,0,0,0,1,0,0,0,1,0,1
41511750,투싼,올 뉴 투싼,101,1760,70838,1598,5,7,4,1,1,1,1,1,1,1,1,1,1,1,0,0,0,0,0,0,0,0,1,0,0,1,0,0,0,1,1,0
41512033,아반떼,아반떼 (CN7),62,2690,97963,1998,5,4,0,1,1,1,1,1,1,1,1,1,1,1,0,0,0,0,0,0,1,0,0,0,0,0,0,0,1,1,0,1
41512038,투싼,투싼 (NX4),101,2199,55623,1998,5,3,0,0,0,1,1,0,1,0,0,0,1,1,0,0,0,0,0,0,0,0,1,0,0,0,0,1,0,1,1,0
41512320,싼타페,싼타페 (MX5),56,7777,16606,1598,6,3,0,0,1,1,1,1,1,1,1,1,1,1,0,0,0,0,0,0,0,1,0,0,0,1,0,0,0,1,1,0
41512604,아반떼,더 뉴 아반떼 (CN7),62,2222,40365,1598,5,3,1,1,1,1,1,1,1,1,1,1,1,1,0,0,0,0,0,0,1,0,0,0,0,1,0,0,0,1,0,1
41512662,그랜저,그랜저 IG,27,1820,37919,2359,5,7,6,0,0,1,1,1,1,1,1,0,1,1,0,0,0,0,0,0,1,0,0,0,0,0,1,0,0,1,0,1
41512775,싼타페,더 뉴 싼타페,56,2730,84222,2151,5,3,5,1,1,1,1,1,1,1,1,1,1,1,0,0,0,0,0,0,0,0,1,0,0,1,0,0,0,1,1,0
41512969,그랜저,더 뉴 그랜저 IG,27,2080,79903,2999,5,4,4,0,1,1,1,1,1,1,0,0,1,1,0,0,0,0,0,1,0,0,0,0,0,1,0,0,0,1,0,1
41513063,스타렉스,더 뉴 그랜드 스타렉스,50,2150,53934,2497,12,6,1,0,0,1,1,0,0,1,1,0,1,1,0,0,0,0,0,0,0,0,1,0,0,0,0,1,0,1,1,0
41513201,싼타페,싼타페 TM,56,2380,44630,1995,7,8,0,0,1,1,1,1,1,1,1,1,1,1,0,0,0,0,0,0,0,0,1,0,0,1,0,0,0,1,1,0
41513352,투싼,투싼 (NX4),101,3090,17027,1598,5,3,1,0,1,1,1,1,1,1,1,1,1,1,0,0,0,0,0,0,1,0,0,0,0,0,0,1,0,1,1,0
41513370,팰리세이드,팰리세이드,107,2950,101771,2199,8,5,2,0,1,1,1,1,1,1,1,1,1,1,0,0,0,0,0,0,0,0,1,0,0,1,0,0,0,1,1,0
41513485,팰리세이드,팰리세이드,107,3450,67512,3778,8,4,3,0,1,1,1,1,1,1,1,1,1,1,0,0,0,0,0,0,1,0,0,0,0,1,0,0,0,1,1,0
41514021,팰리세이드,팰리세이드,107,3100,89127,2199,7,4,0,1,1,1,1,1,1,1,1,1,1,1,0,0,0,0,0,0,0,0,1,0,0,0,0,1,0,1,1,0
41514250,싼타페,더 뉴 싼타페,56,2450,53221,2151,5,5,1,0,1,1,1,1,1,1,1,1,1,1,0,0,0,0,0,0,0,0,1,0,0,0,0,1,0,1,1,0
41514889,아반떼,아반떼 (CN7),62,1880,55849,1598,5,6,3,1,1,1,1,1,1,1,1,1,1,1,0,0,0,0,0,0,1,0,0,0,0,0,0,1,0,1,0,1
41515064,스타리아,스타리아,51,2850,30844,2199,11,3,1,0,0,1,1,1,1,1,1,0,1,1,0,0,0,0,0,0,0,0,1,0,0,1,0,0,0,1,1,0
41515114,싼타페,싼타페 TM,56,1950,94925,1998,5,7,1,0,0,1,1,1,1,1,1,1,1,1,0,0,0,0,0,0,1,0,0,0,0,1,0,0,0,1,1,0
41515173,싼타페,싼타페 TM,56,2099,138177,1995,5,8,1,1,1,1,1,1,1,1,1,1,1,1,0,0,0,0,0,0,0,0,1,0,0,0,0,1,0,1,1,0
41515514,코나,코나 (SX2),91,2990,7064,1598,5,1,2,1,1,1,1,1,1,1,1,1,1,1,0,0,0,0,0,0,1,0,0,0,0,1,0,0,0,1,1,0
41515708,아반떼,더 뉴 아반떼 (CN7),62,2590,3080,1598,5,1,0,1,1,1,1,1,1,1,1,1,1,1,0,0,0,0,0,0,1,0,0,0,0,1,0,0,0,1,0,1
41516002,그랜저,그랜저 하이브리드 (GN7),27,4750,10395,1598,5,2,0,1,1,1,1,1,1,1,1,1,1,1,0,0,0,0,0,0,0,1,0,0,0,1,0,0,0,1,0,1
41516320,아반떼,아반떼 (CN7),62,2399,63394,1998,5,5,7,0,1,1,1,1,1,1,1,0,1,1,0,0,0,0,0,0,1,0,0,0,0,0,0,1,0,1,0,1
41516392,그랜저,더 뉴 그랜저 IG 하이브리드,27,8888,8277,2359,5,6,2,1,1,1,1,1,1,1,1,1,1,1,0,0,0,0,0,0,0,1,0,0,0,1,0,0,0,1,0,1
41516520,아이오닉5,아이오닉5,66,1820,201762,111,5,5,11,0,1,1,1,1,1,1,1,1,1,1,0,0,0,0,0,0,0,0,0,1,0,0,0,1,0,1,0,1
41516634,아반떼,아반떼 (CN7),62,1730,45340,1598,5,4,7,0,0,1,1,1,1,1,1,1,1,1,0,0,0,0,0,0,1,0,0,0,0,0,0,1,0,1,0,1
41516797,그랜저,더 뉴 그랜저 IG,27,2890,40268,2497,5,5,0,0,1,1,1,1,1,1,1,1,1,1,0,0,0,0,0,0,1,0,0,0,0,1,0,0,0,1,0,1
41517169,스타리아,스타리아,51,2990,73980,1598,5,2,11,0,1,1,1,1,1,1,1,1,1,1,0,0,0,0,0,0,0,1,0,0,0,0,1,0,0,1,1,0
41517331,쏘나타,쏘나타 디 엣지(DN8),57,2190,71969,1999,5,2,7,0,1,1,1,0,1,0,1,0,0,1,0,0,0,0,0,1,0,0,0,0,0,1,0,0,0,1,0,1
41517473,스타리아,스타리아,51,3290,35365,1598,11,2,0,0,0,1,1,1,1,0,1,0,1,1,0,0,0,0,0,0,0,1,0,0,0,0,0,1,0,1,1,0
41517821,아이오닉5,아이오닉5,66,1990,225542,111,5,4,3,0,1,1,1,1,1,1,1,1,1,1,0,0,0,0,0,0,0,0,0,1,0,1,0,0,0,1,0,1
41517953,그랜저,더 뉴 그랜저 IG,27,2720,49426,2999,5,4,0,0,1,1,1,1,1,1,1,0,1,1,0,0,0,0,0,1,0,0,0,0,0,1,0,0,0,1,0,1
41518046,캐스퍼,더 뉴 캐스퍼,88,2060,11170,998,4,1,4,0,0,1,1,1,1,0,1,1,1,1,0,0,0,0,0,0,1,0,0,0,0,1,0,0,0,1,0,1
41518156,팰리세이드,팰리세이드,107,3210,64008,3778,7,4,2,1,1,1,1,1,1,1,1,1,1,1,0,0,0,0,0,0,1,0,0,0,0,1,0,0,0,1,1,0
41518355,아이오닉5,아이오닉5,66,2090,158145,111,5,5,14,0,1,1,1,1,1,1,1,1,1,1,0,0,0,0,0,0,0,0,0,1,0,1,0,0,0,1,0,1
41518653,캐스퍼,캐스퍼,88,7777,69649,998,4,4,3,0,0,1,1,1,1,1,1,1,1,1,0,0,0,0,0,0,1,0,0,0,0,1,0,0,0,1,0,1
41519545,쏘나타,쏘나타 디 엣지(DN8),57,2089,58196,1999,5,3,21,0,1,1,1,1,1,1,1,1,1,1,0,0,0,0,0,1,0,0,0,0,0,1,0,0,0,1,0,1
41519694,투싼,투싼 (NX4),101,2600,14523,1598,5,4,1,0,0,1,1,1,1,1,1,1,1,1,0,0,0,0,0,0,1,0,0,0,0,1,0,0,0,1,1,0
41519728,그랜저,그랜저 하이브리드 (GN7),27,4490,14530,1598,5,1,0,0,1,1,1,1,1,1,1,1,1,1,0,0,0,0,0,0,0,1,0,0,0,0,1,0,0,1,0,1
41519909,그랜저,더 뉴 그랜저 IG 하이브리드,27,2899,64830,2359,5,6,9,0,1,1,1,1,1,1,1,1,1,1,0,0,0,0,0,0,0,1,0,0,0,1,0,0,0,1,0,1
41520271,그랜저,그랜저 하이브리드 (GN7),27,4590,19019,1598,5,2,0,0,1,1,1,1,1,1,1,1,1,1,0,0,0,0,0,0,0,1,0,0,0,0,0,1,0,1,0,1
41523500,아반떼,아반떼 (CN7),62,1720,26397,1598,5,5,3,0,1,1,1,1,1,1,1,1,1,1,0,0,0,0,0,0,1,0,0,0,0,1,0,0,0,1,0,1
41524188,아반떼,아반떼 (CN7),62,1880,64002,1598,5,5,6,0,1,1,1,1,1,1,1,1,1,1,0,0,0,0,0,0,1,0,0,0,0,1,0,0,0,1,0,1
41524199,아반떼,더 뉴 아반떼 (CN7),62,2150,32490,1598,5,1,3,0,1,1,1,1,1,1,1,1,1,1,0,0,0,0,0,0,1,0,0,0,0,0,0,1,0,1,0,1
41524393,쏘나타,쏘나타 (DN8),57,2180,31665,1999,5,5,0,0,1,1,1,1,1,1,1,1,1,1,0,0,0,0,0,0,1,0,0,0,0,0,0,1,0,1,0,1
41524632,투싼,투싼 하이브리드 (NX4),101,2490,96150,1598,5,5,3,1,1,1,1,1,1,1,1,1,1,1,0,0,0,0,0,0,0,1,0,0,0,0,0,0,1,1,1,0
41524727,싼타페,더 뉴 싼타페,56,2350,123478,2151,5,5,1,0,1,1,1,1,1,1,1,1,1,1,0,0,0,0,0,0,0,0,1,0,0,1,0,0,0,1,1,0
41524814,싼타페,싼타페 (MX5),56,4259,6713,1598,6,3,0,1,1,1,1,1,1,1,1,1,1,1,0,0,0,0,0,0,0,1,0,0,0,1,0,0,0,1,1,0
41525102,벨로스터,벨로스터 (JS),47,2249,80969,1998,4,8,4,0,1,1,1,1,1,0,1,0,1,1,0,0,0,0,0,0,1,0,0,0,0,0,0,0,1,0,0,1
41525308,싼타페,더 뉴 싼타페,56,2750,44492,2497,5,5,5,0,1,1,1,1,1,1,1,1,1,1,0,0,0,0,0,0,1,0,0,0,0,1,0,0,0,1,1,0
41525345,코나,코나 (SX2),91,5555,37232,1999,5,3,0,0,1,1,1,1,1,1,1,1,1,1,0,0,0,0,0,0,1,0,0,0,0,0,0,1,0,1,1,0
41525507,투싼,투싼 (NX4),101,2790,65137,1598,5,4,0,0,0,1,1,1,1,1,1,1,1,1,0,0,0,0,0,0,1,0,0,0,0,1,0,0,0,1,1,0
41525969,싼타페,더 뉴 싼타페,56,2940,88286,2151,5,6,3,1,1,1,1,1,1,1,1,1,1,1,0,0,0,0,0,0,0,0,1,0,0,1,0,0,0,1,1,0
41525988,스타렉스,더 뉴 그랜드 스타렉스,50,2230,110894,2497,9,6,4,0,0,1,1,1,0,1,1,1,1,1,0,0,0,0,0,0,0,0,1,0,0,0,0,0,1,1,1,0
41526132,쏘나타,쏘나타 (DN8),57,1750,45329,1999,5,6,2,0,0,1,1,0,1,1,1,0,1,1,0,0,0,0,0,1,0,0,0,0,0,0,1,0,0,1,0,1
41526145,싼타페,싼타페 TM,56,2590,38735,1998,7,7,0,1,1,1,1,1,1,1,1,1,1,1,0,0,0,0,0,0,1,0,0,0,0,0,0,1,0,1,1,0
41526472,넥쏘,넥쏘,28,1780,76939,0,5,6,0,1,1,1,1,1,1,1,1,1,1,1,0,0,0,0,0,0,0,0,0,0,1,0,0,1,0,1,1,0
41526750,팰리세이드,팰리세이드,107,2590,75397,3778,7,7,4,0,1,1,1,1,1,1,1,1,1,1,0,0,0,0,0,0,1,0,0,0,0,1,0,0,0,1,1,0
41526823,팰리세이드,팰리세이드 (LX3),107,6450,5688,2497,7,1,0,1,1,1,1,1,1,1,1,1,1,1,0,0,0,0,0,0,0,1,0,0,0,0,0,0,1,1,1,0
41527001,그랜저,더 뉴 그랜저 IG,27,1970,118974,2497,5,6,12,1,1,1,1,1,1,1,1,1,1,1,0,0,0,0,0,0,1,0,0,0,0,0,1,0,0,1,0,1
41527169,팰리세이드,팰리세이드,107,3290,34720,2199,7,6,2,1,1,1,1,1,1,1,1,1,1,1,0,0,0,0,0,0,0,0,1,0,0,0,1,0,0,1,1,0
41527434,싼타페,싼타페 TM,56,1750,127901,1998,5,7,7,0,1,1,1,1,1,1,1,1,1,1,0,0,0,0,0,0,1,0,0,0,0,0,0,0,1,1,1,0
41527552,아반떼,아반떼 (CN7),62,2120,19096,1598,5,6,0,0,1,1,1,1,1,1,1,1,1,1,0,0,0,0,0,0,1,0,0,0,0,0,1,0,0,1,0,1
41527634,쏘나타,쏘나타 (DN8),57,2250,82801,1999,5,3,0,0,1,1,1,1,1,1,1,1,1,1,0,0,0,0,0,0,1,0,0,0,0,0,0,1,0,1,0,1
41527643,그랜저,더 뉴 그랜저 IG,27,2850,56567,2497,5,4,1,1,1,1,1,1,1,1,1,1,1,1,0,0,0,0,0,0,1,0,0,0,0,1,0,0,0,1,0,1
41527979,싼타페,싼타페 TM,56,2350,84758,1995,7,8,10,0,1,1,1,1,1,1,1,1,1,1,0,0,0,0,0,0,0,0,1,0,0,1,0,0,0,1,1,0
41528032,그랜저,그랜저 IG,27,1730,76380,2359,5,7,2,0,0,1,1,1,1,1,1,1,1,1,0,0,0,0,0,0,1,0,0,0,0,0,1,0,0,1,0,1
41528183,팰리세이드,팰리세이드,107,2580,110019,3778,7,6,0,0,1,1,1,1,1,1,1,1,1,1,0,0,0,0,0,0,1,0,0,0,0,1,0,0,0,1,1,0
41528607,코나,코나 하이브리드 (SX2),91,3050,11238,1580,5,1,1,0,1,1,1,1,1,1,1,1,1,1,0,0,0,0,0,0,0,1,0,0,0,1,0,0,0,1,1,0
41528612,코나,코나 일렉트릭 (SX2),91,3150,15767,180,5,1,3,0,1,1,1,1,1,1,1,1,1,1,0,0,0,0,0,0,0,0,0,1,0,0,0,1,0,1,1,0
41528747,싼타페,싼타페 TM,56,1860,73509,1995,5,7,0,0,0,1,1,1,1,1,1,1,1,1,0,0,0,0,0,0,0,0,1,0,0,0,0,1,0,1,1,0
41529178,스타리아,스타리아,51,2790,46831,2199,9,5,9,0,0,1,1,1,1,1,1,0,1,1,0,0,0,0,0,0,0,0,1,0,0,1,0,0,0,1,1,0
41529290,코나,코나 하이브리드 (SX2),91,3190,41465,1580,5,3,0,0,1,1,1,1,1,1,1,1,1,1,0,0,0,0,0,0,0,1,0,0,0,0,0,1,0,1,1,0
41529396,투싼,투싼 (NX4),101,2230,29393,1598,5,5,4,0,0,1,1,1,1,1,1,1,1,1,0,0,0,0,0,0,1,0,0,0,0,1,0,0,0,1,1,0
41529421,팰리세이드,팰리세이드,107,3850,45948,2199,7,5,0,0,1,1,1,1,1,1,1,1,1,1,0,0,0,0,0,0,0,0,1,0,0,1,0,0,0,1,1,0
41529765,그랜저,그랜저 (GN7),27,3090,59313,3470,5,3,2,0,1,1,1,1,1,1,1,1,1,1,0,0,0,0,0,0,1,0,0,0,0,0,1,0,0,1,0,1
41529773,팰리세이드,팰리세이드,107,2300,261032,2199,7,6,1,1,1,1,1,1,1,1,1,1,1,1,0,0,0,0,0,0,0,0,1,0,0,0,1,0,0,1,1,0
41529959,팰리세이드,팰리세이드,107,2790,72442,3778,7,6,3,1,1,1,1,1,1,1,1,1,1,1,0,0,0,0,0,0,1,0,0,0,0,1,0,0,0,1,1,0
41529978,투싼,더 뉴 투싼 (NX4),101,3299,1259,1598,5,1,2,0,1,1,1,1,1,1,1,1,1,1,0,0,0,0,0,0,1,0,0,0,0,0,0,1,0,1,1,0
41530054,아반떼,아반떼 (CN7),62,2250,28261,1598,5,3,0,0,1,1,1,1,1,1,1,1,1,1,0,0,0,0,0,0,1,0,0,0,0,1,0,0,0,1,0,1
41530374,코나,코나 (SX2),91,2139,36403,1598,5,2,17,0,1,1,1,1,1,1,1,1,1,1,0,0,0,0,0,0,1,0,0,0,0,1,0,0,0,1,1,0
41530517,스타리아,스타리아,51,2080,94024,2199,3,5,2,0,0,1,0,0,1,0,1,0,1,1,0,0,0,0,0,0,0,0,1,0,0,1,0,0,0,1,1,0
41530600,싼타페,싼타페 TM,56,2240,31297,1998,5,7,2,0,0,1,1,1,1,1,1,0,1,1,0,0,0,0,0,0,1,0,0,0,0,1,0,0,0,1,1,0
41530760,아이오닉5,아이오닉5,66,2930,59833,111,5,4,5,0,1,1,1,1,1,1,1,1,1,1,0,0,0,0,0,0,0,0,0,1,0,1,0,0,0,1,0,1
41531087,아반떼,아반떼 (CN7),62,1990,31593,1598,5,3,1,0,0,1,1,1,1,1,1,1,1,1,0,0,0,0,0,0,1,0,0,0,0,1,0,0,0,1,0,1
41531906,아반떼,더 뉴 아반떼 하이브리드 (CN7),62,2500,12942,1580,5,2,0,0,1,1,1,1,1,1,1,1,1,1,0,0,0,0,0,0,0,1,0,0,0,1,0,0,0,1,0,1
41531918,쏘나타,쏘나타 (DN8),57,2130,79061,1598,5,5,1,0,1,1,1,1,1,1,1,1,1,1,0,0,0,0,0,0,1,0,0,0,0,1,0,0,0,1,0,1
41532023,그랜저,더 뉴 그랜저 IG,27,2890,38548,2497,5,4,1,1,1,1,1,1,1,1,1,1,1,1,0,0,0,0,0,0,1,0,0,0,0,1,0,0,0,1,0,1
41532387,쏠라티,쏠라티,60,4250,39000,2497,5,11,2,1,0,1,1,0,0,1,1,0,1,1,0,0,0,0,0,0,0,0,1,0,0,1,0,0,0,1,1,0
41532923,코나,코나 일렉트릭,91,2220,17588,180,5,6,0,0,0,1,1,1,1,1,1,1,1,1,0,0,0,0,0,0,0,0,0,1,0,1,0,0,0,1,1,0
41532973,아이오닉5,아이오닉5,66,3580,66950,111,5,5,1,1,1,1,1,1,1,1,1,1,1,1,0,0,0,0,0,0,0,0,0,1,0,0,0,1,0,1,0,1
41533008,아반떼,아반떼 (CN7),62,9999,122444,1598,5,5,6,0,0,1,1,1,1,1,1,1,1,1,0,0,0,0,0,0,1,0,0,0,0,1,0,0,0,1,0,1
41533102,ST1,ST1,22,4150,20582,120,2,1,0,0,0,1,1,1,1,1,0,1,1,1,0,0,0,0,0,0,0,0,0,1,0,1,0,0,0,1,1,0
41533117,팰리세이드,팰리세이드,107,2370,103742,2199,7,7,4,1,1,1,1,1,1,0,1,1,1,1,0,0,0,0,0,0,0,0,1,0,0,0,0,0,1,1,1,0
41533233,팰리세이드,팰리세이드,107,2790,108010,2199,8,5,0,0,1,1,1,1,1,1,1,1,1,1,0,0,0,0,0,0,0,0,1,0,0,0,1,0,0,1,1,0
41533293,투싼,투싼 (NX4),101,2930,33068,1598,5,4,2,0,1,1,1,1,1,1,1,1,1,1,0,0,0,0,0,0,1,0,0,0,0,0,0,1,0,1,1,0
41533306,아반떼,아반떼 (CN7),62,1880,67254,1598,5,4,6,0,1,1,1,1,1,1,1,1,1,1,0,0,0,0,0,0,1,0,0,0,0,0,0,1,0,1,0,1
41533568,스타리아,스타리아,51,4199,61850,2199,9,2,0,1,1,1,1,1,1,1,1,1,1,1,0,0,0,0,0,0,0,0,1,0,0,1,0,0,0,1,1,0
41533574,스타리아,스타리아,51,3150,29985,3470,7,5,1,1,1,1,1,1,1,1,1,1,1,1,0,0,0,0,0,1,0,0,0,0,0,0,1,0,0,1,1,0
41533782,아이오닉5,아이오닉5,66,2650,73312,111,5,5,6,0,1,1,1,1,1,1,1,1,1,1,0,0,0,0,0,0,0,0,0,1,0,0,0,0,1,1,0,1
41534002,그랜저,더 뉴 그랜저 IG,27,3520,38427,2497,5,4,0,1,1,1,1,1,1,1,1,1,1,1,0,0,0,0,0,0,1,0,0,0,0,1,0,0,0,1,0,1
41534186,쏘나타,쏘나타 하이브리드 (DN8),57,1810,81979,1999,5,4,5,0,1,1,1,1,1,1,1,1,1,1,0,0,0,0,0,0,0,1,0,0,0,0,0,1,0,1,0,1
41534363,벨로스터,벨로스터 (JS),47,1820,14666,1591,4,7,0,1,1,1,1,1,1,1,1,1,1,1,0,0,0,0,0,0,1,0,0,0,0,0,0,1,0,1,0,1
41534483,넥쏘,넥쏘,28,2150,59349,0,5,4,2,1,1,1,1,1,1,1,1,1,1,1,0,0,0,0,0,0,0,0,0,0,1,1,0,0,0,1,1,0
41534608,쏘나타,쏘나타 (DN8),57,1940,115607,1999,5,7,1,0,1,1,1,1,1,1,1,1,1,1,0,0,0,0,0,0,1,0,0,0,0,0,0,1,0,1,0,1
41534655,쏘나타,쏘나타 (DN8),57,1990,116312,1598,5,6,0,1,1,1,1,1,1,1,1,1,1,1,0,0,0,0,0,0,1,0,0,0,0,0,0,0,1,1,0,1
41534933,쏘나타,쏘나타 (DN8),57,2190,23162,1999,5,3,4,0,1,1,1,1,1,1,1,1,1,1,0,0,0,0,0,0,1,0,0,0,0,0,0,1,0,1,0,1
41534939,아반떼,아반떼 (CN7),62,1740,112608,1598,5,5,0,0,1,1,1,1,1,1,1,1,1,1,0,0,0,0,0,0,1,0,0,0,0,0,0,1,0,1,0,1
41535130,투싼,투싼 (NX4),101,9999,111088,1998,5,4,2,0,0,0,0,0,0,0,0,0,0,1,0,0,0,0,0,0,0,0,1,0,0,1,0,0,0,1,1,0
41535352,싼타페,싼타페 TM,56,2090,35441,1995,5,8,0,0,0,1,1,1,1,1,1,1,1,1,0,0,0,0,0,0,0,0,1,0,0,0,0,1,0,1,1,0
41535478,싼타페,더 뉴 싼타페,56,2500,73626,2151,5,5,0,0,1,1,1,1,1,1,1,1,1,1,0,0,0,0,0,0,0,0,1,0,0,1,0,0,0,1,1,0
41535776,그랜저,그랜저 IG,27,2130,52553,2999,5,8,2,0,0,0,0,0,0,0,0,0,0,1,0,0,0,0,0,1,0,0,0,0,0,0,1,0,0,1,0,1
41535956,싼타페,싼타페 (MX5),56,3150,48452,2497,7,3,0,1,1,1,1,1,1,1,1,1,1,1,0,0,0,0,0,0,1,0,0,0,0,1,0,0,0,1,1,0
41536142,아반떼,더 뉴 아반떼 (CN7),62,2150,9908,1598,5,3,1,1,1,1,1,1,1,1,1,1,1,1,0,0,0,0,0,0,1,0,0,0,0,1,0,0,0,1,0,1
41536203,그랜저,더 뉴 그랜저 IG,27,2640,74825,2497,5,4,2,0,1,1,1,1,1,1,1,1,1,1,0,0,0,0,0,0,1,0,0,0,0,0,1,0,0,1,0,1
41536347,싼타페,더 뉴 싼타페,56,2299,72209,2151,5,4,8,0,1,1,1,1,1,1,1,1,1,1,0,0,0,0,0,0,0,0,1,0,0,0,1,0,0,1,1,0
41536361,싼타페,싼타페 (MX5),56,3512,2230,1598,6,1,2,0,1,1,1,1,1,1,1,1,1,1,0,0,0,0,0,0,0,1,0,0,0,0,1,0,0,1,1,0
41536367,스타리아,스타리아,51,2640,115575,2199,9,5,7,0,1,1,1,1,1,1,1,1,1,1,0,0,0,0,0,0,0,0,1,0,0,0,1,0,0,1,1,0
41536400,투싼,투싼 (NX4),101,2460,32886,1598,5,5,9,0,1,1,1,1,1,1,1,1,1,1,0,0,0,0,0,0,1,0,0,0,0,1,0,0,0,1,1,0
41537046,싼타페,싼타페 TM,56,1830,113352,1995,5,7,7,1,0,1,1,1,1,1,1,1,1,1,0,0,0,0,0,0,0,0,1,0,0,0,1,0,0,1,1,0
41537216,쏘나타,쏘나타 (DN8),57,2190,49283,1598,5,6,1,0,1,1,1,1,1,1,1,1,1,1,0,0,0,0,0,0,1,0,0,0,0,0,0,1,0,1,0,1
41537248,싼타페,더 뉴 싼타페,56,2390,102924,2151,5,5,2,0,1,1,1,1,1,1,1,1,1,1,0,0,0,0,0,0,0,0,1,0,0,1,0,0,0,1,1,0
41537316,쏘나타,쏘나타 디 엣지(DN8),57,3550,758,1999,5,0,0,0,1,1,1,1,1,1,1,1,1,1,0,0,0,0,0,1,0,0,0,0,0,0,0,1,0,1,0,1
41538231,쏘나타,쏘나타 (DN8),57,1950,136692,1598,5,7,0,1,1,1,1,1,1,1,1,1,1,1,0,0,0,0,0,0,1,0,0,0,0,1,0,0,0,1,0,1
41538595,아반떼,아반떼 (CN7),62,1830,114879,1998,5,5,14,0,1,1,1,1,1,1,1,1,1,1,0,0,0,0,0,0,1,0,0,0,0,1,0,0,0,1,0,1
41538663,팰리세이드,더 뉴 팰리세이드,107,3980,79163,2199,7,3,2,0,1,1,1,1,1,1,1,1,1,1,0,0,0,0,0,0,0,0,1,0,0,0,0,1,0,1,1,0
41538768,팰리세이드,팰리세이드,107,2490,85007,2199,7,6,2,0,1,1,1,1,1,1,1,1,1,1,0,0,0,0,0,0,0,0,1,0,0,0,1,0,0,1,1,0
41539326,그랜저,그랜저 하이브리드 (GN7),27,3150,84761,1598,5,3,1,0,1,1,1,1,1,1,1,1,1,1,0,0,0,0,0,0,0,1,0,0,0,0,1,0,0,1,0,1
41539373,캐스퍼,캐스퍼,88,1940,2270,998,4,4,0,0,0,1,1,1,1,1,1,1,1,1,0,0,0,0,0,0,1,0,0,0,0,1,0,0,0,1,0,1
41539885,아반떼,아반떼 (CN7),62,2450,68842,1998,5,3,4,0,1,1,1,1,1,1,1,1,1,1,0,0,0,0,0,0,1,0,0,0,0,0,0,0,1,1,0,1
41540460,그랜저,더 뉴 그랜저 IG,27,2750,51215,2497,5,5,0,0,1,1,1,1,1,1,1,1,1,1,0,0,0,0,0,0,1,0,0,0,0,1,0,0,0,1,0,1
41541446,싼타페,더 뉴 싼타페,56,3110,35957,1598,6,3,1,0,1,1,1,1,1,1,1,1,1,1,0,0,0,0,0,0,0,1,0,0,0,1,0,0,0,1,1,0
41541774,투싼,더 뉴 투싼 하이브리드 (NX4),101,3750,21793,1598,5,1,0,0,1,1,1,1,1,1,1,1,1,1,0,0,0,0,0,0,0,1,0,0,0,0,0,1,0,1,1,0
41541778,코나,더 뉴 코나 하이브리드,91,1870,114517,1580,5,6,0,0,1,1,1,1,1,1,1,1,1,1,0,0,0,0,0,0,0,1,0,0,0,0,0,1,0,1,1,0
41541891,아반떼,아반떼 (CN7),62,1720,73261,1598,5,6,4,0,1,1,1,1,1,1,1,1,1,1,0,0,0,0,0,0,1,0,0,0,0,0,0,1,0,1,0,1
41542043,팰리세이드,더 뉴 팰리세이드,107,3290,29457,3778,7,4,0,0,1,1,1,1,1,1,1,1,1,1,0,0,0,0,0,0,1,0,0,0,0,0,1,0,0,1,1,0
41542092,그랜저,더 뉴 그랜저 IG,27,2550,49295,3342,5,5,4,0,1,1,1,1,1,1,1,1,1,1,0,0,0,0,0,0,1,0,0,0,0,0,1,0,0,1,0,1
41542172,아반떼,더 뉴 아반떼 (CN7),62,2250,20594,1598,5,1,2,1,1,1,1,1,1,1,1,1,1,1,0,0,0,0,0,0,1,0,0,0,0,0,0,1,0,1,0,1
41542178,아이오닉5,아이오닉5,66,3049,103354,111,5,4,5,1,1,1,1,1,1,1,1,1,1,1,0,0,0,0,0,0,0,0,0,1,0,0,0,1,0,1,0,1
41542249,쏘나타,쏘나타 (DN8),57,2149,18662,1999,5,3,6,0,1,1,1,1,1,1,1,1,1,1,0,0,0,0,0,0,1,0,0,0,0,0,1,0,0,1,0,1
41542278,팰리세이드,팰리세이드,107,3780,45565,2199,7,4,2,1,1,1,1,1,1,1,1,1,1,1,0,0,0,0,0,0,0,0,1,0,0,0,1,0,0,1,1,0
41542420,싼타페,더 뉴 싼타페,56,2200,88319,2151,5,6,4,0,1,1,1,1,1,1,1,1,1,1,0,0,0,0,0,0,0,0,1,0,0,0,0,1,0,1,1,0
41542644,아반떼,더 뉴 아반떼 (CN7),62,2570,4566,1598,5,1,0,0,1,1,1,1,1,1,1,1,1,1,0,0,0,0,0,0,1,0,0,0,0,0,0,1,0,1,0,1
41542650,그랜저,그랜저 IG,27,1800,56380,2359,5,8,2,0,0,1,1,1,1,1,1,1,1,1,0,0,0,0,0,0,1,0,0,0,0,0,1,0,0,1,0,1
41542817,캐스퍼,캐스퍼,88,7777,24824,998,4,2,5,1,0,1,1,1,1,1,1,1,1,1,0,0,0,0,0,0,1,0,0,0,0,1,0,0,0,1,0,1
41542843,캐스퍼,캐스퍼 일렉트릭,88,2760,10849,158,4,2,0,1,1,1,1,1,1,1,1,1,1,1,0,0,0,0,0,0,0,0,0,1,0,0,1,0,0,1,0,1
41543112,아반떼,더 뉴 아반떼 하이브리드 (CN7),62,2520,63464,1580,5,3,1,0,1,1,1,1,1,1,1,1,1,1,0,0,0,0,0,0,0,1,0,0,0,1,0,0,0,1,0,1
41543188,팰리세이드,팰리세이드 (LX3),107,5140,32208,2497,9,1,0,0,1,1,1,1,1,1,1,1,1,1,0,0,0,0,0,0,0,1,0,0,0,1,0,0,0,1,1,0
41543371,팰리세이드,팰리세이드,107,3180,69224,3778,7,4,0,0,1,1,1,1,1,1,1,1,1,1,0,0,0,0,0,0,1,0,0,0,0,1,0,0,0,1,1,0
41543447,아반떼,더 뉴 아반떼 (CN7),62,5000,15494,1598,5,1,3,0,1,1,1,1,1,1,1,1,1,1,0,0,0,0,0,0,1,0,0,0,0,1,0,0,0,1,0,1
41543501,싼타페,더 뉴 싼타페,56,2300,90970,2151,5,6,3,0,1,1,1,1,1,1,1,1,1,1,0,0,0,0,0,0,0,0,1,0,0,0,0,1,0,1,1,0
41543931,싼타페,싼타페 (MX5),56,4099,17940,1598,6,1,1,0,1,1,1,1,1,1,1,1,1,1,0,0,0,0,0,0,0,1,0,0,0,1,0,0,0,1,1,0
41544442,팰리세이드,팰리세이드,107,3080,58328,2199,8,7,0,0,1,1,1,1,1,1,1,1,1,1,0,0,0,0,0,0,0,0,1,0,0,1,0,0,0,1,1,0
41544524,쏘나타,쏘나타 디 엣지(DN8),57,2480,105513,1999,5,2,4,0,1,1,1,1,1,1,1,1,1,1,0,0,0,0,0,1,0,0,0,0,0,1,0,0,0,1,0,1
41544560,쏘나타,쏘나타 (DN8),57,2530,25715,1598,5,5,0,0,1,1,1,1,1,1,1,1,1,1,0,0,0,0,0,0,1,0,0,0,0,0,0,1,0,1,0,1
41544764,쏘나타,쏘나타 (DN8),57,2080,160463,1598,5,5,4,1,1,1,1,1,1,1,1,1,1,1,0,0,0,0,0,0,1,0,0,0,0,1,0,0,0,1,0,1
41544780,그랜저,더 뉴 그랜저 IG,27,2300,120344,3342,5,4,4,1,1,1,0,1,1,1,1,1,1,1,0,0,0,0,0,0,1,0,0,0,0,0,1,0,0,1,0,1
41544791,아반떼,아반떼 하이브리드 (CN7),62,1900,76149,1580,5,6,14,0,1,1,1,1,1,1,1,1,1,1,0,0,0,0,0,0,0,1,0,0,0,0,0,0,1,1,0,1
41544832,그랜저,그랜저 (GN7),27,3395,24567,2497,5,2,0,0,1,1,1,1,1,1,1,1,1,1,0,0,0,0,0,0,1,0,0,0,0,0,1,0,0,1,0,1
41544994,그랜저,더 뉴 그랜저 IG 하이브리드,27,3250,35183,2359,5,4,6,0,1,1,1,1,1,1,1,1,1,1,0,0,0,0,0,0,0,1,0,0,0,1,0,0,0,1,0,1
41545026,아반떼,더 뉴 아반떼 (CN7),62,2419,2876,1598,5,1,3,0,1,1,1,1,1,1,1,1,1,1,0,0,0,0,0,0,1,0,0,0,0,1,0,0,0,1,0,1
41545156,싼타페,싼타페 TM,56,2330,46921,1998,5,7,1,0,0,1,1,1,1,1,1,1,1,1,0,0,0,0,0,0,1,0,0,0,0,1,0,0,0,1,1,0
41545363,그랜저,그랜저 IG,27,1869,100259,2999,5,8,1,1,1,1,1,1,1,1,1,1,1,1,0,0,0,0,0,1,0,0,0,0,0,0,1,0,0,1,0,1
41545758,싼타페,싼타페 TM,56,1890,177031,2199,5,8,2,1,1,1,1,1,1,1,1,1,1,1,0,0,0,0,0,0,0,0,1,0,0,1,0,0,0,1,1,0
41545790,캐스퍼,캐스퍼,88,1720,43172,998,4,4,0,1,0,1,1,1,1,1,1,1,1,1,0,0,0,0,0,0,1,0,0,0,0,0,0,0,1,1,0,1
41545848,아반떼,더 뉴 아반떼 (CN7),62,2480,7510,1591,5,2,0,0,1,1,1,1,1,1,1,1,1,1,0,0,0,0,0,1,0,0,0,0,0,1,0,0,0,1,0,1
41546072,아반떼,아반떼 (CN7),62,1830,89179,1598,5,5,4,0,1,1,1,1,1,1,1,1,1,1,0,0,0,0,0,0,1,0,0,0,0,1,0,0,0,1,0,1
41546206,아반떼,아반떼 (CN7),62,1780,67058,1598,5,4,1,0,0,1,1,1,1,1,1,1,1,1,0,0,0,0,0,0,1,0,0,0,0,1,0,0,0,1,0,1
41546282,쏘나타,쏘나타 하이브리드 (DN8),57,2170,23089,1999,5,5,2,0,1,1,1,1,1,1,1,0,1,1,0,0,0,0,0,0,0,1,0,0,0,0,1,0,0,1,0,1
41546799,그랜저,더 뉴 그랜저 IG,27,2790,64175,2497,5,5,2,1,1,1,1,1,1,1,1,1,1,1,0,0,0,0,0,0,1,0,0,0,0,1,0,0,0,1,0,1
41546894,그랜저,그랜저 (GN7),27,2980,88081,3470,5,3,0,0,1,1,1,1,1,1,1,1,1,1,0,0,0,0,0,0,1,0,0,0,0,0,1,0,0,1,0,1
41546903,스타리아,스타리아,51,3290,20874,2199,9,4,1,0,1,1,1,1,1,1,1,1,1,1,0,0,0,0,0,0,0,0,1,0,0,0,0,1,0,1,1,0
41546911,캐스퍼,캐스퍼 일렉트릭,88,2570,31473,158,4,2,0,0,0,1,1,1,1,1,1,1,1,1,0,0,0,0,0,0,0,0,0,1,0,0,0,0,1,1,0,1
41547098,팰리세이드,팰리세이드,107,2799,114258,2199,7,5,2,0,1,1,1,1,1,1,1,1,1,1,0,0,0,0,0,0,0,0,1,0,0,1,0,0,0,1,1,0
41547168,투싼,투싼 (NX4),101,3390,50356,1598,5,3,0,1,1,1,1,1,1,1,1,1,1,1,0,0,0,0,0,0,1,0,0,0,0,1,0,0,0,1,1,0
41547407,그랜저,더 뉴 그랜저 IG 하이브리드,27,2050,124615,2359,5,5,2,1,1,1,1,1,1,1,1,1,1,1,0,0,0,0,0,0,0,1,0,0,0,0,0,0,1,1,0,1
41547671,베뉴,베뉴,45,2000,34951,1598,5,2,0,0,1,1,1,1,1,1,1,1,1,1,0,0,0,0,0,0,1,0,0,0,0,0,0,1,0,1,1,0
41548021,코나,코나 (SX2),91,2760,27411,1598,5,3,1,0,1,1,1,1,1,1,1,1,1,1,0,0,0,0,0,0,1,0,0,0,0,0,0,1,0,1,1,0
41548731,스타리아,스타리아,51,2640,29533,3470,5,4,0,0,1,1,1,1,1,1,1,0,1,1,0,0,0,0,0,1,0,0,0,0,0,0,0,1,0,1,1,0
41549038,아반떼,더 뉴 아반떼 하이브리드 (CN7),62,2450,68333,1580,5,2,3,1,1,1,1,1,1,1,1,1,1,1,0,0,0,0,0,0,0,1,0,0,0,0,0,1,0,1,0,1
41549089,아이오닉5,아이오닉5,66,3049,53108,111,5,5,4,0,1,1,1,1,1,1,1,1,1,1,0,0,0,0,0,0,0,0,0,1,0,1,0,0,0,1,0,1
41549554,싼타페,더 뉴 싼타페,56,2780,56467,2151,5,4,0,0,1,1,1,1,1,1,1,1,1,1,0,0,0,0,0,0,0,0,1,0,0,1,0,0,0,1,1,0
41549562,그랜저,그랜저 하이브리드 (GN7),27,4590,17061,1598,5,3,0,1,1,1,1,1,1,1,1,1,1,1,0,0,0,0,0,0,0,1,0,0,0,1,0,0,0,1,0,1
41549999,아반떼,더 뉴 아반떼 (CN7),62,2590,25382,1598,5,2,0,0,1,1,1,1,1,1,1,1,1,1,0,0,0,0,0,0,1,0,0,0,0,1,0,0,0,1,0,1
41550069,팰리세이드,더 뉴 팰리세이드,107,4599,42983,2199,7,4,2,1,1,1,1,1,1,1,1,1,1,1,0,0,0,0,0,0,0,0,1,0,0,1,0,0,0,1,1,0
41550222,아이오닉6,아이오닉6,67,3650,54749,111,5,4,4,1,1,1,1,1,1,1,1,1,1,1,0,0,0,0,0,0,0,0,0,1,0,0,1,0,0,1,0,1
41550286,그랜저,더 뉴 그랜저 IG,27,1769,198592,3342,5,6,11,0,1,1,1,1,1,1,1,1,1,1,0,0,0,0,0,0,1,0,0,0,0,1,0,0,0,1,0,1
41550492,팰리세이드,팰리세이드,107,2830,96248,3778,8,6,2,1,1,1,1,1,1,1,1,1,1,1,0,0,0,0,0,0,1,0,0,0,0,1,0,0,0,1,1,0
41550659,팰리세이드,팰리세이드,107,3260,50135,2199,7,4,0,0,0,1,1,1,1,0,1,1,1,1,0,0,0,0,0,0,0,0,1,0,0,1,0,0,0,1,1,0
41550720,아반떼,더 뉴 아반떼 (CN7),62,2460,22015,1598,5,1,0,0,1,1,1,1,1,1,1,1,1,1,0,0,0,0,0,0,1,0,0,0,0,0,0,1,0,1,0,1
41550735,그랜저,그랜저 하이브리드 (GN7),27,3760,21897,1598,5,3,0,1,1,1,1,1,1,1,1,1,1,1,0,0,0,0,0,0,0,1,0,0,0,0,1,0,0,1,0,1
41550805,팰리세이드,더 뉴 팰리세이드,107,3620,26434,3778,7,4,2,0,1,1,1,1,1,1,1,1,1,1,0,0,0,0,0,0,1,0,0,0,0,1,0,0,0,1,1,0
41550830,팰리세이드,팰리세이드,107,3470,84252,3778,8,4,5,1,1,1,1,1,1,1,1,1,1,1,0,0,0,0,0,0,1,0,0,0,0,1,0,0,0,1,1,0
41550964,팰리세이드,팰리세이드,107,3570,81323,2199,7,4,0,1,1,1,1,1,1,1,1,1,1,1,0,0,0,0,0,0,0,0,1,0,0,1,0,0,0,1,1,0
41551102,그랜저,더 뉴 그랜저 IG 하이브리드,27,2199,124874,2359,5,6,4,0,1,1,1,1,1,1,1,1,1,1,0,0,0,0,0,0,0,1,0,0,0,0,0,1,0,1,0,1
41551348,그랜저,그랜저 하이브리드 (GN7),27,3650,78962,1598,5,4,0,0,1,1,1,1,1,1,1,1,1,1,0,0,0,0,0,0,0,1,0,0,0,0,1,0,0,1,0,1
41551504,아반떼,더 뉴 아반떼 (CN7),62,2840,4131,1598,5,1,0,1,1,1,1,1,1,1,1,1,1,1,0,0,0,0,0,0,1,0,0,0,0,0,0,0,1,1,0,1
41551897,팰리세이드,팰리세이드,107,3030,69817,3778,7,6,0,1,1,1,1,1,1,1,1,1,1,1,0,0,0,0,0,0,1,0,0,0,0,0,1,0,0,1,1,0
41552276,쏘나타,쏘나타 디 엣지 하이브리드(DN8),57,3450,710,1999,5,1,2,0,1,1,1,1,1,1,1,1,1,1,0,0,0,0,0,0,0,1,0,0,0,1,0,0,0,1,0,1
41552457,그랜저,그랜저 IG,27,1880,14397,2359,5,8,3,1,0,1,1,1,1,1,1,1,1,1,0,0,0,0,0,0,1,0,0,0,0,0,1,0,0,1,0,1
41552550,아반떼,아반떼 (CN7),62,1845,69081,1598,5,5,1,0,1,1,1,1,1,1,1,1,1,1,0,0,0,0,0,0,1,0,0,0,0,0,0,1,0,1,0,1
41552559,싼타페,싼타페 TM,56,1990,115749,1995,5,7,0,0,1,1,1,1,1,1,1,1,1,1,0,0,0,0,0,0,0,0,1,0,0,0,1,0,0,1,1,0
41552633,스타리아,스타리아,51,2050,68976,2199,3,4,2,0,0,1,1,1,1,1,1,0,1,1,0,0,0,0,0,0,0,0,1,0,0,1,0,0,0,1,1,0
41552682,그랜저,더 뉴 그랜저 IG,27,2590,70113,2497,5,5,7,0,1,1,1,1,1,1,1,1,1,1,0,0,0,0,0,0,1,0,0,0,0,0,1,0,0,1,0,1
41553072,아반떼,아반떼 (CN7),62,1990,42028,1598,5,6,2,0,1,1,1,1,1,1,1,1,1,1,0,0,0,0,0,0,1,0,0,0,0,0,1,0,0,1,0,1
41553191,그랜저,그랜저 (GN7),27,3290,31242,2497,5,3,0,0,1,1,1,1,1,1,1,1,1,1,0,0,0,0,0,0,1,0,0,0,0,1,0,0,0,1,0,1
41553311,팰리세이드,더 뉴 팰리세이드,107,4099,35220,3778,7,3,0,1,1,1,1,1,1,1,1,1,1,1,0,0,0,0,0,0,1,0,0,0,0,1,0,0,0,1,1,0
41553362,제네시스 쿠페,더 뉴 제네시스 쿠페,82,2190,99892,3778,4,11,0,1,1,1,1,1,1,1,1,0,1,1,0,0,0,0,0,0,1,0,0,0,0,0,0,0,1,1,0,1
41553595,쏘나타,쏘나타 (DN8),57,2390,16960,1999,5,5,0,0,1,1,1,1,1,1,1,1,1,1,0,0,0,0,0,0,1,0,0,0,0,1,0,0,0,1,0,1
41554112,그랜저,그랜저 하이브리드 (GN7),27,4180,17250,1598,5,2,0,0,1,1,1,1,1,1,1,1,1,1,0,0,0,0,0,0,0,1,0,0,0,1,0,0,0,1,0,1
41554229,싼타페,더 뉴 싼타페,56,2430,92579,2497,5,5,6,0,1,1,1,0,1,0,1,1,1,1,0,0,0,0,0,0,1,0,0,0,0,1,0,0,0,1,1,0
41554432,투싼,투싼 (NX4),101,3660,20012,1998,5,4,1,1,1,1,1,1,1,1,1,1,1,1,0,0,0,0,0,0,0,0,1,0,0,0,0,1,0,1,1,0
41554769,팰리세이드,팰리세이드 (LX3),107,6220,17160,2497,7,1,0,1,1,1,1,1,1,1,1,1,1,1,0,0,0,0,0,0,1,0,0,0,0,1,0,0,0,1,1,0
41554852,아이오닉5,아이오닉5,66,3570,78142,111,5,4,1,0,1,1,1,1,1,1,1,1,1,1,0,0,0,0,0,0,0,0,0,1,0,1,0,0,0,1,0,1
41555010,싼타페,싼타페 (MX5),56,4049,9925,2497,5,3,2,0,1,1,1,1,1,1,1,1,1,1,0,0,0,0,0,0,1,0,0,0,0,1,0,0,0,1,1,0
41555027,팰리세이드,팰리세이드,107,3070,61203,2199,7,5,0,1,1,1,1,1,1,1,1,1,1,1,0,0,0,0,0,0,0,0,1,0,0,0,1,0,0,1,1,0
41555133,싼타페,더 뉴 싼타페,56,2170,96073,2151,7,6,4,1,1,1,1,1,1,1,1,1,1,1,0,0,0,0,0,0,0,0,1,0,0,1,0,0,0,1,1,0
41555455,그랜저,더 뉴 그랜저 IG,27,2595,39009,2497,5,4,2,0,1,1,1,1,1,1,1,1,1,1,0,0,0,0,0,0,1,0,0,0,0,0,0,0,1,1,0,1
41555649,쏘나타,쏘나타 하이브리드 (DN8),57,2299,62785,1999,5,3,2,0,1,1,1,1,1,1,1,1,1,1,0,0,0,0,0,0,0,1,0,0,0,0,1,0,0,1,0,1
41555854,팰리세이드,더 뉴 팰리세이드,107,4755,9734,2199,8,3,0,1,1,1,1,1,1,1,1,1,1,1,0,0,0,0,0,0,0,0,1,0,0,1,0,0,0,1,1,0
41556396,코나,더 뉴 코나,91,2870,32668,1998,5,4,8,1,1,1,1,1,1,1,1,1,1,1,0,0,0,0,0,0,1,0,0,0,0,0,0,0,1,1,1,0
41556709,팰리세이드,팰리세이드,107,2350,90162,3778,7,7,2,1,1,1,1,1,1,1,1,1,1,1,0,0,0,0,0,0,1,0,0,0,0,0,0,0,1,1,1,0
41557218,팰리세이드,팰리세이드,107,2430,64566,3778,7,6,2,0,1,1,1,1,1,1,1,1,1,1,0,0,0,0,0,0,1,0,0,0,0,0,1,0,0,1,1,0
41557265,그랜저,그랜저 하이브리드 (GN7),27,3750,53476,1598,5,3,5,0,1,1,1,1,1,1,1,1,1,1,0,0,0,0,0,0,0,1,0,0,0,0,1,0,0,1,0,1
41557350,싼타페,싼타페 TM,56,1950,82779,2199,5,8,2,0,1,1,1,1,1,1,1,1,1,1,0,0,0,0,0,0,0,0,1,0,0,0,0,1,0,1,1,0
41557975,팰리세이드,팰리세이드,107,2650,90481,3778,7,5,0,1,1,1,1,1,1,1,1,1,1,1,0,0,0,0,0,0,1,0,0,0,0,1,0,0,0,1,1,0
41558014,싼타페,더 뉴 싼타페,56,3470,45345,1598,6,3,3,0,1,1,1,1,1,1,1,1,1,1,0,0,0,0,0,0,0,1,0,0,0,0,0,1,0,1,1,0
41558111,팰리세이드,팰리세이드,107,3070,80754,2199,7,6,7,0,1,1,1,1,1,1,1,1,1,1,0,0,0,0,0,0,0,0,1,0,0,1,0,0,0,1,1,0
41558848,싼타페,더 뉴 싼타페,56,2180,110812,2497,5,5,3,0,1,1,1,1,1,1,1,1,1,1,0,0,0,0,0,0,1,0,0,0,0,0,1,0,0,1,1,0
41559088,스타리아,스타리아,51,3355,36976,1598,11,2,0,0,0,1,1,1,1,1,1,0,1,1,0,0,0,0,0,0,0,1,0,0,0,0,0,0,1,1,1,0
41559446,아이오닉6,아이오닉6,67,2250,165401,111,5,3,3,0,1,1,1,1,1,1,1,1,1,1,0,0,0,0,0,0,0,0,0,1,0,0,0,1,0,1,0,1
41559473,스타리아,스타리아,51,4199,25128,2199,9,2,1,0,1,1,1,1,1,1,1,1,1,1,0,0,0,0,0,0,0,0,1,0,0,1,0,0,0,1,1,0
41559531,싼타페,싼타페 TM,56,1849,168880,1995,5,8,5,1,1,1,1,1,1,1,1,1,1,1,0,0,0,0,0,0,0,0,1,0,0,0,0,1,0,1,1,0
41559816,팰리세이드,더 뉴 팰리세이드,107,4150,38791,3778,7,3,0,0,1,1,1,1,1,1,1,1,1,1,0,0,0,0,0,0,1,0,0,0,0,0,1,0,0,1,1,0
41560180,그랜저,더 뉴 그랜저 IG 하이브리드,27,2730,69966,2359,5,7,6,0,1,1,1,1,1,1,1,1,1,1,0,0,0,0,0,0,0,1,0,0,0,0,0,1,0,1,0,1
41560444,싼타페,싼타페 (MX5),56,3800,50086,2497,5,2,5,1,1,1,1,1,1,1,1,1,1,1,0,0,0,0,0,0,1,0,0,0,0,0,1,0,0,1,1,0
41560452,그랜저,그랜저 (GN7),27,3100,52411,3470,5,3,5,0,1,1,1,1,1,1,1,1,1,1,0,0,0,0,0,1,0,0,0,0,0,0,1,0,0,1,0,1
41560457,아반떼,아반떼 (CN7),62,2100,90071,1998,5,5,10,0,1,1,1,1,1,1,1,0,1,1,0,0,0,0,0,0,1,0,0,0,0,0,0,1,0,1,0,1
41560702,쏘나타,쏘나타 디 엣지(DN8),57,2499,12377,1999,5,3,5,0,1,1,1,1,1,1,1,1,1,1,0,0,0,0,0,0,1,0,0,0,0,0,0,1,0,1,0,1
41560744,스타리아,스타리아,51,2890,43997,3470,5,2,1,0,1,1,1,1,1,1,1,1,1,1,0,0,0,0,0,1,0,0,0,0,0,0,0,0,1,1,1,0
41560832,스타리아,스타리아,51,3100,17780,2199,3,1,1,0,0,1,1,1,1,1,1,1,1,1,0,0,0,0,0,0,0,0,1,0,0,1,0,0,0,1,1,0
41560835,아반떼,더 뉴 아반떼 (CN7),62,3090,7522,1998,5,1,0,0,1,1,1,1,1,1,1,0,1,1,0,0,0,0,0,0,1,0,0,0,0,0,0,1,0,1,0,1
41560863,싼타페,싼타페 TM,56,1990,160773,2199,5,8,8,1,1,1,1,1,1,1,1,1,1,1,0,0,0,0,0,0,0,0,1,0,0,0,0,1,0,1,1,0
41561182,투싼,올 뉴 투싼,101,9999,120436,1685,5,10,2,0,0,0,0,0,0,0,0,0,0,1,0,0,0,0,0,0,0,0,1,0,0,0,0,1,0,1,1,0
41561249,그랜저,더 뉴 그랜저 IG,27,2800,68668,2497,5,4,1,1,1,1,1,1,1,1,1,1,1,1,0,0,0,0,0,0,1,0,0,0,0,1,0,0,0,1,0,1
41561297,투싼,올 뉴 투싼,101,7777,206636,1598,5,8,0,0,1,1,1,1,1,1,1,1,1,1,0,0,0,0,0,0,0,0,1,0,0,0,0,1,0,1,1,0
41561798,그랜저,더 뉴 그랜저 IG,27,2270,98462,3342,5,6,4,0,1,1,1,1,1,1,1,1,1,1,0,0,0,0,0,0,1,0,0,0,0,1,0,0,0,1,0,1
41562252,투싼,더 뉴 투싼 (NX4),101,9999,8474,1598,5,1,0,1,1,1,1,1,1,1,1,1,1,1,0,0,0,0,0,0,1,0,0,0,0,1,0,0,0,1,1,0
41562501,코나,더 뉴 코나,91,2130,70523,1598,5,5,0,0,1,1,1,1,1,1,1,1,1,1,0,0,0,0,0,0,1,0,0,0,0,1,0,0,0,1,1,0
41562685,아반떼,아반떼 (CN7),62,1770,51772,1598,5,4,6,0,0,1,1,1,1,1,1,1,1,1,0,0,0,0,0,0,1,0,0,0,0,0,0,1,0,1,0,1
41562816,그랜저,더 뉴 그랜저 IG,27,2770,35981,3342,5,5,2,0,1,1,1,1,1,1,1,1,1,1,0,0,0,0,0,0,1,0,0,0,0,0,1,0,0,1,0,1
41562826,싼타페,더 뉴 싼타페,56,2550,79830,2497,5,4,0,0,1,1,1,1,1,1,1,1,1,1,0,0,0,0,0,0,1,0,0,0,0,1,0,0,0,1,1,0
41562983,아이오닉6,아이오닉6,67,3850,35017,111,5,4,0,1,1,1,1,1,1,1,1,1,1,1,0,0,0,0,0,0,0,0,0,1,0,0,1,0,0,1,0,1
41563646,팰리세이드,팰리세이드,107,2650,100154,2199,8,5,0,0,1,1,1,1,1,1,1,1,1,1,0,0,0,0,0,0,0,0,1,0,0,1,0,0,0,1,1,0
41563873,스타리아,스타리아,51,2999,15464,3470,3,2,1,0,1,1,1,1,1,1,1,1,1,1,0,0,0,0,0,1,0,0,0,0,0,1,0,0,0,1,1,0
41563910,스타렉스,더 뉴 그랜드 스타렉스,50,9999,65560,2497,5,6,0,0,0,1,1,0,0,0,1,0,1,1,0,0,0,0,0,0,0,0,1,0,0,1,0,0,0,1,1,0
41564152,싼타페,싼타페 (MX5),56,4190,12437,1598,6,2,0,1,1,1,1,1,1,1,1,1,1,1,0,0,0,0,0,0,0,1,0,0,0,1,0,0,0,1,1,0
41564731,팰리세이드,팰리세이드,107,3250,28155,2199,7,5,1,0,1,1,1,1,1,1,1,1,1,1,0,0,0,0,0,0,0,0,1,0,0,0,0,1,0,1,1,0
41564737,싼타페,싼타페 (MX5),56,3400,42776,2497,5,2,2,0,1,1,1,1,1,1,1,1,1,1,0,0,0,0,0,0,1,0,0,0,0,1,0,0,0,1,1,0
41565026,팰리세이드,더 뉴 팰리세이드,107,4580,30607,3778,7,2,0,0,1,1,1,1,1,1,1,1,1,1,0,0,0,0,0,0,1,0,0,0,0,0,1,0,0,1,1,0
41565044,그랜저,더 뉴 그랜저 IG,27,3180,50674,2999,5,4,1,0,1,1,1,1,1,1,1,1,1,1,0,0,0,0,0,1,0,0,0,0,0,0,1,0,0,1,0,1
41565099,그랜저,더 뉴 그랜저 IG 하이브리드,27,2570,46268,2359,5,5,1,0,1,1,1,1,1,1,1,0,1,1,0,0,0,0,0,0,0,1,0,0,0,0,0,1,0,1,0,1
41565171,그랜저,더 뉴 그랜저 IG,27,2580,45232,2497,5,4,0,1,1,1,1,1,1,1,1,0,1,1,0,0,0,0,0,0,1,0,0,0,0,0,0,1,0,1,0,1
41565195,투싼,투싼 (NX4),101,2850,35447,1598,5,3,2,0,1,1,1,1,1,1,1,1,1,1,0,0,0,0,0,0,1,0,0,0,0,1,0,0,0,1,1,0
41565514,스타리아,스타리아,51,2899,30680,2199,3,3,4,0,1,1,1,1,1,1,1,1,1,1,0,0,0,0,0,0,0,0,1,0,0,1,0,0,0,1,1,0
41565522,그랜저,더 뉴 그랜저 IG,27,2730,32572,2497,5,6,1,0,1,1,1,1,1,1,1,1,1,1,0,0,0,0,0,0,1,0,0,0,0,0,1,0,0,1,0,1
41565773,싼타페,싼타페 TM,56,2290,82963,1995,5,7,3,0,1,1,1,1,1,1,1,1,1,1,0,0,0,0,0,0,0,0,1,0,0,0,0,1,0,1,1,0
41566004,아반떼,아반떼 (CN7),62,1950,52085,1598,5,6,4,1,1,1,1,1,1,1,1,1,1,1,0,0,0,0,0,0,1,0,0,0,0,1,0,0,0,1,0,1
41566031,쏘나타,쏘나타 디 엣지(DN8),57,3090,23987,1598,5,1,1,0,1,1,1,1,1,1,1,1,1,1,0,0,0,0,0,0,1,0,0,0,0,1,0,0,0,1,0,1
41566596,싼타페,더 뉴 싼타페,56,2430,94277,2151,5,6,7,0,1,1,1,1,1,1,1,1,1,1,0,0,0,0,0,0,0,0,1,0,0,0,0,1,0,1,1,0
41566837,그랜저,그랜저 하이브리드 (GN7),27,3930,29054,1598,5,1,0,0,1,1,1,1,1,1,1,1,1,1,0,0,0,0,0,0,0,1,0,0,0,0,1,0,0,1,0,1
41566874,아이오닉5,아이오닉5,66,3999,35216,111,5,2,0,0,1,1,1,1,1,1,1,1,1,1,0,0,0,0,0,0,0,0,0,1,0,1,0,0,0,1,0,1
41566973,싼타페,더 뉴 싼타페,56,2150,63993,2151,5,6,2,0,1,1,1,1,1,1,1,1,1,1,0,0,0,0,0,0,0,0,1,0,0,1,0,0,0,1,1,0
41567213,그랜저,더 뉴 그랜저 IG,27,2500,88340,2497,5,7,4,1,1,1,1,1,1,1,1,1,1,1,0,0,0,0,0,0,1,0,0,0,0,0,1,0,0,1,0,1
41567400,스타리아,스타리아,51,2730,39499,2199,3,4,2,0,0,1,1,1,1,1,1,0,1,1,0,0,0,0,0,0,0,0,1,0,0,0,1,0,0,1,1,0
41567598,그랜저,더 뉴 그랜저 IG,27,2670,43124,2497,5,5,0,0,1,1,1,1,1,1,1,1,1,1,0,0,0,0,0,0,1,0,0,0,0,0,1,0,0,1,0,1
41567631,아이오닉5,아이오닉5,66,1750,257273,111,5,4,0,0,1,1,1,1,1,1,1,1,1,1,0,0,0,0,0,0,0,0,0,1,0,0,0,1,0,1,0,1
41567956,싼타페,싼타페 TM,56,2300,66940,2199,7,8,2,1,1,1,1,1,1,1,1,1,1,1,0,0,0,0,0,0,0,0,1,0,0,0,0,1,0,1,1,0
41568097,그랜저,그랜저 (GN7),27,4490,1774,2497,5,1,0,0,1,1,1,1,1,1,1,1,1,1,0,0,0,0,0,0,1,0,0,0,0,1,0,0,0,1,0,1
41568603,싼타페,더 뉴 싼타페,56,2400,83352,2151,5,5,2,0,1,1,1,1,1,1,1,1,1,1,0,0,0,0,0,0,0,0,1,0,0,0,0,1,0,1,1,0
41568635,그랜저,그랜저 하이브리드 (GN7),27,3080,105045,1598,5,3,0,0,1,1,1,1,1,1,1,1,1,1,0,0,0,0,0,0,0,1,0,0,0,0,1,0,0,1,0,1
41568661,아반떼,더 뉴 아반떼 (CN7),62,3250,2890,1998,5,1,0,0,1,1,1,1,1,1,1,0,1,1,0,0,0,0,0,0,1,0,0,0,0,0,0,0,1,1,0,1
41568733,코나,코나 일렉트릭 (SX2),91,2690,82963,180,5,3,1,0,1,1,1,1,1,1,1,1,1,1,0,0,0,0,0,0,0,0,0,1,0,1,0,0,0,1,1,0
41568796,아반떼,아반떼 (CN7),62,2080,59641,1998,5,5,2,0,1,1,1,1,1,1,1,0,1,1,0,0,0,0,0,0,1,0,0,0,0,0,1,0,0,0,0,1
41568908,싼타페,싼타페 (MX5),56,4099,28192,1598,7,3,0,0,1,1,1,1,1,1,1,1,1,1,0,0,0,0,0,0,0,1,0,0,0,1,0,0,0,1,1,0
41568928,팰리세이드,더 뉴 팰리세이드,107,3490,79745,3778,7,4,0,0,1,1,1,1,1,1,1,1,1,1,0,0,0,0,0,0,1,0,0,0,0,0,1,0,0,1,1,0
41569463,싼타페,싼타페 (MX5),56,3950,35870,1598,5,2,0,1,1,1,1,1,1,1,1,1,1,1,0,0,0,0,0,0,0,1,0,0,0,1,0,0,0,1,1,0
41569734,팰리세이드,팰리세이드,107,2730,81296,3778,7,6,4,1,1,1,1,1,1,1,1,1,1,1,0,0,0,0,0,0,1,0,0,0,0,1,0,0,0,1,1,0
41569890,싼타페,싼타페 (MX5),56,4150,30879,2497,5,2,1,1,1,1,1,1,1,1,1,1,1,1,0,0,0,0,0,0,1,0,0,0,0,1,0,0,0,1,1,0
41570492,싼타페,싼타페 TM,56,2220,72508,1995,5,7,0,0,1,1,1,1,1,1,1,1,1,1,0,0,0,0,0,0,0,0,1,0,0,1,0,0,0,1,1,0
41570895,스타렉스,더 뉴 그랜드 스타렉스,50,1795,70861,2497,3,5,0,0,0,1,1,0,0,1,0,0,1,1,0,0,0,0,0,0,0,0,1,0,0,1,0,0,0,1,1,0
41571205,아이오닉5,아이오닉5,66,2999,52320,111,5,5,4,0,1,1,1,1,1,1,1,1,1,1,0,0,0,0,0,0,0,0,0,1,0,1,0,0,0,1,0,1
41571271,투싼,올 뉴 투싼,101,1710,136152,1995,5,8,2,1,1,1,1,1,1,1,1,1,1,1,0,0,0,0,0,0,0,0,1,0,0,1,0,0,0,1,1,0
41571489,투싼,투싼 하이브리드 (NX4),101,2080,91006,1598,5,5,5,0,0,1,1,1,1,1,1,1,1,1,0,0,0,0,0,0,0,1,0,0,0,0,0,0,1,1,1,0
41571592,쏘나타,쏘나타 (DN8),57,2100,76668,1598,5,5,7,1,1,1,1,1,1,1,1,1,1,1,0,0,0,0,0,0,1,0,0,0,0,1,0,0,0,1,0,1
41572005,캐스퍼,캐스퍼,88,1710,38460,998,4,4,0,1,0,1,1,1,1,1,1,1,1,1,0,0,0,0,0,0,1,0,0,0,0,0,0,0,1,1,0,1
41572255,팰리세이드,팰리세이드,107,3210,56185,2199,7,4,2,1,1,1,1,1,1,1,1,1,1,1,0,0,0,0,0,0,0,0,1,0,0,0,1,0,0,1,1,0
41572299,싼타페,더 뉴 싼타페,56,2789,68472,1598,5,5,0,0,1,1,1,1,1,1,1,1,1,1,0,0,0,0,0,0,0,1,0,0,0,1,0,0,0,1,1,0
41572508,스타리아,스타리아,51,4550,2795,1598,5,1,0,0,1,1,1,1,1,1,1,0,1,1,0,0,0,0,0,0,0,1,0,0,0,1,0,0,0,1,1,0
41572636,아이오닉6,아이오닉6,67,2350,136737,111,5,3,2,0,1,1,1,1,1,1,1,1,1,1,0,0,0,0,0,0,0,0,0,1,0,1,0,0,0,1,0,1
41573339,싼타페,싼타페 (MX5),56,3480,21851,2497,5,1,1,0,1,1,1,1,1,1,1,1,1,1,0,0,0,0,0,0,1,0,0,0,0,1,0,0,0,1,1,0
41573350,그랜저,더 뉴 그랜저 IG,27,2720,35295,3342,5,6,2,1,1,1,1,1,1,1,1,1,1,1,0,0,0,0,0,0,1,0,0,0,0,1,0,0,0,1,0,1
41573354,스타리아,스타리아,51,3950,40693,2199,9,5,0,1,1,1,1,1,1,1,1,1,1,1,0,0,0,0,0,0,0,0,1,0,0,1,0,0,0,1,1,0
41573500,팰리세이드,팰리세이드,107,2130,130526,2199,7,7,4,0,0,1,1,1,1,1,1,1,1,1,0,0,0,0,0,0,0,0,1,0,0,1,0,0,0,1,1,0
41573784,팰리세이드,팰리세이드 (LX3),107,5890,11054,2497,9,1,0,0,1,1,1,1,1,1,1,1,1,1,0,0,0,0,0,0,0,1,0,0,0,0,0,0,1,1,1,0
41574149,싼타페,더 뉴 싼타페,56,3450,41900,1598,5,4,6,1,1,1,1,1,1,1,1,1,1,1,0,0,0,0,0,0,0,1,0,0,0,1,0,0,0,1,1,0
41574211,그랜저,더 뉴 그랜저 IG,27,3350,43293,3342,5,5,2,1,1,1,1,1,1,1,1,1,1,1,0,0,0,0,0,0,1,0,0,0,0,1,0,0,0,1,0,1
41574367,싼타페,싼타페 (MX5),56,3380,39917,2497,5,3,2,0,1,1,1,1,1,1,1,1,1,1,0,0,0,0,0,0,1,0,0,0,0,1,0,0,0,1,1,0
41574443,아반떼,아반떼 (CN7),62,5555,60504,1998,5,4,0,0,1,1,1,1,1,1,1,1,1,1,0,0,0,0,0,0,1,0,0,0,0,0,0,0,1,1,0,1
41574591,그랜저,더 뉴 그랜저 IG,27,2800,79599,2999,5,4,1,1,1,1,1,1,1,1,1,1,1,1,0,0,0,0,0,1,0,0,0,0,0,1,0,0,0,1,0,1
41574795,팰리세이드,더 뉴 팰리세이드,107,3550,92025,2199,8,3,2,1,1,1,1,1,1,1,1,1,1,1,0,0,0,0,0,0,0,0,1,0,0,0,0,0,1,1,1,0
41575147,그랜저,더 뉴 그랜저 IG,27,1710,166029,2497,5,5,11,0,1,1,1,1,1,1,1,1,1,1,0,0,0,0,0,0,1,0,0,0,0,0,1,0,0,1,0,1
41575178,쏘나타,쏘나타 하이브리드 (DN8),57,1750,151067,1999,5,4,6,0,1,1,1,1,1,1,1,1,1,1,0,0,0,0,0,0,0,1,0,0,0,1,0,0,0,1,0,1
41575268,팰리세이드,팰리세이드 (LX3),107,6100,10205,2497,7,1,2,1,1,1,1,1,1,1,1,1,1,1,0,0,0,0,0,0,1,0,0,0,0,0,0,0,1,1,1,0
41576232,스타렉스,더 뉴 그랜드 스타렉스,50,1870,61754,2359,12,7,2,0,0,1,1,0,0,1,1,0,1,1,0,0,0,0,0,1,0,0,0,0,0,0,0,0,1,1,1,0
41576306,싼타페,싼타페 (MX5),56,3570,75716,2497,5,3,11,1,1,1,1,1,1,1,1,1,1,1,0,0,0,0,0,0,1,0,0,0,0,0,1,0,0,1,1,0
41576541,쏘나타,쏘나타 (DN8),57,1880,80911,1598,5,5,8,0,1,1,1,1,1,1,1,1,1,1,0,0,0,0,0,0,1,0,0,0,0,0,0,1,0,1,0,1
41576751,투싼,더 뉴 투싼 하이브리드 (NX4),101,3390,4025,1598,5,1,15,0,1,1,1,1,1,1,1,1,1,1,0,0,0,0,0,0,0,1,0,0,0,0,0,1,0,1,1,0
41576971,팰리세이드,팰리세이드,107,2930,88627,2199,7,5,2,0,1,1,1,1,1,1,1,1,1,1,0,0,0,0,0,0,0,0,1,0,0,1,0,0,0,1,1,0
41577054,아반떼,더 뉴 아반떼 (CN7),62,3350,7468,1998,5,1,0,0,1,1,1,1,1,1,1,0,1,1,0,0,0,0,0,0,1,0,0,0,0,0,0,1,0,1,0,1
41577295,코나,더 뉴 코나 하이브리드,91,1890,57734,1580,5,5,9,0,0,1,1,1,1,1,1,0,1,1,0,0,0,0,0,0,0,1,0,0,0,0,0,1,0,1,1,0
41577302,그랜저,더 뉴 그랜저 IG,27,1950,137862,2497,5,6,0,0,1,1,1,1,1,1,1,1,1,1,0,0,0,0,0,0,1,0,0,0,0,1,0,0,0,1,0,1
41577363,아이오닉5,아이오닉5,66,3430,76068,111,5,5,1,0,1,1,1,1,1,1,1,1,1,1,0,0,0,0,0,0,0,0,0,1,0,1,0,0,0,1,0,1
41577455,캐스퍼,캐스퍼,88,1730,47182,998,4,3,2,0,0,1,1,1,1,1,1,1,1,1,0,0,0,0,0,0,1,0,0,0,0,0,0,1,0,1,0,1
41577612,스타리아,스타리아,51,9999,68464,2199,11,4,2,0,0,0,0,0,0,0,0,0,0,1,0,0,0,0,0,0,0,0,1,0,0,0,1,0,0,1,1,0
41577693,스타리아,스타리아,51,9345,30132,3470,15,4,0,0,0,1,1,0,1,0,1,0,1,1,0,0,0,0,0,1,0,0,0,0,0,0,0,0,1,1,1,0
41578318,그랜저,더 뉴 그랜저 IG,27,2830,24739,2497,5,6,0,0,1,1,1,1,1,1,1,1,1,1,0,0,0,0,0,0,1,0,0,0,0,0,1,0,0,1,0,1
41578762,그랜저,그랜저 HG,27,9999,144216,2999,5,15,2,0,0,0,0,0,0,0,0,0,0,1,0,0,0,0,0,0,1,0,0,0,0,1,0,0,0,1,0,1
41579445,팰리세이드,팰리세이드,107,2560,88210,3778,7,5,1,1,1,1,1,1,1,1,1,1,1,1,0,0,0,0,0,0,1,0,0,0,0,0,1,0,0,1,1,0
41580035,그랜저,그랜저 (GN7),27,2504,16679,2497,5,1,2,0,1,1,1,1,1,1,1,1,1,1,0,0,0,0,0,0,1,0,0,0,0,0,1,0,0,1,0,1
41580045,그랜저,더 뉴 그랜저 IG,27,2076,38459,2497,5,4,2,0,1,1,1,1,1,1,1,1,1,1,0,0,0,0,0,0,1,0,0,0,0,0,0,1,0,1,0,1
41580120,싼타페,더 뉴 싼타페,56,2319,33329,2151,5,4,2,0,1,1,1,1,1,1,1,1,1,1,0,0,0,0,0,0,0,0,1,0,0,0,0,1,0,1,1,0
41580167,그랜저,더 뉴 그랜저 IG 하이브리드,27,2052,56593,2359,5,4,2,0,1,1,1,1,1,1,1,0,1,1,0,0,0,0,0,0,0,1,0,0,0,0,0,1,0,1,0,1
41580570,아반떼,아반떼 (CN7),62,1899,54404,1598,5,3,3,0,0,1,1,1,1,1,1,1,1,1,0,0,0,0,0,0,1,0,0,0,0,1,0,0,0,1,0,1
41580583,투싼,투싼 하이브리드 (NX4),101,3300,26372,1598,5,3,2,1,1,1,1,1,1,1,1,1,1,1,0,0,0,0,0,0,0,1,0,0,0,1,0,0,0,1,1,0
41582693,아이오닉5,아이오닉5,66,3530,62794,111,5,5,0,1,1,1,1,1,1,1,1,1,1,1,0,0,0,0,0,0,0,0,0,1,0,1,0,0,0,1,0,1
41582714,아반떼,아반떼 (CN7),62,1850,53123,1598,5,5,0,0,0,1,1,1,1,1,1,1,1,1,0,0,0,0,0,0,1,0,0,0,0,0,0,1,0,1,0,1
41583190,아이오닉5,아이오닉5,66,3580,37501,111,5,3,0,1,1,1,1,1,1,1,1,1,1,1,0,0,0,0,0,0,0,0,0,1,0,0,0,0,1,1,0,1
41583217,팰리세이드,팰리세이드,107,3390,75143,2199,7,5,1,1,1,1,1,1,1,1,1,1,1,1,0,0,0,0,0,0,0,0,1,0,0,1,0,0,0,1,1,0
41583438,스타렉스,더 뉴 그랜드 스타렉스,50,2199,56179,2497,9,6,0,0,0,1,1,0,0,0,1,0,1,1,0,0,0,0,0,0,0,0,1,0,0,0,1,0,0,1,1,0
41583445,아반떼,더 뉴 아반떼 (CN7),62,2290,11385,1598,5,2,2,0,1,1,1,1,1,1,1,1,1,1,0,0,0,0,0,0,1,0,0,0,0,0,1,0,0,1,0,1
41583593,팰리세이드,팰리세이드,107,2750,86660,2199,7,6,1,1,1,1,1,1,1,1,1,1,1,1,0,0,0,0,0,0,0,0,1,0,0,0,0,1,0,1,1,0
41583613,쏘나타,쏘나타 디 엣지(DN8),57,2690,4312,1598,5,1,0,0,1,1,1,0,1,0,1,0,1,1,0,0,0,0,0,0,1,0,0,0,0,0,0,1,0,1,0,1
41583659,투싼,올 뉴 투싼,101,1750,108893,1591,5,7,0,0,1,1,1,1,1,1,1,1,1,1,0,0,0,0,0,0,1,0,0,0,0,1,0,0,0,1,1,0
41583689,투싼,더 뉴 투싼 하이브리드 (NX4),101,4220,1347,1598,5,2,0,0,1,1,1,1,1,1,1,1,1,1,0,0,0,0,0,0,0,1,0,0,0,0,0,1,0,1,1,0
41583720,캐스퍼,더 뉴 캐스퍼,88,2320,1104,998,4,1,0,1,0,1,1,1,1,1,1,1,1,1,0,0,0,0,0,0,1,0,0,0,0,0,0,0,1,1,0,1
41583759,코나,더 뉴 코나,91,1750,99648,1598,5,5,3,0,0,1,1,1,1,1,1,0,1,1,0,0,0,0,0,0,1,0,0,0,0,1,0,0,0,1,1,0
41583858,그랜저,더 뉴 그랜저 IG,27,1880,112778,3342,5,6,10,1,1,1,1,1,1,1,1,1,1,1,0,0,0,0,0,0,1,0,0,0,0,0,1,0,0,1,0,1
41583859,스타리아,스타리아,51,4790,17443,1598,7,1,0,1,1,1,1,1,1,1,1,1,1,1,0,0,0,0,0,0,0,1,0,0,0,0,1,0,0,1,1,0
41583914,베뉴,베뉴,45,1950,41684,1598,5,3,1,0,1,1,1,1,1,1,1,1,1,1,0,0,0,0,0,0,1,0,0,0,0,1,0,0,0,1,1,0
41584016,싼타페,싼타페 TM,56,2189,119864,2199,7,8,3,1,1,1,1,1,1,1,1,1,1,1,0,0,0,0,0,0,0,0,1,0,0,0,1,0,0,1,1,0
41584034,그랜저,더 뉴 그랜저 IG,27,2430,70554,2497,5,6,3,1,1,1,1,1,1,1,1,1,1,1,0,0,0,0,0,0,1,0,0,0,0,1,0,0,0,1,0,1
41584075,팰리세이드,팰리세이드,107,3450,69677,2199,7,5,0,0,1,1,1,1,1,1,1,1,1,1,0,0,0,0,0,0,0,0,1,0,0,0,1,0,0,1,1,0
41584119,쏘나타,쏘나타 디 엣지(DN8),57,2890,6500,1598,5,1,0,0,1,1,1,1,1,1,1,1,1,1,0,0,0,0,0,0,1,0,0,0,0,0,0,1,0,1,0,1
41584133,투싼,더 뉴 투싼 하이브리드 (NX4),101,3950,6980,1598,5,2,0,0,1,1,1,1,1,1,1,1,1,1,0,0,0,0,0,0,0,1,0,0,0,0,0,1,0,1,1,0
41584176,투싼,투싼 (NX4),101,2190,80402,1598,5,5,4,0,0,1,1,1,1,1,1,1,1,1,0,0,0,0,0,0,1,0,0,0,0,0,0,1,0,1,1,0
41584491,팰리세이드,팰리세이드,107,2859,129467,3778,7,6,4,1,1,1,1,1,1,1,1,1,1,1,0,0,0,0,0,0,1,0,0,0,0,1,0,0,0,1,1,0
41584509,스타렉스,더 뉴 그랜드 스타렉스,50,1909,31210,2359,12,6,2,0,0,0,0,0,0,0,0,0,0,1,0,0,0,0,0,1,0,0,0,0,0,0,0,0,1,1,1,0
41584678,그랜저,그랜저 IG,27,2380,85384,2999,5,9,0,1,1,1,1,1,1,1,1,1,1,1,0,0,0,0,0,0,1,0,0,0,0,0,1,0,0,1,0,1
41584995,코나,코나,91,1830,48401,1591,5,8,5,0,1,1,1,1,1,1,1,1,1,1,0,0,0,0,0,0,1,0,0,0,0,0,0,0,1,1,1,0
41585029,그랜저,더 뉴 그랜저 IG,27,2630,44825,2497,5,7,1,0,1,1,1,1,1,1,1,1,1,1,0,0,0,0,0,0,1,0,0,0,0,0,0,1,0,1,0,1
41585316,팰리세이드,팰리세이드,107,2750,113126,2199,8,8,6,1,1,1,1,1,1,1,1,1,1,1,0,0,0,0,0,0,0,0,1,0,0,0,1,0,0,1,1,0
41585401,팰리세이드,더 뉴 팰리세이드,107,4740,51845,2199,7,3,0,1,1,1,1,1,1,1,1,1,1,1,0,0,0,0,0,0,0,0,1,0,0,0,1,0,0,1,1,0
41585591,싼타페,더 뉴 싼타페,56,2750,106686,1598,5,5,2,0,1,1,1,1,1,1,1,1,1,1,0,0,0,0,0,0,0,1,0,0,0,0,1,0,0,1,1,0
41585598,그랜저,더 뉴 그랜저 IG,27,2700,84217,3342,5,5,3,0,1,1,1,1,1,1,1,1,1,1,0,0,0,0,0,0,1,0,0,0,0,0,1,0,0,1,0,1
41585615,그랜저,더 뉴 그랜저 IG,27,2650,107461,3342,5,6,0,0,1,1,1,1,1,1,1,1,1,1,0,0,0,0,0,0,1,0,0,0,0,1,0,0,0,1,0,1
41585693,스타리아,스타리아,51,3430,34305,1598,11,2,0,0,1,1,1,1,1,1,1,1,1,1,0,0,0,0,0,0,0,1,0,0,0,0,0,0,1,1,1,0
41585789,아반떼,아반떼 (CN7),62,2100,35112,1598,5,5,6,0,1,1,1,1,1,1,1,1,1,1,0,0,0,0,0,0,1,0,0,0,0,0,0,1,0,1,0,1
41585791,쏘나타,쏘나타 하이브리드 (DN8),57,1920,45787,1999,5,5,0,0,1,1,1,1,1,0,1,0,1,1,0,0,0,0,0,0,0,1,0,0,0,1,0,0,0,1,0,1
41585963,투싼,투싼 (NX4),101,2140,117740,1598,5,5,0,0,1,1,1,1,1,1,1,1,1,1,0,0,0,0,0,0,1,0,0,0,0,0,0,1,0,1,1,0
41586188,그랜저,더 뉴 그랜저 IG 하이브리드,27,2950,78501,2359,5,4,1,0,1,1,1,1,1,1,1,1,1,1,0,0,0,0,0,0,0,1,0,0,0,1,0,0,0,1,0,1
41586377,코나,코나 (SX2),91,2590,58342,1598,5,3,0,0,1,1,1,1,1,1,1,1,1,1,0,0,0,0,0,0,1,0,0,0,0,0,1,0,0,1,1,0
41586504,싼타페,싼타페 TM,56,2400,19479,1998,5,7,4,0,1,1,1,1,1,1,1,1,1,1,0,0,0,0,0,0,1,0,0,0,0,0,0,1,0,1,1,0
41586685,그랜저,더 뉴 그랜저 IG,27,2580,68216,2497,5,6,2,0,1,1,1,1,1,1,1,1,1,1,0,0,0,0,0,0,1,0,0,0,0,1,0,0,0,1,0,1
41586695,투싼,투싼 하이브리드 (NX4),101,2590,93864,1598,5,6,0,0,1,1,1,1,1,1,1,1,1,1,0,0,0,0,0,0,0,1,0,0,0,0,0,1,0,1,1,0
41586965,그랜저,그랜저 IG,27,2050,84428,2359,5,7,1,1,1,1,1,1,1,1,1,1,1,1,0,0,0,0,0,0,1,0,0,0,0,1,0,0,0,1,0,1
41586988,아반떼,더 뉴 아반떼 (CN7),62,2270,297,1598,5,2,0,0,1,1,1,1,1,1,1,1,1,1,0,0,0,0,0,0,1,0,0,0,0,1,0,0,0,1,0,1
41587015,팰리세이드,팰리세이드,107,2930,40439,3778,7,5,0,0,1,1,1,1,1,1,1,1,1,1,0,0,0,0,0,0,1,0,0,0,0,0,0,1,0,1,1,0
41587031,그랜저,그랜저 하이브리드 (GN7),27,3790,58885,1598,5,3,0,0,1,1,1,1,1,1,1,1,1,1,0,0,0,0,0,0,0,1,0,0,0,0,0,0,1,1,0,1
41587086,그랜저,그랜저 IG,27,2110,65856,2999,5,8,3,0,1,1,1,1,1,1,1,1,1,1,0,0,0,0,0,0,1,0,0,0,0,1,0,0,0,1,0,1
41587322,싼타페,싼타페 DM,56,9990,139038,2199,7,14,12,1,1,1,1,1,1,1,1,1,1,1,0,0,0,0,0,0,0,0,1,0,0,0,0,0,1,1,1,0
41587339,스타렉스,그랜드 스타렉스,50,2380,77266,2497,4,12,2,0,0,1,1,0,0,1,1,0,1,1,0,0,0,0,0,0,0,0,1,0,0,1,0,0,0,1,1,0
41587379,투싼,투싼 하이브리드 (NX4),101,2280,97560,1598,5,5,2,0,0,1,1,1,1,1,1,1,1,1,0,0,0,0,0,0,0,1,0,0,0,1,0,0,0,1,1,0
41587440,쏘나타,쏘나타 디 엣지(DN8),57,3630,5980,1598,5,2,1,1,1,1,1,1,1,1,1,1,1,1,0,0,0,0,0,0,1,0,0,0,0,0,0,1,0,1,0,1
41587696,쏘나타,쏘나타 하이브리드 (DN8),57,2140,20562,1999,5,5,3,0,1,1,1,1,1,0,1,0,1,1,0,0,0,0,0,0,0,1,0,0,0,0,0,1,0,1,0,1
41587905,그랜저,더 뉴 그랜저 IG,27,2130,93668,2497,5,6,2,0,1,1,1,1,1,1,1,1,1,1,0,0,0,0,0,0,1,0,0,0,0,0,0,0,1,1,0,1
41587922,싼타페,더 뉴 싼타페,56,3050,35109,1598,5,3,0,0,1,1,1,1,1,1,1,1,1,1,0,0,0,0,0,0,0,1,0,0,0,0,0,1,0,1,1,0
41588017,싼타페,싼타페 TM,56,1999,105762,1995,5,8,7,1,1,1,1,1,1,1,1,1,1,1,0,0,0,0,0,0,0,0,1,0,0,0,0,1,0,1,1,0
41588021,팰리세이드,더 뉴 팰리세이드,107,4280,34416,3778,7,3,0,1,1,1,1,1,1,1,1,1,1,1,0,0,0,0,0,0,1,0,0,0,0,1,0,0,0,1,1,0
41588116,아반떼,더 뉴 아반떼 (CN7),62,2170,33427,1598,5,2,0,0,1,1,1,1,1,1,1,1,1,1,0,0,0,0,0,0,1,0,0,0,0,1,0,0,0,1,0,1
41588218,캐스퍼,캐스퍼,88,1790,31294,998,4,4,2,1,0,1,1,1,1,1,1,1,1,1,0,0,0,0,0,0,1,0,0,0,0,1,0,0,0,1,0,1
41588348,아이오닉5,아이오닉5,66,3190,44340,111,5,4,2,0,1,1,1,1,1,1,1,1,1,1,0,0,0,0,0,0,0,0,0,1,0,1,0,0,0,1,0,1
41588510,스타리아,스타리아,51,2550,115062,3470,11,5,5,0,1,1,1,1,1,1,1,1,1,1,0,0,0,0,0,1,0,0,0,0,0,0,0,0,1,1,1,0
41588709,코나,코나 일렉트릭,91,1850,110203,180,5,7,2,0,1,1,1,1,1,1,1,1,1,1,0,0,0,0,0,0,0,0,0,1,0,1,0,0,0,1,1,0
41588945,코나,코나 (SX2),91,2699,49536,1999,5,3,2,0,1,1,1,1,1,1,1,1,1,1,0,0,0,0,0,0,1,0,0,0,0,0,0,1,0,1,1,0
41589615,투싼,투싼 (NX4),101,2559,90226,1598,5,3,2,0,1,1,1,1,1,1,1,1,1,1,0,0,0,0,0,0,1,0,0,0,0,0,0,0,1,1,1,0
41590044,스타리아,스타리아,51,3040,16163,2199,5,1,0,0,1,1,0,0,1,0,1,0,1,1,0,0,0,0,0,0,0,0,1,0,0,0,0,1,0,1,1,0
41590270,투싼,투싼 (NX4),101,2380,61622,1598,5,4,0,0,0,1,1,1,1,1,1,1,1,1,0,0,0,0,0,0,1,0,0,0,0,0,0,1,0,1,1,0
41590282,그랜저,그랜저 하이브리드 (GN7),27,3990,36424,1598,5,2,0,1,1,1,1,1,1,1,1,1,1,1,0,0,0,0,0,0,0,1,0,0,0,0,0,0,1,1,0,1
41590319,베뉴,베뉴,45,2210,22234,1598,5,3,0,0,1,1,1,1,1,1,1,1,1,1,0,0,0,0,0,0,1,0,0,0,0,0,0,0,1,1,1,0
41590463,아이오닉5,아이오닉5,66,2350,136450,111,5,5,0,0,1,1,1,1,1,1,1,1,1,1,0,0,0,0,0,0,0,0,0,1,0,1,0,0,0,1,0,1
41590804,그랜저,그랜저 IG,27,1820,116833,2999,5,7,4,1,1,1,1,1,1,1,1,1,1,1,0,0,0,0,0,1,0,0,0,0,0,1,0,0,0,1,0,1
41591201,그랜저,그랜저 IG 하이브리드,27,1790,131902,2359,5,8,8,0,1,1,1,1,1,1,1,1,1,1,0,0,0,0,0,0,0,1,0,0,0,1,0,0,0,1,0,1
41591214,쏘나타,쏘나타 (DN8),57,1950,45059,1999,5,7,1,0,1,1,1,1,1,1,1,1,1,1,0,0,0,0,0,0,1,0,0,0,0,0,1,0,0,1,0,1
41591431,팰리세이드,팰리세이드,107,3020,87715,2199,7,7,6,1,1,1,1,1,1,1,1,1,1,1,0,0,0,0,0,0,0,0,1,0,0,1,0,0,0,1,1,0
41591622,그랜저,더 뉴 그랜저 IG,27,2420,39724,2497,5,6,1,0,1,1,1,1,1,1,1,1,1,1,0,0,0,0,0,0,1,0,0,0,0,1,0,0,0,1,0,1
41591687,아이오닉5,아이오닉5,66,3290,86287,111,5,5,0,1,1,1,1,1,1,1,1,1,1,1,0,0,0,0,0,0,0,0,0,1,0,1,0,0,0,1,0,1
41591916,아반떼,아반떼 (CN7),62,2130,44741,1598,5,4,0,0,1,1,1,1,1,1,1,1,1,1,0,0,0,0,0,0,1,0,0,0,0,1,0,0,0,1,0,1
41591920,그랜저,그랜저 (GN7),27,3090,115190,2497,5,3,0,0,1,1,1,1,1,1,1,1,1,1,0,0,0,0,0,0,1,0,0,0,0,0,1,0,0,1,0,1
41591924,아반떼,아반떼 (CN7),62,2050,79837,1598,5,4,0,0,1,1,1,1,1,1,1,1,1,1,0,0,0,0,0,0,1,0,0,0,0,0,0,1,0,1,0,1
41591927,아반떼,아반떼 (CN7),62,1840,65958,1598,5,3,5,0,0,1,1,1,1,1,1,1,1,1,0,0,0,0,0,0,1,0,0,0,0,0,0,1,0,1,0,1
41591930,팰리세이드,팰리세이드,107,3230,25958,3778,8,4,0,0,1,1,1,1,1,1,1,1,1,1,0,0,0,0,0,0,1,0,0,0,0,1,0,0,0,1,1,0
41591948,그랜저,그랜저 (GN7),27,2670,88199,3470,5,4,1,0,1,1,1,1,1,1,1,0,1,1,0,0,0,0,0,0,1,0,0,0,0,0,1,0,0,1,0,1
41591949,아반떼,아반떼 (CN7),62,1930,27928,1598,5,3,3,0,0,1,1,1,1,1,1,1,1,1,0,0,0,0,0,0,1,0,0,0,0,1,0,0,0,1,0,1
41592050,그랜저,그랜저 IG,27,2190,81613,2359,5,7,1,1,1,1,1,1,1,1,1,1,1,1,0,0,0,0,0,0,1,0,0,0,0,0,1,0,0,1,0,1
41592114,팰리세이드,더 뉴 팰리세이드,107,4680,24918,3778,7,3,2,1,1,1,1,1,1,1,1,1,1,1,0,0,0,0,0,0,1,0,0,0,0,1,0,0,0,1,1,0
41592308,팰리세이드,팰리세이드,107,2430,195505,2199,7,7,0,1,1,1,1,1,1,1,1,1,1,1,0,0,0,0,0,0,0,0,1,0,0,0,0,0,1,1,1,0
41592470,팰리세이드,더 뉴 팰리세이드,107,5050,27897,2199,7,3,0,0,1,1,1,1,1,1,1,1,1,1,0,0,0,0,0,0,0,0,1,0,0,0,0,1,0,1,1,0
41592529,팰리세이드,팰리세이드,107,2590,68215,3778,8,7,1,1,1,1,1,1,1,1,1,1,1,1,0,0,0,0,0,0,1,0,0,0,0,0,1,0,0,1,1,0
41592540,코나,코나 하이브리드 (SX2),91,3250,63947,1580,5,3,0,0,1,1,1,1,1,1,1,1,1,1,0,0,0,0,0,0,0,1,0,0,0,1,0,0,0,1,1,0
41592685,팰리세이드,팰리세이드,107,2450,127604,2199,7,7,4,1,1,1,1,1,1,1,1,1,1,1,0,0,0,0,0,0,0,0,1,0,0,0,1,0,0,1,1,0
41592854,아반떼,아반떼 (CN7),62,2190,24836,1598,5,6,3,0,1,1,1,1,1,1,1,1,1,1,0,0,0,0,0,0,1,0,0,0,0,1,0,0,0,1,0,1
41592865,싼타페,더 뉴 싼타페,56,2750,51613,2151,5,6,1,0,1,1,1,1,1,1,1,1,1,1,0,0,0,0,0,0,0,0,1,0,0,1,0,0,0,1,1,0
41592937,아이오닉5,아이오닉5,66,3050,62526,111,5,3,0,0,1,1,1,1,1,1,1,1,1,1,0,0,0,0,0,0,0,0,0,1,0,1,0,0,0,1,0,1
41593025,싼타페,싼타페 TM,56,2220,73295,2199,5,8,3,0,0,1,1,1,1,1,1,1,1,1,0,0,0,0,0,0,0,0,1,0,0,0,1,0,0,1,1,0
41593081,그랜저,그랜저 (GN7),27,3350,46775,3470,5,3,3,0,1,1,1,1,1,1,1,1,1,1,0,0,0,0,0,1,0,0,0,0,0,0,1,0,0,1,0,1
41593085,스타리아,스타리아,51,4890,25026,2199,4,4,2,0,1,1,1,1,1,1,1,1,1,1,0,0,0,0,0,0,0,0,1,0,0,1,0,0,0,1,1,0
41593250,그랜저,더 뉴 그랜저 IG,27,2080,110046,2999,5,5,0,0,1,1,1,1,1,1,1,1,1,1,0,0,0,0,0,1,0,0,0,0,0,0,1,0,0,1,0,1
41593504,스타렉스,더 뉴 그랜드 스타렉스,50,2399,16169,2359,12,7,0,0,0,1,1,0,0,0,1,0,1,1,0,0,0,0,0,1,0,0,0,0,0,0,0,0,1,1,1,0
41593554,쏘나타,쏘나타 하이브리드 (DN8),57,2499,67466,1999,5,5,0,1,1,1,1,1,1,1,1,1,1,1,0,0,0,0,0,0,0,1,0,0,0,1,0,0,0,1,0,1
41593571,넥쏘,넥쏘,28,1790,73088,0,5,5,5,1,1,1,1,1,1,1,1,1,1,1,0,0,0,0,0,0,0,0,0,0,1,1,0,0,0,1,1,0
41593655,그랜저,더 뉴 그랜저 IG,27,2150,77336,2999,5,5,5,0,1,1,1,1,1,1,1,0,1,1,0,0,0,0,0,1,0,0,0,0,0,0,1,0,0,1,0,1
41593873,싼타페,싼타페 (MX5),56,4070,22756,1598,6,2,0,1,1,1,1,1,1,1,1,1,1,1,0,0,0,0,0,0,0,1,0,0,0,0,0,1,0,1,1,0
41593977,투싼,더 뉴 투싼 (NX4),101,2234,13563,1598,5,3,2,0,1,1,1,0,1,1,1,1,1,1,0,0,0,0,0,0,1,0,0,0,0,1,0,0,0,1,1,0
41594020,팰리세이드,더 뉴 팰리세이드,107,4250,22004,3778,7,3,0,0,1,1,1,1,1,1,1,1,1,1,0,0,0,0,0,0,1,0,0,0,0,1,0,0,0,1,1,0
41594049,아반떼,더 뉴 아반떼 (CN7),62,7777,4296,1598,5,2,0,1,1,1,1,1,1,1,1,1,1,1,0,0,0,0,0,0,1,0,0,0,0,0,1,0,0,1,0,1
41594052,싼타페,싼타페 (MX5),56,3759,18549,1598,5,1,3,0,1,1,1,1,1,1,1,1,1,1,0,0,0,0,0,0,0,1,0,0,0,0,0,1,0,1,1,0
41594058,팰리세이드,팰리세이드,107,3830,44158,2199,7,5,2,1,1,1,1,1,1,1,1,1,1,1,0,0,0,0,0,0,0,0,1,0,0,1,0,0,0,1,1,0
41594089,팰리세이드,팰리세이드,107,2900,75579,2199,7,7,2,0,1,1,1,1,1,1,1,1,1,1,0,0,0,0,0,0,0,0,1,0,0,0,1,0,0,1,1,0
41594093,코나,코나 (SX2),91,2250,87935,1598,5,3,2,1,1,1,1,1,1,1,1,1,1,1,0,0,0,0,0,0,1,0,0,0,0,0,0,1,0,1,1,0
41594145,싼타페,더 뉴 싼타페,56,2340,73826,2151,5,5,17,0,1,1,1,1,1,1,1,1,1,1,0,0,0,0,0,0,0,0,1,0,0,1,0,0,0,1,1,0
41594152,팰리세이드,팰리세이드,107,2880,80214,3778,7,5,0,0,1,1,1,1,1,1,1,1,1,1,0,0,0,0,0,0,1,0,0,0,0,1,0,0,0,1,1,0
41594188,투싼,투싼 (NX4),101,1794,84176,1598,5,5,2,0,0,1,0,0,1,0,1,1,1,1,0,0,0,0,0,0,1,0,0,0,0,1,0,0,0,1,1,0
41594366,아반떼,더 뉴 아반떼 (CN7),62,2330,30322,1598,5,2,6,0,1,1,1,1,1,1,1,1,1,1,0,0,0,0,0,0,1,0,0,0,0,0,0,0,1,1,0,1
41594417,그랜저,그랜저 (GN7),27,2481,55877,3470,5,3,2,0,1,1,1,1,1,1,1,0,1,1,0,0,0,0,0,1,0,0,0,0,0,0,1,0,0,1,0,1
41594533,스타리아,스타리아,51,2190,141232,2199,11,4,9,0,1,1,1,1,1,1,1,1,1,1,0,0,0,0,0,0,0,0,1,0,0,1,0,0,0,1,1,0
41594781,팰리세이드,더 뉴 팰리세이드,107,3950,28434,3778,7,3,1,0,1,1,1,1,1,1,1,1,1,1,0,0,0,0,0,0,1,0,0,0,0,1,0,0,0,1,1,0
41594965,그랜저,더 뉴 그랜저 IG,27,2004,51586,2497,5,4,2,0,1,1,1,1,1,1,1,0,1,1,0,0,0,0,0,0,1,0,0,0,0,0,1,0,0,1,0,1
41595012,그랜저,더 뉴 그랜저 IG,27,2174,58342,2497,5,4,2,0,1,1,1,1,1,1,1,1,1,1,0,0,0,0,0,0,1,0,0,0,0,0,1,0,0,1,0,1
41595054,팰리세이드,더 뉴 팰리세이드,107,3250,48436,3778,7,4,4,1,1,1,1,1,1,1,1,1,1,1,0,0,0,0,0,0,1,0,0,0,0,1,0,0,0,1,1,0
41595064,투싼,투싼 (NX4),101,2020,75031,1598,5,5,2,0,0,1,0,0,1,0,1,1,1,1,0,0,0,0,0,0,1,0,0,0,0,1,0,0,0,1,1,0
41595091,아이오닉5,아이오닉5,66,3320,60856,111,5,4,0,0,1,1,1,1,1,1,1,1,1,1,0,0,0,0,0,0,0,0,0,1,0,0,0,1,0,1,0,1
41595099,투싼,더 뉴 투싼 하이브리드 (NX4),101,2420,12659,1598,5,1,2,0,1,1,1,1,1,0,0,0,1,1,0,0,0,0,0,0,0,1,0,0,0,1,0,0,0,1,1,0
41595142,그랜저,더 뉴 그랜저 IG,27,2630,96033,2999,5,6,1,0,1,1,1,1,1,1,1,1,1,1,0,0,0,0,0,1,0,0,0,0,0,0,0,1,0,1,0,1
41595282,팰리세이드,팰리세이드,107,2850,84575,3778,7,5,0,1,1,1,1,1,1,1,1,1,1,1,0,0,0,0,0,0,1,0,0,0,0,0,1,0,0,1,1,0
41595353,쏘나타,쏘나타 (DN8),57,2190,68333,1598,5,5,0,0,1,1,1,1,1,1,1,1,1,1,0,0,0,0,0,0,1,0,0,0,0,0,0,1,0,1,0,1
41595414,투싼,투싼 (NX4),101,2950,9134,1598,5,3,3,0,1,1,1,1,1,1,1,1,1,1,0,0,0,0,0,0,1,0,0,0,0,0,0,1,0,1,1,0
41595419,아반떼,더 뉴 아반떼 하이브리드 (CN7),62,2100,47369,1580,5,3,0,0,1,1,1,1,1,1,1,1,1,1,0,0,0,0,0,0,0,1,0,0,0,0,0,1,0,1,0,1
41595422,싼타페,싼타페 (MX5),56,3990,9776,2497,6,2,0,1,1,1,1,1,1,1,1,1,1,1,0,0,0,0,0,0,1,0,0,0,0,0,1,0,0,1,1,0
41595429,싼타페,더 뉴 싼타페,56,2550,50948,2151,5,6,4,1,1,1,1,1,1,1,1,1,1,1,0,0,0,0,0,0,0,0,1,0,0,1,0,0,0,1,1,0
41595448,팰리세이드,더 뉴 팰리세이드,107,4050,34987,3778,7,4,0,1,1,1,1,1,1,1,1,1,1,1,0,0,0,0,0,0,1,0,0,0,0,1,0,0,0,1,1,0
41595544,팰리세이드,더 뉴 팰리세이드,107,4045,72594,2199,7,3,1,0,1,1,1,1,1,1,1,1,1,1,0,0,0,0,0,0,0,0,1,0,0,0,1,0,0,1,1,0
41595650,아반떼,아반떼 (CN7),62,1850,48314,1598,5,6,2,0,1,1,1,1,1,1,1,1,1,1,0,0,0,0,0,0,1,0,0,0,0,0,1,0,0,1,0,1
41595661,싼타페,싼타페 TM,56,1870,109133,1995,5,8,10,0,1,1,1,1,1,1,1,1,1,1,0,0,0,0,0,0,0,0,1,0,0,0,1,0,0,1,1,0
41595735,아반떼,아반떼 하이브리드 (CN7),62,1850,34092,1580,5,4,0,0,0,1,1,1,1,0,1,0,1,1,0,0,0,0,0,0,0,1,0,0,0,1,0,0,0,1,0,1
41595861,아이오닉5,아이오닉5,66,3549,45721,111,5,5,1,1,1,1,1,1,1,1,1,1,1,1,0,0,0,0,0,0,0,0,0,1,0,1,0,0,0,1,0,1
41595998,아이오닉5,아이오닉5,66,2789,104558,111,5,3,0,0,1,1,1,1,1,1,1,1,1,1,0,0,0,0,0,0,0,0,0,1,0,0,0,1,0,1,0,1
41596002,아반떼,아반떼 (CN7),62,2790,2757,1598,5,3,0,0,1,1,1,1,1,1,1,1,1,1,0,0,0,0,0,0,1,0,0,0,0,1,0,0,0,1,0,1
41596007,캐스퍼,더 뉴 캐스퍼,88,2490,89,998,4,0,0,0,1,1,1,1,1,1,1,1,1,1,0,0,0,0,0,0,1,0,0,0,0,1,0,0,0,1,0,1
41596174,싼타페,더 뉴 싼타페,56,3333,51736,1598,5,3,0,0,1,1,1,1,1,1,1,1,1,1,0,0,0,0,0,0,0,1,0,0,0,1,0,0,0,1,1,0
41596415,코나,더 뉴 코나,91,2450,52822,1598,5,5,0,1,1,1,1,1,1,1,1,1,1,1,0,0,0,0,0,0,1,0,0,0,0,0,0,0,1,1,1,0
41596484,싼타페,더 뉴 싼타페,56,2760,37129,2497,5,3,4,1,1,1,1,1,1,1,1,1,1,1,0,0,0,0,0,0,1,0,0,0,0,0,0,0,1,1,1,0
41596736,아반떼,아반떼 (CN7),62,2039,73628,1598,5,5,1,0,1,1,1,1,1,1,1,1,1,1,0,0,0,0,0,0,1,0,0,0,0,1,0,0,0,1,0,1
41596807,그랜저,그랜저 (GN7),27,3170,50081,3470,5,3,1,0,1,1,1,1,1,1,1,1,1,1,0,0,0,0,0,0,1,0,0,0,0,0,1,0,0,1,0,1
41596911,투싼,투싼 (NX4),101,2560,75683,1998,5,5,1,1,1,1,1,1,1,1,1,1,1,1,0,0,0,0,0,0,0,0,1,0,0,0,0,1,0,1,1,0
41596994,투싼,투싼 (NX4),101,2790,61134,1598,5,4,0,0,1,1,1,1,1,1,1,1,1,1,0,0,0,0,0,0,1,0,0,0,0,0,1,0,0,1,1,0
41597182,싼타페,더 뉴 싼타페,56,2450,99351,2497,5,4,1,0,1,1,1,1,1,1,1,1,1,1,0,0,0,0,0,0,1,0,0,0,0,1,0,0,0,1,1,0
41597370,팰리세이드,팰리세이드,107,2490,134598,2199,7,5,2,0,1,1,1,1,1,1,1,1,1,1,0,0,0,0,0,0,0,0,1,0,0,1,0,0,0,1,1,0
41597556,싼타페,싼타페 TM,56,2290,166678,2199,7,8,4,1,1,1,1,1,1,1,1,1,1,1,0,0,0,0,0,0,0,0,1,0,0,0,1,0,0,1,1,0
41597877,팰리세이드,팰리세이드 (LX3),107,5890,4515,2497,9,1,0,0,1,1,1,1,1,1,1,1,1,1,0,0,0,0,0,0,1,0,0,0,0,0,1,0,0,1,1,0
41598131,싼타페,싼타페 TM,56,2100,46347,1995,5,8,4,0,0,1,1,1,1,1,1,1,1,1,0,0,0,0,0,0,0,0,1,0,0,0,0,1,0,1,1,0
41598192,그랜저,더 뉴 그랜저 IG,27,3289,17730,2497,5,4,2,1,1,1,1,1,1,1,1,1,1,1,0,0,0,0,0,0,1,0,0,0,0,1,0,0,0,1,0,1
41598271,팰리세이드,팰리세이드,107,3250,66399,2199,7,6,3,1,1,1,1,1,1,1,1,1,1,1,0,0,0,0,0,0,0,0,1,0,0,1,0,0,0,1,1,0
41598438,아이오닉5,아이오닉5,66,2700,37690,111,5,5,9,0,1,1,1,1,1,1,1,1,1,1,0,0,0,0,0,0,0,0,0,1,0,0,0,1,0,1,0,1
41598670,코나,코나,91,1790,41180,1591,5,6,0,0,0,1,1,1,1,1,1,1,1,1,0,0,0,0,0,0,1,0,0,0,0,1,0,0,0,1,1,0
41598727,그랜저,더 뉴 그랜저 IG,27,2690,24646,2497,5,6,7,0,1,1,1,1,1,1,1,1,1,1,0,0,0,0,0,0,1,0,0,0,0,0,0,1,0,1,0,1
41598850,싼타페,싼타페 TM,56,9000,196478,2199,7,8,2,1,1,1,1,1,1,1,1,1,1,1,0,0,0,0,0,0,0,0,1,0,0,0,0,1,0,1,1,0
41598924,팰리세이드,팰리세이드,107,4090,66572,2199,7,5,1,1,1,1,1,1,1,1,1,1,1,1,0,0,0,0,0,0,0,0,1,0,0,1,0,0,0,1,1,0
41599090,싼타페,더 뉴 싼타페,56,3490,32829,2497,7,5,0,1,1,1,1,1,1,1,1,1,1,1,0,0,0,0,0,0,1,0,0,0,0,1,0,0,0,1,1,0
41599188,쏘나타,쏘나타 디 엣지 하이브리드(DN8),57,3080,64013,1999,5,2,0,0,1,1,1,1,1,1,1,1,1,1,0,0,0,0,0,0,0,1,0,0,0,1,0,0,0,1,0,1
41599248,그랜저,그랜저 (GN7),27,3769,10900,2497,5,2,2,1,1,1,1,1,1,1,1,1,1,1,0,0,0,0,0,0,1,0,0,0,0,0,0,1,0,1,0,1
41599665,팰리세이드,팰리세이드,107,3230,67647,3778,7,4,0,1,1,1,1,1,1,1,1,1,1,1,0,0,0,0,0,0,1,0,0,0,0,1,0,0,0,1,1,0
41599742,싼타페,싼타페 TM,56,2280,97776,2199,7,8,6,0,1,1,1,1,1,1,1,1,1,1,0,0,0,0,0,0,0,0,1,0,0,0,0,1,0,1,1,0
41599844,그랜저,더 뉴 그랜저 IG,27,2250,72433,3342,5,6,5,0,1,1,1,1,1,1,1,1,1,1,0,0,0,0,0,0,1,0,0,0,0,0,0,1,0,1,0,1
41600136,싼타페,싼타페 (MX5),56,2935,1000,1598,5,1,2,0,1,1,1,1,1,1,1,1,1,1,0,0,0,0,0,0,0,1,0,0,0,1,0,0,0,1,1,0
41600146,팰리세이드,팰리세이드 (LX3),107,8250,8062,2497,7,1,2,0,1,1,1,1,1,1,1,1,1,1,0,0,0,0,0,0,0,1,0,0,0,1,0,0,0,1,1,0
41601082,아반떼,아반떼 (CN7),62,2830,2416,1598,5,3,0,0,1,1,1,1,1,1,1,1,1,1,0,0,0,0,0,0,1,0,0,0,0,1,0,0,0,1,0,1
41601099,아반떼,아반떼 (CN7),62,2480,75286,1998,5,4,8,1,1,1,1,1,1,1,1,1,1,1,0,0,0,0,0,0,1,0,0,0,0,0,0,1,0,1,0,1
41601140,싼타페,싼타페 (MX5),56,3570,17611,1598,7,2,0,0,1,1,1,1,1,1,1,1,1,1,0,0,0,0,0,0,0,1,0,0,0,1,0,0,0,1,1,0
41601150,스타렉스,더 뉴 그랜드 스타렉스,50,2030,96590,2497,9,7,6,0,0,1,1,1,0,1,1,1,1,1,0,0,0,0,0,0,0,0,1,0,0,0,1,0,0,1,1,0
41601171,아이오닉5,아이오닉5,66,1930,200889,111,5,4,3,0,1,1,1,1,1,1,1,1,1,1,0,0,0,0,0,0,0,0,0,1,0,0,0,1,0,1,0,1
41601180,팰리세이드,더 뉴 팰리세이드,107,4499,47658,3778,7,3,0,1,1,1,1,1,1,1,1,1,1,1,0,0,0,0,0,0,1,0,0,0,0,1,0,0,0,1,1,0
41601207,그랜저,더 뉴 그랜저 IG,27,2520,77770,2497,5,4,1,0,1,1,1,1,1,1,1,1,1,1,0,0,0,0,0,0,1,0,0,0,0,1,0,0,0,1,0,1
41601252,캐스퍼,캐스퍼,88,2222,6511,998,4,3,0,0,1,1,1,1,1,1,1,1,1,1,0,0,0,0,0,0,1,0,0,0,0,0,0,1,0,1,0,1
41601273,싼타페,더 뉴 싼타페,56,2399,135929,1598,5,5,1,0,1,1,1,1,1,1,1,1,1,1,0,0,0,0,0,0,0,1,0,0,0,0,0,1,0,1,1,0
41601540,투싼,투싼 (NX4),101,2150,144046,1598,5,6,4,0,1,1,1,1,1,1,1,1,1,1,0,0,0,0,0,0,1,0,0,0,0,0,1,0,0,1,1,0
41601643,투싼,투싼 하이브리드 (NX4),101,2099,94715,1598,5,4,6,0,0,1,1,1,1,1,1,1,1,1,0,0,0,0,0,0,0,1,0,0,0,1,0,0,0,1,1,0
41601648,그랜저,그랜저 (GN7),27,3179,46971,3470,5,4,0,0,1,1,1,1,1,1,1,1,1,1,0,0,0,0,0,1,0,0,0,0,0,0,1,0,0,1,0,1
41601746,투싼,올 뉴 투싼,101,2240,76048,1591,5,7,1,0,1,1,1,1,1,1,1,1,1,1,0,0,0,0,0,0,1,0,0,0,0,0,0,0,1,1,1,0
41601795,그랜저,더 뉴 그랜저 IG,27,2690,64900,2497,5,5,3,0,1,1,1,1,1,1,1,1,1,1,0,0,0,0,0,0,1,0,0,0,0,1,0,0,0,1,0,1
41602089,아반떼,아반떼 (CN7),62,7777,46431,1998,5,4,8,0,1,1,1,1,1,1,1,1,1,1,0,0,0,0,0,0,1,0,0,0,0,0,0,1,0,1,0,1
41602299,투싼,투싼 (NX4),101,2920,50490,1998,5,4,0,1,1,1,1,1,1,1,1,1,1,1,0,0,0,0,0,0,0,0,1,0,0,1,0,0,0,1,1,0
41602441,그랜저,그랜저 (GN7),27,3450,16742,2497,5,3,2,0,1,1,1,1,1,1,1,1,1,1,0,0,0,0,0,0,1,0,0,0,0,0,1,0,0,1,0,1
41602555,싼타페,싼타페 TM,56,2550,52632,1995,5,6,0,0,1,1,1,1,1,1,1,1,1,1,0,0,0,0,0,0,0,0,1,0,0,1,0,0,0,1,1,0
41602636,그랜저,더 뉴 그랜저 IG,27,1945,73907,2497,5,6,4,0,1,1,1,1,1,1,1,0,1,1,0,0,0,0,0,0,1,0,0,0,0,0,1,0,0,1,0,1
41602663,아이오닉5,아이오닉5,66,3799,55476,111,5,4,4,0,1,1,1,1,1,1,1,1,1,1,0,0,0,0,0,0,0,0,0,1,0,1,0,0,0,1,0,1
41602690,투싼,더 뉴 투싼 하이브리드 (NX4),101,3540,10361,1598,5,2,0,0,1,1,1,1,1,1,1,1,1,1,0,0,0,0,0,0,0,1,0,0,0,0,0,1,0,1,1,0
41602913,팰리세이드,팰리세이드,107,2680,96426,2199,7,6,3,1,1,1,1,1,1,1,1,1,1,1,0,0,0,0,0,0,0,0,1,0,0,0,0,1,0,1,1,0
41603028,스타렉스,더 뉴 그랜드 스타렉스,50,1750,128935,2359,15,8,0,0,0,1,1,0,0,1,1,0,1,1,0,0,0,0,0,1,0,0,0,0,0,0,0,0,1,1,1,0
41603099,스타리아,스타리아,51,2610,63077,2199,3,3,4,0,0,1,1,1,1,1,1,1,1,1,0,0,0,0,0,0,0,0,1,0,0,1,0,0,0,1,1,0
41603144,스타리아,스타리아,51,2870,50178,2199,5,3,3,0,1,1,1,1,1,1,1,1,1,1,0,0,0,0,0,0,0,0,1,0,0,0,0,1,0,1,1,0
41603209,그랜저,더 뉴 그랜저 IG 하이브리드,27,2799,91083,2359,5,5,0,0,1,1,1,1,1,1,1,1,1,1,0,0,0,0,0,0,0,1,0,0,0,0,0,0,1,1,0,1
41603243,코나,더 뉴 코나,91,1900,2948,1598,5,5,0,0,0,1,1,0,0,0,1,0,0,1,0,0,0,0,0,0,1,0,0,0,0,0,0,1,0,1,1,0
41603268,싼타페,싼타페 (MX5),56,3480,29737,1598,5,2,2,0,1,1,1,1,1,1,1,1,1,1,0,0,0,0,0,0,0,1,0,0,0,1,0,0,0,1,1,0
41603313,쏘나타,쏘나타 (DN8),57,1790,104244,1598,5,5,3,0,1,1,1,1,1,1,1,1,1,1,0,0,0,0,0,0,1,0,0,0,0,0,1,0,0,1,0,1
41603357,스타리아,스타리아,51,2490,68526,2199,3,3,4,0,1,1,1,1,1,1,1,0,1,1,0,0,0,0,0,0,0,0,1,0,0,1,0,0,0,1,1,0
41603679,그랜저,그랜저 IG 하이브리드,27,1700,102639,2359,5,8,5,0,1,1,1,1,1,1,1,1,1,1,0,0,0,0,0,0,0,1,0,0,0,0,0,1,0,1,0,1
41604132,싼타페,싼타페 (MX5),56,3850,11034,1598,7,1,0,0,1,1,1,1,1,1,1,1,1,1,0,0,0,0,0,0,0,1,0,0,0,0,0,0,1,1,1,0
41604271,싼타페,더 뉴 싼타페,56,2080,123925,2151,5,6,3,0,1,1,1,1,1,1,1,1,1,1,0,0,0,0,0,0,0,0,1,0,0,0,0,1,0,1,1,0
41604316,쏘나타,쏘나타 (DN8),57,1730,76174,1999,5,7,1,0,1,1,1,1,1,1,1,0,1,1,0,0,0,0,0,1,0,0,0,0,0,1,0,0,0,1,0,1
41604441,팰리세이드,팰리세이드,107,2790,121422,2199,7,6,1,0,1,1,1,1,1,1,1,1,1,1,0,0,0,0,0,0,0,0,1,0,0,0,0,1,0,1,1,0
41604471,그랜저,그랜저 (GN7),27,2950,58357,2497,5,3,7,0,1,1,1,1,1,1,1,0,1,1,0,0,0,0,0,0,1,0,0,0,0,0,1,0,0,1,0,1
41604804,그랜저,그랜저 하이브리드 (GN7),27,2780,118879,1598,5,3,2,0,0,0,0,0,0,0,0,0,0,1,0,0,0,0,0,0,0,1,0,0,0,0,0,1,0,1,0,1
41606119,쏘나타,쏘나타 하이브리드 (DN8),57,1910,116497,1999,5,4,0,0,1,1,1,1,1,1,1,1,1,1,0,0,0,0,0,0,0,1,0,0,0,1,0,0,0,1,0,1
41606230,그랜저,더 뉴 그랜저 IG,27,2190,64177,2999,5,5,2,0,1,1,1,1,1,1,1,0,1,1,0,0,0,0,0,1,0,0,0,0,0,0,1,0,0,1,0,1
41606453,투싼,더 뉴 투싼 (NX4),101,2760,53461,1598,5,3,8,0,1,1,1,1,1,1,1,1,1,1,0,0,0,0,0,0,1,0,0,0,0,0,0,1,0,1,1,0
41606726,팰리세이드,팰리세이드,107,2699,151102,2199,7,4,5,0,1,1,1,1,1,1,1,1,1,1,0,0,0,0,0,0,0,0,1,0,0,1,0,0,0,1,1,0
41606898,아이오닉5,아이오닉5,66,3250,58046,111,5,4,1,0,1,1,1,1,1,1,1,1,1,1,0,0,0,0,0,0,0,0,0,1,0,0,0,1,0,1,0,1
41607047,아반떼,아반떼 하이브리드 (CN7),62,2380,40627,1580,5,4,0,0,1,1,1,1,1,1,1,1,1,1,0,0,0,0,0,0,0,1,0,0,0,1,0,0,0,1,0,1
41607161,그랜저,그랜저 하이브리드 (GN7),27,3700,19316,1598,5,3,6,0,1,1,1,1,1,1,1,1,1,1,0,0,0,0,0,0,0,1,0,0,0,1,0,0,0,1,0,1
41607193,싼타페,싼타페 (MX5),56,4120,21726,1598,7,2,0,0,1,1,1,1,1,1,1,1,1,1,0,0,0,0,0,0,0,1,0,0,0,0,1,0,0,1,1,0
41607301,아반떼,아반떼 (CN7),62,2150,16020,1598,5,3,1,0,0,1,1,1,1,1,1,1,1,1,0,0,0,0,0,0,1,0,0,0,0,0,0,1,0,1,0,1
41607772,그랜저,그랜저 IG 하이브리드,27,2320,81860,2359,5,8,4,0,1,1,1,1,1,1,1,1,1,1,0,0,0,0,0,0,0,1,0,0,0,0,0,1,0,1,0,1
41607800,팰리세이드,팰리세이드,107,3080,82402,2199,7,4,2,0,1,1,1,1,1,1,1,1,1,1,0,0,0,0,0,0,0,0,1,0,0,1,0,0,0,1,1,0
41607883,그랜저,그랜저 (GN7),27,3170,14949,2497,5,3,0,0,1,1,1,1,1,1,1,0,1,1,0,0,0,0,0,0,1,0,0,0,0,0,1,0,0,1,0,1
41607905,아이오닉5,아이오닉5,66,2980,62479,111,5,3,0,0,1,1,1,1,1,1,1,1,1,1,0,0,0,0,0,0,0,0,0,1,0,0,0,1,0,1,0,1
41609000,싼타페,더 뉴 싼타페,56,3320,48813,1598,5,3,1,0,1,1,1,1,1,1,1,1,1,1,0,0,0,0,0,0,0,1,0,0,0,1,0,0,0,1,1,0
41609015,넥쏘,넥쏘,28,1780,88157,0,5,4,5,1,1,1,1,1,1,1,1,1,1,1,0,0,0,0,0,0,0,0,0,0,1,0,0,0,1,1,1,0
41609247,싼타페,싼타페 TM,56,2550,68881,1998,7,8,2,0,1,1,1,1,1,1,1,1,1,1,0,0,0,0,0,0,1,0,0,0,0,1,0,0,0,1,1,0
41609266,아이오닉,더 뉴 아이오닉 일렉트릭,65,2030,12922,0,5,7,2,0,0,1,1,1,1,1,1,0,1,1,0,0,0,0,0,0,0,0,0,1,0,1,0,0,0,1,0,1
41609313,아이오닉5,아이오닉5,66,3090,19509,0,5,5,2,0,1,1,1,1,1,1,1,1,1,1,0,0,0,0,0,0,0,0,0,1,0,1,0,0,0,1,0,1
41609345,팰리세이드,팰리세이드,107,3050,121494,2199,8,4,1,0,1,1,1,1,1,1,1,1,1,1,0,0,0,0,0,0,0,0,1,0,0,1,0,0,0,1,1,0
41609467,투싼,투싼 (NX4),101,2650,18015,1598,5,3,11,0,1,1,1,1,1,1,1,1,1,1,0,0,0,0,0,0,1,0,0,0,0,1,0,0,0,1,1,0
41609743,팰리세이드,팰리세이드,107,3200,54712,3778,8,4,0,1,1,1,1,1,1,1,1,1,1,1,0,0,0,0,0,0,1,0,0,0,0,1,0,0,0,1,1,0
41609750,투싼,투싼 (NX4),101,2240,90695,1998,5,3,11,0,0,1,1,1,1,1,1,1,1,1,0,0,0,0,0,0,0,0,1,0,0,1,0,0,0,1,1,0
41609753,팰리세이드,팰리세이드,107,3180,66979,3778,8,4,2,1,1,1,1,1,1,1,1,1,1,1,0,0,0,0,0,0,1,0,0,0,0,1,0,0,0,1,1,0
41609757,아반떼,아반떼 하이브리드 (CN7),62,2010,72281,1580,5,4,0,0,1,1,1,1,1,1,1,1,1,1,0,0,0,0,0,0,0,1,0,0,0,0,0,1,0,1,0,1
41609759,팰리세이드,팰리세이드,107,3100,50741,3778,7,4,2,0,1,1,1,1,1,1,1,1,1,1,0,0,0,0,0,0,1,0,0,0,0,0,1,0,0,1,1,0
41609765,싼타페,더 뉴 싼타페,56,2640,76361,1598,5,4,4,0,1,1,1,1,1,1,1,1,1,1,0,0,0,0,0,0,0,1,0,0,0,0,0,1,0,1,1,0
41609766,그랜저,그랜저 (GN7),27,3160,32129,3470,5,4,1,0,1,1,1,1,1,1,1,1,1,1,0,0,0,0,0,0,1,0,0,0,0,0,0,1,0,1,0,1
41609884,그랜저,더 뉴 그랜저 IG,27,8888,57061,3342,5,6,17,0,1,1,1,1,1,1,1,1,1,1,0,0,0,0,0,0,1,0,0,0,0,0,1,0,0,1,0,1
41609919,아이오닉5,아이오닉5,66,2199,140521,111,5,5,4,0,1,1,1,1,1,1,1,1,1,1,0,0,0,0,0,0,0,0,0,1,0,0,0,1,0,1,0,1
41609938,쏘나타,쏘나타 디 엣지(DN8),57,2990,16193,1598,5,2,0,1,1,1,1,1,1,1,1,1,1,1,0,0,0,0,0,0,1,0,0,0,0,1,0,0,0,1,0,1
41610032,넥쏘,넥쏘,28,2340,41980,0,5,3,0,1,1,1,1,1,1,1,1,1,1,1,0,0,0,0,0,0,0,0,0,0,1,0,0,0,1,1,1,0
41610138,넥쏘,넥쏘,28,1770,66995,0,5,7,2,1,1,1,1,1,1,1,1,1,1,1,0,0,0,0,0,0,0,0,0,0,1,0,0,0,1,1,1,0
41610351,팰리세이드,더 뉴 팰리세이드,107,3490,67886,2199,7,3,2,0,1,1,1,1,1,1,1,1,1,1,0,0,0,0,0,0,0,0,1,0,0,0,1,0,0,1,1,0
41610439,스타렉스,더 뉴 그랜드 스타렉스,50,2650,78664,2497,9,7,3,1,0,1,1,1,0,1,1,1,1,1,0,0,0,0,0,0,0,0,1,0,0,0,1,0,0,1,1,0
41610719,아이오닉5,아이오닉5,66,1899,183265,111,5,4,0,0,1,1,1,1,1,1,1,1,1,1,0,0,0,0,0,0,0,0,0,1,0,1,0,0,0,1,0,1
41610839,싼타페,더 뉴 싼타페,56,2870,44170,2497,6,3,7,0,1,1,1,1,1,1,1,1,1,1,0,0,0,0,0,0,1,0,0,0,0,0,0,1,0,1,1,0
41611074,그랜저,그랜저 하이브리드 (GN7),27,3540,46214,1598,5,3,0,0,1,1,1,1,1,1,1,1,1,1,0,0,0,0,0,0,0,1,0,0,0,0,1,0,0,1,0,1
41611143,스타리아,스타리아,51,3170,41218,3470,15,4,2,0,0,1,1,0,1,0,1,0,1,1,0,0,0,0,0,1,0,0,0,0,0,0,0,0,1,1,1,0
41611184,팰리세이드,팰리세이드,107,2990,131257,2199,7,6,14,1,1,1,1,1,1,1,1,1,1,1,0,0,0,0,0,0,0,0,1,0,0,1,0,0,0,1,1,0
41611306,벨로스터,벨로스터 (JS),47,2149,67114,1998,4,6,0,1,1,1,1,1,1,1,1,1,1,1,0,0,0,0,0,0,1,0,0,0,0,0,0,0,1,0,0,1
41611319,그랜저,그랜저 (GN7),27,2190,149617,3470,5,3,0,0,1,1,1,1,1,1,1,1,1,1,0,0,0,0,0,1,0,0,0,0,0,1,0,0,0,1,0,1
41611709,그랜저,더 뉴 그랜저 IG 하이브리드,27,9999,45137,2359,5,5,2,1,1,1,1,1,1,1,1,1,1,1,0,0,0,0,0,0,0,1,0,0,0,0,1,0,0,1,0,1
41611842,그랜저,그랜저 (GN7),27,2990,41519,3470,5,3,2,0,1,1,1,1,1,1,1,0,1,1,0,0,0,0,0,1,0,0,0,0,0,1,0,0,0,1,0,1
41611869,싼타페,싼타페 TM,56,1800,122937,1995,5,7,0,0,0,1,1,1,1,0,1,1,1,1,0,0,0,0,0,0,0,0,1,0,0,1,0,0,0,1,1,0
41611986,팰리세이드,더 뉴 팰리세이드,107,5299,17723,3778,7,2,0,1,1,1,1,1,1,1,1,1,1,1,0,0,0,0,0,0,1,0,0,0,0,0,1,0,0,1,1,0
41611990,그랜저,더 뉴 그랜저 IG,27,2530,78626,2497,5,4,0,0,1,1,1,1,1,1,1,1,1,1,0,0,0,0,0,0,1,0,0,0,0,0,0,1,0,1,0,1
41612576,스타렉스,더 뉴 그랜드 스타렉스,50,1710,92187,2359,12,8,5,0,0,1,1,0,0,0,1,0,1,1,0,0,0,0,0,1,0,0,0,0,0,0,0,0,1,1,1,0
41612604,투싼,올 뉴 투싼,101,1999,48880,1598,5,6,0,0,0,1,1,0,1,0,0,0,1,1,0,0,0,0,0,0,0,0,1,0,0,0,0,1,0,1,1,0
41612621,싼타페,더 뉴 싼타페,56,2520,100463,2497,7,5,1,0,1,1,1,1,1,1,1,1,1,1,0,0,0,0,0,0,1,0,0,0,0,1,0,0,0,1,1,0
41612688,그랜저,더 뉴 그랜저 IG 하이브리드,27,3450,27472,2359,5,4,0,1,1,1,1,1,1,1,1,1,1,1,0,0,0,0,0,0,0,1,0,0,0,0,1,0,0,1,0,1
41612697,팰리세이드,더 뉴 팰리세이드,107,5199,31674,3778,7,2,0,1,1,1,1,1,1,1,1,1,1,1,0,0,0,0,0,0,1,0,0,0,0,0,1,0,0,1,1,0
41612789,스타리아,스타리아,51,9990,55816,2199,9,4,2,0,0,0,0,0,0,0,0,0,0,1,0,0,0,0,0,0,0,0,1,0,0,1,0,0,0,1,1,0
41612894,아이오닉5,아이오닉5,66,2840,144728,111,5,5,1,0,1,1,1,1,1,1,1,1,1,1,0,0,0,0,0,0,0,0,0,1,0,0,0,1,0,1,0,1
41613069,그랜저,그랜저 하이브리드 (GN7),27,4660,21965,1598,5,3,0,1,1,1,1,1,1,1,1,1,1,1,0,0,0,0,0,0,0,1,0,0,0,1,0,0,0,1,0,1
41613289,팰리세이드,팰리세이드,107,3000,45375,2199,7,5,6,1,1,1,1,1,1,1,1,1,1,1,0,0,0,0,0,0,0,0,1,0,0,0,0,1,0,1,1,0
41613292,싼타페,싼타페 TM,56,2050,79233,1995,5,8,3,0,1,1,1,1,1,1,1,1,1,1,0,0,0,0,0,0,0,0,1,0,0,0,1,0,0,1,1,0
41613796,싼타페,더 뉴 싼타페,56,2200,9357,1598,5,3,23,0,1,1,1,1,1,1,1,1,1,1,0,0,0,0,0,0,0,1,0,0,0,0,0,1,0,1,1,0
41613879,그랜저,그랜저 (GN7),27,3880,392,2497,5,0,0,0,1,1,1,1,1,1,1,1,1,1,0,0,0,0,0,0,1,0,0,0,0,1,0,0,0,1,0,1
41614150,아반떼,더 뉴 아반떼 (CN7),62,2650,18957,1598,5,1,0,0,1,1,1,1,1,1,1,1,1,1,0,0,0,0,0,0,1,0,0,0,0,0,0,1,0,1,0,1
41614277,싼타페,싼타페 TM,56,2599,103538,1998,5,7,0,1,1,1,1,1,1,1,1,1,1,1,0,0,0,0,0,0,1,0,0,0,0,1,0,0,0,1,1,0
41614379,싼타페,더 뉴 싼타페,56,1759,167687,2151,5,6,6,0,1,1,1,1,1,1,1,1,1,1,0,0,0,0,0,0,0,0,1,0,0,0,0,1,0,1,1,0
41614398,그랜저,더 뉴 그랜저 IG,27,2699,22001,2497,5,4,11,0,1,1,1,1,1,1,1,1,1,1,0,0,0,0,0,0,1,0,0,0,0,0,0,1,0,1,0,1
41614462,그랜저,더 뉴 그랜저 IG,27,2750,59434,2497,5,5,6,0,1,1,1,1,1,1,1,1,1,1,0,0,0,0,0,0,1,0,0,0,0,0,1,0,0,1,0,1
41614502,팰리세이드,팰리세이드,107,2750,113300,2199,7,7,22,1,1,1,1,1,1,1,1,1,1,1,0,0,0,0,0,0,0,0,1,0,0,1,0,0,0,1,1,0
41614538,팰리세이드,팰리세이드,107,3050,46852,2199,7,7,0,0,1,1,1,1,1,1,1,1,1,1,0,0,0,0,0,0,0,0,1,0,0,1,0,0,0,1,1,0
41614555,그랜저,더 뉴 그랜저 IG,27,2450,99752,2497,5,5,3,0,1,1,1,1,1,1,1,1,1,1,0,0,0,0,0,0,1,0,0,0,0,0,0,1,0,1,0,1
41614797,쏘나타,쏘나타 하이브리드 (DN8),57,9999,90972,1999,5,6,2,0,0,0,0,0,0,0,0,0,0,1,0,0,0,0,0,0,0,1,0,0,0,1,0,0,0,1,0,1
41615043,쏘나타,쏘나타 (DN8),57,2390,46764,1999,5,7,1,1,1,1,1,1,1,1,1,1,1,1,0,0,0,0,0,0,1,0,0,0,0,1,0,0,0,1,0,1
41615250,아반떼,더 뉴 아반떼 하이브리드 (CN7),62,2139,48273,1580,5,3,0,0,1,1,1,1,1,1,1,1,1,1,0,0,0,0,0,0,0,1,0,0,0,0,0,1,0,1,0,1
41615284,쏘나타,쏘나타 디 엣지(DN8),57,2750,20149,1598,5,2,0,0,1,1,1,1,1,1,1,1,1,1,0,0,0,0,0,0,1,0,0,0,0,1,0,0,0,1,0,1
41615808,팰리세이드,팰리세이드,107,2350,115137,2199,8,7,3,1,1,1,1,1,1,1,1,1,1,1,0,0,0,0,0,0,0,0,1,0,0,1,0,0,0,1,1,0
41615896,그랜저,그랜저 IG,27,9999,213713,2199,5,9,1,1,1,1,1,1,1,1,1,1,1,1,0,0,0,0,0,0,0,0,1,0,0,0,1,0,0,1,0,1
41616308,팰리세이드,팰리세이드,107,2990,135054,2199,7,5,2,0,1,1,1,1,1,1,1,1,1,1,0,0,0,0,0,0,0,0,1,0,0,0,1,0,0,1,1,0
41616746,쏘나타,쏘나타 하이브리드 (DN8),57,1930,42378,1999,5,5,3,0,1,1,1,1,1,0,1,0,1,1,0,0,0,0,0,0,0,1,0,0,0,0,0,1,0,1,0,1
41616834,팰리세이드,팰리세이드,107,3250,99838,2199,7,6,1,1,1,1,1,1,1,1,1,1,1,1,0,0,0,0,0,0,0,0,1,0,0,1,0,0,0,1,1,0
41617352,그랜저,그랜저 IG 하이브리드,27,1850,117100,2359,5,7,4,0,1,1,1,1,1,1,1,1,1,1,0,0,0,0,0,0,0,1,0,0,0,0,0,1,0,1,0,1
41619231,팰리세이드,팰리세이드,107,3290,46903,2199,7,4,1,0,1,1,1,1,1,1,1,1,1,1,0,0,0,0,0,0,0,0,1,0,0,0,0,1,0,1,1,0
41619232,팰리세이드,팰리세이드,107,3370,66981,3778,8,4,0,1,1,1,1,1,1,1,1,1,1,1,0,0,0,0,0,0,1,0,0,0,0,0,1,0,0,1,1,0
41619235,그랜저,더 뉴 그랜저 IG,27,2910,38836,2497,5,4,8,0,1,1,1,1,1,1,1,1,1,1,0,0,0,0,0,0,1,0,0,0,0,1,0,0,0,1,0,1
41619237,그랜저,그랜저 (GN7),27,3270,22064,2497,5,3,0,0,1,1,1,1,1,1,1,0,1,1,0,0,0,0,0,0,1,0,0,0,0,0,0,0,1,1,0,1
41619240,팰리세이드,팰리세이드,107,2490,63872,3778,7,4,6,0,1,1,1,1,1,1,1,1,1,1,0,0,0,0,0,0,1,0,0,0,0,0,0,1,0,1,1,0
41619243,팰리세이드,더 뉴 팰리세이드,107,3380,19124,3778,7,3,1,0,1,1,1,1,1,1,1,1,1,1,0,0,0,0,0,0,1,0,0,0,0,0,0,1,0,1,1,0
41619245,그랜저,그랜저 (GN7),27,2980,23286,2497,5,3,5,1,1,1,1,1,1,1,1,1,1,1,0,0,0,0,0,0,1,0,0,0,0,0,0,1,0,1,0,1
41619250,아반떼,아반떼 (CN7),62,2190,26721,1598,5,4,0,1,1,1,1,1,1,1,1,1,1,1,0,0,0,0,0,0,1,0,0,0,0,0,0,1,0,1,0,1
41619255,싼타페,싼타페 (MX5),56,2900,58491,2497,5,3,0,0,1,1,1,1,1,1,1,1,1,1,0,0,0,0,0,0,1,0,0,0,0,1,0,0,0,1,1,0
41619376,싼타페,더 뉴 싼타페,56,2720,49853,2497,7,5,0,0,1,1,1,1,1,1,1,1,1,1,0,0,0,0,0,0,1,0,0,0,0,0,0,1,0,1,1,0
41619615,쏘나타,쏘나타 디 엣지(DN8),57,2670,16267,1598,5,3,1,0,1,1,1,1,1,1,1,1,1,1,0,0,0,0,0,0,1,0,0,0,0,0,1,0,0,1,0,1
41619821,투싼,투싼 (NX4),101,2060,85162,1598,5,5,7,0,0,1,1,1,1,1,1,1,1,1,0,0,0,0,0,0,1,0,0,0,0,0,0,1,0,1,1,0
41619938,투싼,투싼 하이브리드 (NX4),101,2590,93012,1598,5,5,4,1,1,1,1,1,1,1,1,1,1,1,0,0,0,0,0,0,0,1,0,0,0,0,0,0,1,1,1,0
41619979,투싼,투싼 하이브리드 (NX4),101,2510,69620,1598,5,6,8,0,1,1,1,1,1,1,1,1,1,1,0,0,0,0,0,0,0,1,0,0,0,0,0,0,1,1,1,0
41620022,아반떼,더 뉴 아반떼 (CN7),62,2590,14814,1598,5,2,0,0,1,1,1,1,1,1,1,1,1,1,0,0,0,0,0,0,1,0,0,0,0,0,0,1,0,1,0,1
41620076,아반떼,아반떼 (CN7),62,1930,48353,1598,5,5,6,0,1,1,1,1,1,1,1,1,1,1,0,0,0,0,0,0,1,0,0,0,0,0,0,0,1,1,0,1
41620084,코나,코나 (SX2),91,2830,11449,1598,5,3,6,0,1,1,1,1,1,1,1,1,1,1,0,0,0,0,0,0,1,0,0,0,0,1,0,0,0,1,1,0
41620146,싼타페,더 뉴 싼타페,56,2490,66652,2151,5,4,4,0,1,1,1,1,1,1,1,1,1,1,0,0,0,0,0,0,0,0,1,0,0,1,0,0,0,1,1,0
41620208,투싼,올 뉴 투싼,101,1890,87613,1995,5,7,3,0,0,1,1,1,1,1,1,1,1,1,0,0,0,0,0,0,0,0,1,0,0,1,0,0,0,1,1,0
41620329,아반떼,아반떼 (CN7),62,2999,43999,1598,5,5,0,1,1,1,1,1,1,1,1,1,1,1,0,0,0,0,0,0,1,0,0,0,0,1,0,0,0,1,0,1
41620330,팰리세이드,팰리세이드,107,2990,54612,3778,7,5,0,1,1,1,1,1,1,1,1,1,1,1,0,0,0,0,0,0,1,0,0,0,0,1,0,0,0,1,1,0
41620445,코나,코나 일렉트릭,91,1895,96179,180,5,7,3,0,1,1,1,1,1,1,1,1,1,1,0,0,0,0,0,0,0,0,0,1,0,1,0,0,0,1,1,0
41620479,아이오닉5,아이오닉5,66,3999,66058,111,5,4,4,0,1,1,1,1,1,1,1,1,1,1,0,0,0,0,0,0,0,0,0,1,0,0,0,1,0,1,0,1
41620732,코나,코나 일렉트릭,91,1870,129356,180,5,7,0,1,1,1,1,1,1,1,1,1,1,1,0,0,0,0,0,0,0,0,0,1,0,1,0,0,0,1,1,0
41620742,코나,코나 (SX2),91,3020,29389,1598,5,2,0,0,1,1,1,1,1,1,1,1,1,1,0,0,0,0,0,0,1,0,0,0,0,1,0,0,0,1,1,0
41620911,싼타페,싼타페 TM,56,1720,153727,1995,7,8,0,0,0,1,1,1,1,1,1,1,1,1,0,0,0,0,0,0,0,0,1,0,0,0,0,1,0,1,1,0
41620916,그랜저,더 뉴 그랜저 IG,27,2470,17302,2497,5,6,2,0,1,1,1,1,1,1,1,0,1,1,0,0,0,0,0,0,1,0,0,0,0,0,1,0,0,1,0,1
41620927,싼타페,싼타페 (MX5),56,4699,1636,1598,7,2,0,1,1,1,1,1,1,1,1,1,1,1,0,0,0,0,0,0,0,1,0,0,0,1,0,0,0,1,1,0
41620929,팰리세이드,팰리세이드,107,2870,108726,2199,8,7,1,0,1,1,1,1,1,1,1,1,1,1,0,0,0,0,0,0,0,0,1,0,0,0,1,0,0,1,1,0
41620940,싼타페,더 뉴 싼타페,56,3150,72613,1598,5,4,1,1,1,1,1,1,1,1,1,1,1,1,0,0,0,0,0,0,0,1,0,0,0,1,0,0,0,1,1,0
41620975,싼타페,싼타페 TM,56,2050,84588,1995,5,6,0,0,0,1,1,1,1,1,1,1,1,1,0,0,0,0,0,0,0,0,1,0,0,1,0,0,0,1,1,0
41621004,팰리세이드,팰리세이드,107,2479,124476,2199,8,5,2,0,1,1,1,1,1,1,1,1,1,1,0,0,0,0,0,0,0,0,1,0,0,0,1,0,0,1,1,0
41621016,아이오닉6,아이오닉6,67,3883,32849,111,5,3,1,0,1,1,1,1,1,1,1,1,1,1,0,0,0,0,0,0,0,0,0,1,0,0,1,0,0,1,0,1
41621033,아반떼,더 뉴 아반떼 (CN7),62,2070,36741,1598,5,2,4,1,1,1,1,1,1,1,1,1,1,1,0,0,0,0,0,0,1,0,0,0,0,0,0,1,0,1,0,1
41621188,코나,더 뉴 코나,91,2145,59698,1598,5,6,5,0,1,1,1,1,1,1,1,1,1,1,0,0,0,0,0,0,1,0,0,0,0,0,0,1,0,1,1,0
41621194,그랜저,그랜저 IG,27,1850,55008,2359,5,9,5,0,0,1,1,1,1,1,1,1,1,1,0,0,0,0,0,0,1,0,0,0,0,1,0,0,0,1,0,1
41621250,투싼,투싼 (NX4),101,1997,113241,1598,5,5,0,0,0,1,1,1,1,1,1,1,1,1,0,0,0,0,0,0,1,0,0,0,0,0,0,1,0,1,1,0
41621289,그랜저,더 뉴 그랜저 IG,27,1880,190453,2999,5,6,6,1,1,1,1,1,1,1,1,1,1,1,0,0,0,0,0,1,0,0,0,0,0,0,1,0,0,1,0,1
41621355,싼타페,더 뉴 싼타페,56,2039,142886,2151,5,4,1,0,1,1,1,1,1,1,1,1,1,1,0,0,0,0,0,0,0,0,1,0,0,0,0,1,0,1,1,0
41621532,아반떼,아반떼 (CN7),62,2550,36440,1998,5,4,0,0,1,1,1,1,1,1,1,0,1,1,0,0,0,0,0,0,1,0,0,0,0,0,0,1,0,0,0,1
41621791,그랜저,그랜저 IG,27,2120,57921,2999,5,9,6,1,1,1,1,1,1,1,1,1,1,1,0,0,0,0,0,1,0,0,0,0,0,0,0,1,0,1,0,1
41621798,싼타페,싼타페 TM,56,2099,111602,1998,5,8,4,1,1,1,1,1,1,1,1,1,1,1,0,0,0,0,0,0,1,0,0,0,0,1,0,0,0,1,1,0
41622102,캐스퍼,더 뉴 캐스퍼,88,2290,9,998,4,0,0,0,1,1,1,1,1,1,1,1,1,1,0,0,0,0,0,0,1,0,0,0,0,1,0,0,0,1,0,1
41622121,그랜저,더 뉴 그랜저 IG 하이브리드,27,3120,46191,2359,5,5,3,0,1,1,1,1,1,1,1,1,1,1,0,0,0,0,0,0,0,1,0,0,0,1,0,0,0,1,0,1
41622169,그랜저,그랜저 IG,27,2080,66542,2359,5,8,7,1,1,1,1,1,1,1,1,1,1,1,0,0,0,0,0,0,1,0,0,0,0,0,1,0,0,1,0,1
41622303,아이오닉5,아이오닉5,66,3220,47037,111,5,5,1,1,1,1,1,1,1,1,1,1,1,1,0,0,0,0,0,0,0,0,0,1,0,0,0,1,0,1,0,1
41622465,싼타페,더 뉴 싼타페,56,2650,55328,2497,5,5,2,0,1,1,1,1,1,1,1,1,1,1,0,0,0,0,0,0,1,0,0,0,0,0,0,1,0,1,1,0
41622540,그랜저,더 뉴 그랜저 IG,27,2050,91121,2999,5,4,0,0,1,1,1,1,1,1,1,1,1,1,0,0,0,0,0,1,0,0,0,0,0,0,0,1,0,1,0,1
41622748,캐스퍼,더 뉴 캐스퍼,88,1790,14510,998,4,2,10,0,1,1,1,1,1,1,1,1,1,1,0,0,0,0,0,0,1,0,0,0,0,1,0,0,0,1,0,1
41622904,팰리세이드,더 뉴 팰리세이드,107,5299,27275,3778,7,2,0,1,1,1,1,1,1,1,1,1,1,1,0,0,0,0,0,0,1,0,0,0,0,0,1,0,0,1,1,0
41622910,코나,코나 (SX2),91,2489,57141,1598,5,3,0,0,1,1,1,1,1,1,1,1,1,1,0,0,0,0,0,0,1,0,0,0,0,0,0,1,0,1,1,0
41622920,팰리세이드,더 뉴 팰리세이드,107,4290,24582,3778,7,3,0,1,1,1,1,1,1,1,1,1,1,1,0,0,0,0,0,0,1,0,0,0,0,0,1,0,0,1,1,0
41623100,싼타페,싼타페 (MX5),56,3760,29343,2497,5,2,0,0,1,1,1,1,1,1,1,1,1,1,0,0,0,0,0,0,1,0,0,0,0,1,0,0,0,1,1,0
41623346,그랜저,그랜저 IG 하이브리드,27,2090,87865,2359,5,7,0,0,1,1,1,1,1,1,1,1,1,1,0,0,0,0,0,0,0,1,0,0,0,0,0,1,0,1,0,1
41623464,아반떼,더 뉴 아반떼 (CN7),62,2390,19597,1598,5,3,0,1,1,1,1,1,1,1,1,1,1,1,0,0,0,0,0,0,1,0,0,0,0,1,0,0,0,1,0,1
41623620,그랜저,더 뉴 그랜저 IG,27,2270,126643,3342,5,6,0,0,1,1,1,1,1,1,1,1,1,1,0,0,0,0,0,0,1,0,0,0,0,0,0,1,0,1,0,1
41623869,그랜저,그랜저 IG 하이브리드,27,1850,164484,2359,5,8,5,1,1,1,1,1,1,1,1,1,1,1,0,0,0,0,0,0,0,1,0,0,0,1,0,0,0,1,0,1
41623930,아반떼,아반떼 (CN7),62,1930,52282,1598,5,6,6,1,1,1,1,1,1,1,1,1,1,1,0,0,0,0,0,0,1,0,0,0,0,1,0,0,0,1,0,1
41623989,아반떼,아반떼 (CN7),62,2320,19294,1598,5,3,0,1,1,1,1,1,1,1,1,1,1,1,0,0,0,0,0,0,1,0,0,0,0,1,0,0,0,1,0,1
41624249,투싼,투싼 하이브리드 (NX4),101,2450,117803,1598,5,5,2,0,1,1,1,1,1,1,1,1,1,1,0,0,0,0,0,0,0,1,0,0,0,1,0,0,0,1,1,0
41624292,그랜저,그랜저 하이브리드 (GN7),27,3430,49237,1598,5,2,0,0,1,1,1,1,1,1,1,1,1,1,0,0,0,0,0,0,0,1,0,0,0,0,1,0,0,1,0,1
41624357,쏘나타,쏘나타 (DN8),57,2450,65077,1598,5,7,0,1,1,1,1,1,1,1,1,1,1,1,0,0,0,0,0,0,1,0,0,0,0,1,0,0,0,1,0,1
41624449,싼타페,더 뉴 싼타페,56,1790,153037,2151,5,6,4,0,1,1,1,1,1,1,1,1,1,1,0,0,0,0,0,0,0,0,1,0,0,1,0,0,0,1,1,0
41624485,팰리세이드,팰리세이드,107,2999,53402,3778,8,5,11,0,1,1,1,1,1,1,1,1,1,1,0,0,0,0,0,0,1,0,0,0,0,1,0,0,0,1,1,0
41624514,넥쏘,넥쏘,28,2090,51063,0,5,4,0,1,1,1,1,1,1,1,1,1,1,1,0,0,0,0,0,0,0,0,0,0,1,0,0,0,1,1,1,0
41624586,아반떼,더 뉴 아반떼 (CN7),62,2549,26053,1998,5,1,9,1,1,1,1,1,1,1,1,1,1,1,0,0,0,0,0,0,1,0,0,0,0,1,0,0,0,0,0,1
41624612,그랜저,더 뉴 그랜저 IG,27,2490,73057,2497,5,6,2,0,1,1,1,1,1,1,1,1,1,1,0,0,0,0,0,0,1,0,0,0,0,0,0,1,0,1,0,1
41624623,아반떼,더 뉴 아반떼 (CN7),62,2890,4050,1998,5,2,0,0,1,1,1,1,1,1,1,1,1,1,0,0,0,0,0,0,1,0,0,0,0,0,0,0,1,0,0,1
41624636,아반떼,아반떼 (CN7),62,1710,94348,1598,5,4,2,0,1,1,1,1,1,1,1,1,1,1,0,0,0,0,0,0,1,0,0,0,0,0,0,1,0,1,0,1
41624644,싼타페,싼타페 TM,56,2040,109557,2199,5,8,4,1,1,1,1,1,1,0,1,1,1,1,0,0,0,0,0,0,0,0,1,0,0,1,0,0,0,1,1,0
41624834,쏘나타,쏘나타 (DN8),57,8888,59172,1999,5,4,2,0,1,1,1,1,1,1,1,1,1,1,0,0,0,0,0,0,1,0,0,0,0,0,0,1,0,1,0,1
41624950,그랜저,그랜저 IG 하이브리드,27,1950,146293,2359,5,9,1,1,1,1,1,1,1,1,1,1,1,1,0,0,0,0,0,0,0,1,0,0,0,0,1,0,0,1,0,1
41625009,그랜저,그랜저 (GN7),27,2910,42846,2497,5,3,3,0,1,1,1,1,1,1,1,1,1,1,0,0,0,0,0,0,1,0,0,0,0,0,1,0,0,1,0,1
41625258,그랜저,그랜저 (GN7),27,3490,51233,3470,5,4,1,0,1,1,1,1,1,1,1,1,1,1,0,0,0,0,0,1,0,0,0,0,0,1,0,0,0,1,0,1
41625324,그랜저,그랜저 (GN7),27,4190,26859,3470,5,3,2,1,1,1,1,1,1,1,1,1,1,1,0,0,0,0,0,0,1,0,0,0,0,0,1,0,0,1,0,1
41626179,싼타페,싼타페 TM,56,1769,130555,1995,5,7,0,0,1,1,1,1,1,1,1,1,1,1,0,0,0,0,0,0,0,0,1,0,0,0,0,1,0,1,1,0
41626219,쏘나타,쏘나타 (DN8),57,2330,65784,1598,5,4,0,1,1,1,1,1,1,1,1,1,1,1,0,0,0,0,0,0,1,0,0,0,0,0,0,1,0,1,0,1
41626365,팰리세이드,팰리세이드,107,3470,53052,2199,7,4,2,1,1,1,1,1,1,1,1,1,1,1,0,0,0,0,0,0,0,0,1,0,0,0,0,1,0,1,1,0
41626430,그랜저,그랜저 (GN7),27,3340,55077,2497,5,3,0,0,1,1,1,1,1,1,1,1,1,1,0,0,0,0,0,0,1,0,0,0,0,1,0,0,0,1,0,1
41626628,싼타페,더 뉴 싼타페,56,2899,63874,1598,5,4,0,0,1,1,1,1,1,1,1,1,1,1,0,0,0,0,0,0,0,1,0,0,0,1,0,0,0,1,1,0
41626666,팰리세이드,팰리세이드,107,2900,35577,3778,7,6,0,1,1,1,1,1,1,1,1,1,1,1,0,0,0,0,0,0,1,0,0,0,0,1,0,0,0,1,1,0
41627060,아반떼,아반떼 (CN7),62,2130,35157,1998,5,5,9,0,1,1,1,1,1,1,1,0,1,1,0,0,0,0,0,0,1,0,0,0,0,0,0,0,1,1,0,1
41627160,쏘나타,쏘나타 (DN8),57,9999,152909,1999,5,7,3,0,0,1,1,0,1,0,1,0,1,1,0,0,0,0,0,1,0,0,0,0,0,0,0,0,1,1,0,1
41627350,싼타페,싼타페 TM,56,2660,80143,2199,5,8,1,1,1,1,1,1,1,1,1,1,1,1,0,0,0,0,0,0,0,0,1,0,0,0,1,0,0,1,1,0
41627630,아반떼,더 뉴 아반떼 (CN7),62,3960,8801,1998,5,1,0,1,1,1,1,1,1,1,1,1,1,1,0,0,0,0,0,0,1,0,0,0,0,0,1,0,0,1,0,1
41627655,코나,코나 (SX2),91,3050,6692,1598,5,1,4,0,1,1,1,1,1,1,1,1,1,1,0,0,0,0,0,0,1,0,0,0,0,0,0,1,0,1,1,0
41627671,싼타페,싼타페 TM,56,1870,160801,1995,5,8,6,1,1,1,1,1,1,1,1,1,1,1,0,0,0,0,0,0,0,0,1,0,0,0,1,0,0,1,1,0
41627786,베뉴,베뉴,45,2550,22651,1598,5,3,0,1,1,1,1,1,1,1,1,1,1,1,0,0,0,0,0,0,1,0,0,0,0,0,0,1,0,1,1,0
41627953,투싼,투싼 하이브리드 (NX4),101,2190,89316,1598,5,5,5,0,1,1,1,1,1,0,1,1,1,1,0,0,0,0,0,0,0,1,0,0,0,1,0,0,0,1,1,0
41628125,아이오닉5,아이오닉5,66,2290,203920,111,5,4,4,0,1,1,1,1,1,1,1,1,1,1,0,0,0,0,0,0,0,0,0,1,0,0,1,0,0,1,0,1
41628147,투싼,투싼 하이브리드 (NX4),101,2490,26896,1598,5,4,8,0,1,1,1,1,1,1,1,1,1,1,0,0,0,0,0,0,0,1,0,0,0,1,0,0,0,1,1,0
41628211,아반떼,아반떼 (CN7),62,1970,56000,1598,5,6,2,1,1,1,1,1,1,1,1,1,1,1,0,0,0,0,0,0,1,0,0,0,0,1,0,0,0,1,0,1
41628461,싼타페,더 뉴 싼타페,56,3170,24797,2497,5,3,0,1,1,1,1,1,1,1,1,1,1,1,0,0,0,0,0,0,1,0,0,0,0,0,1,0,0,1,1,0
41628579,코나,코나,91,1799,13445,1591,5,6,1,0,0,1,1,1,1,1,1,1,1,1,0,0,0,0,0,0,1,0,0,0,0,0,0,1,0,1,1,0
41628644,투싼,투싼 하이브리드 (NX4),101,2830,21398,1598,5,3,0,0,0,1,1,1,1,1,0,0,1,1,0,0,0,0,0,0,0,1,0,0,0,1,0,0,0,1,1,0
41628821,싼타페,싼타페 TM,56,2650,39513,2199,5,7,5,1,0,1,1,1,1,1,1,1,1,1,0,0,0,0,0,0,0,0,1,0,0,1,0,0,0,1,1,0
41628920,팰리세이드,더 뉴 팰리세이드,107,3950,57347,3778,7,3,0,0,1,1,1,1,1,1,1,1,1,1,0,0,0,0,0,0,1,0,0,0,0,0,1,0,0,1,1,0
41629025,싼타페,더 뉴 싼타페,56,2999,50100,2151,5,4,1,0,1,1,1,1,1,1,1,1,1,1,0,0,0,0,0,0,0,0,1,0,0,0,0,1,0,1,1,0
41630608,스타리아,스타리아,51,2650,25548,3470,5,2,1,0,0,1,1,0,1,1,1,0,1,1,0,0,0,0,0,1,0,0,0,0,0,0,0,1,0,1,1,0
41630678,아이오닉6,아이오닉6,67,3850,6596,111,5,2,5,0,1,1,1,1,1,1,1,1,1,1,0,0,0,0,0,0,0,0,0,1,0,0,0,1,0,1,0,1
41630684,싼타페,싼타페 TM,56,2390,84201,1995,5,8,1,1,1,1,1,1,1,1,1,1,1,1,0,0,0,0,0,0,0,0,1,0,0,0,0,1,0,1,1,0
41630814,아반떼,더 뉴 아반떼 하이브리드 (CN7),62,2640,5350,1580,5,1,0,0,1,1,1,1,1,1,1,1,1,1,0,0,0,0,0,0,0,1,0,0,0,1,0,0,0,1,0,1
41631039,그랜저,그랜저 (GN7),27,3750,9162,2497,5,3,0,0,1,1,1,1,1,1,1,1,1,1,0,0,0,0,0,0,1,0,0,0,0,0,0,0,1,1,0,1
41631138,팰리세이드,팰리세이드,107,2630,77772,3778,7,6,1,1,1,1,1,1,1,1,1,1,1,1,0,0,0,0,0,0,1,0,0,0,0,1,0,0,0,1,1,0
41631173,팰리세이드,더 뉴 팰리세이드,107,3730,63503,2199,7,3,1,0,1,1,1,1,1,1,1,1,1,1,0,0,0,0,0,0,0,0,1,0,0,1,0,0,0,1,1,0
41631396,그랜저,더 뉴 그랜저 IG 하이브리드,27,1949,168046,2359,5,4,3,0,1,1,1,1,1,1,1,1,1,1,0,0,0,0,0,0,0,1,0,0,0,0,1,0,0,1,0,1
41631419,스타리아,스타리아,51,2050,104624,2199,5,4,2,0,0,1,1,1,1,1,1,0,1,1,0,0,0,0,0,0,0,0,1,0,0,0,0,1,0,1,1,0
41631745,그랜저,더 뉴 그랜저 IG 하이브리드,27,2380,81174,2359,5,5,4,0,1,1,1,1,1,1,1,1,1,1,0,0,0,0,0,0,0,1,0,0,0,0,1,0,0,1,0,1
41631751,아반떼,아반떼 (CN7),62,1790,90585,1598,5,6,1,0,1,1,1,1,1,1,1,1,1,1,0,0,0,0,0,0,1,0,0,0,0,0,1,0,0,1,0,1
41631836,싼타페,싼타페 TM,56,2290,55884,1995,5,8,2,0,1,1,1,1,1,1,1,1,1,1,0,0,0,0,0,0,0,0,1,0,0,1,0,0,0,1,1,0
41631996,그랜저,더 뉴 그랜저 IG,27,2380,104999,2497,5,5,4,1,1,1,1,1,1,1,1,1,1,1,0,0,0,0,0,0,1,0,0,0,0,1,0,0,0,1,0,1
41632162,싼타페,더 뉴 싼타페,56,2599,88978,1598,5,3,8,0,1,1,1,1,1,1,1,1,1,1,0,0,0,0,0,0,0,1,0,0,0,0,0,1,0,1,1,0
41632283,팰리세이드,더 뉴 팰리세이드,107,4480,50241,2199,7,3,3,0,1,1,1,1,1,1,1,1,1,1,0,0,0,0,0,0,0,0,1,0,0,1,0,0,0,1,1,0
41632537,그랜저,그랜저 하이브리드 (GN7),27,3720,33557,1598,5,3,10,0,1,1,1,1,1,1,1,1,1,1,0,0,0,0,0,0,0,1,0,0,0,0,0,1,0,1,0,1
41632890,팰리세이드,팰리세이드,107,1950,192835,2199,7,7,2,0,0,1,1,1,1,1,1,1,1,1,0,0,0,0,0,0,0,0,1,0,0,0,0,0,1,1,1,0
41632990,그랜저,더 뉴 그랜저 IG 하이브리드,27,2580,64571,2359,5,5,0,1,1,1,1,1,1,1,1,1,1,1,0,0,0,0,0,0,0,1,0,0,0,0,1,0,0,1,0,1
41633069,그랜저,그랜저 (GN7),27,3650,51419,2497,5,3,0,0,1,1,1,1,1,1,1,1,1,1,0,0,0,0,0,0,1,0,0,0,0,0,1,0,0,1,0,1
41633096,아이오닉5,아이오닉5,66,3340,33531,111,5,4,1,0,1,1,1,1,1,1,1,1,1,1,0,0,0,0,0,0,0,0,0,1,0,1,0,0,0,1,0,1
41633283,싼타페,더 뉴 싼타페,56,2990,56005,1598,5,5,1,1,1,1,1,1,1,1,1,1,1,1,0,0,0,0,0,0,0,1,0,0,0,1,0,0,0,1,1,0
41633336,팰리세이드,더 뉴 팰리세이드,107,2569,123833,3778,7,4,0,0,1,1,1,1,1,1,1,1,1,1,0,0,0,0,0,0,1,0,0,0,0,0,1,0,0,1,1,0
41633364,캐스퍼,캐스퍼 일렉트릭,88,2530,12838,1000,4,1,0,0,0,1,1,1,1,1,0,0,0,1,0,0,0,0,0,0,0,0,0,1,0,1,0,0,0,1,0,1
41633433,그랜저,더 뉴 그랜저 IG,27,2090,79023,2999,5,4,9,0,1,1,1,1,1,1,1,1,1,1,0,0,0,0,0,1,0,0,0,0,0,1,0,0,0,1,0,1
41633496,싼타페,싼타페 TM,56,2550,111521,2199,5,7,6,1,1,1,1,1,1,1,1,1,1,1,0,0,0,0,0,0,0,0,1,0,0,0,0,0,1,1,1,0
41633533,쏘나타,쏘나타 (DN8),57,2050,61398,1999,5,5,3,0,1,1,1,1,1,1,1,1,1,1,0,0,0,0,0,0,1,0,0,0,0,0,0,1,0,1,0,1
41633598,스타리아,스타리아,51,3450,39743,1598,5,2,0,0,1,1,1,1,1,1,1,1,1,1,0,0,0,0,0,0,0,1,0,0,0,0,0,1,0,1,1,0
41633769,그랜저,더 뉴 그랜저 IG,27,2450,35537,2497,5,6,2,0,1,1,1,1,1,1,1,0,1,1,0,0,0,0,0,0,1,0,0,0,0,0,1,0,0,1,0,1
41633830,팰리세이드,팰리세이드,107,3599,40074,2199,7,4,11,0,1,1,1,1,1,1,1,1,1,1,0,0,0,0,0,0,0,0,1,0,0,1,0,0,0,1,1,0
41633900,그랜저,더 뉴 그랜저 IG,27,2590,77656,2497,5,6,3,0,1,1,1,1,1,1,1,1,1,1,0,0,0,0,0,0,1,0,0,0,0,0,1,0,0,1,0,1
41633974,스타렉스,더 뉴 그랜드 스타렉스,50,1750,30857,2497,12,7,2,0,0,1,1,0,0,0,1,0,1,1,0,0,0,0,0,0,0,0,1,0,0,0,0,0,1,1,1,0
41633993,팰리세이드,팰리세이드,107,3590,60409,2199,7,5,3,1,1,1,1,1,1,1,1,1,1,1,0,0,0,0,0,0,0,0,1,0,0,0,0,1,0,1,1,0
41634010,스타렉스,더 뉴 그랜드 스타렉스,50,2570,35538,2497,9,8,0,0,0,1,0,1,0,0,1,1,1,1,0,0,0,0,0,0,0,0,1,0,0,0,1,0,0,1,1,0
41634026,그랜저,더 뉴 그랜저 IG 하이브리드,27,2200,101067,2359,5,7,6,1,1,1,1,1,1,1,1,1,1,1,0,0,0,0,0,0,0,1,0,0,0,0,0,1,0,1,0,1
41634034,아이오닉5,아이오닉5,66,2750,62443,111,5,5,0,0,1,1,1,1,1,1,1,1,1,1,0,0,0,0,0,0,0,0,0,1,0,0,0,1,0,1,0,1
41634172,아이오닉5,아이오닉5,66,9999,89229,111,5,4,2,1,1,1,1,1,1,1,1,1,1,1,0,0,0,0,0,0,0,0,0,1,0,0,0,0,1,1,0,1
41634410,코나,코나 (SX2),91,3330,12808,1598,5,2,1,0,1,1,1,1,1,1,1,1,1,1,0,0,0,0,0,0,1,0,0,0,0,0,1,0,0,1,1,0
41634456,쏘나타,쏘나타 (DN8),57,1870,63844,1999,5,7,1,0,1,1,1,1,1,1,1,1,1,1,0,0,0,0,0,0,1,0,0,0,0,0,0,1,0,1,0,1
41634884,그랜저,더 뉴 그랜저 IG,27,3020,26306,2497,5,5,8,1,1,1,1,1,1,1,1,1,1,1,0,0,0,0,0,0,1,0,0,0,0,1,0,0,0,1,0,1
41635009,싼타페,싼타페 (MX5),56,3739,17066,1598,5,2,1,0,1,1,1,1,1,1,1,1,1,1,0,0,0,0,0,0,0,1,0,0,0,1,0,0,0,1,1,0
41635119,싼타페,싼타페 TM,56,2050,80551,1995,5,8,0,0,1,1,1,1,1,1,1,1,1,1,0,0,0,0,0,0,0,0,1,0,0,0,0,1,0,1,1,0
41635301,아반떼,더 뉴 아반떼 (CN7),62,1920,23960,1598,5,2,8,0,1,1,1,1,1,1,1,1,1,1,0,0,0,0,0,0,1,0,0,0,0,1,0,0,0,1,0,1
41635509,팰리세이드,팰리세이드,107,3290,92195,2199,7,4,0,1,1,1,1,1,1,1,1,1,1,1,0,0,0,0,0,0,0,0,1,0,0,1,0,0,0,1,1,0
41635846,투싼,투싼 (NX4),101,2150,66424,1598,5,5,5,0,0,1,1,1,1,1,1,1,1,1,0,0,0,0,0,0,1,0,0,0,0,0,0,1,0,1,1,0
41636242,쏘나타,쏘나타 (DN8),57,1750,39852,1999,5,7,2,0,1,1,1,1,1,1,1,1,1,1,0,0,0,0,0,0,1,0,0,0,0,0,0,0,1,1,0,1
41636336,싼타페,더 뉴 싼타페,56,3020,31933,2497,5,5,1,0,1,1,1,1,1,1,1,1,1,1,0,0,0,0,0,0,1,0,0,0,0,1,0,0,0,1,1,0
41636561,스타렉스,더 뉴 그랜드 스타렉스,50,2650,22818,2359,15,5,2,0,0,1,1,0,0,0,1,0,1,1,0,0,0,0,0,1,0,0,0,0,0,0,0,0,1,1,1,0
41636690,팰리세이드,더 뉴 팰리세이드,107,3759,57651,3778,7,3,0,1,1,1,1,1,1,1,1,1,1,1,0,0,0,0,0,0,1,0,0,0,0,0,0,1,0,1,1,0
41636809,그랜저,그랜저 (GN7),27,2590,89890,3470,5,1,1,0,1,1,1,1,1,1,1,1,1,1,0,0,0,0,0,1,0,0,0,0,0,1,0,0,0,1,0,1
41636812,아이오닉5,아이오닉5,66,2970,47573,111,5,5,2,0,1,1,1,1,1,1,1,1,1,1,0,0,0,0,0,0,0,0,0,1,0,0,1,0,0,1,0,1
41636854,투싼,더 뉴 투싼 하이브리드 (NX4),101,3100,16111,1598,5,1,0,0,1,1,1,1,1,1,1,1,1,1,0,0,0,0,0,0,0,1,0,0,0,1,0,0,0,1,1,0
41636982,스타리아,스타리아,51,3590,13739,3470,15,3,1,0,0,1,1,0,1,0,1,1,1,1,0,0,0,0,0,1,0,0,0,0,0,0,0,0,1,1,1,0
41637006,스타리아,스타리아,51,2560,78883,3470,3,4,3,0,0,1,1,1,1,1,1,1,1,1,0,0,0,0,0,1,0,0,0,0,0,0,0,1,0,1,1,0
41637480,코나,더 뉴 코나,91,2899,30565,1998,5,4,4,1,1,1,1,1,1,1,1,1,1,1,0,0,0,0,0,0,1,0,0,0,0,0,0,1,0,1,1,0
41637793,아이오닉9,아이오닉9,68,6811,16678,0,6,1,2,1,1,1,1,1,1,1,1,1,1,1,0,0,0,0,0,0,0,0,0,1,0,1,0,0,0,1,1,0
41637838,그랜저,그랜저 (GN7),27,3100,43443,3470,5,4,2,0,1,1,1,1,1,1,1,1,1,1,0,0,0,0,0,0,1,0,0,0,0,1,0,0,0,1,0,1
41637839,투싼,투싼 (NX4),101,2970,75151,1598,5,3,4,1,1,1,1,1,1,1,1,1,1,1,0,0,0,0,0,0,1,0,0,0,0,0,0,1,0,1,1,0
41637844,쏘나타,쏘나타 (DN8),57,2090,62567,1999,5,4,4,0,1,1,1,1,1,1,1,1,1,1,0,0,0,0,0,0,1,0,0,0,0,0,1,0,0,1,0,1
41637854,아반떼,더 뉴 아반떼 (CN7),62,2150,27800,1598,5,1,7,0,1,1,1,1,1,1,1,1,1,1,0,0,0,0,0,0,1,0,0,0,0,1,0,0,0,1,0,1
41637856,아반떼,아반떼 하이브리드 (CN7),62,2310,47156,1580,5,3,4,0,1,1,1,1,1,1,1,1,1,1,0,0,0,0,0,0,0,1,0,0,0,1,0,0,0,1,0,1
41637859,그랜저,더 뉴 그랜저 IG 하이브리드,27,2510,120091,2359,5,4,0,0,1,1,1,1,1,1,1,1,1,1,0,0,0,0,0,0,0,1,0,0,0,0,0,1,0,1,0,1
41637862,투싼,투싼 (NX4),101,2720,37662,1598,5,4,0,1,1,1,1,1,1,1,1,1,1,1,0,0,0,0,0,0,1,0,0,0,0,0,0,1,0,1,1,0
41637864,팰리세이드,팰리세이드,107,2750,50669,3778,7,4,4,0,1,1,1,1,1,1,1,1,1,1,0,0,0,0,0,0,1,0,0,0,0,0,0,1,0,1,1,0
41637955,쏘나타,쏘나타 (DN8),57,2490,37950,1598,5,5,1,0,1,1,1,1,1,1,1,1,1,1,0,0,0,0,0,0,1,0,0,0,0,0,0,1,0,1,0,1
41637980,쏘나타,쏘나타 디 엣지(DN8),57,2870,32554,1598,5,2,0,0,1,1,1,1,1,1,1,1,1,1,0,0,0,0,0,0,1,0,0,0,0,1,0,0,0,1,0,1
41638096,그랜저,그랜저 IG,27,1970,17604,2359,5,7,0,0,0,1,1,1,1,1,1,1,1,1,0,0,0,0,0,0,1,0,0,0,0,0,0,1,0,1,0,1
41638110,아반떼,아반떼 (CN7),62,1730,83560,1598,5,5,0,0,1,1,1,1,1,1,1,1,1,1,0,0,0,0,0,0,1,0,0,0,0,0,0,0,1,1,0,1
41638284,그랜저,그랜저 (GN7),27,2450,86120,3470,5,2,2,0,1,1,1,1,1,1,1,1,1,1,0,0,0,0,0,1,0,0,0,0,0,1,0,0,0,1,0,1
41638385,싼타페,싼타페 TM,56,2340,38965,1998,5,6,0,0,0,1,1,1,1,1,1,1,1,1,0,0,0,0,0,0,1,0,0,0,0,0,0,1,0,1,1,0
41638713,아반떼,더 뉴 아반떼 하이브리드 (CN7),62,2540,2926,1580,5,1,0,0,1,1,1,1,1,1,1,1,1,1,0,0,0,0,0,0,0,1,0,0,0,1,0,0,0,1,0,1
41638747,스타리아,스타리아,51,2999,84980,3470,9,3,0,1,1,1,1,1,1,1,1,1,1,1,0,0,0,0,0,1,0,0,0,0,0,0,0,1,0,1,1,0
41638810,그랜저,그랜저 IG,27,1850,50392,2999,5,9,0,1,0,1,1,1,1,1,1,1,1,1,0,0,0,0,0,0,1,0,0,0,0,0,1,0,0,1,0,1
41638862,팰리세이드,팰리세이드,107,2800,89036,2199,8,6,4,0,1,1,1,1,1,1,1,1,1,1,0,0,0,0,0,0,0,0,1,0,0,0,1,0,0,1,1,0
41638880,그랜저,더 뉴 그랜저 IG,27,2480,88767,2497,5,5,0,0,1,1,1,1,1,1,1,1,1,1,0,0,0,0,0,0,1,0,0,0,0,0,0,0,1,1,0,1
41639105,그랜저,그랜저 (GN7),27,3980,6460,2497,5,1,0,0,1,1,1,1,1,1,1,1,1,1,0,0,0,0,0,0,1,0,0,0,0,0,1,0,0,1,0,1
41639300,스타리아,스타리아,51,3020,35329,3470,5,2,0,0,1,1,1,1,1,1,1,1,1,1,0,0,0,0,0,1,0,0,0,0,0,1,0,0,0,1,1,0
41639430,아이오닉5,아이오닉5,66,2599,93179,111,5,5,5,0,1,1,1,1,1,1,1,1,1,1,0,0,0,0,0,0,0,0,0,1,0,0,0,1,0,1,0,1
41639466,팰리세이드,더 뉴 팰리세이드,107,5299,12654,3778,7,2,0,1,1,1,1,1,1,1,1,1,1,1,0,0,0,0,0,0,1,0,0,0,0,0,1,0,0,1,1,0
41639475,그랜저,더 뉴 그랜저 IG 하이브리드,27,2270,133177,2359,5,6,2,0,1,1,1,1,1,1,1,1,1,1,0,0,0,0,0,0,0,1,0,0,0,0,1,0,0,1,0,1
41639639,아이오닉5,아이오닉5,66,3350,63676,111,5,4,3,1,1,1,1,1,1,1,1,1,1,1,0,0,0,0,0,0,0,0,0,1,0,1,0,0,0,1,0,1
41639754,싼타페,싼타페 (MX5),56,3780,30803,1598,5,3,0,0,1,1,1,1,1,1,1,1,1,1,0,0,0,0,0,0,0,1,0,0,0,1,0,0,0,1,1,0
41639917,스타렉스,더 뉴 그랜드 스타렉스,50,2430,79986,2359,5,5,2,0,0,1,1,0,0,0,1,0,1,1,0,0,0,0,0,0,0,0,1,0,0,0,0,0,1,1,1,0
41639959,그랜저,그랜저 IG,27,1749,148640,2199,5,10,10,1,1,1,1,1,1,1,1,1,1,1,0,0,0,0,0,0,0,0,1,0,0,0,0,1,0,1,0,1
41639996,싼타페,싼타페 (MX5),56,3580,46422,1598,5,2,0,0,1,1,1,1,1,1,1,1,1,1,0,0,0,0,0,0,0,1,0,0,0,1,0,0,0,1,1,0
41640020,넥쏘,넥쏘,28,2290,32181,0,5,4,1,1,1,1,1,1,1,1,1,1,1,1,0,0,0,0,0,0,0,0,0,0,1,1,0,0,0,1,1,0
41640062,쏘나타,쏘나타 (DN8),57,2720,92329,1999,5,3,1,0,1,1,1,1,1,1,1,1,1,1,0,0,0,0,0,0,1,0,0,0,0,0,1,0,0,1,0,1
41640113,그랜저,더 뉴 그랜저 IG,27,2490,43930,2497,5,5,9,1,1,1,1,1,1,1,1,1,1,1,0,0,0,0,0,0,1,0,0,0,0,0,1,0,0,1,0,1
41640148,쏘나타,쏘나타 디 엣지 하이브리드(DN8),57,2940,50116,1999,5,2,0,0,1,1,1,1,1,1,1,1,1,1,0,0,0,0,0,0,0,1,0,0,0,0,0,1,0,1,0,1
41640224,그랜저,그랜저 HG,27,9999,178488,2359,5,13,7,0,0,1,1,1,1,1,1,0,1,1,0,0,0,0,0,0,1,0,0,0,0,0,1,0,0,1,0,1
41640246,스타렉스,더 뉴 그랜드 스타렉스,50,2250,142017,2497,9,8,2,1,0,1,1,1,0,1,0,0,1,1,0,0,0,0,0,0,0,0,1,0,0,0,0,1,0,1,1,0
41640308,아반떼,더 뉴 아반떼 (CN7),62,2090,40023,1598,5,2,15,0,1,1,1,1,1,1,1,1,1,1,0,0,0,0,0,0,1,0,0,0,0,0,0,1,0,1,0,1
41640351,팰리세이드,팰리세이드,107,2280,84749,3778,7,6,5,1,1,1,1,1,1,1,1,1,1,1,0,0,0,0,0,0,1,0,0,0,0,0,0,0,1,1,1,0
41640420,쏘나타,쏘나타 하이브리드 (DN8),57,1899,91326,1999,5,5,0,0,1,1,1,1,1,1,1,1,1,1,0,0,0,0,0,0,0,1,0,0,0,0,0,1,0,1,0,1
41640464,싼타페,싼타페 (MX5),56,3680,35301,2497,5,2,2,0,0,0,0,0,0,0,0,0,0,1,0,0,0,0,0,0,1,0,0,0,0,0,1,0,0,1,1,0
41640533,쏘나타,쏘나타 하이브리드 (DN8),57,1770,133872,1999,5,6,18,1,1,1,1,1,1,1,1,1,1,1,0,0,0,0,0,0,0,1,0,0,0,1,0,0,0,1,0,1
41640555,팰리세이드,팰리세이드,107,9999,83647,2199,7,5,0,0,1,1,1,1,1,1,1,1,1,1,0,0,0,0,0,0,0,0,1,0,0,1,0,0,0,1,1,0
41640608,투싼,투싼 하이브리드 (NX4),101,2300,77427,1598,5,6,2,1,1,1,1,1,1,1,1,1,1,1,0,0,0,0,0,0,0,1,0,0,0,0,1,0,0,1,1,0
41640702,아이오닉5,아이오닉5,66,5299,50258,120,5,3,3,1,1,1,1,1,1,1,1,1,1,1,0,0,0,0,0,0,0,0,0,1,0,0,0,0,1,1,0,1
41640706,캐스퍼,캐스퍼,88,1780,23756,998,4,4,1,1,0,1,1,1,1,1,1,1,1,1,0,0,0,0,0,0,1,0,0,0,0,1,0,0,0,1,0,1
41640765,팰리세이드,더 뉴 팰리세이드,107,4499,12698,3778,7,3,0,1,1,1,1,1,1,1,1,1,1,1,0,0,0,0,0,0,1,0,0,0,0,0,1,0,0,1,1,0
41640776,맥스크루즈,더 뉴 맥스크루즈,41,1790,85555,2199,7,9,4,0,1,1,1,1,1,1,1,1,1,1,0,0,0,0,0,0,0,0,1,0,0,0,1,0,0,1,1,0
41641196,투싼,투싼 (NX4),101,2590,35271,1998,5,3,0,0,0,1,1,1,1,1,0,0,1,1,0,0,0,0,0,0,0,0,1,0,0,0,0,1,0,1,1,0
41641239,베뉴,베뉴,45,1950,22151,1598,5,5,6,0,1,1,1,1,1,1,1,1,1,1,0,0,0,0,0,0,1,0,0,0,0,0,0,0,1,1,1,0
41641488,싼타페,싼타페 (MX5),56,3890,10236,2497,5,1,0,0,1,1,1,1,1,1,1,1,1,1,0,0,0,0,0,0,1,0,0,0,0,0,1,0,0,1,1,0
41641588,스타리아,스타리아,51,2770,40984,3470,3,3,1,0,1,1,1,1,1,1,1,0,1,1,0,0,0,0,0,1,0,0,0,0,0,0,0,1,0,1,1,0
41641603,그랜저,더 뉴 그랜저 IG,27,2650,54718,3342,5,6,0,1,1,1,1,1,1,1,1,1,1,1,0,0,0,0,0,0,1,0,0,0,0,0,1,0,0,1,0,1
41641724,아반떼,아반떼 (CN7),62,1730,54971,1598,5,6,4,0,0,1,1,1,1,1,1,1,1,1,0,0,0,0,0,0,1,0,0,0,0,0,0,1,0,1,0,1
41641757,팰리세이드,팰리세이드 (LX3),107,6090,9794,2497,7,1,0,1,1,1,1,1,1,1,1,1,1,1,0,0,0,0,0,0,0,1,0,0,0,1,0,0,0,1,1,0
41641820,투싼,투싼 (NX4),101,2350,98597,1598,5,6,3,0,1,1,1,1,1,1,1,1,1,1,0,0,0,0,0,0,1,0,0,0,0,1,0,0,0,1,1,0
41641848,코나,코나 하이브리드 (SX2),91,3349,34187,1580,5,3,2,0,1,1,1,1,1,1,1,1,1,1,0,0,0,0,0,0,0,1,0,0,0,1,0,0,0,1,1,0
41641887,팰리세이드,팰리세이드,107,2899,86597,3778,7,6,2,1,1,1,1,1,1,1,1,1,1,1,0,0,0,0,0,0,1,0,0,0,0,1,0,0,0,1,1,0
41642088,그랜저,그랜저 하이브리드 (GN7),27,3690,27535,1598,5,3,2,0,0,0,0,0,0,0,0,0,0,1,0,0,0,0,0,0,0,1,0,0,0,0,0,1,0,1,0,1
41642171,그랜저,그랜저 (GN7),27,3625,9325,2497,5,1,0,0,1,1,1,1,1,1,1,1,1,1,0,0,0,0,0,0,1,0,0,0,0,1,0,0,0,1,0,1
41642181,투싼,올 뉴 투싼,101,1740,36746,1591,5,8,4,0,1,1,1,1,1,1,1,0,1,1,0,0,0,0,0,0,1,0,0,0,0,0,0,1,0,1,1,0
41642349,그랜저,그랜저 하이브리드 (GN7),27,3470,60372,1598,5,3,2,0,1,1,1,1,1,1,1,1,1,1,0,0,0,0,0,0,0,1,0,0,0,0,1,0,0,1,0,1
41642370,그랜저,더 뉴 그랜저 IG 하이브리드,27,2850,63225,2359,5,5,0,1,1,1,1,1,1,1,1,1,1,1,0,0,0,0,0,0,0,1,0,0,0,0,0,1,0,1,0,1
41642438,아반떼,더 뉴 아반떼 (CN7),62,2099,3804,1598,5,1,4,0,1,1,1,1,1,1,1,1,1,1,0,0,0,0,0,0,1,0,0,0,0,0,0,1,0,1,0,1
41642509,코나,더 뉴 코나,91,2740,76984,1998,5,4,2,1,1,1,1,1,1,1,1,1,1,1,0,0,0,0,0,0,1,0,0,0,0,0,0,1,0,1,1,0
41642592,그랜저,더 뉴 그랜저 IG,27,2939,43505,2497,5,5,2,0,1,1,1,1,1,1,1,1,1,1,0,0,0,0,0,0,1,0,0,0,0,1,0,0,0,1,0,1
41642780,아이오닉5,아이오닉5,66,3750,31948,111,5,4,0,0,1,1,1,1,1,1,1,1,1,1,0,0,0,0,0,0,0,0,0,1,0,0,0,1,0,1,0,1
41642798,아이오닉5,아이오닉5,66,3850,33968,111,5,3,0,1,1,1,1,1,1,1,1,1,1,1,0,0,0,0,0,0,0,0,0,1,0,1,0,0,0,1,0,1
41642875,캐스퍼,캐스퍼,88,1780,28378,998,4,4,0,1,0,1,1,1,1,1,1,1,1,1,0,0,0,0,0,0,1,0,0,0,0,0,0,0,1,1,0,1
41643077,그랜저,더 뉴 그랜저 IG,27,2550,53199,2999,5,5,14,0,1,1,1,1,1,1,1,1,1,1,0,0,0,0,0,1,0,0,0,0,0,1,0,0,0,1,0,1
41643257,팰리세이드,팰리세이드 (LX3),107,6850,1560,2497,7,1,0,1,1,1,1,1,1,1,1,1,1,1,0,0,0,0,0,0,0,1,0,0,0,0,1,0,0,1,1,0
41643263,팰리세이드,팰리세이드,107,2750,75846,3778,7,4,5,1,1,1,1,1,1,1,1,1,1,1,0,0,0,0,0,0,1,0,0,0,0,0,0,0,1,1,1,0
41643306,싼타페,싼타페 더 프라임,56,1720,56871,1995,5,9,5,0,1,1,1,1,1,1,1,1,1,1,0,0,0,0,0,0,0,0,1,0,0,0,1,0,0,1,1,0
41643321,팰리세이드,팰리세이드,107,3050,44861,3778,7,6,0,1,1,1,1,1,1,1,1,1,1,1,0,0,0,0,0,0,1,0,0,0,0,0,0,1,0,1,1,0
41643705,그랜저,더 뉴 그랜저 IG,27,2350,59096,2497,5,5,4,1,1,1,1,1,1,1,1,1,1,1,0,0,0,0,0,0,1,0,0,0,0,1,0,0,0,1,0,1
41643748,그랜저,그랜저 하이브리드 (GN7),27,4550,32776,1598,5,2,1,1,1,1,1,1,1,1,1,1,1,1,0,0,0,0,0,0,0,1,0,0,0,0,1,0,0,1,0,1
41643890,싼타페,싼타페 TM,56,2280,66130,2199,5,6,0,0,1,1,1,1,1,1,1,1,1,1,0,0,0,0,0,0,0,0,1,0,0,1,0,0,0,1,1,0
41643904,싼타페,더 뉴 싼타페,56,2450,59714,2151,5,5,4,0,1,1,1,1,1,1,1,1,1,1,0,0,0,0,0,0,0,0,1,0,0,1,0,0,0,1,1,0
41643936,팰리세이드,팰리세이드,107,3330,79381,2199,7,4,1,0,1,1,1,1,1,1,1,1,1,1,0,0,0,0,0,0,0,0,1,0,0,1,0,0,0,1,1,0
41643938,투싼,투싼 (NX4),101,2390,54496,1998,5,5,0,0,0,1,1,1,1,1,1,1,1,1,0,0,0,0,0,0,0,0,1,0,0,0,0,1,0,1,1,0
41643944,싼타페,싼타페 (MX5),56,3950,29900,2497,6,3,2,1,1,1,1,1,1,1,1,1,1,1,0,0,0,0,0,0,1,0,0,0,0,1,0,0,0,1,1,0
41644047,아반떼,아반떼 (CN7),62,1760,71690,1598,5,6,2,0,0,1,1,1,1,1,1,1,1,1,0,0,0,0,0,0,1,0,0,0,0,1,0,0,0,1,0,1
41644185,그랜저,더 뉴 그랜저 IG,27,1770,121410,2999,5,4,2,1,1,1,1,1,1,1,1,0,1,1,0,0,0,0,0,1,0,0,0,0,0,0,1,0,0,1,0,1
41644250,그랜저,그랜저 (GN7),27,3090,43022,2497,5,3,2,0,1,1,1,1,1,1,1,1,1,1,0,0,0,0,0,0,1,0,0,0,0,0,0,0,1,1,0,1
41644722,투싼,투싼 하이브리드 (NX4),101,2390,33528,1598,5,4,0,0,0,1,1,1,1,0,1,1,1,1,0,0,0,0,0,0,0,1,0,0,0,1,0,0,0,1,1,0
41644800,그랜저,그랜저 (GN7),27,3080,25677,2497,5,3,6,0,1,1,1,1,1,1,1,1,1,1,0,0,0,0,0,0,1,0,0,0,0,0,1,0,0,1,0,1
41644848,팰리세이드,더 뉴 팰리세이드,107,2920,34403,3778,7,4,1,0,1,1,1,1,1,1,1,1,1,1,0,0,0,0,0,0,1,0,0,0,0,0,0,1,0,1,1,0
41644955,스타리아,스타리아,51,6950,387,2199,7,1,2,0,1,1,1,1,1,1,1,1,1,1,0,0,0,0,0,0,0,0,1,0,0,0,1,0,0,1,1,0
41645021,팰리세이드,팰리세이드,107,2370,153240,2199,7,4,3,0,1,1,1,1,1,1,1,1,1,1,0,0,0,0,0,0,0,0,1,0,0,1,0,0,0,1,1,0
41645221,싼타페,더 뉴 싼타페,56,2550,59985,2497,5,5,8,0,1,1,1,1,1,1,1,1,1,1,0,0,0,0,0,0,1,0,0,0,0,1,0,0,0,1,1,0
41645257,쏘나타,쏘나타 디 엣지(DN8),57,3250,8282,1598,5,2,1,0,1,1,1,1,1,1,1,1,1,1,0,0,0,0,0,0,1,0,0,0,0,1,0,0,0,1,0,1
41645392,스타리아,스타리아,51,3350,85947,2199,9,5,7,0,1,1,1,1,1,1,1,1,1,1,0,0,0,0,0,0,0,0,1,0,0,0,1,0,0,1,1,0
41645495,팰리세이드,팰리세이드 (LX3),107,5990,4281,2497,9,1,0,1,1,1,1,1,1,1,1,1,1,1,0,0,0,0,0,0,0,1,0,0,0,1,0,0,0,1,1,0
41645527,싼타페,싼타페 TM,56,2380,113938,2199,5,8,1,1,1,1,1,1,1,1,1,1,1,1,0,0,0,0,0,0,0,0,1,0,0,1,0,0,0,1,1,0
41645689,싼타페,싼타페 (MX5),56,4250,42524,1598,6,2,3,1,1,1,1,1,1,1,1,1,1,1,0,0,0,0,0,0,0,1,0,0,0,0,0,1,0,1,1,0
41646012,아반떼,아반떼 하이브리드 (CN7),62,1730,43342,1580,5,5,1,0,0,1,1,1,1,1,1,1,1,1,0,0,0,0,0,0,0,1,0,0,0,0,0,1,0,1,0,1
41646134,팰리세이드,팰리세이드,107,2310,85590,3778,7,4,0,0,0,1,1,1,1,1,1,1,1,1,0,0,0,0,0,0,1,0,0,0,0,0,1,0,0,1,1,0
41646449,싼타페,싼타페 TM,56,2300,39545,1998,7,7,1,0,1,1,1,1,1,1,1,1,1,1,0,0,0,0,0,0,1,0,0,0,0,1,0,0,0,1,1,0
41646585,팰리세이드,팰리세이드,107,3040,42796,3778,7,5,0,0,1,1,1,1,1,1,1,1,1,1,0,0,0,0,0,0,1,0,0,0,0,0,1,0,0,1,1,0
41646664,코나,코나 (SX2),91,2650,26858,1598,5,2,1,0,1,1,1,1,1,1,1,1,1,1,0,0,0,0,0,0,1,0,0,0,0,0,0,1,0,1,1,0
41646747,스타리아,스타리아,51,3250,13399,2199,11,3,2,1,1,1,1,1,1,1,1,0,1,1,0,0,0,0,0,0,0,0,1,0,0,0,0,1,0,1,1,0
41646986,싼타페,더 뉴 싼타페,56,3450,6630,2497,5,3,0,0,1,1,1,1,1,1,1,1,1,1,0,0,0,0,0,0,1,0,0,0,0,0,1,0,0,1,1,0
41647248,아반떼,더 뉴 아반떼 (CN7),62,2080,40728,1598,5,2,0,1,1,1,1,1,1,1,1,1,1,1,0,0,0,0,0,0,1,0,0,0,0,0,0,1,0,1,0,1
41647299,싼타페,싼타페 TM,56,2350,78075,1995,7,8,3,1,1,1,1,1,1,1,1,1,1,1,0,0,0,0,0,0,0,0,1,0,0,1,0,0,0,1,1,0
41647344,싼타페,싼타페 (MX5),56,4170,49360,1598,6,3,1,1,1,1,1,1,1,1,1,1,1,1,0,0,0,0,0,0,0,1,0,0,0,0,1,0,0,1,1,0
41647665,스타리아,스타리아,51,2699,28573,2199,5,4,2,0,0,1,1,1,1,1,1,1,1,1,0,0,0,0,0,0,0,0,1,0,0,1,0,0,0,1,1,0
41647795,스타리아,스타리아,51,3050,8520,3470,3,1,0,0,1,1,1,1,1,1,1,1,1,1,0,0,0,0,0,1,0,0,0,0,0,1,0,0,0,1,1,0
41647798,싼타페,더 뉴 싼타페,56,3599,11416,1598,5,5,1,1,1,1,1,1,1,1,1,1,1,1,0,0,0,0,0,0,0,1,0,0,0,0,0,1,0,1,1,0
41647878,그랜저,그랜저 IG,27,2090,75373,2359,5,9,0,1,1,1,1,1,1,1,1,1,1,1,0,0,0,0,0,0,1,0,0,0,0,0,0,1,0,1,0,1
41647919,아이오닉5,더 뉴 아이오닉5,66,4800,19829,120,5,2,0,1,1,1,1,1,1,1,1,1,1,1,0,0,0,0,0,0,0,0,0,1,0,1,0,0,0,1,0,1
41647923,아이오닉5,아이오닉5,66,2840,93327,111,5,5,4,0,1,1,1,1,1,1,1,1,1,1,0,0,0,0,0,0,0,0,0,1,0,0,0,1,0,1,0,1
41647963,벨로스터,벨로스터 (JS),47,1849,48557,1998,4,7,2,0,1,1,1,1,1,1,1,0,1,1,0,0,0,0,0,0,1,0,0,0,0,0,0,0,1,0,0,1
41648131,투싼,투싼 하이브리드 (NX4),101,2190,66172,1598,5,5,7,0,0,1,1,1,1,1,1,1,1,1,0,0,0,0,0,0,0,1,0,0,0,0,0,1,0,1,1,0
41648182,그랜저,더 뉴 그랜저 IG 하이브리드,27,2850,86134,2359,5,4,2,1,1,1,1,1,1,1,1,1,1,1,0,0,0,0,0,0,0,1,0,0,0,0,0,1,0,1,0,1
41648188,그랜저,더 뉴 그랜저 IG,27,2350,50729,3342,5,5,3,0,1,1,1,1,1,1,1,1,1,1,0,0,0,0,0,0,1,0,0,0,0,0,0,1,0,1,0,1
41648263,아이오닉5,아이오닉5,66,3540,46093,111,5,4,0,1,1,1,1,1,1,1,1,1,1,1,0,0,0,0,0,0,0,0,0,1,0,1,0,0,0,1,0,1
41648404,아반떼,아반떼 (CN7),62,2200,38461,1598,5,4,2,0,0,1,1,1,1,1,1,1,1,1,0,0,0,0,0,0,1,0,0,0,0,1,0,0,0,1,0,1
41648414,그랜저,그랜저 (GN7),27,3000,55840,3470,5,3,4,0,1,1,1,1,1,1,1,1,1,1,0,0,0,0,0,0,1,0,0,0,0,0,1,0,0,1,0,1
41648523,투싼,투싼 하이브리드 (NX4),101,2450,80171,1598,5,5,5,0,1,1,1,1,1,1,1,1,1,1,0,0,0,0,0,0,0,1,0,0,0,0,0,1,0,1,1,0
41648527,팰리세이드,팰리세이드,107,2950,46807,3778,7,6,2,1,1,1,1,1,1,1,1,1,1,1,0,0,0,0,0,0,1,0,0,0,0,1,0,0,0,1,1,0
41648689,싼타페,싼타페 TM,56,2080,93887,2199,7,8,1,1,1,1,1,1,1,1,1,1,1,1,0,0,0,0,0,0,0,0,1,0,0,0,0,0,1,1,1,0
41648943,팰리세이드,더 뉴 팰리세이드,107,4059,39300,2199,7,3,1,0,1,1,1,1,1,1,1,1,1,1,0,0,0,0,0,0,0,0,1,0,0,1,0,0,0,1,1,0
41648981,그랜저,그랜저 (GN7),27,3690,59169,3470,5,2,0,0,1,1,1,1,1,1,1,1,1,1,0,0,0,0,0,0,1,0,0,0,0,0,1,0,0,1,0,1
41649283,그랜저,그랜저 하이브리드 (GN7),27,3750,19278,1598,5,3,0,0,1,1,1,1,1,1,1,1,1,1,0,0,0,0,0,0,0,1,0,0,0,1,0,0,0,1,0,1
41649301,그랜저,더 뉴 그랜저 IG,27,2729,13503,2497,5,6,0,0,1,1,1,1,1,1,1,1,1,1,0,0,0,0,0,0,1,0,0,0,0,0,1,0,0,1,0,1
41649938,싼타페,더 뉴 싼타페,56,3890,34260,1598,6,3,0,0,1,1,1,1,1,1,1,1,1,1,0,0,0,0,0,0,0,1,0,0,0,0,1,0,0,1,1,0
41649939,그랜저,그랜저 하이브리드 (GN7),27,3750,85449,1598,5,3,0,0,1,1,1,1,1,1,1,1,1,1,0,0,0,0,0,0,0,1,0,0,0,0,0,1,0,1,0,1
41650026,코나,더 뉴 코나,91,8888,30517,1598,5,6,1,0,0,1,1,1,1,1,1,0,1,1,0,0,0,0,0,0,1,0,0,0,0,0,0,1,0,1,1,0
41650033,그랜저,그랜저 (GN7),27,3180,28693,2497,5,3,3,0,1,1,1,1,1,1,1,1,1,1,0,0,0,0,0,0,1,0,0,0,0,1,0,0,0,1,0,1
41650035,싼타페,싼타페 TM,56,2550,72706,1995,7,6,4,1,1,1,1,1,1,1,1,1,1,1,0,0,0,0,0,0,0,0,1,0,0,0,1,0,0,1,1,0
41650037,그랜저,더 뉴 그랜저 IG 하이브리드,27,3000,86972,2359,5,4,7,0,1,1,1,1,1,1,1,1,1,1,0,0,0,0,0,0,0,1,0,0,0,0,1,0,0,1,0,1
41650045,아이오닉5,아이오닉5,66,4099,53483,111,5,2,0,1,1,1,1,1,1,1,1,1,1,1,0,0,0,0,0,0,0,0,0,1,0,1,0,0,0,1,0,1
41650179,아반떼,더 뉴 아반떼 (CN7),62,2580,10405,1598,5,3,0,0,1,1,1,1,1,1,1,1,1,1,0,0,0,0,0,0,1,0,0,0,0,1,0,0,0,1,0,1
41650224,쏘나타,쏘나타 (DN8),57,2030,103490,1999,5,6,3,0,1,1,1,1,1,1,1,1,1,1,0,0,0,0,0,0,1,0,0,0,0,1,0,0,0,1,0,1
41650382,투싼,투싼 (NX4),101,2470,12952,1598,5,3,8,0,0,1,1,1,1,1,1,1,1,1,0,0,0,0,0,0,1,0,0,0,0,1,0,0,0,1,1,0
41650424,스타리아,스타리아,51,3230,33272,2199,9,2,2,0,0,1,1,0,1,1,1,0,1,1,0,0,0,0,0,0,0,0,1,0,0,0,0,1,0,1,1,0
41650533,스타렉스,그랜드 스타렉스,50,2170,77254,2497,12,9,2,0,0,1,0,0,0,0,0,0,0,1,0,0,0,0,0,0,0,0,1,0,0,0,0,1,0,1,1,0
41650541,아이오닉,더 뉴 아이오닉 일렉트릭,65,1899,37021,120,5,6,0,0,0,1,1,1,1,1,1,0,1,1,0,0,0,0,0,0,0,0,0,1,0,1,0,0,0,1,0,1
41650546,팰리세이드,팰리세이드,107,3050,67966,3778,7,5,1,1,1,1,1,1,1,1,1,1,1,1,0,0,0,0,0,0,1,0,0,0,0,0,1,0,0,1,1,0
41650625,쏘나타,쏘나타 디 엣지(DN8),57,2220,35379,1999,5,2,5,0,1,1,1,1,1,1,1,1,1,1,0,0,0,0,0,1,0,0,0,0,0,1,0,0,0,1,0,1
41650739,그랜저,그랜저 하이브리드 (GN7),27,4649,39590,1598,5,2,1,1,1,1,1,1,1,1,1,1,1,1,0,0,0,0,0,0,0,1,0,0,0,1,0,0,0,1,0,1
41650881,아반떼,더 뉴 아반떼 하이브리드 (CN7),62,2620,6956,1580,5,1,0,0,1,1,1,1,1,1,1,1,1,1,0,0,0,0,0,0,0,1,0,0,0,1,0,0,0,1,0,1
41650904,쏘나타,쏘나타 디 엣지 하이브리드(DN8),57,3850,6444,1999,5,1,0,1,1,1,1,1,1,1,1,1,1,1,0,0,0,0,0,0,0,1,0,0,0,1,0,0,0,1,0,1
41651305,그랜저,더 뉴 그랜저 IG,27,2499,122843,2999,5,6,3,1,1,1,1,1,1,1,1,1,1,1,0,0,0,0,0,1,0,0,0,0,0,0,0,1,0,1,0,1
41651351,그랜저,그랜저 (GN7),27,3745,10426,2497,5,1,0,0,1,1,1,1,1,1,1,1,1,1,0,0,0,0,0,0,1,0,0,0,0,1,0,0,0,1,0,1
41651387,투싼,투싼 하이브리드 (NX4),101,2790,21006,1598,5,3,0,0,0,1,1,1,1,1,0,0,1,1,0,0,0,0,0,0,0,1,0,0,0,1,0,0,0,1,1,0
41651442,코나,코나 하이브리드 (SX2),91,9999,78453,1580,5,3,6,1,1,1,1,1,1,1,1,1,1,1,0,0,0,0,0,0,0,1,0,0,0,1,0,0,0,1,1,0
41651470,스타렉스,더 뉴 그랜드 스타렉스,50,1700,79478,2497,5,6,0,0,0,1,1,0,0,0,1,1,1,1,0,0,0,0,0,0,0,0,1,0,0,0,0,0,1,1,1,0
41651521,스타리아,스타리아,51,3460,79755,2199,9,5,0,1,1,1,1,1,1,1,1,1,1,1,0,0,0,0,0,0,0,0,1,0,0,0,1,0,0,1,1,0
41651665,싼타페,싼타페 TM,56,2550,36317,1998,7,6,5,0,1,1,1,1,1,1,1,1,1,1,0,0,0,0,0,0,1,0,0,0,0,1,0,0,0,1,1,0
41651933,쏘나타,쏘나타 디 엣지(DN8),57,2140,68884,1999,5,2,4,0,1,1,1,0,1,0,1,0,1,1,0,0,0,0,0,1,0,0,0,0,0,0,0,1,0,1,0,1
41652274,그랜저,더 뉴 그랜저 IG,27,2790,42776,2497,5,5,0,0,1,1,1,1,1,1,1,1,1,1,0,0,0,0,0,0,1,0,0,0,0,0,0,1,0,1,0,1
41652286,팰리세이드,더 뉴 팰리세이드,107,3459,41971,3778,7,2,1,0,1,1,1,1,1,1,1,1,1,1,0,0,0,0,0,0,1,0,0,0,0,1,0,0,0,1,1,0
41652323,아반떼,아반떼 (CN7),62,1750,97792,1598,5,6,0,0,1,1,1,1,1,1,1,1,1,1,0,0,0,0,0,0,1,0,0,0,0,1,0,0,0,1,0,1
41652455,스타렉스,더 뉴 그랜드 스타렉스,50,1940,29950,2497,12,6,0,0,0,1,1,0,0,0,1,0,1,1,0,0,0,0,0,0,0,0,1,0,0,0,0,0,1,1,1,0
41652608,그랜저,더 뉴 그랜저 IG 하이브리드,27,2790,71049,2359,5,6,1,0,1,1,1,1,1,1,1,1,1,1,0,0,0,0,0,0,0,1,0,0,0,0,0,1,0,1,0,1
41652818,팰리세이드,팰리세이드,107,3270,13497,3778,7,5,1,1,1,1,1,1,1,1,1,1,1,1,0,0,0,0,0,0,1,0,0,0,0,0,1,0,0,1,1,0
41652918,그랜저,더 뉴 그랜저 IG,27,2180,71527,2497,5,5,1,0,1,1,1,1,1,1,1,0,1,1,0,0,0,0,0,0,1,0,0,0,0,0,1,0,0,1,0,1
41652949,코나,더 뉴 코나,91,2540,38149,1598,5,4,0,1,1,1,1,1,1,1,1,1,1,1,0,0,0,0,0,0,1,0,0,0,0,1,0,0,0,1,1,0
41653068,싼타페,싼타페 더 프라임,56,1860,53103,1995,7,10,0,1,0,1,1,1,1,1,1,0,1,1,0,0,0,0,0,0,0,0,1,0,0,1,0,0,0,1,1,0
41653258,그랜저,더 뉴 그랜저 IG,27,2130,96217,2497,5,6,2,0,1,1,1,1,1,1,1,1,1,1,0,0,0,0,0,0,1,0,0,0,0,1,0,0,0,1,0,1
41653519,투싼,투싼 (NX4),101,3150,23907,1598,5,3,0,1,1,1,1,1,1,1,1,1,1,1,0,0,0,0,0,0,1,0,0,0,0,0,0,1,0,1,1,0
41653706,캐스퍼,캐스퍼,88,1700,48897,998,4,3,0,0,0,1,1,1,1,1,1,1,1,1,0,0,0,0,0,0,1,0,0,0,0,0,0,0,1,1,0,1
41653843,싼타페,싼타페 TM,56,1800,193272,1995,5,8,2,0,1,1,1,1,1,1,1,1,1,1,0,0,0,0,0,0,0,0,1,0,0,1,0,0,0,1,1,0
41653997,그랜저,더 뉴 그랜저 IG,27,1799,85896,2497,5,6,14,0,1,1,1,1,1,1,1,1,1,1,0,0,0,0,0,0,1,0,0,0,0,0,1,0,0,1,0,1
41654677,아반떼,더 뉴 아반떼 (CN7),62,2020,4919,1598,5,1,14,0,1,1,1,1,1,1,1,1,1,1,0,0,0,0,0,0,1,0,0,0,0,0,0,1,0,1,0,1
41655767,투싼,올 뉴 투싼,101,1770,90350,1598,5,8,5,1,0,1,1,1,1,1,1,1,1,1,0,0,0,0,0,0,0,0,1,0,0,1,0,0,0,1,1,0
41655911,스타리아,스타리아,51,3450,16754,1598,3,2,0,0,1,1,1,1,1,1,1,1,1,1,0,0,0,0,0,0,0,1,0,0,0,0,0,1,0,1,1,0
41656060,팰리세이드,팰리세이드,107,2430,108970,3778,7,6,5,1,1,1,1,1,1,1,1,1,1,1,0,0,0,0,0,0,1,0,0,0,0,1,0,0,0,1,1,0
41656145,팰리세이드,더 뉴 팰리세이드,107,3650,65262,2199,7,3,2,0,1,1,1,1,1,1,1,1,1,1,0,0,0,0,0,0,0,0,1,0,0,0,1,0,0,1,1,0
41656188,쏘나타,쏘나타 (DN8),57,2980,43704,1999,5,4,2,0,1,1,1,1,1,1,1,1,1,1,0,0,0,0,0,0,1,0,0,0,0,0,0,1,0,1,0,1
41656221,투싼,올 뉴 투싼,101,1750,70779,1995,5,7,3,1,0,1,1,1,1,1,1,1,1,1,0,0,0,0,0,0,0,0,1,0,0,0,0,1,0,1,1,0
41656230,그랜저,그랜저 (GN7),27,4530,22901,3470,5,1,0,1,1,1,1,1,1,1,1,1,1,1,0,0,0,0,0,0,1,0,0,0,0,0,1,0,0,1,0,1
41656772,스타리아,스타리아,51,1720,146587,2199,3,5,2,0,0,1,1,0,0,0,1,0,0,1,0,0,0,0,0,0,0,0,1,0,0,1,0,0,0,1,1,0
41656898,팰리세이드,팰리세이드,107,3380,110236,2199,7,5,2,1,1,1,1,1,1,1,1,1,1,1,0,0,0,0,0,0,0,0,1,0,0,0,1,0,0,1,1,0
41656975,그랜저,더 뉴 그랜저 IG,27,1950,102088,2999,5,4,6,0,1,1,1,1,1,1,1,0,1,1,0,0,0,0,0,1,0,0,0,0,0,0,0,1,0,1,0,1
41657014,아이오닉5,더 뉴 아이오닉5,66,4650,54483,120,5,2,1,1,1,1,1,1,1,1,1,1,1,1,0,0,0,0,0,0,0,0,0,1,0,0,0,1,0,1,0,1
41657063,아반떼,아반떼 (CN7),62,2000,62590,1598,5,5,2,0,1,1,1,1,1,1,1,1,1,1,0,0,0,0,0,0,1,0,0,0,0,1,0,0,0,1,0,1
41657091,쏘나타,쏘나타 (DN8),57,2940,18259,1598,5,4,2,1,1,1,1,1,1,1,1,1,1,1,0,0,0,0,0,0,1,0,0,0,0,1,0,0,0,1,0,1
41657129,쏘나타,쏘나타 (DN8),57,2050,27488,1999,5,5,4,0,1,1,1,1,1,1,1,1,1,1,0,0,0,0,0,0,1,0,0,0,0,1,0,0,0,1,0,1
41657382,그랜저,더 뉴 그랜저 IG,27,2780,66376,2497,5,4,3,0,1,1,1,1,1,1,1,1,1,1,0,0,0,0,0,0,1,0,0,0,0,0,1,0,0,1,0,1
41657567,그랜저,더 뉴 그랜저 IG,27,2930,26886,2497,5,4,0,0,1,1,1,1,1,1,1,1,1,1,0,0,0,0,0,0,1,0,0,0,0,1,0,0,0,1,0,1
41657897,캐스퍼,더 뉴 캐스퍼,88,2390,691,998,4,0,0,0,1,1,1,1,1,1,1,1,1,1,0,0,0,0,0,0,1,0,0,0,0,1,0,0,0,1,0,1
41658060,싼타페,싼타페 (MX5),56,3690,33390,1598,7,3,1,0,1,1,1,1,1,1,1,1,1,1,0,0,0,0,0,0,0,1,0,0,0,1,0,0,0,1,1,0
41658099,아반떼,더 뉴 아반떼 (CN7),62,2530,13761,1598,5,1,0,0,1,1,1,1,1,1,1,1,1,1,0,0,0,0,0,0,1,0,0,0,0,1,0,0,0,1,0,1
41658274,그랜저,더 뉴 그랜저 IG 하이브리드,27,9999,36002,2359,5,4,0,0,1,1,1,1,1,1,1,1,1,1,0,0,0,0,0,0,0,1,0,0,0,0,1,0,0,1,0,1
41658472,코나,코나 하이브리드 (SX2),91,3240,20015,1580,5,2,0,0,1,1,1,1,1,1,1,1,1,1,0,0,0,0,0,0,0,1,0,0,0,0,0,0,1,1,1,0
41658605,투싼,더 뉴 투싼 하이브리드 (NX4),101,3680,4616,1598,5,1,0,0,1,1,1,1,1,1,1,1,1,1,0,0,0,0,0,0,0,1,0,0,0,1,0,0,0,1,1,0
41658652,쏘나타,쏘나타 (DN8),57,2280,113914,1598,5,3,0,0,1,1,1,1,1,1,1,1,1,1,0,0,0,0,0,0,1,0,0,0,0,0,0,1,0,1,0,1
41658888,그랜저,더 뉴 그랜저 IG,27,2480,123330,2497,5,6,1,1,1,1,1,1,1,1,1,1,1,1,0,0,0,0,0,0,1,0,0,0,0,1,0,0,0,1,0,1
41658924,캐스퍼,캐스퍼,88,1760,27111,998,4,3,0,1,0,1,1,1,1,1,1,1,1,1,0,0,0,0,0,0,1,0,0,0,0,0,0,0,1,1,0,1
41659219,아반떼,더 뉴 아반떼 (CN7),62,1829,33733,1598,5,3,7,0,1,1,1,1,1,1,1,1,1,1,0,0,0,0,0,0,1,0,0,0,0,0,1,0,0,1,0,1
41659487,쏘나타,쏘나타 (DN8),57,2070,10375,1999,5,4,5,0,1,1,1,1,1,1,1,1,1,1,0,0,0,0,0,0,1,0,0,0,0,0,0,1,0,1,0,1
41659530,싼타페,더 뉴 싼타페,56,2320,85929,2151,5,6,3,0,1,1,1,1,1,1,1,1,1,1,0,0,0,0,0,0,0,0,1,0,0,0,0,1,0,1,1,0
41659532,팰리세이드,팰리세이드,107,2960,56187,3778,7,6,2,1,1,1,1,1,1,1,1,1,1,1,0,0,0,0,0,0,1,0,0,0,0,0,1,0,0,1,1,0
41659595,그랜저,그랜저 하이브리드 (GN7),27,3840,39677,1598,5,3,2,0,1,1,1,1,1,1,1,1,1,1,0,0,0,0,0,0,0,1,0,0,0,0,1,0,0,1,0,1
41659596,아반떼,더 뉴 아반떼 (CN7),62,2350,52763,1598,5,3,0,0,1,1,1,1,1,1,1,1,1,1,0,0,0,0,0,0,1,0,0,0,0,1,0,0,0,1,0,1
41659697,그랜저,그랜저 (GN7),27,3350,49053,2497,5,3,1,0,1,1,1,1,1,1,1,1,1,1,0,0,0,0,0,0,1,0,0,0,0,0,0,1,0,1,0,1
41659962,코나,코나 하이브리드 (SX2),91,3390,43339,1580,5,3,0,0,1,1,1,1,1,1,1,1,1,1,0,0,0,0,0,0,0,1,0,0,0,1,0,0,0,1,1,0
41659981,싼타페,싼타페 TM,56,2080,73280,1995,5,8,1,0,0,1,1,1,1,1,1,1,1,1,0,0,0,0,0,0,0,0,1,0,0,0,0,1,0,1,1,0
41660578,아반떼,아반떼 하이브리드 (CN7),62,2150,52345,1580,5,5,3,0,1,1,1,1,1,1,1,1,1,1,0,0,0,0,0,0,0,1,0,0,0,0,0,1,0,1,0,1
41660790,싼타페,더 뉴 싼타페,56,1730,217488,2151,5,6,5,0,1,1,1,1,1,1,1,1,1,1,0,0,0,0,0,0,0,0,1,0,0,0,1,0,0,1,1,0
41660813,팰리세이드,더 뉴 팰리세이드,107,3599,71772,3778,7,3,1,1,1,1,1,1,1,1,1,1,1,1,0,0,0,0,0,0,1,0,0,0,0,0,0,1,0,1,1,0
41660824,싼타페,싼타페 TM,56,1920,135883,1995,5,8,3,0,1,1,1,1,1,1,1,1,1,1,0,0,0,0,0,0,0,0,1,0,0,1,0,0,0,1,1,0
41660897,투싼,더 뉴 투싼 (NX4),101,3130,1881,1598,5,1,0,0,1,1,1,1,1,1,1,1,1,1,0,0,0,0,0,0,1,0,0,0,0,0,0,1,0,1,1,0
41661073,그랜저,더 뉴 그랜저 IG 하이브리드,27,3250,48697,2359,5,5,0,1,1,1,1,1,1,1,1,1,1,1,0,0,0,0,0,0,0,1,0,0,0,1,0,0,0,1,0,1
41661200,쏘나타,쏘나타 (DN8),57,2310,49203,1598,5,4,2,1,1,1,1,1,1,1,1,1,1,1,0,0,0,0,0,0,1,0,0,0,0,0,1,0,0,1,0,1
41661652,아반떼,아반떼 MD,62,9999,115495,1591,5,16,2,0,1,1,1,1,1,1,1,0,1,1,0,0,0,0,0,0,1,0,0,0,0,1,0,0,0,1,0,1
41661709,코나,코나 일렉트릭,91,2090,109005,180,5,6,0,1,1,1,1,1,1,1,1,1,1,1,0,0,0,0,0,0,0,0,0,1,0,1,0,0,0,1,1,0
41662094,싼타페,싼타페 TM,56,2490,110016,1995,5,8,2,1,1,1,1,1,1,1,1,1,1,1,0,0,0,0,0,0,0,0,1,0,0,1,0,0,0,1,1,0
41662309,그랜저,그랜저 (GN7),27,2355,118772,3470,5,2,4,0,1,1,1,1,1,1,1,1,1,1,0,0,0,0,0,1,0,0,0,0,0,1,0,0,0,1,0,1
41663173,스타리아,스타리아,51,4990,12503,2199,7,2,4,0,1,1,1,1,1,1,1,1,1,1,0,0,0,0,0,0,0,0,1,0,0,1,0,0,0,1,1,0
41663632,싼타페,싼타페 (MX5),56,4399,12000,1598,5,1,2,0,1,1,1,1,1,1,1,1,1,1,0,0,0,0,0,0,0,1,0,0,0,0,0,1,0,1,1,0
