매물ID,모델,모델_원본,모델_LE,현재가격_만원,주행거리_km,배기량_cc,좌석수,차량연령,사고강도점수,주요옵션_선루프,주요옵션_헤드램프 (LED),주요옵션_주차감지센서,주요옵션_후방카메라,주요옵션_자동에어컨,주요옵션_스마트키,주요옵션_내비게이션,주요옵션_열선시트,주요옵션_통풍시트,주요옵션_가죽시트,제조사_현대,제조사_기아,제조사_제네시스,제조사_KG모빌리티(쌍용),제조사_쉐보레(GM대우),제조사_르노코리아(삼성),연료_LPG,연료_가솔린,연료_하이브리드,연료_디젤,연료_전기,연료_수소,색상_흰색,색상_검정색,색상_은색,색상_기타,변속기_오토계열,차급_SUV계열,차급_세단계열
37424561,코란도,코란도 투리스모,92,750,118621,2157,5,10,6,0,0,1,1,1,1,0,1,0,1,0,0,0,1,0,0,0,0,0,1,0,0,0,1,0,0,1,1,0
38020327,티볼리,티볼리 에어,105,650,120313,1597,5,10,2,0,0,1,1,0,1,1,1,0,1,0,0,0,1,0,0,0,0,0,1,0,0,1,0,0,0,1,1,0
38261140,코란도,코란도 투리스모,92,650,82255,1998,5,12,5,1,0,1,1,1,1,1,1,0,1,0,0,0,1,0,0,0,0,0,1,0,0,1,0,0,0,1,1,0
38349931,렉스턴,G4 렉스턴,35,1670,93678,2157,5,9,11,1,1,1,1,1,1,1,1,1,1,0,0,0,1,0,0,0,0,0,1,0,0,0,1,0,0,1,1,0
38644690,코란도,뷰티풀 코란도,92,1499,72261,1597,5,7,2,0,1,1,1,0,1,1,1,1,1,0,0,0,1,0,0,0,0,0,1,0,0,0,1,0,0,1,1,0
39028073,코란도,뉴코란도 C,92,290,124234,1998,5,12,2,1,0,1,1,1,1,1,1,0,1,0,0,0,1,0,0,0,0,0,1,0,0,1,0,0,0,1,1,0
39125310,체어맨,뉴체어맨 W,84,449,177104,3199,5,13,1,0,0,1,1,1,1,1,1,0,1,0,0,0,1,0,0,0,1,0,0,0,0,0,1,0,0,1,0,1
39167777,렉스턴,G4 렉스턴,35,1299,148146,2157,5,9,3,1,1,1,1,0,1,1,1,1,1,0,0,0,1,0,0,0,0,0,1,0,0,0,1,0,0,1,1,0
39292378,코란도,코란도 스포츠,92,629,100948,1998,5,12,8,0,0,1,1,1,0,1,1,0,1,0,0,0,1,0,0,0,0,0,1,0,0,1,0,0,0,1,1,0
39356222,티볼리,티볼리 에어,105,888,77943,1597,5,7,14,0,1,1,1,1,1,1,1,1,1,0,0,0,1,0,0,0,1,0,0,0,0,0,0,0,1,1,1,0
39377547,코란도,코란도 투리스모,92,350,180525,1998,11,13,2,1,0,1,0,0,0,1,1,0,1,0,0,0,1,0,0,0,0,0,1,0,0,0,1,0,0,1,1,0
39377852,렉스턴,렉스턴 W,35,899,35819,1998,7,12,18,0,0,1,1,1,1,1,1,0,1,0,0,0,1,0,0,0,0,0,1,0,0,0,0,1,0,1,1,0
39388030,렉스턴,G4 렉스턴,35,1299,156944,2157,5,9,5,1,1,1,1,1,1,1,1,1,1,0,0,0,1,0,0,0,0,0,1,0,0,0,0,1,0,1,1,0
39416988,렉스턴,G4 렉스턴,35,1430,134684,2157,5,9,3,0,1,1,1,1,1,0,1,1,1,0,0,0,1,0,0,0,0,0,1,0,0,1,0,0,0,1,1,0
39437856,코란도,코란도 투리스모,92,590,109365,1998,11,12,13,0,0,1,1,0,1,1,1,0,1,0,0,0,1,0,0,0,0,0,1,0,0,1,0,0,0,1,1,0
39449942,티볼리,티볼리 에어,105,829,103763,1597,5,9,10,0,1,1,1,1,1,1,1,0,1,0,0,0,1,0,0,0,0,0,1,0,0,1,0,0,0,1,1,0
39543383,렉스턴,G4 렉스턴,35,1620,91358,2157,7,8,3,0,1,1,1,0,1,1,1,1,1,0,0,0,1,0,0,0,0,0,1,0,0,0,1,0,0,1,1,0
39563063,코란도,코란도 지프,92,515,197533,2238,5,32,1,0,0,0,0,0,0,0,0,0,1,0,0,0,1,0,0,0,0,0,1,0,0,0,0,1,0,0,1,0
39592858,티볼리,티볼리 아머,105,830,70297,1597,5,9,13,0,1,1,1,0,1,1,1,1,1,0,0,0,1,0,0,0,1,0,0,0,0,1,0,0,0,1,1,0
39604210,렉스턴,G4 렉스턴,35,1290,156346,2157,5,8,2,0,1,1,1,0,1,1,1,1,1,0,0,0,1,0,0,0,0,0,1,0,0,0,1,0,0,1,1,0
39625775,렉스턴,렉스턴 스포츠,35,1640,75439,2157,5,5,5,0,0,1,1,0,1,1,1,0,1,0,0,0,1,0,0,0,0,0,1,0,0,0,0,1,0,1,1,0
39655858,코란도,코란도 투리스모,92,800,98821,2157,9,10,1,0,1,1,1,1,1,1,1,0,1,0,0,0,1,0,0,0,0,0,1,0,0,1,0,0,0,1,1,0
39657112,렉스턴,G4 렉스턴,35,1240,163230,2157,5,9,2,0,1,1,1,1,1,0,1,1,1,0,0,0,1,0,0,0,0,0,1,0,0,1,0,0,0,1,1,0
39669472,코란도,코란도 투리스모,92,740,155970,2157,9,10,0,0,0,1,1,1,1,1,1,0,1,0,0,0,1,0,0,0,0,0,1,0,0,0,0,1,0,1,1,0
39707734,렉스턴,G4 렉스턴,35,1570,106373,2157,5,8,0,0,1,1,1,0,1,1,1,1,1,0,0,0,1,0,0,0,0,0,1,0,0,0,1,0,0,1,1,0
39786496,티볼리,티볼리 에어,105,660,168815,1597,5,8,4,0,0,1,1,0,1,1,1,0,1,0,0,0,1,0,0,0,0,0,1,0,0,1,0,0,0,1,1,0
39802588,티볼리,티볼리,105,800,98494,1597,5,10,5,0,0,1,1,1,1,1,1,0,1,0,0,0,1,0,0,0,1,0,0,0,0,0,0,1,0,1,1,0
39819505,코란도,뷰티풀 코란도,92,1640,37020,1497,5,6,4,0,0,1,1,1,1,1,1,1,1,0,0,0,1,0,0,0,1,0,0,0,0,0,1,0,0,1,1,0
39828342,티볼리,티볼리,105,699,173332,1597,5,11,2,1,1,1,1,1,1,1,1,1,1,0,0,0,1,0,0,0,1,0,0,0,0,1,0,0,0,1,1,0
39878430,티볼리,티볼리,105,800,68919,1597,5,10,13,0,0,1,1,0,1,1,1,1,1,0,0,0,1,0,0,0,1,0,0,0,0,1,0,0,0,1,1,0
39957139,티볼리,티볼리,105,720,120069,1597,5,11,12,1,0,1,1,1,1,1,1,0,1,0,0,0,1,0,0,0,1,0,0,0,0,1,0,0,0,1,1,0
40027972,렉스턴,렉스턴 스포츠,35,1090,37185,2157,5,8,2,0,0,1,1,0,0,0,1,0,1,0,0,0,1,0,0,0,0,0,1,0,0,0,0,0,1,0,1,0
40068361,티볼리,베리 뉴 티볼리,105,1420,30111,1497,5,6,1,0,0,1,1,0,1,1,1,0,1,0,0,0,1,0,0,0,1,0,0,0,0,1,0,0,0,1,1,0
40124244,렉스턴,G4 렉스턴,35,1699,47569,2157,5,8,0,0,1,1,1,0,1,1,1,1,1,0,0,0,1,0,0,0,0,0,1,0,0,0,0,0,1,1,1,0
40129001,티볼리,티볼리,105,699,77131,1597,5,11,4,0,0,1,1,0,1,1,1,0,1,0,0,0,1,0,0,0,0,0,1,0,0,0,0,1,0,1,1,0
40151235,코란도,코란도 C,92,330,171004,1998,5,14,11,0,0,1,1,1,1,1,1,0,1,0,0,0,1,0,0,0,0,0,1,0,0,0,0,1,0,1,1,0
40170064,코란도,뉴코란도,92,650,75694,2874,2,21,1,0,0,0,0,0,0,0,1,0,0,0,0,0,1,0,0,0,0,0,1,0,0,1,0,0,0,1,1,0
40194537,체어맨,체어맨 H 뉴 클래식,84,350,181941,2799,5,13,2,0,0,1,1,1,0,1,1,1,1,0,0,0,1,0,0,0,1,0,0,0,0,0,1,0,0,1,0,1
40194795,코란도,뉴코란도 C,92,390,177820,1998,5,12,8,0,0,1,1,1,1,0,1,0,1,0,0,0,1,0,0,0,0,0,1,0,0,0,0,0,1,1,1,0
40195283,렉스턴,렉스턴 W,35,420,177350,1998,7,13,2,1,0,1,1,1,1,1,1,0,1,0,0,0,1,0,0,0,0,0,1,0,0,0,1,0,0,1,1,0
40264494,코란도,코란도 투리스모,92,490,82853,1998,11,13,12,1,0,1,1,1,1,1,1,0,1,0,0,0,1,0,0,0,0,0,1,0,0,0,0,1,0,1,1,0
40272585,코란도,뷰티풀 코란도,92,1530,105069,1497,5,7,1,0,1,1,1,1,1,1,1,1,1,0,0,0,1,0,0,0,1,0,0,0,0,1,0,0,0,1,1,0
40272700,체어맨,뉴체어맨 W,84,999,99908,4966,5,12,12,0,1,1,1,1,1,1,1,1,1,0,0,0,1,0,0,0,1,0,0,0,0,0,1,0,0,1,0,1
40283175,티볼리,티볼리 에어,105,1320,13478,1597,5,9,4,1,1,1,1,1,1,1,1,1,1,0,0,0,1,0,0,0,1,0,0,0,0,1,0,0,0,1,1,0
40293825,티볼리,티볼리 아머,105,1090,97194,1597,5,7,6,0,1,1,1,0,1,1,1,1,1,0,0,0,1,0,0,0,1,0,0,0,0,1,0,0,0,1,1,0
40301885,티볼리,티볼리 아머,105,750,92033,1597,5,8,2,0,0,1,1,0,1,1,1,1,1,0,0,0,1,0,0,0,1,0,0,0,0,1,0,0,0,1,1,0
40315639,렉스턴,렉스턴 스포츠,35,1530,108833,2157,5,8,5,0,1,1,1,1,1,1,1,1,1,0,0,0,1,0,0,0,0,0,1,0,0,0,0,1,0,1,1,0
40340527,렉스턴,슈퍼 렉스턴,35,359,224829,1998,7,15,9,0,0,1,1,1,0,1,1,0,1,0,0,0,1,0,0,0,0,0,1,0,0,1,0,0,0,1,1,0
40382104,코란도,코란도 스포츠,92,620,184057,1998,5,11,2,0,0,1,1,1,1,1,1,0,1,0,0,0,1,0,0,0,0,0,1,0,0,0,0,1,0,1,1,0
40391671,코란도,더 뉴 코란도 스포츠,92,1080,84733,2157,5,9,0,0,0,1,1,1,0,0,1,0,1,0,0,0,1,0,0,0,0,0,1,0,0,0,0,0,1,0,1,0
40397674,코란도,코란도 스포츠,92,799,120591,1998,5,11,0,0,0,1,1,1,1,1,1,0,1,0,0,0,1,0,0,0,0,0,1,0,0,0,0,1,0,1,1,0
40419107,렉스턴,렉스턴 W,35,525,145325,1998,7,14,13,1,0,1,1,1,1,0,1,0,1,0,0,0,1,0,0,0,0,0,1,0,0,0,1,0,0,1,1,0
40437514,티볼리,티볼리 에어,105,1290,95911,1497,5,6,2,0,1,1,1,0,1,1,1,1,1,0,0,0,1,0,0,0,1,0,0,0,0,1,0,0,0,1,1,0
40457284,코란도,뷰티풀 코란도,92,1580,46218,1597,5,6,3,0,0,1,1,1,1,1,1,1,1,0,0,0,1,0,0,0,0,0,1,0,0,0,0,1,0,1,1,0
40485320,렉스턴,렉스턴 W,35,840,122254,2157,5,11,1,0,0,1,1,1,1,0,1,1,1,0,0,0,1,0,0,0,0,0,1,0,0,0,0,1,0,1,1,0
40488078,티볼리,티볼리,105,740,125183,1597,5,10,11,0,1,1,1,1,1,1,1,1,1,0,0,0,1,0,0,0,1,0,0,0,0,1,0,0,0,1,1,0
40512542,코란도,코란도 스포츠,92,750,109696,1998,5,12,5,0,0,1,1,0,0,0,1,0,1,0,0,0,1,0,0,0,0,0,1,0,0,0,0,1,0,1,1,0
40516152,코란도,뉴코란도 C,92,319,121479,1998,5,12,2,0,0,0,0,0,0,0,0,0,0,0,0,0,1,0,0,0,0,0,1,0,0,1,0,0,0,1,1,0
40520056,티볼리,티볼리 아머,105,890,98608,1597,5,8,12,0,0,1,1,0,1,1,1,0,1,0,0,0,1,0,0,0,1,0,0,0,0,1,0,0,0,1,1,0
40520809,코란도,더 뉴 코란도 스포츠,92,1050,128570,2157,5,9,4,0,0,1,1,0,1,1,1,0,1,0,0,0,1,0,0,0,0,0,1,0,0,0,0,1,0,1,1,0
40521853,티볼리,티볼리 에어,105,550,178551,1597,5,10,14,0,0,1,1,0,1,1,1,0,1,0,0,0,1,0,0,0,0,0,1,0,0,0,0,0,1,1,1,0
40525825,코란도,뉴코란도 C,92,640,81016,1998,5,12,6,1,0,1,1,1,1,1,1,1,1,0,0,0,1,0,0,0,0,0,1,0,0,1,0,0,0,1,1,0
40540736,렉스턴,G4 렉스턴,35,1199,147327,2157,5,8,1,0,0,1,1,1,1,1,1,1,1,0,0,0,1,0,0,0,0,0,1,0,0,1,0,0,0,1,1,0
40548528,코란도,코란도 투리스모,92,590,127885,2157,9,11,4,0,1,1,1,1,1,1,1,0,1,0,0,0,1,0,0,0,0,0,1,0,0,0,1,0,0,1,1,0
40554101,코란도,뉴코란도 C,92,280,142166,1998,5,12,2,0,0,1,1,1,1,1,1,1,1,0,0,0,1,0,0,0,0,0,1,0,0,1,0,0,0,1,1,0
40559460,티볼리,티볼리,105,890,53544,1597,5,10,0,0,0,1,1,1,1,1,1,0,1,0,0,0,1,0,0,0,1,0,0,0,0,0,0,0,1,1,1,0
40560952,티볼리,베리 뉴 티볼리,105,1350,67749,1497,5,5,0,0,0,1,1,0,1,1,1,0,1,0,0,0,1,0,0,0,1,0,0,0,0,1,0,0,0,1,1,0
40569218,코란도,더 뉴 코란도 스포츠,92,650,189078,2157,5,9,5,1,0,1,0,1,1,0,1,0,1,0,0,0,1,0,0,0,0,0,1,0,0,0,0,0,1,1,1,0
40575495,코란도,코란도 투리스모,92,480,136872,1998,11,12,10,0,0,1,1,0,0,1,1,0,1,0,0,0,1,0,0,0,0,0,1,0,0,0,0,0,1,1,1,0
40578546,렉스턴,더 뉴 렉스턴 스포츠,35,1590,133699,2157,5,4,4,0,0,1,1,0,1,0,1,1,1,0,0,0,1,0,0,0,0,0,1,0,0,0,0,1,0,1,1,0
40584460,티볼리,티볼리 아머,105,850,136732,1597,5,8,1,0,0,1,1,0,1,1,1,0,1,0,0,0,1,0,0,0,1,0,0,0,0,0,0,0,1,1,1,0
40598347,티볼리,베리 뉴 티볼리,105,1280,104781,1597,5,6,0,1,1,1,1,1,1,1,1,1,1,0,0,0,1,0,0,0,0,0,1,0,0,0,0,0,1,1,1,0
40606722,티볼리,티볼리,105,650,76739,1597,5,9,17,0,1,1,1,1,1,0,1,0,1,0,0,0,1,0,0,0,1,0,0,0,0,1,0,0,0,1,1,0
40608585,체어맨,뉴체어맨 W,84,460,85947,3199,5,15,18,0,0,1,1,1,1,1,1,1,1,0,0,0,1,0,0,0,1,0,0,0,0,0,1,0,0,1,0,1
40609217,코란도,코란도 C,92,275,109097,1998,5,15,6,0,0,1,0,1,1,0,1,0,1,0,0,0,1,0,0,0,0,0,1,0,0,0,0,1,0,1,1,0
40623292,티볼리,티볼리 에어,105,670,84066,1597,5,10,2,1,0,1,1,0,1,1,1,0,1,0,0,0,1,0,0,0,0,0,1,0,0,0,0,0,1,1,1,0
40626350,코란도,뷰티풀 코란도,92,1450,57339,1497,5,7,6,0,1,1,1,0,1,1,1,0,1,0,0,0,1,0,0,0,1,0,0,0,0,0,1,0,0,1,1,0
40642919,티볼리,티볼리,105,740,98804,1597,5,11,13,0,1,1,1,1,1,0,1,1,1,0,0,0,1,0,0,0,1,0,0,0,0,1,0,0,0,1,1,0
40643916,티볼리,티볼리 에어,105,680,157664,1597,5,10,14,0,0,1,1,0,1,1,1,0,1,0,0,0,1,0,0,0,0,0,1,0,0,0,0,0,1,1,1,0
40654447,티볼리,베리 뉴 티볼리,105,1350,63660,1497,5,5,2,0,0,0,0,0,0,0,0,0,0,0,0,0,1,0,0,0,1,0,0,0,0,1,0,0,0,1,1,0
40654488,코란도,코란도 C,92,420,100545,1998,5,13,23,0,0,1,1,1,1,1,1,0,1,0,0,0,1,0,0,0,0,0,1,0,0,1,0,0,0,1,1,0
40655382,코란도,뉴코란도 C,92,499,146872,1998,5,12,4,1,0,1,1,1,1,1,1,1,1,0,0,0,1,0,0,0,0,0,1,0,0,1,0,0,0,1,1,0
40668927,코란도,코란도 투리스모,92,850,106582,2157,7,10,3,1,1,1,1,1,1,1,1,0,1,0,0,0,1,0,0,0,0,0,1,0,0,0,0,1,0,1,1,0
40677325,티볼리,티볼리 에어,105,1230,130850,1497,5,6,0,1,0,1,1,0,1,1,1,1,1,0,0,0,1,0,0,0,1,0,0,0,0,1,0,0,0,1,1,0
40682382,티볼리,티볼리 아머,105,650,114061,1597,5,8,12,0,0,1,1,0,1,1,1,0,1,0,0,0,1,0,0,0,0,0,1,0,0,0,0,0,1,1,1,0
40691432,티볼리,티볼리 에어,105,1030,45533,1597,5,7,1,0,0,1,1,0,0,1,1,0,1,0,0,0,1,0,0,0,0,0,1,0,0,1,0,0,0,1,1,0
40704425,티볼리,티볼리 아머,105,560,191898,1597,5,8,11,0,0,1,1,0,1,1,1,0,1,0,0,0,1,0,0,0,0,0,1,0,0,0,1,0,0,1,1,0
40705215,티볼리,티볼리 아머,105,1090,76153,1597,5,8,11,0,1,1,1,0,1,1,1,1,1,0,0,0,1,0,0,0,1,0,0,0,0,0,0,1,0,1,1,0
40705471,티볼리,티볼리 아머,105,1180,49142,1597,5,7,4,0,1,1,1,0,1,1,1,1,1,0,0,0,1,0,0,0,1,0,0,0,0,1,0,0,0,1,1,0
40713453,코란도,뉴코란도 C,92,530,81583,1998,5,12,2,0,0,1,1,1,1,1,1,0,1,0,0,0,1,0,0,0,0,0,1,0,0,0,0,1,0,1,1,0
40715553,코란도,뉴코란도 C,92,475,130186,1998,5,12,5,1,0,1,1,1,1,1,1,1,1,0,0,0,1,0,0,0,0,0,1,0,0,0,0,0,1,1,1,0
40726046,티볼리,티볼리,105,600,130246,1597,5,11,0,0,0,1,1,0,1,0,1,0,1,0,0,0,1,0,0,0,0,0,1,0,0,1,0,0,0,1,1,0
40743913,티볼리,티볼리,105,680,89747,1597,5,10,2,0,0,1,1,0,1,1,1,1,1,0,0,0,1,0,0,0,0,0,1,0,0,1,0,0,0,1,1,0
40746012,코란도,코란도 투리스모,92,500,202741,1998,11,12,6,0,0,1,1,1,1,1,1,0,1,0,0,0,1,0,0,0,0,0,1,0,0,0,1,0,0,1,1,0
40749033,티볼리,티볼리 에어,105,680,134607,1597,5,10,6,0,1,1,1,1,1,1,1,0,1,0,0,0,1,0,0,0,0,0,1,0,0,0,0,0,1,1,1,0
40749131,코란도,코란도 투리스모,92,330,213178,1998,9,12,2,1,0,1,0,1,1,0,1,0,1,0,0,0,1,0,0,0,0,0,1,0,0,0,0,1,0,1,1,0
40756224,티볼리,티볼리 에어,105,930,84537,1597,5,8,2,0,0,1,1,0,0,1,1,0,1,0,0,0,1,0,0,0,0,0,1,0,0,1,0,0,0,1,1,0
40757472,티볼리,티볼리 아머,105,700,151103,1597,5,9,2,0,0,1,1,0,1,1,1,0,1,0,0,0,1,0,0,0,0,0,1,0,0,0,0,1,0,1,1,0
40759771,티볼리,티볼리,105,550,150417,1597,5,11,2,0,0,0,0,0,0,0,0,0,0,0,0,0,1,0,0,0,1,0,0,0,0,1,0,0,0,1,1,0
40760116,무쏘,뉴무쏘,44,1500,39522,3199,5,26,0,0,0,0,0,1,0,0,0,0,1,0,0,0,1,0,0,0,1,0,0,0,0,0,1,0,0,1,1,0
40774375,티볼리,베리 뉴 티볼리,105,1490,31849,1497,5,4,1,0,1,1,1,0,1,1,1,1,1,0,0,0,1,0,0,0,1,0,0,0,0,1,0,0,0,1,1,0
40782274,티볼리,티볼리 에어,105,820,77614,1597,5,8,2,0,0,1,1,0,1,1,1,0,1,0,0,0,1,0,0,0,0,0,1,0,0,0,0,0,1,1,1,0
40789032,티볼리,티볼리 에어,105,890,50054,1597,5,10,6,0,0,1,1,0,1,1,1,1,1,0,0,0,1,0,0,0,0,0,1,0,0,0,1,0,0,1,1,0
40789129,코란도,뷰티풀 코란도,92,1690,47196,1497,5,6,0,0,0,1,1,1,1,1,1,1,1,0,0,0,1,0,0,0,1,0,0,0,0,1,0,0,0,1,1,0
40801422,티볼리,티볼리 아머,105,899,64143,1597,5,7,4,0,0,1,1,0,1,1,1,0,1,0,0,0,1,0,0,0,0,0,1,0,0,1,0,0,0,1,1,0
40803066,티볼리,티볼리 에어,105,950,85934,1597,5,8,10,0,0,1,1,0,1,1,1,0,1,0,0,0,1,0,0,0,1,0,0,0,0,1,0,0,0,1,1,0
40803549,티볼리,티볼리 에어,105,920,49598,1597,5,9,9,1,1,1,1,1,1,1,1,0,1,0,0,0,1,0,0,0,1,0,0,0,0,0,0,0,1,1,1,0
40805159,렉스턴,렉스턴 스포츠 칸,35,1630,111452,2157,5,6,1,0,0,1,1,0,1,1,1,1,1,0,0,0,1,0,0,0,0,0,1,0,0,0,0,1,0,1,1,0
40817299,티볼리,티볼리 에어,105,500,153519,1597,5,10,10,0,0,1,1,0,1,1,1,0,1,0,0,0,1,0,0,0,0,0,1,0,0,0,1,0,0,1,1,0
40817678,티볼리,티볼리,105,790,52927,1597,5,10,3,0,0,1,1,0,1,0,1,1,1,0,0,0,1,0,0,0,0,0,1,0,0,0,0,1,0,1,1,0
40824454,티볼리,티볼리 에어,105,980,88965,1597,5,8,8,0,1,1,1,1,1,1,1,1,1,0,0,0,1,0,0,0,0,0,1,0,0,1,0,0,0,1,1,0
40833857,렉스턴,렉스턴 스포츠,35,1440,140821,2157,5,8,4,0,1,1,1,1,1,1,1,1,1,0,0,0,1,0,0,0,0,0,1,0,0,0,0,1,0,1,1,0
40835648,코란도,코란도 투리스모,92,650,141183,2157,9,10,8,1,1,1,1,1,1,1,1,0,1,0,0,0,1,0,0,0,0,0,1,0,0,0,1,0,0,1,1,0
40835734,티볼리,티볼리 아머,105,700,157694,1597,5,8,13,0,0,1,1,0,1,1,1,0,1,0,0,0,1,0,0,0,1,0,0,0,0,1,0,0,0,1,1,0
40835986,코란도,더 뉴 코란도 스포츠,92,1070,129000,2157,5,9,4,0,0,1,1,1,1,1,1,0,1,0,0,0,1,0,0,0,0,0,1,0,0,1,0,0,0,1,1,0
40837827,코란도,뷰티풀 코란도,92,1699,43064,1497,5,6,0,0,0,1,1,1,1,1,1,1,1,0,0,0,1,0,0,0,1,0,0,0,0,1,0,0,0,1,1,0
40838916,코란도,뉴코란도 C,92,398,202769,1998,5,12,4,1,0,1,1,1,1,0,1,0,1,0,0,0,1,0,0,0,0,0,1,0,0,0,0,1,0,1,1,0
40842813,티볼리,티볼리 아머,105,1070,66592,1597,5,9,0,0,1,1,1,0,1,1,1,1,1,0,0,0,1,0,0,0,1,0,0,0,0,0,0,0,1,1,1,0
40846730,코란도,코란도 스포츠,92,650,115997,1998,5,12,3,0,0,1,1,1,0,1,1,0,1,0,0,0,1,0,0,0,0,0,1,0,0,0,0,1,0,1,1,0
40849473,코란도,뉴코란도 C,92,300,137945,1998,5,12,16,0,0,1,1,1,1,1,1,1,1,0,0,0,1,0,0,0,0,0,1,0,0,0,0,1,0,1,1,0
40857106,티볼리,베리 뉴 티볼리,105,1640,44538,1497,5,4,1,1,1,1,1,0,1,1,1,1,1,0,0,0,1,0,0,0,1,0,0,0,0,1,0,0,0,1,1,0
40857481,코란도,코란도 스포츠,92,680,161414,1998,5,12,15,0,0,1,1,1,1,1,1,0,1,0,0,0,1,0,0,0,0,0,1,0,0,0,0,1,0,1,1,0
40862138,코란도,뷰티풀 코란도,92,1599,99953,1497,5,5,1,0,0,1,1,1,1,1,1,1,1,0,0,0,1,0,0,0,1,0,0,0,0,1,0,0,0,1,1,0
40865263,렉스턴,G4 렉스턴,35,1250,177131,2157,5,9,2,1,1,1,1,1,1,0,1,1,1,0,0,0,1,0,0,0,0,0,1,0,0,1,0,0,0,1,1,0
40871678,티볼리,티볼리 에어,105,670,96091,1597,5,10,8,1,0,1,1,0,1,1,1,0,1,0,0,0,1,0,0,0,0,0,1,0,0,0,0,1,0,1,1,0
40872899,렉스턴,렉스턴 스포츠,35,1320,123236,2157,5,7,0,0,0,1,1,0,1,1,1,0,1,0,0,0,1,0,0,0,0,0,1,0,0,0,0,1,0,1,1,0
40878353,코란도,더 뉴 코란도 스포츠,92,870,96134,2157,5,9,13,0,0,1,1,1,0,1,1,0,1,0,0,0,1,0,0,0,0,0,1,0,0,0,0,0,1,0,1,0
40879495,티볼리,티볼리 아머,105,1230,55281,1597,5,8,0,1,1,1,1,0,1,1,1,1,1,0,0,0,1,0,0,0,0,0,1,0,0,1,0,0,0,1,1,0
40880262,티볼리,티볼리 에어,105,600,168421,1597,5,8,4,0,0,1,1,0,1,1,1,0,1,0,0,0,1,0,0,0,0,0,1,0,0,1,0,0,0,1,1,0
40881407,코란도,코란도 투리스모,92,460,147031,1998,9,12,9,0,0,1,1,0,1,1,1,0,1,0,0,0,1,0,0,0,0,0,1,0,0,0,0,1,0,1,1,0
40884132,렉스턴,렉스턴 W,35,590,172144,1998,7,13,4,1,1,1,1,1,1,1,1,0,1,0,0,0,1,0,0,0,0,0,1,0,0,0,1,0,0,1,1,0
40884888,티볼리,티볼리 아머,105,1099,72365,1597,5,9,3,0,1,1,1,0,1,1,1,1,1,0,0,0,1,0,0,0,1,0,0,0,0,1,0,0,0,1,1,0
40885838,코란도,뷰티풀 코란도,92,1599,99953,1497,5,5,1,0,0,1,1,1,1,1,1,1,1,0,0,0,1,0,0,0,1,0,0,0,0,1,0,0,0,1,1,0
40886601,렉스턴,렉스턴 스포츠,35,1649,108641,2157,5,8,3,0,1,1,1,1,1,1,1,1,1,0,0,0,1,0,0,0,0,0,1,0,0,1,0,0,0,1,1,0
40888011,코란도,더 뉴 코란도 스포츠,92,1100,110155,2157,5,10,2,0,0,1,1,1,1,1,1,1,1,0,0,0,1,0,0,0,0,0,1,0,0,0,0,1,0,1,1,0
40890354,렉스턴,렉스턴 스포츠,35,1650,70007,2157,5,8,2,0,1,1,1,1,1,1,1,0,1,0,0,0,1,0,0,0,0,0,1,0,0,0,1,0,0,1,1,0
40893104,티볼리,티볼리 아머,105,600,168887,1597,5,8,7,0,0,1,1,0,1,1,1,0,1,0,0,0,1,0,0,0,0,0,1,0,0,1,0,0,0,1,1,0
40893171,티볼리,티볼리 아머,105,530,192021,1597,5,9,4,0,0,1,1,0,1,1,1,0,1,0,0,0,1,0,0,0,0,0,1,0,0,1,0,0,0,1,1,0
40894306,티볼리,베리 뉴 티볼리,105,1400,108947,1497,5,6,2,0,1,1,1,1,1,1,1,1,1,0,0,0,1,0,0,0,1,0,0,0,0,1,0,0,0,1,1,0
40902973,티볼리,베리 뉴 티볼리,105,1190,91549,1497,5,5,0,0,0,1,1,0,1,0,1,0,1,0,0,0,1,0,0,0,1,0,0,0,0,0,0,1,0,1,1,0
40903328,코란도,뷰티풀 코란도,92,1550,35323,1497,5,6,2,0,0,1,1,1,1,1,1,1,1,0,0,0,1,0,0,0,1,0,0,0,0,1,0,0,0,1,1,0
40920330,렉스턴,G4 렉스턴,35,1300,117569,2157,5,8,14,0,1,1,1,0,1,1,1,1,1,0,0,0,1,0,0,0,0,0,1,0,0,0,1,0,0,1,1,0
40923721,티볼리,티볼리,105,830,105531,1597,5,10,0,0,1,1,1,1,1,1,1,0,1,0,0,0,1,0,0,0,1,0,0,0,0,1,0,0,0,1,1,0
40925201,티볼리,베리 뉴 티볼리,105,1340,31162,1497,5,5,6,0,0,1,1,0,1,1,1,1,1,0,0,0,1,0,0,0,1,0,0,0,0,1,0,0,0,1,1,0
40929367,코란도,코란도 투리스모,92,610,119860,1998,9,11,3,0,0,1,1,1,1,1,1,0,1,0,0,0,1,0,0,0,0,0,1,0,0,1,0,0,0,1,1,0
40936840,티볼리,티볼리,105,670,126753,1597,5,10,8,0,1,1,1,1,1,1,1,1,1,0,0,0,1,0,0,0,1,0,0,0,0,0,0,0,1,1,1,0
40941683,티볼리,티볼리,105,990,64504,1597,5,10,4,0,1,1,1,1,1,1,1,1,1,0,0,0,1,0,0,0,1,0,0,0,0,0,0,0,1,1,1,0
40943475,코란도,코란도 스포츠,92,490,130260,1998,5,13,5,0,0,1,1,0,0,0,1,0,1,0,0,0,1,0,0,0,0,0,1,0,0,0,0,1,0,1,1,0
40944798,티볼리,티볼리,105,830,84690,1597,5,11,2,0,0,1,1,0,1,1,1,0,1,0,0,0,1,0,0,0,0,0,1,0,0,1,0,0,0,1,1,0
40945496,렉스턴,렉스턴 스포츠,35,1260,111944,2157,5,8,2,0,0,0,0,0,0,0,0,0,0,0,0,0,1,0,0,0,0,0,1,0,0,0,0,1,0,1,1,0
40952170,티볼리,베리 뉴 티볼리,105,1150,105466,1497,5,6,6,0,0,1,1,0,1,1,1,0,1,0,0,0,1,0,0,0,1,0,0,0,0,1,0,0,0,1,1,0
40958567,코란도,뷰티풀 코란도,92,1449,79349,1497,5,4,5,0,0,1,1,1,1,1,1,0,1,0,0,0,1,0,0,0,1,0,0,0,0,1,0,0,0,1,1,0
40961586,렉스턴,렉스턴 W,35,690,102463,2157,5,11,19,0,1,1,1,1,1,1,1,1,1,0,0,0,1,0,0,0,0,0,1,0,0,1,0,0,0,1,1,0
40962001,코란도,코란도 투리스모,92,870,99871,2157,9,10,0,1,0,1,1,1,1,0,1,0,1,0,0,0,1,0,0,0,0,0,1,0,0,0,0,1,0,1,1,0
40962874,코란도,뉴 스타일 코란도 C,92,900,99995,2157,5,9,6,0,1,1,1,1,1,1,1,1,1,0,0,0,1,0,0,0,0,0,1,0,0,1,0,0,0,1,1,0
40963767,렉스턴,슈퍼 렉스턴,35,299,106414,1998,7,15,9,1,0,1,1,1,0,0,1,0,1,0,0,0,1,0,0,0,0,0,1,0,0,0,1,0,0,1,1,0
40964650,티볼리,티볼리 에어,105,630,120048,1597,5,10,1,0,0,1,1,0,1,1,1,0,1,0,0,0,1,0,0,0,0,0,1,0,0,1,0,0,0,1,1,0
40967410,티볼리,티볼리 아머,105,770,111059,1597,5,9,9,0,0,1,1,0,1,1,1,0,1,0,0,0,1,0,0,0,0,0,1,0,0,1,0,0,0,1,1,0
40969196,코란도,뉴 스타일 코란도 C,92,780,65514,2157,5,8,12,0,0,1,1,0,1,1,1,1,1,0,0,0,1,0,0,0,0,0,1,0,0,1,0,0,0,1,1,0
40971122,티볼리,베리 뉴 티볼리,105,1530,53959,1497,5,4,2,0,0,0,0,0,0,0,0,0,0,0,0,0,1,0,0,0,1,0,0,0,0,1,0,0,0,1,1,0
40971198,티볼리,티볼리 에어,105,590,150259,1597,5,8,0,0,0,1,1,0,1,1,1,0,1,0,0,0,1,0,0,0,1,0,0,0,0,0,0,0,1,1,1,0
40972963,렉스턴,G4 렉스턴,35,1680,102448,2157,5,9,1,1,1,1,1,1,1,1,1,1,1,0,0,0,1,0,0,0,0,0,1,0,0,0,0,1,0,1,1,0
40976543,렉스턴,G4 렉스턴,35,1499,74056,2157,5,8,5,0,1,1,1,0,1,1,1,1,1,0,0,0,1,0,0,0,0,0,1,0,0,0,0,1,0,1,1,0
40976821,코란도,뷰티풀 코란도,92,1650,35140,1497,5,5,1,0,0,1,1,1,1,1,1,1,1,0,0,0,1,0,0,0,1,0,0,0,0,1,0,0,0,1,1,0
40977405,티볼리,티볼리 아머,105,1130,46903,1597,5,9,1,0,1,1,1,0,1,1,1,1,1,0,0,0,1,0,0,0,1,0,0,0,0,0,0,0,1,1,1,0
40977631,체어맨,뉴체어맨 W,84,519,137696,3598,5,15,19,0,1,1,1,1,1,1,1,1,1,0,0,0,1,0,0,0,1,0,0,0,0,0,1,0,0,1,0,1
40985285,티볼리,티볼리,105,699,90814,1597,5,10,7,0,0,1,1,0,1,1,1,0,1,0,0,0,1,0,0,0,1,0,0,0,0,1,0,0,0,1,1,0
40990045,코란도,뉴코란도 C,92,320,165884,1998,5,13,7,1,0,1,0,1,1,0,1,1,1,0,0,0,1,0,0,0,0,0,1,0,0,1,0,0,0,1,1,0
40992422,코란도,더 뉴 코란도 스포츠,92,890,136514,2157,5,9,2,0,0,1,1,1,1,0,1,1,1,0,0,0,1,0,0,0,0,0,1,0,0,1,0,0,0,1,1,0
40992692,렉스턴,G4 렉스턴,35,1480,96397,2157,5,9,2,0,0,1,1,1,1,0,1,1,1,0,0,0,1,0,0,0,0,0,1,0,0,0,1,0,0,1,1,0
40993124,티볼리,티볼리,105,539,137476,1597,5,11,4,0,0,1,1,0,0,1,0,0,1,0,0,0,1,0,0,0,1,0,0,0,0,0,0,0,1,1,1,0
40994193,티볼리,티볼리,105,489,166471,1597,5,11,16,1,0,1,1,1,1,1,1,1,1,0,0,0,1,0,0,0,1,0,0,0,0,1,0,0,0,1,1,0
40999001,티볼리,베리 뉴 티볼리,105,1340,55650,1497,5,6,2,0,0,1,1,0,1,0,1,0,1,0,0,0,1,0,0,0,1,0,0,0,0,1,0,0,0,1,1,0
40999401,렉스턴,렉스턴 스포츠,35,1240,136017,2157,5,8,7,0,0,1,1,0,1,1,1,0,1,0,0,0,1,0,0,0,0,0,1,0,0,0,0,1,0,1,1,0
40999417,코란도,뉴코란도 C,92,290,189609,1998,5,12,2,0,0,1,1,1,1,1,1,1,1,0,0,0,1,0,0,0,0,0,1,0,0,1,0,0,0,1,1,0
41000246,코란도,더 뉴 코란도 스포츠,92,850,112975,2157,5,9,5,0,0,1,1,1,0,1,1,0,1,0,0,0,1,0,0,0,0,0,1,0,0,0,0,0,1,0,1,0
41004028,티볼리,티볼리,105,530,61240,1597,5,10,13,0,0,1,0,0,1,0,1,0,1,0,0,0,1,0,0,0,1,0,0,0,0,0,1,0,0,1,1,0
41004224,티볼리,티볼리 에어,105,850,94164,1597,5,10,11,1,1,1,1,1,1,1,1,1,1,0,0,0,1,0,0,0,1,0,0,0,0,0,0,0,1,1,1,0
41005382,코란도,코란도 투리스모,92,490,124400,1998,11,11,0,0,1,1,1,1,1,0,1,0,1,0,0,0,1,0,0,0,0,0,1,0,0,0,0,1,0,1,1,0
41006831,코란도,코란도 C,92,380,131813,1998,5,13,2,0,0,1,0,1,0,0,1,0,0,0,0,0,1,0,0,0,0,0,1,0,0,0,1,0,0,1,1,0
41008562,코란도,뷰티풀 코란도,92,1550,81762,1497,5,4,0,0,1,1,1,1,1,1,1,1,1,0,0,0,1,0,0,0,1,0,0,0,0,0,1,0,0,1,1,0
41008944,티볼리,티볼리 아머,105,1350,59252,1597,5,7,2,0,0,0,0,0,0,0,0,0,0,0,0,0,1,0,0,0,1,0,0,0,0,0,1,0,0,1,1,0
41014862,티볼리,티볼리 에어,105,940,57594,1597,5,10,3,0,1,1,1,1,1,1,1,0,1,0,0,0,1,0,0,0,0,0,1,0,0,0,1,0,0,1,1,0
41016769,렉스턴,렉스턴 W,35,870,103818,1998,7,11,2,0,0,0,0,0,0,0,0,0,0,0,0,0,1,0,0,0,0,0,1,0,0,1,0,0,0,1,1,0
41016917,렉스턴,렉스턴 스포츠 칸,35,1690,125695,2157,5,6,12,0,1,1,1,0,1,1,1,1,1,0,0,0,1,0,0,0,0,0,1,0,0,0,0,0,1,1,1,0
41018079,티볼리,베리 뉴 티볼리,105,1390,60954,1497,5,6,6,0,0,1,1,1,1,1,1,1,1,0,0,0,1,0,0,0,1,0,0,0,0,1,0,0,0,1,1,0
41018716,티볼리,티볼리 아머,105,1080,51224,1597,5,8,0,0,0,1,1,0,1,1,1,0,1,0,0,0,1,0,0,0,1,0,0,0,0,0,0,0,1,1,1,0
41020904,코란도,뷰티풀 코란도,92,1449,87801,1497,5,5,11,0,0,1,1,1,1,1,1,1,1,0,0,0,1,0,0,0,1,0,0,0,0,0,0,0,1,1,1,0
41021905,렉스턴,G4 렉스턴,35,1599,104295,2157,5,7,4,0,1,1,1,0,1,1,1,1,1,0,0,0,1,0,0,0,0,0,1,0,0,1,0,0,0,1,1,0
41026798,코란도,뷰티풀 코란도,92,1670,83807,1497,5,6,4,0,0,1,1,1,1,1,1,0,1,0,0,0,1,0,0,0,1,0,0,0,0,1,0,0,0,1,1,0
41030729,티볼리,티볼리 에어,105,1150,63831,1597,5,9,4,0,0,1,0,0,1,0,1,1,1,0,0,0,1,0,0,0,1,0,0,0,0,1,0,0,0,1,1,0
41031849,티볼리,티볼리 아머,105,760,78724,1597,5,9,26,0,0,0,1,0,1,1,1,0,1,0,0,0,1,0,0,0,1,0,0,0,0,0,0,0,1,1,1,0
41032245,티볼리,티볼리 에어,105,539,170032,1597,5,9,4,0,0,0,1,0,0,1,1,0,1,0,0,0,1,0,0,0,0,0,1,0,0,1,0,0,0,1,1,0
41032506,티볼리,티볼리,105,700,154989,1597,5,11,1,1,0,1,1,0,1,0,1,0,1,0,0,0,1,0,0,0,0,0,1,0,0,0,0,0,1,1,1,0
41032664,티볼리,더 뉴 티볼리,105,1690,14853,1597,5,3,0,0,0,1,1,0,0,0,0,0,0,0,0,0,1,0,0,0,1,0,0,0,0,0,1,0,0,1,1,0
41033737,티볼리,베리 뉴 티볼리,105,1420,83956,1497,5,6,2,0,0,1,1,1,1,1,1,1,1,0,0,0,1,0,0,0,1,0,0,0,0,0,0,0,1,1,1,0
41037733,티볼리,베리 뉴 티볼리,105,1599,26614,1497,5,6,0,0,1,1,1,0,1,1,1,1,1,0,0,0,1,0,0,0,1,0,0,0,0,1,0,0,0,1,1,0
41038300,코란도,뉴코란도 C,92,549,87038,1998,5,12,16,1,0,1,1,1,1,0,1,0,1,0,0,0,1,0,0,0,0,0,1,0,0,1,0,0,0,1,1,0
41038541,티볼리,베리 뉴 티볼리,105,1320,70636,1497,5,6,5,0,0,1,1,1,1,1,1,1,1,0,0,0,1,0,0,0,1,0,0,0,0,0,0,0,1,1,1,0
41039475,코란도,뷰티풀 코란도,92,1460,26794,1597,5,6,10,0,1,1,1,0,1,1,1,1,1,0,0,0,1,0,0,0,0,0,1,0,0,1,0,0,0,1,1,0
41041849,티볼리,베리 뉴 티볼리,105,1099,102849,1497,5,7,2,0,1,1,1,0,1,1,1,1,1,0,0,0,1,0,0,0,1,0,0,0,0,0,0,0,1,1,1,0
41044476,코란도,코란도 스포츠,92,460,161188,1998,5,14,4,0,0,1,0,1,0,0,1,0,1,0,0,0,1,0,0,0,0,0,1,0,0,0,0,1,0,1,1,0
41045132,코란도,뉴코란도 C,92,680,95822,1998,5,12,0,0,0,1,1,1,1,1,1,1,1,0,0,0,1,0,0,0,0,0,1,0,0,0,0,1,0,1,1,0
41046613,티볼리,티볼리 에어,105,680,116423,1597,5,9,6,1,1,1,1,1,1,1,1,1,1,0,0,0,1,0,0,0,0,0,1,0,0,1,0,0,0,1,1,0
41053851,티볼리,티볼리,105,700,77200,1597,5,11,2,0,0,1,1,0,1,1,1,0,1,0,0,0,1,0,0,0,0,0,1,0,0,1,0,0,0,1,1,0
41055280,코란도,코란도 스포츠,92,730,65811,1998,5,11,1,0,0,1,1,0,0,1,1,0,1,0,0,0,1,0,0,0,0,0,1,0,0,0,0,1,0,1,1,0
41055850,티볼리,티볼리 에어,105,1170,70772,1597,5,10,0,0,1,1,1,1,1,1,1,1,1,0,0,0,1,0,0,0,0,0,1,0,0,1,0,0,0,1,1,0
41058175,티볼리,티볼리,105,470,180532,1597,5,11,16,0,0,1,1,0,1,1,1,0,1,0,0,0,1,0,0,0,0,0,1,0,0,1,0,0,0,1,1,0
41058816,티볼리,티볼리 에어,105,1660,47425,1497,5,4,0,0,0,1,1,1,1,1,1,1,1,0,0,0,1,0,0,0,1,0,0,0,0,0,0,0,1,1,1,0
41060559,코란도,코란도 투리스모,92,650,168754,2157,9,10,6,0,1,1,1,1,1,0,1,0,1,0,0,0,1,0,0,0,0,0,1,0,0,1,0,0,0,1,1,0
41060860,티볼리,티볼리 에어,105,730,127547,1597,5,10,1,0,0,1,1,0,1,0,1,0,1,0,0,0,1,0,0,0,0,0,1,0,0,0,0,0,1,1,1,0
41061235,티볼리,베리 뉴 티볼리,105,1590,52124,1497,5,6,0,0,1,1,1,1,1,1,1,1,1,0,0,0,1,0,0,0,1,0,0,0,0,1,0,0,0,1,1,0
41062407,티볼리,티볼리 에어,105,1190,91741,1497,5,5,0,0,0,1,1,0,0,1,0,0,0,0,0,0,1,0,0,0,1,0,0,0,0,1,0,0,0,1,1,0
41065320,티볼리,베리 뉴 티볼리,105,1320,89183,1497,5,6,4,0,0,1,1,0,1,1,1,1,1,0,0,0,1,0,0,0,1,0,0,0,0,0,0,0,1,1,1,0
41065467,티볼리,베리 뉴 티볼리,105,1080,81934,1497,5,6,2,0,0,0,0,0,0,0,0,0,0,0,0,0,1,0,0,0,1,0,0,0,0,0,0,0,1,1,1,0
41067747,티볼리,베리 뉴 티볼리,105,1300,39229,1497,5,5,1,0,0,1,1,0,0,0,0,0,0,0,0,0,1,0,0,0,1,0,0,0,0,0,0,0,1,1,1,0
41069289,티볼리,티볼리 아머,105,1030,46699,1597,5,8,10,1,0,1,1,0,1,1,1,1,1,0,0,0,1,0,0,0,1,0,0,0,0,0,0,0,1,1,1,0
41077168,티볼리,티볼리,105,830,106739,1597,5,10,3,0,0,1,1,0,1,1,1,0,1,0,0,0,1,0,0,0,1,0,0,0,0,1,0,0,0,1,1,0
41077773,렉스턴,더 뉴 렉스턴 스포츠,35,1680,147973,2157,5,5,0,0,1,1,1,1,1,1,1,1,1,0,0,0,1,0,0,0,0,0,1,0,0,1,0,0,0,1,1,0
41082100,티볼리,티볼리 에어,105,970,47125,1597,5,9,0,1,0,1,1,0,1,1,1,0,1,0,0,0,1,0,0,0,0,0,1,0,0,0,0,0,1,1,1,0
41085561,티볼리,티볼리,105,700,135879,1597,5,10,10,1,1,1,1,1,1,0,1,1,1,0,0,0,1,0,0,0,1,0,0,0,0,0,0,1,0,1,1,0
41092925,티볼리,티볼리 아머,105,999,69857,1597,5,8,2,0,1,0,1,0,1,1,1,0,1,0,0,0,1,0,0,0,0,0,1,0,0,0,0,0,1,1,1,0
41093612,티볼리,티볼리 아머,105,910,119278,1597,5,9,12,0,1,1,1,1,1,1,1,1,1,0,0,0,1,0,0,0,0,0,1,0,0,1,0,0,0,1,1,0
41093649,코란도,뉴코란도 C,92,380,186953,1998,5,12,1,1,0,1,1,1,1,1,1,0,1,0,0,0,1,0,0,0,0,0,1,0,0,1,0,0,0,1,1,0
41093844,코란도,뉴코란도 C,92,380,94368,2157,5,11,2,0,0,0,0,0,0,0,0,0,0,0,0,0,1,0,0,0,0,0,1,0,0,0,1,0,0,1,1,0
41098395,티볼리,베리 뉴 티볼리,105,1490,88714,1497,5,4,0,0,1,1,1,1,1,1,1,1,1,0,0,0,1,0,0,0,1,0,0,0,0,1,0,0,0,1,1,0
41099365,티볼리,티볼리 에어,105,1450,19739,1497,5,5,2,0,0,1,1,0,1,1,1,0,1,0,0,0,1,0,0,0,1,0,0,0,0,1,0,0,0,1,1,0
41099580,티볼리,티볼리 아머,105,1120,117258,1597,5,7,1,0,1,1,1,0,1,0,1,1,1,0,0,0,1,0,0,0,1,0,0,0,0,1,0,0,0,1,1,0
41100550,렉스턴,G4 렉스턴,35,1090,211590,2157,5,9,2,1,1,1,1,1,1,1,1,1,1,0,0,0,1,0,0,0,0,0,1,0,0,0,0,1,0,1,1,0
41104442,코란도,뉴코란도 C,92,475,102232,1998,5,12,6,0,1,1,1,1,1,0,1,1,1,0,0,0,1,0,0,0,0,0,1,0,0,1,0,0,0,1,1,0
41104461,티볼리,베리 뉴 티볼리,105,1390,76048,1497,5,5,2,0,0,1,1,0,1,0,1,0,1,0,0,0,1,0,0,0,1,0,0,0,0,1,0,0,0,1,1,0
41106264,티볼리,티볼리 에어,105,990,71060,1597,5,8,5,1,1,1,1,0,1,0,1,0,1,0,0,0,1,0,0,0,1,0,0,0,0,0,1,0,0,1,1,0
41106989,티볼리,베리 뉴 티볼리,105,1280,109208,1497,5,7,0,0,1,1,1,0,1,1,1,1,1,0,0,0,1,0,0,0,1,0,0,0,0,1,0,0,0,1,1,0
41107459,티볼리,티볼리 에어,105,1150,34981,1597,5,10,10,0,1,1,1,1,1,1,1,0,1,0,0,0,1,0,0,0,1,0,0,0,0,1,0,0,0,1,1,0
41111324,티볼리,베리 뉴 티볼리,105,1350,36497,1497,5,7,0,0,0,1,0,0,0,1,1,1,1,0,0,0,1,0,0,0,1,0,0,0,0,0,1,0,0,1,1,0
41111619,코란도,뉴코란도 C,92,430,140204,1998,5,11,3,1,0,1,0,1,1,0,1,0,1,0,0,0,1,0,0,0,0,0,1,0,0,1,0,0,0,1,1,0
41112615,티볼리,티볼리,105,910,71265,1597,5,11,5,0,0,1,1,1,1,0,1,1,1,0,0,0,1,0,0,0,1,0,0,0,0,1,0,0,0,1,1,0
41112678,코란도,뷰티풀 코란도,92,1340,71300,1497,5,6,2,0,0,1,1,1,1,0,1,1,1,0,0,0,1,0,0,0,1,0,0,0,0,0,1,0,0,1,1,0
41116747,티볼리,베리 뉴 티볼리,105,1050,24533,1497,5,5,14,0,0,1,0,0,0,0,0,0,0,0,0,0,1,0,0,0,1,0,0,0,0,0,0,1,0,1,1,0
41119609,티볼리,베리 뉴 티볼리,105,1100,95590,1497,5,7,2,0,0,1,1,0,1,0,1,0,1,0,0,0,1,0,0,0,1,0,0,0,0,1,0,0,0,1,1,0
41120111,코란도,뉴코란도 C,92,250,249579,1998,5,12,4,0,0,1,1,1,0,1,1,0,1,0,0,0,1,0,0,0,0,0,1,0,0,1,0,0,0,0,1,0
41120566,티볼리,티볼리,105,870,81447,1597,5,11,1,1,1,1,1,1,1,1,1,1,1,0,0,0,1,0,0,0,0,0,1,0,0,1,0,0,0,1,1,0
41120765,코란도,뷰티풀 코란도,92,1690,70028,1497,5,4,0,0,1,1,1,1,1,1,1,1,1,0,0,0,1,0,0,0,1,0,0,0,0,0,1,0,0,1,1,0
41120994,티볼리,티볼리,105,890,69909,1597,5,10,3,0,1,1,1,1,1,1,1,1,1,0,0,0,1,0,0,0,1,0,0,0,0,1,0,0,0,1,1,0
41121085,티볼리,티볼리 에어,105,899,84511,1597,5,10,14,1,1,1,1,1,1,1,1,1,1,0,0,0,1,0,0,0,0,0,1,0,0,1,0,0,0,1,1,0
41121239,티볼리,베리 뉴 티볼리,105,1590,71902,1497,5,4,1,0,1,1,1,1,1,1,1,1,1,0,0,0,1,0,0,0,1,0,0,0,0,1,0,0,0,1,1,0
41122826,렉스턴,G4 렉스턴,35,1490,134005,2157,5,9,0,0,1,1,1,1,1,1,1,1,1,0,0,0,1,0,0,0,0,0,1,0,0,0,1,0,0,1,1,0
41128667,티볼리,티볼리 에어,105,510,73415,1597,5,10,26,0,1,1,1,0,1,1,1,1,1,0,0,0,1,0,0,0,0,0,1,0,0,0,0,1,0,1,1,0
41132081,렉스턴,렉스턴 스포츠,35,1530,87286,2157,5,8,4,0,0,1,1,1,1,1,1,0,1,0,0,0,1,0,0,0,0,0,1,0,0,0,0,1,0,1,1,0
41133324,렉스턴,렉스턴 스포츠,35,1419,116562,2157,5,8,8,0,0,1,1,1,1,1,1,0,1,0,0,0,1,0,0,0,0,0,1,0,0,1,0,0,0,1,1,0
41133611,티볼리,티볼리,105,930,54140,1597,5,11,1,0,0,1,1,1,1,1,1,0,1,0,0,0,1,0,0,0,1,0,0,0,0,1,0,0,0,1,1,0
41135116,티볼리,티볼리 에어,105,539,162646,1597,5,10,2,1,0,1,1,0,1,1,1,0,1,0,0,0,1,0,0,0,0,0,1,0,0,1,0,0,0,1,1,0
41135417,코란도,뉴코란도 C,92,480,150224,1998,5,11,3,0,1,1,1,1,1,1,1,1,1,0,0,0,1,0,0,0,0,0,1,0,0,0,1,0,0,1,1,0
41137151,렉스턴,렉스턴 스포츠,35,1320,157518,2157,5,8,3,1,1,1,1,1,1,0,1,1,1,0,0,0,1,0,0,0,0,0,1,0,0,0,1,0,0,1,1,0
41137884,티볼리,티볼리 아머,105,990,36703,1597,5,7,18,1,0,1,0,0,1,1,1,0,1,0,0,0,1,0,0,0,1,0,0,0,0,0,0,0,1,1,1,0
41138137,렉스턴,렉스턴 스포츠,35,1640,67150,2157,5,7,1,0,1,1,1,1,1,1,1,1,1,0,0,0,1,0,0,0,0,0,1,0,0,0,0,1,0,1,1,0
41138378,티볼리,베리 뉴 티볼리,105,950,61647,1497,5,7,2,0,0,1,1,0,0,0,0,0,0,0,0,0,1,0,0,0,1,0,0,0,0,0,0,0,1,1,1,0
41140554,체어맨,체어맨 H 뉴 클래식,84,399,72006,2799,5,15,2,0,0,0,0,0,0,0,0,0,0,0,0,0,1,0,0,0,1,0,0,0,0,0,1,0,0,1,0,1
41145167,코란도,뷰티풀 코란도,92,1399,49941,1497,5,6,7,0,0,1,1,0,1,1,1,0,1,0,0,0,1,0,0,0,1,0,0,0,0,1,0,0,0,1,1,0
41146039,렉스턴,렉스턴 스포츠,35,1650,74321,2157,5,7,0,0,0,1,1,0,1,0,1,0,1,0,0,0,1,0,0,0,0,0,1,0,0,1,0,0,0,1,1,0
41147283,티볼리,베리 뉴 티볼리,105,1550,59176,1497,5,7,1,0,1,1,1,1,1,1,1,1,1,0,0,0,1,0,0,0,1,0,0,0,0,1,0,0,0,1,1,0
41147794,티볼리,베리 뉴 티볼리,105,1120,93468,1497,5,5,6,0,0,1,1,0,1,0,1,0,1,0,0,0,1,0,0,0,1,0,0,0,0,0,0,1,0,1,1,0
41148858,코란도,뉴코란도 C,92,429,154648,1998,5,13,2,1,0,1,1,1,1,1,1,1,1,0,0,0,1,0,0,0,0,0,1,0,0,1,0,0,0,1,1,0
41151388,티볼리,티볼리 에어,105,1130,38988,1597,5,9,3,0,0,1,1,0,1,1,1,0,1,0,0,0,1,0,0,0,1,0,0,0,0,1,0,0,0,1,1,0
41154849,코란도,코란도 C,92,280,176821,1998,5,14,2,1,0,1,1,0,0,1,1,0,1,0,0,0,1,0,0,0,0,0,1,0,0,1,0,0,0,0,1,0
41155037,티볼리,티볼리 에어,105,890,122405,1597,5,10,9,0,0,1,1,0,1,1,1,0,1,0,0,0,1,0,0,0,0,0,1,0,0,1,0,0,0,1,1,0
41155609,렉스턴,렉스턴 스포츠,35,1200,182562,2157,5,8,1,0,0,1,1,0,1,1,1,0,1,0,0,0,1,0,0,0,0,0,1,0,0,0,0,1,0,1,1,0
41157175,코란도,코란도 스포츠,92,600,212050,1998,5,11,7,0,0,1,1,0,0,0,1,0,1,0,0,0,1,0,0,0,0,0,1,0,0,0,0,1,0,1,1,0
41158665,렉스턴,렉스턴 스포츠,35,1650,111597,2157,5,8,4,0,1,1,1,1,1,1,1,1,1,0,0,0,1,0,0,0,0,0,1,0,0,1,0,0,0,1,1,0
41159381,티볼리,베리 뉴 티볼리,105,1550,62391,1497,5,4,5,0,1,1,1,1,1,1,1,1,1,0,0,0,1,0,0,0,1,0,0,0,0,1,0,0,0,1,1,0
41164658,렉스턴,렉스턴 스포츠,35,1290,188534,2157,5,7,2,0,0,1,1,0,1,1,1,0,1,0,0,0,1,0,0,0,0,0,1,0,0,0,0,1,0,1,1,0
41164953,티볼리,티볼리 에어,105,779,138435,1597,5,10,2,0,1,1,1,1,1,1,1,1,1,0,0,0,1,0,0,0,1,0,0,0,0,1,0,0,0,1,1,0
41165833,티볼리,티볼리,105,850,46729,1597,5,11,7,1,1,1,1,1,1,1,1,1,1,0,0,0,1,0,0,0,1,0,0,0,0,0,0,1,0,1,1,0
41165896,렉스턴,렉스턴 스포츠,35,1590,70667,2157,5,8,0,0,1,1,1,1,1,1,1,1,1,0,0,0,1,0,0,0,0,0,1,0,0,0,0,0,1,1,1,0
41167788,티볼리,티볼리,105,480,160524,1597,5,10,2,0,1,1,1,1,1,0,1,1,1,0,0,0,1,0,0,0,1,0,0,0,0,1,0,0,0,1,1,0
41168595,티볼리,티볼리,105,990,62349,1597,5,11,5,0,1,1,1,1,1,1,1,1,1,0,0,0,1,0,0,0,1,0,0,0,0,0,0,0,1,1,1,0
41168967,티볼리,베리 뉴 티볼리,105,1545,19528,1497,5,3,2,0,0,1,1,1,1,1,1,1,1,0,0,0,1,0,0,0,1,0,0,0,0,1,0,0,0,1,1,0
41170843,티볼리,티볼리 에어,105,820,74702,1597,5,10,5,0,0,1,0,0,1,1,1,0,1,0,0,0,1,0,0,0,0,0,1,0,0,1,0,0,0,1,1,0
41171777,티볼리,티볼리 아머,105,1020,78606,1597,5,8,3,0,1,1,1,0,1,1,1,1,1,0,0,0,1,0,0,0,1,0,0,0,0,0,0,0,1,1,1,0
41172027,티볼리,티볼리,105,520,155671,1597,5,11,5,0,0,1,1,0,1,1,1,0,1,0,0,0,1,0,0,0,0,0,1,0,0,0,0,0,1,1,1,0
41174877,코란도,뷰티풀 코란도,92,1570,86895,1497,5,6,0,0,0,1,1,1,1,1,1,1,1,0,0,0,1,0,0,0,1,0,0,0,0,0,0,1,0,1,1,0
41175240,코란도,코란도 C,92,215,160649,1998,5,14,10,0,0,0,1,0,0,0,0,0,0,0,0,0,1,0,0,0,0,0,1,0,0,0,0,1,0,0,1,0
41177231,코란도,뷰티풀 코란도,92,1280,91252,1497,5,7,2,0,0,1,1,0,1,0,1,0,1,0,0,0,1,0,0,0,1,0,0,0,0,0,1,0,0,1,1,0
41177565,티볼리,티볼리 아머,105,599,157383,1597,5,9,12,0,0,1,1,0,1,0,1,1,1,0,0,0,1,0,0,0,1,0,0,0,0,1,0,0,0,1,1,0
41178618,코란도,코란도 스포츠,92,690,99492,1998,5,11,8,0,0,1,1,1,1,1,1,0,1,0,0,0,1,0,0,0,0,0,1,0,0,1,0,0,0,1,1,0
41179648,티볼리,티볼리,105,689,106735,1597,5,11,6,1,0,1,1,0,1,1,1,0,1,0,0,0,1,0,0,0,0,0,1,0,0,1,0,0,0,1,1,0
41182146,티볼리,티볼리 아머,105,1000,63222,1597,5,9,6,0,0,1,1,0,1,1,1,0,1,0,0,0,1,0,0,0,1,0,0,0,0,1,0,0,0,1,1,0
41182737,렉스턴,렉스턴 스포츠,35,1410,69935,2157,5,7,1,1,0,1,1,0,1,1,1,0,1,0,0,0,1,0,0,0,0,0,1,0,0,0,1,0,0,1,1,0
41182948,티볼리,베리 뉴 티볼리,105,1610,7063,1497,5,5,0,0,0,1,1,0,1,1,1,0,1,0,0,0,1,0,0,0,1,0,0,0,0,1,0,0,0,1,1,0
41184706,코란도,코란도 스포츠,92,600,38307,1998,5,13,1,0,0,1,1,0,0,1,1,0,0,0,0,0,1,0,0,0,0,0,1,0,0,0,0,1,0,0,1,0
41186926,티볼리,티볼리 에어,105,1130,52897,1497,5,5,4,0,0,1,1,0,1,1,1,0,1,0,0,0,1,0,0,0,1,0,0,0,0,0,0,0,1,1,1,0
41187010,티볼리,티볼리 아머,105,930,81803,1597,5,9,12,0,1,1,1,0,1,1,1,1,1,0,0,0,1,0,0,0,1,0,0,0,0,0,0,0,1,1,1,0
41188127,코란도,코란도 스포츠,92,700,115504,1998,5,11,5,1,0,1,1,0,1,1,1,0,1,0,0,0,1,0,0,0,0,0,1,0,0,0,0,0,1,1,1,0
41188965,티볼리,베리 뉴 티볼리,105,1090,77274,1497,5,6,0,0,0,1,0,0,0,0,0,0,0,0,0,0,1,0,0,0,1,0,0,0,0,0,1,0,0,1,1,0
41191369,티볼리,티볼리,105,650,189058,1597,5,10,1,0,1,1,1,1,1,0,1,1,1,0,0,0,1,0,0,0,1,0,0,0,0,1,0,0,0,1,1,0
41192975,코란도,뉴코란도 C,92,490,107993,1998,5,13,3,0,0,1,1,1,1,1,1,0,1,0,0,0,1,0,0,0,0,0,1,0,0,1,0,0,0,1,1,0
41193354,코란도,코란도 스포츠,92,390,278550,1998,5,12,17,0,0,1,1,1,0,1,1,0,1,0,0,0,1,0,0,0,0,0,1,0,0,0,0,0,1,1,1,0
41194997,코란도,코란도 스포츠,92,640,135370,1998,5,13,3,0,0,1,1,1,0,1,1,0,1,0,0,0,1,0,0,0,0,0,1,0,0,1,0,0,0,1,1,0
41196764,코란도,뉴코란도 C,92,390,110929,1998,5,13,7,1,0,1,1,1,1,0,1,1,1,0,0,0,1,0,0,0,0,0,1,0,0,0,0,1,0,1,1,0
41198159,티볼리,티볼리,105,680,107937,1597,5,11,7,0,0,1,1,1,1,1,1,0,1,0,0,0,1,0,0,0,1,0,0,0,0,1,0,0,0,1,1,0
41198830,티볼리,티볼리,105,670,134136,1597,5,9,6,0,0,0,1,0,0,1,1,0,1,0,0,0,1,0,0,0,0,0,1,0,0,1,0,0,0,1,1,0
41201872,티볼리,티볼리,105,850,104196,1597,5,11,2,0,1,1,1,1,1,0,1,1,1,0,0,0,1,0,0,0,1,0,0,0,0,1,0,0,0,1,1,0
41202393,티볼리,베리 뉴 티볼리,105,1160,55733,1497,5,5,2,0,0,0,0,0,0,0,0,0,0,0,0,0,1,0,0,0,1,0,0,0,0,1,0,0,0,1,1,0
41206360,티볼리,티볼리,105,799,53541,1597,5,10,6,0,0,1,1,0,1,1,1,0,1,0,0,0,1,0,0,0,1,0,0,0,0,0,0,0,1,1,1,0
41206838,렉스턴,G4 렉스턴,35,1330,142772,2157,7,8,12,0,1,1,1,1,1,1,1,1,1,0,0,0,1,0,0,0,0,0,1,0,0,1,0,0,0,1,1,0
41207191,티볼리,티볼리 에어,105,780,153306,1597,5,9,0,1,0,1,1,0,1,1,1,1,1,0,0,0,1,0,0,0,1,0,0,0,0,1,0,0,0,1,1,0
41207790,렉스턴,렉스턴 W,35,590,230421,2157,7,10,4,0,1,1,1,1,1,1,1,1,1,0,0,0,1,0,0,0,0,0,1,0,0,0,1,0,0,1,1,0
41208060,코란도,코란도 스포츠,92,450,156775,1998,5,14,4,1,0,1,0,1,0,0,1,0,1,0,0,0,1,0,0,0,0,0,1,0,0,0,0,1,0,1,1,0
41209215,렉스턴,렉스턴 스포츠,35,1590,59555,2157,5,8,10,0,0,1,1,0,1,1,1,0,1,0,0,0,1,0,0,0,0,0,1,0,0,0,0,1,0,1,1,0
41210495,렉스턴,렉스턴 스포츠,35,1090,172145,2157,5,8,0,0,0,1,1,0,1,1,1,0,1,0,0,0,1,0,0,0,0,0,1,0,0,0,0,1,0,1,1,0
41211001,코란도,코란도 스포츠,92,690,50268,1998,5,13,4,0,0,1,1,1,0,1,1,0,1,0,0,0,1,0,0,0,0,0,1,0,0,0,0,1,0,1,1,0
41212133,티볼리,티볼리,105,1050,27112,1597,5,9,3,0,0,1,1,0,1,0,1,0,1,0,0,0,1,0,0,0,1,0,0,0,0,0,0,0,1,1,1,0
41213341,렉스턴,렉스턴 스포츠,35,1695,66020,2157,5,6,0,0,0,1,1,0,1,1,0,0,1,0,0,0,1,0,0,0,0,0,1,0,0,0,0,0,1,1,1,0
41215773,액티언,액티언,71,250,245555,1998,5,17,11,1,0,1,1,0,0,0,1,0,1,0,0,0,1,0,0,0,0,0,1,0,0,1,0,0,0,1,1,0
41217726,티볼리,티볼리 에어,105,1080,85013,1597,5,7,4,1,0,1,1,0,1,1,1,1,1,0,0,0,1,0,0,0,0,0,1,0,0,1,0,0,0,1,1,0
41218334,코란도,코란도 투리스모,92,320,208879,1998,9,12,8,1,0,1,0,1,1,0,1,0,1,0,0,0,1,0,0,0,0,0,1,0,0,0,0,1,0,1,1,0
41218906,코란도,코란도 투리스모,92,550,177452,2157,9,11,1,1,1,1,1,1,1,1,1,0,1,0,0,0,1,0,0,0,0,0,1,0,0,0,0,0,1,1,1,0
41219148,티볼리,티볼리,105,740,49011,1597,5,11,2,0,0,0,1,0,0,1,0,0,0,0,0,0,1,0,0,0,1,0,0,0,0,0,1,0,0,1,1,0
41221711,렉스턴,렉스턴 스포츠 칸,35,1639,60582,2157,5,7,2,0,1,1,1,1,1,0,1,1,1,0,0,0,1,0,0,0,0,0,1,0,0,1,0,0,0,1,1,0
41223853,티볼리,티볼리 아머,105,750,118997,1597,5,9,3,0,1,1,1,0,1,1,1,1,1,0,0,0,1,0,0,0,0,0,1,0,0,1,0,0,0,1,1,0
41224091,티볼리,티볼리,105,970,61597,1597,5,10,2,0,1,1,1,1,1,1,1,1,1,0,0,0,1,0,0,0,1,0,0,0,0,1,0,0,0,1,1,0
41226715,렉스턴,G4 렉스턴,35,1150,187928,2157,5,8,2,1,0,1,1,1,1,0,1,1,1,0,0,0,1,0,0,0,0,0,1,0,0,0,0,1,0,1,1,0
41227311,티볼리,베리 뉴 티볼리,105,1330,94932,1497,5,4,2,0,1,1,1,1,1,1,1,1,1,0,0,0,1,0,0,0,1,0,0,0,0,1,0,0,0,1,1,0
41227450,체어맨,뉴체어맨 W,84,579,109005,3199,5,13,8,0,0,1,1,1,1,1,1,0,1,0,0,0,1,0,0,0,1,0,0,0,0,0,1,0,0,1,0,1
41231328,코란도,코란도 스포츠,92,690,109056,1998,5,12,2,0,0,1,0,0,0,0,1,0,1,0,0,0,1,0,0,0,0,0,1,0,0,1,0,0,0,1,1,0
41231585,티볼리,티볼리,105,689,104561,1597,5,11,6,1,0,1,0,1,1,0,1,0,1,0,0,0,1,0,0,0,1,0,0,0,0,0,1,0,0,1,1,0
41232382,티볼리,티볼리 에어,105,1240,32741,1597,5,8,2,0,0,1,1,0,1,1,1,0,1,0,0,0,1,0,0,0,1,0,0,0,0,0,0,1,0,1,1,0
41233202,체어맨,뉴체어맨 W,84,590,243810,4966,5,15,10,0,1,1,1,1,1,1,1,1,1,0,0,0,1,0,0,0,0,1,0,0,0,0,1,0,0,1,0,1
41233267,코란도,코란도 C,92,189,161914,1998,5,15,2,1,0,1,1,1,1,0,1,0,1,0,0,0,1,0,0,0,0,0,1,0,0,1,0,0,0,1,1,0
41234221,티볼리,베리 뉴 티볼리,105,1250,102011,1597,5,5,5,0,0,1,0,0,1,0,1,0,1,0,0,0,1,0,0,0,0,0,1,0,0,1,0,0,0,1,1,0
41234309,티볼리,티볼리 에어,105,630,166164,1597,5,10,1,1,0,1,1,0,1,1,1,0,1,0,0,0,1,0,0,0,0,0,1,0,0,1,0,0,0,1,1,0
41234548,렉스턴,렉스턴 스포츠,35,1550,106188,2157,5,8,1,0,1,1,1,1,1,1,1,0,1,0,0,0,1,0,0,0,0,0,1,0,0,0,0,1,0,1,1,0
41234794,코란도,코란도 투리스모,92,1060,75377,2157,9,9,6,0,1,1,1,1,1,1,1,1,1,0,0,0,1,0,0,0,0,0,1,0,0,1,0,0,0,1,1,0
41235525,코란도,뷰티풀 코란도,92,1590,96452,1497,5,5,12,0,1,1,1,1,1,1,1,1,1,0,0,0,1,0,0,0,1,0,0,0,0,0,0,1,0,1,1,0
41235647,티볼리,티볼리 에어,105,1600,10576,1497,5,4,7,0,1,1,1,0,1,1,1,1,1,0,0,0,1,0,0,0,1,0,0,0,0,0,1,0,0,1,1,0
41236944,티볼리,티볼리,105,570,141160,1597,5,10,13,0,0,1,0,1,1,0,1,0,1,0,0,0,1,0,0,0,1,0,0,0,0,1,0,0,0,1,1,0
41240887,코란도,코란도 스포츠,92,450,132754,1998,5,14,1,0,0,1,1,1,1,1,1,0,1,0,0,0,1,0,0,0,0,0,1,0,0,0,0,1,0,1,1,0
41241999,티볼리,티볼리,105,680,109825,1597,5,11,10,1,0,1,1,1,1,1,1,0,1,0,0,0,1,0,0,0,1,0,0,0,0,0,0,0,1,1,1,0
41245438,티볼리,티볼리 아머,105,690,180465,1597,5,9,4,0,0,1,1,0,1,1,1,0,1,0,0,0,1,0,0,0,1,0,0,0,0,1,0,0,0,1,1,0
41246095,렉스턴,렉스턴 스포츠,35,1600,94282,2157,5,8,1,0,1,1,1,1,1,1,1,1,1,0,0,0,1,0,0,0,0,0,1,0,0,0,0,1,0,1,1,0
41250931,코란도,코란도 스포츠,92,500,130944,1998,5,14,2,0,0,1,1,0,0,1,1,0,0,0,0,0,1,0,0,0,0,0,1,0,0,0,0,1,0,1,1,0
41254574,티볼리,티볼리 에어,105,820,120197,1597,5,9,3,0,0,1,1,0,1,1,1,0,1,0,0,0,1,0,0,0,0,0,1,0,0,0,0,0,1,1,1,0
41254588,티볼리,티볼리 에어,105,560,152666,1597,5,8,0,0,0,0,1,0,0,1,1,0,1,0,0,0,1,0,0,0,0,0,1,0,0,1,0,0,0,1,1,0
41255483,티볼리,베리 뉴 티볼리,105,1250,14651,1597,5,6,2,0,0,1,1,0,1,1,1,0,1,0,0,0,1,0,0,0,0,0,1,0,0,0,0,0,1,1,1,0
41257215,티볼리,베리 뉴 티볼리,105,1465,62474,1497,5,7,0,0,1,1,1,1,1,0,1,1,1,0,0,0,1,0,0,0,1,0,0,0,0,0,1,0,0,1,1,0
41257441,코란도,코란도 투리스모,92,790,113365,2157,9,10,2,0,0,1,1,1,1,1,1,0,1,0,0,0,1,0,0,0,0,0,1,0,0,1,0,0,0,1,1,0
41258269,티볼리,티볼리,105,990,65202,1597,5,10,4,0,1,1,1,1,1,1,1,0,1,0,0,0,1,0,0,0,1,0,0,0,0,0,0,0,1,1,1,0
41258324,티볼리,베리 뉴 티볼리,105,980,113139,1597,5,6,12,0,1,1,1,1,1,1,1,1,1,0,0,0,1,0,0,0,0,0,1,0,0,1,0,0,0,1,1,0
41258340,티볼리,베리 뉴 티볼리,105,1470,35628,1497,5,6,4,0,0,1,1,0,1,1,1,0,1,0,0,0,1,0,0,0,1,0,0,0,0,1,0,0,0,1,1,0
41263352,티볼리,베리 뉴 티볼리,105,1520,51753,1497,5,4,2,0,1,1,1,0,1,1,1,1,1,0,0,0,1,0,0,0,1,0,0,0,0,1,0,0,0,1,1,0
41266236,티볼리,티볼리 에어,105,699,102983,1597,5,9,12,0,0,1,1,0,0,1,1,0,1,0,0,0,1,0,0,0,0,0,1,0,0,0,0,1,0,1,1,0
41266408,렉스턴,슈퍼 렉스턴,35,270,179334,1998,7,15,4,1,0,1,0,1,0,0,1,0,1,0,0,0,1,0,0,0,0,0,1,0,0,0,0,1,0,1,1,0
41266533,티볼리,티볼리 에어,105,1050,82893,1597,5,7,4,0,0,1,1,0,1,1,1,0,1,0,0,0,1,0,0,0,0,0,1,0,0,1,0,0,0,1,1,0
41266731,티볼리,베리 뉴 티볼리,105,1690,32543,1497,5,5,0,0,1,1,1,0,1,0,1,1,1,0,0,0,1,0,0,0,1,0,0,0,0,1,0,0,0,1,1,0
41268236,티볼리,베리 뉴 티볼리,105,1390,94703,1497,5,4,2,0,1,1,1,1,1,1,1,1,1,0,0,0,1,0,0,0,1,0,0,0,0,1,0,0,0,1,1,0
41268289,액티언,액티언 스포츠,71,240,210860,1998,5,16,3,0,0,1,0,0,0,0,1,0,0,0,0,0,1,0,0,0,0,0,1,0,0,1,0,0,0,1,1,0
41269530,티볼리,베리 뉴 티볼리,105,920,64133,1497,5,7,31,0,0,1,1,0,1,0,1,0,1,0,0,0,1,0,0,0,1,0,0,0,0,0,0,0,1,1,1,0
41270154,티볼리,베리 뉴 티볼리,105,1390,94186,1497,5,4,2,0,1,1,1,1,1,1,1,1,1,0,0,0,1,0,0,0,1,0,0,0,0,1,0,0,0,1,1,0
41270644,코란도,뉴코란도 C,92,330,80689,1998,5,12,15,0,0,1,0,1,1,1,1,0,1,0,0,0,1,0,0,0,0,0,1,0,0,1,0,0,0,1,1,0
41271346,티볼리,베리 뉴 티볼리,105,1690,36207,1497,5,5,3,1,1,1,1,1,1,1,1,1,1,0,0,0,1,0,0,0,1,0,0,0,0,1,0,0,0,1,1,0
41271545,티볼리,베리 뉴 티볼리,105,1250,95558,1497,5,4,7,0,1,1,1,1,1,1,1,1,1,0,0,0,1,0,0,0,1,0,0,0,0,1,0,0,0,1,1,0
41273291,티볼리,티볼리,105,750,90199,1597,5,11,1,0,0,1,1,0,1,1,1,0,1,0,0,0,1,0,0,0,0,0,1,0,0,0,0,1,0,1,1,0
41274720,티볼리,베리 뉴 티볼리,105,1290,95273,1497,5,4,10,0,1,1,1,1,1,1,1,1,1,0,0,0,1,0,0,0,1,0,0,0,0,1,0,0,0,1,1,0
41274805,코란도,코란도 스포츠,92,750,71941,1998,5,10,2,0,0,1,1,0,1,1,1,0,1,0,0,0,1,0,0,0,0,0,1,0,0,0,0,0,1,1,1,0
41275059,티볼리,티볼리,105,800,75816,1597,5,10,2,0,0,1,1,0,1,1,1,0,1,0,0,0,1,0,0,0,1,0,0,0,0,1,0,0,0,1,1,0
41275731,티볼리,티볼리,105,650,128489,1597,5,9,7,0,0,0,1,0,0,1,0,0,0,0,0,0,1,0,0,0,1,0,0,0,0,0,0,0,1,1,1,0
41280833,코란도,코란도 스포츠,92,590,226217,1998,5,11,10,1,0,1,1,1,1,1,1,0,1,0,0,0,1,0,0,0,0,0,1,0,0,0,0,1,0,1,1,0
41286367,렉스턴,렉스턴 스포츠,35,1350,123750,2157,5,8,4,0,0,1,1,0,1,1,1,0,1,0,0,0,1,0,0,0,0,0,1,0,0,1,0,0,0,1,1,0
41286486,티볼리,베리 뉴 티볼리,105,1050,101634,1497,5,7,17,0,1,1,1,0,1,1,1,1,1,0,0,0,1,0,0,0,1,0,0,0,0,1,0,0,0,1,1,0
41286738,렉스턴,렉스턴 스포츠,35,1650,28378,2157,5,6,2,0,0,1,1,0,1,1,1,0,1,0,0,0,1,0,0,0,0,0,1,0,0,1,0,0,0,1,1,0
41287458,티볼리,티볼리 에어,105,1290,34291,1497,5,5,0,0,0,1,1,0,0,1,0,0,0,0,0,0,1,0,0,0,1,0,0,0,0,0,0,0,1,1,1,0
41287603,티볼리,티볼리,105,727,89690,1597,5,11,5,0,0,1,1,1,1,0,1,1,1,0,0,0,1,0,0,0,1,0,0,0,0,1,0,0,0,1,1,0
41287900,렉스턴,렉스턴 스포츠,35,1200,172069,2157,5,8,5,0,0,1,1,0,1,0,1,0,1,0,0,0,1,0,0,0,0,0,1,0,0,0,0,1,0,1,1,0
41288215,코란도,코란도 투리스모,92,399,246483,2157,9,10,6,0,1,1,1,1,1,0,1,1,1,0,0,0,1,0,0,0,0,0,1,0,0,1,0,0,0,1,1,0
41292876,티볼리,베리 뉴 티볼리,105,1190,94404,1497,5,5,1,0,1,1,1,0,1,1,1,1,1,0,0,0,1,0,0,0,1,0,0,0,0,0,0,0,1,1,1,0
41293039,티볼리,베리 뉴 티볼리,105,949,100166,1597,5,7,1,0,0,1,1,0,1,0,1,0,1,0,0,0,1,0,0,0,0,0,1,0,0,1,0,0,0,1,1,0
41293344,렉스턴,렉스턴 W,35,880,99887,1998,7,14,5,0,0,1,1,1,1,0,1,0,1,0,0,0,1,0,0,0,0,0,1,0,0,1,0,0,0,1,1,0
41293726,체어맨,뉴체어맨 W,84,530,176804,3598,5,12,4,0,1,1,1,1,1,1,1,1,1,0,0,0,1,0,0,0,1,0,0,0,0,0,1,0,0,1,0,1
41294034,티볼리,티볼리 아머,105,1080,88933,1597,5,8,4,0,1,1,1,0,1,0,1,0,1,0,0,0,1,0,0,0,1,0,0,0,0,1,0,0,0,1,1,0
41297662,코란도,뷰티풀 코란도,92,1439,94586,1497,5,6,1,0,0,1,1,1,1,1,1,1,1,0,0,0,1,0,0,0,1,0,0,0,0,1,0,0,0,1,1,0
41298807,티볼리,티볼리 아머,105,1180,68704,1597,5,7,4,0,1,1,1,0,1,1,1,1,1,0,0,0,1,0,0,0,1,0,0,0,0,1,0,0,0,1,1,0
41302751,티볼리,티볼리 아머,105,650,145278,1597,5,8,2,0,0,1,1,0,1,0,1,0,1,0,0,0,1,0,0,0,0,0,1,0,0,1,0,0,0,1,1,0
41303181,티볼리,티볼리 아머,105,610,151690,1597,5,9,1,0,0,1,1,0,1,0,1,0,1,0,0,0,1,0,0,0,0,0,1,0,0,0,0,0,1,1,1,0
41303283,티볼리,티볼리 아머,105,1220,62326,1597,5,8,1,0,1,1,1,0,1,1,1,1,1,0,0,0,1,0,0,0,1,0,0,0,0,1,0,0,0,1,1,0
41304382,렉스턴,렉스턴 스포츠,35,1450,101208,2157,5,8,3,0,1,1,1,0,1,0,1,1,1,0,0,0,1,0,0,0,0,0,1,0,0,1,0,0,0,1,1,0
41306487,티볼리,티볼리,105,589,132886,1597,5,11,6,0,0,1,1,1,1,1,1,0,1,0,0,0,1,0,0,0,1,0,0,0,0,1,0,0,0,1,1,0
41309468,코란도,뉴코란도 C,92,329,145707,1998,5,12,16,0,0,1,1,1,1,1,1,1,1,0,0,0,1,0,0,0,0,0,1,0,0,1,0,0,0,1,1,0
41311339,렉스턴,렉스턴 스포츠 칸,35,1690,104855,2157,5,7,1,1,1,1,1,0,1,1,1,1,1,0,0,0,1,0,0,0,0,0,1,0,0,0,0,0,1,1,1,0
41313054,티볼리,티볼리 아머,105,1250,25713,1597,5,9,0,0,1,1,1,1,1,1,1,1,1,0,0,0,1,0,0,0,1,0,0,0,0,1,0,0,0,1,1,0
41314119,체어맨,체어맨 H 뉴 클래식,84,400,105589,2799,5,14,2,0,0,1,1,1,1,1,1,1,1,0,0,0,1,0,0,0,1,0,0,0,0,0,1,0,0,1,0,1
41314860,티볼리,티볼리,105,490,170422,1597,5,11,12,1,1,1,1,1,1,0,1,1,1,0,0,0,1,0,0,0,0,0,1,0,0,0,1,0,0,1,1,0
41316600,티볼리,티볼리 에어,105,590,156494,1597,5,10,7,0,1,1,1,1,1,1,1,1,1,0,0,0,1,0,0,0,0,0,1,0,0,0,0,0,1,1,1,0
41317805,티볼리,티볼리 아머,105,990,84557,1597,5,9,2,0,1,1,1,0,1,1,1,1,1,0,0,0,1,0,0,0,1,0,0,0,0,0,0,1,0,1,1,0
41319200,코란도,코란도 투리스모,92,499,130053,1998,11,13,9,0,0,1,1,1,1,1,1,0,1,0,0,0,1,0,0,0,0,0,1,0,0,1,0,0,0,1,1,0
41319204,렉스턴,G4 렉스턴,35,1399,105837,2157,7,8,2,0,1,1,1,0,1,1,1,1,1,0,0,0,1,0,0,0,0,0,1,0,0,0,0,0,1,1,1,0
41322423,코란도,코란도 스포츠,92,450,169070,1998,5,11,5,0,0,1,1,0,0,1,1,0,1,0,0,0,1,0,0,0,0,0,1,0,0,0,0,1,0,1,1,0
41322538,티볼리,베리 뉴 티볼리,105,1590,39607,1497,5,5,5,0,1,1,1,0,1,1,1,1,1,0,0,0,1,0,0,0,1,0,0,0,0,1,0,0,0,1,1,0
41323251,티볼리,베리 뉴 티볼리,105,1360,31945,1497,5,6,0,0,0,1,1,0,1,0,1,0,1,0,0,0,1,0,0,0,1,0,0,0,0,1,0,0,0,1,1,0
41324395,티볼리,티볼리,105,830,62425,1597,5,11,7,0,1,1,1,1,1,1,1,1,1,0,0,0,1,0,0,0,1,0,0,0,0,0,0,0,1,1,1,0
41324522,코란도,코란도 투리스모,92,850,93953,2157,9,9,5,0,0,1,1,1,1,1,1,1,1,0,0,0,1,0,0,0,0,0,1,0,0,0,0,1,0,1,1,0
41324565,티볼리,베리 뉴 티볼리,105,1130,61140,1497,5,6,1,0,0,1,0,0,0,0,0,0,0,0,0,0,1,0,0,0,1,0,0,0,0,0,1,0,0,1,1,0
41326962,티볼리,티볼리,105,660,150518,1597,5,10,4,0,0,1,1,0,1,1,1,0,1,0,0,0,1,0,0,0,1,0,0,0,0,1,0,0,0,1,1,0
41332813,렉스턴,렉스턴 스포츠,35,1450,148462,2157,5,8,6,0,0,1,1,1,1,1,1,0,1,0,0,0,1,0,0,0,0,0,1,0,0,0,1,0,0,1,1,0
41333607,렉스턴,렉스턴 스포츠,35,1420,100971,2157,5,7,0,0,1,1,1,1,1,1,1,1,1,0,0,0,1,0,0,0,0,0,1,0,0,0,1,0,0,1,1,0
41333884,티볼리,티볼리 에어,105,750,121017,1597,5,10,4,1,0,1,1,0,1,1,1,0,1,0,0,0,1,0,0,0,0,0,1,0,0,1,0,0,0,1,1,0
41334089,코란도,뉴코란도 C,92,470,127095,2157,5,10,8,0,0,0,0,0,1,0,1,0,1,0,0,0,1,0,0,0,0,0,1,0,0,0,0,1,0,1,1,0
41334333,티볼리,티볼리 아머,105,890,105526,1597,5,8,1,1,0,1,1,0,1,1,1,0,1,0,0,0,1,0,0,0,1,0,0,0,0,0,0,0,1,1,1,0
41336053,렉스턴,렉스턴 스포츠,35,1200,203410,2157,5,8,3,0,0,1,1,1,1,1,1,0,1,0,0,0,1,0,0,0,0,0,1,0,0,0,0,1,0,1,1,0
41339452,티볼리,티볼리,105,420,191345,1597,5,11,4,1,0,1,1,1,1,1,1,0,1,0,0,0,1,0,0,0,1,0,0,0,0,0,0,1,0,1,1,0
41339681,코란도,코란도 스포츠,92,399,158279,1998,5,14,12,1,0,1,1,1,0,1,1,0,1,0,0,0,1,0,0,0,0,0,1,0,0,0,1,0,0,1,1,0
41342425,렉스턴,렉스턴 스포츠,35,1650,101287,2157,5,8,1,0,1,1,1,1,1,1,1,1,1,0,0,0,1,0,0,0,0,0,1,0,0,0,1,0,0,1,1,0
41344352,코란도,뉴코란도 C,92,660,60784,1998,5,11,2,0,0,1,1,1,1,1,1,0,1,0,0,0,1,0,0,0,0,0,1,0,0,0,0,1,0,1,1,0
41345928,티볼리,티볼리 아머,105,790,105262,1597,5,8,1,0,0,1,0,0,1,0,1,0,1,0,0,0,1,0,0,0,0,0,1,0,0,0,0,0,1,1,1,0
41352783,코란도,뷰티풀 코란도,92,1350,70957,1597,5,7,0,0,0,1,0,0,1,0,1,0,1,0,0,0,1,0,0,0,0,0,1,0,0,1,0,0,0,1,1,0
41353523,티볼리,티볼리 아머,105,1070,62525,1597,5,8,1,0,1,1,1,0,1,1,1,1,1,0,0,0,1,0,0,0,0,0,1,0,0,0,0,0,1,1,1,0
41355472,토레스,토레스,100,1699,131037,1497,5,4,1,0,1,1,1,1,1,1,1,0,1,0,0,0,1,0,0,0,1,0,0,0,0,0,1,0,0,1,1,0
41359731,티볼리,티볼리,105,499,116145,1597,5,11,24,0,1,1,1,1,1,1,1,1,1,0,0,0,1,0,0,0,1,0,0,0,0,1,0,0,0,1,1,0
41360183,티볼리,티볼리 에어,105,720,127619,1597,5,10,11,1,0,1,1,0,1,1,1,0,1,0,0,0,1,0,0,0,0,0,1,0,0,0,0,0,1,1,1,0
41370244,렉스턴,렉스턴 W,35,720,166919,1998,7,11,9,1,1,1,1,1,1,1,1,1,1,0,0,0,1,0,0,0,0,0,1,0,0,1,0,0,0,1,1,0
41371164,티볼리,티볼리 에어,105,740,76827,1597,5,10,3,0,0,1,0,0,1,0,1,0,1,0,0,0,1,0,0,0,0,0,1,0,0,0,0,1,0,1,1,0
41371354,렉스턴,렉스턴 스포츠,35,1599,78641,2157,5,7,0,0,0,1,1,0,1,1,1,1,1,0,0,0,1,0,0,0,0,0,1,0,0,0,0,1,0,1,1,0
41375760,렉스턴,렉스턴 스포츠,35,1620,75046,2157,5,7,7,1,1,1,0,0,1,1,1,0,1,0,0,0,1,0,0,0,0,0,1,0,0,0,0,0,1,1,1,0
41377694,티볼리,티볼리,105,990,62199,1597,5,10,6,0,0,1,1,0,1,1,1,0,1,0,0,0,1,0,0,0,1,0,0,0,0,1,0,0,0,1,1,0
41379940,렉스턴,렉스턴 W,35,750,148426,2157,5,11,2,0,1,1,1,1,1,0,1,1,1,0,0,0,1,0,0,0,0,0,1,0,0,0,0,0,1,1,1,0
41380367,코란도,뷰티풀 코란도,92,1670,59897,1497,5,7,1,0,1,1,1,0,1,1,1,1,1,0,0,0,1,0,0,0,1,0,0,0,0,0,0,1,0,1,1,0
41383525,코란도,코란도 스포츠,92,1080,101219,1998,5,10,2,0,0,1,1,1,1,1,1,0,1,0,0,0,1,0,0,0,0,0,1,0,0,0,0,1,0,1,1,0
41384135,코란도,뷰티풀 코란도,92,1350,120237,1497,5,7,2,0,1,1,1,1,1,1,1,1,1,0,0,0,1,0,0,0,1,0,0,0,0,0,0,0,1,1,1,0
41384971,코란도,코란도 투리스모,92,1080,143291,2157,9,10,1,0,1,1,1,1,1,1,1,0,1,0,0,0,1,0,0,0,0,0,1,0,0,1,0,0,0,1,1,0
41390228,티볼리,티볼리 아머,105,980,128615,1597,5,9,8,1,1,1,1,0,1,1,1,1,1,0,0,0,1,0,0,0,0,0,1,0,0,0,1,0,0,1,1,0
41390411,티볼리,베리 뉴 티볼리,105,1200,85998,1497,5,6,2,0,0,1,1,0,1,1,1,0,1,0,0,0,1,0,0,0,1,0,0,0,0,1,0,0,0,1,1,0
41392266,코란도,코란도 투리스모,92,290,205793,1998,9,12,20,0,0,1,0,1,1,0,1,0,1,0,0,0,1,0,0,0,0,0,1,0,0,0,0,0,1,1,1,0
41394929,코란도,코란도 투리스모,92,290,294381,2157,9,9,2,0,0,1,1,1,1,1,1,1,1,0,0,0,1,0,0,0,0,0,1,0,0,1,0,0,0,1,1,0
41395704,티볼리,티볼리,105,409,170878,1597,5,11,12,0,0,1,1,1,1,1,1,0,1,0,0,0,1,0,0,0,1,0,0,0,0,1,0,0,0,1,1,0
41396062,코란도,코란도 투리스모,92,499,194311,1998,11,11,10,1,0,1,1,1,1,1,1,0,1,0,0,0,1,0,0,0,0,0,1,0,0,1,0,0,0,1,1,0
41397507,코란도,코란도 투리스모,92,1358,115309,1998,9,8,10,0,0,1,1,1,1,1,1,1,1,0,0,0,1,0,0,0,0,0,1,0,0,1,0,0,0,1,1,0
41399657,티볼리,티볼리 에어,105,1290,91012,1497,5,4,4,0,0,1,1,0,1,0,1,1,1,0,0,0,1,0,0,0,1,0,0,0,0,1,0,0,0,1,1,0
41401030,코란도,뉴코란도 C,92,650,77755,1998,5,11,2,0,0,1,1,1,1,1,1,0,1,0,0,0,1,0,0,0,0,0,1,0,0,0,0,1,0,1,1,0
41407938,티볼리,티볼리,105,990,173735,1597,5,11,2,0,0,0,0,0,0,0,0,0,0,0,0,0,1,0,0,0,1,0,0,0,0,0,0,0,1,1,1,0
41408411,코란도,코란도 스포츠,92,530,156236,1998,5,13,7,0,0,1,0,1,0,0,1,0,1,0,0,0,1,0,0,0,0,0,1,0,0,1,0,0,0,1,1,0
41413525,티볼리,베리 뉴 티볼리,105,1290,59045,1497,5,5,9,0,0,1,1,0,1,1,1,0,1,0,0,0,1,0,0,0,1,0,0,0,0,1,0,0,0,1,1,0
41414624,코란도,뷰티풀 코란도,92,1660,49564,1497,5,6,0,0,0,1,1,1,1,1,1,1,1,0,0,0,1,0,0,0,1,0,0,0,0,1,0,0,0,1,1,0
41414786,코란도,뷰티풀 코란도,92,1220,105331,1497,5,6,6,0,1,1,1,0,1,1,1,1,1,0,0,0,1,0,0,0,1,0,0,0,0,0,0,0,1,1,1,0
41415559,코란도,뉴 스타일 코란도 C,92,1180,43998,2157,5,9,3,1,1,1,1,1,1,0,1,1,1,0,0,0,1,0,0,0,0,0,1,0,0,1,0,0,0,1,1,0
41417704,코란도,뷰티풀 코란도,92,1440,70162,1497,5,6,0,0,0,1,1,1,1,0,1,0,1,0,0,0,1,0,0,0,1,0,0,0,0,1,0,0,0,1,1,0
41418243,코란도,더 뉴 코란도 스포츠,92,699,177917,2157,5,9,9,0,0,1,1,0,1,1,1,0,1,0,0,0,1,0,0,0,0,0,1,0,0,0,0,1,0,1,1,0
41418919,코란도,더 뉴 코란도 스포츠,92,1020,129690,2157,5,9,2,0,0,1,1,1,1,1,1,1,1,0,0,0,1,0,0,0,0,0,1,0,0,0,0,1,0,1,1,0
41419567,렉스턴,G4 렉스턴,35,1580,135953,2157,5,8,2,0,1,1,1,0,1,1,1,1,1,0,0,0,1,0,0,0,0,0,1,0,0,0,1,0,0,1,1,0
41419956,티볼리,티볼리 에어,105,1250,62219,1497,5,6,2,1,0,1,1,0,1,0,1,1,1,0,0,0,1,0,0,0,1,0,0,0,0,0,0,0,1,1,1,0
41420522,렉스턴,렉스턴 스포츠 칸,35,1660,126182,2157,5,6,1,0,0,1,1,0,1,1,1,1,1,0,0,0,1,0,0,0,0,0,1,0,0,0,0,1,0,1,1,0
41420698,코란도,뷰티풀 코란도,92,1550,73646,1497,5,6,1,0,0,1,1,1,1,1,1,1,1,0,0,0,1,0,0,0,1,0,0,0,0,1,0,0,0,1,1,0
41420869,코란도,코란도 투리스모,92,690,111292,1998,9,11,11,0,1,1,1,1,1,1,1,0,1,0,0,0,1,0,0,0,0,0,1,0,0,0,0,1,0,1,1,0
41423199,코란도,뉴코란도 C,92,599,136618,2157,5,10,7,1,1,1,1,1,1,0,1,1,1,0,0,0,1,0,0,0,0,0,1,0,0,0,0,0,1,1,1,0
41423525,티볼리,티볼리 에어,105,1350,69256,1497,5,5,3,0,1,1,1,0,1,1,1,1,1,0,0,0,1,0,0,0,1,0,0,0,0,1,0,0,0,1,1,0
41424899,티볼리,티볼리,105,550,147684,1597,5,11,4,0,0,1,1,0,1,1,1,0,1,0,0,0,1,0,0,0,0,0,1,0,0,1,0,0,0,1,1,0
41426297,티볼리,베리 뉴 티볼리,105,1090,120757,1497,5,6,1,0,0,1,1,0,1,0,1,0,1,0,0,0,1,0,0,0,1,0,0,0,0,1,0,0,0,1,1,0
41430038,티볼리,티볼리,105,999,90882,1597,5,11,2,0,0,1,1,1,1,1,1,1,1,0,0,0,1,0,0,0,1,0,0,0,0,1,0,0,0,1,1,0
41430387,코란도,뷰티풀 코란도,92,1240,134718,1497,5,6,4,0,1,1,1,0,1,1,1,1,1,0,0,0,1,0,0,0,1,0,0,0,0,0,0,0,1,1,1,0
41430618,코란도,코란도 투리스모,92,1250,130151,2157,9,9,17,0,1,1,1,1,1,1,1,1,1,0,0,0,1,0,0,0,0,0,1,0,0,0,1,0,0,1,1,0
41433223,티볼리,티볼리 에어,105,550,183071,1597,5,9,5,1,0,1,1,0,1,1,1,0,1,0,0,0,1,0,0,0,0,0,1,0,0,1,0,0,0,1,1,0
41435632,코란도,코란도 스포츠,92,430,269039,1998,5,13,13,0,0,1,1,0,0,1,1,0,0,0,0,0,1,0,0,0,0,0,1,0,0,0,0,1,0,1,1,0
41436149,티볼리,티볼리 에어,105,880,110742,1597,5,8,2,1,0,1,1,0,1,1,1,0,1,0,0,0,1,0,0,0,0,0,1,0,0,1,0,0,0,1,1,0
41437790,티볼리,티볼리,105,720,108510,1597,5,11,4,0,0,1,1,1,1,1,1,0,1,0,0,0,1,0,0,0,1,0,0,0,0,1,0,0,0,1,1,0
41437991,코란도,뷰티풀 코란도,92,1370,53099,1497,5,6,3,0,0,1,1,0,1,1,1,0,1,0,0,0,1,0,0,0,1,0,0,0,0,0,1,0,0,1,1,0
41438083,티볼리,티볼리,105,820,54333,1597,5,9,9,0,1,1,1,1,1,1,1,0,1,0,0,0,1,0,0,0,0,0,1,0,0,1,0,0,0,1,1,0
41438669,코란도,뷰티풀 코란도,92,1320,122704,1597,5,4,5,0,0,1,1,0,0,0,0,0,1,0,0,0,1,0,0,0,0,0,1,0,0,0,0,1,0,1,1,0
41440360,렉스턴,G4 렉스턴,35,1150,145711,2157,5,9,1,0,1,1,1,0,1,1,1,1,1,0,0,0,1,0,0,0,0,0,1,0,0,0,0,1,0,1,1,0
41442987,코란도,뉴코란도 C,92,575,89541,1998,5,13,3,1,0,1,1,1,1,1,1,0,1,0,0,0,1,0,0,0,0,0,1,0,0,1,0,0,0,1,1,0
41444460,티볼리,티볼리,105,960,44369,1597,5,10,2,0,0,1,1,0,1,1,1,0,1,0,0,0,1,0,0,0,1,0,0,0,0,1,0,0,0,1,1,0
41445633,렉스턴,렉스턴 스포츠,35,1230,175329,2157,5,8,1,0,1,1,1,1,1,1,1,0,1,0,0,0,1,0,0,0,0,0,1,0,0,0,1,0,0,1,1,0
41445882,티볼리,티볼리,105,599,171816,1597,5,11,0,0,1,1,1,1,1,1,1,1,1,0,0,0,1,0,0,0,0,0,1,0,0,1,0,0,0,1,1,0
41445905,티볼리,티볼리,105,680,154628,1597,5,11,6,0,1,1,1,1,1,0,1,1,1,0,0,0,1,0,0,0,1,0,0,0,0,0,0,0,1,1,1,0
41448018,코란도,코란도 투리스모,92,750,236558,2157,9,7,0,0,0,1,1,1,1,1,1,1,1,0,0,0,1,0,0,0,0,0,1,0,0,1,0,0,0,1,1,0
41449455,티볼리,티볼리 에어,105,1100,28000,1597,5,8,2,0,0,1,1,0,1,1,1,0,1,0,0,0,1,0,0,0,1,0,0,0,0,0,0,0,1,1,1,0
41450340,렉스턴,렉스턴 스포츠,35,1580,108220,2157,5,8,1,1,1,1,1,1,1,1,1,1,1,0,0,0,1,0,0,0,0,0,1,0,0,1,0,0,0,1,1,0
41450496,코란도,뷰티풀 코란도,92,1480,81198,1497,5,5,2,0,0,1,1,1,1,1,1,1,1,0,0,0,1,0,0,0,1,0,0,0,0,1,0,0,0,1,1,0
41451428,코란도,코란도 투리스모,92,750,52971,1998,9,12,1,1,0,1,1,1,1,1,1,0,1,0,0,0,1,0,0,0,0,0,1,0,0,0,0,1,0,1,1,0
41453499,티볼리,티볼리 에어,105,790,117323,1597,5,10,1,1,1,1,1,1,1,1,1,0,1,0,0,0,1,0,0,0,0,0,1,0,0,0,0,0,1,1,1,0
41453650,코란도,코란도 스포츠,92,530,112355,1998,5,13,2,0,0,0,0,0,0,0,0,0,0,0,0,0,1,0,0,0,0,0,1,0,0,0,0,1,0,1,1,0
41454839,티볼리,베리 뉴 티볼리,105,1490,29790,1497,5,7,3,0,1,1,1,0,1,0,1,1,1,0,0,0,1,0,0,0,1,0,0,0,0,1,0,0,0,1,1,0
41454900,코란도,뉴코란도 C,92,690,57829,2157,5,10,5,0,0,0,1,0,0,1,1,0,1,0,0,0,1,0,0,0,0,0,1,0,0,0,0,1,0,1,1,0
41458456,티볼리,베리 뉴 티볼리,105,1230,47744,1497,5,7,14,0,1,1,1,0,1,1,1,1,1,0,0,0,1,0,0,0,1,0,0,0,0,1,0,0,0,1,1,0
41460031,코란도,코란도 스포츠,92,450,254580,1998,5,14,4,1,0,1,1,1,0,0,1,0,1,0,0,0,1,0,0,0,0,0,1,0,0,0,0,0,1,1,1,0
41462168,렉스턴,G4 렉스턴,35,1580,149843,2157,5,8,0,0,1,1,1,1,1,1,1,1,1,0,0,0,1,0,0,0,0,0,1,0,0,0,1,0,0,1,1,0
41463670,코란도,더 뉴 코란도 스포츠,92,690,210869,2157,5,10,0,0,0,1,1,1,1,1,1,0,1,0,0,0,1,0,0,0,0,0,1,0,0,0,1,0,0,1,1,0
41463864,티볼리,티볼리,105,580,138730,1597,5,10,5,0,0,1,1,0,1,1,1,0,1,0,0,0,1,0,0,0,0,0,1,0,0,0,0,1,0,1,1,0
41465037,렉스턴,슈퍼 렉스턴,35,290,168486,1998,7,15,12,0,0,1,0,1,0,0,1,0,1,0,0,0,1,0,0,0,0,0,1,0,0,0,1,0,0,1,1,0
41465284,티볼리,티볼리 아머,105,1150,55078,1597,5,9,2,0,1,1,1,0,1,1,1,1,1,0,0,0,1,0,0,0,1,0,0,0,0,0,0,0,1,1,1,0
41467060,코란도,뷰티풀 코란도,92,1450,79769,1597,5,6,4,0,0,1,1,1,1,0,1,1,1,0,0,0,1,0,0,0,0,0,1,0,0,1,0,0,0,1,1,0
41467769,티볼리,티볼리 에어,105,1269,106365,1497,5,4,0,1,1,1,1,1,1,1,1,1,1,0,0,0,1,0,0,0,1,0,0,0,0,0,0,1,0,1,1,0
41469290,티볼리,티볼리,105,850,82221,1597,5,9,2,0,0,0,0,0,0,0,0,0,0,0,0,0,1,0,0,0,1,0,0,0,0,1,0,0,0,1,1,0
41470281,티볼리,티볼리,105,650,132868,1597,5,11,10,0,1,1,1,1,1,1,1,1,1,0,0,0,1,0,0,0,0,0,1,0,0,0,0,0,1,1,1,0
41470486,코란도,코란도 스포츠,92,400,203859,1998,5,14,2,1,0,1,1,1,0,1,1,0,1,0,0,0,1,0,0,0,0,0,1,0,0,1,0,0,0,1,1,0
41471243,코란도,뷰티풀 코란도,92,1290,143225,1597,5,7,2,1,1,1,1,1,1,1,1,1,1,0,0,0,1,0,0,0,0,0,1,0,0,0,0,0,1,1,1,0
41471399,코란도,뉴코란도 C,92,490,107724,1998,5,11,3,0,0,1,1,1,1,1,1,0,1,0,0,0,1,0,0,0,0,0,1,0,0,1,0,0,0,1,1,0
41473005,렉스턴,렉스턴 스포츠,35,1640,113441,2157,5,8,2,0,1,1,1,1,1,1,1,1,1,0,0,0,1,0,0,0,0,0,1,0,0,0,0,1,0,1,1,0
41476897,렉스턴,G4 렉스턴,35,1099,179933,2157,5,9,6,0,1,1,1,1,1,0,1,1,1,0,0,0,1,0,0,0,0,0,1,0,0,0,0,1,0,1,1,0
41476923,티볼리,티볼리 아머,105,990,58310,1597,5,8,1,0,0,1,0,0,1,1,1,0,1,0,0,0,1,0,0,0,1,0,0,0,0,0,0,0,1,1,1,0
41477597,티볼리,티볼리,105,599,125816,1597,5,9,15,0,1,1,1,1,1,1,1,0,1,0,0,0,1,0,0,0,1,0,0,0,0,0,0,0,1,1,1,0
41477758,코란도,코란도 투리스모,92,660,76844,1998,9,12,1,0,0,1,1,0,0,0,1,0,1,0,0,0,1,0,0,0,0,0,1,0,0,0,1,0,0,1,1,0
41479105,렉스턴,G4 렉스턴,35,1450,154745,2157,5,9,4,1,1,1,1,1,1,1,1,1,1,0,0,0,1,0,0,0,0,0,1,0,0,0,0,0,1,1,1,0
41479233,티볼리,티볼리,105,1050,32401,1597,5,10,3,0,0,1,1,0,1,1,1,0,1,0,0,0,1,0,0,0,1,0,0,0,0,1,0,0,0,1,1,0
41484011,티볼리,티볼리 에어,105,1330,60311,1497,5,5,4,0,1,1,1,0,1,1,1,0,1,0,0,0,1,0,0,0,1,0,0,0,0,0,0,0,1,1,1,0
41484159,렉스턴,G4 렉스턴,35,1550,164946,2157,7,8,2,0,1,1,1,1,1,1,1,1,1,0,0,0,1,0,0,0,0,0,1,0,0,1,0,0,0,1,1,0
41484205,티볼리,베리 뉴 티볼리,105,1520,76623,1497,5,4,1,0,1,1,1,0,1,1,1,1,1,0,0,0,1,0,0,0,1,0,0,0,0,1,0,0,0,1,1,0
41484403,티볼리,티볼리,105,890,98165,1597,5,9,3,0,0,1,1,0,1,1,1,0,1,0,0,0,1,0,0,0,1,0,0,0,0,0,0,0,1,1,1,0
41484767,티볼리,베리 뉴 티볼리,105,1650,31193,1497,5,4,0,0,1,1,1,0,1,1,1,1,1,0,0,0,1,0,0,0,1,0,0,0,0,0,1,0,0,1,1,0
41487607,코란도,코란도 C,92,375,150525,1998,5,14,8,1,0,1,0,1,1,1,1,0,1,0,0,0,1,0,0,0,0,0,1,0,0,0,1,0,0,1,1,0
41487866,코란도,뉴코란도 C,92,369,178660,1998,5,12,2,1,0,1,1,1,1,1,1,1,1,0,0,0,1,0,0,0,0,0,1,0,0,1,0,0,0,1,1,0
41488473,코란도,코란도 C,92,350,170720,1998,5,13,2,1,0,1,1,1,1,1,1,0,1,0,0,0,1,0,0,0,0,0,1,0,0,1,0,0,0,1,1,0
41488559,코란도,코란도 투리스모,92,1350,99978,2157,9,10,4,0,1,1,1,1,1,1,1,0,1,0,0,0,1,0,0,0,0,0,1,0,0,0,1,0,0,1,1,0
41490275,렉스턴,렉스턴 스포츠 칸,35,1430,195784,2157,5,6,2,0,0,0,0,0,0,0,0,0,0,0,0,0,1,0,0,0,0,0,1,0,0,1,0,0,0,1,1,0
41491711,티볼리,베리 뉴 티볼리,105,1500,35480,1497,5,7,2,0,1,1,1,0,1,1,1,1,1,0,0,0,1,0,0,0,1,0,0,0,0,1,0,0,0,1,1,0
41492100,코란도,뉴 스타일 코란도 C,92,390,244550,2157,5,8,0,0,0,1,0,0,1,0,1,1,1,0,0,0,1,0,0,0,0,0,1,0,0,0,0,1,0,1,1,0
41492724,렉스턴,렉스턴 W,35,590,163091,2157,5,11,5,0,0,1,1,1,1,1,1,1,1,0,0,0,1,0,0,0,0,0,1,0,0,1,0,0,0,1,1,0
41493816,티볼리,베리 뉴 티볼리,105,899,143471,1497,5,7,8,0,0,1,1,0,1,1,1,0,1,0,0,0,1,0,0,0,1,0,0,0,0,1,0,0,0,1,1,0
41494483,티볼리,티볼리 아머,105,1250,54283,1597,5,8,4,0,1,1,1,0,1,1,1,1,1,0,0,0,1,0,0,0,1,0,0,0,0,1,0,0,0,1,1,0
41494683,렉스턴,G4 렉스턴,35,1570,90895,2157,7,9,16,1,1,1,1,0,1,1,1,1,1,0,0,0,1,0,0,0,0,0,1,0,0,0,1,0,0,1,1,0
41495135,렉스턴,렉스턴 W,35,270,300809,1998,7,12,12,1,0,1,1,1,1,0,1,0,1,0,0,0,1,0,0,0,0,0,1,0,0,0,1,0,0,1,1,0
41497202,티볼리,베리 뉴 티볼리,105,990,145427,1497,5,6,8,0,0,1,1,0,1,1,1,0,1,0,0,0,1,0,0,0,1,0,0,0,0,1,0,0,0,1,1,0
41498862,코란도,코란도 스포츠,92,540,196503,1998,5,11,11,1,0,1,1,1,1,1,1,0,1,0,0,0,1,0,0,0,0,0,1,0,0,0,0,1,0,1,1,0
41500188,티볼리,티볼리,105,599,138925,1597,5,10,14,1,0,1,0,0,1,1,1,0,1,0,0,0,1,0,0,0,1,0,0,0,0,0,1,0,0,1,1,0
41500920,티볼리,티볼리 아머,105,1130,99893,1597,5,9,2,0,0,0,0,0,0,0,0,0,0,0,0,0,1,0,0,0,0,0,1,0,0,1,0,0,0,1,1,0
41501135,티볼리,티볼리 에어,105,1220,66078,1597,5,8,0,0,1,1,1,1,1,1,1,0,1,0,0,0,1,0,0,0,1,0,0,0,0,1,0,0,0,1,1,0
41501964,렉스턴,렉스턴 스포츠 칸,35,1699,94942,2157,5,7,1,0,0,1,1,1,1,1,1,1,1,0,0,0,1,0,0,0,0,0,1,0,0,0,0,1,0,1,1,0
41503909,티볼리,베리 뉴 티볼리,105,1290,76794,1597,5,6,6,0,1,1,1,1,1,1,1,1,1,0,0,0,1,0,0,0,0,0,1,0,0,0,0,0,1,1,1,0
41503941,티볼리,티볼리,105,720,102574,1597,5,11,8,0,0,1,1,1,1,1,1,1,1,0,0,0,1,0,0,0,1,0,0,0,0,0,0,0,1,1,1,0
41506429,코란도,뷰티풀 코란도,92,1290,68241,1597,5,7,4,0,1,1,1,0,1,1,1,1,1,0,0,0,1,0,0,0,0,0,1,0,0,1,0,0,0,1,1,0
41506838,티볼리,티볼리 에어,105,1090,99022,1597,5,7,1,0,0,1,1,0,1,1,1,0,1,0,0,0,1,0,0,0,1,0,0,0,0,0,0,1,0,1,1,0
41507010,티볼리,티볼리,105,770,92036,1597,5,11,9,0,0,1,1,1,1,1,1,0,1,0,0,0,1,0,0,0,1,0,0,0,0,1,0,0,0,1,1,0
41510256,티볼리,티볼리,105,930,66154,1597,5,11,0,0,1,1,1,1,1,1,1,1,1,0,0,0,1,0,0,0,0,0,1,0,0,0,0,1,0,1,1,0
41510396,티볼리,티볼리 아머,105,730,112764,1597,5,8,11,0,1,1,1,1,1,1,1,1,1,0,0,0,1,0,0,0,1,0,0,0,0,0,0,0,1,1,1,0
41511162,티볼리,티볼리,105,680,147264,1597,5,10,4,0,0,1,1,0,1,1,1,0,1,0,0,0,1,0,0,0,1,0,0,0,0,1,0,0,0,1,1,0
41512581,티볼리,티볼리,105,520,133359,1597,5,11,17,0,1,1,1,1,1,1,1,1,1,0,0,0,1,0,0,0,0,0,1,0,0,1,0,0,0,1,1,0
41513279,티볼리,티볼리 에어,105,1050,73000,1597,5,10,3,1,0,1,1,0,1,1,1,1,1,0,0,0,1,0,0,0,1,0,0,0,0,1,0,0,0,1,1,0
41514975,티볼리,티볼리 아머,105,720,140760,1597,5,9,3,0,1,1,1,1,1,1,1,1,1,0,0,0,1,0,0,0,0,0,1,0,0,0,0,1,0,1,1,0
41515524,티볼리,티볼리 아머,105,890,107381,1597,5,7,9,0,0,1,1,0,1,1,1,1,1,0,0,0,1,0,0,0,1,0,0,0,0,1,0,0,0,1,1,0
41516096,렉스턴,렉스턴 W,35,350,310182,1998,7,14,4,1,0,1,0,1,1,0,1,0,1,0,0,0,1,0,0,0,0,0,1,0,0,0,0,1,0,1,1,0
41517345,코란도,코란도 스포츠,92,650,157302,1998,5,11,0,0,0,1,1,1,0,1,1,0,1,0,0,0,1,0,0,0,0,0,1,0,0,0,0,1,0,1,1,0
41517719,티볼리,티볼리,105,699,88108,1597,5,10,0,0,0,1,1,0,1,1,1,0,1,0,0,0,1,0,0,0,0,0,1,0,0,1,0,0,0,1,1,0
41519402,코란도,뉴코란도 C,92,515,131620,2157,5,11,0,1,1,1,1,1,1,1,1,0,1,0,0,0,1,0,0,0,0,0,1,0,0,1,0,0,0,1,1,0
41523223,코란도,코란도 스포츠,92,590,98800,1998,5,13,2,0,0,1,0,0,0,0,1,0,0,0,0,0,1,0,0,0,0,0,1,0,0,0,0,0,1,1,1,0
41524425,티볼리,티볼리 아머,105,1190,69493,1597,5,7,2,0,0,0,1,0,1,1,1,0,1,0,0,0,1,0,0,0,1,0,0,0,0,1,0,0,0,1,1,0
41524586,렉스턴,렉스턴 스포츠,35,1510,117232,2157,5,6,4,0,1,1,1,1,1,1,1,1,1,0,0,0,1,0,0,0,0,0,1,0,0,0,0,0,1,1,1,0
41525018,코란도,뷰티풀 코란도,92,1130,96347,1597,5,7,0,0,0,1,1,0,0,0,1,0,1,0,0,0,1,0,0,0,0,0,1,0,0,1,0,0,0,1,1,0
41525105,티볼리,티볼리 아머,105,1180,98808,1597,5,8,1,0,1,1,1,0,1,1,1,1,1,0,0,0,1,0,0,0,1,0,0,0,0,1,0,0,0,1,1,0
41527698,코란도,코란도 투리스모,92,430,223331,1998,9,11,0,0,0,1,1,1,1,1,1,0,1,0,0,0,1,0,0,0,0,0,1,0,0,0,0,1,0,1,1,0
41527725,렉스턴,렉스턴 W,35,559,159627,2157,5,10,2,0,0,1,1,1,0,0,1,0,1,0,0,0,1,0,0,0,0,0,1,0,0,0,0,1,0,1,1,0
41528253,체어맨,뉴체어맨,84,580,36657,3199,5,20,1,0,0,1,1,1,0,0,1,0,1,0,0,0,1,0,0,0,1,0,0,0,0,0,1,0,0,1,0,1
41529211,티볼리,티볼리,105,499,159076,1597,5,11,7,0,0,1,1,0,1,1,1,0,1,0,0,0,1,0,0,0,0,0,1,0,0,0,0,0,1,1,1,0
41529910,코란도,코란도 투리스모,92,550,83782,1998,11,12,6,0,0,1,1,0,1,1,1,0,1,0,0,0,1,0,0,0,0,0,1,0,0,0,1,0,0,1,1,0
41534242,티볼리,티볼리 에어,105,870,120284,1597,5,10,0,0,1,1,1,1,1,1,1,0,1,0,0,0,1,0,0,0,1,0,0,0,0,1,0,0,0,1,1,0
41534470,티볼리,티볼리 에어,105,670,189944,1597,5,9,3,1,1,1,1,1,1,1,1,0,1,0,0,0,1,0,0,0,1,0,0,0,0,0,0,0,1,1,1,0
41534729,렉스턴,렉스턴 스포츠,35,1630,103100,2157,5,8,6,0,1,1,1,1,1,1,1,1,1,0,0,0,1,0,0,0,0,0,1,0,0,0,0,0,1,1,1,0
41534765,코란도,뉴코란도 C,92,510,97855,1998,5,12,0,0,0,1,1,1,1,1,1,1,1,0,0,0,1,0,0,0,0,0,1,0,0,1,0,0,0,1,1,0
41534912,렉스턴,렉스턴 스포츠,35,1590,97215,2157,5,8,2,0,0,0,0,0,0,0,0,0,0,0,0,0,1,0,0,0,0,0,1,0,0,0,0,1,0,1,1,0
41536005,렉스턴,G4 렉스턴,35,1670,128689,2157,7,8,0,0,1,1,1,0,1,1,1,1,1,0,0,0,1,0,0,0,0,0,1,0,0,0,0,1,0,1,1,0
41536521,렉스턴,렉스턴 스포츠,35,1399,137930,2157,5,8,6,0,0,1,1,1,1,1,1,0,1,0,0,0,1,0,0,0,0,0,1,0,0,0,1,0,0,1,1,0
41537053,렉스턴,렉스턴 스포츠,35,1440,115569,2157,5,8,5,0,0,1,1,0,1,1,1,0,1,0,0,0,1,0,0,0,0,0,1,0,0,0,0,0,1,1,1,0
41537070,코란도,뷰티풀 코란도,92,1440,69390,1497,5,7,8,0,1,1,1,0,1,1,1,1,1,0,0,0,1,0,0,0,1,0,0,0,0,0,0,0,1,1,1,0
41538752,코란도,코란도 스포츠,92,450,142529,1998,5,12,14,0,0,1,1,1,0,1,1,0,1,0,0,0,1,0,0,0,0,0,1,0,0,0,0,1,0,1,1,0
41539639,코란도,뷰티풀 코란도,92,1480,71900,1597,5,5,0,0,0,1,1,1,1,1,1,1,1,0,0,0,1,0,0,0,0,0,1,0,0,1,0,0,0,1,1,0
41541842,렉스턴,슈퍼 렉스턴,35,359,149508,1998,7,15,3,0,0,1,1,1,0,1,1,0,1,0,0,0,1,0,0,0,0,0,1,0,0,0,1,0,0,1,1,0
41542755,티볼리,티볼리 아머,105,920,108953,1597,5,8,1,0,0,1,1,0,1,1,1,0,1,0,0,0,1,0,0,0,1,0,0,0,0,1,0,0,0,1,1,0
41542953,티볼리,티볼리,105,700,107124,1597,5,11,14,0,0,1,1,1,1,1,1,0,1,0,0,0,1,0,0,0,1,0,0,0,0,0,0,0,1,1,1,0
41543413,코란도,뉴코란도 C,92,450,147809,2157,5,11,14,1,1,1,1,1,1,1,1,1,1,0,0,0,1,0,0,0,0,0,1,0,0,1,0,0,0,1,1,0
41543478,티볼리,티볼리 에어,105,859,109365,1597,5,8,2,0,0,1,1,0,1,1,1,0,1,0,0,0,1,0,0,0,0,0,1,0,0,1,0,0,0,1,1,0
41544211,티볼리,티볼리 아머,105,890,109327,1597,5,8,12,0,0,1,1,0,1,1,1,0,1,0,0,0,1,0,0,0,1,0,0,0,0,0,0,0,1,1,1,0
41546491,렉스턴,렉스턴 스포츠 칸,35,1620,60680,2157,5,7,2,0,1,1,1,1,1,1,1,1,1,0,0,0,1,0,0,0,0,0,1,0,0,0,0,1,0,1,1,0
41546748,코란도,코란도 투리스모,92,820,132969,2157,9,9,4,0,1,1,1,1,1,0,1,1,1,0,0,0,1,0,0,0,0,0,1,0,0,1,0,0,0,1,1,0
41547969,티볼리,티볼리,105,820,67454,1597,5,11,2,0,0,1,1,0,1,1,1,0,1,0,0,0,1,0,0,0,0,0,1,0,0,1,0,0,0,1,1,0
41548047,티볼리,티볼리 아머,105,1150,73538,1597,5,8,2,0,0,1,1,0,1,1,1,0,1,0,0,0,1,0,0,0,0,0,1,0,0,1,0,0,0,1,1,0
41548113,코란도,뷰티풀 코란도,92,1190,112084,1597,5,7,1,1,1,1,1,1,1,1,1,1,1,0,0,0,1,0,0,0,0,0,1,0,0,0,0,0,1,1,1,0
41548341,코란도,더 뉴 코란도 스포츠,92,1090,128726,2157,5,9,5,0,0,1,1,1,1,1,1,1,1,0,0,0,1,0,0,0,0,0,1,0,0,1,0,0,0,1,1,0
41549273,코란도,코란도 투리스모,92,450,160194,2157,11,10,8,0,1,1,1,1,1,0,1,0,1,0,0,0,1,0,0,0,0,0,1,0,0,0,0,0,1,1,1,0
41549305,코란도,뷰티풀 코란도,92,1050,193122,1597,5,5,1,0,0,1,1,1,1,1,1,1,1,0,0,0,1,0,0,0,0,0,1,0,0,1,0,0,0,1,1,0
41550025,티볼리,티볼리 에어,105,870,126334,1597,5,10,5,1,1,1,1,1,1,1,1,0,1,0,0,0,1,0,0,0,1,0,0,0,0,0,0,0,1,1,1,0
41550695,티볼리,티볼리 에어,105,1120,54479,1597,5,8,2,0,0,1,1,0,1,1,1,0,1,0,0,0,1,0,0,0,0,0,1,0,0,1,0,0,0,1,1,0
41550884,티볼리,티볼리 에어,105,490,163926,1597,5,10,2,0,0,0,0,0,0,0,0,0,0,0,0,0,1,0,0,0,0,0,1,0,0,0,0,1,0,1,1,0
41551136,티볼리,티볼리 에어,105,1300,47960,1597,5,9,2,1,0,1,1,0,1,1,1,0,1,0,0,0,1,0,0,0,0,0,1,0,0,1,0,0,0,1,1,0
41551458,티볼리,티볼리,105,650,153893,1597,5,9,0,0,0,1,1,0,1,1,1,0,1,0,0,0,1,0,0,0,1,0,0,0,0,0,0,0,1,1,1,0
41551845,코란도,뷰티풀 코란도,92,1250,121465,1497,5,6,0,0,0,1,1,0,1,1,1,0,1,0,0,0,1,0,0,0,1,0,0,0,0,1,0,0,0,1,1,0
41552335,코란도,코란도 스포츠,92,490,251277,1998,5,11,3,1,0,1,1,1,1,1,1,0,1,0,0,0,1,0,0,0,0,0,1,0,0,0,0,1,0,1,1,0
41555086,코란도,더 뉴 코란도 스포츠,92,1240,72824,2157,5,9,0,0,0,1,1,0,1,0,1,1,1,0,0,0,1,0,0,0,0,0,1,0,0,0,0,1,0,1,1,0
41557453,렉스턴,렉스턴 스포츠,35,1390,63464,2157,5,7,3,0,0,1,0,0,1,0,1,0,1,0,0,0,1,0,0,0,0,0,1,0,0,0,0,1,0,1,1,0
41558972,티볼리,티볼리,105,730,118303,1597,5,11,7,1,1,1,1,1,1,0,1,1,1,0,0,0,1,0,0,0,1,0,0,0,0,0,1,0,0,1,1,0
41560778,티볼리,베리 뉴 티볼리,105,1330,59309,1497,5,5,0,0,0,1,1,0,1,1,1,0,1,0,0,0,1,0,0,0,1,0,0,0,0,1,0,0,0,1,1,0
41561382,렉스턴,렉스턴 스포츠,35,1249,134548,2157,5,8,5,0,0,1,1,1,1,1,1,1,1,0,0,0,1,0,0,0,0,0,1,0,0,0,0,0,1,1,1,0
41561954,티볼리,티볼리 에어,105,530,182472,1597,5,10,7,0,1,1,1,1,1,0,1,1,1,0,0,0,1,0,0,0,0,0,1,0,0,1,0,0,0,1,1,0
41563406,코란도,코란도 투리스모,92,699,266308,2157,9,9,3,0,1,1,1,1,1,0,1,1,1,0,0,0,1,0,0,0,0,0,1,0,0,1,0,0,0,1,1,0
41563545,티볼리,티볼리,105,850,126598,1597,5,10,6,0,1,1,1,1,1,1,1,1,1,0,0,0,1,0,0,0,1,0,0,0,0,1,0,0,0,1,1,0
41563742,액티언,액티언 스포츠,71,249,127083,1998,5,20,2,0,0,0,0,0,0,0,0,0,0,0,0,0,1,0,0,0,0,0,1,0,0,0,0,1,0,1,1,0
41565589,티볼리,티볼리,105,559,162775,1597,5,11,4,0,0,1,1,1,1,0,1,1,1,0,0,0,1,0,0,0,1,0,0,0,0,1,0,0,0,1,1,0
41566561,코란도,뷰티풀 코란도,92,1440,49989,1597,5,7,2,0,0,0,0,0,0,0,0,0,0,0,0,0,1,0,0,0,0,0,1,0,0,0,0,0,1,1,1,0
41566609,티볼리,티볼리 에어,105,1250,61716,1497,5,6,14,0,1,1,1,0,1,1,1,1,1,0,0,0,1,0,0,0,1,0,0,0,0,1,0,0,0,1,1,0
41567195,코란도,뉴코란도 C,92,250,269557,1998,5,12,1,1,0,1,1,1,1,1,1,0,1,0,0,0,1,0,0,0,0,0,1,0,0,0,1,0,0,1,1,0
41567717,티볼리,티볼리,105,490,188604,1597,5,11,6,0,1,1,1,1,1,1,1,1,1,0,0,0,1,0,0,0,0,0,1,0,0,0,0,0,1,1,1,0
41568257,티볼리,티볼리,105,589,103988,1597,5,10,2,0,1,1,1,1,1,0,1,1,1,0,0,0,1,0,0,0,1,0,0,0,0,0,0,0,1,1,1,0
41568572,티볼리,티볼리,105,799,57426,1597,5,11,2,0,0,0,0,0,0,0,0,0,0,0,0,0,1,0,0,0,1,0,0,0,0,1,0,0,0,1,1,0
41569252,티볼리,티볼리,105,650,123901,1597,5,11,12,0,0,1,1,1,1,1,1,0,1,0,0,0,1,0,0,0,1,0,0,0,0,1,0,0,0,1,1,0
41569730,티볼리,티볼리,105,620,101054,1597,5,11,7,1,0,1,1,0,1,0,1,0,1,0,0,0,1,0,0,0,0,0,1,0,0,1,0,0,0,1,1,0
41571678,티볼리,티볼리 에어,105,1010,87904,1597,5,10,2,1,1,1,1,1,1,1,1,0,1,0,0,0,1,0,0,0,0,0,1,0,0,1,0,0,0,1,1,0
41573109,코란도,뷰티풀 코란도,92,1330,109183,1497,5,7,6,0,1,1,1,1,1,1,1,1,1,0,0,0,1,0,0,0,1,0,0,0,0,0,0,1,0,1,1,0
41576186,티볼리,티볼리 아머,105,1000,82143,1597,5,7,0,0,0,1,1,0,1,1,1,0,1,0,0,0,1,0,0,0,0,0,1,0,0,1,0,0,0,1,1,0
41577254,렉스턴,렉스턴 W,35,980,94636,2157,5,11,2,1,1,1,1,1,1,1,1,1,1,0,0,0,1,0,0,0,0,0,1,0,0,1,0,0,0,1,1,0
41578023,티볼리,티볼리,105,490,227123,1597,5,11,4,1,1,1,1,1,1,1,1,1,1,0,0,0,1,0,0,0,0,0,1,0,0,1,0,0,0,1,1,0
41578609,코란도,코란도 투리스모,92,399,226083,1998,9,11,2,0,1,1,0,1,1,0,1,0,1,0,0,0,1,0,0,0,0,0,1,0,0,1,0,0,0,1,1,0
41582789,코란도,코란도 투리스모,92,625,104951,1998,11,13,2,1,0,1,1,1,1,1,1,0,1,0,0,0,1,0,0,0,0,0,1,0,0,0,1,0,0,1,1,0
41583020,티볼리,티볼리 에어,105,940,119860,1597,5,9,2,0,1,1,1,1,1,1,1,1,1,0,0,0,1,0,0,0,1,0,0,0,0,0,0,1,0,1,1,0
41583342,티볼리,티볼리 아머,105,1200,64152,1597,5,9,0,0,1,1,1,0,1,0,1,1,1,0,0,0,1,0,0,0,1,0,0,0,0,0,0,0,1,1,1,0
41583408,티볼리,베리 뉴 티볼리,105,1330,73105,1497,5,6,2,0,0,1,1,0,1,1,1,0,1,0,0,0,1,0,0,0,1,0,0,0,0,1,0,0,0,1,1,0
41583667,코란도,더 뉴 코란도 스포츠,92,420,306775,2157,5,10,3,0,0,1,0,1,1,1,1,1,1,0,0,0,1,0,0,0,0,0,1,0,0,0,1,0,0,1,1,0
41583761,티볼리,티볼리,105,550,135886,1597,5,11,4,0,0,0,1,0,0,1,0,0,0,0,0,0,1,0,0,0,1,0,0,0,0,0,0,0,1,1,1,0
41583918,렉스턴,G4 렉스턴,35,1599,141534,2157,5,8,0,0,1,1,1,1,1,1,1,1,1,0,0,0,1,0,0,0,0,0,1,0,0,0,0,0,1,1,1,0
41586157,코란도,코란도 스포츠,92,299,193282,1998,5,13,1,0,0,1,0,1,0,1,1,0,1,0,0,0,1,0,0,0,0,0,1,0,0,0,0,1,0,1,1,0
41586584,코란도,코란도 투리스모,92,490,236973,2157,9,11,10,0,1,1,1,1,1,0,1,0,1,0,0,0,1,0,0,0,0,0,1,0,0,0,1,0,0,1,1,0
41587589,코란도,뉴코란도 C,92,440,135964,1998,5,11,18,0,0,1,1,1,1,0,1,0,1,0,0,0,1,0,0,0,0,0,1,0,0,1,0,0,0,1,1,0
41587821,코란도,뉴코란도 C,92,530,88133,1998,5,12,2,1,0,1,1,1,1,1,1,1,1,0,0,0,1,0,0,0,0,0,1,0,0,1,0,0,0,1,1,0
41588268,렉스턴,렉스턴 스포츠,35,1190,125903,2157,5,8,0,0,0,1,1,0,1,0,1,0,1,0,0,0,1,0,0,0,0,0,1,0,0,0,0,1,0,1,1,0
41589108,코란도,코란도 스포츠,92,630,222877,1998,5,11,18,0,0,1,1,1,1,1,1,0,1,0,0,0,1,0,0,0,0,0,1,0,0,1,0,0,0,1,1,0
41589682,티볼리,티볼리 에어,105,1470,74686,1497,5,5,0,0,1,1,1,0,1,1,1,1,1,0,0,0,1,0,0,0,1,0,0,0,0,1,0,0,0,1,1,0
41591080,코란도,뉴코란도 C,92,600,118384,2157,5,11,3,0,1,1,1,1,1,1,1,1,1,0,0,0,1,0,0,0,0,0,1,0,0,0,0,1,0,1,1,0
41591123,코란도,뉴코란도 C,92,660,88185,1998,5,12,5,0,0,1,1,1,1,1,1,1,1,0,0,0,1,0,0,0,0,0,1,0,0,1,0,0,0,1,1,0
41591169,티볼리,베리 뉴 티볼리,105,1150,85035,1597,5,7,2,0,0,1,1,0,1,1,1,0,1,0,0,0,1,0,0,0,0,0,1,0,0,1,0,0,0,1,1,0
41591587,코란도,더 뉴 코란도 스포츠,92,950,133524,2157,5,9,0,0,0,1,1,1,1,1,1,1,1,0,0,0,1,0,0,0,0,0,1,0,0,0,0,1,0,1,1,0
41592090,티볼리,티볼리,105,760,119632,1597,5,10,3,0,0,1,1,0,1,1,1,0,1,0,0,0,1,0,0,0,1,0,0,0,0,0,0,0,1,1,1,0
41593881,렉스턴,슈퍼 렉스턴,35,290,222537,1998,7,15,7,1,0,1,1,1,0,1,1,0,1,0,0,0,1,0,0,0,0,0,1,0,0,1,0,0,0,1,1,0
41593955,렉스턴,G4 렉스턴,35,1590,117411,2157,7,8,4,0,1,1,1,0,1,1,1,1,1,0,0,0,1,0,0,0,0,0,1,0,0,0,0,1,0,1,1,0
41594306,티볼리,티볼리 아머,105,1090,79383,1597,5,7,12,0,1,1,1,1,1,1,1,1,1,0,0,0,1,0,0,0,1,0,0,0,0,1,0,0,0,1,1,0
41594337,티볼리,티볼리 에어,105,1120,54950,1597,5,7,0,1,0,1,1,0,1,0,1,0,1,0,0,0,1,0,0,0,0,0,1,0,0,1,0,0,0,1,1,0
41596446,코란도,코란도 투리스모,92,1250,122510,2157,9,8,0,0,0,1,1,1,1,1,1,1,1,0,0,0,1,0,0,0,0,0,1,0,0,1,0,0,0,1,1,0
41597227,코란도,뷰티풀 코란도,92,1600,106262,1597,5,7,2,1,1,1,1,1,1,1,1,1,1,0,0,0,1,0,0,0,0,0,1,0,0,1,0,0,0,1,1,0
41597350,티볼리,티볼리 에어,105,860,65888,1597,5,10,11,0,0,1,1,0,1,1,1,0,1,0,0,0,1,0,0,0,0,0,1,0,0,1,0,0,0,1,1,0
41598697,티볼리,베리 뉴 티볼리,105,899,124054,1497,5,7,9,0,0,1,1,0,1,1,1,0,1,0,0,0,1,0,0,0,1,0,0,0,0,1,0,0,0,1,1,0
41598786,티볼리,베리 뉴 티볼리,105,1450,50277,1497,5,5,0,0,0,1,1,0,1,1,1,0,1,0,0,0,1,0,0,0,1,0,0,0,0,1,0,0,0,1,1,0
41602626,코란도,뉴코란도 C,92,480,104551,1998,5,11,13,0,0,1,1,1,1,1,1,1,1,0,0,0,1,0,0,0,0,0,1,0,0,1,0,0,0,1,1,0
41604102,티볼리,티볼리,105,499,166685,1597,5,11,14,0,0,1,1,0,1,1,1,0,1,0,0,0,1,0,0,0,0,0,1,0,0,1,0,0,0,1,1,0
41604664,티볼리,베리 뉴 티볼리,105,1530,34316,1497,5,5,2,0,0,1,1,0,1,1,1,0,1,0,0,0,1,0,0,0,1,0,0,0,0,1,0,0,0,1,1,0
41605103,티볼리,베리 뉴 티볼리,105,1530,39333,1497,5,6,7,0,0,1,1,0,1,1,1,0,1,0,0,0,1,0,0,0,1,0,0,0,0,0,0,0,1,1,1,0
41605344,티볼리,티볼리,105,620,152101,1597,5,11,12,0,0,1,1,1,1,0,1,1,1,0,0,0,1,0,0,0,1,0,0,0,0,0,0,1,0,1,1,0
41606235,티볼리,베리 뉴 티볼리,105,1330,96694,1497,5,4,4,0,0,1,1,0,1,1,1,1,1,0,0,0,1,0,0,0,1,0,0,0,0,1,0,0,0,1,1,0
41607109,티볼리,베리 뉴 티볼리,105,1120,101218,1497,5,5,4,0,0,1,1,0,1,0,1,0,1,0,0,0,1,0,0,0,1,0,0,0,0,1,0,0,0,1,1,0
41609653,코란도,뉴코란도 C,92,270,157000,1998,5,13,1,1,0,1,1,1,1,1,1,0,1,0,0,0,1,0,0,0,0,0,1,0,0,1,0,0,0,1,1,0
41610179,티볼리,티볼리 에어,105,679,98470,1597,5,10,12,0,0,1,1,0,1,0,1,0,1,0,0,0,1,0,0,0,0,0,1,0,0,1,0,0,0,1,1,0
41610503,코란도,더 뉴 코란도 스포츠,92,1220,82052,2157,5,9,0,0,0,1,1,1,1,1,1,1,1,0,0,0,1,0,0,0,0,0,1,0,0,0,0,0,1,1,1,0
41612009,티볼리,티볼리 아머,105,860,102990,1597,5,7,3,0,0,0,1,0,1,1,1,0,1,0,0,0,1,0,0,0,0,0,1,0,0,1,0,0,0,1,1,0
41612369,렉스턴,G4 렉스턴,35,1390,130969,2157,5,8,9,0,1,1,1,0,1,1,1,1,1,0,0,0,1,0,0,0,0,0,1,0,0,1,0,0,0,1,1,0
41612393,코란도,코란도 스포츠,92,620,169253,1998,5,10,4,0,0,1,0,0,1,0,1,0,1,0,0,0,1,0,0,0,0,0,1,0,0,0,0,1,0,1,1,0
41612558,코란도,코란도 투리스모,92,580,138392,2157,9,10,0,1,0,1,1,1,1,0,1,0,1,0,0,0,1,0,0,0,0,0,1,0,0,1,0,0,0,1,1,0
41613606,티볼리,베리 뉴 티볼리,105,1330,82057,1497,5,7,8,0,1,1,1,0,1,1,1,1,1,0,0,0,1,0,0,0,1,0,0,0,0,1,0,0,0,1,1,0
41613838,코란도,코란도 투리스모,92,390,164947,1998,11,11,13,0,0,1,0,0,0,0,1,0,1,0,0,0,1,0,0,0,0,0,1,0,0,0,0,0,1,1,1,0
41615290,코란도,뉴코란도 C,92,690,100206,2157,5,10,5,0,1,1,1,1,1,1,1,1,1,0,0,0,1,0,0,0,0,0,1,0,0,0,0,1,0,1,1,0
41615358,티볼리,티볼리 아머,105,870,62813,1597,5,9,3,0,0,1,1,0,1,1,1,0,1,0,0,0,1,0,0,0,0,0,1,0,0,1,0,0,0,1,1,0
41616293,코란도,뉴 스타일 코란도 C,92,850,100937,2157,5,9,9,0,1,1,1,1,1,1,1,1,1,0,0,0,1,0,0,0,0,0,1,0,0,1,0,0,0,1,1,0
41616474,렉스턴,렉스턴 W,35,930,83203,1998,7,11,5,0,1,1,1,1,1,1,1,1,1,0,0,0,1,0,0,0,0,0,1,0,0,0,1,0,0,1,1,0
41616900,티볼리,티볼리,105,500,185354,1597,5,11,0,0,0,1,1,1,1,0,1,1,1,0,0,0,1,0,0,0,1,0,0,0,0,1,0,0,0,1,1,0
41617220,코란도,코란도 스포츠,92,590,227945,1998,5,11,5,0,0,1,1,1,1,1,1,0,1,0,0,0,1,0,0,0,0,0,1,0,0,0,1,0,0,1,1,0
41619526,코란도,코란도 투리스모,92,920,114208,1998,11,12,1,0,0,1,1,1,1,1,1,0,1,0,0,0,1,0,0,0,0,0,1,0,0,0,1,0,0,1,1,0
41620008,코란도,뷰티풀 코란도,92,1690,49560,1497,5,4,7,0,1,1,1,1,1,1,1,1,1,0,0,0,1,0,0,0,1,0,0,0,0,0,0,1,0,1,1,0
41620193,티볼리,티볼리 에어,105,1350,26348,1597,5,8,5,0,0,1,1,0,1,1,1,0,1,0,0,0,1,0,0,0,1,0,0,0,0,0,0,0,1,1,1,0
41620200,티볼리,베리 뉴 티볼리,105,1030,107819,1497,5,7,3,0,0,1,1,0,1,0,1,1,1,0,0,0,1,0,0,0,1,0,0,0,0,0,0,1,0,1,1,0
41620979,티볼리,티볼리,105,650,106673,1597,5,9,14,0,0,1,1,0,1,1,1,0,1,0,0,0,1,0,0,0,0,0,1,0,0,1,0,0,0,1,1,0
41622774,렉스턴,렉스턴 W,35,399,188975,1998,7,14,4,1,0,1,0,1,1,0,1,0,1,0,0,0,1,0,0,0,0,0,1,0,0,0,0,1,0,1,1,0
41622990,코란도,코란도 스포츠,92,950,36798,1998,5,12,9,0,0,1,1,1,0,1,1,0,1,0,0,0,1,0,0,0,0,0,1,0,0,0,1,0,0,1,1,0
41624197,렉스턴,렉스턴 스포츠,35,1250,163016,2157,5,8,0,0,0,1,1,1,1,1,1,0,1,0,0,0,1,0,0,0,0,0,1,0,0,0,1,0,0,1,1,0
41624380,코란도,뷰티풀 코란도,92,1490,56721,1597,5,7,3,0,1,1,1,0,1,1,1,1,1,0,0,0,1,0,0,0,0,0,1,0,0,0,0,1,0,1,1,0
41626276,티볼리,베리 뉴 티볼리,105,1670,12798,1497,5,5,0,0,1,1,1,0,1,1,1,1,1,0,0,0,1,0,0,0,1,0,0,0,0,1,0,0,0,1,1,0
41626392,티볼리,티볼리 아머,105,880,71827,1597,5,7,7,0,0,1,1,0,1,1,1,0,1,0,0,0,1,0,0,0,1,0,0,0,0,1,0,0,0,1,1,0
41626664,티볼리,티볼리,105,770,101826,1597,5,9,12,0,0,1,1,0,1,0,1,0,1,0,0,0,1,0,0,0,1,0,0,0,0,1,0,0,0,1,1,0
41626917,코란도,뉴코란도 C,92,670,57716,1998,5,13,0,1,0,1,1,1,1,1,1,1,1,0,0,0,1,0,0,0,0,0,1,0,0,1,0,0,0,1,1,0
41627191,티볼리,티볼리 아머,105,1090,34965,1597,5,9,7,1,0,1,1,0,1,1,1,0,1,0,0,0,1,0,0,0,1,0,0,0,0,1,0,0,0,1,1,0
41627665,렉스턴,렉스턴 스포츠,35,1590,127463,2157,5,8,1,1,1,1,1,1,1,1,1,1,1,0,0,0,1,0,0,0,0,0,1,0,0,0,0,1,0,1,1,0
41628905,코란도,뉴코란도 C,92,590,124464,1998,5,11,6,1,0,1,1,1,1,1,1,0,1,0,0,0,1,0,0,0,0,0,1,0,0,1,0,0,0,1,1,0
41630727,렉스턴,렉스턴 스포츠 칸,35,1690,139243,2157,5,5,1,0,1,1,1,0,1,1,1,1,1,0,0,0,1,0,0,0,0,0,1,0,0,0,1,0,0,1,1,0
41630888,티볼리,티볼리 에어,105,1070,158556,1597,5,7,8,0,1,1,1,1,1,1,1,1,1,0,0,0,1,0,0,0,0,1,0,0,0,1,0,0,0,1,1,0
41630963,코란도,뉴 스타일 코란도 C,92,530,138910,2157,5,9,10,0,0,1,0,1,1,0,1,0,1,0,0,0,1,0,0,0,0,0,1,0,0,1,0,0,0,1,1,0
41630965,티볼리,베리 뉴 티볼리,105,960,116281,1597,5,6,0,0,0,1,1,0,1,1,1,0,1,0,0,0,1,0,0,0,0,0,1,0,0,0,0,1,0,1,1,0
41631028,티볼리,티볼리 에어,105,700,101954,1597,5,8,12,0,0,1,1,0,1,1,1,0,1,0,0,0,1,0,0,0,0,0,1,0,0,0,0,0,1,1,1,0
41631085,티볼리,티볼리,105,500,143016,1597,5,10,10,0,0,1,1,0,1,0,1,1,1,0,0,0,1,0,0,0,0,0,1,0,0,1,0,0,0,1,1,0
41631590,티볼리,티볼리 아머,105,1390,22820,1597,5,7,0,0,1,1,1,0,1,1,1,1,1,0,0,0,1,0,0,0,1,0,0,0,0,1,0,0,0,1,1,0
41631710,티볼리,베리 뉴 티볼리,105,1370,84886,1497,5,5,4,0,0,1,1,0,1,1,1,0,1,0,0,0,1,0,0,0,1,0,0,0,0,1,0,0,0,1,1,0
41632038,티볼리,티볼리,105,899,64458,1597,5,10,6,0,0,1,1,0,1,1,1,1,1,0,0,0,1,0,0,0,1,0,0,0,0,1,0,0,0,1,1,0
41633841,코란도,코란도 스포츠,92,350,271762,1998,5,14,2,0,0,1,0,0,0,0,1,0,1,0,0,0,1,0,0,0,0,0,1,0,0,0,0,0,1,0,1,0
41634959,코란도,더 뉴 코란도 스포츠,92,900,93035,2157,5,10,2,0,0,1,1,1,1,1,1,1,1,0,0,0,1,0,0,0,0,0,1,0,0,0,0,1,0,1,1,0
41635061,티볼리,더 뉴 티볼리,105,1699,18532,1597,5,2,0,0,0,1,1,0,1,1,1,0,1,0,0,0,1,0,0,0,1,0,0,0,0,1,0,0,0,1,1,0
41636317,티볼리,티볼리 아머,105,1190,27185,1597,5,9,3,0,1,1,1,0,1,1,1,1,1,0,0,0,1,0,0,0,1,0,0,0,0,1,0,0,0,1,1,0
41636361,코란도,뉴코란도 C,92,365,169510,1998,5,12,3,1,0,1,1,1,1,1,1,1,1,0,0,0,1,0,0,0,0,0,1,0,0,0,0,1,0,1,1,0
41636833,렉스턴,렉스턴 스포츠,35,1500,108333,2157,5,8,1,0,0,1,0,1,1,0,1,0,1,0,0,0,1,0,0,0,0,0,1,0,0,0,0,1,0,1,1,0
41638252,티볼리,베리 뉴 티볼리,105,999,41612,1497,5,5,2,0,0,0,0,0,0,0,0,0,0,0,0,0,1,0,0,0,1,0,0,0,0,1,0,0,0,1,1,0
41638908,렉스턴,렉스턴 스포츠,35,1450,141897,2157,5,7,2,1,1,1,1,1,1,1,1,1,1,0,0,0,1,0,0,0,0,0,1,0,0,0,0,1,0,1,1,0
41639836,렉스턴,렉스턴 W,35,580,138200,1998,7,13,2,0,0,1,1,1,1,1,1,0,1,0,0,0,1,0,0,0,0,0,1,0,0,1,0,0,0,1,1,0
41640044,티볼리,티볼리,105,720,126794,1597,5,11,2,0,0,1,1,1,1,0,1,1,1,0,0,0,1,0,0,0,1,0,0,0,0,1,0,0,0,1,1,0
41640284,티볼리,티볼리,105,890,68568,1597,5,10,2,0,0,1,1,0,1,1,1,0,1,0,0,0,1,0,0,0,1,0,0,0,0,1,0,0,0,1,1,0
41641025,렉스턴,렉스턴 스포츠,35,1650,83188,2157,5,7,2,0,0,0,0,0,0,0,0,0,0,0,0,0,1,0,0,0,0,0,1,0,0,0,0,0,1,1,1,0
41641133,코란도,뉴 스타일 코란도 C,92,879,80885,2157,5,9,1,0,0,1,1,0,1,1,1,1,1,0,0,0,1,0,0,0,0,0,1,0,0,0,0,1,0,1,1,0
41641591,렉스턴,G4 렉스턴,35,1330,171577,2157,5,9,1,0,1,1,1,1,1,1,1,1,1,0,0,0,1,0,0,0,0,0,1,0,0,1,0,0,0,1,1,0
41642612,티볼리,티볼리 아머,105,885,115111,1597,5,7,13,1,1,1,1,0,1,1,1,1,1,0,0,0,1,0,0,0,0,0,1,0,0,1,0,0,0,1,1,0
41642977,티볼리,티볼리 에어,105,420,189282,1597,5,10,12,0,0,1,0,0,1,0,1,0,1,0,0,0,1,0,0,0,0,0,1,0,0,0,0,0,1,1,1,0
41643511,코란도,더 뉴 코란도 스포츠,92,660,295296,2157,5,10,8,0,0,1,0,1,1,1,1,1,1,0,0,0,1,0,0,0,0,0,1,0,0,1,0,0,0,1,1,0
41644125,코란도,코란도 C,92,330,149888,1998,5,13,2,1,0,1,1,1,1,1,1,0,1,0,0,0,1,0,0,0,0,0,1,0,0,0,0,1,0,1,1,0
41644738,티볼리,티볼리 에어,105,990,75497,1597,5,9,7,1,1,1,1,1,1,1,1,0,1,0,0,0,1,0,0,0,1,0,0,0,0,1,0,0,0,1,1,0
41645159,티볼리,티볼리 에어,105,660,133434,1597,5,10,2,0,0,1,1,0,1,1,1,0,1,0,0,0,1,0,0,0,0,0,1,0,0,0,0,0,1,1,1,0
41646780,렉스턴,렉스턴 스포츠,35,1599,157529,2157,5,6,1,0,1,1,1,0,1,1,1,1,1,0,0,0,1,0,0,0,0,0,1,0,0,0,0,1,0,1,1,0
41647006,체어맨,뉴체어맨 W,84,759,138219,3598,5,11,2,0,0,1,1,1,1,1,1,1,1,0,0,0,1,0,0,0,1,0,0,0,0,0,1,0,0,1,0,1
41647124,티볼리,티볼리 에어,105,1078,65482,1597,5,7,2,0,0,1,1,0,1,1,1,0,1,0,0,0,1,0,0,0,0,0,1,0,0,1,0,0,0,1,1,0
41647405,렉스턴,렉스턴 스포츠,35,1234,232456,2157,5,8,0,0,1,1,1,1,1,1,1,1,1,0,0,0,1,0,0,0,0,0,1,0,0,0,1,0,0,1,1,0
41647434,티볼리,베리 뉴 티볼리,105,909,122233,1497,5,7,13,0,0,1,1,0,1,1,1,0,1,0,0,0,1,0,0,0,1,0,0,0,0,1,0,0,0,1,1,0
41647483,티볼리,베리 뉴 티볼리,105,1560,68181,1497,5,4,0,0,1,1,1,0,1,1,1,1,1,0,0,0,1,0,0,0,1,0,0,0,0,1,0,0,0,1,1,0
41649143,티볼리,티볼리,105,1000,42761,1597,5,11,2,0,0,1,1,1,1,1,1,0,1,0,0,0,1,0,0,0,1,0,0,0,0,1,0,0,0,1,1,0
41649368,코란도,더 뉴 코란도 스포츠,92,790,181873,2157,5,10,0,0,0,1,1,1,1,1,1,0,1,0,0,0,1,0,0,0,0,0,1,0,0,0,0,1,0,1,1,0
41649454,코란도,코란도 스포츠,92,289,239052,1998,5,13,12,0,0,1,0,0,0,0,1,0,0,0,0,0,1,0,0,0,0,0,1,0,0,0,0,1,0,1,1,0
41649969,렉스턴,렉스턴 스포츠,35,1079,204158,2157,5,8,2,0,0,1,1,1,1,1,1,0,1,0,0,0,1,0,0,0,0,0,1,0,0,0,0,1,0,1,1,0
41650158,렉스턴,G4 렉스턴,35,1499,98036,2157,7,8,1,0,0,1,1,0,1,1,1,1,1,0,0,0,1,0,0,0,0,0,1,0,0,0,1,0,0,1,1,0
41650402,티볼리,티볼리,105,790,108674,1597,5,10,5,0,0,1,0,0,1,1,1,0,1,0,0,0,1,0,0,0,1,0,0,0,0,1,0,0,0,1,1,0
41650491,코란도,뉴코란도 C,92,650,110063,2157,5,10,1,0,0,1,1,0,1,1,1,1,1,0,0,0,1,0,0,0,0,0,1,0,0,0,0,1,0,1,1,0
41650535,티볼리,베리 뉴 티볼리,105,1280,76004,1597,5,6,3,0,0,1,1,0,1,0,1,0,1,0,0,0,1,0,0,0,0,0,1,0,0,1,0,0,0,1,1,0
41650602,코란도,코란도 스포츠,92,1390,69669,1998,5,12,0,0,0,1,1,1,1,0,1,0,1,0,0,0,1,0,0,0,0,0,1,0,0,0,0,0,1,1,1,0
41650889,체어맨,뉴체어맨 W,84,775,76580,3199,5,11,12,0,0,1,1,1,1,1,1,1,1,0,0,0,1,0,0,0,1,0,0,0,0,0,1,0,0,1,0,1
41650890,코란도,뉴 스타일 코란도 C,92,750,136227,2157,5,9,3,0,0,1,1,1,1,1,1,1,1,0,0,0,1,0,0,0,0,0,1,0,0,0,1,0,0,1,1,0
41650967,렉스턴,렉스턴 스포츠,35,1650,58984,2157,5,8,1,1,0,1,1,0,1,1,1,0,1,0,0,0,1,0,0,0,0,0,1,0,0,0,0,0,1,1,1,0
41651676,티볼리,티볼리 아머,105,550,153411,1597,5,7,2,0,1,1,1,0,1,1,1,1,1,0,0,0,1,0,0,0,0,0,1,0,0,1,0,0,0,1,1,0
41651778,티볼리,티볼리,105,799,84101,1597,5,9,4,1,0,1,1,0,1,1,1,0,1,0,0,0,1,0,0,0,0,0,1,0,0,1,0,0,0,1,1,0
41652055,티볼리,베리 뉴 티볼리,105,1390,92918,1497,5,6,6,0,0,1,1,0,0,1,1,0,1,0,0,0,1,0,0,0,1,0,0,0,0,0,0,0,1,1,1,0
41652435,티볼리,티볼리 아머,105,980,81435,1597,5,8,7,0,0,1,1,0,1,1,1,0,1,0,0,0,1,0,0,0,0,0,1,0,0,1,0,0,0,1,1,0
41652893,렉스턴,렉스턴 스포츠,35,1570,131183,2157,5,6,2,1,1,1,1,0,1,1,1,0,1,0,0,0,1,0,0,0,0,0,1,0,0,0,0,1,0,1,1,0
41653830,렉스턴,G4 렉스턴,35,1350,159473,2157,5,9,2,0,0,0,0,0,0,0,0,0,0,0,0,0,1,0,0,0,0,0,1,0,0,0,0,0,1,1,1,0
41653896,코란도,코란도 스포츠,92,940,123102,1998,5,12,2,0,0,1,1,1,1,1,1,0,1,0,0,0,1,0,0,0,0,0,1,0,0,0,0,1,0,1,1,0
41654003,티볼리,베리 뉴 티볼리,105,1220,105039,1497,5,7,1,0,0,1,1,0,1,1,1,1,1,0,0,0,1,0,0,0,1,0,0,0,0,1,0,0,0,1,1,0
41655611,코란도,뉴 스타일 코란도 C,92,790,117087,2157,5,8,0,0,0,1,1,0,1,1,1,0,1,0,0,0,1,0,0,0,0,0,1,0,0,1,0,0,0,1,1,0
41655652,티볼리,티볼리 아머,105,1250,21680,1597,5,8,4,0,0,1,1,0,1,1,1,0,1,0,0,0,1,0,0,0,0,0,1,0,0,1,0,0,0,1,1,0
41655734,렉스턴,렉스턴 스포츠,35,1620,101513,2157,5,8,2,0,0,1,1,1,1,0,1,0,1,0,0,0,1,0,0,0,0,0,1,0,0,0,0,0,1,1,1,0
41656224,렉스턴,렉스턴 스포츠,35,1460,96252,2157,5,6,6,0,0,1,1,0,1,1,1,1,1,0,0,0,1,0,0,0,0,0,1,0,0,0,0,1,0,1,1,0
41656633,코란도,코란도 투리스모,92,399,176443,1998,9,12,2,0,0,1,1,0,0,1,1,0,1,0,0,0,1,0,0,0,0,0,1,0,0,0,1,0,0,1,1,0
41656759,티볼리,티볼리,105,570,151416,1597,5,11,6,0,0,1,1,1,1,1,1,1,1,0,0,0,1,0,0,0,1,0,0,0,0,0,0,1,0,1,1,0
41657122,코란도,코란도 스포츠,92,440,175157,1998,5,13,0,0,0,1,1,1,0,1,1,0,1,0,0,0,1,0,0,0,0,0,1,0,0,1,0,0,0,1,1,0
41658545,티볼리,티볼리,105,669,89189,1597,5,11,16,0,1,1,1,1,1,0,1,1,1,0,0,0,1,0,0,0,1,0,0,0,0,1,0,0,0,1,1,0
41659902,코란도,코란도 스포츠,92,470,207035,1998,5,11,15,0,0,1,1,0,0,1,1,0,1,0,0,0,1,0,0,0,0,0,1,0,0,1,0,0,0,1,1,0
41660421,렉스턴,렉스턴 스포츠 칸,35,1699,108091,2157,5,7,0,0,1,1,1,1,1,1,1,1,1,0,0,0,1,0,0,0,0,0,1,0,0,0,1,0,0,1,1,0
41660498,티볼리,베리 뉴 티볼리,105,1250,120754,1497,5,6,2,0,1,1,1,0,1,1,1,1,1,0,0,0,1,0,0,0,1,0,0,0,0,1,0,0,0,1,1,0
36905492,K7,더 프레스티지 K7,12,550,136965,2999,5,14,2,0,0,1,1,1,1,1,1,1,1,0,1,0,0,0,0,1,0,0,0,0,0,0,1,0,0,1,0,1
37196546,카니발,카니발 R,85,750,312226,2199,6,13,2,0,0,0,1,0,0,1,0,0,1,0,1,0,0,0,0,0,0,0,1,0,0,1,0,0,0,1,1,0
37280163,K3,더 뉴 K3,10,929,75669,1591,5,10,6,0,0,1,1,1,1,1,1,0,1,0,1,0,0,0,0,0,1,0,0,0,0,1,0,0,0,1,0,1
38107721,카니발,올 뉴 카니발,85,1650,142888,2199,9,10,6,0,1,1,1,1,1,1,1,1,1,0,1,0,0,0,0,0,0,0,1,0,0,0,1,0,0,1,1,0
38280706,K3,K3,10,630,66093,1591,5,12,20,0,0,1,1,1,1,1,1,0,1,0,1,0,0,0,0,0,1,0,0,0,0,1,0,0,0,1,0,1
38401220,K3,올 뉴 K3,10,920,75600,1598,5,8,5,0,0,0,0,0,0,0,0,0,0,0,1,0,0,0,0,0,1,0,0,0,0,1,0,0,0,1,0,1
38405673,레이,레이,34,670,153763,998,5,12,4,0,0,1,1,0,1,0,1,0,1,0,1,0,0,0,0,0,1,0,0,0,0,1,0,0,0,1,0,1
38435318,프라이드,더 뉴 프라이드,110,660,40744,1396,5,11,3,0,0,1,1,0,0,1,1,0,1,0,1,0,0,0,0,0,1,0,0,0,0,1,0,0,0,1,0,1
38543036,스팅어,스팅어 마이스터,53,1320,25557,2497,5,4,0,0,1,1,1,1,1,1,1,1,1,0,1,0,0,0,0,0,1,0,0,0,0,0,1,0,0,1,0,1
38624419,K7,올 뉴 K7,12,1320,58473,2359,5,10,8,0,1,1,1,1,1,1,1,1,1,0,1,0,0,0,0,0,1,0,0,0,0,1,0,0,0,1,0,1
38662425,카니발,카니발 R,85,350,198821,2199,9,14,16,0,0,1,1,1,0,1,1,0,1,0,1,0,0,0,0,0,0,0,1,0,0,0,1,0,0,1,1,0
38727651,카니발,올 뉴 카니발,85,1329,128127,2199,7,10,5,1,1,1,1,1,1,1,1,1,1,0,1,0,0,0,0,0,0,0,1,0,0,0,1,0,0,1,1,0
38858149,K7,K7,12,480,186599,2656,5,15,2,0,1,1,1,1,1,1,1,1,1,0,1,0,0,0,0,0,1,0,0,0,0,0,1,0,0,1,0,1
39221540,카니발,더 뉴 카니발,85,1150,235143,2199,7,8,6,0,1,1,1,1,1,1,1,1,1,0,1,0,0,0,0,0,0,0,1,0,0,1,0,0,0,1,1,0
39263397,카니발,올 뉴 카니발,85,1190,117306,2199,9,10,3,0,0,1,1,1,1,1,1,1,1,0,1,0,0,0,0,0,0,0,1,0,0,1,0,0,0,1,1,0
39267565,모닝,올 뉴 모닝,42,450,84339,998,5,13,13,0,0,1,0,0,0,0,1,0,1,0,1,0,0,0,0,0,1,0,0,0,0,0,0,1,0,1,0,1
39292290,니로,니로,29,1199,146937,1580,5,10,2,1,1,1,1,1,1,1,1,1,1,0,1,0,0,0,0,0,0,1,0,0,0,0,0,0,1,1,1,0
39340221,카니발,카니발 R,85,620,169205,2199,9,13,2,0,0,1,1,1,0,1,1,0,1,0,1,0,0,0,0,0,0,0,1,0,0,0,1,0,0,1,1,0
39361181,카니발,카니발 R,85,320,255232,2199,11,13,3,1,0,1,1,1,0,1,1,0,1,0,1,0,0,0,0,0,0,0,1,0,0,0,1,0,0,1,1,0
39409124,카니발,카니발 4세대,85,1316,60490,2151,9,4,1,0,1,1,1,1,1,1,1,1,1,0,1,0,0,0,0,0,0,0,1,0,0,0,1,0,0,1,1,0
39448643,카니발,올 뉴 카니발,85,1550,114954,2199,9,11,3,0,1,1,1,1,1,1,1,1,1,0,1,0,0,0,0,0,0,0,1,0,0,1,0,0,0,1,1,0
39465740,카니발,올 뉴 카니발,85,1460,100117,2199,7,10,5,1,1,1,1,1,1,1,1,1,1,0,1,0,0,0,0,0,0,0,1,0,0,0,1,0,0,1,1,0
39471360,K5,K5 하이브리드,11,850,68989,1999,5,14,4,0,0,1,1,1,1,1,1,0,1,0,1,0,0,0,0,0,0,1,0,0,0,1,0,0,0,1,0,1
39498509,K5,더 뉴 K5 2세대,11,1099,123238,1999,5,8,5,0,0,1,1,0,1,1,1,0,1,0,1,0,0,0,0,1,0,0,0,0,0,1,0,0,0,1,0,1
39509950,카니발,더 뉴 카니발,85,1650,127041,2199,9,8,7,1,1,1,1,1,1,1,1,1,1,0,1,0,0,0,0,0,0,0,1,0,0,0,1,0,0,1,1,0
39520852,K7,K7,12,379,158560,2656,5,16,9,0,0,1,1,1,1,1,1,0,1,0,1,0,0,0,0,1,0,0,0,0,0,0,0,1,0,1,0,1
39553964,K7,올 뉴 K7,12,1450,97768,2359,5,9,0,0,1,1,1,1,1,1,1,1,1,0,1,0,0,0,0,0,1,0,0,0,0,1,0,0,0,1,0,1
39583538,모하비,모하비,43,1070,188451,2959,7,11,5,1,1,1,1,1,1,1,1,1,1,0,1,0,0,0,0,0,0,0,1,0,0,0,0,1,0,1,1,0
39650420,EV6,EV6,3,1236,40000,2000,5,4,2,0,1,1,1,1,1,1,1,1,1,0,1,0,0,0,0,0,0,0,0,1,0,1,0,0,0,1,0,1
39650569,K3,K3,10,650,112562,1582,5,12,4,0,0,1,1,1,1,1,1,0,1,0,1,0,0,0,0,0,0,0,1,0,0,1,0,0,0,1,0,1
39656498,카니발,올 뉴 카니발,85,950,246677,2199,7,9,8,0,1,1,1,1,1,1,1,1,1,0,1,0,0,0,0,0,0,0,1,0,0,1,0,0,0,1,1,0
39683293,쏘렌토,올 뉴 쏘렌토,58,1620,80094,1995,5,10,16,0,1,1,1,1,1,1,1,1,1,0,1,0,0,0,0,0,0,0,1,0,0,1,0,0,0,1,1,0
39698363,모닝,올 뉴 모닝,42,330,114531,998,5,15,1,0,0,1,1,0,0,1,1,0,1,0,1,0,0,0,0,0,1,0,0,0,0,0,0,0,1,1,0,1
39703048,K5,K5 2세대,11,950,105962,1999,5,10,6,0,0,1,1,0,1,1,1,0,1,0,1,0,0,0,0,0,1,0,0,0,0,1,0,0,0,1,0,1
39707990,쏘렌토,올 뉴 쏘렌토,58,1350,132993,2199,7,12,3,0,1,1,1,1,1,1,1,1,1,0,1,0,0,0,0,0,0,0,1,0,0,0,0,1,0,1,1,0
39710343,카니발,올 뉴 카니발,85,960,231915,2199,9,9,6,0,0,1,1,1,1,1,1,1,1,0,1,0,0,0,0,0,0,0,1,0,0,1,0,0,0,1,1,0
39781874,스포티지,더 뉴 스포티지 R,55,899,114972,1995,5,12,5,1,0,1,1,1,1,1,1,0,1,0,1,0,0,0,0,0,0,0,1,0,0,1,0,0,0,1,1,0
39881525,카니발,올 뉴 카니발,85,1390,181975,2199,9,10,2,0,1,1,1,1,1,1,1,1,1,0,1,0,0,0,0,0,0,0,1,0,0,1,0,0,0,1,1,0
39886519,K7,올 뉴 K7,12,1250,90172,3342,5,10,8,1,0,0,1,1,1,1,1,1,1,0,1,0,0,0,0,0,1,0,0,0,0,1,0,0,0,1,0,1
39892185,K5,K5 2세대,11,790,170732,1999,5,10,9,0,0,1,1,0,1,0,1,0,1,0,1,0,0,0,0,1,0,0,0,0,0,1,0,0,0,1,0,1
39897329,K7,K7 프리미어,12,1490,115426,2497,5,6,34,0,1,1,1,1,1,1,1,1,1,0,1,0,0,0,0,0,1,0,0,0,0,0,0,1,0,1,0,1
39899343,K5,K5 하이브리드,11,630,140734,1999,5,12,8,0,1,1,1,1,1,1,1,0,1,0,1,0,0,0,0,0,0,1,0,0,0,0,0,1,0,1,0,1
39920927,쏘렌토,올 뉴 쏘렌토,58,1390,79329,1995,5,11,2,0,1,1,1,1,1,1,1,1,1,0,1,0,0,0,0,0,0,0,1,0,0,0,0,1,0,1,1,0
39921765,K7,더 뉴 K7,12,750,130687,2359,5,13,11,1,1,1,1,1,1,1,1,0,1,0,1,0,0,0,0,0,1,0,0,0,0,0,1,0,0,1,0,1
39928513,스포티지,스포티지 더 볼드,55,1590,86150,1995,5,8,0,0,0,1,1,1,1,1,1,1,1,0,1,0,0,0,0,0,0,0,1,0,0,1,0,0,0,1,1,0
39938251,모하비,모하비,43,490,238513,2959,7,18,5,0,0,1,1,0,1,1,1,0,1,0,1,0,0,0,0,0,0,0,1,0,0,1,0,0,0,1,1,0
39941343,모닝,올 뉴 모닝,42,355,145603,998,5,12,6,0,0,1,0,0,0,0,1,0,1,0,1,0,0,0,0,0,1,0,0,0,0,1,0,0,0,1,0,1
39971912,K5,K5,11,520,87217,1998,5,14,5,0,1,1,0,1,1,0,1,0,1,0,1,0,0,0,0,0,1,0,0,0,0,0,1,0,0,1,0,1
39973500,카니발,더 뉴 카니발,85,1120,160559,2199,9,8,3,0,0,1,1,1,1,1,1,1,1,0,1,0,0,0,0,0,0,0,1,0,0,0,1,0,0,1,1,0
39980960,K7,더 뉴 K7,12,670,198333,2999,5,11,24,0,1,1,1,1,1,1,1,1,1,0,1,0,0,0,0,1,0,0,0,0,0,0,1,0,0,1,0,1
39996453,쏘렌토,더 뉴 쏘렌토,58,1430,128084,1995,7,9,9,0,0,1,1,1,1,1,1,1,1,0,1,0,0,0,0,0,0,0,1,0,0,0,1,0,0,1,1,0
40032308,카니발,올 뉴 카니발,85,750,264704,2199,9,10,5,0,1,1,1,1,1,1,1,1,1,0,1,0,0,0,0,0,0,0,1,0,0,0,1,0,0,1,1,0
40041405,K5,K5 하이브리드,11,750,173504,1999,5,11,5,1,1,1,1,1,1,1,1,1,1,0,1,0,0,0,0,0,0,1,0,0,0,1,0,0,0,1,0,1
40041767,쏘울,올 뉴 쏘울,59,629,130645,1591,5,12,2,0,0,1,1,0,0,1,0,0,1,0,1,0,0,0,0,0,1,0,0,0,0,1,0,0,0,1,0,1
40080385,K5,K5,11,500,138567,1998,5,16,4,1,1,1,0,1,1,1,1,1,1,0,1,0,0,0,0,0,1,0,0,0,0,0,1,0,0,1,0,1
40082391,쏘렌토,올 뉴 쏘렌토,58,1050,200408,1995,5,11,17,0,0,1,1,1,1,1,1,1,1,0,1,0,0,0,0,0,0,0,1,0,0,1,0,0,0,1,1,0
40092314,K7,올 뉴 K7 하이브리드,12,1220,153868,2359,5,9,4,0,1,1,1,1,1,1,1,1,1,0,1,0,0,0,0,0,0,1,0,0,0,0,1,0,0,1,0,1
40095312,레이,레이,34,780,76766,998,5,14,3,0,0,1,1,1,1,0,1,0,1,0,1,0,0,0,0,0,1,0,0,0,0,0,0,1,0,1,0,1
40098308,카니발,올 뉴 카니발,85,979,125192,2199,11,11,8,1,1,1,1,1,1,1,1,1,1,0,1,0,0,0,0,0,0,0,1,0,0,0,0,1,0,1,1,0
40098908,모하비,모하비,43,1130,166483,2959,7,11,6,1,1,1,1,1,1,1,1,1,1,0,1,0,0,0,0,0,0,0,1,0,0,1,0,0,0,1,1,0
40142493,K3,K3,10,499,139510,1591,5,13,16,0,0,1,1,1,1,1,1,0,1,0,1,0,0,0,0,0,1,0,0,0,0,1,0,0,0,1,0,1
40169122,카니발,카니발 R,85,320,199214,2199,11,13,10,0,0,1,1,0,0,0,1,0,1,0,1,0,0,0,0,0,0,0,1,0,0,0,1,0,0,1,1,0
40170897,K9,더 뉴 K9,14,1150,83521,3342,5,11,8,0,1,1,1,1,1,1,1,1,1,0,1,0,0,0,0,0,1,0,0,0,0,0,1,0,0,1,0,1
40190164,프라이드,프라이드(신형),110,260,129820,1599,5,16,14,0,0,1,1,1,0,1,1,0,1,0,1,0,0,0,0,0,1,0,0,0,0,1,0,0,0,1,0,1
40195667,K3,K3,10,350,151791,1591,5,12,11,0,0,1,1,1,0,1,1,0,1,0,1,0,0,0,0,0,1,0,0,0,0,0,0,1,0,1,0,1
40195861,모하비,모하비,43,990,181611,2959,7,12,10,1,1,1,1,1,1,1,1,1,1,0,1,0,0,0,0,0,0,0,1,0,0,0,1,0,0,1,1,0
40202994,카니발,올 뉴 카니발,85,1420,102762,2199,9,10,11,1,1,1,1,1,1,1,1,1,1,0,1,0,0,0,0,0,0,0,1,0,0,1,0,0,0,1,1,0
40231262,모하비,모하비,43,899,169209,2959,7,12,0,1,1,1,1,1,1,1,1,1,1,0,1,0,0,0,0,0,0,0,1,0,0,0,0,1,0,1,1,0
40233893,카니발,올 뉴 카니발,85,919,135044,2199,11,11,1,0,0,1,0,1,1,0,1,1,1,0,1,0,0,0,0,0,0,0,1,0,0,0,0,1,0,1,1,0
40240126,모닝,올 뉴 모닝,42,409,127912,998,5,12,2,0,0,1,1,0,1,0,1,0,1,0,1,0,0,0,0,0,1,0,0,0,0,1,0,0,0,1,0,1
40243794,K5,더 뉴 K5,11,690,136315,1999,5,13,9,0,0,1,1,1,1,1,1,0,1,0,1,0,0,0,0,0,1,0,0,0,0,1,0,0,0,1,0,1
40252807,쏘렌토,올 뉴 쏘렌토,58,1390,100358,1995,5,11,9,0,0,1,1,1,1,1,1,1,1,0,1,0,0,0,0,0,0,0,1,0,0,0,0,1,0,1,1,0
40263111,모닝,더 뉴 모닝,42,490,152349,998,5,11,10,0,0,1,1,0,1,1,1,0,1,0,1,0,0,0,0,0,1,0,0,0,0,0,0,0,1,1,0,1
40274640,카렌스,더 뉴 카렌스,86,435,224774,1999,7,10,2,0,0,1,0,0,0,0,1,0,1,0,1,0,0,0,0,1,0,0,0,0,0,0,0,1,0,1,1,0
40277077,쏘렌토,올 뉴 쏘렌토,58,930,145791,1995,5,10,22,0,0,1,1,1,1,1,1,0,1,0,1,0,0,0,0,0,0,0,1,0,0,0,0,1,0,1,1,0
40297149,모닝,뉴모닝,42,219,107069,999,5,18,10,0,0,0,1,0,0,0,1,0,1,0,1,0,0,0,0,0,1,0,0,0,0,0,0,0,1,1,0,1
40303694,모닝,뉴모닝,42,235,133918,999,5,16,3,0,0,1,0,0,0,0,1,0,1,0,1,0,0,0,0,0,1,0,0,0,0,0,0,1,0,1,0,1
40305874,K3,더 뉴 K3,10,590,197322,1591,5,10,3,0,0,1,1,1,0,1,1,0,1,0,1,0,0,0,0,0,1,0,0,0,0,1,0,0,0,1,0,1
40310580,K7,올 뉴 K7,12,1380,60118,2359,5,10,2,0,0,0,0,0,0,0,0,0,0,0,1,0,0,0,0,0,1,0,0,0,0,0,0,1,0,1,0,1
40328456,모닝,올 뉴 모닝,42,480,74322,998,5,12,6,0,0,1,0,0,0,0,1,0,1,0,1,0,0,0,0,0,1,0,0,0,0,1,0,0,0,1,0,1
40333177,카니발,올 뉴 카니발,85,995,169701,2199,9,11,3,1,1,1,1,1,1,1,1,1,1,0,1,0,0,0,0,0,0,0,1,0,0,0,0,1,0,1,1,0
40351716,레이,레이,34,690,101396,998,5,13,8,0,0,1,1,1,1,1,1,0,1,0,1,0,0,0,0,0,1,0,0,0,0,0,0,1,0,1,0,1
40366911,모닝,더 뉴 모닝,42,460,98484,998,2,11,4,0,0,0,1,0,0,1,1,0,0,0,1,0,0,0,0,0,1,0,0,0,0,1,0,0,0,1,0,1
40368601,K3,K3 쿱,10,529,128098,1591,5,11,2,0,1,1,1,1,1,1,1,1,1,0,1,0,0,0,0,0,1,0,0,0,0,0,1,0,0,1,0,1
40376175,모닝,모닝 어반 (JA),42,890,38535,998,5,6,4,0,0,1,1,0,1,0,0,0,0,0,1,0,0,0,0,0,1,0,0,0,0,0,0,1,0,1,0,1
40376841,K7,더 뉴 K7,12,550,128415,2999,5,12,11,0,1,1,1,1,1,1,1,1,1,0,1,0,0,0,0,0,1,0,0,0,0,0,1,0,0,1,0,1
40387870,스포티지,스포티지 R,55,580,188619,1995,5,13,2,0,0,1,1,1,1,1,1,1,1,0,1,0,0,0,0,0,0,0,1,0,0,1,0,0,0,1,1,0
40388788,카니발,올 뉴 카니발,85,690,230136,2199,9,11,8,0,0,1,1,1,1,1,1,1,1,0,1,0,0,0,0,0,0,0,1,0,0,0,1,0,0,1,1,0
40406909,모하비,모하비,43,950,195075,2959,7,13,1,1,1,1,1,1,1,1,1,1,1,0,1,0,0,0,0,0,0,0,1,0,0,1,0,0,0,1,1,0
40409120,K9,더 K9,14,1500,219177,3778,5,8,6,0,1,1,1,1,1,1,1,1,1,0,1,0,0,0,0,0,1,0,0,0,0,0,0,1,0,1,0,1
40409681,K7,K7 하이브리드,12,599,200968,2359,5,11,5,1,0,1,1,1,1,1,1,1,1,0,1,0,0,0,0,0,0,1,0,0,0,1,0,0,0,1,0,1
40410829,쏘렌토,더 뉴 쏘렌토,58,1450,150196,2199,5,8,1,0,0,1,1,1,1,1,1,1,1,0,1,0,0,0,0,0,0,0,1,0,0,0,0,1,0,1,1,0
40428582,모하비,모하비,43,650,91208,2959,7,18,17,1,1,1,1,1,1,1,1,0,1,0,1,0,0,0,0,0,0,0,1,0,0,0,0,1,0,1,1,0
40429977,K3,K3,10,580,88654,1591,5,12,8,1,0,1,1,1,0,1,1,0,1,0,1,0,0,0,0,0,1,0,0,0,0,0,0,0,1,1,0,1
40432672,모닝,더 뉴 모닝,42,560,102643,998,5,10,11,0,0,1,1,0,0,1,1,0,1,0,1,0,0,0,0,0,1,0,0,0,0,1,0,0,0,1,0,1
40440390,카니발,올 뉴 카니발,85,1150,127768,2199,9,10,1,0,0,1,1,1,1,1,1,1,1,0,1,0,0,0,0,0,0,0,1,0,0,0,1,0,0,1,1,0
40456777,쏘렌토,더 뉴 쏘렌토,58,1450,110007,1995,7,8,8,0,1,1,1,1,1,1,1,1,1,0,1,0,0,0,0,0,0,0,1,0,0,1,0,0,0,1,1,0
40458218,K7,K7,12,470,171557,3470,5,16,5,1,1,1,1,1,1,1,1,1,1,0,1,0,0,0,0,0,1,0,0,0,0,0,1,0,0,1,0,1
40462781,스포티지,스포티지 R,55,750,126039,1995,5,13,5,0,0,1,1,1,1,1,1,0,1,0,1,0,0,0,0,0,0,0,1,0,0,0,0,1,0,1,1,0
40476315,레이,레이,34,840,26700,998,5,12,4,0,0,1,0,0,1,0,1,0,1,0,1,0,0,0,0,0,1,0,0,0,0,0,0,1,0,1,0,1
40478085,레이,더 뉴 기아 레이,34,1430,23884,998,5,3,2,0,0,1,1,1,1,1,1,1,1,0,1,0,0,0,0,0,1,0,0,0,0,1,0,0,0,1,0,1
40487503,K5,K5,11,550,99339,1998,5,14,9,0,0,1,1,1,1,1,1,0,1,0,1,0,0,0,0,0,1,0,0,0,0,1,0,0,0,1,0,1
40498980,모닝,올 뉴 모닝 (JA),42,790,54594,998,5,9,2,0,0,1,1,0,1,1,1,0,1,0,1,0,0,0,0,0,1,0,0,0,0,1,0,0,0,1,0,1
40502729,K5,K5,11,859,49806,1998,5,15,10,1,1,1,1,1,1,0,1,1,1,0,1,0,0,0,0,0,1,0,0,0,0,1,0,0,0,1,0,1
40504163,모닝,올 뉴 모닝,42,390,156365,998,5,13,3,0,0,1,0,0,0,0,1,0,1,0,1,0,0,0,0,0,0,1,0,0,0,0,0,1,0,1,0,1
40513495,K5,K5,11,460,189390,1999,5,13,2,0,0,0,0,0,0,0,0,0,0,0,1,0,0,0,0,1,0,0,0,0,0,1,0,0,0,1,0,1
40518652,K3,더 뉴 K3,10,649,80825,1582,5,10,21,0,0,1,1,1,0,1,1,0,1,0,1,0,0,0,0,0,0,0,1,0,0,0,0,1,0,1,0,1
40526448,모하비,더 뉴 모하비,43,1350,119547,2959,5,9,13,0,1,1,1,1,1,1,1,1,1,0,1,0,0,0,0,0,0,0,1,0,0,0,0,1,0,1,1,0
40534804,쏘울,올 뉴 쏘울,59,850,111567,1591,5,11,12,0,0,1,1,1,1,1,1,0,1,0,1,0,0,0,0,0,1,0,0,0,0,1,0,0,0,1,0,1
40537187,K3,K3,10,580,86443,1591,5,11,2,0,0,0,0,0,0,0,0,0,0,0,1,0,0,0,0,0,1,0,0,0,0,1,0,0,0,1,0,1
40539806,레이,레이,34,659,49586,998,5,14,10,0,0,1,1,0,0,1,1,0,1,0,1,0,0,0,0,0,1,0,0,0,0,0,0,1,0,1,0,1
40543567,K3,더 뉴 K3 2세대,10,1620,56048,1598,5,5,2,0,0,1,1,1,1,1,1,0,1,0,1,0,0,0,0,0,1,0,0,0,0,1,0,0,0,1,0,1
40544401,K5,더 뉴 K5,11,930,85773,1999,5,11,4,1,0,1,1,1,1,1,1,0,1,0,1,0,0,0,0,1,0,0,0,0,0,1,0,0,0,1,0,1
40555820,K3,더 뉴 K3,10,690,80668,1591,5,10,25,0,0,1,1,1,1,1,1,0,1,0,1,0,0,0,0,0,1,0,0,0,0,0,1,0,0,1,0,1
40575455,K7,올 뉴 K7,12,1130,163365,2199,5,9,6,1,1,1,1,1,1,1,1,1,1,0,1,0,0,0,0,0,0,0,1,0,0,0,1,0,0,1,0,1
40575821,K7,K7 하이브리드,12,710,102380,2359,5,12,24,0,0,1,1,1,1,1,1,1,1,0,1,0,0,0,0,0,0,1,0,0,0,1,0,0,0,1,0,1
40578244,모닝,뉴모닝,42,210,141557,999,5,17,14,0,0,0,0,0,0,0,0,0,1,0,1,0,0,0,0,1,0,0,0,0,0,1,0,0,0,1,0,1
40596220,K3,더 뉴 K3,10,640,83994,1591,5,9,6,0,0,0,1,0,0,1,0,0,0,0,1,0,0,0,0,0,1,0,0,0,0,0,0,1,0,1,0,1
40596347,모닝,올 뉴 모닝 (JA),42,490,135397,998,2,8,8,0,0,1,0,0,0,0,0,0,0,0,1,0,0,0,0,0,1,0,0,0,0,1,0,0,0,1,0,1
40601289,스포티지,스포티지 4세대,55,1350,110853,1995,5,9,3,0,1,1,1,1,1,1,1,1,1,0,1,0,0,0,0,0,0,0,1,0,0,0,0,0,1,1,1,0
40601486,K7,더 프레스티지 K7,12,390,186997,2359,5,14,11,0,0,1,1,1,1,1,1,0,1,0,1,0,0,0,0,0,1,0,0,0,0,1,0,0,0,1,0,1
40613593,카니발,올 뉴 카니발,85,899,278107,2199,9,10,5,1,1,1,1,1,1,1,1,1,1,0,1,0,0,0,0,0,0,0,1,0,0,1,0,0,0,1,1,0
40620667,모닝,더 뉴 모닝,42,470,68557,998,5,11,12,0,0,0,0,0,0,0,0,0,0,0,1,0,0,0,0,0,1,0,0,0,0,0,0,1,0,1,0,1
40635902,카니발,올 뉴 카니발,85,970,186243,2199,9,11,2,0,1,1,1,1,1,1,1,1,1,0,1,0,0,0,0,0,0,0,1,0,0,1,0,0,0,1,1,0
40643677,K7,더 프레스티지 K7,12,450,132697,2359,5,14,9,1,0,1,1,1,1,1,1,1,1,0,1,0,0,0,0,0,1,0,0,0,0,1,0,0,0,1,0,1
40644249,모하비,모하비,43,1059,99591,2959,7,13,5,0,1,1,1,1,1,1,1,0,1,0,1,0,0,0,0,0,0,0,1,0,0,0,1,0,0,1,1,0
40644396,카니발,올 뉴 카니발,85,940,167787,2199,9,12,4,0,1,1,1,1,1,1,1,1,1,0,1,0,0,0,0,0,0,0,1,0,0,0,1,0,0,1,1,0
40655251,스포티지,스포티지 4세대,55,1380,52270,1995,5,9,2,0,0,1,1,0,1,1,1,0,1,0,1,0,0,0,0,0,0,0,1,0,0,0,0,1,0,1,1,0
40655525,K5,K5,11,620,142191,1999,5,14,10,1,1,1,1,1,1,1,1,1,1,0,1,0,0,0,0,0,1,0,0,0,0,1,0,0,0,1,0,1
40672167,K3,더 뉴 K3 2세대,10,1580,53284,1598,5,5,10,0,0,1,1,1,1,1,1,1,1,0,1,0,0,0,0,0,1,0,0,0,0,0,0,1,0,1,0,1
40681882,카니발,카니발 R,85,360,218409,2199,11,14,10,1,0,1,1,1,1,1,1,0,1,0,1,0,0,0,0,0,0,0,1,0,0,0,1,0,0,1,1,0
40693353,스포티지,스포티지 더 볼드,55,1300,149147,1995,5,8,8,0,0,1,1,1,1,1,0,0,1,0,1,0,0,0,0,0,0,0,1,0,0,0,0,1,0,1,1,0
40694334,쏘렌토,뉴 쏘렌토 R,58,750,150237,1995,5,13,9,0,0,1,1,1,1,1,1,1,1,0,1,0,0,0,0,0,0,0,1,0,0,0,0,1,0,1,1,0
40706785,모닝,올 뉴 모닝 (JA),42,890,85344,998,5,6,2,0,0,1,1,1,1,0,1,0,1,0,1,0,0,0,0,0,1,0,0,0,0,0,0,0,1,1,0,1
40708833,모닝,올 뉴 모닝,42,470,110109,998,5,12,2,0,0,0,0,0,0,0,0,0,0,0,1,0,0,0,0,0,1,0,0,0,0,1,0,0,0,1,0,1
40714091,K3,더 뉴 K3,10,580,130184,1591,5,10,12,0,0,1,1,1,0,1,1,0,1,0,1,0,0,0,0,0,1,0,0,0,0,1,0,0,0,1,0,1
40718765,카니발,올 뉴 카니발,85,1600,210954,2199,6,11,12,0,0,1,0,0,0,0,1,0,1,0,1,0,0,0,0,0,0,0,1,0,0,1,0,0,0,1,1,0
40720689,쏘울,쏘울 EV,59,840,121350,80,5,9,4,0,0,1,0,1,1,0,1,0,0,0,1,0,0,0,0,0,0,0,0,1,0,1,0,0,0,1,0,1
40728358,쏘렌토,뉴 쏘렌토 R,58,890,127782,1995,5,13,3,0,1,1,1,1,1,1,1,1,1,0,1,0,0,0,0,0,0,0,1,0,0,1,0,0,0,1,1,0
40733951,카니발,올 뉴 카니발,85,1299,143052,2199,9,9,5,1,1,1,1,1,1,1,1,1,1,0,1,0,0,0,0,0,0,0,1,0,0,0,1,0,0,1,1,0
40734671,카니발,더 뉴 카니발,85,1590,169102,2199,9,8,3,1,1,1,1,1,1,1,1,1,1,0,1,0,0,0,0,0,0,0,1,0,0,0,1,0,0,1,1,0
40737362,스포티지,스포티지 4세대,55,1690,47770,1685,5,9,0,1,1,1,1,1,1,1,1,1,1,0,1,0,0,0,0,0,0,0,1,0,0,1,0,0,0,1,1,0
40738127,K5,K5 2세대,11,970,102352,1685,5,9,2,0,0,1,1,0,1,1,1,0,1,0,1,0,0,0,0,0,0,0,1,0,0,1,0,0,0,1,0,1
40745720,모닝,올 뉴 모닝,42,420,127605,998,5,15,16,0,0,1,1,0,1,1,1,0,1,0,1,0,0,0,0,0,0,1,0,0,0,1,0,0,0,1,0,1
40748462,모하비,모하비,43,1090,179501,2959,7,12,3,1,1,1,1,1,1,1,1,1,1,0,1,0,0,0,0,0,0,0,1,0,0,0,1,0,0,1,1,0
40758252,K5,K5 3세대,11,1650,130492,1598,5,6,2,0,1,1,1,1,1,0,1,1,1,0,1,0,0,0,0,0,1,0,0,0,0,0,1,0,0,1,0,1
40758923,모하비,모하비,43,1220,138908,2959,7,11,1,1,1,1,1,1,1,0,1,1,1,0,1,0,0,0,0,0,0,0,1,0,0,0,1,0,0,1,1,0
40759293,K5,더 뉴 K5,11,599,113172,1999,5,12,20,0,0,1,1,1,1,1,1,1,1,0,1,0,0,0,0,0,1,0,0,0,0,0,1,0,0,1,0,1
40761317,모하비,모하비,43,1200,94664,2959,7,12,5,0,1,1,1,1,1,1,1,1,1,0,1,0,0,0,0,0,0,0,1,0,0,0,0,0,1,1,1,0
40762275,프라이드,더 뉴 프라이드,110,550,127244,1591,5,9,20,0,0,1,0,0,1,0,1,0,1,0,1,0,0,0,0,0,1,0,0,0,0,0,0,1,0,1,0,1
40763587,K3,K3,10,649,83504,1591,5,13,2,1,0,1,1,1,1,1,1,0,1,0,1,0,0,0,0,0,1,0,0,0,0,1,0,0,0,1,0,1
40765395,오피러스,뉴오피러스,76,320,237839,3342,5,20,9,1,1,1,1,1,0,1,1,0,1,0,1,0,0,0,0,0,1,0,0,0,0,1,0,0,0,1,0,1
40769328,스포티지,스포티지 4세대,55,1480,91656,1995,5,10,2,0,0,1,1,1,1,1,1,1,1,0,1,0,0,0,0,0,0,0,1,0,0,0,0,1,0,1,1,0
40770203,K5,K5 3세대,11,1550,81220,1999,5,5,8,0,1,1,1,0,1,1,1,0,1,0,1,0,0,0,0,0,1,0,0,0,0,1,0,0,0,1,0,1
40774518,카니발,올 뉴 카니발,85,1320,135909,2199,9,10,1,1,1,1,1,1,1,1,1,1,1,0,1,0,0,0,0,0,0,0,1,0,0,1,0,0,0,1,1,0
40780507,K7,더 뉴 K7,12,899,122964,2359,5,11,3,1,1,1,1,1,1,1,1,1,1,0,1,0,0,0,0,0,1,0,0,0,0,1,0,0,0,1,0,1
40782618,카니발,올 뉴 카니발,85,780,188374,2199,9,11,3,0,0,1,1,1,1,1,1,1,1,0,1,0,0,0,0,0,0,0,1,0,0,0,0,1,0,1,1,0
40794525,카니발,올 뉴 카니발,85,950,223927,2199,9,11,2,1,1,1,1,1,1,1,1,1,1,0,1,0,0,0,0,0,0,0,1,0,0,0,0,1,0,1,1,0
40797015,모하비,더 뉴 모하비,43,1380,130861,2959,5,9,5,0,1,1,1,1,1,1,1,1,1,0,1,0,0,0,0,0,0,0,1,0,0,0,0,1,0,1,1,0
40798847,K5,더 뉴 K5,11,530,117293,1999,5,13,15,0,0,1,1,1,1,1,1,0,1,0,1,0,0,0,0,1,0,0,0,0,0,0,0,1,0,1,0,1
40799340,K3,올 뉴 K3,10,1550,54248,1598,5,5,2,0,0,1,1,1,1,1,1,1,1,0,1,0,0,0,0,0,1,0,0,0,0,1,0,0,0,1,0,1
40799919,카니발,더 뉴 카니발,85,1690,145076,2199,9,8,1,1,1,1,1,1,1,1,1,1,1,0,1,0,0,0,0,0,0,0,1,0,0,1,0,0,0,1,1,0
40803845,K7,올 뉴 K7,12,729,184365,2359,5,10,7,0,0,1,1,1,1,1,1,1,1,0,1,0,0,0,0,0,1,0,0,0,0,1,0,0,0,1,0,1
40804808,K5,더 뉴 K5,11,499,236499,1999,5,12,13,0,0,1,1,1,1,1,1,0,1,0,1,0,0,0,0,1,0,0,0,0,0,0,0,1,0,1,0,1
40806057,레이,더 뉴 레이,34,1190,48964,998,5,8,2,0,0,0,0,0,0,0,0,0,0,0,1,0,0,0,0,0,1,0,0,0,0,1,0,0,0,1,0,1
40807060,모닝,올 뉴 모닝,42,420,91057,998,5,15,5,0,0,1,1,0,1,1,1,0,1,0,1,0,0,0,0,0,1,0,0,0,0,1,0,0,0,1,0,1
40811381,레이,레이,34,530,119307,998,2,9,14,0,0,0,0,0,0,0,0,0,0,0,1,0,0,0,0,0,1,0,0,0,0,1,0,0,0,1,0,1
40812825,쏘렌토,더 뉴 쏘렌토,58,1650,122872,1995,5,8,3,0,1,1,1,1,1,1,1,1,1,0,1,0,0,0,0,0,0,0,1,0,0,0,0,1,0,1,1,0
40815997,쏘렌토,더 뉴 쏘렌토,58,1680,114783,1995,5,7,2,0,0,1,1,1,1,1,1,1,1,0,1,0,0,0,0,0,0,0,1,0,0,0,0,1,0,1,1,0
40823772,K9,더 K9,14,1650,247551,3778,5,7,14,0,1,1,1,1,1,1,1,1,1,0,1,0,0,0,0,0,1,0,0,0,0,0,1,0,0,1,0,1
40824758,모닝,모닝,42,190,83756,999,5,19,2,0,0,0,0,0,0,0,0,0,0,0,1,0,0,0,0,0,1,0,0,0,0,0,0,1,0,1,0,1
40825865,모닝,더 뉴 모닝,42,480,123534,998,5,11,0,0,0,1,1,0,0,1,1,0,1,0,1,0,0,0,0,0,1,0,0,0,0,1,0,0,0,1,0,1
40827282,카니발,올 뉴 카니발,85,1480,120488,2199,9,9,2,1,1,1,1,1,1,1,1,1,1,0,1,0,0,0,0,0,0,0,1,0,0,0,0,1,0,1,1,0
40831588,레이,더 뉴 레이,34,1050,25064,998,5,5,2,0,0,1,1,1,1,0,1,0,1,0,1,0,0,0,0,0,1,0,0,0,0,1,0,0,0,1,0,1
40832040,레이,레이,34,450,90041,998,5,14,2,0,0,1,0,0,0,0,1,0,1,0,1,0,0,0,0,0,1,0,0,0,0,1,0,0,0,1,0,1
40840823,모닝,올 뉴 모닝,42,280,79981,998,5,15,2,0,0,1,1,1,1,1,1,0,1,0,1,0,0,0,0,0,1,0,0,0,0,1,0,0,0,1,0,1
40843673,쏘렌토,올 뉴 쏘렌토,58,1300,130198,1995,5,10,6,0,1,1,1,1,1,1,1,1,1,0,1,0,0,0,0,0,0,0,1,0,0,1,0,0,0,1,1,0
40844527,레이,더 뉴 레이,34,898,67768,998,2,5,5,0,0,1,1,0,1,1,1,0,1,0,1,0,0,0,0,0,1,0,0,0,0,1,0,0,0,1,0,1
40845930,레이,레이,34,420,100993,998,2,9,2,0,0,0,1,0,0,0,0,0,1,0,1,0,0,0,0,0,1,0,0,0,0,1,0,0,0,1,0,1
40856641,K5,K5 하이브리드,11,380,202058,1999,5,13,5,0,0,1,1,1,1,1,1,1,1,0,1,0,0,0,0,0,0,1,0,0,0,1,0,0,0,1,0,1
40856679,모하비,모하비,43,1190,155324,2959,7,12,0,1,1,1,1,1,1,1,1,1,1,0,1,0,0,0,0,0,0,0,1,0,0,0,1,0,0,1,1,0
40860396,쏘렌토,쏘렌토 R,58,450,175896,1995,7,17,6,1,0,1,0,1,1,0,1,1,1,0,1,0,0,0,0,0,0,0,1,0,0,0,1,0,0,1,1,0
40865039,셀토스,셀토스,49,1450,124159,1598,5,5,1,0,0,1,0,0,1,0,1,0,1,0,1,0,0,0,0,0,0,0,1,0,0,1,0,0,0,1,1,0
40866859,니로,니로,29,1220,127973,1580,5,10,8,0,1,1,1,1,1,1,1,1,1,0,1,0,0,0,0,0,0,1,0,0,0,0,0,0,1,1,1,0
40867410,모닝,모닝 어반 (JA),42,780,40285,998,2,5,1,0,0,1,0,0,0,0,0,0,0,0,1,0,0,0,0,0,1,0,0,0,0,1,0,0,0,1,0,1
40867628,K7,올 뉴 K7,12,780,176080,2999,5,10,2,0,1,1,1,1,1,1,1,0,1,0,1,0,0,0,0,1,0,0,0,0,0,1,0,0,0,1,0,1
40869304,K5,더 뉴 K5,11,820,50755,1999,5,12,4,1,0,1,1,1,1,1,1,0,1,0,1,0,0,0,0,0,1,0,0,0,0,1,0,0,0,1,0,1
40870847,모닝,올 뉴 모닝,42,440,101710,998,5,12,3,0,0,1,0,0,0,0,1,0,1,0,1,0,0,0,0,0,1,0,0,0,0,1,0,0,0,1,0,1
40873965,카니발,올 뉴 카니발,85,909,178048,2199,9,12,10,1,1,1,1,1,1,1,1,1,1,0,1,0,0,0,0,0,0,0,1,0,0,0,0,1,0,1,1,0
40877324,쏘울,쏘울 EV,59,1020,74582,80,5,9,3,0,0,1,1,1,1,0,1,0,0,0,1,0,0,0,0,0,0,0,0,1,0,1,0,0,0,1,0,1
40877498,카니발,더 뉴 카니발,85,1570,157179,2199,9,8,7,0,1,1,1,1,1,1,1,1,1,0,1,0,0,0,0,0,0,0,1,0,0,0,1,0,0,1,1,0
40879900,모하비,모하비,43,950,88030,2959,7,14,5,1,1,1,0,1,0,1,1,1,1,0,1,0,0,0,0,0,0,0,1,0,0,0,0,1,0,1,1,0
40883927,모닝,올 뉴 모닝,42,200,179018,998,2,12,11,0,0,0,0,0,0,0,0,0,0,0,1,0,0,0,0,0,1,0,0,0,0,0,0,0,1,1,0,1
40884728,카니발,카니발 R,85,460,127811,2199,11,14,7,0,0,1,1,0,0,1,1,0,1,0,1,0,0,0,0,0,0,0,1,0,0,0,1,0,0,1,1,0
40888682,카니발,카니발 R,85,480,141444,2199,9,12,12,0,0,1,0,1,0,0,1,0,1,0,1,0,0,0,0,0,0,0,1,0,0,1,0,0,0,1,1,0
40893799,카렌스,더 뉴 카렌스,86,940,152954,1999,7,8,2,0,0,1,1,0,0,1,1,0,1,0,1,0,0,0,0,1,0,0,0,0,0,0,0,1,0,1,1,0
40895637,모닝,모닝 어반 (JA),42,790,23941,998,2,5,1,0,0,1,1,0,1,1,1,0,1,0,1,0,0,0,0,0,1,0,0,0,0,1,0,0,0,1,0,1
40899433,쏘렌토,더 뉴 쏘렌토,58,1299,172582,1995,5,9,2,0,0,1,1,0,0,1,1,0,1,0,1,0,0,0,0,0,0,0,1,0,0,1,0,0,0,1,1,0
40902991,카니발,더 뉴 카니발,85,890,216909,2199,9,8,7,1,0,1,1,1,1,1,1,1,1,0,1,0,0,0,0,0,0,0,1,0,0,0,1,0,0,1,1,0
40905698,K7,올 뉴 K7,12,1450,95126,2359,5,7,11,1,1,1,1,1,1,1,1,1,1,0,1,0,0,0,0,0,1,0,0,0,0,0,1,0,0,1,0,1
40916509,K7,올 뉴 K7,12,989,184261,2199,5,9,0,0,1,1,1,1,1,1,1,1,1,0,1,0,0,0,0,0,0,0,1,0,0,0,1,0,0,1,0,1
40917527,셀토스,셀토스,49,1389,141586,1598,5,5,0,0,0,1,0,0,1,0,1,0,1,0,1,0,0,0,0,0,0,0,1,0,0,0,0,0,1,1,1,0
40917995,모하비,모하비,43,1420,87659,2959,7,11,2,0,1,1,1,1,1,1,1,1,1,0,1,0,0,0,0,0,0,0,1,0,0,0,1,0,0,1,1,0
40920665,K5,더 뉴 K5,11,550,161916,1999,5,12,7,0,0,1,1,0,1,0,0,0,1,0,1,0,0,0,0,1,0,0,0,0,0,1,0,0,0,1,0,1
40923549,레이,레이,34,550,158010,998,5,10,2,0,0,0,0,0,0,0,0,0,0,0,1,0,0,0,0,0,1,0,0,0,0,0,0,0,1,1,0,1
40925795,K7,K7,12,299,204456,3470,5,16,2,0,0,0,0,0,0,0,0,0,0,0,1,0,0,0,0,0,1,0,0,0,0,1,0,0,0,1,0,1
40925897,스포티지,스포티지 4세대,55,1590,22652,1685,5,9,1,1,1,1,1,1,1,1,1,1,1,0,1,0,0,0,0,0,0,0,1,0,0,1,0,0,0,1,1,0
40927266,K3,올 뉴 K3,10,950,110764,1598,5,8,14,0,0,1,1,0,1,1,1,1,1,0,1,0,0,0,0,0,1,0,0,0,0,1,0,0,0,1,0,1
40927827,모닝,뉴모닝,42,240,97250,999,5,17,11,0,0,1,1,0,0,0,1,0,1,0,1,0,0,0,0,0,1,0,0,0,0,0,1,0,0,1,0,1
40928003,K5,더 뉴 K5,11,670,177462,1999,5,13,6,0,1,1,1,1,1,1,1,1,1,0,1,0,0,0,0,0,1,0,0,0,0,0,1,0,0,1,0,1
40929804,레이,더 뉴 기아 레이,34,890,85455,998,2,4,11,0,0,1,0,0,1,0,1,0,1,0,1,0,0,0,0,0,1,0,0,0,0,1,0,0,0,1,0,1
40929953,K5,K5 2세대,11,1030,134889,1999,5,9,4,0,1,1,1,1,1,1,1,1,1,0,1,0,0,0,0,0,1,0,0,0,0,0,1,0,0,1,0,1
40935329,모닝,올 뉴 모닝 (JA),42,970,35676,998,5,8,1,0,0,1,1,0,1,0,1,0,1,0,1,0,0,0,0,0,1,0,0,0,0,1,0,0,0,1,0,1
40935917,K5,K5,11,375,167501,1998,5,15,15,0,1,1,1,1,1,1,1,1,1,0,1,0,0,0,0,0,1,0,0,0,0,0,1,0,0,1,0,1
40937738,레이,더 뉴 기아 레이,34,324,7,998,5,1,2,0,0,1,1,1,1,0,1,1,1,0,1,0,0,0,0,0,1,0,0,0,0,1,0,0,0,1,0,1
40940586,니로,니로,29,1090,135604,1580,5,10,6,0,0,1,1,1,1,1,1,1,1,0,1,0,0,0,0,0,0,1,0,0,0,1,0,0,0,1,1,0
40952747,K7,올 뉴 K7,12,920,213878,2999,5,7,7,0,1,1,1,1,1,1,1,1,1,0,1,0,0,0,0,0,1,0,0,0,0,0,1,0,0,1,0,1
40958027,K5,K5 하이브리드,11,550,151030,1999,5,12,10,0,0,1,1,1,1,0,1,1,1,0,1,0,0,0,0,0,0,1,0,0,0,0,1,0,0,1,0,1
40965650,카니발,올 뉴 카니발,85,1490,183267,2199,9,10,0,0,1,1,1,1,1,1,1,1,1,0,1,0,0,0,0,0,0,0,1,0,0,0,1,0,0,1,1,0
40972544,K5,K5 2세대,11,1230,75264,1999,5,10,1,0,1,1,1,1,1,1,1,1,1,0,1,0,0,0,0,0,1,0,0,0,0,0,0,0,1,1,0,1
40973448,프라이드,올 뉴 프라이드,110,550,104355,1591,5,12,2,0,0,1,0,1,1,0,1,0,1,0,1,0,0,0,0,0,1,0,0,0,0,1,0,0,0,1,0,1
40974044,K5,더 뉴 K5,11,560,189325,1999,5,13,8,0,1,1,1,1,1,1,1,1,1,0,1,0,0,0,0,0,1,0,0,0,0,0,1,0,0,1,0,1
40974938,모닝,더 뉴 모닝,42,780,81399,998,5,10,1,0,0,1,1,0,1,1,1,0,1,0,1,0,0,0,0,0,1,0,0,0,0,1,0,0,0,1,0,1
40978106,K3,K3,10,480,121844,1591,5,14,15,1,0,1,1,1,1,1,1,0,1,0,1,0,0,0,0,0,1,0,0,0,0,1,0,0,0,1,0,1
40983151,니로,더 뉴 니로,29,1450,136847,1580,5,5,0,0,0,1,1,1,0,1,0,0,1,0,1,0,0,0,0,0,0,1,0,0,0,0,0,1,0,1,1,0
40986037,프라이드,프라이드,110,390,78764,1323,5,29,5,0,0,0,0,0,0,0,0,0,0,0,1,0,0,0,0,0,1,0,0,0,0,0,0,0,1,1,0,1
40987894,K7,올 뉴 K7,12,1150,153295,3342,5,10,2,0,1,1,1,1,1,1,1,1,1,0,1,0,0,0,0,0,1,0,0,0,0,0,1,0,0,1,0,1
40987986,K5,K5,11,399,152819,1998,5,15,2,0,0,0,1,1,0,1,1,0,1,0,1,0,0,0,0,1,0,0,0,0,0,0,0,0,1,1,0,1
40991660,모닝,올 뉴 모닝 (JA),42,510,171398,998,5,9,2,0,0,1,0,0,1,0,1,0,1,0,1,0,0,0,0,0,1,0,0,0,0,0,1,0,0,1,0,1
40996162,스팅어,스팅어 마이스터,53,1690,169277,2497,5,6,3,0,1,1,1,1,1,1,1,1,1,0,1,0,0,0,0,0,1,0,0,0,0,1,0,0,0,1,0,1
40998613,모하비,더 뉴 모하비,43,1699,156786,2959,7,8,8,1,1,1,1,1,1,1,1,1,1,0,1,0,0,0,0,0,0,0,1,0,0,0,1,0,0,1,1,0
41005335,카니발,카니발 R,85,250,229833,2199,11,13,5,0,0,1,1,0,0,1,1,0,1,0,1,0,0,0,0,0,0,0,1,0,0,1,0,0,0,1,1,0
41014565,카니발,더 뉴 카니발,85,1299,180489,2199,9,8,4,1,1,1,1,1,1,1,1,1,1,0,1,0,0,0,0,0,0,0,1,0,0,0,0,1,0,1,1,0
41016730,카니발,카니발 R,85,590,106414,2199,9,14,12,1,0,1,1,1,0,1,1,0,1,0,1,0,0,0,0,0,0,0,1,0,0,1,0,0,0,1,1,0
41019566,쏘울,쏘울 부스터,59,1620,73505,1591,5,6,3,0,1,1,1,1,1,1,1,1,1,0,1,0,0,0,0,0,1,0,0,0,0,1,0,0,0,1,0,1
41025955,모하비,모하비,43,1290,137553,2959,7,11,0,1,1,1,1,1,1,1,1,1,1,0,1,0,0,0,0,0,0,0,1,0,0,0,0,1,0,1,1,0
41026603,셀토스,셀토스,49,1660,89798,1591,5,7,0,0,1,1,1,1,1,1,1,1,1,0,1,0,0,0,0,0,1,0,0,0,0,1,0,0,0,1,1,0
41028706,K7,올 뉴 K7 하이브리드,12,790,203993,2359,5,9,9,0,0,1,1,1,1,1,1,1,1,0,1,0,0,0,0,0,0,1,0,0,0,0,0,1,0,1,0,1
41032176,K7,올 뉴 K7,12,880,151463,2359,5,10,2,1,0,1,1,1,1,1,1,1,1,0,1,0,0,0,0,0,1,0,0,0,0,1,0,0,0,1,0,1
41032180,스포티지,더 뉴 스포티지 R,55,870,106884,1995,5,11,9,1,1,1,1,0,1,1,1,1,1,0,1,0,0,0,0,0,0,0,1,0,0,1,0,0,0,1,1,0
41033473,레이,더 뉴 레이,34,680,85539,998,2,8,10,0,0,1,0,0,0,0,0,0,0,0,1,0,0,0,0,0,1,0,0,0,0,1,0,0,0,1,0,1
41034048,스포티지,스포티지 더 볼드,55,1530,117506,1598,5,6,5,0,0,1,1,0,1,1,0,0,1,0,1,0,0,0,0,0,0,0,1,0,0,0,0,1,0,1,1,0
41036090,레이,레이,34,499,109757,998,5,14,10,0,0,1,1,0,0,0,1,0,1,0,1,0,0,0,0,0,1,0,0,0,0,1,0,0,0,1,0,1
41036305,K3,더 뉴 K3 2세대,10,1490,94503,1598,5,3,6,0,0,1,1,1,1,1,1,1,1,0,1,0,0,0,0,0,1,0,0,0,0,1,0,0,0,1,0,1
41039941,레이,레이,34,950,109232,998,5,10,9,0,0,1,1,1,1,1,1,0,1,0,1,0,0,0,0,0,1,0,0,0,0,1,0,0,0,1,0,1
41042385,스포티지,스포티지 R,55,659,92046,1995,5,15,2,0,0,1,1,1,1,0,1,0,1,0,1,0,0,0,0,0,0,0,1,0,0,0,0,1,0,1,1,0
41042963,K7,올 뉴 K7,12,1090,175840,3342,5,9,13,1,1,1,1,1,1,1,1,1,1,0,1,0,0,0,0,0,1,0,0,0,0,0,1,0,0,1,0,1
41050270,K7,더 뉴 K7,12,460,206131,2359,5,14,2,1,1,1,1,1,1,1,1,0,1,0,1,0,0,0,0,0,1,0,0,0,0,0,1,0,0,1,0,1
41050755,카니발,올 뉴 카니발,85,1320,67896,2199,11,11,1,1,0,1,1,1,1,1,1,1,1,0,1,0,0,0,0,0,0,0,1,0,0,0,1,0,0,1,1,0
41053054,K3,더 뉴 K3 2세대,10,1660,75079,1598,5,4,3,0,0,1,1,0,1,1,1,0,1,0,1,0,0,0,0,0,1,0,0,0,0,1,0,0,0,1,0,1
41054973,카니발,카니발 R,85,340,143976,2199,11,13,6,0,0,1,1,1,0,1,1,0,1,0,1,0,0,0,0,0,0,0,1,0,0,0,0,0,1,1,1,0
41055633,모닝,더 뉴 모닝,42,519,90797,998,5,11,2,0,0,1,1,0,1,1,1,0,1,0,1,0,0,0,0,0,1,0,0,0,0,0,0,0,1,1,0,1
41056302,레이,레이,34,480,163178,998,5,14,13,0,0,1,1,0,0,1,1,0,1,0,1,0,0,0,0,0,1,0,0,0,0,0,0,0,1,1,0,1
41057031,카니발,올 뉴 카니발,85,890,106945,2199,11,12,19,0,0,1,1,1,1,1,1,1,1,0,1,0,0,0,0,0,0,0,1,0,0,0,0,1,0,1,1,0
41057953,쏘렌토,올 뉴 쏘렌토,58,1150,80082,1995,7,12,2,0,0,1,1,1,1,1,1,1,1,0,1,0,0,0,0,0,0,0,1,0,0,0,0,1,0,1,1,0
41058118,K3,K3 쿱,10,620,124396,1591,5,11,4,1,0,1,1,1,1,1,1,0,1,0,1,0,0,0,0,0,1,0,0,0,0,1,0,0,0,1,0,1
41058238,카니발,더 뉴 카니발,85,1100,179386,2199,9,8,5,1,0,1,1,0,1,1,1,1,1,0,1,0,0,0,0,0,0,0,1,0,0,1,0,0,0,1,1,0
41061116,스팅어,스팅어,53,1599,122948,3342,5,8,10,1,1,1,1,1,1,1,1,1,1,0,1,0,0,0,0,0,1,0,0,0,0,0,0,0,1,1,0,1
41066618,K5,K5 3세대,11,1570,91010,1999,5,6,7,0,1,1,1,1,1,1,1,1,1,0,1,0,0,0,0,0,1,0,0,0,0,0,0,1,0,1,0,1
41069138,모닝,올 뉴 모닝 (JA),42,800,74040,998,5,8,10,0,0,1,1,0,1,1,1,0,1,0,1,0,0,0,0,0,1,0,0,0,0,1,0,0,0,1,0,1
41075010,모닝,올 뉴 모닝,42,478,87239,998,5,14,7,0,0,1,1,1,1,1,1,0,1,0,1,0,0,0,0,0,1,0,0,0,0,1,0,0,0,1,0,1
41075040,모하비,모하비,43,950,162545,2959,7,11,2,1,1,1,1,1,1,1,1,1,1,0,1,0,0,0,0,0,0,0,1,0,0,1,0,0,0,1,1,0
41085700,카니발,올 뉴 카니발,85,1590,23456,2199,9,9,2,0,0,1,0,0,1,0,1,1,1,0,1,0,0,0,0,0,0,0,1,0,0,0,1,0,0,1,1,0
41089486,K5,K5,11,499,115577,1998,5,16,5,1,0,0,1,0,0,1,1,0,1,0,1,0,0,0,0,1,0,0,0,0,0,0,0,1,0,1,0,1
41094385,K7,K7 하이브리드,12,750,112282,2359,5,12,2,0,0,1,1,1,1,1,1,1,1,0,1,0,0,0,0,0,0,1,0,0,0,1,0,0,0,1,0,1
41097824,레이,레이,34,639,110032,998,5,13,22,0,0,1,1,1,1,1,1,0,1,0,1,0,0,0,0,0,1,0,0,0,0,0,0,0,1,1,0,1
41106418,쏘렌토,올 뉴 쏘렌토,58,1080,180560,1995,5,10,23,0,1,1,1,1,1,1,1,1,1,0,1,0,0,0,0,0,0,0,1,0,0,1,0,0,0,1,1,0
41106963,K5,K5 2세대,11,990,89075,1591,5,11,3,1,0,1,0,1,1,0,1,0,1,0,1,0,0,0,0,0,1,0,0,0,0,1,0,0,0,1,0,1
41113209,쏘렌토,올 뉴 쏘렌토,58,1640,82138,2199,5,10,0,0,1,1,1,1,1,1,1,1,1,0,1,0,0,0,0,0,0,0,1,0,0,0,1,0,0,1,1,0
41114475,K7,올 뉴 K7,12,1120,160550,3342,5,9,5,1,1,1,1,1,1,1,1,1,1,0,1,0,0,0,0,0,1,0,0,0,0,0,1,0,0,1,0,1
41115530,카니발,더 뉴 카니발,85,1480,97988,2199,9,7,2,0,0,1,1,1,1,1,1,1,1,0,1,0,0,0,0,0,0,0,1,0,0,1,0,0,0,1,1,0
41120468,모닝,더 뉴 모닝,42,730,55155,998,5,11,5,0,0,1,1,0,1,1,1,0,1,0,1,0,0,0,0,0,1,0,0,0,0,0,0,1,0,1,0,1
41122304,카니발,올 뉴 카니발,85,900,148360,2199,9,10,5,0,0,1,1,1,1,1,1,1,1,0,1,0,0,0,0,0,0,0,1,0,0,0,0,1,0,1,1,0
41123989,모닝,올 뉴 모닝,42,430,122867,998,5,13,10,0,0,1,1,0,0,1,1,0,1,0,1,0,0,0,0,0,1,0,0,0,0,0,0,1,0,1,0,1
41126294,쏘렌토,쏘렌토 R,58,680,139790,1995,7,15,3,0,1,1,1,1,1,1,1,1,1,0,1,0,0,0,0,0,0,0,1,0,0,0,0,1,0,1,1,0
41126522,K5,더 뉴 K5,11,859,53573,1999,5,13,0,0,0,1,1,1,1,1,1,0,1,0,1,0,0,0,0,1,0,0,0,0,0,0,0,0,1,1,0,1
41126581,카니발,더 뉴 카니발,85,1020,188147,2199,9,8,2,0,0,1,1,1,1,1,1,1,1,0,1,0,0,0,0,0,0,0,1,0,0,0,1,0,0,1,1,0
41134810,모닝,더 뉴 모닝,42,499,55447,998,5,10,8,0,0,1,0,0,0,0,1,0,1,0,1,0,0,0,0,0,1,0,0,0,0,0,0,1,0,1,0,1
41134920,셀토스,셀토스,49,1670,96149,1591,5,6,11,0,1,1,1,1,1,1,1,1,1,0,1,0,0,0,0,0,1,0,0,0,0,1,0,0,0,1,1,0
41136404,K5,더 뉴 K5,11,690,54595,1999,5,12,5,0,0,1,1,1,1,1,1,1,1,0,1,0,0,0,0,0,1,0,0,0,0,0,0,1,0,1,0,1
41138610,스포티지,스포티지 4세대,55,1380,91790,1995,5,9,3,0,1,1,1,0,1,1,1,0,1,0,1,0,0,0,0,0,0,0,1,0,0,0,0,0,1,1,1,0
41138753,로체,로체 이노베이션,36,260,123851,1998,5,18,15,0,0,1,0,0,0,0,0,0,1,0,1,0,0,0,0,1,0,0,0,0,0,1,0,0,0,1,0,1
41144903,K5,K5 3세대,11,1600,82646,1999,5,6,23,1,1,1,1,1,1,1,1,1,1,0,1,0,0,0,0,0,1,0,0,0,0,1,0,0,0,1,0,1
41146989,레이,더 뉴 레이,34,999,111890,998,2,5,0,0,0,1,1,0,0,1,0,0,0,0,1,0,0,0,0,0,1,0,0,0,0,1,0,0,0,1,0,1
41150398,K5,더 뉴 K5 2세대,11,1080,158469,1999,5,8,9,0,1,1,1,1,1,1,1,1,1,0,1,0,0,0,0,0,1,0,0,0,0,0,0,0,1,1,0,1
41159238,모닝,올 뉴 모닝,42,325,154197,998,5,12,2,0,0,1,0,0,0,0,1,0,1,0,1,0,0,0,0,0,1,0,0,0,0,0,0,0,1,1,0,1
41160243,쏘렌토,뉴 쏘렌토 R,58,659,189035,1995,5,13,0,0,0,1,1,1,1,1,1,1,1,0,1,0,0,0,0,0,0,0,1,0,0,1,0,0,0,1,1,0
41164735,스포티지,스포티지 더 볼드,55,1200,110281,1598,5,7,3,0,0,1,1,1,1,1,1,1,1,0,1,0,0,0,0,0,0,0,1,0,0,1,0,0,0,1,1,0
41165220,카니발,올 뉴 카니발,85,1490,157051,2199,9,10,1,0,1,1,1,1,1,1,1,1,1,0,1,0,0,0,0,0,0,0,1,0,0,0,1,0,0,1,1,0
41166358,레이,더 뉴 기아 레이,34,1549,22575,998,5,4,4,0,0,1,1,0,1,1,1,1,1,0,1,0,0,0,0,0,1,0,0,0,0,1,0,0,0,1,0,1
41166615,쏘렌토,올 뉴 쏘렌토,58,1399,117665,1995,5,10,4,0,1,1,1,1,1,1,1,1,1,0,1,0,0,0,0,0,0,0,1,0,0,0,1,0,0,1,1,0
41173540,K7,올 뉴 K7,12,1290,82717,2359,5,9,0,0,0,1,1,1,1,1,1,1,1,0,1,0,0,0,0,0,1,0,0,0,0,0,0,1,0,1,0,1
41179647,K9,더 뉴 K9,14,720,162944,3342,5,11,18,0,1,1,1,1,1,1,1,1,1,0,1,0,0,0,0,0,1,0,0,0,0,0,1,0,0,1,0,1
41181377,카니발,카니발 R,85,499,61756,2199,11,16,2,0,0,1,1,1,0,1,1,0,1,0,1,0,0,0,0,0,0,0,1,0,0,0,0,1,0,1,1,0
41181446,카니발,올 뉴 카니발,85,1020,88487,2199,9,10,10,1,0,1,1,1,1,1,1,1,1,0,1,0,0,0,0,0,0,0,1,0,0,0,0,1,0,1,1,0
41185943,K9,더 뉴 K9,14,1380,122010,5038,5,11,5,0,1,1,1,1,1,1,1,1,1,0,1,0,0,0,0,0,1,0,0,0,0,0,1,0,0,1,0,1
41188994,레이,더 뉴 레이,34,959,111851,998,5,7,1,0,0,1,1,0,1,1,1,0,1,0,1,0,0,0,0,0,1,0,0,0,0,1,0,0,0,1,0,1
41189539,카니발,올 뉴 카니발,85,1380,114997,2199,7,10,12,0,1,1,1,1,1,1,1,1,1,0,1,0,0,0,0,0,0,0,1,0,0,0,1,0,0,1,1,0
41189761,스포티지,스포티지 4세대,55,1000,141350,1685,5,10,3,0,0,1,1,0,1,1,1,1,1,0,1,0,0,0,0,0,0,0,1,0,0,0,0,0,1,1,1,0
41190340,스포티지,스포티지 더 볼드,55,1390,99993,1995,5,7,2,0,0,1,1,1,1,1,1,1,1,0,1,0,0,0,0,0,0,0,1,0,0,0,1,0,0,1,1,0
41190946,오피러스,오피러스 프리미엄,76,350,143999,3342,5,15,4,0,0,1,1,1,1,1,1,0,1,0,1,0,0,0,0,0,1,0,0,0,0,0,1,0,0,1,0,1
41201825,K3,K3,10,640,113260,1582,5,12,0,1,0,1,1,1,1,1,1,1,1,0,1,0,0,0,0,0,0,0,1,0,0,0,0,0,1,1,0,1
41202016,K9,K9,14,710,182013,3342,5,14,11,0,1,1,1,1,1,1,1,1,1,0,1,0,0,0,0,0,1,0,0,0,0,0,1,0,0,1,0,1
41206017,모닝,모닝 어반 (JA),42,1180,37840,998,5,5,1,0,0,1,1,0,1,1,1,1,1,0,1,0,0,0,0,0,1,0,0,0,0,1,0,0,0,1,0,1
41206240,레이,더 뉴 레이,34,1280,31063,998,5,6,10,0,0,1,1,1,1,1,1,0,1,0,1,0,0,0,0,0,1,0,0,0,0,0,0,1,0,1,0,1
41209489,카니발,카니발 R,85,540,158453,2199,9,13,5,1,0,1,0,1,0,1,1,0,1,0,1,0,0,0,0,0,0,0,1,0,0,0,0,1,0,1,1,0
41212375,K3,K3,10,570,128090,1591,5,11,11,0,0,1,1,1,1,1,1,0,1,0,1,0,0,0,0,0,1,0,0,0,0,0,0,0,1,1,0,1
41212618,카니발,올 뉴 카니발,85,1559,160257,2199,9,10,6,0,1,1,1,1,1,0,1,1,1,0,1,0,0,0,0,0,0,0,1,0,0,1,0,0,0,1,1,0
41214988,K7,올 뉴 K7,12,990,95603,3342,5,10,14,1,0,1,1,1,1,1,1,1,1,0,1,0,0,0,0,0,1,0,0,0,0,0,0,1,0,1,0,1
41217934,모닝,더 뉴 모닝,42,620,72192,998,5,11,8,0,0,1,1,0,1,1,1,0,1,0,1,0,0,0,0,0,1,0,0,0,0,1,0,0,0,1,0,1
41221066,스포티지,스포티지 4세대,55,1100,110084,1995,5,10,3,0,0,1,0,0,1,0,1,0,1,0,1,0,0,0,0,0,0,0,1,0,0,0,1,0,0,1,1,0
41223082,모하비,모하비,43,930,197406,2959,7,11,3,1,1,1,1,1,1,1,1,1,1,0,1,0,0,0,0,0,0,0,1,0,0,0,0,1,0,1,1,0
41223164,모닝,모닝 어반 (JA),42,1220,26257,998,5,4,4,0,0,1,1,0,1,1,1,1,1,0,1,0,0,0,0,0,1,0,0,0,0,1,0,0,0,1,0,1
41223389,스포티지,스포티지 4세대,55,1190,104943,1995,5,10,18,0,0,1,1,0,1,1,1,0,1,0,1,0,0,0,0,0,0,0,1,0,0,0,0,1,0,1,1,0
41225558,카니발,더 뉴 카니발,85,1450,139703,2199,9,6,3,0,0,1,1,1,1,1,1,1,1,0,1,0,0,0,0,0,0,0,1,0,0,1,0,0,0,1,1,0
41225617,카니발,더 뉴 카니발,85,1200,150830,2199,9,8,9,0,1,1,1,0,1,0,1,1,1,0,1,0,0,0,0,0,0,0,1,0,0,0,1,0,0,1,1,0
41226208,카니발,더 뉴 카니발,85,1630,118343,2199,9,6,3,0,0,1,1,1,1,1,1,1,1,0,1,0,0,0,0,0,0,0,1,0,0,0,0,1,0,1,1,0
41226664,레이,더 뉴 레이,34,1350,34771,998,5,6,2,0,0,1,1,1,1,1,1,0,1,0,1,0,0,0,0,0,1,0,0,0,0,1,0,0,0,1,0,1
41227023,레이,더 뉴 레이,34,650,67857,998,2,6,11,0,0,1,0,0,1,0,0,0,1,0,1,0,0,0,0,0,1,0,0,0,0,1,0,0,0,1,0,1
41228291,모하비,모하비,43,430,266565,2959,7,14,16,1,1,1,1,1,1,1,1,1,1,0,1,0,0,0,0,0,0,0,1,0,0,0,0,1,0,1,1,0
41229326,K5,K5,11,550,138692,1998,5,14,14,1,1,1,1,1,1,1,1,1,1,0,1,0,0,0,0,0,1,0,0,0,0,1,0,0,0,1,0,1
41232279,K7,올 뉴 K7 하이브리드,12,1499,168909,2359,5,8,2,1,1,1,1,1,1,1,1,1,1,0,1,0,0,0,0,0,0,1,0,0,0,0,0,1,0,1,0,1
41234097,카니발,올 뉴 카니발,85,1650,76366,3342,9,10,16,0,1,1,1,1,1,1,1,1,1,0,1,0,0,0,0,0,1,0,0,0,0,1,0,0,0,1,1,0
41235390,K3,더 뉴 K3 2세대,10,1490,26941,1598,5,4,12,0,1,1,0,1,1,1,1,1,1,0,1,0,0,0,0,0,1,0,0,0,0,1,0,0,0,1,0,1
41236595,모닝,올 뉴 모닝,42,370,83323,998,5,12,14,0,0,0,1,0,0,0,0,0,0,0,1,0,0,0,0,0,1,0,0,0,0,1,0,0,0,1,0,1
41238041,K7,올 뉴 K7,12,1080,131094,2359,5,9,8,0,1,1,1,1,1,1,1,1,1,0,1,0,0,0,0,0,1,0,0,0,0,0,0,1,0,1,0,1
41240868,레이,더 뉴 레이,34,1120,59654,998,5,7,2,0,0,1,1,0,1,1,1,0,1,0,1,0,0,0,0,0,1,0,0,0,0,1,0,0,0,1,0,1
41241432,카니발,올 뉴 카니발,85,1559,97521,3342,9,9,0,1,1,1,1,1,1,1,1,1,1,0,1,0,0,0,0,0,1,0,0,0,0,0,0,1,0,1,1,0
41241496,모닝,올 뉴 모닝 (JA),42,780,112317,998,5,8,4,0,0,1,1,1,1,1,1,0,1,0,1,0,0,0,0,0,1,0,0,0,0,1,0,0,0,1,0,1
41241965,K7,더 뉴 K7,12,859,111554,2999,5,12,6,0,0,1,1,1,1,1,1,0,1,0,1,0,0,0,0,1,0,0,0,0,0,1,0,0,0,1,0,1
41245333,K3,더 뉴 K3,10,859,109322,1591,5,10,4,0,1,1,1,1,1,1,1,0,1,0,1,0,0,0,0,0,1,0,0,0,0,1,0,0,0,1,0,1
41245491,레이,더 뉴 레이,34,980,98903,998,5,6,5,0,0,1,0,0,1,0,1,0,1,0,1,0,0,0,0,0,1,0,0,0,0,0,0,0,1,1,0,1
41246623,K3,K3,10,659,56165,1591,5,13,4,0,0,1,1,1,0,1,1,0,1,0,1,0,0,0,0,0,1,0,0,0,0,1,0,0,0,1,0,1
41248015,모닝,모닝 어반 (JA),42,1240,58670,998,5,4,5,0,0,1,1,1,1,1,1,1,1,0,1,0,0,0,0,0,1,0,0,0,0,1,0,0,0,1,0,1
41249246,셀토스,셀토스,49,1500,49754,1591,5,6,2,1,1,1,1,1,1,1,1,1,1,0,1,0,0,0,0,0,1,0,0,0,0,0,1,0,0,1,1,0
41250380,레이,레이,34,350,149189,998,5,13,16,0,0,1,1,0,0,0,1,0,1,0,1,0,0,0,0,0,1,0,0,0,0,0,0,1,0,1,0,1
41255095,레이,더 뉴 레이,34,1399,21120,998,5,4,2,0,0,1,1,0,1,0,1,0,1,0,1,0,0,0,0,0,1,0,0,0,0,0,1,0,0,1,0,1
41256465,모닝,올 뉴 모닝,42,610,83737,998,5,12,4,0,0,1,1,0,0,1,1,0,1,0,1,0,0,0,0,0,1,0,0,0,0,1,0,0,0,1,0,1
41256799,니로,더 뉴 니로,29,1690,16526,1580,5,5,13,0,0,1,1,1,1,0,1,0,1,0,1,0,0,0,0,0,0,1,0,0,0,0,0,1,0,1,1,0
41258360,카니발,더 뉴 카니발,85,1470,182724,2199,9,7,2,0,1,1,1,1,1,1,1,1,1,0,1,0,0,0,0,0,0,0,1,0,0,0,1,0,0,1,1,0
41259067,오피러스,뉴오피러스,76,220,193926,2656,5,18,13,0,1,1,1,1,1,1,1,1,1,0,1,0,0,0,0,1,0,0,0,0,0,0,1,0,0,1,0,1
41259450,카니발,카니발 R,85,445,175144,2199,9,15,9,1,0,1,1,1,0,1,1,0,1,0,1,0,0,0,0,0,0,0,1,0,0,1,0,0,0,1,1,0
41259513,K5,더 뉴 K5,11,690,133009,1999,5,13,4,0,0,1,1,1,1,1,1,0,1,0,1,0,0,0,0,0,1,0,0,0,0,0,1,0,0,1,0,1
41259521,모닝,더 뉴 모닝,42,350,125101,998,5,11,28,0,0,0,0,0,0,0,0,0,0,0,1,0,0,0,0,0,1,0,0,0,0,1,0,0,0,1,0,1
41259849,카렌스,더 뉴 카렌스,86,899,118379,1999,7,10,11,0,0,1,1,0,1,1,1,1,1,0,1,0,0,0,0,1,0,0,0,0,0,1,0,0,0,1,1,0
41260662,K3,더 뉴 K3,10,720,87320,1591,5,10,2,0,0,0,0,0,0,0,0,0,0,0,1,0,0,0,0,0,1,0,0,0,0,0,0,1,0,1,0,1
41260691,K3,올 뉴 K3,10,1580,49231,1598,5,7,1,0,1,1,1,1,1,1,1,1,1,0,1,0,0,0,0,0,1,0,0,0,0,0,1,0,0,1,0,1
41265005,모닝,올 뉴 모닝,42,490,103125,998,5,13,15,1,0,1,1,0,1,1,1,0,1,0,1,0,0,0,0,0,1,0,0,0,0,0,0,1,0,1,0,1
41265318,모닝,올 뉴 모닝 (JA),42,1030,69131,998,5,8,0,0,0,1,1,1,1,1,1,0,1,0,1,0,0,0,0,0,1,0,0,0,0,1,0,0,0,1,0,1
41265671,K3,K3,10,630,67661,1591,5,11,6,0,0,1,1,0,0,1,0,0,1,0,1,0,0,0,0,0,1,0,0,0,0,0,0,1,0,1,0,1
41265677,카렌스,올 뉴 카렌스,86,670,66304,1685,5,12,2,0,0,1,1,0,0,1,1,0,1,0,1,0,0,0,0,0,0,0,1,0,0,0,0,1,0,1,1,0
41270876,K7,더 프레스티지 K7,12,759,68217,2999,5,14,7,1,0,1,1,1,1,1,1,0,1,0,1,0,0,0,0,1,0,0,0,0,0,0,0,1,0,1,0,1
41270882,카니발,올 뉴 카니발,85,799,199046,2199,9,9,13,0,0,1,1,1,1,1,1,1,1,0,1,0,0,0,0,0,0,0,1,0,0,0,1,0,0,1,1,0
41270893,프라이드,올 뉴 프라이드,110,659,26648,1591,5,13,2,0,0,1,1,1,1,1,1,0,1,0,1,0,0,0,0,0,1,0,0,0,0,0,0,1,0,1,0,1
41272554,K5,더 뉴 K5,11,999,47231,1999,5,12,5,1,0,1,1,1,1,1,1,0,1,0,1,0,0,0,0,0,1,0,0,0,0,1,0,0,0,1,0,1
41275501,K3,올 뉴 K3,10,1080,109763,1598,5,6,7,0,0,1,1,1,1,1,1,1,1,0,1,0,0,0,0,0,1,0,0,0,0,0,0,1,0,1,0,1
41275871,포르테,포르테,109,280,121871,1591,5,17,16,0,0,1,1,0,1,1,1,0,1,0,1,0,0,0,0,0,1,0,0,0,0,0,1,0,0,1,0,1
41276074,모닝,올 뉴 모닝 (JA),42,699,69769,998,5,9,28,0,0,1,1,0,1,1,1,0,1,0,1,0,0,0,0,0,1,0,0,0,0,1,0,0,0,1,0,1
41276569,쏘렌토,올 뉴 쏘렌토,58,870,216714,2199,7,11,13,0,0,1,1,1,1,1,1,1,1,0,1,0,0,0,0,0,0,0,1,0,0,0,0,1,0,1,1,0
41279514,레이,더 뉴 기아 레이,34,1120,91560,998,2,4,2,0,0,1,1,1,1,1,1,0,1,0,1,0,0,0,0,0,1,0,0,0,0,0,1,0,0,1,0,1
41279686,스포티지,스포티지 R,55,700,105582,1995,5,13,13,0,1,1,1,1,1,1,1,1,1,0,1,0,0,0,0,0,0,0,1,0,0,1,0,0,0,1,1,0
41279786,카니발,더 뉴 카니발,85,1490,148930,2199,9,8,0,0,1,1,1,1,1,1,1,1,1,0,1,0,0,0,0,0,0,0,1,0,0,0,0,1,0,1,1,0
41281711,쏘렌토,더 뉴 쏘렌토,58,1699,110949,2199,5,8,9,0,1,1,1,1,1,1,1,1,1,0,1,0,0,0,0,0,0,0,1,0,0,0,0,1,0,1,1,0
41284776,스팅어,스팅어,53,1390,137855,1998,5,9,16,0,1,1,1,1,1,1,1,1,1,0,1,0,0,0,0,0,1,0,0,0,0,1,0,0,0,1,0,1
41284802,스포티지,스포티지 R,55,550,114399,1995,5,15,9,0,1,1,1,1,1,1,1,1,1,0,1,0,0,0,0,0,0,0,1,0,0,1,0,0,0,1,1,0
41285504,카니발,더 뉴 카니발,85,1210,164276,2199,9,8,5,0,0,1,1,1,1,1,1,1,1,0,1,0,0,0,0,0,0,0,1,0,0,0,1,0,0,1,1,0
41285761,모닝,올 뉴 모닝,42,520,64825,998,5,12,4,0,0,1,1,1,0,1,1,0,1,0,1,0,0,0,0,0,1,0,0,0,0,0,0,0,1,1,0,1
41286044,니로,디 올 뉴 니로,29,1499,199363,1580,5,4,0,0,0,1,1,1,1,1,1,0,1,0,1,0,0,0,0,0,0,1,0,0,0,1,0,0,0,1,1,0
41286058,카니발,올 뉴 카니발,85,1549,186603,2199,7,11,1,0,1,1,1,1,1,1,1,1,1,0,1,0,0,0,0,0,0,0,1,0,0,0,1,0,0,1,1,0
41286194,모닝,올 뉴 모닝 (JA),42,815,72155,998,5,9,2,0,0,0,0,0,0,0,0,0,0,0,1,0,0,0,0,0,1,0,0,0,0,1,0,0,0,1,0,1
41286260,카니발,카니발 R,85,629,148904,2199,9,13,5,0,0,1,1,1,0,0,1,0,1,0,1,0,0,0,0,0,0,0,1,0,0,1,0,0,0,1,1,0
41291173,카니발,올 뉴 카니발,85,930,150005,2199,9,10,5,1,0,1,1,1,1,1,1,1,1,0,1,0,0,0,0,0,0,0,1,0,0,0,1,0,0,1,1,0
41291643,K5,더 뉴 K5 2세대,11,1590,85810,1999,5,8,3,0,1,1,1,1,1,1,1,0,1,0,1,0,0,0,0,0,1,0,0,0,0,1,0,0,0,1,0,1
41292995,K5,K5,11,360,133060,1998,5,15,17,0,0,0,0,0,1,1,1,0,1,0,1,0,0,0,0,0,1,0,0,0,0,0,0,1,0,1,0,1
41293486,모닝,올 뉴 모닝 (JA),42,920,35244,998,5,9,4,0,0,1,1,0,1,1,1,0,1,0,1,0,0,0,0,0,1,0,0,0,0,1,0,0,0,1,0,1
41294322,모하비,더 뉴 모하비,43,1458,160780,2959,5,10,7,1,1,1,1,1,1,1,1,1,1,0,1,0,0,0,0,0,0,0,1,0,0,0,0,1,0,1,1,0
41295006,스포티지,스포티지 R,55,459,201424,1995,5,15,11,0,0,1,1,1,1,1,1,0,1,0,1,0,0,0,0,0,0,0,1,0,0,0,0,1,0,1,1,0
41295633,모하비,모하비,43,720,133245,2959,7,16,2,1,1,1,1,1,1,1,1,1,1,0,1,0,0,0,0,0,0,0,1,0,0,0,0,1,0,1,1,0
41295653,쏘렌토,올 뉴 쏘렌토,58,1050,169508,1995,5,10,3,0,0,1,1,1,1,1,1,1,1,0,1,0,0,0,0,0,0,0,1,0,0,0,1,0,0,1,1,0
41295745,포르테,포르테 쿱,109,540,102477,1591,5,14,18,1,0,1,1,1,1,1,1,0,1,0,1,0,0,0,0,0,1,0,0,0,0,1,0,0,0,1,0,1
41295940,모하비,모하비,43,550,273058,2959,7,14,11,1,1,1,1,1,1,1,1,1,1,0,1,0,0,0,0,0,0,0,1,0,0,0,1,0,0,1,1,0
41296684,K7,더 프레스티지 K7,12,690,81421,2359,5,14,2,0,0,1,1,1,1,1,1,1,1,0,1,0,0,0,0,0,1,0,0,0,0,0,1,0,0,1,0,1
41296874,K5,K5 2세대,11,940,119824,1999,5,10,2,0,0,1,1,0,1,1,1,0,1,0,1,0,0,0,0,1,0,0,0,0,0,0,0,1,0,1,0,1
41298857,카니발,올 뉴 카니발,85,870,117652,2199,11,11,4,0,0,1,1,1,1,1,1,1,1,0,1,0,0,0,0,0,0,0,1,0,0,1,0,0,0,1,1,0
41299177,스포티지,스포티지 더 볼드,55,1485,85112,1995,5,8,4,0,0,1,1,0,1,0,1,1,1,0,1,0,0,0,0,0,0,0,1,0,0,0,0,1,0,1,1,0
41302551,K7,올 뉴 K7 하이브리드,12,1530,86638,2359,5,8,7,0,1,1,1,1,1,1,1,1,1,0,1,0,0,0,0,0,0,1,0,0,0,1,0,0,0,1,0,1
41305774,K7,올 뉴 K7,12,1250,107274,2359,5,10,0,0,1,1,1,1,1,1,1,1,1,0,1,0,0,0,0,0,1,0,0,0,0,0,1,0,0,1,0,1
41306956,모닝,더 뉴 모닝 (JA),42,1690,15686,998,5,3,2,0,1,1,1,1,1,1,1,1,1,0,1,0,0,0,0,0,1,0,0,0,0,1,0,0,0,1,0,1
41309124,모닝,올 뉴 모닝,42,370,170856,998,5,12,10,0,0,1,1,1,1,1,1,0,1,0,1,0,0,0,0,0,1,0,0,0,0,1,0,0,0,1,0,1
41309255,레이,더 뉴 레이,34,770,93267,998,2,5,2,0,0,1,1,0,1,0,1,0,0,0,1,0,0,0,0,0,1,0,0,0,0,1,0,0,0,1,0,1
41310512,레이,레이,34,690,69054,998,5,11,21,0,0,1,1,0,1,1,1,0,1,0,1,0,0,0,0,0,1,0,0,0,0,1,0,0,0,1,0,1
41312213,스포티지,스포티지 4세대,55,1280,52413,1685,5,10,7,1,1,1,1,0,1,1,1,1,1,0,1,0,0,0,0,0,0,0,1,0,0,1,0,0,0,1,1,0
41312449,쏘렌토,더 뉴 쏘렌토,58,1650,161614,1995,5,7,2,0,0,1,1,1,1,1,1,1,1,0,1,0,0,0,0,0,0,0,1,0,0,1,0,0,0,1,1,0
41313901,K7,K7 프리미어,12,1630,150881,2497,5,7,1,0,1,1,1,1,1,1,1,1,1,0,1,0,0,0,0,0,1,0,0,0,0,0,1,0,0,1,0,1
41316862,모닝,올 뉴 모닝,42,520,85632,998,5,12,13,0,0,1,1,1,1,1,1,0,1,0,1,0,0,0,0,0,1,0,0,0,0,1,0,0,0,1,0,1
41319091,카니발,올 뉴 카니발,85,1490,168339,3342,7,11,7,0,1,1,1,1,1,1,1,1,1,0,1,0,0,0,0,0,1,0,0,0,0,0,1,0,0,1,1,0
41322206,스팅어,스팅어,53,1550,141318,1998,5,9,3,0,1,1,1,1,1,1,1,1,1,0,1,0,0,0,0,0,1,0,0,0,0,0,1,0,0,1,0,1
41322234,쏘울,쏘울 부스터,59,1190,124254,1591,5,7,4,0,1,1,1,1,1,1,1,1,1,0,1,0,0,0,0,0,1,0,0,0,0,0,0,1,0,1,0,1
41322832,모닝,모닝 어반 (JA),42,1150,15700,998,5,5,4,0,0,1,1,1,1,1,1,1,1,0,1,0,0,0,0,0,1,0,0,0,0,1,0,0,0,1,0,1
41322983,K7,K7 프리미어,12,1595,114496,2497,5,7,1,0,1,1,1,1,1,1,1,1,1,0,1,0,0,0,0,0,1,0,0,0,0,0,1,0,0,1,0,1
41323463,셀토스,셀토스,49,1540,68582,1598,5,6,2,0,0,0,0,0,0,0,0,0,0,0,1,0,0,0,0,0,0,0,1,0,0,1,0,0,0,1,1,0
41323731,카니발,더 뉴 카니발,85,1590,136327,2199,9,8,4,0,1,1,1,1,1,1,1,1,1,0,1,0,0,0,0,0,0,0,1,0,0,1,0,0,0,1,1,0
41324854,모닝,더 뉴 모닝,42,520,108768,998,5,11,11,0,0,1,1,0,0,1,1,0,1,0,1,0,0,0,0,0,1,0,0,0,0,0,0,1,0,1,0,1
41325155,K5,K5,11,500,189544,1999,5,14,2,0,0,1,1,0,0,1,0,0,1,0,1,0,0,0,0,1,0,0,0,0,0,0,0,1,0,1,0,1
41325303,모하비,모하비,43,840,198271,2959,7,12,3,1,1,1,1,1,1,1,1,1,1,0,1,0,0,0,0,0,0,0,1,0,0,0,1,0,0,1,1,0
41326703,레이,레이,34,679,97812,998,5,14,2,0,0,1,1,1,1,1,1,0,1,0,1,0,0,0,0,0,1,0,0,0,0,0,0,1,0,1,0,1
41327423,레이,더 뉴 기아 레이,34,1300,21601,998,5,3,18,0,0,1,1,0,1,1,1,1,1,0,1,0,0,0,0,0,1,0,0,0,0,1,0,0,0,1,0,1
41328418,카니발,올 뉴 카니발,85,1650,61788,2199,9,10,0,0,1,1,1,1,1,1,1,1,1,0,1,0,0,0,0,0,0,0,1,0,0,1,0,0,0,1,1,0
41329847,쏘렌토,올 뉴 쏘렌토,58,1499,153827,2199,5,10,1,0,1,1,1,1,1,1,1,1,1,0,1,0,0,0,0,0,0,0,1,0,0,0,0,1,0,1,1,0
41330310,쏘렌토,쏘렌토 R,58,630,123869,2199,7,15,0,1,0,1,1,1,1,1,1,1,1,0,1,0,0,0,0,0,0,0,1,0,0,1,0,0,0,1,1,0
41333332,모닝,올 뉴 모닝,42,450,87092,998,5,13,2,0,0,1,1,0,0,1,1,0,1,0,1,0,0,0,0,0,1,0,0,0,0,0,0,1,0,1,0,1
41338793,모하비,더 뉴 모하비,43,1188,222766,2959,7,9,16,0,1,1,1,1,1,1,1,1,1,0,1,0,0,0,0,0,0,0,1,0,0,1,0,0,0,1,1,0
41340046,쏘렌토,더 뉴 쏘렌토,58,1470,184016,2199,7,9,0,0,1,1,1,1,1,1,1,1,1,0,1,0,0,0,0,0,0,0,1,0,0,0,1,0,0,1,1,0
41340068,카니발,더 뉴 카니발,85,1650,91639,2199,9,7,4,0,1,1,1,1,1,1,1,1,1,0,1,0,0,0,0,0,0,0,1,0,0,0,0,1,0,1,1,0
41341166,K5,K5,11,699,57526,1998,5,16,8,1,1,1,1,1,1,1,1,1,1,0,1,0,0,0,0,0,1,0,0,0,0,0,1,0,0,1,0,1
41341339,카니발,올 뉴 카니발,85,1390,121887,3342,9,10,4,0,1,1,1,1,1,1,1,1,1,0,1,0,0,0,0,0,1,0,0,0,0,1,0,0,0,1,1,0
41344461,K7,더 뉴 K7,12,1259,65761,2359,5,10,1,1,1,1,1,1,1,1,1,1,1,0,1,0,0,0,0,0,1,0,0,0,0,1,0,0,0,1,0,1
41346130,모닝,더 뉴 모닝,42,550,92543,998,5,10,12,0,0,1,0,0,1,0,1,0,1,0,1,0,0,0,0,0,1,0,0,0,0,1,0,0,0,1,0,1
41349585,카니발,올 뉴 카니발,85,1150,108804,2199,9,10,6,0,0,1,1,1,1,1,1,1,1,0,1,0,0,0,0,0,0,0,1,0,0,0,0,1,0,1,1,0
41349683,레이,레이,34,800,104889,998,5,11,2,0,0,0,0,0,0,0,0,0,0,0,1,0,0,0,0,0,1,0,0,0,0,1,0,0,0,1,0,1
41350422,레이,더 뉴 레이,34,1350,49520,998,5,5,5,0,0,1,1,1,1,1,1,0,1,0,1,0,0,0,0,0,1,0,0,0,0,1,0,0,0,1,0,1
41350782,K7,더 뉴 K7,12,810,58437,2359,5,13,1,0,1,1,1,1,1,1,1,0,1,0,1,0,0,0,0,0,1,0,0,0,0,0,0,1,0,1,0,1
41350846,쏘렌토,더 뉴 쏘렌토,58,1550,169145,1995,5,7,2,0,1,1,1,1,1,1,1,1,1,0,1,0,0,0,0,0,0,0,1,0,0,0,1,0,0,1,1,0
41351736,셀토스,셀토스,49,1599,127996,1591,5,7,4,1,1,1,1,1,1,1,1,1,1,0,1,0,0,0,0,0,1,0,0,0,0,0,0,0,1,1,1,0
41357341,카니발,올 뉴 카니발,85,1299,125053,3342,9,11,2,0,1,1,1,1,1,1,1,1,1,0,1,0,0,0,0,0,1,0,0,0,0,1,0,0,0,1,1,0
41357448,카니발,카니발 R,85,420,248746,2199,9,12,2,0,0,0,0,0,0,0,0,0,0,0,1,0,0,0,0,0,0,0,1,0,0,0,1,0,0,1,1,0
41361727,카니발,올 뉴 카니발,85,1390,76243,2199,11,9,2,0,0,0,0,0,0,0,0,0,0,0,1,0,0,0,0,0,0,0,1,0,0,0,0,1,0,1,1,0
41365463,K7,올 뉴 K7,12,940,179123,2359,5,9,4,0,1,1,1,1,1,1,1,1,1,0,1,0,0,0,0,0,1,0,0,0,0,1,0,0,0,1,0,1
41365684,카니발,올 뉴 카니발,85,950,178189,2199,9,8,21,1,0,1,1,1,1,1,1,1,1,0,1,0,0,0,0,0,0,0,1,0,0,0,1,0,0,1,1,0
41365937,K7,올 뉴 K7,12,1111,145112,3342,5,10,5,0,1,1,1,1,1,1,1,1,1,0,1,0,0,0,0,0,1,0,0,0,0,0,1,0,0,1,0,1
41366427,K7,올 뉴 K7,12,899,112404,2999,5,10,14,0,0,1,1,1,1,1,1,0,1,0,1,0,0,0,0,1,0,0,0,0,0,1,0,0,0,1,0,1
41368150,K7,올 뉴 K7,12,1450,124690,2199,5,7,0,0,1,1,1,1,1,1,1,1,1,0,1,0,0,0,0,0,0,0,1,0,0,1,0,0,0,1,0,1
41368491,스포티지,더 뉴 스포티지 R,55,720,127694,1995,5,13,12,0,0,1,1,1,1,1,1,0,1,0,1,0,0,0,0,0,0,0,1,0,0,0,1,0,0,1,1,0
41368672,레이,더 뉴 레이,34,830,70818,998,2,5,1,0,0,1,1,0,1,0,1,0,0,0,1,0,0,0,0,0,1,0,0,0,0,1,0,0,0,1,0,1
41371816,레이,더 뉴 레이,34,1489,24588,998,5,4,2,0,0,1,1,1,1,1,1,0,1,0,1,0,0,0,0,0,1,0,0,0,0,1,0,0,0,1,0,1
41374141,K3,더 뉴 K3,10,790,144894,1591,5,9,7,0,1,1,1,0,1,1,1,0,1,0,1,0,0,0,0,0,1,0,0,0,0,0,0,0,1,1,0,1
41374621,K7,올 뉴 K7,12,940,167408,2359,5,10,0,0,0,1,1,1,1,1,1,1,1,0,1,0,0,0,0,0,1,0,0,0,0,0,0,1,0,1,0,1
41375150,레이,더 뉴 기아 레이,34,1510,5254,998,5,3,3,0,0,1,1,0,1,1,1,1,1,0,1,0,0,0,0,0,1,0,0,0,0,1,0,0,0,1,0,1
41375398,카니발,올 뉴 카니발,85,1399,90176,3342,7,10,4,1,1,1,1,1,1,1,1,1,1,0,1,0,0,0,0,0,1,0,0,0,0,0,0,1,0,1,1,0
41375552,K3,더 뉴 K3,10,650,187557,1591,5,10,2,0,1,1,1,1,1,1,1,0,1,0,1,0,0,0,0,0,1,0,0,0,0,1,0,0,0,1,0,1
41375897,K3,더 뉴 K3,10,660,106294,1591,5,9,2,0,0,1,1,0,1,1,1,0,1,0,1,0,0,0,0,0,1,0,0,0,0,0,0,0,1,1,0,1
41377623,오피러스,오피러스 프리미엄,76,470,58189,3342,5,16,0,0,1,1,1,1,1,1,1,0,1,0,1,0,0,0,0,0,1,0,0,0,0,0,0,1,0,1,0,1
41378676,K3,K3,10,470,140284,1591,5,14,6,0,0,1,1,1,1,1,1,0,1,0,1,0,0,0,0,0,1,0,0,0,0,1,0,0,0,1,0,1
41379602,스포티지,스포티지 4세대,55,1550,62616,1999,5,9,12,0,0,1,1,0,1,1,1,1,1,0,1,0,0,0,0,0,1,0,0,0,0,0,0,0,1,1,1,0
41380260,K3,더 뉴 K3,10,680,103541,1591,5,9,8,0,0,1,0,0,0,0,1,0,1,0,1,0,0,0,0,0,1,0,0,0,0,0,1,0,0,1,0,1
41380763,K7,올 뉴 K7,12,899,180770,3342,5,10,2,1,1,1,1,1,1,1,1,1,1,0,1,0,0,0,0,0,1,0,0,0,0,0,0,0,1,1,0,1
41381050,레이,더 뉴 레이,34,1340,46423,998,5,6,6,0,0,1,1,1,1,1,1,0,1,0,1,0,0,0,0,0,1,0,0,0,0,0,1,0,0,1,0,1
41382785,모닝,더 뉴 모닝,42,610,111244,998,5,11,3,0,0,1,1,1,1,1,1,0,1,0,1,0,0,0,0,0,1,0,0,0,0,1,0,0,0,1,0,1
41384548,모하비,더 뉴 모하비,43,1390,152712,2959,7,9,4,0,1,1,1,1,1,1,1,1,1,0,1,0,0,0,0,0,0,0,1,0,0,0,0,0,1,1,1,0
41385054,카니발,올 뉴 카니발,85,850,191027,2199,9,12,2,0,1,1,1,1,1,1,1,1,1,0,1,0,0,0,0,0,0,0,1,0,0,1,0,0,0,1,1,0
41385220,모닝,뉴모닝,42,230,114858,999,5,17,2,0,0,1,0,0,0,0,1,0,1,0,1,0,0,0,0,0,1,0,0,0,0,0,0,1,0,1,0,1
41386479,모닝,올 뉴 모닝,42,399,106054,998,5,13,8,0,0,1,1,0,0,1,1,0,1,0,1,0,0,0,0,0,1,0,0,0,0,1,0,0,0,1,0,1
41389208,K7,더 뉴 K7,12,630,140872,2999,5,14,3,0,1,1,1,1,1,1,1,1,1,0,1,0,0,0,0,0,1,0,0,0,0,0,1,0,0,1,0,1
41390807,K8,K8,13,25,83732,2497,5,5,2,0,1,1,1,1,1,1,1,1,1,0,1,0,0,0,0,0,1,0,0,0,0,0,0,1,0,1,0,1
41391639,카니발,올 뉴 카니발,85,1290,232893,3342,9,10,2,0,1,1,1,1,1,1,1,1,1,0,1,0,0,0,0,0,1,0,0,0,0,0,1,0,0,1,1,0
41393493,K7,K7 프리미어,12,1340,163050,2497,5,7,6,0,1,1,1,1,1,1,1,1,1,0,1,0,0,0,0,0,1,0,0,0,0,0,1,0,0,1,0,1
41394224,K5,K5 2세대,11,570,198683,1685,5,11,15,0,1,1,1,1,1,1,1,1,1,0,1,0,0,0,0,0,0,0,1,0,0,1,0,0,0,1,0,1
41395428,레이,더 뉴 레이,34,799,66905,998,2,5,2,0,0,1,1,0,0,0,0,0,1,0,1,0,0,0,0,0,1,0,0,0,0,1,0,0,0,1,0,1
41397134,레이,레이,34,700,150175,998,5,9,8,0,0,1,1,1,1,0,1,0,1,0,1,0,0,0,0,0,1,0,0,0,0,0,1,0,0,1,0,1
41397890,오피러스,오피러스 프리미엄,76,350,175261,3342,5,17,2,0,1,1,1,1,1,1,1,0,1,0,1,0,0,0,0,0,1,0,0,0,0,0,1,0,0,1,0,1
41398647,카니발,올 뉴 카니발,85,1050,119441,2199,9,10,7,0,0,1,1,1,1,1,1,1,1,0,1,0,0,0,0,0,0,0,1,0,0,0,1,0,0,1,1,0
41400531,카니발,올 뉴 카니발,85,1330,103633,2199,9,12,0,1,1,1,1,1,1,1,1,1,1,0,1,0,0,0,0,0,0,0,1,0,0,0,0,1,0,1,1,0
41401295,포르테,포르테,109,330,123882,1591,5,17,6,0,0,1,0,0,1,1,1,0,0,0,1,0,0,0,0,0,1,0,0,0,0,0,0,1,0,1,0,1
41402303,프라이드,올 뉴 프라이드,110,319,100742,1591,5,15,4,0,0,1,0,1,1,0,1,0,1,0,1,0,0,0,0,0,1,0,0,0,0,0,0,1,0,1,0,1
41402410,프라이드,올 뉴 프라이드,110,299,153410,1591,5,13,5,0,0,1,0,1,0,0,1,0,1,0,1,0,0,0,0,0,1,0,0,0,0,0,0,1,0,1,0,1
41403857,쏘울,올 뉴 쏘울,59,580,144939,1591,5,12,4,1,0,1,1,1,1,1,1,0,1,0,1,0,0,0,0,0,1,0,0,0,0,0,1,0,0,1,0,1
41404368,쏘렌토,쏘렌토 R,58,560,167019,2199,7,17,2,0,1,1,1,1,1,1,1,1,1,0,1,0,0,0,0,0,0,0,1,0,0,0,0,1,0,1,1,0
41406318,레이,더 뉴 레이,34,940,38266,998,2,5,3,0,0,1,1,0,0,1,1,0,0,0,1,0,0,0,0,0,1,0,0,0,0,1,0,0,0,1,0,1
41406572,레이,더 뉴 레이,34,8,50653,998,2,5,2,0,0,1,0,0,0,0,0,0,1,0,1,0,0,0,0,0,1,0,0,0,0,1,0,0,0,1,0,1
41406721,K5,K5 하이브리드,11,530,186389,1999,5,15,4,1,0,1,1,1,1,1,1,0,1,0,1,0,0,0,0,0,0,1,0,0,0,1,0,0,0,1,0,1
41407483,프라이드,올 뉴 프라이드,110,310,131467,1396,5,14,6,0,0,1,1,0,0,1,1,0,1,0,1,0,0,0,0,0,1,0,0,0,0,1,0,0,0,1,0,1
41408331,카니발,올 뉴 카니발,85,1050,130744,2199,9,10,10,0,1,1,1,1,1,1,1,1,1,0,1,0,0,0,0,0,0,0,1,0,0,0,1,0,0,1,1,0
41410753,카니발,올 뉴 카니발,85,1040,177713,2199,9,10,1,1,1,1,1,1,1,1,1,1,1,0,1,0,0,0,0,0,0,0,1,0,0,0,1,0,0,1,1,0
41411892,K3,K3,10,679,52663,1591,5,13,1,0,0,1,1,1,1,1,1,0,1,0,1,0,0,0,0,0,1,0,0,0,0,0,0,1,0,1,0,1
41412982,쏘렌토,올 뉴 쏘렌토,58,1420,70455,1995,7,11,2,0,0,0,0,0,0,0,0,0,0,0,1,0,0,0,0,0,0,0,1,0,0,1,0,0,0,1,1,0
41415367,K3,K3,10,680,100801,1591,5,12,4,1,0,1,1,1,1,0,1,0,1,0,1,0,0,0,0,0,1,0,0,0,0,1,0,0,0,1,0,1
41415760,K3,K3,10,570,102048,1591,5,11,14,0,0,1,1,1,0,1,1,0,1,0,1,0,0,0,0,0,1,0,0,0,0,1,0,0,0,1,0,1
41415919,레이,레이,34,730,127435,998,5,13,5,0,0,1,1,1,1,1,1,0,1,0,1,0,0,0,0,0,1,0,0,0,0,1,0,0,0,1,0,1
41416822,K5,더 뉴 K5 2세대,11,1019,153950,1591,5,8,8,0,1,1,1,0,1,0,1,0,1,0,1,0,0,0,0,0,1,0,0,0,0,1,0,0,0,1,0,1
41417070,스포티지,더 뉴 스포티지 R,55,550,130370,1995,5,12,18,0,0,1,0,1,1,0,1,0,1,0,1,0,0,0,0,0,0,0,1,0,0,0,0,1,0,1,1,0
41417465,셀토스,셀토스,49,1370,114382,1598,5,6,7,0,1,1,1,0,1,0,1,1,1,0,1,0,0,0,0,0,0,0,1,0,0,0,0,0,1,1,1,0
41417847,레이,더 뉴 레이,34,815,76012,998,2,5,0,0,0,1,1,0,0,0,0,0,1,0,1,0,0,0,0,0,1,0,0,0,0,1,0,0,0,1,0,1
41418785,K5,K5 3세대,11,1520,154311,1999,5,7,15,0,1,1,1,1,1,1,1,1,1,0,1,0,0,0,0,0,1,0,0,0,0,1,0,0,0,1,0,1
41422261,카니발,더 뉴 카니발,85,1330,140871,2199,9,7,10,1,0,1,1,1,1,1,1,1,1,0,1,0,0,0,0,0,0,0,1,0,0,1,0,0,0,1,1,0
41422402,레이,더 뉴 레이,34,1340,31115,998,5,5,0,0,0,1,0,1,1,0,1,0,1,0,1,0,0,0,0,0,1,0,0,0,0,0,0,0,1,1,0,1
41423839,K7,올 뉴 K7,12,759,230738,2199,5,10,3,0,0,1,1,1,1,1,1,1,1,0,1,0,0,0,0,0,0,0,1,0,0,1,0,0,0,1,0,1
41424395,모닝,더 뉴 모닝 (JA),42,1650,27295,998,5,2,7,0,1,1,1,1,1,1,1,1,1,0,1,0,0,0,0,0,1,0,0,0,0,1,0,0,0,1,0,1
41424618,카니발,올 뉴 카니발,85,1320,172151,2199,9,12,10,1,1,1,1,1,1,1,1,1,1,0,1,0,0,0,0,0,0,0,1,0,0,0,0,1,0,1,1,0
41428415,K7,더 뉴 K7,12,999,55500,2359,5,13,3,1,1,1,1,1,1,1,1,0,1,0,1,0,0,0,0,0,1,0,0,0,0,0,1,0,0,1,0,1
41429784,카니발,올 뉴 카니발,85,1250,150853,2199,9,11,8,0,0,1,1,1,1,1,1,1,1,0,1,0,0,0,0,0,0,0,1,0,0,0,1,0,0,1,1,0
41430740,K5,더 뉴 K5 2세대,11,1199,157331,1999,5,7,10,1,1,1,1,1,1,1,1,1,1,0,1,0,0,0,0,0,1,0,0,0,0,1,0,0,0,1,0,1
41430773,카니발,올 뉴 카니발,85,850,311414,2199,9,11,12,0,1,1,1,1,1,1,1,1,1,0,1,0,0,0,0,0,0,0,1,0,0,0,1,0,0,1,1,0
41431031,K7,더 뉴 K7,12,630,106419,3342,5,13,18,1,1,1,1,1,1,1,1,1,1,0,1,0,0,0,0,0,1,0,0,0,0,0,1,0,0,1,0,1
41431527,카니발,올 뉴 카니발,85,1249,148973,3342,7,10,8,0,1,1,1,1,1,1,1,1,1,0,1,0,0,0,0,0,1,0,0,0,0,0,0,1,0,1,1,0
41433931,스포티지,스포티지 4세대,55,910,192203,1995,5,11,2,0,1,1,1,0,1,1,1,1,1,0,1,0,0,0,0,0,0,0,1,0,0,1,0,0,0,1,1,0
41435682,K7,더 뉴 K7,12,620,154644,2999,5,13,17,0,1,1,1,1,1,1,1,1,1,0,1,0,0,0,0,0,1,0,0,0,0,0,1,0,0,1,0,1
41435820,모닝,올 뉴 모닝,42,499,38471,998,5,14,5,0,0,1,1,0,0,1,1,0,1,0,1,0,0,0,0,0,1,0,0,0,0,1,0,0,0,1,0,1
41439049,카니발,카니발 R,85,260,203877,2199,11,14,12,1,0,1,1,1,0,1,1,0,1,0,1,0,0,0,0,0,0,0,1,0,0,0,1,0,0,1,1,0
41439058,셀토스,셀토스,49,1270,160490,1598,5,6,4,0,0,1,1,1,1,1,1,1,1,0,1,0,0,0,0,0,0,0,1,0,0,1,0,0,0,1,1,0
41440541,모닝,더 뉴 모닝 (JA),42,288,5,998,5,1,2,0,0,1,1,1,1,1,1,1,1,0,1,0,0,0,0,0,1,0,0,0,0,1,0,0,0,1,0,1
41440633,모닝,더 뉴 모닝 (JA),42,288,5,998,5,1,2,0,0,1,1,1,1,1,1,1,1,0,1,0,0,0,0,0,1,0,0,0,0,1,0,0,0,1,0,1
41443784,레이,더 뉴 레이,34,8,35071,998,2,4,2,0,0,1,0,0,0,0,0,0,0,0,1,0,0,0,0,0,1,0,0,0,0,1,0,0,0,1,0,1
41444290,K7,올 뉴 K7,12,960,184396,2199,5,9,11,0,1,1,1,1,1,1,1,1,1,0,1,0,0,0,0,0,0,0,1,0,0,1,0,0,0,1,0,1
41445025,카니발,올 뉴 카니발,85,780,198720,2199,9,10,1,0,1,1,1,1,1,1,1,1,1,0,1,0,0,0,0,0,0,0,1,0,0,0,0,1,0,1,1,0
41445599,쏘렌토,올 뉴 쏘렌토,58,1290,132388,2199,7,10,0,0,1,1,1,1,1,0,1,1,1,0,1,0,0,0,0,0,0,0,1,0,0,0,0,1,0,1,1,0
41446493,레이,더 뉴 레이,34,1010,82215,998,5,5,7,0,0,1,0,0,0,0,1,0,0,0,1,0,0,0,0,0,1,0,0,0,0,1,0,0,0,1,0,1
41447623,K7,올 뉴 K7,12,1370,145785,2999,5,7,5,0,0,1,1,1,1,1,1,1,1,0,1,0,0,0,0,1,0,0,0,0,0,0,1,0,0,1,0,1
41448918,스포티지,더 뉴 스포티지 R,55,790,156746,1995,5,13,3,1,1,1,1,1,1,1,1,1,1,0,1,0,0,0,0,0,0,0,1,0,0,1,0,0,0,1,1,0
41449590,레이,더 뉴 레이,34,1030,12453,998,2,6,1,0,0,1,0,0,0,0,1,0,1,0,1,0,0,0,0,0,1,0,0,0,0,1,0,0,0,1,0,1
41453591,K7,올 뉴 K7,12,1499,128695,3342,5,7,2,0,1,1,1,1,1,1,1,1,1,0,1,0,0,0,0,0,1,0,0,0,0,0,1,0,0,1,0,1
41455538,스포티지,스포티지 더 볼드,55,1530,118884,1995,5,7,13,1,1,1,1,1,1,1,1,1,1,0,1,0,0,0,0,0,0,0,1,0,0,1,0,0,0,1,1,0
41458009,카렌스,뉴카렌스,86,379,48457,1998,7,17,2,0,0,0,0,0,0,1,1,0,1,0,1,0,0,0,0,1,0,0,0,0,0,0,0,1,0,1,1,0
41458865,K7,올 뉴 K7,12,650,209831,2199,5,9,28,0,1,1,1,1,1,1,1,1,1,0,1,0,0,0,0,0,0,0,1,0,0,0,0,1,0,1,0,1
41459405,모닝,뉴모닝,42,180,90684,999,2,18,3,0,0,1,0,0,0,0,0,0,0,0,1,0,0,0,0,0,1,0,0,0,0,0,0,1,0,0,0,1
41460407,모닝,올 뉴 모닝 (JA),42,580,114641,998,2,8,11,0,0,0,0,0,0,0,0,0,0,0,1,0,0,0,0,0,1,0,0,0,0,1,0,0,0,1,0,1
41460971,레이,더 뉴 레이,34,970,50831,998,2,5,0,0,0,1,1,0,0,1,0,0,1,0,1,0,0,0,0,0,1,0,0,0,0,0,0,0,1,1,0,1
41461602,K7,올 뉴 K7,12,1230,138482,2359,5,9,6,1,1,1,1,1,1,1,1,1,1,0,1,0,0,0,0,0,1,0,0,0,0,0,1,0,0,1,0,1
41461617,K7,올 뉴 K7,12,1199,169145,2199,5,9,15,1,1,1,1,1,1,1,1,1,1,0,1,0,0,0,0,0,0,0,1,0,0,0,1,0,0,1,0,1
41461997,K7,더 뉴 K7,12,899,80249,2359,5,12,8,1,0,1,1,1,1,1,1,1,1,0,1,0,0,0,0,0,1,0,0,0,0,1,0,0,0,1,0,1
41462381,K5,K5 하이브리드,11,478,176922,1999,5,13,3,0,0,1,1,1,1,1,1,0,1,0,1,0,0,0,0,0,0,1,0,0,0,1,0,0,0,1,0,1
41462913,쏘렌토,올 뉴 쏘렌토,58,1550,83275,2199,5,11,8,1,0,1,1,1,1,1,1,1,1,0,1,0,0,0,0,0,0,0,1,0,0,1,0,0,0,1,1,0
41463003,모닝,뉴모닝,42,210,95616,999,5,18,6,0,0,0,1,0,0,0,1,0,1,0,1,0,0,0,0,0,1,0,0,0,0,0,0,1,0,1,0,1
41464814,K7,더 뉴 K7,12,899,80648,2359,5,13,3,0,1,1,1,1,1,1,1,0,1,0,1,0,0,0,0,0,1,0,0,0,0,1,0,0,0,1,0,1
41465613,카니발,더 뉴 카니발,85,1430,120271,2199,9,8,2,0,0,1,1,1,1,1,1,1,1,0,1,0,0,0,0,0,0,0,1,0,0,0,1,0,0,1,1,0
41465680,K7,올 뉴 K7 하이브리드,12,1639,93423,2359,5,9,9,0,1,1,1,1,1,1,1,1,1,0,1,0,0,0,0,0,0,1,0,0,0,0,0,1,0,1,0,1
41465939,K5,더 뉴 K5 2세대,11,1169,61962,1999,5,8,2,0,1,1,1,1,1,1,1,0,1,0,1,0,0,0,0,0,1,0,0,0,0,1,0,0,0,1,0,1
41466328,K5,K5 2세대,11,1050,107999,1999,5,9,7,0,1,1,1,1,1,1,1,0,1,0,1,0,0,0,0,0,1,0,0,0,0,1,0,0,0,1,0,1
41467170,스포티지,스포티지 R,55,850,189303,1998,5,14,1,1,1,1,1,1,1,1,1,1,1,0,1,0,0,0,0,0,1,0,0,0,0,1,0,0,0,1,1,0
41467664,카니발,올 뉴 카니발,85,790,229459,2199,9,9,0,0,0,1,1,0,1,1,1,1,1,0,1,0,0,0,0,0,0,0,1,0,0,1,0,0,0,1,1,0
41467739,카니발,올 뉴 카니발,85,1420,125998,2199,9,9,4,0,1,1,1,1,1,1,1,1,1,0,1,0,0,0,0,0,0,0,1,0,0,0,1,0,0,1,1,0
41467836,니로,더 뉴 니로,29,1670,96653,1580,5,7,2,0,0,1,1,1,1,1,1,1,1,0,1,0,0,0,0,0,0,1,0,0,0,0,0,0,1,1,1,0
41470234,셀토스,셀토스,49,1450,137713,1591,5,6,0,0,1,1,1,1,1,1,1,1,1,0,1,0,0,0,0,0,1,0,0,0,0,0,0,1,0,1,1,0
41470836,레이,더 뉴 기아 레이,34,1620,42462,998,5,4,4,0,0,1,1,1,1,1,1,1,1,0,1,0,0,0,0,0,1,0,0,0,0,1,0,0,0,1,0,1
41471308,레이,더 뉴 레이,34,880,72864,998,5,6,2,0,0,1,0,0,0,0,0,0,1,0,1,0,0,0,0,0,1,0,0,0,0,1,0,0,0,1,0,1
41471316,레이,레이,34,790,114258,998,5,12,2,0,0,1,1,1,1,1,1,0,1,0,1,0,0,0,0,0,0,1,0,0,0,1,0,0,0,1,0,1
41471529,K5,K5 3세대,11,1690,80868,1999,5,6,7,0,1,1,1,1,1,1,1,1,1,0,1,0,0,0,0,0,1,0,0,0,0,0,0,1,0,1,0,1
41471632,카니발,올 뉴 카니발,85,1250,220960,3342,9,9,4,0,1,1,1,1,1,1,1,1,1,0,1,0,0,0,0,0,1,0,0,0,0,0,1,0,0,1,1,0
41474860,카니발,올 뉴 카니발,85,890,182484,2199,9,10,2,1,1,1,1,1,1,1,1,1,1,0,1,0,0,0,0,0,0,0,1,0,0,1,0,0,0,1,1,0
41477314,레이,레이,34,600,104621,998,5,13,1,0,0,1,1,0,0,1,1,0,1,0,1,0,0,0,0,0,1,0,0,0,0,1,0,0,0,1,0,1
41477970,K7,올 뉴 K7,12,1280,113156,2359,5,9,7,0,0,1,1,1,1,1,1,1,1,0,1,0,0,0,0,0,1,0,0,0,0,1,0,0,0,1,0,1
41479001,쏘렌토,올 뉴 쏘렌토,58,840,181407,1995,5,12,21,0,1,1,1,1,1,1,1,1,1,0,1,0,0,0,0,0,0,0,1,0,0,0,0,1,0,1,1,0
41480243,모닝,올 뉴 모닝,42,599,95833,998,5,12,0,0,0,1,1,0,1,1,1,0,1,0,1,0,0,0,0,0,1,0,0,0,0,1,0,0,0,1,0,1
41480847,레이,더 뉴 레이,34,629,144871,998,2,6,2,0,0,0,0,0,0,0,0,0,0,0,1,0,0,0,0,0,1,0,0,0,0,1,0,0,0,1,0,1
41481777,카니발,카니발 4세대,85,653,24000,3470,7,4,2,0,1,1,1,1,1,1,1,1,1,0,1,0,0,0,0,0,1,0,0,0,0,0,1,0,0,1,1,0
41484056,K3,올 뉴 K3,10,900,140273,1598,5,8,7,0,0,1,1,0,1,1,1,1,1,0,1,0,0,0,0,0,1,0,0,0,0,1,0,0,0,1,0,1
41485718,카렌스,뉴카렌스,86,249,140336,1998,7,20,15,0,0,0,1,0,0,1,1,0,1,0,1,0,0,0,0,1,0,0,0,0,0,1,0,0,0,1,1,0
41485793,K7,더 프레스티지 K7,12,369,224831,2999,5,15,17,1,1,1,1,1,1,1,1,1,1,0,1,0,0,0,0,1,0,0,0,0,0,0,1,0,0,1,0,1
41486163,레이,더 뉴 레이,34,1550,29080,998,5,4,0,0,0,1,1,1,1,1,1,0,1,0,1,0,0,0,0,0,1,0,0,0,0,0,1,0,0,1,0,1
41487532,스토닉,스토닉,52,970,134069,1368,5,8,2,1,0,1,1,1,1,1,1,0,1,0,1,0,0,0,0,0,1,0,0,0,0,0,0,0,1,1,1,0
41488149,K7,더 뉴 K7,12,550,152871,2359,5,12,9,0,0,1,1,1,1,1,1,0,1,0,1,0,0,0,0,0,1,0,0,0,0,0,1,0,0,1,0,1
41491914,쏘렌토,뉴 쏘렌토 R,58,1059,111243,1995,5,12,2,1,1,1,1,1,1,1,1,1,1,0,1,0,0,0,0,0,0,0,1,0,0,1,0,0,0,1,1,0
41492296,쏘울,올 뉴 쏘울,59,930,105386,1582,5,13,4,0,1,1,1,1,1,1,1,1,1,0,1,0,0,0,0,0,0,0,1,0,0,1,0,0,0,1,0,1
41492553,K9,K9,14,1150,141688,3778,5,13,8,1,1,1,1,1,1,1,1,1,1,0,1,0,0,0,0,0,1,0,0,0,0,0,1,0,0,1,0,1
41494079,스포티지,스포티지 더 볼드,55,1570,117245,1995,5,8,3,1,1,1,1,1,1,1,1,1,1,0,1,0,0,0,0,0,0,0,1,0,0,1,0,0,0,1,1,0
41494406,스포티지,스포티지 R,55,590,109566,1995,5,15,0,0,0,1,0,1,1,0,1,0,1,0,1,0,0,0,0,0,0,0,1,0,0,0,0,1,0,1,1,0
41494839,모닝,모닝 어반 (JA),42,1210,56882,998,5,6,0,1,0,1,1,0,1,1,1,1,1,0,1,0,0,0,0,0,1,0,0,0,0,1,0,0,0,1,0,1
41495347,K5,더 뉴 K5 2세대,11,890,177164,1999,5,7,1,0,0,1,1,0,1,1,1,1,1,0,1,0,0,0,0,1,0,0,0,0,0,1,0,0,0,1,0,1
41496054,K7,더 프레스티지 K7,12,500,75976,2359,5,14,11,0,0,1,1,1,1,1,1,1,1,0,1,0,0,0,0,0,1,0,0,0,0,0,0,1,0,1,0,1
41496322,K3,K3,10,629,142236,1591,5,11,1,0,0,1,1,1,1,1,1,0,1,0,1,0,0,0,0,0,1,0,0,0,0,1,0,0,0,1,0,1
41498805,셀토스,셀토스,49,1650,97449,1598,5,7,0,0,1,1,1,1,1,1,1,1,1,0,1,0,0,0,0,0,0,0,1,0,0,0,0,1,0,1,1,0
41499844,스포티지,스포티지 더 볼드,55,1440,125966,1995,5,6,5,0,0,1,0,0,1,1,0,0,1,0,1,0,0,0,0,0,0,0,1,0,0,1,0,0,0,1,1,0
41500442,모닝,올 뉴 모닝,42,410,103136,998,5,12,18,0,0,1,0,1,1,0,1,0,1,0,1,0,0,0,0,0,1,0,0,0,0,0,0,0,1,1,0,1
41500485,K5,K5,11,490,125224,1999,5,14,5,1,1,1,1,1,1,1,1,0,1,0,1,0,0,0,0,0,1,0,0,0,0,1,0,0,0,1,0,1
41501090,K7,올 뉴 K7,12,1620,68594,2999,5,8,9,0,1,1,1,1,1,1,1,1,1,0,1,0,0,0,0,0,1,0,0,0,0,0,1,0,0,1,0,1
41502595,K5,더 뉴 K5,11,700,86273,1999,5,12,12,1,0,1,1,1,1,1,1,1,1,0,1,0,0,0,0,0,1,0,0,0,0,0,1,0,0,1,0,1
41502972,카니발,더 뉴 카니발,85,1290,156145,2199,9,8,2,1,1,1,1,1,1,1,1,1,1,0,1,0,0,0,0,0,0,0,1,0,0,0,0,1,0,1,1,0
41503257,레이,더 뉴 기아 레이,34,1299,38505,998,2,2,0,0,0,1,0,0,1,0,1,0,1,0,1,0,0,0,0,0,1,0,0,0,0,0,1,0,0,1,0,1
41504851,K7,올 뉴 K7,12,1360,94266,3342,5,10,0,0,1,1,1,1,1,1,1,1,1,0,1,0,0,0,0,0,1,0,0,0,0,0,1,0,0,1,0,1
41505539,카니발,올 뉴 카니발,85,1030,123349,2199,9,10,2,0,0,1,1,1,1,1,1,1,1,0,1,0,0,0,0,0,0,0,1,0,0,1,0,0,0,1,1,0
41505769,K7,K7 프리미어,12,1590,144904,2497,5,7,25,0,1,1,1,1,1,1,1,1,1,0,1,0,0,0,0,0,1,0,0,0,0,0,1,0,0,1,0,1
41506245,카니발,올 뉴 카니발,85,715,307866,2199,7,10,6,0,1,1,1,1,1,1,1,1,1,0,1,0,0,0,0,0,0,0,1,0,0,0,1,0,0,1,1,0
41506825,K9,더 뉴 K9,14,978,151131,3342,5,12,5,0,1,1,1,1,1,1,1,1,1,0,1,0,0,0,0,0,1,0,0,0,0,0,1,0,0,1,0,1
41507321,카니발,올 뉴 카니발,85,750,216096,2199,9,11,7,1,0,1,1,1,1,1,1,1,1,0,1,0,0,0,0,0,0,0,1,0,0,1,0,0,0,1,1,0
41507511,쏘렌토,뉴 쏘렌토 R,58,799,113048,1995,7,13,1,0,0,1,0,1,1,1,1,1,1,0,1,0,0,0,0,0,0,0,1,0,0,0,0,1,0,1,1,0
41509234,카니발,올 뉴 카니발,85,690,223817,2199,9,12,6,0,1,1,1,1,1,1,1,1,1,0,1,0,0,0,0,0,0,0,1,0,0,0,1,0,0,1,1,0
41509692,모닝,더 뉴 모닝,42,550,83165,998,5,11,6,0,0,1,0,0,1,0,1,0,1,0,1,0,0,0,0,0,1,0,0,0,0,0,0,0,1,1,0,1
41510399,K7,K7 프리미어,12,1480,135920,2497,5,6,2,0,1,1,1,1,1,1,1,1,1,0,1,0,0,0,0,0,1,0,0,0,0,1,0,0,0,1,0,1
41510565,카렌스,더 뉴 카렌스,86,930,169797,1999,7,9,1,0,0,1,1,0,1,1,1,1,1,0,1,0,0,0,0,1,0,0,0,0,0,0,0,1,0,1,1,0
41512622,레이,더 뉴 레이,34,1130,68792,998,5,8,5,0,0,1,1,1,1,1,1,0,1,0,1,0,0,0,0,0,1,0,0,0,0,1,0,0,0,1,0,1
41513104,K7,더 뉴 K7,12,799,92420,2359,5,11,6,0,0,1,1,1,1,1,1,1,1,0,1,0,0,0,0,0,1,0,0,0,0,0,1,0,0,1,0,1
41513719,K5,더 뉴 K5 2세대,11,870,227526,1999,5,7,8,0,0,1,1,0,0,1,1,0,1,0,1,0,0,0,0,0,1,0,0,0,0,1,0,0,0,1,0,1
41514152,K7,올 뉴 K7,12,1059,192970,2199,5,9,8,1,1,1,1,1,1,1,1,1,1,0,1,0,0,0,0,0,0,0,1,0,0,0,0,1,0,1,0,1
41514235,쏘렌토,올 뉴 쏘렌토,58,1499,77480,1995,5,11,2,0,1,1,1,1,1,1,1,1,1,0,1,0,0,0,0,0,0,0,1,0,0,0,0,1,0,1,1,0
41514387,K7,올 뉴 K7,12,1650,54550,2359,5,8,10,1,1,1,1,1,1,1,1,1,1,0,1,0,0,0,0,0,1,0,0,0,0,1,0,0,0,1,0,1
41518290,카니발,올 뉴 카니발,85,790,184115,2199,9,10,6,0,0,1,1,0,1,1,1,1,1,0,1,0,0,0,0,0,0,0,1,0,0,1,0,0,0,1,1,0
41518767,레이,더 뉴 레이,34,850,139105,998,5,5,1,0,0,1,0,0,1,0,1,0,1,0,1,0,0,0,0,0,1,0,0,0,0,0,0,0,1,1,0,1
41518870,스포티지,스포티지 4세대,55,1379,115292,1685,5,10,4,1,1,1,1,1,1,1,1,1,1,0,1,0,0,0,0,0,0,0,1,0,0,0,1,0,0,1,1,0
41519637,레이,레이,34,699,75708,998,5,12,2,0,0,1,1,1,1,1,1,0,1,0,1,0,0,0,0,0,1,0,0,0,0,0,0,0,1,1,0,1
41521114,모닝,올 뉴 모닝,42,559,80776,998,5,15,3,1,0,1,1,1,1,1,1,0,1,0,1,0,0,0,0,0,1,0,0,0,0,1,0,0,0,1,0,1
41521683,K7,올 뉴 K7,12,1150,149802,2999,5,8,6,0,1,1,1,1,1,1,1,1,1,0,1,0,0,0,0,0,1,0,0,0,0,0,0,1,0,1,0,1
41522007,레이,더 뉴 기아 레이,34,1479,41880,998,5,4,2,0,0,1,1,0,1,0,1,1,1,0,1,0,0,0,0,0,1,0,0,0,0,0,1,0,0,1,0,1
41524355,스포티지,스포티지 4세대,55,1320,94277,1995,5,10,14,1,0,1,1,0,1,1,1,1,1,0,1,0,0,0,0,0,0,0,1,0,0,0,0,0,1,1,1,0
41526704,K3,K3,10,690,83364,1591,5,14,5,0,0,1,1,1,1,1,1,0,1,0,1,0,0,0,0,0,1,0,0,0,0,0,0,1,0,1,0,1
41527569,모닝,더 뉴 모닝,42,529,64930,998,5,10,6,0,0,1,0,0,0,0,1,0,1,0,1,0,0,0,0,0,1,0,0,0,0,1,0,0,0,1,0,1
41528058,레이,레이,34,560,138769,998,5,10,8,0,0,1,0,0,0,0,1,0,1,0,1,0,0,0,0,0,1,0,0,0,0,1,0,0,0,1,0,1
41528626,레이,더 뉴 기아 레이,34,324,1,998,5,1,2,0,0,1,1,1,1,0,1,1,1,0,1,0,0,0,0,0,1,0,0,0,0,1,0,0,0,1,0,1
41528727,레이,더 뉴 기아 레이,34,324,1,998,5,1,2,0,0,1,1,1,1,0,1,1,1,0,1,0,0,0,0,0,1,0,0,0,0,1,0,0,0,1,0,1
41528896,K7,더 프레스티지 K7,12,390,164720,2359,5,15,0,0,0,1,1,1,1,0,1,0,1,0,1,0,0,0,0,0,1,0,0,0,0,0,1,0,0,1,0,1
41528965,카니발,더 뉴 카니발,85,1280,143509,2199,9,8,5,1,0,1,1,1,1,1,1,1,1,0,1,0,0,0,0,0,0,0,1,0,0,1,0,0,0,1,1,0
41529248,K9,K9,14,750,152218,3342,5,12,2,0,1,1,1,1,1,1,1,1,1,0,1,0,0,0,0,0,1,0,0,0,0,0,1,0,0,1,0,1
41530623,카니발,올 뉴 카니발,85,1650,95138,2199,7,9,2,0,0,0,0,0,0,0,0,0,0,0,1,0,0,0,0,0,0,0,1,0,0,1,0,0,0,1,1,0
41531226,카니발,올 뉴 카니발,85,1490,79955,2199,7,11,2,1,1,1,1,1,1,1,1,1,1,0,1,0,0,0,0,0,0,0,1,0,0,1,0,0,0,1,1,0
41531895,모닝,모닝 어반 (JA),42,1660,16910,998,5,3,0,0,0,1,1,1,1,1,1,1,1,0,1,0,0,0,0,0,1,0,0,0,0,1,0,0,0,1,0,1
41532051,오피러스,오피러스 프리미엄,76,480,134157,2656,5,16,4,0,0,1,0,1,1,1,1,1,1,0,1,0,0,0,0,0,1,0,0,0,0,1,0,0,0,1,0,1
41533189,니로,니로,29,1250,118746,1580,5,8,0,0,0,1,1,1,1,1,1,1,1,0,1,0,0,0,0,0,0,1,0,0,0,1,0,0,0,1,1,0
41533625,K7,더 뉴 K7,12,450,184589,2359,5,13,7,0,1,1,1,1,1,1,1,0,1,0,1,0,0,0,0,0,1,0,0,0,0,0,0,1,0,1,0,1
41533657,K5,K5 2세대,11,1020,111483,1999,5,11,6,1,0,1,1,0,1,1,1,0,1,0,1,0,0,0,0,1,0,0,0,0,0,1,0,0,0,1,0,1
41533855,모닝,모닝 어반 (JA),42,1430,18369,998,5,3,4,0,0,1,1,1,1,1,1,1,1,0,1,0,0,0,0,0,1,0,0,0,0,0,0,1,0,1,0,1
41534171,프라이드,올 뉴 프라이드,110,440,159356,1591,5,14,3,1,0,1,1,1,1,1,1,0,1,0,1,0,0,0,0,0,1,0,0,0,0,1,0,0,0,1,0,1
41536011,모닝,올 뉴 모닝,42,300,123677,998,5,15,8,0,0,1,0,0,0,0,1,0,1,0,1,0,0,0,0,0,0,1,0,0,0,0,0,0,1,1,0,1
41537128,카니발,올 뉴 카니발,85,1100,147128,2199,9,8,4,0,0,1,1,1,1,1,1,1,1,0,1,0,0,0,0,0,0,0,1,0,0,1,0,0,0,1,1,0
41537134,K3,K3,10,680,111292,1591,5,12,7,0,0,1,1,1,1,1,1,0,1,0,1,0,0,0,0,0,1,0,0,0,0,1,0,0,0,1,0,1
41537742,쏘렌토,올 뉴 쏘렌토,58,1570,112871,1995,7,9,1,0,1,1,1,1,1,1,1,1,1,0,1,0,0,0,0,0,0,0,1,0,0,0,0,1,0,1,1,0
41537828,쏘렌토,올 뉴 쏘렌토,58,1040,216329,1995,5,10,3,0,1,1,1,1,1,0,1,1,1,0,1,0,0,0,0,0,0,0,1,0,0,0,1,0,0,1,1,0
41538574,포르테,포르테,109,439,59742,1591,5,14,3,0,0,1,1,0,0,1,1,0,1,0,1,0,0,0,0,0,1,0,0,0,0,0,0,1,0,1,0,1
41539687,카렌스,올 뉴 카렌스,86,520,237775,1999,7,13,7,1,1,1,1,1,1,1,1,0,1,0,1,0,0,0,0,1,0,0,0,0,0,1,0,0,0,1,1,0
41542075,레이,더 뉴 레이,34,1050,62840,998,5,6,2,0,0,0,0,0,0,0,0,0,0,0,1,0,0,0,0,0,1,0,0,0,0,1,0,0,0,1,0,1
41542232,K7,K7 하이브리드,12,550,186461,2359,5,12,12,0,0,1,1,1,1,1,1,1,1,0,1,0,0,0,0,0,0,1,0,0,0,0,0,1,0,1,0,1
41544275,카니발,올 뉴 카니발,85,1050,119214,2199,9,11,10,0,0,1,1,0,1,1,1,1,1,0,1,0,0,0,0,0,0,0,1,0,0,1,0,0,0,1,1,0
41546538,모닝,올 뉴 모닝,42,279,149373,998,5,14,10,0,0,1,0,0,0,0,1,0,1,0,1,0,0,0,0,0,0,1,0,0,0,0,0,1,0,1,0,1
41546797,쏘울,쏘울 부스터 EV,59,1620,146612,180,5,7,3,0,1,1,1,1,1,1,1,1,1,0,1,0,0,0,0,0,0,0,0,1,0,0,0,0,1,1,0,1
41547034,카니발,올 뉴 카니발,85,890,165185,2199,9,9,4,0,0,1,1,0,1,1,1,1,1,0,1,0,0,0,0,0,0,0,1,0,0,0,1,0,0,1,1,0
41547273,K5,더 뉴 K5,11,750,133231,1999,5,11,7,1,0,1,1,1,1,1,1,0,1,0,1,0,0,0,0,0,1,0,0,0,0,1,0,0,0,1,0,1
41548740,K5,K5 하이브리드,11,490,92175,1999,5,14,23,0,0,1,1,1,1,1,1,0,1,0,1,0,0,0,0,0,0,1,0,0,0,0,1,0,0,1,0,1
41550382,K5,K5 3세대,11,1600,14179,1999,5,5,6,0,1,1,1,0,0,1,1,0,1,0,1,0,0,0,0,0,1,0,0,0,0,1,0,0,0,1,0,1
41551339,K3,올 뉴 K3,10,1599,37801,1598,5,5,2,0,0,0,0,0,0,0,0,0,0,0,1,0,0,0,0,0,1,0,0,0,0,1,0,0,0,1,0,1
41551696,K3,올 뉴 K3,10,1150,60373,1598,5,8,4,0,0,1,1,0,1,1,1,1,1,0,1,0,0,0,0,0,1,0,0,0,0,0,0,0,1,1,0,1
41552103,카니발,올 뉴 카니발,85,1180,190574,2199,9,9,0,1,0,1,1,1,1,1,1,1,1,0,1,0,0,0,0,0,0,0,1,0,0,1,0,0,0,1,1,0
41552362,카니발,더 뉴 카니발,85,920,204614,2199,9,8,1,0,0,1,1,1,1,1,1,1,1,0,1,0,0,0,0,0,0,0,1,0,0,1,0,0,0,1,1,0
41553228,K7,올 뉴 K7,12,1020,176617,3342,5,9,0,1,1,1,1,1,1,1,1,1,1,0,1,0,0,0,0,0,1,0,0,0,0,0,0,0,1,1,0,1
41553694,스포티지,스포티지 R,55,790,79942,1995,5,14,2,0,1,1,1,1,1,1,1,0,1,0,1,0,0,0,0,0,0,0,1,0,0,0,0,0,1,1,1,0
41554224,K7,K7 프리미어,12,1450,63791,2497,5,7,20,0,1,1,1,1,1,1,1,1,1,0,1,0,0,0,0,0,1,0,0,0,0,1,0,0,0,1,0,1
41554463,스포티지,스포티지 R,55,550,180158,1995,5,14,2,0,0,1,1,1,1,1,1,0,1,0,1,0,0,0,0,0,0,0,1,0,0,0,0,1,0,1,1,0
41555916,레이,더 뉴 레이,34,1150,75065,998,5,8,2,0,0,1,1,0,1,1,1,0,1,0,1,0,0,0,0,0,1,0,0,0,0,1,0,0,0,1,0,1
41556752,K7,올 뉴 K7,12,1599,65073,2359,5,8,1,0,1,1,1,1,1,1,1,1,1,0,1,0,0,0,0,0,1,0,0,0,0,0,1,0,0,1,0,1
41557754,스포티지,스포티지 R,55,450,180608,1995,5,15,2,1,0,1,0,1,1,1,1,1,1,0,1,0,0,0,0,0,0,0,1,0,0,0,0,1,0,1,1,0
41558084,스포티지,더 뉴 스포티지 R,55,799,110730,1995,5,12,1,0,0,1,1,0,0,1,0,0,1,0,1,0,0,0,0,0,0,0,1,0,0,0,0,1,0,1,1,0
41558956,K5,K5 3세대,11,1680,123652,1598,5,6,7,0,1,1,1,1,1,1,1,1,1,0,1,0,0,0,0,0,1,0,0,0,0,0,1,0,0,1,0,1
41560022,레이,레이,34,530,91370,998,5,14,1,0,0,1,1,0,0,1,1,0,1,0,1,0,0,0,0,0,1,0,0,0,0,0,0,0,1,1,0,1
41560086,K7,올 뉴 K7,12,1099,191831,2359,5,9,3,0,1,1,1,1,1,1,1,1,1,0,1,0,0,0,0,0,1,0,0,0,0,0,1,0,0,1,0,1
41560432,K3,K3,10,499,160103,1591,5,12,2,1,0,1,1,1,1,1,1,0,1,0,1,0,0,0,0,0,1,0,0,0,0,1,0,0,0,1,0,1
41560499,카니발,올 뉴 카니발,85,1120,158991,2199,9,10,2,0,1,1,1,1,1,1,1,1,1,0,1,0,0,0,0,0,0,0,1,0,0,0,1,0,0,1,1,0
41561014,레이,더 뉴 레이,34,990,82002,998,5,7,4,0,0,1,1,0,0,1,1,0,1,0,1,0,0,0,0,0,1,0,0,0,0,1,0,0,0,1,0,1
41561817,K3,K3,10,570,127647,1591,5,13,14,0,0,1,1,1,1,1,1,0,1,0,1,0,0,0,0,0,1,0,0,0,0,0,1,0,0,1,0,1
41562087,모닝,올 뉴 모닝 (JA),42,940,34793,998,5,7,10,0,0,1,1,1,1,0,1,0,1,0,1,0,0,0,0,0,1,0,0,0,0,1,0,0,0,1,0,1
41562805,레이,더 뉴 레이,34,490,179940,998,2,7,11,0,0,1,0,0,0,0,0,0,1,0,1,0,0,0,0,0,1,0,0,0,0,1,0,0,0,1,0,1
41563148,K7,올 뉴 K7,12,1550,82757,2359,5,9,2,1,1,1,1,1,1,1,1,1,1,0,1,0,0,0,0,0,1,0,0,0,0,0,1,0,0,1,0,1
41563207,셀토스,셀토스,49,1290,120503,1598,5,6,2,0,0,1,1,0,1,0,1,0,1,0,1,0,0,0,0,0,0,0,1,0,0,1,0,0,0,1,1,0
41564458,모닝,올 뉴 모닝,42,340,115106,998,5,14,10,0,0,0,0,0,0,0,0,0,0,0,1,0,0,0,0,0,1,0,0,0,0,1,0,0,0,1,0,1
41564531,스포티지,스포티지 더 볼드,55,1590,105767,1598,5,7,2,0,0,1,1,0,1,0,1,1,1,0,1,0,0,0,0,0,0,0,1,0,0,1,0,0,0,1,1,0
41564608,레이,레이,34,570,123550,998,5,13,2,0,0,0,0,0,0,0,0,0,0,0,1,0,0,0,0,0,1,0,0,0,0,0,0,1,0,1,0,1
41565669,K5,K5 2세대,11,970,60994,1999,5,10,11,0,0,1,1,1,1,1,1,0,1,0,1,0,0,0,0,0,1,0,0,0,0,0,0,0,1,1,0,1
41565703,K7,올 뉴 K7,12,1490,93549,2359,5,10,6,1,1,1,1,1,1,1,1,1,1,0,1,0,0,0,0,0,1,0,0,0,0,0,1,0,0,1,0,1
41565994,K7,더 뉴 K7,12,650,143292,2359,5,11,6,0,1,1,1,1,1,1,1,1,1,0,1,0,0,0,0,0,1,0,0,0,0,0,1,0,0,1,0,1
41566378,K5,K5 하이브리드 3세대,11,23,45393,1999,5,3,0,1,1,1,1,1,1,1,1,1,1,0,1,0,0,0,0,0,0,1,0,0,0,1,0,0,0,1,0,1
41566774,K3,더 뉴 K3,10,849,131122,1591,5,9,7,0,1,1,1,0,1,1,1,0,1,0,1,0,0,0,0,0,1,0,0,0,0,1,0,0,0,1,0,1
41568250,K7,올 뉴 K7,12,1179,81658,2999,5,10,4,0,0,1,1,1,1,1,1,0,1,0,1,0,0,0,0,1,0,0,0,0,0,0,0,0,1,1,0,1
41568255,모닝,올 뉴 모닝 (JA),42,698,108359,998,5,9,5,0,0,1,1,1,1,1,1,0,1,0,1,0,0,0,0,0,1,0,0,0,0,1,0,0,0,1,0,1
41568319,스포티지,스포티지 4세대,55,1399,75273,1685,5,9,3,1,1,1,1,1,1,1,1,1,1,0,1,0,0,0,0,0,0,0,1,0,0,1,0,0,0,1,1,0
41569174,쏘렌토,올 뉴 쏘렌토,58,1480,116359,1995,7,12,2,1,1,1,1,1,1,1,1,1,1,0,1,0,0,0,0,0,0,0,1,0,0,1,0,0,0,1,1,0
41569365,K3,올 뉴 K3,10,1200,119744,1598,5,8,2,0,1,1,1,0,1,1,1,1,1,0,1,0,0,0,0,0,1,0,0,0,0,1,0,0,0,1,0,1
41569721,레이,더 뉴 기아 레이,34,1450,26321,998,5,3,10,0,0,1,1,0,1,1,1,1,1,0,1,0,0,0,0,0,1,0,0,0,0,1,0,0,0,1,0,1
41569946,모닝,올 뉴 모닝,42,545,92629,998,5,12,5,0,0,1,1,1,0,1,1,0,1,0,1,0,0,0,0,0,1,0,0,0,0,1,0,0,0,1,0,1
41570334,레이,더 뉴 레이,34,970,55193,998,5,5,1,0,0,1,1,0,0,1,0,0,0,0,1,0,0,0,0,0,1,0,0,0,0,1,0,0,0,1,0,1
41570346,레이,레이,34,520,155435,998,5,14,2,0,0,1,1,0,0,1,1,0,1,0,1,0,0,0,0,0,1,0,0,0,0,0,0,1,0,1,0,1
41571312,모닝,더 뉴 모닝,42,730,79170,998,5,11,0,0,0,1,1,0,1,0,1,0,1,0,1,0,0,0,0,0,1,0,0,0,0,1,0,0,0,1,0,1
41571670,K3,올 뉴 K3,10,1330,54369,1598,5,8,4,0,0,1,1,0,1,1,1,1,1,0,1,0,0,0,0,0,1,0,0,0,0,0,0,0,1,1,0,1
41572420,K7,더 뉴 K7,12,450,236104,2999,5,12,10,0,0,1,1,1,1,1,1,0,1,0,1,0,0,0,0,1,0,0,0,0,0,0,1,0,0,1,0,1
41575006,쏘렌토,뉴 쏘렌토 R,58,530,186152,1995,7,14,13,0,1,1,1,1,1,1,1,1,1,0,1,0,0,0,0,0,0,0,1,0,0,0,0,1,0,1,1,0
41576989,모닝,올 뉴 모닝 (JA),42,1050,51201,998,5,7,2,0,0,1,1,1,1,1,1,0,1,0,1,0,0,0,0,0,1,0,0,0,0,1,0,0,0,1,0,1
41577058,K5,K5,11,250,236087,1998,5,15,13,1,0,0,1,1,0,0,1,0,1,0,1,0,0,0,0,1,0,0,0,0,0,1,0,0,0,1,0,1
41578436,모닝,올 뉴 모닝,42,199,163037,998,2,14,2,0,0,0,0,0,0,0,0,0,0,0,1,0,0,0,0,0,1,0,0,0,0,0,0,0,1,1,0,1
41580871,K7,올 뉴 K7,12,1490,110500,2199,5,9,2,1,1,1,1,1,1,1,1,1,1,0,1,0,0,0,0,0,0,0,1,0,0,1,0,0,0,1,0,1
41583047,레이,더 뉴 레이,34,1290,64543,998,5,7,1,0,0,1,1,1,1,1,1,0,1,0,1,0,0,0,0,0,1,0,0,0,0,1,0,0,0,1,0,1
41583567,레이,더 뉴 기아 레이,34,1350,54975,998,2,2,3,0,0,1,1,1,1,1,1,0,1,0,1,0,0,0,0,0,1,0,0,0,0,0,1,0,0,1,0,1
41584065,스포티지,더 뉴 스포티지 R,55,829,105428,1995,5,12,2,0,1,1,1,0,1,1,1,1,1,0,1,0,0,0,0,0,0,0,1,0,0,1,0,0,0,1,1,0
41584088,K5,K5 2세대,11,1159,104529,1999,5,11,0,1,1,1,1,1,1,1,1,1,1,0,1,0,0,0,0,0,1,0,0,0,0,1,0,0,0,1,0,1
41584600,모닝,모닝 어반 (JA),42,1600,27353,998,5,4,1,0,0,1,1,1,1,1,1,1,1,0,1,0,0,0,0,0,1,0,0,0,0,1,0,0,0,1,0,1
41585000,스토닉,스토닉,52,1180,113135,1582,5,8,1,1,0,1,1,1,1,1,1,0,1,0,1,0,0,0,0,0,0,0,1,0,0,1,0,0,0,1,1,0
41585372,모하비,모하비,43,1119,154479,2959,7,12,4,1,1,1,1,1,1,1,1,1,1,0,1,0,0,0,0,0,0,0,1,0,0,1,0,0,0,1,1,0
41586928,스포티지,스포티지 4세대,55,1090,176478,1995,5,9,3,1,1,1,1,1,1,1,1,1,1,0,1,0,0,0,0,0,0,0,1,0,0,0,0,0,1,1,1,0
41587657,K5,K5,11,799,116310,1999,5,13,1,1,0,1,1,1,1,1,1,0,1,0,1,0,0,0,0,1,0,0,0,0,0,1,0,0,0,1,0,1
41587773,모하비,더 뉴 모하비,43,1530,167042,2959,7,10,3,1,1,1,1,1,1,1,1,1,1,0,1,0,0,0,0,0,0,0,1,0,0,1,0,0,0,1,1,0
41588600,K3,올 뉴 K3,10,1440,74402,1598,5,7,3,0,0,1,1,1,1,1,1,1,1,0,1,0,0,0,0,0,1,0,0,0,0,1,0,0,0,1,0,1
41588998,K7,올 뉴 K7,12,1110,99895,2359,5,9,11,1,1,1,1,1,1,1,1,1,1,0,1,0,0,0,0,0,1,0,0,0,0,1,0,0,0,1,0,1
41589088,모닝,모닝 어반 (JA),42,1590,7852,998,5,3,0,0,0,1,1,1,1,1,1,1,1,0,1,0,0,0,0,0,1,0,0,0,0,1,0,0,0,1,0,1
41589630,카렌스,뉴카렌스,86,400,74974,1998,7,14,19,0,0,1,0,0,0,0,1,0,1,0,1,0,0,0,0,1,0,0,0,0,0,0,0,1,0,1,1,0
41589676,K3,더 뉴 K3,10,990,114545,1591,5,9,0,0,1,1,1,0,1,1,1,0,1,0,1,0,0,0,0,0,1,0,0,0,0,1,0,0,0,1,0,1
41590243,K7,올 뉴 K7 하이브리드,12,1099,214097,2359,5,9,4,1,1,1,1,1,1,1,1,1,1,0,1,0,0,0,0,0,0,1,0,0,0,0,0,1,0,1,0,1
41590753,K7,올 뉴 K7,12,1099,123035,2999,5,10,2,0,0,0,0,0,0,0,0,0,0,0,1,0,0,0,0,1,0,0,0,0,0,0,1,0,0,1,0,1
41591153,카니발,카니발 R,85,339,166960,2199,11,14,6,0,0,1,0,0,0,0,1,0,1,0,1,0,0,0,0,0,0,0,1,0,0,1,0,0,0,1,1,0
41592076,모닝,올 뉴 모닝 (JA),42,930,40105,998,5,9,0,0,0,1,1,1,1,1,1,0,1,0,1,0,0,0,0,0,1,0,0,0,0,0,1,0,0,1,0,1
41593158,K5,K5,11,699,68415,1999,5,13,2,0,0,1,1,1,0,1,1,0,1,0,1,0,0,0,0,0,1,0,0,0,0,0,1,0,0,1,0,1
41593510,K5,더 뉴 K5,11,690,98773,1999,5,13,10,1,0,1,1,1,1,1,1,1,1,0,1,0,0,0,0,0,1,0,0,0,0,0,1,0,0,1,0,1
41593754,쏘렌토,올 뉴 쏘렌토,58,1690,79617,1995,7,10,0,1,1,1,1,1,1,0,1,1,1,0,1,0,0,0,0,0,0,0,1,0,0,1,0,0,0,1,1,0
41595918,스포티지,스포티지 더 볼드,55,1699,75943,1995,5,8,2,0,1,1,1,1,1,1,1,1,1,0,1,0,0,0,0,0,0,0,1,0,0,0,0,0,1,1,1,0
41596256,모닝,올 뉴 모닝 (JA),42,720,85358,998,5,8,9,0,0,1,1,0,0,1,1,0,1,0,1,0,0,0,0,0,1,0,0,0,0,1,0,0,0,1,0,1
41596349,카니발,올 뉴 카니발,85,1450,120682,2199,9,9,15,0,1,1,1,1,1,1,1,1,1,0,1,0,0,0,0,0,0,0,1,0,0,1,0,0,0,1,1,0
41596924,K3,올 뉴 K3,10,1140,72811,1598,5,6,5,0,0,1,1,1,1,1,1,1,1,0,1,0,0,0,0,0,1,0,0,0,0,1,0,0,0,1,0,1
41596944,K5,K5,11,480,123019,1998,5,15,5,0,0,1,1,1,0,1,1,0,1,0,1,0,0,0,0,0,1,0,0,0,0,0,0,1,0,1,0,1
41597380,셀토스,셀토스,49,1650,53186,1591,5,4,16,0,0,1,0,0,0,0,0,0,0,0,1,0,0,0,0,0,1,0,0,0,0,0,1,0,0,1,1,0
41597959,모닝,모닝 어반 (JA),42,1390,14596,998,5,5,0,0,0,1,0,0,1,0,1,1,1,0,1,0,0,0,0,0,1,0,0,0,0,1,0,0,0,1,0,1
41599750,쏘렌토,올 뉴 쏘렌토,58,1350,137754,1995,5,10,14,1,1,1,1,1,1,1,1,1,1,0,1,0,0,0,0,0,0,0,1,0,0,1,0,0,0,1,1,0
41600501,카니발,더 뉴 카니발 4세대,85,672,80633,2151,9,2,2,0,0,0,0,0,0,0,0,0,0,0,1,0,0,0,0,0,0,0,1,0,0,1,0,0,0,1,1,0
41600925,쏘렌토,올 뉴 쏘렌토,58,1130,152603,1995,5,10,3,0,1,1,1,1,1,1,1,1,1,0,1,0,0,0,0,0,0,0,1,0,0,0,0,1,0,1,1,0
41601317,스포티지,스포티지 4세대,55,1150,110135,1685,5,10,5,1,1,1,1,1,1,1,1,1,1,0,1,0,0,0,0,0,0,0,1,0,0,1,0,0,0,1,1,0
41602106,모닝,더 뉴 모닝,42,600,83087,998,5,10,8,0,0,1,1,0,1,1,1,0,1,0,1,0,0,0,0,0,1,0,0,0,0,0,0,0,1,1,0,1
41602473,프라이드,올 뉴 프라이드,110,400,126849,1591,5,13,1,0,0,1,1,1,0,1,1,0,1,0,1,0,0,0,0,0,1,0,0,0,0,1,0,0,0,1,0,1
41602581,모닝,올 뉴 모닝,42,480,105177,998,5,13,10,1,0,1,1,0,1,0,1,0,1,0,1,0,0,0,0,0,1,0,0,0,0,1,0,0,0,1,0,1
41602614,레이,더 뉴 레이,34,995,138318,998,5,8,0,0,0,1,1,1,1,1,1,0,1,0,1,0,0,0,0,0,1,0,0,0,0,1,0,0,0,1,0,1
41603075,레이,레이,34,430,116402,998,2,11,2,0,0,0,1,0,0,1,0,0,0,0,1,0,0,0,0,0,1,0,0,0,0,0,0,0,1,1,0,1
41603180,모닝,올 뉴 모닝,42,480,95345,998,5,14,1,0,0,1,1,0,1,1,1,0,1,0,1,0,0,0,0,0,1,0,0,0,0,0,0,1,0,1,0,1
41603216,레이,레이,34,730,67132,998,5,13,2,0,0,0,0,0,0,0,0,0,0,0,1,0,0,0,0,0,1,0,0,0,0,1,0,0,0,1,0,1
41603626,모닝,올 뉴 모닝 (JA),42,970,71006,998,5,9,0,0,0,1,1,1,1,1,1,0,1,0,1,0,0,0,0,0,1,0,0,0,0,1,0,0,0,1,0,1
41603780,레이,레이,34,699,136591,998,5,12,7,0,0,1,1,1,1,1,1,0,1,0,1,0,0,0,0,0,1,0,0,0,0,1,0,0,0,1,0,1
41604222,카니발,카니발 4세대,85,624,87663,2151,9,3,2,0,1,1,1,0,1,0,1,1,1,0,1,0,0,0,0,0,0,0,1,0,0,1,0,0,0,1,1,0
41604558,모닝,올 뉴 모닝 (JA),42,1000,42195,998,5,8,0,0,0,1,1,1,1,1,1,0,1,0,1,0,0,0,0,0,1,0,0,0,0,0,0,1,0,1,0,1
41604603,K7,올 뉴 K7,12,1650,81289,2359,5,7,1,1,1,1,1,1,1,1,1,1,1,0,1,0,0,0,0,0,1,0,0,0,0,0,0,1,0,1,0,1
41604849,K7,올 뉴 K7,12,990,159297,3342,5,9,11,0,1,1,1,1,1,1,1,1,1,0,1,0,0,0,0,0,1,0,0,0,0,0,0,1,0,1,0,1
41605582,K7,올 뉴 K7 하이브리드,12,1630,139830,2359,5,8,1,0,1,1,1,1,1,1,1,1,1,0,1,0,0,0,0,0,0,1,0,0,0,0,0,1,0,1,0,1
41606236,모닝,더 뉴 모닝,42,520,126791,998,5,11,20,0,0,1,1,1,1,1,1,0,1,0,1,0,0,0,0,0,1,0,0,0,0,0,0,0,1,1,0,1
41606252,K3,K3,10,480,108424,1591,5,12,6,0,0,0,1,0,0,1,1,0,1,0,1,0,0,0,0,0,1,0,0,0,0,0,0,1,0,1,0,1
41606494,K9,더 뉴 K9,14,1050,166633,3342,5,11,3,0,1,1,1,1,1,1,1,1,1,0,1,0,0,0,0,0,1,0,0,0,0,0,1,0,0,1,0,1
41606681,스토닉,스토닉,52,1140,79842,1368,5,7,2,1,0,1,1,1,1,0,1,1,1,0,1,0,0,0,0,0,1,0,0,0,0,0,0,0,1,1,1,0
41606682,스포티지,더 뉴 스포티지 R,55,750,104950,1995,5,12,6,0,0,1,1,0,1,1,1,0,1,0,1,0,0,0,0,0,0,0,1,0,0,1,0,0,0,1,1,0
41606708,K5,K5 3세대,11,1590,76023,1999,5,5,11,0,1,1,1,1,1,1,1,1,1,0,1,0,0,0,0,1,0,0,0,0,0,1,0,0,0,1,0,1
41608587,K3,더 뉴 K3,10,760,65840,1591,5,10,2,0,0,0,0,0,0,0,0,0,0,0,1,0,0,0,0,0,1,0,0,0,0,0,1,0,0,1,0,1
41609097,K5,K5,11,490,100777,1998,5,16,8,0,0,1,1,1,1,1,1,0,1,0,1,0,0,0,0,1,0,0,0,0,0,0,1,0,0,1,0,1
41609350,K3,올 뉴 K3,10,1480,76181,1598,5,6,0,0,0,1,0,0,1,0,1,1,1,0,1,0,0,0,0,0,1,0,0,0,0,1,0,0,0,1,0,1
41610729,니로,니로,29,890,169559,1580,5,10,2,0,0,1,1,1,1,1,1,0,1,0,1,0,0,0,0,0,0,1,0,0,0,0,0,0,1,1,1,0
41611556,모닝,올 뉴 모닝,42,380,108904,998,5,12,2,0,0,1,1,0,0,1,1,0,1,0,1,0,0,0,0,0,1,0,0,0,0,1,0,0,0,1,0,1
41611948,카니발,올 뉴 카니발,85,1230,105611,2199,9,11,1,1,0,1,1,1,1,1,1,1,1,0,1,0,0,0,0,0,0,0,1,0,0,1,0,0,0,1,1,0
41613213,스포티지,스포티지 4세대,55,1490,127518,1995,5,10,3,1,1,1,1,1,1,1,1,1,1,0,1,0,0,0,0,0,0,0,1,0,0,0,0,0,1,1,1,0
41613914,카니발,올 뉴 카니발,85,830,199062,2199,9,10,13,1,1,1,1,1,1,1,1,1,1,0,1,0,0,0,0,0,0,0,1,0,0,0,0,1,0,1,1,0
41614216,스포티지,스포티지 R,55,620,186172,1995,5,14,0,1,0,1,1,1,1,1,1,0,1,0,1,0,0,0,0,0,0,0,1,0,0,1,0,0,0,1,1,0
41614862,스팅어,스팅어,53,1570,138712,3342,5,8,18,1,1,1,1,1,1,1,1,1,1,0,1,0,0,0,0,0,1,0,0,0,0,0,0,0,1,1,0,1
41614999,K3,K3,10,799,36156,1591,5,13,0,0,0,1,1,1,1,1,1,0,1,0,1,0,0,0,0,0,1,0,0,0,0,1,0,0,0,1,0,1
41615298,모닝,올 뉴 모닝,42,600,33763,998,5,13,1,1,0,1,0,0,1,0,1,0,1,0,1,0,0,0,0,0,1,0,0,0,0,1,0,0,0,1,0,1
41615901,K9,K9,14,840,146186,3342,5,13,13,0,1,1,1,1,1,1,1,1,1,0,1,0,0,0,0,0,1,0,0,0,0,0,1,0,0,1,0,1
41616042,레이,더 뉴 기아 레이,34,1090,107907,998,2,4,0,0,0,1,0,1,1,1,0,0,0,0,1,0,0,0,0,0,1,0,0,0,0,1,0,0,0,1,0,1
41616948,카렌스,뉴카렌스,86,250,178659,1998,7,18,2,0,0,0,1,0,0,1,1,0,1,0,1,0,0,0,0,1,0,0,0,0,0,0,1,0,0,1,1,0
41617641,카니발,올 뉴 카니발,85,1290,146461,2199,9,10,0,1,0,1,1,1,1,1,1,1,1,0,1,0,0,0,0,0,0,0,1,0,0,0,0,1,0,1,1,0
41619554,K3,더 뉴 K3,10,800,81152,1591,5,10,9,0,1,1,1,1,1,1,1,0,1,0,1,0,0,0,0,0,1,0,0,0,0,1,0,0,0,1,0,1
41620243,레이,더 뉴 기아 레이,34,1550,49499,998,5,4,1,0,0,1,1,1,1,1,1,1,1,0,1,0,0,0,0,0,1,0,0,0,0,1,0,0,0,1,0,1
41620247,K7,더 뉴 K7,12,720,110092,2359,5,11,4,0,0,1,1,1,1,1,1,1,1,0,1,0,0,0,0,0,1,0,0,0,0,0,1,0,0,1,0,1
41620285,K3,K3 쿱,10,499,149334,1591,5,13,10,1,0,1,1,1,1,1,1,0,1,0,1,0,0,0,0,0,1,0,0,0,0,1,0,0,0,1,0,1
41620453,카니발,올 뉴 카니발,85,880,193508,2199,9,11,3,1,0,1,1,1,1,1,1,1,1,0,1,0,0,0,0,0,0,0,1,0,0,0,1,0,0,1,1,0
41620618,모하비,모하비,43,1399,73475,2959,7,12,1,1,1,1,1,1,1,1,1,1,1,0,1,0,0,0,0,0,0,0,1,0,0,0,1,0,0,1,1,0
41620883,K3,K3,10,699,111591,1591,5,12,1,0,0,1,1,1,1,1,1,1,1,0,1,0,0,0,0,0,1,0,0,0,0,1,0,0,0,1,0,1
41620909,레이,더 뉴 레이,34,1250,66493,998,5,4,2,0,0,1,1,0,1,1,1,0,1,0,1,0,0,0,0,0,1,0,0,0,0,1,0,0,0,1,0,1
41621213,쏘렌토,올 뉴 쏘렌토,58,1690,82390,2199,7,10,2,0,0,0,0,0,0,0,0,0,0,0,1,0,0,0,0,0,0,0,1,0,0,0,0,1,0,1,1,0
41621297,모닝,올 뉴 모닝,42,460,136639,998,5,13,5,0,0,1,1,0,1,1,1,0,1,0,1,0,0,0,0,0,1,0,0,0,0,0,0,1,0,1,0,1
41621331,스포티지,스포티지 4세대,55,1150,139796,1995,5,10,10,1,1,1,1,0,1,1,1,1,1,0,1,0,0,0,0,0,0,0,1,0,0,1,0,0,0,1,1,0
41621694,모닝,올 뉴 모닝 (JA),42,820,51657,998,5,7,15,0,0,1,1,1,1,1,1,0,1,0,1,0,0,0,0,0,1,0,0,0,0,1,0,0,0,1,0,1
41622369,카니발,올 뉴 카니발,85,1050,196983,2199,7,8,3,1,1,1,1,1,1,1,1,1,1,0,1,0,0,0,0,0,0,0,1,0,0,1,0,0,0,1,1,0
41622450,모닝,모닝 어반 (JA),42,1120,50607,998,5,5,4,0,0,1,1,1,1,1,1,1,1,0,1,0,0,0,0,0,1,0,0,0,0,1,0,0,0,1,0,1
41623259,레이,레이,34,630,100426,998,5,14,0,0,0,1,1,0,0,1,1,0,1,0,1,0,0,0,0,0,1,0,0,0,0,0,0,1,0,1,0,1
41624264,K5,K5 하이브리드,11,510,91109,1999,5,14,11,0,0,1,1,1,1,1,1,0,1,0,1,0,0,0,0,0,0,1,0,0,0,0,0,1,0,1,0,1
41624826,니로,니로 플러스,29,1490,174748,180,5,3,5,0,1,1,1,1,1,1,1,1,1,0,1,0,0,0,0,0,0,0,0,1,0,0,0,1,0,1,1,0
41624861,스포티지,스포티지 4세대,55,1050,96400,1685,5,8,2,0,0,0,0,0,0,0,0,0,0,0,1,0,0,0,0,0,0,0,1,0,0,0,0,1,0,1,1,0
41625369,스포티지,스포티지 4세대,55,1130,125256,1685,5,9,5,0,0,1,1,1,1,1,1,1,1,0,1,0,0,0,0,0,0,0,1,0,0,1,0,0,0,1,1,0
41625519,K5,K5 하이브리드,11,360,214260,1999,5,15,22,0,0,1,1,1,1,1,1,0,1,0,1,0,0,0,0,0,0,1,0,0,0,1,0,0,0,1,0,1
41626055,모닝,올 뉴 모닝,42,570,98552,998,5,13,6,1,0,1,1,1,1,0,1,0,1,0,1,0,0,0,0,0,1,0,0,0,0,0,1,0,0,1,0,1
41627299,K7,K7,12,399,124344,2656,5,16,13,0,0,1,1,1,1,1,1,0,1,0,1,0,0,0,0,0,1,0,0,0,0,0,0,0,1,1,0,1
41627430,레이,더 뉴 레이,34,1370,58823,998,5,5,0,0,0,1,1,1,1,1,1,0,1,0,1,0,0,0,0,0,1,0,0,0,0,1,0,0,0,1,0,1
41628778,모닝,모닝 어반 (JA),42,1100,65286,998,5,6,6,0,0,1,1,1,1,1,1,1,1,0,1,0,0,0,0,0,1,0,0,0,0,0,0,0,1,1,0,1
41630805,레이,레이,34,500,135405,998,5,14,3,0,0,1,1,0,0,1,1,0,1,0,1,0,0,0,0,0,1,0,0,0,0,0,0,1,0,1,0,1
41630822,카니발,올 뉴 카니발,85,740,207497,2199,9,12,6,0,1,1,1,1,1,1,1,1,1,0,1,0,0,0,0,0,0,0,1,0,0,1,0,0,0,1,1,0
41631452,모닝,모닝 어반 (JA),42,1350,62594,998,5,5,0,1,0,1,1,1,1,1,1,1,1,0,1,0,0,0,0,0,1,0,0,0,0,1,0,0,0,1,0,1
41631457,쏘렌토,뉴 쏘렌토 R,58,799,115980,1995,5,13,7,0,1,1,1,1,1,1,1,1,1,0,1,0,0,0,0,0,0,0,1,0,0,1,0,0,0,1,1,0
41631577,모하비,모하비,43,880,134561,2959,7,14,0,1,1,1,1,1,1,1,1,1,1,0,1,0,0,0,0,0,0,0,1,0,0,0,0,1,0,1,1,0
41631744,K5,K5,11,430,248999,1999,5,13,6,1,0,1,0,1,0,0,1,0,1,0,1,0,0,0,0,1,0,0,0,0,0,1,0,0,0,1,0,1
41632044,모하비,더 뉴 모하비,43,1400,160109,2959,5,10,1,1,1,1,1,1,1,1,1,1,1,0,1,0,0,0,0,0,0,0,1,0,0,1,0,0,0,1,1,0
41632062,쏘렌토,올 뉴 쏘렌토,58,1300,139262,1995,7,11,2,0,1,1,1,1,1,1,1,1,1,0,1,0,0,0,0,0,0,0,1,0,0,0,0,1,0,1,1,0
41633183,K5,K5 3세대,11,1450,190361,1999,5,5,9,0,1,1,1,1,1,1,1,1,1,0,1,0,0,0,0,0,1,0,0,0,0,1,0,0,0,1,0,1
41633499,K5,K5 3세대,11,1550,110917,1999,5,4,9,0,1,1,1,1,1,1,1,1,1,0,1,0,0,0,0,0,1,0,0,0,0,0,1,0,0,1,0,1
41633726,스포티지,스포티지 R,55,690,120618,1995,5,14,9,1,0,1,1,1,1,1,1,1,1,0,1,0,0,0,0,0,0,0,1,0,0,1,0,0,0,1,1,0
41633746,포르테,포르테 쿱,109,450,73760,1591,5,15,4,1,0,1,1,1,0,0,1,0,1,0,1,0,0,0,0,0,1,0,0,0,0,0,1,0,0,1,0,1
41634251,K5,K5 하이브리드,11,490,158371,1999,5,13,7,1,0,1,1,1,1,0,1,0,1,0,1,0,0,0,0,0,0,1,0,0,0,1,0,0,0,1,0,1
41634301,모닝,더 뉴 모닝 (JA),42,1630,23985,998,5,3,0,0,0,1,1,1,1,1,1,1,1,0,1,0,0,0,0,0,1,0,0,0,0,1,0,0,0,1,0,1
41635302,K7,올 뉴 K7,12,1290,88753,2359,5,10,6,1,1,1,1,1,1,1,1,1,1,0,1,0,0,0,0,0,1,0,0,0,0,1,0,0,0,1,0,1
41636830,모하비,모하비,43,780,177817,2959,7,15,8,0,1,1,1,1,1,0,1,1,1,0,1,0,0,0,0,0,0,0,1,0,0,0,0,1,0,1,1,0
41638011,K5,K5,11,499,104626,1999,5,14,7,0,0,1,1,1,0,1,1,0,1,0,1,0,0,0,0,1,0,0,0,0,0,1,0,0,0,1,0,1
41638258,K5,K5,11,659,79126,1999,5,14,1,1,0,1,1,1,1,1,1,0,1,0,1,0,0,0,0,0,1,0,0,0,0,0,0,1,0,1,0,1
41638377,쏘렌토,더 뉴 쏘렌토 4세대,58,28,12588,1598,5,3,2,0,1,1,1,1,1,1,1,1,1,0,1,0,0,0,0,0,0,1,0,0,0,0,1,0,0,1,1,0
41638518,K3,더 뉴 K3 2세대,10,1390,120033,1598,5,5,3,0,0,1,1,1,1,1,1,0,1,0,1,0,0,0,0,0,1,0,0,0,0,0,0,1,0,1,0,1
41638529,K3,더 뉴 K3 2세대,10,1390,131157,1598,5,5,5,0,0,1,1,1,1,1,1,0,1,0,1,0,0,0,0,0,1,0,0,0,0,0,0,1,0,1,0,1
41638801,레이,더 뉴 기아 레이,34,1520,62233,998,5,4,0,0,1,1,1,1,1,1,1,1,1,0,1,0,0,0,0,0,1,0,0,0,0,0,0,1,0,1,0,1
41639400,K7,올 뉴 K7,12,1300,128191,2999,5,9,4,1,1,1,1,1,1,0,1,1,1,0,1,0,0,0,0,1,0,0,0,0,0,0,1,0,0,1,0,1
41639711,모닝,모닝 어반 (JA),42,1270,35895,998,5,4,3,0,0,1,1,1,1,1,1,1,1,0,1,0,0,0,0,0,1,0,0,0,0,1,0,0,0,1,0,1
41640329,카니발,올 뉴 카니발,85,1580,90090,2199,9,8,0,0,1,1,1,1,1,1,1,1,1,0,1,0,0,0,0,0,0,0,1,0,0,0,1,0,0,1,1,0
41640487,EV6,EV6,3,648,106448,111,5,4,2,0,1,1,1,1,1,1,1,1,1,0,1,0,0,0,0,0,0,0,0,1,0,1,0,0,0,1,0,1
41640535,K3,더 뉴 K3,10,599,149785,1591,5,10,2,0,0,0,0,0,0,0,0,0,0,0,1,0,0,0,0,0,1,0,0,0,0,1,0,0,0,1,0,1
41640647,카니발,카니발 4세대,85,1392,46187,2151,9,3,2,0,1,1,1,1,1,0,1,1,1,0,1,0,0,0,0,0,0,0,1,0,0,1,0,0,0,1,1,0
41640965,레이,레이,34,630,131309,998,5,13,2,0,0,1,1,1,1,1,1,0,1,0,1,0,0,0,0,0,1,0,0,0,0,0,0,0,1,1,0,1
41642397,K9,더 K9,14,1650,205666,3778,5,7,10,0,1,1,1,1,1,1,1,1,1,0,1,0,0,0,0,0,1,0,0,0,0,0,0,1,0,1,0,1
41642702,레이,더 뉴 기아 레이,34,1599,9237,998,5,2,7,0,0,1,1,1,1,1,1,1,1,0,1,0,0,0,0,0,1,0,0,0,0,0,1,0,0,1,0,1
41642808,모닝,올 뉴 모닝,42,350,127038,998,5,15,2,0,0,0,0,0,0,0,0,0,0,0,1,0,0,0,0,0,1,0,0,0,0,1,0,0,0,1,0,1
41642872,셀토스,셀토스,49,1490,119582,1598,5,5,5,0,1,1,1,0,1,1,1,1,1,0,1,0,0,0,0,0,0,0,1,0,0,1,0,0,0,1,1,0
41643166,오피러스,오피러스 프리미엄,76,350,174175,2656,5,16,4,0,0,1,1,1,0,1,1,0,1,0,1,0,0,0,0,0,1,0,0,0,0,0,0,1,0,1,0,1
41643281,레이,더 뉴 레이,34,760,90121,998,2,5,4,0,0,1,1,0,0,0,1,0,0,0,1,0,0,0,0,0,1,0,0,0,0,1,0,0,0,1,0,1
41643814,스팅어,스팅어,53,1299,148537,3342,5,9,16,1,1,1,1,1,1,1,1,1,1,0,1,0,0,0,0,0,1,0,0,0,0,0,0,0,1,1,0,1
41644069,K7,더 프레스티지 K7,12,329,278396,2999,5,14,11,1,1,1,1,1,1,1,1,1,1,0,1,0,0,0,0,1,0,0,0,0,0,1,0,0,0,1,0,1
41644989,K7,K7,12,440,163196,2656,5,16,10,0,1,1,1,1,1,1,1,1,1,0,1,0,0,0,0,0,1,0,0,0,0,0,1,0,0,1,0,1
41645500,레이,더 뉴 레이,34,1260,131295,998,5,8,5,0,0,1,1,1,1,1,1,0,1,0,1,0,0,0,0,1,0,0,0,0,0,0,0,1,0,1,0,1
41645618,K3,K3,10,500,184542,1582,5,12,2,0,0,1,1,1,0,0,1,0,1,0,1,0,0,0,0,0,0,0,1,0,0,1,0,0,0,1,0,1
41645819,스포티지,스포티지 더 볼드,55,1440,115537,1598,5,5,0,0,0,1,1,0,1,1,1,1,1,0,1,0,0,0,0,0,0,0,1,0,0,1,0,0,0,1,1,0
41646358,카니발,카니발 4세대,85,1212,63277,3470,4,3,2,0,1,1,1,1,1,1,1,1,1,0,1,0,0,0,0,0,1,0,0,0,0,0,1,0,0,1,1,0
41646359,레이,더 뉴 기아 레이 EV,34,1080,4550,400,4,3,2,0,0,1,1,1,1,1,1,1,1,0,1,0,0,0,0,0,0,0,0,1,0,1,0,0,0,1,0,1
41647195,모닝,뉴모닝,42,270,107458,999,5,16,9,0,0,1,1,0,0,1,1,0,1,0,1,0,0,0,0,0,1,0,0,0,0,1,0,0,0,1,0,1
41647618,쏘렌토,올 뉴 쏘렌토,58,1470,99767,1995,7,11,3,0,1,1,1,1,1,1,1,1,1,0,1,0,0,0,0,0,0,0,1,0,0,1,0,0,0,1,1,0
41648269,쏘울,올 뉴 쏘울,59,829,104915,1582,5,12,4,1,0,1,1,0,1,1,1,0,1,0,1,0,0,0,0,0,0,0,1,0,0,1,0,0,0,1,0,1
41648285,K5,더 뉴 K5,11,859,95203,1999,5,12,1,0,0,1,1,0,0,1,1,0,0,0,1,0,0,0,0,0,1,0,0,0,0,1,0,0,0,1,0,1
41648750,모닝,뉴모닝,42,200,114016,999,5,18,1,0,0,1,1,1,0,1,1,0,1,0,1,0,0,0,0,0,1,0,0,0,0,0,0,1,0,1,0,1
41649440,셀토스,셀토스,49,1249,164331,1598,5,5,0,0,0,1,1,1,1,1,1,1,1,0,1,0,0,0,0,0,0,0,1,0,0,1,0,0,0,1,1,0
41649466,스포티지,스포티지 4세대,55,1099,156965,1995,5,11,0,0,0,1,1,0,1,0,1,1,1,0,1,0,0,0,0,0,0,0,1,0,0,1,0,0,0,1,1,0
41649981,카니발,더 뉴 카니발,85,1289,147498,2199,9,8,2,1,1,1,1,1,1,1,1,1,1,0,1,0,0,0,0,0,0,0,1,0,0,1,0,0,0,1,1,0
41650103,스포티지,스포티지 더 볼드,55,1330,123949,1598,5,7,1,0,1,1,0,0,1,0,1,1,1,0,1,0,0,0,0,0,0,0,1,0,0,0,0,1,0,1,1,0
41650255,K7,올 뉴 K7,12,980,142626,3342,5,10,9,0,1,1,1,1,1,1,1,1,1,0,1,0,0,0,0,0,1,0,0,0,0,0,0,0,1,1,0,1
41650413,K3,K3,10,580,88363,1591,5,13,16,0,0,1,1,1,1,1,1,0,1,0,1,0,0,0,0,0,1,0,0,0,0,0,1,0,0,1,0,1
41650658,모닝,모닝 어반 (JA),42,1080,58773,998,5,6,2,0,0,1,1,1,1,1,1,1,1,0,1,0,0,0,0,0,1,0,0,0,0,0,1,0,0,1,0,1
41650746,포르테,포르테,109,390,105292,1591,5,15,0,0,0,1,1,1,1,1,1,0,1,0,1,0,0,0,0,0,1,0,0,0,0,0,0,1,0,1,0,1
41651126,스포티지,스포티지 R,55,650,80218,1995,5,14,12,1,1,1,1,1,1,1,1,1,1,0,1,0,0,0,0,0,0,0,1,0,0,0,0,1,0,1,1,0
41651710,레이,더 뉴 기아 레이,34,1270,21617,998,2,3,1,0,0,1,0,0,0,0,0,0,0,0,1,0,0,0,0,0,1,0,0,0,0,1,0,0,0,1,0,1
41652566,K5,K5 2세대,11,1020,116396,1999,5,11,13,1,0,1,1,0,1,1,1,0,1,0,1,0,0,0,0,0,1,0,0,0,0,0,1,0,0,1,0,1
41652613,K5,더 뉴 K5 2세대,11,1520,102042,1999,5,8,2,1,1,1,1,1,1,1,1,1,1,0,1,0,0,0,0,0,1,0,0,0,0,0,0,0,1,1,0,1
41652623,모닝,더 뉴 모닝,42,570,92538,998,5,10,7,0,0,1,0,0,1,0,1,0,1,0,1,0,0,0,0,0,1,0,0,0,0,0,0,1,0,1,0,1
41652692,모닝,모닝 어반 (JA),42,1450,15046,998,5,4,0,0,0,1,1,1,1,1,1,1,1,0,1,0,0,0,0,0,1,0,0,0,0,1,0,0,0,1,0,1
41653008,스포티지,더 뉴 스포티지 R,55,799,123990,1995,5,11,14,0,1,1,1,1,1,1,1,1,1,0,1,0,0,0,0,0,0,0,1,0,0,1,0,0,0,1,1,0
41653116,K7,올 뉴 K7,12,999,187377,2199,5,9,2,0,0,0,0,0,0,0,0,0,0,0,1,0,0,0,0,0,0,0,1,0,0,0,0,0,1,1,0,1
41655763,모닝,올 뉴 모닝 (JA),42,580,201511,998,5,9,0,0,0,1,1,1,0,1,1,0,1,0,1,0,0,0,0,1,0,0,0,0,0,0,0,1,0,1,0,1
41656059,프라이드,프라이드(신형),110,299,62085,1399,5,15,2,0,0,1,0,0,0,0,0,0,0,0,1,0,0,0,0,0,1,0,0,0,0,0,0,1,0,1,0,1
41656655,K3,K3,10,380,201946,1582,5,11,8,0,0,1,1,1,0,1,1,0,1,0,1,0,0,0,0,0,0,0,1,0,0,1,0,0,0,1,0,1
41657760,K3,K3,10,550,124032,1591,5,11,20,0,0,1,1,1,1,1,1,0,1,0,1,0,0,0,0,0,1,0,0,0,0,1,0,0,0,1,0,1
41658178,레이,더 뉴 기아 레이,34,1290,58859,998,5,3,0,0,0,1,1,0,1,0,1,1,1,0,1,0,0,0,0,0,1,0,0,0,0,1,0,0,0,1,0,1
41658694,레이,더 뉴 기아 레이,34,324,8,998,5,0,2,0,0,1,1,1,1,0,1,1,1,0,1,0,0,0,0,0,1,0,0,0,0,1,0,0,0,1,0,1
41658714,모닝,더 뉴 모닝 (JA),42,288,5,998,5,0,2,0,0,1,1,1,1,0,1,1,1,0,1,0,0,0,0,0,1,0,0,0,0,1,0,0,0,1,0,1
41658867,모닝,더 뉴 모닝 (JA),42,288,1,998,5,0,2,0,0,1,1,1,1,0,1,1,1,0,1,0,0,0,0,0,1,0,0,0,0,1,0,0,0,1,0,1
41659134,모닝,올 뉴 모닝,42,390,145943,998,5,14,10,0,0,1,1,0,1,0,1,0,1,0,1,0,0,0,0,0,1,0,0,0,0,1,0,0,0,1,0,1
41659414,카니발,올 뉴 카니발,85,1400,119993,2199,9,9,8,0,1,1,1,1,1,1,1,1,1,0,1,0,0,0,0,0,0,0,1,0,0,0,1,0,0,1,1,0
41659587,K9,K9,14,499,218134,3342,5,14,4,0,0,1,1,1,1,1,1,1,1,0,1,0,0,0,0,0,1,0,0,0,0,0,1,0,0,1,0,1
41660359,모닝,올 뉴 모닝,42,290,198182,998,5,15,18,0,0,1,0,0,0,0,1,0,1,0,1,0,0,0,0,0,1,0,0,0,0,0,0,1,0,1,0,1
41660394,카니발,올 뉴 카니발,85,999,164326,2199,9,10,0,1,1,1,1,1,1,1,1,1,1,0,1,0,0,0,0,0,0,0,1,0,0,1,0,0,0,1,1,0
41660425,스포티지,스포티지 5세대,55,612,41276,1999,5,3,2,0,1,1,0,0,0,0,0,0,1,0,1,0,0,0,0,1,0,0,0,0,0,1,0,0,0,1,1,0
41660458,스포티지,스포티지 5세대,55,612,41276,1999,5,3,2,0,1,1,0,0,0,0,0,0,1,0,1,0,0,0,0,1,0,0,0,0,0,1,0,0,0,1,1,0
41662544,K7,올 뉴 K7,12,1100,89500,2999,5,9,0,0,1,1,0,1,1,0,1,1,1,0,1,0,0,0,0,1,0,0,0,0,0,0,1,0,0,1,0,1
41663342,모닝,더 뉴 모닝,42,369,123587,998,2,10,0,0,0,0,0,0,0,0,0,0,0,0,1,0,0,0,0,0,1,0,0,0,0,1,0,0,0,1,0,1
36800906,QM5,뉴QM5,16,329,193113,1995,5,13,3,0,0,1,1,1,1,0,1,0,1,0,0,0,0,0,1,0,0,0,1,0,0,0,0,0,1,1,1,0
37032727,SM5,SM5,19,190,146595,2495,5,22,4,0,1,1,0,1,0,1,1,0,1,0,0,0,0,0,1,0,1,0,0,0,0,1,0,0,0,1,0,1
37375493,QM5,QM5,16,320,212746,1995,5,15,2,1,0,1,1,1,1,1,1,0,1,0,0,0,0,0,1,0,0,0,1,0,0,1,0,0,0,1,1,0
37542179,SM5,SM5 노바,19,379,116255,1998,5,11,8,0,0,1,1,0,0,1,1,0,1,0,0,0,0,0,1,1,0,0,0,0,0,0,0,1,0,1,0,1
37731923,SM7,SM7 노바,21,570,184943,1998,5,11,2,0,0,1,1,1,1,1,1,1,1,0,0,0,0,0,1,1,0,0,0,0,0,0,0,1,0,1,0,1
38009431,SM7,SM7 노바,21,499,148331,1998,5,11,10,0,0,1,1,1,1,1,1,0,1,0,0,0,0,0,1,1,0,0,0,0,0,0,0,1,0,1,0,1
38234119,SM7,All New SM7,21,330,135623,2495,5,15,15,1,1,1,1,1,1,1,1,0,1,0,0,0,0,0,1,0,1,0,0,0,0,0,0,1,0,1,0,1
38290614,SM5,뉴SM5 플래티넘,19,230,155912,1618,5,13,8,0,0,1,1,1,1,1,1,0,1,0,0,0,0,0,1,0,1,0,0,0,0,0,1,0,0,1,0,1
38325248,SM6,SM6,20,555,175815,1997,5,9,14,0,0,1,1,1,1,1,1,1,1,0,0,0,0,0,1,0,1,0,0,0,0,0,1,0,0,1,0,1
38337950,QM6,QM6,17,1599,48925,1997,5,7,0,0,1,1,1,1,1,1,1,1,1,0,0,0,0,0,1,0,1,0,0,0,0,0,0,1,0,1,1,0
38338722,SM7,SM7 노바,21,650,112759,3498,5,10,1,0,0,1,1,1,1,1,1,0,1,0,0,0,0,0,1,0,1,0,0,0,0,0,1,0,0,1,0,1
38349721,SM3,뉴SM3,18,140,172129,1598,5,16,10,0,0,1,0,1,0,0,1,0,1,0,0,0,0,0,1,0,1,0,0,0,0,0,0,1,0,1,0,1
38362963,SM7,SM7 노바,21,750,126877,1998,5,7,3,0,0,1,1,1,1,1,1,0,1,0,0,0,0,0,1,1,0,0,0,0,0,0,1,0,0,1,0,1
38425434,SM7,SM7 노바,21,950,59270,1998,5,10,2,1,1,1,1,1,1,1,1,1,1,0,0,0,0,0,1,1,0,0,0,0,0,1,0,0,0,1,0,1
38450821,QM6,더 뉴 QM6,17,1350,85056,1998,5,5,12,0,1,1,1,1,1,1,1,0,1,0,0,0,0,0,1,1,0,0,0,0,0,0,0,1,0,1,1,0
38491267,SM6,SM6,20,570,124706,1997,5,10,8,0,0,1,1,1,1,1,1,0,1,0,0,0,0,0,1,0,1,0,0,0,0,0,0,1,0,1,0,1
38595641,QM6,더 뉴 QM6,17,1630,102152,1998,5,7,0,0,1,1,1,1,1,1,1,1,1,0,0,0,0,0,1,1,0,0,0,0,0,1,0,0,0,1,1,0
38634205,SM5,SM5 노바,19,600,88302,1998,5,10,1,0,1,1,0,0,1,0,1,0,1,0,0,0,0,0,1,0,1,0,0,0,0,1,0,0,0,1,0,1
38639305,QM3,QM3,15,420,98998,1461,5,12,16,0,0,1,1,1,1,1,1,0,0,0,0,0,0,0,1,0,0,0,1,0,0,0,0,1,0,1,1,0
38684558,SM7,SM7 노바,21,899,77881,1998,5,7,11,0,1,1,1,1,1,1,1,1,1,0,0,0,0,0,1,1,0,0,0,0,0,0,0,1,0,1,0,1
38684630,XM3,XM3,23,1090,107852,1598,5,6,0,0,1,1,1,0,1,1,1,0,1,0,0,0,0,0,1,0,1,0,0,0,0,0,0,1,0,1,1,0
38740500,SM6,SM6,20,800,80304,1997,5,10,8,1,0,1,1,1,1,1,1,0,1,0,0,0,0,0,1,0,1,0,0,0,0,0,1,0,0,1,0,1
38747660,SM6,SM6,20,590,149981,1998,5,10,6,0,0,1,1,1,1,0,1,0,1,0,0,0,0,0,1,1,0,0,0,0,0,0,1,0,0,1,0,1
38777606,SM3,뉴SM3,18,350,73186,1598,5,17,1,1,0,1,0,1,1,0,1,0,1,0,0,0,0,0,1,0,1,0,0,0,0,0,0,0,1,1,0,1
38836956,SM3,뉴SM3,18,150,132342,1598,5,15,2,1,0,1,1,1,1,1,1,0,1,0,0,0,0,0,1,0,1,0,0,0,0,1,0,0,0,1,0,1
38856190,XM3,XM3,23,1240,47020,1332,5,6,6,0,1,1,1,1,1,0,1,0,1,0,0,0,0,0,1,0,1,0,0,0,0,0,1,0,0,1,1,0
38857824,SM6,SM6,20,999,14201,1997,5,7,2,0,1,1,1,1,1,1,1,0,1,0,0,0,0,0,1,0,1,0,0,0,0,1,0,0,0,1,0,1
38860862,SM6,SM6,20,680,106092,1998,5,10,7,0,0,1,1,1,1,1,1,0,1,0,0,0,0,0,1,1,0,0,0,0,0,0,0,1,0,1,0,1
38912474,SM3,뉴SM3,18,290,58284,1598,5,17,2,0,0,1,0,1,1,0,1,0,0,0,0,0,0,0,1,0,1,0,0,0,0,0,0,0,1,1,0,1
38935264,SM6,SM6,20,600,120419,1998,5,9,13,0,0,1,1,1,0,1,1,0,1,0,0,0,0,0,1,1,0,0,0,0,0,0,1,0,0,1,0,1
38935798,SM5,SM5 노바,19,499,144911,1998,5,10,2,0,1,1,1,1,1,1,1,0,1,0,0,0,0,0,1,1,0,0,0,0,0,0,1,0,0,1,0,1
38971418,SM3,SM3 네오,18,470,110343,1598,5,10,4,0,0,1,1,1,1,1,1,0,1,0,0,0,0,0,1,0,1,0,0,0,0,0,0,1,0,1,0,1
39010822,SM5,SM5 노바,19,690,58620,1998,5,8,2,0,0,1,1,1,1,1,1,1,1,0,0,0,0,0,1,0,1,0,0,0,0,1,0,0,0,1,0,1
39034550,SM5,뉴SM5(신형),19,199,115571,1998,5,15,2,1,0,1,1,1,1,1,1,0,1,0,0,0,0,0,1,1,0,0,0,0,0,1,0,0,0,1,0,1
39106298,SM3,SM3 네오,18,395,54299,1598,5,12,4,0,0,1,1,0,0,0,1,0,1,0,0,0,0,0,1,0,1,0,0,0,0,1,0,0,0,1,0,1
39119003,SM6,SM6,20,750,111742,1998,5,10,3,1,0,1,1,1,1,0,1,0,1,0,0,0,0,0,1,1,0,0,0,0,0,1,0,0,0,1,0,1
39139148,QM6,더 뉴 QM6,17,1380,64760,1998,5,6,19,0,1,1,1,1,1,1,1,1,1,0,0,0,0,0,1,1,0,0,0,0,0,0,0,1,0,1,1,0
39148507,QM5,QM5 네오,16,340,161856,1995,5,12,2,0,0,1,0,1,1,0,1,0,1,0,0,0,0,0,1,0,0,0,1,0,0,0,0,1,0,1,1,0
39181068,SM7,SM7 노바,21,535,160088,1998,5,10,2,0,0,1,0,1,1,1,1,0,1,0,0,0,0,0,1,1,0,0,0,0,0,0,0,1,0,1,0,1
39195589,QM5,QM5,16,300,113323,2488,5,17,11,0,0,1,0,1,1,1,1,0,1,0,0,0,0,0,1,0,1,0,0,0,0,0,0,1,0,1,1,0
39247119,SM5,뉴SM5(신형),19,350,98193,1998,5,15,7,0,0,1,1,1,1,1,1,0,1,0,0,0,0,0,1,0,1,0,0,0,0,1,0,0,0,1,0,1
39269490,SM7,SM7 노바,21,480,125581,2495,5,12,0,0,0,1,1,1,1,1,1,0,1,0,0,0,0,0,1,0,1,0,0,0,0,0,1,0,0,1,0,1
39283720,QM6,더 뉴 QM6,17,1399,65029,1997,5,5,14,0,1,1,1,1,1,1,1,0,1,0,0,0,0,0,1,0,1,0,0,0,0,1,0,0,0,1,1,0
39329752,SM5,SM5 노바,19,680,97009,1998,5,8,2,0,0,1,1,1,1,0,1,1,1,0,0,0,0,0,1,0,1,0,0,0,0,0,0,1,0,1,0,1
39461219,SM6,SM6,20,840,102643,1997,5,10,1,0,0,1,1,1,1,0,1,0,1,0,0,0,0,0,1,0,1,0,0,0,0,1,0,0,0,1,0,1
39470505,QM6,QM6,17,1350,64947,1995,5,7,2,0,0,1,1,1,1,1,1,1,1,0,0,0,0,0,1,0,0,0,1,0,0,0,1,0,0,1,1,0
39506263,SM7,All New SM7,21,309,141210,2495,5,15,11,0,1,1,1,1,1,1,1,0,1,0,0,0,0,0,1,0,1,0,0,0,0,0,1,0,0,1,0,1
39539852,SM5,SM5 노바,19,399,84360,1998,5,11,9,0,0,0,1,1,1,1,1,0,1,0,0,0,0,0,1,0,1,0,0,0,0,0,0,0,1,1,0,1
39543451,SM5,뉴SM5 플래티넘,19,309,153735,1998,5,14,11,0,1,1,1,1,1,1,1,0,1,0,0,0,0,0,1,0,1,0,0,0,0,0,1,0,0,1,0,1
39556097,SM6,SM6,20,699,114395,1997,5,10,7,1,1,1,1,1,1,0,1,0,1,0,0,0,0,0,1,0,1,0,0,0,0,1,0,0,0,1,0,1
39570471,SM5,SM5 뉴 임프레션,19,220,187358,1998,5,19,1,0,0,1,0,1,1,0,1,0,1,0,0,0,0,0,1,0,1,0,0,0,0,0,0,1,0,1,0,1
39642501,SM5,뉴SM5 플래티넘,19,370,151493,1618,5,13,5,1,1,1,1,1,1,1,1,0,1,0,0,0,0,0,1,0,1,0,0,0,0,0,0,1,0,1,0,1
39701055,SM5,뉴SM5 플래티넘,19,300,105024,1461,5,12,6,0,0,1,1,1,1,1,1,0,1,0,0,0,0,0,1,0,0,0,1,0,0,0,0,1,0,1,0,1
39711233,QM6,더 뉴 QM6,17,1650,42808,1998,5,5,10,0,1,1,1,1,1,1,1,1,1,0,0,0,0,0,1,1,0,0,0,0,0,0,0,1,0,1,1,0
39730433,SM7,SM7 노바,21,850,53240,1998,5,10,15,1,1,1,1,1,1,1,1,1,1,0,0,0,0,0,1,1,0,0,0,0,0,1,0,0,0,1,0,1
39769302,QM6,더 뉴 QM6,17,1649,91844,1998,5,4,0,0,1,1,1,1,1,1,1,1,1,0,0,0,0,0,1,1,0,0,0,0,0,0,0,1,0,1,1,0
39776498,SM3,뉴SM3,18,290,68731,1598,5,16,15,0,0,1,1,1,1,1,1,0,1,0,0,0,0,0,1,0,1,0,0,0,0,1,0,0,0,1,0,1
39785517,QM5,QM5 네오,16,640,129250,1998,5,11,7,1,1,1,1,1,1,0,1,0,1,0,0,0,0,0,1,0,1,0,0,0,0,1,0,0,0,1,1,0
39824473,QM6,QM6,17,1450,74454,1995,5,8,0,1,1,1,1,1,1,1,1,1,1,0,0,0,0,0,1,0,0,0,1,0,0,1,0,0,0,1,1,0
39847389,SM3,뉴SM3,18,250,127419,1598,5,12,7,0,0,1,0,1,1,0,1,0,1,0,0,0,0,0,1,0,1,0,0,0,0,0,0,1,0,1,0,1
39851995,SM6,SM6,20,725,114409,1997,5,10,8,0,1,1,1,1,1,1,1,0,1,0,0,0,0,0,1,0,1,0,0,0,0,0,0,1,0,1,0,1
39873008,SM5,SM5 노바,19,430,197671,1998,5,8,3,0,0,1,1,1,1,1,1,1,1,0,0,0,0,0,1,0,1,0,0,0,0,1,0,0,0,1,0,1
39884886,SM5,뉴SM5 플래티넘,19,320,100929,1998,5,12,2,1,1,1,1,1,1,1,1,0,1,0,0,0,0,0,1,0,1,0,0,0,0,1,0,0,0,1,0,1
39901707,QM6,더 뉴 QM6,17,1570,49682,1997,5,6,3,0,0,1,1,1,1,0,1,1,1,0,0,0,0,0,1,0,1,0,0,0,0,0,1,0,0,1,1,0
39964173,SM6,SM6,20,750,126982,1998,5,8,2,0,0,1,1,1,1,1,1,0,1,0,0,0,0,0,1,1,0,0,0,0,0,1,0,0,0,1,0,1
39994333,SM7,SM7 New Art,21,250,175610,2349,5,16,17,1,1,1,0,1,1,1,1,0,1,0,0,0,0,0,1,0,1,0,0,0,0,1,0,0,0,1,0,1
40031559,QM6,더 뉴 QM6,17,1685,66374,1997,5,5,15,0,1,1,1,1,1,1,1,1,1,0,0,0,0,0,1,0,1,0,0,0,0,0,0,1,0,1,1,0
40041170,SM7,SM7 노바,21,589,153756,1998,5,11,1,1,1,1,1,1,1,1,1,1,1,0,0,0,0,0,1,1,0,0,0,0,0,0,0,1,0,1,0,1
40041696,XM3,XM3,23,1220,66136,1332,5,6,14,0,1,1,1,1,1,1,1,0,1,0,0,0,0,0,1,0,1,0,0,0,0,1,0,0,0,1,1,0
40048242,XM3,XM3,23,1230,91960,1332,5,6,8,0,1,1,1,1,1,0,1,0,1,0,0,0,0,0,1,0,1,0,0,0,0,1,0,0,0,1,1,0
40048731,SM3,SM3 네오,18,270,122833,1598,5,12,12,0,0,1,1,1,1,1,1,0,1,0,0,0,0,0,1,0,1,0,0,0,0,1,0,0,0,1,0,1
40059215,SM6,SM6,20,730,78390,1997,5,10,0,1,0,1,1,1,1,1,1,0,1,0,0,0,0,0,1,0,1,0,0,0,0,0,1,0,0,1,0,1
40072020,SM3,SM3 네오,18,330,106974,1598,5,12,18,0,0,1,1,0,0,1,1,0,1,0,0,0,0,0,1,0,1,0,0,0,0,0,0,1,0,1,0,1
40085059,SM5,뉴SM5(신형),19,270,98858,1998,5,16,11,0,0,1,1,1,1,1,1,0,1,0,0,0,0,0,1,0,1,0,0,0,0,0,0,1,0,1,0,1
40086826,SM5,뉴SM5 플래티넘,19,360,103345,1998,5,13,25,0,1,1,1,1,1,1,1,0,1,0,0,0,0,0,1,1,0,0,0,0,0,1,0,0,0,1,0,1
40113849,SM5,뉴SM5(신형),19,170,201730,1998,5,16,8,0,0,1,1,1,1,1,1,0,1,0,0,0,0,0,1,0,1,0,0,0,0,0,0,1,0,1,0,1
40118209,QM6,더 뉴 QM6,17,1299,41390,1998,5,5,12,0,1,1,1,1,1,1,1,0,1,0,0,0,0,0,1,1,0,0,0,0,0,0,0,1,0,1,1,0
40118580,SM3,SM3 네오,18,450,94048,1598,5,12,1,0,0,1,1,0,0,1,1,0,1,0,0,0,0,0,1,0,1,0,0,0,0,1,0,0,0,1,0,1
40132138,SM5,뉴SM5 플래티넘,19,250,133196,1998,5,13,13,1,0,1,0,1,1,0,1,0,1,0,0,0,0,0,1,0,1,0,0,0,0,0,1,0,0,1,0,1
40149952,QM6,QM6,17,1150,129031,1997,5,8,7,1,1,1,1,1,1,1,1,1,1,0,0,0,0,0,1,0,1,0,0,0,0,1,0,0,0,1,1,0
40154868,SM6,SM6,20,650,100880,1618,5,10,2,0,1,1,1,1,1,1,1,1,1,0,0,0,0,0,1,0,1,0,0,0,0,0,0,0,1,1,0,1
40180729,SM6,SM6,20,850,69451,1997,5,10,7,0,0,1,1,1,1,0,1,0,1,0,0,0,0,0,1,0,1,0,0,0,0,0,0,1,0,1,0,1
40184984,SM6,SM6,20,890,67058,1997,5,10,8,0,0,1,1,1,1,1,1,1,1,0,0,0,0,0,1,0,1,0,0,0,0,0,1,0,0,1,0,1
40190290,SM6,SM6,20,630,156828,1997,5,10,1,0,0,1,1,1,1,0,1,0,1,0,0,0,0,0,1,0,1,0,0,0,0,0,0,1,0,1,0,1
40193365,XM3,XM3,23,1250,25149,1598,5,6,0,0,1,1,0,0,0,0,0,0,0,0,0,0,0,0,1,0,1,0,0,0,0,0,0,1,0,1,1,0
40217669,SM5,뉴SM5 플래티넘,19,290,84158,1998,5,13,20,0,0,1,0,1,1,0,1,0,1,0,0,0,0,0,1,0,1,0,0,0,0,0,0,1,0,1,0,1
40217953,QM6,QM6,17,1390,68591,1997,5,7,2,0,0,1,1,1,1,1,1,0,1,0,0,0,0,0,1,0,1,0,0,0,0,0,0,1,0,1,1,0
40269224,QM6,더 뉴 QM6,17,1399,59432,1998,5,3,23,0,1,1,1,1,1,0,1,0,1,0,0,0,0,0,1,1,0,0,0,0,0,0,0,1,0,1,1,0
40274529,SM7,SM7 노바,21,870,119892,1998,5,7,0,0,0,1,1,1,1,1,1,1,1,0,0,0,0,0,1,1,0,0,0,0,0,0,0,1,0,1,0,1
40275587,SM5,뉴SM5 플래티넘,19,270,188204,1461,5,12,9,0,0,1,0,1,1,0,1,0,1,0,0,0,0,0,1,0,0,0,1,0,0,0,0,1,0,1,0,1
40276760,SM3,SM3 네오,18,220,91566,1598,5,12,7,0,0,0,0,0,0,0,0,0,0,0,0,0,0,0,1,0,1,0,0,0,0,0,0,1,0,1,0,1
40283811,QM5,뉴QM5,16,320,188343,1995,5,13,11,0,1,1,1,1,1,1,1,0,1,0,0,0,0,0,1,0,0,0,1,0,0,1,0,0,0,1,1,0
40288125,SM3,SM3 Z.E.,18,580,94180,74,5,10,0,0,0,1,1,1,1,1,1,0,1,0,0,0,0,0,1,0,0,0,0,1,0,1,0,0,0,1,0,1
40317549,QM5,QM5,16,290,99034,1995,5,18,0,1,0,1,0,1,1,0,1,0,1,0,0,0,0,0,1,0,0,0,1,0,0,0,1,0,0,1,1,0
40322737,QM3,QM3,15,490,117097,1461,5,13,2,0,0,0,0,0,0,0,0,0,0,0,0,0,0,0,1,0,0,0,1,0,0,0,1,0,0,1,1,0
40322885,QM6,더 뉴 QM6,17,1150,149871,1998,5,5,2,0,1,1,1,1,1,1,1,0,1,0,0,0,0,0,1,1,0,0,0,0,0,0,0,1,0,1,1,0
40329963,SM6,SM6,20,650,137196,1998,5,10,2,0,0,1,1,1,1,1,1,0,1,0,0,0,0,0,1,1,0,0,0,0,0,0,0,1,0,1,0,1
40333148,XM3,XM3,23,1490,40900,1332,5,6,2,0,1,1,1,1,1,1,1,1,1,0,0,0,0,0,1,0,1,0,0,0,0,0,0,0,1,1,1,0
40340573,SM6,SM6,20,1150,69847,1998,5,7,11,1,1,1,1,1,1,1,1,1,1,0,0,0,0,0,1,1,0,0,0,0,0,1,0,0,0,1,0,1
40340792,SM6,SM6,20,880,101582,1998,5,8,2,1,0,1,1,1,1,1,1,0,1,0,0,0,0,0,1,1,0,0,0,0,0,1,0,0,0,1,0,1
40350742,QM6,QM6,17,1150,108129,1995,5,9,5,1,1,1,1,1,1,1,1,1,1,0,0,0,0,0,1,0,0,0,1,0,0,1,0,0,0,1,1,0
40397807,SM6,SM6,20,775,160447,1998,5,7,2,0,1,1,1,1,1,1,1,0,1,0,0,0,0,0,1,0,1,0,0,0,0,1,0,0,0,1,0,1
40399445,SM6,SM6,20,650,132797,1997,5,10,7,0,1,1,1,1,1,0,1,0,1,0,0,0,0,0,1,0,1,0,0,0,0,1,0,0,0,1,0,1
40400514,QM5,뉴QM5,16,299,126301,1995,5,14,3,0,0,0,1,0,0,0,1,0,0,0,0,0,0,0,1,0,0,0,1,0,0,0,1,0,0,1,1,0
40419930,SM3,SM3 네오,18,280,72277,1598,5,12,10,0,0,0,1,1,1,1,1,0,0,0,0,0,0,0,1,0,1,0,0,0,0,0,0,0,1,1,0,1
40421776,SM6,SM6,20,550,102579,1997,5,10,15,0,0,1,1,1,1,1,1,0,1,0,0,0,0,0,1,0,1,0,0,0,0,1,0,0,0,1,0,1
40423042,SM5,뉴SM5(신형),19,245,145731,1998,5,16,19,1,0,1,1,1,1,1,1,0,1,0,0,0,0,0,1,0,1,0,0,0,0,1,0,0,0,1,0,1
40425344,SM5,뉴SM5 플래티넘,19,240,158465,1998,5,13,14,0,0,1,0,1,1,0,1,0,1,0,0,0,0,0,1,0,1,0,0,0,0,0,1,0,0,1,0,1
40432088,SM3,뉴SM3,18,267,118792,1598,5,13,5,0,0,0,1,0,0,1,1,0,0,0,0,0,0,0,1,0,1,0,0,0,0,1,0,0,0,1,0,1
40432767,SM3,SM3 네오,18,330,164279,1598,5,12,11,0,0,1,1,1,1,1,1,0,1,0,0,0,0,0,1,0,1,0,0,0,0,0,0,1,0,1,0,1
40435132,QM3,QM3,15,550,59620,1461,5,11,20,0,0,1,1,1,0,1,1,0,1,0,0,0,0,0,1,0,0,0,1,0,0,0,1,0,0,1,1,0
40452097,SM3,SM3 네오,18,580,114014,1598,5,10,3,0,0,1,1,1,1,0,1,0,1,0,0,0,0,0,1,0,1,0,0,0,0,0,0,1,0,1,0,1
40457478,QM5,QM5 네오,16,480,186609,1998,5,11,7,1,1,1,1,1,1,1,1,0,1,0,0,0,0,0,1,0,1,0,0,0,0,1,0,0,0,1,1,0
40469569,SM6,SM6,20,590,141653,1998,5,10,20,0,1,1,1,1,1,1,1,0,1,0,0,0,0,0,1,1,0,0,0,0,0,1,0,0,0,1,0,1
40475613,SM6,SM6,20,480,164947,1997,5,9,1,1,0,1,1,1,1,0,1,0,1,0,0,0,0,0,1,0,1,0,0,0,0,0,0,1,0,1,0,1
40481646,SM3,뉴SM3,18,230,119292,1598,5,15,15,1,0,1,1,1,1,0,1,0,1,0,0,0,0,0,1,0,1,0,0,0,0,0,0,1,0,1,0,1
40483016,SM7,SM7 노바,21,470,118123,2495,5,11,8,0,0,1,1,1,1,1,1,0,1,0,0,0,0,0,1,0,1,0,0,0,0,1,0,0,0,1,0,1
40486658,SM6,SM6,20,920,75492,1997,5,10,2,1,1,1,1,1,1,0,1,0,1,0,0,0,0,0,1,0,1,0,0,0,0,1,0,0,0,1,0,1
40491305,SM6,SM6,20,820,66817,1997,5,10,8,0,0,1,1,1,1,1,1,0,1,0,0,0,0,0,1,0,1,0,0,0,0,0,0,0,1,1,0,1
40508806,SM3,SM3 네오,18,320,125752,1598,5,11,2,0,0,1,1,1,1,1,1,0,1,0,0,0,0,0,1,0,1,0,0,0,0,0,0,1,0,1,0,1
40511208,SM5,뉴SM5 플래티넘,19,290,113293,1998,5,12,7,0,0,0,0,0,0,1,1,0,1,0,0,0,0,0,1,0,1,0,0,0,0,0,0,1,0,1,0,1
40512814,QM3,뉴QM3,15,1190,62823,1461,5,8,20,1,1,1,1,1,1,1,1,0,1,0,0,0,0,0,1,0,0,0,1,0,0,0,1,0,0,1,1,0
40514013,QM3,QM3,15,489,99508,1461,5,11,8,0,0,1,1,1,1,0,1,0,0,0,0,0,0,0,1,0,0,0,1,0,0,1,0,0,0,1,1,0
40525086,SM3,SM3 네오,18,690,87821,1598,5,8,0,0,0,1,1,1,1,1,1,0,1,0,0,0,0,0,1,0,1,0,0,0,0,0,0,1,0,1,0,1
40528761,SM7,SM7 노바,21,650,162245,2495,5,10,2,1,1,1,1,1,1,1,1,1,1,0,0,0,0,0,1,0,1,0,0,0,0,1,0,0,0,1,0,1
40553665,QM3,QM3,15,490,192201,1461,5,11,1,0,0,1,1,1,1,1,1,0,1,0,0,0,0,0,1,0,0,0,1,0,0,0,0,0,1,1,1,0
40553707,QM6,QM6,17,1120,145319,1995,5,7,4,1,1,1,1,1,1,1,1,1,1,0,0,0,0,0,1,0,0,0,1,0,0,1,0,0,0,1,1,0
40554930,SM6,SM6,20,970,31098,1997,5,10,3,0,0,1,1,1,1,1,1,0,1,0,0,0,0,0,1,0,1,0,0,0,0,0,0,1,0,1,0,1
40563306,SM3,SM3 네오,18,540,62099,1598,5,8,4,0,0,0,1,0,0,1,0,0,1,0,0,0,0,0,1,0,1,0,0,0,0,0,1,0,0,1,0,1
40584725,SM6,SM6,20,930,86186,1997,5,10,4,0,0,1,1,1,1,1,1,0,1,0,0,0,0,0,1,0,1,0,0,0,0,1,0,0,0,1,0,1
40585364,SM5,뉴SM5(신형),19,199,194782,1998,5,15,1,0,0,1,1,1,0,1,1,0,1,0,0,0,0,0,1,1,0,0,0,0,0,0,0,1,0,1,0,1
40588565,SM3,SM3 네오,18,450,94437,1598,5,12,16,1,0,1,1,1,1,1,1,0,1,0,0,0,0,0,1,0,1,0,0,0,0,0,0,1,0,1,0,1
40590437,SM5,뉴SM5 플래티넘,19,410,108467,1998,5,12,14,1,0,1,1,1,1,1,1,0,1,0,0,0,0,0,1,0,1,0,0,0,0,1,0,0,0,1,0,1
40591612,QM6,더 뉴 QM6,17,1699,46173,1997,5,7,2,0,1,1,1,1,1,0,1,1,1,0,0,0,0,0,1,0,1,0,0,0,0,1,0,0,0,1,1,0
40593388,SM6,SM6,20,699,126063,1997,5,10,5,0,0,1,1,1,1,1,1,0,1,0,0,0,0,0,1,0,1,0,0,0,0,0,0,1,0,1,0,1
40603052,XM3,XM3,23,1080,153399,1598,5,6,2,0,1,1,1,1,1,1,1,0,1,0,0,0,0,0,1,0,1,0,0,0,0,0,0,1,0,1,1,0
40607703,SM7,SM7 노바,21,550,134086,1998,5,10,11,0,0,1,1,1,1,1,1,0,1,0,0,0,0,0,1,1,0,0,0,0,0,0,1,0,0,1,0,1
40608166,SM5,뉴SM5 플래티넘,19,240,192584,1998,5,13,12,0,0,1,1,1,0,1,1,0,1,0,0,0,0,0,1,1,0,0,0,0,0,0,1,0,0,1,0,1
40629141,SM3,뉴SM3,18,250,77582,1598,5,15,8,0,0,0,1,0,0,1,0,0,0,0,0,0,0,0,1,0,1,0,0,0,0,0,0,1,0,1,0,1
40629836,QM6,QM6,17,1599,94620,1997,5,7,2,1,1,1,1,1,1,1,1,1,1,0,0,0,0,0,1,0,1,0,0,0,0,1,0,0,0,1,1,0
40632953,SM5,SM5 노바,19,329,115273,1461,5,11,2,0,0,1,1,1,1,1,1,0,1,0,0,0,0,0,1,0,0,0,1,0,0,0,0,1,0,1,0,1
40633563,QM6,QM6,17,1249,147975,1997,5,8,7,1,1,1,1,1,1,1,1,1,1,0,0,0,0,0,1,0,1,0,0,0,0,0,1,0,0,1,1,0
40637660,QM6,QM6,17,1090,132289,1997,5,8,6,0,0,1,1,1,1,1,1,1,1,0,0,0,0,0,1,0,1,0,0,0,0,0,0,1,0,1,1,0
40642570,QM3,뉴QM3,15,899,83883,1461,5,9,2,0,1,1,1,1,1,1,1,0,1,0,0,0,0,0,1,0,0,0,1,0,0,0,0,0,1,1,1,0
40644944,SM7,SM7 노바,21,670,69562,1998,5,11,8,0,1,1,0,1,1,0,1,1,1,0,0,0,0,0,1,1,0,0,0,0,0,0,0,1,0,1,0,1
40645593,SM7,SM7 New Art,21,170,173689,2349,5,16,4,1,0,1,1,1,1,1,1,0,1,0,0,0,0,0,1,0,1,0,0,0,0,1,0,0,0,1,0,1
40646675,QM3,QM3,15,620,110547,1461,5,11,6,0,0,1,1,1,1,1,1,0,1,0,0,0,0,0,1,0,0,0,1,0,0,1,0,0,0,1,1,0
40647002,SM5,뉴SM5(신형),19,299,124883,1998,5,16,2,0,0,1,1,1,1,1,1,0,1,0,0,0,0,0,1,0,1,0,0,0,0,0,1,0,0,1,0,1
40647855,SM7,SM7 노바,21,690,107955,1998,5,11,3,0,1,1,0,1,1,1,1,1,1,0,0,0,0,0,1,1,0,0,0,0,0,0,1,0,0,1,0,1
40653637,SM5,뉴SM5 플래티넘,19,299,156372,1998,5,12,2,1,0,1,1,1,1,0,1,0,1,0,0,0,0,0,1,0,1,0,0,0,0,0,0,1,0,1,0,1
40660109,SM7,SM7 노바,21,1049,93491,3498,5,9,9,0,1,1,1,1,1,0,1,1,1,0,0,0,0,0,1,0,1,0,0,0,0,0,0,1,0,1,0,1
40665953,XM3,XM3,23,1640,28930,1332,5,6,2,0,1,1,1,1,1,1,1,0,1,0,0,0,0,0,1,0,1,0,0,0,0,0,0,1,0,1,1,0
40667152,SM6,SM6,20,620,113766,1618,5,10,11,0,1,1,1,1,1,1,1,0,1,0,0,0,0,0,1,0,1,0,0,0,0,0,0,0,1,1,0,1
40671374,QM3,QM3,15,440,145843,1461,5,12,5,0,0,1,1,1,1,1,1,0,0,0,0,0,0,0,1,0,0,0,1,0,0,0,0,1,0,1,1,0
40678074,SM7,All New SM7,21,899,85873,2495,5,15,5,1,0,1,1,1,1,1,1,0,1,0,0,0,0,0,1,0,1,0,0,0,0,0,1,0,0,1,0,1
40679720,QM6,QM6,17,1090,82463,1995,5,9,4,0,0,1,1,1,1,1,1,0,1,0,0,0,0,0,1,0,0,0,1,0,0,0,0,1,0,1,1,0
40684675,SM5,뉴SM5(신형),19,250,114575,1998,5,16,6,1,1,1,1,1,1,1,1,0,1,0,0,0,0,0,1,0,1,0,0,0,0,1,0,0,0,1,0,1
40695452,SM6,SM6,20,530,138169,1997,5,10,5,0,0,1,1,1,1,0,1,0,1,0,0,0,0,0,1,0,1,0,0,0,0,0,1,0,0,1,0,1
40697560,SM6,SM6,20,550,127607,1997,5,10,5,0,0,1,1,1,1,0,1,0,1,0,0,0,0,0,1,0,1,0,0,0,0,0,1,0,0,1,0,1
40703701,SM6,SM6,20,760,134940,1998,5,10,3,0,1,1,1,1,1,1,1,0,1,0,0,0,0,0,1,1,0,0,0,0,0,0,0,1,0,1,0,1
40714875,SM5,뉴SM5 플래티넘,19,275,189887,1998,5,13,8,0,0,1,1,1,0,1,1,0,1,0,0,0,0,0,1,1,0,0,0,0,0,0,1,0,0,1,0,1
40717800,마스터,마스터,38,1650,107401,2299,3,6,10,0,0,1,1,0,0,1,0,0,1,0,0,0,0,0,1,0,0,0,1,0,0,0,0,1,0,0,1,0
40724160,XM3,XM3,23,749,119794,1332,5,6,20,0,1,1,0,1,1,0,1,0,1,0,0,0,0,0,1,0,1,0,0,0,0,0,1,0,0,1,1,0
40724740,SM6,SM6,20,1000,43790,1997,5,10,1,1,0,1,1,1,1,1,1,1,1,0,0,0,0,0,1,0,1,0,0,0,0,0,0,1,0,1,0,1
40727801,QM5,뉴QM5,16,320,176562,1995,5,13,8,1,1,1,1,1,1,1,0,0,1,0,0,0,0,0,1,0,0,0,1,0,0,0,0,1,0,1,1,0
40730205,QM5,QM5 네오,16,470,76828,1998,5,12,2,0,0,1,1,1,1,1,1,0,1,0,0,0,0,0,1,0,1,0,0,0,0,0,0,1,0,1,1,0
40730611,SM6,SM6,20,480,151974,1997,5,10,2,0,0,0,0,0,0,0,0,0,0,0,0,0,0,0,1,0,1,0,0,0,0,0,0,1,0,1,0,1
40731426,SM6,SM6,20,679,80329,1997,5,8,2,0,0,1,1,1,0,1,1,0,0,0,0,0,0,0,1,0,1,0,0,0,0,0,1,0,0,1,0,1
40733063,QM5,뉴QM5,16,450,138070,1998,5,13,2,0,0,1,1,1,1,1,1,0,1,0,0,0,0,0,1,0,1,0,0,0,0,0,1,0,0,1,1,0
40743248,SM6,SM6,20,850,60242,1997,5,10,2,0,0,1,1,1,1,1,1,0,1,0,0,0,0,0,1,0,1,0,0,0,0,0,0,1,0,1,0,1
40747444,SM3,뉴SM3,18,290,98626,1598,5,13,9,0,0,1,1,0,0,1,0,0,0,0,0,0,0,0,1,0,1,0,0,0,0,1,0,0,0,1,0,1
40770997,SM3,SM3 네오,18,520,13389,1598,5,11,3,0,0,1,1,0,0,1,1,0,1,0,0,0,0,0,1,0,1,0,0,0,0,1,0,0,0,1,0,1
40771708,XM3,XM3,23,1199,39752,1332,5,6,11,0,1,1,1,1,1,1,1,0,1,0,0,0,0,0,1,0,1,0,0,0,0,0,0,1,0,1,1,0
40782079,SM3,SM3 네오,18,380,113703,1598,5,11,2,0,0,1,1,0,0,1,1,0,1,0,0,0,0,0,1,0,1,0,0,0,0,0,0,1,0,1,0,1
40782966,SM5,SM5 노바,19,329,126680,1998,5,11,16,0,0,1,1,0,0,1,1,0,1,0,0,0,0,0,1,1,0,0,0,0,0,0,1,0,0,1,0,1
40789453,XM3,XM3,23,1380,23517,1598,5,6,0,0,1,1,1,0,1,1,1,0,1,0,0,0,0,0,1,0,1,0,0,0,0,0,0,1,0,1,1,0
40793069,SM3,SM3 네오,18,520,115480,1598,5,9,0,0,0,1,1,1,1,0,1,0,1,0,0,0,0,0,1,0,1,0,0,0,0,1,0,0,0,1,0,1
40799408,QM6,더 뉴 QM6,17,1580,96206,1998,5,6,2,0,1,1,1,1,1,1,1,1,1,0,0,0,0,0,1,1,0,0,0,0,0,1,0,0,0,1,1,0
40803648,SM6,SM6,20,777,143517,1461,5,10,16,0,0,1,1,1,1,0,1,1,1,0,0,0,0,0,1,0,0,0,1,0,0,1,0,0,0,1,0,1
40811037,SM5,뉴SM5(신형),19,190,160123,1998,5,16,7,1,0,1,1,1,1,1,1,0,1,0,0,0,0,0,1,0,1,0,0,0,0,1,0,0,0,1,0,1
40814583,SM5,SM5,19,180,149815,1995,5,28,3,0,0,1,1,1,0,1,0,0,1,0,0,0,0,0,1,0,1,0,0,0,0,1,0,0,0,1,0,1
40816831,SM3,뉴SM3,18,299,127688,1598,5,13,3,1,0,1,1,1,1,1,1,0,1,0,0,0,0,0,1,0,1,0,0,0,0,1,0,0,0,1,0,1
40817392,SM6,SM6,20,690,139450,1998,5,10,8,0,0,1,1,1,1,1,1,1,1,0,0,0,0,0,1,1,0,0,0,0,0,0,0,1,0,1,0,1
40817555,QM6,더 뉴 QM6,17,1460,63672,1997,5,4,18,0,1,1,1,1,1,1,1,0,1,0,0,0,0,0,1,0,1,0,0,0,0,1,0,0,0,1,1,0
40823157,QM6,QM6,17,1377,69261,1997,5,8,0,0,0,1,1,1,1,0,1,1,1,0,0,0,0,0,1,0,1,0,0,0,0,1,0,0,0,1,1,0
40835758,SM3,SM3 네오,18,330,104764,1598,5,12,14,0,0,1,1,1,1,1,1,0,0,0,0,0,0,0,1,0,1,0,0,0,0,0,0,1,0,1,0,1
40838690,SM5,SM5 노바,19,360,128868,1998,5,11,22,1,0,1,1,1,1,1,1,0,1,0,0,0,0,0,1,0,1,0,0,0,0,0,1,0,0,1,0,1
40838747,SM5,SM5 노바,19,590,65718,1998,5,8,14,0,0,1,1,1,1,0,1,1,1,0,0,0,0,0,1,0,1,0,0,0,0,1,0,0,0,1,0,1
40839413,QM6,QM6,17,1250,81930,1997,5,7,16,0,1,1,1,1,1,1,1,1,1,0,0,0,0,0,1,0,1,0,0,0,0,0,0,1,0,1,1,0
40844975,SM3,SM3 Z.E.,18,520,40082,74,5,11,1,0,0,1,1,1,1,0,1,0,1,0,0,0,0,0,1,0,0,0,0,1,0,1,0,0,0,1,0,1
40845750,SM6,SM6,20,790,91132,1997,5,10,19,0,0,1,1,1,1,0,1,0,1,0,0,0,0,0,1,0,1,0,0,0,0,1,0,0,0,1,0,1
40856637,SM6,SM6,20,550,96998,1998,5,10,12,1,0,1,1,1,1,1,1,0,1,0,0,0,0,0,1,1,0,0,0,0,0,1,0,0,0,1,0,1
40862380,SM5,SM5 노바,19,549,125063,1998,5,8,5,0,0,1,1,1,1,1,1,1,1,0,0,0,0,0,1,0,1,0,0,0,0,1,0,0,0,1,0,1
40865718,SM5,SM5 노바,19,690,81453,1998,5,11,5,0,0,1,1,1,1,1,1,0,1,0,0,0,0,0,1,1,0,0,0,0,0,0,0,1,0,1,0,1
40867680,SM3,뉴SM3,18,210,137487,1598,5,13,14,0,0,1,1,1,0,1,1,0,0,0,0,0,0,0,1,0,1,0,0,0,0,0,0,1,0,1,0,1
40868004,XM3,XM3,23,1670,19615,1332,5,6,1,0,1,1,1,1,1,1,1,1,1,0,0,0,0,0,1,0,1,0,0,0,0,0,0,1,0,1,1,0
40870499,SM5,SM5 노바,19,439,145597,1998,5,10,3,0,1,1,1,1,1,0,1,0,1,0,0,0,0,0,1,0,1,0,0,0,0,0,0,1,0,1,0,1
40877713,XM3,XM3,23,1390,73429,1332,5,6,1,0,1,1,1,1,1,1,1,1,1,0,0,0,0,0,1,0,1,0,0,0,0,0,0,0,1,1,1,0
40883591,SM6,SM6,20,1110,63318,1997,5,9,0,0,1,1,1,1,1,1,1,1,1,0,0,0,0,0,1,0,1,0,0,0,0,0,0,1,0,1,0,1
40884897,SM7,SM7 노바,21,630,120129,1998,5,10,0,1,1,1,1,1,1,1,1,1,1,0,0,0,0,0,1,1,0,0,0,0,0,0,0,1,0,1,0,1
40885406,SM6,SM6,20,650,121258,1997,5,10,9,1,0,1,1,1,1,1,1,1,1,0,0,0,0,0,1,0,1,0,0,0,0,1,0,0,0,1,0,1
40887805,SM3,뉴SM3,18,169,130911,1598,5,17,9,0,0,0,1,0,0,1,0,0,1,0,0,0,0,0,1,0,1,0,0,0,0,1,0,0,0,1,0,1
40889559,SM6,더 뉴 SM6,20,1600,44968,1798,5,6,0,0,1,1,1,1,1,0,1,0,1,0,0,0,0,0,1,0,1,0,0,0,0,0,0,1,0,1,0,1
40892526,XM3,XM3,23,1399,82452,1332,5,6,2,0,1,1,1,1,1,1,1,1,1,0,0,0,0,0,1,0,1,0,0,0,0,0,1,0,0,1,1,0
40900114,QM6,QM6,17,1350,99901,1997,5,8,0,0,1,1,1,1,1,1,1,1,1,0,0,0,0,0,1,0,1,0,0,0,0,0,1,0,0,1,1,0
40906850,SM3,뉴SM3,18,220,118709,1598,5,13,10,0,0,1,0,1,0,0,1,0,1,0,0,0,0,0,1,0,1,0,0,0,0,1,0,0,0,1,0,1
40915965,SM5,뉴SM5 플래티넘,19,490,72684,1998,5,13,6,0,1,1,1,1,1,1,1,0,1,0,0,0,0,0,1,0,1,0,0,0,0,0,0,1,0,1,0,1
40918305,QM6,QM6,17,1030,88662,1995,5,9,2,1,0,1,1,1,1,1,1,0,1,0,0,0,0,0,1,0,0,0,1,0,0,1,0,0,0,1,1,0
40927055,SM5,SM5 노바,19,250,217070,1998,5,11,19,0,0,1,1,0,0,1,1,0,1,0,0,0,0,0,1,1,0,0,0,0,0,1,0,0,0,1,0,1
40931175,QM6,QM6,17,1200,78862,1997,5,9,5,1,1,1,1,1,1,1,1,0,1,0,0,0,0,0,1,0,1,0,0,0,0,0,0,1,0,1,1,0
40939394,SM6,SM6,20,1090,96595,1997,5,9,7,1,1,1,1,1,1,1,1,1,1,0,0,0,0,0,1,0,1,0,0,0,0,0,1,0,0,1,0,1
40947341,SM5,뉴SM5 플래티넘,19,270,184946,1998,5,12,7,0,0,1,1,1,1,1,1,0,1,0,0,0,0,0,1,0,1,0,0,0,0,0,0,1,0,1,0,1
40950810,조에,조에,83,1450,62526,156,5,5,0,0,1,1,1,1,1,1,1,0,1,0,0,0,0,0,1,0,0,0,0,1,0,1,0,0,0,1,0,1
40951481,SM7,All New SM7,21,350,165757,2495,5,15,7,0,1,1,1,1,1,1,1,0,1,0,0,0,0,0,1,0,1,0,0,0,0,1,0,0,0,1,0,1
40951526,SM5,SM5 노바,19,579,135482,1998,5,10,8,1,1,1,1,1,1,1,1,0,1,0,0,0,0,0,1,0,1,0,0,0,0,0,1,0,0,1,0,1
40962627,SM5,SM5 노바,19,399,81805,1998,5,11,2,0,0,1,0,1,1,0,1,0,1,0,0,0,0,0,1,0,1,0,0,0,0,0,0,0,1,1,0,1
40963457,SM3,SM3 네오,18,450,102267,1598,5,9,4,0,0,1,1,0,0,1,1,0,1,0,0,0,0,0,1,0,1,0,0,0,0,0,0,1,0,1,0,1
40965401,XM3,XM3,23,1310,64527,1598,5,5,2,0,1,1,1,0,1,1,1,0,1,0,0,0,0,0,1,0,1,0,0,0,0,1,0,0,0,1,1,0
40971084,QM6,더 뉴 QM6,17,1590,69184,1997,5,7,2,0,0,0,0,0,0,0,0,0,0,0,0,0,0,0,1,0,1,0,0,0,0,1,0,0,0,1,1,0
40974813,QM5,QM5 네오,16,499,106109,1995,5,11,4,0,0,1,1,1,1,1,1,0,1,0,0,0,0,0,1,0,0,0,1,0,0,0,0,1,0,1,1,0
40976165,SM3,뉴SM3,18,370,102672,1598,5,13,12,0,0,1,1,1,1,1,1,0,1,0,0,0,0,0,1,0,1,0,0,0,0,0,0,1,0,1,0,1
40977048,SM7,SM7 노바,21,430,167307,2495,5,11,12,0,1,1,1,1,1,1,1,1,1,0,0,0,0,0,1,0,1,0,0,0,0,0,1,0,0,1,0,1
40977085,SM5,SM5 노바,19,640,153205,1998,5,8,0,0,0,1,1,1,1,1,1,1,1,0,0,0,0,0,1,0,1,0,0,0,0,0,1,0,0,1,0,1
40977967,SM7,SM7 노바,21,630,159297,1998,5,9,7,0,1,1,1,1,1,1,1,1,1,0,0,0,0,0,1,1,0,0,0,0,0,0,0,1,0,1,0,1
40978655,QM6,더 뉴 QM6,17,1500,51437,1997,5,7,2,0,1,1,1,1,1,1,1,1,1,0,0,0,0,0,1,0,1,0,0,0,0,0,0,1,0,1,1,0
40979419,SM3,뉴SM3,18,240,192757,1598,5,14,1,0,0,1,1,1,1,1,1,0,1,0,0,0,0,0,1,0,1,0,0,0,0,0,0,1,0,1,0,1
40980211,SM5,뉴SM5(신형),19,290,91242,1998,5,16,5,1,0,1,1,1,1,1,1,0,1,0,0,0,0,0,1,0,1,0,0,0,0,0,1,0,0,1,0,1
40981228,QM3,뉴QM3,15,1089,19122,1461,5,7,2,0,1,1,1,1,1,1,1,0,1,0,0,0,0,0,1,0,0,0,1,0,0,0,0,0,1,1,1,0
40984429,QM6,더 뉴 QM6,17,1370,112707,1998,5,6,1,0,0,1,1,1,1,0,1,1,1,0,0,0,0,0,1,1,0,0,0,0,0,1,0,0,0,1,1,0
40985517,SM6,SM6,20,500,126692,1997,5,10,5,0,0,1,1,1,1,1,1,1,1,0,0,0,0,0,1,0,1,0,0,0,0,0,0,0,1,1,0,1
40987273,QM6,QM6,17,1049,114314,1997,5,8,4,1,0,1,1,1,1,1,1,0,1,0,0,0,0,0,1,0,1,0,0,0,0,0,1,0,0,1,1,0
40988526,QM5,QM5 네오,16,450,160993,1998,5,12,5,0,1,1,1,1,1,1,1,0,1,0,0,0,0,0,1,0,1,0,0,0,0,0,0,1,0,1,1,0
40988690,SM6,SM6,20,1200,32271,1997,5,10,0,0,1,1,1,1,1,1,1,0,1,0,0,0,0,0,1,0,1,0,0,0,0,0,0,1,0,1,0,1
40990943,SM5,뉴SM5(신형),19,250,139262,1998,5,15,3,1,1,1,1,1,1,1,1,0,1,0,0,0,0,0,1,0,1,0,0,0,0,1,0,0,0,1,0,1
40995915,XM3,XM3,23,1199,84639,1598,5,4,14,0,1,1,1,1,1,1,1,0,1,0,0,0,0,0,1,0,1,0,0,0,0,1,0,0,0,1,1,0
40996097,SM7,SM7 노바,21,695,111043,1998,5,10,2,0,1,1,1,1,1,1,1,0,1,0,0,0,0,0,1,1,0,0,0,0,0,0,1,0,0,1,0,1
40996424,SM6,SM6,20,630,136726,1618,5,10,2,0,0,1,1,1,1,1,1,0,1,0,0,0,0,0,1,0,1,0,0,0,0,1,0,0,0,1,0,1
40996900,SM6,SM6,20,880,65579,1997,5,9,11,0,1,1,1,1,1,1,1,1,1,0,0,0,0,0,1,0,1,0,0,0,0,1,0,0,0,1,0,1
40998763,SM6,SM6,20,420,183499,1998,5,9,12,0,0,1,1,1,0,0,1,0,1,0,0,0,0,0,1,1,0,0,0,0,0,0,1,0,0,1,0,1
40999494,SM3,뉴SM3,18,290,111877,1598,5,16,7,1,0,1,1,1,1,0,1,0,1,0,0,0,0,0,1,0,1,0,0,0,0,1,0,0,0,1,0,1
41005622,SM5,뉴SM5(신형),19,180,162732,1998,5,16,17,0,0,1,1,1,1,0,1,0,1,0,0,0,0,0,1,0,1,0,0,0,0,1,0,0,0,1,0,1
41006132,SM6,SM6,20,419,179796,1998,5,10,16,0,0,1,1,1,1,1,1,0,1,0,0,0,0,0,1,1,0,0,0,0,0,1,0,0,0,1,0,1
41010863,SM6,SM6,20,980,60266,1997,5,10,5,1,0,1,1,1,1,1,1,0,1,0,0,0,0,0,1,0,1,0,0,0,0,1,0,0,0,1,0,1
41015134,QM6,더 뉴 QM6,17,1599,104342,1998,5,5,5,0,0,1,1,1,1,1,1,1,1,0,0,0,0,0,1,1,0,0,0,0,0,1,0,0,0,1,1,0
41016262,SM5,뉴SM5 플래티넘,19,370,54488,1998,5,13,22,0,0,1,1,1,1,1,1,0,1,0,0,0,0,0,1,0,1,0,0,0,0,0,0,1,0,1,0,1
41016894,SM6,SM6,20,950,70684,1997,5,10,2,0,0,1,1,1,1,1,1,0,1,0,0,0,0,0,1,0,1,0,0,0,0,1,0,0,0,1,0,1
41017594,QM3,QM3,15,999,80621,1461,5,9,2,0,0,0,0,0,0,0,0,0,0,0,0,0,0,0,1,0,0,0,1,0,0,1,0,0,0,1,1,0
41019526,SM5,뉴SM5(신형),19,290,105174,1998,5,16,9,0,0,1,1,1,1,1,1,0,1,0,0,0,0,0,1,1,0,0,0,0,0,0,0,1,0,1,0,1
41022582,SM3,SM3 Z.E.,18,530,58404,74,5,11,14,0,0,1,1,1,1,0,1,0,1,0,0,0,0,0,1,0,0,0,0,1,0,0,0,1,0,1,0,1
41025949,SM6,SM6,20,735,96666,1997,5,10,8,1,1,1,1,1,1,0,1,0,1,0,0,0,0,0,1,0,1,0,0,0,0,0,1,0,0,1,0,1
41025979,QM5,QM5 네오,16,399,169529,1995,5,12,1,0,0,1,1,1,1,1,1,0,1,0,0,0,0,0,1,0,0,0,1,0,0,1,0,0,0,1,1,0
41027765,XM3,XM3,23,1290,103095,1598,5,4,0,0,1,1,1,1,1,1,1,0,1,0,0,0,0,0,1,0,1,0,0,0,0,1,0,0,0,1,1,0
41033815,SM7,SM7 노바,21,579,120818,1998,5,10,4,0,0,1,1,1,1,1,1,0,1,0,0,0,0,0,1,1,0,0,0,0,0,0,0,1,0,1,0,1
41036229,QM6,QM6,17,1230,83740,1995,5,10,0,0,1,1,1,1,1,1,1,1,1,0,0,0,0,0,1,0,0,0,1,0,0,0,0,1,0,1,1,0
41038332,SM7,SM7 New Art,21,340,98160,2349,5,15,1,1,0,1,1,1,1,1,1,0,1,0,0,0,0,0,1,0,1,0,0,0,0,0,1,0,0,1,0,1
41038775,SM6,SM6,20,580,225321,1997,5,9,9,0,1,1,1,1,1,1,1,0,1,0,0,0,0,0,1,1,0,0,0,0,0,0,1,0,0,1,0,1
41042492,SM6,SM6,20,390,176794,1998,5,10,6,0,0,0,1,1,0,0,1,0,1,0,0,0,0,0,1,1,0,0,0,0,0,0,0,1,0,1,0,1
41042760,SM3,SM3 네오,18,730,65334,1598,5,7,1,0,0,1,1,0,1,0,1,0,1,0,0,0,0,0,1,0,1,0,0,0,0,1,0,0,0,1,0,1
41046058,SM3,뉴SM3,18,250,133576,1598,5,15,5,0,0,1,0,1,0,0,1,0,0,0,0,0,0,0,1,0,1,0,0,0,0,1,0,0,0,1,0,1
41047043,XM3,XM3,23,1430,71165,1332,5,6,3,0,1,1,1,1,1,1,1,0,1,0,0,0,0,0,1,0,1,0,0,0,0,1,0,0,0,1,1,0
41049032,SM7,All New SM7,21,320,186584,2495,5,12,5,1,0,1,1,1,1,1,1,0,1,0,0,0,0,0,1,0,1,0,0,0,0,0,1,0,0,1,0,1
41050122,SM6,SM6,20,560,144876,1998,5,10,11,1,0,1,1,1,1,1,1,0,1,0,0,0,0,0,1,1,0,0,0,0,0,1,0,0,0,1,0,1
41052771,SM3,SM3 Z.E.,18,490,45454,74,5,11,0,0,0,1,1,1,1,0,1,0,1,0,0,0,0,0,1,0,0,0,0,1,0,0,0,1,0,1,0,1
41052781,QM6,더 뉴 QM6,17,1569,32833,1998,5,6,2,0,0,0,0,0,0,0,0,0,0,0,0,0,0,0,1,1,0,0,0,0,0,1,0,0,0,1,1,0
41057562,QM6,더 뉴 QM6,17,1530,119433,1998,5,5,0,0,1,1,1,1,1,1,1,1,1,0,0,0,0,0,1,1,0,0,0,0,0,0,0,1,0,1,1,0
41059862,SM5,SM5 노바,19,579,130970,1998,5,8,5,0,0,1,1,1,1,1,1,1,1,0,0,0,0,0,1,0,1,0,0,0,0,1,0,0,0,1,0,1
41061538,SM5,뉴SM5 플래티넘,19,170,245257,1998,5,13,6,0,0,1,0,1,0,0,1,0,1,0,0,0,0,0,1,1,0,0,0,0,0,1,0,0,0,1,0,1
41061839,SM6,SM6,20,699,102477,1997,5,10,8,0,1,1,1,1,1,0,1,0,1,0,0,0,0,0,1,0,1,0,0,0,0,1,0,0,0,1,0,1
41062547,SM6,SM6,20,850,34324,1997,5,9,8,0,0,1,1,1,1,1,1,0,1,0,0,0,0,0,1,0,1,0,0,0,0,0,0,1,0,1,0,1
41064339,SM6,SM6,20,800,97124,1998,5,9,17,0,0,1,1,1,1,1,1,0,1,0,0,0,0,0,1,1,0,0,0,0,0,0,0,1,0,1,0,1
41064711,SM5,SM5 뉴 임프레션,19,230,156839,1998,5,18,12,0,0,1,1,1,1,1,1,0,1,0,0,0,0,0,1,0,1,0,0,0,0,0,1,0,0,1,0,1
41064789,SM6,SM6,20,729,78131,1997,5,10,8,0,0,1,1,1,1,1,1,0,1,0,0,0,0,0,1,0,1,0,0,0,0,0,1,0,0,1,0,1
41068593,QM6,QM6,17,1100,104373,1995,5,9,7,0,1,1,1,1,1,1,1,1,1,0,0,0,0,0,1,0,0,0,1,0,0,1,0,0,0,1,1,0
41074287,SM5,SM5 노바,19,559,64993,1998,5,11,15,0,1,1,1,1,1,1,1,0,1,0,0,0,0,0,1,0,1,0,0,0,0,0,1,0,0,1,0,1
41074461,XM3,XM3,23,1600,44361,1332,5,6,2,0,1,1,1,1,1,1,1,0,1,0,0,0,0,0,1,0,1,0,0,0,0,1,0,0,0,1,1,0
41077794,SM5,뉴SM5(신형),19,150,190419,1998,5,16,12,0,0,1,0,1,1,0,1,0,1,0,0,0,0,0,1,0,1,0,0,0,0,0,1,0,0,1,0,1
41078491,SM5,뉴SM5(신형),19,250,127703,1998,5,14,2,0,1,1,1,1,1,0,1,0,1,0,0,0,0,0,1,0,1,0,0,0,0,1,0,0,0,1,0,1
41082298,SM3,뉴SM3,18,170,226413,1598,5,17,30,0,0,0,0,0,0,0,0,0,0,0,0,0,0,0,1,0,1,0,0,0,0,1,0,0,0,1,0,1
41083829,캡처,캡처,89,1350,116008,1332,5,6,4,0,1,1,1,1,1,1,1,0,1,0,0,0,0,0,1,0,1,0,0,0,0,1,0,0,0,1,1,0
41083983,SM3,SM3 네오,18,520,87474,1598,5,11,7,1,0,1,1,1,1,1,1,0,1,0,0,0,0,0,1,0,1,0,0,0,0,1,0,0,0,1,0,1
41084182,SM6,더 뉴 SM6,20,1480,52392,1332,5,5,2,0,1,1,1,1,1,1,1,0,1,0,0,0,0,0,1,0,1,0,0,0,0,0,1,0,0,1,0,1
41084418,XM3,XM3,23,1299,88690,1598,5,4,14,0,1,1,1,1,1,1,1,0,1,0,0,0,0,0,1,0,1,0,0,0,0,1,0,0,0,1,1,0
41084974,QM6,더 뉴 QM6,17,1690,81940,1997,5,5,0,0,1,1,1,1,1,1,1,0,1,0,0,0,0,0,1,0,1,0,0,0,0,0,0,1,0,1,1,0
41088588,QM6,QM6,17,1410,76060,1997,5,8,2,1,1,1,1,1,1,1,1,1,1,0,0,0,0,0,1,0,1,0,0,0,0,0,0,1,0,1,1,0
41094004,SM5,뉴SM5 플래티넘,19,360,119176,1998,5,12,0,0,0,1,1,1,1,0,1,0,1,0,0,0,0,0,1,0,1,0,0,0,0,0,0,1,0,1,0,1
41095552,QM6,더 뉴 QM6,17,1530,123324,1998,5,5,0,0,1,1,1,1,1,1,1,1,1,0,0,0,0,0,1,1,0,0,0,0,0,0,0,1,0,1,1,0
41095785,QM6,QM6,17,920,142359,1995,5,10,13,1,1,1,1,1,1,1,1,1,1,0,0,0,0,0,1,0,0,0,1,0,0,1,0,0,0,1,1,0
41096039,QM6,QM6,17,1550,64159,1997,5,7,4,0,1,1,1,1,1,1,1,1,1,0,0,0,0,0,1,0,1,0,0,0,0,0,0,1,0,1,1,0
41096764,SM6,SM6,20,570,188721,1998,5,10,15,0,1,1,1,1,1,1,1,0,1,0,0,0,0,0,1,1,0,0,0,0,0,0,1,0,0,1,0,1
41100748,XM3,XM3,23,1150,52352,1598,5,6,0,0,1,1,1,1,1,0,1,0,1,0,0,0,0,0,1,0,1,0,0,0,0,0,0,1,0,1,1,0
41104892,SM3,SM3 네오,18,320,96314,1598,5,12,4,0,0,1,1,0,0,1,1,0,0,0,0,0,0,0,1,0,1,0,0,0,0,0,1,0,0,1,0,1
41105838,QM3,QM3,15,380,192083,1461,5,11,7,0,0,1,1,1,1,1,1,0,0,0,0,0,0,0,1,0,0,0,1,0,0,0,0,1,0,1,1,0
41108176,SM6,SM6,20,749,123310,1997,5,10,7,1,1,1,1,1,1,1,1,1,1,0,0,0,0,0,1,0,1,0,0,0,0,0,1,0,0,1,0,1
41108475,QM5,뉴QM5,16,329,155258,1995,5,13,4,0,0,1,0,1,1,0,1,0,1,0,0,0,0,0,1,0,0,0,1,0,0,0,0,1,0,1,1,0
41109858,SM7,SM7 노바,21,219,306204,1998,5,10,15,0,0,1,1,1,1,1,1,0,1,0,0,0,0,0,1,1,0,0,0,0,0,0,0,1,0,1,0,1
41110153,SM6,SM6,20,1150,124671,1618,5,8,0,1,1,1,1,1,1,1,1,1,1,0,0,0,0,0,1,0,1,0,0,0,0,0,1,0,0,1,0,1
41111635,QM6,QM6,17,770,193422,1995,5,9,10,0,1,1,1,1,1,1,1,1,1,0,0,0,0,0,1,0,0,0,1,0,0,0,1,0,0,1,1,0
41112632,QM3,QM3,15,450,151274,1461,5,11,2,0,0,0,0,0,0,0,0,0,0,0,0,0,0,0,1,0,0,0,1,0,0,1,0,0,0,1,1,0
41113568,SM7,SM7 노바,21,690,118209,1998,5,9,4,0,0,1,1,1,1,1,1,1,1,0,0,0,0,0,1,1,0,0,0,0,0,0,1,0,0,1,0,1
41114018,SM6,SM6,20,800,122041,1998,5,8,8,0,0,1,1,1,1,1,1,0,1,0,0,0,0,0,1,1,0,0,0,0,0,0,0,1,0,1,0,1
41119251,SM6,더 뉴 SM6,20,1340,89530,1998,5,4,0,0,1,1,1,1,1,1,1,1,1,0,0,0,0,0,1,1,0,0,0,0,0,0,0,1,0,1,0,1
41121356,SM6,SM6,20,640,254863,1998,5,9,0,0,1,1,1,1,1,1,1,1,1,0,0,0,0,0,1,1,0,0,0,0,0,0,0,0,1,1,0,1
41122559,SM3,뉴SM3,18,290,128230,1598,5,14,0,0,0,1,1,1,1,1,1,0,1,0,0,0,0,0,1,0,1,0,0,0,0,1,0,0,0,1,0,1
41123991,QM3,QM3,15,490,112441,1461,5,12,0,0,0,1,1,1,1,1,1,0,1,0,0,0,0,0,1,0,0,0,1,0,0,0,0,1,0,1,1,0
41126175,SM7,All New SM7,21,350,184211,2495,5,15,5,1,0,1,1,1,1,1,1,0,1,0,0,0,0,0,1,0,1,0,0,0,0,1,0,0,0,1,0,1
41127528,SM6,SM6,20,930,93707,1998,5,7,1,0,0,1,1,1,1,1,1,0,1,0,0,0,0,0,1,1,0,0,0,0,0,1,0,0,0,1,0,1
41130015,XM3,XM3,23,1320,96283,1598,5,4,5,0,1,1,1,1,1,1,1,0,1,0,0,0,0,0,1,0,1,0,0,0,0,1,0,0,0,1,1,0
41134658,QM3,QM3,15,470,159766,1461,5,11,5,0,0,1,1,1,1,0,1,0,1,0,0,0,0,0,1,0,0,0,1,0,0,1,0,0,0,1,1,0
41135333,QM6,더 뉴 QM6,17,1220,76258,1998,5,6,5,0,0,1,1,1,0,1,1,0,1,0,0,0,0,0,1,1,0,0,0,0,0,0,1,0,0,1,1,0
41138209,QM6,더 뉴 QM6,17,1480,59984,1998,5,7,1,0,0,1,1,1,1,1,1,0,1,0,0,0,0,0,1,1,0,0,0,0,0,1,0,0,0,1,1,0
41138548,SM5,뉴SM5 플래티넘,19,350,158035,1998,5,13,9,0,1,1,1,1,1,1,1,0,1,0,0,0,0,0,1,1,0,0,0,0,0,1,0,0,0,1,0,1
41140581,SM7,SM7 노바,21,320,269370,2495,5,10,8,0,1,1,1,1,1,1,1,1,1,0,0,0,0,0,1,0,1,0,0,0,0,0,0,1,0,1,0,1
41140741,SM7,SM7 노바,21,690,91487,1998,5,10,4,0,0,1,1,1,1,1,1,1,1,0,0,0,0,0,1,1,0,0,0,0,0,0,0,1,0,1,0,1
41142166,SM3,SM3 네오,18,300,107818,1598,5,12,2,0,0,0,0,0,0,0,0,0,0,0,0,0,0,0,1,0,1,0,0,0,0,1,0,0,0,1,0,1
41142337,SM5,SM5 뉴 임프레션,19,239,78651,1998,5,18,12,0,1,1,1,1,1,1,1,0,1,0,0,0,0,0,1,0,1,0,0,0,0,0,0,1,0,1,0,1
41142352,SM7,SM7 노바,21,669,66218,1998,5,9,2,0,0,1,1,1,1,1,1,0,1,0,0,0,0,0,1,1,0,0,0,0,0,0,1,0,0,1,0,1
41143110,SM6,SM6,20,599,180517,1998,5,10,6,1,1,1,1,1,1,1,1,0,1,0,0,0,0,0,1,1,0,0,0,0,0,0,0,1,0,1,0,1
41143913,SM6,더 뉴 SM6,20,1390,56211,1798,5,6,5,0,1,1,1,1,1,1,1,1,1,0,0,0,0,0,1,0,1,0,0,0,0,0,0,1,0,1,0,1
41145916,SM6,SM6,20,820,108409,1998,5,7,0,0,0,1,1,1,1,1,1,0,1,0,0,0,0,0,1,1,0,0,0,0,0,0,1,0,0,1,0,1
41151509,캡처,캡처,89,1460,43812,1332,5,6,1,0,1,1,1,1,1,1,1,0,1,0,0,0,0,0,1,0,1,0,0,0,0,1,0,0,0,1,1,0
41153784,QM5,뉴QM5,16,559,136914,1998,5,13,16,0,0,1,1,1,1,1,1,0,1,0,0,0,0,0,1,0,1,0,0,0,0,1,0,0,0,1,1,0
41153873,QM6,QM6,17,1310,66207,1995,5,9,4,1,1,1,1,1,1,1,1,1,1,0,0,0,0,0,1,0,0,0,1,0,0,0,0,1,0,1,1,0
41155144,XM3,XM3,23,1480,56170,1332,5,5,2,0,0,0,0,0,0,0,0,0,0,0,0,0,0,0,1,0,1,0,0,0,0,0,1,0,0,1,1,0
41156099,SM5,SM5 노바,19,550,116008,1998,5,10,2,0,1,1,1,1,1,0,1,0,1,0,0,0,0,0,1,0,1,0,0,0,0,1,0,0,0,1,0,1
41156722,QM3,QM3,15,580,133160,1461,5,11,2,0,0,1,1,1,1,1,1,0,1,0,0,0,0,0,1,0,0,0,1,0,0,1,0,0,0,1,1,0
41157181,SM3,SM3 네오,18,499,134058,1598,5,9,7,0,0,1,1,1,1,0,1,0,1,0,0,0,0,0,1,0,1,0,0,0,0,0,1,0,0,1,0,1
41159023,XM3,XM3,23,1320,44479,1598,5,6,1,0,1,1,1,1,1,0,1,0,1,0,0,0,0,0,1,0,1,0,0,0,0,1,0,0,0,1,1,0
41161188,QM6,QM6,17,1500,49547,1995,5,9,2,1,1,1,1,1,1,1,1,1,1,0,0,0,0,0,1,0,0,0,1,0,0,0,0,1,0,1,1,0
41161404,QM3,뉴QM3,15,820,136921,1461,5,7,1,1,1,1,1,1,1,1,1,0,1,0,0,0,0,0,1,0,0,0,1,0,0,0,0,0,1,1,1,0
41161825,QM6,더 뉴 QM6,17,1150,113337,1997,5,6,1,0,1,1,1,1,1,1,1,0,1,0,0,0,0,0,1,0,1,0,0,0,0,0,0,1,0,1,1,0
41165255,클리오,클리오,96,1019,59569,1461,5,7,2,1,1,1,1,1,1,1,1,0,1,0,0,0,0,0,1,0,0,0,1,0,0,0,0,1,0,1,0,1
41166368,SM7,SM7 New Art,21,290,101769,2349,5,17,20,0,1,1,1,1,0,1,1,0,1,0,0,0,0,0,1,0,1,0,0,0,0,1,0,0,0,1,0,1
41166610,SM5,SM5 뉴 임프레션,19,190,147760,1998,5,18,15,1,0,1,0,1,1,0,1,0,1,0,0,0,0,0,1,0,1,0,0,0,0,1,0,0,0,1,0,1
41167811,QM5,QM5 네오,16,299,195846,1995,5,12,8,0,0,1,1,1,1,1,1,0,1,0,0,0,0,0,1,0,0,0,1,0,0,0,0,0,1,1,1,0
41167944,QM3,QM3,15,740,82443,1461,5,10,6,0,0,1,1,1,1,0,1,0,0,0,0,0,0,0,1,0,0,0,1,0,0,0,0,1,0,1,1,0
41168234,SM5,SM5 노바,19,389,186572,1998,5,11,9,0,0,1,1,1,0,1,1,1,1,0,0,0,0,0,1,1,0,0,0,0,0,1,0,0,0,1,0,1
41168798,QM6,더 뉴 QM6,17,1629,41699,1998,5,6,4,0,0,1,1,1,1,1,1,1,1,0,0,0,0,0,1,1,0,0,0,0,0,1,0,0,0,1,1,0
41169186,SM5,뉴SM5 플래티넘,19,360,177462,1998,5,11,3,0,1,1,0,1,0,0,1,0,1,0,0,0,0,0,1,1,0,0,0,0,0,0,0,0,1,1,0,1
41170764,SM6,SM6,20,779,140586,1997,5,10,7,1,1,1,1,1,1,1,1,1,1,0,0,0,0,0,1,0,1,0,0,0,0,1,0,0,0,1,0,1
41171772,QM3,QM3,15,570,117500,1461,5,11,1,0,0,1,1,1,1,1,1,0,0,0,0,0,0,0,1,0,0,0,1,0,0,1,0,0,0,1,1,0
41174174,XM3,XM3,23,1320,51702,1598,5,5,0,0,1,1,1,0,1,1,1,0,1,0,0,0,0,0,1,0,1,0,0,0,0,1,0,0,0,1,1,0
41175427,QM3,QM3,15,470,91129,1461,5,11,12,0,0,1,1,1,1,1,1,0,1,0,0,0,0,0,1,0,0,0,1,0,0,0,0,0,1,1,1,0
41178296,SM6,SM6,20,999,109094,1998,5,9,3,0,0,1,1,1,1,1,1,0,1,0,0,0,0,0,1,1,0,0,0,0,0,0,0,1,0,1,0,1
41178822,SM7,SM7 노바,21,440,216023,1998,5,11,6,0,0,1,1,1,1,1,1,0,1,0,0,0,0,0,1,1,0,0,0,0,0,1,0,0,0,1,0,1
41179538,QM3,QM3,15,525,93601,1461,5,11,4,0,0,1,1,1,1,1,1,0,1,0,0,0,0,0,1,0,0,0,1,0,0,0,0,0,1,1,1,0
41180419,QM6,QM6,17,1270,78510,1997,5,7,3,1,0,1,1,1,1,1,1,0,1,0,0,0,0,0,1,0,1,0,0,0,0,0,0,1,0,1,1,0
41183308,QM3,QM3,15,640,90188,1461,5,11,2,0,0,1,1,1,1,0,1,0,0,0,0,0,0,0,1,0,0,0,1,0,0,1,0,0,0,1,1,0
41184418,SM5,뉴SM5 플래티넘,19,299,202113,1998,5,13,2,1,1,1,1,1,1,1,1,0,1,0,0,0,0,0,1,1,0,0,0,0,0,0,1,0,0,1,0,1
41184846,QM6,더 뉴 QM6,17,1650,62733,1998,5,7,5,0,1,1,1,1,1,1,1,1,1,0,0,0,0,0,1,1,0,0,0,0,0,0,1,0,0,1,1,0
41188372,SM5,SM5 노바,19,390,171051,1998,5,8,1,0,0,1,1,1,1,1,1,1,1,0,0,0,0,0,1,0,1,0,0,0,0,0,0,1,0,1,0,1
41192321,XM3,XM3,23,1350,85811,1598,5,4,4,0,1,1,1,1,1,1,1,0,1,0,0,0,0,0,1,0,1,0,0,0,0,1,0,0,0,1,1,0
41193149,QM6,QM6,17,990,148701,1995,5,9,2,1,1,1,1,1,1,1,1,1,1,0,0,0,0,0,1,0,0,0,1,0,0,1,0,0,0,1,1,0
41194281,SM3,뉴SM3,18,320,135548,1598,5,17,13,1,0,1,1,1,1,1,1,0,0,0,0,0,0,0,1,0,1,0,0,0,0,1,0,0,0,1,0,1
41195258,SM5,뉴SM5(신형),19,169,163840,1998,5,16,13,0,0,0,0,0,0,0,1,0,1,0,0,0,0,0,1,0,1,0,0,0,0,1,0,0,0,1,0,1
41196463,SM6,SM6,20,780,57650,1997,5,10,4,0,1,1,1,1,1,1,1,0,1,0,0,0,0,0,1,0,1,0,0,0,0,0,0,1,0,1,0,1
41199512,SM6,SM6,20,570,100425,1997,5,10,2,1,0,1,1,1,1,1,1,0,1,0,0,0,0,0,1,0,1,0,0,0,0,0,0,0,1,1,0,1
41200999,QM6,QM6,17,1290,69354,1997,5,7,1,0,0,1,1,1,1,1,1,0,1,0,0,0,0,0,1,0,1,0,0,0,0,0,0,1,0,1,1,0
41201684,SM5,SM5 뉴 임프레션,19,250,171070,1998,5,16,18,0,0,1,1,1,0,0,1,0,1,0,0,0,0,0,1,1,0,0,0,0,0,0,0,1,0,1,0,1
41202437,SM6,SM6,20,590,149083,1618,5,10,12,0,1,1,1,1,1,0,1,0,1,0,0,0,0,0,1,0,1,0,0,0,0,1,0,0,0,1,0,1
41208933,SM3,SM3 네오,18,899,18240,1598,5,10,2,0,0,0,0,0,0,0,0,0,0,0,0,0,0,0,1,0,1,0,0,0,0,1,0,0,0,1,0,1
41209072,SM7,SM7 노바,21,760,27138,1998,5,11,8,0,0,1,1,1,1,1,1,0,1,0,0,0,0,0,1,1,0,0,0,0,0,0,0,1,0,1,0,1
41209151,QM3,QM3,15,430,134653,1461,5,12,6,0,0,1,1,1,1,1,1,0,0,0,0,0,0,0,1,0,0,0,1,0,0,0,0,1,0,1,1,0
41210204,QM6,QM6,17,940,163662,1995,5,9,1,0,1,1,1,1,1,0,1,1,1,0,0,0,0,0,1,0,0,0,1,0,0,0,0,1,0,1,1,0
41215412,XM3,XM3,23,1320,76488,1598,5,5,1,0,1,1,1,1,1,0,1,0,1,0,0,0,0,0,1,0,1,0,0,0,0,1,0,0,0,1,1,0
41216505,SM6,SM6,20,580,118157,1618,5,9,14,0,0,1,1,1,1,1,1,0,1,0,0,0,0,0,1,0,1,0,0,0,0,1,0,0,0,1,0,1
41216840,SM5,SM5 노바,19,490,90749,1998,5,11,10,0,0,1,1,1,1,1,1,0,1,0,0,0,0,0,1,1,0,0,0,0,0,1,0,0,0,1,0,1
41217430,QM6,더 뉴 QM6,17,1670,79997,1998,5,5,0,1,1,1,1,1,1,1,1,0,1,0,0,0,0,0,1,1,0,0,0,0,0,1,0,0,0,1,1,0
41217818,SM5,뉴SM5(신형),19,229,109935,1998,5,16,13,1,0,0,1,1,0,1,1,0,1,0,0,0,0,0,1,0,1,0,0,0,0,0,0,1,0,1,0,1
41218323,QM6,더 뉴 QM6,17,1400,90518,1997,5,6,1,0,1,1,1,1,1,1,1,1,1,0,0,0,0,0,1,0,1,0,0,0,0,0,1,0,0,1,1,0
41218490,캡처,캡처,89,1170,124999,1332,5,6,12,0,1,1,1,1,1,1,1,0,1,0,0,0,0,0,1,0,1,0,0,0,0,0,0,1,0,1,1,0
41218795,SM6,SM6,20,870,68271,1998,5,7,3,0,0,1,1,1,0,1,1,0,0,0,0,0,0,0,1,0,1,0,0,0,0,0,1,0,0,1,0,1
41218824,SM6,SM6,20,688,145457,1997,5,9,8,1,0,1,1,1,1,1,1,0,1,0,0,0,0,0,1,0,1,0,0,0,0,1,0,0,0,1,0,1
41220162,SM6,SM6,20,470,138140,1997,5,10,2,0,0,1,1,1,1,1,1,1,1,0,0,0,0,0,1,0,1,0,0,0,0,1,0,0,0,1,0,1
41220746,SM6,SM6,20,820,78953,1998,5,10,4,0,0,1,1,1,1,1,1,0,1,0,0,0,0,0,1,1,0,0,0,0,0,0,0,1,0,1,0,1
41225049,QM6,더 뉴 QM6,17,1590,86945,1998,5,5,1,0,1,1,1,1,1,1,1,1,1,0,0,0,0,0,1,1,0,0,0,0,0,0,0,1,0,1,1,0
41228887,SM6,SM6,20,599,69209,1997,5,10,22,0,0,1,1,1,1,1,1,0,1,0,0,0,0,0,1,0,1,0,0,0,0,0,1,0,0,1,0,1
41229429,SM6,SM6,20,749,140987,1618,5,10,1,1,1,1,1,1,1,1,1,1,1,0,0,0,0,0,1,0,1,0,0,0,0,1,0,0,0,1,0,1
41232569,SM3,SM3 네오,18,380,152429,1598,5,10,2,0,1,1,1,0,0,1,1,0,0,0,0,0,0,0,1,0,1,0,0,0,0,0,0,1,0,1,0,1
41232934,SM6,SM6,20,949,79535,1998,5,8,2,1,1,1,1,1,1,0,1,1,1,0,0,0,0,0,1,1,0,0,0,0,0,0,0,0,1,1,0,1
41234809,QM5,뉴QM5,16,250,170502,1995,5,14,2,1,0,1,0,1,0,0,1,0,1,0,0,0,0,0,1,0,0,0,1,0,0,1,0,0,0,1,1,0
41235090,QM3,QM3,15,500,107183,1461,5,12,1,0,0,1,1,1,1,1,1,0,1,0,0,0,0,0,1,0,0,0,1,0,0,0,0,0,1,1,1,0
41236291,XM3,XM3,23,1280,99305,1332,5,6,3,0,1,1,1,1,1,1,1,0,1,0,0,0,0,0,1,0,1,0,0,0,0,1,0,0,0,1,1,0
41237053,QM6,QM6,17,1280,83179,1995,5,9,3,1,1,1,1,1,1,1,1,1,1,0,0,0,0,0,1,0,0,0,1,0,0,0,0,1,0,1,1,0
41241339,SM5,SM5 노바,19,630,72326,1998,5,9,6,0,0,1,1,0,1,1,1,0,1,0,0,0,0,0,1,0,1,0,0,0,0,1,0,0,0,1,0,1
41246184,QM6,더 뉴 QM6,17,1690,44476,1997,5,6,2,0,1,1,1,1,1,0,1,1,1,0,0,0,0,0,1,0,1,0,0,0,0,1,0,0,0,1,1,0
41246331,SM3,SM3 네오,18,550,116097,1598,5,11,2,0,0,0,0,0,0,0,0,0,0,0,0,0,0,0,1,0,1,0,0,0,0,1,0,0,0,1,0,1
41247418,XM3,XM3,23,1039,108626,1598,5,6,2,0,1,1,1,1,1,0,1,0,1,0,0,0,0,0,1,0,1,0,0,0,0,1,0,0,0,1,1,0
41248749,SM5,뉴SM5(신형),19,230,174338,1998,5,14,2,0,0,0,0,0,0,0,0,0,0,0,0,0,0,0,1,0,1,0,0,0,0,0,0,1,0,1,0,1
41248911,XM3,XM3,23,1050,125671,1598,5,6,4,0,1,1,1,1,1,1,1,0,1,0,0,0,0,0,1,0,1,0,0,0,0,1,0,0,0,1,1,0
41250402,캡처,캡처,89,1550,47411,1332,5,6,2,0,1,1,1,1,1,0,1,0,1,0,0,0,0,0,1,0,1,0,0,0,0,0,0,0,1,1,1,0
41253436,SM5,뉴SM5(신형),19,239,127914,1998,5,16,9,1,0,1,1,1,1,1,1,0,1,0,0,0,0,0,1,0,1,0,0,0,0,1,0,0,0,1,0,1
41253541,QM6,더 뉴 QM6,17,1590,67941,1998,5,7,7,0,1,1,1,1,1,1,1,1,1,0,0,0,0,0,1,1,0,0,0,0,0,1,0,0,0,1,1,0
41259364,SM7,SM7 노바,21,699,82278,1998,5,10,22,0,1,1,1,1,1,1,1,1,1,0,0,0,0,0,1,1,0,0,0,0,0,1,0,0,0,1,0,1
41259369,SM6,SM6,20,635,169170,1997,5,10,7,1,0,1,1,1,1,0,1,1,1,0,0,0,0,0,1,0,1,0,0,0,0,1,0,0,0,1,0,1
41259511,SM6,SM6,20,570,140855,1998,5,10,2,0,0,1,1,1,1,1,1,0,1,0,0,0,0,0,1,1,0,0,0,0,0,1,0,0,0,1,0,1
41265047,QM6,QM6,17,1100,102343,1995,5,10,1,0,1,1,1,1,1,1,1,1,1,0,0,0,0,0,1,0,0,0,1,0,0,0,1,0,0,1,1,0
41266266,SM5,뉴SM5 플래티넘,19,429,150057,1998,5,13,4,0,1,1,1,1,1,1,1,0,1,0,0,0,0,0,1,1,0,0,0,0,0,0,0,1,0,1,0,1
41266477,QM3,QM3,15,710,60659,1461,5,10,2,0,0,0,0,0,0,0,0,0,0,0,0,0,0,0,1,0,0,0,1,0,0,0,0,1,0,1,1,0
41267776,SM7,All New SM7,21,330,144385,3498,5,12,8,1,0,1,1,1,1,1,1,0,1,0,0,0,0,0,1,0,1,0,0,0,0,0,1,0,0,1,0,1
41267841,SM3,뉴SM3,18,240,130960,1598,5,16,2,0,0,1,0,0,0,1,0,0,1,0,0,0,0,0,1,0,1,0,0,0,0,1,0,0,0,1,0,1
41268979,QM6,QM6,17,870,159208,1995,5,9,10,1,0,1,1,1,1,0,1,1,1,0,0,0,0,0,1,0,0,0,1,0,0,1,0,0,0,1,1,0
41270475,QM6,더 뉴 QM6,17,1699,100808,1998,5,5,1,0,1,1,1,1,1,1,1,1,1,0,0,0,0,0,1,1,0,0,0,0,0,1,0,0,0,1,1,0
41271517,SM7,All New SM7,21,449,71393,3498,5,13,4,0,1,1,1,1,1,1,1,0,1,0,0,0,0,0,1,0,1,0,0,0,0,0,1,0,0,1,0,1
41275317,SM3,뉴SM3,18,220,152166,1598,5,12,5,0,0,1,0,1,1,1,1,0,0,0,0,0,0,0,1,0,1,0,0,0,0,1,0,0,0,1,0,1
41275530,SM3,뉴SM3,18,200,142652,1598,5,15,23,0,0,0,0,1,1,0,1,0,1,0,0,0,0,0,1,0,1,0,0,0,0,0,1,0,0,1,0,1
41275740,QM6,QM6,17,1390,77686,1995,5,8,1,0,1,1,1,1,1,1,1,1,1,0,0,0,0,0,1,0,0,0,1,0,0,0,0,1,0,1,1,0
41275924,QM6,QM6,17,1410,94014,1997,5,8,5,1,1,1,1,1,1,1,1,1,1,0,0,0,0,0,1,0,1,0,0,0,0,1,0,0,0,1,1,0
41277890,QM6,QM6,17,1450,75019,1997,5,7,3,0,1,1,1,1,1,1,1,1,1,0,0,0,0,0,1,0,1,0,0,0,0,1,0,0,0,1,1,0
41278039,QM6,QM6,17,899,162717,1995,5,7,2,0,0,1,1,1,1,1,1,1,1,0,0,0,0,0,1,0,0,0,1,0,0,0,1,0,0,1,1,0
41278085,SM5,뉴SM5(신형),19,320,78738,1998,5,16,7,0,0,1,1,1,1,1,1,0,1,0,0,0,0,0,1,0,1,0,0,0,0,1,0,0,0,1,0,1
41278128,SM3,뉴SM3,18,290,67835,1598,5,16,3,0,0,1,0,1,1,0,1,0,1,0,0,0,0,0,1,0,1,0,0,0,0,0,0,1,0,1,0,1
41279559,QM5,QM5 네오,16,300,171439,1995,5,12,4,0,1,1,1,1,1,1,1,0,1,0,0,0,0,0,1,0,0,0,1,0,0,0,0,1,0,1,1,0
41281093,SM3,SM3 네오,18,490,109030,1461,5,10,0,0,0,1,1,1,1,0,1,0,1,0,0,0,0,0,1,0,0,0,1,0,0,0,0,1,0,1,0,1
41282444,QM6,더 뉴 QM6,17,1220,153475,1998,5,7,1,0,1,1,1,1,1,1,1,1,1,0,0,0,0,0,1,1,0,0,0,0,0,0,0,1,0,1,1,0
41283015,SM6,SM6,20,440,210414,1997,5,10,12,0,0,1,1,1,1,1,1,1,1,0,0,0,0,0,1,0,1,0,0,0,0,0,1,0,0,1,0,1
41286186,SM6,SM6,20,1100,71750,1997,5,8,4,0,1,1,1,1,1,1,1,1,1,0,0,0,0,0,1,0,1,0,0,0,0,1,0,0,0,1,0,1
41287182,QM5,QM5 네오,16,440,155448,1998,5,10,0,0,0,1,1,1,1,1,1,0,1,0,0,0,0,0,1,0,1,0,0,0,0,0,0,1,0,1,1,0
41288534,SM6,SM6,20,795,97986,1997,5,7,9,1,1,1,1,1,1,1,1,1,1,0,0,0,0,0,1,0,1,0,0,0,0,1,0,0,0,1,0,1
41290337,SM5,뉴SM5(신형),19,200,142576,1998,5,16,3,0,0,1,1,1,1,1,1,0,1,0,0,0,0,0,1,0,1,0,0,0,0,0,1,0,0,1,0,1
41291269,SM6,SM6,20,1129,51060,1997,5,10,2,1,0,1,1,1,1,1,1,1,1,0,0,0,0,0,1,0,1,0,0,0,0,1,0,0,0,1,0,1
41291728,QM3,뉴QM3,15,990,67383,1461,5,7,1,0,1,1,1,1,1,0,1,0,1,0,0,0,0,0,1,0,0,0,1,0,0,1,0,0,0,1,1,0
41292527,SM3,SM3 네오,18,590,65633,1598,5,11,11,0,0,1,1,1,1,1,1,0,0,0,0,0,0,0,1,0,1,0,0,0,0,0,0,1,0,1,0,1
41293035,QM3,QM3,15,499,112732,1461,5,12,3,0,0,1,1,1,1,1,1,0,0,0,0,0,0,0,1,0,0,0,1,0,0,1,0,0,0,1,1,0
41296457,SM7,SM7 노바,21,570,85061,1998,5,11,9,0,1,1,1,1,1,1,1,0,1,0,0,0,0,0,1,1,0,0,0,0,0,0,0,1,0,1,0,1
41296841,SM5,뉴SM5 플래티넘,19,660,44456,1998,5,13,10,0,0,1,1,0,0,1,1,0,1,0,0,0,0,0,1,1,0,0,0,0,0,1,0,0,0,1,0,1
41302137,SM7,All New SM7,21,230,163726,2495,5,14,7,0,1,1,1,1,1,1,1,0,1,0,0,0,0,0,1,0,1,0,0,0,0,1,0,0,0,1,0,1
41302164,XM3,XM3,23,1550,20235,1598,5,5,1,0,1,1,0,0,1,0,1,0,1,0,0,0,0,0,1,0,1,0,0,0,0,1,0,0,0,1,1,0
41302885,SM5,SM5 뉴 임프레션,19,200,183689,1998,5,17,9,0,1,1,1,1,1,1,1,0,1,0,0,0,0,0,1,0,1,0,0,0,0,1,0,0,0,1,0,1
41303074,QM6,더 뉴 QM6,17,1690,39946,1998,5,6,3,0,1,1,1,1,1,1,1,0,1,0,0,0,0,0,1,1,0,0,0,0,0,1,0,0,0,1,1,0
41303300,SM6,SM6,20,820,101414,1997,5,10,6,0,1,1,1,1,1,1,1,1,1,0,0,0,0,0,1,0,1,0,0,0,0,1,0,0,0,1,0,1
41308176,QM6,QM6,17,1049,116424,1997,5,9,3,0,0,1,1,1,1,1,1,1,1,0,0,0,0,0,1,0,1,0,0,0,0,0,0,1,0,1,1,0
41309161,QM3,뉴QM3,15,1050,43877,1461,5,8,7,1,1,1,1,1,1,1,1,0,1,0,0,0,0,0,1,0,0,0,1,0,0,1,0,0,0,1,1,0
41310117,SM3,SM3 네오,18,440,95014,1598,5,8,20,0,0,1,0,1,1,0,1,0,1,0,0,0,0,0,1,0,1,0,0,0,0,1,0,0,0,1,0,1
41310227,SM3,SM3 네오,18,800,59682,1598,5,8,3,0,0,1,1,0,1,1,1,0,1,0,0,0,0,0,1,0,1,0,0,0,0,0,0,1,0,1,0,1
41310334,QM6,더 뉴 QM6,17,1650,41824,1997,5,4,6,0,1,1,1,1,1,1,1,0,1,0,0,0,0,0,1,0,1,0,0,0,0,1,0,0,0,1,1,0
41312125,QM6,QM6,17,1059,120066,1995,5,8,8,1,1,1,1,1,1,1,1,1,1,0,0,0,0,0,1,0,0,0,1,0,0,0,0,0,1,1,1,0
41312772,SM6,더 뉴 SM6,20,1190,104270,1332,5,6,2,0,1,1,0,1,0,0,1,0,1,0,0,0,0,0,1,0,1,0,0,0,0,0,1,0,0,1,0,1
41313372,SM3,뉴SM3,18,320,79717,1598,5,13,2,0,0,0,0,0,0,0,0,0,0,0,0,0,0,0,1,0,1,0,0,0,0,1,0,0,0,1,0,1
41315202,QM6,QM6,17,1149,120300,1997,5,8,0,0,1,1,1,1,1,1,1,1,1,0,0,0,0,0,1,0,1,0,0,0,0,1,0,0,0,1,1,0
41316802,SM5,뉴SM5 플래티넘,19,190,228641,1998,5,13,2,1,1,1,1,1,1,0,1,0,1,0,0,0,0,0,1,0,1,0,0,0,0,1,0,0,0,1,0,1
41318600,QM6,더 뉴 QM6,17,1590,46961,1998,5,5,5,0,1,1,1,1,1,1,1,0,1,0,0,0,0,0,1,1,0,0,0,0,0,0,0,1,0,1,1,0
41319609,SM5,SM5 노바,19,350,126239,1461,5,11,2,0,1,1,1,1,1,0,1,0,1,0,0,0,0,0,1,0,0,0,1,0,0,0,0,0,1,1,0,1
41321671,SM5,뉴SM5 플래티넘,19,270,135240,1998,5,13,18,0,0,0,1,0,0,1,1,0,1,0,0,0,0,0,1,0,1,0,0,0,0,1,0,0,0,1,0,1
41322622,SM3,뉴SM3,18,230,155073,1598,5,14,0,1,0,1,0,1,1,0,1,0,1,0,0,0,0,0,1,0,1,0,0,0,0,1,0,0,0,1,0,1
41324515,QM6,더 뉴 QM6,17,1210,148605,1998,5,7,1,0,0,1,1,1,1,1,1,0,1,0,0,0,0,0,1,1,0,0,0,0,0,0,1,0,0,1,1,0
41326037,SM6,SM6,20,908,99825,1618,5,10,6,1,1,1,1,1,1,1,1,1,1,0,0,0,0,0,1,0,1,0,0,0,0,1,0,0,0,1,0,1
41326371,QM6,QM6,17,1330,88799,1997,5,8,5,0,1,1,1,1,1,1,1,1,1,0,0,0,0,0,1,0,1,0,0,0,0,0,1,0,0,1,1,0
41330273,QM3,뉴QM3,15,900,104288,1461,5,7,1,1,1,1,1,1,1,1,1,0,1,0,0,0,0,0,1,0,0,0,1,0,0,1,0,0,0,1,1,0
41330538,QM6,QM6,17,1140,109586,1997,5,9,4,1,1,1,1,1,1,1,1,1,1,0,0,0,0,0,1,0,1,0,0,0,0,0,0,0,1,1,1,0
41330816,SM7,SM7 노바,21,460,113188,2495,5,11,9,1,0,1,1,1,1,0,1,1,1,0,0,0,0,0,1,0,1,0,0,0,0,1,0,0,0,1,0,1
41331526,SM3,뉴SM3,18,270,184802,1598,5,15,23,0,0,1,0,1,1,0,1,0,1,0,0,0,0,0,1,0,1,0,0,0,0,0,0,1,0,1,0,1
41337242,SM5,뉴SM5(신형),19,170,176328,1998,5,15,8,0,0,1,0,1,1,0,1,0,1,0,0,0,0,0,1,0,1,0,0,0,0,0,0,1,0,1,0,1
41338680,SM6,SM6,20,400,286585,1998,5,8,2,0,0,1,1,1,0,1,1,0,1,0,0,0,0,0,1,1,0,0,0,0,0,0,0,1,0,1,0,1
41339780,SM3,뉴SM3,18,270,48887,1598,5,15,11,0,0,1,1,0,0,1,0,0,0,0,0,0,0,0,1,0,1,0,0,0,0,0,0,1,0,1,0,1
41341843,QM6,QM6,17,1600,51986,1997,5,7,0,1,1,1,1,1,1,1,1,1,1,0,0,0,0,0,1,0,1,0,0,0,0,0,0,1,0,1,1,0
41341973,SM5,SM5 노바,19,820,47359,1998,5,8,4,0,0,1,1,1,1,1,1,1,1,0,0,0,0,0,1,0,1,0,0,0,0,1,0,0,0,1,0,1
41342317,QM3,QM3,15,520,125178,1461,5,12,7,0,0,1,1,1,1,1,1,0,0,0,0,0,0,0,1,0,0,0,1,0,0,1,0,0,0,1,1,0
41343130,SM3,SM3 네오,18,440,95037,1598,5,10,8,0,0,1,1,1,1,1,1,0,1,0,0,0,0,0,1,0,1,0,0,0,0,0,0,1,0,1,0,1
41344692,XM3,XM3,23,1630,28042,1598,5,5,1,0,1,1,1,1,1,0,1,0,1,0,0,0,0,0,1,0,1,0,0,0,0,1,0,0,0,1,1,0
41349557,QM6,더 뉴 QM6,17,1520,56211,1997,5,7,0,0,1,1,1,1,1,0,1,0,1,0,0,0,0,0,1,0,1,0,0,0,0,0,1,0,0,1,1,0
41352355,SM6,SM6,20,850,125118,1618,5,10,2,0,0,0,0,0,0,0,0,0,0,0,0,0,0,0,1,0,1,0,0,0,0,0,1,0,0,1,0,1
41353683,SM5,뉴SM5 플래티넘,19,299,118019,1998,5,12,9,0,0,1,1,1,0,1,1,0,1,0,0,0,0,0,1,1,0,0,0,0,0,0,0,1,0,1,0,1
41355144,SM5,뉴SM5(신형),19,280,101973,1998,5,16,2,0,0,0,0,0,0,0,0,0,0,0,0,0,0,0,1,0,1,0,0,0,0,0,0,1,0,1,0,1
41355273,QM6,더 뉴 QM6,17,1380,118347,1998,5,5,1,0,1,1,1,1,1,1,1,1,1,0,0,0,0,0,1,1,0,0,0,0,0,1,0,0,0,1,1,0
41355659,SM6,SM6,20,890,92697,1998,5,7,1,0,0,1,1,1,1,1,1,0,1,0,0,0,0,0,1,1,0,0,0,0,0,0,0,1,0,1,0,1
41358042,SM6,SM6,20,890,100318,1997,5,10,2,0,0,0,0,0,0,0,0,0,0,0,0,0,0,0,1,0,1,0,0,0,0,0,0,1,0,1,0,1
41365593,QM6,QM6,17,1370,110200,1997,5,8,0,1,1,1,1,1,1,1,1,1,1,0,0,0,0,0,1,0,1,0,0,0,0,0,0,1,0,1,1,0
41365770,QM3,QM3,15,430,140283,1461,5,12,3,0,0,1,1,1,1,0,1,0,0,0,0,0,0,0,1,0,0,0,1,0,0,1,0,0,0,1,1,0
41366055,SM3,SM3 네오,18,650,27440,1598,5,12,2,1,0,1,1,1,1,1,1,0,1,0,0,0,0,0,1,0,1,0,0,0,0,0,0,0,1,1,0,1
41366916,SM7,SM7 노바,21,1099,87535,3498,5,10,13,1,1,1,1,1,1,1,1,1,1,0,0,0,0,0,1,0,1,0,0,0,0,0,1,0,0,1,0,1
41368446,SM7,All New SM7,21,349,98487,2495,5,13,2,0,1,1,1,1,1,1,1,0,1,0,0,0,0,0,1,0,1,0,0,0,0,0,0,1,0,1,0,1
41377192,XM3,XM3,23,1420,59564,1332,5,6,0,0,1,1,1,1,1,1,1,1,1,0,0,0,0,0,1,0,1,0,0,0,0,1,0,0,0,1,1,0
41377666,QM6,더 뉴 QM6,17,1530,51441,1998,5,6,0,0,1,1,1,1,1,1,1,1,1,0,0,0,0,0,1,1,0,0,0,0,0,0,0,1,0,1,1,0
41379605,SM5,뉴SM5(신형),19,269,103335,1998,5,15,6,1,0,1,1,1,1,1,1,0,1,0,0,0,0,0,1,0,1,0,0,0,0,0,0,1,0,1,0,1
41379922,SM5,SM5 노바,19,350,200373,1998,5,9,5,0,0,1,1,0,0,1,1,0,1,0,0,0,0,0,1,1,0,0,0,0,0,1,0,0,0,1,0,1
41380035,SM3,뉴SM3,18,350,82587,1598,5,13,8,0,0,1,1,1,0,1,1,0,1,0,0,0,0,0,1,0,1,0,0,0,0,0,0,1,0,1,0,1
41381928,QM6,QM6,17,1450,56825,1995,5,9,0,1,1,1,1,1,1,1,1,1,1,0,0,0,0,0,1,0,0,0,1,0,0,1,0,0,0,1,1,0
41382890,QM3,QM3,15,600,124831,1461,5,11,6,0,0,1,1,1,1,1,1,0,0,0,0,0,0,0,1,0,0,0,1,0,0,0,0,0,1,1,1,0
41385305,SM3,뉴SM3,18,230,141724,1598,5,16,4,1,0,1,1,1,1,1,1,0,1,0,0,0,0,0,1,0,1,0,0,0,0,0,1,0,0,1,0,1
41389333,QM6,QM6,17,1180,65015,1995,5,9,6,1,0,1,1,1,1,0,1,1,1,0,0,0,0,0,1,0,0,0,1,0,0,1,0,0,0,1,1,0
41389625,QM6,더 뉴 QM6,17,1660,86279,1998,5,5,0,0,1,1,1,1,1,1,1,1,1,0,0,0,0,0,1,1,0,0,0,0,0,0,0,1,0,1,1,0
41392830,SM6,SM6,20,990,76565,1618,5,10,2,0,0,0,0,0,0,0,0,0,0,0,0,0,0,0,1,0,1,0,0,0,0,0,0,1,0,1,0,1
41394391,QM5,QM5 네오,16,520,114239,1998,5,11,5,0,0,1,1,0,0,1,1,0,1,0,0,0,0,0,1,0,1,0,0,0,0,0,0,1,0,1,1,0
41396237,QM6,QM6,17,1100,143066,1997,5,8,1,0,1,1,1,1,1,1,1,1,1,0,0,0,0,0,1,0,1,0,0,0,0,0,0,1,0,1,1,0
41399875,SM6,SM6,20,750,134620,1618,5,10,16,1,1,1,1,1,1,1,1,1,1,0,0,0,0,0,1,0,1,0,0,0,0,0,1,0,0,1,0,1
41402065,QM5,QM5 네오,16,469,160539,1995,5,11,0,0,1,1,0,1,1,0,1,0,1,0,0,0,0,0,1,0,0,0,1,0,0,1,0,0,0,1,1,0
41404080,SM5,뉴SM5 플래티넘,19,320,112695,1998,5,13,3,0,0,1,0,1,1,0,1,0,1,0,0,0,0,0,1,0,1,0,0,0,0,0,0,1,0,1,0,1
41405089,SM3,SM3 네오,18,390,105647,1598,5,10,10,0,0,1,1,1,1,1,1,0,0,0,0,0,0,0,1,0,1,0,0,0,0,1,0,0,0,1,0,1
41407406,SM3,SM3 네오,18,430,76447,1598,5,11,6,0,0,1,1,1,1,0,1,0,1,0,0,0,0,0,1,0,1,0,0,0,0,0,0,1,0,1,0,1
41408312,SM5,뉴SM5(신형),19,280,165475,1998,5,15,13,1,0,1,1,1,1,0,1,0,1,0,0,0,0,0,1,0,1,0,0,0,0,0,1,0,0,1,0,1
41408697,QM6,QM6,17,1080,101569,1995,5,9,6,1,0,1,1,1,1,1,1,0,1,0,0,0,0,0,1,0,0,0,1,0,0,1,0,0,0,1,1,0
41410531,QM5,뉴QM5,16,350,127237,1995,5,14,2,0,0,1,1,1,1,1,1,0,1,0,0,0,0,0,1,0,0,0,1,0,0,0,0,1,0,1,1,0
41410681,SM6,SM6,20,530,123166,1997,5,10,23,0,0,1,1,1,1,1,1,0,1,0,0,0,0,0,1,0,1,0,0,0,0,1,0,0,0,1,0,1
41416125,캡처,캡처,89,1690,60185,1332,5,5,0,0,1,1,1,1,1,1,1,0,1,0,0,0,0,0,1,0,1,0,0,0,0,1,0,0,0,1,1,0
41416176,QM6,더 뉴 QM6,17,1350,127980,1997,5,6,5,0,0,1,1,1,1,1,1,0,1,0,0,0,0,0,1,0,1,0,0,0,0,1,0,0,0,1,1,0
41416621,QM3,QM3,15,640,87357,1461,5,11,10,0,0,1,1,1,1,0,1,0,0,0,0,0,0,0,1,0,0,0,1,0,0,1,0,0,0,1,1,0
41416788,QM6,QM6,17,1590,35429,1997,5,7,2,1,1,1,1,1,1,1,1,1,1,0,0,0,0,0,1,0,1,0,0,0,0,1,0,0,0,1,1,0
41418914,SM5,SM5 노바,19,620,70968,1998,5,7,11,0,0,1,1,1,1,1,1,1,1,0,0,0,0,0,1,0,1,0,0,0,0,0,1,0,0,1,0,1
41420517,QM6,QM6,17,1280,95759,1995,5,8,4,0,0,1,1,1,1,1,1,1,1,0,0,0,0,0,1,0,0,0,1,0,0,0,0,1,0,1,1,0
41422881,SM6,SM6,20,990,60558,1997,5,7,7,0,0,1,1,1,1,1,1,0,1,0,0,0,0,0,1,0,1,0,0,0,0,0,0,1,0,1,0,1
41424488,QM6,더 뉴 QM6,17,1390,115845,1998,5,5,5,0,1,1,1,1,1,1,1,1,1,0,0,0,0,0,1,1,0,0,0,0,0,0,1,0,0,1,1,0
41427415,SM6,SM6,20,770,156413,1618,5,10,4,1,1,1,1,1,1,1,1,1,1,0,0,0,0,0,1,0,1,0,0,0,0,1,0,0,0,1,0,1
41427926,SM6,SM6,20,900,86313,1998,5,6,4,0,0,1,1,1,1,1,1,0,1,0,0,0,0,0,1,1,0,0,0,0,0,0,0,1,0,1,0,1
41428953,XM3,XM3,23,1420,68533,1598,5,5,1,0,1,1,1,0,1,1,1,0,1,0,0,0,0,0,1,0,1,0,0,0,0,1,0,0,0,1,1,0
41433757,SM7,SM7 New Art,21,170,205062,2349,5,16,2,1,1,1,1,1,1,0,1,0,1,0,0,0,0,0,1,0,1,0,0,0,0,1,0,0,0,1,0,1
41435750,SM6,SM6,20,1150,59303,1998,5,9,0,0,1,1,1,1,1,1,1,1,1,0,0,0,0,0,1,1,0,0,0,0,0,0,0,1,0,1,0,1
41438035,SM3,뉴SM3,18,180,145532,1598,5,17,12,1,0,1,0,1,1,0,1,0,0,0,0,0,0,0,1,0,1,0,0,0,0,0,1,0,0,1,0,1
41438250,SM3,SM3 네오,18,449,121158,1598,5,10,3,1,0,1,1,1,1,0,1,0,1,0,0,0,0,0,1,0,1,0,0,0,0,1,0,0,0,1,0,1
41439009,SM5,SM5 노바,19,550,129129,1998,5,8,9,0,0,1,1,1,0,0,1,0,1,0,0,0,0,0,1,1,0,0,0,0,0,0,1,0,0,1,0,1
41443799,XM3,XM3,23,1480,70386,1598,5,6,3,0,1,1,1,1,1,1,1,0,1,0,0,0,0,0,1,0,1,0,0,0,0,1,0,0,0,1,1,0
41445475,SM5,뉴SM5 플래티넘,19,310,164140,1998,5,12,2,0,0,1,1,1,1,0,1,0,1,0,0,0,0,0,1,0,1,0,0,0,0,0,0,1,0,1,0,1
41446792,클리오,클리오,96,779,86302,1461,5,8,3,0,1,1,1,1,1,1,1,0,1,0,0,0,0,0,1,0,0,0,1,0,0,0,0,1,0,1,0,1
41448189,SM3,SM3 네오,18,430,107598,1598,5,11,19,0,0,1,1,1,1,1,1,0,0,0,0,0,0,0,1,0,1,0,0,0,0,0,0,1,0,1,0,1
41448736,SM6,SM6,20,1150,72302,1997,5,7,3,0,1,1,1,1,1,1,1,1,1,0,0,0,0,0,1,0,1,0,0,0,0,1,0,0,0,1,0,1
41449041,SM5,뉴SM5(신형),19,290,131548,1998,5,16,11,1,0,1,1,1,1,1,1,0,1,0,0,0,0,0,1,0,1,0,0,0,0,0,0,1,0,1,0,1
41449056,SM6,SM6,20,1340,47979,1998,5,7,0,0,1,1,1,1,1,1,1,1,1,0,0,0,0,0,1,1,0,0,0,0,0,0,0,1,0,1,0,1
41450403,QM3,뉴QM3,15,890,79768,1461,5,8,4,0,1,1,1,1,1,1,1,0,1,0,0,0,0,0,1,0,0,0,1,0,0,1,0,0,0,1,1,0
41452307,QM6,QM6,17,1290,97037,1995,5,10,3,1,1,1,1,1,1,1,1,1,1,0,0,0,0,0,1,0,0,0,1,0,0,1,0,0,0,1,1,0
41454062,SM3,SM3 네오,18,585,84783,1598,5,9,5,0,0,1,1,1,1,1,1,0,1,0,0,0,0,0,1,0,1,0,0,0,0,0,0,1,0,1,0,1
41454279,SM3,뉴SM3,18,210,117141,1598,5,16,2,0,0,1,1,1,1,1,1,0,1,0,0,0,0,0,1,0,1,0,0,0,0,0,1,0,0,1,0,1
41454414,SM5,뉴SM5(신형),19,190,127888,1998,5,16,12,0,0,1,1,1,1,1,1,0,1,0,0,0,0,0,1,0,1,0,0,0,0,1,0,0,0,1,0,1
41456828,QM6,QM6,17,1320,67359,1997,5,8,10,1,1,1,1,1,1,1,1,1,1,0,0,0,0,0,1,0,1,0,0,0,0,1,0,0,0,1,1,0
41458043,QM5,QM5 네오,16,510,78795,1998,5,12,8,0,0,1,1,1,1,1,1,0,1,0,0,0,0,0,1,0,1,0,0,0,0,1,0,0,0,1,1,0
41462186,XM3,XM3,23,1480,51898,1598,5,5,2,0,1,1,1,1,1,0,1,0,1,0,0,0,0,0,1,0,1,0,0,0,0,1,0,0,0,1,1,0
41466116,SM6,더 뉴 SM6,20,1370,85362,1332,5,6,7,0,1,1,1,1,1,1,1,1,1,0,0,0,0,0,1,0,1,0,0,0,0,1,0,0,0,1,0,1
41466773,XM3,XM3,23,1390,52282,1598,5,5,1,0,1,1,1,1,1,1,1,0,1,0,0,0,0,0,1,0,1,0,0,0,0,1,0,0,0,1,1,0
41467466,SM6,SM6,20,860,85713,1997,5,10,0,0,0,1,1,1,1,1,1,0,1,0,0,0,0,0,1,0,1,0,0,0,0,0,0,1,0,1,0,1
41468883,SM7,SM7 노바,21,670,102352,1998,5,10,1,1,1,1,1,1,1,0,1,1,1,0,0,0,0,0,1,1,0,0,0,0,0,0,1,0,0,1,0,1
41473560,QM6,QM6,17,1100,105272,1997,5,9,2,0,0,1,1,1,1,0,1,1,1,0,0,0,0,0,1,0,1,0,0,0,0,0,0,1,0,1,1,0
41477031,캡처,캡처,89,1299,79590,1332,5,6,2,0,1,1,1,1,1,0,1,0,1,0,0,0,0,0,1,0,1,0,0,0,0,0,0,0,1,1,1,0
41477388,QM6,더 뉴 QM6,17,1539,108199,1998,5,7,3,1,1,1,1,1,1,1,1,1,1,0,0,0,0,0,1,1,0,0,0,0,0,1,0,0,0,1,1,0
41477543,QM6,더 뉴 QM6,17,1500,85436,1998,5,5,0,0,1,1,1,1,1,1,1,0,1,0,0,0,0,0,1,1,0,0,0,0,0,1,0,0,0,1,1,0
41478142,SM6,SM6,20,580,128517,1618,5,10,2,0,0,1,1,1,1,1,1,1,1,0,0,0,0,0,1,0,1,0,0,0,0,0,0,0,1,1,0,1
41483083,SM3,뉴SM3,18,250,138136,1598,5,12,14,0,0,1,1,1,1,1,1,0,0,0,0,0,0,0,1,0,1,0,0,0,0,1,0,0,0,1,0,1
41483134,QM6,QM6,17,990,159054,1995,5,7,12,1,1,1,1,1,1,1,1,1,1,0,0,0,0,0,1,0,0,0,1,0,0,0,0,1,0,1,1,0
41484392,SM3,SM3 네오,18,580,69788,1598,5,12,6,1,0,1,1,1,1,1,1,0,1,0,0,0,0,0,1,0,1,0,0,0,0,0,0,1,0,1,0,1
41485055,SM6,SM6,20,1050,39953,1998,5,7,4,0,0,1,1,1,1,1,1,0,1,0,0,0,0,0,1,1,0,0,0,0,0,0,1,0,0,1,0,1
41485571,XM3,XM3,23,1359,93748,1332,5,6,0,0,1,1,1,1,1,1,1,1,1,0,0,0,0,0,1,0,1,0,0,0,0,1,0,0,0,1,1,0
41485909,SM5,뉴SM5 플래티넘,19,260,134028,1461,5,12,2,0,0,1,1,1,1,1,1,0,1,0,0,0,0,0,1,0,0,0,1,0,0,1,0,0,0,1,0,1
41485929,SM5,뉴SM5(신형),19,170,188406,1998,5,14,2,1,1,1,1,1,1,1,1,0,1,0,0,0,0,0,1,1,0,0,0,0,0,1,0,0,0,1,0,1
41486938,SM5,SM5 노바,19,490,111965,1998,5,9,12,0,0,1,1,1,1,1,1,1,1,0,0,0,0,0,1,0,1,0,0,0,0,1,0,0,0,1,0,1
41487458,SM5,SM5 노바,19,350,204367,1998,5,8,19,0,0,1,0,1,0,0,1,0,1,0,0,0,0,0,1,1,0,0,0,0,0,1,0,0,0,1,0,1
41487593,XM3,XM3,23,1150,111847,1598,5,6,2,0,1,1,1,1,1,1,1,0,1,0,0,0,0,0,1,0,1,0,0,0,0,1,0,0,0,1,1,0
41487878,QM6,QM6,17,940,77711,1995,5,9,0,0,0,1,1,1,0,1,1,0,1,0,0,0,0,0,1,0,0,0,1,0,0,0,0,0,1,1,1,0
41487946,SM6,SM6,20,899,68332,1997,5,10,4,1,0,1,1,1,1,0,1,0,1,0,0,0,0,0,1,0,1,0,0,0,0,0,1,0,0,1,0,1
41488266,SM5,뉴SM5 플래티넘,19,350,119022,1998,5,13,4,0,0,1,1,1,1,0,1,0,1,0,0,0,0,0,1,0,1,0,0,0,0,0,1,0,0,1,0,1
41488814,SM3,SM3 네오,18,479,130260,1598,5,10,4,0,0,1,1,1,1,1,1,0,1,0,0,0,0,0,1,0,1,0,0,0,0,1,0,0,0,1,0,1
41489309,SM7,All New SM7,21,350,128826,2495,5,12,4,0,0,1,1,1,1,1,1,0,1,0,0,0,0,0,1,0,1,0,0,0,0,0,0,1,0,1,0,1
41489368,SM6,SM6,20,990,74209,1997,5,9,0,0,1,1,1,1,1,1,1,1,1,0,0,0,0,0,1,1,0,0,0,0,0,0,1,0,0,1,0,1
41490755,SM7,SM7 노바,21,420,148956,2495,5,12,14,1,0,1,1,1,1,0,1,0,1,0,0,0,0,0,1,0,1,0,0,0,0,0,0,1,0,1,0,1
41491482,QM3,뉴QM3,15,1099,37044,1461,5,7,0,0,1,1,1,1,1,1,1,0,1,0,0,0,0,0,1,0,0,0,1,0,0,0,0,0,1,1,1,0
41492416,QM6,더 뉴 QM6,17,1670,107183,1998,5,4,0,0,1,1,1,1,1,1,1,1,1,0,0,0,0,0,1,1,0,0,0,0,0,1,0,0,0,1,1,0
41493696,SM6,SM6,20,890,71507,1998,5,10,2,0,0,1,1,1,1,1,1,0,1,0,0,0,0,0,1,1,0,0,0,0,0,1,0,0,0,1,0,1
41494992,QM6,QM6,17,1140,104408,1997,5,8,5,0,0,1,1,1,1,1,1,1,1,0,0,0,0,0,1,0,1,0,0,0,0,0,0,1,0,1,1,0
41495486,XM3,XM3,23,1680,24078,1332,5,5,0,0,1,1,1,1,1,0,1,0,1,0,0,0,0,0,1,0,1,0,0,0,0,0,0,1,0,1,1,0
41497186,SM6,SM6,20,530,155127,1998,5,10,2,0,0,0,0,0,0,0,0,0,0,0,0,0,0,0,1,1,0,0,0,0,0,1,0,0,0,1,0,1
41497330,SM5,뉴SM5(신형),19,380,53015,1998,5,16,1,1,0,1,1,1,1,1,1,0,1,0,0,0,0,0,1,0,1,0,0,0,0,1,0,0,0,1,0,1
41498018,QM6,QM6,17,1550,72187,1997,5,8,1,1,1,1,1,1,1,1,1,1,1,0,0,0,0,0,1,0,1,0,0,0,0,0,0,1,0,1,1,0
41499480,QM6,더 뉴 QM6,17,1650,59106,1998,2,3,2,0,1,1,1,1,1,0,1,1,1,0,0,0,0,0,1,1,0,0,0,0,0,0,0,1,0,1,1,0
41500080,SM7,SM7 New Art,21,330,136474,2349,5,15,2,0,1,1,1,1,1,0,1,0,1,0,0,0,0,0,1,0,1,0,0,0,0,1,0,0,0,1,0,1
41501394,SM5,SM5 노바,19,280,156189,1998,5,11,20,0,0,1,1,1,1,1,1,0,1,0,0,0,0,0,1,0,1,0,0,0,0,0,0,1,0,1,0,1
41502886,SM6,SM6,20,950,78064,1997,5,10,8,1,1,1,1,1,1,1,1,1,1,0,0,0,0,0,1,0,1,0,0,0,0,0,0,1,0,1,0,1
41503088,SM3,뉴SM3,18,320,102504,1598,5,15,15,0,0,1,1,1,1,1,1,0,1,0,0,0,0,0,1,0,1,0,0,0,0,0,0,1,0,1,0,1
41505903,SM7,SM7 노바,21,380,220538,1998,5,9,6,0,0,1,1,1,1,1,1,0,1,0,0,0,0,0,1,1,0,0,0,0,0,0,0,1,0,1,0,1
41506634,SM6,SM6,20,690,132904,1997,5,10,0,0,0,1,1,1,1,0,1,1,1,0,0,0,0,0,1,0,1,0,0,0,0,0,0,1,0,1,0,1
41507864,SM7,SM7 노바,21,650,153576,2495,5,10,0,1,1,1,1,1,1,1,1,1,1,0,0,0,0,0,1,0,1,0,0,0,0,0,0,1,0,1,0,1
41509006,XM3,XM3,23,1240,100338,1598,5,6,3,0,1,1,1,1,1,1,1,0,1,0,0,0,0,0,1,0,1,0,0,0,0,1,0,0,0,1,1,0
41509028,SM6,SM6,20,699,188980,1997,5,9,1,1,0,1,1,1,1,1,1,1,1,0,0,0,0,0,1,0,1,0,0,0,0,1,0,0,0,1,0,1
41509621,SM6,SM6,20,1250,66490,1618,5,10,3,1,1,1,1,1,1,1,1,1,1,0,0,0,0,0,1,0,1,0,0,0,0,1,0,0,0,1,0,1
41510504,QM3,뉴QM3,15,920,76742,1461,5,7,2,0,1,1,1,1,1,1,1,0,1,0,0,0,0,0,1,0,0,0,1,0,0,0,0,0,1,1,1,0
41510785,SM5,뉴SM5 플래티넘,19,170,191400,1998,5,11,18,0,0,1,1,1,0,1,1,0,1,0,0,0,0,0,1,1,0,0,0,0,0,0,0,0,1,1,0,1
41510935,SM6,SM6,20,1060,59258,1997,5,9,0,0,0,1,1,1,1,1,1,1,1,0,0,0,0,0,1,0,1,0,0,0,0,0,0,0,1,1,0,1
41511343,SM6,SM6,20,790,94819,1998,5,10,1,0,0,1,1,1,1,0,1,0,1,0,0,0,0,0,1,1,0,0,0,0,0,1,0,0,0,1,0,1
41511506,XM3,XM3,23,1070,78433,1598,5,6,19,0,1,1,1,0,1,1,1,0,1,0,0,0,0,0,1,0,1,0,0,0,0,1,0,0,0,1,1,0
41512278,SM6,SM6,20,730,133099,1997,5,9,6,0,1,1,1,1,1,0,1,1,1,0,0,0,0,0,1,0,1,0,0,0,0,1,0,0,0,1,0,1
41512457,SM6,SM6,20,499,155289,1997,5,10,1,1,0,1,1,1,1,0,1,0,1,0,0,0,0,0,1,0,1,0,0,0,0,0,0,1,0,1,0,1
41512817,QM3,QM3,15,850,32525,1461,5,10,2,0,0,1,1,1,1,0,1,0,0,0,0,0,0,0,1,0,0,0,1,0,0,0,0,1,0,1,1,0
41513872,QM3,QM3,15,999,126173,1461,5,11,19,0,0,1,1,1,1,1,1,0,1,0,0,0,0,0,1,0,0,0,1,0,0,0,1,0,0,1,1,0
41514135,SM6,SM6,20,900,80105,1997,5,10,3,0,0,1,1,1,1,1,1,0,1,0,0,0,0,0,1,0,1,0,0,0,0,1,0,0,0,1,0,1
41515218,QM5,QM5 네오,16,590,98639,1998,5,11,11,0,1,1,1,1,1,1,1,0,1,0,0,0,0,0,1,0,1,0,0,0,0,1,0,0,0,1,1,0
41516308,SM5,뉴SM5 플래티넘,19,300,169547,1998,5,13,12,1,1,1,1,1,1,1,1,0,1,0,0,0,0,0,1,0,1,0,0,0,0,1,0,0,0,1,0,1
41518776,SM6,더 뉴 SM6,20,1430,91088,1798,5,6,8,0,1,1,1,1,1,1,1,1,1,0,0,0,0,0,1,0,1,0,0,0,0,0,0,0,1,1,0,1
41519642,QM6,더 뉴 QM6,17,1590,105784,1997,5,6,0,0,1,1,1,1,1,1,1,1,1,0,0,0,0,0,1,0,0,0,1,0,0,1,0,0,0,1,1,0
41520243,XM3,XM3,23,1500,80093,1332,5,6,1,0,1,1,1,1,1,1,1,1,1,0,0,0,0,0,1,0,1,0,0,0,0,1,0,0,0,1,1,0
41525699,QM6,더 뉴 QM6,17,1510,102331,1997,5,6,2,0,1,1,1,1,1,1,1,1,1,0,0,0,0,0,1,0,1,0,0,0,0,1,0,0,0,1,1,0
41526103,QM3,뉴QM3,15,780,85748,1461,5,8,7,0,1,1,1,1,1,1,1,0,1,0,0,0,0,0,1,0,0,0,1,0,0,0,0,0,1,1,1,0
41526129,SM6,SM6,20,690,154135,1998,5,10,4,1,1,1,1,1,1,1,1,0,1,0,0,0,0,0,1,1,0,0,0,0,0,1,0,0,0,1,0,1
41526436,SM6,SM6,20,899,76752,1997,5,7,17,0,0,1,1,1,1,0,1,0,1,0,0,0,0,0,1,0,1,0,0,0,0,0,1,0,0,1,0,1
41526716,SM7,SM7 노바,21,850,83431,1998,5,8,6,0,0,1,1,1,1,1,1,0,1,0,0,0,0,0,1,1,0,0,0,0,0,0,1,0,0,1,0,1
41527543,SM6,SM6,20,880,53011,1997,5,9,0,0,0,1,1,1,1,0,1,0,1,0,0,0,0,0,1,0,1,0,0,0,0,0,0,1,0,1,0,1
41527633,QM3,QM3,15,630,58393,1461,5,11,0,0,0,1,1,1,1,0,1,0,1,0,0,0,0,0,1,0,0,0,1,0,0,0,0,0,1,1,1,0
41528522,SM5,뉴SM5 플래티넘,19,350,170785,1998,5,12,11,0,0,1,0,1,1,1,1,0,1,0,0,0,0,0,1,0,1,0,0,0,0,0,1,0,0,1,0,1
41528948,SM6,SM6,20,650,179383,1618,5,10,10,1,1,1,1,1,1,1,1,1,1,0,0,0,0,0,1,0,1,0,0,0,0,1,0,0,0,1,0,1
41530165,XM3,XM3,23,1179,114665,1332,5,6,2,0,1,1,1,1,1,0,1,0,1,0,0,0,0,0,1,0,1,0,0,0,0,1,0,0,0,1,1,0
41531040,SM6,SM6,20,599,194349,1997,5,10,6,1,0,1,1,1,1,1,1,1,1,0,0,0,0,0,1,0,1,0,0,0,0,1,0,0,0,1,0,1
41532800,QM6,QM6,17,1650,62526,1997,5,8,2,1,1,1,1,1,1,1,1,1,1,0,0,0,0,0,1,0,1,0,0,0,0,0,0,1,0,1,1,0
41534607,SM3,SM3 Z.E.,18,590,96309,74,5,9,1,0,0,1,1,1,1,1,1,0,1,0,0,0,0,0,1,0,0,0,0,1,0,1,0,0,0,1,0,1
41534799,QM6,QM6,17,1490,73989,1997,5,8,10,1,1,1,1,1,1,1,1,1,1,0,0,0,0,0,1,0,1,0,0,0,0,1,0,0,0,1,1,0
41535822,SM6,SM6,20,770,97233,1618,5,10,6,1,1,1,1,1,1,1,1,1,1,0,0,0,0,0,1,0,1,0,0,0,0,1,0,0,0,1,0,1
41536167,SM5,SM5 뉴 임프레션,19,220,115562,1998,5,18,12,0,0,1,1,1,1,1,1,0,1,0,0,0,0,0,1,0,1,0,0,0,0,0,0,1,0,1,0,1
41537492,SM5,뉴SM5 플래티넘,19,250,105684,1998,5,12,19,0,0,0,1,0,0,0,1,0,1,0,0,0,0,0,1,0,1,0,0,0,0,1,0,0,0,1,0,1
41538703,SM6,더 뉴 SM6,20,1380,71966,1332,5,5,0,0,1,1,1,1,1,0,1,1,1,0,0,0,0,0,1,0,1,0,0,0,0,0,0,1,0,1,0,1
41539152,QM6,QM6,17,1350,64633,1995,5,8,1,0,0,1,1,1,1,1,1,1,1,0,0,0,0,0,1,0,0,0,1,0,0,1,0,0,0,1,1,0
41541620,클리오,클리오,96,689,117452,1461,5,7,2,0,1,1,1,1,1,1,1,0,1,0,0,0,0,0,1,0,0,0,1,0,0,1,0,0,0,1,0,1
41541705,SM6,SM6,20,629,161812,1997,5,10,1,0,1,1,1,1,1,1,1,0,1,0,0,0,0,0,1,0,1,0,0,0,0,0,0,1,0,1,0,1
41542850,QM6,더 뉴 QM6,17,1439,87655,1998,5,5,7,0,1,1,1,1,1,1,1,0,1,0,0,0,0,0,1,1,0,0,0,0,0,0,0,1,0,1,1,0
41544193,SM6,SM6,20,590,127325,1997,5,9,12,0,0,1,1,1,1,1,1,0,1,0,0,0,0,0,1,0,1,0,0,0,0,0,0,1,0,1,0,1
41544765,SM3,뉴SM3,18,290,124786,1598,5,17,7,0,0,1,0,1,0,1,1,0,1,0,0,0,0,0,1,0,1,0,0,0,0,0,0,1,0,1,0,1
41544840,QM5,뉴QM5,16,370,138555,1995,5,12,0,0,0,1,1,1,1,1,1,0,1,0,0,0,0,0,1,0,0,0,1,0,0,0,1,0,0,1,1,0
41545805,QM3,QM3,15,730,115736,1461,5,9,0,0,0,1,1,1,1,1,1,0,1,0,0,0,0,0,1,0,0,0,1,0,0,1,0,0,0,1,1,0
41545924,QM6,QM6,17,859,154858,1995,5,8,2,1,0,1,1,1,1,1,1,0,1,0,0,0,0,0,1,0,0,0,1,0,0,0,0,1,0,1,1,0
41548795,SM7,SM7 노바,21,550,117477,1998,5,11,14,0,0,1,1,1,1,1,1,0,1,0,0,0,0,0,1,1,0,0,0,0,0,0,0,1,0,1,0,1
41549406,XM3,XM3,23,1080,134015,1598,5,6,0,0,1,1,0,1,1,1,1,0,1,0,0,0,0,0,1,0,1,0,0,0,0,0,0,1,0,1,1,0
41551261,SM5,뉴SM5 플래티넘,19,390,61001,1998,5,13,4,1,0,1,1,1,1,1,1,0,1,0,0,0,0,0,1,0,1,0,0,0,0,0,1,0,0,1,0,1
41552721,SM5,SM5 뉴 임프레션,19,200,145698,1998,5,17,1,0,1,1,1,1,0,0,1,0,1,0,0,0,0,0,1,0,1,0,0,0,0,0,1,0,0,1,0,1
41552735,SM5,SM5 뉴 임프레션,19,220,172321,1998,5,17,4,0,1,1,0,1,0,0,1,0,1,0,0,0,0,0,1,0,1,0,0,0,0,1,0,0,0,1,0,1
41552860,SM3,뉴SM3,18,260,67635,1598,5,16,4,0,0,1,1,0,0,1,0,0,0,0,0,0,0,0,1,0,1,0,0,0,0,1,0,0,0,1,0,1
41553850,QM6,더 뉴 QM6,17,1220,142121,1998,5,7,3,0,0,1,1,1,1,1,1,1,1,0,0,0,0,0,1,1,0,0,0,0,0,1,0,0,0,1,1,0
41554081,SM5,뉴SM5(신형),19,230,132744,1998,5,15,8,1,0,1,1,1,1,1,1,0,1,0,0,0,0,0,1,0,1,0,0,0,0,1,0,0,0,1,0,1
41555834,XM3,XM3,23,1450,52000,1332,5,6,0,0,1,1,1,1,1,1,1,1,1,0,0,0,0,0,1,0,1,0,0,0,0,0,1,0,0,1,1,0
41556200,SM5,SM5,19,370,129125,2495,5,24,17,0,0,0,0,1,0,0,1,0,1,0,0,0,0,0,1,0,1,0,0,0,0,1,0,0,0,1,0,1
41556316,SM6,SM6,20,609,114894,1997,5,10,6,0,0,1,1,1,1,0,1,0,1,0,0,0,0,0,1,0,1,0,0,0,0,1,0,0,0,1,0,1
41556496,SM6,SM6,20,930,74068,1997,5,10,2,1,0,1,1,1,1,1,1,1,1,0,0,0,0,0,1,0,1,0,0,0,0,1,0,0,0,1,0,1
41557251,QM6,QM6,17,1390,112530,1995,5,7,4,1,1,1,1,1,1,1,1,1,1,0,0,0,0,0,1,0,0,0,1,0,0,1,0,0,0,1,1,0
41557642,SM6,SM6,20,840,136371,1997,5,8,17,1,1,1,1,1,1,1,1,1,1,0,0,0,0,0,1,0,1,0,0,0,0,0,0,1,0,1,0,1
41557827,SM7,SM7 New Art,21,270,161760,2349,5,17,0,0,1,1,1,1,1,1,1,0,1,0,0,0,0,0,1,0,1,0,0,0,0,0,0,1,0,1,0,1
41558013,QM3,QM3,15,615,105565,1461,5,10,13,0,0,1,1,1,1,1,1,0,1,0,0,0,0,0,1,0,0,0,1,0,0,1,0,0,0,1,1,0
41559523,SM7,SM7 노바,21,480,148033,1998,5,11,12,0,0,1,1,1,1,1,1,0,1,0,0,0,0,0,1,1,0,0,0,0,0,0,1,0,0,1,0,1
41559943,QM6,QM6,17,1330,61559,1995,5,10,1,0,1,1,1,1,1,1,1,1,1,0,0,0,0,0,1,0,0,0,1,0,0,1,0,0,0,1,1,0
41560066,QM6,QM6,17,1000,154911,1995,5,9,2,1,1,1,1,1,1,1,1,1,1,0,0,0,0,0,1,0,0,0,1,0,0,0,0,1,0,1,1,0
41560671,QM3,QM3,15,670,129845,1461,5,8,8,0,0,1,1,1,1,1,1,0,1,0,0,0,0,0,1,0,0,0,1,0,0,1,0,0,0,1,1,0
41561989,SM6,SM6,20,950,125070,1998,5,10,0,1,1,1,1,1,1,1,1,1,1,0,0,0,0,0,1,1,0,0,0,0,0,0,0,1,0,1,0,1
41562293,XM3,XM3,23,1030,161823,1332,5,6,0,0,1,1,1,1,1,1,1,1,1,0,0,0,0,0,1,0,1,0,0,0,0,1,0,0,0,1,1,0
41562999,SM3,뉴SM3,18,330,107881,1598,5,13,4,0,0,1,1,1,1,0,1,0,1,0,0,0,0,0,1,0,1,0,0,0,0,1,0,0,0,1,0,1
41563297,SM6,더 뉴 SM6,20,960,177718,1998,5,5,10,0,1,1,1,1,1,1,1,1,1,0,0,0,0,0,1,1,0,0,0,0,0,1,0,0,0,1,0,1
41563570,QM3,QM3,15,680,96270,1461,5,11,3,0,0,1,1,1,1,1,1,0,1,0,0,0,0,0,1,0,0,0,1,0,0,1,0,0,0,1,1,0
41563679,SM7,SM7 노바,21,620,160768,1998,5,8,10,1,0,1,1,1,1,1,1,1,1,0,0,0,0,0,1,1,0,0,0,0,0,0,1,0,0,1,0,1
41563822,XM3,XM3,23,1220,150168,1332,5,6,2,0,1,1,1,1,1,1,1,1,1,0,0,0,0,0,1,0,1,0,0,0,0,1,0,0,0,1,1,0
41563916,XM3,XM3,23,999,24436,1598,5,5,2,0,0,0,0,0,0,0,0,0,0,0,0,0,0,0,1,0,1,0,0,0,0,1,0,0,0,1,1,0
41565236,QM3,QM3,15,700,116341,1461,5,9,0,0,0,1,1,1,1,0,1,0,1,0,0,0,0,0,1,0,0,0,1,0,0,1,0,0,0,1,1,0
41565547,QM5,뉴QM5,16,390,103564,1995,5,13,7,1,1,1,0,1,1,0,1,0,1,0,0,0,0,0,1,0,0,0,1,0,0,0,1,0,0,1,1,0
41565809,SM3,SM3 네오,18,340,139563,1598,5,11,11,0,0,1,1,1,1,0,1,0,1,0,0,0,0,0,1,0,1,0,0,0,0,0,0,1,0,1,0,1
41566178,SM6,SM6,20,930,109527,1618,5,8,9,0,1,1,1,1,1,1,1,1,1,0,0,0,0,0,1,0,1,0,0,0,0,1,0,0,0,1,0,1
41566225,XM3,XM3,23,1620,34834,1598,5,5,4,0,1,1,1,1,1,1,1,1,1,0,0,0,0,0,1,0,1,0,0,0,0,1,0,0,0,1,1,0
41566678,조에,조에,83,1620,42082,156,5,5,1,0,1,1,1,1,1,1,1,0,1,0,0,0,0,0,1,0,0,0,0,1,0,0,1,0,0,1,0,1
41567392,SM7,SM7 노바,21,690,84936,2495,5,10,6,0,1,1,1,1,1,1,1,1,1,0,0,0,0,0,1,0,1,0,0,0,0,0,0,1,0,1,0,1
41567428,SM6,SM6,20,720,99870,1997,5,9,21,0,0,1,1,1,1,1,1,1,1,0,0,0,0,0,1,0,1,0,0,0,0,1,0,0,0,1,0,1
41568140,SM5,SM5 노바,19,490,96595,1998,5,11,0,0,0,1,1,0,0,1,1,0,1,0,0,0,0,0,1,1,0,0,0,0,0,0,0,1,0,1,0,1
41569107,XM3,XM3,23,1270,104142,1332,5,6,6,0,1,1,1,1,1,1,1,1,1,0,0,0,0,0,1,0,1,0,0,0,0,0,1,0,0,1,1,0
41569504,SM3,SM3 네오,18,299,176620,1598,5,11,12,0,0,1,1,0,0,1,1,0,0,0,0,0,0,0,1,0,1,0,0,0,0,0,0,1,0,1,0,1
41569622,QM3,뉴QM3,15,890,99143,1461,5,7,11,1,1,1,1,1,1,1,1,0,1,0,0,0,0,0,1,0,0,0,1,0,0,1,0,0,0,1,1,0
41569780,SM5,뉴SM5 플래티넘,19,230,198086,1998,5,13,2,0,0,1,0,1,1,0,1,0,1,0,0,0,0,0,1,0,1,0,0,0,0,0,1,0,0,1,0,1
41571360,SM5,뉴SM5 플래티넘,19,250,164184,1998,5,13,7,0,0,1,1,1,1,1,1,0,1,0,0,0,0,0,1,0,1,0,0,0,0,0,1,0,0,1,0,1
41571689,QM5,QM5 네오,16,499,135444,1995,5,11,2,0,0,1,0,1,1,0,1,0,1,0,0,0,0,0,1,0,0,0,1,0,0,0,0,1,0,1,1,0
41571833,XM3,XM3,23,1190,122442,1332,5,6,7,0,1,1,1,1,1,1,1,0,1,0,0,0,0,0,1,0,1,0,0,0,0,1,0,0,0,1,1,0
41571876,QM6,더 뉴 QM6,17,1560,57392,1998,5,7,2,0,1,1,1,1,1,1,1,0,1,0,0,0,0,0,1,1,0,0,0,0,0,0,0,1,0,1,1,0
41573542,QM6,더 뉴 QM6,17,1290,119581,1997,5,6,2,1,1,1,1,1,1,1,1,1,1,0,0,0,0,0,1,0,1,0,0,0,0,1,0,0,0,1,1,0
41573804,QM6,더 뉴 QM6,17,1570,77496,1998,5,5,2,0,1,1,1,1,1,1,1,0,1,0,0,0,0,0,1,1,0,0,0,0,0,1,0,0,0,1,1,0
41573917,QM6,QM6,17,1090,111643,1995,5,9,0,1,1,1,1,1,1,0,1,1,1,0,0,0,0,0,1,0,0,0,1,0,0,1,0,0,0,1,1,0
41576208,QM3,QM3,15,529,78048,1461,5,9,14,0,0,1,0,1,1,0,1,0,1,0,0,0,0,0,1,0,0,0,1,0,0,1,0,0,0,1,1,0
41577333,SM7,SM7 노바,21,585,126527,3498,5,11,2,0,1,1,1,1,1,1,1,1,1,0,0,0,0,0,1,0,1,0,0,0,0,0,0,1,0,1,0,1
41578085,SM3,SM3 네오,18,269,161489,1598,5,11,19,0,0,1,0,1,1,0,1,0,0,0,0,0,0,0,1,0,1,0,0,0,0,1,0,0,0,1,0,1
41578828,XM3,XM3,23,1220,117251,1598,5,6,6,0,1,1,1,1,1,1,1,0,1,0,0,0,0,0,1,0,1,0,0,0,0,1,0,0,0,1,1,0
41581506,SM5,뉴SM5(신형),19,220,197715,1998,5,16,14,1,0,1,1,1,1,0,1,0,1,0,0,0,0,0,1,1,0,0,0,0,0,0,0,1,0,1,0,1
41582625,SM6,SM6,20,660,143542,1997,5,10,1,0,0,1,1,1,1,1,1,0,1,0,0,0,0,0,1,0,1,0,0,0,0,0,1,0,0,1,0,1
41582972,QM6,더 뉴 QM6,17,1549,133658,1998,5,5,0,1,1,1,1,1,1,1,1,1,1,0,0,0,0,0,1,1,0,0,0,0,0,0,1,0,0,1,1,0
41583406,SM6,SM6,20,900,87003,1997,5,10,3,1,0,1,1,1,1,0,1,0,1,0,0,0,0,0,1,0,1,0,0,0,0,0,0,1,0,1,0,1
41583422,XM3,XM3,23,1280,137376,1332,5,6,0,0,1,1,1,1,1,1,1,1,1,0,0,0,0,0,1,0,1,0,0,0,0,0,1,0,0,1,1,0
41584150,QM6,더 뉴 QM6,17,1450,84771,1998,5,6,2,0,1,1,1,1,1,1,1,1,1,0,0,0,0,0,1,1,0,0,0,0,0,1,0,0,0,1,1,0
41584361,SM6,SM6,20,790,98805,1997,5,10,1,0,0,1,1,1,1,0,1,1,1,0,0,0,0,0,1,0,1,0,0,0,0,0,0,1,0,1,0,1
41584802,SM6,SM6,20,880,78647,1997,5,10,4,1,0,1,1,1,1,1,1,0,1,0,0,0,0,0,1,0,1,0,0,0,0,1,0,0,0,1,0,1
41584919,SM6,SM6,20,630,145864,1997,5,10,1,0,1,1,1,1,1,1,1,0,1,0,0,0,0,0,1,0,1,0,0,0,0,1,0,0,0,1,0,1
41585045,QM3,뉴QM3,15,990,22245,1461,5,7,3,0,1,1,1,1,1,0,1,0,1,0,0,0,0,0,1,0,0,0,1,0,0,0,0,0,1,1,1,0
41586900,SM6,SM6,20,870,57011,1618,5,10,3,0,1,1,1,1,1,0,1,0,1,0,0,0,0,0,1,0,1,0,0,0,0,0,0,1,0,1,0,1
41587295,QM6,QM6,17,1099,125829,1997,5,8,5,0,0,1,1,1,1,0,1,0,1,0,0,0,0,0,1,0,1,0,0,0,0,1,0,0,0,1,1,0
41588142,QM3,QM3,15,550,83245,1461,5,11,4,0,0,1,0,1,1,0,1,0,1,0,0,0,0,0,1,0,0,0,1,0,0,1,0,0,0,1,1,0
41589605,QM6,QM6,17,1050,128342,1995,5,9,1,0,1,1,1,1,1,1,1,1,1,0,0,0,0,0,1,0,0,0,1,0,0,1,0,0,0,1,1,0
41589944,SM5,뉴SM5(신형),19,190,103038,1998,5,16,2,1,1,1,1,1,1,1,1,0,1,0,0,0,0,0,1,0,1,0,0,0,0,1,0,0,0,1,0,1
41591090,QM3,QM3,15,770,105062,1461,5,10,2,0,0,1,0,1,1,0,1,0,0,0,0,0,0,0,1,0,0,0,1,0,0,0,1,0,0,1,1,0
41591633,QM3,QM3,15,999,194840,1461,5,12,2,0,0,0,0,0,0,0,0,0,0,0,0,0,0,0,1,0,0,0,1,0,0,0,0,1,0,1,1,0
41591739,SM6,SM6,20,470,162954,1997,5,10,8,0,0,1,1,1,1,1,1,0,1,0,0,0,0,0,1,0,1,0,0,0,0,0,0,1,0,1,0,1
41592989,SM6,SM6,20,980,76881,1997,5,8,2,0,0,0,0,0,0,0,0,0,0,0,0,0,0,0,1,0,1,0,0,0,0,1,0,0,0,1,0,1
41593547,SM5,SM5 노바,19,400,138646,1618,5,11,6,1,0,1,1,1,1,0,1,1,1,0,0,0,0,0,1,0,1,0,0,0,0,0,1,0,0,1,0,1
41593567,QM6,QM6,17,900,162418,1995,5,9,7,1,1,1,1,1,1,1,1,1,1,0,0,0,0,0,1,0,0,0,1,0,0,1,0,0,0,1,1,0
41593689,XM3,XM3,23,1590,37718,1598,5,4,1,0,1,1,1,1,1,1,1,0,1,0,0,0,0,0,1,0,1,0,0,0,0,1,0,0,0,1,1,0
41594361,SM6,SM6,20,599,170664,1997,5,10,5,0,0,1,1,1,1,1,1,1,1,0,0,0,0,0,1,0,1,0,0,0,0,0,0,1,0,1,0,1
41595695,SM6,SM6,20,850,110054,1997,5,10,0,0,1,1,1,1,1,1,1,0,1,0,0,0,0,0,1,0,1,0,0,0,0,0,1,0,0,1,0,1
41595697,QM3,QM3,15,750,66556,1461,5,10,5,0,0,1,1,1,1,1,1,0,1,0,0,0,0,0,1,0,0,0,1,0,0,1,0,0,0,1,1,0
41596182,SM6,SM6,20,860,93517,1997,5,10,2,1,1,1,1,1,1,1,1,0,1,0,0,0,0,0,1,0,1,0,0,0,0,0,0,1,0,1,0,1
41596290,QM6,QM6,17,1260,133115,1995,5,8,0,1,1,1,1,1,1,1,1,1,1,0,0,0,0,0,1,0,0,0,1,0,0,1,0,0,0,1,1,0
41597051,QM6,더 뉴 QM6,17,1270,125534,1997,5,6,0,0,0,1,1,1,1,1,1,0,1,0,0,0,0,0,1,0,1,0,0,0,0,1,0,0,0,1,1,0
41597122,SM6,SM6,20,1070,78762,1998,5,9,0,0,1,1,1,1,1,1,1,1,1,0,0,0,0,0,1,1,0,0,0,0,0,0,1,0,0,1,0,1
41599287,QM5,QM5 네오,16,510,78797,1998,5,12,8,0,0,1,1,1,1,1,1,0,1,0,0,0,0,0,1,0,1,0,0,0,0,1,0,0,0,1,1,0
41599964,SM6,SM6,20,739,51006,1997,5,10,9,0,0,1,1,1,1,1,1,0,1,0,0,0,0,0,1,0,1,0,0,0,0,0,0,1,0,1,0,1
41601403,QM6,더 뉴 QM6,17,1640,86278,1997,5,5,0,0,1,1,1,1,1,1,1,0,1,0,0,0,0,0,1,0,1,0,0,0,0,1,0,0,0,1,1,0
41601422,QM6,더 뉴 QM6,17,1290,136292,1998,5,6,0,0,1,1,1,1,1,1,1,0,1,0,0,0,0,0,1,1,0,0,0,0,0,1,0,0,0,1,1,0
41601444,SM6,SM6,20,940,101109,1618,5,10,0,0,1,1,1,1,1,1,1,1,1,0,0,0,0,0,1,0,1,0,0,0,0,0,1,0,0,1,0,1
41602255,SM6,SM6,20,470,138567,1997,5,10,8,0,0,1,1,1,1,1,1,0,1,0,0,0,0,0,1,0,1,0,0,0,0,1,0,0,0,1,0,1
41602794,SM6,SM6,20,799,163429,1998,5,7,0,0,1,1,1,1,1,1,1,1,1,0,0,0,0,0,1,1,0,0,0,0,0,0,1,0,0,1,0,1
41603946,XM3,XM3,23,1350,63004,1598,5,5,3,0,1,1,1,1,1,0,1,0,1,0,0,0,0,0,1,0,1,0,0,0,0,1,0,0,0,1,1,0
41605397,QM6,QM6,17,930,114344,1997,5,9,10,0,0,1,1,1,1,0,1,1,1,0,0,0,0,0,1,0,1,0,0,0,0,0,0,1,0,1,1,0
41607613,SM3,SM3 네오,18,499,102801,1598,5,11,14,1,0,1,1,1,1,1,1,0,1,0,0,0,0,0,1,0,1,0,0,0,0,1,0,0,0,1,0,1
41608245,SM5,SM5 노바,19,650,70531,1998,5,9,3,0,0,1,1,0,0,1,1,0,1,0,0,0,0,0,1,1,0,0,0,0,0,0,1,0,0,1,0,1
41608445,마스터,마스터,38,1620,77933,2299,3,7,0,0,0,0,1,0,0,0,0,0,0,0,0,0,0,0,1,0,0,0,1,0,0,1,0,0,0,0,1,0
41609742,QM6,더 뉴 QM6,17,1460,108781,1998,5,4,1,0,1,1,0,1,1,0,1,0,1,0,0,0,0,0,1,1,0,0,0,0,0,0,1,0,0,1,1,0
41610321,QM3,QM3,15,690,68309,1461,5,10,4,0,0,1,1,1,1,0,1,0,1,0,0,0,0,0,1,0,0,0,1,0,0,0,0,0,1,1,1,0
41610524,SM5,SM5 노바,19,620,113003,1998,5,10,1,0,1,1,1,1,1,0,1,0,1,0,0,0,0,0,1,0,1,0,0,0,0,0,0,1,0,1,0,1
41611379,QM6,QM6,17,999,80356,1997,5,7,2,0,0,0,0,0,0,0,0,0,0,0,0,0,0,0,1,0,1,0,0,0,0,0,0,1,0,1,1,0
41611929,QM3,QM3,15,430,125806,1461,5,11,8,0,0,1,1,1,1,0,1,0,1,0,0,0,0,0,1,0,0,0,1,0,0,1,0,0,0,1,1,0
41613182,SM3,SM3 네오,18,540,44874,1598,5,11,3,0,0,1,1,0,0,1,1,0,1,0,0,0,0,0,1,0,1,0,0,0,0,0,0,1,0,1,0,1
41613232,QM6,더 뉴 QM6,17,1670,78580,1998,5,7,4,1,1,1,1,1,1,0,1,1,1,0,0,0,0,0,1,1,0,0,0,0,0,1,0,0,0,1,1,0
41613784,QM3,QM3,15,479,203379,1461,5,10,4,0,0,1,1,1,1,1,1,0,1,0,0,0,0,0,1,0,0,0,1,0,0,1,0,0,0,1,1,0
41614708,SM3,SM3 네오,18,270,158264,1598,5,12,14,0,0,1,1,0,0,0,1,0,1,0,0,0,0,0,1,0,1,0,0,0,0,1,0,0,0,1,0,1
41614788,SM6,SM6,20,780,126559,1997,5,9,6,1,1,1,1,1,1,0,1,1,1,0,0,0,0,0,1,0,1,0,0,0,0,0,0,1,0,1,0,1
41615544,QM3,QM3,15,600,135531,1461,5,11,17,0,0,1,1,1,1,1,1,0,1,0,0,0,0,0,1,0,0,0,1,0,0,0,0,1,0,1,1,0
41615725,SM6,더 뉴 SM6,20,408,83537,1332,5,4,2,0,1,1,0,1,0,0,1,0,1,0,0,0,0,0,1,0,1,0,0,0,0,0,1,0,0,1,0,1
41616322,SM5,뉴SM5 플래티넘,19,319,121173,1998,5,14,1,0,0,1,1,1,1,1,1,0,1,0,0,0,0,0,1,0,1,0,0,0,0,0,1,0,0,1,0,1
41619491,QM6,더 뉴 QM6,17,1699,99790,1997,5,6,1,1,1,1,1,1,1,1,1,1,1,0,0,0,0,0,1,0,1,0,0,0,0,1,0,0,0,1,1,0
41619855,SM7,SM7 노바,21,490,166132,2495,5,11,13,0,0,1,1,1,1,1,1,0,1,0,0,0,0,0,1,0,1,0,0,0,0,1,0,0,0,1,0,1
41619884,XM3,XM3,23,1690,42615,1598,5,3,7,0,1,1,1,1,1,0,1,0,1,0,0,0,0,0,1,0,1,0,0,0,0,0,0,1,0,1,1,0
41620229,XM3,XM3,23,1490,113408,1332,5,4,7,0,1,1,1,1,1,1,1,1,1,0,0,0,0,0,1,0,1,0,0,0,0,1,0,0,0,1,1,0
41620906,SM6,SM6,20,529,151897,1998,5,10,4,0,1,1,0,1,1,0,1,0,1,0,0,0,0,0,1,1,0,0,0,0,0,0,0,1,0,1,0,1
41621423,SM6,SM6,20,899,112567,1997,5,9,3,1,0,1,1,1,1,1,1,1,1,0,0,0,0,0,1,0,1,0,0,0,0,1,0,0,0,1,0,1
41621731,QM6,QM6,17,890,132700,1995,5,10,0,1,0,1,1,1,1,1,1,0,1,0,0,0,0,0,1,0,0,0,1,0,0,0,1,0,0,1,1,0
41621873,조에,조에,83,1430,59301,156,5,5,0,0,1,1,1,1,1,1,1,0,0,0,0,0,0,0,1,0,0,0,0,1,0,1,0,0,0,1,0,1
41621923,XM3,XM3,23,890,125855,1598,5,6,9,0,1,1,1,1,1,0,1,0,1,0,0,0,0,0,1,0,1,0,0,0,0,1,0,0,0,1,1,0
41622548,SM6,SM6,20,899,88039,1998,5,9,4,0,0,1,1,1,1,1,1,0,1,0,0,0,0,0,1,1,0,0,0,0,0,0,1,0,0,1,0,1
41623012,QM6,QM6,17,1050,147910,1995,5,8,5,0,1,1,1,1,1,0,1,1,1,0,0,0,0,0,1,0,0,0,1,0,0,1,0,0,0,1,1,0
41623594,SM6,더 뉴 SM6,20,1459,120510,1332,5,4,0,0,1,1,1,1,1,1,1,1,1,0,0,0,0,0,1,0,1,0,0,0,0,0,1,0,0,1,0,1
41623632,SM6,SM6,20,550,167292,1997,5,10,3,0,0,1,1,1,1,1,1,0,1,0,0,0,0,0,1,0,1,0,0,0,0,0,0,1,0,1,0,1
41623990,SM6,SM6,20,990,122628,1997,5,9,2,1,1,1,1,1,1,1,1,1,1,0,0,0,0,0,1,0,1,0,0,0,0,0,0,1,0,1,0,1
41624042,SM5,뉴SM5 플래티넘,19,350,130312,1998,5,12,13,0,1,1,1,1,1,1,1,0,1,0,0,0,0,0,1,0,1,0,0,0,0,0,1,0,0,1,0,1
41624236,SM7,SM7 노바,21,800,109062,1998,5,9,0,1,1,1,1,1,1,1,1,1,1,0,0,0,0,0,1,1,0,0,0,0,0,0,0,1,0,1,0,1
41624454,QM6,QM6,17,1240,99379,1997,5,8,3,0,1,1,1,1,1,1,1,0,1,0,0,0,0,0,1,0,1,0,0,0,0,0,0,1,0,1,1,0
41624569,SM7,SM7 노바,21,530,136974,2495,5,12,2,0,1,1,1,1,1,0,1,1,1,0,0,0,0,0,1,0,1,0,0,0,0,0,0,1,0,1,0,1
41624756,SM6,SM6,20,459,143993,1997,5,10,2,1,1,1,1,1,1,1,1,1,1,0,0,0,0,0,1,0,1,0,0,0,0,1,0,0,0,1,0,1
41625765,SM6,SM6,20,1220,17566,1998,5,7,3,0,1,1,1,1,1,1,1,0,1,0,0,0,0,0,1,1,0,0,0,0,0,0,0,1,0,1,0,1
41626259,SM6,더 뉴 SM6,20,1040,73907,1332,5,6,12,0,1,1,0,1,0,0,1,0,1,0,0,0,0,0,1,0,1,0,0,0,0,0,1,0,0,1,0,1
41627359,QM6,더 뉴 QM6,17,468,90247,1998,5,4,2,0,0,0,0,0,0,0,0,0,0,0,0,0,0,0,1,1,0,0,0,0,0,1,0,0,0,1,1,0
41627604,QM6,더 뉴 QM6,17,1590,106575,1997,5,6,1,0,1,1,1,1,1,1,1,1,1,0,0,0,0,0,1,0,1,0,0,0,0,0,0,1,0,1,1,0
41627718,QM5,QM5 네오,16,390,112823,1998,5,11,6,0,0,0,1,0,0,1,1,0,1,0,0,0,0,0,1,0,1,0,0,0,0,1,0,0,0,1,1,0
41629014,SM6,SM6,20,690,115603,1997,5,9,11,1,0,1,1,1,1,1,1,0,1,0,0,0,0,0,1,0,1,0,0,0,0,0,0,1,0,1,0,1
41630881,QM3,QM3,15,430,122231,1461,5,12,4,0,0,1,1,1,1,1,1,0,1,0,0,0,0,0,1,0,0,0,1,0,0,0,0,1,0,1,1,0
41631055,SM5,뉴SM5(신형),19,280,100100,1998,5,14,7,1,1,1,1,1,1,0,1,0,1,0,0,0,0,0,1,0,1,0,0,0,0,1,0,0,0,1,0,1
41631214,QM6,더 뉴 QM6,17,1660,82752,1998,5,5,0,0,1,1,1,1,1,1,1,1,1,0,0,0,0,0,1,1,0,0,0,0,0,1,0,0,0,1,1,0
41631299,QM6,더 뉴 QM6,17,1389,71727,1998,5,7,4,0,0,1,1,1,1,1,1,0,1,0,0,0,0,0,1,1,0,0,0,0,0,0,0,1,0,1,1,0
41633747,SM7,SM7 노바,21,750,128753,1998,5,8,8,0,1,1,1,1,1,1,1,1,1,0,0,0,0,0,1,1,0,0,0,0,0,1,0,0,0,1,0,1
41633988,SM5,뉴SM5 플래티넘,19,440,107015,1998,5,13,2,0,1,1,1,1,1,1,1,0,1,0,0,0,0,0,1,0,1,0,0,0,0,0,1,0,0,1,0,1
41634297,SM5,뉴SM5(신형),19,280,136240,1998,5,14,2,0,0,0,0,0,0,0,0,0,0,0,0,0,0,0,1,0,1,0,0,0,0,1,0,0,0,1,0,1
41634549,XM3,XM3,23,1230,63748,1598,5,4,17,0,1,1,1,1,1,1,1,1,1,0,0,0,0,0,1,0,1,0,0,0,0,1,0,0,0,1,1,0
41635340,XM3,XM3,23,1577,123084,1332,5,4,8,0,1,1,1,1,1,1,1,1,1,0,0,0,0,0,1,0,1,0,0,0,0,1,0,0,0,1,1,0
41635384,SM6,SM6,20,580,176239,1998,5,10,2,0,0,1,1,1,1,1,1,0,1,0,0,0,0,0,1,1,0,0,0,0,0,1,0,0,0,1,0,1
41635726,XM3,XM3,23,1099,135615,1598,5,5,5,0,1,1,0,1,1,0,1,0,1,0,0,0,0,0,1,0,1,0,0,0,0,0,0,1,0,1,1,0
41636599,XM3,XM3,23,1299,97914,1332,5,6,5,0,1,1,1,1,1,1,1,0,1,0,0,0,0,0,1,0,1,0,0,0,0,0,0,1,0,1,1,0
41636930,SM6,SM6,20,1000,51253,1997,5,10,0,1,0,1,1,1,1,0,1,0,1,0,0,0,0,0,1,0,1,0,0,0,0,0,1,0,0,1,0,1
41636993,SM6,SM6,20,1260,73077,1997,5,7,0,0,1,1,1,1,1,1,1,1,1,0,0,0,0,0,1,0,1,0,0,0,0,0,0,1,0,1,0,1
41637973,QM6,QM6,17,1630,69634,1997,5,8,0,1,1,1,1,1,1,1,1,1,1,0,0,0,0,0,1,0,1,0,0,0,0,0,0,1,0,1,1,0
41638042,QM6,더 뉴 QM6,17,1670,95507,1998,5,4,1,0,1,1,1,1,1,1,1,1,1,0,0,0,0,0,1,1,0,0,0,0,0,0,0,1,0,1,1,0
41638238,SM6,SM6,20,1150,37987,1997,5,8,0,0,1,1,1,1,1,1,1,0,1,0,0,0,0,0,1,0,1,0,0,0,0,1,0,0,0,1,0,1
41638272,SM6,SM6,20,490,202775,1997,5,10,7,0,1,1,1,1,1,1,1,0,1,0,0,0,0,0,1,0,1,0,0,0,0,1,0,0,0,1,0,1
41638943,SM5,뉴SM5 플래티넘,19,320,140273,1998,5,13,2,0,0,1,0,1,1,0,1,0,1,0,0,0,0,0,1,1,0,0,0,0,0,1,0,0,0,1,0,1
41638968,SM6,SM6,20,640,121612,1998,5,9,2,0,0,1,1,1,1,1,1,0,1,0,0,0,0,0,1,1,0,0,0,0,0,0,1,0,0,1,0,1
41642148,XM3,XM3,23,1440,41012,1598,5,6,2,0,0,0,0,0,0,0,0,0,0,0,0,0,0,0,1,0,1,0,0,0,0,1,0,0,0,1,1,0
41642213,SM6,SM6,20,670,111322,1998,5,9,15,1,0,1,1,1,1,0,1,0,1,0,0,0,0,0,1,1,0,0,0,0,0,0,1,0,0,1,0,1
41642347,SM6,SM6,20,370,209305,1998,5,10,3,0,0,1,1,1,1,0,1,0,1,0,0,0,0,0,1,1,0,0,0,0,0,0,0,0,1,1,0,1
41642441,XM3,XM3,23,1430,47899,1332,5,4,6,0,1,1,1,1,1,1,1,1,1,0,0,0,0,0,1,0,1,0,0,0,0,0,1,0,0,1,1,0
41642490,QM5,QM5 네오,16,510,113486,1995,5,11,7,1,0,1,1,1,1,1,1,0,1,0,0,0,0,0,1,0,0,0,1,0,0,0,0,1,0,1,1,0
41642828,QM3,QM3,15,720,87372,1461,5,9,2,0,0,1,0,1,1,0,1,0,1,0,0,0,0,0,1,0,0,0,1,0,0,1,0,0,0,1,1,0
41644160,SM6,SM6,20,749,113233,1997,5,8,9,0,1,1,1,1,1,1,1,1,1,0,0,0,0,0,1,0,1,0,0,0,0,0,0,1,0,1,0,1
41644419,SM3,SM3 네오,18,350,167321,1598,5,12,2,0,0,1,0,1,1,0,1,0,1,0,0,0,0,0,1,0,1,0,0,0,0,1,0,0,0,1,0,1
41646991,SM5,뉴SM5(신형),19,250,126074,1998,5,16,8,1,0,1,1,1,1,1,1,0,1,0,0,0,0,0,1,0,1,0,0,0,0,1,0,0,0,1,0,1
41647141,SM6,SM6,20,579,140439,1997,5,10,2,0,0,1,1,1,1,1,1,0,1,0,0,0,0,0,1,0,1,0,0,0,0,0,0,1,0,1,0,1
41647656,SM6,SM6,20,1250,39299,1997,5,8,1,0,1,1,1,1,1,1,1,1,1,0,0,0,0,0,1,0,1,0,0,0,0,0,0,1,0,1,0,1
41648255,QM6,QM6,17,1280,111960,1997,5,8,2,0,1,1,1,1,1,1,1,1,1,0,0,0,0,0,1,0,1,0,0,0,0,1,0,0,0,1,1,0
41648584,QM6,QM6,17,980,165481,1995,5,9,1,1,1,1,1,1,1,1,1,1,1,0,0,0,0,0,1,0,0,0,1,0,0,1,0,0,0,1,1,0
41648731,QM5,QM5 네오,16,899,46911,1998,5,10,2,1,0,1,1,1,1,1,1,0,1,0,0,0,0,0,1,0,1,0,0,0,0,1,0,0,0,1,1,0
41650136,XM3,XM3,23,1390,40073,1332,5,6,8,0,1,1,1,1,1,1,1,1,1,0,0,0,0,0,1,0,1,0,0,0,0,0,0,1,0,1,1,0
41651370,SM5,뉴SM5(신형),19,250,190087,1998,5,15,15,0,0,1,1,1,1,1,1,0,1,0,0,0,0,0,1,0,1,0,0,0,0,0,1,0,0,1,0,1
41651602,QM6,QM6,17,1430,55866,1995,5,7,6,0,1,1,1,1,1,1,1,1,1,0,0,0,0,0,1,0,0,0,1,0,0,0,1,0,0,1,1,0
41652709,SM6,SM6,20,1040,126291,1461,5,10,0,1,1,1,1,1,1,1,1,0,1,0,0,0,0,0,1,0,0,0,1,0,0,0,0,1,0,1,0,1
41653244,SM6,더 뉴 SM6,20,1200,109096,1998,5,2,3,0,1,1,1,1,1,0,1,0,1,0,0,0,0,0,1,1,0,0,0,0,0,0,0,1,0,1,0,1
41653492,SM3,SM3 네오,18,380,124632,1598,5,9,9,0,0,1,1,1,1,1,1,0,1,0,0,0,0,0,1,0,1,0,0,0,0,0,0,1,0,1,0,1
41653526,SM6,SM6,20,1100,144705,1461,5,10,6,1,1,1,1,1,1,1,1,1,1,0,0,0,0,0,1,0,0,0,1,0,0,0,0,1,0,1,0,1
41655733,XM3,XM3,23,1690,29481,1332,5,6,0,0,1,1,1,1,1,1,1,0,1,0,0,0,0,0,1,0,1,0,0,0,0,0,0,1,0,1,1,0
41656458,SM5,뉴SM5(신형),19,270,107541,1998,5,16,8,0,0,1,1,1,1,1,1,0,1,0,0,0,0,0,1,0,1,0,0,0,0,0,1,0,0,1,0,1
41657194,QM3,QM3,15,470,143352,1461,5,10,4,0,0,1,1,1,1,0,1,0,1,0,0,0,0,0,1,0,0,0,1,0,0,0,0,0,1,1,1,0
41658048,SM6,SM6,20,675,102054,1997,5,10,10,0,0,1,1,1,1,1,1,0,1,0,0,0,0,0,1,0,1,0,0,0,0,0,0,1,0,1,0,1
41658787,클리오,클리오,96,1090,50687,1461,5,7,4,1,1,1,1,1,1,1,1,0,1,0,0,0,0,0,1,0,0,0,1,0,0,1,0,0,0,1,0,1
37236065,트랙스,트랙스,103,480,138674,1362,5,13,10,0,0,1,1,0,0,0,1,0,1,0,0,0,0,1,0,0,1,0,0,0,0,1,0,0,0,1,1,0
37320192,스파크,스파크,54,299,97651,995,5,11,16,0,0,1,0,0,0,0,1,0,1,0,0,0,0,1,0,0,1,0,0,0,0,1,0,0,0,1,0,1
37593360,올란도,올란도,77,359,150068,1998,7,12,6,0,0,0,1,0,0,1,0,0,0,0,0,0,0,1,0,0,0,0,1,0,0,0,0,1,0,1,1,0
37691108,알페온,알페온,70,299,191279,2384,5,15,4,1,1,1,1,1,1,1,1,0,1,0,0,0,0,1,0,0,1,0,0,0,0,0,1,0,0,1,0,1
37862472,아베오,아베오 해치백,63,410,93475,1598,5,15,7,0,0,0,1,0,0,0,0,0,0,0,0,0,0,1,0,0,1,0,0,0,0,1,0,0,0,1,0,1
37988789,말리부,올 뉴 말리부,40,799,123890,1490,5,9,4,0,1,1,1,1,1,0,1,1,1,0,0,0,0,1,0,0,1,0,0,0,0,0,0,0,1,1,0,1
38198898,스파크,스파크,54,290,161488,995,5,12,1,0,0,1,0,0,0,0,1,0,1,0,0,0,0,1,0,1,0,0,0,0,0,0,0,1,0,1,0,1
38238748,크루즈,어메이징 뉴 크루즈,95,370,125556,1998,5,11,16,0,0,1,1,0,1,1,1,0,1,0,0,0,0,1,0,0,0,0,1,0,0,0,1,0,0,1,0,1
38270989,스파크,스파크,54,169,83482,995,5,15,2,0,0,1,0,0,0,0,1,0,1,0,0,0,0,1,0,0,1,0,0,0,0,1,0,0,0,1,0,1
38387143,올란도,올란도,77,410,116267,1998,7,15,3,0,0,1,0,1,1,1,1,0,1,0,0,0,0,1,0,0,0,0,1,0,0,0,0,1,0,1,1,0
38425351,크루즈,크루즈,95,250,178206,1796,5,14,9,1,0,1,0,1,1,0,1,0,1,0,0,0,0,1,0,0,1,0,0,0,0,0,1,0,0,1,0,1
38556633,트랙스,트랙스,103,360,196438,1598,5,11,4,0,0,1,1,0,0,0,1,0,1,0,0,0,0,1,0,0,0,0,1,0,0,1,0,0,0,1,1,0
38557652,윈스톰,윈스톰 맥스,78,259,166263,1991,5,18,6,1,0,1,0,0,0,0,1,0,1,0,0,0,0,1,0,0,0,0,1,0,0,0,0,1,0,1,1,0
38558514,말리부,올 뉴 말리부,40,990,18433,1490,5,9,8,0,0,1,1,1,1,0,1,0,1,0,0,0,0,1,0,0,1,0,0,0,0,1,0,0,0,1,0,1
38587950,트랙스,트랙스,103,490,99405,1598,5,11,10,0,0,1,1,0,0,1,1,0,1,0,0,0,0,1,0,0,0,0,1,0,0,1,0,0,0,1,1,0
38631159,올란도,올란도,77,670,118801,1998,5,8,14,0,0,1,1,0,1,1,1,0,1,0,0,0,0,1,0,1,0,0,0,0,0,1,0,0,0,1,1,0
38650741,크루즈,크루즈,95,350,189741,1998,5,12,4,1,0,1,1,0,1,0,1,0,1,0,0,0,0,1,0,0,0,0,1,0,0,1,0,0,0,1,0,1
38735686,말리부,말리부,40,520,106364,1956,5,11,17,1,0,1,1,1,1,1,1,0,1,0,0,0,0,1,0,0,0,0,1,0,0,0,0,1,0,1,0,1
38882308,올란도,올란도,77,390,147562,1998,7,11,7,0,0,0,1,0,0,1,0,0,0,0,0,0,0,1,0,1,0,0,0,0,0,0,0,1,0,1,1,0
38901868,아카디아,아카디아,69,570,194171,3206,5,30,0,0,0,0,0,1,0,0,0,0,1,0,0,0,0,1,0,0,1,0,0,0,0,0,1,0,0,1,0,1
38935586,스파크,스파크,54,235,113646,995,5,15,14,0,0,1,0,0,0,1,0,0,0,0,0,0,0,1,0,0,1,0,0,0,0,1,0,0,0,0,0,1
39093126,트랙스,트랙스,103,600,89745,1362,5,13,4,0,0,1,0,0,0,0,1,0,1,0,0,0,0,1,0,0,1,0,0,0,0,0,0,0,1,1,1,0
39127965,임팔라,임팔라,80,490,148432,2457,5,10,2,0,0,1,1,1,1,0,1,0,1,0,0,0,0,1,0,0,1,0,0,0,0,0,0,1,0,1,0,1
39174119,올란도,올란도,77,530,97357,1998,7,12,17,0,0,1,0,0,0,0,1,0,0,0,0,0,0,1,0,0,0,0,1,0,0,0,0,1,0,1,1,0
39181819,말리부,말리부,40,409,173920,1998,5,11,2,1,0,1,1,1,1,0,1,0,1,0,0,0,0,1,0,0,1,0,0,0,0,0,1,0,0,1,0,1
39222848,올란도,올란도,77,299,126951,1998,7,15,16,0,0,1,1,0,0,1,1,0,1,0,0,0,0,1,0,0,0,0,1,0,0,0,0,1,0,1,1,0
39228904,트랙스,더 뉴 트랙스,103,1150,50005,1598,5,7,2,0,0,1,1,0,1,0,1,0,1,0,0,0,0,1,0,0,0,0,1,0,0,0,1,0,0,1,1,0
39292064,말리부,올 뉴 말리부,40,690,176893,1796,5,9,15,1,0,1,1,1,1,1,1,0,1,0,0,0,0,1,0,0,0,1,0,0,0,1,0,0,0,1,0,1
39306775,라보,뉴 라보,32,780,40536,796,2,11,0,0,0,0,0,0,0,0,0,0,0,0,0,0,0,1,0,1,0,0,0,0,0,1,0,0,0,0,1,0
39342346,올란도,올란도,77,870,65045,1998,7,9,4,0,0,1,1,0,1,1,1,0,1,0,0,0,0,1,0,1,0,0,0,0,0,0,0,1,0,1,1,0
39354924,라보,뉴 라보,32,690,60326,796,2,8,10,0,0,0,0,0,0,0,0,0,0,0,0,0,0,1,0,1,0,0,0,0,0,1,0,0,0,0,1,0
39443598,크루즈,올 뉴 크루즈,95,730,79029,1399,5,9,6,1,0,1,1,1,1,0,0,0,1,0,0,0,0,1,0,0,1,0,0,0,0,0,0,1,0,1,0,1
39460832,스파크,더 넥스트 스파크,54,590,91559,999,5,11,2,0,0,1,1,1,1,0,1,0,1,0,0,0,0,1,0,0,1,0,0,0,0,1,0,0,0,1,0,1
39466975,올란도,올란도,77,470,86268,1998,7,15,1,0,0,1,0,1,1,0,1,0,1,0,0,0,0,1,0,0,0,0,1,0,0,0,0,1,0,1,1,0
39471043,스파크,더 넥스트 스파크,54,440,122050,999,5,10,9,0,0,1,0,0,0,0,1,0,1,0,0,0,0,1,0,0,1,0,0,0,0,0,0,0,1,1,0,1
39478147,말리부,말리부,40,570,94389,1998,5,11,4,0,0,1,1,1,1,1,1,0,1,0,0,0,0,1,0,0,1,0,0,0,0,0,0,1,0,1,0,1
39512675,크루즈,어메이징 뉴 크루즈,95,400,86971,1998,5,11,5,0,0,1,1,1,1,0,1,0,1,0,0,0,0,1,0,0,0,0,1,0,0,0,1,0,0,1,0,1
39521158,말리부,올 뉴 말리부,40,780,66541,1490,5,9,2,0,0,1,1,0,1,0,0,0,1,0,0,0,0,1,0,0,1,0,0,0,0,1,0,0,0,1,0,1
39525092,말리부,말리부,40,439,132019,1998,5,11,12,0,0,1,1,1,1,1,1,0,1,0,0,0,0,1,0,0,1,0,0,0,0,1,0,0,0,1,0,1
39529195,스파크,스파크,54,290,104120,995,5,13,17,0,0,1,0,0,0,1,1,0,1,0,0,0,0,1,0,0,1,0,0,0,0,0,0,0,1,1,0,1
39535503,올란도,올란도,77,430,121218,1998,7,12,5,0,0,1,0,0,1,0,1,0,1,0,0,0,0,1,0,0,0,0,1,0,0,0,0,0,1,1,1,0
39549466,임팔라,임팔라,80,950,73263,2457,5,10,8,0,1,1,1,1,1,0,1,1,1,0,0,0,0,1,0,0,1,0,0,0,0,0,0,1,0,1,0,1
39585881,스파크,스파크,54,299,64747,995,5,14,14,0,0,1,1,1,0,1,1,0,1,0,0,0,0,1,0,0,1,0,0,0,0,1,0,0,0,1,0,1
39663526,알페온,알페온,70,355,107800,2384,5,13,8,0,1,1,1,1,1,0,1,1,1,0,0,0,0,1,0,0,1,0,0,0,0,0,1,0,0,1,0,1
39687707,크루즈,크루즈,95,370,64369,1362,5,12,3,0,0,1,1,1,1,0,1,0,1,0,0,0,0,1,0,0,1,0,0,0,0,1,0,0,0,1,0,1
39693581,트랙스,더 뉴 트랙스,103,890,70827,1362,5,10,11,0,0,1,1,0,1,0,1,0,1,0,0,0,0,1,0,0,1,0,0,0,0,0,1,0,0,1,1,0
39698584,스파크,더 뉴 스파크,54,870,38843,999,5,5,2,0,0,1,1,0,1,0,1,0,1,0,0,0,0,1,0,0,1,0,0,0,0,1,0,0,0,1,0,1
39710349,임팔라,임팔라,80,680,97218,2457,5,11,2,0,0,1,1,1,1,1,1,0,1,0,0,0,0,1,0,0,1,0,0,0,0,1,0,0,0,1,0,1
39711083,말리부,올 뉴 말리부,40,670,140264,1490,5,9,8,0,0,1,1,1,1,0,1,0,1,0,0,0,0,1,0,0,1,0,0,0,0,0,0,0,1,1,0,1
39723161,라보,뉴 라보,32,670,61300,800,2,14,9,0,0,0,0,0,0,0,0,0,0,0,0,0,0,1,0,1,0,0,0,0,0,0,0,0,1,0,1,0
39723368,크루즈,크루즈5,95,360,75103,1796,5,15,10,1,0,1,1,1,1,1,1,0,1,0,0,0,0,1,0,0,1,0,0,0,0,1,0,0,0,1,0,1
39733185,올란도,올란도,77,280,131205,1998,7,13,3,0,0,1,1,0,1,1,1,0,1,0,0,0,0,1,0,0,0,0,1,0,0,0,0,0,1,1,1,0
39754399,트랙스,더 뉴 트랙스,103,850,56798,1598,5,8,19,0,0,1,1,0,1,0,1,0,1,0,0,0,0,1,0,0,0,0,1,0,0,0,0,1,0,1,1,0
39788365,올란도,올란도,77,490,124211,1998,7,14,5,0,0,1,1,0,1,1,1,0,1,0,0,0,0,1,0,0,0,0,1,0,0,0,0,1,0,1,1,0
39791143,말리부,올 뉴 말리부,40,550,139164,1490,5,9,11,0,0,1,1,1,1,0,1,0,1,0,0,0,0,1,0,0,1,0,0,0,0,0,0,0,1,1,0,1
39792795,에스페로,에스페로,72,555,247404,1498,5,30,2,0,0,0,0,0,0,0,0,0,0,0,0,0,0,1,0,0,1,0,0,0,0,1,0,0,0,1,0,1
39793712,스파크,스파크,54,380,82425,995,5,12,8,0,0,1,1,0,0,0,1,0,1,0,0,0,0,1,0,0,1,0,0,0,0,1,0,0,0,1,0,1
39815813,트랙스,트랙스,103,430,141097,1362,5,11,14,1,0,1,1,0,0,1,1,0,1,0,0,0,0,1,0,0,1,0,0,0,0,1,0,0,0,1,1,0
39845638,올란도,올란도,77,400,169864,1998,7,12,3,0,0,1,1,0,0,0,1,0,1,0,0,0,0,1,0,1,0,0,0,0,0,0,0,1,0,1,1,0
39845913,스파크,스파크,54,290,108910,995,5,13,3,0,0,1,1,0,0,1,1,0,1,0,0,0,0,1,0,0,1,0,0,0,0,1,0,0,0,1,0,1
39872642,올란도,올란도,77,660,71830,1998,7,10,8,0,0,1,1,0,1,1,1,0,1,0,0,0,0,1,0,1,0,0,0,0,0,1,0,0,0,1,1,0
39886910,스파크,스파크,54,260,90420,995,5,15,13,0,0,1,1,0,0,1,1,0,1,0,0,0,0,1,0,0,1,0,0,0,0,0,0,0,1,1,0,1
39893609,크루즈,어메이징 뉴 크루즈,95,690,35148,1362,5,10,2,1,0,1,1,0,1,1,1,0,1,0,0,0,0,1,0,0,1,0,0,0,0,1,0,0,0,1,0,1
39900105,알페온,알페온,70,320,171433,2384,5,14,19,0,0,1,1,1,1,0,1,0,1,0,0,0,0,1,0,0,0,1,0,0,0,0,0,1,0,1,0,1
39902789,크루즈,크루즈,95,299,140708,1998,5,14,8,0,0,1,1,0,1,1,1,0,1,0,0,0,0,1,0,0,0,0,1,0,0,0,1,0,0,1,0,1
39932602,캡티바,캡티바,90,690,71766,1998,7,11,2,1,0,1,0,1,1,1,1,0,1,0,0,0,0,1,0,0,0,0,1,0,0,1,0,0,0,1,1,0
39944005,크루즈,올 뉴 크루즈,95,720,83929,1399,5,9,9,0,0,1,1,1,1,0,1,0,1,0,0,0,0,1,0,0,1,0,0,0,0,0,0,1,0,1,0,1
39949472,크루즈,어메이징 뉴 크루즈,95,399,69677,1796,5,11,8,0,0,1,1,0,0,1,1,0,0,0,0,0,0,1,0,0,1,0,0,0,0,0,0,1,0,1,0,1
39962288,스파크,스파크,54,350,94668,995,5,15,11,0,0,1,1,0,0,1,1,0,1,0,0,0,0,1,0,0,1,0,0,0,0,0,0,0,1,1,0,1
39976535,아베오,아베오 세단,63,260,108870,1598,5,12,2,0,0,1,1,0,0,1,1,0,1,0,0,0,0,1,0,0,1,0,0,0,0,1,0,0,0,1,0,1
39998723,임팔라,임팔라,80,840,109142,3564,5,11,8,1,1,1,1,1,1,0,1,1,1,0,0,0,0,1,0,0,1,0,0,0,0,1,0,0,0,1,0,1
40000605,이쿼녹스,이쿼녹스,79,830,128482,1598,5,8,2,0,0,1,0,0,1,0,0,0,0,0,0,0,0,1,0,0,0,0,1,0,0,0,0,1,0,1,1,0
40006595,말리부,올 뉴 말리부,40,880,145036,1490,5,10,1,0,1,1,1,1,1,1,1,1,1,0,0,0,0,1,0,0,1,0,0,0,0,0,1,0,0,1,0,1
40015759,말리부,말리부,40,310,150022,1998,5,14,2,0,0,1,1,1,1,1,1,0,1,0,0,0,0,1,0,0,1,0,0,0,0,0,1,0,0,1,0,1
40030754,스파크,스파크,54,170,118850,995,5,14,2,0,0,1,1,0,0,1,0,0,0,0,0,0,0,1,0,0,1,0,0,0,0,0,0,1,0,1,0,1
40053255,트랙스,트랙스,103,850,61292,1598,5,10,8,1,0,1,1,0,0,1,1,0,1,0,0,0,0,1,0,0,0,0,1,0,0,1,0,0,0,1,1,0
40066880,아베오,아베오 세단,63,180,154688,1598,5,15,14,0,0,1,1,0,0,1,1,0,1,0,0,0,0,1,0,0,1,0,0,0,0,0,1,0,0,0,0,1
40069652,말리부,올 뉴 말리부,40,800,139300,1490,5,9,11,0,1,1,1,1,1,1,1,1,1,0,0,0,0,1,0,0,1,0,0,0,0,0,0,0,1,1,0,1
40075807,알페온,알페온,70,350,138788,2384,5,14,6,0,1,1,1,1,1,0,1,0,1,0,0,0,0,1,0,0,1,0,0,0,0,0,1,0,0,1,0,1
40080987,스파크,더 넥스트 스파크,54,650,62166,999,5,10,3,0,0,1,1,1,1,1,1,0,1,0,0,0,0,1,0,0,1,0,0,0,0,1,0,0,0,1,0,1
40085607,트랙스,트랙스,103,600,113818,1598,5,11,4,1,0,1,1,0,0,1,1,0,1,0,0,0,0,1,0,0,0,0,1,0,0,0,1,0,0,1,1,0
40101880,스파크,스파크,54,270,74829,995,5,13,2,0,0,1,0,0,0,0,1,0,1,0,0,0,0,1,0,0,1,0,0,0,0,0,0,0,1,1,0,1
40136218,스파크,스파크,54,230,104361,995,5,15,13,0,0,1,1,0,0,1,1,0,1,0,0,0,0,1,0,0,1,0,0,0,0,0,0,0,1,1,0,1
40140085,올란도,올란도,77,455,121615,1998,7,14,2,1,0,1,0,1,1,0,1,0,1,0,0,0,0,1,0,0,0,0,1,0,0,0,0,1,0,1,1,0
40143318,올란도,올란도,77,430,110346,1998,7,13,5,1,0,1,1,0,1,1,1,0,1,0,0,0,0,1,0,0,0,0,1,0,0,1,0,0,0,1,1,0
40149532,말리부,말리부,40,320,120320,1998,5,13,15,1,1,1,1,1,1,0,1,0,1,0,0,0,0,1,0,0,1,0,0,0,0,0,1,0,0,1,0,1
40179701,아베오,아베오 해치백,63,365,96570,1598,5,15,20,1,0,1,1,0,0,1,0,0,0,0,0,0,0,1,0,0,1,0,0,0,0,0,0,1,0,0,0,1
40179998,아베오,아베오 해치백,63,399,95714,1598,5,13,3,0,0,1,1,0,0,0,1,0,0,0,0,0,0,1,0,0,1,0,0,0,0,1,0,0,0,1,0,1
40191718,라보,뉴 라보,32,1070,20210,800,2,13,0,0,0,0,0,0,0,0,0,0,0,0,0,0,0,1,0,1,0,0,0,0,0,1,0,0,0,0,1,0
40204343,스파크,더 넥스트 스파크,54,410,73470,999,5,9,13,0,0,1,1,0,0,1,1,0,1,0,0,0,0,1,0,0,1,0,0,0,0,0,0,0,1,1,0,1
40206124,임팔라,임팔라,80,530,157264,2457,5,10,8,0,1,1,1,1,1,0,1,1,1,0,0,0,0,1,0,0,1,0,0,0,0,0,1,0,0,1,0,1
40226284,스파크,스파크,54,310,65042,995,5,12,17,0,0,1,1,0,0,1,1,0,1,0,0,0,0,1,0,0,1,0,0,0,0,0,0,1,0,1,0,1
40226584,이쿼녹스,이쿼녹스,79,1100,114190,1598,5,7,3,0,1,1,1,1,1,1,1,0,1,0,0,0,0,1,0,0,0,0,1,0,0,1,0,0,0,1,1,0
40251713,크루즈,크루즈,95,290,135282,1796,5,12,4,1,0,1,1,1,1,0,1,0,1,0,0,0,0,1,0,0,1,0,0,0,0,1,0,0,0,1,0,1
40260828,에스페로,에스페로,72,1090,143516,1498,5,32,12,0,0,0,1,0,0,0,0,0,0,0,0,0,0,1,0,0,1,0,0,0,0,1,0,0,0,1,0,1
40265527,올란도,올란도,77,580,127418,1998,7,9,11,0,0,0,1,0,0,0,0,0,1,0,0,0,0,1,0,1,0,0,0,0,0,0,0,1,0,1,1,0
40274288,아베오,아베오 해치백,63,230,86026,1598,5,15,20,1,0,1,1,0,0,1,1,0,1,0,0,0,0,1,0,0,1,0,0,0,0,0,0,0,1,1,0,1
40281575,크루즈,어메이징 뉴 크루즈,95,360,112297,1362,5,10,21,1,0,1,1,1,1,0,1,0,1,0,0,0,0,1,0,0,1,0,0,0,0,0,1,0,0,1,0,1
40286685,크루즈,크루즈5,95,180,156374,1796,5,15,2,1,0,1,0,1,1,0,1,0,1,0,0,0,0,1,0,0,1,0,0,0,0,1,0,0,0,1,0,1
40292061,트랙스,더 뉴 트랙스,103,810,82884,1362,5,8,0,0,0,1,1,0,1,1,1,0,1,0,0,0,0,1,0,0,1,0,0,0,0,0,1,0,0,1,1,0
40296625,말리부,올 뉴 말리부,40,910,104321,1490,5,10,3,0,1,1,1,1,1,1,1,1,1,0,0,0,0,1,0,0,1,0,0,0,0,0,1,0,0,1,0,1
40297659,트랙스,트랙스,103,615,92394,1362,5,11,11,1,0,1,1,0,0,0,1,0,1,0,0,0,0,1,0,0,1,0,0,0,0,1,0,0,0,1,1,0
40301928,말리부,올 뉴 말리부,40,950,119725,1490,5,10,2,0,1,1,1,1,1,1,1,1,1,0,0,0,0,1,0,0,1,0,0,0,0,1,0,0,0,1,0,1
40315414,말리부,말리부,40,299,143695,1956,5,12,7,0,0,1,1,1,1,1,1,0,1,0,0,0,0,1,0,0,0,0,1,0,0,0,0,1,0,1,0,1
40315981,알페온,알페온,70,750,70150,2384,5,11,5,0,0,1,1,1,1,0,1,0,1,0,0,0,0,1,0,0,1,0,0,0,0,1,0,0,0,1,0,1
40329801,스파크,스파크,54,300,82130,995,5,13,19,0,0,1,0,0,0,0,1,0,1,0,0,0,0,1,0,0,1,0,0,0,0,0,0,1,0,1,0,1
40330525,올란도,올란도,77,740,125120,1998,7,9,4,0,0,1,1,1,1,1,1,0,1,0,0,0,0,1,0,1,0,0,0,0,0,1,0,0,0,1,1,0
40331332,말리부,올 뉴 말리부,40,599,153551,1998,5,8,11,0,0,1,1,1,1,0,1,0,1,0,0,0,0,1,0,0,1,0,0,0,0,0,1,0,0,1,0,1
40334723,올란도,올란도,77,599,115393,1998,7,11,4,0,0,1,1,1,1,1,1,0,1,0,0,0,0,1,0,1,0,0,0,0,0,0,0,1,0,1,1,0
40354601,크루즈,올 뉴 크루즈,95,850,50538,1399,5,9,7,1,0,1,1,1,1,1,1,0,1,0,0,0,0,1,0,0,1,0,0,0,0,1,0,0,0,1,0,1
40355267,스파크,스파크,54,270,123830,995,5,12,14,0,0,1,1,0,0,1,1,0,1,0,0,0,0,1,0,0,1,0,0,0,0,0,0,0,1,1,0,1
40373123,스파크,더 넥스트 스파크,54,530,98055,999,5,10,3,0,0,1,1,0,0,0,1,0,1,0,0,0,0,1,0,0,1,0,0,0,0,1,0,0,0,1,0,1
40384518,올란도,올란도,77,380,150288,1998,7,13,7,0,0,0,0,0,0,0,0,0,0,0,0,0,0,1,0,0,0,0,1,0,0,0,1,0,0,1,1,0
40387131,아베오,아베오 세단,63,430,84254,1362,5,11,2,0,0,1,1,0,0,0,1,0,1,0,0,0,0,1,0,0,1,0,0,0,0,0,0,1,0,1,0,1
40397970,올란도,올란도,77,379,136296,1998,7,13,4,0,0,1,1,0,1,0,1,0,1,0,0,0,0,1,0,0,0,0,1,0,0,1,0,0,0,1,1,0
40400570,말리부,말리부,40,460,122329,1998,5,11,4,0,0,1,1,1,1,0,1,0,1,0,0,0,0,1,0,0,1,0,0,0,0,0,1,0,0,1,0,1
40409430,임팔라,임팔라,80,660,136805,2457,5,10,2,0,1,1,1,1,1,0,1,1,1,0,0,0,0,1,0,0,1,0,0,0,0,0,1,0,0,1,0,1
40409875,티코,티코,106,195,149813,796,5,29,19,0,0,0,0,0,0,0,0,0,0,0,0,0,0,1,0,0,1,0,0,0,0,0,0,0,1,1,0,1
40419143,올란도,올란도,77,260,185210,1998,7,12,14,0,0,1,0,0,0,0,1,0,0,0,0,0,0,1,0,1,0,0,0,0,0,0,0,1,0,1,1,0
40429682,트랙스,더 뉴 트랙스,103,1050,32666,1362,5,7,4,0,0,1,1,0,1,0,1,0,1,0,0,0,0,1,0,0,1,0,0,0,0,0,0,0,1,1,1,0
40443192,라보,뉴 라보,32,570,80682,796,2,9,2,0,0,0,0,0,0,0,0,0,1,0,0,0,0,1,0,1,0,0,0,0,0,1,0,0,0,0,1,0
40450366,트랙스,더 뉴 트랙스,103,1030,101992,1362,5,8,7,0,0,1,1,0,1,0,1,0,1,0,0,0,0,1,0,0,1,0,0,0,0,0,1,0,0,1,1,0
40462796,스파크,스파크,54,250,123355,995,5,15,6,0,0,1,0,0,0,0,1,0,1,0,0,0,0,1,0,0,1,0,0,0,0,0,0,0,1,1,0,1
40462893,말리부,말리부,40,255,182853,1998,5,14,2,0,0,0,0,0,0,0,0,0,0,0,0,0,0,1,0,0,1,0,0,0,0,0,1,0,0,1,0,1
40468231,트랙스,더 뉴 트랙스,103,850,78315,1362,5,8,8,0,0,1,1,0,1,0,1,0,1,0,0,0,0,1,0,0,1,0,0,0,0,1,0,0,0,1,1,0
40477371,크루즈,어메이징 뉴 크루즈,95,449,72457,1796,5,10,2,0,0,1,1,0,0,1,0,0,0,0,0,0,0,1,0,0,1,0,0,0,0,0,0,1,0,1,0,1
40479474,볼트,볼트 EV,48,1690,25347,188,5,6,11,0,1,1,1,1,1,0,1,0,1,0,0,0,0,1,0,0,0,0,0,1,0,1,0,0,0,1,0,1
40493084,스파크,더 뉴 스파크,54,660,46829,999,2,6,1,0,0,1,1,0,0,1,0,0,0,0,0,0,0,1,0,0,1,0,0,0,0,1,0,0,0,1,0,1
40501551,스파크,더 뉴 스파크,54,690,31516,999,2,6,1,0,0,1,1,0,0,1,0,0,0,0,0,0,0,1,0,0,1,0,0,0,0,1,0,0,0,1,0,1
40508241,말리부,더 뉴 말리부,40,1520,46908,1341,5,6,1,0,0,1,1,1,1,1,1,1,1,0,0,0,0,1,0,0,1,0,0,0,0,0,0,1,0,1,0,1
40512387,스파크,더 뉴 스파크,54,650,32111,999,2,6,2,0,0,1,1,0,0,1,0,0,0,0,0,0,0,1,0,0,1,0,0,0,0,1,0,0,0,1,0,1
40523150,크루즈,크루즈,95,280,119653,1796,5,14,2,0,0,1,1,0,0,1,0,0,0,0,0,0,0,1,0,0,1,0,0,0,0,0,0,1,0,1,0,1
40537144,스파크,스파크,54,300,103958,995,5,14,1,0,0,1,1,1,0,1,1,0,1,0,0,0,0,1,0,0,1,0,0,0,0,1,0,0,0,1,0,1
40538757,알페온,알페온,70,290,159750,2997,5,15,4,0,1,1,1,1,1,1,1,1,1,0,0,0,0,1,0,0,1,0,0,0,0,1,0,0,0,1,0,1
40539796,올란도,올란도,77,390,62000,1998,7,15,2,0,0,1,0,0,0,0,1,0,0,0,0,0,0,1,0,0,0,0,1,0,0,0,0,1,0,1,1,0
40546884,스파크,더 넥스트 스파크,54,590,81749,999,5,10,10,0,0,1,1,1,0,0,1,0,1,0,0,0,0,1,0,0,1,0,0,0,0,0,0,1,0,1,0,1
40548259,임팔라,임팔라,80,550,156217,2457,5,10,12,0,1,1,1,1,1,0,1,1,1,0,0,0,0,1,0,0,1,0,0,0,0,0,1,0,0,1,0,1
40553995,말리부,올 뉴 말리부,40,799,105599,1490,5,10,16,1,1,1,1,1,1,1,1,1,1,0,0,0,0,1,0,0,1,0,0,0,0,0,1,0,0,1,0,1
40556409,말리부,올 뉴 말리부,40,690,70269,1490,5,10,9,0,0,1,1,0,1,0,0,0,1,0,0,0,0,1,0,0,1,0,0,0,0,0,0,0,1,1,0,1
40556449,스파크,스파크,54,299,125634,995,5,12,20,0,0,1,1,0,0,1,1,0,1,0,0,0,0,1,0,0,1,0,0,0,0,0,0,0,1,1,0,1
40562547,아베오,아베오 세단,63,250,85940,1598,5,13,22,0,0,1,1,0,0,0,1,0,1,0,0,0,0,1,0,0,1,0,0,0,0,1,0,0,0,1,0,1
40568857,트랙스,트랙스,103,390,109306,1362,5,13,2,1,0,1,1,0,0,0,1,0,1,0,0,0,0,1,0,0,1,0,0,0,0,0,1,0,0,1,1,0
40571702,이쿼녹스,이쿼녹스,79,1150,87661,1598,5,8,4,0,1,1,1,1,1,0,1,0,1,0,0,0,0,1,0,0,0,0,1,0,0,1,0,0,0,1,1,0
40572680,말리부,올 뉴 말리부,40,760,137927,1490,5,8,11,0,0,1,0,1,1,1,1,1,1,0,0,0,0,1,0,0,1,0,0,0,0,1,0,0,0,1,0,1
40574032,크루즈,크루즈,95,250,186057,1998,5,13,11,1,0,1,1,1,1,0,1,0,1,0,0,0,0,1,0,0,0,0,1,0,0,0,0,1,0,1,0,1
40577303,말리부,말리부,40,430,155109,1998,5,10,6,0,0,1,1,1,0,1,0,0,0,0,0,0,0,1,0,1,0,0,0,0,0,1,0,0,0,1,0,1
40577991,크루즈,올 뉴 크루즈,95,520,150301,1399,5,9,14,0,0,1,1,1,1,0,1,0,1,0,0,0,0,1,0,0,1,0,0,0,0,1,0,0,0,1,0,1
40587026,임팔라,임팔라,80,580,129333,2457,5,10,6,1,1,1,1,1,1,1,1,1,1,0,0,0,0,1,0,0,1,0,0,0,0,0,1,0,0,1,0,1
40590071,말리부,올 뉴 말리부,40,599,110810,1490,5,10,2,0,0,1,1,1,1,0,1,0,1,0,0,0,0,1,0,0,1,0,0,0,0,0,0,0,1,1,0,1
40590233,말리부,올 뉴 말리부,40,530,190729,1490,5,10,2,0,0,1,0,1,1,0,1,0,1,0,0,0,0,1,0,0,1,0,0,0,0,1,0,0,0,1,0,1
40590237,크루즈,크루즈,95,330,77363,1796,5,13,9,0,0,1,1,0,1,1,1,0,1,0,0,0,0,1,0,0,1,0,0,0,0,0,0,1,0,1,0,1
40591552,트랙스,더 뉴 트랙스,103,850,109172,1362,5,8,10,1,0,1,1,0,1,0,1,0,1,0,0,0,0,1,0,0,1,0,0,0,0,0,1,0,0,1,1,0
40599714,임팔라,임팔라,80,750,156060,2457,5,8,4,1,1,1,1,1,1,1,1,1,1,0,0,0,0,1,0,0,1,0,0,0,0,0,1,0,0,1,0,1
40601142,스파크,스파크,54,170,133328,995,5,15,7,0,0,1,1,0,0,1,1,0,1,0,0,0,0,1,0,0,1,0,0,0,0,0,0,0,1,1,0,1
40607184,크루즈,올 뉴 크루즈,95,850,88904,1399,5,9,2,0,0,1,1,1,1,1,1,0,1,0,0,0,0,1,0,0,1,0,0,0,0,0,1,0,0,1,0,1
40607191,올란도,올란도,77,999,77060,1598,7,11,3,0,0,1,1,0,1,1,1,0,1,0,0,0,0,1,0,0,0,0,1,0,0,0,0,1,0,1,1,0
40609605,올란도,올란도,77,270,146581,1998,7,14,8,1,0,1,0,1,1,0,1,0,1,0,0,0,0,1,0,0,0,0,1,0,0,0,0,1,0,1,1,0
40609834,임팔라,임팔라,80,600,142875,2457,5,10,8,1,1,1,1,1,1,0,1,1,1,0,0,0,0,1,0,0,1,0,0,0,0,0,1,0,0,1,0,1
40613488,말리부,말리부,40,200,140675,1998,5,13,2,1,0,1,1,1,1,1,1,0,1,0,0,0,0,1,0,0,1,0,0,0,0,1,0,0,0,1,0,1
40614057,스파크,스파크,54,399,50173,995,5,12,1,0,0,1,1,0,0,1,0,0,0,0,0,0,0,1,0,0,1,0,0,0,0,0,1,0,0,1,0,1
40618603,이쿼녹스,이쿼녹스,79,1050,123661,1598,5,7,9,1,1,1,1,1,1,1,1,0,1,0,0,0,0,1,0,0,0,0,1,0,0,0,0,0,1,1,1,0
40622501,크루즈,어메이징 뉴 크루즈,95,400,125532,1362,5,10,2,0,0,1,1,0,0,1,1,0,1,0,0,0,0,1,0,0,1,0,0,0,0,1,0,0,0,1,0,1
40629286,말리부,더 뉴 말리부,40,799,116373,1598,5,7,7,0,1,1,1,1,1,0,1,1,1,0,0,0,0,1,0,0,0,0,1,0,0,1,0,0,0,1,0,1
40630240,말리부,말리부,40,470,67335,1956,5,11,5,0,0,1,1,1,1,1,1,0,1,0,0,0,0,1,0,0,0,0,1,0,0,0,1,0,0,1,0,1
40635121,올란도,올란도,77,430,181455,1998,7,12,16,0,0,1,1,0,1,1,1,0,1,0,0,0,0,1,0,0,0,0,1,0,0,0,0,0,1,1,1,0
40636660,크루즈,어메이징 뉴 크루즈,95,550,43679,1362,5,11,3,0,0,1,1,0,0,1,1,0,1,0,0,0,0,1,0,0,1,0,0,0,0,0,0,1,0,1,0,1
40642739,스파크,더 뉴 스파크,54,770,74539,999,5,8,0,0,0,1,1,0,1,1,1,0,1,0,0,0,0,1,0,0,1,0,0,0,0,0,0,1,0,1,0,1
40643779,말리부,올 뉴 말리부,40,1040,84374,1998,5,8,3,0,0,1,1,1,1,1,1,1,1,0,0,0,0,1,0,0,1,0,0,0,0,1,0,0,0,1,0,1
40643860,스파크,더 넥스트 스파크,54,520,88723,999,5,10,3,0,0,1,0,1,0,0,1,0,1,0,0,0,0,1,0,0,1,0,0,0,0,1,0,0,0,1,0,1
40643962,스파크,더 넥스트 스파크,54,600,94305,999,5,9,4,0,0,1,1,0,1,1,1,0,1,0,0,0,0,1,0,0,1,0,0,0,0,0,0,0,1,1,0,1
40644031,크루즈,어메이징 뉴 크루즈,95,380,101021,1362,5,11,10,0,0,1,1,1,1,0,1,0,1,0,0,0,0,1,0,0,1,0,0,0,0,0,1,0,0,1,0,1
40644378,트레일블레이저,트레일블레이저,104,1470,125559,1341,5,6,1,0,0,1,1,1,1,1,1,0,1,0,0,0,0,1,0,0,1,0,0,0,0,1,0,0,0,1,1,0
40646861,말리부,더 뉴 말리부,40,1220,124560,1998,5,7,2,0,1,1,1,1,1,1,1,1,1,0,0,0,0,1,0,0,1,0,0,0,0,0,1,0,0,1,0,1
40649054,트랙스,더 뉴 트랙스,103,899,60805,1598,5,7,6,0,0,1,1,0,1,1,1,0,1,0,0,0,0,1,0,0,0,0,1,0,0,1,0,0,0,1,1,0
40653800,스파크,더 넥스트 스파크,54,579,87165,999,5,10,7,0,0,1,1,0,0,0,1,0,1,0,0,0,0,1,0,0,1,0,0,0,0,0,0,0,1,1,0,1
40654473,트랙스,더 뉴 트랙스,103,590,181072,1362,5,9,8,0,0,1,1,0,1,0,1,0,1,0,0,0,0,1,0,0,1,0,0,0,0,1,0,0,0,1,1,0
40655755,말리부,말리부,40,520,107544,1998,5,10,0,0,0,1,1,1,1,1,1,0,1,0,0,0,0,1,0,0,1,0,0,0,0,1,0,0,0,1,0,1
40655908,임팔라,임팔라,80,750,155442,3564,5,10,0,0,1,1,1,1,1,0,1,1,1,0,0,0,0,1,0,0,1,0,0,0,0,0,1,0,0,1,0,1
40656403,올란도,올란도,77,579,128449,1598,7,11,1,0,0,1,1,0,1,0,1,0,1,0,0,0,0,1,0,0,0,0,1,0,0,1,0,0,0,1,1,0
40656658,스파크,스파크,54,278,118601,995,5,12,9,0,0,1,1,0,0,0,1,0,1,0,0,0,0,1,0,0,1,0,0,0,0,1,0,0,0,1,0,1
40656836,스파크,더 넥스트 스파크,54,510,113244,999,5,11,4,0,0,1,1,0,1,1,1,0,1,0,0,0,0,1,0,0,1,0,0,0,0,1,0,0,0,1,0,1
40663512,스파크,스파크,54,225,181806,995,5,14,2,0,0,1,0,1,0,0,1,0,1,0,0,0,0,1,0,1,0,0,0,0,0,0,0,1,0,1,0,1
40666725,말리부,올 뉴 말리부,40,899,129095,1490,5,9,2,1,1,1,1,1,1,0,1,1,1,0,0,0,0,1,0,0,1,0,0,0,0,0,0,0,1,1,0,1
40666758,캡티바,캡티바,90,400,136127,1998,7,12,2,0,0,1,1,1,1,1,1,0,1,0,0,0,0,1,0,0,0,0,1,0,0,1,0,0,0,1,1,0
40666889,스파크,스파크,54,290,95260,995,5,14,12,0,0,1,1,1,0,1,1,0,1,0,0,0,0,1,0,0,1,0,0,0,0,1,0,0,0,1,0,1
40666997,말리부,올 뉴 말리부,40,590,184558,1998,5,10,6,1,1,1,1,1,1,1,1,1,1,0,0,0,0,1,0,0,1,0,0,0,0,0,1,0,0,1,0,1
40669525,올란도,올란도,77,320,140437,1998,7,15,2,0,0,1,1,1,1,0,1,0,1,0,0,0,0,1,0,0,0,0,1,0,0,0,0,1,0,1,1,0
40671792,알페온,알페온,70,380,122655,2997,5,11,6,0,1,1,1,1,1,0,1,1,1,0,0,0,0,1,0,0,1,0,0,0,0,0,1,0,0,1,0,1
40676628,말리부,올 뉴 말리부,40,740,123930,1998,5,10,7,0,0,1,1,1,1,1,1,1,1,0,0,0,0,1,0,0,1,0,0,0,0,1,0,0,0,1,0,1
40692666,트랙스,더 뉴 트랙스,103,1330,68143,1362,5,6,1,0,0,1,1,0,1,0,1,0,1,0,0,0,0,1,0,0,1,0,0,0,0,1,0,0,0,1,1,0
40693259,올란도,올란도,77,390,106895,1998,7,13,3,0,0,1,1,0,1,1,1,0,1,0,0,0,0,1,0,0,0,0,1,0,0,0,0,1,0,1,1,0
40693273,스파크,스파크,54,220,146358,995,5,14,3,0,0,1,0,0,0,0,1,0,1,0,0,0,0,1,0,0,1,0,0,0,0,0,0,0,1,1,0,1
40696960,말리부,올 뉴 말리부,40,657,183657,1998,5,9,8,1,1,1,1,1,1,1,1,1,1,0,0,0,0,1,0,0,1,0,0,0,0,0,1,0,0,1,0,1
40697441,라세티,라세티 프리미어,33,180,139078,1598,5,17,4,0,0,1,1,1,1,1,1,0,1,0,0,0,0,1,0,0,1,0,0,0,0,0,0,1,0,1,0,1
40698274,스파크,스파크,54,220,85382,995,5,14,8,0,0,1,0,1,0,0,1,0,1,0,0,0,0,1,0,0,1,0,0,0,0,0,1,0,0,1,0,1
40710399,말리부,더 뉴 말리부,40,1100,75494,1998,5,7,9,0,0,1,1,1,1,1,1,1,1,0,0,0,0,1,0,0,1,0,0,0,0,0,1,0,0,1,0,1
40715369,말리부,말리부,40,599,37178,1998,5,14,3,0,0,1,1,1,1,1,1,0,1,0,0,0,0,1,0,0,1,0,0,0,0,1,0,0,0,1,0,1
40715718,올란도,올란도,77,920,61019,1998,7,9,5,0,0,1,1,1,1,1,1,0,1,0,0,0,0,1,0,1,0,0,0,0,0,0,0,1,0,1,1,0
40719172,트랙스,더 뉴 트랙스,103,550,128572,1598,5,10,12,0,0,1,1,0,1,0,1,0,1,0,0,0,0,1,0,0,0,0,1,0,0,0,0,0,1,1,1,0
40721369,스파크,스파크,54,299,73560,995,5,13,2,0,0,1,1,0,0,1,1,0,1,0,0,0,0,1,0,0,1,0,0,0,0,1,0,0,0,1,0,1
40721477,트랙스,더 뉴 트랙스,103,720,82479,1362,5,10,7,0,0,1,1,0,1,0,1,0,1,0,0,0,0,1,0,0,1,0,0,0,0,0,0,1,0,1,1,0
40724319,임팔라,임팔라,80,770,75097,2457,5,11,2,0,0,1,1,1,1,0,1,0,1,0,0,0,0,1,0,0,1,0,0,0,0,0,1,0,0,1,0,1
40724512,아베오,아베오 세단,63,399,55850,1362,5,12,5,0,0,1,1,0,0,0,1,0,1,0,0,0,0,1,0,0,1,0,0,0,0,0,0,1,0,1,0,1
40725528,트랙스,더 뉴 트랙스,103,699,126669,1598,5,10,4,0,0,1,1,0,1,0,1,0,1,0,0,0,0,1,0,0,0,0,1,0,0,1,0,0,0,1,1,0
40725959,볼트,볼트 EV,48,1650,51842,174,5,7,1,0,1,1,1,1,1,0,1,0,1,0,0,0,0,1,0,0,0,0,0,1,0,1,0,0,0,1,0,1
40726314,말리부,더 뉴 말리부,40,770,65176,1341,5,7,18,0,0,1,1,1,1,0,1,0,1,0,0,0,0,1,0,0,1,0,0,0,0,0,0,1,0,1,0,1
40728849,스파크,스파크,54,430,116918,995,5,11,8,0,0,1,1,0,0,1,1,0,1,0,0,0,0,1,0,0,1,0,0,0,0,1,0,0,0,1,0,1
40729465,스파크,스파크,54,270,93393,995,5,13,2,0,0,1,0,0,0,1,0,0,0,0,0,0,0,1,0,0,1,0,0,0,0,0,0,1,0,0,0,1
40734481,올란도,올란도,77,560,123601,1998,7,11,1,0,0,1,0,0,1,1,1,0,1,0,0,0,0,1,0,0,0,0,1,0,0,0,0,0,1,1,1,0
40734680,스파크,스파크,54,390,65972,995,5,13,1,0,0,1,0,0,0,0,1,0,1,0,0,0,0,1,0,0,1,0,0,0,0,0,0,0,1,1,0,1
40736547,말리부,말리부,40,235,251739,1956,5,12,18,1,0,1,1,1,1,1,1,0,1,0,0,0,0,1,0,0,0,0,1,0,0,1,0,0,0,1,0,1
40738686,크루즈,올 뉴 크루즈,95,540,174552,1399,5,9,11,1,0,1,1,1,1,0,1,0,1,0,0,0,0,1,0,0,1,0,0,0,0,1,0,0,0,1,0,1
40745561,캡티바,캡티바,90,540,136368,1998,7,12,1,1,0,1,1,1,1,0,1,0,1,0,0,0,0,1,0,0,0,0,1,0,0,1,0,0,0,1,1,0
40745799,스파크,더 넥스트 스파크,54,590,95431,999,5,11,6,1,0,1,1,1,1,0,1,0,1,0,0,0,0,1,0,0,1,0,0,0,0,0,1,0,0,1,0,1
40748267,캡티바,캡티바,90,550,137135,1998,7,12,0,0,0,1,1,1,1,1,1,0,1,0,0,0,0,1,0,0,0,0,1,0,0,1,0,0,0,1,1,0
40749378,올란도,올란도,77,510,136750,1998,7,12,5,0,0,1,1,0,1,1,1,0,1,0,0,0,0,1,0,1,0,0,0,0,0,0,0,1,0,1,1,0
40750413,트랙스,트랙스,103,339,166035,1362,5,13,12,0,0,1,1,0,0,0,1,0,1,0,0,0,0,1,0,0,1,0,0,0,0,1,0,0,0,1,1,0
40751551,마티즈,All New 마티즈,39,140,142890,796,5,18,6,0,0,1,0,0,0,0,1,0,1,0,0,0,0,1,0,0,1,0,0,0,0,0,1,0,0,1,0,1
40752768,스파크,스파크,54,299,164550,995,5,12,1,0,0,1,1,0,0,1,1,0,1,0,0,0,0,1,0,1,0,0,0,0,0,0,0,0,1,1,0,1
40756425,스파크,스파크,54,390,57152,995,5,12,9,0,0,1,1,0,0,1,1,0,1,0,0,0,0,1,0,0,1,0,0,0,0,0,0,0,1,1,0,1
40763590,스파크,스파크,54,190,97213,995,5,14,4,0,0,1,0,0,0,0,0,0,0,0,0,0,0,1,0,0,1,0,0,0,0,0,0,1,0,0,0,1
40765136,말리부,올 뉴 말리부,40,800,76493,1490,5,9,5,0,0,1,1,0,1,0,0,0,1,0,0,0,0,1,0,0,1,0,0,0,0,1,0,0,0,1,0,1
40765172,말리부,올 뉴 말리부,40,830,110630,1490,5,9,10,0,1,1,1,1,1,1,1,1,1,0,0,0,0,1,0,0,1,0,0,0,0,1,0,0,0,1,0,1
40767430,아베오,아베오 해치백,63,370,32654,1598,5,15,2,0,0,1,0,0,0,0,0,0,1,0,0,0,0,1,0,0,1,0,0,0,0,0,0,1,0,1,0,1
40768892,말리부,올 뉴 말리부,40,770,138254,1490,5,8,5,0,0,1,1,1,1,0,1,0,1,0,0,0,0,1,0,0,1,0,0,0,0,0,0,1,0,1,0,1
40769042,말리부,말리부,40,370,151525,1956,5,12,13,1,0,1,1,1,1,1,1,0,1,0,0,0,0,1,0,0,0,0,1,0,0,1,0,0,0,1,0,1
40778514,올란도,올란도,77,399,136390,1998,7,12,2,0,0,1,1,0,1,1,1,0,0,0,0,0,0,1,0,0,0,0,1,0,0,1,0,0,0,1,1,0
40779235,말리부,올 뉴 말리부,40,710,123905,1998,5,10,3,0,0,1,1,1,1,0,1,0,1,0,0,0,0,1,0,0,1,0,0,0,0,0,0,1,0,1,0,1
40781845,올란도,올란도,77,720,130889,1998,7,9,1,0,0,1,1,0,1,1,1,0,1,0,0,0,0,1,0,1,0,0,0,0,0,0,0,1,0,1,1,0
40782371,말리부,말리부,40,270,160617,1998,5,13,7,0,0,1,0,1,0,1,0,0,1,0,0,0,0,1,0,0,1,0,0,0,0,0,1,0,0,1,0,1
40786305,캡티바,캡티바,90,440,120620,2231,5,11,4,1,0,1,1,1,1,1,1,0,1,0,0,0,0,1,0,0,0,0,1,0,0,1,0,0,0,1,1,0
40787827,크루즈,어메이징 뉴 크루즈,95,390,122874,1362,5,11,17,1,0,1,1,1,1,1,1,0,1,0,0,0,0,1,0,0,1,0,0,0,0,1,0,0,0,1,0,1
40789792,마티즈,마티즈 크리에이티브,39,180,134258,995,5,15,4,0,0,1,0,0,0,1,1,0,1,0,0,0,0,1,0,0,1,0,0,0,0,0,0,0,1,1,0,1
40796520,스파크,더 뉴 스파크,54,740,71590,999,5,8,0,0,0,1,1,0,1,0,1,0,1,0,0,0,0,1,0,0,1,0,0,0,0,1,0,0,0,1,0,1
40806848,알페온,알페온,70,190,195365,2384,5,12,21,0,0,1,1,1,1,0,1,0,1,0,0,0,0,1,0,0,1,0,0,0,0,0,0,1,0,1,0,1
40814625,스파크,스파크,54,299,115261,995,5,13,2,0,0,1,1,0,0,1,1,0,1,0,0,0,0,1,0,0,1,0,0,0,0,0,0,0,1,1,0,1
40814891,스파크,스파크,54,290,136372,995,5,11,11,0,0,1,1,0,0,1,1,0,1,0,0,0,0,1,0,0,1,0,0,0,0,0,0,1,0,1,0,1
40816715,스파크,스파크,54,240,107553,995,5,14,2,0,0,1,1,0,0,1,1,0,1,0,0,0,0,1,0,0,1,0,0,0,0,1,0,0,0,1,0,1
40818118,올란도,올란도,77,440,126119,1998,7,15,0,0,0,1,1,1,1,1,1,0,1,0,0,0,0,1,0,1,0,0,0,0,0,0,0,1,0,1,1,0
40819804,라보,뉴 라보,32,547,78685,796,2,8,1,0,0,0,0,0,0,0,0,0,0,0,0,0,0,1,0,1,0,0,0,0,0,1,0,0,0,0,1,0
40821065,스파크,더 넥스트 스파크,54,350,90619,999,5,10,2,0,0,1,1,0,1,0,1,0,1,0,0,0,0,1,0,0,1,0,0,0,0,1,0,0,0,1,0,1
40837740,크루즈,크루즈,95,270,183773,1998,5,13,15,1,0,1,1,0,1,1,1,0,1,0,0,0,0,1,0,0,0,0,1,0,0,0,1,0,0,1,0,1
40844929,올란도,올란도,77,550,114243,1998,7,10,9,0,0,1,1,0,0,1,1,0,0,0,0,0,0,1,0,1,0,0,0,0,0,0,0,1,0,1,1,0
40845745,올란도,올란도,77,550,147242,1598,7,10,2,0,0,1,0,1,1,0,1,0,1,0,0,0,0,1,0,0,0,0,1,0,0,0,0,1,0,1,1,0
40850856,트랙스,트랙스,103,590,147155,1362,5,10,1,0,0,1,1,0,0,1,1,0,1,0,0,0,0,1,0,0,1,0,0,0,0,1,0,0,0,1,1,0
40851458,스파크,더 뉴 스파크,54,590,90113,999,5,8,11,0,0,1,1,0,1,1,1,0,1,0,0,0,0,1,0,0,1,0,0,0,0,1,0,0,0,1,0,1
40853569,스파크,더 뉴 스파크,54,790,83223,999,5,8,0,0,0,1,1,1,1,0,1,0,1,0,0,0,0,1,0,0,1,0,0,0,0,1,0,0,0,1,0,1
40854369,이쿼녹스,이쿼녹스,79,990,82810,1598,5,8,18,0,1,1,1,1,1,1,1,0,1,0,0,0,0,1,0,0,0,0,1,0,0,1,0,0,0,1,1,0
40855588,크루즈,크루즈,95,230,147366,1598,5,14,2,0,0,1,0,0,0,0,1,0,1,0,0,0,0,1,0,0,1,0,0,0,0,0,1,0,0,1,0,1
40856994,스파크,더 넥스트 스파크,54,590,61547,999,5,10,7,0,0,1,1,0,0,1,1,0,1,0,0,0,0,1,0,0,1,0,0,0,0,1,0,0,0,1,0,1
40857349,말리부,말리부,40,290,157730,1998,5,12,7,0,0,1,1,1,1,1,1,0,1,0,0,0,0,1,0,0,1,0,0,0,0,0,1,0,0,1,0,1
40859237,스파크,스파크,54,250,158903,995,5,12,3,0,0,1,0,0,0,0,1,0,1,0,0,0,0,1,0,0,1,0,0,0,0,1,0,0,0,1,0,1
40859249,스파크,스파크,54,230,125913,995,5,14,0,0,0,1,0,1,0,0,1,0,1,0,0,0,0,1,0,0,1,0,0,0,0,0,0,0,1,1,0,1
40861201,스파크,더 넥스트 스파크,54,620,67770,999,5,9,2,1,0,1,1,0,1,0,1,0,1,0,0,0,0,1,0,0,1,0,0,0,0,0,1,0,0,1,0,1
40864710,스파크,더 뉴 스파크,54,730,89223,999,5,8,8,1,0,1,1,1,1,0,1,0,1,0,0,0,0,1,0,0,1,0,0,0,0,0,0,0,1,1,0,1
40868379,말리부,말리부,40,320,130892,1956,5,12,10,0,0,1,1,1,1,1,1,0,1,0,0,0,0,1,0,0,0,0,1,0,0,1,0,0,0,1,0,1
40869116,스파크,더 뉴 스파크,54,840,57658,999,5,8,2,0,0,1,1,1,1,1,1,0,1,0,0,0,0,1,0,0,1,0,0,0,0,0,0,1,0,1,0,1
40871728,말리부,말리부,40,440,124268,1956,5,12,6,0,0,1,1,1,1,0,1,0,1,0,0,0,0,1,0,0,0,0,1,0,0,1,0,0,0,1,0,1
40872431,스파크,스파크,54,299,174400,995,5,14,7,0,0,1,0,0,0,0,1,0,1,0,0,0,0,1,0,0,1,0,0,0,0,0,0,1,0,1,0,1
40876626,트랙스,더 뉴 트랙스,103,1120,42716,1362,5,6,2,1,0,1,1,0,1,0,1,0,1,0,0,0,0,1,0,0,1,0,0,0,0,0,1,0,0,1,1,0
40876696,크루즈,크루즈,95,350,84105,1796,5,12,7,1,0,1,1,0,0,1,1,0,1,0,0,0,0,1,0,0,1,0,0,0,0,1,0,0,0,1,0,1
40877728,트랙스,더 뉴 트랙스,103,650,109881,1598,5,6,6,0,0,1,0,0,0,0,0,0,0,0,0,0,0,1,0,0,0,0,1,0,0,0,1,0,0,1,1,0
40877776,올란도,올란도,77,680,129205,1998,7,10,4,0,0,1,1,1,1,1,1,0,1,0,0,0,0,1,0,1,0,0,0,0,0,0,0,1,0,1,1,0
40879140,스파크,스파크,54,200,107158,995,5,12,2,0,0,1,0,0,0,0,1,0,1,0,0,0,0,1,0,0,1,0,0,0,0,1,0,0,0,1,0,1
40880373,캡티바,캡티바,90,630,148103,2231,5,11,8,1,0,1,1,1,1,1,1,0,1,0,0,0,0,1,0,0,0,0,1,0,0,0,0,1,0,1,1,0
40887877,트랙스,트랙스,103,680,75171,1598,5,10,0,1,0,1,1,0,0,0,1,0,1,0,0,0,0,1,0,0,0,0,1,0,0,1,0,0,0,1,1,0
40889449,올란도,올란도,77,490,151202,1998,7,12,1,1,0,1,1,0,1,1,1,0,1,0,0,0,0,1,0,0,0,0,1,0,0,0,0,0,1,1,1,0
40889874,크루즈,크루즈,95,380,96338,1796,5,12,3,1,0,1,1,1,1,1,1,0,1,0,0,0,0,1,0,0,1,0,0,0,0,1,0,0,0,1,0,1
40891790,알페온,알페온,70,780,33255,2384,5,11,0,0,0,1,1,1,1,0,1,0,1,0,0,0,0,1,0,0,1,0,0,0,0,0,0,1,0,1,0,1
40892386,올란도,올란도,77,890,63974,1598,7,10,4,0,0,1,1,0,1,1,1,0,1,0,0,0,0,1,0,0,0,0,1,0,0,0,0,1,0,1,1,0
40897516,올란도,올란도,77,450,121554,1998,7,11,2,0,0,1,1,0,1,1,1,0,1,0,0,0,0,1,0,0,0,0,1,0,0,0,0,1,0,1,1,0
40900609,말리부,올 뉴 말리부,40,600,194508,1998,5,9,8,1,1,1,1,1,1,0,1,1,1,0,0,0,0,1,0,0,1,0,0,0,0,0,1,0,0,1,0,1
40901568,캡티바,캡티바,90,499,135942,1998,7,12,2,1,0,1,1,1,1,1,1,0,1,0,0,0,0,1,0,0,0,0,1,0,0,0,0,1,0,1,1,0
40903102,트랙스,트랙스,103,470,52952,1362,5,11,28,0,0,1,1,0,0,1,1,0,1,0,0,0,0,1,0,0,1,0,0,0,0,0,1,0,0,1,1,0
40903260,올란도,올란도,77,370,207861,1598,7,10,5,0,0,1,1,1,1,1,1,0,1,0,0,0,0,1,0,0,0,0,1,0,0,1,0,0,0,1,1,0
40917259,올란도,올란도,77,550,134272,1998,7,11,10,1,0,1,1,0,1,0,1,0,1,0,0,0,0,1,0,1,0,0,0,0,0,1,0,0,0,1,1,0
40918535,스파크,스파크,54,359,88545,995,5,13,0,0,0,1,1,0,0,0,1,0,1,0,0,0,0,1,0,0,1,0,0,0,0,0,0,0,1,1,0,1
40919043,트랙스,트랙스,103,395,137324,1362,5,12,7,0,0,1,0,0,0,0,1,0,1,0,0,0,0,1,0,0,1,0,0,0,0,1,0,0,0,1,1,0
40919143,올란도,올란도,77,500,101932,1998,7,10,19,0,0,1,1,0,0,1,1,0,0,0,0,0,0,1,0,1,0,0,0,0,0,0,0,1,0,1,1,0
40921655,올란도,올란도,77,399,105880,1998,7,15,4,1,0,1,1,1,1,1,1,0,1,0,0,0,0,1,0,0,0,0,1,0,0,0,0,1,0,1,1,0
40923586,스파크,더 넥스트 스파크,54,590,56127,999,5,9,5,0,0,1,1,0,1,1,1,0,1,0,0,0,0,1,0,0,1,0,0,0,0,1,0,0,0,1,0,1
40926557,트랙스,더 뉴 트랙스,103,1030,59985,1362,5,6,3,0,0,1,1,0,1,0,1,0,1,0,0,0,0,1,0,0,1,0,0,0,0,1,0,0,0,1,1,0
40929421,스파크,스파크,54,230,121508,995,5,14,0,0,0,1,1,1,0,0,1,0,1,0,0,0,0,1,0,0,1,0,0,0,0,0,0,0,1,1,0,1
40930745,말리부,말리부,40,360,152231,1998,5,14,2,0,0,1,1,1,1,1,1,0,1,0,0,0,0,1,0,0,1,0,0,0,0,1,0,0,0,1,0,1
40931198,스파크,더 넥스트 스파크,54,580,99834,999,5,10,5,1,0,1,1,1,1,0,1,0,1,0,0,0,0,1,0,0,1,0,0,0,0,0,0,0,1,1,0,1
40934470,트레일블레이저,트레일블레이저,104,1550,70936,1341,5,6,4,1,1,1,1,1,1,0,1,1,1,0,0,0,0,1,0,0,1,0,0,0,0,0,1,0,0,1,1,0
40934670,스파크,더 뉴 스파크,54,860,18952,999,5,7,4,0,0,1,1,1,0,1,1,0,1,0,0,0,0,1,0,0,1,0,0,0,0,1,0,0,0,1,0,1
40936039,알페온,알페온,70,300,141875,2997,5,15,14,1,1,1,1,1,1,1,1,1,1,0,0,0,0,1,0,0,1,0,0,0,0,0,0,1,0,1,0,1
40940388,올란도,올란도,77,420,158268,1998,7,13,6,0,0,1,1,1,1,1,1,0,1,0,0,0,0,1,0,1,0,0,0,0,0,0,0,1,0,1,1,0
40942154,크루즈,어메이징 뉴 크루즈,95,370,83424,1796,5,11,6,0,0,1,1,0,1,0,1,0,1,0,0,0,0,1,0,0,1,0,0,0,0,1,0,0,0,1,0,1
40943156,말리부,더 뉴 말리부,40,1399,49351,1998,5,5,4,0,0,1,1,1,1,1,1,0,1,0,0,0,0,1,0,0,1,0,0,0,0,1,0,0,0,1,0,1
40951909,트랙스,트랙스,103,390,144896,1362,5,11,8,0,0,1,1,0,0,1,0,0,0,0,0,0,0,1,0,0,1,0,0,0,0,1,0,0,0,1,1,0
40952730,말리부,올 뉴 말리부,40,1390,56617,1998,5,8,3,1,1,1,1,1,1,1,1,1,1,0,0,0,0,1,0,0,1,0,0,0,0,0,1,0,0,1,0,1
40952928,스파크,스파크,54,295,113498,995,5,14,8,0,0,1,0,1,0,0,1,0,1,0,0,0,0,1,0,0,1,0,0,0,0,0,1,0,0,1,0,1
40953077,올란도,올란도,77,520,115889,1598,7,10,2,1,0,1,1,0,1,1,1,0,1,0,0,0,0,1,0,0,0,0,1,0,0,1,0,0,0,1,1,0
40953778,말리부,올 뉴 말리부,40,830,56763,1490,5,8,19,0,0,1,1,1,1,0,1,0,1,0,0,0,0,1,0,0,1,0,0,0,0,1,0,0,0,1,0,1
40954860,트랙스,트랙스,103,530,79921,1362,5,12,1,0,0,1,0,0,0,0,1,0,1,0,0,0,0,1,0,0,1,0,0,0,0,0,0,0,1,1,1,0
40959086,스파크,더 넥스트 스파크,54,478,72371,999,5,9,3,0,0,1,1,0,0,1,1,0,1,0,0,0,0,1,0,0,1,0,0,0,0,0,0,1,0,1,0,1
40959149,스파크,스파크,54,348,74435,995,5,12,9,0,0,1,1,0,0,1,1,0,1,0,0,0,0,1,0,0,1,0,0,0,0,1,0,0,0,1,0,1
40961262,트랙스,트랙스,103,550,83269,1362,5,10,9,0,0,0,1,0,0,1,0,0,0,0,0,0,0,1,0,0,1,0,0,0,0,1,0,0,0,1,1,0
40961644,임팔라,임팔라,80,1240,49243,3564,5,10,3,0,1,1,1,1,1,0,1,1,1,0,0,0,0,1,0,0,1,0,0,0,0,0,1,0,0,1,0,1
40962046,스파크,더 넥스트 스파크,54,500,80282,999,5,8,12,0,0,1,1,0,0,1,1,0,1,0,0,0,0,1,0,0,1,0,0,0,0,1,0,0,0,0,0,1
40965631,스파크,더 넥스트 스파크,54,540,104106,999,5,11,7,1,0,1,1,1,1,0,1,0,1,0,0,0,0,1,0,0,1,0,0,0,0,0,0,1,0,1,0,1
40966342,말리부,올 뉴 말리부,40,890,87379,1490,5,9,2,1,1,1,1,1,1,1,1,1,1,0,0,0,0,1,0,0,1,0,0,0,0,0,0,0,1,1,0,1
40972989,말리부,올 뉴 말리부,40,870,120565,1490,5,8,9,0,1,1,0,1,1,1,1,1,1,0,0,0,0,1,0,0,1,0,0,0,0,0,0,0,1,1,0,1
40973078,말리부,올 뉴 말리부,40,1060,111847,1998,5,9,5,1,1,1,1,1,1,1,1,1,1,0,0,0,0,1,0,0,1,0,0,0,0,0,1,0,0,1,0,1
40973954,크루즈,크루즈,95,170,190588,1796,5,14,0,1,0,1,1,0,0,1,1,0,1,0,0,0,0,1,0,0,1,0,0,0,0,0,0,0,1,1,0,1
40974888,트랙스,더 뉴 트랙스,103,1100,39049,1362,5,7,0,0,0,1,1,0,1,1,1,0,1,0,0,0,0,1,0,0,1,0,0,0,0,1,0,0,0,1,1,0
40978363,캡티바,캡티바,90,650,98875,1998,7,12,0,1,0,1,1,1,1,0,1,0,0,0,0,0,0,1,0,0,0,0,1,0,0,0,1,0,0,1,1,0
40982957,말리부,더 뉴 말리부,40,1090,114336,1998,5,7,7,0,0,1,1,1,1,1,1,0,1,0,0,0,0,1,0,0,1,0,0,0,0,0,1,0,0,1,0,1
40983518,임팔라,임팔라,80,750,98218,2457,5,11,9,1,1,1,1,1,1,1,1,1,1,0,0,0,0,1,0,0,1,0,0,0,0,0,0,1,0,1,0,1
40984029,트랙스,더 뉴 트랙스,103,880,95573,1362,5,8,2,0,0,1,1,0,1,0,1,0,1,0,0,0,0,1,0,0,1,0,0,0,0,0,1,0,0,1,1,0
40984680,크루즈,어메이징 뉴 크루즈5,95,530,97066,1362,5,11,7,1,0,1,1,1,1,1,1,0,1,0,0,0,0,1,0,0,1,0,0,0,0,1,0,0,0,1,0,1
40985214,올란도,올란도,77,380,195939,1998,7,12,2,0,0,0,0,0,0,0,0,0,0,0,0,0,0,1,0,0,0,0,1,0,0,1,0,0,0,1,1,0
40986500,아베오,아베오 세단,63,349,73815,1598,5,13,8,0,0,1,1,0,0,1,1,0,1,0,0,0,0,1,0,0,1,0,0,0,0,0,0,1,0,1,0,1
40988778,마티즈,마티즈 크리에이티브,39,279,85838,995,5,15,18,0,0,1,1,1,0,1,1,0,1,0,0,0,0,1,0,0,1,0,0,0,0,0,0,0,1,1,0,1
40989192,말리부,올 뉴 말리부,40,720,148588,1490,5,10,6,0,1,1,1,1,1,1,1,1,1,0,0,0,0,1,0,0,1,0,0,0,0,0,0,1,0,1,0,1
40991524,말리부,올 뉴 말리부,40,700,91342,1998,5,10,25,1,1,1,1,1,1,1,1,1,1,0,0,0,0,1,0,0,1,0,0,0,0,0,1,0,0,1,0,1
40991695,트랙스,더 뉴 트랙스,103,670,101795,1362,5,8,2,0,0,1,1,0,1,0,1,0,1,0,0,0,0,1,0,0,1,0,0,0,0,0,0,1,0,1,1,0
40993404,스파크,더 넥스트 스파크,54,400,118207,999,5,10,7,0,0,1,1,0,0,0,0,0,0,0,0,0,0,1,0,0,1,0,0,0,0,1,0,0,0,1,0,1
40994681,말리부,올 뉴 말리부,40,1050,56293,1490,5,9,1,1,0,1,1,1,1,0,1,0,1,0,0,0,0,1,0,0,1,0,0,0,0,1,0,0,0,1,0,1
40994721,올란도,올란도,77,499,156750,1998,7,11,5,0,0,1,1,0,1,1,1,0,1,0,0,0,0,1,0,0,0,0,1,0,0,1,0,0,0,1,1,0
40995597,스파크,스파크,54,220,122065,995,5,13,15,0,0,1,0,0,0,0,1,0,0,0,0,0,0,1,0,0,1,0,0,0,0,0,0,0,1,1,0,1
41001244,크루즈,크루즈,95,250,141889,1998,5,13,2,0,0,0,0,0,0,0,0,0,0,0,0,0,0,1,0,0,0,0,1,0,0,1,0,0,0,1,0,1
41002003,크루즈,어메이징 뉴 크루즈,95,530,87849,1796,5,10,9,1,0,1,1,1,1,1,1,0,1,0,0,0,0,1,0,0,1,0,0,0,0,1,0,0,0,1,0,1
41002264,말리부,올 뉴 말리부,40,830,34876,1490,5,10,13,0,0,1,1,1,1,0,1,0,1,0,0,0,0,1,0,0,1,0,0,0,0,1,0,0,0,1,0,1
41004972,올란도,올란도,77,750,95348,1998,7,9,2,1,0,1,1,0,1,1,1,0,1,0,0,0,0,1,0,1,0,0,0,0,0,1,0,0,0,1,1,0
41006178,올란도,올란도,77,550,173678,1998,7,9,0,0,0,1,0,0,1,0,1,0,0,0,0,0,0,1,0,1,0,0,0,0,0,1,0,0,0,1,1,0
41008111,스파크,더 넥스트 스파크,54,420,149187,999,5,10,11,0,0,1,0,0,0,0,1,0,1,0,0,0,0,1,0,0,1,0,0,0,0,0,0,1,0,1,0,1
41008288,올란도,올란도,77,680,152014,1998,7,11,0,0,0,1,1,1,1,1,1,0,1,0,0,0,0,1,0,1,0,0,0,0,0,0,0,1,0,1,1,0
41011915,스파크,스파크,54,320,100402,995,5,13,4,0,0,1,0,0,0,0,1,0,1,0,0,0,0,1,0,0,1,0,0,0,0,0,0,0,1,1,0,1
41012878,크루즈,어메이징 뉴 크루즈,95,349,99370,1796,5,11,2,1,0,1,1,1,1,1,1,0,1,0,0,0,0,1,0,0,1,0,0,0,0,1,0,0,0,1,0,1
41014658,이쿼녹스,이쿼녹스,79,949,171121,1598,5,7,8,1,1,1,1,1,1,1,1,1,1,0,0,0,0,1,0,0,0,0,1,0,0,0,1,0,0,1,1,0
41017233,아베오,아베오 세단,63,267,94538,1598,5,13,12,0,0,1,1,0,0,1,1,0,1,0,0,0,0,1,0,0,1,0,0,0,0,0,0,1,0,1,0,1
41017522,올란도,올란도,77,270,163512,1998,7,13,10,0,0,1,1,0,1,1,1,0,1,0,0,0,0,1,0,0,0,0,1,0,0,0,0,1,0,1,1,0
41020132,트레일블레이저,트레일블레이저,104,1580,49675,1341,5,6,1,1,1,1,1,1,1,0,1,0,1,0,0,0,0,1,0,0,1,0,0,0,0,1,0,0,0,1,1,0
41020373,트랙스,더 뉴 트랙스,103,840,88755,1362,5,7,4,0,0,1,1,0,1,0,1,0,1,0,0,0,0,1,0,0,1,0,0,0,0,0,0,0,1,1,1,0
41025619,말리부,올 뉴 말리부,40,1200,65837,1490,5,8,1,0,0,1,1,1,1,0,1,1,1,0,0,0,0,1,0,0,1,0,0,0,0,1,0,0,0,1,0,1
41025645,트랙스,더 뉴 트랙스,103,850,76358,1598,5,9,9,0,1,1,1,0,1,0,1,0,1,0,0,0,0,1,0,0,0,0,1,0,0,1,0,0,0,1,1,0
41026279,스파크,더 넥스트 스파크,54,600,73438,999,5,11,2,1,0,1,1,0,1,0,1,0,1,0,0,0,0,1,0,0,1,0,0,0,0,1,0,0,0,1,0,1
41026506,알페온,알페온,70,510,91502,2384,5,12,7,0,1,1,1,1,1,1,1,1,1,0,0,0,0,1,0,0,1,0,0,0,0,0,0,1,0,1,0,1
41027492,트레일블레이저,트레일블레이저,104,1590,81130,1341,5,6,4,0,1,1,1,1,1,0,1,1,1,0,0,0,0,1,0,0,1,0,0,0,0,1,0,0,0,1,1,0
41027543,트랙스,더 뉴 트랙스,103,700,123964,1362,5,9,1,0,0,1,1,0,1,0,1,0,1,0,0,0,0,1,0,0,1,0,0,0,0,1,0,0,0,1,1,0
41027553,올란도,올란도,77,500,81072,1998,7,15,2,0,0,1,1,1,1,0,1,0,1,0,0,0,0,1,0,0,0,0,1,0,0,0,0,1,0,1,1,0
41027728,스파크,스파크,54,290,120073,995,5,13,2,0,0,1,1,0,0,0,1,0,1,0,0,0,0,1,0,1,0,0,0,0,0,0,0,0,1,1,0,1
41028611,스파크,스파크,54,319,96598,995,5,11,14,0,0,1,1,0,0,0,1,0,1,0,0,0,0,1,0,0,1,0,0,0,0,0,0,0,1,1,0,1
41028966,말리부,더 뉴 말리부,40,999,112751,1341,5,7,9,0,0,1,1,1,1,1,1,1,1,0,0,0,0,1,0,0,1,0,0,0,0,0,1,0,0,1,0,1
41032154,말리부,올 뉴 말리부,40,1350,33574,1490,5,9,3,0,1,1,1,1,1,1,1,1,1,0,0,0,0,1,0,0,1,0,0,0,0,0,0,1,0,1,0,1
41037589,올란도,올란도,77,399,145555,1998,7,14,4,1,0,1,1,0,1,0,1,0,1,0,0,0,0,1,0,0,0,0,1,0,0,1,0,0,0,1,1,0
41037603,이쿼녹스,이쿼녹스,79,990,92250,1598,5,8,11,0,1,1,1,1,1,0,1,0,1,0,0,0,0,1,0,0,0,0,1,0,0,0,1,0,0,1,1,0
41041543,스파크,더 넥스트 스파크,54,450,97838,999,5,10,4,0,0,1,1,1,0,1,1,0,1,0,0,0,0,1,0,0,1,0,0,0,0,0,1,0,0,1,0,1
41042942,캡티바,캡티바,90,440,122490,1998,7,12,10,1,0,1,1,1,1,1,1,0,1,0,0,0,0,1,0,0,0,0,1,0,0,0,0,1,0,1,1,0
41047149,말리부,올 뉴 말리부,40,798,115438,1998,5,9,11,0,1,1,1,1,1,1,1,1,1,0,0,0,0,1,0,0,1,0,0,0,0,1,0,0,0,1,0,1
41048195,올란도,올란도,77,440,90680,1998,7,13,4,1,0,1,1,1,1,1,1,0,1,0,0,0,0,1,0,0,0,0,1,0,0,0,1,0,0,1,1,0
41049434,말리부,올 뉴 말리부,40,1350,32027,1490,5,10,0,0,0,1,1,1,1,1,1,1,1,0,0,0,0,1,0,0,1,0,0,0,0,0,0,1,0,1,0,1
41051834,올란도,올란도,77,390,180375,1998,7,12,14,1,0,1,1,1,1,1,1,0,1,0,0,0,0,1,0,0,0,0,1,0,0,0,0,0,1,1,1,0
41052697,말리부,올 뉴 말리부,40,1050,55964,1998,5,10,5,0,1,1,1,1,1,0,1,0,1,0,0,0,0,1,0,0,1,0,0,0,0,0,1,0,0,1,0,1
41055730,스파크,더 넥스트 스파크,54,520,52332,999,5,11,1,0,0,0,1,0,0,1,0,0,0,0,0,0,0,1,0,0,1,0,0,0,0,1,0,0,0,1,0,1
41055970,캡티바,캡티바,90,599,60231,2231,7,13,12,1,0,1,1,1,1,1,1,0,1,0,0,0,0,1,0,0,0,0,1,0,0,1,0,0,0,1,1,0
41056842,트레일블레이저,트레일블레이저,104,1680,78981,1341,5,6,3,0,1,1,1,1,1,0,1,0,1,0,0,0,0,1,0,0,1,0,0,0,0,0,0,0,1,1,1,0
41057727,스파크,스파크,54,230,159145,995,5,14,11,0,0,1,1,1,0,1,1,0,1,0,0,0,0,1,0,1,0,0,0,0,0,1,0,0,0,1,0,1
41059531,트랙스,트랙스,103,550,75662,1362,5,13,10,1,0,1,1,0,0,0,1,0,1,0,0,0,0,1,0,0,1,0,0,0,0,0,0,1,0,1,1,0
41060308,스파크,더 넥스트 스파크,54,820,46677,999,5,8,1,0,0,1,1,1,1,1,1,0,1,0,0,0,0,1,0,0,1,0,0,0,0,1,0,0,0,1,0,1
41061865,마티즈,마티즈 크리에이티브,39,220,100329,995,5,15,1,0,0,1,0,0,0,0,1,0,1,0,0,0,0,1,0,0,1,0,0,0,0,0,0,0,1,0,0,1
41064532,스파크,더 뉴 스파크,54,700,126019,999,5,7,6,1,0,1,1,0,1,0,1,0,1,0,0,0,0,1,0,0,1,0,0,0,0,0,0,1,0,0,0,1
41064676,트랙스,더 뉴 트랙스,103,980,103501,1598,5,6,7,0,0,1,1,0,1,0,1,0,1,0,0,0,0,1,0,0,0,0,1,0,0,1,0,0,0,1,1,0
41065205,말리부,말리부,40,520,113435,1998,5,11,5,0,0,1,1,1,1,1,1,0,1,0,0,0,0,1,0,0,1,0,0,0,0,0,1,0,0,1,0,1
41065278,말리부,말리부,40,240,154887,1998,5,14,24,1,0,1,0,1,1,0,1,0,1,0,0,0,0,1,0,0,1,0,0,0,0,0,0,1,0,1,0,1
41065400,크루즈,어메이징 뉴 크루즈,95,599,85619,1362,5,11,0,0,0,1,0,0,1,0,1,0,1,0,0,0,0,1,0,0,1,0,0,0,0,1,0,0,0,1,0,1
41065531,스파크,스파크,54,320,52217,995,5,14,2,0,0,1,1,0,0,1,1,0,1,0,0,0,0,1,0,0,1,0,0,0,0,0,0,0,1,1,0,1
41067852,말리부,말리부,40,370,219947,1998,5,12,0,0,1,1,1,1,1,0,1,0,1,0,0,0,0,1,0,0,1,0,0,0,0,0,0,0,1,1,0,1
41069045,스파크,더 넥스트 스파크,54,610,99122,999,5,8,2,0,0,1,1,1,1,0,1,0,1,0,0,0,0,1,0,0,1,0,0,0,0,1,0,0,0,1,0,1
41069612,스파크,스파크,54,380,52384,995,5,12,3,0,0,1,1,0,0,0,1,0,1,0,0,0,0,1,0,0,1,0,0,0,0,0,0,0,1,1,0,1
41071324,스파크,더 뉴 스파크,54,780,39006,999,5,6,1,0,0,1,1,0,1,0,1,0,1,0,0,0,0,1,0,0,1,0,0,0,0,1,0,0,0,1,0,1
41077038,트랙스,트랙스,103,360,125010,1362,5,13,9,0,0,1,1,0,0,1,1,0,1,0,0,0,0,1,0,0,1,0,0,0,0,0,1,0,0,1,1,0
41078479,스파크,더 넥스트 스파크,54,520,60255,999,5,11,8,0,0,1,1,0,1,0,1,0,1,0,0,0,0,1,0,0,1,0,0,0,0,1,0,0,0,1,0,1
41079280,라세티,라세티 프리미어,33,340,32573,1598,5,17,2,0,0,1,1,1,0,0,1,0,0,0,0,0,0,1,0,0,1,0,0,0,0,0,0,1,0,1,0,1
41080202,스파크,스파크,54,190,90276,995,5,12,7,0,0,0,1,0,0,1,0,0,1,0,0,0,0,1,0,0,1,0,0,0,0,0,0,1,0,0,0,1
41080217,크루즈,크루즈,95,310,72796,1796,5,14,2,1,0,1,1,0,1,0,1,0,1,0,0,0,0,1,0,0,1,0,0,0,0,0,1,0,0,1,0,1
41080649,말리부,더 뉴 말리부,40,1690,35878,1998,5,5,0,0,0,1,1,1,1,1,1,0,1,0,0,0,0,1,0,0,1,0,0,0,0,0,1,0,0,1,0,1
41081383,말리부,더 뉴 말리부,40,1420,71977,1998,5,7,2,0,0,1,1,1,1,1,1,0,1,0,0,0,0,1,0,0,1,0,0,0,0,0,0,1,0,1,0,1
41082002,올란도,올란도,77,490,167028,1998,7,11,5,0,0,1,1,0,1,1,1,0,1,0,0,0,0,1,0,1,0,0,0,0,0,0,0,1,0,1,1,0
41083994,스파크,스파크,54,259,160798,995,5,12,2,0,0,1,1,0,0,1,1,0,1,0,0,0,0,1,0,0,1,0,0,0,0,1,0,0,0,1,0,1
41085573,스파크,더 뉴 스파크,54,720,41718,999,5,6,7,0,0,1,1,0,1,1,1,0,1,0,0,0,0,1,0,0,1,0,0,0,0,0,0,0,1,1,0,1
41085647,올란도,올란도,77,520,156924,1998,7,11,7,0,0,1,1,0,1,1,1,0,1,0,0,0,0,1,0,0,0,0,1,0,0,0,0,0,1,1,1,0
41086201,올란도,올란도,77,339,90275,1998,7,15,5,0,0,1,1,0,0,1,1,0,1,0,0,0,0,1,0,0,0,0,1,0,0,1,0,0,0,1,1,0
41087039,말리부,올 뉴 말리부,40,629,120896,1490,5,10,14,1,0,1,1,1,1,1,1,1,1,0,0,0,0,1,0,0,1,0,0,0,0,1,0,0,0,1,0,1
41091267,크루즈,크루즈,95,390,103029,1796,5,13,0,0,0,1,1,0,1,1,1,0,1,0,0,0,0,1,0,0,1,0,0,0,0,1,0,0,0,1,0,1
41093259,트랙스,트랙스,103,540,140532,1598,5,10,2,0,0,1,1,0,0,1,1,0,1,0,0,0,0,1,0,0,0,0,1,0,0,1,0,0,0,1,1,0
41094350,스파크,스파크,54,280,96983,995,5,14,10,0,0,1,1,1,0,1,1,0,1,0,0,0,0,1,0,0,1,0,0,0,0,0,0,0,1,1,0,1
41097633,트랙스,더 뉴 트랙스,103,759,92780,1598,5,10,9,1,0,1,1,0,1,0,1,0,1,0,0,0,0,1,0,0,0,0,1,0,0,0,1,0,0,1,1,0
41097852,올란도,올란도,77,420,134451,1998,7,14,11,0,0,1,1,1,1,1,1,0,1,0,0,0,0,1,0,1,0,0,0,0,0,0,0,1,0,1,1,0
41098131,스파크,스파크,54,275,112408,995,5,13,11,0,0,1,1,0,0,1,1,0,1,0,0,0,0,1,0,0,1,0,0,0,0,1,0,0,0,1,0,1
41100918,올란도,올란도,77,599,129951,1998,7,11,5,0,0,1,1,0,1,1,1,0,1,0,0,0,0,1,0,1,0,0,0,0,0,1,0,0,0,1,1,0
41101876,크루즈,어메이징 뉴 크루즈,95,320,178918,1362,5,11,10,0,0,1,1,1,1,1,1,0,1,0,0,0,0,1,0,0,1,0,0,0,0,0,1,0,0,1,0,1
41102120,스파크,더 뉴 스파크,54,725,29163,999,2,6,0,0,0,1,1,0,0,1,0,0,0,0,0,0,0,1,0,0,1,0,0,0,0,1,0,0,0,1,0,1
41102602,스파크,더 넥스트 스파크,54,450,129400,999,5,11,8,0,1,1,0,1,0,0,1,0,1,0,0,0,0,1,0,0,1,0,0,0,0,0,0,0,1,1,0,1
41102791,말리부,올 뉴 말리부,40,800,81160,1490,5,10,4,0,0,1,1,1,1,1,1,0,1,0,0,0,0,1,0,0,1,0,0,0,0,0,0,0,1,1,0,1
41104346,트랙스,더 뉴 트랙스,103,939,84616,1362,5,9,0,0,0,1,1,0,1,1,1,0,1,0,0,0,0,1,0,0,1,0,0,0,0,1,0,0,0,1,1,0
41104580,말리부,더 뉴 말리부,40,870,105808,1998,5,7,20,0,1,1,1,1,1,1,1,1,1,0,0,0,0,1,0,0,1,0,0,0,0,0,1,0,0,1,0,1
41106211,올란도,올란도,77,230,251192,1998,7,13,2,0,0,1,1,0,1,1,1,0,1,0,0,0,0,1,0,1,0,0,0,0,0,0,0,1,0,1,1,0
41110895,올란도,올란도,77,499,133330,1998,7,11,10,0,0,1,1,1,1,1,1,0,1,0,0,0,0,1,0,0,0,0,1,0,0,1,0,0,0,1,1,0
41112336,스파크,스파크,54,370,28750,995,5,12,0,0,0,1,0,0,0,0,0,0,0,0,0,0,0,1,0,0,1,0,0,0,0,0,0,0,1,1,0,1
41114516,트랙스,트랙스,103,679,109093,1598,5,10,1,1,0,1,1,0,0,1,1,0,1,0,0,0,0,1,0,0,0,0,1,0,0,1,0,0,0,1,1,0
41115109,마티즈,마티즈 크리에이티브,39,190,97036,995,5,16,0,0,0,1,0,0,0,0,0,0,0,0,0,0,0,1,0,0,1,0,0,0,0,1,0,0,0,1,0,1
41115565,스파크,더 뉴 스파크,54,840,66685,999,5,6,2,0,0,1,1,0,1,1,1,0,1,0,0,0,0,1,0,0,1,0,0,0,0,1,0,0,0,1,0,1
41115650,올란도,올란도,77,690,101881,1598,7,10,3,1,0,1,1,1,1,1,1,0,1,0,0,0,0,1,0,0,0,0,1,0,0,0,0,1,0,1,1,0
41115782,스파크,더 뉴 스파크,54,750,59840,999,5,6,3,0,0,1,1,0,1,0,1,0,1,0,0,0,0,1,0,0,1,0,0,0,0,1,0,0,0,1,0,1
41120971,캡티바,캡티바,90,420,136036,1998,7,14,0,1,0,1,1,1,0,1,1,0,1,0,0,0,0,1,0,0,0,0,1,0,0,0,0,1,0,1,1,0
41122208,스파크,스파크,54,330,121898,995,5,14,2,0,0,1,1,0,0,1,1,0,1,0,0,0,0,1,0,1,0,0,0,0,0,1,0,0,0,1,0,1
41126808,말리부,올 뉴 말리부,40,880,105390,1998,5,9,6,1,1,1,1,1,1,1,1,1,1,0,0,0,0,1,0,0,1,0,0,0,0,1,0,0,0,1,0,1
41127445,올란도,올란도,77,599,166118,1598,7,9,3,0,0,1,1,1,1,1,1,0,1,0,0,0,0,1,0,0,0,0,1,0,0,1,0,0,0,1,1,0
41128329,올란도,올란도,77,700,104156,1998,7,12,2,0,0,1,1,1,1,1,1,0,1,0,0,0,0,1,0,1,0,0,0,0,0,0,1,0,0,1,1,0
41128643,올란도,올란도,77,470,164201,1998,7,12,7,0,0,1,1,1,1,1,1,0,1,0,0,0,0,1,0,1,0,0,0,0,0,0,0,0,1,1,1,0
41129112,올란도,올란도,77,189,243944,1998,7,15,6,0,0,1,0,1,1,0,1,0,1,0,0,0,0,1,0,0,0,0,1,0,0,1,0,0,0,1,1,0
41129312,올란도,올란도,77,490,129499,1998,7,14,3,0,0,1,1,1,1,1,1,0,1,0,0,0,0,1,0,1,0,0,0,0,0,0,0,1,0,1,1,0
41130005,알페온,알페온,70,380,45390,2997,5,16,2,0,1,1,1,1,1,1,1,0,1,0,0,0,0,1,0,0,1,0,0,0,0,0,1,0,0,1,0,1
41130725,크루즈,올 뉴 크루즈,95,580,88164,1399,5,9,7,0,0,1,1,0,1,0,1,0,1,0,0,0,0,1,0,0,1,0,0,0,0,0,0,1,0,1,0,1
41130919,트랙스,트랙스,103,510,98572,1598,5,10,7,1,0,1,1,0,0,1,1,0,1,0,0,0,0,1,0,0,0,0,1,0,0,1,0,0,0,1,1,0
41131162,마티즈,마티즈 크리에이티브,39,230,69595,995,5,16,4,0,0,1,1,0,0,1,1,0,1,0,0,0,0,1,0,0,1,0,0,0,0,1,0,0,0,1,0,1
41131356,말리부,말리부,40,269,178297,1956,5,12,2,0,0,1,1,1,1,0,1,0,1,0,0,0,0,1,0,0,0,0,1,0,0,0,1,0,0,1,0,1
41131747,트랙스,더 뉴 트랙스,103,980,95814,1362,5,9,0,0,0,1,1,0,1,0,1,0,1,0,0,0,0,1,0,0,1,0,0,0,0,0,1,0,0,1,1,0
41132345,스파크,더 뉴 스파크,54,555,70620,999,5,7,10,0,0,1,1,1,1,1,1,0,1,0,0,0,0,1,0,0,1,0,0,0,0,0,0,0,1,1,0,1
41134517,스파크,더 뉴 스파크,54,740,41657,999,5,5,16,0,0,1,1,1,1,0,1,0,1,0,0,0,0,1,0,0,1,0,0,0,0,1,0,0,0,1,0,1
41135752,캡티바,캡티바,90,590,193413,1956,7,8,0,1,0,1,1,1,1,0,1,0,1,0,0,0,0,1,0,0,0,0,1,0,0,0,1,0,0,1,1,0
41135874,스파크,더 뉴 스파크,54,750,64923,999,5,8,2,0,0,1,1,0,1,1,1,0,1,0,0,0,0,1,0,0,1,0,0,0,0,0,1,0,0,1,0,1
41136978,캡티바,캡티바,90,900,67989,1956,7,10,2,0,0,0,0,0,0,0,0,0,0,0,0,0,0,1,0,0,0,0,1,0,0,1,0,0,0,1,1,0
41137445,트랙스,더 뉴 트랙스,103,1280,37318,1362,5,8,0,0,0,1,1,0,1,0,1,0,1,0,0,0,0,1,0,0,1,0,0,0,0,0,0,1,0,1,1,0
41137498,라보,뉴 라보,32,590,97967,796,2,9,1,0,0,0,0,0,0,0,0,0,0,0,0,0,0,1,0,1,0,0,0,0,0,1,0,0,0,0,1,0
41137859,트랙스,더 뉴 트랙스,103,1020,75947,1362,5,8,3,0,0,1,1,0,1,0,1,0,1,0,0,0,0,1,0,0,1,0,0,0,0,0,0,1,0,1,1,0
41138005,트랙스,더 뉴 트랙스,103,910,36977,1362,5,9,7,0,0,1,1,0,1,1,1,0,1,0,0,0,0,1,0,0,1,0,0,0,0,1,0,0,0,1,1,0
41138196,스파크,더 넥스트 스파크,54,770,72739,999,5,9,6,0,0,1,1,1,0,1,1,0,1,0,0,0,0,1,0,0,1,0,0,0,0,1,0,0,0,1,0,1
41139958,스파크,더 넥스트 스파크,54,550,60733,999,5,10,4,0,0,1,0,1,1,0,1,0,1,0,0,0,0,1,0,0,1,0,0,0,0,0,0,1,0,1,0,1
41140796,크루즈,크루즈,95,155,129546,1598,5,15,23,0,0,1,1,1,0,0,1,0,0,0,0,0,0,1,0,0,1,0,0,0,0,0,0,1,0,1,0,1
41141400,말리부,말리부,40,460,82303,1998,5,11,7,0,0,1,1,1,1,0,1,0,1,0,0,0,0,1,0,0,1,0,0,0,0,0,0,1,0,1,0,1
41142059,스파크,스파크,54,330,82850,995,5,13,6,0,0,1,1,0,0,1,1,0,1,0,0,0,0,1,0,0,1,0,0,0,0,0,0,1,0,1,0,1
41143224,크루즈,올 뉴 크루즈,95,740,97694,1399,5,9,4,1,0,1,1,1,1,0,1,0,1,0,0,0,0,1,0,0,1,0,0,0,0,1,0,0,0,1,0,1
41145182,올란도,올란도,77,830,57559,1998,7,13,3,1,0,1,1,1,1,1,1,0,1,0,0,0,0,1,0,1,0,0,0,0,0,1,0,0,0,1,1,0
41145274,크루즈,어메이징 뉴 크루즈,95,459,127675,1796,5,10,2,0,0,1,1,0,0,1,1,0,1,0,0,0,0,1,0,0,1,0,0,0,0,1,0,0,0,1,0,1
41145364,스파크,더 뉴 스파크,54,620,64779,999,5,8,11,0,0,1,0,0,1,0,1,0,1,0,0,0,0,1,0,0,1,0,0,0,0,1,0,0,0,1,0,1
41145491,올란도,올란도,77,650,110520,1998,7,10,2,0,0,1,1,0,1,0,1,0,1,0,0,0,0,1,0,1,0,0,0,0,0,0,0,0,1,1,1,0
41145834,트랙스,더 뉴 트랙스,103,1110,44252,1362,5,7,8,1,0,1,1,0,1,0,1,0,1,0,0,0,0,1,0,0,1,0,0,0,0,1,0,0,0,1,1,0
41146220,말리부,말리부,40,580,103799,1998,5,10,9,0,1,1,1,1,1,0,1,0,1,0,0,0,0,1,0,0,1,0,0,0,0,1,0,0,0,1,0,1
41146767,말리부,올 뉴 말리부,40,700,129250,1490,5,10,9,0,0,1,1,1,1,0,1,0,1,0,0,0,0,1,0,0,1,0,0,0,0,1,0,0,0,1,0,1
41146905,트랙스,더 뉴 트랙스,103,830,114057,1598,5,6,0,0,0,1,1,0,1,1,1,0,1,0,0,0,0,1,0,0,0,0,1,0,0,1,0,0,0,1,1,0
41146996,크루즈,크루즈,95,340,87555,1796,5,14,8,0,0,1,1,1,1,0,1,0,1,0,0,0,0,1,0,0,1,0,0,0,0,0,1,0,0,1,0,1
41148023,스파크,스파크,54,389,37455,995,5,12,2,0,0,1,0,0,0,0,0,0,0,0,0,0,0,1,0,0,1,0,0,0,0,0,0,1,0,1,0,1
41149270,볼트,볼트 EV,48,1399,98768,174,5,8,6,0,1,1,1,1,1,0,1,0,1,0,0,0,0,1,0,0,0,0,0,1,0,1,0,0,0,1,0,1
41149378,말리부,더 뉴 말리부,40,1439,27613,1341,5,7,0,0,0,1,1,1,1,0,1,0,1,0,0,0,0,1,0,0,1,0,0,0,0,0,1,0,0,1,0,1
41151253,말리부,올 뉴 말리부,40,810,90800,1796,5,10,17,1,0,1,1,1,1,0,1,0,1,0,0,0,0,1,0,0,0,1,0,0,0,0,1,0,0,1,0,1
41151549,크루즈,크루즈,95,270,97590,1796,5,15,15,0,0,1,1,0,0,0,1,0,1,0,0,0,0,1,0,0,1,0,0,0,0,0,0,1,0,1,0,1
41155798,마티즈,마티즈 크리에이티브,39,190,119504,995,5,17,4,0,0,1,0,0,0,0,1,0,1,0,0,0,0,1,0,0,1,0,0,0,0,1,0,0,0,1,0,1
41156084,트랙스,더 뉴 트랙스,103,1050,52014,1598,5,9,7,1,0,1,1,0,1,0,1,0,1,0,0,0,0,1,0,0,0,0,1,0,0,0,0,1,0,1,1,0
41156661,말리부,말리부,40,530,91367,1998,5,11,7,1,0,1,1,1,1,1,1,0,1,0,0,0,0,1,0,0,1,0,0,0,0,1,0,0,0,1,0,1
41159449,트레일블레이저,트레일블레이저,104,1270,130542,1341,5,6,0,0,0,1,1,1,1,0,1,1,1,0,0,0,0,1,0,0,1,0,0,0,0,1,0,0,0,1,1,0
41159776,말리부,말리부,40,290,111213,1998,5,14,5,0,0,1,1,1,1,1,1,0,1,0,0,0,0,1,0,0,1,0,0,0,0,1,0,0,0,1,0,1
41166131,스파크,더 뉴 스파크,54,790,49445,999,5,8,9,0,0,1,1,1,1,0,1,0,1,0,0,0,0,1,0,0,1,0,0,0,0,1,0,0,0,1,0,1
41167006,이쿼녹스,이쿼녹스,79,1190,92084,1598,5,8,5,0,1,1,1,1,1,1,1,1,1,0,0,0,0,1,0,0,0,0,1,0,0,1,0,0,0,1,1,0
41168936,트랙스,더 뉴 트랙스,103,620,131454,1598,5,10,9,1,0,1,1,0,1,0,1,0,1,0,0,0,0,1,0,0,0,0,1,0,0,1,0,0,0,1,1,0
41168944,말리부,말리부,40,459,146032,1956,5,11,6,1,0,1,1,1,1,0,1,0,1,0,0,0,0,1,0,0,0,0,1,0,0,0,0,1,0,1,0,1
41169436,스파크,더 넥스트 스파크,54,750,52243,999,5,8,1,0,0,1,1,0,1,1,1,0,1,0,0,0,0,1,0,0,1,0,0,0,0,1,0,0,0,1,0,1
41169523,스파크,스파크,54,420,76845,995,5,11,7,0,0,1,1,0,0,1,1,0,1,0,0,0,0,1,0,0,1,0,0,0,0,1,0,0,0,1,0,1
41170602,크루즈,어메이징 뉴 크루즈,95,510,103763,1796,5,10,7,0,0,1,1,0,0,1,1,0,1,0,0,0,0,1,0,0,1,0,0,0,0,1,0,0,0,1,0,1
41170897,스파크,스파크,54,250,128363,995,5,13,13,0,0,1,0,0,0,1,1,0,1,0,0,0,0,1,0,0,1,0,0,0,0,1,0,0,0,0,0,1
41171805,스파크,더 뉴 스파크,54,799,57143,999,5,8,2,0,0,1,1,1,1,0,1,0,1,0,0,0,0,1,0,0,1,0,0,0,0,0,0,1,0,1,0,1
41172342,임팔라,임팔라,80,750,103947,2457,5,10,2,0,1,1,1,1,1,0,1,1,1,0,0,0,0,1,0,0,1,0,0,0,0,0,1,0,0,1,0,1
41173515,말리부,더 뉴 말리부,40,1340,56610,1341,5,6,1,0,1,1,1,1,1,0,0,0,1,0,0,0,0,1,0,0,1,0,0,0,0,0,0,0,1,1,0,1
41174192,캡티바,캡티바,90,790,98568,1956,5,10,0,1,0,1,1,1,1,1,1,0,1,0,0,0,0,1,0,0,0,0,1,0,0,0,0,1,0,1,1,0
41175548,트랙스,더 뉴 트랙스,103,960,64192,1362,5,9,4,0,0,1,1,0,1,0,1,0,1,0,0,0,0,1,0,0,1,0,0,0,0,1,0,0,0,1,1,0
41175724,스파크,더 뉴 스파크,54,799,49044,999,5,8,2,0,0,1,1,0,1,1,1,0,1,0,0,0,0,1,0,0,1,0,0,0,0,1,0,0,0,1,0,1
41175767,스파크,더 넥스트 스파크,54,520,33441,999,5,11,10,0,0,1,1,0,0,1,1,0,1,0,0,0,0,1,0,0,1,0,0,0,0,0,0,0,1,1,0,1
41180173,크루즈,어메이징 뉴 크루즈,95,390,79075,1796,5,11,14,0,0,1,1,0,0,1,1,0,0,0,0,0,0,1,0,0,1,0,0,0,0,1,0,0,0,1,0,1
41181643,캡티바,캡티바,90,349,190958,1998,7,13,1,0,0,1,1,0,1,0,1,0,1,0,0,0,0,1,0,0,0,0,1,0,0,1,0,0,0,1,1,0
41181941,스파크,더 넥스트 스파크,54,600,90251,999,5,10,10,0,0,1,1,0,1,1,1,0,1,0,0,0,0,1,0,0,1,0,0,0,0,1,0,0,0,1,0,1
41181973,말리부,올 뉴 말리부,40,1270,49048,1490,5,9,1,0,1,1,1,1,1,1,1,1,1,0,0,0,0,1,0,0,1,0,0,0,0,0,0,1,0,1,0,1
41182090,캡티바,캡티바,90,750,107002,1956,5,10,2,0,0,0,0,0,0,0,0,0,0,0,0,0,0,1,0,0,0,0,1,0,0,1,0,0,0,1,1,0
41182468,스파크,스파크,54,280,100191,995,5,14,10,0,0,1,1,1,0,1,1,0,1,0,0,0,0,1,0,0,1,0,0,0,0,1,0,0,0,1,0,1
41184108,스파크,더 넥스트 스파크,54,430,91208,999,5,11,2,0,0,1,1,0,0,1,1,0,1,0,0,0,0,1,0,0,1,0,0,0,0,0,0,1,0,1,0,1
41184478,올란도,올란도,77,370,99840,1998,7,12,11,1,0,1,1,0,1,1,1,0,1,0,0,0,0,1,0,0,0,0,1,0,0,0,0,0,1,1,1,0
41184690,말리부,올 뉴 말리부,40,699,98536,1998,5,10,10,0,1,1,1,1,1,1,1,1,1,0,0,0,0,1,0,0,1,0,0,0,0,1,0,0,0,1,0,1
41185804,올란도,올란도,77,630,73724,1998,7,12,5,0,0,1,1,0,0,1,1,0,1,0,0,0,0,1,0,1,0,0,0,0,0,0,0,1,0,1,1,0
41186096,임팔라,임팔라,80,869,55870,3564,5,11,7,0,1,1,1,1,1,1,1,1,1,0,0,0,0,1,0,0,1,0,0,0,0,0,1,0,0,1,0,1
41189660,스파크,더 넥스트 스파크,54,470,84375,999,5,10,8,0,0,1,1,0,0,0,1,0,1,0,0,0,0,1,0,0,1,0,0,0,0,0,0,1,0,1,0,1
41190018,말리부,올 뉴 말리부,40,1150,67743,1490,5,10,10,1,0,1,1,1,1,1,1,1,1,0,0,0,0,1,0,0,1,0,0,0,0,1,0,0,0,1,0,1
41190047,스파크,더 넥스트 스파크,54,430,139192,999,5,9,8,0,0,1,1,0,0,1,1,0,1,0,0,0,0,1,0,0,1,0,0,0,0,0,0,1,0,1,0,1
41190706,트랙스,트랙스,103,430,163312,1362,5,11,0,1,0,1,1,0,0,1,1,1,1,0,0,0,0,1,0,0,1,0,0,0,0,0,0,0,1,1,1,0
41191229,트랙스,더 뉴 트랙스,103,799,83553,1362,5,8,2,0,0,1,1,0,1,0,1,0,1,0,0,0,0,1,0,0,1,0,0,0,0,0,0,1,0,1,1,0
41191561,트랙스,더 뉴 트랙스,103,1050,65138,1362,5,7,1,0,0,1,1,0,1,0,1,0,1,0,0,0,0,1,0,0,1,0,0,0,0,1,0,0,0,1,1,0
41192315,스파크,더 넥스트 스파크,54,590,87325,999,5,8,0,0,0,1,1,0,1,1,1,0,1,0,0,0,0,1,0,0,1,0,0,0,0,0,0,0,1,1,0,1
41194058,캡티바,캡티바,90,380,145377,1998,7,13,11,0,0,1,1,1,1,1,1,0,1,0,0,0,0,1,0,0,0,0,1,0,0,1,0,0,0,1,1,0
41194788,캡티바,캡티바,90,660,143179,1956,5,9,1,0,0,1,1,1,1,0,1,0,1,0,0,0,0,1,0,0,0,0,1,0,0,0,1,0,0,1,1,0
41195714,말리부,올 뉴 말리부,40,995,116894,1998,5,8,6,0,1,1,1,1,1,1,1,1,1,0,0,0,0,1,0,0,1,0,0,0,0,0,1,0,0,1,0,1
41197280,스파크,더 넥스트 스파크,54,560,69286,999,5,10,0,0,0,1,0,0,0,0,1,0,1,0,0,0,0,1,0,0,1,0,0,0,0,0,0,0,1,1,0,1
41197967,트랙스,트랙스,103,620,111024,1598,5,10,0,0,0,1,1,0,0,1,1,0,1,0,0,0,0,1,0,0,0,0,1,0,0,1,0,0,0,1,1,0
41198639,스파크,더 뉴 스파크,54,900,24814,999,5,5,5,0,0,1,1,0,1,0,1,0,1,0,0,0,0,1,0,0,1,0,0,0,0,0,1,0,0,1,0,1
41199303,트랙스,더 뉴 트랙스,103,780,94095,1362,5,9,14,0,0,1,1,0,1,0,1,0,1,0,0,0,0,1,0,0,1,0,0,0,0,1,0,0,0,1,1,0
41199493,트레일블레이저,트레일블레이저,104,1430,51444,1198,5,6,2,0,1,1,1,0,1,0,1,0,1,0,0,0,0,1,0,0,1,0,0,0,0,0,1,0,0,1,1,0
41199545,트랙스,더 뉴 트랙스,103,1098,37815,1362,5,9,4,0,0,1,1,0,1,0,1,0,1,0,0,0,0,1,0,0,1,0,0,0,0,0,0,1,0,1,1,0
41201928,아베오,아베오 세단,63,250,153060,1598,5,13,6,0,0,1,1,0,0,0,1,0,1,0,0,0,0,1,0,0,1,0,0,0,0,1,0,0,0,1,0,1
41202002,말리부,말리부,40,330,132795,1956,5,11,13,1,0,1,1,1,1,0,1,0,1,0,0,0,0,1,0,0,0,0,1,0,0,0,1,0,0,1,0,1
41202768,말리부,올 뉴 말리부,40,770,166775,1998,5,9,0,1,1,1,1,1,1,1,1,1,1,0,0,0,0,1,0,0,1,0,0,0,0,1,0,0,0,1,0,1
41203049,올란도,올란도,77,290,150282,1998,7,15,11,0,0,1,1,0,0,1,1,0,1,0,0,0,0,1,0,0,0,0,1,0,0,0,0,1,0,1,1,0
41203495,스파크,더 넥스트 스파크,54,350,115730,999,5,11,2,0,0,1,0,0,1,0,1,0,1,0,0,0,0,1,0,0,1,0,0,0,0,0,0,0,1,1,0,1
41203902,스파크,더 뉴 스파크,54,920,39266,999,5,6,1,0,0,1,1,0,1,0,1,0,1,0,0,0,0,1,0,0,1,0,0,0,0,1,0,0,0,1,0,1
41206024,올란도,올란도,77,590,140229,1998,7,13,2,0,0,0,0,0,0,0,0,0,0,0,0,0,0,1,0,1,0,0,0,0,0,1,0,0,0,1,1,0
41206163,말리부,올 뉴 말리부,40,1150,27298,1490,5,9,3,1,0,1,1,0,1,1,1,0,1,0,0,0,0,1,0,0,1,0,0,0,0,1,0,0,0,1,0,1
41206383,트랙스,더 뉴 트랙스,103,750,87923,1362,5,7,5,0,0,1,1,0,1,0,1,0,1,0,0,0,0,1,0,0,1,0,0,0,0,1,0,0,0,1,1,0
41206550,스파크,스파크,54,290,76058,995,5,15,2,0,0,1,1,0,0,0,1,0,1,0,0,0,0,1,0,0,1,0,0,0,0,0,0,0,1,1,0,1
41206727,이쿼녹스,이쿼녹스,79,1310,94666,1598,5,7,1,0,1,1,1,1,1,1,1,0,1,0,0,0,0,1,0,0,0,0,1,0,0,1,0,0,0,1,1,0
41207702,스파크,스파크,54,250,68962,995,5,14,2,0,0,0,0,0,0,0,0,0,0,0,0,0,0,1,0,0,1,0,0,0,0,0,0,0,1,1,0,1
41207886,크루즈,크루즈,95,220,102719,1598,5,15,23,1,0,1,1,0,0,1,1,0,0,0,0,0,0,1,0,0,1,0,0,0,0,0,0,1,0,1,0,1
41208047,올란도,올란도,77,629,82339,1998,7,14,2,0,0,1,1,1,1,1,1,0,1,0,0,0,0,1,0,1,0,0,0,0,0,1,0,0,0,1,1,0
41208211,말리부,올 뉴 말리부,40,660,159586,1998,5,9,8,1,1,1,1,1,1,1,1,0,1,0,0,0,0,1,0,0,1,0,0,0,0,0,1,0,0,1,0,1
41208875,스파크,더 뉴 스파크,54,820,39745,999,5,7,1,0,0,1,1,0,1,1,1,0,1,0,0,0,0,1,0,0,1,0,0,0,0,1,0,0,0,1,0,1
41209437,볼트,볼트 EV,48,1670,87189,174,5,8,2,0,1,1,1,1,1,0,1,0,1,0,0,0,0,1,0,0,0,0,0,1,0,1,0,0,0,1,0,1
41210437,스파크,더 넥스트 스파크,54,850,31420,999,5,8,3,0,0,1,1,1,1,0,1,0,1,0,0,0,0,1,0,0,1,0,0,0,0,0,0,1,0,1,0,1
41211943,올란도,올란도,77,500,145888,1998,7,11,15,1,0,1,1,1,1,1,1,0,1,0,0,0,0,1,0,0,0,0,1,0,0,1,0,0,0,1,1,0
41212826,스파크,스파크,54,615,23008,995,5,12,0,0,0,1,1,0,0,1,1,0,1,0,0,0,0,1,0,0,1,0,0,0,0,1,0,0,0,1,0,1
41214787,크루즈,어메이징 뉴 크루즈,95,599,94083,1362,5,11,14,0,0,1,1,1,1,1,1,0,1,0,0,0,0,1,0,0,1,0,0,0,0,1,0,0,0,1,0,1
41214831,트레일블레이저,트레일블레이저,104,1690,18316,1341,5,6,2,1,1,1,1,1,1,1,1,1,1,0,0,0,0,1,0,0,1,0,0,0,0,1,0,0,0,1,1,0
41215339,말리부,올 뉴 말리부,40,1080,38354,1490,5,9,1,0,0,1,1,1,1,1,1,0,1,0,0,0,0,1,0,0,1,0,0,0,0,0,0,0,1,1,0,1
41218035,올란도,올란도,77,469,124080,1998,7,15,2,1,0,1,1,1,1,1,1,0,1,0,0,0,0,1,0,1,0,0,0,0,0,0,0,1,0,1,1,0
41218837,알페온,알페온,70,280,162326,2384,5,14,2,0,0,1,1,1,1,0,1,0,1,0,0,0,0,1,0,0,1,0,0,0,0,0,1,0,0,1,0,1
41218893,스파크,더 뉴 스파크,54,750,97410,999,5,7,1,0,0,1,1,1,1,0,1,0,1,0,0,0,0,1,0,0,1,0,0,0,0,1,0,0,0,1,0,1
41219609,말리부,올 뉴 말리부,40,700,119553,1490,5,10,3,0,0,1,1,1,1,0,1,0,1,0,0,0,0,1,0,0,1,0,0,0,0,1,0,0,0,1,0,1
41220003,말리부,올 뉴 말리부,40,1039,82566,1998,5,10,2,1,1,1,1,1,1,1,1,1,1,0,0,0,0,1,0,0,1,0,0,0,0,0,1,0,0,1,0,1
41222796,트레일블레이저,트레일블레이저,104,1349,136944,1341,5,6,3,1,1,1,1,1,1,1,1,1,1,0,0,0,0,1,0,0,1,0,0,0,0,0,1,0,0,1,1,0
41223095,말리부,올 뉴 말리부,40,1280,53857,1998,5,9,4,1,1,1,1,1,1,1,1,1,1,0,0,0,0,1,0,0,1,0,0,0,0,0,0,1,0,1,0,1
41223239,스파크,더 뉴 스파크,54,700,105979,999,5,8,1,1,0,1,1,1,1,0,1,0,1,0,0,0,0,1,0,0,1,0,0,0,0,0,0,0,1,1,0,1
41223583,올란도,올란도,77,420,127227,1998,7,14,10,1,0,1,1,1,1,1,1,0,1,0,0,0,0,1,0,1,0,0,0,0,0,0,1,0,0,1,1,0
41225201,말리부,더 뉴 말리부,40,1130,103357,1598,5,7,2,0,1,1,1,1,1,0,1,1,1,0,0,0,0,1,0,0,0,0,1,0,0,0,1,0,0,1,0,1
41229532,말리부,올 뉴 말리부,40,900,87642,1490,5,9,5,0,0,1,1,1,1,0,1,1,1,0,0,0,0,1,0,0,1,0,0,0,0,1,0,0,0,1,0,1
41231808,스파크,더 뉴 스파크,54,770,103574,999,5,7,1,0,0,1,1,0,1,0,1,0,1,0,0,0,0,1,0,0,1,0,0,0,0,0,1,0,0,1,0,1
41232364,말리부,올 뉴 말리부,40,1120,52851,1998,5,10,6,0,0,1,0,1,1,1,1,0,1,0,0,0,0,1,0,0,1,0,0,0,0,0,0,1,0,1,0,1
41232490,스파크,더 넥스트 스파크,54,490,91970,999,5,10,0,0,0,1,0,0,0,0,0,0,0,0,0,0,0,1,0,0,1,0,0,0,0,1,0,0,0,1,0,1
41232674,올란도,올란도,77,390,115018,1998,7,13,8,0,0,1,0,0,0,0,1,0,1,0,0,0,0,1,0,1,0,0,0,0,0,0,0,0,1,1,1,0
41235069,아베오,아베오 세단,63,290,88859,1598,5,13,9,0,0,1,1,0,0,1,1,0,1,0,0,0,0,1,0,0,1,0,0,0,0,0,0,1,0,1,0,1
41236181,알페온,알페온,70,390,110746,2384,5,15,4,0,1,1,1,1,1,1,1,0,1,0,0,0,0,1,0,0,1,0,0,0,0,1,0,0,0,1,0,1
41237128,스파크,스파크,54,250,154133,995,5,12,2,0,0,1,1,0,0,1,0,0,0,0,0,0,0,1,0,0,1,0,0,0,0,0,0,0,1,1,0,1
41237592,말리부,올 뉴 말리부,40,1190,91485,1998,5,8,8,1,1,1,1,1,1,1,1,1,1,0,0,0,0,1,0,0,1,0,0,0,0,1,0,0,0,1,0,1
41237839,스파크,스파크,54,230,60895,995,5,15,14,0,0,0,0,0,0,0,1,0,1,0,0,0,0,1,0,0,1,0,0,0,0,0,0,0,1,1,0,1
41241017,말리부,더 뉴 말리부,40,1620,74261,1998,5,6,7,0,1,1,1,1,1,1,1,1,1,0,0,0,0,1,0,0,1,0,0,0,0,0,1,0,0,1,0,1
41242554,올란도,올란도,77,680,115999,1998,7,10,2,0,0,1,1,0,1,1,1,0,1,0,0,0,0,1,0,1,0,0,0,0,0,0,1,0,0,1,1,0
41242751,트랙스,트랙스,103,550,125031,1362,5,11,9,0,0,1,1,0,0,1,1,0,1,0,0,0,0,1,0,0,1,0,0,0,0,1,0,0,0,1,1,0
41242864,스파크,스파크,54,230,119989,995,5,14,1,0,0,1,0,1,0,0,1,0,1,0,0,0,0,1,0,0,1,0,0,0,0,1,0,0,0,1,0,1
41244226,스파크,스파크,54,240,122510,995,5,15,8,0,0,1,0,0,0,0,1,0,1,0,0,0,0,1,0,0,1,0,0,0,0,0,0,1,0,1,0,1
41245178,올란도,올란도,77,380,204515,1998,7,12,0,0,0,1,1,0,1,1,1,0,1,0,0,0,0,1,0,0,0,0,1,0,0,0,0,1,0,1,1,0
41245767,트랙스,트랙스,103,449,138413,1362,5,12,6,1,0,1,1,0,0,0,1,0,1,0,0,0,0,1,0,0,1,0,0,0,0,1,0,0,0,1,1,0
41246695,올란도,올란도,77,780,79083,1998,7,11,2,0,0,1,1,0,1,1,1,0,1,0,0,0,0,1,0,1,0,0,0,0,0,0,0,1,0,1,1,0
41247135,트레일블레이저,트레일블레이저,104,1520,94761,1341,5,4,8,0,0,0,1,1,1,1,0,0,1,0,0,0,0,1,0,0,1,0,0,0,0,0,0,0,1,1,1,0
41250197,스파크,스파크,54,425,86647,995,5,12,9,0,0,1,1,0,0,1,1,0,1,0,0,0,0,1,0,0,1,0,0,0,0,1,0,0,0,1,0,1
41250222,올란도,올란도,77,355,159321,1998,7,14,7,0,0,1,1,0,0,1,1,0,1,0,0,0,0,1,0,0,0,0,1,0,0,0,0,1,0,1,1,0
41253012,이쿼녹스,이쿼녹스,79,1030,157510,1598,5,6,3,0,1,1,1,1,1,1,1,0,1,0,0,0,0,1,0,0,0,0,1,0,0,0,1,0,0,1,1,0
41255774,말리부,말리부,40,450,155599,1956,5,11,17,0,0,1,1,1,1,1,1,0,1,0,0,0,0,1,0,0,0,0,1,0,0,0,0,0,1,1,0,1
41256588,올란도,올란도,77,880,85208,1998,7,9,2,0,0,0,0,0,0,0,0,0,0,0,0,0,0,1,0,1,0,0,0,0,0,0,0,0,1,1,1,0
41258187,크루즈,크루즈,95,280,133558,1598,5,15,10,1,0,1,1,1,0,1,1,0,1,0,0,0,0,1,0,0,1,0,0,0,0,0,0,1,0,1,0,1
41258674,올란도,올란도,77,600,80077,1998,7,12,2,0,0,1,1,0,1,1,1,0,1,0,0,0,0,1,0,0,0,0,1,0,0,0,0,1,0,1,1,0
41259148,스파크,더 넥스트 스파크,54,577,68669,999,5,11,8,0,0,1,1,0,1,0,1,0,1,0,0,0,0,1,0,0,1,0,0,0,0,0,0,0,1,1,0,1
41260045,트랙스,더 뉴 트랙스,103,720,55975,1362,5,9,3,0,0,0,0,0,0,0,0,0,0,0,0,0,0,1,0,0,1,0,0,0,0,1,0,0,0,1,1,0
41261123,스파크,더 뉴 스파크,54,800,68513,999,5,8,2,0,0,0,0,0,0,0,0,0,0,0,0,0,0,1,0,0,1,0,0,0,0,0,0,1,0,1,0,1
41261306,스파크,더 넥스트 스파크,54,349,142319,999,5,10,10,0,0,1,1,0,0,1,1,0,1,0,0,0,0,1,0,0,1,0,0,0,0,0,0,1,0,1,0,1
41261342,크루즈,크루즈,95,299,134962,1796,5,13,0,1,0,1,1,1,1,1,1,0,1,0,0,0,0,1,0,0,1,0,0,0,0,0,1,0,0,1,0,1
41265313,말리부,더 뉴 말리부,40,1250,90938,1998,5,7,2,0,0,1,1,1,1,1,1,0,1,0,0,0,0,1,0,0,1,0,0,0,0,1,0,0,0,1,0,1
41265702,크루즈,크루즈,95,490,83150,1362,5,12,0,0,0,1,1,0,1,1,1,0,1,0,0,0,0,1,0,0,1,0,0,0,0,1,0,0,0,1,0,1
41266275,스파크,더 뉴 스파크,54,830,7869,999,5,5,7,0,0,1,1,0,1,0,1,0,1,0,0,0,0,1,0,0,1,0,0,0,0,1,0,0,0,1,0,1
41267219,트레일블레이저,트레일블레이저,104,1320,72504,1341,5,5,15,0,1,1,1,1,1,0,1,1,1,0,0,0,0,1,0,0,1,0,0,0,0,1,0,0,0,1,1,0
41268225,트랙스,더 뉴 트랙스,103,790,95032,1362,5,8,14,0,0,1,1,0,1,1,1,0,1,0,0,0,0,1,0,0,1,0,0,0,0,0,0,1,0,1,1,0
41272846,스파크,스파크,54,250,89300,995,5,14,9,0,0,1,0,0,0,0,1,0,1,0,0,0,0,1,0,0,1,0,0,0,0,1,0,0,0,1,0,1
41274672,스파크,스파크,54,500,54864,995,5,14,2,0,0,0,0,0,0,0,0,0,0,0,0,0,0,1,0,0,1,0,0,0,0,1,0,0,0,1,0,1
41274993,말리부,올 뉴 말리부,40,610,110884,1490,5,8,9,0,0,1,1,0,1,0,0,0,1,0,0,0,0,1,0,0,1,0,0,0,0,0,0,0,1,1,0,1
41275358,말리부,더 뉴 말리부,40,860,132116,1341,5,7,11,0,1,1,1,1,1,1,1,1,1,0,0,0,0,1,0,0,1,0,0,0,0,0,0,1,0,1,0,1
41275694,스파크,더 뉴 스파크,54,720,55973,999,5,8,2,0,0,1,1,0,1,1,1,0,1,0,0,0,0,1,0,0,1,0,0,0,0,0,0,1,0,1,0,1
41276669,말리부,올 뉴 말리부,40,730,134491,1998,5,9,8,0,0,1,1,1,1,1,1,0,1,0,0,0,0,1,0,0,1,0,0,0,0,0,0,1,0,1,0,1
41277077,캡티바,캡티바,90,970,92171,1956,5,10,0,0,0,1,1,1,1,0,1,0,1,0,0,0,0,1,0,0,0,0,1,0,0,0,0,1,0,1,1,0
41278031,올란도,올란도,77,420,181758,1598,7,10,2,0,0,1,0,0,0,0,1,0,0,0,0,0,0,1,0,0,0,0,1,0,0,0,0,1,0,1,1,0
41279226,올란도,올란도,77,549,123310,1998,7,11,3,0,0,1,1,1,1,1,1,0,1,0,0,0,0,1,0,0,0,0,1,0,0,0,0,1,0,1,1,0
41279352,말리부,올 뉴 말리부,40,620,140896,1490,5,9,8,0,0,1,1,1,1,0,1,0,1,0,0,0,0,1,0,0,1,0,0,0,0,0,1,0,0,1,0,1
41282327,올란도,올란도,77,499,90587,1998,7,14,0,1,0,1,0,1,1,0,1,0,1,0,0,0,0,1,0,0,0,0,1,0,0,0,0,1,0,1,1,0
41283995,말리부,더 뉴 말리부,40,829,154714,1598,5,7,0,0,1,1,1,1,1,0,1,1,1,0,0,0,0,1,0,0,0,0,1,0,0,0,0,1,0,1,0,1
41285313,크루즈,어메이징 뉴 크루즈,95,470,139058,1362,5,10,2,1,0,1,1,1,1,1,1,0,1,0,0,0,0,1,0,0,1,0,0,0,0,1,0,0,0,1,0,1
41285644,올란도,올란도,77,250,191905,1998,7,14,16,0,0,1,0,1,1,0,1,0,1,0,0,0,0,1,0,0,0,0,1,0,0,0,0,0,1,1,1,0
41285819,스파크,더 넥스트 스파크,54,620,134666,999,5,8,0,0,0,1,1,1,1,0,1,0,1,0,0,0,0,1,0,0,1,0,0,0,0,0,0,1,0,1,0,1
41288256,아베오,아베오 세단,63,270,84742,1598,5,13,2,0,0,1,0,0,0,0,1,0,0,0,0,0,0,1,0,0,1,0,0,0,0,0,0,1,0,1,0,1
41288998,스파크,더 뉴 스파크,54,750,86721,999,5,8,2,0,0,1,1,0,1,1,1,0,1,0,0,0,0,1,0,0,1,0,0,0,0,0,1,0,0,1,0,1
41289427,캡티바,캡티바,90,350,145967,1998,7,12,0,0,0,1,1,1,1,0,1,0,1,0,0,0,0,1,0,0,0,0,1,0,0,0,0,1,0,1,1,0
41290346,말리부,올 뉴 말리부,40,920,95871,1796,5,9,12,1,0,1,0,1,1,1,1,0,1,0,0,0,0,1,0,0,0,1,0,0,0,1,0,0,0,1,0,1
41290359,트랙스,트랙스,103,369,150660,1362,5,13,5,1,0,1,1,0,0,0,1,0,1,0,0,0,0,1,0,0,1,0,0,0,0,1,0,0,0,1,1,0
41291863,스파크,더 뉴 스파크,54,850,51042,999,5,6,3,0,0,1,1,1,1,0,1,0,1,0,0,0,0,1,0,0,1,0,0,0,0,1,0,0,0,1,0,1
41292147,트랙스,더 뉴 트랙스,103,960,79353,1362,5,9,3,1,0,1,1,0,1,0,1,0,1,0,0,0,0,1,0,0,1,0,0,0,0,0,0,1,0,1,1,0
41292269,스파크,스파크,54,340,105594,995,5,12,2,0,0,1,1,0,0,1,1,0,1,0,0,0,0,1,0,0,1,0,0,0,0,0,0,0,1,1,0,1
41292308,스파크,더 넥스트 스파크,54,580,54655,999,5,10,8,0,0,1,1,0,0,1,1,0,1,0,0,0,0,1,0,0,1,0,0,0,0,1,0,0,0,1,0,1
41293740,스파크,더 넥스트 스파크,54,610,90260,999,5,10,1,0,0,1,1,1,1,1,1,0,1,0,0,0,0,1,0,0,1,0,0,0,0,0,0,1,0,1,0,1
41294616,스파크,스파크,54,330,79303,995,5,13,6,0,0,1,1,0,0,1,1,0,0,0,0,0,0,1,0,0,1,0,0,0,0,1,0,0,0,1,0,1
41294954,말리부,더 뉴 말리부,40,1250,105758,1998,5,7,9,1,1,1,1,1,1,1,1,1,1,0,0,0,0,1,0,0,1,0,0,0,0,0,0,1,0,1,0,1
41295376,트랙스,더 뉴 트랙스,103,890,69772,1362,5,8,13,0,0,1,1,0,1,1,1,0,1,0,0,0,0,1,0,0,1,0,0,0,0,0,1,0,0,1,1,0
41295637,올란도,올란도,77,350,260025,1998,7,14,34,0,0,1,1,1,1,1,1,0,1,0,0,0,0,1,0,1,0,0,0,0,0,0,0,1,0,1,1,0
41296058,말리부,더 뉴 말리부,40,1680,68955,1998,5,6,0,0,1,1,1,1,1,0,1,1,1,0,0,0,0,1,0,0,1,0,0,0,0,0,1,0,0,1,0,1
41297476,트레일블레이저,트레일블레이저,104,1149,130476,1341,5,6,3,0,1,1,1,1,1,0,1,0,1,0,0,0,0,1,0,0,1,0,0,0,0,1,0,0,0,1,1,0
41297665,올란도,올란도,77,380,96952,1998,7,14,8,1,0,1,1,0,1,0,1,0,1,0,0,0,0,1,0,0,0,0,1,0,0,1,0,0,0,1,1,0
41297775,스파크,더 뉴 스파크,54,650,91922,999,5,8,6,0,0,1,1,0,1,1,1,0,1,0,0,0,0,1,0,0,1,0,0,0,0,0,0,1,0,1,0,1
41298642,말리부,말리부,40,390,166921,1956,5,11,9,0,0,1,1,1,1,1,1,0,1,0,0,0,0,1,0,0,0,0,1,0,0,1,0,0,0,1,0,1
41302056,스파크,더 넥스트 스파크,54,540,94624,999,5,9,8,0,0,1,1,0,0,0,1,0,1,0,0,0,0,1,0,0,1,0,0,0,0,0,0,1,0,1,0,1
41302379,올란도,올란도,77,430,193276,1998,7,11,6,0,0,1,0,1,1,0,1,0,1,0,0,0,0,1,0,1,0,0,0,0,0,1,0,0,0,1,1,0
41303182,스파크,스파크,54,370,76597,995,5,11,11,0,0,1,1,0,0,1,1,0,1,0,0,0,0,1,0,0,1,0,0,0,0,0,0,1,0,1,0,1
41303904,말리부,올 뉴 말리부,40,750,95966,1998,5,9,11,1,1,1,1,1,1,1,1,1,1,0,0,0,0,1,0,0,1,0,0,0,0,0,0,1,0,1,0,1
41305683,트레일블레이저,트레일블레이저,104,1250,72045,1341,5,6,2,0,0,1,0,1,1,0,1,1,1,0,0,0,0,1,0,0,1,0,0,0,0,0,0,1,0,1,1,0
41306034,말리부,올 뉴 말리부,40,690,159033,1490,5,10,2,1,0,1,1,1,1,0,1,0,1,0,0,0,0,1,0,0,1,0,0,0,0,1,0,0,0,1,0,1
41306725,스파크,더 넥스트 스파크,54,490,131810,999,5,8,7,0,0,1,1,0,0,1,1,0,1,0,0,0,0,1,0,0,1,0,0,0,0,1,0,0,0,1,0,1
41307112,올란도,올란도,77,400,165298,1998,7,13,8,0,0,1,1,0,1,1,1,0,1,0,0,0,0,1,0,1,0,0,0,0,0,1,0,0,0,1,1,0
41307420,스파크,스파크,54,250,90032,995,5,13,6,0,0,0,0,0,0,0,0,0,0,0,0,0,0,1,0,0,1,0,0,0,0,1,0,0,0,0,0,1
41309181,트랙스,더 뉴 트랙스,103,950,87036,1362,5,7,2,0,0,1,1,0,1,1,1,0,1,0,0,0,0,1,0,0,1,0,0,0,0,1,0,0,0,1,1,0
41309623,올란도,올란도,77,560,127911,1598,7,9,4,0,0,1,1,0,1,1,1,0,1,0,0,0,0,1,0,0,0,0,1,0,0,1,0,0,0,1,1,0
41310152,말리부,말리부,40,280,195018,1956,5,12,1,0,0,1,1,1,1,1,1,0,1,0,0,0,0,1,0,0,0,0,1,0,0,1,0,0,0,1,0,1
41310445,스파크,더 뉴 스파크,54,1080,19469,999,5,4,2,0,0,1,1,0,1,0,1,0,1,0,0,0,0,1,0,0,1,0,0,0,0,0,0,1,0,1,0,1
41311451,트랙스,트랙스,103,490,145677,1598,5,11,2,1,0,1,1,0,0,1,1,0,1,0,0,0,0,1,0,0,0,0,1,0,0,1,0,0,0,1,1,0
41313596,캡티바,캡티바,90,440,129073,1998,7,13,4,1,0,0,1,1,0,1,1,0,1,0,0,0,0,1,0,0,0,0,1,0,0,0,1,0,0,1,1,0
41316216,아베오,아베오 세단,63,330,87825,1362,5,10,5,0,0,1,1,0,0,1,1,0,1,0,0,0,0,1,0,0,1,0,0,0,0,0,0,1,0,1,0,1
41317231,올란도,올란도,77,329,159218,1998,7,14,3,0,0,1,1,0,0,1,1,0,1,0,0,0,0,1,0,0,0,0,1,0,0,0,0,1,0,1,1,0
41322137,스파크,더 넥스트 스파크,54,560,79640,999,5,11,1,0,0,1,1,0,0,1,1,0,1,0,0,0,0,1,0,0,1,0,0,0,0,0,0,0,1,1,0,1
41322411,말리부,말리부,40,300,129010,1998,5,13,9,0,0,1,1,1,0,0,1,0,1,0,0,0,0,1,0,0,1,0,0,0,0,1,0,0,0,1,0,1
41322461,스파크,더 뉴 스파크,54,870,67854,999,5,7,2,0,0,1,1,1,1,1,1,0,1,0,0,0,0,1,0,0,1,0,0,0,0,1,0,0,0,1,0,1
41322509,아베오,아베오 해치백,63,269,137904,1598,5,13,3,0,0,1,1,0,0,1,1,0,1,0,0,0,0,1,0,0,1,0,0,0,0,0,0,0,1,1,0,1
41322799,크루즈,크루즈,95,299,110038,1796,5,14,7,0,0,1,1,0,0,0,1,0,1,0,0,0,0,1,0,0,1,0,0,0,0,1,0,0,0,1,0,1
41323543,스파크,스파크,54,230,134726,995,5,15,5,0,0,1,0,0,0,0,0,0,0,0,0,0,0,1,0,1,0,0,0,0,0,1,0,0,0,1,0,1
41323556,스파크,스파크,54,360,84351,995,5,13,2,0,0,1,1,0,0,1,1,0,1,0,0,0,0,1,0,0,1,0,0,0,0,0,0,0,1,1,0,1
41323627,알페온,알페온,70,370,64752,2997,5,16,14,0,1,1,1,1,1,1,1,1,1,0,0,0,0,1,0,0,1,0,0,0,0,0,0,1,0,1,0,1
41324385,말리부,올 뉴 말리부,40,770,138416,1998,5,10,3,0,1,1,1,1,1,1,1,1,1,0,0,0,0,1,0,0,1,0,0,0,0,1,0,0,0,1,0,1
41330389,볼트,볼트 EV,48,1390,118950,174,5,7,2,0,0,0,0,0,0,0,0,0,0,0,0,0,0,1,0,0,0,0,0,1,0,0,0,0,1,1,0,1
41330611,라세티,라세티 프리미어,33,250,23264,1598,5,17,3,0,0,0,0,0,0,0,0,0,0,0,0,0,0,1,0,0,1,0,0,0,0,1,0,0,0,1,0,1
41330636,스파크,더 뉴 스파크,54,1050,29801,999,5,4,2,0,0,0,0,0,0,0,0,0,0,0,0,0,0,1,0,0,1,0,0,0,0,1,0,0,0,1,0,1
41330900,스파크,더 뉴 스파크,54,750,90698,999,5,8,3,0,0,1,1,1,1,1,1,0,1,0,0,0,0,1,0,0,1,0,0,0,0,0,1,0,0,1,0,1
41331551,트랙스,더 뉴 트랙스,103,1200,21307,1362,5,7,3,0,0,1,1,0,1,1,1,0,1,0,0,0,0,1,0,0,1,0,0,0,0,0,1,0,0,1,1,0
41332152,스파크,스파크,54,250,118929,1000,5,15,8,0,0,0,0,0,0,0,0,0,0,0,0,0,0,1,0,0,1,0,0,0,0,0,1,0,0,1,0,1
41332207,크루즈,크루즈,95,399,52932,1796,5,12,16,0,0,1,1,0,0,1,1,0,0,0,0,0,0,1,0,0,1,0,0,0,0,0,0,0,1,1,0,1
41333989,트레일블레이저,트레일블레이저,104,1470,86983,1341,5,6,1,0,1,1,1,1,1,0,1,1,1,0,0,0,0,1,0,0,1,0,0,0,0,0,0,0,1,1,1,0
41337976,스파크,스파크,54,360,88085,995,5,13,2,0,0,1,1,0,0,1,1,0,1,0,0,0,0,1,0,0,1,0,0,0,0,0,0,1,0,1,0,1
41338063,스파크,스파크,54,350,86183,995,5,13,2,0,0,1,0,0,0,1,1,0,1,0,0,0,0,1,0,0,1,0,0,0,0,1,0,0,0,1,0,1
41338083,트랙스,트랙스,103,520,79619,1362,5,12,8,0,0,1,1,0,0,1,1,0,1,0,0,0,0,1,0,0,1,0,0,0,0,0,1,0,0,1,1,0
41339235,마티즈,마티즈 크리에이티브,39,180,80291,995,5,16,1,0,0,0,1,0,0,0,0,0,0,0,0,0,0,1,0,0,1,0,0,0,0,0,0,0,1,1,0,1
41339741,트랙스,더 뉴 트랙스,103,650,149408,1362,5,9,5,0,0,1,1,0,1,0,1,0,1,0,0,0,0,1,0,0,1,0,0,0,0,0,0,1,0,1,1,0
41339814,스파크,더 뉴 스파크,54,790,36772,999,5,6,5,0,0,1,1,0,1,0,1,0,1,0,0,0,0,1,0,0,1,0,0,0,0,1,0,0,0,1,0,1
41340127,크루즈,크루즈,95,425,112786,1998,5,13,2,0,0,1,1,1,1,0,1,0,1,0,0,0,0,1,0,0,0,0,1,0,0,0,1,0,0,1,0,1
41341800,스파크,더 넥스트 스파크,54,530,106417,999,5,10,4,0,0,1,0,0,0,0,1,0,1,0,0,0,0,1,0,0,1,0,0,0,0,1,0,0,0,1,0,1
41341882,스파크,더 뉴 스파크,54,690,37152,999,5,7,2,0,0,0,1,0,0,1,0,0,0,0,0,0,0,1,0,0,1,0,0,0,0,1,0,0,0,1,0,1
41346904,스파크,스파크,54,290,160271,995,5,12,2,0,0,0,0,0,0,0,0,0,0,0,0,0,0,1,0,1,0,0,0,0,0,0,0,0,1,1,0,1
41348105,트랙스,더 뉴 트랙스,103,899,109067,1362,5,8,3,0,0,1,1,0,1,1,1,0,1,0,0,0,0,1,0,0,1,0,0,0,0,0,1,0,0,1,1,0
41352718,아베오,아베오 해치백,63,280,99751,1598,5,12,4,0,0,1,0,0,0,0,1,0,0,0,0,0,0,1,0,0,1,0,0,0,0,1,0,0,0,1,0,1
41352778,스파크,더 뉴 스파크,54,399,146840,999,2,8,3,0,0,0,0,0,0,0,0,0,0,0,0,0,0,1,0,0,1,0,0,0,0,1,0,0,0,1,0,1
41353377,올란도,올란도,77,540,141679,1998,7,11,8,0,0,1,1,1,1,0,1,0,1,0,0,0,0,1,0,1,0,0,0,0,0,1,0,0,0,1,1,0
41355538,알페온,알페온,70,250,142676,2997,5,16,8,1,1,1,1,1,1,1,1,1,1,0,0,0,0,1,0,0,1,0,0,0,0,0,1,0,0,1,0,1
41356865,이쿼녹스,이쿼녹스,79,1149,91060,1598,5,6,2,0,0,0,0,0,0,0,0,0,0,0,0,0,0,1,0,0,0,0,1,0,0,1,0,0,0,1,1,0
41358231,말리부,말리부,40,390,132272,1998,5,14,5,0,1,1,1,1,1,0,1,0,1,0,0,0,0,1,0,0,1,0,0,0,0,1,0,0,0,1,0,1
41359322,올란도,올란도,77,490,170140,1598,7,9,4,0,0,1,1,0,1,1,1,0,1,0,0,0,0,1,0,0,0,0,1,0,0,0,0,1,0,1,1,0
41360498,트랙스,트랙스,103,460,102628,1362,5,11,16,0,0,1,1,0,0,0,1,0,1,0,0,0,0,1,0,0,1,0,0,0,0,1,0,0,0,1,1,0
41361047,올란도,올란도,77,300,184236,1998,7,15,4,0,0,1,1,1,1,1,1,0,0,0,0,0,0,1,0,1,0,0,0,0,0,0,0,1,0,1,1,0
41363727,스파크,스파크,54,330,77000,995,5,14,2,0,0,1,1,0,0,1,1,0,1,0,0,0,0,1,0,0,1,0,0,0,0,1,0,0,0,1,0,1
41363986,스파크,더 넥스트 스파크,54,530,60800,999,5,9,5,0,0,1,0,0,0,1,1,0,1,0,0,0,0,1,0,0,1,0,0,0,0,1,0,0,0,1,0,1
41364584,크루즈,올 뉴 크루즈,95,680,57106,1399,5,9,8,0,0,1,1,1,1,0,1,0,1,0,0,0,0,1,0,0,1,0,0,0,0,0,0,1,0,1,0,1
41365295,캡티바,캡티바,90,840,65589,1956,7,10,6,0,0,1,1,1,0,0,1,0,1,0,0,0,0,1,0,0,0,0,1,0,0,0,0,1,0,1,1,0
41365617,트랙스,더 뉴 트랙스,103,1340,33948,1362,5,7,0,0,0,1,1,0,1,1,1,0,1,0,0,0,0,1,0,0,1,0,0,0,0,1,0,0,0,1,1,0
41370903,트랙스,트랙스,103,320,152540,1362,5,13,1,0,0,1,0,0,0,0,1,0,1,0,0,0,0,1,0,0,1,0,0,0,0,0,0,1,0,1,1,0
41372463,트랙스,더 뉴 트랙스,103,1250,62065,1362,5,7,1,0,0,1,1,0,1,0,1,0,1,0,0,0,0,1,0,0,1,0,0,0,0,1,0,0,0,1,1,0
41373852,스파크,스파크,54,370,60571,995,5,12,2,0,0,1,0,0,0,0,1,0,1,0,0,0,0,1,0,0,1,0,0,0,0,0,0,1,0,1,0,1
41374459,스파크,더 넥스트 스파크,54,400,112302,999,5,10,2,0,0,1,1,0,1,1,1,0,1,0,0,0,0,1,0,0,1,0,0,0,0,0,0,0,1,1,0,1
41377464,스파크,더 넥스트 스파크,54,490,104330,999,5,10,3,0,0,1,1,0,1,0,1,0,1,0,0,0,0,1,0,0,1,0,0,0,0,1,0,0,0,1,0,1
41378002,말리부,말리부,40,570,114384,1998,5,12,2,0,0,0,0,0,0,0,0,0,0,0,0,0,0,1,0,0,1,0,0,0,0,1,0,0,0,1,0,1
41378030,말리부,말리부,40,450,140593,1998,5,12,5,0,0,1,1,1,1,1,1,0,1,0,0,0,0,1,0,0,1,0,0,0,0,1,0,0,0,1,0,1
41379365,스파크,더 넥스트 스파크,54,450,111329,999,5,9,4,0,0,1,1,0,1,1,1,0,1,0,0,0,0,1,0,0,1,0,0,0,0,1,0,0,0,1,0,1
41380141,올란도,올란도,77,450,155574,1998,7,13,4,0,0,1,1,1,1,1,1,0,1,0,0,0,0,1,0,1,0,0,0,0,0,0,0,0,1,1,1,0
41381147,스파크,더 뉴 스파크,54,720,56699,999,5,7,2,0,0,1,0,0,0,0,1,0,1,0,0,0,0,1,0,0,1,0,0,0,0,1,0,0,0,1,0,1
41382282,스파크,더 넥스트 스파크,54,550,61892,999,5,10,3,0,0,1,1,0,1,1,1,0,1,0,0,0,0,1,0,0,1,0,0,0,0,0,0,1,0,1,0,1
41382805,트랙스,더 뉴 트랙스,103,880,98261,1362,5,8,2,1,0,1,1,0,1,0,1,0,1,0,0,0,0,1,0,0,1,0,0,0,0,0,1,0,0,1,1,0
41382943,스파크,더 뉴 스파크,54,780,71627,999,5,7,6,0,0,1,1,0,1,0,1,0,1,0,0,0,0,1,0,0,1,0,0,0,0,1,0,0,0,1,0,1
41385861,스파크,더 넥스트 스파크,54,440,164697,999,5,10,2,0,0,1,0,0,0,0,1,0,1,0,0,0,0,1,0,0,1,0,0,0,0,1,0,0,0,0,0,1
41386603,말리부,말리부,40,360,142437,1956,5,11,0,1,0,1,1,1,1,1,1,0,1,0,0,0,0,1,0,0,0,0,1,0,0,1,0,0,0,1,0,1
41389506,트랙스,더 뉴 트랙스,103,1490,57776,1399,5,5,1,0,0,1,1,0,1,0,1,0,1,0,0,0,0,1,0,0,1,0,0,0,0,0,1,0,0,1,1,0
41391899,트랙스,더 뉴 트랙스,103,750,98215,1362,5,10,6,0,0,1,1,0,1,0,1,0,1,0,0,0,0,1,0,0,1,0,0,0,0,0,1,0,0,1,1,0
41392353,트랙스,더 뉴 트랙스,103,1000,62904,1598,5,6,2,0,0,1,1,0,1,0,1,0,1,0,0,0,0,1,0,0,0,0,1,0,0,0,0,1,0,1,1,0
41395505,크루즈,어메이징 뉴 크루즈,95,430,75641,1362,5,10,14,0,0,1,1,0,0,0,1,0,1,0,0,0,0,1,0,0,1,0,0,0,0,0,0,1,0,1,0,1
41395707,말리부,말리부,40,590,71620,1998,5,11,4,0,0,1,1,1,1,1,1,0,1,0,0,0,0,1,0,0,1,0,0,0,0,0,1,0,0,1,0,1
41396313,말리부,말리부,40,360,131636,1998,5,11,21,1,1,1,1,1,1,0,1,0,1,0,0,0,0,1,0,0,1,0,0,0,0,0,1,0,0,1,0,1
41399733,스파크,스파크,54,250,43279,995,5,14,1,0,0,1,0,0,0,1,0,0,0,0,0,0,0,1,0,0,1,0,0,0,0,0,0,1,0,1,0,1
41404416,올란도,올란도,77,690,119245,1998,7,9,15,0,0,1,1,0,0,1,1,0,1,0,0,0,0,1,0,1,0,0,0,0,0,1,0,0,0,1,1,0
41407853,말리부,올 뉴 말리부,40,1100,90900,1998,5,8,4,1,1,1,1,1,1,1,1,1,1,0,0,0,0,1,0,0,1,0,0,0,0,0,0,0,1,1,0,1
41408857,트랙스,트랙스,103,670,141931,1362,5,10,2,1,0,1,1,0,0,1,1,0,1,0,0,0,0,1,0,0,1,0,0,0,0,1,0,0,0,1,1,0
41408884,스파크,더 뉴 스파크,54,700,109722,999,5,8,3,1,0,1,1,1,1,0,1,0,1,0,0,0,0,1,0,0,1,0,0,0,0,1,0,0,0,1,0,1
41409457,트랙스,더 뉴 트랙스,103,830,130163,1362,5,7,2,0,0,0,0,0,0,0,0,0,0,0,0,0,0,1,0,0,1,0,0,0,0,0,1,0,0,1,1,0
41410290,볼트,볼트 EV,48,1550,42411,174,5,7,4,0,1,1,1,1,1,0,1,0,1,0,0,0,0,1,0,0,0,0,0,1,0,0,0,0,1,1,0,1
41411474,말리부,올 뉴 말리부,40,1150,81591,1998,5,9,5,1,1,1,1,1,1,1,1,1,1,0,0,0,0,1,0,0,1,0,0,0,0,1,0,0,0,1,0,1
41411739,트랙스,트랙스,103,459,148900,1598,5,10,0,0,0,1,1,0,0,1,1,0,1,0,0,0,0,1,0,0,0,0,1,0,0,1,0,0,0,1,1,0
41412190,트레일블레이저,트레일블레이저,104,1330,143564,1341,5,5,1,0,1,1,1,1,1,1,1,1,1,0,0,0,0,1,0,0,1,0,0,0,0,0,0,0,1,1,1,0
41412350,스파크,더 넥스트 스파크,54,490,149637,999,5,10,13,1,0,1,1,1,1,0,1,0,1,0,0,0,0,1,0,0,1,0,0,0,0,0,0,1,0,1,0,1
41415181,말리부,올 뉴 말리부,40,990,49460,1490,5,9,3,1,0,1,1,1,1,0,1,0,1,0,0,0,0,1,0,0,1,0,0,0,0,0,1,0,0,1,0,1
41416392,다마스,뉴 다마스,30,630,63024,796,2,7,2,0,0,0,0,0,0,0,0,0,0,0,0,0,0,1,0,1,0,0,0,0,0,1,0,0,0,0,1,0
41417782,스파크,더 넥스트 스파크,54,440,108693,999,5,9,11,0,0,1,0,0,0,0,0,0,0,0,0,0,0,1,0,0,1,0,0,0,0,1,0,0,0,0,0,1
41420216,말리부,말리부,40,440,91108,1998,5,12,1,0,0,1,1,1,1,1,1,0,1,0,0,0,0,1,0,0,1,0,0,0,0,1,0,0,0,1,0,1
41421209,스파크,더 넥스트 스파크,54,590,118376,999,5,10,6,0,0,1,1,1,1,0,1,0,1,0,0,0,0,1,0,0,1,0,0,0,0,0,0,1,0,1,0,1
41423159,말리부,올 뉴 말리부,40,690,135198,1490,5,9,7,0,0,1,1,1,1,0,1,0,1,0,0,0,0,1,0,0,1,0,0,0,0,0,0,1,0,1,0,1
41423713,올란도,올란도,77,550,137053,1998,7,11,1,0,0,1,1,0,0,1,1,0,0,0,0,0,0,1,0,1,0,0,0,0,0,0,1,0,0,1,1,0
41424289,스파크,더 뉴 스파크,54,770,81324,999,5,7,3,0,0,1,1,0,1,0,1,0,1,0,0,0,0,1,0,0,1,0,0,0,0,0,1,0,0,1,0,1
41424479,트랙스,더 뉴 트랙스,103,770,102000,1598,5,6,6,0,0,1,1,0,1,0,1,0,1,0,0,0,0,1,0,0,0,0,1,0,0,0,1,0,0,1,1,0
41425005,트랙스,더 뉴 트랙스,103,960,114448,1362,5,7,2,0,0,1,1,0,1,0,1,0,1,0,0,0,0,1,0,0,1,0,0,0,0,1,0,0,0,1,1,0
41428128,스파크,더 뉴 스파크,54,730,90583,999,5,8,0,0,0,1,1,0,1,1,1,0,1,0,0,0,0,1,0,0,1,0,0,0,0,0,0,1,0,1,0,1
41429575,올란도,올란도,77,699,111012,1598,7,9,8,1,0,1,1,0,1,1,1,0,1,0,0,0,0,1,0,0,0,0,1,0,0,0,1,0,0,1,1,0
41430138,스파크,스파크,54,299,106049,995,5,13,15,0,0,1,1,0,0,1,1,0,1,0,0,0,0,1,0,0,1,0,0,0,0,1,0,0,0,1,0,1
41430564,크루즈,어메이징 뉴 크루즈,95,479,108249,1362,5,10,4,0,0,1,1,0,1,1,1,0,1,0,0,0,0,1,0,0,1,0,0,0,0,0,0,1,0,1,0,1
41430893,트랙스,더 뉴 트랙스,103,750,147556,1362,5,9,1,1,0,1,1,0,1,0,1,0,1,0,0,0,0,1,0,0,1,0,0,0,0,1,0,0,0,1,1,0
41435749,말리부,말리부,40,400,150866,1956,5,12,4,1,1,1,1,1,1,1,1,0,1,0,0,0,0,1,0,0,0,0,1,0,0,1,0,0,0,1,0,1
41437732,캡티바,캡티바,90,360,167383,1998,7,13,3,0,0,1,1,1,1,1,1,0,1,0,0,0,0,1,0,0,0,0,1,0,0,0,0,1,0,1,1,0
41437930,트랙스,더 뉴 트랙스,103,800,98621,1362,5,6,8,0,0,1,0,0,1,0,1,0,1,0,0,0,0,1,0,0,1,0,0,0,0,0,0,1,0,1,1,0
41439115,크루즈,어메이징 뉴 크루즈,95,399,124965,1362,5,11,8,0,0,1,1,0,1,1,1,0,1,0,0,0,0,1,0,0,1,0,0,0,0,1,0,0,0,1,0,1
41445091,스파크,더 넥스트 스파크,54,590,110495,999,5,11,0,1,0,1,1,0,0,0,1,0,1,0,0,0,0,1,0,0,1,0,0,0,0,0,0,0,1,1,0,1
41445215,스파크,더 넥스트 스파크,54,650,62982,999,5,10,4,1,0,1,1,1,1,0,1,0,1,0,0,0,0,1,0,0,1,0,0,0,0,1,0,0,0,1,0,1
41449620,말리부,올 뉴 말리부,40,619,137394,1998,5,9,4,1,0,1,0,1,1,0,1,0,1,0,0,0,0,1,0,0,1,0,0,0,0,0,1,0,0,1,0,1
41449864,말리부,말리부,40,320,153230,1998,5,11,2,0,0,1,1,1,1,0,1,0,1,0,0,0,0,1,0,0,1,0,0,0,0,0,1,0,0,1,0,1
41450662,볼트,볼트 EV,48,1269,171446,174,5,7,0,0,1,1,1,1,1,0,1,0,1,0,0,0,0,1,0,0,0,0,0,1,0,1,0,0,0,1,0,1
41451334,올란도,올란도,77,310,174457,1998,7,12,5,1,0,1,0,0,1,0,1,0,1,0,0,0,0,1,0,0,0,0,1,0,0,0,1,0,0,1,1,0
41452761,임팔라,임팔라,80,820,129232,3564,5,10,12,1,0,1,1,1,1,0,1,1,1,0,0,0,0,1,0,0,1,0,0,0,0,1,0,0,0,1,0,1
41452962,올란도,올란도,77,659,79891,1998,7,13,6,1,0,1,1,1,1,1,1,0,1,0,0,0,0,1,0,1,0,0,0,0,0,1,0,0,0,1,1,0
41454481,알페온,알페온,70,280,130344,2384,5,15,11,1,0,1,1,1,1,0,1,0,1,0,0,0,0,1,0,0,1,0,0,0,0,0,1,0,0,1,0,1
41454539,스파크,더 넥스트 스파크,54,450,122444,999,5,10,0,0,0,1,1,0,1,0,1,0,1,0,0,0,0,1,0,0,1,0,0,0,0,0,0,1,0,1,0,1
41455053,크루즈,어메이징 뉴 크루즈,95,249,162185,1796,5,11,17,0,0,1,1,0,0,0,1,0,1,0,0,0,0,1,0,0,1,0,0,0,0,1,0,0,0,1,0,1
41455060,스파크,더 뉴 스파크,54,849,58944,999,5,5,2,0,0,1,1,0,1,1,1,0,1,0,0,0,0,1,0,0,1,0,0,0,0,1,0,0,0,1,0,1
41455121,스파크,더 넥스트 스파크,54,599,75911,999,5,11,15,0,0,1,1,0,1,0,1,0,1,0,0,0,0,1,0,0,1,0,0,0,0,0,0,1,0,1,0,1
41455447,크루즈,어메이징 뉴 크루즈,95,350,131649,1796,5,10,7,0,0,0,1,0,0,0,0,0,1,0,0,0,0,1,0,0,1,0,0,0,0,0,0,1,0,1,0,1
41456725,올란도,올란도,77,530,71352,1998,7,13,6,0,0,1,1,0,0,1,1,0,0,0,0,0,0,1,0,1,0,0,0,0,0,0,0,1,0,1,1,0
41457157,이쿼녹스,이쿼녹스,79,1120,117685,1598,5,8,3,0,1,1,1,1,1,1,1,1,1,0,0,0,0,1,0,0,0,0,1,0,0,1,0,0,0,1,1,0
41458046,트랙스,더 뉴 트랙스,103,780,89311,1362,5,6,3,0,0,1,1,0,0,1,0,0,0,0,0,0,0,1,0,0,1,0,0,0,0,0,0,0,1,1,1,0
41458881,트랙스,더 뉴 트랙스,103,1080,74316,1362,5,8,0,0,0,1,1,0,1,0,1,0,1,0,0,0,0,1,0,0,1,0,0,0,0,1,0,0,0,1,1,0
41459129,말리부,말리부,40,350,126991,1998,5,12,4,1,0,1,1,1,0,0,1,0,1,0,0,0,0,1,0,0,1,0,0,0,0,0,0,1,0,1,0,1
41459149,스파크,더 뉴 스파크,54,790,31129,999,5,6,5,0,0,1,1,1,1,0,1,0,1,0,0,0,0,1,0,0,1,0,0,0,0,1,0,0,0,1,0,1
41461327,스파크,더 넥스트 스파크,54,490,117228,999,5,10,3,0,0,1,1,0,1,1,1,0,1,0,0,0,0,1,0,0,1,0,0,0,0,1,0,0,0,1,0,1
41462250,올란도,올란도,77,620,108661,1998,7,10,0,1,0,1,1,1,1,1,1,0,1,0,0,0,0,1,0,1,0,0,0,0,0,1,0,0,0,1,1,0
41463070,말리부,올 뉴 말리부,40,790,134392,1490,5,10,9,0,0,1,1,1,1,1,1,1,1,0,0,0,0,1,0,0,1,0,0,0,0,0,0,1,0,1,0,1
41464401,올란도,올란도,77,249,143060,1998,7,15,2,1,0,1,0,1,1,0,1,0,1,0,0,0,0,1,0,0,0,0,1,0,0,0,1,0,0,1,1,0
41464727,스파크,스파크,54,450,89272,995,5,15,2,0,0,0,0,0,0,0,0,0,0,0,0,0,0,1,0,0,1,0,0,0,0,1,0,0,0,1,0,1
41466680,올란도,올란도,77,900,31589,1998,7,10,3,0,0,1,1,0,1,1,1,0,1,0,0,0,0,1,0,1,0,0,0,0,0,0,0,0,1,1,1,0
41470541,말리부,올 뉴 말리부,40,450,168378,1490,5,9,17,0,0,1,1,0,1,0,0,0,0,0,0,0,0,1,0,0,1,0,0,0,0,0,0,0,1,1,0,1
41470582,말리부,올 뉴 말리부,40,630,150570,1490,5,10,10,0,1,1,1,1,1,0,1,1,1,0,0,0,0,1,0,0,1,0,0,0,0,1,0,0,0,1,0,1
41470715,크루즈,어메이징 뉴 크루즈,95,330,99040,1796,5,11,15,0,0,1,1,1,1,1,1,0,1,0,0,0,0,1,0,0,1,0,0,0,0,1,0,0,0,1,0,1
41470839,스파크,스파크,54,360,118181,995,5,14,0,0,0,1,1,1,0,0,1,0,1,0,0,0,0,1,0,1,0,0,0,0,0,1,0,0,0,1,0,1
41471199,트랙스,트랙스,103,649,41390,1598,5,11,6,0,0,1,1,0,0,0,1,0,1,0,0,0,0,1,0,0,0,0,1,0,0,1,0,0,0,1,1,0
41471539,말리부,말리부,40,450,80978,1998,5,12,6,0,0,1,0,1,1,1,1,0,1,0,0,0,0,1,0,0,1,0,0,0,0,1,0,0,0,1,0,1
41471988,스파크,더 넥스트 스파크,54,430,105594,999,5,11,9,0,0,1,0,1,1,1,1,0,1,0,0,0,0,1,0,0,1,0,0,0,0,0,0,1,0,1,0,1
41473416,트랙스,트랙스,103,420,162957,1598,5,10,0,1,0,1,1,0,0,0,1,0,1,0,0,0,0,1,0,0,0,0,1,0,0,1,0,0,0,1,1,0
41474075,알페온,알페온,70,300,132356,2384,5,14,7,0,1,1,1,1,1,1,1,0,1,0,0,0,0,1,0,0,1,0,0,0,0,0,1,0,0,1,0,1
41474116,스파크,스파크,54,440,79510,995,5,12,2,0,0,0,0,0,0,0,0,0,0,0,0,0,0,1,0,1,0,0,0,0,0,1,0,0,0,1,0,1
41475118,스파크,더 뉴 스파크,54,800,51318,999,5,6,0,0,0,1,1,1,1,0,1,0,1,0,0,0,0,1,0,0,1,0,0,0,0,0,0,0,1,1,0,1
41477855,트랙스,트랙스,103,380,137447,1362,5,13,30,0,0,1,1,0,0,0,1,0,1,0,0,0,0,1,0,0,1,0,0,0,0,1,0,0,0,1,1,0
41479974,말리부,말리부,40,400,184052,1956,5,12,11,0,0,1,1,1,1,1,1,0,1,0,0,0,0,1,0,0,0,0,1,0,0,0,0,1,0,1,0,1
41480948,말리부,더 뉴 말리부,40,1650,58081,1341,5,7,1,1,1,1,1,1,1,1,1,1,1,0,0,0,0,1,0,0,1,0,0,0,0,0,1,0,0,1,0,1
41482931,트랙스,트랙스,103,500,109653,1598,5,10,1,1,0,1,1,0,0,0,1,0,1,0,0,0,0,1,0,0,0,0,1,0,0,1,0,0,0,1,1,0
41483042,크루즈,크루즈,95,290,113552,1796,5,12,15,1,0,1,1,0,1,1,1,0,1,0,0,0,0,1,0,0,1,0,0,0,0,1,0,0,0,1,0,1
41483116,스파크,스파크,54,250,87272,995,5,12,6,0,0,1,0,0,0,0,0,0,0,0,0,0,0,1,0,0,1,0,0,0,0,0,0,1,0,1,0,1
41485413,트레일블레이저,트레일블레이저,104,1345,147302,1341,5,4,3,0,0,1,1,1,1,1,1,1,1,0,0,0,0,1,0,0,1,0,0,0,0,1,0,0,0,1,1,0
41486359,말리부,올 뉴 말리부,40,830,106645,1998,5,9,7,1,1,1,1,1,1,1,1,1,1,0,0,0,0,1,0,0,1,0,0,0,0,0,0,0,1,1,0,1
41486948,크루즈,크루즈,95,399,131750,1998,5,12,8,1,0,1,1,1,1,1,1,0,1,0,0,0,0,1,0,0,0,0,1,0,0,1,0,0,0,1,0,1
41487379,스파크,더 뉴 스파크,54,930,47082,999,5,6,3,0,0,1,1,0,1,1,1,0,1,0,0,0,0,1,0,0,1,0,0,0,0,1,0,0,0,1,0,1
41487726,스파크,더 넥스트 스파크,54,499,61952,999,5,10,3,0,0,1,1,0,0,1,1,0,1,0,0,0,0,1,0,0,1,0,0,0,0,1,0,0,0,1,0,1
41488306,크루즈,크루즈,95,149,176317,1796,5,14,6,0,0,1,1,0,0,0,1,0,1,0,0,0,0,1,0,0,1,0,0,0,0,1,0,0,0,1,0,1
41488423,말리부,더 뉴 말리부,40,1149,108041,1998,5,7,14,1,1,1,1,1,1,1,1,1,1,0,0,0,0,1,0,0,1,0,0,0,0,1,0,0,0,1,0,1
41489284,크루즈,크루즈,95,250,99786,1796,5,13,11,1,0,1,1,0,0,1,1,0,1,0,0,0,0,1,0,0,1,0,0,0,0,0,1,0,0,1,0,1
41491605,올란도,올란도,77,390,190248,1998,7,13,1,1,0,1,0,0,1,0,1,0,1,0,0,0,0,1,0,0,0,0,1,0,0,0,0,1,0,1,1,0
41495101,트랙스,더 뉴 트랙스,103,670,129950,1362,5,9,8,1,0,1,1,0,1,0,1,0,1,0,0,0,0,1,0,0,1,0,0,0,0,0,1,0,0,1,1,0
41495180,말리부,말리부,40,330,140400,1998,5,12,2,1,0,1,1,1,0,1,1,0,1,0,0,0,0,1,0,0,1,0,0,0,0,0,1,0,0,1,0,1
41495899,크루즈,크루즈,95,230,193221,1998,5,12,2,1,0,1,1,0,1,1,1,0,1,0,0,0,0,1,0,0,0,0,1,0,0,0,1,0,0,1,0,1
41496981,스파크,더 넥스트 스파크,54,500,61970,999,5,11,19,0,0,1,0,0,0,0,1,0,1,0,0,0,0,1,0,0,1,0,0,0,0,0,0,1,0,1,0,1
41496991,트랙스,더 뉴 트랙스,103,970,79072,1362,5,7,1,0,0,1,1,0,1,1,1,0,1,0,0,0,0,1,0,0,1,0,0,0,0,1,0,0,0,1,1,0
41497497,스파크,스파크,54,370,57352,995,5,12,0,0,0,1,0,0,0,0,1,0,1,0,0,0,0,1,0,0,1,0,0,0,0,0,0,0,1,1,0,1
41497724,라보,뉴 라보,32,650,56473,796,2,10,1,0,0,0,1,0,0,1,0,0,0,0,0,0,0,1,0,1,0,0,0,0,0,1,0,0,0,0,1,0
41499893,임팔라,임팔라,80,1050,100932,3564,5,10,3,1,1,1,1,1,1,1,1,1,1,0,0,0,0,1,0,0,1,0,0,0,0,1,0,0,0,1,0,1
41501584,트랙스,트랙스,103,399,189326,1362,5,12,3,0,0,0,0,0,0,0,1,0,1,0,0,0,0,1,0,0,1,0,0,0,0,1,0,0,0,1,1,0
41502041,올란도,올란도,77,399,145529,1998,7,11,8,0,0,1,1,0,0,1,1,0,1,0,0,0,0,1,0,0,0,0,1,0,0,0,0,0,1,1,1,0
41507397,캡티바,캡티바,90,349,146027,1998,7,14,2,1,0,1,1,1,0,0,1,0,1,0,0,0,0,1,0,0,0,0,1,0,0,1,0,0,0,1,1,0
41508038,말리부,더 뉴 말리부,40,1250,86186,1341,5,6,8,0,1,1,1,1,1,1,1,1,1,0,0,0,0,1,0,0,1,0,0,0,0,1,0,0,0,1,0,1
41509398,트랙스,더 뉴 트랙스,103,955,101966,1362,5,8,0,0,1,1,1,0,1,0,1,0,1,0,0,0,0,1,0,0,1,0,0,0,0,1,0,0,0,1,1,0
41510840,스파크,더 넥스트 스파크,54,470,145848,999,5,11,0,1,0,1,1,1,1,0,1,0,1,0,0,0,0,1,0,0,1,0,0,0,0,0,0,1,0,1,0,1
41510891,말리부,말리부,40,400,152813,1956,5,11,5,1,0,1,1,1,1,1,1,0,1,0,0,0,0,1,0,0,0,0,1,0,0,1,0,0,0,1,0,1
41511119,말리부,올 뉴 말리부,40,680,125902,1490,5,10,11,0,0,1,1,1,1,0,1,1,1,0,0,0,0,1,0,0,1,0,0,0,0,1,0,0,0,1,0,1
41511399,트레일블레이저,트레일블레이저,104,1680,69468,1341,5,4,3,0,1,1,1,1,1,0,0,0,1,0,0,0,0,1,0,0,1,0,0,0,0,0,1,0,0,1,1,0
41511574,말리부,올 뉴 말리부,40,790,159854,1998,5,9,1,1,1,1,1,1,1,1,1,1,1,0,0,0,0,1,0,0,1,0,0,0,0,1,0,0,0,1,0,1
41512004,라세티,라세티 프리미어,33,250,95796,1796,5,17,8,1,0,1,1,1,1,0,1,0,1,0,0,0,0,1,0,0,1,0,0,0,0,0,1,0,0,1,0,1
41515268,스파크,더 넥스트 스파크,54,710,62239,999,5,9,1,0,0,1,1,1,1,0,1,0,1,0,0,0,0,1,0,0,1,0,0,0,0,0,0,1,0,1,0,1
41515310,올란도,올란도,77,350,189702,1998,7,13,2,0,0,1,1,1,1,1,1,0,1,0,0,0,0,1,0,1,0,0,0,0,0,0,0,1,0,1,1,0
41515324,올란도,올란도,77,450,154609,1998,7,11,6,0,0,1,0,1,1,0,1,0,1,0,0,0,0,1,0,0,0,0,1,0,0,0,0,0,1,1,1,0
41515475,크루즈,올 뉴 크루즈,95,460,127817,1399,5,9,21,0,0,1,1,0,1,0,1,0,1,0,0,0,0,1,0,0,1,0,0,0,0,0,0,1,0,1,0,1
41515504,크루즈,크루즈,95,250,133419,1796,5,14,0,0,0,1,1,0,0,0,1,0,0,0,0,0,0,1,0,0,1,0,0,0,0,0,0,1,0,1,0,1
41515599,크루즈,어메이징 뉴 크루즈,95,450,112635,1362,5,11,4,1,0,1,1,1,1,1,1,0,1,0,0,0,0,1,0,0,1,0,0,0,0,1,0,0,0,1,0,1
41518169,스파크,더 넥스트 스파크,54,340,145829,999,5,10,12,0,0,1,1,0,0,1,1,0,1,0,0,0,0,1,0,0,1,0,0,0,0,0,0,1,0,1,0,1
41520626,말리부,올 뉴 말리부,40,599,93049,1490,5,10,9,0,0,1,0,1,1,1,1,0,1,0,0,0,0,1,0,0,1,0,0,0,0,0,0,0,1,1,0,1
41521444,크루즈,크루즈,95,380,57009,1998,5,12,6,0,0,1,1,0,1,1,1,0,1,0,0,0,0,1,0,0,0,0,1,0,0,0,1,0,0,1,0,1
41523080,캡티바,캡티바,90,550,94341,2231,7,12,6,1,0,1,1,1,1,1,1,0,1,0,0,0,0,1,0,0,0,0,1,0,0,0,0,1,0,1,1,0
41523591,말리부,올 뉴 말리부,40,850,104541,1490,5,9,2,0,1,1,1,1,1,1,1,1,1,0,0,0,0,1,0,0,1,0,0,0,0,0,1,0,0,1,0,1
41524369,스파크,스파크,54,230,47122,995,2,14,8,0,0,0,0,0,0,1,0,0,0,0,0,0,0,1,0,0,1,0,0,0,0,1,0,0,0,1,0,1
41524552,아베오,아베오 해치백,63,349,161660,1362,5,12,9,1,0,1,1,0,0,0,1,0,1,0,0,0,0,1,0,0,1,0,0,0,0,0,0,1,0,1,0,1
41524626,말리부,말리부,40,660,80060,1998,5,10,1,0,1,1,1,1,1,0,1,0,1,0,0,0,0,1,0,0,1,0,0,0,0,1,0,0,0,1,0,1
41524647,트랙스,더 뉴 트랙스,103,1020,74899,1362,5,10,0,0,0,1,1,0,1,0,1,0,1,0,0,0,0,1,0,0,1,0,0,0,0,1,0,0,0,1,1,0
41527050,스파크,더 뉴 스파크,54,680,103216,999,5,7,1,0,0,1,0,0,1,0,1,0,1,0,0,0,0,1,0,0,1,0,0,0,0,0,0,1,0,1,0,1
41528473,말리부,올 뉴 말리부,40,1150,28924,1490,5,9,1,0,0,1,1,0,1,0,1,0,1,0,0,0,0,1,0,0,1,0,0,0,0,1,0,0,0,1,0,1
41529296,라세티,라세티 프리미어,33,189,100819,1796,5,16,5,1,0,1,1,1,1,1,1,0,1,0,0,0,0,1,0,0,1,0,0,0,0,0,0,1,0,1,0,1
41529340,말리부,더 뉴 말리부,40,1290,56354,1341,5,7,0,0,0,1,1,1,1,0,1,0,1,0,0,0,0,1,0,0,1,0,0,0,0,0,0,0,1,1,0,1
41529859,스파크,스파크,54,350,59216,995,5,13,16,0,0,1,1,0,0,1,1,0,1,0,0,0,0,1,0,0,1,0,0,0,0,0,0,1,0,1,0,1
41530044,아베오,아베오 세단,63,320,94955,1362,5,11,21,0,0,1,1,0,0,1,1,0,1,0,0,0,0,1,0,0,1,0,0,0,0,0,0,1,0,1,0,1
41530205,올란도,올란도,77,470,172096,1998,7,11,8,0,0,1,0,0,1,1,1,0,1,0,0,0,0,1,0,1,0,0,0,0,0,1,0,0,0,1,1,0
41530448,올란도,올란도,77,299,259290,1998,7,12,2,0,0,1,1,1,1,1,1,0,1,0,0,0,0,1,0,1,0,0,0,0,0,0,0,1,0,1,1,0
41530467,크루즈,크루즈,95,340,123341,1796,5,12,5,1,0,1,1,1,1,0,1,0,1,0,0,0,0,1,0,0,1,0,0,0,0,1,0,0,0,1,0,1
41530875,말리부,더 뉴 말리부,40,1200,69104,1341,5,7,1,0,0,1,1,1,1,0,0,0,1,0,0,0,0,1,0,0,1,0,0,0,0,0,0,1,0,1,0,1
41531385,스파크,더 뉴 스파크,54,700,121381,999,5,6,4,0,0,1,1,0,0,1,1,0,1,0,0,0,0,1,0,0,1,0,0,0,0,1,0,0,0,1,0,1
41532988,트랙스,더 뉴 트랙스,103,780,78885,1598,5,5,13,0,0,1,0,0,1,0,1,0,1,0,0,0,0,1,0,0,0,0,1,0,0,0,0,1,0,1,1,0
41533044,스파크,스파크,54,195,151590,995,5,13,8,0,0,1,1,0,0,1,1,0,1,0,0,0,0,1,0,0,1,0,0,0,0,0,0,1,0,1,0,1
41534018,트랙스,더 뉴 트랙스,103,950,54740,1362,5,9,10,0,0,1,1,0,1,0,1,0,1,0,0,0,0,1,0,0,1,0,0,0,0,1,0,0,0,1,1,0
41535693,올란도,올란도,77,209,200954,1998,7,13,11,0,0,1,1,0,1,1,1,0,1,0,0,0,0,1,0,0,0,0,1,0,0,1,0,0,0,1,1,0
41535942,아베오,아베오 세단,63,299,97069,1598,5,13,3,0,0,1,1,0,0,1,1,0,1,0,0,0,0,1,0,0,1,0,0,0,0,0,0,1,0,1,0,1
41535970,스파크,더 넥스트 스파크,54,720,56552,999,5,10,3,1,0,1,1,1,1,0,1,0,1,0,0,0,0,1,0,0,1,0,0,0,0,1,0,0,0,1,0,1
41536996,말리부,더 뉴 말리부,40,1010,132496,1341,5,7,13,0,0,1,1,1,1,1,1,1,1,0,0,0,0,1,0,0,1,0,0,0,0,1,0,0,0,1,0,1
41537042,스파크,스파크,54,220,141895,995,5,13,15,0,0,1,0,0,0,0,1,0,0,0,0,0,0,1,0,0,1,0,0,0,0,0,0,0,1,1,0,1
41537090,스파크,더 뉴 스파크,54,930,44660,999,5,7,2,0,0,1,1,0,1,1,1,0,1,0,0,0,0,1,0,0,1,0,0,0,0,1,0,0,0,1,0,1
41537293,스파크,더 넥스트 스파크,54,455,132277,999,5,10,10,0,0,1,1,0,0,1,1,0,1,0,0,0,0,1,0,0,1,0,0,0,0,1,0,0,0,1,0,1
41538597,말리부,더 뉴 말리부,40,1430,30704,1341,5,7,0,0,0,1,1,1,1,0,1,0,1,0,0,0,0,1,0,0,1,0,0,0,0,0,1,0,0,1,0,1
41540227,스파크,더 뉴 스파크,54,690,72789,999,5,6,6,0,0,1,1,0,0,0,0,0,0,0,0,0,0,1,0,0,1,0,0,0,0,1,0,0,0,1,0,1
41541267,스파크,더 넥스트 스파크,54,590,82568,999,5,10,2,0,0,0,0,0,0,0,0,0,0,0,0,0,0,1,0,0,1,0,0,0,0,1,0,0,0,1,0,1
41542810,이쿼녹스,이쿼녹스,79,840,180750,1598,5,8,26,1,1,1,1,1,1,1,1,1,1,0,0,0,0,1,0,0,0,0,1,0,0,0,1,0,0,1,1,0
41544663,라보,뉴 라보,32,800,65716,796,2,11,1,0,0,0,0,0,0,0,0,0,0,0,0,0,0,1,0,1,0,0,0,0,0,1,0,0,0,0,1,0
41545024,트랙스,더 뉴 트랙스,103,730,113040,1362,5,9,0,0,0,1,1,0,1,1,1,0,1,0,0,0,0,1,0,0,1,0,0,0,0,1,0,0,0,1,1,0
41545597,말리부,더 뉴 말리부,40,1590,112973,1341,5,5,2,0,1,1,1,1,1,1,1,1,1,0,0,0,0,1,0,0,1,0,0,0,0,1,0,0,0,1,0,1
41545899,스파크,더 뉴 스파크,54,710,64768,999,5,8,9,0,0,1,1,1,1,0,1,0,1,0,0,0,0,1,0,0,1,0,0,0,0,0,0,1,0,1,0,1
41546272,트랙스,더 뉴 트랙스,103,920,56549,1362,5,8,3,0,0,1,1,0,1,1,1,0,1,0,0,0,0,1,0,0,1,0,0,0,0,0,0,1,0,1,1,0
41546445,아베오,아베오 세단,63,235,97105,1598,5,14,8,1,0,1,1,0,0,1,1,0,1,0,0,0,0,1,0,0,1,0,0,0,0,0,1,0,0,1,0,1
41546944,트랙스,트랙스,103,580,110141,1362,5,11,3,1,0,1,1,0,0,1,1,0,1,0,0,0,0,1,0,0,1,0,0,0,0,1,0,0,0,1,1,0
41547453,크루즈,크루즈,95,380,71389,1796,5,13,6,1,0,1,1,1,1,0,1,0,1,0,0,0,0,1,0,0,1,0,0,0,0,1,0,0,0,1,0,1
41547485,알페온,알페온,70,640,65632,2384,5,14,5,0,1,1,1,1,1,1,1,0,1,0,0,0,0,1,0,0,0,1,0,0,0,0,0,1,0,1,0,1
41548126,스파크,더 뉴 스파크,54,760,52629,999,5,7,11,0,0,1,0,1,1,1,1,0,1,0,0,0,0,1,0,0,1,0,0,0,0,0,0,1,0,1,0,1
41548620,트랙스,더 뉴 트랙스,103,800,80461,1362,5,8,6,0,0,1,1,0,1,1,1,0,1,0,0,0,0,1,0,0,1,0,0,0,0,0,0,1,0,1,1,0
41549540,말리부,말리부,40,360,176591,2384,5,14,3,1,1,1,1,1,1,1,1,0,1,0,0,0,0,1,0,0,1,0,0,0,0,0,1,0,0,1,0,1
41550225,올란도,올란도,77,469,128091,1998,7,12,0,0,0,1,1,1,1,0,1,0,1,0,0,0,0,1,0,0,0,0,1,0,0,1,0,0,0,1,1,0
41551633,트레일블레이저,트레일블레이저,104,1320,119959,1341,5,6,10,0,0,0,1,1,1,1,1,0,1,0,0,0,0,1,0,0,1,0,0,0,0,1,0,0,0,1,1,0
41551735,다마스,뉴 다마스,30,540,102363,796,2,7,0,0,0,0,0,0,0,0,0,0,0,0,0,0,0,1,0,1,0,0,0,0,0,1,0,0,0,0,1,0
41552701,스파크,더 넥스트 스파크,54,700,59912,999,5,8,6,0,0,1,1,0,1,1,1,0,1,0,0,0,0,1,0,0,1,0,0,0,0,1,0,0,0,1,0,1
41552819,스파크,스파크,54,240,159731,995,5,12,6,0,0,1,1,0,1,1,0,0,1,0,0,0,0,1,0,0,1,0,0,0,0,0,0,1,0,0,0,1
41553050,다마스,뉴 다마스,30,450,72468,796,2,16,0,0,0,0,0,0,0,0,0,0,1,0,0,0,0,1,0,1,0,0,0,0,0,1,0,0,0,0,1,0
41554614,트랙스,트랙스,103,11,44781,1362,5,11,2,0,0,0,0,0,0,0,0,0,0,0,0,0,0,1,0,0,1,0,0,0,0,1,0,0,0,1,1,0
41555919,올란도,올란도,77,960,69804,1998,7,9,0,0,0,1,1,1,1,1,1,0,1,0,0,0,0,1,0,1,0,0,0,0,0,1,0,0,0,1,1,0
41557331,스파크,더 넥스트 스파크,54,670,99885,999,5,8,1,0,0,1,0,0,1,0,1,0,1,0,0,0,0,1,0,0,1,0,0,0,0,0,0,1,0,1,0,1
41557932,말리부,올 뉴 말리부,40,850,154718,1998,5,9,2,1,1,1,1,1,1,1,1,1,1,0,0,0,0,1,0,0,1,0,0,0,0,1,0,0,0,1,0,1
41559830,스파크,더 뉴 스파크,54,790,63773,999,5,8,4,0,0,1,1,0,1,1,1,0,1,0,0,0,0,1,0,0,1,0,0,0,0,1,0,0,0,1,0,1
41559897,올란도,올란도,77,790,67265,1998,7,9,4,0,0,1,1,0,1,1,1,0,1,0,0,0,0,1,0,1,0,0,0,0,0,0,0,0,1,1,1,0
41560176,말리부,올 뉴 말리부,40,970,119312,1490,5,8,7,0,1,1,1,1,1,1,1,1,1,0,0,0,0,1,0,0,1,0,0,0,0,0,1,0,0,1,0,1
41560696,스파크,스파크,54,390,39543,995,5,12,5,0,0,1,1,0,0,0,1,0,1,0,0,0,0,1,0,0,1,0,0,0,0,0,0,0,1,1,0,1
41561129,스파크,더 넥스트 스파크,54,599,151680,999,5,8,0,0,0,1,1,0,1,1,1,0,1,0,0,0,0,1,0,0,1,0,0,0,0,0,0,1,0,1,0,1
41562190,말리부,올 뉴 말리부,40,1090,80597,1998,5,9,5,0,1,1,1,1,1,1,1,1,1,0,0,0,0,1,0,0,1,0,0,0,0,0,0,1,0,1,0,1
41562514,아베오,아베오 해치백,63,419,103666,1362,5,11,2,0,0,1,1,0,0,0,1,0,1,0,0,0,0,1,0,0,1,0,0,0,0,1,0,0,0,1,0,1
41563108,스파크,더 넥스트 스파크,54,470,120824,999,5,10,5,0,0,1,1,0,0,0,1,0,1,0,0,0,0,1,0,0,1,0,0,0,0,1,0,0,0,1,0,1
41563398,말리부,올 뉴 말리부,40,350,205727,1490,5,9,2,0,0,1,0,0,1,0,1,0,1,0,0,0,0,1,0,0,1,0,0,0,0,0,0,1,0,1,0,1
41563654,스파크,더 넥스트 스파크,54,599,68365,999,5,10,0,0,0,1,1,0,0,1,1,0,1,0,0,0,0,1,0,0,1,0,0,0,0,1,0,0,0,1,0,1
41564016,스파크,더 넥스트 스파크,54,650,86446,999,5,10,0,0,0,1,1,0,0,1,1,0,1,0,0,0,0,1,0,0,1,0,0,0,0,0,0,1,0,1,0,1
41564247,트레일블레이저,트레일블레이저,104,1499,141488,1341,5,6,4,1,1,1,1,1,1,0,1,1,1,0,0,0,0,1,0,0,1,0,0,0,0,1,0,0,0,1,1,0
41564305,말리부,올 뉴 말리부,40,649,191047,1998,5,9,2,1,1,1,1,1,1,1,1,1,1,0,0,0,0,1,0,0,1,0,0,0,0,0,1,0,0,1,0,1
41564437,스파크,더 넥스트 스파크,54,630,44742,999,5,11,0,0,0,1,1,0,0,1,1,0,1,0,0,0,0,1,0,0,1,0,0,0,0,1,0,0,0,1,0,1
41564882,스파크,더 넥스트 스파크,54,660,73073,999,5,10,2,0,0,1,1,0,0,1,1,0,1,0,0,0,0,1,0,0,1,0,0,0,0,1,0,0,0,1,0,1
41565313,트랙스,더 뉴 트랙스,103,880,91279,1362,5,9,1,0,0,1,1,0,1,0,1,0,1,0,0,0,0,1,0,0,1,0,0,0,0,0,0,1,0,1,1,0
41567827,올란도,올란도,77,630,130166,1598,7,11,0,0,0,1,1,0,1,0,1,0,1,0,0,0,0,1,0,0,0,0,1,0,0,0,1,0,0,1,1,0
41568536,말리부,올 뉴 말리부,40,560,183936,1998,5,10,6,1,1,1,1,1,1,0,1,0,1,0,0,0,0,1,0,0,1,0,0,0,0,0,0,1,0,1,0,1
41570081,올란도,올란도,77,650,135541,1998,7,10,1,0,0,1,1,1,1,1,1,0,1,0,0,0,0,1,0,1,0,0,0,0,0,0,0,1,0,1,1,0
41570714,트랙스,트랙스,103,299,138833,1362,5,12,13,0,0,1,1,0,0,1,1,0,1,0,0,0,0,1,0,0,1,0,0,0,0,0,0,1,0,1,1,0
41570793,트랙스,트랙스,103,770,32310,1362,5,10,2,0,0,1,1,0,0,1,1,0,1,0,0,0,0,1,0,0,1,0,0,0,0,0,0,0,1,1,1,0
41570878,임팔라,임팔라,80,960,152505,3564,5,10,1,0,1,1,1,1,1,0,1,1,1,0,0,0,0,1,0,0,1,0,0,0,0,0,0,1,0,1,0,1
41571551,스파크,더 뉴 스파크,54,699,94173,999,5,8,6,0,0,1,0,0,1,1,1,0,1,0,0,0,0,1,0,0,1,0,0,0,0,0,0,1,0,1,0,1
41571713,스파크,스파크,54,250,131383,995,5,13,10,0,0,1,1,0,0,1,1,0,1,0,0,0,0,1,0,0,1,0,0,0,0,0,0,1,0,1,0,1
41571788,스파크,더 넥스트 스파크,54,495,88096,999,5,9,16,0,0,1,1,0,0,1,1,0,1,0,0,0,0,1,0,0,1,0,0,0,0,0,0,1,0,1,0,1
41572174,말리부,더 뉴 말리부,40,1150,102743,1341,5,7,7,0,1,1,1,1,1,1,1,1,1,0,0,0,0,1,0,0,1,0,0,0,0,0,0,0,1,1,0,1
41572524,올란도,올란도,77,490,103719,1998,7,11,8,0,0,1,1,1,1,0,1,0,1,0,0,0,0,1,0,0,0,0,1,0,0,1,0,0,0,1,1,0
41572657,스파크,더 뉴 스파크,54,750,99227,999,5,7,2,0,0,1,1,1,1,0,1,0,1,0,0,0,0,1,0,0,1,0,0,0,0,1,0,0,0,1,0,1
41573063,크루즈,어메이징 뉴 크루즈,95,520,57778,1796,5,10,0,0,0,1,1,0,0,1,1,0,0,0,0,0,0,1,0,0,1,0,0,0,0,0,0,1,0,1,0,1
41574288,스파크,스파크,54,250,131015,995,2,13,2,0,0,0,0,0,0,0,0,0,0,0,0,0,0,1,0,0,1,0,0,0,0,0,0,1,0,1,0,1
41574355,말리부,말리부,40,290,187848,1998,5,14,6,1,1,1,1,1,1,1,1,0,1,0,0,0,0,1,0,0,1,0,0,0,0,1,0,0,0,1,0,1
41575326,크루즈,크루즈,95,299,184548,1998,5,13,2,0,0,1,1,0,1,1,1,0,1,0,0,0,0,1,0,0,0,0,1,0,0,1,0,0,0,1,0,1
41575507,라보,뉴 라보,32,620,23478,796,2,9,0,0,0,0,0,0,0,0,0,0,0,0,0,0,0,1,0,1,0,0,0,0,0,0,0,0,1,0,1,0
41575933,트레일블레이저,트레일블레이저,104,1390,147957,1341,5,6,1,0,1,1,1,1,1,1,1,1,1,0,0,0,0,1,0,0,1,0,0,0,0,0,0,0,1,1,1,0
41576195,트레일블레이저,트레일블레이저,104,1600,89895,1341,5,6,9,0,0,1,1,1,1,0,1,1,1,0,0,0,0,1,0,0,1,0,0,0,0,0,0,0,1,1,1,0
41577763,올란도,올란도,77,690,69341,1598,7,9,12,0,0,1,1,0,1,1,1,0,1,0,0,0,0,1,0,0,0,0,1,0,0,0,0,1,0,1,1,0
41577851,말리부,올 뉴 말리부,40,630,153406,1490,5,10,12,0,0,1,1,1,1,1,1,1,1,0,0,0,0,1,0,0,1,0,0,0,0,0,1,0,0,1,0,1
41578479,스파크,스파크,54,189,116095,995,5,12,1,0,0,1,1,0,0,1,0,0,0,0,0,0,0,1,0,0,1,0,0,0,0,0,0,1,0,1,0,1
41578552,말리부,말리부,40,350,113051,1998,5,13,2,0,0,1,1,1,0,1,1,0,1,0,0,0,0,1,0,0,1,0,0,0,0,1,0,0,0,1,0,1
41579578,트랙스,더 뉴 트랙스,103,590,100154,1598,5,10,13,0,0,1,1,0,1,0,1,0,1,0,0,0,0,1,0,0,0,0,1,0,0,1,0,0,0,1,1,0
41580225,크루즈,어메이징 뉴 크루즈,95,590,25867,1796,5,10,4,0,0,1,1,0,0,0,1,0,1,0,0,0,0,1,0,0,1,0,0,0,0,0,0,1,0,1,0,1
41583246,말리부,올 뉴 말리부,40,900,113264,1490,5,9,2,0,0,1,1,1,1,0,1,1,1,0,0,0,0,1,0,0,1,0,0,0,0,1,0,0,0,1,0,1
41583253,트랙스,더 뉴 트랙스,103,830,132737,1362,5,8,0,1,0,1,1,0,1,0,1,0,1,0,0,0,0,1,0,0,1,0,0,0,0,1,0,0,0,1,1,0
41583533,올란도,올란도,77,460,112408,1998,7,12,13,0,0,1,1,1,1,0,1,0,1,0,0,0,0,1,0,0,0,0,1,0,0,0,0,0,1,1,1,0
41583615,스파크,더 뉴 스파크,54,910,73991,999,5,7,0,0,0,1,1,1,1,0,1,0,1,0,0,0,0,1,0,0,1,0,0,0,0,1,0,0,0,1,0,1
41584002,이쿼녹스,이쿼녹스,79,1390,44732,1598,5,8,9,1,1,1,1,1,1,1,1,1,1,0,0,0,0,1,0,0,0,0,1,0,0,0,1,0,0,1,1,0
41584478,말리부,올 뉴 말리부,40,550,188529,1490,5,9,5,1,0,1,0,1,1,0,1,0,1,0,0,0,0,1,0,0,1,0,0,0,0,0,1,0,0,1,0,1
41584564,트랙스,트랙스,103,390,166907,1362,5,10,4,0,0,1,1,0,0,1,1,0,1,0,0,0,0,1,0,0,1,0,0,0,0,0,0,0,1,1,1,0
41584596,스파크,더 넥스트 스파크,54,650,69753,999,5,9,2,0,0,1,1,0,0,1,1,0,1,0,0,0,0,1,0,0,1,0,0,0,0,0,0,1,0,1,0,1
41586672,말리부,더 뉴 말리부,40,1249,128700,1341,5,5,4,0,1,1,1,1,1,1,1,1,1,0,0,0,0,1,0,0,1,0,0,0,0,0,0,0,1,1,0,1
41586727,크루즈,크루즈,95,220,119382,1598,5,15,9,0,0,1,1,0,0,0,1,0,1,0,0,0,0,1,0,0,1,0,0,0,0,0,0,1,0,1,0,1
41587925,올란도,올란도,77,299,138886,1998,7,15,19,0,0,1,1,0,0,1,1,0,1,0,0,0,0,1,0,0,0,0,1,0,0,1,0,0,0,1,1,0
41588410,아베오,아베오 해치백,63,430,37230,1598,5,12,2,0,0,0,0,0,0,0,0,0,0,0,0,0,0,1,0,0,1,0,0,0,0,1,0,0,0,1,0,1
41588481,스파크,스파크,54,299,92371,995,5,12,5,0,0,1,1,0,0,0,1,0,1,0,0,0,0,1,0,0,1,0,0,0,0,0,0,1,0,1,0,1
41588640,트랙스,더 뉴 트랙스,103,1049,48854,1362,5,8,0,0,0,1,1,0,1,0,1,0,1,0,0,0,0,1,0,0,1,0,0,0,0,1,0,0,0,1,1,0
41588695,임팔라,임팔라,80,1130,37186,2457,5,10,1,0,1,1,1,1,1,0,1,1,1,0,0,0,0,1,0,0,1,0,0,0,0,0,1,0,0,1,0,1
41589499,트랙스,트랙스,103,280,214465,1598,5,11,1,0,0,1,1,0,0,1,1,0,1,0,0,0,0,1,0,0,0,0,1,0,0,1,0,0,0,1,1,0
41590221,올란도,올란도,77,299,174093,1998,7,11,10,0,0,0,1,0,0,1,0,0,1,0,0,0,0,1,0,1,0,0,0,0,0,0,0,1,0,1,1,0
41590289,스파크,스파크,54,330,71408,995,2,11,18,0,0,0,1,0,0,1,0,0,0,0,0,0,0,1,0,0,1,0,0,0,0,1,0,0,0,1,0,1
41590687,크루즈,어메이징 뉴 크루즈,95,290,148995,1362,5,11,13,1,0,1,1,1,1,0,1,0,1,0,0,0,0,1,0,0,1,0,0,0,0,1,0,0,0,1,0,1
41591263,말리부,올 뉴 말리부,40,470,178575,1490,5,9,13,0,0,1,1,0,1,0,1,0,1,0,0,0,0,1,0,0,1,0,0,0,0,0,0,0,1,1,0,1
41592077,스파크,더 넥스트 스파크,54,450,84002,999,5,10,2,0,0,0,1,0,0,0,0,0,1,0,0,0,0,1,0,0,1,0,0,0,0,1,0,0,0,1,0,1
41592948,스파크,스파크,54,330,108889,995,5,12,2,0,0,1,1,0,0,1,1,0,1,0,0,0,0,1,0,0,1,0,0,0,0,0,0,0,1,1,0,1
41593066,스파크,더 넥스트 스파크,54,550,104987,999,5,11,1,1,0,1,1,1,1,0,1,0,1,0,0,0,0,1,0,0,1,0,0,0,0,1,0,0,0,1,0,1
41593506,캡티바,캡티바,90,570,74955,1998,7,13,2,0,0,1,1,1,1,1,1,0,1,0,0,0,0,1,0,0,0,0,1,0,0,1,0,0,0,1,1,0
41593690,윈스톰,윈스톰,78,220,206439,1991,7,17,12,1,0,1,1,1,0,1,1,0,1,0,0,0,0,1,0,0,0,0,1,0,0,1,0,0,0,1,1,0
41593920,올란도,올란도,77,250,158909,1998,7,15,2,1,0,1,1,1,1,0,1,0,1,0,0,0,0,1,0,0,0,0,1,0,0,1,0,0,0,1,1,0
41594134,말리부,더 뉴 말리부,40,1490,58394,1341,5,6,1,0,1,1,1,1,1,1,1,1,1,0,0,0,0,1,0,0,1,0,0,0,0,1,0,0,0,1,0,1
41595003,스파크,더 넥스트 스파크,54,460,143132,999,5,11,2,0,0,1,1,0,0,0,1,0,1,0,0,0,0,1,0,0,1,0,0,0,0,0,0,1,0,1,0,1
41595789,말리부,올 뉴 말리부,40,920,89318,1490,5,9,8,0,1,1,1,1,1,0,1,1,1,0,0,0,0,1,0,0,1,0,0,0,0,1,0,0,0,1,0,1
41596041,스파크,더 넥스트 스파크,54,465,41647,999,5,10,2,0,0,0,0,0,0,0,0,0,1,0,0,0,0,1,0,0,1,0,0,0,0,0,0,1,0,1,0,1
41596404,올란도,올란도,77,420,145870,1998,7,11,9,0,0,1,1,0,0,1,0,0,0,0,0,0,0,1,0,1,0,0,0,0,0,0,1,0,0,1,1,0
41596417,트랙스,더 뉴 트랙스,103,680,131501,1598,5,8,2,0,0,1,1,0,1,0,1,0,1,0,0,0,0,1,0,0,0,0,1,0,0,1,0,0,0,1,1,0
41596434,트랙스,더 뉴 트랙스,103,1020,68115,1362,5,6,0,0,0,1,1,0,1,0,1,0,1,0,0,0,0,1,0,0,1,0,0,0,0,0,1,0,0,1,1,0
41597087,말리부,올 뉴 말리부,40,359,189513,1490,5,9,19,0,0,1,1,0,1,0,1,0,1,0,0,0,0,1,0,0,1,0,0,0,0,0,0,1,0,1,0,1
41597359,스파크,스파크,54,390,13084,995,5,14,0,0,0,1,1,0,0,1,1,0,1,0,0,0,0,1,0,0,1,0,0,0,0,0,0,0,1,1,0,1
41597731,크루즈,크루즈,95,470,50009,1796,5,13,3,0,0,1,0,0,0,0,1,0,1,0,0,0,0,1,0,0,1,0,0,0,0,0,0,1,0,1,0,1
41597754,스파크,더 넥스트 스파크,54,640,57225,999,5,11,2,0,0,1,0,1,0,0,1,0,1,0,0,0,0,1,0,0,1,0,0,0,0,1,0,0,0,1,0,1
41598078,말리부,더 뉴 말리부,40,1070,75263,1341,5,6,8,0,0,1,1,1,1,0,1,0,1,0,0,0,0,1,0,0,1,0,0,0,0,0,1,0,0,1,0,1
41599352,말리부,올 뉴 말리부,40,750,66901,1490,5,9,18,1,1,1,1,1,1,1,1,1,1,0,0,0,0,1,0,0,1,0,0,0,0,0,0,1,0,1,0,1
41601271,말리부,더 뉴 말리부,40,1299,73045,1998,5,5,9,0,0,1,1,1,1,1,1,0,1,0,0,0,0,1,0,0,1,0,0,0,0,0,1,0,0,1,0,1
41601621,트랙스,트랙스,103,750,62003,1598,5,10,1,0,0,1,1,0,0,1,1,0,1,0,0,0,0,1,0,0,0,0,1,0,0,1,0,0,0,1,1,0
41601942,말리부,올 뉴 말리부,40,1390,49903,1490,5,9,0,0,1,1,1,1,1,1,1,1,1,0,0,0,0,1,0,0,1,0,0,0,0,1,0,0,0,1,0,1
41602140,스파크,스파크,54,300,70580,995,5,13,7,0,0,1,1,0,0,1,1,0,1,0,0,0,0,1,0,0,1,0,0,0,0,0,0,0,1,1,0,1
41603578,스파크,더 넥스트 스파크,54,520,120000,999,5,10,1,0,0,1,1,1,1,0,1,0,1,0,0,0,0,1,0,0,1,0,0,0,0,0,1,0,0,1,0,1
41603850,스파크,더 넥스트 스파크,54,550,110191,999,5,8,6,0,0,1,0,0,0,0,1,0,1,0,0,0,0,1,0,0,1,0,0,0,0,1,0,0,0,1,0,1
41604774,아베오,아베오 해치백,63,490,99824,1362,5,11,3,0,0,1,0,0,0,0,1,0,1,0,0,0,0,1,0,0,1,0,0,0,0,0,0,0,1,0,0,1
41605013,말리부,올 뉴 말리부,40,1030,43745,1490,5,9,4,1,0,1,0,1,1,0,1,0,1,0,0,0,0,1,0,0,1,0,0,0,0,1,0,0,0,1,0,1
41605307,말리부,더 뉴 말리부,40,1280,88891,1796,5,7,7,0,0,1,1,1,1,1,1,0,1,0,0,0,0,1,0,0,0,1,0,0,0,1,0,0,0,1,0,1
41605850,알페온,알페온,70,360,86035,2384,5,14,0,0,0,1,1,1,1,1,1,0,1,0,0,0,0,1,0,0,1,0,0,0,0,0,0,1,0,1,0,1
41606329,스파크,더 넥스트 스파크,54,750,51854,999,5,8,0,0,1,1,1,0,1,0,1,0,1,0,0,0,0,1,0,0,1,0,0,0,0,0,0,1,0,1,0,1
41606438,알페온,알페온,70,580,134798,2997,5,12,0,0,1,1,1,1,1,1,1,1,1,0,0,0,0,1,0,0,1,0,0,0,0,0,1,0,0,1,0,1
41607065,스파크,더 넥스트 스파크,54,520,114423,999,5,9,3,0,0,1,1,0,0,1,1,0,1,0,0,0,0,1,0,0,1,0,0,0,0,0,1,0,0,1,0,1
41607291,아베오,아베오 세단,63,349,83802,1362,5,10,6,1,0,1,1,0,0,1,1,0,1,0,0,0,0,1,0,0,1,0,0,0,0,0,1,0,0,1,0,1
41607439,올란도,올란도,77,569,169510,1998,7,9,0,1,0,1,1,1,1,1,1,0,1,0,0,0,0,1,0,1,0,0,0,0,0,0,1,0,0,1,1,0
41608168,스파크,스파크,54,333,115885,995,5,11,2,0,0,0,0,0,0,0,0,0,0,0,0,0,0,1,0,0,1,0,0,0,0,0,1,0,0,1,0,1
41608216,볼트,볼트 EV,48,1000,249431,174,5,8,1,0,1,1,1,1,1,0,1,0,0,0,0,0,0,1,0,0,0,0,0,1,0,1,0,0,0,1,0,1
41608439,말리부,올 뉴 말리부,40,620,91315,1998,5,9,16,0,0,1,1,1,1,0,1,0,1,0,0,0,0,1,0,0,1,0,0,0,0,0,1,0,0,1,0,1
41608710,올란도,올란도,77,950,62662,1998,7,10,1,0,0,1,1,1,1,1,1,0,1,0,0,0,0,1,0,1,0,0,0,0,0,1,0,0,0,1,1,0
41609325,스파크,더 넥스트 스파크,54,595,122081,999,5,11,0,1,0,1,1,1,1,0,1,0,1,0,0,0,0,1,0,0,1,0,0,0,0,0,1,0,0,1,0,1
41609959,스파크,더 넥스트 스파크,54,580,92458,999,5,10,2,0,0,1,1,0,1,0,1,0,1,0,0,0,0,1,0,0,1,0,0,0,0,0,1,0,0,1,0,1
41610496,말리부,올 뉴 말리부,40,1220,74476,1490,5,8,0,0,1,1,1,1,1,1,1,1,1,0,0,0,0,1,0,0,1,0,0,0,0,0,1,0,0,1,0,1
41611949,스파크,더 뉴 스파크,54,920,18333,999,5,6,7,0,0,1,1,1,1,0,1,0,1,0,0,0,0,1,0,0,1,0,0,0,0,0,0,0,1,1,0,1
41612341,스파크,더 뉴 스파크,54,850,82859,999,5,6,1,0,0,1,1,0,1,0,1,0,1,0,0,0,0,1,0,0,1,0,0,0,0,0,1,0,0,1,0,1
41613269,캡티바,캡티바,90,480,145052,1998,7,12,2,1,0,1,1,1,1,1,1,0,1,0,0,0,0,1,0,0,0,0,1,0,0,0,0,1,0,1,1,0
41613362,스파크,스파크,54,240,113698,995,5,15,14,0,0,1,1,0,0,1,1,0,1,0,0,0,0,1,0,0,1,0,0,0,0,1,0,0,0,1,0,1
41613476,말리부,올 뉴 말리부,40,800,117507,1998,5,10,0,0,0,1,1,1,1,0,1,0,1,0,0,0,0,1,0,0,1,0,0,0,0,0,0,1,0,1,0,1
41615057,스파크,더 뉴 스파크,54,1150,31889,999,5,4,2,0,0,1,1,1,1,0,1,0,1,0,0,0,0,1,0,0,1,0,0,0,0,1,0,0,0,1,0,1
41616010,올란도,올란도,77,290,197432,1998,7,12,15,0,0,1,0,0,1,0,1,0,1,0,0,0,0,1,0,0,0,0,1,0,0,1,0,0,0,1,1,0
41616169,말리부,더 뉴 말리부,40,1630,31961,1341,5,5,1,0,0,1,1,1,1,0,1,0,1,0,0,0,0,1,0,0,1,0,0,0,0,0,0,1,0,1,0,1
41616649,트랙스,더 뉴 트랙스,103,1090,93405,1362,5,7,3,1,0,1,1,0,1,0,1,0,1,0,0,0,0,1,0,0,1,0,0,0,0,0,1,0,0,1,1,0
41619032,올란도,올란도,77,290,179204,1998,7,12,2,0,0,0,0,0,0,0,0,0,0,0,0,0,0,1,0,0,0,0,1,0,0,0,0,1,0,1,1,0
41619339,말리부,더 뉴 말리부,40,860,175583,1341,5,7,2,0,1,1,1,1,1,0,1,1,1,0,0,0,0,1,0,0,1,0,0,0,0,1,0,0,0,1,0,1
41619415,트랙스,더 뉴 트랙스,103,950,43102,1598,5,8,0,0,0,1,1,0,1,1,1,0,1,0,0,0,0,1,0,0,0,0,1,0,0,0,1,0,0,1,1,0
41619527,알페온,알페온,70,399,56487,2384,5,16,6,0,0,1,1,1,1,1,1,0,1,0,0,0,0,1,0,0,1,0,0,0,0,0,1,0,0,1,0,1
41619563,크루즈,어메이징 뉴 크루즈,95,470,92902,1796,5,11,3,0,0,1,1,1,1,1,1,0,1,0,0,0,0,1,0,0,1,0,0,0,0,1,0,0,0,1,0,1
41619638,이쿼녹스,이쿼녹스,79,990,114334,1598,5,8,2,1,1,1,1,1,1,1,1,1,1,0,0,0,0,1,0,0,0,0,1,0,0,0,0,0,1,1,1,0
41619850,말리부,올 뉴 말리부,40,699,83477,1490,5,10,11,1,0,1,1,0,1,0,0,0,0,0,0,0,0,1,0,0,1,0,0,0,0,1,0,0,0,1,0,1
41619936,트랙스,더 뉴 트랙스,103,930,85169,1362,5,8,3,1,0,1,1,0,1,0,1,0,1,0,0,0,0,1,0,0,1,0,0,0,0,1,0,0,0,1,1,0
41620448,캡티바,캡티바,90,459,82311,2231,7,15,0,1,0,1,1,1,0,1,1,0,1,0,0,0,0,1,0,0,0,0,1,0,0,0,0,1,0,1,1,0
41621304,올란도,올란도,77,390,165407,1998,7,13,4,0,0,1,1,0,1,1,1,0,1,0,0,0,0,1,0,1,0,0,0,0,0,1,0,0,0,1,1,0
41623087,임팔라,임팔라,80,900,138373,2457,5,11,2,1,1,1,1,1,1,1,1,1,1,0,0,0,0,1,0,0,1,0,0,0,0,1,0,0,0,1,0,1
41623365,말리부,올 뉴 말리부,40,850,63798,1490,5,10,0,0,0,1,1,0,1,0,0,0,1,0,0,0,0,1,0,0,1,0,0,0,0,0,1,0,0,1,0,1
41624019,말리부,올 뉴 말리부,40,990,96435,1490,5,9,7,1,1,1,1,1,1,1,1,1,1,0,0,0,0,1,0,0,1,0,0,0,0,1,0,0,0,1,0,1
41624048,올란도,올란도,77,390,186624,1598,7,10,2,1,0,1,1,0,1,0,1,0,1,0,0,0,0,1,0,0,0,0,1,0,0,1,0,0,0,1,1,0
41624463,스파크,더 뉴 스파크,54,850,34951,999,5,7,6,0,0,1,0,0,1,1,1,0,1,0,0,0,0,1,0,0,1,0,0,0,0,0,0,1,0,1,0,1
41624711,트레일블레이저,트레일블레이저,104,1690,72348,1341,5,6,1,0,1,1,1,1,1,0,1,0,1,0,0,0,0,1,0,0,1,0,0,0,0,1,0,0,0,1,1,0
41625348,크루즈,올 뉴 크루즈,95,550,144497,1399,5,9,12,0,0,1,1,1,1,0,1,0,1,0,0,0,0,1,0,0,1,0,0,0,0,0,0,1,0,1,0,1
41628506,트랙스,더 뉴 트랙스,103,1450,26543,1399,5,5,0,0,0,1,1,0,1,0,1,0,1,0,0,0,0,1,0,0,1,0,0,0,0,1,0,0,0,1,1,0
41628987,말리부,더 뉴 말리부,40,1490,107386,1998,5,5,0,0,1,1,1,1,1,1,1,1,1,0,0,0,0,1,0,0,1,0,0,0,0,0,0,1,0,1,0,1
41631054,말리부,올 뉴 말리부,40,530,202146,1796,5,10,3,1,0,1,1,1,1,0,1,0,1,0,0,0,0,1,0,0,0,1,0,0,0,0,0,1,0,1,0,1
41631260,크루즈,크루즈,95,289,108313,1796,5,13,2,0,0,0,0,0,0,0,0,0,0,0,0,0,0,1,0,0,1,0,0,0,0,0,0,1,0,1,0,1
41632920,스파크,스파크,54,350,67210,995,5,12,2,0,0,1,1,0,0,0,0,0,0,0,0,0,0,1,0,0,1,0,0,0,0,0,0,0,1,1,0,1
41633008,스파크,스파크,54,189,149874,995,5,14,4,0,0,1,0,0,0,0,1,0,1,0,0,0,0,1,0,0,1,0,0,0,0,0,0,1,0,0,0,1
41634110,트랙스,트랙스,103,999,133990,1362,5,11,2,0,0,0,0,0,0,0,0,0,0,0,0,0,0,1,0,0,1,0,0,0,0,1,0,0,0,1,1,0
41634134,트랙스,더 뉴 트랙스,103,620,110055,1362,5,10,15,0,0,1,1,0,1,0,1,0,1,0,0,0,0,1,0,0,1,0,0,0,0,0,0,1,0,1,1,0
41634630,트랙스,더 뉴 트랙스,103,670,131818,1362,5,10,5,0,0,1,1,0,1,1,1,0,1,0,0,0,0,1,0,0,1,0,0,0,0,0,0,1,0,1,1,0
41634931,트랙스,더 뉴 트랙스,103,950,81716,1362,5,8,4,0,0,1,1,0,1,1,1,0,1,0,0,0,0,1,0,0,1,0,0,0,0,0,0,1,0,1,1,0
41635874,스파크,더 넥스트 스파크,54,520,132040,999,5,11,12,1,0,1,1,1,1,0,1,0,1,0,0,0,0,1,0,0,1,0,0,0,0,0,0,0,1,1,0,1
41636869,트랙스,더 뉴 트랙스,103,700,124065,1598,5,9,3,0,0,1,1,0,1,0,1,0,1,0,0,0,0,1,0,0,0,0,1,0,0,0,1,0,0,1,1,0
41637510,말리부,올 뉴 말리부,40,850,74636,1490,5,10,5,0,0,1,1,0,1,0,0,0,1,0,0,0,0,1,0,0,1,0,0,0,0,0,1,0,0,1,0,1
41637648,말리부,말리부,40,330,183239,1956,5,11,0,1,0,1,1,1,1,0,1,0,1,0,0,0,0,1,0,0,0,0,1,0,0,0,0,1,0,1,0,1
41637652,올란도,올란도,77,280,171518,1998,7,15,0,0,0,1,1,0,0,1,1,0,0,0,0,0,0,1,0,0,0,0,1,0,0,1,0,0,0,1,1,0
41638136,스파크,스파크,54,249,85134,995,5,14,5,0,0,1,1,0,0,1,0,0,0,0,0,0,0,1,0,0,1,0,0,0,0,0,0,0,1,1,0,1
41638275,스파크,더 넥스트 스파크,54,699,53206,999,5,11,2,0,0,1,1,1,1,0,1,0,1,0,0,0,0,1,0,0,1,0,0,0,0,1,0,0,0,1,0,1
41638592,트랙스,더 뉴 트랙스,103,780,114505,1598,5,7,1,0,0,1,1,0,1,0,1,0,1,0,0,0,0,1,0,0,0,0,1,0,0,0,1,0,0,1,1,0
41639038,말리부,더 뉴 말리부,40,950,153847,1341,5,7,2,0,1,1,1,1,1,1,1,1,1,0,0,0,0,1,0,0,1,0,0,0,0,0,1,0,0,1,0,1
41639276,이쿼녹스,이쿼녹스,79,1050,125373,1598,5,8,1,0,1,1,1,1,1,0,1,0,1,0,0,0,0,1,0,0,0,0,1,0,0,0,1,0,0,1,1,0
41640971,캡티바,캡티바,90,360,135501,1998,7,14,11,1,0,1,1,1,0,1,1,0,1,0,0,0,0,1,0,0,0,0,1,0,0,0,0,1,0,1,1,0
41641478,트랙스,트랙스,103,630,84011,1362,5,10,3,0,0,1,1,0,0,1,1,0,1,0,0,0,0,1,0,0,1,0,0,0,0,1,0,0,0,1,1,0
41641527,말리부,말리부,40,230,160642,1998,5,14,13,0,0,1,0,1,1,0,1,0,1,0,0,0,0,1,0,0,1,0,0,0,0,0,0,1,0,1,0,1
41642943,스파크,더 넥스트 스파크,54,490,74060,999,5,10,14,0,0,1,1,0,0,1,1,0,1,0,0,0,0,1,0,0,1,0,0,0,0,0,0,0,1,1,0,1
41643240,트레일블레이저,트레일블레이저,104,1430,121042,1341,5,5,0,0,1,1,1,1,1,0,1,1,1,0,0,0,0,1,0,0,1,0,0,0,0,0,1,0,0,1,1,0
41644296,이쿼녹스,이쿼녹스,79,960,153279,1598,5,8,5,1,1,1,1,1,1,0,1,0,1,0,0,0,0,1,0,0,0,0,1,0,0,1,0,0,0,1,1,0
41644755,스파크,스파크,54,420,41310,995,5,12,3,0,0,1,1,0,0,0,1,0,1,0,0,0,0,1,0,0,1,0,0,0,0,0,0,0,1,1,0,1
41645043,트랙스,더 뉴 트랙스,103,1090,84701,1399,5,5,3,0,0,1,1,0,1,0,1,0,1,0,0,0,0,1,0,0,1,0,0,0,0,1,0,0,0,1,1,0
41645692,임팔라,임팔라,80,790,85512,2457,5,11,0,0,1,1,1,1,1,0,1,1,1,0,0,0,0,1,0,0,1,0,0,0,0,0,1,0,0,1,0,1
41646917,올란도,올란도,77,570,138383,1998,7,9,2,0,0,1,1,0,1,1,1,0,1,0,0,0,0,1,0,1,0,0,0,0,0,0,0,1,0,1,1,0
41648150,말리부,더 뉴 말리부,40,1180,136679,1341,5,6,2,0,0,1,1,1,1,1,1,1,1,0,0,0,0,1,0,0,1,0,0,0,0,1,0,0,0,1,0,1
41648672,말리부,올 뉴 말리부,40,900,118055,1490,5,10,1,0,0,1,1,1,1,0,1,1,1,0,0,0,0,1,0,0,1,0,0,0,0,1,0,0,0,1,0,1
41649216,트랙스,트랙스,103,600,149180,1362,5,11,3,0,0,1,1,0,0,0,1,0,1,0,0,0,0,1,0,0,1,0,0,0,0,1,0,0,0,1,1,0
41649441,트랙스,트랙스,103,470,129332,1598,5,10,4,0,0,1,1,0,0,1,1,0,1,0,0,0,0,1,0,0,0,0,1,0,0,1,0,0,0,1,1,0
41650264,스파크,더 뉴 스파크,54,888,46476,999,5,8,2,0,0,0,0,0,0,0,0,0,0,0,0,0,0,1,0,0,1,0,0,0,0,0,0,1,0,1,0,1
41650470,트레일블레이저,트레일블레이저,104,1650,84277,1341,5,5,0,0,1,1,1,1,1,0,1,0,1,0,0,0,0,1,0,0,1,0,0,0,0,1,0,0,0,1,1,0
41650617,캡티바,캡티바,90,770,123498,1956,7,10,0,0,0,1,1,1,0,0,1,0,1,0,0,0,0,1,0,0,0,0,1,0,0,0,1,0,0,1,1,0
41650949,말리부,올 뉴 말리부,40,750,207582,1490,5,10,0,1,1,1,1,1,1,1,1,1,1,0,0,0,0,1,0,0,1,0,0,0,0,1,0,0,0,1,0,1
41651475,스파크,더 뉴 스파크,54,830,33410,999,5,6,6,0,0,1,1,0,1,0,1,0,1,0,0,0,0,1,0,0,1,0,0,0,0,0,0,1,0,1,0,1
41652042,올란도,올란도,77,570,174971,1998,7,9,5,0,0,1,1,0,1,1,1,0,1,0,0,0,0,1,0,1,0,0,0,0,0,0,1,0,0,1,1,0
41652312,스파크,더 넥스트 스파크,54,590,72418,999,5,10,0,0,0,1,0,1,0,0,1,0,1,0,0,0,0,1,0,0,1,0,0,0,0,1,0,0,0,1,0,1
41652447,스파크,더 뉴 스파크,54,870,51060,999,5,8,2,0,0,1,1,0,1,0,1,0,1,0,0,0,0,1,0,0,1,0,0,0,0,1,0,0,0,1,0,1
41652489,캡티바,캡티바,90,400,161045,1998,7,12,1,0,0,1,1,1,1,1,1,0,1,0,0,0,0,1,0,0,0,0,1,0,0,1,0,0,0,1,1,0
41653232,이쿼녹스,이쿼녹스,79,850,131690,1598,5,8,15,1,1,1,1,1,1,0,1,0,1,0,0,0,0,1,0,0,0,0,1,0,0,1,0,0,0,1,1,0
41653733,임팔라,임팔라,80,470,146350,2457,5,11,11,1,1,1,1,1,1,1,1,1,1,0,0,0,0,1,0,0,1,0,0,0,0,1,0,0,0,1,0,1
41653757,스파크,스파크,54,380,28597,995,5,13,8,0,0,1,1,0,0,0,1,0,1,0,0,0,0,1,0,0,1,0,0,0,0,0,0,1,0,1,0,1
41654060,말리부,더 뉴 말리부,40,1580,57766,1341,5,6,0,0,0,1,1,1,1,1,1,1,1,0,0,0,0,1,0,0,1,0,0,0,0,0,0,1,0,1,0,1
41654732,스파크,더 넥스트 스파크,54,520,59791,999,5,10,1,0,0,1,1,0,0,1,0,0,0,0,0,0,0,1,0,0,1,0,0,0,0,1,0,0,0,1,0,1
41655780,올란도,올란도,77,530,140986,1998,7,11,11,0,0,1,1,0,1,0,1,0,1,0,0,0,0,1,0,1,0,0,0,0,0,0,0,1,0,1,1,0
41659538,크루즈,크루즈,95,390,58768,1796,5,14,2,0,0,1,1,0,0,1,1,0,1,0,0,0,0,1,0,0,1,0,0,0,0,1,0,0,0,1,0,1
41659728,캡티바,캡티바,90,420,153833,1998,7,11,6,0,0,1,1,1,1,1,1,0,1,0,0,0,0,1,0,0,0,0,1,0,0,0,0,1,0,1,1,0
39297395,EQ900,EQ900,0,1555,168888,3342,5,10,0,1,1,1,1,1,1,1,1,1,1,0,0,1,0,0,0,0,1,0,0,0,0,0,1,0,0,1,0,1
39365311,EQ900,EQ900,0,1570,192372,3778,5,10,11,0,1,1,1,1,1,1,1,1,1,0,0,1,0,0,0,0,1,0,0,0,0,0,1,0,0,1,0,1
39444514,EQ900,EQ900,0,1699,179426,5038,5,10,8,1,1,1,1,1,1,1,1,1,1,0,0,1,0,0,0,0,1,0,0,0,0,0,1,0,0,1,0,1
39618555,EQ900,EQ900,0,1590,218255,3342,5,10,7,0,1,1,1,1,1,1,1,1,1,0,0,1,0,0,0,0,1,0,0,0,0,0,1,0,0,1,0,1
40154217,G80,G80 (RG3),5,1351,41959,2497,5,3,0,0,1,1,1,1,1,1,1,1,1,0,0,1,0,0,0,0,1,0,0,0,0,0,0,1,0,1,0,1
40172931,G80,G80,5,879,277972,3342,5,10,9,0,1,1,1,1,1,1,1,1,1,0,0,1,0,0,0,0,1,0,0,0,0,0,0,1,0,1,0,1
40486735,EQ900,EQ900,0,1100,289155,5038,5,10,15,0,1,1,1,1,1,1,1,1,1,0,0,1,0,0,0,0,1,0,0,0,0,0,1,0,0,1,0,1
40562994,G80,G80,5,1450,134979,3342,5,10,16,0,1,1,1,1,1,1,1,1,1,0,0,1,0,0,0,0,1,0,0,0,0,0,0,1,0,1,0,1
40588086,G80,G80,5,1399,156093,3342,5,10,2,0,1,1,1,1,1,1,1,1,1,0,0,1,0,0,0,0,1,0,0,0,0,0,1,0,0,1,0,1
40608963,G80,G80,5,1460,145118,3342,5,10,2,0,1,1,1,1,1,1,1,1,1,0,0,1,0,0,0,0,1,0,0,0,0,0,1,0,0,1,0,1
40657556,G80,G80,5,1570,113570,3342,5,10,3,0,1,1,1,1,1,1,1,1,1,0,0,1,0,0,0,0,1,0,0,0,0,0,0,1,0,1,0,1
40698081,G80,G80,5,900,336547,3342,5,8,0,0,1,1,1,1,1,1,1,1,1,0,0,1,0,0,0,0,1,0,0,0,0,0,1,0,0,1,0,1
40760870,G70,G70,4,1490,165733,2199,5,8,12,1,1,1,1,1,1,1,1,1,1,0,0,1,0,0,0,0,0,0,1,0,0,0,0,1,0,1,0,1
40777839,G80,G80,5,1590,210945,2199,5,8,9,0,1,1,1,1,1,1,1,1,1,0,0,1,0,0,0,0,0,0,1,0,0,0,0,1,0,1,0,1
40795903,G80,G80,5,1570,149595,3342,5,9,3,0,1,1,1,1,1,1,1,1,1,0,0,1,0,0,0,0,1,0,0,0,0,1,0,0,0,1,0,1
40801293,G80,G80,5,1340,101167,3342,5,10,3,0,1,1,1,1,1,1,1,1,1,0,0,1,0,0,0,0,1,0,0,0,0,0,0,1,0,1,0,1
40817987,EQ900,EQ900,0,1490,182311,3778,5,10,3,0,1,1,1,1,1,1,1,1,1,0,0,1,0,0,0,0,1,0,0,0,0,0,1,0,0,1,0,1
40846897,EQ900,EQ900,0,1690,179618,3778,5,9,1,0,0,1,1,1,1,1,1,1,1,0,0,1,0,0,0,0,1,0,0,0,0,0,1,0,0,1,0,1
40869881,G80,G80,5,1650,122419,3342,5,10,11,1,1,1,1,1,1,1,1,1,1,0,0,1,0,0,0,0,1,0,0,0,0,0,1,0,0,1,0,1
40958662,G80,G80,5,1130,213018,3342,5,10,2,0,0,0,0,0,0,0,0,0,0,0,0,1,0,0,0,0,1,0,0,0,0,0,1,0,0,1,0,1
40961654,EQ900,EQ900,0,1650,157451,3342,5,10,1,0,1,1,1,1,1,1,1,1,1,0,0,1,0,0,0,0,1,0,0,0,0,0,1,0,0,1,0,1
41004372,G80,G80,5,1660,160929,3342,5,9,11,1,1,1,1,1,1,1,1,1,1,0,0,1,0,0,0,0,1,0,0,0,0,1,0,0,0,1,0,1
41005421,EQ900,EQ900,0,1499,210260,3778,5,10,8,1,1,1,1,1,1,0,1,1,1,0,0,1,0,0,0,0,1,0,0,0,0,0,1,0,0,1,0,1
41025357,G80,G80,5,1530,112278,3342,5,9,5,0,1,1,1,1,1,1,1,1,1,0,0,1,0,0,0,0,1,0,0,0,0,0,1,0,0,1,0,1
41103505,G80,G80,5,1170,207586,3342,5,9,2,0,0,0,0,0,0,0,0,0,0,0,0,1,0,0,0,0,1,0,0,0,0,0,0,1,0,1,0,1
41107993,G80,G80,5,1350,172848,3342,5,9,3,0,1,1,1,1,1,1,1,1,1,0,0,1,0,0,0,0,1,0,0,0,0,0,1,0,0,1,0,1
41133642,G80,G80,5,1550,114844,3342,5,8,10,1,1,1,1,1,1,1,1,1,1,0,0,1,0,0,0,0,1,0,0,0,0,0,1,0,0,1,0,1
41137901,G80,G80,5,1580,154315,3342,5,9,6,1,1,1,1,1,1,1,1,1,1,0,0,1,0,0,0,0,1,0,0,0,0,0,1,0,0,1,0,1
41200351,G80,G80,5,1679,159678,3342,5,10,0,1,1,1,1,1,1,1,1,1,1,0,0,1,0,0,0,0,1,0,0,0,0,0,1,0,0,1,0,1
41207285,EQ900,EQ900,0,1480,163788,3778,5,9,20,0,0,1,1,1,1,1,1,1,1,0,0,1,0,0,0,0,1,0,0,0,0,0,1,0,0,1,0,1
41215632,G80,G80,5,1670,95973,3342,5,9,0,0,1,1,1,1,1,1,1,1,1,0,0,1,0,0,0,0,1,0,0,0,0,0,1,0,0,1,0,1
41240948,G80,G80,5,1590,91421,3342,5,9,13,0,1,1,1,1,1,1,1,1,1,0,0,1,0,0,0,0,1,0,0,0,0,0,0,1,0,1,0,1
41259636,GV70,GV70,8,39,59787,2497,5,2,2,1,1,1,1,1,1,1,1,1,1,0,0,1,0,0,0,0,1,0,0,0,0,0,0,0,1,1,1,0
41262325,G80,G80,5,1199,186596,3342,5,8,9,0,1,1,1,1,1,1,1,1,1,0,0,1,0,0,0,0,1,0,0,0,0,0,1,0,0,1,0,1
41268664,G70,G70,4,1600,111800,1998,5,7,13,1,1,1,1,1,1,1,1,1,1,0,0,1,0,0,0,0,1,0,0,0,0,1,0,0,0,1,0,1
41268762,EQ900,EQ900,0,1050,255540,3342,5,10,10,0,1,1,1,1,1,1,1,1,1,0,0,1,0,0,0,0,1,0,0,0,0,0,0,1,0,1,0,1
41273103,G90,G90 (RS4),6,73,25675,3470,5,2,0,0,1,1,1,1,1,1,1,1,1,0,0,1,0,0,0,0,1,0,0,0,0,1,0,0,0,1,0,1
41279429,G80,G80,5,1620,162248,3342,5,7,1,0,1,1,1,1,1,1,1,1,1,0,0,1,0,0,0,0,1,0,0,0,0,0,0,1,0,1,0,1
41284821,G80,G80,5,1450,181653,3342,5,8,5,0,1,1,1,1,1,1,1,1,1,0,0,1,0,0,0,0,1,0,0,0,0,0,1,0,0,1,0,1
41290633,G80,G80,5,1130,213492,3342,5,8,8,0,1,1,1,1,1,1,1,1,1,0,0,1,0,0,0,0,1,0,0,0,0,0,1,0,0,1,0,1
41296409,G80,G80,5,1170,174234,3342,5,10,6,0,1,1,1,1,1,1,1,1,1,0,0,1,0,0,0,0,1,0,0,0,0,0,0,1,0,1,0,1
41305227,G80,G80,5,1399,141060,3342,5,9,2,0,1,1,1,1,1,1,1,1,1,0,0,1,0,0,0,0,1,0,0,0,0,0,1,0,0,1,0,1
41320222,G80,G80,5,1470,147389,3342,5,9,6,0,1,1,1,1,1,1,1,1,1,0,0,1,0,0,0,0,1,0,0,0,0,0,0,1,0,1,0,1
41325624,EQ900,EQ900,0,1698,200129,3778,5,8,4,0,1,1,1,1,1,1,1,1,1,0,0,1,0,0,0,0,1,0,0,0,0,0,1,0,0,1,0,1
41340883,G70,G70,4,1560,131818,1998,5,8,6,1,1,1,1,1,1,1,1,1,1,0,0,1,0,0,0,0,1,0,0,0,0,0,0,1,0,1,0,1
41349653,G80,G80 (RG3),5,37,136451,2497,5,6,3,1,1,1,1,1,1,1,1,1,1,0,0,1,0,0,0,0,1,0,0,0,0,0,0,1,0,1,0,1
41351002,G70,G70,4,1640,139103,1998,5,8,9,0,1,1,1,1,1,1,1,1,1,0,0,1,0,0,0,0,1,0,0,0,0,0,0,0,1,1,0,1
41355654,EQ900,EQ900,0,1570,173748,3778,5,10,8,0,1,1,1,1,1,1,1,1,1,0,0,1,0,0,0,0,1,0,0,0,0,0,0,1,0,1,0,1
41360812,EQ900,EQ900,0,1450,251263,3342,5,10,12,0,1,1,1,1,1,1,1,1,1,0,0,1,0,0,0,0,1,0,0,0,0,0,0,1,0,1,0,1
41377087,G80,G80,5,1670,139642,3342,5,9,4,0,1,1,1,1,1,1,1,1,1,0,0,1,0,0,0,0,1,0,0,0,0,0,0,1,0,1,0,1
41385533,G90,G90 (RS4),6,72,90702,3470,5,4,2,1,1,1,1,1,1,1,1,1,1,0,0,1,0,0,0,0,1,0,0,0,0,0,0,1,0,1,0,1
41386406,G80,G80,5,1670,142308,3342,5,8,14,0,1,1,1,1,1,1,1,1,1,0,0,1,0,0,0,0,1,0,0,0,0,0,1,0,0,1,0,1
41387355,G80,G80,5,1600,104647,3342,5,8,6,0,1,1,1,1,1,1,1,1,1,0,0,1,0,0,0,0,1,0,0,0,0,0,0,0,1,1,0,1
41392649,G70,G70,4,1600,102760,1998,5,8,13,0,1,1,1,1,1,1,1,1,1,0,0,1,0,0,0,0,1,0,0,0,0,0,0,0,1,1,0,1
41393310,G70,G70,4,1599,109530,3342,5,9,17,0,1,1,1,1,1,1,1,1,1,0,0,1,0,0,0,0,1,0,0,0,0,0,0,0,1,1,0,1
41393363,G80,G80,5,1490,130790,3342,5,8,4,0,1,1,1,1,1,1,1,1,1,0,0,1,0,0,0,0,1,0,0,0,0,0,0,1,0,1,0,1
41394008,G80,G80,5,1680,207144,2199,5,8,30,1,1,1,1,1,1,1,1,1,1,0,0,1,0,0,0,0,0,0,1,0,0,1,0,0,0,1,0,1
41401023,EQ900,EQ900,0,1600,226850,5038,5,8,8,1,1,1,1,1,1,1,1,1,1,0,0,1,0,0,0,0,1,0,0,0,0,0,0,1,0,1,0,1
41408408,G80,G80,5,1690,127576,3778,5,7,6,0,1,1,1,1,1,1,1,1,1,0,0,1,0,0,0,0,1,0,0,0,0,0,1,0,0,1,0,1
41412417,G80,G80,5,1290,225641,2199,5,8,11,1,1,1,1,1,1,1,1,1,1,0,0,1,0,0,0,0,0,0,1,0,0,0,1,0,0,1,0,1
41412979,G80,G80,5,1680,71942,3342,5,10,8,0,1,1,1,1,1,1,1,1,1,0,0,1,0,0,0,0,1,0,0,0,0,0,0,1,0,1,0,1
41413305,G80,G80,5,1390,198719,3342,5,8,2,1,1,1,1,1,1,1,1,1,1,0,0,1,0,0,0,0,1,0,0,0,0,0,1,0,0,1,0,1
41415676,EQ900,EQ900,0,1390,218827,3778,5,9,5,1,1,1,1,1,1,1,1,1,1,0,0,1,0,0,0,0,1,0,0,0,0,0,1,0,0,1,0,1
41416166,G70,더 뉴 G70,4,41,19679,1998,5,4,3,0,1,1,1,1,1,1,1,1,1,0,0,1,0,0,0,0,1,0,0,0,0,1,0,0,0,1,0,1
41417053,G80,G80,5,1250,156200,3342,5,9,2,0,1,1,1,1,1,1,1,1,1,0,0,1,0,0,0,0,1,0,0,0,0,0,1,0,0,1,0,1
41428547,EQ900,EQ900,0,1590,220866,3342,5,9,16,0,0,1,1,1,1,1,1,1,1,0,0,1,0,0,0,1,0,0,0,0,0,0,1,0,0,1,0,1
41433074,G70,G70,4,1339,177561,3342,5,9,10,0,1,1,1,1,1,1,1,1,1,0,0,1,0,0,0,0,1,0,0,0,0,0,0,1,0,1,0,1
41433537,G90,G90 (RS4),6,71,130970,3470,5,4,0,0,1,1,1,1,1,1,1,1,1,0,0,1,0,0,0,0,1,0,0,0,0,0,1,0,0,1,0,1
41435145,G80,G80,5,1650,138601,3342,5,8,22,0,1,1,1,1,1,1,1,1,1,0,0,1,0,0,0,0,0,1,0,0,0,0,1,0,0,1,0,1
41438096,EQ900,EQ900,0,1380,160605,3778,5,10,13,0,1,1,1,1,1,1,1,1,1,0,0,1,0,0,0,0,1,0,0,0,0,0,0,1,0,1,0,1
41446574,G80,G80,5,1680,111230,3342,5,7,7,1,1,1,1,1,1,1,1,1,1,0,0,1,0,0,0,0,1,0,0,0,0,0,1,0,0,1,0,1
41448105,G80,G80,5,1580,177842,2199,5,8,5,0,1,1,1,1,1,1,1,1,1,0,0,1,0,0,0,0,0,0,1,0,0,0,1,0,0,1,0,1
41451240,G70,G70,4,1630,110597,1998,5,9,10,0,1,1,1,1,1,1,1,1,1,0,0,1,0,0,0,0,1,0,0,0,0,0,0,0,1,1,0,1
41453086,G70,G70,4,1660,187529,2199,5,7,2,1,1,1,1,1,1,1,1,1,1,0,0,1,0,0,0,0,0,0,1,0,0,1,0,0,0,1,0,1
41454464,G80,G80,5,1290,221187,3342,5,10,13,1,1,1,1,1,1,1,1,1,1,0,0,1,0,0,0,0,1,0,0,0,0,0,1,0,0,1,0,1
41462771,G80,G80,5,1250,174814,3342,5,10,2,0,0,0,0,0,0,0,0,0,0,0,0,1,0,0,0,0,1,0,0,0,0,1,0,0,0,1,0,1
41466550,G80,G80,5,1490,182913,3342,5,10,8,1,0,1,1,1,1,1,1,1,1,0,0,1,0,0,0,0,1,0,0,0,0,0,0,1,0,1,0,1
41467759,G80,G80,5,1699,144525,3778,5,10,3,0,1,1,1,1,1,1,1,1,1,0,0,1,0,0,0,0,1,0,0,0,0,0,0,1,0,1,0,1
41468303,G80,G80,5,1300,228531,3778,5,9,17,0,1,1,1,1,1,1,1,1,1,0,0,1,0,0,0,0,1,0,0,0,0,0,0,0,1,1,0,1
41470040,G80,G80,5,1390,177853,3342,5,9,5,1,1,1,1,1,1,1,1,1,1,0,0,1,0,0,0,0,1,0,0,0,0,0,0,1,0,1,0,1
41470530,G80,G80,5,1050,236347,3342,5,10,3,0,1,1,1,1,1,1,1,1,1,0,0,1,0,0,0,0,1,0,0,0,0,0,1,0,0,1,0,1
41473091,G80,G80,5,1460,172944,3342,5,9,1,0,1,1,1,1,1,1,1,1,1,0,0,1,0,0,0,0,1,0,0,0,0,0,0,1,0,1,0,1
41474079,G80,G80,5,1099,264954,3342,5,9,2,1,1,1,1,1,1,1,1,1,1,0,0,1,0,0,0,1,0,0,0,0,0,0,0,1,0,1,0,1
41476220,EQ900,EQ900,0,1249,224840,5038,5,10,7,0,1,1,1,1,1,1,1,1,1,0,0,1,0,0,0,0,1,0,0,0,0,0,1,0,0,1,0,1
41479917,G80,G80,5,1590,137409,3342,5,10,6,0,1,1,1,1,1,1,1,1,1,0,0,1,0,0,0,0,1,0,0,0,0,0,1,0,0,1,0,1
41483195,G70,G70,4,1490,140912,2199,5,7,6,0,1,1,1,1,1,1,1,0,1,0,0,1,0,0,0,0,0,0,1,0,0,0,1,0,0,1,0,1
41483477,G80,G80,5,1680,55579,3342,5,9,13,0,1,1,1,1,1,1,1,1,1,0,0,1,0,0,0,0,1,0,0,0,0,0,0,1,0,1,0,1
41486465,G70,G70,4,1350,163264,3342,5,8,21,1,1,1,1,1,1,1,1,1,1,0,0,1,0,0,0,0,1,0,0,0,0,0,0,0,1,1,0,1
41487188,EQ900,EQ900,0,1450,272094,3778,5,9,12,0,1,1,1,1,1,1,1,1,1,0,0,1,0,0,0,0,0,1,0,0,0,0,1,0,0,1,0,1
41487649,G70,G70,4,1390,171444,1998,5,9,6,0,1,1,1,1,1,1,1,1,1,0,0,1,0,0,0,0,1,0,0,0,0,0,0,1,0,1,0,1
41488443,G80,G80,5,1690,180467,2199,5,7,4,0,1,1,1,1,1,1,1,1,1,0,0,1,0,0,0,0,0,0,1,0,0,0,0,1,0,1,0,1
41493339,G90,G90 (RS4),6,96,66338,3470,5,3,1,1,1,1,1,1,1,1,1,1,1,0,0,1,0,0,0,0,1,0,0,0,0,0,1,0,0,1,0,1
41495083,G80,G80,5,1550,139570,3342,5,7,17,0,1,1,1,1,1,1,1,1,1,0,0,1,0,0,0,0,1,0,0,0,0,0,1,0,0,1,0,1
41500640,G80,G80,5,1099,219274,3342,5,9,11,0,1,1,1,1,1,1,1,1,1,0,0,1,0,0,0,0,1,0,0,0,0,0,1,0,0,1,0,1
41502276,G80,G80,5,1650,105992,3342,5,8,0,0,1,1,1,1,1,1,1,1,1,0,0,1,0,0,0,0,1,0,0,0,0,0,1,0,0,1,0,1
41507081,EQ900,EQ900,0,1199,220686,3778,5,10,3,0,1,1,1,1,1,1,1,1,1,0,0,1,0,0,0,0,1,0,0,0,0,0,1,0,0,1,0,1
41510740,EQ900,EQ900,0,1200,248456,3778,5,9,2,0,0,0,0,0,0,0,0,0,0,0,0,1,0,0,0,0,1,0,0,0,0,0,0,1,0,1,0,1
41512015,EQ900,EQ900,0,1680,170734,3778,5,10,11,0,1,1,1,1,1,1,1,1,1,0,0,1,0,0,0,0,1,0,0,0,0,0,1,0,0,1,0,1
41518535,G80,G80,5,1560,119517,3342,5,9,4,0,1,1,1,1,1,1,1,1,1,0,0,1,0,0,0,0,1,0,0,0,0,0,1,0,0,1,0,1
41523977,G80,G80,5,1599,49107,3342,5,9,21,1,1,1,1,1,1,1,1,1,1,0,0,1,0,0,0,0,1,0,0,0,0,0,0,1,0,1,0,1
41527897,G70,G70,4,1690,146433,2199,5,8,9,1,1,1,1,1,1,1,1,1,1,0,0,1,0,0,0,0,0,0,1,0,0,0,0,0,1,1,0,1
41529281,G70,G70,4,1400,132356,2199,5,8,15,0,1,1,1,1,1,1,1,1,1,0,0,1,0,0,0,0,0,0,1,0,0,1,0,0,0,1,0,1
41529333,G80,G80 (RG3),5,35,98670,2497,5,5,2,0,1,1,1,1,1,1,1,1,1,0,0,1,0,0,0,0,1,0,0,0,0,0,0,1,0,1,0,1
41533158,G80,G80,5,1590,160059,3342,5,8,7,1,1,1,1,1,1,1,1,1,1,0,0,1,0,0,0,0,1,0,0,0,0,0,1,0,0,1,0,1
41535729,G80,G80 (RG3),5,37,75204,2497,5,5,2,0,1,1,1,1,1,1,1,1,1,0,0,1,0,0,0,0,1,0,0,0,0,0,0,0,1,1,0,1
41537695,G80,G80,5,1530,127200,3342,5,9,3,0,1,1,1,1,1,1,1,1,1,0,0,1,0,0,0,0,1,0,0,0,0,0,0,1,0,1,0,1
41541664,G80,G80,5,1430,161577,3342,5,8,12,0,1,1,1,1,1,1,1,1,1,0,0,1,0,0,0,0,1,0,0,0,0,0,0,1,0,1,0,1
41548406,EQ900,EQ900,0,1190,237163,3778,4,9,26,1,1,1,1,1,1,1,1,1,1,0,0,1,0,0,0,0,1,0,0,0,0,0,0,1,0,1,0,1
41550787,G80,G80,5,999,246362,3342,5,9,3,0,1,1,1,1,1,1,1,1,1,0,0,1,0,0,0,0,1,0,0,0,0,0,1,0,0,1,0,1
41553156,EQ900,EQ900,0,1500,212665,3342,5,9,5,1,1,1,1,1,1,1,1,1,1,0,0,1,0,0,0,0,1,0,0,0,0,0,1,0,0,1,0,1
41554586,G80,G80,5,1270,225029,3342,5,10,15,0,1,1,1,1,1,1,1,1,1,0,0,1,0,0,0,1,0,0,0,0,0,0,1,0,0,1,0,1
41556672,G70,G70,4,1490,146388,2199,5,8,2,0,1,1,1,1,1,1,1,0,1,0,0,1,0,0,0,0,0,0,1,0,0,0,0,0,1,1,0,1
41559123,EQ900,EQ900,0,799,341750,3778,5,8,10,0,1,1,1,1,1,1,1,1,1,0,0,1,0,0,0,0,1,0,0,0,0,0,1,0,0,1,0,1
41562197,G80,G80,5,1100,190307,3342,5,9,4,0,1,1,1,1,1,1,1,1,1,0,0,1,0,0,0,0,1,0,0,0,0,0,1,0,0,1,0,1
41562751,GV80,GV80,9,94,47220,2497,5,3,0,0,1,1,1,1,1,1,1,1,1,0,0,1,0,0,0,0,1,0,0,0,0,1,0,0,0,1,1,0
41564485,GV60,GV60,7,1,93200,1,5,4,2,0,1,1,1,1,1,1,1,1,1,0,0,1,0,0,0,0,0,0,0,1,0,1,0,0,0,1,1,0
41565602,EQ900,EQ900,0,1650,219910,3778,5,10,2,1,1,1,1,1,1,1,1,1,1,0,0,1,0,0,0,0,1,0,0,0,0,0,1,0,0,1,0,1
41570370,G80,G80,5,1570,149453,3778,5,10,3,0,1,1,1,1,1,1,1,1,1,0,0,1,0,0,0,0,1,0,0,0,0,0,1,0,0,1,0,1
41576073,G80,G80,5,1350,112943,3342,5,8,2,0,1,1,1,1,1,1,1,1,1,0,0,1,0,0,0,0,1,0,0,0,0,0,1,0,0,1,0,1
41576450,G80,G80,5,1329,186764,3342,5,9,7,0,1,1,1,1,1,1,1,1,1,0,0,1,0,0,0,0,1,0,0,0,0,0,1,0,0,1,0,1
41577453,G90,G90 (RS4),6,61,96581,3470,5,3,1,0,1,1,1,1,1,1,1,1,1,0,0,1,0,0,0,0,1,0,0,0,0,0,1,0,0,1,0,1
41579529,G80,G80,5,1499,162406,3342,5,9,5,0,1,1,1,1,1,1,1,1,1,0,0,1,0,0,0,0,1,0,0,0,0,0,0,1,0,1,0,1
41583535,G80,G80,5,1450,193405,3342,5,8,0,1,1,1,1,1,1,1,1,1,1,0,0,1,0,0,0,0,1,0,0,0,0,0,0,1,0,1,0,1
41584609,EQ900,EQ900,0,1380,191032,3778,5,10,14,0,1,1,1,1,1,1,1,1,1,0,0,1,0,0,0,0,1,0,0,0,0,0,1,0,0,1,0,1
41585140,G80,G80,5,1690,120558,3342,5,9,2,0,0,0,0,0,0,0,0,0,0,0,0,1,0,0,0,0,1,0,0,0,0,0,0,1,0,1,0,1
41587026,GV80,GV80,9,75,41456,2497,5,3,1,0,1,1,1,1,1,1,1,1,1,0,0,1,0,0,0,0,1,0,0,0,0,0,1,0,0,1,1,0
41590061,G80,G80,5,1650,157500,3342,5,8,5,0,1,1,1,1,1,1,1,1,1,0,0,1,0,0,0,0,1,0,0,0,0,0,0,1,0,1,0,1
41590763,G90,G90 (RS4),6,1260,83173,3470,5,4,2,0,1,1,1,1,1,1,1,1,1,0,0,1,0,0,0,0,1,0,0,0,0,0,1,0,0,1,0,1
41591139,GV80,GV80,9,888,82411,2996,5,4,2,0,1,1,1,1,1,1,1,1,1,0,0,1,0,0,0,0,0,0,1,0,0,0,1,0,0,1,1,0
41601393,G80,G80,5,1618,191358,3778,5,9,5,1,1,1,1,1,1,1,1,1,1,0,0,1,0,0,0,0,1,0,0,0,0,0,0,1,0,1,0,1
41602793,G90,G90 (RS4),6,100,37173,3470,5,4,5,1,1,1,1,1,1,1,1,1,1,0,0,1,0,0,0,0,1,0,0,0,0,0,1,0,0,1,0,1
41602838,G80,G80,5,1520,133599,3342,5,8,2,0,1,1,1,1,1,1,1,1,1,0,0,1,0,0,0,0,1,0,0,0,0,0,0,1,0,1,0,1
41604467,G80,G80,5,1320,156709,3342,5,10,2,0,1,1,1,1,1,1,1,1,1,0,0,1,0,0,0,0,1,0,0,0,0,0,0,0,1,1,0,1
41604515,G80,G80 (RG3),5,30,113166,2497,5,5,5,1,1,1,1,1,1,1,1,1,1,0,0,1,0,0,0,0,1,0,0,0,0,0,0,1,0,1,0,1
41606985,G80,G80,5,1500,166659,3342,5,8,3,1,1,1,1,1,1,1,1,1,1,0,0,1,0,0,0,0,1,0,0,0,0,0,1,0,0,1,0,1
41610554,G80,G80,5,999,233089,3342,5,10,2,1,1,1,1,1,1,1,1,1,1,0,0,1,0,0,0,0,1,0,0,0,0,0,0,1,0,1,0,1
41610987,GV80,GV80,9,55,87475,2497,5,3,0,1,1,1,1,1,1,1,1,1,1,0,0,1,0,0,0,0,1,0,0,0,0,1,0,0,0,1,1,0
41611664,G80,G80,5,1390,119890,3342,5,10,2,0,1,1,1,1,1,1,1,1,1,0,0,1,0,0,0,0,1,0,0,0,0,0,1,0,0,1,0,1
41611925,GV80,GV80,9,888,82411,2996,5,4,2,0,1,1,1,1,1,1,1,1,1,0,0,1,0,0,0,0,0,0,1,0,0,0,1,0,0,1,1,0
41613454,G80,G80,5,1230,208760,3342,5,9,6,0,1,1,1,1,1,1,1,1,1,0,0,1,0,0,0,0,1,0,0,0,0,0,0,1,0,1,0,1
41615227,G90,G90 (RS4),6,1392,105223,3470,5,2,2,0,0,0,0,0,0,0,0,0,0,0,0,1,0,0,0,0,1,0,0,0,0,0,1,0,0,1,0,1
41615291,EQ900,EQ900,0,1499,168302,3342,5,10,2,0,1,1,1,1,1,1,1,1,1,0,0,1,0,0,0,0,1,0,0,0,0,0,1,0,0,1,0,1
41618153,G80,G80,5,1050,210000,3342,5,8,2,0,1,1,1,1,1,1,1,1,1,0,0,1,0,0,0,0,1,0,0,0,0,0,1,0,0,1,0,1
41619391,G80,G80,5,1690,120398,3342,5,9,0,1,1,1,1,1,1,1,1,1,1,0,0,1,0,0,0,0,1,0,0,0,0,0,1,0,0,1,0,1
41623636,G90,G90 (RS4),6,1392,25862,3470,5,3,2,0,1,1,1,1,1,1,1,1,1,0,0,1,0,0,0,0,1,0,0,0,0,0,0,0,1,1,0,1
41623925,EQ900,EQ900,0,1390,231156,5038,4,9,2,0,1,1,1,1,1,1,1,1,1,0,0,1,0,0,0,0,1,0,0,0,0,0,0,0,1,1,0,1
41624190,G70,G70,4,1640,96147,1998,5,9,3,0,1,1,1,1,1,1,1,1,1,0,0,1,0,0,0,0,1,0,0,0,0,0,0,1,0,1,0,1
41624700,G80,G80 (RG3),5,69,60366,2497,5,2,2,0,1,1,1,1,1,1,1,1,1,0,0,1,0,0,0,0,1,0,0,0,0,0,1,0,0,1,0,1
41625895,EQ900,EQ900,0,1599,171235,3778,5,9,5,0,1,1,1,1,1,1,1,1,1,0,0,1,0,0,0,0,1,0,0,0,0,0,0,1,0,1,0,1
41626636,G80,G80 (RG3),5,804,40287,2497,5,3,2,0,1,1,1,1,1,1,1,1,1,0,0,1,0,0,0,0,1,0,0,0,0,1,0,0,0,1,0,1
41628726,G80,G80 (RG3),5,42,128283,3470,5,4,2,0,1,1,1,1,1,1,1,1,1,0,0,1,0,0,0,0,1,0,0,0,0,0,0,1,0,1,0,1
41631375,G80,G80,5,1380,140423,3342,5,10,8,0,1,1,1,1,1,1,1,1,1,0,0,1,0,0,0,0,1,0,0,0,0,0,0,1,0,1,0,1
41631598,G80,G80,5,1480,113497,3342,5,9,4,0,1,1,1,1,1,1,1,1,1,0,0,1,0,0,0,0,1,0,0,0,0,0,0,1,0,1,0,1
41632207,G80,G80,5,1090,159741,3342,5,9,2,0,1,1,1,1,1,1,1,1,1,0,0,1,0,0,0,0,1,0,0,0,0,0,1,0,0,1,0,1
41633832,G80,G80 (RG3),5,852,98582,3470,5,3,2,0,0,0,0,0,0,0,0,0,0,0,0,1,0,0,0,0,1,0,0,0,0,0,1,0,0,1,0,1
41634488,G80,G80 (RG3),5,1344,32567,3470,5,2,2,0,1,1,1,1,1,1,1,1,1,0,0,1,0,0,0,0,1,0,0,0,0,1,0,0,0,1,0,1
41635932,G70,G70,4,1690,157920,1998,5,7,2,0,1,1,1,1,1,1,1,1,1,0,0,1,0,0,0,0,1,0,0,0,0,0,1,0,0,1,0,1
41637258,G80,G80,5,730,306081,3342,5,9,2,0,1,1,1,1,1,1,1,1,1,0,0,1,0,0,0,0,1,0,0,0,0,0,1,0,0,1,0,1
41642006,EQ900,EQ900,0,1390,171461,3342,5,10,0,0,1,1,1,1,1,1,1,1,1,0,0,1,0,0,0,0,1,0,0,0,0,0,0,1,0,1,0,1
41642364,G90,G90 (RS4),6,1192,98158,3470,5,4,0,1,1,1,1,1,1,1,1,1,1,0,0,1,0,0,0,0,1,0,0,0,0,0,0,0,1,1,0,1
41644122,EQ900,EQ900,0,1290,182105,3342,5,10,16,0,1,1,1,1,1,1,1,1,1,0,0,1,0,0,0,0,1,0,0,0,0,0,1,0,0,1,0,1
41644184,G80,G80,5,1630,188726,2199,5,8,2,0,1,1,1,1,1,1,1,1,1,0,0,1,0,0,0,0,0,0,1,0,0,0,1,0,0,1,0,1
41646046,GV70,GV70,8,1608,66845,2497,5,4,2,0,1,1,1,1,1,1,1,1,1,0,0,1,0,0,0,0,1,0,0,0,0,0,1,0,0,1,1,0
41646079,G80,G80,5,1480,138562,3342,5,9,4,0,1,1,1,1,1,1,1,1,1,0,0,1,0,0,0,0,1,0,0,0,0,0,1,0,0,1,0,1
41646344,G90,G90 (RS4),6,1248,141169,3470,5,3,2,0,0,0,0,0,0,0,0,0,0,0,0,1,0,0,0,0,1,0,0,0,0,0,1,0,0,1,0,1
41647623,G80,G80,5,699,246221,3342,5,10,2,0,1,1,1,1,1,1,1,1,1,0,0,1,0,0,0,0,1,0,0,0,0,0,1,0,0,1,0,1
41648435,EQ900,EQ900,0,990,342036,5038,5,9,3,1,1,1,1,1,1,1,1,1,1,0,0,1,0,0,0,0,1,0,0,0,0,0,1,0,0,1,0,1
41648551,G80,G80,5,1290,154910,3342,5,8,16,1,1,1,1,1,1,1,1,1,1,0,0,1,0,0,0,0,1,0,0,0,0,0,1,0,0,1,0,1
41650252,G80,G80,5,990,264449,3342,5,10,3,0,1,1,1,1,1,1,1,1,1,0,0,1,0,0,0,0,1,0,0,0,0,0,1,0,0,1,0,1
41655901,EQ900,EQ900,0,1280,180778,3778,5,10,5,0,1,1,1,1,1,1,1,1,1,0,0,1,0,0,0,0,1,0,0,0,0,0,1,0,0,1,0,1
41656817,G80,G80,5,1350,179299,3342,5,9,4,0,1,1,1,1,1,1,1,1,1,0,0,1,0,0,0,0,1,0,0,0,0,0,1,0,0,1,0,1
41658038,GV70,GV70,8,37,70234,2497,5,4,11,1,1,1,1,1,1,1,1,1,1,0,0,1,0,0,0,0,1,0,0,0,0,1,0,0,0,1,1,0
41660175,EQ900,EQ900,0,1299,266936,3778,5,8,6,0,1,1,1,1,1,1,1,1,1,0,0,1,0,0,0,0,1,0,0,0,0,0,1,0,0,1,0,1
35553176,에쿠스,에쿠스(신형),73,1290,124730,3778,5,12,2,0,1,1,1,1,1,1,1,1,1,1,0,0,0,0,0,0,1,0,0,0,0,0,0,1,0,1,0,1
36529379,그랜저,그랜저 IG,27,1699,128510,2999,5,7,0,0,0,1,1,1,1,1,1,1,1,1,0,0,0,0,0,1,0,0,0,0,0,1,0,0,0,1,0,1
37211146,그랜저,그랜저,27,455,256874,1997,5,35,4,0,0,0,0,1,0,0,0,0,0,1,0,0,0,0,0,0,1,0,0,0,0,0,0,1,0,1,0,1
37272611,에쿠스,에쿠스(신형),73,699,120087,3778,5,14,4,0,1,1,1,1,1,1,1,1,1,1,0,0,0,0,0,0,1,0,0,0,0,0,1,0,0,1,0,1
37453893,아반떼,아반떼 AD,62,899,116411,1591,5,9,8,0,0,1,1,0,1,1,1,0,1,1,0,0,0,0,0,0,1,0,0,0,0,0,0,0,1,1,0,1
37921106,그랜저,그랜저 IG,27,1440,93702,2999,5,7,8,0,0,1,1,1,1,1,1,1,1,1,0,0,0,0,0,0,1,0,0,0,0,0,1,0,0,1,0,1
37967891,i40,i40 살룬,25,770,130411,1999,5,12,8,1,1,1,1,1,1,1,1,1,1,1,0,0,0,0,0,0,1,0,0,0,0,1,0,0,0,1,0,1
38061484,쏘나타,쏘나타 (DN8),57,1640,59739,1999,5,7,13,0,1,1,1,1,1,1,1,1,1,1,0,0,0,0,0,1,0,0,0,0,0,0,0,1,0,1,0,1
38157072,스타렉스,더 뉴 그랜드 스타렉스,50,1350,118505,2497,3,8,6,0,0,1,0,0,0,0,1,0,1,1,0,0,0,0,0,0,0,0,1,0,0,1,0,0,0,1,1,0
38226842,에쿠스,에쿠스,73,260,172670,3342,5,19,5,0,0,1,1,1,1,0,1,0,1,1,0,0,0,0,0,0,1,0,0,0,0,0,1,0,0,1,0,1
38285857,쏘나타,LF 쏘나타,57,950,140321,1999,5,10,15,0,0,1,1,1,1,1,1,1,1,1,0,0,0,0,0,0,1,0,0,0,0,1,0,0,0,1,0,1
38386219,그랜저,그랜저 IG,27,1490,126907,3342,5,9,11,1,1,1,1,1,1,1,1,1,1,1,0,0,0,0,0,0,1,0,0,0,0,0,1,0,0,1,0,1
38430132,에쿠스,에쿠스(신형),73,879,170111,3778,5,11,19,0,1,1,1,1,1,1,1,1,1,1,0,0,0,0,0,0,1,0,0,0,0,0,1,0,0,1,0,1
38432225,그랜저,그랜저 IG,27,1429,154166,3342,5,8,5,0,1,1,1,1,1,1,1,1,1,1,0,0,0,0,0,0,1,0,0,0,0,0,1,0,0,1,0,1
38447104,아반떼,더 뉴 아반떼,62,590,94949,1591,5,12,7,0,0,1,1,1,0,1,1,0,1,1,0,0,0,0,0,0,1,0,0,0,0,0,0,1,0,1,0,1
38463348,그랜저,그랜저 HG,27,650,86565,2359,5,14,12,0,0,1,1,1,1,0,1,0,1,1,0,0,0,0,0,0,1,0,0,0,0,0,0,1,0,1,0,1
38545742,쏘나타,쏘나타 (DN8),57,1500,116254,1999,5,7,9,0,1,1,1,1,1,1,1,1,1,1,0,0,0,0,0,0,1,0,0,0,0,0,0,0,1,1,0,1
38562642,싼타페,싼타페 DM,56,790,176856,1995,5,12,7,0,1,1,1,1,1,1,1,1,1,1,0,0,0,0,0,0,0,0,1,0,0,1,0,0,0,1,1,0
38756415,스타렉스,그랜드 스타렉스,50,1330,59617,2497,12,10,2,0,0,1,1,0,0,1,1,0,1,1,0,0,0,0,0,0,0,0,1,0,0,0,0,0,1,1,1,0
38835077,쏘나타,LF 쏘나타,57,850,144595,1999,5,10,7,0,0,1,1,1,1,1,1,0,1,1,0,0,0,0,0,0,1,0,0,0,0,1,0,0,0,1,0,1
38872151,그랜저,그랜저 HG,27,650,159325,2999,5,11,2,0,0,0,0,0,0,0,0,0,0,1,0,0,0,0,0,0,1,0,0,0,0,0,1,0,0,1,0,1
38920389,아반떼,아반떼 AD,62,870,129898,1591,5,10,7,0,0,1,0,0,1,0,1,0,1,1,0,0,0,0,0,0,1,0,0,0,0,0,0,1,0,1,0,1
38977190,벨로스터,더 뉴 벨로스터,47,800,63972,1591,4,11,6,1,0,1,1,1,1,1,1,0,1,1,0,0,0,0,0,0,1,0,0,0,0,0,0,0,1,1,0,1
38988175,다이너스티,다이너스티,31,330,138377,2497,5,21,6,0,0,1,1,1,0,0,0,0,1,1,0,0,0,0,0,0,1,0,0,0,0,0,1,0,0,1,0,1
39018484,아반떼,아반떼 AD,62,729,156658,1591,5,10,3,0,0,1,1,1,0,0,1,0,1,1,0,0,0,0,0,0,1,0,0,0,0,1,0,0,0,1,0,1
39020951,그랜저,그랜저 HG,27,690,131089,2359,5,11,4,0,0,1,1,1,1,1,1,0,1,1,0,0,0,0,0,0,1,0,0,0,0,0,0,1,0,1,0,1
39027048,그랜저,더 럭셔리 그랜저,27,320,262880,2656,5,17,11,0,0,1,1,1,1,0,1,0,1,1,0,0,0,0,0,1,0,0,0,0,0,0,1,0,0,1,0,1
39028958,제네시스,제네시스 DH,81,1130,149733,3342,5,12,10,1,1,1,1,1,1,1,1,1,1,1,0,0,0,0,0,0,1,0,0,0,0,0,1,0,0,1,0,1
39033615,아반떼,아반떼 AD,62,739,143803,1591,5,10,4,0,0,1,1,1,0,0,1,0,1,1,0,0,0,0,0,0,1,0,0,0,0,1,0,0,0,1,0,1
39043233,아반떼,아반떼 AD,62,729,149129,1591,5,10,4,0,0,1,1,1,0,1,1,0,1,1,0,0,0,0,0,0,1,0,0,0,0,1,0,0,0,1,0,1
39102080,싼타페,싼타페 더 프라임,56,1395,147659,1995,5,10,7,1,1,1,1,1,1,1,1,1,1,1,0,0,0,0,0,0,0,0,1,0,0,1,0,0,0,1,1,0
39132818,아반떼,아반떼 AD,62,730,123935,1591,5,9,11,0,0,1,0,0,1,0,1,0,1,1,0,0,0,0,0,0,1,0,0,0,0,0,0,0,1,1,0,1
39156984,투싼,투싼,101,350,118744,1991,5,21,4,0,0,0,0,1,0,0,1,0,0,1,0,0,0,0,0,0,0,0,1,0,0,0,0,1,0,0,1,0
39161604,아반떼,아반떼 AD,62,729,136558,1591,5,10,6,0,0,1,1,1,0,0,1,0,1,1,0,0,0,0,0,0,1,0,0,0,0,1,0,0,0,1,0,1
39164653,그랜저,그랜저 뉴 럭셔리,27,199,243146,2359,5,17,9,0,0,0,1,1,0,1,1,0,1,1,0,0,0,0,0,0,1,0,0,0,0,0,0,1,0,1,0,1
39203793,코나,코나,91,1140,129734,1591,5,9,2,0,0,1,1,0,1,1,1,0,1,1,0,0,0,0,0,0,1,0,0,0,0,1,0,0,0,1,1,0
39224358,아슬란,아슬란,64,1090,127825,3342,5,11,1,0,1,1,1,1,1,1,1,1,1,1,0,0,0,0,0,0,1,0,0,0,0,0,1,0,0,1,0,1
39274863,그랜저,그랜저 HG,27,459,185114,2359,5,14,0,0,0,1,1,1,1,1,1,0,1,1,0,0,0,0,0,0,1,0,0,0,0,1,0,0,0,1,0,1
39284710,제네시스,제네시스 DH,81,799,209294,3342,5,11,8,0,1,1,1,1,1,1,1,1,1,1,0,0,0,0,0,0,1,0,0,0,0,0,1,0,0,1,0,1
39293419,제네시스,제네시스 DH,81,1050,193341,3342,5,11,1,1,1,1,1,1,1,1,1,1,1,1,0,0,0,0,0,0,1,0,0,0,0,0,1,0,0,1,0,1
39331791,쏘나타,LF 쏘나타,57,1280,34775,1999,5,10,23,0,0,1,1,1,1,1,1,0,1,1,0,0,0,0,0,0,1,0,0,0,0,0,0,1,0,1,0,1
39350622,스타렉스,더 뉴 그랜드 스타렉스,50,1190,156435,2497,3,7,0,0,0,1,1,0,0,1,1,0,1,1,0,0,0,0,0,0,0,0,1,0,0,0,0,1,0,1,1,0
39350640,스타렉스,더 뉴 그랜드 스타렉스,50,1099,184555,2497,3,7,0,0,0,1,1,0,0,1,1,0,1,1,0,0,0,0,0,0,0,0,1,0,0,0,0,1,0,1,1,0
39354406,그랜저,그랜저 IG,27,1240,171803,2359,5,9,0,0,0,1,1,1,1,1,1,1,1,1,0,0,0,0,0,0,1,0,0,0,0,0,1,0,0,1,0,1
39360915,스타렉스,더 뉴 그랜드 스타렉스,50,1599,134644,2359,12,8,2,0,0,1,1,0,0,1,1,0,1,1,0,0,0,0,0,1,0,0,0,0,0,0,0,0,1,1,1,0
39368315,에쿠스,에쿠스(신형),73,750,225178,3778,5,13,14,0,1,1,1,1,1,1,1,1,1,1,0,0,0,0,0,0,1,0,0,0,0,0,1,0,0,1,0,1
39378091,그랜저,그랜저 HG,27,1150,68206,2999,5,10,19,0,0,1,1,1,1,1,1,1,1,1,0,0,0,0,0,0,1,0,0,0,0,1,0,0,0,1,0,1
39451638,아슬란,아슬란,64,825,161886,3342,5,11,8,1,1,1,1,1,1,1,1,1,1,1,0,0,0,0,0,0,1,0,0,0,0,0,1,0,0,1,0,1
39455266,아이오닉,아이오닉 하이브리드,65,1190,59197,1580,5,10,7,0,1,1,1,1,1,1,1,1,1,1,0,0,0,0,0,0,0,1,0,0,0,0,0,1,0,1,0,1
39462049,스타렉스,그랜드 스타렉스,50,1120,127884,2497,3,9,23,0,0,1,0,0,0,1,1,0,1,1,0,0,0,0,0,0,0,0,1,0,0,0,0,1,0,1,1,0
39462530,쏘나타,쏘나타 뉴 라이즈,57,1030,105664,1999,5,9,2,0,0,1,1,0,1,1,1,0,1,1,0,0,0,0,0,1,0,0,0,0,0,1,0,0,0,1,0,1
39464019,에쿠스,에쿠스(신형),73,350,198315,3778,5,17,11,0,1,1,1,1,1,1,1,0,1,1,0,0,0,0,0,0,1,0,0,0,0,0,1,0,0,1,0,1
39468055,맥스크루즈,더 뉴 맥스크루즈,41,1299,98626,2199,6,9,10,0,1,1,1,1,1,1,1,1,1,1,0,0,0,0,0,0,0,0,1,0,0,0,0,0,1,1,1,0
39481791,쏘나타,YF 쏘나타,57,399,113086,1998,5,16,10,0,0,1,0,1,1,0,1,0,1,1,0,0,0,0,0,0,1,0,0,0,0,1,0,0,0,1,0,1
39484326,아반떼,아반떼 AD,62,799,62622,1591,5,10,2,0,0,1,1,0,1,1,0,0,0,1,0,0,0,0,0,0,1,0,0,0,0,1,0,0,0,1,0,1
39488254,i40,i40 살룬,25,780,73309,1685,5,13,4,0,0,1,0,1,1,0,1,1,1,1,0,0,0,0,0,0,0,0,1,0,0,0,0,1,0,1,0,1
39508906,그랜저,그랜저 IG,27,1089,252119,2999,5,9,0,0,0,1,1,1,1,1,1,1,1,1,0,0,0,0,0,0,1,0,0,0,0,0,0,1,0,1,0,1
39515645,쏘나타,LF 쏘나타 하이브리드,57,1050,141245,1999,5,10,8,1,1,1,1,1,1,1,1,1,1,1,0,0,0,0,0,0,0,1,0,0,0,1,0,0,0,1,0,1
39529107,아반떼,아반떼 AD,62,880,73860,1591,5,9,2,0,0,1,1,0,1,1,1,0,1,1,0,0,0,0,0,0,1,0,0,0,0,1,0,0,0,1,0,1
39530031,싼타페,싼타페 더 프라임,56,1370,100199,1995,5,8,5,0,0,1,1,1,1,1,1,1,1,1,0,0,0,0,0,0,0,0,1,0,0,0,0,1,0,1,1,0
39545522,제네시스,제네시스 DH,81,699,211174,3342,5,11,15,0,1,1,1,1,1,1,1,1,1,1,0,0,0,0,0,0,1,0,0,0,0,0,0,1,0,1,0,1
39569905,투싼,뉴 투싼 ix,101,939,101147,1995,5,12,3,1,1,1,1,1,1,1,1,1,1,1,0,0,0,0,0,0,0,0,1,0,0,1,0,0,0,1,1,0
39571332,쏘나타,쏘나타 뉴 라이즈,57,1350,71999,1999,5,9,5,1,0,1,1,1,1,1,1,0,1,1,0,0,0,0,0,0,1,0,0,0,0,1,0,0,0,1,0,1
39588114,제네시스,제네시스 DH,81,1250,103821,3342,5,12,15,0,1,1,1,1,1,1,1,1,1,1,0,0,0,0,0,0,1,0,0,0,0,0,1,0,0,1,0,1
39605191,쏘나타,쏘나타 뉴 라이즈,57,1090,111510,1685,5,9,2,0,0,1,1,0,1,1,1,0,1,1,0,0,0,0,0,0,0,0,1,0,0,0,1,0,0,1,0,1
39606742,스타렉스,그랜드 스타렉스,50,1490,64386,2497,3,9,6,0,0,1,1,0,0,1,1,0,1,1,0,0,0,0,0,0,0,0,1,0,0,1,0,0,0,1,1,0
39619964,스타렉스,그랜드 스타렉스,50,880,111284,2497,12,11,6,0,0,1,1,0,0,0,1,0,1,1,0,0,0,0,0,0,0,0,1,0,0,0,0,0,1,1,1,0
39635264,그랜저,그랜저 IG,27,1650,102374,2999,5,9,11,0,1,1,1,1,1,1,1,1,1,1,0,0,0,0,0,0,1,0,0,0,0,0,0,1,0,1,0,1
39646622,제네시스 쿠페,제네시스 쿠페,82,730,111838,3778,4,17,11,1,1,1,1,1,1,1,1,0,1,1,0,0,0,0,0,0,1,0,0,0,0,0,0,1,0,1,0,1
39647958,투싼,뉴 투싼 ix,101,830,97131,1995,5,12,11,0,0,1,1,1,1,1,1,1,1,1,0,0,0,0,0,0,0,0,1,0,0,0,0,1,0,1,1,0
39651394,그랜저,그랜저 IG,27,1430,119205,2359,5,7,0,0,0,1,1,1,1,1,1,1,1,1,0,0,0,0,0,0,1,0,0,0,0,0,1,0,0,1,0,1
39667666,그랜저,그랜저 HG,27,1050,66336,2359,5,10,6,0,0,1,1,1,1,1,1,1,1,1,0,0,0,0,0,0,1,0,0,0,0,0,1,0,0,1,0,1
39691618,그랜저,그랜저 IG,27,1470,141886,2199,5,9,8,1,0,1,1,1,1,1,1,1,1,1,0,0,0,0,0,0,0,0,1,0,0,1,0,0,0,1,0,1
39707963,싼타페,싼타페 DM,56,950,135103,1995,5,12,7,0,0,1,1,1,1,1,1,1,1,1,0,0,0,0,0,0,0,0,1,0,0,0,0,1,0,1,1,0
39708010,싼타페,싼타페 더 프라임,56,1100,131469,1995,5,10,2,0,0,1,1,1,1,1,1,0,1,1,0,0,0,0,0,0,0,0,1,0,0,0,0,1,0,1,1,0
39723165,그랜저,그랜저 IG,27,1050,197843,2999,5,9,9,0,0,1,1,1,1,1,1,1,1,1,0,0,0,0,0,0,1,0,0,0,0,0,0,1,0,1,0,1
39729076,i40,i40,25,379,189263,1999,5,14,8,0,0,1,1,0,1,1,1,0,1,1,0,0,0,0,0,0,1,0,0,0,0,0,0,1,0,1,0,1
39736743,쏘나타,쏘나타 (DN8),57,1530,61951,1999,5,5,0,0,0,1,1,0,0,1,1,0,1,1,0,0,0,0,0,1,0,0,0,0,0,1,0,0,0,1,0,1
39766931,제네시스,제네시스 DH,81,1275,113769,3342,5,11,0,1,1,1,1,1,1,1,1,1,1,1,0,0,0,0,0,0,1,0,0,0,0,0,1,0,0,1,0,1
39786417,쏘나타,LF 쏘나타,57,1190,48076,1999,5,11,5,0,0,1,1,1,1,1,1,0,1,1,0,0,0,0,0,1,0,0,0,0,0,0,0,1,0,1,0,1
39814352,에쿠스,에쿠스(신형),73,1490,143848,5038,4,13,6,0,1,1,1,1,1,1,1,1,1,1,0,0,0,0,0,0,1,0,0,0,0,0,1,0,0,1,0,1
39831643,그랜저,그랜저 IG,27,1570,141515,2999,5,8,0,0,1,1,1,1,1,1,1,1,1,1,0,0,0,0,0,0,1,0,0,0,0,0,0,1,0,1,0,1
39834581,그랜저,그랜저 HG,27,870,105152,2359,5,11,2,1,0,1,1,1,1,1,1,0,1,1,0,0,0,0,0,0,1,0,0,0,0,0,0,1,0,1,0,1
39846414,쏘나타,LF 쏘나타,57,560,139886,1999,5,10,15,0,0,1,1,0,0,0,1,0,1,1,0,0,0,0,0,0,1,0,0,0,0,0,0,1,0,1,0,1
39847259,스타렉스,그랜드 스타렉스,50,899,143779,2497,5,11,2,0,0,1,1,0,0,1,0,0,1,1,0,0,0,0,0,0,0,0,1,0,0,0,1,0,0,1,1,0
39848059,엑셀,엑셀,75,389,170822,1468,5,32,2,0,0,0,1,0,0,1,0,0,0,1,0,0,0,0,0,0,1,0,0,0,0,0,0,1,0,1,0,1
39852868,아반떼,아반떼 AD,62,850,97979,1582,5,10,2,1,0,1,1,0,1,1,1,0,1,1,0,0,0,0,0,0,0,0,1,0,0,0,0,1,0,1,0,1
39869266,제네시스,제네시스,81,1090,97155,3342,5,12,2,1,1,1,1,1,1,1,1,1,1,1,0,0,0,0,0,0,1,0,0,0,0,0,1,0,0,1,0,1
39878467,쏘나타,LF 쏘나타,57,1350,45387,1999,5,11,5,0,0,1,1,1,1,1,1,1,1,1,0,0,0,0,0,1,0,0,0,0,0,1,0,0,0,1,0,1
39887759,아반떼,아반떼 MD,62,570,83594,1591,5,14,1,0,0,1,1,1,0,1,1,0,1,1,0,0,0,0,0,0,1,0,0,0,0,0,1,0,0,1,0,1
39890650,아반떼,아반떼 MD,62,580,79505,1591,5,13,6,0,0,1,1,1,1,1,1,0,1,1,0,0,0,0,0,0,1,0,0,0,0,1,0,0,0,1,0,1
39921759,스타렉스,더 뉴 그랜드 스타렉스,50,1250,135740,2497,3,8,3,0,0,1,0,0,0,0,1,0,1,1,0,0,0,0,0,0,0,0,1,0,0,0,0,1,0,1,1,0
39921814,싼타페,싼타페 DM,56,790,168305,1995,5,13,14,0,0,1,1,1,1,1,1,1,1,1,0,0,0,0,0,0,0,0,1,0,0,0,0,0,1,1,1,0
39924788,쏘나타,LF 쏘나타,57,1030,104394,1999,5,11,5,1,0,1,1,1,1,1,1,0,1,1,0,0,0,0,0,0,1,0,0,0,0,1,0,0,0,1,0,1
39925508,테라칸,테라칸,99,399,216119,2902,7,23,3,1,0,1,0,1,0,0,1,0,1,1,0,0,0,0,0,0,0,0,1,0,0,1,0,0,0,1,1,0
39927353,제네시스,제네시스 DH,81,1149,158535,3342,5,11,6,0,1,1,1,1,1,1,1,1,1,1,0,0,0,0,0,0,1,0,0,0,0,0,1,0,0,1,0,1
39952464,제네시스 쿠페,제네시스 쿠페,82,580,93074,1998,4,16,7,1,1,1,0,1,1,1,1,0,1,1,0,0,0,0,0,0,1,0,0,0,0,1,0,0,0,1,0,1
39952686,아반떼,아반떼 AD,62,640,172444,1591,5,11,13,0,1,1,1,1,1,1,1,0,1,1,0,0,0,0,0,0,1,0,0,0,0,0,1,0,0,1,0,1
39966112,그랜저,그랜저 IG,27,1480,153563,2359,5,9,2,1,1,1,1,1,1,1,1,1,1,1,0,0,0,0,0,0,1,0,0,0,0,0,1,0,0,1,0,1
39966695,그랜저,그랜저 IG,27,1520,157786,2999,5,9,6,0,1,1,1,1,1,1,1,1,1,1,0,0,0,0,0,1,0,0,0,0,0,0,0,1,0,1,0,1
40041097,투싼,올 뉴 투싼,101,1420,77660,1995,5,8,4,0,0,1,1,1,1,1,1,1,1,1,0,0,0,0,0,0,0,0,1,0,0,0,0,1,0,1,1,0
40042382,그랜저,그랜저 HG 하이브리드,27,599,196837,2359,5,12,13,0,0,1,1,1,1,1,1,1,1,1,0,0,0,0,0,0,0,1,0,0,0,0,0,1,0,1,0,1
40050008,i30,i30(신형),24,690,72239,1591,5,12,8,0,0,1,1,1,1,1,1,0,1,1,0,0,0,0,0,0,1,0,0,0,0,0,0,0,1,1,0,1
40050721,쏘나타,LF 쏘나타,57,1020,62556,1999,5,12,7,0,0,1,1,1,1,1,1,0,1,1,0,0,0,0,0,0,1,0,0,0,0,0,1,0,0,1,0,1
40050851,아반떼,아반떼 HD,62,450,62131,1591,5,17,8,0,0,0,1,1,0,1,1,0,1,1,0,0,0,0,0,0,1,0,0,0,0,1,0,0,0,1,0,1
40053396,그랜저,그랜저 HG,27,690,103652,2999,5,12,11,1,0,1,0,1,1,1,1,1,1,1,0,0,0,0,0,0,1,0,0,0,0,0,1,0,0,1,0,1
40058892,그랜저,그랜저 IG,27,1398,157536,2359,5,8,2,0,1,1,1,1,1,1,1,1,1,1,0,0,0,0,0,0,1,0,0,0,0,0,1,0,0,1,0,1
40059572,맥스크루즈,맥스크루즈,41,1250,112109,2199,7,11,5,0,1,1,1,1,1,1,1,1,1,1,0,0,0,0,0,0,0,0,1,0,0,1,0,0,0,1,1,0
40062399,벨로스터,벨로스터,47,349,148141,1591,4,15,17,1,0,1,1,1,1,1,1,0,1,1,0,0,0,0,0,0,1,0,0,0,0,0,0,0,1,1,0,1
40062553,스타렉스,그랜드 스타렉스,50,1130,135502,2497,11,13,3,0,0,1,0,1,0,0,1,1,1,1,0,0,0,0,0,0,0,0,1,0,0,0,0,1,0,1,1,0
40073127,싼타페,싼타페 DM,56,1050,141851,1995,7,12,7,0,1,1,1,1,1,1,1,1,1,1,0,0,0,0,0,0,0,0,1,0,0,0,0,0,1,1,1,0
40081646,싼타페,싼타페 DM,56,800,137031,1995,5,13,10,0,0,1,1,1,1,1,1,1,1,1,0,0,0,0,0,0,0,0,1,0,0,1,0,0,0,1,1,0
40107447,스타렉스,그랜드 스타렉스,50,1450,121180,2497,11,12,0,0,0,0,0,1,0,0,1,1,1,1,0,0,0,0,0,0,0,0,1,0,0,0,1,0,0,1,1,0
40111452,스타렉스,더 뉴 그랜드 스타렉스,50,1590,84583,2497,3,8,8,0,0,1,1,0,0,0,1,0,1,1,0,0,0,0,0,0,0,0,1,0,0,0,0,1,0,1,1,0
40124597,아이오닉,아이오닉 일렉트릭,65,1400,126250,78,5,8,4,0,1,1,1,1,1,1,1,1,1,1,0,0,0,0,0,0,0,0,0,1,0,1,0,0,0,1,0,1
40133527,투싼,뉴 투싼 ix,101,700,160830,1995,5,11,3,0,0,1,1,0,1,1,1,0,1,1,0,0,0,0,0,0,0,0,1,0,0,0,0,1,0,1,1,0
40134930,쏘나타,쏘나타 (DN8),57,1490,74071,1999,5,7,4,1,1,1,1,0,1,0,1,0,1,1,0,0,0,0,0,1,0,0,0,0,0,0,1,0,0,1,0,1
40156519,그랜저,그랜저 HG,27,430,235425,2999,5,14,6,0,0,1,1,1,1,1,1,1,1,1,0,0,0,0,0,0,1,0,0,0,0,0,1,0,0,1,0,1
40160638,싼타페,싼타페 DM,56,1169,127183,2199,7,11,4,0,1,1,1,1,1,1,1,1,1,1,0,0,0,0,0,0,0,0,1,0,0,1,0,0,0,1,1,0
40161339,그랜저,그랜저 HG 하이브리드,27,549,219636,2359,5,12,20,0,0,1,1,1,1,1,1,0,1,1,0,0,0,0,0,0,0,1,0,0,0,1,0,0,0,1,0,1
40163841,제네시스,제네시스,81,575,192463,3342,5,13,12,0,1,1,1,1,1,1,1,1,1,1,0,0,0,0,0,0,1,0,0,0,0,0,1,0,0,1,0,1
40171294,제네시스 쿠페,제네시스 쿠페,82,490,46964,1998,4,17,9,1,1,1,1,1,1,0,1,0,1,1,0,0,0,0,0,0,1,0,0,0,0,1,0,0,0,1,0,1
40200785,스타렉스,더 뉴 그랜드 스타렉스,50,1480,118127,2497,5,6,6,0,0,1,1,0,0,1,1,0,1,1,0,0,0,0,0,0,0,0,1,0,0,0,0,1,0,1,1,0
40217810,스타렉스,그랜드 스타렉스,50,490,276755,2497,7,15,14,0,0,1,0,0,0,0,1,0,0,1,0,0,0,0,0,0,0,0,1,0,0,1,0,0,0,1,1,0
40227452,스타렉스,그랜드 스타렉스,50,950,54028,2497,5,10,2,0,0,1,1,0,0,1,1,0,1,1,0,0,0,0,0,0,0,0,1,0,0,0,0,1,0,0,1,0
40235186,제네시스,제네시스,81,430,147158,3342,5,17,12,0,0,1,1,1,0,1,1,0,1,1,0,0,0,0,0,0,1,0,0,0,0,1,0,0,0,1,0,1
40253573,프레스토,프레스토,111,1500,67811,1468,5,37,2,0,0,0,0,0,0,0,0,0,0,1,0,0,0,0,0,0,1,0,0,0,0,0,0,1,0,0,0,1
40254206,맥스크루즈,더 뉴 맥스크루즈,41,1490,118613,2199,7,11,0,0,1,1,1,1,1,1,1,1,1,1,0,0,0,0,0,0,0,0,1,0,0,0,0,0,1,1,1,0
40255129,그랜저,그랜저 HG,27,390,298118,2999,5,14,9,0,1,1,1,1,1,1,1,1,1,1,0,0,0,0,0,0,1,0,0,0,0,0,1,0,0,1,0,1
40262862,아반떼,아반떼 AD,62,790,139144,1591,5,10,9,0,0,1,1,1,1,1,1,0,1,1,0,0,0,0,0,0,1,0,0,0,0,0,1,0,0,1,0,1
40271635,벨로스터,벨로스터 (JS),47,950,149451,1591,4,8,2,1,1,1,1,1,1,1,1,1,1,1,0,0,0,0,0,0,1,0,0,0,0,0,0,0,1,1,0,1
40294867,그랜저,그랜저 IG,27,1220,179746,2999,5,9,4,0,1,1,1,1,1,1,1,1,1,1,0,0,0,0,0,0,1,0,0,0,0,0,0,1,0,1,0,1
40299435,코나,코나,91,1239,72959,1591,5,8,13,1,0,1,1,0,1,1,1,1,1,1,0,0,0,0,0,0,1,0,0,0,0,1,0,0,0,1,1,0
40318764,그랜저,그랜저 HG,27,670,69331,2999,5,14,8,0,0,1,1,1,1,1,1,1,1,1,0,0,0,0,0,0,1,0,0,0,0,0,0,1,0,1,0,1
40319168,아반떼,아반떼 (CN7),62,1490,109609,1598,5,6,0,0,0,1,1,1,1,1,1,1,1,1,0,0,0,0,0,0,1,0,0,0,0,1,0,0,0,1,0,1
40319580,스타렉스,그랜드 스타렉스,50,729,234226,2497,3,9,6,0,0,1,1,0,0,1,1,0,1,1,0,0,0,0,0,0,0,0,1,0,0,0,0,1,0,1,1,0
40328749,그랜저,그랜저 HG,27,450,207168,2999,5,14,2,0,0,1,1,1,1,1,1,1,1,1,0,0,0,0,0,0,1,0,0,0,0,0,1,0,0,1,0,1
40330798,그랜저,그랜저 HG,27,790,156842,2199,5,11,6,0,1,1,1,1,1,1,1,1,1,1,0,0,0,0,0,0,0,0,1,0,0,0,1,0,0,1,0,1
40333929,아반떼,아반떼 (CN7),62,1180,130129,1598,5,6,12,0,0,1,1,0,1,1,1,0,1,1,0,0,0,0,0,0,1,0,0,0,0,1,0,0,0,1,0,1
40334854,싼타페,싼타페 DM,56,1020,115042,1995,7,12,3,0,1,1,1,1,1,1,1,1,1,1,0,0,0,0,0,0,0,0,1,0,0,0,0,1,0,1,1,0
40337549,에쿠스,에쿠스(신형),73,850,179523,3778,5,11,2,0,1,1,1,1,1,1,1,1,1,1,0,0,0,0,0,0,1,0,0,0,0,0,0,1,0,1,0,1
40339864,그랜저,그랜저 IG,27,1490,125229,2999,5,9,2,1,0,1,1,1,1,1,1,1,1,1,0,0,0,0,0,1,0,0,0,0,0,1,0,0,0,1,0,1
40344689,스타렉스,더 뉴 그랜드 스타렉스,50,1390,147893,2497,12,8,2,0,0,1,1,0,0,1,1,0,1,1,0,0,0,0,0,0,0,0,1,0,0,0,0,0,1,1,1,0
40367911,아슬란,아슬란,64,850,167228,2999,5,10,4,1,1,1,1,1,1,1,1,1,1,1,0,0,0,0,0,0,1,0,0,0,0,0,1,0,0,1,0,1
40373775,쏘나타,YF 쏘나타,57,420,70895,1998,5,17,3,0,0,1,0,0,0,0,1,0,0,1,0,0,0,0,0,0,1,0,0,0,0,0,1,0,0,0,0,1
40386751,싼타페,싼타페 DM,56,855,172381,1995,5,13,13,0,1,1,1,1,1,1,1,1,1,1,0,0,0,0,0,0,0,0,1,0,0,1,0,0,0,1,1,0
40392560,i40,더 뉴 i40 살룬,25,599,172364,1999,5,11,9,0,0,1,1,1,1,1,1,1,1,1,0,0,0,0,0,0,1,0,0,0,0,1,0,0,0,1,0,1
40401442,스타렉스,그랜드 스타렉스,50,479,213751,2497,5,15,9,0,0,0,0,0,0,0,1,0,1,1,0,0,0,0,0,0,0,0,1,0,0,0,0,1,0,1,1,0
40406814,스타렉스,그랜드 스타렉스,50,589,258972,2497,5,12,4,0,0,1,0,0,0,0,1,1,1,1,0,0,0,0,0,0,0,0,1,0,0,0,0,1,0,1,1,0
40419167,아반떼,아반떼 HD,62,300,217782,1591,5,16,16,0,0,1,0,1,0,0,1,0,1,1,0,0,0,0,0,0,1,0,0,0,0,0,0,1,0,1,0,1
40433967,그랜저,그랜저 HG,27,990,86534,2359,5,11,7,1,1,1,1,1,1,1,1,1,1,1,0,0,0,0,0,0,1,0,0,0,0,0,0,1,0,1,0,1
40437462,베뉴,베뉴,45,1550,75646,1598,5,6,10,0,1,1,1,1,1,1,1,0,1,1,0,0,0,0,0,0,1,0,0,0,0,1,0,0,0,1,1,0
40437842,싼타페,싼타페 더 프라임,56,1630,83329,1995,5,8,5,1,1,1,1,1,1,1,1,1,1,1,0,0,0,0,0,0,0,0,1,0,0,1,0,0,0,1,1,0
40442164,싼타페,싼타페 더 프라임,56,1430,139640,1995,5,9,1,0,1,1,1,1,1,1,1,1,1,1,0,0,0,0,0,0,0,0,1,0,0,0,0,1,0,1,1,0
40450399,싼타페,싼타페 DM,56,1200,100055,1995,5,12,0,0,1,1,1,1,1,1,1,1,1,1,0,0,0,0,0,0,0,0,1,0,0,0,0,0,1,1,1,0
40452002,그랜저,그랜저 HG,27,630,129214,2999,5,13,9,0,1,1,1,1,1,1,1,1,1,1,0,0,0,0,0,0,1,0,0,0,0,0,1,0,0,1,0,1
40453266,싼타페,싼타페 DM,56,900,205503,1995,5,12,10,0,1,1,1,1,1,1,1,1,1,1,0,0,0,0,0,0,0,0,1,0,0,0,0,1,0,1,1,0
40460877,그랜저,그랜저 HG,27,850,155934,2199,5,11,10,1,1,1,1,1,1,1,1,1,1,1,0,0,0,0,0,0,0,0,1,0,0,0,1,0,0,1,0,1
40462117,아반떼,아반떼 AD,62,750,133311,1582,5,11,3,1,0,1,1,1,1,1,1,0,1,1,0,0,0,0,0,0,0,0,1,0,0,1,0,0,0,1,0,1
40463962,캐스퍼,캐스퍼,88,1690,31043,998,4,4,0,0,0,1,1,1,1,1,1,1,1,1,0,0,0,0,0,0,1,0,0,0,0,0,0,0,1,1,0,1
40465202,제네시스,제네시스,81,450,190849,3778,5,13,2,1,1,1,1,1,1,1,1,1,1,1,0,0,0,0,0,0,1,0,0,0,0,0,1,0,0,1,0,1
40476037,그랜저,그랜저 HG,27,770,146257,2999,5,13,5,1,1,1,1,1,1,1,1,1,1,1,0,0,0,0,0,1,0,0,0,0,0,0,1,0,0,1,0,1
40477834,에쿠스,에쿠스(신형),73,480,184198,3778,5,15,10,0,1,1,1,1,1,1,1,1,1,1,0,0,0,0,0,0,1,0,0,0,0,0,1,0,0,1,0,1
40478168,그랜저,그랜저 IG 하이브리드,27,850,360714,2359,5,8,3,0,1,1,1,1,1,1,1,1,1,1,0,0,0,0,0,0,0,1,0,0,0,0,0,1,0,1,0,1
40479848,그랜저,그랜저 HG,27,549,135580,2359,5,13,2,0,0,1,1,1,1,1,1,1,1,1,0,0,0,0,0,0,1,0,0,0,0,0,1,0,0,1,0,1
40489798,스타렉스,그랜드 스타렉스,50,870,129510,2497,5,11,4,0,0,1,0,0,0,0,1,0,1,1,0,0,0,0,0,0,0,0,1,0,0,0,0,1,0,1,1,0
40495593,아이오닉,아이오닉 하이브리드,65,879,163461,1580,5,10,5,0,1,1,1,1,1,1,1,1,1,1,0,0,0,0,0,0,0,1,0,0,0,0,0,1,0,1,0,1
40509891,쏘나타,쏘나타 하이브리드 (DN8),57,1499,88386,1999,5,5,14,0,1,1,1,1,1,0,1,0,1,1,0,0,0,0,0,0,0,1,0,0,0,0,1,0,0,1,0,1
40524985,쏘나타,LF 쏘나타,57,890,89686,1999,5,10,14,0,0,1,1,0,0,1,1,0,1,1,0,0,0,0,0,1,0,0,0,0,0,0,0,1,0,1,0,1
40532796,쏘나타,LF 쏘나타,57,900,135360,1999,5,12,8,0,1,1,1,1,1,1,1,1,1,1,0,0,0,0,0,0,1,0,0,0,0,0,0,1,0,1,0,1
40536073,제네시스,제네시스 DH,81,1299,157911,3342,5,11,1,1,1,1,1,1,1,1,1,1,1,1,0,0,0,0,0,0,1,0,0,0,0,0,0,1,0,1,0,1
40537422,에쿠스,에쿠스(신형),73,750,50410,3778,5,15,15,0,1,1,1,1,1,1,1,1,1,1,0,0,0,0,0,0,1,0,0,0,0,0,1,0,0,1,0,1
40538478,엑센트,엑센트(신형),74,420,125026,1582,5,12,5,0,0,1,1,0,0,1,0,0,1,1,0,0,0,0,0,0,0,0,1,0,0,0,0,1,0,1,0,1
40542666,스타렉스,그랜드 스타렉스,50,1470,90239,2497,12,9,0,0,0,1,1,0,0,1,1,0,1,1,0,0,0,0,0,0,0,0,1,0,0,0,0,1,0,1,1,0
40542702,싼타페,싼타페 더 프라임,56,1250,157979,1995,5,11,5,0,1,1,1,1,1,1,1,1,1,1,0,0,0,0,0,0,0,0,1,0,0,1,0,0,0,1,1,0
40548980,그랜저,그랜저 HG,27,299,184684,2359,5,15,18,0,0,1,0,1,1,0,1,0,1,1,0,0,0,0,0,0,1,0,0,0,0,0,1,0,0,1,0,1
40552166,그랜저,그랜저 HG,27,690,155456,2359,5,13,16,1,1,1,1,1,1,1,1,1,1,1,0,0,0,0,0,0,1,0,0,0,0,1,0,0,0,1,0,1
40556372,스타렉스,그랜드 스타렉스,50,600,194537,2497,5,13,4,0,0,1,1,0,0,1,1,0,1,1,0,0,0,0,0,0,0,0,1,0,0,0,0,1,0,1,1,0
40556894,그랜저,그랜저 IG,27,1280,153643,2359,5,9,8,1,1,1,1,1,1,1,1,1,1,1,0,0,0,0,0,0,1,0,0,0,0,1,0,0,0,1,0,1
40557031,아반떼,아반떼 AD,62,990,105200,1591,5,9,1,0,1,1,1,1,1,1,1,1,1,1,0,0,0,0,0,0,1,0,0,0,0,0,1,0,0,1,0,1
40558898,아반떼,아반떼 MD,62,360,181566,1591,5,14,0,0,0,1,0,1,0,0,1,0,0,1,0,0,0,0,0,0,1,0,0,0,0,0,0,1,0,1,0,1
40559703,i40,더 뉴 i40,25,1060,101578,1999,5,9,5,0,0,1,1,0,1,1,1,0,1,1,0,0,0,0,0,0,1,0,0,0,0,0,0,1,0,1,0,1
40562076,제네시스,제네시스,81,720,111898,3342,5,15,8,0,1,1,1,1,1,1,1,1,1,1,0,0,0,0,0,0,1,0,0,0,0,0,0,1,0,1,0,1
40565572,아반떼,더 뉴 아반떼,62,500,113930,1582,5,11,0,0,0,1,1,1,0,1,1,0,1,1,0,0,0,0,0,0,0,0,1,0,0,0,0,1,0,1,0,1
40575487,아반떼,더 뉴 아반떼,62,699,41591,1591,5,13,5,0,0,1,1,0,0,1,1,0,1,1,0,0,0,0,0,0,1,0,0,0,0,0,0,1,0,1,0,1
40578157,스타렉스,그랜드 스타렉스,50,1159,29282,2497,5,12,4,0,0,1,1,0,0,1,1,0,1,1,0,0,0,0,0,0,0,0,1,0,0,1,0,0,0,1,1,0
40582841,쏘나타,쏘나타 하이브리드,57,387,185139,1999,5,15,0,0,0,1,1,1,1,0,1,1,1,1,0,0,0,0,0,0,0,1,0,0,0,0,0,1,0,1,0,1
40583784,그랜저,그랜저 HG,27,880,122091,2999,5,11,1,0,0,1,1,1,1,1,1,0,1,1,0,0,0,0,0,1,0,0,0,0,0,0,1,0,0,1,0,1
40592236,제네시스,제네시스 DH,81,1399,63160,3342,5,11,3,0,1,1,1,1,1,1,1,1,1,1,0,0,0,0,0,0,1,0,0,0,0,0,0,1,0,1,0,1
40600979,투싼,올 뉴 투싼,101,1690,87976,1995,5,9,1,1,0,1,1,1,1,1,1,1,1,1,0,0,0,0,0,0,0,0,1,0,0,1,0,0,0,1,1,0
40602948,스타렉스,그랜드 스타렉스,50,699,131329,2497,11,14,17,0,0,1,0,0,0,0,1,0,1,1,0,0,0,0,0,0,0,0,1,0,0,0,0,1,0,1,1,0
40606768,스타렉스,그랜드 스타렉스,50,840,107139,2497,11,13,6,0,0,1,0,1,0,0,1,1,1,1,0,0,0,0,0,0,0,0,1,0,0,0,0,1,0,1,1,0
40607047,캐스퍼,캐스퍼,88,1550,46481,998,4,3,2,1,0,1,1,1,1,1,1,1,1,1,0,0,0,0,0,0,1,0,0,0,0,0,0,0,1,1,0,1
40610257,제네시스 쿠페,제네시스 쿠페,82,590,118652,3778,4,17,2,1,0,1,1,1,1,1,1,0,1,1,0,0,0,0,0,0,1,0,0,0,0,0,0,1,0,1,0,1
40613036,싼타페,싼타페 더 프라임,56,1160,122870,1995,5,10,8,0,0,1,1,1,1,1,1,1,1,1,0,0,0,0,0,0,0,0,1,0,0,1,0,0,0,1,1,0
40629506,쏘나타,쏘나타 뉴 라이즈 하이브리드,57,990,156605,1999,5,9,12,0,0,1,1,1,1,1,1,0,1,1,0,0,0,0,0,0,0,1,0,0,0,1,0,0,0,1,0,1
40634743,그랜저,그랜저 IG,27,1450,137809,2359,5,7,6,0,0,1,1,1,1,1,1,1,1,1,0,0,0,0,0,0,1,0,0,0,0,0,1,0,0,1,0,1
40635044,그랜저,그랜저 IG,27,1099,169390,2999,5,10,8,0,0,1,1,1,1,1,1,1,1,1,0,0,0,0,0,0,1,0,0,0,0,0,1,0,0,1,0,1
40635481,싼타페,싼타페 CM,56,350,193515,1995,7,17,2,0,0,1,1,1,0,1,1,0,1,1,0,0,0,0,0,0,0,0,1,0,0,0,0,1,0,1,1,0
40637054,그랜저,그랜저 HG,27,580,165201,2359,5,11,8,0,0,1,1,1,1,1,1,0,1,1,0,0,0,0,0,0,1,0,0,0,0,0,0,1,0,1,0,1
40642971,아반떼,아반떼 MD,62,390,90580,1591,5,16,10,0,0,1,0,1,0,0,1,0,0,1,0,0,0,0,0,0,1,0,0,0,0,0,0,1,0,1,0,1
40644664,싼타페,싼타페 DM,56,1130,167699,1995,5,12,0,0,1,1,1,1,1,1,1,1,1,1,0,0,0,0,0,0,0,0,1,0,0,0,0,1,0,1,1,0
40644747,엑센트,엑센트(신형),74,680,115739,1591,5,9,3,0,0,1,1,1,1,0,1,0,1,1,0,0,0,0,0,0,1,0,0,0,0,0,0,1,0,1,0,1
40648835,엑센트,엑센트(신형),74,350,154850,1399,5,13,11,0,0,1,0,0,0,0,0,0,1,1,0,0,0,0,0,0,1,0,0,0,0,0,0,1,0,1,0,1
40650982,스타렉스,더 뉴 그랜드 스타렉스,50,1530,67172,2497,12,8,2,0,0,1,1,0,0,1,1,0,1,1,0,0,0,0,0,0,0,0,1,0,0,0,0,0,1,1,1,0
40653780,스타렉스,그랜드 스타렉스,50,770,189102,2497,12,11,15,0,0,1,1,0,0,1,1,0,1,1,0,0,0,0,0,0,0,0,1,0,0,0,0,1,0,1,1,0
40661653,싼타페,싼타페 더 프라임,56,1420,117267,1995,5,10,2,0,1,1,1,1,1,1,1,1,1,1,0,0,0,0,0,0,0,0,1,0,0,1,0,0,0,1,1,0
40664411,그랜저,그랜저 IG,27,1390,148201,2359,5,7,4,0,0,1,1,1,1,1,1,1,1,1,0,0,0,0,0,0,1,0,0,0,0,0,1,0,0,1,0,1
40668724,그랜저,그랜저 HG,27,490,181136,2359,5,12,2,0,0,1,1,1,1,1,1,0,1,1,0,0,0,0,0,0,1,0,0,0,0,0,1,0,0,1,0,1
40670793,스타렉스,그랜드 스타렉스,50,1320,57891,2497,5,10,6,0,0,1,1,0,0,1,1,1,1,1,0,0,0,0,0,0,0,0,1,0,0,0,0,1,0,1,1,0
40675551,베라크루즈,베라크루즈,46,499,196357,2959,7,18,2,1,1,1,1,1,1,0,1,0,1,1,0,0,0,0,0,0,0,0,1,0,0,0,1,0,0,1,1,0
40681041,캐스퍼,캐스퍼,88,1600,22541,998,4,2,1,0,0,1,1,1,1,1,1,1,1,1,0,0,0,0,0,0,1,0,0,0,0,0,0,1,0,1,0,1
40684947,코나,코나 일렉트릭,91,1189,161214,180,5,8,22,0,0,1,1,1,1,1,1,0,1,1,0,0,0,0,0,0,0,0,0,1,0,1,0,0,0,1,1,0
40689900,쏘나타,YF 쏘나타,57,399,131749,1999,5,14,3,0,0,1,1,1,1,1,1,0,1,1,0,0,0,0,0,0,1,0,0,0,0,0,0,1,0,1,0,1
40691417,그랜저,그랜저 IG,27,1159,149299,2359,5,9,12,0,0,1,1,1,1,1,1,1,1,1,0,0,0,0,0,0,1,0,0,0,0,0,1,0,0,1,0,1
40691786,아반떼,더 뉴 아반떼 AD,62,1450,75687,1598,5,8,1,0,1,1,1,1,1,1,1,0,1,1,0,0,0,0,0,0,1,0,0,0,0,1,0,0,0,1,0,1
40691935,스타렉스,더 뉴 그랜드 스타렉스,50,1650,39036,2497,5,8,0,0,0,1,0,0,0,0,1,0,1,1,0,0,0,0,0,0,0,0,1,0,0,0,0,1,0,1,1,0
40692710,싼타페,싼타페 TM,56,1550,162789,2199,5,8,0,0,1,1,1,1,1,1,1,1,1,1,0,0,0,0,0,0,0,0,1,0,0,0,0,0,1,1,1,0
40693697,그랜저,그랜저 HG,27,699,178104,2199,5,12,15,1,1,1,1,1,1,1,1,1,1,1,0,0,0,0,0,0,0,0,1,0,0,1,0,0,0,1,0,1
40696805,그랜저,그랜저 IG,27,1690,106468,2359,5,8,3,0,1,1,1,1,1,1,1,1,1,1,0,0,0,0,0,0,1,0,0,0,0,0,0,1,0,1,0,1
40703133,쏘나타,쏘나타 뉴 라이즈,57,965,180619,1999,5,8,5,0,1,1,1,1,1,1,1,1,1,1,0,0,0,0,0,0,1,0,0,0,0,0,1,0,0,1,0,1
40706408,맥스크루즈,맥스크루즈,41,930,166446,2199,7,13,4,0,0,1,1,1,1,1,1,1,1,1,0,0,0,0,0,0,0,0,1,0,0,0,0,1,0,1,1,0
40707499,싼타페,싼타페 DM,56,1050,135223,1995,5,11,2,0,1,1,1,1,1,1,1,1,1,1,0,0,0,0,0,0,0,0,1,0,0,0,0,0,1,1,1,0
40707783,그랜저,그랜저 HG,27,660,144109,2359,5,12,6,1,1,1,1,1,1,1,1,1,1,1,0,0,0,0,0,0,1,0,0,0,0,0,1,0,0,1,0,1
40709234,투싼,뉴 투싼 ix,101,785,141220,1995,5,11,6,1,0,1,1,0,1,1,1,0,1,1,0,0,0,0,0,0,0,0,1,0,0,1,0,0,0,1,1,0
40709524,쏘나타,쏘나타 (DN8),57,1600,90015,1999,5,5,12,0,1,1,1,1,1,1,1,1,1,1,0,0,0,0,0,0,1,0,0,0,0,0,0,1,0,1,0,1
40709902,그랜저,그랜저 HG,27,770,138690,2999,5,11,6,0,0,1,1,1,1,1,1,1,1,1,0,0,0,0,0,0,1,0,0,0,0,0,1,0,0,1,0,1
40711023,그랜저,그랜저 HG,27,650,169926,2359,5,13,1,0,1,1,1,1,1,1,1,1,1,1,0,0,0,0,0,0,1,0,0,0,0,0,1,0,0,1,0,1
40712016,싼타페,싼타페 DM,56,889,176740,1995,7,14,5,0,0,1,1,1,1,1,1,1,1,1,0,0,0,0,0,0,0,0,1,0,0,1,0,0,0,1,1,0
40715801,쏘나타,쏘나타 뉴 라이즈,57,1050,145559,1999,5,9,1,0,0,1,1,1,1,1,1,1,1,1,0,0,0,0,0,1,0,0,0,0,0,0,1,0,0,1,0,1
40716136,싼타페,싼타페 DM,56,1030,127512,1995,5,12,3,0,1,1,1,1,1,0,1,1,1,1,0,0,0,0,0,0,0,0,1,0,0,0,0,1,0,1,1,0
40720177,그랜저,그랜저 HG,27,530,162535,2999,5,15,1,0,1,1,1,1,1,1,1,1,1,1,0,0,0,0,0,0,1,0,0,0,0,0,1,0,0,1,0,1
40721490,제네시스,제네시스,81,250,302601,3342,5,14,9,0,0,1,1,1,1,1,1,0,1,1,0,0,0,0,0,0,1,0,0,0,0,0,0,1,0,1,0,1
40721838,싼타페,싼타페 DM,56,970,94549,1995,5,13,2,0,0,1,0,0,1,0,1,1,1,1,0,0,0,0,0,0,0,0,1,0,0,0,1,0,0,1,1,0
40728840,제네시스,제네시스,81,530,172204,3342,5,15,5,0,1,1,1,1,1,1,1,1,1,1,0,0,0,0,0,0,1,0,0,0,0,0,0,1,0,1,0,1
40733270,코나,더 뉴 코나,91,1590,105795,1999,5,4,2,0,0,1,1,1,1,1,1,0,1,1,0,0,0,0,0,0,1,0,0,0,0,1,0,0,0,1,1,0
40734839,에쿠스,에쿠스(신형),73,660,86072,4627,5,16,4,0,1,1,1,1,1,1,1,1,1,1,0,0,0,0,0,0,1,0,0,0,0,0,1,0,0,1,0,1
40735365,투싼,올 뉴 투싼,101,1450,135222,1591,5,7,4,0,0,1,1,1,1,1,1,0,1,1,0,0,0,0,0,0,1,0,0,0,0,0,0,1,0,1,1,0
40735585,아반떼,아반떼 AD,62,670,126409,1591,5,10,12,0,0,1,1,1,0,1,1,0,1,1,0,0,0,0,0,0,1,0,0,0,0,0,0,0,1,1,0,1
40737464,아반떼,아반떼 MD,62,419,238901,1591,5,14,3,0,0,1,0,1,0,0,1,0,1,1,0,0,0,0,0,0,1,0,0,0,0,1,0,0,0,1,0,1
40738235,제네시스,제네시스,81,1599,80960,5038,5,13,7,1,1,1,1,1,1,1,1,1,1,1,0,0,0,0,0,0,1,0,0,0,0,0,0,0,1,1,0,1
40738340,그랜저,그랜저 HG,27,749,137058,2999,5,12,6,0,1,1,1,1,1,1,1,1,1,1,0,0,0,0,0,0,1,0,0,0,0,0,1,0,0,1,0,1
40748398,아이오닉,아이오닉 일렉트릭,65,1250,145638,78,5,8,2,1,1,1,1,1,1,1,1,1,1,1,0,0,0,0,0,0,0,0,0,1,0,0,0,1,0,1,0,1
40749475,그랜저,그랜저 IG 하이브리드,27,1630,171856,2359,5,8,2,1,1,1,1,1,1,1,1,1,1,1,0,0,0,0,0,0,0,1,0,0,0,1,0,0,0,1,0,1
40755884,투싼,뉴 투싼 ix,101,699,149914,1995,5,13,5,0,0,1,1,0,0,1,0,0,1,1,0,0,0,0,0,0,0,0,1,0,0,1,0,0,0,1,1,0
40759982,아반떼,아반떼 AD,62,880,125060,1582,5,8,2,0,0,1,1,0,1,1,1,0,1,1,0,0,0,0,0,0,0,0,1,0,0,1,0,0,0,1,0,1
40768092,그랜저,그랜저 HG,27,950,93534,2999,5,12,0,1,1,1,1,1,1,1,1,1,1,1,0,0,0,0,0,0,1,0,0,0,0,0,0,1,0,1,0,1
40769262,그랜저,그랜저 HG,27,1180,54843,2359,5,10,5,0,0,1,1,1,1,1,1,0,1,1,0,0,0,0,0,0,1,0,0,0,0,0,1,0,0,1,0,1
40771022,그랜저,그랜저 HG,27,450,169822,2359,5,15,13,1,0,1,1,1,1,1,1,0,1,1,0,0,0,0,0,0,1,0,0,0,0,0,1,0,0,1,0,1
40773550,그랜저,그랜저 IG,27,900,191601,2999,5,9,2,0,0,0,0,0,0,0,0,0,0,1,0,0,0,0,0,1,0,0,0,0,0,0,0,1,0,1,0,1
40777185,캐스퍼,캐스퍼,88,1680,32722,998,4,3,6,0,0,1,1,1,1,1,1,1,1,1,0,0,0,0,0,0,1,0,0,0,0,0,0,1,0,1,0,1
40777697,그랜저,그랜저 IG,27,1260,123805,2999,5,9,20,0,1,1,1,1,1,1,1,1,1,1,0,0,0,0,0,1,0,0,0,0,0,1,0,0,0,1,0,1
40781519,캐스퍼,캐스퍼,88,1590,36633,998,4,4,2,0,1,1,1,1,1,1,1,1,1,1,0,0,0,0,0,0,1,0,0,0,0,1,0,0,0,1,0,1
40781592,쏘나타,YF 쏘나타,57,250,210814,1998,5,17,0,0,0,1,0,0,0,0,1,0,0,1,0,0,0,0,0,0,1,0,0,0,0,1,0,0,0,1,0,1
40784069,스타렉스,그랜드 스타렉스,50,619,203142,2497,5,13,17,0,0,1,0,0,0,0,1,1,1,1,0,0,0,0,0,0,0,0,1,0,0,0,0,1,0,1,1,0
40787185,스타렉스,그랜드 스타렉스,50,1350,58194,2497,3,12,0,0,0,1,0,0,0,0,1,0,1,1,0,0,0,0,0,0,0,0,1,0,0,0,0,1,0,1,1,0
40788824,아반떼,더 뉴 아반떼,62,690,91653,1582,5,13,3,0,0,1,1,1,1,1,1,0,1,1,0,0,0,0,0,0,0,0,1,0,0,1,0,0,0,1,0,1
40789230,캐스퍼,캐스퍼,88,1490,25422,998,4,2,1,0,0,1,0,0,1,0,1,1,1,1,0,0,0,0,0,0,1,0,0,0,0,0,0,1,0,1,0,1
40789371,아반떼,아반떼 MD,62,360,121309,1591,5,14,10,0,0,1,1,1,1,1,1,0,0,1,0,0,0,0,0,0,1,0,0,0,0,0,0,1,0,1,0,1
40789627,그랜저,그랜저 HG,27,750,127226,2999,5,12,7,1,0,1,1,1,1,1,1,1,1,1,0,0,0,0,0,0,1,0,0,0,0,0,0,1,0,1,0,1
40791801,에쿠스,에쿠스(신형),73,1150,63588,3778,5,15,2,0,1,1,1,1,1,1,1,1,1,1,0,0,0,0,0,0,1,0,0,0,0,0,1,0,0,1,0,1
40793721,쏘나타,LF 쏘나타,57,870,111965,1591,5,11,8,0,1,1,1,1,1,1,1,0,1,1,0,0,0,0,0,0,1,0,0,0,0,1,0,0,0,1,0,1
40795451,캐스퍼,캐스퍼,88,1699,27778,998,4,5,0,0,0,1,1,1,1,1,1,1,1,1,0,0,0,0,0,0,1,0,0,0,0,0,0,0,1,1,0,1
40796026,캐스퍼,캐스퍼,88,1550,14719,998,4,4,0,0,0,1,1,1,1,1,1,1,1,1,0,0,0,0,0,0,1,0,0,0,0,0,0,0,1,1,0,1
40797356,캐스퍼,캐스퍼,88,1580,50891,998,4,4,2,0,0,1,1,1,1,1,1,1,1,1,0,0,0,0,0,0,1,0,0,0,0,1,0,0,0,1,0,1
40799617,아반떼,아반떼 (CN7),62,1650,68754,1598,5,5,16,0,1,1,1,1,1,1,1,1,1,1,0,0,0,0,0,0,1,0,0,0,0,0,0,0,1,1,0,1
40800618,제네시스 쿠페,제네시스 쿠페,82,477,118991,1998,4,16,12,1,1,1,1,1,1,1,1,0,1,1,0,0,0,0,0,0,1,0,0,0,0,0,0,0,1,1,0,1
40802145,베라크루즈,베라크루즈,46,890,173994,2959,7,15,13,1,1,1,1,1,1,1,1,0,1,1,0,0,0,0,0,0,0,0,1,0,0,1,0,0,0,1,1,0
40802404,그랜저,그랜저 IG 하이브리드,27,1170,211327,2359,5,8,4,0,1,1,1,1,1,1,1,1,1,1,0,0,0,0,0,0,0,1,0,0,0,0,0,1,0,1,0,1
40803181,투싼,올 뉴 투싼,101,1650,68041,1591,5,9,0,0,1,1,1,1,1,1,1,1,1,1,0,0,0,0,0,0,1,0,0,0,0,0,0,1,0,1,1,0
40806307,쏘나타,NF 쏘나타,57,199,120427,1998,5,20,6,0,0,0,0,0,0,0,0,0,1,1,0,0,0,0,0,1,0,0,0,0,0,0,0,1,0,1,0,1
40810146,쏘나타,YF 쏘나타,57,390,168388,1999,5,14,2,0,0,1,1,1,1,1,1,0,1,1,0,0,0,0,0,0,1,0,0,0,0,1,0,0,0,1,0,1
40811475,그랜저,더 뉴 그랜저 IG,27,1450,159589,3342,5,6,2,0,1,1,1,1,1,1,1,1,1,1,0,0,0,0,0,0,1,0,0,0,0,0,1,0,0,1,0,1
40812286,i30,i30 (PD),24,1299,92928,1591,5,7,10,0,1,1,1,1,1,1,1,1,1,1,0,0,0,0,0,0,1,0,0,0,0,0,0,0,1,1,0,1
40812788,제네시스 쿠페,제네시스 쿠페,82,599,77043,1998,4,15,10,1,1,1,1,1,1,1,1,0,1,1,0,0,0,0,0,0,1,0,0,0,0,1,0,0,0,1,0,1
40813208,제네시스,제네시스 DH,81,1050,153001,3342,5,12,3,1,1,1,1,1,1,1,1,1,1,1,0,0,0,0,0,0,1,0,0,0,0,0,0,1,0,1,0,1
40815048,쏘나타,YF 쏘나타,57,419,107619,1998,5,17,0,1,0,1,1,1,1,1,1,0,1,1,0,0,0,0,0,0,1,0,0,0,0,1,0,0,0,1,0,1
40817102,아반떼,더 뉴 아반떼 AD,62,1450,70139,1598,5,7,0,0,0,1,1,1,1,1,1,0,1,1,0,0,0,0,0,0,1,0,0,0,0,1,0,0,0,1,0,1
40823327,아반떼,아반떼 AD,62,830,107734,1582,5,11,6,0,1,1,1,1,1,1,1,1,1,1,0,0,0,0,0,0,0,0,1,0,0,0,1,0,0,1,0,1
40824981,아슬란,아슬란,64,900,145777,3342,5,11,6,0,1,1,1,1,1,1,1,1,1,1,0,0,0,0,0,0,1,0,0,0,0,0,1,0,0,1,0,1
40834706,쏘나타,YF 쏘나타,57,378,180585,1998,5,15,0,0,0,1,1,1,1,1,1,1,1,1,0,0,0,0,0,0,1,0,0,0,0,0,1,0,0,1,0,1
40840618,코나,코나,91,1410,72693,1591,5,8,5,0,0,1,1,0,1,1,1,0,1,1,0,0,0,0,0,0,1,0,0,0,0,1,0,0,0,1,1,0
40841110,쏘나타,LF 쏘나타,57,890,30258,1999,5,11,6,0,0,1,1,1,1,1,1,0,1,1,0,0,0,0,0,0,1,0,0,0,0,0,0,1,0,1,0,1
40841688,에쿠스,에쿠스(신형),73,790,201065,3778,5,12,2,0,1,1,1,1,1,1,1,1,1,1,0,0,0,0,0,0,1,0,0,0,0,0,1,0,0,1,0,1
40841888,그랜저,그랜저 HG,27,880,143950,2359,5,10,2,1,1,1,1,1,1,1,1,1,1,1,0,0,0,0,0,0,1,0,0,0,0,1,0,0,0,1,0,1
40843227,그랜저,그랜저 IG 하이브리드,27,1199,215148,2359,5,9,6,1,1,1,1,1,1,1,1,1,1,1,0,0,0,0,0,0,0,1,0,0,0,1,0,0,0,1,0,1
40843274,제네시스,제네시스 DH,81,1299,99841,3778,5,12,1,0,1,1,1,1,1,1,1,1,1,1,0,0,0,0,0,0,1,0,0,0,0,0,1,0,0,1,0,1
40846536,베뉴,베뉴,45,1120,163513,1598,5,6,5,0,1,1,1,1,1,1,1,0,1,1,0,0,0,0,0,0,1,0,0,0,0,0,0,0,1,1,1,0
40847541,벨로스터,벨로스터 (JS),47,1690,99443,1998,4,6,7,1,1,1,1,1,1,1,1,1,1,1,0,0,0,0,0,0,1,0,0,0,0,0,1,0,0,0,0,1
40847586,그랜저,그랜저 HG,27,730,134013,2359,5,12,9,1,0,1,1,1,1,1,1,1,1,1,0,0,0,0,0,0,1,0,0,0,0,1,0,0,0,1,0,1
40850048,아반떼,더 뉴 아반떼 하이브리드 (CN7),62,678,56000,1598,5,4,2,0,0,0,0,0,0,0,0,0,0,1,0,0,0,0,0,0,0,1,0,0,0,1,0,0,0,1,0,1
40850226,그랜저,그랜저 HG,27,650,165523,2359,5,11,12,0,0,1,1,1,1,1,1,0,1,1,0,0,0,0,0,0,1,0,0,0,0,1,0,0,0,1,0,1
40852438,쏘나타,LF 쏘나타,57,790,154535,1999,5,11,12,0,0,1,1,1,1,1,1,1,1,1,0,0,0,0,0,0,1,0,0,0,0,0,1,0,0,1,0,1
40853602,싼타페,싼타페 DM,56,930,149679,1995,5,11,0,0,0,1,1,1,1,1,1,0,1,1,0,0,0,0,0,0,0,0,1,0,0,1,0,0,0,1,1,0
40855459,스타렉스,그랜드 스타렉스,50,699,54748,2497,12,14,4,0,0,1,1,0,0,1,1,0,1,1,0,0,0,0,0,0,0,0,1,0,0,0,0,1,0,0,1,0
40859687,에쿠스,에쿠스(신형),73,1168,95806,3778,5,12,6,0,1,1,1,1,1,1,1,1,1,1,0,0,0,0,0,0,1,0,0,0,0,0,1,0,0,1,0,1
40860878,쏘나타,쏘나타 하이브리드,57,335,195527,1999,5,14,2,1,1,1,1,1,1,1,1,1,1,1,0,0,0,0,0,0,0,1,0,0,0,0,0,1,0,1,0,1
40864334,스타렉스,그랜드 스타렉스,50,549,223890,2497,5,11,0,0,0,1,1,0,0,0,1,1,1,1,0,0,0,0,0,0,0,0,1,0,0,0,0,1,0,0,1,0
40864726,코나,코나,91,1390,69400,1591,5,8,0,0,0,1,1,1,1,1,1,1,1,1,0,0,0,0,0,0,1,0,0,0,0,0,0,0,1,1,1,0
40865313,투싼,올 뉴 투싼,101,1030,98204,1685,5,10,5,1,0,1,1,0,0,1,0,0,0,1,0,0,0,0,0,0,0,0,1,0,0,1,0,0,0,1,1,0
40866348,그랜저,그랜저 HG,27,580,176073,2359,5,12,4,0,0,1,1,1,1,1,1,0,1,1,0,0,0,0,0,0,1,0,0,0,0,1,0,0,0,1,0,1
40866414,그랜저,그랜저 IG,27,1250,130320,2999,5,8,6,0,0,1,1,1,1,1,1,1,1,1,0,0,0,0,0,1,0,0,0,0,0,0,0,1,0,1,0,1
40869432,아반떼,아반떼 (CN7),62,1620,81248,1598,5,5,5,0,0,1,1,1,1,1,1,1,1,1,0,0,0,0,0,0,1,0,0,0,0,0,1,0,0,1,0,1
40871312,그랜저,그랜저 뉴 럭셔리,27,450,46354,2656,5,18,12,0,0,1,1,1,0,1,1,0,1,1,0,0,0,0,0,0,1,0,0,0,0,0,0,1,0,1,0,1
40871647,쏘나타,LF 쏘나타 하이브리드,57,1050,71047,1999,5,10,18,0,1,1,1,1,1,1,1,1,1,1,0,0,0,0,0,0,0,1,0,0,0,0,0,1,0,1,0,1
40873016,i40,더 뉴 i40 살룬,25,499,272293,1685,5,11,8,1,1,1,1,1,1,1,1,1,1,1,0,0,0,0,0,0,0,0,1,0,0,0,1,0,0,1,0,1
40873904,제네시스,제네시스,81,550,109646,3778,5,15,14,1,1,1,1,1,1,1,1,1,1,1,0,0,0,0,0,0,1,0,0,0,0,1,0,0,0,1,0,1
40875829,i40,i40 살룬,25,750,117574,1685,5,13,0,1,1,1,1,1,1,1,1,1,1,1,0,0,0,0,0,0,0,0,1,0,0,1,0,0,0,1,0,1
40876488,그랜저,그랜저 HG,27,399,189337,2359,5,14,5,0,0,1,1,1,1,1,1,0,1,1,0,0,0,0,0,0,1,0,0,0,0,0,1,0,0,1,0,1
40876805,맥스크루즈,더 뉴 맥스크루즈,41,1399,99508,2199,7,11,2,0,0,1,1,1,1,1,1,1,1,1,0,0,0,0,0,0,0,0,1,0,0,0,0,1,0,1,1,0
40876819,베라크루즈,베라크루즈,46,430,179038,2959,7,17,4,1,0,1,1,1,0,1,1,0,1,1,0,0,0,0,0,0,0,0,1,0,0,0,0,1,0,1,1,0
40879100,스타렉스,그랜드 스타렉스,50,640,116136,2497,5,16,12,0,0,1,0,0,0,0,0,0,1,1,0,0,0,0,0,0,0,0,1,0,0,0,0,1,0,1,1,0
40879357,그랜저,그랜저 IG,27,1450,96262,2999,5,10,9,1,0,1,1,1,1,1,1,1,1,1,0,0,0,0,0,0,1,0,0,0,0,0,1,0,0,1,0,1
40879915,캐스퍼,캐스퍼,88,1690,41303,998,4,4,1,1,0,1,1,1,1,1,1,1,1,1,0,0,0,0,0,0,1,0,0,0,0,0,0,1,0,1,0,1
40885858,쏘나타,쏘나타 하이브리드,57,650,139912,1999,5,12,8,0,0,1,1,1,1,1,1,0,1,1,0,0,0,0,0,0,0,1,0,0,0,1,0,0,0,1,0,1
40886180,싼타페,싼타페 CM,56,390,146134,1995,7,17,19,1,0,1,0,1,0,0,1,0,1,1,0,0,0,0,0,0,0,0,1,0,0,1,0,0,0,1,1,0
40888463,쏘나타,쏘나타 (DN8),57,1670,34823,1598,5,5,11,0,1,1,1,1,1,1,1,1,1,1,0,0,0,0,0,0,1,0,0,0,0,0,1,0,0,1,0,1
40889677,제네시스,제네시스,81,470,133030,3778,5,18,7,1,1,1,1,1,1,1,1,1,1,1,0,0,0,0,0,0,1,0,0,0,0,0,1,0,0,1,0,1
40890884,싼타페,싼타페 DM,56,1555,61052,2199,7,12,12,0,0,1,0,1,1,0,1,1,1,1,0,0,0,0,0,0,0,0,1,0,0,0,0,0,1,0,1,0
40891067,베라크루즈,베라크루즈,46,980,109509,2959,7,15,6,1,1,1,1,1,1,1,1,0,1,1,0,0,0,0,0,0,0,0,1,0,0,0,0,1,0,1,1,0
40891226,아이오닉,아이오닉 일렉트릭,65,1449,64446,78,5,9,2,0,1,1,1,1,1,1,1,1,1,1,0,0,0,0,0,0,0,0,0,1,0,0,0,0,1,1,0,1
40891966,스타렉스,그랜드 스타렉스,50,990,145286,2497,12,13,2,0,0,1,0,0,0,0,1,1,1,1,0,0,0,0,0,0,0,0,1,0,0,0,0,1,0,1,1,0
40892100,그랜저,그랜저 HG,27,850,194560,2999,5,10,2,0,1,1,1,1,1,1,1,1,1,1,0,0,0,0,0,0,1,0,0,0,0,0,1,0,0,1,0,1
40892533,그랜저,그랜저 IG,27,1450,119764,2999,5,9,2,0,0,1,1,1,1,1,1,0,1,1,0,0,0,0,0,1,0,0,0,0,0,1,0,0,0,1,0,1
40893495,싼타페,싼타페 더 프라임,56,990,247409,1995,5,11,2,0,1,1,1,1,1,1,1,1,1,1,0,0,0,0,0,0,0,0,1,0,0,0,1,0,0,1,1,0
40895608,제네시스 쿠페,제네시스 쿠페,82,599,112947,3778,4,16,2,1,1,1,0,1,1,1,1,0,1,1,0,0,0,0,0,0,1,0,0,0,0,0,0,1,0,1,0,1
40897571,쏘나타,쏘나타 뉴 라이즈 하이브리드,57,1440,53166,1999,5,9,1,0,0,1,0,1,1,0,1,0,1,1,0,0,0,0,0,0,0,1,0,0,0,0,0,1,0,1,0,1
40915913,벨로스터,벨로스터 (JS),47,1280,81593,1591,4,8,1,1,1,1,1,1,1,1,1,1,1,1,0,0,0,0,0,0,1,0,0,0,0,0,0,0,1,1,0,1
40916494,제네시스,제네시스,81,450,198583,3342,5,16,15,0,0,1,1,1,1,1,1,0,1,1,0,0,0,0,0,0,1,0,0,0,0,0,0,1,0,1,0,1
40916970,싼타페,싼타페 더 프라임,56,950,157565,1995,5,11,10,0,0,1,1,1,1,1,1,1,1,1,0,0,0,0,0,0,0,0,1,0,0,0,0,1,0,1,1,0
40919049,그랜저,그랜저 HG,27,790,102942,2359,5,13,2,0,0,0,0,0,0,0,0,0,0,1,0,0,0,0,0,0,1,0,0,0,0,1,0,0,0,1,0,1
40920031,투싼,올 뉴 투싼,101,1620,95399,1995,5,8,1,1,1,1,1,1,1,1,1,1,1,1,0,0,0,0,0,0,0,0,1,0,0,0,0,0,1,1,1,0
40920652,i30,i30 (PD),24,1190,100815,1353,5,8,3,0,1,1,1,1,1,1,1,0,1,1,0,0,0,0,0,0,1,0,0,0,0,0,0,1,0,1,0,1
40921302,스타렉스,그랜드 스타렉스,50,550,272090,2497,5,11,7,0,0,1,0,0,0,0,1,0,1,1,0,0,0,0,0,0,0,0,1,0,0,1,0,0,0,1,1,0
40921558,그랜저,그랜저 IG,27,1520,106341,2359,5,7,0,0,1,1,1,1,1,1,1,1,1,1,0,0,0,0,0,0,1,0,0,0,0,0,1,0,0,1,0,1
40921824,그랜저,그랜저 HG,27,630,146523,2359,5,13,9,0,1,1,1,1,1,0,1,0,1,1,0,0,0,0,0,0,1,0,0,0,0,0,0,1,0,1,0,1
40922475,아반떼,아반떼 AD,62,780,90217,1582,5,11,10,0,0,1,1,0,1,1,1,0,1,1,0,0,0,0,0,0,0,0,1,0,0,0,0,1,0,1,0,1
40926748,캐스퍼,캐스퍼,88,1300,101952,998,4,4,5,0,0,1,1,1,1,1,1,1,1,1,0,0,0,0,0,0,1,0,0,0,0,0,0,0,1,1,0,1
40928431,그랜저,그랜저 IG,27,1500,127812,2999,5,8,9,0,1,1,1,1,1,1,1,1,1,1,0,0,0,0,0,0,1,0,0,0,0,0,0,1,0,1,0,1
40934592,에쿠스,에쿠스(신형),73,490,154087,3778,5,15,5,0,1,1,1,1,1,1,1,0,1,1,0,0,0,0,0,0,1,0,0,0,0,0,1,0,0,1,0,1
40934870,투싼,올 뉴 투싼,101,1249,132375,1598,5,8,3,0,0,1,1,1,1,1,1,0,1,1,0,0,0,0,0,0,0,0,1,0,0,1,0,0,0,1,1,0
40935533,캐스퍼,캐스퍼,88,1499,30580,998,4,4,2,0,0,1,1,1,1,1,1,1,1,1,0,0,0,0,0,0,1,0,0,0,0,0,0,0,1,1,0,1
40939359,쏘나타,LF 쏘나타 하이브리드,57,699,199638,1999,5,11,4,1,0,1,1,1,1,1,1,0,1,1,0,0,0,0,0,0,0,1,0,0,0,0,0,1,0,1,0,1
40940007,i30,i30 (PD),24,777,154602,1582,5,8,2,0,0,1,0,0,0,0,0,0,1,1,0,0,0,0,0,0,0,0,1,0,0,0,0,1,0,1,0,1
40941427,코나,코나,91,1150,151302,1591,5,8,0,0,1,1,1,1,1,1,1,1,1,1,0,0,0,0,0,0,1,0,0,0,0,0,0,0,1,1,1,0
40945019,투싼,투싼 ix,101,465,158972,1995,5,17,8,0,0,1,1,1,0,1,1,0,1,1,0,0,0,0,0,0,0,0,1,0,0,0,0,1,0,1,1,0
40945204,스타렉스,그랜드 스타렉스,50,550,239423,2497,12,15,10,0,0,0,1,0,0,1,1,0,1,1,0,0,0,0,0,0,0,0,1,0,0,0,0,1,0,1,1,0
40947477,쏘나타,LF 쏘나타,57,869,112479,1999,5,12,0,0,0,1,1,1,1,1,1,0,1,1,0,0,0,0,0,0,1,0,0,0,0,0,0,1,0,1,0,1
40950722,스타렉스,더 뉴 그랜드 스타렉스,50,1590,138210,2497,15,8,4,0,0,1,1,0,0,1,1,0,1,1,0,0,0,0,0,0,0,0,1,0,0,0,0,0,1,1,1,0
40952238,싼타페,싼타페 DM,56,1130,92499,1995,5,11,2,0,0,0,0,0,0,0,0,0,0,1,0,0,0,0,0,0,0,0,1,0,0,1,0,0,0,1,1,0
40955073,쏘나타,YF 쏘나타,57,430,136187,1998,5,16,9,0,0,1,1,1,0,1,1,0,1,1,0,0,0,0,0,0,1,0,0,0,0,0,1,0,0,1,0,1
40956337,아반떼,아반떼 MD,62,640,52628,1591,5,13,12,1,0,1,1,1,1,1,1,0,1,1,0,0,0,0,0,0,1,0,0,0,0,1,0,0,0,1,0,1
40957072,스타렉스,그랜드 스타렉스,50,1120,129525,2497,5,10,6,0,0,1,1,0,0,0,1,0,1,1,0,0,0,0,0,0,0,0,1,0,0,0,1,0,0,1,1,0
40959820,싼타페,싼타페 TM,56,1599,141491,2199,7,7,4,0,0,1,1,1,1,1,1,1,1,1,0,0,0,0,0,0,0,0,1,0,0,0,0,0,1,1,1,0
40961149,쏘나타,쏘나타 (DN8),57,1570,40228,1999,5,6,3,0,0,1,1,0,0,0,1,0,1,1,0,0,0,0,0,0,1,0,0,0,0,0,1,0,0,1,0,1
40963155,그랜저,그랜저 HG,27,870,163167,2199,5,11,4,1,1,1,1,1,1,1,1,1,1,1,0,0,0,0,0,0,0,0,1,0,0,1,0,0,0,1,0,1
40966864,맥스크루즈,더 뉴 맥스크루즈,41,1650,111130,3342,7,11,0,0,1,1,1,1,1,1,1,1,1,1,0,0,0,0,0,0,1,0,0,0,0,0,0,0,1,1,1,0
40968884,그랜저,그랜저 HG,27,449,149208,2999,5,15,2,0,0,0,0,0,0,0,0,0,0,1,0,0,0,0,0,0,1,0,0,0,0,0,1,0,0,1,0,1
40972109,캐스퍼,캐스퍼,88,1390,38918,998,4,3,1,1,0,1,1,0,0,0,0,0,1,1,0,0,0,0,0,0,1,0,0,0,0,0,0,0,1,1,0,1
40972143,코나,코나,91,1090,130132,1591,5,8,7,0,1,1,1,1,1,1,1,1,1,1,0,0,0,0,0,0,1,0,0,0,0,0,0,0,1,1,1,0
40972208,아반떼,아반떼 AD,62,1150,96693,1591,5,8,11,0,0,1,1,0,1,1,1,0,1,1,0,0,0,0,0,0,1,0,0,0,0,1,0,0,0,1,0,1
40973177,싼타페,싼타페 CM,56,329,218492,1995,7,16,2,0,0,1,1,1,0,1,1,0,1,1,0,0,0,0,0,0,0,0,1,0,0,1,0,0,0,1,1,0
40973284,제네시스,제네시스,81,600,77134,3342,5,17,10,0,0,1,1,1,0,1,1,0,1,1,0,0,0,0,0,0,1,0,0,0,0,0,0,1,0,1,0,1
40973324,i30,i30,24,400,70555,1591,5,18,6,1,0,0,0,1,0,0,1,0,0,1,0,0,0,0,0,0,1,0,0,0,0,0,0,1,0,1,0,1
40973749,캐스퍼,캐스퍼,88,1439,68561,998,4,5,9,0,0,1,1,1,1,1,1,1,1,1,0,0,0,0,0,0,1,0,0,0,0,1,0,0,0,1,0,1
40975070,쏘나타,LF 쏘나타 하이브리드,57,1050,111905,1999,5,10,6,1,0,1,1,1,1,1,1,1,1,1,0,0,0,0,0,0,0,1,0,0,0,0,0,0,1,1,0,1
40976716,에쿠스,에쿠스(신형),73,730,176710,5038,4,14,10,0,1,1,1,1,1,1,1,1,1,1,0,0,0,0,0,0,1,0,0,0,0,0,1,0,0,1,0,1
40977355,쏘나타,쏘나타 뉴 라이즈,57,1080,90251,1685,5,9,4,0,0,1,1,1,1,0,1,0,1,1,0,0,0,0,0,0,0,0,1,0,0,0,0,1,0,1,0,1
40983254,엑센트,엑센트(신형),74,469,142818,1591,5,11,7,0,0,1,1,1,0,1,1,0,1,1,0,0,0,0,0,0,1,0,0,0,0,1,0,0,0,1,0,1
40985186,맥스크루즈,맥스크루즈,41,1120,202089,2199,7,11,3,1,1,1,1,1,1,1,1,1,1,1,0,0,0,0,0,0,0,0,1,0,0,0,0,1,0,1,1,0
40985298,그랜저,그랜저 HG 하이브리드,27,720,165130,2359,5,12,6,0,0,1,1,1,1,1,1,0,1,1,0,0,0,0,0,0,0,1,0,0,0,0,1,0,0,1,0,1
40985682,싼타페,싼타페 DM,56,1230,40342,1995,7,13,13,0,0,1,0,1,1,0,1,1,1,1,0,0,0,0,0,0,0,0,1,0,0,1,0,0,0,1,1,0
40989782,그랜저,더 뉴 그랜저 IG,27,1550,167371,2497,5,6,4,0,1,1,1,1,1,1,1,1,1,1,0,0,0,0,0,0,1,0,0,0,0,1,0,0,0,1,0,1
40992614,벨로스터,벨로스터 (JS),47,990,121021,1591,4,8,2,0,0,0,0,0,0,0,0,0,0,1,0,0,0,0,0,0,1,0,0,0,0,0,0,0,1,1,0,1
40994302,투싼,올 뉴 투싼,101,1190,113637,1995,5,9,6,0,0,1,1,0,1,1,1,0,1,1,0,0,0,0,0,0,0,0,1,0,0,0,0,1,0,1,1,0
40996893,아반떼,아반떼 AD,62,1090,94385,1591,5,8,4,0,0,1,1,0,1,0,1,0,1,1,0,0,0,0,0,0,1,0,0,0,0,1,0,0,0,1,0,1
40997305,스타렉스,더 뉴 그랜드 스타렉스,50,1650,82001,2497,5,7,4,0,0,1,1,0,0,1,1,1,1,1,0,0,0,0,0,0,0,0,1,0,0,0,1,0,0,1,1,0
40998531,캐스퍼,캐스퍼,88,1639,28313,998,4,4,2,0,0,1,1,1,1,1,1,1,1,1,0,0,0,0,0,0,1,0,0,0,0,0,0,0,1,1,0,1
40998893,베라크루즈,베라크루즈,46,980,223097,2959,7,13,7,0,1,1,1,1,1,1,1,1,1,1,0,0,0,0,0,0,0,0,1,0,0,0,0,1,0,1,1,0
40999935,스타렉스,그랜드 스타렉스,50,1570,42826,2497,5,10,2,0,0,1,1,0,0,1,1,0,1,1,0,0,0,0,0,0,0,0,1,0,0,0,0,1,0,1,1,0
40999994,벨로스터,벨로스터 (JS),47,850,117372,1353,4,8,9,1,0,1,1,1,1,1,1,0,0,1,0,0,0,0,0,0,1,0,0,0,0,0,0,0,1,1,0,1
41004663,쏘나타,쏘나타 (DN8),57,1690,85955,1999,5,4,5,0,1,1,1,1,1,1,1,0,1,1,0,0,0,0,0,0,1,0,0,0,0,1,0,0,0,1,0,1
41005242,스타렉스,그랜드 스타렉스,50,740,85575,2497,12,13,8,0,0,1,1,0,0,1,1,0,1,1,0,0,0,0,0,0,0,0,1,0,0,0,0,0,1,1,1,0
41006500,제네시스,제네시스,81,560,129262,3342,5,15,11,0,1,1,1,1,1,1,1,1,1,1,0,0,0,0,0,0,1,0,0,0,0,0,0,1,0,1,0,1
41008600,아반떼,아반떼 AD,62,940,154425,1591,5,9,6,0,1,1,1,1,1,1,1,1,1,1,0,0,0,0,0,0,1,0,0,0,0,0,0,1,0,1,0,1
41008815,싼타페,싼타페 더 프라임,56,1055,159555,1995,5,10,4,0,0,1,1,1,1,1,1,0,1,1,0,0,0,0,0,0,0,0,1,0,0,1,0,0,0,1,1,0
41008902,스타렉스,그랜드 스타렉스,50,1120,129064,2497,11,13,4,0,0,1,1,1,0,1,1,1,1,1,0,0,0,0,0,0,0,0,1,0,0,0,0,1,0,1,1,0
41009348,투싼,올 뉴 투싼,101,1130,73701,1685,5,10,14,0,0,1,1,1,1,1,1,0,1,1,0,0,0,0,0,0,0,0,1,0,0,0,0,1,0,1,1,0
41010239,아반떼,더 뉴 아반떼 AD,62,1190,88148,1598,5,7,2,0,0,1,1,1,1,1,1,0,1,1,0,0,0,0,0,0,1,0,0,0,0,0,0,1,0,1,0,1
41011376,엑센트,엑센트(신형),74,500,110056,1399,5,15,5,0,0,1,0,0,0,0,1,0,1,1,0,0,0,0,0,0,1,0,0,0,0,1,0,0,0,1,0,1
41011886,스타렉스,그랜드 스타렉스,50,1490,68662,2497,5,9,5,0,0,1,1,0,0,1,1,0,1,1,0,0,0,0,0,0,0,0,1,0,0,0,0,1,0,1,1,0
41013925,벨로스터,벨로스터,47,560,67915,1591,4,15,4,1,0,1,1,1,1,1,1,0,1,1,0,0,0,0,0,0,1,0,0,0,0,1,0,0,0,1,0,1
41014533,에쿠스,에쿠스(신형),73,550,144698,4627,5,17,2,1,1,1,1,1,1,1,1,1,1,1,0,0,0,0,0,0,1,0,0,0,0,0,1,0,0,1,0,1
41014597,아반떼,아반떼 AD,62,1030,92452,1591,5,10,1,0,0,1,1,0,1,1,1,0,1,1,0,0,0,0,0,0,1,0,0,0,0,1,0,0,0,1,0,1
41015854,투싼,올 뉴 투싼,101,1690,90254,1995,5,8,1,0,0,1,1,1,1,1,1,1,1,1,0,0,0,0,0,0,0,0,1,0,0,1,0,0,0,1,1,0
41016222,캐스퍼,캐스퍼,88,1680,11709,998,4,4,11,1,0,1,1,1,1,1,1,1,1,1,0,0,0,0,0,0,1,0,0,0,0,1,0,0,0,1,0,1
41016490,맥스크루즈,맥스크루즈,41,1190,111111,2199,7,12,0,1,1,1,1,1,1,1,1,1,1,1,0,0,0,0,0,0,0,0,1,0,0,0,0,1,0,1,1,0
41017960,아반떼,아반떼 (CN7),62,1450,96208,1598,5,4,6,0,0,1,1,1,1,1,1,0,1,1,0,0,0,0,0,0,1,0,0,0,0,1,0,0,0,1,0,1
41019342,제네시스,제네시스,81,280,263359,3342,5,17,12,0,0,0,1,1,0,1,1,0,1,1,0,0,0,0,0,0,1,0,0,0,0,0,1,0,0,1,0,1
41019987,쏘나타,YF 쏘나타,57,379,138495,1999,5,14,10,0,0,1,1,1,1,1,1,0,1,1,0,0,0,0,0,0,1,0,0,0,0,0,0,1,0,1,0,1
41020456,i30,i30(신형),24,699,75156,1591,5,13,2,0,0,1,1,1,1,1,1,0,1,1,0,0,0,0,0,0,1,0,0,0,0,0,0,1,0,1,0,1
41020682,그랜저,그랜저 HG,27,470,196557,2359,5,12,6,0,1,1,1,1,1,1,1,1,1,1,0,0,0,0,0,0,1,0,0,0,0,0,1,0,0,1,0,1
41021147,스타렉스,그랜드 스타렉스,50,499,140502,2497,11,19,2,1,0,1,1,0,0,1,1,0,1,1,0,0,0,0,0,0,0,0,1,0,0,0,0,1,0,1,1,0
41021653,그랜저,그랜저 HG,27,970,107175,2359,5,12,6,1,1,1,1,1,1,1,1,0,1,1,0,0,0,0,0,0,1,0,0,0,0,1,0,0,0,1,0,1
41025171,그랜저,더 뉴 그랜저 IG,27,1630,178252,2497,5,6,2,0,1,1,1,1,1,1,1,1,1,1,0,0,0,0,0,0,1,0,0,0,0,0,1,0,0,1,0,1
41028815,스타렉스,그랜드 스타렉스,50,750,172883,2497,5,12,14,0,0,1,1,0,0,1,1,0,1,1,0,0,0,0,0,0,0,0,1,0,0,0,0,1,0,1,1,0
41030342,벨로스터,벨로스터 (JS),47,1090,147470,1591,4,7,2,1,1,1,1,1,1,1,1,1,1,1,0,0,0,0,0,0,1,0,0,0,0,0,1,0,0,1,0,1
41032442,아반떼,아반떼 (CN7),62,1650,65613,1598,5,5,4,0,1,1,1,1,1,1,1,1,1,1,0,0,0,0,0,0,1,0,0,0,0,0,0,0,1,1,0,1
41033162,그랜저,그랜저 HG,27,390,185723,2999,5,15,9,0,0,1,1,1,1,1,1,0,1,1,0,0,0,0,0,1,0,0,0,0,0,0,1,0,0,1,0,1
41033458,쏘나타,쏘나타 더 브릴리언트,57,430,192315,1999,5,13,6,0,0,1,1,0,1,1,0,0,1,1,0,0,0,0,0,1,0,0,0,0,0,1,0,0,0,1,0,1
41033727,에쿠스,에쿠스(신형),73,890,207925,5038,4,13,6,0,1,1,1,1,1,0,1,1,1,1,0,0,0,0,0,0,1,0,0,0,0,0,1,0,0,1,0,1
41037118,그랜저,그랜저 IG,27,1570,83546,2999,5,10,3,0,0,1,1,1,1,1,1,1,1,1,0,0,0,0,0,0,1,0,0,0,0,0,0,1,0,1,0,1
41037259,캐스퍼,캐스퍼,88,1480,72997,998,4,4,6,0,0,1,1,1,1,1,1,1,1,1,0,0,0,0,0,0,1,0,0,0,0,1,0,0,0,1,0,1
41038107,캐스퍼,캐스퍼,88,1590,55818,998,4,4,1,0,0,1,1,1,1,1,1,1,1,1,0,0,0,0,0,0,1,0,0,0,0,0,0,0,1,1,0,1
41038440,스타렉스,그랜드 스타렉스,50,960,142473,2497,12,10,6,0,0,1,0,0,0,0,1,0,1,1,0,0,0,0,0,0,0,0,1,0,0,0,0,1,0,1,1,0
41041058,제네시스,제네시스,81,499,177870,3778,5,13,4,0,0,1,1,1,1,0,1,0,1,1,0,0,0,0,0,0,1,0,0,0,0,0,0,1,0,1,0,1
41041954,그랜저,그랜저 IG,27,1360,119407,2999,5,8,8,0,0,1,1,1,1,1,1,1,1,1,0,0,0,0,0,1,0,0,0,0,0,1,0,0,0,1,0,1
41042291,i30,i30 (PD),24,1150,61183,1353,5,9,1,0,0,1,1,0,1,1,1,1,1,1,0,0,0,0,0,0,1,0,0,0,0,0,0,0,1,1,0,1
41042809,싼타페,싼타페 DM,56,1050,92088,1995,7,12,2,0,0,1,1,0,1,1,1,0,1,1,0,0,0,0,0,0,0,0,1,0,0,1,0,0,0,1,1,0
41043265,그랜저,그랜저 HG 하이브리드,27,450,230436,2359,5,11,6,0,0,1,1,1,1,1,1,0,1,1,0,0,0,0,0,0,0,1,0,0,0,0,0,1,0,1,0,1
41043688,투싼,올 뉴 투싼,101,1395,95103,1995,5,11,2,0,1,1,1,1,1,1,1,1,1,1,0,0,0,0,0,0,0,0,1,0,0,1,0,0,0,1,1,0
41043876,그랜저,그랜저 HG,27,899,35186,2359,5,11,8,0,0,1,1,1,1,1,1,0,1,1,0,0,0,0,0,0,1,0,0,0,0,0,0,1,0,1,0,1
41050327,아반떼,아반떼 MD,62,680,35791,1591,5,15,1,0,0,1,1,0,0,1,0,0,0,1,0,0,0,0,0,0,1,0,0,0,0,1,0,0,0,1,0,1
41054727,그랜저,그랜저 HG,27,590,146712,2999,5,14,4,0,0,1,1,1,1,1,1,1,1,1,0,0,0,0,0,0,1,0,0,0,0,0,1,0,0,1,0,1
41054962,아반떼,아반떼 MD,62,299,173939,1591,5,14,13,0,0,1,0,1,1,0,1,0,0,1,0,0,0,0,0,0,1,0,0,0,0,0,0,1,0,1,0,1
41056961,아반떼,아반떼 MD,62,570,51890,1591,5,15,2,0,0,1,0,1,1,0,1,0,1,1,0,0,0,0,0,0,1,0,0,0,0,0,0,1,0,1,0,1
41057793,에쿠스,에쿠스(신형),73,290,339921,3778,5,16,10,0,1,1,1,1,1,1,1,1,1,1,0,0,0,0,0,0,1,0,0,0,0,0,0,1,0,1,0,1
41057857,제네시스 쿠페,제네시스 쿠페,82,350,121131,1998,4,18,9,1,1,1,0,1,1,0,1,0,1,1,0,0,0,0,0,0,1,0,0,0,0,0,0,1,0,1,0,1
41058400,제네시스,제네시스,81,330,166819,3342,5,17,9,0,0,1,1,1,1,0,1,0,1,1,0,0,0,0,0,0,1,0,0,0,0,0,1,0,0,1,0,1
41059134,그랜저,그랜저 HG,27,1220,58768,2999,5,10,4,0,0,1,1,1,1,1,1,1,1,1,0,0,0,0,0,1,0,0,0,0,0,0,1,0,0,1,0,1
41059263,스타렉스,그랜드 스타렉스,50,790,264532,2359,3,16,17,0,0,0,1,0,0,1,1,0,1,1,0,0,0,0,0,1,0,0,0,0,0,1,0,0,0,1,1,0
41061323,투싼,올 뉴 투싼,101,1130,115565,1685,5,11,4,0,0,1,1,1,1,1,1,1,1,1,0,0,0,0,0,0,0,0,1,0,0,1,0,0,0,1,1,0
41063954,쏘나타,YF 쏘나타,57,327,138641,1998,5,17,0,0,0,1,0,1,1,0,1,0,1,1,0,0,0,0,0,1,0,0,0,0,0,0,0,1,0,1,0,1
41065577,스타렉스,그랜드 스타렉스,50,1150,79146,2497,12,13,2,1,0,1,1,1,0,1,1,1,1,1,0,0,0,0,0,0,0,0,1,0,0,0,0,0,1,1,1,0
41066773,넥쏘,넥쏘,28,1590,46224,0,5,8,1,1,1,1,1,1,1,1,1,1,1,1,0,0,0,0,0,0,0,0,0,0,1,1,0,0,0,1,1,0
41067516,스타렉스,그랜드 스타렉스,50,410,303572,2497,5,12,11,0,0,1,1,0,0,1,1,0,1,1,0,0,0,0,0,0,0,0,1,0,0,0,0,1,0,1,1,0
41069391,아반떼,아반떼 MD,62,390,90941,1591,5,16,10,0,0,1,1,1,0,1,1,0,0,1,0,0,0,0,0,0,1,0,0,0,0,1,0,0,0,1,0,1
41069489,아반떼,아반떼 AD,62,749,140573,1591,5,10,2,1,0,1,1,1,1,1,1,0,1,1,0,0,0,0,0,0,1,0,0,0,0,0,0,1,0,1,0,1
41069512,캐스퍼,캐스퍼,88,1450,35215,998,4,4,1,0,0,1,0,0,1,0,1,1,1,1,0,0,0,0,0,0,1,0,0,0,0,0,0,0,1,1,0,1
41069991,스타렉스,더 뉴 그랜드 스타렉스,50,1499,137251,2497,3,6,1,0,0,1,0,0,0,0,1,0,1,1,0,0,0,0,0,0,0,0,1,0,0,0,0,1,0,1,1,0
41073893,그랜저,그랜저 IG,27,1270,159844,2999,5,10,2,0,1,1,1,1,1,1,1,1,1,1,0,0,0,0,0,0,1,0,0,0,0,0,1,0,0,1,0,1
41074603,스타렉스,그랜드 스타렉스,50,890,127539,2497,5,9,1,0,0,1,0,0,0,0,1,0,1,1,0,0,0,0,0,0,0,0,1,0,0,0,1,0,0,0,1,0
41075872,베라크루즈,베라크루즈,46,450,253874,2959,7,17,1,1,0,1,1,1,0,1,1,0,1,1,0,0,0,0,0,0,0,0,1,0,0,0,0,1,0,1,1,0
41076805,그랜저,그랜저 IG,27,1390,113062,2359,5,8,5,0,0,1,1,1,1,1,1,1,1,1,0,0,0,0,0,0,1,0,0,0,0,1,0,0,0,1,0,1
41076997,그랜저,그랜저 IG,27,1630,111000,2999,5,7,2,0,1,1,1,1,1,1,1,1,1,1,0,0,0,0,0,0,1,0,0,0,0,0,1,0,0,1,0,1
41078420,아반떼,아반떼 AD,62,630,151844,1582,5,11,8,0,0,1,1,1,1,1,1,0,1,1,0,0,0,0,0,0,0,0,1,0,0,1,0,0,0,1,0,1
41080068,그랜저,그랜저 HG,27,540,119766,2359,5,14,8,1,0,1,1,1,1,1,1,0,1,1,0,0,0,0,0,0,1,0,0,0,0,0,0,1,0,1,0,1
41081120,투싼,올 뉴 투싼,101,1190,125247,1685,5,9,2,0,0,1,1,1,1,1,1,0,1,1,0,0,0,0,0,0,0,0,1,0,0,0,0,1,0,1,1,0
41082769,그랜저,그랜저 IG,27,1350,143604,2359,5,9,1,0,1,1,1,1,1,1,1,1,1,1,0,0,0,0,0,0,1,0,0,0,0,0,1,0,0,1,0,1
41085479,투싼,투싼 ix,101,640,122522,1995,5,14,6,1,0,1,1,1,1,1,1,0,1,1,0,0,0,0,0,0,0,0,1,0,0,1,0,0,0,1,1,0
41085537,아반떼,더 뉴 아반떼,62,770,64406,1591,5,12,0,0,0,1,1,1,1,1,1,0,1,1,0,0,0,0,0,0,1,0,0,0,0,0,0,1,0,1,0,1
41087385,싼타페,싼타페 더 프라임,56,1180,148759,1995,5,10,5,0,0,1,1,1,1,1,1,1,1,1,0,0,0,0,0,0,0,0,1,0,0,1,0,0,0,1,1,0
41088923,투싼,올 뉴 투싼,101,1450,102142,1591,5,10,10,0,1,1,1,1,1,1,1,1,1,1,0,0,0,0,0,0,1,0,0,0,0,0,1,0,0,1,1,0
41089106,스타렉스,더 뉴 그랜드 스타렉스,50,1050,175148,2497,3,8,10,0,0,1,1,0,0,1,0,0,1,1,0,0,0,0,0,0,0,0,1,0,0,0,0,1,0,1,1,0
41089864,엑센트,엑센트(신형),74,750,68057,1368,5,9,8,0,0,1,1,0,1,1,1,0,1,1,0,0,0,0,0,0,1,0,0,0,0,0,0,1,0,1,0,1
41090481,스타렉스,더 뉴 그랜드 스타렉스,50,1390,115397,2497,12,7,10,0,0,1,1,0,0,1,1,0,1,1,0,0,0,0,0,0,0,0,1,0,0,0,0,0,1,1,1,0
41093480,투싼,올 뉴 투싼,101,1090,79606,1685,5,11,8,0,0,1,1,1,1,1,1,0,1,1,0,0,0,0,0,0,0,0,1,0,0,0,0,1,0,1,1,0
41093657,아반떼,아반떼 (CN7),62,1650,99307,1598,5,6,2,0,0,0,0,0,0,0,0,0,0,1,0,0,0,0,0,0,1,0,0,0,0,0,0,1,0,1,0,1
41094155,쏘나타,쏘나타 뉴 라이즈,57,1430,84685,1999,5,9,5,0,1,1,1,1,1,1,1,1,1,1,0,0,0,0,0,0,1,0,0,0,0,0,0,1,0,1,0,1
41094413,스타렉스,더 뉴 그랜드 스타렉스,50,1530,117792,2497,5,5,1,0,0,1,0,0,0,0,1,1,1,1,0,0,0,0,0,0,0,0,1,0,0,0,0,1,0,1,1,0
41094798,엑센트,엑센트(신형),74,520,125910,1582,5,12,2,0,0,1,1,0,0,1,0,0,1,1,0,0,0,0,0,0,0,0,1,0,0,1,0,0,0,1,0,1
41094874,쏘나타,LF 쏘나타,57,900,139939,1999,5,10,1,0,0,1,1,1,1,1,1,0,1,1,0,0,0,0,0,0,1,0,0,0,0,0,1,0,0,1,0,1
41096319,베뉴,베뉴,45,1400,75148,1598,5,6,13,0,0,1,1,1,1,1,1,0,1,1,0,0,0,0,0,0,1,0,0,0,0,0,1,0,0,1,1,0
41097290,스타렉스,그랜드 스타렉스,50,870,157279,2497,3,9,8,0,0,1,1,0,0,0,1,0,1,1,0,0,0,0,0,0,0,0,1,0,0,0,0,1,0,1,1,0
41098039,아반떼,더 뉴 아반떼 AD,62,1290,92356,1598,5,7,2,0,0,1,1,1,1,1,1,0,1,1,0,0,0,0,0,0,1,0,0,0,0,1,0,0,0,1,0,1
41099548,그랜저,그랜저 IG,27,1390,128830,2999,5,8,3,0,0,1,1,1,1,1,1,1,1,1,0,0,0,0,0,1,0,0,0,0,0,0,1,0,0,1,0,1
41100256,싼타페,싼타페 더 프라임,56,1430,91315,1995,5,10,3,0,0,1,1,1,1,1,1,1,1,1,0,0,0,0,0,0,0,0,1,0,0,0,0,1,0,1,1,0
41100970,싼타페,싼타페 CM,56,299,197187,1995,7,15,16,0,0,1,1,1,0,1,1,0,1,1,0,0,0,0,0,0,0,0,1,0,0,0,0,1,0,1,1,0
41101260,그랜저,그랜저 HG,27,780,89338,2359,5,13,4,0,1,1,1,1,1,1,1,1,1,1,0,0,0,0,0,0,1,0,0,0,0,0,0,1,0,1,0,1
41102467,그랜저,그랜저 HG,27,625,152298,2359,5,12,4,1,1,1,1,1,1,1,1,1,1,1,0,0,0,0,0,0,1,0,0,0,0,0,1,0,0,1,0,1
41102929,그랜저,그랜저 IG 하이브리드,27,920,223069,2359,5,8,2,0,0,1,1,1,1,1,1,0,1,1,0,0,0,0,0,0,0,1,0,0,0,0,1,0,0,1,0,1
41103281,싼타페,싼타페 DM,56,1095,135414,2199,5,11,3,0,1,1,1,1,1,1,1,1,1,1,0,0,0,0,0,0,0,0,1,0,0,0,0,1,0,1,1,0
41106005,아반떼,아반떼 MD,62,680,69579,1591,5,14,7,1,0,1,1,1,1,1,1,0,1,1,0,0,0,0,0,0,1,0,0,0,0,1,0,0,0,1,0,1
41106072,스타렉스,그랜드 스타렉스,50,480,283042,2497,5,16,7,0,0,1,1,0,0,0,1,0,0,1,0,0,0,0,0,0,0,0,1,0,0,0,0,1,0,1,1,0
41108843,아반떼,아반떼 MD,62,269,178050,1591,5,16,7,0,0,1,0,1,0,0,1,0,1,1,0,0,0,0,0,0,1,0,0,0,0,0,0,1,0,1,0,1
41110599,베라크루즈,베라크루즈,46,750,109607,2959,7,14,12,0,1,1,0,1,1,0,1,1,1,1,0,0,0,0,0,0,0,0,1,0,0,0,0,1,0,1,1,0
41111113,제네시스,제네시스,81,700,117868,3342,5,14,8,1,1,1,1,1,1,1,1,1,1,1,0,0,0,0,0,0,1,0,0,0,0,0,1,0,0,1,0,1
41112192,스타렉스,그랜드 스타렉스,50,470,186672,2497,5,16,9,0,0,0,0,0,0,0,1,0,1,1,0,0,0,0,0,0,0,0,1,0,0,0,0,1,0,1,1,0
41113397,싼타페,싼타페 더 프라임,56,1150,131336,1995,5,10,6,0,0,1,1,1,1,1,1,0,1,1,0,0,0,0,0,0,0,0,1,0,0,1,0,0,0,1,1,0
41116272,싼타페,싼타페 DM,56,1060,148915,1995,5,12,2,0,1,1,1,1,1,1,1,1,1,1,0,0,0,0,0,0,0,0,1,0,0,0,0,0,1,1,1,0
41119280,쏘나타,쏘나타 하이브리드,57,580,118390,1999,5,13,4,0,0,1,1,1,1,1,1,1,1,1,0,0,0,0,0,0,0,1,0,0,0,0,1,0,0,1,0,1
41119523,쏘나타,YF 쏘나타,57,340,135920,1998,5,16,9,1,0,1,1,1,1,1,1,0,1,1,0,0,0,0,0,0,1,0,0,0,0,1,0,0,0,1,0,1
41120136,싼타페,싼타페 더 프라임,56,1040,133425,1995,5,10,2,0,1,1,1,1,1,1,1,0,1,1,0,0,0,0,0,0,0,0,1,0,0,1,0,0,0,1,1,0
41120147,제네시스 쿠페,더 뉴 제네시스 쿠페,82,1080,174412,3778,4,14,2,1,1,1,0,1,1,1,1,0,1,1,0,0,0,0,0,0,1,0,0,0,0,0,1,0,0,1,0,1
41120180,캐스퍼,캐스퍼,88,1420,104265,998,4,4,2,0,0,1,1,1,1,1,1,1,1,1,0,0,0,0,0,0,1,0,0,0,0,1,0,0,0,1,0,1
41120186,스타렉스,더 뉴 그랜드 스타렉스,50,1600,84401,2497,5,6,1,0,0,1,1,0,0,1,1,1,1,1,0,0,0,0,0,0,0,0,1,0,0,0,1,0,0,1,1,0
41120210,캐스퍼,캐스퍼,88,1520,71394,998,4,4,2,0,0,1,1,1,1,1,1,1,1,1,0,0,0,0,0,0,1,0,0,0,0,1,0,0,0,1,0,1
41121752,싼타페,싼타페 DM,56,1060,107446,1995,5,13,6,0,0,1,1,1,1,1,1,1,1,1,0,0,0,0,0,0,0,0,1,0,0,0,0,1,0,1,1,0
41122252,싼타페,싼타페 DM,56,890,185234,1995,7,11,10,0,0,1,1,1,1,1,1,1,1,1,0,0,0,0,0,0,0,0,1,0,0,0,0,0,1,1,1,0
41123982,싼타페,싼타페 (MX5),56,768,31824,1598,6,2,2,0,1,1,1,1,1,1,1,1,1,1,0,0,0,0,0,0,0,1,0,0,0,0,0,1,0,1,1,0
41124542,제네시스 쿠페,제네시스 쿠페,82,249,190744,1998,4,17,13,1,0,0,0,0,1,1,1,0,1,1,0,0,0,0,0,0,1,0,0,0,0,0,0,1,0,1,0,1
41124638,아반떼,아반떼 MD,62,440,140086,1591,5,14,6,0,0,1,1,1,0,1,1,0,1,1,0,0,0,0,0,0,1,0,0,0,0,0,0,1,0,1,0,1
41126697,싼타페,싼타페 더 프라임,56,1299,138393,1995,5,10,6,0,1,1,1,1,1,1,1,1,1,1,0,0,0,0,0,0,0,0,1,0,0,1,0,0,0,1,1,0
41126781,아반떼,아반떼 AD,62,799,90091,1582,5,11,2,0,0,1,1,1,1,1,1,0,1,1,0,0,0,0,0,0,0,0,1,0,0,1,0,0,0,1,0,1
41127986,아반떼,더 뉴 아반떼 AD,62,1175,126238,1598,5,7,1,0,0,1,1,0,1,1,1,0,1,1,0,0,0,0,0,0,1,0,0,0,0,0,0,1,0,1,0,1
41128987,아반떼,아반떼 MD,62,425,93331,1591,5,16,9,1,0,1,1,1,1,1,1,0,0,1,0,0,0,0,0,0,1,0,0,0,0,0,1,0,0,0,0,1
41129903,제네시스,제네시스 DH,81,760,199407,3342,5,11,1,0,1,1,1,1,1,1,1,1,1,1,0,0,0,0,0,0,1,0,0,0,0,0,0,1,0,1,0,1
41130301,캐스퍼,캐스퍼,88,1690,34814,998,4,4,0,0,0,1,1,1,1,1,1,1,1,1,0,0,0,0,0,0,1,0,0,0,0,0,0,1,0,1,0,1
41130716,제네시스,제네시스,81,650,113159,3342,5,14,1,0,0,1,1,1,1,1,1,1,1,1,0,0,0,0,0,0,1,0,0,0,0,0,1,0,0,1,0,1
41132098,투싼,투싼 ix,101,419,218904,1995,5,15,6,0,0,1,1,1,1,1,1,1,1,1,0,0,0,0,0,0,0,0,1,0,0,0,0,1,0,1,1,0
41132961,제네시스,제네시스 DH,81,1240,131787,3342,5,11,7,1,1,1,1,1,1,1,1,1,1,1,0,0,0,0,0,0,1,0,0,0,0,0,0,1,0,1,0,1
41133882,그랜저,그랜저 HG,27,750,52437,2359,5,14,7,0,0,1,1,1,1,1,1,0,1,1,0,0,0,0,0,0,1,0,0,0,0,0,0,1,0,1,0,1
41137291,싼타페,싼타페 DM,56,850,164333,2199,7,14,3,0,1,1,1,1,1,1,1,1,1,1,0,0,0,0,0,0,0,0,1,0,0,0,0,1,0,1,1,0
41137450,쏘나타,LF 쏘나타,57,869,125412,1999,5,10,6,1,0,1,1,1,1,1,1,0,1,1,0,0,0,0,0,0,1,0,0,0,0,0,0,1,0,1,0,1
41138076,에쿠스,에쿠스(신형),73,900,126739,3778,5,13,8,0,1,1,1,1,1,1,1,1,1,1,0,0,0,0,0,0,1,0,0,0,0,0,1,0,0,1,0,1
41138823,아반떼,아반떼 HD,62,250,153038,1591,5,17,6,0,0,0,1,0,0,1,0,0,1,1,0,0,0,0,0,0,1,0,0,0,0,1,0,0,0,1,0,1
41139023,코나,코나,91,1550,72853,1582,5,9,1,0,1,1,1,1,1,1,1,1,1,1,0,0,0,0,0,0,0,0,1,0,0,0,0,0,1,1,1,0
41139926,스타렉스,그랜드 스타렉스,50,890,172455,2497,12,10,4,0,0,1,0,0,0,0,1,0,1,1,0,0,0,0,0,0,0,0,1,0,0,0,0,1,0,1,1,0
41140895,에쿠스,에쿠스(신형),73,560,164373,3778,5,16,2,1,1,1,1,1,1,1,1,1,1,1,0,0,0,0,0,0,1,0,0,0,0,0,1,0,0,1,0,1
41143337,그랜저,그랜저 IG,27,1330,144743,2999,5,9,6,0,0,1,1,1,1,1,1,1,1,1,0,0,0,0,0,0,1,0,0,0,0,0,0,1,0,1,0,1
41143427,쏘나타,LF 쏘나타,57,860,102408,1999,5,12,9,0,0,1,1,1,1,1,1,0,1,1,0,0,0,0,0,0,1,0,0,0,0,0,0,1,0,1,0,1
41143562,싼타페,싼타페 더 프라임,56,1290,126691,1995,5,11,3,0,1,1,1,1,1,1,1,1,1,1,0,0,0,0,0,0,0,0,1,0,0,0,0,0,1,1,1,0
41144032,스타렉스,그랜드 스타렉스,50,880,122102,2497,3,10,2,0,0,1,1,0,0,1,1,0,1,1,0,0,0,0,0,0,0,0,1,0,0,0,0,1,0,0,1,0
41145550,스타렉스,그랜드 스타렉스,50,1460,114378,2497,11,11,0,0,0,1,1,1,0,1,1,1,1,1,0,0,0,0,0,0,0,0,1,0,0,0,1,0,0,1,1,0
41146826,그랜저,그랜저 HG,27,468,165227,2999,5,15,8,0,1,1,1,1,1,1,1,1,1,1,0,0,0,0,0,0,1,0,0,0,0,0,0,1,0,1,0,1
41148209,캐스퍼,캐스퍼,88,1270,101025,998,4,5,0,0,0,1,1,0,1,1,1,1,1,1,0,0,0,0,0,0,1,0,0,0,0,1,0,0,0,1,0,1
41154398,그랜저,그랜저 IG,27,1250,144396,2359,5,9,5,0,1,1,1,1,1,1,1,1,1,1,0,0,0,0,0,0,1,0,0,0,0,0,1,0,0,1,0,1
41157099,아반떼,아반떼 AD,62,845,146475,1591,5,10,8,0,1,1,1,1,1,1,1,0,1,1,0,0,0,0,0,0,1,0,0,0,0,1,0,0,0,1,0,1
41158066,스타렉스,그랜드 스타렉스,50,699,148252,2497,12,15,9,0,0,1,1,1,0,1,1,0,1,1,0,0,0,0,0,0,0,0,1,0,0,0,0,1,0,1,1,0
41160117,싼타페,싼타페 CM,56,269,224384,1991,7,18,2,1,0,1,1,1,0,1,1,0,1,1,0,0,0,0,0,0,0,0,1,0,0,1,0,0,0,1,1,0
41161657,그랜저,그랜저 하이브리드 (GN7),27,1650,54178,1598,5,3,1,0,1,1,1,1,1,1,1,1,1,1,0,0,0,0,0,0,0,1,0,0,0,0,1,0,0,1,0,1
41163444,투싼,더 뉴 투싼 (NX4),101,468,6,1598,5,1,2,0,1,1,1,1,1,1,1,1,1,1,0,0,0,0,0,0,1,0,0,0,0,1,0,0,0,1,1,0
41164418,쏘나타,쏘나타 (DN8),57,1699,73131,1999,5,7,5,0,1,1,1,1,1,1,1,0,1,1,0,0,0,0,0,0,1,0,0,0,0,1,0,0,0,1,0,1
41165127,스타렉스,더 뉴 그랜드 스타렉스,50,1050,197956,2497,5,7,1,0,0,1,0,0,1,0,1,1,1,1,0,0,0,0,0,0,0,0,1,0,0,0,0,1,0,1,1,0
41165128,싼타페,싼타페 더 프라임,56,1299,133933,1995,5,11,12,1,1,1,1,1,1,1,1,1,1,1,0,0,0,0,0,0,0,0,1,0,0,0,1,0,0,1,1,0
41165208,쏘나타,쏘나타 (DN8),57,1310,94798,1999,5,7,22,1,1,1,1,1,1,1,1,0,1,1,0,0,0,0,0,1,0,0,0,0,0,1,0,0,0,1,0,1
41165493,그랜저,그랜저 HG,27,990,108679,2359,5,10,2,0,0,1,1,1,1,1,1,1,1,1,0,0,0,0,0,0,1,0,0,0,0,0,1,0,0,1,0,1
41166001,스타렉스,더 뉴 그랜드 스타렉스,50,1270,156222,2497,3,8,4,0,0,1,1,0,0,1,1,0,1,1,0,0,0,0,0,0,0,0,1,0,0,0,0,1,0,1,1,0
41166429,그랜저,그랜저 IG 하이브리드,27,1520,142931,2359,5,8,8,1,1,1,1,1,1,1,1,1,1,1,0,0,0,0,0,0,0,1,0,0,0,0,1,0,0,1,0,1
41166651,쏘나타,쏘나타 뉴 라이즈,57,1539,64561,1999,5,9,1,1,0,1,1,1,1,1,1,0,1,1,0,0,0,0,0,0,1,0,0,0,0,1,0,0,0,1,0,1
41166753,스타렉스,그랜드 스타렉스,50,920,101737,2497,3,12,6,0,0,1,1,0,0,1,1,0,1,1,0,0,0,0,0,0,0,0,1,0,0,0,0,1,0,1,1,0
41167823,아반떼,아반떼 (CN7),62,1450,79087,1598,5,6,5,0,0,1,1,1,1,1,1,1,1,1,0,0,0,0,0,0,1,0,0,0,0,0,0,0,1,1,0,1
41168189,맥스크루즈,더 뉴 맥스크루즈,41,1450,121441,2199,7,10,11,0,1,1,1,1,1,1,1,1,1,1,0,0,0,0,0,0,0,0,1,0,0,1,0,0,0,1,1,0
41168697,그랜저,그랜저 IG,27,1399,90981,2359,5,9,5,0,0,1,1,1,1,1,1,1,1,1,0,0,0,0,0,0,1,0,0,0,0,0,1,0,0,1,0,1
41168845,제네시스,제네시스 DH,81,1190,85243,3342,5,12,7,0,1,1,1,1,1,1,1,1,1,1,0,0,0,0,0,0,1,0,0,0,0,0,0,1,0,1,0,1
41168955,에쿠스,에쿠스(신형),73,285,235322,4627,5,16,16,0,1,1,1,1,1,1,1,1,1,1,0,0,0,0,0,0,1,0,0,0,0,0,1,0,0,1,0,1
41171046,캐스퍼,캐스퍼,88,1170,51259,998,2,3,0,0,0,1,1,0,0,1,1,1,1,1,0,0,0,0,0,0,1,0,0,0,0,0,0,1,0,1,0,1
41171172,그랜저,그랜저 HG,27,479,140075,2999,5,15,12,1,1,1,1,1,1,1,1,1,1,1,0,0,0,0,0,0,1,0,0,0,0,0,0,1,0,1,0,1
41171644,아반떼,더 뉴 아반떼 AD,62,1200,93654,1598,5,8,10,1,1,1,1,1,1,1,1,1,1,1,0,0,0,0,0,0,1,0,0,0,0,0,1,0,0,1,0,1
41172448,아반떼,아반떼 AD,62,955,121094,1591,5,10,6,0,0,1,1,1,1,1,1,0,1,1,0,0,0,0,0,0,1,0,0,0,0,1,0,0,0,1,0,1
41173222,스타렉스,그랜드 스타렉스,50,633,194879,2497,5,9,2,0,0,1,1,0,0,1,1,0,1,1,0,0,0,0,0,0,0,0,1,0,0,0,0,0,1,1,1,0
41173355,제네시스 쿠페,제네시스 쿠페,82,430,160521,1998,4,15,15,0,1,1,0,1,1,1,1,0,1,1,0,0,0,0,0,0,1,0,0,0,0,0,0,1,0,1,0,1
41173651,에쿠스,에쿠스(신형),73,990,193623,3778,4,12,17,0,1,1,1,1,1,1,1,1,1,1,0,0,0,0,0,0,1,0,0,0,0,0,1,0,0,1,0,1
41174474,제네시스,제네시스,81,430,120449,3342,5,16,2,0,1,1,1,1,1,1,1,0,1,1,0,0,0,0,0,0,1,0,0,0,0,0,0,1,0,1,0,1
41174499,그랜저,그랜저 IG,27,1670,119352,2359,5,7,0,0,0,1,1,1,1,1,1,1,1,1,0,0,0,0,0,0,1,0,0,0,0,0,1,0,0,1,0,1
41174831,투싼,올 뉴 투싼,101,1320,100858,1598,5,8,4,0,0,1,1,1,1,1,1,0,1,1,0,0,0,0,0,0,0,0,1,0,0,0,0,1,0,1,1,0
41175916,아반떼,아반떼 (CN7),62,1680,60062,1598,5,4,9,0,0,1,1,1,1,1,1,1,1,1,0,0,0,0,0,0,1,0,0,0,0,1,0,0,0,1,0,1
41176151,그랜저,그랜저 HG,27,790,74017,2359,5,11,9,0,0,1,1,1,1,1,1,0,1,1,0,0,0,0,0,0,1,0,0,0,0,0,0,1,0,1,0,1
41176505,아반떼,아반떼 AD,62,1190,79289,1591,5,10,6,0,1,1,1,1,1,1,1,1,1,1,0,0,0,0,0,0,1,0,0,0,0,0,0,1,0,1,0,1
41176521,그랜저,그랜저 HG,27,750,139484,2999,5,11,7,0,1,1,1,1,1,1,1,1,1,1,0,0,0,0,0,0,1,0,0,0,0,0,1,0,0,1,0,1
41178034,쏘나타,LF 쏘나타,57,800,119466,1999,5,11,9,0,0,1,1,1,1,1,1,0,1,1,0,0,0,0,0,0,1,0,0,0,0,1,0,0,0,1,0,1
41178295,그랜저,그랜저 IG,27,1150,191406,2999,5,9,2,1,0,1,1,1,1,1,1,1,1,1,0,0,0,0,0,1,0,0,0,0,0,0,1,0,0,1,0,1
41178865,그랜저,그랜저 HG,27,555,271627,2199,5,11,14,0,0,1,1,1,1,1,1,1,1,1,0,0,0,0,0,0,0,0,1,0,0,0,1,0,0,1,0,1
41178934,쏘나타,쏘나타 (DN8),57,1570,114683,1999,5,7,14,1,1,1,1,0,1,1,1,0,1,1,0,0,0,0,0,0,1,0,0,0,0,1,0,0,0,1,0,1
41179566,코나,코나,91,1100,113358,1591,5,8,14,0,0,1,1,1,1,1,1,1,1,1,0,0,0,0,0,0,1,0,0,0,0,1,0,0,0,1,1,0
41182542,제네시스,제네시스 DH,81,750,195089,3342,5,11,14,0,1,1,1,1,1,1,1,1,1,1,0,0,0,0,0,0,1,0,0,0,0,0,1,0,0,1,0,1
41183391,싼타페,싼타페 CM,56,620,125059,1995,7,16,0,0,0,1,1,1,0,1,1,0,1,1,0,0,0,0,0,0,0,0,1,0,0,1,0,0,0,1,1,0
41183743,그랜저,그랜저 IG,27,1579,84164,2999,5,10,3,0,1,1,1,1,1,1,1,1,1,1,0,0,0,0,0,0,1,0,0,0,0,0,1,0,0,1,0,1
41185013,투싼,올 뉴 투싼,101,1270,97629,1995,5,9,8,0,0,1,1,0,1,1,1,0,1,1,0,0,0,0,0,0,0,0,1,0,0,0,0,1,0,1,1,0
41185360,투싼,뉴 투싼 ix,101,670,176904,1995,5,12,10,0,0,1,1,0,1,0,1,0,1,1,0,0,0,0,0,0,0,0,1,0,0,0,1,0,0,1,1,0
41185489,아반떼,아반떼 (CN7),62,1560,68065,1598,5,5,0,0,0,1,1,1,1,1,1,1,1,1,0,0,0,0,0,0,1,0,0,0,0,0,0,0,1,1,0,1
41186908,제네시스,제네시스 DH,81,1210,196586,3778,5,11,7,1,1,1,1,1,1,1,1,1,1,1,0,0,0,0,0,0,1,0,0,0,0,0,1,0,0,1,0,1
41187940,엑센트,엑센트(신형),74,680,22584,1591,5,11,11,0,0,1,1,1,1,1,1,0,1,1,0,0,0,0,0,0,1,0,0,0,0,1,0,0,0,1,0,1
41188258,스타렉스,그랜드 스타렉스,50,820,166936,2497,5,11,5,0,0,1,1,0,0,1,1,0,1,1,0,0,0,0,0,0,0,0,1,0,0,0,0,1,0,1,1,0
41189841,그랜저,그랜저 HG,27,890,150942,2359,5,10,5,1,1,1,1,1,1,1,1,0,1,1,0,0,0,0,0,0,1,0,0,0,0,1,0,0,0,1,0,1
41189848,제네시스,제네시스,81,560,149329,3342,5,14,2,0,0,1,1,1,1,1,1,0,1,1,0,0,0,0,0,0,1,0,0,0,0,0,0,1,0,1,0,1
41189906,맥스크루즈,맥스크루즈,41,750,239669,2199,6,13,1,0,1,1,1,1,1,1,1,1,1,1,0,0,0,0,0,0,0,0,1,0,0,0,0,0,1,1,1,0
41190080,제네시스,제네시스 DH,81,1099,125750,3342,5,11,4,0,1,1,1,1,1,1,1,1,1,1,0,0,0,0,0,0,1,0,0,0,0,0,0,1,0,1,0,1
41190245,그랜저,그랜저 HG,27,600,96000,2359,5,13,2,0,0,1,1,1,1,1,1,0,1,1,0,0,0,0,0,0,1,0,0,0,0,0,1,0,0,1,0,1
41190736,코나,코나 일렉트릭,91,1490,149633,180,5,7,2,0,1,1,1,1,1,1,1,1,1,1,0,0,0,0,0,0,0,0,0,1,0,0,0,1,0,1,1,0
41191041,아반떼,더 뉴 아반떼,62,590,102301,1591,5,12,2,0,0,1,1,1,0,1,1,0,1,1,0,0,0,0,0,0,1,0,0,0,0,0,0,1,0,1,0,1
41191066,아반떼,더 뉴 아반떼,62,690,101325,1591,5,12,1,0,0,1,1,1,1,1,1,0,1,1,0,0,0,0,0,0,1,0,0,0,0,0,0,1,0,1,0,1
41191968,쏘나타,쏘나타 하이브리드,57,399,168069,1999,5,14,7,0,0,1,1,1,1,1,1,0,1,1,0,0,0,0,0,0,0,1,0,0,0,1,0,0,0,1,0,1
41192480,i30,i30 (PD),24,990,146314,1582,5,9,3,1,1,1,1,1,1,1,1,1,1,1,0,0,0,0,0,0,0,0,1,0,0,0,0,0,1,1,0,1
41194974,그랜저,그랜저 IG,27,1599,106426,2359,5,9,8,1,0,1,1,1,1,1,1,1,1,1,0,0,0,0,0,0,1,0,0,0,0,0,1,0,0,1,0,1
41195295,맥스크루즈,맥스크루즈,41,1180,147188,2199,6,13,5,0,1,1,1,1,1,1,1,1,1,1,0,0,0,0,0,0,0,0,1,0,0,1,0,0,0,1,1,0
41195546,벨로스터,벨로스터 (JS),47,1499,125302,1998,4,7,0,0,1,1,1,1,1,0,1,0,1,1,0,0,0,0,0,0,1,0,0,0,0,0,0,0,1,0,0,1
41197583,아반떼,아반떼 HD,62,450,26461,1591,5,17,13,0,0,1,1,1,0,1,1,0,0,1,0,0,0,0,0,0,1,0,0,0,0,0,0,1,0,1,0,1
41197614,싼타페,싼타페 DM,56,990,167918,1995,7,11,6,0,0,1,1,1,1,1,1,1,1,1,0,0,0,0,0,0,0,0,1,0,0,1,0,0,0,1,1,0
41198294,캐스퍼,캐스퍼,88,1450,83779,998,4,4,5,0,0,1,1,1,1,1,1,1,1,1,0,0,0,0,0,0,1,0,0,0,0,1,0,0,0,1,0,1
41198787,에쿠스,에쿠스(신형),73,350,288653,3778,5,14,7,1,1,1,1,1,1,0,1,1,1,1,0,0,0,0,0,0,1,0,0,0,0,0,1,0,0,1,0,1
41199694,싼타페,싼타페 DM,56,920,148215,1995,7,12,3,0,1,1,1,1,1,1,1,1,1,1,0,0,0,0,0,0,0,0,1,0,0,1,0,0,0,1,1,0
41200631,투싼,올 뉴 투싼,101,1550,104646,1591,5,9,10,1,1,1,1,1,1,1,1,1,1,1,0,0,0,0,0,0,1,0,0,0,0,0,0,0,1,1,1,0
41201940,아반떼,아반떼 AD,62,990,90406,1591,5,8,10,0,0,1,1,0,1,1,1,0,1,1,0,0,0,0,0,0,1,0,0,0,0,0,1,0,0,1,0,1
41201952,아반떼,아반떼 AD,62,1170,80936,1591,5,8,1,0,0,1,1,0,1,1,1,0,1,1,0,0,0,0,0,0,1,0,0,0,0,0,0,1,0,1,0,1
41202492,제네시스,제네시스 DH,81,990,179941,3342,5,10,2,0,1,1,1,1,1,1,1,1,1,1,0,0,0,0,0,0,1,0,0,0,0,0,0,1,0,1,0,1
41202906,아반떼,아반떼 AD,62,730,127810,1591,5,10,10,0,0,1,1,1,1,1,1,0,1,1,0,0,0,0,0,0,1,0,0,0,0,0,0,1,0,1,0,1
41204847,아반떼,아반떼 MD,62,329,148161,1591,5,14,1,0,0,1,1,1,1,1,1,0,1,1,0,0,0,0,0,0,1,0,0,0,0,0,0,1,0,1,0,1
41206193,아반떼,아반떼 MD,62,450,144297,1591,5,15,1,1,0,1,1,1,1,1,1,0,1,1,0,0,0,0,0,0,1,0,0,0,0,1,0,0,0,1,0,1
41206230,엑센트,엑센트(신형),74,620,75906,1368,5,12,12,0,0,1,1,0,1,1,1,0,1,1,0,0,0,0,0,0,1,0,0,0,0,1,0,0,0,1,0,1
41206923,쏘나타,쏘나타 더 브릴리언트,57,580,174974,1999,5,13,7,1,0,1,1,0,1,1,1,0,1,1,0,0,0,0,0,1,0,0,0,0,0,1,0,0,0,1,0,1
41207278,그랜저,그랜저 HG,27,620,73917,2359,5,15,6,0,0,1,1,1,1,1,1,0,1,1,0,0,0,0,0,0,1,0,0,0,0,0,0,1,0,1,0,1
41207634,아반떼,아반떼 AD,62,1120,69549,1591,5,8,17,1,1,1,1,1,1,1,1,1,1,1,0,0,0,0,0,0,1,0,0,0,0,0,0,0,1,1,0,1
41207730,싼타페,싼타페 더 프라임,56,1399,16468,1995,5,10,2,0,0,1,1,0,1,1,1,0,1,1,0,0,0,0,0,0,0,0,1,0,0,0,0,1,0,1,1,0
41207893,스타렉스,그랜드 스타렉스,50,500,317155,2497,5,14,6,0,0,1,0,0,0,0,1,0,1,1,0,0,0,0,0,0,0,0,1,0,0,0,1,0,0,1,1,0
41208566,아반떼,아반떼 AD,62,630,193280,1591,5,10,7,0,0,1,1,1,1,1,1,0,1,1,0,0,0,0,0,0,1,0,0,0,0,0,1,0,0,1,0,1
41208915,그랜저,그랜저 HG,27,830,99738,2359,5,13,3,1,1,1,1,1,1,1,1,1,1,1,0,0,0,0,0,0,1,0,0,0,0,1,0,0,0,1,0,1
41212130,싼타페,싼타페 DM,56,630,328379,1995,7,13,2,0,0,1,1,0,0,1,1,0,1,1,0,0,0,0,0,0,0,0,1,0,0,0,0,1,0,1,1,0
41213945,넥쏘,넥쏘,28,1690,42591,0,5,3,2,0,1,1,1,1,1,1,1,1,1,1,0,0,0,0,0,0,0,0,0,0,1,0,0,1,0,1,1,0
41214271,그랜저,그랜저 IG,27,1590,119801,2359,5,9,4,0,1,1,1,1,1,1,1,1,1,1,0,0,0,0,0,0,1,0,0,0,0,0,0,1,0,1,0,1
41215149,아반떼,아반떼 MD,62,430,160632,1591,5,14,0,0,0,1,1,1,0,1,1,0,1,1,0,0,0,0,0,0,1,0,0,0,0,0,0,1,0,1,0,1
41217478,아반떼,아반떼 AD,62,649,154063,1591,5,11,8,0,0,1,1,1,1,0,1,0,1,1,0,0,0,0,0,0,1,0,0,0,0,0,0,0,1,1,0,1
41217526,맥스크루즈,더 뉴 맥스크루즈,41,1550,137459,3342,7,10,1,1,1,1,1,1,1,1,1,1,1,1,0,0,0,0,0,0,1,0,0,0,0,0,0,0,1,1,1,0
41218076,쏘나타,쏘나타 뉴 라이즈 하이브리드,57,1240,103580,1999,5,9,11,0,1,1,1,1,1,1,1,1,1,1,0,0,0,0,0,0,0,1,0,0,0,0,0,1,0,1,0,1
41218084,아반떼,아반떼 AD,62,650,187512,1591,5,10,15,0,0,1,1,1,1,1,1,0,1,1,0,0,0,0,0,0,1,0,0,0,0,1,0,0,0,1,0,1
41219149,아반떼,아반떼 (CN7),62,1530,101926,1598,5,6,1,0,0,1,1,1,1,1,1,1,1,1,0,0,0,0,0,0,1,0,0,0,0,1,0,0,0,1,0,1
41219175,맥스크루즈,더 뉴 맥스크루즈,41,1500,104054,2199,7,10,9,0,1,1,1,1,1,1,1,1,1,1,0,0,0,0,0,0,0,0,1,0,0,0,0,1,0,1,1,0
41220254,아반떼,아반떼 (CN7),62,1699,80935,1598,5,5,0,0,0,1,1,1,1,1,1,1,1,1,0,0,0,0,0,0,1,0,0,0,0,1,0,0,0,1,0,1
41220890,그랜저,그랜저 HG,27,670,98782,2999,5,13,14,0,1,1,1,1,1,1,1,1,1,1,0,0,0,0,0,0,1,0,0,0,0,1,0,0,0,1,0,1
41221877,그랜저,그랜저 IG,27,1279,171823,2359,5,9,8,1,1,1,1,1,1,1,1,1,1,1,0,0,0,0,0,0,1,0,0,0,0,0,1,0,0,1,0,1
41222683,쏘나타,LF 쏘나타,57,680,155222,1685,5,11,4,0,0,1,1,1,1,1,1,1,1,1,0,0,0,0,0,0,0,0,1,0,0,1,0,0,0,1,0,1
41222886,싼타페,싼타페 더 프라임,56,1100,145869,2199,7,11,4,0,0,1,1,1,1,1,1,0,1,1,0,0,0,0,0,0,0,0,1,0,0,0,0,0,1,1,1,0
41223543,그랜저,그랜저 HG,27,580,129598,2359,5,15,2,0,0,1,1,1,1,1,1,0,1,1,0,0,0,0,0,0,1,0,0,0,0,0,1,0,0,1,0,1
41225462,아반떼,아반떼 (CN7),62,1550,60675,1598,5,6,2,0,0,1,1,1,1,1,1,1,1,1,0,0,0,0,0,0,1,0,0,0,0,0,0,1,0,1,0,1
41226022,쏘나타,LF 쏘나타,57,1080,122368,1999,5,10,7,0,0,1,1,1,1,1,1,1,1,1,0,0,0,0,0,0,1,0,0,0,0,0,1,0,0,1,0,1
41228739,스타렉스,그랜드 스타렉스,50,670,126653,2497,12,16,6,0,0,1,0,0,0,0,1,0,1,1,0,0,0,0,0,0,0,0,1,0,0,0,0,1,0,1,1,0
41231528,투싼,올 뉴 투싼,101,1420,77630,1995,5,9,14,0,0,1,1,1,1,1,1,1,1,1,0,0,0,0,0,0,0,0,1,0,0,0,1,0,0,1,1,0
41231704,스타렉스,그랜드 스타렉스,50,880,208148,2497,12,9,10,1,0,1,1,1,0,1,1,1,1,1,0,0,0,0,0,0,0,0,1,0,0,0,0,0,1,1,1,0
41231891,제네시스,제네시스 DH,81,990,124334,3342,5,12,4,0,1,1,1,1,1,1,1,1,1,1,0,0,0,0,0,0,1,0,0,0,0,0,0,1,0,1,0,1
41232538,아반떼,더 뉴 아반떼,62,530,149832,1591,5,12,2,0,0,1,0,1,0,0,1,0,1,1,0,0,0,0,0,0,1,0,0,0,0,0,0,1,0,1,0,1
41232649,에쿠스,에쿠스(신형),73,630,219844,3778,5,13,4,1,1,1,1,1,1,1,1,1,1,1,0,0,0,0,0,0,1,0,0,0,0,0,1,0,0,1,0,1
41233629,그랜저,그랜저 HG,27,700,115772,2359,5,12,18,0,0,1,1,1,1,1,1,1,1,1,0,0,0,0,0,0,1,0,0,0,0,0,1,0,0,1,0,1
41233880,코나,코나,91,1230,127240,1582,5,7,3,0,0,1,1,1,1,1,1,0,1,1,0,0,0,0,0,0,0,0,1,0,0,0,0,1,0,1,1,0
41234664,스타렉스,더 뉴 그랜드 스타렉스,50,1635,82467,2497,5,7,0,0,0,1,1,0,0,0,1,1,1,1,0,0,0,0,0,0,0,0,1,0,0,0,0,1,0,1,1,0
41235412,스타렉스,그랜드 스타렉스,50,790,145291,2497,11,13,7,0,0,1,1,1,0,1,1,1,1,1,0,0,0,0,0,0,0,0,1,0,0,0,0,1,0,1,1,0
41235523,아반떼,더 뉴 아반떼 AD,62,990,140041,1598,5,7,7,0,0,1,1,1,1,1,1,0,1,1,0,0,0,0,0,0,1,0,0,0,0,1,0,0,0,1,0,1
41236110,아반떼,아반떼 MD,62,349,161347,1591,5,16,7,1,0,1,1,1,1,1,1,0,1,1,0,0,0,0,0,0,1,0,0,0,0,0,0,1,0,1,0,1
41236361,투싼,올 뉴 투싼,101,1050,166966,1685,5,9,10,0,0,1,1,1,1,1,1,1,1,1,0,0,0,0,0,0,0,0,1,0,0,1,0,0,0,1,1,0
41236540,그랜저,그랜저 HG,27,680,138940,2359,5,11,1,1,0,1,1,1,1,1,1,0,1,1,0,0,0,0,0,0,1,0,0,0,0,0,1,0,0,1,0,1
41238402,투싼,올 뉴 투싼,101,1190,155356,1995,5,10,15,1,1,1,1,1,1,1,1,1,1,1,0,0,0,0,0,0,0,0,1,0,0,1,0,0,0,1,1,0
41238498,그랜저,그랜저 HG,27,1130,56288,2359,5,10,2,0,0,1,1,1,1,1,1,1,1,1,0,0,0,0,0,0,1,0,0,0,0,0,1,0,0,1,0,1
41239359,아반떼,아반떼 AD,62,820,120000,1591,5,10,0,0,0,1,1,1,0,1,1,0,1,1,0,0,0,0,0,0,1,0,0,0,0,1,0,0,0,1,0,1
41240314,엑센트,엑센트(신형),74,490,119975,1582,5,11,7,0,0,1,1,0,0,0,1,0,1,1,0,0,0,0,0,0,0,0,1,0,0,1,0,0,0,1,0,1
41240561,코나,코나,91,1449,88518,1591,5,8,2,0,0,1,1,1,1,1,1,1,1,1,0,0,0,0,0,0,1,0,0,0,0,1,0,0,0,1,1,0
41241668,싼타페,싼타페 더 프라임,56,1460,82411,1995,5,10,1,0,1,1,1,1,1,1,1,1,1,1,0,0,0,0,0,0,0,0,1,0,0,0,1,0,0,1,1,0
41241708,아반떼,아반떼 AD,62,890,80114,1591,5,10,18,1,0,1,1,1,1,1,1,1,1,1,0,0,0,0,0,0,1,0,0,0,0,1,0,0,0,1,0,1
41241810,캐스퍼,캐스퍼,88,1300,10555,998,2,3,0,0,0,1,0,0,0,0,1,1,1,1,0,0,0,0,0,0,1,0,0,0,0,0,0,0,1,1,0,1
41241819,그랜저,그랜저 HG,27,380,177295,2999,5,15,18,0,1,1,1,1,1,1,1,1,1,1,0,0,0,0,0,0,1,0,0,0,0,0,1,0,0,1,0,1
41241821,싼타페,싼타페 DM,56,950,145529,1995,5,11,4,1,1,1,1,1,1,1,1,1,1,1,0,0,0,0,0,0,0,0,1,0,0,1,0,0,0,1,1,0
41241968,마르샤,마르샤,37,390,90278,1997,5,29,7,0,0,0,0,1,0,0,0,0,0,1,0,0,0,0,0,0,1,0,0,0,0,0,1,0,0,1,0,1
41242801,베뉴,베뉴,45,1250,95010,1598,5,7,0,0,0,1,1,0,1,0,1,0,1,1,0,0,0,0,0,0,1,0,0,0,0,0,0,1,0,1,1,0
41243001,쏘나타,LF 쏘나타 하이브리드,57,890,125891,1999,5,11,12,0,0,1,1,1,1,1,1,0,1,1,0,0,0,0,0,0,0,1,0,0,0,0,1,0,0,1,0,1
41243088,아반떼,아반떼 AD,62,1130,106327,1591,5,9,7,0,0,1,1,0,1,1,1,0,1,1,0,0,0,0,0,0,1,0,0,0,0,0,0,1,0,1,0,1
41243179,캐스퍼,캐스퍼,88,1219,83387,998,4,5,11,0,0,1,1,1,1,1,1,1,1,1,0,0,0,0,0,0,1,0,0,0,0,1,0,0,0,1,0,1
41243251,아반떼,아반떼 MD,62,430,139690,1591,5,16,8,0,0,1,0,0,0,0,0,0,0,1,0,0,0,0,0,0,1,0,0,0,0,1,0,0,0,1,0,1
41243835,아반떼,더 뉴 아반떼,62,745,103154,1591,5,11,2,0,0,1,1,1,1,1,1,0,1,1,0,0,0,0,0,0,1,0,0,0,0,0,0,1,0,1,0,1
41244076,싼타페,싼타페 더 프라임,56,1299,120005,1995,5,9,6,0,1,1,1,1,1,1,1,1,1,1,0,0,0,0,0,0,0,0,1,0,0,0,1,0,0,1,1,0
41244196,싼타페,싼타페 더 프라임,56,1190,152474,1995,5,11,5,0,1,1,1,1,1,1,1,1,1,1,0,0,0,0,0,0,0,0,1,0,0,0,0,0,1,1,1,0
41244300,스타렉스,그랜드 스타렉스,50,740,189003,2497,5,11,3,0,0,1,0,0,0,0,1,0,1,1,0,0,0,0,0,0,0,0,1,0,0,0,0,1,0,0,1,0
41244438,벨로스터,더 뉴 벨로스터,47,760,92687,1591,4,11,4,0,1,1,1,1,1,1,1,1,1,1,0,0,0,0,0,0,1,0,0,0,0,0,1,0,0,1,0,1
41244553,그랜저,그랜저 HG,27,499,101399,2359,5,15,9,1,0,1,1,1,1,1,1,0,1,1,0,0,0,0,0,0,1,0,0,0,0,0,0,1,0,1,0,1
41247379,스타렉스,더 뉴 그랜드 스타렉스,50,1695,88298,2497,5,6,3,0,0,1,1,0,0,0,1,1,1,1,0,0,0,0,0,0,0,0,1,0,0,0,0,1,0,1,1,0
41247874,쏘나타,쏘나타 뉴 라이즈,57,1149,109843,1999,5,9,7,0,0,1,1,1,1,0,1,0,1,1,0,0,0,0,0,1,0,0,0,0,0,1,0,0,0,1,0,1
41247991,싼타페,싼타페 TM,56,1650,129080,1995,5,8,11,0,1,1,1,1,1,1,1,1,1,1,0,0,0,0,0,0,0,0,1,0,0,0,0,1,0,1,1,0
41249176,캐스퍼,더 뉴 캐스퍼,88,1584,4,998,4,1,2,0,0,1,1,1,1,1,1,1,1,1,0,0,0,0,0,0,1,0,0,0,0,1,0,0,0,1,0,1
41250069,투싼,올 뉴 투싼,101,1140,114478,1685,5,10,1,0,0,1,1,1,1,1,1,0,1,1,0,0,0,0,0,0,0,0,1,0,0,0,0,1,0,1,1,0
41250451,캐스퍼,캐스퍼,88,1620,21308,998,4,4,1,0,0,1,1,1,1,1,1,1,1,1,0,0,0,0,0,0,1,0,0,0,0,0,0,0,1,1,0,1
41250833,그랜저,그랜저 HG,27,720,146056,2359,5,12,3,0,1,1,1,1,1,1,1,1,1,1,0,0,0,0,0,0,1,0,0,0,0,0,1,0,0,1,0,1
41250909,쏘나타,쏘나타 뉴 라이즈,57,630,234762,1999,5,7,6,0,0,1,1,0,1,0,1,0,1,1,0,0,0,0,0,1,0,0,0,0,0,1,0,0,0,1,0,1
41251309,그랜저,그랜저 HG,27,820,142285,2359,5,10,8,0,1,1,1,1,1,1,1,1,1,1,0,0,0,0,0,0,1,0,0,0,0,0,1,0,0,1,0,1
41253018,아반떼,아반떼 AD,62,600,158532,1582,5,10,15,0,0,0,0,0,0,0,0,0,1,1,0,0,0,0,0,0,0,0,1,0,0,0,0,1,0,1,0,1
41253249,투싼,투싼 ix,101,640,117624,1995,5,15,7,0,0,1,1,1,1,1,1,1,1,1,0,0,0,0,0,0,0,0,1,0,0,1,0,0,0,1,1,0
41253644,그랜저,그랜저 HG,27,520,169175,2999,5,12,16,1,1,1,1,1,1,1,1,0,1,1,0,0,0,0,0,1,0,0,0,0,0,1,0,0,0,1,0,1
41254008,스타렉스,그랜드 스타렉스,50,890,154993,2497,3,10,7,0,0,1,1,0,0,1,1,0,1,1,0,0,0,0,0,0,0,0,1,0,0,0,0,1,0,1,1,0
41254299,제네시스,제네시스,81,490,108351,3778,5,18,13,1,1,1,1,1,1,1,1,1,1,1,0,0,0,0,0,0,1,0,0,0,0,0,1,0,0,1,0,1
41254653,쏘나타,LF 쏘나타,57,1200,129168,1999,5,10,6,0,1,1,1,1,1,0,1,1,1,1,0,0,0,0,0,0,1,0,0,0,0,0,1,0,0,1,0,1
41255220,그랜저,그랜저,27,550,194303,1997,5,34,17,0,0,0,1,0,0,0,0,0,0,1,0,0,0,0,0,0,1,0,0,0,0,0,0,1,0,1,0,1
41255687,투싼,올 뉴 투싼,101,1090,73995,1685,5,10,5,0,0,1,1,1,1,1,1,0,1,1,0,0,0,0,0,0,0,0,1,0,0,0,0,1,0,1,1,0
41255919,제네시스,제네시스 DH,81,650,328953,3342,5,12,0,0,1,1,1,1,1,1,1,1,1,1,0,0,0,0,0,0,1,0,0,0,0,0,0,0,1,1,0,1
41256146,아반떼,더 뉴 아반떼 AD,62,1350,85749,1598,5,7,7,1,1,1,1,1,1,1,1,0,1,1,0,0,0,0,0,0,1,0,0,0,0,0,1,0,0,1,0,1
41256321,그랜저,그랜저 HG 하이브리드,27,500,255019,2359,5,12,2,0,0,1,1,1,1,1,1,0,1,1,0,0,0,0,0,0,0,1,0,0,0,0,1,0,0,1,0,1
41256912,스타렉스,그랜드 스타렉스,50,1230,96396,2497,12,11,0,0,0,1,1,0,0,1,1,0,1,1,0,0,0,0,0,0,0,0,1,0,0,0,0,1,0,1,1,0
41257721,에쿠스,에쿠스(신형),73,990,331437,3778,5,13,5,0,0,1,1,1,1,1,1,1,1,1,0,0,0,0,0,0,1,0,0,0,0,0,1,0,0,1,0,1
41257830,싼타페,싼타페 더 프라임,56,1247,101557,1995,5,11,2,0,0,1,1,1,1,1,1,0,1,1,0,0,0,0,0,0,0,0,1,0,0,1,0,0,0,1,1,0
41258085,베뉴,베뉴,45,1350,88643,1598,5,7,14,0,1,1,1,1,1,1,1,0,1,1,0,0,0,0,0,0,1,0,0,0,0,1,0,0,0,1,1,0
41258804,싼타페,싼타페 더 프라임,56,1410,114521,1995,5,9,4,0,1,1,1,1,1,1,1,1,1,1,0,0,0,0,0,0,0,0,1,0,0,0,0,0,1,1,1,0
41258944,스타렉스,더 뉴 그랜드 스타렉스,50,1410,139648,2497,3,7,6,0,0,1,1,0,0,0,1,0,1,1,0,0,0,0,0,0,0,0,1,0,0,0,0,1,0,1,1,0
41259250,그랜저,그랜저 IG,27,1450,123981,2359,5,9,7,0,1,1,1,1,1,1,1,1,1,1,0,0,0,0,0,0,1,0,0,0,0,0,1,0,0,1,0,1
41260113,제네시스,제네시스 DH,81,830,194176,3342,5,10,8,0,1,1,1,1,1,1,1,1,1,1,0,0,0,0,0,0,1,0,0,0,0,0,1,0,0,1,0,1
41260257,엑센트,엑센트(신형),74,345,150224,1591,5,15,6,0,0,1,0,1,1,0,1,0,1,1,0,0,0,0,0,0,1,0,0,0,0,1,0,0,0,1,0,1
41261511,그랜저,그랜저 HG,27,540,121980,2999,5,15,4,0,0,1,1,1,1,1,1,1,1,1,0,0,0,0,0,0,1,0,0,0,0,0,1,0,0,1,0,1
41261669,스타렉스,그랜드 스타렉스,50,820,202348,2497,3,9,15,0,0,1,0,0,0,0,1,0,1,1,0,0,0,0,0,0,0,0,1,0,0,1,0,0,0,1,1,0
41264695,그랜저,그랜저 HG,27,950,16036,2999,5,13,2,0,0,1,1,1,1,1,1,1,1,1,0,0,0,0,0,0,1,0,0,0,0,0,1,0,0,1,0,1
41265372,그랜저,그랜저 HG,27,930,51312,2999,5,12,1,0,1,1,1,1,1,1,1,1,1,1,0,0,0,0,0,0,1,0,0,0,0,0,0,1,0,1,0,1
41265432,스타렉스,그랜드 스타렉스,50,700,198364,2497,12,12,6,0,0,1,0,1,0,0,1,1,1,1,0,0,0,0,0,0,0,0,1,0,0,0,0,1,0,1,1,0
41265748,투싼,올 뉴 투싼,101,1020,116559,1685,5,10,2,0,1,1,1,1,1,1,1,0,1,1,0,0,0,0,0,0,0,0,1,0,0,0,0,1,0,1,1,0
41267408,아반떼,아반떼 (CN7),62,1299,21336,1598,5,6,19,0,0,1,1,1,1,1,1,1,1,1,0,0,0,0,0,0,1,0,0,0,0,0,0,0,1,1,0,1
41268250,엑센트,엑센트(신형),74,530,77818,1399,5,15,1,0,0,1,0,0,0,0,1,0,1,1,0,0,0,0,0,0,1,0,0,0,0,1,0,0,0,1,0,1
41268276,그랜저,그랜저 HG,27,460,126436,2359,5,14,5,0,1,1,1,1,1,1,1,0,1,1,0,0,0,0,0,0,1,0,0,0,0,0,1,0,0,1,0,1
41268330,아반떼,아반떼 (CN7),62,1680,39007,1598,5,4,2,0,0,1,1,1,1,1,1,1,1,1,0,0,0,0,0,0,1,0,0,0,0,0,1,0,0,1,0,1
41268372,코나,코나,91,1399,106312,1591,5,6,6,0,0,1,1,1,1,1,1,1,1,1,0,0,0,0,0,0,1,0,0,0,0,1,0,0,0,1,1,0
41271016,싼타페,싼타페 더 프라임,56,1138,176065,1995,5,9,10,0,1,1,1,1,1,1,1,1,1,1,0,0,0,0,0,0,0,0,1,0,0,1,0,0,0,1,1,0
41271366,투싼,올 뉴 투싼,101,1499,107431,1995,5,7,3,0,0,1,1,1,1,1,1,0,1,1,0,0,0,0,0,0,0,0,1,0,0,0,0,1,0,1,1,0
41271381,스타렉스,그랜드 스타렉스,50,700,179750,2497,12,13,1,0,0,1,1,0,0,0,1,0,1,1,0,0,0,0,0,0,0,0,1,0,0,0,0,1,0,1,1,0
41273102,엑센트,엑센트(신형),74,320,153608,1399,5,13,11,0,0,1,0,0,0,0,1,0,1,1,0,0,0,0,0,0,1,0,0,0,0,1,0,0,0,1,0,1
41273837,베라크루즈,베라크루즈,46,1050,213792,2959,7,14,5,1,1,1,1,1,1,1,1,1,1,1,0,0,0,0,0,0,0,0,1,0,0,1,0,0,0,1,1,0
41274728,스타렉스,그랜드 스타렉스,50,1240,101103,2497,5,9,2,0,0,1,1,0,0,1,1,0,1,1,0,0,0,0,0,0,0,0,1,0,0,0,0,1,0,1,1,0
41276633,캐스퍼,캐스퍼,88,1470,81366,998,4,4,0,0,0,1,1,1,1,1,1,1,1,1,0,0,0,0,0,0,1,0,0,0,0,0,0,0,1,1,0,1
41276788,그랜저,그랜저 HG,27,490,181075,2359,5,12,6,0,1,1,1,1,1,1,1,1,1,1,0,0,0,0,0,0,1,0,0,0,0,0,0,1,0,1,0,1
41276852,i30,i30(신형),24,709,47253,1591,5,13,2,0,0,1,1,1,1,1,1,0,1,1,0,0,0,0,0,0,1,0,0,0,0,0,0,1,0,1,0,1
41276870,아반떼,아반떼 (CN7),62,1440,65010,1598,5,5,2,0,0,1,0,1,1,0,1,1,1,1,0,0,0,0,0,0,1,0,0,0,0,1,0,0,0,1,0,1
41276918,제네시스,제네시스 DH,81,1590,91662,3342,5,11,7,1,0,1,1,1,1,1,1,1,1,1,0,0,0,0,0,0,1,0,0,0,0,0,1,0,0,1,0,1
41277002,그랜저,그랜저 HG,27,530,132413,2359,5,14,9,0,0,1,1,1,1,1,1,0,1,1,0,0,0,0,0,0,1,0,0,0,0,0,1,0,0,1,0,1
41277035,쏘나타,LF 쏘나타,57,1070,109564,1999,5,10,2,1,0,1,1,0,1,1,1,0,1,1,0,0,0,0,0,0,1,0,0,0,0,0,0,1,0,1,0,1
41277208,쏘나타,LF 쏘나타,57,850,143010,1685,5,11,2,1,1,1,1,1,1,1,1,0,1,1,0,0,0,0,0,0,0,0,1,0,0,1,0,0,0,1,0,1
41277376,싼타페,싼타페 CM,56,450,130759,1995,7,16,8,0,0,1,1,0,0,1,1,0,1,1,0,0,0,0,0,0,0,0,1,0,0,0,0,1,0,1,1,0
41279197,제네시스,제네시스 DH,81,760,260099,3778,5,11,4,1,1,1,1,1,1,1,1,1,1,1,0,0,0,0,0,0,1,0,0,0,0,0,0,1,0,1,0,1
41279901,그랜저,그랜저 HG,27,820,160111,2999,5,10,8,0,0,1,1,1,1,1,1,1,1,1,0,0,0,0,0,0,1,0,0,0,0,0,1,0,0,1,0,1
41280292,제네시스,제네시스 DH,81,980,164326,3342,5,11,4,0,1,1,1,1,1,1,1,1,1,1,0,0,0,0,0,0,1,0,0,0,0,0,1,0,0,1,0,1
41281225,스타렉스,더 뉴 그랜드 스타렉스,50,1360,113175,2497,12,8,5,0,0,1,1,0,0,1,1,0,1,1,0,0,0,0,0,0,0,0,1,0,0,0,0,0,1,1,1,0
41284224,스타렉스,그랜드 스타렉스,50,1529,91080,2497,11,13,6,0,0,1,1,1,1,0,1,1,1,1,0,0,0,0,0,0,0,0,1,0,0,0,1,0,0,1,1,0
41285049,캐스퍼,캐스퍼,88,1630,28472,998,4,5,0,0,0,1,1,1,1,1,1,1,1,1,0,0,0,0,0,0,1,0,0,0,0,1,0,0,0,1,0,1
41285332,코나,코나,91,1300,55934,1582,5,9,6,0,0,1,1,0,1,1,1,0,1,1,0,0,0,0,0,0,0,0,1,0,0,1,0,0,0,1,1,0
41287082,그랜저,그랜저 HG,27,690,163776,2359,5,12,0,0,0,1,1,1,1,1,1,0,1,1,0,0,0,0,0,0,1,0,0,0,0,0,0,1,0,1,0,1
41287592,제네시스 쿠페,제네시스 쿠페,82,290,106270,1998,4,18,2,1,0,0,1,0,1,1,1,0,0,1,0,0,0,0,0,0,1,0,0,0,0,1,0,0,0,1,0,1
41287802,제네시스,제네시스,81,779,70683,3342,5,14,17,1,1,1,1,1,1,1,1,1,1,1,0,0,0,0,0,0,1,0,0,0,0,0,0,1,0,1,0,1
41287940,투싼,뉴 투싼 ix,101,740,135706,1995,5,13,2,0,0,1,1,1,1,1,1,1,1,1,0,0,0,0,0,0,0,0,1,0,0,0,0,1,0,1,1,0
41288116,아반떼,아반떼 MD,62,399,95935,1591,5,15,5,0,0,1,1,1,0,1,1,0,0,1,0,0,0,0,0,0,1,0,0,0,0,0,0,1,0,1,0,1
41288428,쏘나타,YF 쏘나타,57,315,159426,1998,5,16,2,0,0,1,1,1,1,1,1,1,1,1,0,0,0,0,0,0,1,0,0,0,0,0,1,0,0,1,0,1
41289935,캐스퍼,캐스퍼,88,1550,21133,998,4,5,5,0,0,1,1,1,1,1,1,1,1,1,0,0,0,0,0,0,1,0,0,0,0,1,0,0,0,1,0,1
41290369,베라크루즈,베라크루즈,46,539,188595,2959,7,17,5,1,1,1,1,1,0,1,1,0,1,1,0,0,0,0,0,0,0,0,1,0,0,0,1,0,0,1,1,0
41291817,제네시스,제네시스 DH,81,1099,99976,3342,5,12,6,0,1,1,1,1,1,0,1,1,1,1,0,0,0,0,0,0,1,0,0,0,0,0,0,1,0,1,0,1
41292706,그랜저,그랜저 IG,27,985,197221,2199,5,9,5,1,0,1,1,1,1,1,1,1,1,1,0,0,0,0,0,0,0,0,1,0,0,0,1,0,0,1,0,1
41292869,아반떼,아반떼 (CN7),62,1590,73862,1598,5,5,8,0,0,1,1,1,1,1,1,1,1,1,0,0,0,0,0,0,1,0,0,0,0,0,0,1,0,1,0,1
41293084,싼타페,싼타페 (MX5),56,31,32872,1598,7,1,0,1,1,1,1,1,1,1,1,1,1,1,0,0,0,0,0,0,0,1,0,0,0,0,0,0,1,1,1,0
41293421,아반떼,더 뉴 아반떼 AD,62,1220,46063,1598,5,7,7,0,0,1,1,0,1,1,1,0,1,1,0,0,0,0,0,0,1,0,0,0,0,1,0,0,0,1,0,1
41293894,그랜저,그랜저 HG,27,399,210836,2199,5,12,3,0,0,1,1,1,1,1,1,0,1,1,0,0,0,0,0,0,0,0,1,0,0,0,1,0,0,1,0,1
41294737,제네시스,제네시스 DH,81,1279,164776,3778,5,12,0,1,1,1,1,1,1,1,1,1,1,1,0,0,0,0,0,0,1,0,0,0,0,0,1,0,0,1,0,1
41296567,아반떼,아반떼 AD,62,980,71915,1591,5,9,12,0,0,1,1,0,1,1,1,0,1,1,0,0,0,0,0,0,1,0,0,0,0,0,0,1,0,1,0,1
41296750,제네시스,제네시스 DH,81,1350,17241,3342,5,11,14,0,1,1,1,1,1,1,1,1,1,1,0,0,0,0,0,0,1,0,0,0,0,0,0,0,1,1,0,1
41297010,그랜저,그랜저 HG 하이브리드,27,750,128178,2359,5,12,5,0,0,1,1,1,1,1,1,0,1,1,0,0,0,0,0,0,0,1,0,0,0,0,1,0,0,1,0,1
41297258,아반떼,아반떼 HD,62,470,74656,1591,5,17,0,1,0,1,1,1,0,1,1,0,0,1,0,0,0,0,0,0,1,0,0,0,0,0,0,1,0,1,0,1
41298030,투싼,투싼 ix,101,409,197773,1995,5,17,0,1,0,1,0,1,1,0,1,0,1,1,0,0,0,0,0,0,0,0,1,0,0,0,0,1,0,1,1,0
41298183,스타렉스,그랜드 스타렉스,50,1550,28047,2497,11,11,0,0,0,1,1,0,0,1,1,1,1,1,0,0,0,0,0,0,0,0,1,0,0,0,0,1,0,1,1,0
41298504,그랜저,더 뉴 그랜저 IG,27,1400,186345,2497,5,6,8,0,1,1,1,1,1,1,1,1,1,1,0,0,0,0,0,0,1,0,0,0,0,0,1,0,0,1,0,1
41298777,에쿠스,에쿠스(신형),73,599,200919,3778,5,13,2,0,1,1,1,1,1,1,1,1,1,1,0,0,0,0,0,0,1,0,0,0,0,0,1,0,0,1,0,1
41299245,스타렉스,그랜드 스타렉스,50,996,161003,2497,12,9,10,0,0,1,1,0,0,1,1,0,1,1,0,0,0,0,0,0,0,0,1,0,0,0,0,1,0,1,1,0
41299357,그랜저,그랜저 HG,27,850,52475,2359,5,13,1,0,0,1,1,1,1,1,1,0,1,1,0,0,0,0,0,0,1,0,0,0,0,0,1,0,0,1,0,1
41299700,아반떼,아반떼 AD,62,1000,71173,1591,5,9,16,0,0,1,1,0,1,1,1,0,1,1,0,0,0,0,0,0,1,0,0,0,0,1,0,0,0,1,0,1
41299724,엑센트,엑센트(신형),74,249,181554,1582,5,14,8,0,0,1,0,0,0,0,0,0,1,1,0,0,0,0,0,0,0,0,1,0,0,1,0,0,0,1,0,1
41301430,그랜저,그랜저 HG,27,720,103694,2359,5,10,20,0,0,1,1,1,1,1,1,1,1,1,0,0,0,0,0,0,1,0,0,0,0,0,1,0,0,1,0,1
41301693,그랜저,그랜저 HG,27,550,172402,2359,5,10,10,0,0,1,1,1,1,0,1,0,1,1,0,0,0,0,0,0,1,0,0,0,0,0,1,0,0,1,0,1
41302171,엑센트,엑센트(신형),74,250,213646,1582,5,14,13,1,0,1,1,0,1,1,1,0,1,1,0,0,0,0,0,0,0,0,1,0,0,1,0,0,0,1,0,1
41302600,쏘나타,쏘나타 하이브리드,57,395,153376,1999,5,14,0,1,0,1,1,1,1,1,1,0,1,1,0,0,0,0,0,0,0,1,0,0,0,1,0,0,0,1,0,1
41302707,아반떼,더 뉴 아반떼 AD,62,1330,81222,1598,5,7,1,0,0,1,1,1,1,1,1,0,1,1,0,0,0,0,0,0,1,0,0,0,0,0,0,0,1,1,0,1
41303115,그랜저,그랜저 IG,27,1370,120274,2359,5,9,0,0,1,1,1,1,1,1,1,1,1,1,0,0,0,0,0,0,1,0,0,0,0,1,0,0,0,1,0,1
41303476,스타렉스,그랜드 스타렉스,50,699,146542,2497,12,11,5,0,0,1,1,0,0,1,1,0,1,1,0,0,0,0,0,0,0,0,1,0,0,0,0,0,1,1,1,0
41303552,쏘나타,LF 쏘나타,57,720,197291,1999,5,11,12,0,0,1,1,1,1,1,1,0,1,1,0,0,0,0,0,1,0,0,0,0,0,1,0,0,0,1,0,1
41304318,그랜저,그랜저 HG,27,850,86712,2359,5,10,2,0,0,1,1,1,1,1,1,0,1,1,0,0,0,0,0,0,1,0,0,0,0,0,1,0,0,1,0,1
41304565,그랜저,그랜저 HG,27,430,231544,2999,5,14,2,1,1,1,1,1,1,1,1,1,1,1,0,0,0,0,0,0,1,0,0,0,0,0,1,0,0,1,0,1
41305590,에쿠스,에쿠스(신형),73,570,152030,3778,5,17,11,1,1,1,1,1,1,0,1,0,1,1,0,0,0,0,0,0,1,0,0,0,0,0,1,0,0,1,0,1
41307023,맥스크루즈,맥스크루즈,41,1140,158224,2199,7,11,6,1,1,1,1,1,1,1,1,1,1,1,0,0,0,0,0,0,0,0,1,0,0,0,0,1,0,1,1,0
41307062,아반떼,더 뉴 아반떼,62,660,110639,1591,5,11,4,0,0,1,1,1,0,1,1,0,1,1,0,0,0,0,0,0,1,0,0,0,0,0,0,1,0,1,0,1
41307095,싼타페,싼타페 (MX5),56,900,27932,1598,7,2,0,1,1,1,1,1,1,1,1,1,1,1,0,0,0,0,0,0,0,1,0,0,0,1,0,0,0,1,1,0
41308318,그랜저,그랜저 HG,27,465,273670,2999,5,12,10,0,1,1,1,1,1,1,1,1,1,1,0,0,0,0,0,1,0,0,0,0,0,0,1,0,0,1,0,1
41308840,아반떼,더 뉴 아반떼 AD,62,1360,29928,1598,5,7,4,0,0,1,1,0,1,0,1,0,1,1,0,0,0,0,0,0,1,0,0,0,0,0,0,0,1,1,0,1
41310020,에쿠스,에쿠스(신형),73,650,199922,3778,5,13,4,1,1,1,1,1,1,1,1,1,1,1,0,0,0,0,0,0,1,0,0,0,0,0,1,0,0,1,0,1
41310213,그랜저,그랜저 HG,27,550,205104,2999,5,13,2,1,0,1,1,1,1,1,1,1,1,1,0,0,0,0,0,1,0,0,0,0,0,0,1,0,0,1,0,1
41311674,아반떼,아반떼 AD,62,1099,53060,1591,5,10,13,0,1,1,1,1,1,1,1,0,1,1,0,0,0,0,0,0,1,0,0,0,0,1,0,0,0,1,0,1
41312658,그랜저,그랜저 IG,27,1070,184594,2359,5,8,6,0,1,1,1,1,1,1,1,1,1,1,0,0,0,0,0,0,1,0,0,0,0,0,0,1,0,1,0,1
41312801,투싼,올 뉴 투싼,101,1470,147920,1995,5,7,0,0,0,1,1,1,1,1,1,1,1,1,0,0,0,0,0,0,0,0,1,0,0,1,0,0,0,1,1,0
41312908,스타렉스,더 뉴 그랜드 스타렉스,50,1480,77266,2497,3,7,11,0,0,1,0,0,0,0,1,0,1,1,0,0,0,0,0,0,0,0,1,0,0,0,0,1,0,1,1,0
41313102,베라크루즈,베라크루즈,46,1490,129311,2959,7,12,4,1,1,1,1,1,1,1,1,1,1,1,0,0,0,0,0,0,0,0,1,0,0,0,1,0,0,1,1,0
41313109,베뉴,베뉴,45,1650,2183,1598,5,7,1,1,0,1,1,1,1,1,1,0,1,1,0,0,0,0,0,0,1,0,0,0,0,0,0,1,0,1,1,0
41313615,싼타페,싼타페 DM,56,920,157901,1995,7,13,12,0,1,1,1,1,1,1,1,1,1,1,0,0,0,0,0,0,0,0,1,0,0,1,0,0,0,1,1,0
41314533,캐스퍼,캐스퍼,88,1299,67724,998,4,5,14,0,0,1,1,1,1,1,1,1,1,1,0,0,0,0,0,0,1,0,0,0,0,1,0,0,0,1,0,1
41316062,그랜저,그랜저 HG 하이브리드,27,950,126617,2359,5,11,5,0,0,1,1,1,1,1,1,1,1,1,0,0,0,0,0,0,0,1,0,0,0,0,0,0,1,1,0,1
41316774,캐스퍼,캐스퍼,88,1599,28956,998,4,4,2,0,0,1,1,1,1,1,1,1,1,1,0,0,0,0,0,0,1,0,0,0,0,1,0,0,0,1,0,1
41316800,캐스퍼,캐스퍼,88,1655,6599,998,4,4,1,0,0,1,1,1,1,1,1,1,1,1,0,0,0,0,0,0,1,0,0,0,0,0,0,0,1,1,0,1
41317334,제네시스,제네시스,81,380,255999,3342,5,14,6,0,0,1,1,1,1,1,1,1,1,1,0,0,0,0,0,0,1,0,0,0,0,0,0,1,0,1,0,1
41317627,그랜저,그랜저 HG,27,430,227900,2359,5,13,8,0,0,1,1,1,1,1,1,0,1,1,0,0,0,0,0,0,1,0,0,0,0,1,0,0,0,1,0,1
41320199,쏘나타,쏘나타 뉴 라이즈,57,1130,85419,1999,5,7,4,0,0,1,1,0,1,1,1,0,1,1,0,0,0,0,0,1,0,0,0,0,0,1,0,0,0,1,0,1
41320230,아반떼,더 뉴 아반떼,62,470,158167,1591,5,13,2,0,0,1,1,0,0,1,0,0,0,1,0,0,0,0,0,0,1,0,0,0,0,1,0,0,0,1,0,1
41320331,제네시스,제네시스,81,430,113804,3342,5,16,2,0,0,1,1,1,0,1,1,0,1,1,0,0,0,0,0,0,1,0,0,0,0,0,1,0,0,1,0,1
41321674,싼타페,싼타페 DM,56,680,187675,1995,5,13,12,0,1,1,1,1,1,1,1,1,1,1,0,0,0,0,0,0,0,0,1,0,0,0,0,1,0,1,1,0
41322037,엑센트,엑센트(신형),74,480,77516,1399,5,14,13,0,0,1,1,0,0,1,1,0,1,1,0,0,0,0,0,0,1,0,0,0,0,0,0,1,0,1,0,1
41322042,그랜저,그랜저 IG,27,1370,148918,2359,5,8,7,0,1,1,1,1,1,1,1,1,1,1,0,0,0,0,0,0,1,0,0,0,0,0,1,0,0,1,0,1
41322256,아반떼,더 뉴 아반떼 AD,62,1350,75609,1598,5,7,0,0,0,1,1,1,1,1,1,0,1,1,0,0,0,0,0,0,1,0,0,0,0,1,0,0,0,1,0,1
41322264,아반떼,더 뉴 아반떼 AD,62,1290,87728,1598,5,7,0,0,0,1,1,1,1,1,1,0,1,1,0,0,0,0,0,0,1,0,0,0,0,1,0,0,0,1,0,1
41322283,아반떼,아반떼 MD,62,470,117763,1591,5,15,2,0,0,1,0,1,0,0,1,0,0,1,0,0,0,0,0,0,1,0,0,0,0,0,0,1,0,1,0,1
41322661,쏘나타,YF 쏘나타,57,350,202402,1999,5,14,8,0,0,1,0,1,1,1,1,0,1,1,0,0,0,0,0,1,0,0,0,0,0,0,1,0,0,1,0,1
41323282,벨로스터,벨로스터 (JS),47,35,44752,1998,4,4,9,1,1,1,1,1,1,1,1,1,1,1,0,0,0,0,0,0,1,0,0,0,0,0,0,0,1,1,0,1
41323395,쏘나타,YF 쏘나타,57,498,103200,1998,5,15,3,0,0,1,1,1,1,1,1,0,1,1,0,0,0,0,0,0,1,0,0,0,0,0,0,1,0,1,0,1
41323712,그랜저,그랜저 뉴 럭셔리,27,480,55053,2656,5,17,12,0,0,1,1,1,0,1,1,0,1,1,0,0,0,0,0,0,1,0,0,0,0,0,1,0,0,1,0,1
41323854,스타렉스,그랜드 스타렉스,50,1560,142473,2497,12,12,1,0,0,1,1,1,0,1,1,1,1,1,0,0,0,0,0,0,0,0,1,0,0,0,0,1,0,1,1,0
41324106,쏘나타,LF 쏘나타,57,1050,107350,1999,5,10,3,1,0,1,1,0,1,1,1,0,1,1,0,0,0,0,0,0,1,0,0,0,0,0,0,1,0,1,0,1
41324537,스타렉스,그랜드 스타렉스,50,460,247404,2497,5,15,11,0,0,1,1,0,0,1,1,0,1,1,0,0,0,0,0,0,0,0,1,0,0,0,0,1,0,1,1,0
41325103,쏘나타,쏘나타 하이브리드,57,650,91692,1999,5,14,2,0,0,1,1,1,1,1,1,0,1,1,0,0,0,0,0,0,0,1,0,0,0,0,0,1,0,1,0,1
41325207,그랜저,그랜저 HG,27,510,119247,2359,5,14,6,1,0,1,1,1,1,1,1,0,1,1,0,0,0,0,0,0,1,0,0,0,0,0,1,0,0,1,0,1
41326135,아반떼,더 뉴 아반떼 (CN7),62,384,4,1598,5,1,2,0,1,1,1,1,1,1,1,1,1,1,0,0,0,0,0,0,1,0,0,0,0,1,0,0,0,1,0,1
41326300,베뉴,베뉴,45,324,3,1598,5,1,2,0,1,1,1,1,1,1,1,1,1,1,0,0,0,0,0,0,1,0,0,0,0,1,0,0,0,1,1,0
41330500,제네시스,제네시스 DH,81,1249,101050,3342,5,10,2,0,1,1,1,1,1,1,1,1,1,1,0,0,0,0,0,0,1,0,0,0,0,0,0,1,0,1,0,1
41331044,아반떼,아반떼 하이브리드,62,390,111286,1591,5,17,6,0,0,1,1,1,0,1,1,0,0,1,0,0,0,0,0,0,0,1,0,0,0,0,0,1,0,1,0,1
41332477,쏘나타,쏘나타 뉴 라이즈 하이브리드,57,1480,140272,1999,5,8,0,0,1,1,1,1,1,1,1,1,1,1,0,0,0,0,0,0,0,1,0,0,0,1,0,0,0,1,0,1
41332950,맥스크루즈,맥스크루즈,41,1220,102967,2199,7,11,2,0,1,1,1,1,1,1,1,1,1,1,0,0,0,0,0,0,0,0,1,0,0,0,0,1,0,1,1,0
41333885,그랜저,그랜저 HG,27,599,165185,2359,5,10,8,0,0,1,1,1,1,1,1,1,1,1,0,0,0,0,0,0,1,0,0,0,0,0,1,0,0,1,0,1
41335059,제네시스,제네시스 DH,81,1329,98179,3342,5,11,0,1,1,1,1,1,1,1,1,1,1,1,0,0,0,0,0,0,1,0,0,0,0,0,1,0,0,1,0,1
41335860,쏘나타,LF 쏘나타 하이브리드,57,860,141549,1999,5,11,9,0,0,1,1,1,1,1,1,0,1,1,0,0,0,0,0,0,0,1,0,0,0,0,0,1,0,1,0,1
41337247,쏘나타,쏘나타 (DN8),57,1530,119556,1999,5,7,8,0,1,1,1,1,1,1,1,1,1,1,0,0,0,0,0,0,1,0,0,0,0,0,1,0,0,1,0,1
41337352,싼타페,싼타페 더 프라임,56,1299,87520,1995,5,11,0,0,0,1,1,0,1,1,1,0,1,1,0,0,0,0,0,0,0,0,1,0,0,1,0,0,0,1,1,0
41338573,아반떼,더 뉴 아반떼 AD,62,950,102899,1598,5,7,19,0,0,1,1,1,1,1,1,0,1,1,0,0,0,0,0,0,1,0,0,0,0,1,0,0,0,1,0,1
41339530,에쿠스,에쿠스(신형),73,599,282121,3778,5,12,8,0,1,1,1,1,1,1,1,1,1,1,0,0,0,0,0,0,1,0,0,0,0,0,1,0,0,1,0,1
41339752,싼타페,싼타페 TM,56,1690,154813,1995,5,7,3,0,0,1,1,1,1,1,1,1,1,1,0,0,0,0,0,0,0,0,1,0,0,1,0,0,0,1,1,0
41340509,그랜저,그랜저 IG,27,1550,108677,2359,5,9,5,0,0,1,1,1,1,1,1,1,1,1,0,0,0,0,0,0,1,0,0,0,0,0,1,0,0,1,0,1
41340854,그랜저,그랜저 IG,27,1300,54652,2999,5,9,10,0,0,1,1,1,1,1,1,1,1,1,0,0,0,0,0,1,0,0,0,0,0,0,1,0,0,1,0,1
41341863,그랜저,그랜저 뉴 럭셔리,27,350,41885,2656,5,17,2,0,0,1,1,1,0,1,1,0,1,1,0,0,0,0,0,0,1,0,0,0,0,0,1,0,0,1,0,1
41341906,쏘나타,쏘나타 (DN8),57,1400,110904,1999,5,7,0,0,0,1,1,1,1,1,1,0,1,1,0,0,0,0,0,1,0,0,0,0,0,0,1,0,0,1,0,1
41344043,스타렉스,그랜드 스타렉스,50,520,217818,2497,5,12,29,0,0,1,0,0,0,0,1,1,1,1,0,0,0,0,0,0,0,0,1,0,0,0,0,1,0,1,1,0
41344101,제네시스,제네시스 DH,81,999,140068,3342,5,11,9,1,1,1,1,1,1,1,1,1,1,1,0,0,0,0,0,0,1,0,0,0,0,1,0,0,0,1,0,1
41346115,아반떼,아반떼 (CN7),62,1360,83097,1591,5,4,2,0,0,1,1,0,0,0,0,0,1,1,0,0,0,0,0,1,0,0,0,0,0,1,0,0,0,1,0,1
41346125,코나,더 뉴 코나,91,1530,105931,1598,5,4,2,0,0,1,1,1,1,1,1,0,1,1,0,0,0,0,0,0,1,0,0,0,0,1,0,0,0,1,1,0
41346252,투싼,뉴 투싼 ix,101,970,87824,1995,5,12,2,0,0,1,1,0,1,1,1,0,1,1,0,0,0,0,0,0,0,0,1,0,0,0,0,1,0,1,1,0
41346361,캐스퍼,캐스퍼,88,1290,34211,998,2,4,1,0,0,1,0,0,0,0,1,1,1,1,0,0,0,0,0,0,1,0,0,0,0,0,0,0,1,1,0,1
41346383,싼타페,싼타페 더 프라임,56,1400,113952,1995,5,11,1,1,1,1,1,1,1,1,1,1,1,1,0,0,0,0,0,0,0,0,1,0,0,1,0,0,0,1,1,0
41346673,스타렉스,그랜드 스타렉스,50,1260,86882,2497,12,10,11,0,0,1,1,1,0,1,1,1,1,1,0,0,0,0,0,0,0,0,1,0,0,0,0,1,0,1,1,0
41347129,에쿠스,에쿠스(신형),73,490,283386,3778,5,12,17,0,1,1,1,1,1,1,1,1,1,1,0,0,0,0,0,0,1,0,0,0,0,0,1,0,0,1,0,1
41347920,제네시스,제네시스,81,750,147000,3342,5,18,2,0,0,0,0,0,0,0,0,0,0,1,0,0,0,0,0,0,1,0,0,0,0,0,1,0,0,1,0,1
41348047,투싼,투싼,101,350,182000,1991,5,18,2,0,0,0,0,0,0,0,0,0,0,1,0,0,0,0,0,0,0,0,1,0,0,0,1,0,0,1,1,0
41348321,싼타페,싼타페 더 프라임,56,1370,126499,1995,5,9,2,0,1,1,1,1,1,1,1,1,1,1,0,0,0,0,0,0,0,0,1,0,0,1,0,0,0,1,1,0
41350318,그랜저,그랜저 HG,27,530,172329,2359,5,13,14,0,0,1,1,1,1,1,1,0,1,1,0,0,0,0,0,0,1,0,0,0,0,0,1,0,0,1,0,1
41351314,아반떼,아반떼 AD,62,1100,84194,1591,5,10,6,0,0,1,1,1,1,1,1,0,1,1,0,0,0,0,0,0,1,0,0,0,0,1,0,0,0,1,0,1
41351554,그랜저,그랜저 IG,27,1200,187825,2359,5,8,17,0,1,1,1,1,1,1,1,1,1,1,0,0,0,0,0,0,1,0,0,0,0,0,1,0,0,1,0,1
41351643,쏘나타,쏘나타 뉴 라이즈,57,830,135172,1999,5,8,2,0,0,1,1,0,1,0,1,0,1,1,0,0,0,0,0,0,1,0,0,0,0,1,0,0,0,1,0,1
41351654,아반떼,아반떼 AD,62,650,156492,1591,5,10,2,0,0,0,0,0,0,0,0,0,0,1,0,0,0,0,0,1,0,0,0,0,0,1,0,0,0,1,0,1
41353222,캐스퍼,캐스퍼,88,1590,25104,998,4,4,2,0,0,0,0,0,0,0,0,0,0,1,0,0,0,0,0,0,1,0,0,0,0,0,0,0,1,1,0,1
41353342,그랜저,그랜저 HG,27,820,70521,2359,5,13,9,0,0,1,1,1,1,1,1,0,1,1,0,0,0,0,0,0,1,0,0,0,0,0,1,0,0,1,0,1
41353640,캐스퍼,캐스퍼,88,1529,26484,998,4,4,9,0,0,1,1,1,1,1,1,1,1,1,0,0,0,0,0,0,1,0,0,0,0,1,0,0,0,1,0,1
41353827,베라크루즈,베라크루즈,46,859,172535,2959,7,14,10,0,1,1,1,1,1,1,1,1,1,1,0,0,0,0,0,0,0,0,1,0,0,0,0,1,0,1,1,0
41355316,아반떼,더 뉴 아반떼,62,620,144764,1591,5,12,8,0,0,1,1,1,1,1,1,0,1,1,0,0,0,0,0,0,1,0,0,0,0,0,1,0,0,1,0,1
41355475,아반떼,아반떼 AD,62,670,164540,1582,5,9,3,0,0,1,1,1,1,1,1,0,1,1,0,0,0,0,0,0,0,0,1,0,0,1,0,0,0,1,0,1
41356024,맥스크루즈,맥스크루즈,41,1080,161214,2199,6,11,6,1,0,1,1,1,1,1,1,1,1,1,0,0,0,0,0,0,0,0,1,0,0,0,0,0,1,1,1,0
41356027,아반떼,아반떼 AD,62,790,164961,1591,5,10,4,0,1,1,1,1,1,0,1,0,1,1,0,0,0,0,0,0,1,0,0,0,0,0,0,0,1,1,0,1
41356226,그랜저,그랜저 뉴 럭셔리,27,269,154864,2656,5,17,2,0,0,1,1,1,0,0,1,0,1,1,0,0,0,0,0,1,0,0,0,0,0,0,1,0,0,1,0,1
41356467,쏘나타,쏘나타 (DN8),57,1270,137843,1999,5,7,4,0,1,1,1,1,1,1,1,1,1,1,0,0,0,0,0,0,1,0,0,0,0,1,0,0,0,1,0,1
41356581,코나,코나,91,1080,147210,1591,5,7,4,0,1,1,1,1,1,1,1,0,1,1,0,0,0,0,0,0,1,0,0,0,0,0,1,0,0,1,1,0
41356648,엑센트,엑센트(신형),74,379,178655,1582,5,13,9,0,0,1,1,0,0,1,1,0,1,1,0,0,0,0,0,0,0,0,1,0,0,1,0,0,0,1,0,1
41357172,그랜저,그랜저 IG,27,890,153647,2359,5,9,23,0,0,1,1,1,1,1,1,1,1,1,0,0,0,0,0,0,1,0,0,0,0,0,1,0,0,1,0,1
41357559,스타렉스,더 뉴 그랜드 스타렉스,50,1550,90423,2497,5,7,5,0,0,1,1,0,0,1,1,1,1,1,0,0,0,0,0,0,0,0,1,0,0,0,1,0,0,1,1,0
41357620,싼타페,싼타페 DM,56,1070,78377,1995,7,13,5,1,1,1,1,1,1,1,1,1,1,1,0,0,0,0,0,0,0,0,1,0,0,0,0,1,0,1,1,0
41358199,엑센트,엑센트(신형),74,490,134255,1582,5,13,9,0,0,1,0,0,0,0,1,0,1,1,0,0,0,0,0,0,0,0,1,0,0,0,1,0,0,1,0,1
41358591,투싼,올 뉴 투싼,101,1140,148498,1995,5,10,2,1,1,1,1,1,1,1,1,0,1,1,0,0,0,0,0,0,0,0,1,0,0,1,0,0,0,1,1,0
41358829,스타렉스,그랜드 스타렉스,50,730,159461,2497,3,13,3,0,0,1,0,0,0,0,1,0,1,1,0,0,0,0,0,0,0,0,1,0,0,0,0,1,0,1,1,0
41358872,스타렉스,그랜드 스타렉스,50,350,429407,2497,3,14,4,0,0,1,0,0,0,0,1,0,1,1,0,0,0,0,0,0,0,0,1,0,0,0,0,1,0,1,1,0
41358952,투싼,올 뉴 투싼,101,1370,63878,1685,5,10,2,0,0,1,1,1,1,1,1,0,1,1,0,0,0,0,0,0,0,0,1,0,0,1,0,0,0,1,1,0
41359667,그랜저,더 뉴 그랜저 IG,27,1699,161975,2999,5,6,0,0,1,1,1,1,1,1,1,1,1,1,0,0,0,0,0,1,0,0,0,0,0,1,0,0,0,1,0,1
41360013,싼타페,싼타페 TM,56,1380,160604,1995,5,8,11,0,0,1,1,1,1,1,1,1,1,1,0,0,0,0,0,0,0,0,1,0,0,0,0,1,0,1,1,0
41360441,아반떼,아반떼 AD,62,695,142318,1591,5,10,8,0,0,1,1,1,0,1,1,0,1,1,0,0,0,0,0,0,1,0,0,0,0,0,0,1,0,1,0,1
41360568,아반떼,아반떼 (CN7),62,1540,89277,1598,5,6,21,1,1,1,1,1,1,1,1,1,1,1,0,0,0,0,0,0,1,0,0,0,0,1,0,0,0,1,0,1
41361166,제네시스,제네시스 DH,81,999,164629,3342,5,10,3,0,1,1,1,1,1,1,1,1,1,1,0,0,0,0,0,0,1,0,0,0,0,0,1,0,0,1,0,1
41361314,캐스퍼,캐스퍼,88,1580,48055,998,4,5,4,0,0,1,1,1,1,1,1,1,1,1,0,0,0,0,0,0,1,0,0,0,0,0,0,0,1,1,0,1
41362924,쏘나타,YF 쏘나타,57,290,158222,1998,5,16,2,1,0,1,1,1,1,1,1,0,1,1,0,0,0,0,0,0,1,0,0,0,0,1,0,0,0,1,0,1
41363516,에쿠스,에쿠스(신형),73,500,128000,3800,5,17,2,0,1,1,1,1,1,1,1,1,1,1,0,0,0,0,0,0,1,0,0,0,0,0,1,0,0,1,0,1
41363723,쏘나타,쏘나타 뉴 라이즈,57,880,150589,1999,5,9,2,0,0,1,1,1,1,1,1,0,1,1,0,0,0,0,0,0,1,0,0,0,0,0,1,0,0,1,0,1
41364752,아반떼,아반떼 MD,62,499,93000,1591,5,15,2,1,1,1,1,1,1,1,1,0,1,1,0,0,0,0,0,0,1,0,0,0,0,1,0,0,0,1,0,1
41365270,싼타페,싼타페 DM,56,1150,85585,1995,5,12,0,0,0,1,1,1,1,1,1,1,1,1,0,0,0,0,0,0,0,0,1,0,0,0,0,1,0,1,1,0
41365428,스타렉스,그랜드 스타렉스,50,930,103268,2497,5,13,3,0,0,1,1,0,0,1,1,1,1,1,0,0,0,0,0,0,0,0,1,0,0,0,0,1,0,1,1,0
41365796,투싼,올 뉴 투싼,101,1140,124812,1995,5,11,4,0,0,1,1,1,1,1,1,0,1,1,0,0,0,0,0,0,0,0,1,0,0,0,0,1,0,1,1,0
41366048,그랜저,그랜저 IG,27,1350,126027,2999,5,8,13,0,1,1,1,1,1,1,1,1,1,1,0,0,0,0,0,0,1,0,0,0,0,0,0,1,0,1,0,1
41366610,아이오닉,더 뉴 아이오닉 하이브리드,65,1619,138753,1580,5,7,0,0,1,1,1,1,1,1,1,1,1,1,0,0,0,0,0,0,0,1,0,0,0,0,0,0,1,1,0,1
41366679,아반떼,아반떼 AD,62,980,93174,1591,5,9,6,1,1,1,1,0,1,1,1,0,1,1,0,0,0,0,0,0,1,0,0,0,0,0,1,0,0,0,0,1
41367000,쏘나타,쏘나타 (DN8),57,1270,115605,1999,5,7,2,0,0,1,1,1,1,1,1,0,1,1,0,0,0,0,0,1,0,0,0,0,0,1,0,0,0,1,0,1
41367311,스타렉스,그랜드 스타렉스,50,600,133617,2497,5,17,0,0,0,1,0,0,0,0,1,0,1,1,0,0,0,0,0,0,0,0,1,0,0,0,0,1,0,1,1,0
41367713,그랜저,그랜저 HG,27,499,117343,2359,5,15,8,1,0,1,1,1,1,1,1,0,1,1,0,0,0,0,0,0,1,0,0,0,0,0,0,0,1,1,0,1
41367740,제네시스,제네시스 DH,81,950,137066,3342,5,12,5,1,1,1,1,1,1,1,1,1,1,1,0,0,0,0,0,0,1,0,0,0,0,0,0,1,0,1,0,1
41368225,아반떼,아반떼 (CN7),62,1649,100580,1598,5,5,10,1,1,1,1,1,1,1,1,1,1,1,0,0,0,0,0,0,1,0,0,0,0,0,0,1,0,1,0,1
41368268,제네시스,제네시스 DH,81,850,189167,3342,5,11,1,1,1,1,1,1,1,1,1,1,1,1,0,0,0,0,0,0,1,0,0,0,0,0,1,0,0,1,0,1
41368370,아반떼,아반떼 AD,62,780,158288,1591,5,10,14,0,1,1,1,1,1,1,1,1,1,1,0,0,0,0,0,0,1,0,0,0,0,1,0,0,0,1,0,1
41369117,쏘나타,쏘나타 (DN8),57,1479,82798,1999,5,7,12,0,1,1,1,1,1,1,1,1,1,1,0,0,0,0,0,0,1,0,0,0,0,0,1,0,0,1,0,1
41369178,싼타페,싼타페 DM,56,950,156812,1995,5,11,2,0,0,0,0,0,0,0,0,0,0,1,0,0,0,0,0,0,0,0,1,0,0,0,1,0,0,1,1,0
41369983,그랜저,그랜저 HG,27,620,110031,2359,5,12,8,0,0,1,1,1,1,1,1,0,1,1,0,0,0,0,0,0,1,0,0,0,0,0,0,1,0,1,0,1
41370597,i40,더 뉴 i40 살룬,25,750,125168,1999,5,11,25,1,1,1,1,1,1,1,1,0,1,1,0,0,0,0,0,0,1,0,0,0,0,1,0,0,0,1,0,1
41370680,그랜저,그랜저 IG,27,970,179587,2999,5,8,8,0,1,1,1,1,1,1,1,1,1,1,0,0,0,0,0,0,1,0,0,0,0,0,0,1,0,1,0,1
41370852,코나,코나,91,1000,179091,1582,5,8,0,0,0,1,1,0,1,1,1,0,1,1,0,0,0,0,0,0,0,0,1,0,0,1,0,0,0,1,1,0
41371435,아반떼,더 뉴 아반떼,62,430,184439,1591,5,12,8,0,0,1,1,1,0,1,1,0,1,1,0,0,0,0,0,0,1,0,0,0,0,1,0,0,0,1,0,1
41371963,쏘나타,LF 쏘나타,57,850,140221,1999,5,11,2,1,0,1,1,1,1,1,1,1,1,1,0,0,0,0,0,0,1,0,0,0,0,1,0,0,0,1,0,1
41372455,그랜저,그랜저 HG,27,330,200151,2359,5,15,2,0,0,1,1,1,1,1,1,0,1,1,0,0,0,0,0,0,1,0,0,0,0,0,1,0,0,1,0,1
41372676,맥스크루즈,맥스크루즈,41,823,167029,2199,7,13,0,0,0,1,1,1,1,1,1,1,1,1,0,0,0,0,0,0,0,0,1,0,0,0,0,1,0,1,1,0
41373306,투싼,투싼 ix,101,499,179079,1995,5,14,7,0,0,1,1,0,1,1,1,0,1,1,0,0,0,0,0,0,0,0,1,0,0,1,0,0,0,1,1,0
41374265,쏘나타,LF 쏘나타,57,1199,122579,1998,5,10,10,1,1,1,1,1,1,1,1,1,1,1,0,0,0,0,0,0,1,0,0,0,0,1,0,0,0,1,0,1
41374625,제네시스,제네시스 DH,81,1120,131483,3342,5,10,5,0,1,1,1,1,1,1,1,1,1,1,0,0,0,0,0,0,1,0,0,0,0,0,1,0,0,1,0,1
41374747,투싼,올 뉴 투싼,101,1030,149361,1995,5,10,12,0,0,1,1,1,1,1,1,1,1,1,0,0,0,0,0,0,0,0,1,0,0,1,0,0,0,1,1,0
41375213,코나,코나,91,1090,134814,1582,5,8,3,0,0,1,1,0,1,1,1,0,1,1,0,0,0,0,0,0,0,0,1,0,0,0,0,0,1,1,1,0
41375227,투싼,올 뉴 투싼,101,1550,114328,1591,5,8,8,0,1,1,1,1,1,1,1,1,1,1,0,0,0,0,0,0,1,0,0,0,0,0,0,1,0,1,1,0
41375256,쏘나타,쏘나타 더 브릴리언트,57,540,119041,1999,5,14,13,0,0,1,1,0,1,1,1,0,1,1,0,0,0,0,0,0,1,0,0,0,0,0,0,1,0,1,0,1
41375348,그랜저,그랜저 IG,27,1490,134974,2359,5,8,3,0,1,1,1,1,1,1,1,1,1,1,0,0,0,0,0,0,1,0,0,0,0,0,0,1,0,1,0,1
41375965,아반떼,아반떼 MD,62,380,156236,1591,5,15,18,0,0,1,1,1,1,1,1,0,1,1,0,0,0,0,0,0,1,0,0,0,0,1,0,0,0,1,0,1
41375989,캐스퍼,캐스퍼,88,1180,63245,998,4,4,0,0,0,1,0,0,0,0,0,0,0,1,0,0,0,0,0,0,1,0,0,0,0,1,0,0,0,1,0,1
41376407,쏘나타,LF 쏘나타,57,960,114683,1999,5,9,3,0,0,1,1,1,1,1,1,0,1,1,0,0,0,0,0,0,1,0,0,0,0,0,0,1,0,1,0,1
41377034,쏘나타,쏘나타 뉴 라이즈,57,1690,27368,1999,5,7,0,0,1,1,1,0,1,1,1,1,1,1,0,0,0,0,0,0,1,0,0,0,0,1,0,0,0,1,0,1
41377080,쏘나타,LF 쏘나타,57,890,136844,1999,5,10,3,0,0,1,1,0,1,0,1,0,1,1,0,0,0,0,0,0,1,0,0,0,0,1,0,0,0,1,0,1
41377396,아반떼,아반떼 (CN7),62,1520,86372,1598,5,5,1,0,0,1,1,1,1,1,1,0,1,1,0,0,0,0,0,0,1,0,0,0,0,1,0,0,0,1,0,1
41377456,쏘나타,LF 쏘나타,57,899,146944,1685,5,10,2,1,1,1,1,1,1,1,1,1,1,1,0,0,0,0,0,0,0,0,1,0,0,0,0,1,0,1,0,1
41377532,엑센트,엑센트(신형),74,450,149076,1368,5,12,9,0,0,1,1,0,0,1,1,0,1,1,0,0,0,0,0,0,1,0,0,0,0,0,1,0,0,1,0,1
41377547,쏘나타,LF 쏘나타,57,930,130341,1999,5,12,10,0,0,1,1,1,1,1,1,0,1,1,0,0,0,0,0,0,1,0,0,0,0,1,0,0,0,1,0,1
41379455,에쿠스,에쿠스(신형),73,950,161507,3778,5,12,14,1,1,1,1,1,1,1,1,1,1,1,0,0,0,0,0,0,1,0,0,0,0,0,1,0,0,1,0,1
41380523,에쿠스,에쿠스(신형),73,370,243516,3778,5,14,10,0,1,1,1,1,1,1,1,1,1,1,0,0,0,0,0,0,1,0,0,0,0,0,1,0,0,1,0,1
41380773,스타렉스,그랜드 스타렉스,50,1150,121204,2497,12,11,0,0,0,1,1,0,0,1,1,0,1,1,0,0,0,0,0,0,0,0,1,0,0,1,0,0,0,1,1,0
41381469,캐스퍼,캐스퍼,88,1470,27307,998,4,4,2,0,0,1,1,1,1,1,1,1,1,1,0,0,0,0,0,0,1,0,0,0,0,1,0,0,0,1,0,1
41381826,쏘나타,LF 쏘나타,57,1170,80708,1999,5,11,6,1,0,1,1,1,1,1,1,0,1,1,0,0,0,0,0,0,1,0,0,0,0,1,0,0,0,1,0,1
41381940,싼타페,싼타페 더 프라임,56,1430,106533,1995,5,9,5,0,0,1,1,1,1,1,1,1,1,1,0,0,0,0,0,0,0,0,1,0,0,0,0,0,1,1,1,0
41382376,투싼,올 뉴 투싼,101,1299,69223,1685,5,9,1,0,1,1,0,1,1,0,1,1,1,1,0,0,0,0,0,0,0,0,1,0,0,0,1,0,0,1,1,0
41382397,쏘나타,쏘나타 하이브리드 (DN8),57,1659,114717,1999,5,5,2,0,1,1,1,1,1,1,1,1,1,1,0,0,0,0,0,0,0,1,0,0,0,0,1,0,0,1,0,1
41382628,에쿠스,에쿠스(신형),73,600,211708,3778,5,14,10,0,1,1,1,1,1,1,1,1,1,1,0,0,0,0,0,0,1,0,0,0,0,0,1,0,0,1,0,1
41382849,그랜저,그랜저 HG,27,429,177516,2999,5,15,14,0,1,1,1,1,1,1,1,1,1,1,0,0,0,0,0,0,1,0,0,0,0,0,1,0,0,1,0,1
41382974,아반떼,아반떼 MD,62,350,178371,1591,5,15,11,1,0,1,1,1,0,1,1,0,1,1,0,0,0,0,0,0,1,0,0,0,0,1,0,0,0,0,0,1
41383192,아반떼,아반떼 (CN7),62,1429,108149,1591,5,5,3,0,0,1,1,1,1,1,1,1,1,1,0,0,0,0,0,1,0,0,0,0,0,1,0,0,0,1,0,1
41383289,스타렉스,그랜드 스타렉스,50,1230,142336,2497,12,10,2,1,0,1,1,1,0,1,1,1,1,1,0,0,0,0,0,0,0,0,1,0,0,1,0,0,0,1,1,0
41383551,싼타페,싼타페 DM,56,920,162742,1995,5,11,6,1,1,1,1,1,1,1,1,1,1,1,0,0,0,0,0,0,0,0,1,0,0,0,0,1,0,1,1,0
41383975,쏘나타,LF 쏘나타,57,950,153724,1999,5,12,0,0,0,1,1,1,1,1,1,0,1,1,0,0,0,0,0,0,1,0,0,0,0,1,0,0,0,1,0,1
41384400,에쿠스,에쿠스(신형),73,1090,191757,5038,4,11,8,0,1,1,1,1,1,1,1,1,1,1,0,0,0,0,0,0,1,0,0,0,0,0,1,0,0,1,0,1
41384435,싼타페,싼타페 TM,56,1590,149474,1995,5,7,7,0,0,1,0,1,1,0,1,1,1,1,0,0,0,0,0,0,0,0,1,0,0,1,0,0,0,1,1,0
41384929,그랜저,그랜저 TG,27,220,224532,2656,5,20,6,0,0,1,1,1,0,1,1,0,1,1,0,0,0,0,0,0,1,0,0,0,0,0,1,0,0,1,0,1
41384939,베뉴,베뉴,45,1150,40362,1598,5,5,12,0,1,1,1,1,1,1,1,1,1,1,0,0,0,0,0,0,1,0,0,0,0,1,0,0,0,1,1,0
41385009,제네시스,제네시스 DH,81,979,162134,3342,5,10,6,0,1,1,1,1,1,1,1,1,1,1,0,0,0,0,0,0,1,0,0,0,0,0,0,1,0,1,0,1
41385295,아반떼,아반떼 (CN7),62,1590,69733,1598,5,6,3,0,0,1,1,1,1,1,1,1,1,1,0,0,0,0,0,0,1,0,0,0,0,1,0,0,0,1,0,1
41385300,아반떼,아반떼 AD,62,1030,118555,1591,5,9,13,0,1,1,1,1,1,1,1,0,1,1,0,0,0,0,0,0,1,0,0,0,0,1,0,0,0,1,0,1
41385565,그랜저,그랜저 HG 하이브리드,27,1050,100260,2359,5,11,4,0,0,1,1,1,1,0,1,0,1,1,0,0,0,0,0,0,0,1,0,0,0,0,0,1,0,1,0,1
41385615,그랜저,더 뉴 그랜저 IG,27,1660,171627,2999,5,6,1,0,1,1,1,1,1,1,1,1,1,1,0,0,0,0,0,1,0,0,0,0,0,1,0,0,0,1,0,1
41385712,스타렉스,더 뉴 그랜드 스타렉스,50,1599,113511,2497,5,6,0,0,0,1,1,0,0,0,1,1,1,1,0,0,0,0,0,0,0,0,1,0,0,0,0,1,0,1,1,0
41386308,그랜저,그랜저 IG,27,1550,106640,2359,5,9,3,1,0,1,1,1,1,1,1,1,1,1,0,0,0,0,0,0,1,0,0,0,0,0,1,0,0,1,0,1
41387274,베뉴,베뉴,45,1050,121854,1598,5,5,4,0,0,1,0,0,0,0,1,0,1,1,0,0,0,0,0,0,1,0,0,0,0,1,0,0,0,1,1,0
41387393,그랜저,그랜저 HG,27,850,197935,2999,5,10,8,0,1,1,1,1,1,1,1,1,1,1,0,0,0,0,0,1,0,0,0,0,0,0,1,0,0,1,0,1
41388270,쏘나타,쏘나타 뉴 라이즈,57,870,178593,1999,5,9,7,0,0,1,1,1,1,1,1,0,1,1,0,0,0,0,0,0,1,0,0,0,0,0,1,0,0,1,0,1
41389403,투싼,올 뉴 투싼,101,1250,124957,1995,5,8,2,0,0,1,1,1,1,1,1,1,1,1,0,0,0,0,0,0,0,0,1,0,0,0,0,1,0,1,1,0
41389551,그랜저,그랜저 HG,27,750,152542,2999,5,12,2,0,0,1,1,1,1,0,1,1,1,1,0,0,0,0,0,0,1,0,0,0,0,1,0,0,0,1,0,1
41389622,아반떼,더 뉴 아반떼,62,730,136556,1591,5,12,2,0,0,1,1,1,1,1,1,0,1,1,0,0,0,0,0,0,1,0,0,0,0,0,0,1,0,1,0,1
41390302,투싼,올 뉴 투싼,101,1280,73468,1995,5,10,12,1,0,1,1,1,1,1,1,1,1,1,0,0,0,0,0,0,0,0,1,0,0,1,0,0,0,1,1,0
41390359,그랜저,그랜저 IG,27,1490,116562,2999,5,7,1,0,0,1,1,1,1,1,1,1,1,1,0,0,0,0,0,1,0,0,0,0,0,0,1,0,0,1,0,1
41390507,엑센트,엑센트(신형),74,290,170077,1582,5,14,1,0,0,1,1,0,0,1,1,0,1,1,0,0,0,0,0,0,0,0,1,0,0,0,0,1,0,1,0,1
41390607,그랜저,더 뉴 그랜저 IG,27,1645,161518,2497,5,6,1,0,1,1,1,1,1,1,1,1,1,1,0,0,0,0,0,0,1,0,0,0,0,0,1,0,0,1,0,1
41390656,캐스퍼,캐스퍼,88,1240,31372,998,4,4,0,0,0,1,0,0,0,0,0,0,1,1,0,0,0,0,0,0,1,0,0,0,0,1,0,0,0,1,0,1
41390663,싼타페,싼타페 DM,56,850,157359,1995,7,14,2,1,0,1,1,1,1,1,1,1,1,1,0,0,0,0,0,0,0,0,1,0,0,0,0,1,0,1,1,0
41391344,그랜저,그랜저 IG,27,1330,109645,2199,5,10,11,1,1,1,1,1,1,1,1,1,1,1,0,0,0,0,0,0,0,0,1,0,0,0,1,0,0,1,0,1
41391746,그랜저,그랜저 HG,27,575,178993,2999,5,15,19,1,1,1,1,1,1,1,1,1,1,1,0,0,0,0,0,0,1,0,0,0,0,0,1,0,0,1,0,1
41391913,제네시스,제네시스 DH,81,1550,114177,3342,5,11,2,0,1,1,1,1,1,1,1,1,1,1,0,0,0,0,0,0,1,0,0,0,0,0,1,0,0,1,0,1
41392271,스타렉스,그랜드 스타렉스,50,770,246743,2497,11,15,5,1,0,1,1,1,0,1,1,0,1,1,0,0,0,0,0,0,0,0,1,0,0,0,1,0,0,1,1,0
41392294,아슬란,아슬란,64,1240,79022,3342,5,11,4,0,1,1,1,1,1,1,1,1,1,1,0,0,0,0,0,0,1,0,0,0,0,0,0,0,1,1,0,1
41392722,엑센트,엑센트(신형),74,430,83193,1396,5,14,3,0,0,1,1,0,0,1,1,0,1,1,0,0,0,0,0,0,1,0,0,0,0,0,0,1,0,1,0,1
41393591,아반떼,더 뉴 아반떼 AD,62,1190,94367,1598,5,7,2,0,0,1,1,1,1,1,1,0,1,1,0,0,0,0,0,0,1,0,0,0,0,1,0,0,0,1,0,1
41393750,쏘나타,LF 쏘나타,57,690,140465,1999,5,11,16,0,0,1,1,0,1,1,1,0,1,1,0,0,0,0,0,1,0,0,0,0,0,0,1,0,0,1,0,1
41393779,투싼,올 뉴 투싼,101,1170,107390,1995,5,10,7,0,0,1,1,1,1,1,1,1,1,1,0,0,0,0,0,0,0,0,1,0,0,1,0,0,0,1,1,0
41394110,벨로스터,벨로스터,47,450,142562,1591,4,15,6,1,0,1,1,0,1,1,1,0,1,1,0,0,0,0,0,0,1,0,0,0,0,1,0,0,0,1,0,1
41394293,스타렉스,그랜드 스타렉스,50,990,136165,2497,15,10,10,0,0,1,0,0,0,0,1,0,1,1,0,0,0,0,0,0,0,0,1,0,0,0,0,0,1,1,1,0
41394347,그랜저,그랜저 IG,27,1290,145342,2359,5,8,4,0,0,1,1,1,1,1,1,0,1,1,0,0,0,0,0,0,1,0,0,0,0,0,0,1,0,1,0,1
41394404,스타렉스,그랜드 스타렉스,50,1200,93471,2497,11,11,2,0,0,1,0,0,0,0,1,1,1,1,0,0,0,0,0,0,0,0,1,0,0,0,1,0,0,1,1,0
41394636,쏘나타,쏘나타 (DN8),57,1530,96337,1999,5,7,1,0,1,1,1,1,1,1,1,0,1,1,0,0,0,0,0,0,1,0,0,0,0,0,0,0,1,1,0,1
41394965,싼타페,싼타페 더 프라임,56,1120,142402,1995,5,11,5,1,0,1,1,1,1,1,1,1,1,1,0,0,0,0,0,0,0,0,1,0,0,1,0,0,0,1,1,0
41395605,캐스퍼,캐스퍼,88,1199,29873,998,2,4,2,0,0,1,0,0,0,0,1,1,1,1,0,0,0,0,0,0,1,0,0,0,0,0,0,0,1,1,0,1
41396516,아반떼,더 뉴 아반떼,62,599,157669,1591,5,12,7,0,1,1,1,1,1,0,1,1,1,1,0,0,0,0,0,0,1,0,0,0,0,1,0,0,0,1,0,1
41396759,아반떼,더 뉴 아반떼,62,520,85463,1591,5,13,23,0,0,1,1,1,1,1,1,0,1,1,0,0,0,0,0,0,1,0,0,0,0,0,0,1,0,1,0,1
41397176,쏘나타,YF 쏘나타,57,430,125213,1999,5,15,2,0,0,1,0,0,0,0,0,0,1,1,0,0,0,0,0,1,0,0,0,0,0,0,0,1,0,1,0,1
41397348,스타렉스,그랜드 스타렉스,50,1120,103480,2497,11,12,0,0,0,1,1,1,0,1,1,1,1,1,0,0,0,0,0,0,0,0,1,0,0,0,0,1,0,1,1,0
41397566,엑센트,엑센트(신형),74,490,102016,1368,5,12,10,1,0,1,0,0,0,0,1,0,1,1,0,0,0,0,0,0,1,0,0,0,0,0,1,0,0,1,0,1
41398674,싼타페,싼타페 DM,56,820,140796,1995,7,11,5,0,0,1,1,1,1,1,1,0,1,1,0,0,0,0,0,0,0,0,1,0,0,0,0,1,0,1,1,0
41398696,그랜저,그랜저 HG,27,750,117608,2359,5,11,12,0,0,1,1,1,1,0,1,0,1,1,0,0,0,0,0,0,1,0,0,0,0,0,1,0,0,1,0,1
41399095,그랜저,그랜저 HG 하이브리드,27,870,157459,2359,5,10,1,0,0,1,1,1,1,1,1,1,1,1,0,0,0,0,0,0,0,1,0,0,0,0,1,0,0,1,0,1
41399098,싼타페,싼타페 DM,56,1090,143523,1995,7,13,9,1,1,1,1,1,1,1,1,1,1,1,0,0,0,0,0,0,0,0,1,0,0,0,0,0,1,1,1,0
41399219,스타렉스,그랜드 스타렉스,50,350,237015,2497,5,17,1,0,0,1,1,0,0,1,1,0,1,1,0,0,0,0,0,0,0,0,1,0,0,0,0,1,0,1,1,0
41399911,i30,i30(신형),24,670,111684,1582,5,13,11,1,1,1,1,1,1,0,1,1,1,1,0,0,0,0,0,0,0,0,1,0,0,1,0,0,0,1,0,1
41399999,코나,더 뉴 코나,91,1520,164741,1999,5,5,2,0,0,1,1,1,1,1,1,1,1,1,0,0,0,0,0,0,1,0,0,0,0,0,1,0,0,1,1,0
41400125,아이오닉,아이오닉 하이브리드,65,1280,96901,1580,5,10,4,1,1,1,1,1,1,1,1,1,1,1,0,0,0,0,0,0,0,1,0,0,0,1,0,0,0,1,0,1
41400663,제네시스,제네시스,81,520,91204,3342,5,16,2,0,0,0,1,1,0,1,1,0,1,1,0,0,0,0,0,0,1,0,0,0,0,0,0,1,0,1,0,1
41400758,싼타페,싼타페 DM,56,880,188887,1995,5,11,4,0,0,1,1,1,1,1,1,1,1,1,0,0,0,0,0,0,0,0,1,0,0,1,0,0,0,1,1,0
41402061,그랜저,그랜저 HG,27,799,132305,2359,5,9,2,0,0,1,1,1,1,1,1,1,1,1,0,0,0,0,0,0,1,0,0,0,0,0,1,0,0,1,0,1
41402197,그랜저,그랜저 IG,27,870,235755,2359,5,7,7,0,0,1,1,1,1,1,1,0,1,1,0,0,0,0,0,0,1,0,0,0,0,0,1,0,0,1,0,1
41403221,그랜저,그랜저 IG 하이브리드,27,1590,150265,2359,5,9,5,0,1,1,1,1,1,1,1,1,1,1,0,0,0,0,0,0,0,1,0,0,0,0,0,1,0,1,0,1
41403305,제네시스,제네시스 DH,81,1590,74397,3778,5,12,7,1,1,1,1,1,1,1,1,1,1,1,0,0,0,0,0,0,1,0,0,0,0,0,0,1,0,1,0,1
41404182,쏘나타,LF 쏘나타,57,840,107620,1999,5,10,8,0,0,1,1,1,1,1,1,1,1,1,0,0,0,0,0,0,1,0,0,0,0,0,0,1,0,1,0,1
41404980,싼타페,싼타페 더 프라임,56,1380,101337,1995,5,10,5,1,1,1,1,1,1,1,1,1,1,1,0,0,0,0,0,0,0,0,1,0,0,0,0,1,0,1,1,0
41405175,스타렉스,그랜드 스타렉스,50,890,106222,2497,11,13,3,0,0,1,0,1,0,0,1,1,1,1,0,0,0,0,0,0,0,0,1,0,0,0,0,1,0,1,1,0
41406297,쏘나타,쏘나타 더 브릴리언트,57,420,122051,1999,5,13,8,0,0,1,1,0,0,1,1,0,0,1,0,0,0,0,0,0,1,0,0,0,0,0,0,1,0,1,0,1
41406858,그랜저,그랜저 HG,27,599,142632,2359,5,13,4,0,0,1,1,1,1,1,1,1,1,1,0,0,0,0,0,0,1,0,0,0,0,1,0,0,0,1,0,1
41407642,스타렉스,그랜드 스타렉스,50,1070,156200,2497,3,9,2,0,0,1,1,0,0,1,1,0,1,1,0,0,0,0,0,0,0,0,1,0,0,1,0,0,0,1,1,0
41407775,그랜저,그랜저 HG,27,1199,129966,2999,5,11,2,1,1,1,1,1,1,1,1,1,1,1,0,0,0,0,0,1,0,0,0,0,0,1,0,0,0,1,0,1
41407804,쏘나타,LF 쏘나타,57,750,165203,1999,5,12,1,0,0,1,1,0,1,1,1,0,0,1,0,0,0,0,0,0,1,0,0,0,0,0,0,1,0,1,0,1
41408660,스타렉스,그랜드 스타렉스,50,1190,119088,2497,11,11,14,0,0,1,0,0,0,0,1,0,1,1,0,0,0,0,0,0,0,0,1,0,0,0,0,1,0,1,1,0
41408731,그랜저,그랜저 HG,27,800,141135,2199,5,11,4,0,0,1,1,1,1,1,1,1,1,1,0,0,0,0,0,0,0,0,1,0,0,0,1,0,0,1,0,1
41408941,스타렉스,그랜드 스타렉스,50,1010,131881,2497,5,9,2,0,0,1,1,0,0,1,0,0,1,1,0,0,0,0,0,0,0,0,1,0,0,0,1,0,0,1,1,0
41409200,넥쏘,넥쏘,28,1599,94511,0,5,6,2,1,1,1,1,1,1,1,1,1,1,1,0,0,0,0,0,0,0,0,0,0,1,1,0,0,0,1,1,0
41409453,쏘나타,쏘나타 뉴 라이즈,57,1280,102767,1999,5,9,6,0,1,1,1,1,1,1,1,1,1,1,0,0,0,0,0,0,1,0,0,0,0,1,0,0,0,1,0,1
41409604,캐스퍼,캐스퍼,88,1389,104599,998,4,4,1,0,0,1,1,1,1,1,1,1,1,1,0,0,0,0,0,0,1,0,0,0,0,0,0,0,1,1,0,1
41409731,스타렉스,더 뉴 그랜드 스타렉스,50,1670,108599,2497,12,8,5,0,0,1,1,0,0,1,1,1,1,1,0,0,0,0,0,0,0,0,1,0,0,0,0,1,0,1,1,0
41410054,스타렉스,그랜드 스타렉스,50,790,119496,2497,11,15,2,1,0,1,1,1,0,0,1,0,1,1,0,0,0,0,0,0,0,0,1,0,0,0,0,1,0,1,1,0
41410107,베뉴,베뉴,45,1390,37041,1598,5,5,15,0,1,1,1,1,1,1,1,1,1,1,0,0,0,0,0,0,1,0,0,0,0,1,0,0,0,1,1,0
41410125,그랜저,그랜저 HG,27,830,67237,2999,5,12,8,0,0,1,1,1,1,1,1,1,1,1,0,0,0,0,0,0,1,0,0,0,0,0,1,0,0,1,0,1
41410272,투싼,올 뉴 투싼,101,1660,97534,1591,5,6,5,0,0,1,1,1,1,1,1,1,1,1,0,0,0,0,0,0,1,0,0,0,0,1,0,0,0,1,1,0
41410847,제네시스 쿠페,제네시스 쿠페,82,480,137578,1998,4,16,4,1,1,1,0,1,1,1,1,0,1,1,0,0,0,0,0,0,1,0,0,0,0,0,0,1,0,1,0,1
41412431,아반떼,아반떼 (CN7),62,1550,111106,1598,5,6,0,0,0,1,1,1,1,1,1,1,1,1,0,0,0,0,0,0,1,0,0,0,0,0,0,1,0,1,0,1
41412588,제네시스,제네시스 DH,81,750,214256,3342,5,10,3,0,1,1,1,1,1,1,1,1,1,1,0,0,0,0,0,0,1,0,0,0,0,0,1,0,0,1,0,1
41412592,쏘나타,LF 쏘나타,57,1560,39693,1999,5,11,2,1,1,1,1,1,1,1,1,1,1,1,0,0,0,0,0,0,1,0,0,0,0,0,1,0,0,1,0,1
41412696,그랜저,그랜저 IG,27,1350,168315,2359,5,7,1,0,1,1,1,1,1,1,1,1,1,1,0,0,0,0,0,0,1,0,0,0,0,0,0,1,0,1,0,1
41412719,그랜저,그랜저 HG,27,1050,62955,2359,5,10,1,0,0,1,1,1,1,1,1,1,1,1,0,0,0,0,0,0,1,0,0,0,0,1,0,0,0,1,0,1
41413604,쏘나타,LF 쏘나타,57,1100,89315,1999,5,11,1,0,0,1,1,1,1,1,1,0,1,1,0,0,0,0,0,1,0,0,0,0,0,0,0,1,0,1,0,1
41414037,그랜저,더 뉴 그랜저 IG,27,1680,137727,2999,5,6,2,0,0,0,0,0,0,0,0,0,0,1,0,0,0,0,0,1,0,0,0,0,0,1,0,0,0,1,0,1
41414180,제네시스,제네시스 DH,81,1330,154570,3342,5,12,11,0,1,1,1,1,1,1,1,1,1,1,0,0,0,0,0,0,1,0,0,0,0,0,1,0,0,1,0,1
41414654,아반떼,더 뉴 아반떼 AD,62,1320,54265,1598,5,7,0,0,0,1,1,0,1,0,1,0,1,1,0,0,0,0,0,0,1,0,0,0,0,1,0,0,0,1,0,1
41414949,아반떼,아반떼 MD,62,340,177974,1591,5,16,17,1,0,1,0,1,1,0,1,0,1,1,0,0,0,0,0,0,1,0,0,0,0,0,0,1,0,1,0,1
41415435,투싼,투싼 ix,101,450,161467,1995,5,14,2,0,0,1,0,0,0,0,1,0,1,1,0,0,0,0,0,0,0,0,1,0,0,0,0,1,0,1,1,0
41415528,그랜저,그랜저 HG,27,780,85718,2359,5,15,0,1,0,1,1,1,1,1,1,0,1,1,0,0,0,0,0,0,1,0,0,0,0,0,1,0,0,1,0,1
41415813,그랜저,그랜저 IG,27,1520,41119,2359,5,9,0,0,0,1,1,1,1,1,1,0,1,1,0,0,0,0,0,0,1,0,0,0,0,0,0,1,0,1,0,1
41415898,싼타페,싼타페 CM,56,220,127945,2188,7,20,5,1,0,1,0,1,0,0,1,0,1,1,0,0,0,0,0,0,0,0,1,0,0,0,0,0,1,1,1,0
41415902,스타렉스,그랜드 스타렉스,50,970,256605,2497,3,15,2,0,0,0,1,0,0,1,1,0,1,1,0,0,0,0,0,0,0,0,1,0,0,0,0,1,0,1,1,0
41415934,캐스퍼,캐스퍼,88,1340,103857,998,4,4,2,0,0,1,1,1,1,1,1,1,1,1,0,0,0,0,0,0,1,0,0,0,0,1,0,0,0,1,0,1
41415937,엑센트,엑센트(신형),74,420,266516,1582,5,13,0,1,0,1,1,0,0,0,1,0,1,1,0,0,0,0,0,0,0,0,1,0,0,0,0,1,0,0,0,1
41416358,그랜저,그랜저 HG 하이브리드,27,1250,73089,2359,5,11,4,0,0,1,1,1,1,1,1,0,1,1,0,0,0,0,0,0,0,1,0,0,0,0,1,0,0,1,0,1
41416634,쏘나타,YF 쏘나타,57,390,202345,1998,5,16,5,0,0,1,1,1,0,1,1,0,1,1,0,0,0,0,0,0,1,0,0,0,0,0,0,1,0,1,0,1
41416741,제네시스,제네시스 DH,81,1245,120849,3778,5,12,10,0,1,1,1,1,1,1,1,1,1,1,0,0,0,0,0,0,1,0,0,0,0,0,0,1,0,1,0,1
41417046,스타렉스,그랜드 스타렉스,50,687,162895,2497,4,9,0,0,0,1,0,1,0,0,0,0,1,1,0,0,0,0,0,0,0,0,1,0,0,0,0,1,0,1,1,0
41417068,캐스퍼,캐스퍼,88,1500,36921,998,2,3,1,0,0,1,1,1,1,1,1,1,1,1,0,0,0,0,0,0,1,0,0,0,0,1,0,0,0,1,0,1
41417399,투싼,뉴 투싼 ix,101,625,168231,1995,5,13,4,0,0,1,1,1,1,1,1,1,1,1,0,0,0,0,0,0,0,0,1,0,0,0,0,1,0,1,1,0
41417451,그랜저,그랜저 HG,27,480,206425,2999,5,13,3,0,0,1,1,1,1,1,1,0,1,1,0,0,0,0,0,1,0,0,0,0,0,0,1,0,0,1,0,1
41417789,베라크루즈,베라크루즈,46,880,146020,2959,7,14,2,0,1,1,1,1,1,1,1,1,1,1,0,0,0,0,0,0,0,0,1,0,0,0,1,0,0,1,1,0
41418061,아반떼,아반떼 AD,62,1070,91287,1591,5,9,3,0,0,1,1,0,1,1,1,0,1,1,0,0,0,0,0,0,1,0,0,0,0,0,0,1,0,1,0,1
41418239,그랜저,그랜저 HG,27,485,178549,2359,5,13,6,0,0,1,1,1,1,1,1,0,1,1,0,0,0,0,0,0,1,0,0,0,0,0,1,0,0,1,0,1
41419266,코나,코나 (SX2),91,736,5,1598,5,0,2,0,1,1,1,0,1,0,1,1,1,1,0,0,0,0,0,0,1,0,0,0,0,1,0,0,0,1,1,0
41419401,i30,i30 (PD),24,1629,22830,1591,5,6,7,0,1,1,1,1,1,1,1,1,1,1,0,0,0,0,0,0,1,0,0,0,0,1,0,0,0,1,0,1
41419625,아반떼,아반떼 (CN7),62,1490,53496,1598,5,6,4,0,0,1,1,1,1,1,0,0,1,1,0,0,0,0,0,0,1,0,0,0,0,1,0,0,0,1,0,1
41420508,그랜저,그랜저 HG,27,590,49997,2359,5,14,17,0,0,1,1,1,1,1,1,0,1,1,0,0,0,0,0,0,1,0,0,0,0,0,0,1,0,1,0,1
41420630,그랜저,그랜저 HG,27,739,154656,2999,5,13,6,1,1,1,1,1,1,1,1,1,1,1,0,0,0,0,0,1,0,0,0,0,0,1,0,0,0,1,0,1
41420779,그랜저,그랜저 IG,27,690,327774,2999,5,9,12,0,0,1,1,0,0,1,1,0,1,1,0,0,0,0,0,1,0,0,0,0,0,0,0,1,0,1,0,1
41420952,에쿠스,에쿠스(신형),73,370,222932,3778,5,17,8,0,1,1,1,1,1,1,1,1,1,1,0,0,0,0,0,0,1,0,0,0,0,0,1,0,0,1,0,1
41420991,스타렉스,더 뉴 그랜드 스타렉스,50,1400,132455,2497,5,8,0,0,0,1,1,0,0,1,1,1,1,1,0,0,0,0,0,0,0,0,1,0,0,1,0,0,0,1,1,0
41421696,아반떼,아반떼 (CN7),62,1630,60599,1598,5,4,1,0,0,1,1,1,1,1,0,0,1,1,0,0,0,0,0,0,1,0,0,0,0,0,0,1,0,1,0,1
41421869,그랜저,그랜저 HG,27,1120,113173,2199,5,11,7,0,1,1,1,1,1,1,1,1,1,1,0,0,0,0,0,0,0,0,1,0,0,1,0,0,0,1,0,1
41422161,에쿠스,에쿠스(신형),73,1120,135851,5038,4,13,5,0,1,1,1,1,1,1,1,1,1,1,0,0,0,0,0,0,1,0,0,0,0,0,1,0,0,1,0,1
41422305,베뉴,베뉴,45,1290,102227,1598,5,7,0,0,0,1,1,1,1,0,1,0,1,1,0,0,0,0,0,0,1,0,0,0,0,0,0,0,1,1,1,0
41422812,베라크루즈,베라크루즈,46,899,119516,2959,7,15,2,1,1,1,1,1,1,1,1,0,1,1,0,0,0,0,0,0,0,0,1,0,0,1,0,0,0,1,1,0
41423002,투싼,올 뉴 투싼,101,1370,135066,1598,5,8,3,0,0,1,1,1,1,1,1,1,1,1,0,0,0,0,0,0,0,0,1,0,0,0,0,1,0,1,1,0
41423107,i40,i40 살룬,25,420,170347,1685,5,13,0,0,0,1,0,1,1,0,1,0,1,1,0,0,0,0,0,0,0,0,1,0,0,1,0,0,0,1,0,1
41423637,그랜저,그랜저 HG,27,650,168934,2999,5,12,19,1,0,1,1,1,1,1,1,0,1,1,0,0,0,0,0,1,0,0,0,0,0,1,0,0,0,1,0,1
41424625,i40,i40 살룬,25,280,310609,1685,5,14,2,0,0,1,1,1,1,1,1,0,1,1,0,0,0,0,0,0,0,0,1,0,0,1,0,0,0,1,0,1
41425199,아반떼,아반떼 (CN7),62,1650,16861,1598,5,6,4,0,0,1,1,1,1,1,1,1,1,1,0,0,0,0,0,0,1,0,0,0,0,0,0,1,0,1,0,1
41425291,쏘나타,LF 쏘나타 하이브리드,57,1019,133600,1999,5,11,0,0,0,1,1,1,1,0,1,1,1,1,0,0,0,0,0,0,0,1,0,0,0,1,0,0,0,1,0,1
41425362,아반떼,아반떼 MD,62,489,119000,1591,5,15,2,0,0,1,1,0,0,1,1,0,1,1,0,0,0,0,0,1,0,0,0,0,0,0,0,1,0,1,0,1
41425547,그랜저,그랜저 HG,27,999,160757,2999,5,12,2,0,0,0,0,0,0,0,0,0,0,1,0,0,0,0,0,1,0,0,0,0,0,1,0,0,0,1,0,1
41425569,싼타페,싼타페 DM,56,900,192728,1995,5,13,2,1,0,1,1,1,1,1,1,1,1,1,0,0,0,0,0,0,0,0,1,0,0,1,0,0,0,1,1,0
41425803,그랜저,더 뉴 그랜저 IG,27,1699,150740,2999,5,5,1,1,1,1,1,1,1,1,1,0,1,1,0,0,0,0,0,1,0,0,0,0,0,1,0,0,0,1,0,1
41426718,아반떼,더 뉴 아반떼 (CN7),62,1190,122442,1591,5,2,12,0,1,1,1,1,1,0,0,0,1,1,0,0,0,0,0,1,0,0,0,0,0,1,0,0,0,1,0,1
41427314,그랜저,그랜저 HG,27,488,130492,2999,5,14,2,0,0,1,1,1,1,1,1,1,1,1,0,0,0,0,0,0,1,0,0,0,0,0,1,0,0,1,0,1
41427725,맥스크루즈,더 뉴 맥스크루즈,41,1499,166101,3342,6,10,2,0,0,0,0,0,0,0,0,0,0,1,0,0,0,0,0,0,1,0,0,0,0,0,1,0,0,1,1,0
41427977,싼타페,싼타페 더 프라임,56,1190,119634,1995,7,11,0,0,0,1,0,1,1,0,1,1,1,1,0,0,0,0,0,0,0,0,1,0,0,0,0,1,0,1,1,0
41428194,벨로스터,벨로스터 (JS),47,1670,108231,1998,4,7,2,0,0,0,0,0,0,0,0,0,0,1,0,0,0,0,0,0,1,0,0,0,0,0,0,1,0,0,0,1
41429118,쏘나타,LF 쏘나타,57,750,154961,1999,5,10,11,0,0,1,1,0,1,1,1,0,1,1,0,0,0,0,0,0,1,0,0,0,0,0,1,0,0,1,0,1
41429923,캐스퍼,캐스퍼,88,1480,83131,998,4,4,2,1,0,1,1,1,1,1,1,1,1,1,0,0,0,0,0,0,1,0,0,0,0,0,0,0,1,1,0,1
41430234,아반떼,아반떼 AD,62,1050,145323,1591,5,9,0,0,0,1,1,0,1,1,1,0,1,1,0,0,0,0,0,0,1,0,0,0,0,0,0,1,0,1,0,1
41430448,아반떼,아반떼 MD,62,350,99507,1591,5,14,2,1,0,1,1,1,1,1,1,0,1,1,0,0,0,0,0,0,1,0,0,0,0,1,0,0,0,1,0,1
41430502,쏘나타,쏘나타 하이브리드,57,390,190061,1999,5,13,20,1,0,1,1,1,1,0,1,0,1,1,0,0,0,0,0,0,0,1,0,0,0,1,0,0,0,1,0,1
41430707,에쿠스,에쿠스(신형),73,779,123615,5038,4,14,4,0,1,1,1,1,1,1,1,1,1,1,0,0,0,0,0,0,1,0,0,0,0,0,1,0,0,1,0,1
41430768,쏘나타,LF 쏘나타,57,1190,91903,1999,5,9,4,0,0,1,1,0,1,1,1,0,1,1,0,0,0,0,0,0,1,0,0,0,0,0,0,1,0,1,0,1
41430824,캐스퍼,캐스퍼,88,1539,52964,998,4,4,0,1,0,1,1,1,1,1,1,1,1,1,0,0,0,0,0,0,1,0,0,0,0,0,0,0,1,1,0,1
41431444,제네시스,제네시스 DH,81,935,168982,3342,5,11,18,0,1,1,1,1,1,1,1,1,1,1,0,0,0,0,0,0,1,0,0,0,0,0,0,1,0,1,0,1
41431524,투싼,올 뉴 투싼,101,1150,118384,1685,5,10,2,1,1,1,0,1,1,0,1,1,1,1,0,0,0,0,0,0,0,0,1,0,0,1,0,0,0,1,1,0
41431594,싼타페,싼타페 더 프라임,56,1480,133401,1995,5,9,1,0,1,1,1,1,1,1,1,1,1,1,0,0,0,0,0,0,0,0,1,0,0,0,0,0,1,1,1,0
41432394,스타렉스,그랜드 스타렉스,50,499,266000,2497,3,14,4,0,0,1,0,0,0,0,0,0,1,1,0,0,0,0,0,0,0,0,1,0,0,0,0,1,0,1,1,0
41432822,그랜저,그랜저 (GN7),27,540,6,2497,5,0,2,0,1,1,1,1,1,1,1,1,1,1,0,0,0,0,0,0,1,0,0,0,0,0,1,0,0,1,0,1
41432953,제네시스,제네시스 DH,81,729,269164,3342,5,11,11,0,1,1,1,1,1,1,1,1,1,1,0,0,0,0,0,0,1,0,0,0,0,0,1,0,0,1,0,1
41433719,스타렉스,그랜드 스타렉스,50,950,182058,2497,12,10,1,0,0,1,0,0,0,0,1,0,1,1,0,0,0,0,0,0,0,0,1,0,0,0,0,1,0,1,1,0
41433784,싼타페,싼타페 TM,56,1690,145348,1995,5,8,3,1,0,1,1,1,1,1,1,1,1,1,0,0,0,0,0,0,0,0,1,0,0,0,0,0,1,1,1,0
41434216,에쿠스,에쿠스(신형),73,750,230043,3778,5,13,9,1,1,1,1,1,1,1,1,1,1,1,0,0,0,0,0,0,1,0,0,0,0,0,1,0,0,1,0,1
41434519,아반떼,아반떼 (CN7),62,1590,34035,1598,5,5,5,0,0,1,1,1,1,1,1,1,1,1,0,0,0,0,0,0,1,0,0,0,0,0,0,0,1,1,0,1
41435114,아반떼,아반떼 (CN7),62,1389,91609,1598,5,5,6,0,0,1,1,1,1,1,1,1,1,1,0,0,0,0,0,0,1,0,0,0,0,0,1,0,0,1,0,1
41435360,그랜저,그랜저 HG,27,990,128557,2359,5,11,6,1,1,1,1,1,1,1,1,1,1,1,0,0,0,0,0,0,1,0,0,0,0,1,0,0,0,1,0,1
41435432,그랜저,그랜저 HG,27,530,128185,2359,5,14,8,0,0,1,1,1,1,1,1,0,1,1,0,0,0,0,0,0,1,0,0,0,0,1,0,0,0,1,0,1
41435549,제네시스,제네시스 DH,81,1190,160555,3342,5,11,2,0,1,1,1,1,1,1,1,1,1,1,0,0,0,0,0,0,1,0,0,0,0,0,1,0,0,1,0,1
41435679,그랜저,그랜저 HG,27,625,94783,2999,5,11,2,0,0,1,1,1,1,0,1,1,1,1,0,0,0,0,0,0,1,0,0,0,0,0,1,0,0,1,0,1
41435990,쏘나타,쏘나타 뉴 라이즈,57,1650,47970,1999,5,9,1,0,0,1,1,1,1,1,1,0,1,1,0,0,0,0,0,0,1,0,0,0,0,1,0,0,0,1,0,1
41436008,그랜저,그랜저 HG,27,450,269375,2999,5,12,5,0,0,1,1,1,1,1,1,0,1,1,0,0,0,0,0,1,0,0,0,0,0,0,0,1,0,1,0,1
41436277,싼타페,싼타페 DM,56,700,193390,2199,7,13,3,0,0,1,1,1,1,1,1,1,1,1,0,0,0,0,0,0,0,0,1,0,0,0,0,1,0,1,1,0
41436321,그랜저,그랜저 IG,27,990,199733,2359,5,9,1,0,0,1,1,1,1,1,1,1,1,1,0,0,0,0,0,0,1,0,0,0,0,0,1,0,0,1,0,1
41436377,아반떼,더 뉴 아반떼 AD,62,1150,103930,1598,5,8,14,0,1,1,1,1,1,1,1,0,1,1,0,0,0,0,0,0,1,0,0,0,0,1,0,0,0,1,0,1
41437974,코나,코나,91,1150,144937,1582,5,9,0,0,0,1,1,0,1,1,1,0,1,1,0,0,0,0,0,0,0,0,1,0,0,1,0,0,0,1,1,0
41438300,에쿠스,에쿠스(신형),73,680,212018,3778,5,12,5,0,1,1,1,1,1,1,1,1,1,1,0,0,0,0,0,0,1,0,0,0,0,0,0,1,0,1,0,1
41438525,제네시스,제네시스 DH,81,890,216067,3342,5,11,14,0,1,1,1,1,1,1,1,1,1,1,0,0,0,0,0,0,1,0,0,0,0,0,1,0,0,1,0,1
41439966,그랜저,그랜저 HG,27,480,205088,2999,5,10,12,0,0,1,1,1,1,1,1,0,1,1,0,0,0,0,0,1,0,0,0,0,0,0,1,0,0,1,0,1
41440203,아이오닉,아이오닉 일렉트릭,65,1199,116035,78,5,8,9,0,1,1,1,1,1,1,1,1,1,1,0,0,0,0,0,0,0,0,0,1,0,0,0,1,0,1,0,1
41440320,아반떼,아반떼 AD,62,1050,104013,1591,5,10,4,0,0,1,1,1,1,1,1,1,1,1,0,0,0,0,0,0,1,0,0,0,0,1,0,0,0,1,0,1
41440399,베뉴,베뉴,45,1330,71698,1598,5,5,2,0,0,1,1,0,0,0,1,0,1,1,0,0,0,0,0,0,1,0,0,0,0,0,0,1,0,1,1,0
41441117,코나,더 뉴 코나,91,1550,182778,1598,5,5,2,1,1,1,1,1,1,1,1,1,1,1,0,0,0,0,0,0,1,0,0,0,0,0,0,0,1,1,1,0
41441180,엑센트,엑센트(신형),74,420,113686,1591,5,13,0,0,0,1,0,1,0,0,1,0,1,1,0,0,0,0,0,0,1,0,0,0,0,0,0,1,0,1,0,1
41441275,아반떼,더 뉴 아반떼 (CN7),62,319,7,1598,5,1,2,0,1,1,1,1,1,1,1,1,1,1,0,0,0,0,0,0,1,0,0,0,0,1,0,0,0,1,0,1
41442938,투싼,올 뉴 투싼,101,1570,102402,1995,5,10,4,0,0,1,1,1,1,1,1,1,1,1,0,0,0,0,0,0,0,0,1,0,0,1,0,0,0,1,1,0
41443221,아반떼,아반떼 MD,62,500,167051,1591,5,15,3,0,0,1,1,1,1,1,1,0,1,1,0,0,0,0,0,0,1,0,0,0,0,0,0,1,0,1,0,1
41443412,아반떼,아반떼 (CN7),62,1389,118743,1598,5,5,10,0,0,1,1,1,1,1,1,1,1,1,0,0,0,0,0,0,1,0,0,0,0,1,0,0,0,1,0,1
41443583,쏘나타,LF 쏘나타,57,710,130625,1999,5,11,3,0,0,1,1,0,0,1,1,0,0,1,0,0,0,0,0,0,1,0,0,0,0,0,0,1,0,1,0,1
41443658,캐스퍼,캐스퍼,88,1460,39905,998,4,4,0,0,0,1,1,1,1,1,1,1,1,1,0,0,0,0,0,0,1,0,0,0,0,1,0,0,0,1,0,1
41443892,그랜저,그랜저 HG,27,949,178412,2199,5,11,0,0,1,1,1,1,1,1,1,1,1,1,0,0,0,0,0,0,0,0,1,0,0,1,0,0,0,1,0,1
41444076,스타렉스,그랜드 스타렉스,50,1170,147661,2497,12,11,10,0,1,1,1,0,0,1,1,0,1,1,0,0,0,0,0,0,0,0,1,0,0,0,0,1,0,1,1,0
41444121,아반떼,아반떼 (CN7),62,1500,45216,1591,5,6,12,0,0,1,1,1,1,1,1,0,1,1,0,0,0,0,0,1,0,0,0,0,0,0,0,1,0,1,0,1
41444342,스타렉스,그랜드 스타렉스,50,570,205966,2497,3,11,3,0,0,1,1,0,0,0,1,0,1,1,0,0,0,0,0,0,0,0,1,0,0,0,0,1,0,1,1,0
41444616,에쿠스,에쿠스(신형),73,470,179685,3778,5,15,10,0,1,1,1,1,1,1,1,1,1,1,0,0,0,0,0,0,1,0,0,0,0,0,1,0,0,1,0,1
41444904,아반떼,아반떼 HD,62,400,45678,1591,5,18,2,0,0,0,0,1,0,0,1,0,0,1,0,0,0,0,0,0,1,0,0,0,0,0,0,1,0,1,0,1
41445061,싼타페,싼타페 CM,56,430,102564,1995,7,17,0,0,0,1,0,1,0,0,1,0,0,1,0,0,0,0,0,0,0,0,1,0,0,0,0,1,0,1,1,0
41445332,아반떼,아반떼 하이브리드 (CN7),62,1570,73658,1580,5,5,3,0,0,1,0,1,1,0,1,1,1,1,0,0,0,0,0,0,0,1,0,0,0,0,0,1,0,1,0,1
41445361,스타렉스,그랜드 스타렉스,50,1099,159926,2497,4,12,6,0,0,1,0,0,0,0,0,0,1,1,0,0,0,0,0,0,0,0,1,0,0,0,0,1,0,1,1,0
41445470,코나,코나,91,1580,73732,1591,5,6,3,0,0,1,1,1,1,1,1,1,1,1,0,0,0,0,0,0,1,0,0,0,0,1,0,0,0,1,1,0
41445484,아반떼,아반떼 (CN7),62,1640,92028,1598,5,5,7,0,1,1,1,1,1,1,1,1,1,1,0,0,0,0,0,0,1,0,0,0,0,0,0,1,0,1,0,1
41445787,싼타페,싼타페 더 프라임,56,1280,113614,1995,5,10,10,1,1,1,1,1,1,1,1,1,1,1,0,0,0,0,0,0,0,0,1,0,0,0,0,0,1,1,1,0
41446079,그랜저,그랜저 HG,27,630,215435,2199,5,11,14,1,1,1,1,1,1,1,1,1,1,1,0,0,0,0,0,0,0,0,1,0,0,0,1,0,0,1,0,1
41446647,아반떼,아반떼 (CN7),62,1680,72459,1598,5,5,1,0,0,1,1,1,1,1,1,1,1,1,0,0,0,0,0,0,1,0,0,0,0,0,0,1,0,1,0,1
41446839,그랜저,그랜저 HG 하이브리드,27,1230,96106,2359,5,11,6,1,1,1,1,1,1,1,1,1,1,1,0,0,0,0,0,0,0,1,0,0,0,1,0,0,0,1,0,1
41446863,코나,코나,91,1198,162256,1591,5,6,5,0,0,1,1,1,1,1,1,1,1,1,0,0,0,0,0,0,1,0,0,0,0,1,0,0,0,1,1,0
41446876,쏘나타,LF 쏘나타 하이브리드,57,670,233926,1999,5,10,10,0,0,1,1,1,1,1,1,1,1,1,0,0,0,0,0,0,0,1,0,0,0,1,0,0,0,1,0,1
41447013,그랜저,그랜저 HG,27,319,176890,2359,5,14,14,0,0,1,1,1,1,1,1,0,1,1,0,0,0,0,0,0,1,0,0,0,0,0,1,0,0,1,0,1
41447557,에쿠스,에쿠스(신형),73,870,206694,5038,4,14,5,1,1,1,1,1,1,1,1,1,1,1,0,0,0,0,0,0,1,0,0,0,0,0,0,0,1,1,0,1
41448266,엑센트,엑센트(신형),74,730,54673,1368,5,12,1,0,0,1,1,0,1,1,1,0,1,1,0,0,0,0,0,0,1,0,0,0,0,0,0,1,0,1,0,1
41448482,쏘나타,쏘나타 뉴 라이즈,57,650,184553,1999,5,9,20,0,0,1,1,0,0,1,1,1,1,1,0,0,0,0,0,1,0,0,0,0,0,0,0,1,0,1,0,1
41448603,그랜저,그랜저 뉴 럭셔리,27,260,196815,2656,5,17,2,0,0,1,1,1,0,1,1,0,1,1,0,0,0,0,0,1,0,0,0,0,0,0,1,0,0,1,0,1
41448707,에쿠스,에쿠스(신형),73,490,148493,3778,5,17,0,1,1,1,1,1,1,1,1,0,1,1,0,0,0,0,0,0,1,0,0,0,0,0,0,1,0,1,0,1
41448710,투싼,올 뉴 투싼,101,1460,140947,1591,5,6,6,1,1,1,1,1,1,1,1,1,1,1,0,0,0,0,0,0,1,0,0,0,0,0,0,1,0,1,1,0
41449218,제네시스,제네시스,81,409,97243,3778,5,17,2,0,0,1,1,1,1,1,1,0,1,1,0,0,0,0,0,0,1,0,0,0,0,0,1,0,0,1,0,1
41449246,쏘나타,쏘나타 (DN8),57,1390,93586,1999,5,7,4,0,0,1,1,0,1,1,1,0,1,1,0,0,0,0,0,1,0,0,0,0,0,1,0,0,0,1,0,1
41449990,스타렉스,더 뉴 그랜드 스타렉스,50,1549,80786,2497,3,7,4,0,0,1,1,0,0,1,1,0,1,1,0,0,0,0,0,0,0,0,1,0,0,0,0,1,0,1,1,0
41450065,아이오닉,아이오닉 일렉트릭,65,890,233652,78,5,9,6,0,1,1,1,1,1,1,1,1,1,1,0,0,0,0,0,0,0,0,0,1,0,1,0,0,0,1,0,1
41450315,그랜저,그랜저 (GN7),27,41,39146,3470,5,3,0,0,1,1,1,1,1,1,1,1,1,1,0,0,0,0,0,0,1,0,0,0,0,0,0,1,0,1,0,1
41450601,그랜저,그랜저 HG,27,689,218300,1999,5,12,2,1,1,1,1,1,1,1,1,1,1,1,0,0,0,0,0,0,0,0,1,0,0,1,0,0,0,1,0,1
41450890,스타리아,스타리아,51,39,47818,3470,9,2,0,0,1,1,1,1,1,1,1,1,1,1,0,0,0,0,0,1,0,0,0,0,0,0,0,0,1,1,1,0
41450911,캐스퍼,캐스퍼,88,1600,23186,998,4,2,0,0,0,1,1,1,1,1,1,1,1,1,0,0,0,0,0,0,1,0,0,0,0,0,0,0,1,1,0,1
41451262,아반떼,더 뉴 아반떼,62,620,65074,1591,5,13,20,0,0,1,1,1,1,1,1,0,1,1,0,0,0,0,0,0,1,0,0,0,0,0,0,1,0,1,0,1
41451338,스타렉스,그랜드 스타렉스,50,1250,125663,2497,15,9,4,0,0,1,0,0,0,0,1,0,1,1,0,0,0,0,0,0,0,0,1,0,0,0,0,0,1,1,1,0
41451504,에쿠스,에쿠스(신형),73,970,120294,5038,5,15,3,0,1,1,1,1,1,1,1,1,1,1,0,0,0,0,0,0,1,0,0,0,0,1,0,0,0,1,0,1
41452035,그랜저,더 뉴 그랜저 IG,27,1699,153065,2999,5,6,1,1,1,1,1,1,1,1,1,0,1,1,0,0,0,0,0,1,0,0,0,0,0,1,0,0,0,1,0,1
41452207,캐스퍼,캐스퍼,88,1150,57174,998,2,4,1,0,0,1,1,0,0,1,0,0,0,1,0,0,0,0,0,0,1,0,0,0,0,0,0,1,0,1,0,1
41452299,그랜저,그랜저 IG 하이브리드,27,1570,130317,2359,5,8,3,0,1,1,1,1,1,1,1,1,1,1,0,0,0,0,0,0,0,1,0,0,0,0,0,1,0,1,0,1
41452550,싼타페,싼타페 DM,56,1130,71404,1995,5,14,1,1,1,1,1,1,1,1,1,1,1,1,0,0,0,0,0,0,0,0,1,0,0,0,1,0,0,1,1,0
41452807,아반떼,아반떼 MD,62,620,99674,1591,5,15,3,1,0,1,1,1,1,1,1,0,1,1,0,0,0,0,0,0,1,0,0,0,0,1,0,0,0,1,0,1
41452914,그랜저,그랜저 IG,27,1520,72462,2999,5,9,1,0,0,1,1,1,1,1,1,0,1,1,0,0,0,0,0,0,1,0,0,0,0,0,1,0,0,1,0,1
41453245,그랜저,그랜저 IG,27,1550,149688,2199,5,8,9,0,0,1,1,1,1,1,1,1,1,1,0,0,0,0,0,0,0,0,1,0,0,0,0,1,0,1,0,1
41453248,쏘나타,쏘나타 더 브릴리언트,57,550,178043,1999,5,14,3,0,0,1,1,1,1,0,1,0,1,1,0,0,0,0,0,1,0,0,0,0,0,1,0,0,0,1,0,1
41453374,그랜저,그랜저 HG 하이브리드,27,450,272303,2359,5,12,6,0,0,1,1,1,1,1,1,1,1,1,0,0,0,0,0,0,0,1,0,0,0,0,1,0,0,1,0,1
41453389,그랜저,그랜저 HG,27,580,208208,2359,5,11,2,0,0,1,1,1,1,0,1,0,1,1,0,0,0,0,0,0,1,0,0,0,0,0,1,0,0,1,0,1
41453484,캐스퍼,캐스퍼,88,1460,15935,998,4,3,4,0,0,1,1,0,0,1,0,0,0,1,0,0,0,0,0,0,1,0,0,0,0,1,0,0,0,1,0,1
41453587,제네시스,제네시스,81,299,203795,3342,5,15,8,0,0,1,1,1,1,1,1,0,1,1,0,0,0,0,0,0,1,0,0,0,0,0,1,0,0,1,0,1
41453639,그랜저,그랜저 HG,27,960,101092,2359,5,10,0,0,0,1,1,1,1,1,1,0,1,1,0,0,0,0,0,0,1,0,0,0,0,1,0,0,0,1,0,1
41453660,투싼,올 뉴 투싼,101,990,138836,1685,5,11,10,0,1,1,1,1,1,1,1,1,1,1,0,0,0,0,0,0,0,0,1,0,0,1,0,0,0,1,1,0
41453894,베라크루즈,베라크루즈,46,990,214624,2959,7,11,9,1,1,1,1,1,1,0,1,1,1,1,0,0,0,0,0,0,0,0,1,0,0,0,1,0,0,1,1,0
41454136,투싼,올 뉴 투싼,101,1480,126839,1591,5,9,4,1,1,1,1,1,1,1,1,1,1,1,0,0,0,0,0,0,1,0,0,0,0,0,0,1,0,1,1,0
41454145,아반떼,더 뉴 아반떼,62,790,83691,1591,5,12,3,0,0,1,1,1,0,1,1,0,1,1,0,0,0,0,0,0,1,0,0,0,0,1,0,0,0,1,0,1
41454163,베라크루즈,베라크루즈,46,1230,131282,2959,7,13,2,0,1,1,1,1,1,1,1,1,1,1,0,0,0,0,0,0,0,0,1,0,0,0,0,1,0,1,1,0
41454411,쏘나타,LF 쏘나타,57,1130,51592,1999,5,10,8,0,0,1,1,1,1,1,1,0,1,1,0,0,0,0,0,0,1,0,0,0,0,0,0,1,0,1,0,1
41454496,캐스퍼,캐스퍼,88,1550,40075,998,4,5,1,0,0,1,1,1,1,1,1,1,1,1,0,0,0,0,0,0,1,0,0,0,0,1,0,0,0,1,0,1
41455004,에쿠스,에쿠스(신형),73,750,173101,5038,5,13,17,0,1,1,1,1,1,1,1,1,1,1,0,0,0,0,0,0,1,0,0,0,0,0,1,0,0,1,0,1
41455339,쏘나타,쏘나타 (DN8),57,1560,105199,1999,5,6,8,0,1,1,1,1,1,1,1,1,1,1,0,0,0,0,0,0,1,0,0,0,0,0,1,0,0,1,0,1
41455481,제네시스,제네시스,81,490,210537,3342,5,13,2,0,0,1,1,1,1,1,1,1,1,1,0,0,0,0,0,0,1,0,0,0,0,0,1,0,0,1,0,1
41455842,그랜저,그랜저 IG,27,1099,189087,2359,5,9,1,0,1,1,1,1,1,1,1,1,1,1,0,0,0,0,0,0,1,0,0,0,0,0,1,0,0,1,0,1
41456019,쏘나타,쏘나타 뉴 라이즈,57,1600,61693,1999,5,7,1,0,0,1,1,1,1,1,1,1,1,1,0,0,0,0,0,0,1,0,0,0,0,0,0,1,0,1,0,1
41456091,그랜저,더 뉴 그랜저 IG 하이브리드,27,1660,186983,2359,5,5,13,0,1,1,1,1,1,1,1,1,1,1,0,0,0,0,0,0,0,1,0,0,0,0,1,0,0,1,0,1
41456194,투싼,올 뉴 투싼,101,950,143317,1685,5,10,6,0,0,1,1,1,1,1,1,1,1,1,0,0,0,0,0,0,0,0,1,0,0,0,0,1,0,1,1,0
41456950,스타렉스,그랜드 스타렉스,50,999,48426,2497,12,12,10,0,0,1,1,0,0,0,1,0,1,1,0,0,0,0,0,0,0,0,1,0,0,0,0,1,0,1,1,0
41457216,제네시스,제네시스 DH,81,990,146277,3342,5,12,9,1,1,1,1,1,1,1,1,1,1,1,0,0,0,0,0,0,1,0,0,0,0,0,0,1,0,1,0,1
41457800,제네시스,제네시스 DH,81,1380,112591,3342,5,11,2,0,1,1,1,1,1,1,1,1,1,1,0,0,0,0,0,0,1,0,0,0,0,0,1,0,0,1,0,1
41458058,그랜저,그랜저 IG,27,1050,179142,2999,5,9,7,0,0,1,1,1,1,1,1,1,1,1,0,0,0,0,0,0,1,0,0,0,0,0,1,0,0,1,0,1
41458582,코나,더 뉴 코나 하이브리드,91,1388,162903,1580,5,5,3,0,0,1,1,1,1,1,1,0,1,1,0,0,0,0,0,0,0,1,0,0,0,1,0,0,0,1,1,0
41458713,투싼,투싼 ix,101,660,144480,1995,5,14,0,0,0,1,1,1,1,1,1,1,1,1,0,0,0,0,0,0,0,0,1,0,0,1,0,0,0,1,1,0
41458721,쏘나타,쏘나타 뉴 라이즈,57,1520,42605,1999,5,7,0,1,0,1,1,0,1,1,1,0,1,1,0,0,0,0,0,0,1,0,0,0,0,0,0,1,0,1,0,1
41459130,제네시스,제네시스 DH,81,799,209119,3778,5,12,2,0,1,1,1,1,1,1,1,1,1,1,0,0,0,0,0,0,1,0,0,0,0,0,1,0,0,1,0,1
41459330,코나,코나,91,1460,53108,1591,5,6,0,0,0,1,1,1,1,1,1,0,1,1,0,0,0,0,0,0,1,0,0,0,0,0,0,0,1,1,1,0
41459378,쏘나타,LF 쏘나타,57,1220,53008,1999,5,10,3,0,0,1,1,0,1,1,1,0,1,1,0,0,0,0,0,0,1,0,0,0,0,0,0,1,0,1,0,1
41459964,캐스퍼,캐스퍼,88,1380,17536,998,4,4,0,0,0,1,1,1,1,1,0,0,0,1,0,0,0,0,0,0,1,0,0,0,0,0,0,1,0,1,0,1
41460175,쏘나타,LF 쏘나타,57,700,121081,1685,5,10,7,1,0,1,1,1,1,1,1,0,1,1,0,0,0,0,0,0,0,0,1,0,0,0,1,0,0,1,0,1
41460205,캐스퍼,캐스퍼,88,1469,33623,998,4,3,4,0,0,1,1,0,1,1,1,1,1,1,0,0,0,0,0,0,1,0,0,0,0,0,0,1,0,1,0,1
41460354,스타렉스,스타렉스,50,250,184495,2476,9,21,2,0,0,0,0,0,0,0,0,0,1,1,0,0,0,0,0,0,0,0,1,0,0,0,0,1,0,1,1,0
41460415,쏘나타,YF 쏘나타,57,380,105846,1998,5,16,9,0,0,1,0,1,1,0,1,0,1,1,0,0,0,0,0,0,1,0,0,0,0,1,0,0,0,1,0,1
41460700,아반떼,아반떼 MD,62,540,76512,1591,5,15,6,1,0,1,0,1,0,0,1,0,1,1,0,0,0,0,0,0,1,0,0,0,0,1,0,0,0,1,0,1
41461357,투싼,올 뉴 투싼,101,1590,57275,1591,5,9,1,0,1,1,1,1,1,1,1,1,1,1,0,0,0,0,0,0,1,0,0,0,0,0,0,0,1,1,1,0
41461375,제네시스 쿠페,제네시스 쿠페,82,520,105949,1998,4,16,11,1,1,1,1,1,1,1,1,0,1,1,0,0,0,0,0,0,1,0,0,0,0,1,0,0,0,1,0,1
41461697,제네시스,제네시스 DH,81,1190,165691,3342,5,11,4,1,1,1,1,1,1,1,1,1,1,1,0,0,0,0,0,0,1,0,0,0,0,0,1,0,0,1,0,1
41461854,그랜저,그랜저 HG,27,590,151805,2359,5,12,2,0,0,1,1,1,1,1,1,1,1,1,0,0,0,0,0,0,1,0,0,0,0,0,0,1,0,1,0,1
41461876,아반떼,아반떼 하이브리드 (CN7),62,1550,95490,1580,5,5,2,0,0,0,0,0,0,0,0,0,0,1,0,0,0,0,0,0,0,1,0,0,0,1,0,0,0,1,0,1
41461910,스타렉스,그랜드 스타렉스,50,1089,179109,2497,12,9,3,0,0,1,1,0,0,1,1,0,1,1,0,0,0,0,0,0,0,0,1,0,0,0,0,1,0,1,1,0
41463159,스타렉스,그랜드 스타렉스,50,1150,159283,2497,5,9,9,0,0,1,1,0,0,1,1,1,1,1,0,0,0,0,0,0,0,0,1,0,0,0,0,1,0,1,1,0
41463200,i40,i40,25,440,140961,1685,5,15,2,0,0,1,0,1,1,0,1,0,1,1,0,0,0,0,0,0,0,0,1,0,0,0,0,1,0,1,0,1
41463482,스타렉스,그랜드 스타렉스,50,860,110226,2497,11,12,4,0,0,1,1,1,0,0,1,1,1,1,0,0,0,0,0,0,0,0,1,0,0,0,1,0,0,1,1,0
41463785,쏘나타,LF 쏘나타,57,750,189613,1685,5,11,3,1,1,1,1,1,1,1,1,1,1,1,0,0,0,0,0,0,0,0,1,0,0,1,0,0,0,1,0,1
41463834,쏘나타,쏘나타 (DN8),57,1550,88326,1999,5,6,4,0,0,1,1,1,1,1,1,0,1,1,0,0,0,0,0,1,0,0,0,0,0,0,0,0,1,1,0,1
41463849,제네시스,제네시스,81,645,91335,3342,5,14,4,0,0,1,1,1,1,1,1,0,1,1,0,0,0,0,0,0,1,0,0,0,0,0,1,0,0,1,0,1
41464305,코나,코나,91,1250,93796,1591,5,6,1,0,1,1,1,0,1,0,0,0,1,1,0,0,0,0,0,0,1,0,0,0,0,1,0,0,0,1,1,0
41464324,아반떼,아반떼 MD,62,430,113967,1591,5,16,6,0,0,1,1,1,1,1,1,0,1,1,0,0,0,0,0,0,1,0,0,0,0,0,0,1,0,1,0,1
41464860,벨로스터,더 뉴 벨로스터,47,700,83979,1591,4,11,6,1,0,1,1,1,1,1,1,1,1,1,0,0,0,0,0,0,1,0,0,0,0,0,0,0,1,1,0,1
41465137,아반떼,더 뉴 아반떼,62,330,189710,1591,5,13,6,0,0,1,0,1,0,0,1,0,1,1,0,0,0,0,0,0,1,0,0,0,0,1,0,0,0,1,0,1
41465164,스타렉스,그랜드 스타렉스,50,950,86919,2497,3,13,8,0,0,1,0,0,0,0,1,0,1,1,0,0,0,0,0,0,0,0,1,0,0,0,0,1,0,1,1,0
41465323,아반떼,아반떼 MD,62,450,158414,1591,5,15,9,0,0,1,1,1,0,0,1,0,1,1,0,0,0,0,0,0,1,0,0,0,0,1,0,0,0,1,0,1
41465913,아반떼,더 뉴 아반떼 (CN7),62,352,6,1598,5,1,2,0,1,1,1,1,1,1,1,1,1,1,0,0,0,0,0,0,1,0,0,0,0,1,0,0,0,1,0,1
41465925,제네시스,제네시스,81,369,191800,3342,5,16,0,1,1,1,1,1,0,1,1,0,1,1,0,0,0,0,0,0,1,0,0,0,0,0,1,0,0,1,0,1
41466023,제네시스,제네시스,81,530,181436,3342,5,13,10,0,0,1,1,1,1,1,1,1,1,1,0,0,0,0,0,0,1,0,0,0,0,0,1,0,0,1,0,1
41466540,캐스퍼,캐스퍼,88,1650,43980,998,4,2,1,0,0,1,1,1,1,1,1,1,1,1,0,0,0,0,0,0,1,0,0,0,0,0,0,0,1,1,0,1
41466566,쏘나타,LF 쏘나타,57,950,145225,1685,5,11,1,1,1,1,1,1,1,1,1,1,1,1,0,0,0,0,0,0,0,0,1,0,0,1,0,0,0,1,0,1
41466978,투싼,올 뉴 투싼,101,1030,85142,1995,5,10,0,0,0,1,0,0,0,0,0,0,1,1,0,0,0,0,0,0,0,0,1,0,0,0,0,1,0,0,1,0
41467021,그랜저,그랜저 HG,27,899,138571,2999,5,12,14,0,1,1,1,1,1,1,1,1,1,1,0,0,0,0,0,0,1,0,0,0,0,0,1,0,0,1,0,1
41467233,에쿠스,에쿠스(신형),73,875,94151,3778,5,14,7,0,1,1,1,1,1,1,1,1,1,1,0,0,0,0,0,0,1,0,0,0,0,0,1,0,0,1,0,1
41467265,스타렉스,그랜드 스타렉스,50,730,176766,2497,12,13,11,0,0,1,1,1,0,1,1,1,1,1,0,0,0,0,0,0,0,0,1,0,0,0,0,1,0,1,1,0
41467295,에쿠스,에쿠스(신형),73,1230,118406,5038,4,11,4,0,1,1,1,1,1,1,1,1,1,1,0,0,0,0,0,0,1,0,0,0,0,0,0,1,0,1,0,1
41467307,에쿠스,에쿠스(신형),73,730,162157,3778,5,14,1,1,1,1,1,1,1,1,1,1,1,1,0,0,0,0,0,0,1,0,0,0,0,0,1,0,0,1,0,1
41467657,그랜저,그랜저 HG,27,450,147833,2999,5,15,11,0,0,1,1,1,1,1,1,1,1,1,0,0,0,0,0,0,1,0,0,0,0,0,1,0,0,1,0,1
41467827,아반떼,아반떼 (CN7),62,1559,115204,1598,5,4,8,0,0,1,1,1,1,1,1,1,1,1,0,0,0,0,0,0,1,0,0,0,0,1,0,0,0,1,0,1
41467989,쏘나타,YF 쏘나타,57,390,88234,1998,5,16,2,0,0,1,1,0,0,0,1,0,1,1,0,0,0,0,0,0,1,0,0,0,0,1,0,0,0,1,0,1
41468260,제네시스,제네시스,81,360,208303,3342,5,17,4,0,0,0,1,1,0,1,1,0,1,1,0,0,0,0,0,0,1,0,0,0,0,0,0,1,0,1,0,1
41469269,쏘나타,쏘나타 (DN8),57,1680,62016,1999,5,7,2,0,1,1,1,1,1,1,1,0,1,1,0,0,0,0,0,1,0,0,0,0,0,1,0,0,0,1,0,1
41469668,아반떼,아반떼 AD,62,799,131454,1591,5,11,9,0,1,1,1,1,1,1,1,0,1,1,0,0,0,0,0,0,1,0,0,0,0,1,0,0,0,1,0,1
41470140,싼타페,싼타페 CM,56,420,91930,2188,7,18,15,1,1,1,1,1,1,1,1,0,1,1,0,0,0,0,0,0,0,0,1,0,0,1,0,0,0,1,1,0
41470260,엑센트,엑센트(신형),74,590,130563,1582,5,11,1,0,0,1,1,1,1,1,1,0,1,1,0,0,0,0,0,0,0,0,1,0,0,0,1,0,0,1,0,1
41470443,코나,코나 하이브리드,91,1640,75550,1580,5,7,6,0,0,1,1,1,1,1,1,0,1,1,0,0,0,0,0,0,0,1,0,0,0,0,0,0,1,1,1,0
41470683,투싼,올 뉴 투싼,101,1390,86395,1598,5,8,5,0,0,1,1,1,1,1,1,0,1,1,0,0,0,0,0,0,0,0,1,0,0,0,0,1,0,1,1,0
41470770,싼타페,싼타페 DM,56,890,78922,2199,7,14,14,1,0,1,1,1,1,1,1,1,1,1,0,0,0,0,0,0,0,0,1,0,0,0,0,1,0,1,1,0
41471421,아반떼,더 뉴 아반떼 AD,62,1370,79053,1598,5,7,1,0,1,1,1,1,1,1,1,0,1,1,0,0,0,0,0,0,1,0,0,0,0,1,0,0,0,1,0,1
41471425,쏘나타,쏘나타 (DN8),57,1620,108261,1999,5,7,1,1,1,1,1,1,1,1,1,1,1,1,0,0,0,0,0,0,1,0,0,0,0,1,0,0,0,1,0,1
41471590,아반떼,아반떼 하이브리드 (CN7),62,1490,65161,1580,5,5,8,0,0,1,1,1,0,0,0,0,1,1,0,0,0,0,0,0,0,1,0,0,0,0,0,1,0,1,0,1
41472184,스타렉스,더 뉴 그랜드 스타렉스,50,1370,99424,2497,3,7,8,0,0,1,1,0,0,1,1,0,1,1,0,0,0,0,0,0,0,0,1,0,0,1,0,0,0,1,1,0
41472611,쏘나타,LF 쏘나타,57,619,181137,1685,5,11,0,0,1,1,1,1,1,1,1,1,1,1,0,0,0,0,0,0,0,0,1,0,0,1,0,0,0,1,0,1
41472667,투싼,투싼 ix,101,580,100623,1995,5,15,0,1,0,1,0,1,1,0,1,0,1,1,0,0,0,0,0,0,0,0,1,0,0,1,0,0,0,1,1,0
41472777,쏘나타,LF 쏘나타 하이브리드,57,880,152213,1999,5,11,1,0,0,1,1,1,1,1,1,0,1,1,0,0,0,0,0,0,0,1,0,0,0,1,0,0,0,1,0,1
41472893,제네시스,제네시스 DH,81,1144,120943,3342,5,10,13,0,1,1,1,1,1,1,1,1,1,1,0,0,0,0,0,0,1,0,0,0,0,0,1,0,0,1,0,1
41473119,싼타페,싼타페 (MX5),56,820,57348,1598,7,2,2,1,1,1,1,1,1,1,1,1,1,1,0,0,0,0,0,0,0,1,0,0,0,1,0,0,0,1,1,0
41473782,아반떼,아반떼 AD,62,1200,94802,1591,5,8,6,0,1,1,1,0,1,1,1,0,1,1,0,0,0,0,0,0,1,0,0,0,0,1,0,0,0,1,0,1
41473856,그랜저,더 뉴 그랜저 IG,27,1699,144376,2999,5,6,3,0,1,1,1,1,1,1,1,1,1,1,0,0,0,0,0,1,0,0,0,0,0,1,0,0,0,1,0,1
41474083,그랜저,그랜저 IG,27,1350,213761,2999,5,8,2,1,1,1,1,1,1,1,1,1,1,1,0,0,0,0,0,1,0,0,0,0,0,1,0,0,0,1,0,1
41474106,베라크루즈,베라크루즈,46,750,257750,2959,7,11,18,0,1,1,1,1,1,1,1,1,1,1,0,0,0,0,0,0,0,0,1,0,0,0,0,1,0,1,1,0
41474167,그랜저,그랜저 HG,27,550,162929,2999,5,14,2,1,1,1,1,1,1,1,1,1,1,1,0,0,0,0,0,0,1,0,0,0,0,0,1,0,0,1,0,1
41474483,코나,코나,91,1058,151490,1591,5,9,1,0,1,1,1,1,1,1,1,1,1,1,0,0,0,0,0,0,1,0,0,0,0,1,0,0,0,1,1,0
41474491,제네시스,제네시스,81,750,71121,3342,5,15,7,0,0,1,1,1,1,1,1,0,1,1,0,0,0,0,0,0,1,0,0,0,0,0,0,1,0,1,0,1
41474497,스타렉스,그랜드 스타렉스,50,960,87932,2497,12,10,2,0,0,1,1,0,0,1,1,0,1,1,0,0,0,0,0,0,0,0,1,0,0,0,0,1,0,1,1,0
41474503,그랜저,그랜저 HG,27,480,141613,2999,5,15,1,0,1,1,1,1,1,1,1,1,1,1,0,0,0,0,0,0,1,0,0,0,0,0,1,0,0,1,0,1
41474990,싼타페,싼타페 더 프라임,56,999,204478,1995,5,10,3,0,0,1,0,1,1,0,1,0,1,1,0,0,0,0,0,0,0,0,1,0,0,1,0,0,0,1,1,0
41475111,아반떼,아반떼 (CN7),62,1610,62547,1598,5,4,11,0,0,1,1,1,1,1,1,1,1,1,0,0,0,0,0,0,1,0,0,0,0,1,0,0,0,1,0,1
41475120,그랜저,그랜저 HG 하이브리드,27,740,144466,2359,5,12,8,0,0,1,1,1,1,1,1,0,1,1,0,0,0,0,0,0,0,1,0,0,0,0,1,0,0,1,0,1
41475152,스타렉스,그랜드 스타렉스,50,1200,109940,2497,12,10,2,0,0,1,1,1,0,1,1,1,1,1,0,0,0,0,0,0,0,0,1,0,0,0,0,1,0,1,1,0
41475223,아반떼,아반떼 AD,62,750,77876,1591,5,9,20,0,0,1,1,0,1,1,1,0,1,1,0,0,0,0,0,0,1,0,0,0,0,0,0,1,0,1,0,1
41475405,캐스퍼,캐스퍼,88,1570,24790,998,4,5,0,0,0,1,1,1,1,1,1,1,1,1,0,0,0,0,0,0,1,0,0,0,0,1,0,0,0,1,0,1
41475489,투싼,투싼 ix,101,490,144281,1995,5,16,10,0,0,1,1,1,0,1,1,0,1,1,0,0,0,0,0,0,0,0,1,0,0,0,0,1,0,1,1,0
41475797,에쿠스,에쿠스(신형),73,550,270047,3778,5,13,5,0,1,1,1,1,1,1,1,1,1,1,0,0,0,0,0,0,1,0,0,0,0,0,1,0,0,1,0,1
41476154,그랜저,그랜저 IG 하이브리드,27,1650,129240,2359,5,9,1,0,1,1,1,1,1,1,1,1,1,1,0,0,0,0,0,0,0,1,0,0,0,0,0,1,0,1,0,1
41476265,쏘나타,쏘나타 (DN8),57,1530,76794,1999,5,5,13,0,1,1,1,1,1,1,1,0,1,1,0,0,0,0,0,0,1,0,0,0,0,1,0,0,0,1,0,1
41476370,벨로스터,벨로스터 (JS),47,1690,78241,1998,4,6,0,0,1,1,1,1,1,0,1,1,1,1,0,0,0,0,0,0,1,0,0,0,0,0,0,1,0,0,0,1
41476421,아반떼,아반떼 (CN7),62,1450,52579,1598,5,5,8,0,0,1,1,1,1,1,0,0,1,1,0,0,0,0,0,0,1,0,0,0,0,1,0,0,0,1,0,1
41476604,엑센트,엑센트(신형),74,690,97732,1368,5,8,8,0,0,1,1,0,1,1,1,0,1,1,0,0,0,0,0,0,1,0,0,0,0,0,0,1,0,1,0,1
41476870,아반떼,아반떼 MD,62,520,135823,1591,5,14,11,1,1,1,1,1,1,1,1,0,1,1,0,0,0,0,0,0,1,0,0,0,0,1,0,0,0,1,0,1
41476915,코나,코나,91,1380,101260,1591,5,9,3,0,1,1,1,1,1,1,1,1,1,1,0,0,0,0,0,0,1,0,0,0,0,0,1,0,0,1,1,0
41476936,그랜저,그랜저 IG,27,1590,131958,2359,5,9,1,0,1,1,1,1,1,1,1,1,1,1,0,0,0,0,0,0,1,0,0,0,0,0,1,0,0,1,0,1
41476991,그랜저,그랜저 HG,27,620,142079,2359,5,14,2,0,0,1,1,1,1,1,1,0,1,1,0,0,0,0,0,0,1,0,0,0,0,1,0,0,0,1,0,1
41477002,투싼,투싼 ix,101,489,169070,1995,5,15,2,0,0,1,0,1,1,0,1,0,1,1,0,0,0,0,0,0,0,0,1,0,0,0,0,1,0,1,1,0
41477371,싼타페,싼타페 CM,56,490,116559,1995,7,16,10,0,0,1,1,1,0,1,1,0,1,1,0,0,0,0,0,0,0,0,1,0,0,1,0,0,0,1,1,0
41477384,캐스퍼,캐스퍼,88,1360,73656,998,4,3,0,0,0,1,0,0,1,0,1,1,1,1,0,0,0,0,0,0,1,0,0,0,0,0,0,1,0,1,0,1
41477405,엑센트,엑센트(신형),74,750,123237,1368,5,8,2,0,0,1,1,0,0,1,1,0,1,1,0,0,0,0,0,0,1,0,0,0,0,1,0,0,0,1,0,1
41477845,아반떼,아반떼 AD,62,1030,130025,1591,5,9,1,0,0,1,1,0,1,1,1,0,1,1,0,0,0,0,0,0,1,0,0,0,0,1,0,0,0,1,0,1
41478012,벨로스터,벨로스터 (JS),47,1650,113232,1998,4,6,20,0,1,1,1,1,1,1,1,1,1,1,0,0,0,0,0,0,1,0,0,0,0,1,0,0,0,1,0,1
41478280,스타렉스,그랜드 스타렉스,50,700,123980,2497,3,12,7,0,0,1,0,0,0,0,1,0,0,1,0,0,0,0,0,0,0,0,1,0,0,1,0,0,0,1,1,0
41478474,제네시스,제네시스,81,550,165278,3342,5,14,9,0,1,1,1,1,1,1,1,1,1,1,0,0,0,0,0,0,1,0,0,0,0,0,1,0,0,1,0,1
41478638,싼타페,싼타페 더 프라임,56,1140,163000,1995,5,9,2,0,1,1,1,1,1,1,1,1,1,1,0,0,0,0,0,0,0,0,1,0,0,0,0,0,1,1,1,0
41478768,그랜저,그랜저 HG,27,740,180264,2359,5,9,2,0,0,1,1,1,1,1,1,1,1,1,0,0,0,0,0,0,1,0,0,0,0,0,1,0,0,1,0,1
41478948,그랜저,그랜저 IG,27,699,367789,2999,5,9,14,0,1,1,1,1,1,1,1,1,1,1,0,0,0,0,0,1,0,0,0,0,0,0,1,0,0,1,0,1
41478957,쏘나타,쏘나타 뉴 라이즈,57,950,68350,1999,5,9,6,0,0,1,1,1,1,1,1,0,1,1,0,0,0,0,0,1,0,0,0,0,0,0,0,1,0,1,0,1
41479715,싼타페,싼타페 TM,56,1480,179637,1995,5,8,4,0,1,1,1,1,1,1,1,1,1,1,0,0,0,0,0,0,0,0,1,0,0,0,0,1,0,1,1,0
41479716,쏘나타,LF 쏘나타,57,810,111186,1685,5,11,8,0,0,1,1,1,1,1,1,0,1,1,0,0,0,0,0,0,0,0,1,0,0,1,0,0,0,1,0,1
41480371,그랜저,그랜저 HG,27,850,112877,2999,5,13,2,0,1,1,1,1,1,1,1,1,1,1,0,0,0,0,0,0,1,0,0,0,0,0,1,0,0,1,0,1
41480544,그랜저,그랜저 HG,27,430,210509,2999,5,15,9,0,1,1,1,1,1,1,1,1,1,1,0,0,0,0,0,0,1,0,0,0,0,0,1,0,0,1,0,1
41480549,싼타페,싼타페 DM,56,1000,144284,1995,7,14,0,1,1,1,1,1,1,1,1,1,1,1,0,0,0,0,0,0,0,0,1,0,0,1,0,0,0,1,1,0
41481042,제네시스,제네시스,81,570,141214,3342,5,14,12,0,1,1,1,1,1,1,1,1,1,1,0,0,0,0,0,0,1,0,0,0,0,0,1,0,0,1,0,1
41481059,캐스퍼,캐스퍼,88,1580,42921,998,4,4,1,1,0,1,1,1,1,1,1,1,1,1,0,0,0,0,0,0,1,0,0,0,0,0,0,0,1,1,0,1
41481416,쏘나타,쏘나타 뉴 라이즈,57,1150,131405,1999,5,8,3,1,1,1,1,1,1,1,1,1,1,1,0,0,0,0,0,0,1,0,0,0,0,0,0,1,0,1,0,1
41481553,투싼,올 뉴 투싼,101,1179,125842,1995,5,10,2,0,1,1,1,1,1,1,1,0,1,1,0,0,0,0,0,0,0,0,1,0,0,0,0,1,0,1,1,0
41482507,투싼,더 뉴 투싼 (NX4),101,782,5,1598,5,0,2,0,0,0,0,0,0,0,0,0,0,1,0,0,0,0,0,0,1,0,0,0,0,1,0,0,0,1,1,0
41483381,에쿠스,에쿠스(신형),73,320,304634,3778,5,13,16,0,0,1,1,1,1,1,1,1,1,1,0,0,0,0,0,0,1,0,0,0,0,0,1,0,0,1,0,1
41483684,싼타페,싼타페 DM,56,910,149791,1995,7,13,4,0,0,1,0,1,1,0,1,1,1,1,0,0,0,0,0,0,0,0,1,0,0,1,0,0,0,1,1,0
41484452,그랜저,그랜저 IG 하이브리드,27,1670,147255,2359,5,8,0,0,1,1,1,1,1,1,1,1,1,1,0,0,0,0,0,0,0,1,0,0,0,0,1,0,0,1,0,1
41484471,그랜저,그랜저 HG,27,380,208579,2359,5,15,6,0,0,1,0,1,1,0,1,0,1,1,0,0,0,0,0,0,1,0,0,0,0,0,0,1,0,1,0,1
41484859,쏘나타,NF 쏘나타 트랜스폼,57,280,258792,1998,5,18,8,1,0,1,1,1,0,1,1,0,1,1,0,0,0,0,0,1,0,0,0,0,0,0,0,1,0,1,0,1
41485606,투싼,올 뉴 투싼,101,1390,104034,1685,5,8,3,0,1,1,1,1,1,1,1,1,1,1,0,0,0,0,0,0,0,0,1,0,0,0,1,0,0,1,1,0
41485627,싼타페,싼타페 DM,56,1190,128841,2199,7,11,2,0,0,1,1,1,1,1,1,1,1,1,0,0,0,0,0,0,0,0,1,0,0,0,0,1,0,1,1,0
41485649,아반떼,더 뉴 아반떼,62,550,54196,1591,5,13,2,0,0,1,0,0,0,0,0,0,1,1,0,0,0,0,0,0,1,0,0,0,0,0,0,1,0,0,0,1
41485681,아반떼,아반떼 (CN7),62,1690,74035,1598,5,5,8,0,1,1,1,1,1,1,1,1,1,1,0,0,0,0,0,0,1,0,0,0,0,0,0,1,0,1,0,1
41485947,쏘나타,쏘나타 (DN8),57,1560,42058,1999,5,5,5,0,1,1,1,1,1,1,1,0,1,1,0,0,0,0,0,0,1,0,0,0,0,0,0,1,0,1,0,1
41485991,그랜저,그랜저 HG,27,680,146183,2359,5,12,0,1,1,1,1,1,1,1,1,1,1,1,0,0,0,0,0,0,1,0,0,0,0,0,1,0,0,1,0,1
41486009,쏘나타,쏘나타 (DN8),57,1320,182943,1999,5,6,2,0,1,1,1,1,1,1,1,1,1,1,0,0,0,0,0,0,1,0,0,0,0,0,0,1,0,1,0,1
41486705,싼타페,싼타페 더 프라임,56,1290,139927,1995,5,10,4,0,1,1,1,1,1,1,1,1,1,1,0,0,0,0,0,0,0,0,1,0,0,1,0,0,0,1,1,0
41487047,캐스퍼,캐스퍼,88,1490,61522,998,4,5,9,1,1,1,1,1,1,1,1,1,1,1,0,0,0,0,0,0,1,0,0,0,0,0,0,1,0,1,0,1
41487134,싼타페,싼타페 더 프라임,56,1200,118622,1995,5,10,1,0,1,1,1,1,1,0,1,1,1,1,0,0,0,0,0,0,0,0,1,0,0,1,0,0,0,1,1,0
41487333,그랜저,그랜저 HG,27,1089,26375,2359,5,12,8,0,0,1,1,1,1,1,1,0,1,1,0,0,0,0,0,0,1,0,0,0,0,0,0,1,0,1,0,1
41487349,맥스크루즈,더 뉴 맥스크루즈,41,1449,126216,2199,7,9,2,0,1,1,1,1,1,1,1,1,1,1,0,0,0,0,0,0,0,0,1,0,0,0,0,1,0,1,1,0
41487473,쏘나타,쏘나타 뉴 라이즈,57,1395,66872,1999,5,9,11,1,1,1,1,1,1,1,1,0,1,1,0,0,0,0,0,0,1,0,0,0,0,0,0,1,0,1,0,1
41487929,스타렉스,그랜드 스타렉스,50,1050,120966,2497,15,10,10,0,0,1,1,0,0,1,1,0,1,1,0,0,0,0,0,0,0,0,1,0,0,0,0,0,1,1,1,0
41487999,벨로스터,벨로스터,47,540,155524,1591,4,14,4,1,0,1,1,1,1,1,1,0,1,1,0,0,0,0,0,0,1,0,0,0,0,0,1,0,0,0,0,1
41488207,벨로스터,더 뉴 벨로스터,47,620,105045,1591,4,10,6,1,0,1,1,1,1,1,1,1,1,1,0,0,0,0,0,0,1,0,0,0,0,0,0,0,1,1,0,1
41488278,싼타페,싼타페 더 프라임,56,1550,83013,1995,5,10,2,0,1,1,1,1,1,1,1,1,1,1,0,0,0,0,0,0,0,0,1,0,0,0,1,0,0,1,1,0
41488676,그랜저,그랜저 HG,27,850,132063,2359,5,12,2,0,0,0,0,0,0,0,0,0,0,1,0,0,0,0,0,0,1,0,0,0,0,1,0,0,0,1,0,1
41488749,맥스크루즈,맥스크루즈,41,1420,89248,2199,7,11,0,1,1,1,1,1,1,1,1,1,1,1,0,0,0,0,0,0,0,0,1,0,0,1,0,0,0,1,1,0
41489035,투싼,올 뉴 투싼,101,1430,69711,1995,5,10,1,0,0,1,1,1,1,1,1,0,1,1,0,0,0,0,0,0,0,0,1,0,0,0,0,1,0,1,1,0
41489130,캐스퍼,캐스퍼,88,1480,16437,998,4,3,2,0,0,1,1,1,1,1,1,1,1,1,0,0,0,0,0,0,1,0,0,0,0,1,0,0,0,1,0,1
41489164,아반떼,아반떼 MD,62,360,163238,1591,5,16,16,0,0,1,1,1,0,1,1,0,0,1,0,0,0,0,0,0,1,0,0,0,0,0,0,1,0,1,0,1
41489301,그랜저,그랜저 HG,27,800,91281,2999,5,12,9,0,1,1,1,1,1,1,1,1,1,1,0,0,0,0,0,0,1,0,0,0,0,0,1,0,0,1,0,1
41489353,코나,코나 하이브리드,91,1690,112586,1580,5,7,9,1,1,1,1,1,1,1,1,1,1,1,0,0,0,0,0,0,0,1,0,0,0,1,0,0,0,1,1,0
41489675,맥스크루즈,맥스크루즈,41,1330,127166,2199,6,12,3,1,1,1,1,1,1,1,1,1,1,1,0,0,0,0,0,0,0,0,1,0,0,1,0,0,0,1,1,0
41490375,그랜저,그랜저 HG,27,599,131763,3342,5,14,11,1,1,1,1,1,1,1,1,1,1,1,0,0,0,0,0,0,1,0,0,0,0,0,1,0,0,1,0,1
41490523,아반떼,아반떼 MD,62,550,66000,1591,5,13,3,0,0,1,0,1,0,0,1,0,0,1,0,0,0,0,0,0,1,0,0,0,0,1,0,0,0,1,0,1
41490554,i30,i30 (PD),24,1080,83213,1353,5,8,7,0,0,1,0,0,1,0,1,0,1,1,0,0,0,0,0,0,1,0,0,0,0,0,0,0,1,1,0,1
41491136,제네시스,제네시스 DH,81,1250,211359,3778,5,11,5,0,1,1,1,1,1,1,1,1,1,1,0,0,0,0,0,0,1,0,0,0,0,0,1,0,0,1,0,1
41491179,투싼,올 뉴 투싼,101,999,229947,1685,5,11,18,0,0,1,1,1,1,1,1,0,1,1,0,0,0,0,0,0,0,0,1,0,0,1,0,0,0,1,1,0
41491275,아슬란,아슬란,64,600,217384,3342,5,11,4,0,1,1,1,1,1,1,1,1,1,1,0,0,0,0,0,0,1,0,0,0,0,0,1,0,0,1,0,1
41491436,제네시스,제네시스 DH,81,960,154138,3342,5,12,8,0,1,1,1,1,1,1,1,1,1,1,0,0,0,0,0,0,1,0,0,0,0,0,1,0,0,1,0,1
41491630,투싼,올 뉴 투싼,101,1130,156550,1995,5,8,3,0,0,1,1,0,1,0,1,0,1,1,0,0,0,0,0,0,0,0,1,0,0,1,0,0,0,1,1,0
41491938,그랜저,그랜저 HG,27,420,273937,2199,5,12,4,0,0,1,1,1,1,1,1,0,1,1,0,0,0,0,0,0,0,0,1,0,0,0,1,0,0,1,0,1
41491981,맥스크루즈,맥스크루즈,41,1130,174464,2199,7,11,2,0,1,1,1,1,1,1,1,1,1,1,0,0,0,0,0,0,0,0,1,0,0,0,0,0,1,1,1,0
41492058,아반떼,더 뉴 아반떼 AD,62,1150,126576,1598,5,7,5,0,0,1,1,0,1,1,1,0,1,1,0,0,0,0,0,0,1,0,0,0,0,1,0,0,0,1,0,1
41492278,그랜저,더 뉴 그랜저 IG,27,370,135613,2497,5,5,1,0,1,1,1,1,1,1,1,1,1,1,0,0,0,0,0,0,1,0,0,0,0,0,0,1,0,1,0,1
41492286,i40,더 뉴 i40,25,1070,141309,1999,5,11,4,0,1,1,1,1,1,1,1,1,1,1,0,0,0,0,0,0,1,0,0,0,0,0,0,1,0,1,0,1
41492538,아반떼,아반떼 MD,62,530,150054,1591,5,14,2,1,0,1,1,1,1,1,1,0,1,1,0,0,0,0,0,0,1,0,0,0,0,1,0,0,0,1,0,1
41492962,쏘나타,LF 쏘나타,57,1130,89876,1591,5,10,8,0,0,1,1,1,1,1,1,1,1,1,0,0,0,0,0,0,1,0,0,0,0,0,0,1,0,1,0,1
41493099,그랜저,그랜저 HG,27,599,112161,2999,5,15,5,0,1,1,1,1,1,1,1,1,1,1,0,0,0,0,0,0,1,0,0,0,0,0,1,0,0,1,0,1
41493231,캐스퍼,캐스퍼,88,1690,41006,998,4,4,0,0,0,1,1,1,1,1,1,1,1,1,0,0,0,0,0,0,1,0,0,0,0,0,0,0,1,1,0,1
41493450,쏘나타,쏘나타 더 브릴리언트,57,480,142075,1999,5,14,8,0,0,1,0,1,1,0,1,0,1,1,0,0,0,0,0,0,1,0,0,0,0,0,1,0,0,1,0,1
41493680,스타렉스,그랜드 스타렉스,50,1150,94096,2497,12,10,0,0,0,1,1,0,0,0,1,0,1,1,0,0,0,0,0,0,0,0,1,0,0,1,0,0,0,1,1,0
41493923,코나,코나,91,1440,72995,1591,5,9,5,0,1,1,1,1,1,0,1,1,1,1,0,0,0,0,0,0,1,0,0,0,0,0,0,0,1,1,1,0
41494017,싼타페,싼타페 더 프라임,56,1110,169201,1995,5,8,7,0,1,1,1,1,1,1,1,1,1,1,0,0,0,0,0,0,0,0,1,0,0,0,0,0,1,1,1,0
41494176,제네시스,제네시스 DH,81,950,203432,3342,5,11,2,0,1,1,1,1,1,1,1,1,1,1,0,0,0,0,0,0,1,0,0,0,0,0,1,0,0,1,0,1
41494469,아반떼,아반떼 MD,62,400,99759,1591,5,14,6,0,0,1,1,1,0,1,1,0,1,1,0,0,0,0,0,0,1,0,0,0,0,0,0,1,0,1,0,1
41494480,그랜저,그랜저 HG,27,590,143968,2359,5,13,4,0,1,1,1,1,1,1,1,0,1,1,0,0,0,0,0,0,1,0,0,0,0,0,1,0,0,1,0,1
41494730,i40,i40,25,450,224928,1685,5,12,9,1,0,1,1,1,1,1,1,0,1,1,0,0,0,0,0,0,0,0,1,0,0,0,0,0,1,1,0,1
41494836,아반떼,더 뉴 아반떼,62,549,87611,1591,5,12,17,0,0,1,1,1,0,1,1,0,1,1,0,0,0,0,0,0,1,0,0,0,0,1,0,0,0,1,0,1
41494878,싼타페,싼타페 DM,56,980,144551,1995,5,13,12,1,1,1,1,1,1,1,1,1,1,1,0,0,0,0,0,0,0,0,1,0,0,1,0,0,0,1,1,0
41494998,스타렉스,더 뉴 그랜드 스타렉스,50,1450,114242,2497,5,6,0,0,0,1,1,0,0,0,1,1,1,1,0,0,0,0,0,0,0,0,1,0,0,0,0,1,0,1,1,0
41495129,스타렉스,그랜드 스타렉스,50,799,147284,2497,12,13,5,0,0,1,1,0,0,1,1,0,1,1,0,0,0,0,0,0,0,0,1,0,0,0,0,1,0,1,1,0
41495682,아슬란,아슬란,64,980,97201,2999,5,11,5,0,1,1,1,1,1,1,1,1,1,1,0,0,0,0,0,0,1,0,0,0,0,0,1,0,0,1,0,1
41496057,아슬란,아슬란,64,1129,139943,3342,5,11,8,1,1,1,1,1,1,1,1,1,1,1,0,0,0,0,0,0,1,0,0,0,0,0,0,0,1,1,0,1
41496186,싼타페,싼타페 DM,56,1060,131905,1995,7,12,0,0,1,1,1,1,1,1,1,1,1,1,0,0,0,0,0,0,0,0,1,0,0,0,0,0,1,1,1,0
41496267,제네시스,제네시스,81,580,160998,3342,5,14,5,1,1,1,1,1,1,1,1,1,1,1,0,0,0,0,0,0,1,0,0,0,0,1,0,0,0,1,0,1
41496386,그랜저,그랜저 HG,27,430,179531,2999,5,15,9,0,1,1,1,1,1,1,1,1,1,1,0,0,0,0,0,0,1,0,0,0,0,0,0,1,0,1,0,1
41496685,투싼,올 뉴 투싼,101,1550,98263,1995,5,7,6,0,0,1,1,1,1,1,1,0,1,1,0,0,0,0,0,0,0,0,1,0,0,1,0,0,0,1,1,0
41496716,쏘나타,LF 쏘나타,57,690,169576,1998,5,10,4,1,0,0,1,0,1,1,0,0,0,1,0,0,0,0,0,1,0,0,0,0,0,0,0,1,0,1,0,1
41496748,그랜저,그랜저 HG,27,470,164354,2999,5,14,15,0,1,1,1,1,1,1,1,1,1,1,0,0,0,0,0,0,1,0,0,0,0,0,1,0,0,1,0,1
41497105,쏘나타,쏘나타 뉴 라이즈,57,1299,117974,1999,5,9,2,1,1,1,1,1,1,1,1,1,1,1,0,0,0,0,0,0,1,0,0,0,0,0,0,1,0,1,0,1
41497742,그랜저,더 뉴 그랜저 IG,27,1280,240190,2497,5,6,8,0,1,1,1,1,1,1,1,1,1,1,0,0,0,0,0,0,1,0,0,0,0,0,0,0,1,1,0,1
41498287,쏘나타,쏘나타 (DN8),57,1650,179281,1598,5,6,0,1,1,1,1,1,1,1,1,1,1,1,0,0,0,0,0,0,1,0,0,0,0,0,1,0,0,1,0,1
41498601,아반떼,아반떼 AD,62,1050,118044,1591,5,9,2,0,1,1,1,1,1,1,1,0,1,1,0,0,0,0,0,0,1,0,0,0,0,0,0,0,1,1,0,1
41498823,스타렉스,더 뉴 그랜드 스타렉스,50,1230,187494,2497,12,7,7,0,0,1,1,0,0,1,0,0,0,1,0,0,0,0,0,0,0,0,1,0,0,0,0,1,0,1,1,0
41499076,싼타페,싼타페 CM,56,330,226929,1991,7,18,3,0,0,1,0,1,0,0,1,0,1,1,0,0,0,0,0,0,0,0,1,0,0,0,0,1,0,1,1,0
41499082,투싼,투싼 ix,101,499,138887,1995,5,14,4,0,0,1,1,1,1,0,1,1,1,1,0,0,0,0,0,0,0,0,1,0,0,1,0,0,0,1,1,0
41500114,그랜저,그랜저 HG,27,990,140046,2999,5,10,5,0,0,1,1,1,1,1,1,0,1,1,0,0,0,0,0,1,0,0,0,0,0,0,1,0,0,1,0,1
41500152,스타렉스,그랜드 스타렉스,50,730,145075,2497,12,10,3,0,0,1,1,0,0,1,1,0,1,1,0,0,0,0,0,0,0,0,1,0,0,0,0,0,1,1,1,0
41500177,쏘나타,LF 쏘나타 하이브리드,57,1170,93637,1999,5,10,9,1,1,1,1,1,1,1,1,1,1,1,0,0,0,0,0,0,0,1,0,0,0,1,0,0,0,1,0,1
41500307,그랜저,그랜저 HG,27,730,129007,2999,5,12,3,0,1,1,1,1,1,1,1,1,1,1,0,0,0,0,0,0,1,0,0,0,0,0,1,0,0,1,0,1
41500388,베뉴,베뉴,45,1470,73389,1598,5,7,2,0,0,1,1,1,1,0,1,0,1,1,0,0,0,0,0,0,1,0,0,0,0,0,0,0,1,1,1,0
41500553,제네시스,제네시스 DH,81,1400,119381,3342,5,10,2,1,1,1,1,1,1,1,1,1,1,1,0,0,0,0,0,0,1,0,0,0,0,0,0,1,0,1,0,1
41500716,아반떼,아반떼 MD,62,370,134069,1591,5,15,10,0,0,1,0,1,1,0,1,0,1,1,0,0,0,0,0,0,1,0,0,0,0,0,0,1,0,1,0,1
41500719,쏘나타,쏘나타 (DN8),57,1449,76778,1999,5,5,8,0,0,1,1,1,1,1,1,1,1,1,0,0,0,0,0,1,0,0,0,0,0,0,1,0,0,1,0,1
41501247,쏘나타,쏘나타 뉴 라이즈,57,1450,63447,1999,5,9,4,0,0,1,1,1,1,1,1,1,1,1,0,0,0,0,0,0,1,0,0,0,0,0,1,0,0,1,0,1
41501259,쏘나타,YF 쏘나타,57,490,85372,1998,5,17,1,0,0,1,1,1,1,1,1,0,1,1,0,0,0,0,0,0,1,0,0,0,0,0,1,0,0,1,0,1
41501290,그랜저,그랜저 HG,27,750,75969,2359,5,11,5,0,0,1,1,1,1,0,1,0,1,1,0,0,0,0,0,0,1,0,0,0,0,0,1,0,0,1,0,1
41501355,i40,i40,25,450,224308,1685,5,13,2,0,1,1,1,1,1,0,1,1,1,1,0,0,0,0,0,0,0,0,1,0,0,0,0,0,1,1,0,1
41501378,싼타페,싼타페 DM,56,1160,107382,1995,5,11,1,0,0,1,1,1,1,1,1,1,1,1,0,0,0,0,0,0,0,0,1,0,0,0,0,1,0,1,1,0
41501595,넥쏘,넥쏘,28,1680,64257,0,5,7,0,1,1,1,1,1,1,1,1,1,1,1,0,0,0,0,0,0,0,0,0,0,1,0,0,1,0,1,1,0
41501743,그랜저,그랜저 HG,27,890,92620,2999,5,13,8,1,1,1,1,1,1,1,1,1,1,1,0,0,0,0,0,0,1,0,0,0,0,1,0,0,0,1,0,1
41502061,제네시스,제네시스 DH,81,1190,133710,3342,5,11,3,1,1,1,1,1,1,1,1,1,1,1,0,0,0,0,0,0,1,0,0,0,0,0,1,0,0,1,0,1
41502115,제네시스,제네시스 DH,81,1350,160000,3778,5,11,6,1,1,1,1,1,1,1,1,1,1,1,0,0,0,0,0,0,1,0,0,0,0,0,1,0,0,1,0,1
41502496,쏘나타,쏘나타 하이브리드,57,330,130099,1999,5,14,10,0,0,1,0,1,1,1,1,0,1,1,0,0,0,0,0,0,0,1,0,0,0,1,0,0,0,1,0,1
41502547,쏘나타,쏘나타 하이브리드,57,580,139352,1999,5,12,1,0,0,1,1,1,1,1,1,0,1,1,0,0,0,0,0,0,0,1,0,0,0,1,0,0,0,1,0,1
41502586,아반떼,아반떼 AD,62,799,108978,1591,5,9,1,0,0,1,0,0,0,0,0,0,1,1,0,0,0,0,0,0,1,0,0,0,0,1,0,0,0,1,0,1
41502937,쏘나타,LF 쏘나타,57,790,189664,1999,5,11,1,0,0,1,1,1,1,1,1,0,1,1,0,0,0,0,0,1,0,0,0,0,0,1,0,0,0,1,0,1
41502959,싼타페,싼타페 DM,56,1090,113323,1995,5,13,2,0,1,1,1,1,1,1,1,1,1,1,0,0,0,0,0,0,0,0,1,0,0,0,1,0,0,1,1,0
41503265,쏘나타,쏘나타 뉴 라이즈,57,1450,45737,1999,5,9,6,0,1,1,1,1,1,1,1,1,1,1,0,0,0,0,0,0,1,0,0,0,0,0,0,0,1,1,0,1
41503326,투싼,올 뉴 투싼,101,1350,93522,1995,5,10,1,0,0,1,1,1,1,1,1,0,1,1,0,0,0,0,0,0,0,0,1,0,0,0,0,1,0,1,1,0
41503992,그랜저,그랜저 HG,27,600,237226,2359,5,10,12,1,0,1,1,1,1,1,1,1,1,1,0,0,0,0,0,0,1,0,0,0,0,0,1,0,0,1,0,1
41504053,아반떼,아반떼 MD,62,579,77683,1591,5,15,3,0,0,1,1,0,0,0,1,0,1,1,0,0,0,0,0,0,1,0,0,0,0,1,0,0,0,1,0,1
41504119,아반떼,아반떼 AD,62,690,160284,1582,5,11,13,0,0,1,1,0,0,1,1,0,1,1,0,0,0,0,0,0,0,0,1,0,0,0,0,1,0,1,0,1
41504220,쏘나타,LF 쏘나타,57,890,105486,1999,5,11,10,0,0,1,1,1,1,1,1,0,1,1,0,0,0,0,0,0,1,0,0,0,0,0,0,1,0,1,0,1
41504281,스타렉스,더 뉴 그랜드 스타렉스,50,1039,164463,2497,3,8,4,0,0,1,1,0,0,1,0,0,1,1,0,0,0,0,0,0,0,0,1,0,0,0,0,1,0,1,1,0
41504391,쏘나타,LF 쏘나타,57,779,174911,1685,5,11,10,1,1,1,1,1,1,1,1,1,1,1,0,0,0,0,0,0,0,0,1,0,0,0,0,0,1,1,0,1
41504694,베뉴,베뉴,45,1350,45943,1598,5,6,1,0,0,1,0,0,1,0,1,0,1,1,0,0,0,0,0,0,1,0,0,0,0,0,0,0,1,1,1,0
41504965,넥쏘,넥쏘,28,1540,102609,0,5,6,2,1,1,1,1,1,1,1,1,1,1,1,0,0,0,0,0,0,0,0,0,0,1,1,0,0,0,1,1,0
41505498,아반떼,아반떼 하이브리드 (CN7),62,1439,118745,1580,5,4,2,0,0,1,1,1,1,1,1,1,1,1,0,0,0,0,0,0,0,1,0,0,0,0,0,1,0,1,0,1
41506376,쏘나타,쏘나타 뉴 라이즈,57,1079,146471,1999,5,8,2,0,0,1,1,1,1,0,1,1,1,1,0,0,0,0,0,1,0,0,0,0,0,0,0,1,0,1,0,1
41506668,그랜저,그랜저 IG,27,1450,114118,2999,5,9,1,0,0,1,1,1,1,1,1,1,1,1,0,0,0,0,0,0,1,0,0,0,0,0,0,1,0,1,0,1
41507053,싼타페,싼타페 DM,56,950,104188,1995,5,11,18,0,1,1,1,1,1,1,1,1,1,1,0,0,0,0,0,0,0,0,1,0,0,0,0,1,0,1,1,0
41507191,싼타페,싼타페 더 프라임,56,1550,103643,1995,5,9,1,0,1,1,1,1,1,1,1,1,1,1,0,0,0,0,0,0,0,0,1,0,0,0,0,0,1,1,1,0
41507203,아반떼,아반떼 XD,62,499,79345,1495,5,24,8,0,0,1,0,1,0,0,0,0,0,1,0,0,0,0,0,0,1,0,0,0,0,0,0,1,0,0,0,1
41507283,아반떼,아반떼 MD,62,420,102549,1591,5,16,10,0,0,1,0,1,1,0,1,0,1,1,0,0,0,0,0,0,1,0,0,0,0,1,0,0,0,1,0,1
41507560,쏘나타,쏘나타 (DN8),57,1693,96815,1999,5,7,0,0,1,1,1,0,1,0,1,0,1,1,0,0,0,0,0,1,0,0,0,0,0,1,0,0,0,1,0,1
41507759,싼타페,싼타페 DM,56,1360,142730,2199,7,12,3,1,1,1,1,1,1,1,1,1,1,1,0,0,0,0,0,0,0,0,1,0,0,1,0,0,0,1,1,0
41507825,쏘나타,쏘나타 (DN8),57,1360,70393,1999,5,7,7,0,0,1,1,0,0,0,1,0,1,1,0,0,0,0,0,0,1,0,0,0,0,0,1,0,0,1,0,1
41507984,아반떼,아반떼 AD,62,600,162921,1582,5,11,6,0,0,1,1,0,0,1,0,0,0,1,0,0,0,0,0,0,0,0,1,0,0,1,0,0,0,1,0,1
41508116,제네시스,제네시스,81,499,182182,3342,5,14,9,0,1,1,1,1,1,1,1,1,1,1,0,0,0,0,0,0,1,0,0,0,0,0,1,0,0,1,0,1
41508160,코나,코나,91,1250,115336,1582,5,8,0,1,0,1,1,1,1,1,1,1,1,1,0,0,0,0,0,0,0,0,1,0,0,0,0,1,0,1,1,0
41508261,아반떼,더 뉴 아반떼,62,750,77520,1582,5,13,8,0,0,1,1,1,1,1,1,0,1,1,0,0,0,0,0,0,0,0,1,0,0,1,0,0,0,1,0,1
41508280,벨로스터,벨로스터,47,590,55659,1591,4,15,1,0,0,1,1,0,1,1,1,0,0,1,0,0,0,0,0,0,1,0,0,0,0,1,0,0,0,1,0,1
41508466,코나,코나,91,1630,43435,1591,5,9,2,1,0,1,1,0,1,1,1,1,1,1,0,0,0,0,0,0,1,0,0,0,0,1,0,0,0,1,1,0
41508577,에쿠스,에쿠스(신형),73,880,243612,3778,5,11,12,1,1,1,1,1,1,1,1,1,1,1,0,0,0,0,0,0,1,0,0,0,0,0,1,0,0,1,0,1
41508622,투싼,올 뉴 투싼,101,1399,162000,1591,5,8,2,0,0,1,1,0,1,1,1,0,1,1,0,0,0,0,0,0,1,0,0,0,0,1,0,0,0,1,1,0
41508876,i40,i40,25,470,176515,1999,5,14,6,1,0,1,1,1,1,1,1,0,1,1,0,0,0,0,0,0,1,0,0,0,0,0,0,1,0,1,0,1
41509581,코나,코나,91,1440,79187,1591,5,8,0,0,0,1,1,0,1,1,1,0,1,1,0,0,0,0,0,0,1,0,0,0,0,1,0,0,0,1,1,0
41509630,스타렉스,더 뉴 그랜드 스타렉스,50,1690,101718,2497,12,7,5,0,0,1,1,0,0,1,1,0,1,1,0,0,0,0,0,0,0,0,1,0,0,0,0,1,0,1,1,0
41509675,싼타페,싼타페 더 프라임,56,1299,111234,1995,5,9,15,1,1,1,1,1,1,1,1,1,1,1,0,0,0,0,0,0,0,0,1,0,0,1,0,0,0,1,1,0
41509849,캐스퍼,캐스퍼,88,1570,54389,998,4,4,3,0,0,1,1,1,1,1,1,1,1,1,0,0,0,0,0,0,1,0,0,0,0,0,0,1,0,1,0,1
41509925,에쿠스,에쿠스(신형),73,570,142407,3778,5,14,5,0,1,1,1,1,1,1,1,0,1,1,0,0,0,0,0,0,1,0,0,0,0,0,1,0,0,1,0,1
41510342,엑센트,엑센트(신형),74,370,215000,1582,5,12,0,0,0,1,0,0,0,0,0,0,1,1,0,0,0,0,0,0,0,0,1,0,0,0,0,1,0,1,0,1
41510853,그랜저,그랜저 HG,27,899,127155,2359,5,11,8,1,1,1,1,1,1,1,1,1,1,1,0,0,0,0,0,0,1,0,0,0,0,1,0,0,0,1,0,1
41511217,아반떼,더 뉴 아반떼 (CN7),62,1490,45988,1591,5,3,9,0,1,1,1,1,1,1,0,0,1,1,0,0,0,0,0,1,0,0,0,0,0,0,1,0,0,1,0,1
41511243,맥스크루즈,더 뉴 맥스크루즈,41,1580,141127,2199,7,10,4,0,1,1,1,1,1,1,1,1,1,1,0,0,0,0,0,0,0,0,1,0,0,0,0,0,1,1,1,0
41511280,아슬란,아슬란,64,600,229674,3342,5,12,5,0,1,1,1,1,1,1,1,1,1,1,0,0,0,0,0,0,1,0,0,0,0,0,0,1,0,1,0,1
41511372,투싼,올 뉴 투싼,101,980,181342,1995,5,10,7,0,1,1,1,1,1,1,1,1,1,1,0,0,0,0,0,0,0,0,1,0,0,1,0,0,0,1,1,0
41511642,그랜저,그랜저 HG,27,730,130010,2359,5,12,10,0,0,1,1,1,1,1,1,0,1,1,0,0,0,0,0,0,1,0,0,0,0,1,0,0,0,1,0,1
41512182,엑센트,엑센트(신형),74,470,108110,1582,5,14,2,0,0,1,0,0,0,0,1,0,1,1,0,0,0,0,0,0,0,0,1,0,0,1,0,0,0,1,0,1
41512791,아반떼,아반떼 AD,62,690,177344,1591,5,8,17,0,0,1,1,0,1,1,1,0,1,1,0,0,0,0,0,0,1,0,0,0,0,1,0,0,0,1,0,1
41512795,아반떼,아반떼 MD,62,600,103029,1591,5,13,5,0,0,1,1,1,1,1,1,0,1,1,0,0,0,0,0,0,1,0,0,0,0,0,0,1,0,1,0,1
41513081,싼타페,싼타페 DM,56,859,138660,1995,5,14,2,1,1,1,1,1,1,0,1,1,1,1,0,0,0,0,0,0,0,0,1,0,0,1,0,0,0,1,1,0
41513160,쏘나타,LF 쏘나타,57,1150,75363,1999,5,11,1,1,0,1,1,1,1,1,1,0,1,1,0,0,0,0,0,0,1,0,0,0,0,0,1,0,0,1,0,1
41513338,스타렉스,그랜드 스타렉스,50,1350,100600,2497,12,10,4,0,0,1,1,1,0,1,1,1,1,1,0,0,0,0,0,0,0,0,1,0,0,0,0,1,0,1,1,0
41513693,쏘나타,쏘나타 (DN8),57,1490,71105,1999,5,7,4,1,1,1,1,1,1,1,1,1,1,1,0,0,0,0,0,0,1,0,0,0,0,0,0,0,1,1,0,1
41514092,아반떼,아반떼 AD,62,1150,63033,1591,5,9,0,0,0,1,1,0,1,1,1,0,1,1,0,0,0,0,0,0,1,0,0,0,0,0,0,1,0,1,0,1
41514205,그랜저,그랜저 HG 하이브리드,27,850,155058,2359,5,10,4,0,0,1,1,1,1,1,1,0,1,1,0,0,0,0,0,0,0,1,0,0,0,0,1,0,0,1,0,1
41515028,그랜저,그랜저 HG,27,750,140748,2359,5,12,7,1,0,1,1,1,1,0,1,0,1,1,0,0,0,0,0,0,1,0,0,0,0,1,0,0,0,1,0,1
41515103,투싼,올 뉴 투싼,101,1480,97163,1598,5,7,0,0,1,1,1,1,1,1,1,0,1,1,0,0,0,0,0,0,0,0,1,0,0,1,0,0,0,1,1,0
41515125,쏘나타,쏘나타 (DN8),57,1534,145698,1999,5,3,12,0,1,1,1,1,1,1,1,1,1,1,0,0,0,0,0,1,0,0,0,0,0,1,0,0,0,1,0,1
41515189,쏘나타,쏘나타 (DN8),57,1399,106258,1999,5,7,1,0,0,1,1,1,1,1,1,0,1,1,0,0,0,0,0,1,0,0,0,0,0,1,0,0,0,1,0,1
41515305,스타렉스,더 뉴 그랜드 스타렉스,50,900,217849,2497,5,8,5,0,0,1,0,0,0,0,1,1,1,1,0,0,0,0,0,0,0,0,1,0,0,0,0,1,0,1,1,0
41515854,싼타페,싼타페 더 프라임,56,1170,162874,2199,7,10,8,0,1,1,1,1,1,1,1,1,1,1,0,0,0,0,0,0,0,0,1,0,0,0,0,1,0,1,1,0
41516050,캐스퍼,캐스퍼,88,1350,47881,998,4,4,0,0,0,1,1,0,1,0,1,0,1,1,0,0,0,0,0,0,1,0,0,0,0,1,0,0,0,1,0,1
41516402,i30,i30 (PD),24,880,87146,1582,5,8,19,0,0,1,1,0,0,1,0,0,1,1,0,0,0,0,0,0,0,0,1,0,0,1,0,0,0,1,0,1
41516540,그랜저,그랜저 HG,27,630,127135,2359,5,14,2,1,0,1,1,1,1,1,1,0,1,1,0,0,0,0,0,0,1,0,0,0,0,0,0,1,0,1,0,1
41516967,쏘나타,YF 쏘나타,57,499,118267,1999,5,14,6,1,0,1,1,0,1,1,1,0,1,1,0,0,0,0,0,0,1,0,0,0,0,1,0,0,0,1,0,1
41516968,아반떼,아반떼 MD,62,550,159754,1591,5,15,2,0,0,1,1,1,0,1,1,0,0,1,0,0,0,0,0,0,1,0,0,0,0,1,0,0,0,1,0,1
41517124,그랜저,그랜저 HG 하이브리드,27,650,196480,2359,5,11,15,0,0,1,1,1,1,1,1,0,1,1,0,0,0,0,0,0,0,1,0,0,0,0,1,0,0,1,0,1
41517152,그랜저,그랜저 IG,27,1690,84280,2359,5,9,7,0,0,1,1,1,1,1,1,1,1,1,0,0,0,0,0,0,1,0,0,0,0,0,1,0,0,1,0,1
41517208,투싼,올 뉴 투싼,101,1000,137663,1685,5,9,2,0,1,1,0,1,1,0,1,1,1,1,0,0,0,0,0,0,0,0,1,0,0,1,0,0,0,1,1,0
41517429,그랜저,그랜저 IG,27,1170,100558,2999,5,9,3,0,0,1,1,1,1,1,1,0,1,1,0,0,0,0,0,0,1,0,0,0,0,0,1,0,0,1,0,1
41517451,아반떼,아반떼 (CN7),62,1530,82768,1598,5,6,2,0,1,1,1,1,1,1,1,1,1,1,0,0,0,0,0,0,1,0,0,0,0,0,0,0,1,1,0,1
41517740,투싼,투싼 ix,101,490,111872,1995,5,15,1,0,0,1,1,0,0,1,1,0,1,1,0,0,0,0,0,0,0,0,1,0,0,0,0,1,0,1,1,0
41517808,투싼,더 뉴 투싼 (NX4),101,352,6,1598,5,0,2,0,1,1,1,0,1,0,1,0,1,1,0,0,0,0,0,0,1,0,0,0,0,1,0,0,0,1,1,0
41517888,쏘나타,쏘나타 (DN8),57,1360,131000,1999,5,6,0,0,0,1,1,1,1,1,1,0,1,1,0,0,0,0,0,1,0,0,0,0,0,1,0,0,0,1,0,1
41518377,코나,코나,91,1300,115813,1591,5,6,2,0,0,1,1,1,1,1,0,0,0,1,0,0,0,0,0,0,1,0,0,0,0,0,0,1,0,1,1,0
41518387,캐스퍼,캐스퍼,88,1350,89917,998,4,4,2,0,0,1,1,1,1,1,1,1,1,1,0,0,0,0,0,0,1,0,0,0,0,1,0,0,0,1,0,1
41518639,아반떼,아반떼 AD,62,850,85807,1591,5,10,15,0,0,1,1,0,1,1,1,0,1,1,0,0,0,0,0,0,1,0,0,0,0,0,0,1,0,1,0,1
41519316,그랜저,그랜저 HG,27,690,101672,2999,5,14,1,0,0,1,1,1,1,1,1,1,1,1,0,0,0,0,0,0,1,0,0,0,0,0,1,0,0,1,0,1
41519550,그랜저,그랜저 IG,27,1250,166609,2999,5,9,0,0,1,1,1,1,1,1,1,1,1,1,0,0,0,0,0,0,1,0,0,0,0,0,0,0,1,1,0,1
41520467,그랜저,그랜저 HG,27,559,77894,2359,5,15,5,0,0,1,0,1,1,0,1,0,1,1,0,0,0,0,0,0,1,0,0,0,0,0,1,0,0,1,0,1
41520974,아반떼,아반떼 MD,62,259,168926,1591,5,14,9,0,0,1,0,1,0,0,1,0,0,1,0,0,0,0,0,0,1,0,0,0,0,1,0,0,0,1,0,1
41521011,에쿠스,에쿠스(신형),73,740,239233,3778,5,12,2,0,1,1,1,1,1,1,1,1,1,1,0,0,0,0,0,0,1,0,0,0,0,0,1,0,0,1,0,1
41521303,제네시스,제네시스 DH,81,800,264758,3778,5,11,2,0,1,1,1,1,1,1,1,1,1,1,0,0,0,0,0,0,1,0,0,0,0,0,1,0,0,1,0,1
41521495,싼타페,싼타페 DM,56,780,162922,1995,5,14,0,0,0,1,1,1,1,1,1,1,1,1,0,0,0,0,0,0,0,0,1,0,0,0,0,0,1,1,1,0
41521553,그랜저,그랜저 IG,27,780,263639,2359,5,9,4,0,0,1,1,1,1,1,1,1,1,1,0,0,0,0,0,0,1,0,0,0,0,0,0,1,0,1,0,1
41521928,스타렉스,더 뉴 그랜드 스타렉스,50,1160,175363,2497,5,8,1,0,0,1,1,0,0,1,1,1,1,1,0,0,0,0,0,0,0,0,1,0,0,0,0,1,0,1,1,0
41522009,아반떼,아반떼 MD,62,355,179233,1591,5,16,10,1,0,1,1,1,1,1,1,0,1,1,0,0,0,0,0,0,1,0,0,0,0,0,0,1,0,1,0,1
41522696,캐스퍼,캐스퍼,88,1430,24800,998,4,3,0,0,0,1,1,0,1,1,1,1,1,1,0,0,0,0,0,0,1,0,0,0,0,0,0,0,1,1,0,1
41522769,스타렉스,그랜드 스타렉스,50,730,160755,2497,3,12,0,0,0,1,0,0,0,0,0,0,1,1,0,0,0,0,0,0,0,0,1,0,0,0,0,1,0,1,1,0
41522984,i30,i30(신형),24,479,116162,1591,5,14,0,1,1,1,1,1,1,1,1,0,1,1,0,0,0,0,0,0,1,0,0,0,0,0,0,1,0,1,0,1
41523583,그랜저,그랜저 IG 하이브리드,27,950,226342,2359,5,9,0,0,0,1,1,1,1,1,1,0,1,1,0,0,0,0,0,0,0,1,0,0,0,0,0,1,0,1,0,1
41523761,아반떼,더 뉴 아반떼 (CN7),62,720,4,1598,5,1,2,0,1,1,1,1,1,1,1,1,1,1,0,0,0,0,0,0,1,0,0,0,0,1,0,0,0,1,0,1
41524110,아반떼,아반떼 AD,62,960,86997,1591,5,8,12,0,0,1,1,0,1,1,1,0,1,1,0,0,0,0,0,0,1,0,0,0,0,1,0,0,0,1,0,1
41524358,그랜저,그랜저 HG,27,480,234349,2359,5,13,4,0,1,1,1,1,1,1,1,1,1,1,0,0,0,0,0,0,1,0,0,0,0,0,1,0,0,1,0,1
41524440,그랜저,그랜저 IG,27,1530,132519,2359,5,9,4,0,1,1,1,1,1,1,1,1,1,1,0,0,0,0,0,0,1,0,0,0,0,0,1,0,0,1,0,1
41524574,싼타페,싼타페 DM,56,1080,120566,1995,5,12,6,1,1,1,1,1,1,1,1,1,1,1,0,0,0,0,0,0,0,0,1,0,0,1,0,0,0,1,1,0
41524709,에쿠스,에쿠스(신형),73,1090,93834,3778,5,12,1,0,1,1,1,1,1,1,1,1,1,1,0,0,0,0,0,0,1,0,0,0,0,0,1,0,0,1,0,1
41524908,그랜저,그랜저 IG,27,1420,142205,2359,5,7,8,0,1,1,1,1,1,1,1,1,1,1,0,0,0,0,0,0,1,0,0,0,0,0,1,0,0,1,0,1
41524985,쏘나타,쏘나타 뉴 라이즈,57,1170,128993,1999,5,7,1,0,0,1,1,1,1,1,1,1,1,1,0,0,0,0,0,1,0,0,0,0,0,1,0,0,0,1,0,1
41525121,스타렉스,더 뉴 그랜드 스타렉스,50,1340,158666,2497,5,7,1,0,0,1,0,0,0,0,1,1,1,1,0,0,0,0,0,0,0,0,1,0,0,0,1,0,0,1,1,0
41525140,투싼,올 뉴 투싼,101,880,133046,1685,5,11,1,0,0,1,1,0,0,0,1,0,1,1,0,0,0,0,0,0,0,0,1,0,0,1,0,0,0,1,1,0
41525157,코나,코나,91,1440,57438,1591,5,8,9,0,0,1,1,0,1,0,1,0,1,1,0,0,0,0,0,0,1,0,0,0,0,0,0,1,0,1,1,0
41525348,아이오닉,더 뉴 아이오닉 하이브리드,65,1690,62847,1580,5,6,13,1,1,1,1,1,1,1,1,1,1,1,0,0,0,0,0,0,0,1,0,0,0,0,0,1,0,1,0,1
41525411,싼타페,싼타페 DM,56,811,149049,1995,5,13,3,0,0,1,1,1,1,1,1,1,1,1,0,0,0,0,0,0,0,0,1,0,0,1,0,0,0,1,1,0
41525574,싼타페,싼타페 DM,56,990,138542,1995,5,11,11,1,0,1,1,1,1,1,1,1,1,1,0,0,0,0,0,0,0,0,1,0,0,1,0,0,0,1,1,0
41525686,그랜저,그랜저 IG,27,1149,150431,2359,5,9,3,0,0,1,1,1,1,1,1,1,1,1,0,0,0,0,0,0,1,0,0,0,0,1,0,0,0,1,0,1
41525725,아반떼,더 뉴 아반떼 AD,62,1190,89747,1598,5,7,2,0,0,1,1,0,1,0,1,0,1,1,0,0,0,0,0,0,1,0,0,0,0,0,0,0,1,1,0,1
41525951,스타렉스,그랜드 스타렉스,50,850,160956,2497,5,11,6,0,0,1,0,1,0,0,1,1,1,1,0,0,0,0,0,0,0,0,1,0,0,0,0,1,0,1,1,0
41526051,싼타페,싼타페 DM,56,950,169698,1995,7,14,2,0,0,1,1,1,1,1,1,1,1,1,0,0,0,0,0,0,0,0,1,0,0,0,0,1,0,1,1,0
41526106,맥스크루즈,맥스크루즈,41,1090,135873,2199,6,13,0,1,0,1,1,1,1,1,1,1,1,1,0,0,0,0,0,0,0,0,1,0,0,0,0,1,0,1,1,0
41526248,아반떼,더 뉴 아반떼 AD,62,1290,102373,1598,5,7,1,0,0,1,1,1,1,1,1,0,1,1,0,0,0,0,0,0,1,0,0,0,0,0,1,0,0,1,0,1
41526504,그랜저,그랜저 IG,27,950,194300,2359,5,9,2,0,0,1,1,1,1,1,1,1,1,1,0,0,0,0,0,0,1,0,0,0,0,0,0,1,0,1,0,1
41527046,그랜저,그랜저 HG,27,590,176104,2999,5,12,17,0,1,1,1,1,1,1,1,1,1,1,0,0,0,0,0,1,0,0,0,0,0,0,1,0,0,1,0,1
41527109,캐스퍼,캐스퍼,88,1319,69788,998,4,5,2,0,0,1,1,1,1,1,1,1,0,1,0,0,0,0,0,0,1,0,0,0,0,0,0,0,1,1,0,1
41527493,아반떼,더 뉴 아반떼 AD,62,1380,88038,1598,5,8,2,0,1,1,1,1,1,1,1,0,1,1,0,0,0,0,0,0,1,0,0,0,0,1,0,0,0,1,0,1
41527514,그랜저,그랜저 HG 하이브리드,27,499,199255,2359,5,11,15,0,0,1,1,1,1,1,1,0,1,1,0,0,0,0,0,0,0,1,0,0,0,0,1,0,0,1,0,1
41527876,엑센트,엑센트(신형),74,380,186916,1399,5,13,6,0,0,1,1,0,0,1,1,0,1,1,0,0,0,0,0,0,1,0,0,0,0,1,0,0,0,1,0,1
41527895,그랜저,그랜저 HG,27,1309,107484,2199,5,12,3,1,1,1,1,1,1,1,1,1,1,1,0,0,0,0,0,0,0,0,1,0,0,0,1,0,0,1,0,1
41528127,쏘나타,LF 쏘나타,57,899,125267,1998,5,11,6,1,1,1,1,1,1,1,1,1,1,1,0,0,0,0,0,0,1,0,0,0,0,0,0,0,1,1,0,1
41528238,그랜저,그랜저 IG,27,1070,137440,2359,5,10,15,0,0,1,1,1,1,1,1,1,1,1,0,0,0,0,0,0,1,0,0,0,0,0,0,1,0,1,0,1
41528293,싼타페,싼타페 더 프라임,56,1370,90446,1995,7,11,1,0,0,1,1,1,1,1,1,0,1,1,0,0,0,0,0,0,0,0,1,0,0,1,0,0,0,1,1,0
41528621,쏘나타,쏘나타 뉴 라이즈,57,1530,17727,1685,5,8,3,0,0,1,1,1,1,1,1,1,1,1,0,0,0,0,0,0,0,0,1,0,0,0,1,0,0,1,0,1
41528719,베뉴,베뉴,45,1100,35112,1598,5,7,17,0,0,1,1,0,0,1,1,0,1,1,0,0,0,0,0,0,1,0,0,0,0,1,0,0,0,1,1,0
41528867,쏘나타,LF 쏘나타,57,850,146069,1999,5,10,3,0,0,1,1,1,1,1,1,0,1,1,0,0,0,0,0,1,0,0,0,0,0,0,0,1,0,1,0,1
41529087,스타렉스,그랜드 스타렉스,50,1220,86170,2497,3,10,7,0,0,1,1,0,0,1,1,0,1,1,0,0,0,0,0,0,0,0,1,0,0,0,0,1,0,1,1,0
41529113,코나,코나,91,1460,77414,1591,5,9,6,1,1,1,1,1,1,1,1,1,1,1,0,0,0,0,0,0,1,0,0,0,0,1,0,0,0,1,1,0
41529217,그랜저,그랜저 IG,27,1350,102647,2359,5,9,7,0,0,1,1,1,1,1,1,0,1,1,0,0,0,0,0,0,1,0,0,0,0,1,0,0,0,1,0,1
41529293,i30,i30,24,470,67316,1591,5,17,4,0,0,1,1,1,1,1,1,0,1,1,0,0,0,0,0,0,1,0,0,0,0,0,0,0,1,1,0,1
41529336,캐스퍼,캐스퍼,88,1320,32122,998,4,4,2,0,0,1,1,0,0,0,0,0,0,1,0,0,0,0,0,0,1,0,0,0,0,1,0,0,0,1,0,1
41529475,아반떼,더 뉴 아반떼 AD,62,930,105893,1598,5,7,14,0,0,1,1,1,1,1,1,0,1,1,0,0,0,0,0,0,1,0,0,0,0,1,0,0,0,1,0,1
41529714,쏘나타,쏘나타 더 브릴리언트,57,480,121236,1999,5,13,5,0,0,1,1,0,0,1,0,0,1,1,0,0,0,0,0,0,1,0,0,0,0,1,0,0,0,1,0,1
41529815,싼타페,싼타페 DM,56,990,170391,1995,5,11,21,1,1,1,1,1,1,1,1,1,1,1,0,0,0,0,0,0,0,0,1,0,0,1,0,0,0,1,1,0
41530289,제네시스,제네시스 DH,81,1290,103626,3342,5,11,2,0,1,1,1,1,1,1,1,1,1,1,0,0,0,0,0,0,1,0,0,0,0,0,1,0,0,1,0,1
41530363,쏘나타,LF 쏘나타,57,700,127862,1999,5,12,6,0,0,1,1,0,0,1,1,0,1,1,0,0,0,0,0,0,1,0,0,0,0,0,0,1,0,1,0,1
41530483,코나,코나 일렉트릭,91,1380,199339,356,5,6,2,1,1,1,1,1,1,1,1,1,1,1,0,0,0,0,0,0,0,0,0,1,0,1,0,0,0,1,1,0
41530579,스타렉스,더 뉴 그랜드 스타렉스,50,1580,86166,2497,3,8,2,0,0,1,0,0,0,0,1,0,1,1,0,0,0,0,0,0,0,0,1,0,0,1,0,0,0,1,1,0
41530686,싼타페,싼타페 DM,56,730,189292,1995,5,13,12,0,0,1,1,1,1,1,1,1,1,1,0,0,0,0,0,0,0,0,1,0,0,0,0,1,0,1,1,0
41530692,코나,더 뉴 코나,91,1260,163386,1598,5,4,1,0,0,1,0,0,1,0,1,0,1,1,0,0,0,0,0,0,1,0,0,0,0,1,0,0,0,1,1,0
41530765,아반떼,아반떼 (CN7),62,1469,126790,1598,5,4,1,0,0,1,1,1,1,1,1,1,1,1,0,0,0,0,0,0,1,0,0,0,0,1,0,0,0,1,0,1
41531074,엑센트,엑센트(신형),74,520,72672,1368,5,12,4,0,0,1,0,0,0,0,0,0,1,1,0,0,0,0,0,0,1,0,0,0,0,1,0,0,0,1,0,1
41531127,그랜저,그랜저 HG,27,870,107802,2359,5,12,1,0,1,1,1,1,1,1,1,1,1,1,0,0,0,0,0,0,1,0,0,0,0,0,1,0,0,1,0,1
41531252,스타렉스,그랜드 스타렉스,50,1090,65475,2497,11,11,1,0,0,1,1,0,0,1,1,0,1,1,0,0,0,0,0,0,0,0,1,0,0,0,0,1,0,0,1,0
41531472,그랜저,그랜저 IG,27,1600,87073,2359,5,8,1,0,0,1,1,1,1,1,1,1,1,1,0,0,0,0,0,0,1,0,0,0,0,0,0,1,0,1,0,1
41531476,싼타페,싼타페 DM,56,1250,111137,1995,5,11,1,1,1,1,1,1,1,1,1,1,1,1,0,0,0,0,0,0,0,0,1,0,0,1,0,0,0,1,1,0
41532266,투싼,올 뉴 투싼,101,920,188657,1685,5,9,4,0,0,1,1,1,1,1,1,1,1,1,0,0,0,0,0,0,0,0,1,0,0,1,0,0,0,1,1,0
41532862,투싼,올 뉴 투싼,101,1495,104764,1591,5,9,8,1,1,1,1,1,1,1,1,1,1,1,0,0,0,0,0,0,1,0,0,0,0,1,0,0,0,1,1,0
41533084,아반떼,더 뉴 아반떼,62,470,146864,1582,5,12,12,0,0,1,1,1,0,1,1,0,1,1,0,0,0,0,0,0,0,0,1,0,0,0,1,0,0,1,0,1
41533248,아이오닉,더 뉴 아이오닉 일렉트릭,65,1595,89300,120,5,6,2,0,0,1,1,1,1,1,1,0,1,1,0,0,0,0,0,0,0,0,0,1,0,1,0,0,0,1,0,1
41533278,아반떼,더 뉴 아반떼,62,550,117012,1591,5,12,7,0,0,1,1,0,0,1,0,0,1,1,0,0,0,0,0,0,1,0,0,0,0,1,0,0,0,1,0,1
41533505,캐스퍼,캐스퍼,88,1559,13287,998,4,4,2,0,0,1,1,1,1,1,1,1,1,1,0,0,0,0,0,0,1,0,0,0,0,0,0,0,1,1,0,1
41533547,에쿠스,에쿠스(신형),73,790,163303,3778,5,13,4,0,1,1,1,1,1,1,1,1,1,1,0,0,0,0,0,0,1,0,0,0,0,0,1,0,0,1,0,1
41533573,싼타페,싼타페 더 프라임,56,1050,152202,1995,5,11,22,0,1,1,1,1,1,1,1,1,1,1,0,0,0,0,0,0,0,0,1,0,0,1,0,0,0,1,1,0
41533598,쏘나타,쏘나타 더 브릴리언트,57,370,127307,1999,5,12,20,0,0,1,1,1,0,1,1,0,0,1,0,0,0,0,0,0,1,0,0,0,0,0,1,0,0,1,0,1
41533837,제네시스,제네시스 DH,81,1350,133563,3342,5,11,7,0,1,1,1,1,1,1,1,1,1,1,0,0,0,0,0,0,1,0,0,0,0,0,0,1,0,1,0,1
41533867,그랜저,그랜저 HG,27,450,210145,2999,5,13,10,0,1,1,1,1,1,1,1,1,1,1,0,0,0,0,0,0,1,0,0,0,0,0,1,0,0,1,0,1
41534003,쏘나타,쏘나타 (DN8),57,1290,124343,1999,5,7,20,0,1,1,1,1,1,1,1,0,1,1,0,0,0,0,0,0,1,0,0,0,0,1,0,0,0,1,0,1
41534447,스타렉스,그랜드 스타렉스,50,520,293224,2497,3,9,7,0,0,1,0,0,0,0,1,0,1,1,0,0,0,0,0,0,0,0,1,0,0,0,0,1,0,1,1,0
41534638,제네시스,제네시스 DH,81,820,247262,3342,5,10,1,0,1,1,1,1,1,1,1,1,1,1,0,0,0,0,0,0,1,0,0,0,0,0,0,1,0,1,0,1
41534708,스타렉스,그랜드 스타렉스,50,990,119855,2497,5,13,2,0,0,1,0,0,0,0,1,1,1,1,0,0,0,0,0,0,0,0,1,0,0,1,0,0,0,1,1,0
41534870,캐스퍼,캐스퍼,88,1580,23689,998,4,4,2,0,0,1,1,1,1,1,1,1,1,1,0,0,0,0,0,0,1,0,0,0,0,1,0,0,0,1,0,1
41535459,아반떼,더 뉴 아반떼 AD,62,1080,120479,1598,5,7,2,0,0,1,1,1,1,1,1,0,1,1,0,0,0,0,0,0,1,0,0,0,0,1,0,0,0,1,0,1
41535484,아슬란,아슬란,64,1450,52984,2999,5,9,6,0,1,1,1,1,1,1,1,1,1,1,0,0,0,0,0,0,1,0,0,0,0,0,1,0,0,1,0,1
41536090,벨로스터,벨로스터 (JS),47,1149,131730,1591,4,8,7,1,1,1,1,1,1,1,1,1,1,1,0,0,0,0,0,0,1,0,0,0,0,0,0,0,1,0,0,1
41536344,아반떼,아반떼 AD,62,750,102613,1591,5,10,17,1,0,1,1,1,1,1,1,0,1,1,0,0,0,0,0,0,1,0,0,0,0,1,0,0,0,1,0,1
41536471,베뉴,베뉴,45,1240,97973,1598,5,7,7,0,0,1,1,1,1,1,1,0,1,1,0,0,0,0,0,0,1,0,0,0,0,0,0,0,1,1,1,0
41536701,코나,코나,91,840,172874,1591,5,8,20,0,0,1,1,0,1,1,1,0,1,1,0,0,0,0,0,0,1,0,0,0,0,1,0,0,0,1,1,0
41536847,싼타페,싼타페 CM,56,630,176765,1995,7,15,5,1,1,1,1,1,1,1,1,0,1,1,0,0,0,0,0,0,0,0,1,0,0,0,1,0,0,1,1,0
41536939,스타렉스,그랜드 스타렉스,50,950,106782,2497,12,10,12,0,0,1,1,0,0,1,0,0,0,1,0,0,0,0,0,0,0,0,1,0,0,0,0,1,0,1,1,0
41537014,i30,i30,24,350,30230,1591,5,19,7,0,0,0,0,1,0,0,1,0,0,1,0,0,0,0,0,0,1,0,0,0,0,0,1,0,0,1,0,1
41537125,투싼,올 뉴 투싼,101,1350,81272,1995,5,10,1,0,0,1,1,1,1,1,1,0,1,1,0,0,0,0,0,0,0,0,1,0,0,0,0,1,0,1,1,0
41537131,아반떼,아반떼 AD,62,730,130875,1591,5,10,4,0,0,1,1,1,0,1,1,0,1,1,0,0,0,0,0,0,1,0,0,0,0,0,0,1,0,1,0,1
41537237,쏘나타,쏘나타 뉴 라이즈,57,900,174611,1591,5,9,12,0,1,1,1,1,1,1,1,1,1,1,0,0,0,0,0,0,1,0,0,0,0,0,0,1,0,1,0,1
41537478,그랜저,그랜저 HG,27,720,112541,2359,5,13,4,1,1,1,1,1,1,1,1,1,1,1,0,0,0,0,0,0,1,0,0,0,0,1,0,0,0,1,0,1
41538368,싼타페,싼타페 DM,56,1060,96101,1995,5,14,8,1,1,1,1,1,1,1,1,1,1,1,0,0,0,0,0,0,0,0,1,0,0,1,0,0,0,1,1,0
41538841,베라크루즈,베라크루즈,46,950,197224,2959,7,13,6,0,1,1,1,1,1,1,1,1,1,1,0,0,0,0,0,0,0,0,1,0,0,1,0,0,0,1,1,0
41538861,제네시스 쿠페,더 뉴 제네시스 쿠페,82,1440,113287,3778,4,11,14,1,1,1,1,1,1,1,1,0,1,1,0,0,0,0,0,0,1,0,0,0,0,1,0,0,0,1,0,1
41539321,스타렉스,그랜드 스타렉스,50,1088,137251,2497,5,10,5,0,0,1,0,0,0,0,1,0,1,1,0,0,0,0,0,0,0,0,1,0,0,0,0,1,0,1,1,0
41539334,아슬란,아슬란,64,500,189287,3342,5,12,26,0,1,1,1,1,1,1,1,1,1,1,0,0,0,0,0,0,1,0,0,0,0,0,1,0,0,1,0,1
41539372,쏘나타,YF 쏘나타,57,350,202156,1998,5,16,9,1,0,1,1,1,1,1,1,0,1,1,0,0,0,0,0,0,1,0,0,0,0,0,1,0,0,1,0,1
41539402,그랜저,그랜저 HG,27,699,199606,2999,5,11,7,0,1,1,1,1,1,1,1,1,1,1,0,0,0,0,0,1,0,0,0,0,0,0,0,1,0,1,0,1
41539880,그랜저,그랜저 IG,27,1620,65764,2199,5,9,3,0,1,1,1,1,1,0,1,1,1,1,0,0,0,0,0,0,0,0,1,0,0,0,0,1,0,1,0,1
41539901,투싼,더 뉴 투싼 (NX4),101,352,10,1598,5,0,2,0,1,1,1,0,1,0,1,0,1,1,0,0,0,0,0,0,1,0,0,0,0,1,0,0,0,1,1,0
41541071,아반떼,아반떼 AD,62,1250,46079,1591,5,8,4,0,0,1,1,0,1,1,1,0,1,1,0,0,0,0,0,0,1,0,0,0,0,1,0,0,0,1,0,1
41541176,아반떼,더 뉴 아반떼 AD,62,1070,138963,1598,5,8,0,0,0,1,1,1,1,1,1,0,1,1,0,0,0,0,0,0,1,0,0,0,0,1,0,0,0,1,0,1
41541420,싼타페,싼타페 더 프라임,56,1500,151741,1995,5,10,2,1,1,1,1,1,1,0,1,1,1,1,0,0,0,0,0,0,0,0,1,0,0,1,0,0,0,1,1,0
41541837,코나,코나,91,1200,143736,1591,5,8,11,0,0,1,1,1,1,1,1,1,1,1,0,0,0,0,0,0,1,0,0,0,0,0,0,0,1,1,1,0
41541926,쏘나타,YF 쏘나타,57,390,169463,1998,5,16,8,0,0,1,1,1,1,1,1,0,1,1,0,0,0,0,0,1,0,0,0,0,0,0,0,1,0,1,0,1
41542139,투싼,뉴 투싼 ix,101,669,93409,1995,5,12,8,0,0,1,1,0,0,1,0,0,1,1,0,0,0,0,0,0,0,0,1,0,0,0,0,1,0,1,1,0
41542171,투싼,투싼 ix,101,579,130826,1995,5,14,2,0,0,1,1,0,0,1,1,0,1,1,0,0,0,0,0,0,0,0,1,0,0,0,0,1,0,1,1,0
41542421,쏘나타,LF 쏘나타,57,849,79921,1999,5,12,1,0,0,1,1,0,0,1,0,0,1,1,0,0,0,0,0,1,0,0,0,0,0,0,0,1,0,1,0,1
41542480,아반떼,아반떼 AD,62,1060,76289,1591,5,9,1,0,0,1,1,1,1,1,1,1,1,1,0,0,0,0,0,0,1,0,0,0,0,0,0,1,0,1,0,1
41542552,제네시스,제네시스 DH,81,1160,156228,3342,5,11,16,1,1,1,1,1,1,1,1,1,1,1,0,0,0,0,0,0,1,0,0,0,0,0,1,0,0,1,0,1
41542674,투싼,뉴 투싼 ix,101,890,86385,1995,5,12,3,0,1,1,1,1,1,1,1,1,1,1,0,0,0,0,0,0,0,0,1,0,0,1,0,0,0,1,1,0
41542782,제네시스,제네시스 DH,81,750,189142,3342,5,12,36,1,1,1,1,1,1,1,1,1,1,1,0,0,0,0,0,0,1,0,0,0,0,0,1,0,0,1,0,1
41543152,쏘나타,쏘나타 더 브릴리언트,57,480,201044,1999,5,13,6,1,0,1,1,1,1,1,1,1,1,1,0,0,0,0,0,1,0,0,0,0,0,0,0,1,0,1,0,1
41543513,아반떼,아반떼 MD,62,630,74981,1591,5,13,0,0,0,1,1,1,1,0,1,0,1,1,0,0,0,0,0,0,1,0,0,0,0,0,0,1,0,1,0,1
41543957,투싼,올 뉴 투싼,101,910,138584,1685,5,10,11,1,0,1,1,1,1,1,1,1,1,1,0,0,0,0,0,0,0,0,1,0,0,1,0,0,0,1,1,0
41544231,싼타페,싼타페 TM,56,1540,151076,1995,5,8,0,0,0,1,1,1,1,1,1,1,1,1,0,0,0,0,0,0,0,0,1,0,0,0,1,0,0,1,1,0
41544291,아반떼,더 뉴 아반떼 AD,62,1330,79950,1598,5,7,1,0,0,1,1,1,1,1,1,0,1,1,0,0,0,0,0,0,1,0,0,0,0,1,0,0,0,1,0,1
41544401,캐스퍼,캐스퍼,88,1210,23514,998,2,4,0,0,0,1,0,0,0,0,1,1,1,1,0,0,0,0,0,0,1,0,0,0,0,0,0,0,1,1,0,1
41544523,투싼,투싼 ix,101,660,112266,1995,5,14,5,1,0,1,1,1,1,1,1,1,1,1,0,0,0,0,0,0,0,0,1,0,0,1,0,0,0,1,1,0
41544906,스타렉스,그랜드 스타렉스,50,650,216377,2497,5,9,0,0,0,1,1,0,0,1,0,0,1,1,0,0,0,0,0,0,0,0,1,0,0,0,0,1,0,1,1,0
41544955,베뉴,베뉴,45,1630,40345,1598,5,6,5,0,1,1,1,1,1,1,1,0,1,1,0,0,0,0,0,0,1,0,0,0,0,0,0,0,1,1,1,0
41545474,그랜저,그랜저 HG,27,610,171060,2359,5,12,0,0,0,1,1,1,1,1,1,0,1,1,0,0,0,0,0,0,1,0,0,0,0,1,0,0,0,1,0,1
41545519,캐스퍼,캐스퍼,88,1090,46102,998,2,4,0,0,0,1,0,0,0,0,0,0,0,1,0,0,0,0,0,0,1,0,0,0,0,1,0,0,0,1,0,1
41545598,싼타페,싼타페 DM,56,870,117260,1995,5,13,4,0,0,1,1,0,1,1,1,1,1,1,0,0,0,0,0,0,0,0,1,0,0,0,0,1,0,1,1,0
41545762,제네시스,제네시스 DH,81,729,257376,3342,5,12,4,0,1,1,1,1,1,1,1,1,1,1,0,0,0,0,0,0,1,0,0,0,0,0,1,0,0,1,0,1
41545916,아반떼,아반떼 AD,62,840,151995,1591,5,11,4,0,0,1,0,1,0,0,1,0,1,1,0,0,0,0,0,0,1,0,0,0,0,0,0,1,0,1,0,1
41546094,맥스크루즈,더 뉴 맥스크루즈,41,1370,174554,2199,6,9,10,0,1,1,1,1,1,1,1,1,1,1,0,0,0,0,0,0,0,0,1,0,0,0,0,1,0,1,1,0
41546601,아반떼,아반떼 MD,62,550,149161,1591,5,13,1,1,0,1,1,1,1,1,1,0,1,1,0,0,0,0,0,0,1,0,0,0,0,1,0,0,0,1,0,1
41546838,투싼,뉴 투싼 ix,101,619,130394,2000,5,12,11,0,0,1,1,1,1,1,1,0,1,1,0,0,0,0,0,0,0,0,1,0,0,0,0,1,0,1,1,0
41547475,제네시스,제네시스 DH,81,1070,146076,3342,5,11,2,0,1,1,1,1,1,1,1,1,1,1,0,0,0,0,0,0,1,0,0,0,0,0,1,0,0,1,0,1
41548098,투싼,올 뉴 투싼,101,1550,31875,1598,5,7,16,0,0,1,1,1,1,1,1,0,1,1,0,0,0,0,0,0,0,0,1,0,0,0,1,0,0,1,1,0
41548193,코나,코나,91,1530,93184,1582,5,8,2,0,1,1,1,1,1,0,1,1,1,1,0,0,0,0,0,0,0,0,1,0,0,1,0,0,0,1,1,0
41548539,아이오닉,아이오닉 하이브리드,65,890,165510,1580,5,10,7,1,1,1,1,1,1,1,1,1,1,1,0,0,0,0,0,0,0,1,0,0,0,1,0,0,0,1,0,1
41549567,쏘나타,LF 쏘나타,57,950,155506,1591,5,10,4,0,1,1,1,1,1,1,1,1,1,1,0,0,0,0,0,0,1,0,0,0,0,1,0,0,0,1,0,1
41550094,투싼,뉴 투싼 ix,101,970,43391,1995,5,12,0,0,0,1,1,0,1,1,1,0,1,1,0,0,0,0,0,0,0,0,1,0,0,0,0,1,0,1,1,0
41550274,스타렉스,그랜드 스타렉스,50,970,158278,2497,12,10,0,0,0,1,0,0,0,0,1,0,1,1,0,0,0,0,0,0,0,0,1,0,0,0,0,1,0,1,1,0
41550313,코나,코나,91,1350,26629,1591,5,7,4,0,0,1,1,0,1,1,0,0,0,1,0,0,0,0,0,0,1,0,0,0,0,0,0,1,0,1,1,0
41550472,i40,i40,25,420,236216,1685,5,13,7,0,0,1,1,1,1,1,1,1,1,1,0,0,0,0,0,0,0,0,1,0,0,1,0,0,0,1,0,1
41550595,투싼,투싼 ix,101,560,137117,1995,5,15,1,1,0,1,1,1,1,0,1,1,1,1,0,0,0,0,0,0,0,0,1,0,0,0,0,1,0,1,1,0
41550780,쏘나타,쏘나타 (DN8),57,1499,102069,1999,5,4,2,0,0,1,1,0,1,1,1,1,1,1,0,0,0,0,0,1,0,0,0,0,0,1,0,0,0,1,0,1
41550867,베라크루즈,베라크루즈,46,800,178287,2959,7,16,6,1,1,1,1,1,1,1,1,0,1,1,0,0,0,0,0,0,0,0,1,0,0,0,0,1,0,1,1,0
41550879,그랜저,그랜저 HG,27,980,105271,2359,5,11,0,0,1,1,1,1,1,1,1,1,1,1,0,0,0,0,0,0,1,0,0,0,0,0,1,0,0,1,0,1
41551014,베라크루즈,베라크루즈,46,888,176780,2959,7,12,2,0,1,1,1,1,1,0,1,1,1,1,0,0,0,0,0,0,0,0,1,0,0,0,0,1,0,1,1,0
41551037,그랜저,그랜저 IG,27,1050,185966,2999,5,9,4,0,0,1,1,1,1,1,1,1,1,1,0,0,0,0,0,0,1,0,0,0,0,0,1,0,0,1,0,1
41551092,베라크루즈,베라크루즈,46,590,199541,2959,7,18,11,1,1,1,1,1,1,0,1,0,1,1,0,0,0,0,0,0,0,0,1,0,0,0,1,0,0,1,1,0
41551320,투싼,올 뉴 투싼,101,850,193245,1685,5,10,10,0,0,1,1,1,1,1,1,0,1,1,0,0,0,0,0,0,0,0,1,0,0,1,0,0,0,1,1,0
41551904,캐스퍼,캐스퍼,88,1600,30109,998,4,4,0,0,0,1,1,1,1,1,1,1,1,1,0,0,0,0,0,0,1,0,0,0,0,1,0,0,0,1,0,1
41552266,그랜저,그랜저 IG,27,1270,180435,2199,5,9,30,1,1,1,1,1,1,1,1,1,1,1,0,0,0,0,0,0,0,0,1,0,0,0,0,1,0,1,0,1
41552383,투싼,올 뉴 투싼,101,1399,83215,1685,5,8,8,0,1,1,1,1,1,1,1,1,1,1,0,0,0,0,0,0,0,0,1,0,0,0,0,1,0,1,1,0
41552497,그랜저,그랜저 HG,27,390,190514,2999,5,15,2,1,0,1,1,1,1,1,1,1,1,1,0,0,0,0,0,0,1,0,0,0,0,0,1,0,0,1,0,1
41552750,스타렉스,스타렉스 점보,50,350,237952,2476,9,20,8,0,0,1,0,0,0,0,1,0,1,1,0,0,0,0,0,0,0,0,1,0,0,0,1,0,0,1,1,0
41553045,그랜저,그랜저 뉴 럭셔리,27,330,62053,2656,5,18,17,0,0,1,1,1,0,1,1,0,1,1,0,0,0,0,0,0,1,0,0,0,0,0,1,0,0,1,0,1
41553902,그랜저,그랜저 HG,27,780,137478,2359,5,11,6,1,0,1,1,1,1,1,1,1,1,1,0,0,0,0,0,0,1,0,0,0,0,0,1,0,0,1,0,1
41553923,아반떼,더 뉴 아반떼,62,470,191288,1591,5,12,11,0,0,1,1,1,0,1,1,0,1,1,0,0,0,0,0,0,1,0,0,0,0,1,0,0,0,1,0,1
41554194,그랜저,그랜저 IG,27,1390,103467,2359,5,8,12,0,0,1,1,1,1,1,1,1,1,1,0,0,0,0,0,0,1,0,0,0,0,0,1,0,0,1,0,1
41554243,쏘나타,쏘나타 뉴 라이즈,57,1070,102734,1999,5,8,5,0,0,1,1,1,1,1,1,1,1,1,0,0,0,0,0,0,1,0,0,0,0,0,0,1,0,1,0,1
41554600,그랜저,더 뉴 그랜저 IG,27,1640,193579,2497,5,6,0,0,1,1,1,1,1,1,1,1,1,1,0,0,0,0,0,0,1,0,0,0,0,0,0,0,1,1,0,1
41554861,베뉴,베뉴,45,1480,71694,1598,5,7,16,0,1,1,1,1,1,1,1,0,1,1,0,0,0,0,0,0,1,0,0,0,0,0,0,0,1,1,1,0
41555078,그랜저,그랜저 HG,27,590,102209,2359,5,12,15,0,0,1,1,1,1,1,1,1,1,1,0,0,0,0,0,0,1,0,0,0,0,0,1,0,0,1,0,1
41555381,에쿠스,에쿠스(신형),73,975,150031,3778,5,12,11,0,1,1,1,1,1,1,1,1,1,1,0,0,0,0,0,0,1,0,0,0,0,0,1,0,0,1,0,1
41555480,그랜저,그랜저 HG 하이브리드,27,650,202131,2359,5,12,2,0,0,1,1,1,1,1,1,0,1,1,0,0,0,0,0,0,0,1,0,0,0,0,1,0,0,1,0,1
41555613,투싼,투싼 ix,101,580,184763,1995,5,15,2,0,0,1,1,1,1,1,1,1,1,1,0,0,0,0,0,0,0,0,1,0,0,0,0,1,0,1,1,0
41555758,맥스크루즈,맥스크루즈,41,1160,147783,2199,7,11,4,0,1,1,1,1,1,1,1,1,1,1,0,0,0,0,0,0,0,0,1,0,0,0,0,0,1,1,1,0
41555787,그랜저,그랜저 HG,27,395,169671,2999,5,14,4,0,1,1,1,1,1,1,1,1,1,1,0,0,0,0,0,1,0,0,0,0,0,0,0,1,0,1,0,1
41555840,아반떼,아반떼 (CN7),62,1570,96479,1598,5,6,8,1,1,1,1,1,1,1,1,1,1,1,0,0,0,0,0,0,1,0,0,0,0,0,0,0,1,1,0,1
41555907,그랜저,그랜저 IG,27,1400,152397,3342,5,8,5,0,1,1,1,1,1,1,1,1,1,1,0,0,0,0,0,0,1,0,0,0,0,0,0,1,0,1,0,1
41556474,스타렉스,그랜드 스타렉스,50,890,162490,2497,5,11,2,0,0,1,0,0,0,0,1,1,1,1,0,0,0,0,0,0,0,0,1,0,0,0,0,1,0,1,1,0
41556699,i30,i30(신형),24,650,96882,1591,5,14,4,1,1,1,1,1,1,0,1,0,1,1,0,0,0,0,0,0,1,0,0,0,0,1,0,0,0,1,0,1
41557020,쏘나타,LF 쏘나타,57,619,188100,1999,5,9,2,0,0,0,0,0,0,0,0,0,0,1,0,0,0,0,0,1,0,0,0,0,0,1,0,0,0,1,0,1
41557209,그랜저,그랜저 IG,27,1350,183257,2359,5,9,1,1,1,1,1,1,1,1,1,1,1,1,0,0,0,0,0,0,1,0,0,0,0,1,0,0,0,1,0,1
41557386,아반떼,아반떼 MD,62,570,90082,1591,5,15,0,0,0,1,1,1,1,1,1,0,0,1,0,0,0,0,0,0,1,0,0,0,0,1,0,0,0,1,0,1
41557410,그랜저,그랜저 IG,27,1299,100335,2999,5,10,1,0,0,1,1,1,1,1,1,0,1,1,0,0,0,0,0,0,1,0,0,0,0,0,0,1,0,1,0,1
41557539,투싼,올 뉴 투싼,101,1640,110402,1995,5,6,1,0,0,1,1,1,1,1,1,1,1,1,0,0,0,0,0,0,0,0,1,0,0,0,0,1,0,1,1,0
41557688,아반떼,아반떼 AD,62,1090,101881,1591,5,8,1,0,0,1,1,0,1,1,1,0,1,1,0,0,0,0,0,0,1,0,0,0,0,1,0,0,0,1,0,1
41557835,아반떼,아반떼 (CN7),62,1570,40196,1598,5,4,5,0,0,1,1,1,1,1,1,1,1,1,0,0,0,0,0,0,1,0,0,0,0,0,0,1,0,1,0,1
41557891,투싼,올 뉴 투싼,101,1699,29016,1591,5,7,0,0,0,0,0,1,1,0,1,1,1,1,0,0,0,0,0,0,1,0,0,0,0,1,0,0,0,1,1,0
41558153,제네시스,제네시스,81,830,89035,3778,5,13,2,1,1,1,1,1,1,1,1,1,1,1,0,0,0,0,0,0,1,0,0,0,0,0,1,0,0,1,0,1
41558275,벨로스터,벨로스터 (JS),47,1590,116351,1998,4,7,0,1,1,1,1,1,1,1,1,1,1,1,0,0,0,0,0,0,1,0,0,0,0,0,0,1,0,0,0,1
41558366,쏘나타,쏘나타 (DN8),57,1480,176426,1598,5,5,6,0,1,1,1,1,1,1,1,1,1,1,0,0,0,0,0,0,1,0,0,0,0,1,0,0,0,1,0,1
41558536,싼타페,싼타페 DM,56,690,214597,1995,7,14,12,0,0,1,1,1,1,1,1,1,1,1,0,0,0,0,0,0,0,0,1,0,0,0,0,1,0,1,1,0
41558792,그랜저,그랜저 IG,27,1180,174805,2999,5,9,2,0,0,1,1,1,1,1,1,1,1,1,0,0,0,0,0,1,0,0,0,0,0,0,0,1,0,1,0,1
41558916,아반떼,더 뉴 아반떼 AD,62,1540,30232,1598,5,7,0,0,0,1,1,1,1,1,1,1,1,1,0,0,0,0,0,0,1,0,0,0,0,0,0,1,0,1,0,1
41559544,싼타페,싼타페 DM,56,1120,141912,2199,7,12,1,0,1,1,1,1,1,1,1,1,1,1,0,0,0,0,0,0,0,0,1,0,0,1,0,0,0,1,1,0
41559739,벨로스터,벨로스터 (JS),47,1469,108909,1998,4,8,2,0,1,1,1,1,1,1,1,1,1,1,0,0,0,0,0,0,1,0,0,0,0,0,0,0,1,0,0,1
41559894,스타렉스,그랜드 스타렉스,50,820,202527,2497,12,10,2,0,0,1,1,0,0,1,1,0,1,1,0,0,0,0,0,0,0,0,1,0,0,1,0,0,0,1,1,0
41560108,스타렉스,더 뉴 그랜드 스타렉스,50,1690,39050,2497,5,7,2,0,0,1,1,0,0,1,1,0,1,1,0,0,0,0,0,0,0,0,1,0,0,0,0,1,0,1,1,0
41560216,캐스퍼,캐스퍼,88,1590,17295,998,4,3,2,0,0,1,1,1,1,1,1,1,1,1,0,0,0,0,0,0,1,0,0,0,0,1,0,0,0,1,0,1
41560557,베라크루즈,베라크루즈,46,650,106800,2959,7,15,4,0,1,1,1,1,0,1,1,0,1,1,0,0,0,0,0,0,0,0,1,0,0,0,0,1,0,1,1,0
41560755,싼타페,싼타페 DM,56,1290,81707,1995,5,13,0,1,1,1,1,1,1,1,1,1,1,1,0,0,0,0,0,0,0,0,1,0,0,1,0,0,0,1,1,0
41560780,에쿠스,에쿠스(신형),73,677,170676,3778,5,12,11,0,1,1,1,1,1,1,1,1,1,1,0,0,0,0,0,0,1,0,0,0,0,0,1,0,0,1,0,1
41560802,아반떼,더 뉴 아반떼 AD,62,1039,121082,1598,5,8,4,0,0,1,1,1,1,1,1,0,1,1,0,0,0,0,0,0,1,0,0,0,0,0,0,0,1,1,0,1
41560905,스타렉스,그랜드 스타렉스,50,950,106938,2497,12,12,10,0,0,1,1,0,0,1,1,0,1,1,0,0,0,0,0,0,0,0,1,0,0,1,0,0,0,1,1,0
41560972,제네시스,제네시스 DH,81,1150,217844,3778,5,11,2,1,1,1,1,1,1,1,1,1,1,1,0,0,0,0,0,0,1,0,0,0,0,1,0,0,0,1,0,1
41561045,아반떼,아반떼 AD,62,750,108735,1591,5,10,2,0,0,1,1,1,1,1,1,0,1,1,0,0,0,0,0,0,1,0,0,0,0,0,0,0,1,1,0,1
41561213,스타렉스,그랜드 스타렉스,50,750,167881,2497,5,10,5,0,1,1,1,0,0,0,1,0,1,1,0,0,0,0,0,0,0,0,1,0,0,0,0,1,0,1,1,0
41561379,쏘나타,쏘나타 뉴 라이즈,57,950,136355,1999,5,7,7,0,0,1,1,1,1,1,1,1,1,1,0,0,0,0,0,0,1,0,0,0,0,1,0,0,0,1,0,1
41561466,벨로스터,벨로스터 (JS),47,1470,127688,1998,4,7,0,0,1,1,1,1,1,1,1,1,1,1,0,0,0,0,0,0,1,0,0,0,0,0,0,0,1,0,0,1
41561548,캐스퍼,캐스퍼,88,1590,20285,998,4,2,1,0,0,1,1,0,1,1,1,1,1,1,0,0,0,0,0,0,1,0,0,0,0,1,0,0,0,1,0,1
41561762,아반떼,아반떼 AD,62,570,134359,1582,5,10,18,1,0,1,1,1,1,1,1,0,1,1,0,0,0,0,0,0,0,0,1,0,0,1,0,0,0,1,0,1
41561774,쏘나타,LF 쏘나타,57,710,140609,1685,5,10,8,0,0,1,1,1,1,1,1,0,1,1,0,0,0,0,0,0,0,0,1,0,0,1,0,0,0,1,0,1
41561987,제네시스,제네시스,81,550,161968,3342,5,14,6,0,0,1,1,1,1,0,1,0,1,1,0,0,0,0,0,0,1,0,0,0,0,0,0,1,0,1,0,1
41562941,코나,코나,91,1058,163524,1591,5,9,1,0,0,1,1,0,1,1,1,0,1,1,0,0,0,0,0,0,1,0,0,0,0,0,0,0,1,1,1,0
41562988,코나,코나,91,1098,149839,1582,5,7,3,0,1,1,1,1,1,1,1,1,1,1,0,0,0,0,0,0,0,0,1,0,0,0,0,0,1,1,1,0
41562994,제네시스,제네시스,81,490,147424,3342,5,14,6,1,0,1,1,1,1,1,1,0,1,1,0,0,0,0,0,0,1,0,0,0,0,0,0,1,0,1,0,1
41563385,아반떼,아반떼 (CN7),62,1490,70343,1598,5,6,2,0,0,1,1,1,1,1,1,1,1,1,0,0,0,0,0,0,1,0,0,0,0,0,0,0,1,1,0,1
41563489,투싼,올 뉴 투싼,101,1370,61441,1685,5,9,0,0,0,1,1,1,1,1,1,0,1,1,0,0,0,0,0,0,0,0,1,0,0,0,0,1,0,1,1,0
41563930,투싼,올 뉴 투싼,101,820,190683,1685,5,9,6,0,0,1,1,0,1,1,1,0,1,1,0,0,0,0,0,0,0,0,1,0,0,1,0,0,0,1,1,0
41564006,베뉴,베뉴,45,1080,75103,1598,5,7,12,0,0,1,1,1,1,1,1,0,1,1,0,0,0,0,0,0,1,0,0,0,0,0,0,0,1,1,1,0
41564032,캐스퍼,캐스퍼,88,1660,43922,998,4,4,0,1,0,1,1,1,1,1,1,1,1,1,0,0,0,0,0,0,1,0,0,0,0,1,0,0,0,1,0,1
41564142,쏘나타,LF 쏘나타,57,970,112916,1999,5,12,9,1,1,1,1,1,1,1,1,0,1,1,0,0,0,0,0,0,1,0,0,0,0,1,0,0,0,1,0,1
41564411,쏘나타,쏘나타 더 브릴리언트,57,450,161053,1999,5,13,19,1,0,1,1,1,1,1,1,0,1,1,0,0,0,0,0,0,1,0,0,0,0,1,0,0,0,1,0,1
41564627,아반떼,아반떼 AD,62,950,78000,1591,5,10,2,0,0,1,1,0,1,1,1,0,1,1,0,0,0,0,0,0,1,0,0,0,0,1,0,0,0,1,0,1
41565355,엑센트,엑센트(신형),74,530,121249,1399,5,13,2,0,0,1,1,0,0,1,1,0,1,1,0,0,0,0,0,0,1,0,0,0,0,0,0,1,0,1,0,1
41565380,싼타페,싼타페 더 프라임,56,1680,77671,1995,7,9,7,0,1,1,1,1,1,1,1,1,1,1,0,0,0,0,0,0,0,0,1,0,0,0,0,0,1,1,1,0
41565987,투싼,투싼,101,339,115730,1991,5,17,2,1,0,1,0,1,0,0,1,0,1,1,0,0,0,0,0,0,0,0,1,0,0,0,1,0,0,1,1,0
41566091,아반떼,아반떼 AD,62,1100,109746,1591,5,9,5,1,0,1,1,1,1,1,1,1,1,1,0,0,0,0,0,0,1,0,0,0,0,1,0,0,0,1,0,1
41566277,싼타페,싼타페 더 프라임,56,1429,147209,2199,5,10,1,1,1,1,1,1,1,1,1,1,1,1,0,0,0,0,0,0,0,0,1,0,0,0,0,1,0,1,1,0
41566355,아반떼,아반떼 (CN7),62,1550,106092,1598,5,6,11,0,1,1,1,1,1,1,1,1,1,1,0,0,0,0,0,0,1,0,0,0,0,0,1,0,0,1,0,1
41566439,싼타페,싼타페 더 프라임,56,1570,140083,2199,5,9,3,1,1,1,1,1,1,1,1,1,1,1,0,0,0,0,0,0,0,0,1,0,0,0,1,0,0,1,1,0
41566788,그랜저,그랜저 HG,27,750,169475,2199,5,11,3,0,1,1,1,1,1,1,1,1,1,1,0,0,0,0,0,0,0,0,1,0,0,1,0,0,0,1,0,1
41567107,코나,코나 일렉트릭,91,1450,156206,180,5,8,0,0,0,1,1,1,1,1,1,0,1,1,0,0,0,0,0,0,0,0,0,1,0,1,0,0,0,1,1,0
41567253,i30,i30 (PD),24,1050,99778,1591,5,8,7,0,0,1,1,1,1,1,1,0,1,1,0,0,0,0,0,0,1,0,0,0,0,0,0,0,1,1,0,1
41567360,제네시스,제네시스,81,460,92344,3342,5,17,6,1,0,1,1,1,1,1,1,0,1,1,0,0,0,0,0,0,1,0,0,0,0,0,0,1,0,1,0,1
41567418,쏘나타,LF 쏘나타,57,990,140620,1999,5,10,1,0,0,1,1,0,1,1,1,0,1,1,0,0,0,0,0,0,1,0,0,0,0,0,0,1,0,1,0,1
41567883,투싼,투싼,101,300,142741,1991,5,20,13,0,0,1,0,1,0,0,1,0,1,1,0,0,0,0,0,0,0,0,1,0,0,1,0,0,0,1,1,0
41567937,투싼,올 뉴 투싼,101,920,177344,1685,5,11,3,0,0,1,1,0,1,1,1,0,1,1,0,0,0,0,0,0,0,0,1,0,0,1,0,0,0,1,1,0
41568216,스타렉스,그랜드 스타렉스,50,550,187325,2497,11,15,2,0,0,1,1,0,0,1,1,0,1,1,0,0,0,0,0,0,0,0,1,0,0,1,0,0,0,1,1,0
41568468,싼타페,싼타페 더 프라임,56,1380,96910,1995,5,9,4,0,1,1,1,1,1,1,1,1,1,1,0,0,0,0,0,0,0,0,1,0,0,0,0,0,1,1,1,0
41568515,스타렉스,그랜드 스타렉스,50,1440,53013,2497,5,9,8,0,0,1,1,0,0,0,0,0,0,1,0,0,0,0,0,0,0,0,1,0,0,0,0,0,1,1,1,0
41568647,그랜저,그랜저 HG,27,649,153165,2199,5,11,9,0,1,1,1,1,1,1,1,1,1,1,0,0,0,0,0,0,0,0,1,0,0,0,1,0,0,1,0,1
41568668,그랜저,더 뉴 그랜저 IG,27,1520,154561,2999,5,6,10,0,1,1,1,1,1,1,0,0,1,1,0,0,0,0,0,1,0,0,0,0,0,1,0,0,0,1,0,1
41568683,그랜저,그랜저 HG,27,470,153746,2359,5,13,6,0,0,1,1,1,1,1,1,0,1,1,0,0,0,0,0,0,1,0,0,0,0,0,1,0,0,1,0,1
41568711,아반떼,더 뉴 아반떼,62,660,84013,1591,5,12,3,0,0,1,0,1,1,0,1,0,1,1,0,0,0,0,0,0,1,0,0,0,0,1,0,0,0,1,0,1
41568713,엑센트,엑센트(신형),74,439,114891,1591,5,14,0,0,0,1,1,1,1,1,1,0,1,1,0,0,0,0,0,0,1,0,0,0,0,1,0,0,0,1,0,1
41568718,아슬란,아슬란,64,1050,90118,3342,5,11,2,0,1,1,1,1,1,1,1,1,1,1,0,0,0,0,0,0,1,0,0,0,0,0,1,0,0,1,0,1
41569035,아반떼,아반떼 (CN7),62,1599,99635,1598,5,4,13,0,0,1,1,1,1,1,1,1,1,1,0,0,0,0,0,0,1,0,0,0,0,0,0,1,0,1,0,1
41569090,아반떼,아반떼 MD,62,530,93129,1591,5,13,1,0,0,1,1,1,0,1,1,0,1,1,0,0,0,0,0,0,1,0,0,0,0,0,0,1,0,1,0,1
41569130,그랜저,그랜저 HG,27,619,80720,2359,5,13,2,1,0,1,1,1,1,1,1,0,1,1,0,0,0,0,0,0,1,0,0,0,0,1,0,0,0,1,0,1
41569140,스타렉스,그랜드 스타렉스,50,370,242438,2497,5,15,14,0,0,1,1,0,0,1,1,0,1,1,0,0,0,0,0,0,0,0,1,0,0,0,0,1,0,1,1,0
41569355,스타렉스,그랜드 스타렉스,50,750,176771,2497,12,11,10,0,0,1,1,1,0,1,1,1,1,1,0,0,0,0,0,0,0,0,1,0,0,1,0,0,0,1,1,0
41569408,아반떼,아반떼 AD,62,1250,40572,1591,5,10,1,0,0,1,1,1,1,1,1,0,1,1,0,0,0,0,0,0,1,0,0,0,0,1,0,0,0,1,0,1
41569520,스타렉스,그랜드 스타렉스,50,860,97358,2497,11,14,9,1,0,1,1,1,0,1,1,1,1,1,0,0,0,0,0,0,0,0,1,0,0,0,0,1,0,1,1,0
41569596,싼타페,싼타페 더 프라임,56,1600,52380,1995,5,10,1,0,0,1,1,1,1,1,1,0,1,1,0,0,0,0,0,0,0,0,1,0,0,1,0,0,0,1,1,0
41569616,i30,i30 (PD),24,1330,48179,1353,5,9,0,0,1,1,1,1,1,1,1,1,1,1,0,0,0,0,0,0,1,0,0,0,0,0,0,0,1,1,0,1
41569840,쏘나타,YF 쏘나타,57,369,148487,1999,5,15,29,0,0,1,1,0,1,1,1,1,1,1,0,0,0,0,0,1,0,0,0,0,0,0,1,0,0,1,0,1
41569956,싼타페,싼타페 더 프라임,56,1380,108819,1995,5,11,2,0,1,1,1,1,1,1,1,1,1,1,0,0,0,0,0,0,0,0,1,0,0,0,1,0,0,1,1,0
41569959,아반떼,아반떼 AD,62,830,93529,1591,5,9,14,0,0,1,1,0,1,1,1,0,1,1,0,0,0,0,0,0,1,0,0,0,0,1,0,0,0,1,0,1
41569990,그랜저,그랜저 HG,27,770,104860,2359,5,12,11,1,1,1,1,1,1,1,1,0,1,1,0,0,0,0,0,0,1,0,0,0,0,0,1,0,0,1,0,1
41570230,아반떼,아반떼 MD,62,440,145786,1591,5,15,3,0,0,1,0,1,1,0,1,0,1,1,0,0,0,0,0,0,1,0,0,0,0,0,0,1,0,1,0,1
41570291,아반떼,아반떼 AD,62,820,135866,1591,5,9,19,0,1,1,1,0,1,0,1,0,1,1,0,0,0,0,0,0,1,0,0,0,0,1,0,0,0,1,0,1
41570368,제네시스 쿠페,제네시스 쿠페,82,499,160034,1998,4,17,2,1,1,1,1,1,1,1,1,0,1,1,0,0,0,0,0,0,1,0,0,0,0,0,1,0,0,1,0,1
41570371,스타렉스,더 뉴 그랜드 스타렉스,50,890,265201,2497,3,8,1,0,0,1,1,0,0,1,1,1,1,1,0,0,0,0,0,0,0,0,1,0,0,0,0,1,0,1,1,0
41570454,아반떼,더 뉴 아반떼 AD,62,758,183895,1591,5,7,6,0,0,1,0,0,1,0,1,0,1,1,0,0,0,0,0,1,0,0,0,0,0,0,0,1,0,1,0,1
41570462,그랜저,그랜저 IG,27,1380,120709,2999,5,9,7,0,0,1,1,1,1,1,1,1,1,1,0,0,0,0,0,0,1,0,0,0,0,0,1,0,0,1,0,1
41570474,코나,코나,91,1059,136771,1582,5,8,7,0,1,1,1,0,1,1,1,1,1,1,0,0,0,0,0,0,0,0,1,0,0,0,0,1,0,1,1,0
41570566,에쿠스,에쿠스(신형),73,1095,160239,3778,5,12,2,1,1,1,1,1,1,1,1,1,1,1,0,0,0,0,0,0,1,0,0,0,0,0,1,0,0,1,0,1
41570582,그랜저,그랜저 IG 하이브리드,27,1680,107574,2359,5,9,1,0,1,1,1,1,1,1,1,1,1,1,0,0,0,0,0,0,0,1,0,0,0,0,0,0,1,1,0,1
41570748,투싼,투싼 ix,101,530,141421,1995,5,14,2,0,0,1,0,1,1,0,1,0,1,1,0,0,0,0,0,0,0,0,1,0,0,0,0,1,0,1,1,0
41571006,쏘나타,쏘나타 뉴 라이즈,57,1460,95034,1999,5,9,9,1,1,1,1,1,1,1,1,1,1,1,0,0,0,0,0,0,1,0,0,0,0,1,0,0,0,1,0,1
41571398,아반떼,아반떼 AD,62,999,103816,1591,5,10,13,0,0,1,1,1,1,1,1,0,1,1,0,0,0,0,0,0,1,0,0,0,0,0,0,0,1,1,0,1
41571454,쏘나타,LF 쏘나타,57,990,125678,1999,5,10,6,0,0,1,1,1,1,1,1,0,1,1,0,0,0,0,0,1,0,0,0,0,0,1,0,0,0,1,0,1
41571488,제네시스,제네시스 DH,81,1390,88567,3342,5,11,14,0,1,1,1,1,1,1,1,1,1,1,0,0,0,0,0,0,1,0,0,0,0,0,1,0,0,1,0,1
41572048,맥스크루즈,맥스크루즈,41,920,161121,2199,7,11,6,0,0,1,1,1,1,1,1,1,1,1,0,0,0,0,0,0,0,0,1,0,0,0,0,0,1,1,1,0
41572053,그랜저,그랜저 HG,27,700,95140,2359,5,13,2,1,0,1,1,1,1,1,1,0,1,1,0,0,0,0,0,0,1,0,0,0,0,0,1,0,0,1,0,1
41572566,캐스퍼,캐스퍼,88,1270,143466,998,4,4,4,1,0,1,1,1,1,1,1,1,1,1,0,0,0,0,0,0,1,0,0,0,0,0,0,1,0,1,0,1
41572659,벨로스터,벨로스터 (JS),47,1290,98976,1591,4,8,0,0,0,1,1,1,1,1,1,0,1,1,0,0,0,0,0,0,1,0,0,0,0,0,0,1,0,1,0,1
41572681,쏘나타,쏘나타 하이브리드 (DN8),57,1550,157305,1999,5,6,0,0,1,1,1,1,1,1,1,1,1,1,0,0,0,0,0,0,0,1,0,0,0,0,1,0,0,1,0,1
41573366,싼타페,싼타페 DM,56,1050,104788,1995,5,11,7,0,0,1,1,1,1,1,1,1,1,1,0,0,0,0,0,0,0,0,1,0,0,1,0,0,0,1,1,0
41573437,코나,코나,91,1590,70084,1591,5,7,2,0,0,1,1,1,1,1,1,1,1,1,0,0,0,0,0,0,1,0,0,0,0,1,0,0,0,1,1,0
41573452,스타렉스,그랜드 스타렉스,50,749,178498,2497,5,10,3,0,0,1,0,0,0,0,1,0,1,1,0,0,0,0,0,0,0,0,1,0,0,0,0,1,0,1,1,0
41573526,그랜저,그랜저 HG,27,850,29804,2359,5,12,5,0,0,1,1,1,1,1,1,0,1,1,0,0,0,0,0,0,1,0,0,0,0,0,1,0,0,1,0,1
41573527,쏘나타,쏘나타 (DN8),57,1490,82872,1999,5,5,2,0,0,1,1,0,1,0,1,1,1,1,0,0,0,0,0,1,0,0,0,0,0,0,0,1,0,1,0,1
41573691,제네시스,제네시스 DH,81,1190,52652,3342,5,11,18,0,1,1,1,1,1,1,1,1,1,1,0,0,0,0,0,0,1,0,0,0,0,0,0,1,0,1,0,1
41573855,그랜저,그랜저 HG,27,390,277270,2999,5,14,6,0,1,1,1,1,1,1,1,1,1,1,0,0,0,0,0,1,0,0,0,0,0,0,0,0,1,1,0,1
41573883,스타렉스,그랜드 스타렉스,50,1555,167945,2497,12,9,8,0,0,1,1,0,0,1,1,0,1,1,0,0,0,0,0,0,0,0,1,0,0,0,0,1,0,1,1,0
41574110,그랜저,그랜저 IG,27,1690,81590,2359,5,7,2,0,0,1,1,1,1,1,1,1,1,1,0,0,0,0,0,0,1,0,0,0,0,0,1,0,0,1,0,1
41574173,그랜저,그랜저 HG,27,630,77063,2359,5,14,3,0,0,1,1,1,1,1,1,0,1,1,0,0,0,0,0,0,1,0,0,0,0,0,0,1,0,1,0,1
41574469,싼타페,싼타페 DM,56,820,169747,1995,5,14,5,1,1,1,1,1,1,1,1,1,1,1,0,0,0,0,0,0,0,0,1,0,0,0,0,1,0,1,1,0
41574523,싼타페,싼타페 더 프라임,56,1550,109625,1995,7,11,0,1,1,1,1,1,1,1,1,1,1,1,0,0,0,0,0,0,0,0,1,0,0,0,0,1,0,1,1,0
41574606,스타렉스,그랜드 스타렉스,50,550,208285,2359,12,16,11,0,0,0,1,0,0,1,1,0,1,1,0,0,0,0,0,1,0,0,0,0,0,0,0,1,0,1,1,0
41574841,싼타페,싼타페 TM,56,1550,177128,1995,5,8,0,0,1,1,1,1,1,1,1,1,1,1,0,0,0,0,0,0,0,0,1,0,0,1,0,0,0,1,1,0
41575087,쏘나타,쏘나타 뉴 라이즈,57,1050,125900,1685,5,9,6,0,0,1,1,1,1,1,1,0,1,1,0,0,0,0,0,0,0,0,1,0,0,0,0,1,0,1,0,1
41575161,그랜저,그랜저 HG,27,990,107620,2199,5,12,4,1,1,1,1,1,1,1,1,1,1,1,0,0,0,0,0,0,0,0,1,0,0,0,1,0,0,1,0,1
41575194,제네시스,제네시스 DH,81,1000,112411,3342,5,12,6,0,1,1,1,1,1,1,1,1,1,1,0,0,0,0,0,0,1,0,0,0,0,0,0,1,0,1,0,1
41575226,스타렉스,그랜드 스타렉스,50,1230,87879,2359,5,10,8,0,0,1,1,0,0,1,1,0,1,1,0,0,0,0,0,1,0,0,0,0,0,0,1,0,0,1,1,0
41575540,싼타페,싼타페 CM,56,390,132740,1991,7,17,14,1,0,1,1,1,0,0,1,0,1,1,0,0,0,0,0,0,0,0,1,0,0,1,0,0,0,1,1,0
41575699,에쿠스,에쿠스(신형),73,515,275236,3778,5,12,12,0,1,1,1,1,1,1,1,1,1,1,0,0,0,0,0,0,1,0,0,0,0,0,1,0,0,1,0,1
41575725,그랜저,그랜저 HG,27,720,151100,2999,5,13,9,1,1,1,1,1,1,1,1,1,1,1,0,0,0,0,0,0,1,0,0,0,0,0,1,0,0,1,0,1
41575962,투싼,올 뉴 투싼,101,1320,108141,1995,5,10,2,0,0,1,1,0,1,1,1,0,1,1,0,0,0,0,0,0,0,0,1,0,0,1,0,0,0,1,1,0
41576070,그랜저,그랜저 HG,27,550,239954,2199,5,12,5,1,1,1,1,1,1,1,1,1,1,1,0,0,0,0,0,0,0,0,1,0,0,1,0,0,0,1,0,1
41576245,넥쏘,넥쏘,28,1450,111787,0,5,7,6,1,1,1,1,1,1,1,1,1,1,1,0,0,0,0,0,0,0,0,0,0,1,0,0,1,0,1,1,0
41576250,베라크루즈,베라크루즈,46,478,184813,2959,7,17,1,1,1,1,0,1,1,0,1,0,1,1,0,0,0,0,0,0,0,0,1,0,0,0,1,0,0,1,1,0
41576296,싼타페,싼타페 더 프라임,56,1199,164195,1995,5,10,1,1,1,1,1,1,1,1,1,0,1,1,0,0,0,0,0,0,0,0,1,0,0,1,0,0,0,1,1,0
41576341,그랜저,그랜저 HG,27,390,178663,2359,5,13,2,0,0,0,0,0,0,0,0,0,0,1,0,0,0,0,0,0,1,0,0,0,0,0,0,1,0,1,0,1
41576539,코나,코나,91,1490,61879,1591,5,9,1,1,1,1,1,0,1,1,1,0,1,1,0,0,0,0,0,0,1,0,0,0,0,1,0,0,0,1,1,0
41576546,그랜저,그랜저 HG,27,490,257546,2199,5,12,8,0,1,1,1,1,1,1,1,1,1,1,0,0,0,0,0,0,0,0,1,0,0,0,0,1,0,1,0,1
41576660,제네시스,제네시스,81,550,154062,3342,5,15,17,0,1,1,1,1,1,1,1,1,1,1,0,0,0,0,0,0,1,0,0,0,0,0,0,1,0,1,0,1
41576761,싼타페,싼타페 DM,56,890,149761,1995,5,13,3,1,0,1,1,1,1,0,1,1,1,1,0,0,0,0,0,0,0,0,1,0,0,1,0,0,0,1,1,0
41577048,그랜저,그랜저 HG,27,579,179466,2359,5,11,2,0,0,1,1,1,1,1,1,0,1,1,0,0,0,0,0,0,1,0,0,0,0,0,1,0,0,1,0,1
41577352,스타렉스,그랜드 스타렉스,50,1050,89000,2500,12,9,0,0,0,1,0,1,0,0,1,1,1,1,0,0,0,0,0,0,0,0,1,0,0,0,0,0,1,1,1,0
41577436,싼타페,싼타페 더 프라임,56,1490,102915,1995,5,10,5,0,1,1,1,1,1,1,1,1,1,1,0,0,0,0,0,0,0,0,1,0,0,1,0,0,0,1,1,0
41577476,제네시스,제네시스 DH,81,1290,114536,3342,5,10,7,0,1,1,1,1,1,1,1,1,1,1,0,0,0,0,0,0,1,0,0,0,0,0,1,0,0,1,0,1
41577564,제네시스,제네시스,81,420,175882,3342,5,15,6,0,1,1,1,1,1,1,1,0,1,1,0,0,0,0,0,0,1,0,0,0,0,0,0,1,0,1,0,1
41578223,싼타페,싼타페 TM,56,1659,161359,2199,7,8,3,0,0,1,1,1,1,1,1,1,1,1,0,0,0,0,0,0,0,0,1,0,0,1,0,0,0,1,1,0
41578388,투싼,올 뉴 투싼,101,1250,112131,1995,5,8,10,0,0,1,1,0,1,1,1,0,1,1,0,0,0,0,0,0,0,0,1,0,0,1,0,0,0,1,1,0
41578564,아반떼,더 뉴 아반떼 AD,62,1299,54529,1598,5,8,5,0,0,1,1,1,1,1,1,0,0,1,0,0,0,0,0,0,1,0,0,0,0,0,0,1,0,1,0,1
41579179,i30,i30,24,490,74661,1591,5,15,3,0,0,1,1,1,0,0,1,0,0,1,0,0,0,0,0,0,1,0,0,0,0,0,0,1,0,1,0,1
41579246,캐스퍼,캐스퍼,88,1620,25687,998,4,2,3,0,0,1,1,1,1,1,1,1,1,1,0,0,0,0,0,0,1,0,0,0,0,0,0,1,0,1,0,1
41580248,코나,코나,91,1550,105100,1591,5,9,2,0,1,1,1,1,1,1,1,1,1,1,0,0,0,0,0,0,1,0,0,0,0,0,0,0,1,1,1,0
41580681,아반떼,아반떼 AD,62,1060,74922,1591,5,9,4,0,0,1,1,0,1,1,1,0,1,1,0,0,0,0,0,0,1,0,0,0,0,0,0,1,0,1,0,1
41580697,스타렉스,그랜드 스타렉스,50,470,120000,2497,5,16,2,0,0,1,0,0,0,0,0,0,1,1,0,0,0,0,0,0,0,0,1,0,0,0,1,0,0,1,1,0
41580990,쏘나타,쏘나타 더 브릴리언트,57,449,191700,1999,5,13,2,0,1,1,1,0,1,1,1,0,1,1,0,0,0,0,0,1,0,0,0,0,0,1,0,0,0,1,0,1
41581403,싼타페,싼타페 더 프라임,56,1180,149000,1995,5,10,0,0,0,1,1,1,1,1,1,1,1,1,0,0,0,0,0,0,0,0,1,0,0,1,0,0,0,1,1,0
41581626,싼타페,싼타페 더 프라임,56,900,240320,1995,5,11,4,0,1,1,1,1,1,0,1,1,1,1,0,0,0,0,0,0,0,0,1,0,0,0,0,1,0,1,1,0
41582852,아반떼,아반떼 MD,62,495,159322,1591,5,14,5,1,0,1,1,1,1,1,1,0,1,1,0,0,0,0,0,0,1,0,0,0,0,1,0,0,0,1,0,1
41583068,아반떼,더 뉴 아반떼,62,720,118773,1591,5,13,3,0,0,1,1,1,0,1,1,0,1,1,0,0,0,0,0,0,1,0,0,0,0,1,0,0,0,1,0,1
41583156,아반떼,아반떼 AD,62,999,100826,1591,5,10,2,0,0,0,0,0,0,0,0,0,0,1,0,0,0,0,0,0,1,0,0,0,0,1,0,0,0,1,0,1
41583254,그랜저,그랜저 IG,27,920,214839,2359,5,9,14,0,1,1,1,1,1,1,1,1,1,1,0,0,0,0,0,0,1,0,0,0,0,0,1,0,0,1,0,1
41583286,아반떼,더 뉴 아반떼 AD,62,1350,76890,1598,5,7,7,1,1,1,1,1,1,1,1,1,1,1,0,0,0,0,0,0,1,0,0,0,0,0,1,0,0,1,0,1
41583308,쏘나타,LF 쏘나타 하이브리드,57,1370,76374,1999,5,11,4,0,0,1,1,1,1,1,1,1,1,1,0,0,0,0,0,0,0,1,0,0,0,1,0,0,0,1,0,1
41583349,투싼,투싼 ix,101,670,70472,1995,5,15,2,1,0,1,1,1,1,1,1,0,1,1,0,0,0,0,0,0,0,0,1,0,0,1,0,0,0,1,1,0
41583367,아이오닉,더 뉴 아이오닉 하이브리드,65,1099,248568,1580,5,6,0,0,1,1,1,1,1,1,1,1,1,1,0,0,0,0,0,0,0,1,0,0,0,1,0,0,0,1,0,1
41583379,아이오닉,아이오닉 일렉트릭,65,1200,125735,78,5,9,2,0,1,1,1,1,1,1,1,1,1,1,0,0,0,0,0,0,0,0,0,1,0,0,0,0,1,1,0,1
41583393,투싼,투싼 ix,101,730,98235,1995,5,13,0,0,0,1,1,1,1,1,1,0,1,1,0,0,0,0,0,0,0,0,1,0,0,1,0,0,0,1,1,0
41583412,쏘나타,LF 쏘나타,57,650,227740,1999,5,10,1,0,0,1,1,0,0,1,0,0,1,1,0,0,0,0,0,1,0,0,0,0,0,1,0,0,0,1,0,1
41583566,아반떼,아반떼 AD,62,1259,63426,1591,5,10,11,1,1,1,1,1,1,1,1,1,1,1,0,0,0,0,0,0,1,0,0,0,0,0,0,1,0,1,0,1
41583749,아반떼,아반떼 AD,62,999,101595,1591,5,10,0,0,1,1,1,1,1,1,1,0,1,1,0,0,0,0,0,0,1,0,0,0,0,0,0,1,0,1,0,1
41583874,베라크루즈,베라크루즈,46,790,242098,2959,7,14,4,0,1,1,1,1,1,1,1,1,1,1,0,0,0,0,0,0,0,0,1,0,0,1,0,0,0,1,1,0
41583916,아반떼,더 뉴 아반떼 AD,62,1390,87212,1598,5,6,1,0,0,1,1,1,1,1,1,0,1,1,0,0,0,0,0,0,1,0,0,0,0,1,0,0,0,1,0,1
41584081,그랜저,그랜저 HG,27,730,138023,2999,5,10,19,0,0,1,1,1,1,1,1,1,1,1,0,0,0,0,0,0,1,0,0,0,0,0,1,0,0,1,0,1
41584548,코나,코나,91,1500,70724,1591,5,8,4,0,1,1,1,1,1,0,1,1,1,1,0,0,0,0,0,0,1,0,0,0,0,1,0,0,0,1,1,0
41584590,싼타페,싼타페 DM,56,850,155158,1995,5,12,1,0,0,1,1,1,1,1,1,1,1,1,0,0,0,0,0,0,0,0,1,0,0,1,0,0,0,1,1,0
41584629,캐스퍼,캐스퍼,88,1650,30618,998,4,3,8,0,0,1,1,1,1,1,1,1,1,1,0,0,0,0,0,0,1,0,0,0,0,0,0,0,1,1,0,1
41584639,아반떼,아반떼 MD,62,400,115162,1591,5,15,1,1,0,1,1,1,0,1,1,0,1,1,0,0,0,0,0,0,1,0,0,0,0,0,1,0,0,1,0,1
41584640,스타렉스,그랜드 스타렉스,50,780,163121,2497,12,12,9,0,0,1,0,0,0,0,1,0,1,1,0,0,0,0,0,0,0,0,1,0,0,0,0,1,0,1,1,0
41584692,제네시스,제네시스 DH,81,1549,44938,3342,5,11,1,0,1,1,1,1,1,1,1,1,1,1,0,0,0,0,0,0,1,0,0,0,0,0,0,1,0,1,0,1
41584724,쏘나타,YF 쏘나타,57,380,149770,1999,5,15,3,0,0,0,1,0,0,1,0,0,1,1,0,0,0,0,0,1,0,0,0,0,0,0,0,1,0,1,0,1
41584854,코나,코나,91,1520,70971,1591,5,9,2,0,1,1,1,1,1,1,1,1,1,1,0,0,0,0,0,0,1,0,0,0,0,1,0,0,0,1,1,0
41585099,아반떼,아반떼 AD,62,1080,94530,1591,5,8,9,0,0,1,1,0,1,1,1,0,1,1,0,0,0,0,0,0,1,0,0,0,0,1,0,0,0,1,0,1
41585425,그랜저,그랜저 IG,27,1350,65733,2359,5,8,13,0,0,1,1,1,1,1,1,1,1,1,0,0,0,0,0,0,1,0,0,0,0,0,0,1,0,1,0,1
41585528,그랜저,그랜저 HG,27,750,48934,2359,5,14,2,0,0,1,1,1,1,1,1,0,1,1,0,0,0,0,0,0,1,0,0,0,0,0,1,0,0,1,0,1
41585660,그랜저,그랜저 HG,27,450,204053,2999,5,15,12,0,1,1,1,1,1,1,1,1,1,1,0,0,0,0,0,0,1,0,0,0,0,0,1,0,0,1,0,1
41585712,아반떼,아반떼 AD,62,1290,68918,1591,5,8,2,0,0,1,1,0,1,1,1,0,1,1,0,0,0,0,0,0,1,0,0,0,0,1,0,0,0,1,0,1
41585716,제네시스,제네시스,81,595,164871,3778,5,13,5,1,1,1,1,1,1,1,1,1,1,1,0,0,0,0,0,0,1,0,0,0,0,0,1,0,0,1,0,1
41585794,아반떼,더 뉴 아반떼 AD,62,1270,24448,1598,5,7,11,0,0,1,1,1,1,1,1,0,1,1,0,0,0,0,0,0,1,0,0,0,0,1,0,0,0,1,0,1
41585849,투싼,올 뉴 투싼,101,1550,89800,1598,5,8,1,0,0,1,1,1,1,1,1,1,1,1,0,0,0,0,0,0,0,0,1,0,0,0,0,0,1,1,1,0
41585901,캐스퍼,캐스퍼,88,1590,30957,998,4,5,2,0,0,1,1,1,1,1,1,1,1,1,0,0,0,0,0,0,1,0,0,0,0,0,0,0,1,1,0,1
41586006,쏘나타,YF 쏘나타,57,465,129801,1998,5,14,5,0,0,1,1,1,1,1,1,0,1,1,0,0,0,0,0,0,1,0,0,0,0,1,0,0,0,1,0,1
41586097,그랜저,그랜저 HG 하이브리드,27,490,203935,2359,5,12,8,0,0,1,1,1,1,1,1,0,1,1,0,0,0,0,0,0,0,1,0,0,0,0,0,1,0,1,0,1
41586147,맥스크루즈,맥스크루즈,41,1250,95414,2199,6,12,5,0,1,1,1,1,1,1,1,1,1,1,0,0,0,0,0,0,0,0,1,0,0,0,0,1,0,1,1,0
41586217,아슬란,아슬란,64,749,172887,2999,5,11,2,1,1,1,1,1,1,1,1,1,1,1,0,0,0,0,0,0,1,0,0,0,0,1,0,0,0,1,0,1
41586664,아반떼,더 뉴 아반떼 AD,62,1133,125016,1598,5,8,11,0,1,1,1,1,1,1,1,1,1,1,0,0,0,0,0,0,1,0,0,0,0,1,0,0,0,1,0,1
41586873,제네시스,제네시스,81,690,117303,3342,5,15,2,0,1,1,1,1,1,1,1,1,1,1,0,0,0,0,0,0,1,0,0,0,0,0,1,0,0,1,0,1
41587003,아반떼,아반떼 AD,62,1040,95281,1591,5,10,4,0,0,1,1,1,1,1,1,0,1,1,0,0,0,0,0,0,1,0,0,0,0,1,0,0,0,1,0,1
41587016,쏘나타,쏘나타 뉴 라이즈,57,470,222910,1999,5,9,0,0,0,1,0,0,0,0,0,0,1,1,0,0,0,0,0,1,0,0,0,0,0,0,0,1,0,1,0,1
41587085,그랜저,그랜저 HG,27,680,110994,2359,5,12,5,0,0,1,1,1,1,1,1,0,1,1,0,0,0,0,0,0,1,0,0,0,0,0,0,1,0,1,0,1
41587192,코나,코나,91,1590,79835,1591,5,8,0,0,1,1,1,1,1,1,1,1,1,1,0,0,0,0,0,0,1,0,0,0,0,1,0,0,0,1,1,0
41587219,제네시스,제네시스 DH,81,1020,159249,3778,5,11,0,0,1,1,1,1,1,1,1,1,1,1,0,0,0,0,0,0,1,0,0,0,0,0,1,0,0,1,0,1
41587385,투싼,올 뉴 투싼,101,1150,151724,1995,5,10,13,0,0,1,1,1,1,1,1,0,1,1,0,0,0,0,0,0,0,0,1,0,0,0,0,1,0,1,1,0
41587457,아반떼,아반떼 AD,62,835,155391,1591,5,8,2,0,0,1,1,0,1,1,1,0,1,1,0,0,0,0,0,0,1,0,0,0,0,1,0,0,0,1,0,1
41587765,아이오닉,아이오닉 하이브리드,65,1290,85904,1580,5,10,2,0,0,1,1,1,1,1,1,1,1,1,0,0,0,0,0,0,0,1,0,0,0,1,0,0,0,1,0,1
41587976,스타렉스,그랜드 스타렉스,50,939,138748,2497,12,11,11,0,0,1,1,0,0,1,1,0,1,1,0,0,0,0,0,0,0,0,1,0,0,0,0,1,0,1,1,0
41588018,제네시스 쿠페,더 뉴 제네시스 쿠페,82,950,128553,1998,4,14,4,0,1,1,1,1,1,1,1,0,1,1,0,0,0,0,0,0,1,0,0,0,0,0,1,0,0,1,0,1
41588094,싼타페,싼타페 DM,56,950,178000,1995,7,12,2,0,1,1,1,1,1,1,1,1,1,1,0,0,0,0,0,0,0,0,1,0,0,0,1,0,0,1,1,0
41588163,그랜저,그랜저 HG,27,750,65782,2359,5,14,3,0,0,1,0,1,1,0,1,0,1,1,0,0,0,0,0,0,1,0,0,0,0,0,1,0,0,1,0,1
41588246,스타렉스,그랜드 스타렉스,50,1220,103108,2497,12,9,5,0,0,1,1,0,0,1,1,0,1,1,0,0,0,0,0,0,0,0,1,0,0,0,0,1,0,1,1,0
41588314,아반떼,아반떼 MD,62,259,155106,1591,5,15,10,0,0,1,0,1,0,0,1,0,1,1,0,0,0,0,0,0,1,0,0,0,0,0,1,0,0,1,0,1
41588448,엑센트,엑센트(신형),74,530,66315,1399,5,14,6,0,0,1,1,0,1,1,1,0,1,1,0,0,0,0,0,0,1,0,0,0,0,0,0,1,0,1,0,1
41588539,그랜저,그랜저 IG,27,1650,152599,3342,5,7,0,0,1,1,1,1,1,1,1,1,1,1,0,0,0,0,0,0,1,0,0,0,0,1,0,0,0,1,0,1
41588691,아반떼,더 뉴 아반떼,62,399,123492,1591,5,12,4,0,0,1,0,0,0,1,0,0,0,1,0,0,0,0,0,0,1,0,0,0,0,0,0,1,0,1,0,1
41589081,아반떼,아반떼 하이브리드 (CN7),62,1330,137758,1580,5,4,1,0,0,1,1,1,1,1,1,1,1,1,0,0,0,0,0,0,0,1,0,0,0,0,0,1,0,1,0,1
41589139,코나,코나,91,1480,49715,1591,5,9,4,0,0,1,1,0,1,1,1,0,1,1,0,0,0,0,0,0,1,0,0,0,0,0,0,1,0,1,1,0
41589270,제네시스 쿠페,제네시스 쿠페,82,725,176080,3778,4,17,12,1,1,1,0,1,1,1,1,0,1,1,0,0,0,0,0,0,1,0,0,0,0,0,0,1,0,1,0,1
41589275,스타렉스,그랜드 스타렉스,50,630,202807,2497,5,13,16,0,0,1,1,0,0,1,1,0,1,1,0,0,0,0,0,0,0,0,1,0,0,0,0,1,0,1,1,0
41589343,아반떼,아반떼 AD,62,1120,47071,1591,5,10,0,0,0,1,1,1,1,1,1,0,1,1,0,0,0,0,0,0,1,0,0,0,0,0,0,1,0,1,0,1
41589359,싼타페,싼타페 TM,56,1670,129729,1995,5,8,5,1,1,1,1,1,1,1,1,1,1,1,0,0,0,0,0,0,0,0,1,0,0,0,0,1,0,1,1,0
41589389,아반떼,더 뉴 아반떼 AD,62,1180,80934,1598,5,8,12,0,1,1,1,1,1,1,1,0,1,1,0,0,0,0,0,0,1,0,0,0,0,1,0,0,0,1,0,1
41589418,아반떼,아반떼 MD,62,379,181305,1591,5,16,11,1,1,1,1,1,1,1,1,0,1,1,0,0,0,0,0,0,1,0,0,0,0,1,0,0,0,1,0,1
41589604,에쿠스,에쿠스(신형),73,490,180883,3778,5,16,11,0,1,1,1,1,1,1,1,1,1,1,0,0,0,0,0,0,1,0,0,0,0,0,1,0,0,1,0,1
41589702,쏘나타,LF 쏘나타,57,399,219494,1999,5,11,5,0,0,1,0,0,0,0,0,0,1,1,0,0,0,0,0,1,0,0,0,0,0,0,0,1,0,1,0,1
41590621,캐스퍼,캐스퍼,88,1690,31703,998,4,5,3,1,1,1,1,1,1,1,1,1,1,1,0,0,0,0,0,0,1,0,0,0,0,0,0,0,1,1,0,1
41590751,아반떼,더 뉴 아반떼,62,630,126772,1591,5,12,8,0,0,1,1,1,1,1,1,0,1,1,0,0,0,0,0,0,1,0,0,0,0,1,0,0,0,1,0,1
41590966,넥쏘,넥쏘,28,1330,145037,0,5,8,1,1,1,1,1,1,1,1,1,1,1,1,0,0,0,0,0,0,0,0,0,0,1,1,0,0,0,1,1,0
41591050,그랜저,그랜저 HG,27,850,74998,2359,5,11,4,0,1,1,1,1,1,1,1,1,1,1,0,0,0,0,0,0,1,0,0,0,0,0,0,1,0,1,0,1
41591198,쏘나타,쏘나타 (DN8),57,1570,173628,1999,5,7,8,1,1,1,1,1,1,1,1,1,1,1,0,0,0,0,0,1,0,0,0,0,0,0,0,0,1,1,0,1
41591217,쏘나타,LF 쏘나타 하이브리드,57,1090,130003,1999,5,10,1,0,1,1,1,1,1,1,1,1,1,1,0,0,0,0,0,0,0,1,0,0,0,1,0,0,0,1,0,1
41591466,쏘나타,쏘나타 뉴 라이즈,57,1090,129919,1591,5,9,0,1,1,1,1,1,1,0,1,0,1,1,0,0,0,0,0,0,1,0,0,0,0,0,1,0,0,1,0,1
41591567,그랜저,그랜저 HG,27,1200,70681,2999,5,12,2,0,0,0,0,0,0,0,0,0,0,1,0,0,0,0,0,0,1,0,0,0,0,1,0,0,0,1,0,1
41592059,베라크루즈,베라크루즈,46,970,235573,2959,7,13,4,0,1,1,1,1,1,1,1,1,1,1,0,0,0,0,0,0,0,0,1,0,0,0,1,0,0,1,1,0
41592262,아반떼,아반떼 MD,62,590,88602,1591,5,14,1,0,0,1,1,1,0,1,1,0,1,1,0,0,0,0,0,0,1,0,0,0,0,0,1,0,0,1,0,1
41592327,투싼,올 뉴 투싼,101,1680,82812,1995,5,7,2,0,1,1,1,1,1,1,1,0,1,1,0,0,0,0,0,0,0,0,1,0,0,1,0,0,0,1,1,0
41592418,스타렉스,그랜드 스타렉스,50,995,167169,2497,5,10,2,0,0,0,0,0,0,0,0,0,0,1,0,0,0,0,0,0,0,0,1,0,0,0,0,1,0,1,1,0
41592445,투싼,올 뉴 투싼,101,1650,52776,1995,5,10,1,0,0,1,1,1,1,1,1,0,1,1,0,0,0,0,0,0,0,0,1,0,0,0,1,0,0,1,1,0
41592558,그랜저,그랜저 HG,27,550,121960,2359,5,15,7,1,0,1,1,1,1,1,1,0,1,1,0,0,0,0,0,0,1,0,0,0,0,0,1,0,0,1,0,1
41592735,스타렉스,그랜드 스타렉스,50,650,191614,2497,5,12,11,0,0,1,1,0,0,1,1,1,1,1,0,0,0,0,0,0,0,0,1,0,0,1,0,0,0,1,1,0
41592772,아반떼,아반떼 (CN7),62,1420,64449,1598,5,6,11,1,0,1,1,1,1,0,1,1,1,1,0,0,0,0,0,0,1,0,0,0,0,0,0,0,1,1,0,1
41592970,아이오닉,아이오닉 하이브리드,65,800,147793,1580,5,9,17,0,1,1,1,1,1,1,1,1,1,1,0,0,0,0,0,0,0,1,0,0,0,1,0,0,0,1,0,1
41592976,그랜저,그랜저 HG,27,720,148455,2359,5,11,10,1,1,1,1,1,1,1,1,1,1,1,0,0,0,0,0,0,1,0,0,0,0,1,0,0,0,1,0,1
41592986,아반떼,아반떼 AD,62,720,98885,1591,5,9,22,0,0,1,1,0,1,1,1,0,1,1,0,0,0,0,0,0,1,0,0,0,0,1,0,0,0,1,0,1
41593079,캐스퍼,캐스퍼,88,1470,53482,998,4,3,0,0,0,1,0,0,1,0,1,1,1,1,0,0,0,0,0,0,1,0,0,0,0,1,0,0,0,1,0,1
41593362,제네시스,제네시스,81,999,182066,3342,5,14,0,0,1,1,1,1,1,1,1,1,1,1,0,0,0,0,0,0,1,0,0,0,0,0,0,1,0,1,0,1
41593404,코나,코나 (SX2),91,39,41870,1598,5,3,1,0,1,1,1,1,1,1,1,1,1,1,0,0,0,0,0,0,1,0,0,0,0,0,0,1,0,1,1,0
41593421,베뉴,베뉴,45,1530,82047,1598,5,7,3,0,0,1,1,1,1,1,1,0,1,1,0,0,0,0,0,0,1,0,0,0,0,1,0,0,0,1,1,0
41593774,제네시스,제네시스,81,490,152268,3778,5,17,4,1,1,1,1,1,1,0,1,1,1,1,0,0,0,0,0,0,1,0,0,0,0,0,0,1,0,1,0,1
41593788,제네시스,제네시스 DH,81,790,231209,3778,5,11,9,0,1,1,1,1,1,1,1,1,1,1,0,0,0,0,0,0,1,0,0,0,0,0,1,0,0,1,0,1
41593823,그랜저,그랜저 IG,27,1590,109687,2359,5,8,1,1,0,1,1,1,1,1,1,1,1,1,0,0,0,0,0,0,1,0,0,0,0,1,0,0,0,1,0,1
41594084,쏘나타,쏘나타 (DN8),57,1650,68218,1999,5,5,8,1,1,1,1,1,1,1,1,1,1,1,0,0,0,0,0,1,0,0,0,0,0,0,1,0,0,1,0,1
41594248,아반떼,아반떼 AD,62,780,114980,1591,5,9,0,0,0,1,1,0,0,1,0,0,1,1,0,0,0,0,0,0,1,0,0,0,0,1,0,0,0,1,0,1
41594250,아반떼,아반떼 MD,62,360,110137,1591,5,13,20,0,0,1,1,1,0,1,1,0,1,1,0,0,0,0,0,0,1,0,0,0,0,0,0,1,0,1,0,1
41594282,투싼,올 뉴 투싼,101,1550,70696,1598,5,6,8,0,0,1,1,1,1,1,1,1,1,1,0,0,0,0,0,0,0,0,1,0,0,0,0,0,1,1,1,0
41594694,투싼,올 뉴 투싼,101,1130,76312,1685,5,9,2,0,0,1,1,0,1,1,1,0,1,1,0,0,0,0,0,0,0,0,1,0,0,1,0,0,0,1,1,0
41594787,엑센트,엑센트(신형),74,450,195395,1582,5,12,3,0,0,1,1,0,0,1,1,0,1,1,0,0,0,0,0,0,0,0,1,0,0,0,1,0,0,1,0,1
41594888,쏘나타,쏘나타 하이브리드 (DN8),57,1699,123814,1999,5,6,4,0,1,1,1,1,1,1,1,1,1,1,0,0,0,0,0,0,0,1,0,0,0,1,0,0,0,1,0,1
41594911,싼타페,싼타페 더 프라임,56,1050,202985,1995,5,9,2,0,1,1,1,1,1,1,1,1,1,1,0,0,0,0,0,0,0,0,1,0,0,0,0,1,0,1,1,0
41595131,아반떼,아반떼 MD,62,599,58374,1591,5,14,7,0,0,1,1,1,1,1,1,0,1,1,0,0,0,0,0,0,1,0,0,0,0,0,0,1,0,1,0,1
41595709,쏘나타,쏘나타 (DN8),57,1430,135010,1999,5,7,3,0,1,1,1,1,1,0,1,1,1,1,0,0,0,0,0,0,1,0,0,0,0,0,1,0,0,1,0,1
41595719,쏘나타,YF 쏘나타,57,430,144060,1998,5,16,4,0,0,1,1,1,1,1,1,0,1,1,0,0,0,0,0,0,1,0,0,0,0,0,0,1,0,1,0,1
41595767,스타렉스,그랜드 스타렉스,50,720,66771,2497,12,15,2,0,0,0,0,0,0,0,1,0,1,1,0,0,0,0,0,0,0,0,1,0,0,0,0,1,0,1,1,0
41595779,그랜저,그랜저 IG,27,1570,117778,3342,5,9,3,1,1,1,1,1,1,1,1,1,1,1,0,0,0,0,0,0,1,0,0,0,0,0,1,0,0,1,0,1
41595936,아반떼,더 뉴 아반떼,62,750,111648,1591,5,13,1,1,0,1,1,1,1,1,1,0,1,1,0,0,0,0,0,0,1,0,0,0,0,1,0,0,0,1,0,1
41596032,그랜저,그랜저 HG,27,490,206626,2999,5,15,3,1,1,1,1,1,1,1,1,1,1,1,0,0,0,0,0,0,1,0,0,0,0,0,1,0,0,1,0,1
41596162,쏘나타,쏘나타 더 브릴리언트,57,530,116355,1999,5,14,2,0,0,0,0,0,0,0,0,0,0,1,0,0,0,0,0,0,1,0,0,0,0,1,0,0,0,1,0,1
41596698,코나,코나,91,1620,96391,1591,5,7,2,1,1,1,1,1,1,1,1,1,1,1,0,0,0,0,0,0,1,0,0,0,0,0,1,0,0,1,1,0
41596970,제네시스,제네시스,81,779,77057,3342,5,13,2,1,0,1,1,1,1,1,1,0,1,1,0,0,0,0,0,0,1,0,0,0,0,0,0,1,0,1,0,1
41597077,아반떼,아반떼 MD,62,670,91100,1591,5,13,1,0,0,1,1,1,1,1,1,0,1,1,0,0,0,0,0,0,1,0,0,0,0,1,0,0,0,1,0,1
41597394,아반떼,더 뉴 아반떼 AD,62,1250,77287,1598,5,7,4,0,0,1,1,1,1,1,1,0,1,1,0,0,0,0,0,0,1,0,0,0,0,1,0,0,0,1,0,1
41597423,쏘나타,쏘나타 더 브릴리언트,57,449,144676,1999,5,14,11,1,0,1,1,1,1,1,1,0,1,1,0,0,0,0,0,0,1,0,0,0,0,1,0,0,0,1,0,1
41597459,아반떼,아반떼 MD,62,380,117468,1591,5,16,8,0,0,1,1,1,0,1,1,0,1,1,0,0,0,0,0,0,1,0,0,0,0,1,0,0,0,1,0,1
41597498,그랜저,그랜저 HG,27,369,197143,2359,5,15,1,1,0,1,1,1,1,1,1,0,1,1,0,0,0,0,0,0,1,0,0,0,0,0,1,0,0,1,0,1
41597656,i30,i30 (PD),24,850,177262,1591,5,9,0,0,1,1,1,1,1,1,1,0,1,1,0,0,0,0,0,0,1,0,0,0,0,0,0,0,1,1,0,1
41597799,제네시스 쿠페,더 뉴 제네시스 쿠페,82,1600,140573,3778,4,13,4,1,1,1,1,1,1,1,1,0,1,1,0,0,0,0,0,0,1,0,0,0,0,1,0,0,0,1,0,1
41598217,맥스크루즈,더 뉴 맥스크루즈,41,1570,104722,2199,7,9,2,0,0,1,1,1,1,1,1,1,1,1,0,0,0,0,0,0,0,0,1,0,0,0,0,0,1,1,1,0
41598233,투싼,올 뉴 투싼,101,1690,133457,1598,5,7,0,1,1,1,1,1,1,1,1,1,1,1,0,0,0,0,0,0,0,0,1,0,0,1,0,0,0,1,1,0
41598234,제네시스,제네시스,81,529,135215,3342,5,14,2,0,1,1,1,1,1,1,1,1,1,1,0,0,0,0,0,0,1,0,0,0,0,0,1,0,0,1,0,1
41598416,스타렉스,그랜드 스타렉스,50,1230,87813,2497,5,10,6,0,0,1,1,0,0,1,1,0,1,1,0,0,0,0,0,0,0,0,1,0,0,0,0,1,0,1,1,0
41598481,쏘나타,LF 쏘나타,57,920,126958,1999,5,10,8,0,0,1,1,1,1,1,1,0,1,1,0,0,0,0,0,0,1,0,0,0,0,0,1,0,0,1,0,1
41598490,투싼,올 뉴 투싼,101,1380,81985,1995,5,9,0,0,0,1,1,0,1,1,1,0,1,1,0,0,0,0,0,0,0,0,1,0,0,0,0,1,0,1,1,0
41598598,싼타페,싼타페 더 프라임,56,1380,120534,2199,5,11,7,1,1,1,1,1,1,1,1,1,1,1,0,0,0,0,0,0,0,0,1,0,0,0,1,0,0,1,1,0
41598977,투싼,올 뉴 투싼,101,1150,123180,1995,5,11,7,0,0,1,1,1,1,1,1,0,1,1,0,0,0,0,0,0,0,0,1,0,0,1,0,0,0,1,1,0
41599030,쏘나타,쏘나타 하이브리드,57,370,212200,1999,5,14,2,0,1,1,1,1,1,1,1,0,1,1,0,0,0,0,0,0,0,1,0,0,0,1,0,0,0,1,0,1
41599467,그랜저,그랜저 HG,27,469,167735,2359,5,13,0,1,0,1,1,1,1,1,1,0,1,1,0,0,0,0,0,0,1,0,0,0,0,0,1,0,0,1,0,1
41599571,제네시스,제네시스,81,370,190075,3342,5,15,2,0,0,1,1,1,1,1,1,0,1,1,0,0,0,0,0,0,1,0,0,0,0,0,0,1,0,1,0,1
41599594,그랜저,그랜저 HG,27,630,158623,2999,5,13,2,1,1,1,1,1,1,1,1,1,1,1,0,0,0,0,0,0,1,0,0,0,0,0,1,0,0,1,0,1
41599597,그랜저,그랜저 HG,27,419,197084,2999,5,15,13,1,1,1,1,1,1,1,1,1,1,1,0,0,0,0,0,0,1,0,0,0,0,0,0,0,1,1,0,1
41599677,맥스크루즈,더 뉴 맥스크루즈,41,1450,156161,2199,7,10,3,0,0,1,1,1,1,1,1,1,1,1,0,0,0,0,0,0,0,0,1,0,0,0,0,0,1,1,1,0
41599875,i30,i30(신형),24,570,96246,1591,5,14,2,1,1,1,1,1,1,1,1,0,1,1,0,0,0,0,0,0,1,0,0,0,0,1,0,0,0,1,0,1
41600110,아반떼,아반떼 MD,62,580,48162,1591,5,14,9,0,0,1,1,1,0,1,1,0,1,1,0,0,0,0,0,0,1,0,0,0,0,0,0,1,0,1,0,1
41600881,코나,코나,91,1599,89147,1591,5,7,1,0,1,1,1,1,1,1,1,1,1,1,0,0,0,0,0,0,1,0,0,0,0,1,0,0,0,1,1,0
41600918,아반떼,더 뉴 아반떼,62,749,83244,1591,5,12,5,0,0,1,1,1,1,1,1,1,1,1,0,0,0,0,0,0,1,0,0,0,0,0,0,1,0,1,0,1
41601012,투싼,올 뉴 투싼,101,1090,171169,1995,5,9,2,0,0,1,1,0,1,1,1,0,1,1,0,0,0,0,0,0,0,0,1,0,0,1,0,0,0,1,1,0
41601332,스타렉스,그랜드 스타렉스,50,720,115749,2497,12,16,2,0,0,1,0,0,0,0,1,0,1,1,0,0,0,0,0,0,0,0,1,0,0,0,0,1,0,1,1,0
41601653,그랜저,그랜저 HG,27,850,102594,2359,5,11,10,0,0,1,1,1,1,1,1,0,1,1,0,0,0,0,0,0,1,0,0,0,0,0,1,0,0,1,0,1
41601697,캐스퍼,캐스퍼,88,1599,35556,998,4,4,0,0,0,1,1,1,1,1,1,1,1,1,0,0,0,0,0,0,1,0,0,0,0,0,0,0,1,1,0,1
41601817,제네시스 쿠페,더 뉴 제네시스 쿠페,82,1245,131998,3778,4,14,2,1,1,1,1,1,1,0,1,0,1,1,0,0,0,0,0,0,1,0,0,0,0,0,0,1,0,1,0,1
41602173,스타렉스,그랜드 스타렉스,50,619,164257,2497,5,16,2,0,0,1,1,0,0,1,1,0,1,1,0,0,0,0,0,0,0,0,1,0,0,1,0,0,0,1,1,0
41602221,아반떼,더 뉴 아반떼,62,450,179028,1582,5,12,5,0,0,1,1,1,1,1,1,0,1,1,0,0,0,0,0,0,0,0,1,0,0,1,0,0,0,1,0,1
41602244,코나,코나,91,1499,77074,1591,5,7,3,1,1,1,1,1,1,1,1,1,1,1,0,0,0,0,0,0,1,0,0,0,0,0,0,1,0,1,1,0
41602280,아반떼,더 뉴 아반떼,62,690,54449,1591,5,12,7,0,0,1,1,1,0,1,1,0,1,1,0,0,0,0,0,0,1,0,0,0,0,1,0,0,0,1,0,1
41602328,제네시스,제네시스,81,550,161476,3342,5,14,1,0,0,1,1,1,1,1,1,0,1,1,0,0,0,0,0,0,1,0,0,0,0,0,0,1,0,1,0,1
41602492,그랜저,그랜저 HG,27,550,246419,2199,5,11,3,0,0,1,1,1,1,1,1,0,1,1,0,0,0,0,0,0,0,0,1,0,0,1,0,0,0,1,0,1
41602514,그랜저,그랜저 HG,27,450,207040,2199,5,12,19,0,1,1,1,1,1,1,1,1,1,1,0,0,0,0,0,0,0,0,1,0,0,0,1,0,0,1,0,1
41602615,그랜저,그랜저 HG,27,370,178526,2359,5,15,16,1,0,1,1,1,1,1,1,0,1,1,0,0,0,0,0,0,1,0,0,0,0,0,1,0,0,1,0,1
41602755,쏘나타,LF 쏘나타,57,790,219669,1999,5,9,2,0,0,1,1,1,1,1,1,1,1,1,0,0,0,0,0,0,1,0,0,0,0,0,1,0,0,1,0,1
41602787,그랜저,그랜저 IG,27,1699,111888,2999,5,8,8,0,1,1,1,1,1,1,1,1,1,1,0,0,0,0,0,0,1,0,0,0,0,0,0,1,0,1,0,1
41602829,코나,코나,91,1600,54624,1591,5,7,0,0,0,1,1,0,1,1,1,0,1,1,0,0,0,0,0,0,1,0,0,0,0,0,0,1,0,1,1,0
41602851,그랜저,그랜저 HG,27,950,153178,2999,5,10,4,0,1,1,1,1,1,1,1,1,1,1,0,0,0,0,0,0,1,0,0,0,0,0,1,0,0,1,0,1
41602904,싼타페,싼타페 DM,56,830,180638,2199,7,13,6,0,0,1,1,1,1,1,1,1,1,1,0,0,0,0,0,0,0,0,1,0,0,0,0,0,1,1,1,0
41602919,코나,코나,91,1250,138126,1591,5,8,1,0,0,1,1,0,1,1,1,1,1,1,0,0,0,0,0,0,1,0,0,0,0,0,0,1,0,1,1,0
41602934,아반떼,아반떼 (CN7),62,1690,136304,1598,5,5,2,0,1,1,1,1,1,1,1,1,1,1,0,0,0,0,0,0,1,0,0,0,0,1,0,0,0,1,0,1
41603031,스타렉스,더 뉴 그랜드 스타렉스,50,1450,147265,2497,5,7,1,0,0,1,1,0,0,1,1,1,1,1,0,0,0,0,0,0,0,0,1,0,0,1,0,0,0,1,1,0
41603213,투싼,올 뉴 투싼,101,970,163434,1685,5,10,3,0,0,1,1,0,1,1,1,1,1,1,0,0,0,0,0,0,0,0,1,0,0,1,0,0,0,1,1,0
41603269,아반떼,아반떼 AD,62,1250,80044,1591,5,8,4,0,0,1,1,0,1,1,1,0,1,1,0,0,0,0,0,0,1,0,0,0,0,1,0,0,0,1,0,1
41603529,그랜저,그랜저 IG,27,1060,169352,2359,5,8,11,0,0,1,1,1,1,1,1,1,1,1,0,0,0,0,0,0,1,0,0,0,0,0,1,0,0,1,0,1
41603561,쏘나타,LF 쏘나타 하이브리드,57,950,133938,1999,5,11,2,0,0,0,0,0,0,0,0,0,0,1,0,0,0,0,0,0,0,1,0,0,0,1,0,0,0,1,0,1
41603791,캐스퍼,캐스퍼,88,1199,110919,998,4,4,1,0,0,1,1,1,1,1,1,1,1,1,0,0,0,0,0,0,1,0,0,0,0,0,0,0,1,1,0,1
41604004,아이오닉,아이오닉 하이브리드,65,959,92106,1580,5,10,6,0,0,1,1,1,1,1,1,1,1,1,0,0,0,0,0,0,0,1,0,0,0,0,0,1,0,1,0,1
41604325,쏘나타,LF 쏘나타,57,1150,87421,1999,5,12,5,1,0,1,1,1,1,1,1,1,1,1,0,0,0,0,0,0,1,0,0,0,0,1,0,0,0,1,0,1
41604380,쏘나타,쏘나타 뉴 라이즈,57,1500,151704,1999,5,8,2,0,0,1,1,1,1,1,1,1,1,1,0,0,0,0,0,1,0,0,0,0,0,0,0,1,0,1,0,1
41604525,벨로스터,벨로스터 (JS),47,1350,69404,1591,4,7,13,0,1,1,1,1,1,1,1,1,1,1,0,0,0,0,0,0,1,0,0,0,0,0,0,1,0,1,0,1
41604541,제네시스,제네시스 DH,81,1180,89747,3342,5,10,10,0,1,1,1,1,1,1,1,1,1,1,0,0,0,0,0,0,1,0,0,0,0,0,1,0,0,1,0,1
41604611,그랜저,그랜저 IG,27,1040,177491,2999,5,9,9,0,1,1,1,1,1,1,1,1,1,1,0,0,0,0,0,0,1,0,0,0,0,0,0,1,0,1,0,1
41604632,그랜저,그랜저 IG,27,1350,129982,2359,5,7,6,0,0,1,1,1,1,1,1,1,1,1,0,0,0,0,0,0,1,0,0,0,0,0,0,1,0,1,0,1
41604692,쏘나타,LF 쏘나타,57,880,120497,1999,5,9,6,0,0,1,1,0,1,1,1,0,1,1,0,0,0,0,0,0,1,0,0,0,0,0,0,1,0,1,0,1
41604792,아반떼,아반떼 (CN7),62,1690,98655,1598,5,4,2,0,1,1,1,1,1,1,1,1,1,1,0,0,0,0,0,0,1,0,0,0,0,1,0,0,0,1,0,1
41604810,제네시스,제네시스,81,329,228323,3342,5,14,11,0,1,1,1,1,1,1,1,1,1,1,0,0,0,0,0,0,1,0,0,0,0,0,0,1,0,1,0,1
41604817,그랜저,그랜저 HG,27,630,135720,2359,5,12,8,0,1,1,1,1,1,1,1,0,1,1,0,0,0,0,0,0,1,0,0,0,0,0,1,0,0,1,0,1
41604861,그랜저,그랜저 HG,27,650,151718,2359,5,13,0,1,1,1,1,1,1,1,1,1,1,1,0,0,0,0,0,0,1,0,0,0,0,0,1,0,0,1,0,1
41604994,엑센트,엑센트(신형),74,680,70531,1368,5,10,1,0,0,1,1,0,1,1,1,0,1,1,0,0,0,0,0,0,1,0,0,0,0,0,0,0,1,1,0,1
41605033,아반떼,더 뉴 아반떼,62,850,102875,1591,5,12,0,1,1,1,1,1,1,1,1,0,1,1,0,0,0,0,0,0,1,0,0,0,0,0,1,0,0,1,0,1
41605035,제네시스,제네시스,81,680,111822,3342,5,15,5,1,1,1,1,1,1,1,1,1,1,1,0,0,0,0,0,0,1,0,0,0,0,0,0,1,0,1,0,1
41605054,캐스퍼,더 뉴 캐스퍼,88,624,3,998,4,1,2,0,0,1,1,1,1,1,1,1,1,1,0,0,0,0,0,0,1,0,0,0,0,1,0,0,0,1,0,1
41605060,i30,i30(신형),24,730,46766,1591,5,14,0,0,1,1,1,1,1,1,1,0,1,1,0,0,0,0,0,0,1,0,0,0,0,1,0,0,0,1,0,1
41605515,코나,코나,91,1279,77393,1582,5,9,6,1,0,1,1,0,1,1,1,0,1,1,0,0,0,0,0,0,0,0,1,0,0,1,0,0,0,1,1,0
41605661,캐스퍼,캐스퍼,88,1630,54224,998,4,5,3,0,0,1,1,1,1,1,1,1,1,1,0,0,0,0,0,0,1,0,0,0,0,0,0,0,1,1,0,1
41606095,투싼,올 뉴 투싼,101,950,99411,1685,5,10,0,0,0,1,0,0,0,0,1,0,1,1,0,0,0,0,0,0,0,0,1,0,0,0,0,1,0,1,1,0
41606168,쏘나타,쏘나타 더 브릴리언트,57,319,201417,1999,5,13,3,0,0,1,1,1,1,1,1,1,1,1,0,0,0,0,0,0,1,0,0,0,0,0,0,1,0,1,0,1
41606419,그랜저,그랜저 HG,27,599,122497,2999,5,15,7,1,1,1,1,1,1,1,1,1,1,1,0,0,0,0,0,0,1,0,0,0,0,0,1,0,0,1,0,1
41606458,아반떼,아반떼 AD,62,1030,82486,1591,5,11,13,1,0,1,1,1,1,1,1,0,1,1,0,0,0,0,0,0,1,0,0,0,0,0,0,1,0,1,0,1
41606629,아반떼,아반떼 MD,62,430,144492,1591,5,15,7,0,0,1,1,1,1,1,1,0,0,1,0,0,0,0,0,0,1,0,0,0,0,0,0,1,0,1,0,1
41606935,싼타페,싼타페 DM,56,870,183679,1995,5,12,6,0,1,1,1,1,1,1,1,1,1,1,0,0,0,0,0,0,0,0,1,0,0,1,0,0,0,1,1,0
41607015,그랜저,그랜저 HG,27,530,165462,2359,5,13,2,0,1,1,1,1,1,1,1,0,1,1,0,0,0,0,0,0,1,0,0,0,0,0,1,0,0,1,0,1
41607070,쏘나타,쏘나타 뉴 라이즈,57,930,186991,1999,5,8,4,0,0,1,1,1,1,1,1,1,1,1,0,0,0,0,0,0,1,0,0,0,0,0,1,0,0,1,0,1
41607097,그랜저,그랜저 IG,27,1650,108136,2359,5,9,1,1,0,1,1,1,1,1,1,1,1,1,0,0,0,0,0,0,1,0,0,0,0,1,0,0,0,1,0,1
41607265,투싼,올 뉴 투싼,101,1490,93937,1598,5,8,11,1,1,1,1,1,1,1,1,1,1,1,0,0,0,0,0,0,0,0,1,0,0,1,0,0,0,1,1,0
41607453,제네시스,제네시스,81,460,113420,3342,5,17,2,0,0,1,1,1,0,1,1,0,1,1,0,0,0,0,0,0,1,0,0,0,0,0,1,0,0,1,0,1
41607501,쏘나타,LF 쏘나타,57,800,149701,1999,5,11,4,0,0,1,1,0,1,1,1,0,1,1,0,0,0,0,0,0,1,0,0,0,0,0,0,1,0,1,0,1
41608661,아반떼,더 뉴 아반떼 AD,62,1200,31974,1598,5,7,12,0,0,1,1,1,1,1,1,0,1,1,0,0,0,0,0,0,1,0,0,0,0,1,0,0,0,1,0,1
41609228,그랜저,그랜저 HG,27,970,48546,2359,5,11,6,0,0,1,1,1,1,1,1,1,1,1,0,0,0,0,0,0,1,0,0,0,0,0,0,1,0,1,0,1
41609748,그랜저,그랜저 HG,27,689,249500,2999,5,10,6,1,1,1,1,1,1,1,1,1,1,1,0,0,0,0,0,1,0,0,0,0,0,1,0,0,0,1,0,1
41610120,그랜저,그랜저 HG,27,450,105038,2999,5,12,17,0,0,1,1,1,1,1,1,1,1,1,0,0,0,0,0,0,1,0,0,0,0,0,1,0,0,1,0,1
41610542,싼타페,싼타페 더 프라임,56,1190,100255,1995,5,10,9,0,0,1,1,1,1,1,1,0,1,1,0,0,0,0,0,0,0,0,1,0,0,0,0,1,0,1,1,0
41610564,그랜저,그랜저 HG,27,740,147337,2199,5,11,14,1,1,1,1,1,1,1,1,1,1,1,0,0,0,0,0,0,0,0,1,0,0,1,0,0,0,1,0,1
41610574,싼타페,싼타페 DM,56,910,120309,1995,7,13,19,1,0,1,0,0,0,0,1,0,1,1,0,0,0,0,0,0,0,0,1,0,0,0,0,1,0,1,1,0
41610910,그랜저,그랜저 HG,27,680,114040,2359,5,11,15,1,1,1,1,1,1,1,1,0,1,1,0,0,0,0,0,0,1,0,0,0,0,1,0,0,0,1,0,1
41610925,쏘나타,LF 쏘나타,57,340,379887,1999,5,12,3,0,0,1,1,1,1,1,1,1,1,1,0,0,0,0,0,1,0,0,0,0,0,0,1,0,0,1,0,1
41610943,아반떼,아반떼 MD,62,550,102493,1591,5,14,15,1,0,1,1,1,1,1,1,0,1,1,0,0,0,0,0,0,1,0,0,0,0,1,0,0,0,1,0,1
41610964,제네시스,제네시스 DH,81,1650,108390,3342,5,11,1,1,1,1,1,1,1,1,1,1,1,1,0,0,0,0,0,0,1,0,0,0,0,0,0,0,1,1,0,1
41611599,그랜저,그랜저 HG,27,590,213413,2999,5,11,8,0,1,1,1,1,1,1,1,1,1,1,0,0,0,0,0,1,0,0,0,0,0,0,1,0,0,1,0,1
41611744,싼타페,싼타페 더 프라임,56,960,167039,1995,5,10,5,0,0,1,1,1,1,1,1,1,1,1,0,0,0,0,0,0,0,0,1,0,0,0,0,1,0,1,1,0
41612034,쏘나타,쏘나타 (DN8),57,1600,116745,1598,5,5,4,0,1,1,1,1,1,1,1,0,1,1,0,0,0,0,0,0,1,0,0,0,0,0,0,1,0,1,0,1
41612177,쏘나타,LF 쏘나타,57,990,126459,1999,5,12,8,0,1,1,1,1,1,1,1,1,1,1,0,0,0,0,0,0,1,0,0,0,0,1,0,0,0,1,0,1
41612284,아반떼,아반떼 (CN7),62,1690,39229,1598,5,4,6,0,0,1,1,1,1,1,1,1,1,1,0,0,0,0,0,0,1,0,0,0,0,0,1,0,0,1,0,1
41612572,코나,코나,91,1690,62769,1591,5,7,3,0,1,1,1,1,1,1,1,1,1,1,0,0,0,0,0,0,1,0,0,0,0,0,0,1,0,1,1,0
41612738,투싼,올 뉴 투싼,101,1400,160408,1598,5,7,9,0,1,1,1,1,1,1,1,1,1,1,0,0,0,0,0,0,0,0,1,0,0,0,0,1,0,1,1,0
41612907,그랜저,그랜저 IG,27,1170,143318,2359,5,8,8,0,0,1,1,1,1,1,1,1,1,1,0,0,0,0,0,0,1,0,0,0,0,1,0,0,0,1,0,1
41612930,쏘나타,쏘나타 (DN8),57,1690,74441,1598,5,6,2,0,1,1,1,0,1,0,1,0,1,1,0,0,0,0,0,0,1,0,0,0,0,1,0,0,0,1,0,1
41612998,쏘나타,쏘나타 뉴 라이즈 하이브리드,57,1129,164483,1999,5,8,6,0,1,1,1,1,1,1,1,0,1,1,0,0,0,0,0,0,0,1,0,0,0,0,0,1,0,1,0,1
41613265,쏘나타,쏘나타 하이브리드 (DN8),57,1499,103975,1999,5,4,6,0,1,1,1,1,1,1,1,0,1,1,0,0,0,0,0,0,0,1,0,0,0,0,1,0,0,1,0,1
41613277,투싼,투싼 ix,101,439,197402,1995,5,14,6,1,0,1,1,1,1,1,1,1,1,1,0,0,0,0,0,0,0,0,1,0,0,0,0,1,0,1,1,0
41613358,아반떼,아반떼 MD,62,269,191380,1591,5,15,16,0,0,1,1,1,1,1,1,0,1,1,0,0,0,0,0,0,1,0,0,0,0,1,0,0,0,1,0,1
41613415,쏘나타,LF 쏘나타 하이브리드,57,770,203743,1999,5,10,3,0,1,1,1,1,1,1,1,1,1,1,0,0,0,0,0,0,0,1,0,0,0,1,0,0,0,1,0,1
41613429,벨로스터,벨로스터 (JS),47,1030,171592,1591,4,8,5,0,1,1,1,1,1,1,1,0,1,1,0,0,0,0,0,0,1,0,0,0,0,0,0,1,0,0,0,1
41613433,캐스퍼,캐스퍼,88,1390,32706,998,4,4,0,0,0,1,1,1,1,1,0,0,0,1,0,0,0,0,0,0,1,0,0,0,0,1,0,0,0,1,0,1
41613445,i40,더 뉴 i40 살룬,25,1120,72840,1999,5,11,2,1,1,1,1,1,1,1,1,1,1,1,0,0,0,0,0,0,1,0,0,0,0,1,0,0,0,1,0,1
41613450,아반떼,더 뉴 아반떼 AD,62,1111,147386,1598,5,7,2,0,1,1,1,0,1,0,1,0,1,1,0,0,0,0,0,0,1,0,0,0,0,0,0,1,0,1,0,1
41613752,쏘나타,LF 쏘나타,57,970,122664,1999,5,11,2,0,0,1,1,1,1,1,1,0,1,1,0,0,0,0,0,0,1,0,0,0,0,0,0,1,0,1,0,1
41613790,그랜저,그랜저 HG,27,777,120908,2999,5,14,2,0,1,1,1,1,1,1,1,1,1,1,0,0,0,0,0,0,1,0,0,0,0,0,0,1,0,1,0,1
41613888,쏘나타,LF 쏘나타,57,950,159762,1685,5,11,1,1,1,1,1,1,1,1,1,1,1,1,0,0,0,0,0,0,0,0,1,0,0,0,0,0,1,1,0,1
41613965,투싼,투싼 ix,101,455,176212,1995,5,16,16,1,0,1,0,1,1,0,1,1,1,1,0,0,0,0,0,0,0,0,1,0,0,1,0,0,0,1,1,0
41613994,아반떼,더 뉴 아반떼,62,820,95728,1591,5,12,3,1,1,1,1,1,1,1,1,0,1,1,0,0,0,0,0,0,1,0,0,0,0,1,0,0,0,1,0,1
41614009,아반떼,아반떼 HD,62,439,58397,1591,5,18,0,0,0,1,1,1,0,1,1,0,0,1,0,0,0,0,0,0,1,0,0,0,0,0,0,1,0,1,0,1
41614180,쏘나타,뉴 EF 쏘나타,57,199,127250,1836,5,22,5,0,0,1,0,0,0,0,0,0,0,1,0,0,0,0,0,0,1,0,0,0,0,0,1,0,0,1,0,1
41614328,코나,코나,91,1630,58303,1591,5,8,1,0,1,1,1,0,1,1,1,0,1,1,0,0,0,0,0,0,1,0,0,0,0,1,0,0,0,1,1,0
41614445,캐스퍼,캐스퍼,88,1520,11425,998,4,4,2,1,0,1,1,1,1,1,0,0,0,1,0,0,0,0,0,0,1,0,0,0,0,0,0,0,1,1,0,1
41614450,그랜저,그랜저 뉴 럭셔리,27,170,206194,2656,5,18,3,0,0,1,1,1,0,1,1,0,1,1,0,0,0,0,0,0,1,0,0,0,0,0,0,1,0,1,0,1
41614534,투싼,투싼 ix,101,459,116036,1995,5,16,14,1,0,1,1,0,0,1,1,0,1,1,0,0,0,0,0,0,0,0,1,0,0,0,0,1,0,1,1,0
41614562,에쿠스,에쿠스(신형),73,650,254479,5038,5,12,22,0,1,1,1,1,1,0,1,1,1,1,0,0,0,0,0,0,1,0,0,0,0,0,1,0,0,1,0,1
41614839,싼타페,싼타페 더 프라임,56,1400,80552,1995,5,10,11,0,0,1,1,1,1,1,1,0,1,1,0,0,0,0,0,0,0,0,1,0,0,0,0,1,0,1,1,0
41614852,스타렉스,그랜드 스타렉스,50,790,79819,2497,5,17,7,0,0,1,1,0,0,0,1,0,1,1,0,0,0,0,0,0,0,0,1,0,0,1,0,0,0,1,1,0
41615192,i40,i40 살룬,25,269,323773,1685,5,12,2,0,0,1,1,1,1,1,1,0,1,1,0,0,0,0,0,0,0,0,1,0,0,0,0,1,0,1,0,1
41615423,아반떼,아반떼 AD,62,1220,80570,1591,5,9,11,0,1,1,1,1,1,1,1,1,1,1,0,0,0,0,0,0,1,0,0,0,0,1,0,0,0,1,0,1
41615430,아반떼,아반떼 AD,62,930,133222,1582,5,8,0,0,0,1,1,1,1,1,1,1,1,1,0,0,0,0,0,0,0,0,1,0,0,1,0,0,0,1,0,1
41615467,그랜저,그랜저 HG,27,950,145926,2999,5,12,3,0,1,1,1,1,1,1,1,1,1,1,0,0,0,0,0,0,1,0,0,0,0,0,1,0,0,1,0,1
41615482,그랜저,그랜저 HG,27,999,61512,2359,5,10,10,0,0,1,1,1,1,1,1,1,1,1,0,0,0,0,0,0,1,0,0,0,0,1,0,0,0,1,0,1
41615497,쏘나타,쏘나타 뉴 라이즈,57,1570,98683,1999,5,9,1,0,1,1,1,1,1,1,1,1,1,1,0,0,0,0,0,0,1,0,0,0,0,0,1,0,0,1,0,1
41615529,쏘나타,LF 쏘나타,57,500,194419,1999,5,11,17,0,0,1,1,0,0,0,1,0,1,1,0,0,0,0,0,1,0,0,0,0,0,1,0,0,0,1,0,1
41615650,아반떼,아반떼 AD,62,1180,72872,1591,5,9,0,0,0,1,1,0,1,1,1,0,1,1,0,0,0,0,0,0,1,0,0,0,0,0,0,1,0,1,0,1
41615805,쏘나타,YF 쏘나타,57,279,146225,2000,5,16,11,0,0,1,1,1,1,1,1,1,1,1,0,0,0,0,0,0,1,0,0,0,0,0,1,0,0,1,0,1
41615876,싼타페,싼타페 DM,56,900,151656,1995,5,13,4,1,0,1,1,1,1,1,1,1,1,1,0,0,0,0,0,0,0,0,1,0,0,1,0,0,0,1,1,0
41616077,투싼,투싼 ix,101,630,113827,1995,5,13,2,0,0,1,1,1,1,1,1,0,1,1,0,0,0,0,0,0,0,0,1,0,0,0,0,1,0,1,1,0
41616241,넥쏘,넥쏘,28,1650,34486,113,5,6,0,0,1,1,1,1,1,1,1,1,1,1,0,0,0,0,0,0,0,0,0,0,1,1,0,0,0,1,1,0
41616329,쏘나타,쏘나타 뉴 라이즈,57,729,181398,1999,5,8,0,0,0,1,1,0,1,1,1,0,1,1,0,0,0,0,0,0,1,0,0,0,0,1,0,0,0,1,0,1
41616522,그랜저,그랜저 HG,27,349,272684,2999,5,15,4,1,0,1,0,1,1,0,1,0,1,1,0,0,0,0,0,1,0,0,0,0,0,0,1,0,0,1,0,1
41616566,아반떼,아반떼 (CN7),62,1590,120839,1598,5,6,8,1,1,1,1,1,1,1,1,1,1,1,0,0,0,0,0,0,1,0,0,0,0,1,0,0,0,1,0,1
41617163,투싼,올 뉴 투싼,101,829,124167,1685,5,10,1,0,0,1,1,0,0,1,1,0,1,1,0,0,0,0,0,0,0,0,1,0,0,0,0,1,0,1,1,0
41617224,그랜저,그랜저 HG,27,369,147665,2999,5,14,15,0,0,0,1,0,0,1,0,0,1,1,0,0,0,0,0,1,0,0,0,0,0,0,0,1,0,1,0,1
41617307,베라크루즈,베라크루즈,46,899,256455,2959,7,11,0,0,1,1,1,1,1,1,1,1,1,1,0,0,0,0,0,0,0,0,1,0,0,0,0,1,0,1,1,0
41617440,아반떼,아반떼 하이브리드 (CN7),62,1490,75577,1580,5,3,6,0,1,1,0,1,1,0,1,0,1,1,0,0,0,0,0,0,0,1,0,0,0,1,0,0,0,1,0,1
41618372,에쿠스,에쿠스(신형),73,199,357556,3778,5,16,10,0,1,1,0,1,1,1,1,0,1,1,0,0,0,0,0,0,1,0,0,0,0,0,1,0,0,1,0,1
41618453,스타렉스,더 뉴 그랜드 스타렉스,50,1498,105072,2497,3,7,0,0,0,1,0,0,0,0,1,0,1,1,0,0,0,0,0,0,0,0,1,0,0,0,0,1,0,1,1,0
41618666,코나,코나 일렉트릭,91,1630,146170,180,5,7,0,0,1,1,1,1,1,1,1,1,1,1,0,0,0,0,0,0,0,0,0,1,0,0,0,1,0,1,1,0
41618828,엑센트,엑센트(신형),74,430,135000,1582,5,12,16,0,0,1,1,0,0,1,1,0,1,1,0,0,0,0,0,0,0,0,1,0,0,0,0,1,0,1,0,1
41619123,싼타페,싼타페 더 프라임,56,1299,150000,1995,5,9,0,1,1,1,1,1,1,1,1,1,1,1,0,0,0,0,0,0,0,0,1,0,0,1,0,0,0,1,1,0
41619458,쏘나타,YF 쏘나타,57,480,91699,1998,5,16,2,0,0,1,0,1,0,1,1,0,1,1,0,0,0,0,0,0,1,0,0,0,0,0,0,1,0,1,0,1
41619513,쏘나타,LF 쏘나타,57,1190,64150,1999,5,10,3,0,0,1,1,1,1,1,1,0,1,1,0,0,0,0,0,0,1,0,0,0,0,1,0,0,0,1,0,1
41619650,아반떼,더 뉴 아반떼,62,700,94187,1591,5,12,3,0,0,1,1,1,1,1,1,0,1,1,0,0,0,0,0,0,1,0,0,0,0,0,0,1,0,1,0,1
41619692,투싼,올 뉴 투싼,101,1290,186538,1598,5,7,12,1,0,1,1,1,1,1,1,1,1,1,0,0,0,0,0,0,0,0,1,0,0,1,0,0,0,1,1,0
41619739,쏘나타,쏘나타 더 브릴리언트,57,770,53566,1999,5,13,6,0,0,1,1,1,1,1,1,1,1,1,0,0,0,0,0,0,1,0,0,0,0,1,0,0,0,1,0,1
41619790,캐스퍼,캐스퍼,88,1499,79528,998,4,4,8,0,0,1,1,1,1,1,1,1,1,1,0,0,0,0,0,0,1,0,0,0,0,1,0,0,0,1,0,1
41619822,그랜저,그랜저 HG,27,500,185472,2999,5,13,0,0,1,1,1,1,1,1,1,1,1,1,0,0,0,0,0,0,1,0,0,0,0,0,1,0,0,1,0,1
41620002,베뉴,베뉴,45,1630,40347,1598,5,6,2,0,1,1,1,1,1,1,1,0,1,1,0,0,0,0,0,0,1,0,0,0,0,0,0,0,1,1,1,0
41620005,싼타페,싼타페 더 프라임,56,1550,86619,1995,5,10,1,1,1,1,1,1,1,1,1,1,1,1,0,0,0,0,0,0,0,0,1,0,0,1,0,0,0,1,1,0
41620063,엑센트,엑센트(신형),74,580,121347,1368,5,11,6,0,0,1,1,0,0,1,1,0,1,1,0,0,0,0,0,0,1,0,0,0,0,0,0,1,0,1,0,1
41620123,아반떼,더 뉴 아반떼 AD,62,1190,96667,1598,5,7,3,0,0,1,1,1,1,1,1,0,1,1,0,0,0,0,0,0,1,0,0,0,0,1,0,0,0,1,0,1
41620131,아반떼,아반떼 MD,62,550,77481,1591,5,13,0,0,0,1,0,1,0,0,1,0,1,1,0,0,0,0,0,0,1,0,0,0,0,0,0,1,0,1,0,1
41620179,그랜저,그랜저 IG,27,1070,122548,2359,5,9,16,1,1,1,1,1,1,1,1,1,1,1,0,0,0,0,0,0,1,0,0,0,0,0,0,0,1,1,0,1
41620196,그랜저,그랜저 HG,27,750,69988,2359,5,14,2,1,0,1,1,1,1,1,1,0,1,1,0,0,0,0,0,0,1,0,0,0,0,0,0,0,1,1,0,1
41620447,캐스퍼,캐스퍼,88,1520,29390,998,4,2,0,0,0,1,1,0,1,1,1,1,1,1,0,0,0,0,0,0,1,0,0,0,0,1,0,0,0,1,0,1
41620476,베뉴,베뉴,45,1390,110404,1598,5,6,0,0,1,1,1,1,1,1,1,0,1,1,0,0,0,0,0,0,1,0,0,0,0,1,0,0,0,1,1,0
41620524,아이오닉,아이오닉 하이브리드,65,830,178504,1580,5,10,15,1,1,1,1,1,1,1,1,1,1,1,0,0,0,0,0,0,0,1,0,0,0,0,1,0,0,1,0,1
41620571,아반떼,더 뉴 아반떼 AD,62,1030,102373,1598,5,7,7,0,0,1,1,1,1,1,1,0,1,1,0,0,0,0,0,0,1,0,0,0,0,1,0,0,0,1,0,1
41620692,아반떼,아반떼 MD,62,390,169645,1591,5,16,2,0,0,1,1,1,0,1,1,0,1,1,0,0,0,0,0,0,1,0,0,0,0,1,0,0,0,1,0,1
41620702,캐스퍼,캐스퍼,88,1420,25152,998,4,4,2,0,0,1,0,0,1,0,1,1,1,1,0,0,0,0,0,0,1,0,0,0,0,0,0,0,1,1,0,1
41620767,제네시스,제네시스 DH,81,1430,93652,3342,5,11,6,0,1,1,1,1,1,1,1,1,1,1,0,0,0,0,0,0,1,0,0,0,0,0,1,0,0,1,0,1
41620873,투싼,올 뉴 투싼,101,1640,87518,1995,5,8,5,0,0,1,1,1,1,1,1,1,1,1,0,0,0,0,0,0,0,0,1,0,0,1,0,0,0,1,1,0
41620946,쏘나타,쏘나타 (DN8),57,1390,56632,1999,5,7,4,0,0,1,0,0,0,0,1,0,1,1,0,0,0,0,0,0,1,0,0,0,0,0,0,1,0,1,0,1
41620949,싼타페,싼타페 더 프라임,56,1190,153682,1995,5,11,1,1,0,1,1,1,1,1,1,1,1,1,0,0,0,0,0,0,0,0,1,0,0,1,0,0,0,1,1,0
41620958,쏘나타,쏘나타 더 브릴리언트,57,470,121450,1999,5,13,3,0,0,1,1,0,1,1,1,0,1,1,0,0,0,0,0,0,1,0,0,0,0,0,0,1,0,1,0,1
41621102,싼타페,싼타페 더 프라임,56,1195,119131,1995,5,10,7,0,0,1,1,1,1,1,1,1,1,1,0,0,0,0,0,0,0,0,1,0,0,1,0,0,0,1,1,0
41621383,에쿠스,에쿠스(신형),73,739,172300,5038,4,13,2,1,1,1,1,1,1,1,1,1,1,1,0,0,0,0,0,0,1,0,0,0,0,0,1,0,0,1,0,1
41621600,아반떼,더 뉴 아반떼,62,580,193347,1591,5,11,1,0,0,1,1,1,1,1,1,0,1,1,0,0,0,0,0,0,1,0,0,0,0,0,0,1,0,1,0,1
41621851,쏘나타,쏘나타 더 브릴리언트,57,300,278530,1999,5,13,11,0,0,1,1,0,1,0,0,0,1,1,0,0,0,0,0,1,0,0,0,0,0,0,0,1,0,1,0,1
41621943,그랜저,그랜저 IG,27,1490,196534,2199,5,8,6,1,1,1,1,1,1,1,1,1,1,1,0,0,0,0,0,0,0,0,1,0,0,1,0,0,0,1,0,1
41622267,아반떼,아반떼 (CN7),62,1690,37581,1598,5,4,5,0,0,1,1,1,1,1,1,1,1,1,0,0,0,0,0,0,1,0,0,0,0,1,0,0,0,1,0,1
41622295,엑센트,엑센트(신형),74,530,104439,1582,5,9,8,0,0,1,1,0,0,1,0,0,1,1,0,0,0,0,0,0,0,0,1,0,0,1,0,0,0,1,0,1
41622428,그랜저,그랜저 IG,27,1179,160036,2359,5,10,1,0,0,1,1,1,1,1,1,1,1,1,0,0,0,0,0,0,1,0,0,0,0,0,0,1,0,1,0,1
41622656,투싼,올 뉴 투싼,101,1529,96343,1995,5,8,2,0,0,1,1,1,1,1,1,0,1,1,0,0,0,0,0,0,0,0,1,0,0,0,0,1,0,1,1,0
41622756,그랜저,그랜저 HG,27,999,101733,2999,5,14,4,0,1,1,1,1,1,1,1,1,1,1,0,0,0,0,0,0,1,0,0,0,0,0,1,0,0,1,0,1
41623077,엑센트,엑센트(신형),74,240,159460,1591,5,14,1,0,0,1,1,1,0,1,1,0,1,1,0,0,0,0,0,0,1,0,0,0,0,0,0,1,0,0,0,1
41623169,투싼,더 뉴 투싼 하이브리드 (NX4),101,1440,4365,1598,5,1,2,0,1,1,1,1,1,1,1,1,1,1,0,0,0,0,0,0,0,1,0,0,0,0,0,1,0,1,1,0
41623250,아이오닉5,아이오닉5,66,27,116747,111,5,3,0,0,1,1,1,1,1,1,1,1,1,1,0,0,0,0,0,0,0,0,0,1,0,0,0,1,0,1,0,1
41623262,투싼,올 뉴 투싼,101,790,143728,1685,5,11,5,0,0,1,1,0,1,1,1,0,1,1,0,0,0,0,0,0,0,0,1,0,0,0,0,1,0,1,1,0
41623334,아반떼,아반떼 MD,62,390,129497,1591,5,14,14,0,0,1,1,1,1,1,1,0,1,1,0,0,0,0,0,0,1,0,0,0,0,0,0,1,0,1,0,1
41623416,스타렉스,그랜드 스타렉스,50,1130,147888,2359,12,9,3,0,0,1,1,0,0,1,1,0,1,1,0,0,0,0,0,1,0,0,0,0,0,1,0,0,0,1,1,0
41623587,에쿠스,에쿠스(신형),73,490,240559,3778,5,14,2,0,1,1,1,1,1,1,1,1,1,1,0,0,0,0,0,0,1,0,0,0,0,0,1,0,0,1,0,1
41623715,투싼,투싼 ix,101,447,165730,1995,5,16,10,1,0,1,1,1,0,1,1,0,1,1,0,0,0,0,0,0,0,0,1,0,0,0,0,1,0,1,1,0
41623928,쏘나타,LF 쏘나타,57,880,170934,1999,5,10,2,0,0,1,1,1,1,1,1,0,1,1,0,0,0,0,0,1,0,0,0,0,0,0,0,1,0,1,0,1
41624135,쏘나타,LF 쏘나타,57,760,118637,1999,5,10,14,0,0,1,1,0,1,1,1,0,1,1,0,0,0,0,0,0,1,0,0,0,0,0,0,1,0,1,0,1
41624172,그랜저,그랜저 HG,27,500,144422,2999,5,13,10,0,0,1,1,1,1,1,1,1,1,1,0,0,0,0,0,0,1,0,0,0,0,0,1,0,0,1,0,1
41624221,코나,코나,91,1450,134965,1591,5,6,7,1,0,1,1,0,1,0,1,0,1,1,0,0,0,0,0,0,1,0,0,0,0,1,0,0,0,1,1,0
41624528,아반떼,아반떼 MD,62,480,136232,1591,5,14,8,1,0,1,1,1,1,0,1,0,0,1,0,0,0,0,0,0,1,0,0,0,0,1,0,0,0,1,0,1
41624541,아슬란,아슬란,64,990,158806,3342,5,10,7,1,1,1,1,1,1,1,1,1,1,1,0,0,0,0,0,0,1,0,0,0,0,1,0,0,0,1,0,1
41624556,아반떼,더 뉴 아반떼 AD,62,1130,100905,1598,5,7,12,0,0,1,1,1,1,1,1,0,1,1,0,0,0,0,0,0,1,0,0,0,0,1,0,0,0,1,0,1
41624628,제네시스,제네시스 DH,81,1050,178673,3778,5,11,4,0,1,1,1,1,1,1,1,1,1,1,0,0,0,0,0,0,1,0,0,0,0,0,1,0,0,1,0,1
41625116,쏘나타,쏘나타 더 브릴리언트,57,580,123746,1999,5,13,16,1,0,1,1,1,1,1,1,1,1,1,0,0,0,0,0,0,1,0,0,0,0,0,1,0,0,1,0,1
41625166,베라크루즈,베라크루즈,46,630,136812,2959,7,19,5,1,1,1,1,1,1,0,1,0,1,1,0,0,0,0,0,0,0,0,1,0,0,0,0,1,0,1,1,0
41625207,쏘나타,쏘나타 뉴 라이즈,57,1390,74580,1999,5,8,8,0,0,1,1,1,1,1,1,1,1,1,0,0,0,0,0,1,0,0,0,0,0,1,0,0,0,1,0,1
41625242,싼타페,싼타페 CM,56,230,138690,2188,7,19,14,0,0,0,0,0,0,0,1,0,0,1,0,0,0,0,0,0,0,0,1,0,0,1,0,0,0,1,1,0
41625652,아반떼,아반떼 MD,62,395,162647,1591,5,15,13,0,0,1,1,1,0,1,1,0,0,1,0,0,0,0,0,1,0,0,0,0,0,0,0,1,0,0,0,1
41625756,아슬란,아슬란,64,1030,157187,2999,5,10,3,1,1,1,1,1,1,1,1,1,1,1,0,0,0,0,0,0,1,0,0,0,0,0,0,0,1,1,0,1
41625818,그랜저,그랜저 HG,27,790,71456,2999,5,15,10,1,1,1,1,1,1,1,1,1,1,1,0,0,0,0,0,0,1,0,0,0,0,0,1,0,0,1,0,1
41626233,베뉴,베뉴,45,1590,41307,1598,5,7,9,0,1,1,1,1,1,1,1,0,1,1,0,0,0,0,0,0,1,0,0,0,0,0,0,0,1,1,1,0
41626256,쏘나타,쏘나타 (DN8),57,1590,55646,1999,5,7,7,0,1,1,1,1,1,1,1,0,1,1,0,0,0,0,0,0,1,0,0,0,0,0,1,0,0,1,0,1
41626345,싼타페,싼타페 DM,56,790,165508,1995,5,11,6,0,0,1,0,1,1,0,1,1,1,1,0,0,0,0,0,0,0,0,1,0,0,1,0,0,0,1,1,0
41626532,그랜저,그랜저 HG,27,793,147670,2359,5,10,1,1,1,1,1,1,1,1,1,1,1,1,0,0,0,0,0,0,1,0,0,0,0,0,0,1,0,1,0,1
41626714,쏘나타,쏘나타 뉴 라이즈,57,650,238428,1999,5,8,0,0,0,1,1,1,1,1,1,1,1,1,0,0,0,0,0,1,0,0,0,0,0,1,0,0,0,1,0,1
41626784,그랜저,그랜저 IG,27,1150,178572,2199,5,9,6,0,1,1,1,1,1,1,1,1,1,1,0,0,0,0,0,0,0,0,1,0,0,0,0,0,1,1,0,1
41626846,투싼,뉴 투싼 ix,101,850,88957,1995,5,12,1,0,0,1,1,1,1,1,1,1,1,1,0,0,0,0,0,0,0,0,1,0,0,1,0,0,0,1,1,0
41626896,스타렉스,더 뉴 그랜드 스타렉스,50,1470,109953,2497,11,8,4,0,0,1,1,0,0,1,1,1,1,1,0,0,0,0,0,0,0,0,1,0,0,0,1,0,0,1,1,0
41626908,싼타페,싼타페 더 프라임,56,1290,89451,1995,5,9,17,0,0,1,1,0,0,1,1,0,1,1,0,0,0,0,0,0,0,0,1,0,0,0,0,1,0,1,1,0
41627105,그랜저,그랜저 HG 하이브리드,27,430,141451,2359,5,11,15,0,0,1,1,1,1,1,1,0,1,1,0,0,0,0,0,0,0,1,0,0,0,0,1,0,0,1,0,1
41627148,쏘나타,LF 쏘나타,57,610,143424,1999,5,12,5,0,0,1,1,1,1,1,1,1,1,1,0,0,0,0,0,0,1,0,0,0,0,0,0,0,1,1,0,1
41627413,쏘나타,쏘나타 (DN8),57,1520,105305,1999,5,6,17,0,1,1,1,1,1,1,1,1,1,1,0,0,0,0,0,0,1,0,0,0,0,1,0,0,0,1,0,1
41627605,아반떼,아반떼 MD,62,600,36478,1591,5,14,8,0,0,1,1,1,1,1,1,0,1,1,0,0,0,0,0,0,1,0,0,0,0,0,0,1,0,1,0,1
41627658,아이오닉,아이오닉 일렉트릭,65,1190,153274,78,5,9,2,1,1,1,1,1,1,1,1,1,1,1,0,0,0,0,0,0,0,0,0,1,0,0,0,1,0,1,0,1
41627689,그랜저,그랜저 HG,27,680,88397,2999,5,14,13,0,0,1,1,1,1,1,1,1,1,1,0,0,0,0,0,1,0,0,0,0,0,0,1,0,0,1,0,1
41627693,맥스크루즈,더 뉴 맥스크루즈,41,1510,128108,2199,7,10,2,0,1,1,1,1,1,1,1,1,1,1,0,0,0,0,0,0,0,0,1,0,0,1,0,0,0,1,1,0
41627696,쏘나타,LF 쏘나타,57,950,138061,1999,5,10,1,0,0,1,1,1,1,1,1,0,1,1,0,0,0,0,0,0,1,0,0,0,0,0,1,0,0,1,0,1
41627816,아반떼,더 뉴 아반떼,62,760,31304,1591,5,11,8,0,0,1,1,1,0,0,1,0,1,1,0,0,0,0,0,0,1,0,0,0,0,0,0,1,0,1,0,1
41627917,싼타페,싼타페 더 프라임,56,1420,56799,1995,7,10,5,1,0,1,1,1,1,1,1,1,1,1,0,0,0,0,0,0,0,0,1,0,0,0,0,1,0,1,1,0
41628187,아반떼,아반떼 (CN7),62,1640,95000,1598,5,4,2,0,0,1,1,1,1,1,1,1,1,1,0,0,0,0,0,0,1,0,0,0,0,0,0,1,0,1,0,1
41628357,아반떼,더 뉴 아반떼,62,850,74187,1591,5,12,3,0,0,1,1,1,1,1,1,0,1,1,0,0,0,0,0,0,1,0,0,0,0,1,0,0,0,1,0,1
41628358,아반떼,아반떼 AD,62,1180,64581,1591,5,10,0,0,0,1,1,1,1,1,1,0,1,1,0,0,0,0,0,0,1,0,0,0,0,1,0,0,0,1,0,1
41628484,코나,코나,91,1350,101008,1591,5,9,3,1,0,1,1,0,1,1,1,1,1,1,0,0,0,0,0,0,1,0,0,0,0,1,0,0,0,1,1,0
41628732,그랜저,그랜저 IG 하이브리드,27,1239,186368,2359,5,8,8,0,1,1,1,1,1,1,1,1,1,1,0,0,0,0,0,0,0,1,0,0,0,0,0,1,0,1,0,1
41628763,투싼,올 뉴 투싼,101,1650,86797,1995,5,8,1,1,0,1,1,1,1,1,1,1,1,1,0,0,0,0,0,0,0,0,1,0,0,1,0,0,0,1,1,0
41628798,제네시스,제네시스 DH,81,1250,135260,3342,5,10,7,1,1,1,1,1,1,1,1,1,1,1,0,0,0,0,0,0,1,0,0,0,0,0,1,0,0,1,0,1
41628860,그랜저,그랜저 IG,27,1620,105561,2359,5,7,5,1,0,1,1,1,1,1,1,1,1,1,0,0,0,0,0,0,1,0,0,0,0,0,1,0,0,1,0,1
41630471,코나,코나,91,1590,59341,1591,5,8,1,1,0,1,1,1,1,1,1,1,1,1,0,0,0,0,0,0,1,0,0,0,0,1,0,0,0,1,1,0
41630623,쏘나타,쏘나타 더 브릴리언트,57,750,93976,1999,5,13,5,1,0,1,1,1,1,1,1,0,1,1,0,0,0,0,0,0,1,0,0,0,0,1,0,0,0,1,0,1
41630695,쏘나타,쏘나타 더 브릴리언트,57,599,113963,1999,5,13,0,0,0,1,1,0,1,1,1,0,1,1,0,0,0,0,0,1,0,0,0,0,0,0,1,0,0,1,0,1
41630699,아반떼,아반떼 MD,62,590,123942,1591,5,13,0,0,0,1,1,1,1,1,1,0,1,1,0,0,0,0,0,0,1,0,0,0,0,1,0,0,0,1,0,1
41630757,싼타페,싼타페 더 프라임,56,1450,136144,1995,5,8,0,0,1,1,1,1,1,1,1,1,1,1,0,0,0,0,0,0,0,0,1,0,0,0,0,1,0,1,1,0
41630815,엑센트,엑센트(신형),74,550,63132,1399,5,14,2,0,0,1,1,0,0,1,1,0,1,1,0,0,0,0,0,0,1,0,0,0,0,0,0,1,0,1,0,1
41630900,벨로스터,벨로스터,47,750,33220,1591,4,12,3,1,0,1,1,1,1,1,1,0,1,1,0,0,0,0,0,0,1,0,0,0,0,0,0,0,1,1,0,1
41630918,투싼,투싼 ix,101,430,209609,1995,5,13,4,0,0,1,1,1,1,1,1,0,1,1,0,0,0,0,0,0,0,0,1,0,0,0,0,1,0,1,1,0
41631032,그랜저,그랜저 HG,27,590,137268,2359,5,12,3,0,0,1,1,1,1,1,1,0,1,1,0,0,0,0,0,0,1,0,0,0,0,0,1,0,0,1,0,1
41631064,쏘나타,쏘나타 뉴 라이즈,57,750,194417,1999,5,9,1,0,0,1,1,0,0,1,1,0,1,1,0,0,0,0,0,1,0,0,0,0,0,0,0,1,0,1,0,1
41631301,아반떼,더 뉴 아반떼,62,650,116376,1591,5,13,8,0,0,1,1,1,1,1,1,0,1,1,0,0,0,0,0,0,1,0,0,0,0,1,0,0,0,1,0,1
41631367,투싼,올 뉴 투싼,101,1450,149749,1995,5,9,7,1,1,1,1,1,1,1,1,1,1,1,0,0,0,0,0,0,0,0,1,0,0,1,0,0,0,1,1,0
41631480,아반떼,더 뉴 아반떼 AD,62,1450,64808,1598,5,6,1,0,0,1,1,1,1,1,1,0,1,1,0,0,0,0,0,0,1,0,0,0,0,1,0,0,0,1,0,1
41631722,그랜저,그랜저 HG,27,570,162721,2199,5,11,8,0,0,1,1,1,1,1,1,0,1,1,0,0,0,0,0,0,0,0,1,0,0,0,1,0,0,1,0,1
41631880,에쿠스,에쿠스(신형),73,890,147606,3778,5,13,7,0,1,1,1,1,1,1,1,1,1,1,0,0,0,0,0,0,1,0,0,0,0,0,1,0,0,1,0,1
41631885,캐스퍼,캐스퍼,88,1599,62587,998,4,3,0,0,0,1,1,1,1,1,1,1,1,1,0,0,0,0,0,0,1,0,0,0,0,1,0,0,0,1,0,1
41632241,아반떼,아반떼 (CN7),62,1690,46398,1598,5,5,8,0,0,1,1,1,1,1,1,1,1,1,0,0,0,0,0,0,1,0,0,0,0,1,0,0,0,1,0,1
41632411,코나,코나,91,1380,44647,1591,5,8,3,0,0,1,1,0,1,1,1,1,1,1,0,0,0,0,0,0,1,0,0,0,0,0,0,0,1,1,1,0
41632586,캐스퍼,캐스퍼,88,1620,35135,998,4,5,1,0,0,1,1,1,1,1,1,1,1,1,0,0,0,0,0,0,1,0,0,0,0,0,0,0,1,1,0,1
41632706,쏘나타,쏘나타 뉴 라이즈,57,999,118686,1999,5,9,1,0,0,1,1,0,1,0,1,0,1,1,0,0,0,0,0,1,0,0,0,0,0,1,0,0,0,1,0,1
41632817,코나,코나,91,1630,60644,1582,5,8,0,0,1,1,1,1,1,1,1,1,1,1,0,0,0,0,0,0,0,0,1,0,0,1,0,0,0,1,1,0
41632823,제네시스,제네시스,81,690,147387,3778,5,12,1,1,1,1,1,1,1,1,1,1,1,1,0,0,0,0,0,0,1,0,0,0,0,0,1,0,0,1,0,1
41632837,그랜저,그랜저 HG,27,1230,110245,2999,5,10,10,1,1,1,1,1,1,1,1,1,1,1,0,0,0,0,0,1,0,0,0,0,0,1,0,0,0,1,0,1
41632874,투싼,올 뉴 투싼,101,1110,195336,1995,5,9,1,0,0,1,1,1,1,1,1,1,1,1,0,0,0,0,0,0,0,0,1,0,0,0,0,1,0,1,1,0
41632914,제네시스,제네시스,81,330,197260,3342,5,17,5,0,0,1,0,1,1,0,1,0,1,1,0,0,0,0,0,0,1,0,0,0,0,0,1,0,0,1,0,1
41632924,제네시스,제네시스,81,240,244819,3342,5,16,21,0,0,1,1,1,1,1,1,0,1,1,0,0,0,0,0,0,1,0,0,0,0,0,1,0,0,1,0,1
41632931,쏘나타,쏘나타 뉴 라이즈,57,1350,65687,1999,5,9,0,0,0,1,1,1,1,1,1,0,1,1,0,0,0,0,0,1,0,0,0,0,0,1,0,0,0,1,0,1
41632969,쏘나타,YF 쏘나타,57,680,77544,1999,5,14,8,1,1,1,1,1,1,1,1,1,1,1,0,0,0,0,0,0,1,0,0,0,0,1,0,0,0,1,0,1
41632971,아반떼,아반떼 (CN7),62,1350,101004,1598,5,6,5,0,0,1,1,1,1,1,0,0,1,1,0,0,0,0,0,0,1,0,0,0,0,1,0,0,0,1,0,1
41633094,엑센트,엑센트(신형),74,550,113577,1582,5,10,6,0,0,1,1,0,0,1,1,0,1,1,0,0,0,0,0,0,0,0,1,0,0,1,0,0,0,1,0,1
41633279,아반떼,아반떼 AD,62,990,138091,1591,5,8,2,0,0,1,1,0,1,1,1,0,1,1,0,0,0,0,0,0,1,0,0,0,0,0,0,1,0,1,0,1
41633295,아반떼,더 뉴 아반떼 AD,62,1090,108077,1598,5,7,14,0,0,1,1,1,1,1,1,0,1,1,0,0,0,0,0,0,1,0,0,0,0,1,0,0,0,1,0,1
41633317,쏘나타,쏘나타 뉴 라이즈,57,889,158720,1999,5,9,16,0,1,1,1,1,1,0,1,0,1,1,0,0,0,0,0,1,0,0,0,0,0,1,0,0,0,1,0,1
41633322,그랜저,그랜저 HG,27,590,123102,2999,5,12,11,0,0,1,1,1,1,0,1,1,1,1,0,0,0,0,0,0,1,0,0,0,0,0,1,0,0,1,0,1
41633442,캐스퍼,캐스퍼,88,1639,52307,998,4,4,1,0,0,1,1,1,1,1,1,1,1,1,0,0,0,0,0,0,1,0,0,0,0,1,0,0,0,1,0,1
41633470,스타렉스,그랜드 스타렉스,50,1050,121146,2497,11,12,3,1,0,1,1,1,0,1,1,1,1,1,0,0,0,0,0,0,0,0,1,0,0,0,1,0,0,1,1,0
41633647,그랜저,그랜저 HG 하이브리드,27,999,148377,2359,5,11,3,0,1,1,1,1,1,1,1,1,1,1,0,0,0,0,0,0,0,1,0,0,0,1,0,0,0,1,0,1
41633661,스타렉스,그랜드 스타렉스,50,890,180354,2497,12,11,3,0,0,1,1,0,0,1,1,0,1,1,0,0,0,0,0,0,0,0,1,0,0,0,0,1,0,1,1,0
41633719,아반떼,아반떼 AD,62,999,105102,1591,5,9,4,0,0,1,1,0,1,1,1,0,1,1,0,0,0,0,0,0,1,0,0,0,0,1,0,0,0,1,0,1
41633736,쏘나타,쏘나타 뉴 라이즈,57,1190,143606,1999,5,9,0,0,1,1,1,1,1,0,1,1,1,1,0,0,0,0,0,0,1,0,0,0,0,0,0,1,0,1,0,1
41633826,아반떼,아반떼 MD,62,395,140907,1591,5,15,5,0,0,1,1,1,0,1,1,0,1,1,0,0,0,0,0,0,1,0,0,0,0,0,0,1,0,1,0,1
41633836,아반떼,아반떼 MD,62,290,122538,1591,5,15,13,0,0,1,1,0,0,1,0,0,1,1,0,0,0,0,0,0,1,0,0,0,0,0,0,1,0,1,0,1
41633936,코나,더 뉴 코나,91,1490,23476,1598,5,4,21,0,0,1,1,0,1,0,1,0,1,1,0,0,0,0,0,0,1,0,0,0,0,0,0,1,0,1,1,0
41634569,엑센트,엑센트(신형),74,540,129046,1582,5,13,5,0,0,1,1,1,1,0,1,0,1,1,0,0,0,0,0,0,0,0,1,0,0,0,0,1,0,1,0,1
41634760,투싼,올 뉴 투싼,101,1429,174969,1591,5,8,7,0,1,1,1,1,1,1,1,1,1,1,0,0,0,0,0,0,1,0,0,0,0,1,0,0,0,1,1,0
41634837,제네시스,제네시스 DH,81,1250,133160,3778,5,12,2,0,1,1,1,1,1,1,1,1,1,1,0,0,0,0,0,0,1,0,0,0,0,0,1,0,0,1,0,1
41634964,그랜저,그랜저 HG 하이브리드,27,620,170576,2359,5,12,1,0,0,1,1,1,1,1,1,0,1,1,0,0,0,0,0,0,0,1,0,0,0,0,1,0,0,1,0,1
41635048,그랜저,그랜저 IG,27,1575,93019,2999,5,8,3,0,0,1,1,1,1,1,1,1,1,1,0,0,0,0,0,0,1,0,0,0,0,0,0,1,0,1,0,1
41635056,싼타페,싼타페 더 프라임,56,1279,145615,1995,7,11,0,1,1,1,1,1,1,1,1,1,1,1,0,0,0,0,0,0,0,0,1,0,0,0,0,1,0,1,1,0
41635283,그랜저,더 럭셔리 그랜저,27,450,79292,2656,5,16,7,0,0,1,1,1,0,1,1,0,1,1,0,0,0,0,0,1,0,0,0,0,0,0,0,1,0,1,0,1
41635349,그랜저,그랜저 HG,27,620,191107,2999,5,10,17,0,1,1,1,1,1,1,1,1,1,1,0,0,0,0,0,0,1,0,0,0,0,0,1,0,0,1,0,1
41635366,쏘나타,쏘나타 하이브리드,57,400,145962,1999,5,14,7,0,1,1,1,1,1,1,1,1,1,1,0,0,0,0,0,0,0,1,0,0,0,0,0,1,0,1,0,1
41635483,그랜저,그랜저 HG,27,870,115702,2199,5,10,2,0,0,1,1,1,1,1,1,1,1,1,0,0,0,0,0,0,0,0,1,0,0,0,1,0,0,1,0,1
41635491,엑센트,엑센트(신형),74,300,183745,1591,5,14,7,0,0,1,1,1,1,0,1,0,1,1,0,0,0,0,0,0,1,0,0,0,0,1,0,0,0,1,0,1
41635526,투싼,올 뉴 투싼,101,1490,133949,1995,5,8,5,0,1,1,1,1,1,1,1,1,1,1,0,0,0,0,0,0,0,0,1,0,0,0,0,1,0,1,1,0
41635544,아반떼,더 뉴 아반떼,62,480,212085,1591,5,13,13,0,0,1,0,1,0,0,1,0,0,1,0,0,0,0,0,1,0,0,0,0,0,1,0,0,0,1,0,1
41635735,아반떼,아반떼 (CN7),62,1610,93054,1598,5,6,7,1,0,1,1,1,1,1,1,1,1,1,0,0,0,0,0,0,1,0,0,0,0,1,0,0,0,1,0,1
41635867,아반떼,아반떼 AD,62,1010,134435,1591,5,8,3,0,0,1,1,0,1,1,1,0,1,1,0,0,0,0,0,0,1,0,0,0,0,1,0,0,0,1,0,1
41635868,제네시스 쿠페,제네시스 쿠페,82,450,108338,1998,4,15,12,1,0,1,1,0,1,1,1,0,0,1,0,0,0,0,0,0,1,0,0,0,0,1,0,0,0,1,0,1
41635903,그랜저,그랜저 HG,27,750,122322,2359,5,13,2,0,1,1,1,1,1,1,1,1,1,1,0,0,0,0,0,0,1,0,0,0,0,0,1,0,0,1,0,1
41635987,제네시스,제네시스,81,699,127774,3342,5,13,2,1,1,1,1,1,1,1,1,1,1,1,0,0,0,0,0,0,1,0,0,0,0,0,1,0,0,1,0,1
41636016,투싼,올 뉴 투싼,101,990,152534,1685,5,11,4,0,1,1,1,1,1,1,1,1,1,1,0,0,0,0,0,0,0,0,1,0,0,1,0,0,0,1,1,0
41636363,투싼,투싼 ix,101,590,105240,1995,5,16,2,1,0,1,1,1,0,1,1,1,1,1,0,0,0,0,0,0,0,0,1,0,0,0,0,0,1,1,1,0
41636394,아반떼,아반떼 MD,62,410,146249,1591,5,15,9,1,0,1,1,1,1,1,1,0,1,1,0,0,0,0,0,0,1,0,0,0,0,0,0,1,0,1,0,1
41636410,맥스크루즈,더 뉴 맥스크루즈,41,1290,172981,2199,6,10,1,0,1,1,1,1,1,1,1,1,1,1,0,0,0,0,0,0,0,0,1,0,0,0,0,0,1,1,1,0
41636514,그랜저,그랜저 IG,27,1400,151602,2999,5,9,16,1,1,1,1,1,1,1,1,1,1,1,0,0,0,0,0,1,0,0,0,0,0,0,0,1,0,1,0,1
41636782,아반떼,아반떼 (CN7),62,1550,74584,1598,5,6,20,0,1,1,1,1,1,1,1,1,1,1,0,0,0,0,0,0,1,0,0,0,0,1,0,0,0,1,0,1
41637120,아반떼,아반떼 AD,62,780,145890,1591,5,9,5,0,0,1,1,0,1,1,1,0,1,1,0,0,0,0,0,0,1,0,0,0,0,1,0,0,0,1,0,1
41637504,아슬란,아슬란,64,580,227258,2999,5,11,0,0,1,1,1,1,1,1,1,1,1,1,0,0,0,0,0,0,1,0,0,0,0,0,1,0,0,1,0,1
41637507,스타렉스,그랜드 스타렉스,50,1188,90702,2497,15,10,0,0,0,1,1,0,0,0,1,0,1,1,0,0,0,0,0,0,0,0,1,0,0,0,0,0,1,1,1,0
41637551,그랜저,그랜저 IG,27,880,234001,2359,5,9,2,0,1,1,1,1,1,1,1,1,1,1,0,0,0,0,0,0,1,0,0,0,0,0,0,1,0,1,0,1
41637581,투싼,올 뉴 투싼,101,1070,135864,1685,5,10,2,0,0,1,1,1,1,1,1,0,1,1,0,0,0,0,0,0,0,0,1,0,0,1,0,0,0,1,1,0
41637610,i40,i40,25,590,124708,1999,5,14,7,1,1,1,1,1,1,1,1,1,1,1,0,0,0,0,0,0,1,0,0,0,0,1,0,0,0,1,0,1
41637867,코나,더 뉴 코나 하이브리드,91,1580,78617,1580,5,4,4,0,0,1,1,1,1,1,1,0,1,1,0,0,0,0,0,0,0,1,0,0,0,1,0,0,0,1,1,0
41637930,싼타페,싼타페 DM,56,770,189881,1995,5,11,17,1,0,1,1,1,1,1,1,1,1,1,0,0,0,0,0,0,0,0,1,0,0,0,0,1,0,1,1,0
41638079,에쿠스,에쿠스(신형),73,650,119941,3778,5,17,9,0,1,1,1,1,1,1,1,1,1,1,0,0,0,0,0,0,1,0,0,0,0,0,1,0,0,1,0,1
41638144,스타렉스,그랜드 스타렉스,50,949,194666,2497,12,12,7,1,0,1,1,1,0,1,1,1,1,1,0,0,0,0,0,0,0,0,1,0,0,0,1,0,0,1,1,0
41638211,그랜저,그랜저 HG,27,880,91645,2359,5,12,2,1,1,1,1,1,1,1,1,0,1,1,0,0,0,0,0,0,1,0,0,0,0,1,0,0,0,1,0,1
41638228,맥스크루즈,맥스크루즈,41,890,220619,2199,6,13,7,0,1,1,1,1,1,1,1,1,1,1,0,0,0,0,0,0,0,0,1,0,0,0,0,0,1,1,1,0
41638316,아반떼,아반떼 AD,62,1030,104281,1591,5,10,1,0,0,1,1,1,1,1,1,0,1,1,0,0,0,0,0,0,1,0,0,0,0,1,0,0,0,1,0,1
41638324,투싼,투싼 ix,101,400,168190,1995,5,17,8,0,0,1,0,0,0,1,1,0,1,1,0,0,0,0,0,0,0,0,1,0,0,0,0,1,0,1,1,0
41638331,쏘나타,쏘나타 (DN8),57,1699,73247,1999,5,7,2,0,1,1,1,1,1,1,1,0,1,1,0,0,0,0,0,1,0,0,0,0,0,1,0,0,0,1,0,1
41638333,아반떼,아반떼 HD,62,380,57519,1591,5,17,3,0,0,1,1,1,0,0,1,0,1,1,0,0,0,0,0,0,1,0,0,0,0,0,0,1,0,1,0,1
41638354,에쿠스,에쿠스(신형),73,595,191999,5038,4,15,2,0,1,1,1,1,1,1,1,1,1,1,0,0,0,0,0,0,1,0,0,0,0,0,1,0,0,1,0,1
41638584,스타렉스,그랜드 스타렉스,50,480,207139,2497,3,16,3,0,0,1,1,0,0,1,1,0,1,1,0,0,0,0,0,0,0,0,1,0,0,1,0,0,0,1,1,0
41638749,그랜저,그랜저 IG,27,1390,110424,2359,5,9,2,1,0,1,1,1,1,1,1,1,1,1,0,0,0,0,0,0,1,0,0,0,0,0,0,1,0,1,0,1
41638795,i30,더 뉴 i30,24,585,183259,1999,5,11,0,0,1,1,0,1,1,0,1,1,1,1,0,0,0,0,0,0,1,0,0,0,0,1,0,0,0,0,0,1
41638830,엑센트,엑센트(신형),74,520,84165,1368,5,13,2,0,0,1,0,0,0,1,1,0,1,1,0,0,0,0,0,0,1,0,0,0,0,1,0,0,0,1,0,1
41638978,쏘나타,쏘나타 (DN8),57,1650,127063,1999,5,5,2,0,1,1,1,1,1,1,1,1,1,1,0,0,0,0,0,0,1,0,0,0,0,0,0,1,0,1,0,1
41639035,그랜저,그랜저 IG,27,1690,66892,2999,5,7,9,0,0,1,1,1,1,1,1,1,1,1,0,0,0,0,0,1,0,0,0,0,0,0,1,0,0,1,0,1
41639200,아반떼,더 뉴 아반떼,62,679,123550,1591,5,11,1,0,0,1,1,1,1,1,1,0,1,1,0,0,0,0,0,0,1,0,0,0,0,0,0,1,0,1,0,1
41639589,쏘나타,YF 쏘나타,57,470,58565,1998,5,16,9,0,0,1,1,1,1,1,1,0,1,1,0,0,0,0,0,0,1,0,0,0,0,1,0,0,0,1,0,1
41639600,그랜저,그랜저 IG,27,1350,149348,2359,5,8,0,0,1,1,1,1,1,1,1,1,1,1,0,0,0,0,0,0,1,0,0,0,0,0,1,0,0,1,0,1
41639825,베라크루즈,베라크루즈,46,770,99065,2959,7,14,1,1,1,1,1,1,1,1,1,0,1,1,0,0,0,0,0,0,0,0,1,0,0,0,0,1,0,1,1,0
41639990,아슬란,아슬란,64,965,116908,3342,5,12,2,0,1,1,1,1,1,1,1,1,1,1,0,0,0,0,0,0,1,0,0,0,0,0,1,0,0,1,0,1
41640475,아이오닉,아이오닉 하이브리드,65,799,170015,1580,5,8,3,0,1,1,1,1,1,1,1,0,1,1,0,0,0,0,0,0,0,1,0,0,0,1,0,0,0,1,0,1
41640511,i40,더 뉴 i40,25,600,203034,1685,5,11,10,1,0,1,1,1,1,1,1,1,1,1,0,0,0,0,0,0,0,0,1,0,0,0,0,0,1,1,0,1
41640599,아반떼,아반떼 (CN7),62,1199,116691,1598,5,5,7,0,0,1,1,0,1,1,1,0,1,1,0,0,0,0,0,0,1,0,0,0,0,1,0,0,0,1,0,1
41640740,그랜저,그랜저 IG,27,1280,161957,2999,5,9,17,0,1,1,1,1,1,1,1,1,1,1,0,0,0,0,0,1,0,0,0,0,0,0,1,0,0,1,0,1
41640748,캐스퍼,캐스퍼,88,1330,52171,998,4,4,0,0,0,1,0,0,1,0,1,1,1,1,0,0,0,0,0,0,1,0,0,0,0,1,0,0,0,1,0,1
41640919,스타렉스,그랜드 스타렉스,50,569,184324,2497,5,11,0,0,0,1,1,0,0,1,1,0,1,1,0,0,0,0,0,0,0,0,1,0,0,0,1,0,0,1,1,0
41641000,스타렉스,그랜드 스타렉스,50,1080,185917,2497,12,11,0,0,0,1,1,0,0,1,1,1,1,1,0,0,0,0,0,0,0,0,1,0,0,0,0,1,0,1,1,0
41641124,아반떼,아반떼 MD,62,401,138456,1591,5,16,6,0,0,1,1,1,1,1,1,0,0,1,0,0,0,0,0,0,1,0,0,0,0,1,0,0,0,1,0,1
41641187,아반떼,아반떼 (CN7),62,1480,79869,1598,5,5,2,0,0,1,1,1,1,1,1,1,1,1,0,0,0,0,0,0,1,0,0,0,0,0,1,0,0,1,0,1
41641396,에쿠스,에쿠스(신형),73,350,244484,3778,5,14,2,0,1,1,1,1,1,1,1,0,1,1,0,0,0,0,0,0,1,0,0,0,0,0,1,0,0,1,0,1
41641471,투싼,올 뉴 투싼,101,1120,148147,1685,5,8,2,0,0,1,1,0,1,1,1,0,1,1,0,0,0,0,0,0,0,0,1,0,0,0,0,1,0,1,1,0
41641637,싼타페,싼타페 DM,56,1100,127959,1995,5,12,11,1,1,1,1,1,1,1,1,1,1,1,0,0,0,0,0,0,0,0,1,0,0,0,0,1,0,1,1,0
41641686,코나,코나,91,1090,137791,1591,5,7,1,0,0,1,1,0,1,0,1,0,1,1,0,0,0,0,0,0,1,0,0,0,0,0,0,1,0,1,1,0
41641717,아반떼,아반떼 AD,62,1050,99446,1591,5,9,4,0,0,1,1,0,1,1,1,0,1,1,0,0,0,0,0,0,1,0,0,0,0,1,0,0,0,1,0,1
41641758,엑센트,엑센트(신형),74,550,113057,1368,5,12,2,0,0,1,1,0,1,1,1,0,1,1,0,0,0,0,0,0,1,0,0,0,0,0,0,1,0,1,0,1
41641815,아반떼,아반떼 MD,62,329,135623,1591,5,15,0,0,0,1,1,1,1,1,1,0,1,1,0,0,0,0,0,0,1,0,0,0,0,0,0,1,0,1,0,1
41641839,싼타페,싼타페 DM,56,730,205653,1995,5,13,13,0,1,1,1,1,1,1,1,1,1,1,0,0,0,0,0,0,0,0,1,0,0,0,0,1,0,1,1,0
41641877,코나,코나,91,1670,78053,1591,5,9,0,1,1,1,1,1,1,1,1,1,1,1,0,0,0,0,0,0,1,0,0,0,0,1,0,0,0,1,1,0
41641900,아반떼,더 뉴 아반떼,62,490,175286,1582,5,12,0,0,0,1,1,1,1,1,1,0,1,1,0,0,0,0,0,0,0,0,1,0,0,1,0,0,0,1,0,1
41641969,아반떼,더 뉴 아반떼 AD,62,1190,77749,1598,5,7,10,0,0,1,1,1,1,1,1,0,1,1,0,0,0,0,0,0,1,0,0,0,0,1,0,0,0,1,0,1
41641976,싼타페,싼타페 TM,56,1650,135550,1995,5,8,3,0,0,1,1,1,1,1,1,1,1,1,0,0,0,0,0,0,0,0,1,0,0,0,0,1,0,1,1,0
41641993,그랜저,그랜저 HG,27,600,174280,2999,5,13,2,0,1,1,1,1,1,1,1,1,1,1,0,0,0,0,0,0,1,0,0,0,0,0,1,0,0,1,0,1
41642054,쏘나타,LF 쏘나타,57,1090,91271,2359,5,12,2,1,1,1,1,1,1,1,1,1,1,1,0,0,0,0,0,0,1,0,0,0,0,1,0,0,0,1,0,1
41642288,스타렉스,그랜드 스타렉스,50,640,238290,2497,12,12,23,1,0,1,0,0,0,0,1,0,1,1,0,0,0,0,0,0,0,0,1,0,0,0,0,1,0,1,1,0
41642414,아반떼,아반떼 MD,62,330,176781,1591,5,16,7,1,0,1,1,1,1,1,1,0,1,1,0,0,0,0,0,0,1,0,0,0,0,1,0,0,0,1,0,1
41642464,엑센트,엑센트(신형),74,770,84071,1368,5,10,5,0,0,1,1,0,1,1,1,0,1,1,0,0,0,0,0,0,1,0,0,0,0,1,0,0,0,1,0,1
41642558,그랜저,그랜저 HG,27,620,175209,2359,5,12,7,1,0,1,1,1,1,1,1,1,1,1,0,0,0,0,0,0,1,0,0,0,0,1,0,0,0,1,0,1
41642616,i30,i30 (PD),24,850,119128,1353,5,9,15,0,0,0,1,0,0,1,1,0,1,1,0,0,0,0,0,0,1,0,0,0,0,1,0,0,0,1,0,1
41642641,제네시스,제네시스,81,585,147611,3342,5,14,9,1,1,1,1,1,1,1,1,1,1,1,0,0,0,0,0,0,1,0,0,0,0,0,0,1,0,1,0,1
41642789,아반떼,아반떼 AD,62,1250,83865,1591,5,8,0,0,0,1,1,0,1,1,1,0,1,1,0,0,0,0,0,0,1,0,0,0,0,1,0,0,0,1,0,1
41642816,캐스퍼,캐스퍼,88,1499,78170,998,4,4,8,0,0,1,1,1,1,1,1,1,1,1,0,0,0,0,0,0,1,0,0,0,0,1,0,0,0,1,0,1
41643014,투싼,투싼 ix,101,350,236296,1995,5,15,13,0,0,1,1,1,1,1,1,1,1,1,0,0,0,0,0,0,0,0,1,0,0,1,0,0,0,1,1,0
41643200,쏘나타,쏘나타 (DN8),57,1590,57688,1999,5,5,8,0,1,1,1,0,1,0,1,0,1,1,0,0,0,0,0,1,0,0,0,0,0,0,1,0,0,1,0,1
41643453,그랜저,그랜저 IG,27,1299,118000,2199,5,9,2,0,0,1,1,1,1,1,1,0,1,1,0,0,0,0,0,0,0,0,1,0,0,0,0,1,0,1,0,1
41643462,아반떼,아반떼 (CN7),62,1680,43972,1598,5,6,2,0,0,0,0,0,0,0,0,0,0,1,0,0,0,0,0,0,1,0,0,0,0,0,0,1,0,1,0,1
41643492,아반떼,아반떼 AD,62,990,70285,1591,5,10,0,0,0,1,1,1,0,1,1,0,1,1,0,0,0,0,0,0,1,0,0,0,0,0,0,1,0,1,0,1
41643571,쏘나타,쏘나타 더 브릴리언트,57,790,24809,1999,5,13,7,0,0,1,1,1,1,1,1,0,1,1,0,0,0,0,0,0,1,0,0,0,0,0,0,1,0,1,0,1
41643607,스타렉스,그랜드 스타렉스,50,990,80333,2359,3,14,5,0,0,1,0,0,0,0,1,0,1,1,0,0,0,0,0,1,0,0,0,0,0,0,0,1,0,1,1,0
41643663,그랜저,그랜저 HG,27,349,170293,2999,5,15,9,0,0,1,1,1,1,1,1,1,1,1,0,0,0,0,0,0,1,0,0,0,0,0,1,0,0,1,0,1
41643769,그랜저,그랜저 HG,27,680,76824,2359,5,15,6,1,0,1,1,1,1,1,1,0,1,1,0,0,0,0,0,0,1,0,0,0,0,1,0,0,0,1,0,1
41644401,제네시스,제네시스 DH,81,980,199367,3342,5,11,1,0,1,1,1,1,1,1,1,1,1,1,0,0,0,0,0,0,1,0,0,0,0,0,1,0,0,1,0,1
41644485,i40,더 뉴 i40 살룬,25,690,130615,1685,5,10,0,0,0,1,1,1,1,1,1,0,0,1,0,0,0,0,0,0,0,0,1,0,0,1,0,0,0,1,0,1
41644532,스타렉스,그랜드 스타렉스,50,1020,128068,2359,3,16,6,0,0,0,1,0,0,1,1,0,1,1,0,0,0,0,0,1,0,0,0,0,0,1,0,0,0,1,1,0
41644764,그랜저,그랜저 IG,27,1099,151031,2359,5,9,16,0,1,1,1,1,1,1,1,1,1,1,0,0,0,0,0,0,1,0,0,0,0,0,1,0,0,1,0,1
41645056,아반떼,아반떼 (CN7),62,1400,86240,1598,5,6,5,0,0,1,1,1,1,1,0,0,1,1,0,0,0,0,0,0,1,0,0,0,0,1,0,0,0,1,0,1
41645186,아이오닉5,아이오닉5,66,744,71288,111,5,4,2,0,1,1,1,1,1,1,1,1,1,1,0,0,0,0,0,0,0,0,0,1,0,0,0,1,0,1,0,1
41645299,제네시스,제네시스 DH,81,1150,93251,3342,5,12,6,0,1,1,1,1,1,1,1,1,1,1,0,0,0,0,0,0,1,0,0,0,0,0,1,0,0,1,0,1
41645314,투싼,올 뉴 투싼,101,1170,135283,1995,5,9,2,0,0,1,1,0,1,1,1,0,1,1,0,0,0,0,0,0,0,0,1,0,0,1,0,0,0,1,1,0
41645475,쏘나타,LF 쏘나타 하이브리드,57,990,123910,1999,5,11,2,0,0,1,1,1,1,1,1,0,1,1,0,0,0,0,0,0,0,1,0,0,0,1,0,0,0,1,0,1
41645601,캐스퍼,캐스퍼,88,1390,46213,998,4,3,4,0,0,1,1,1,1,1,1,1,1,1,0,0,0,0,0,0,1,0,0,0,0,1,0,0,0,1,0,1
41645661,i40,더 뉴 i40 살룬,25,770,124779,1685,5,10,2,0,0,1,1,1,1,1,1,1,1,1,0,0,0,0,0,0,0,0,1,0,0,0,0,1,0,1,0,1
41645759,스타렉스,더 뉴 그랜드 스타렉스,50,1550,130376,2497,3,7,1,0,0,1,1,0,0,1,1,0,1,1,0,0,0,0,0,0,0,0,1,0,0,1,0,0,0,1,1,0
41645870,투싼,올 뉴 투싼,101,1650,118838,1995,5,11,0,1,1,1,1,1,1,1,1,1,1,1,0,0,0,0,0,0,0,0,1,0,0,1,0,0,0,1,1,0
41645958,제네시스,제네시스 DH,81,1100,137308,3342,5,12,3,0,1,1,1,1,1,1,1,1,1,1,0,0,0,0,0,0,1,0,0,0,0,0,1,0,0,1,0,1
41646018,코나,코나 일렉트릭,91,1649,140613,180,5,7,5,0,1,1,1,1,1,1,1,1,1,1,0,0,0,0,0,0,0,0,0,1,0,1,0,0,0,1,1,0
41646067,그랜저,그랜저 HG,27,1020,85026,2359,5,11,0,0,1,1,1,1,1,1,1,1,1,1,0,0,0,0,0,0,1,0,0,0,0,0,1,0,0,1,0,1
41646071,아반떼,아반떼 AD,62,1250,110810,1591,5,8,1,0,1,1,1,1,1,1,1,1,1,1,0,0,0,0,0,0,1,0,0,0,0,0,1,0,0,1,0,1
41647084,싼타페,싼타페 DM,56,1030,98789,1995,5,13,4,0,1,1,1,1,1,1,1,1,1,1,0,0,0,0,0,0,0,0,1,0,0,0,0,1,0,1,1,0
41647259,싼타페,싼타페 더 프라임,56,1470,143025,1995,5,9,5,1,1,1,1,1,1,1,1,1,1,1,0,0,0,0,0,0,0,0,1,0,0,1,0,0,0,1,1,0
41647312,제네시스,제네시스 DH,81,1690,28125,3342,5,10,4,0,1,1,1,1,1,1,1,1,1,1,0,0,0,0,0,0,1,0,0,0,0,0,0,1,0,1,0,1
41647339,아반떼,더 뉴 아반떼,62,730,22826,1591,5,12,14,0,0,1,0,1,0,0,1,0,1,1,0,0,0,0,0,0,1,0,0,0,0,0,0,1,0,1,0,1
41647447,싼타페,싼타페 CM,56,340,221392,1995,7,15,9,0,0,1,1,1,0,0,1,0,1,1,0,0,0,0,0,0,0,0,1,0,0,1,0,0,0,1,1,0
41647466,투싼,올 뉴 투싼,101,1070,143344,1995,5,9,7,0,0,1,1,0,1,0,1,0,1,1,0,0,0,0,0,0,0,0,1,0,0,1,0,0,0,1,1,0
41647589,투싼,올 뉴 투싼,101,1350,70513,1598,5,8,2,0,0,1,1,0,0,0,0,0,1,1,0,0,0,0,0,0,0,0,1,0,0,0,0,1,0,1,1,0
41647634,그랜저,그랜저 HG,27,950,101664,2999,5,13,3,0,1,1,1,1,1,1,1,1,1,1,0,0,0,0,0,1,0,0,0,0,0,1,0,0,0,1,0,1
41647662,아반떼,아반떼 하이브리드 (CN7),62,1490,97649,1580,5,4,2,0,0,1,0,1,0,0,0,0,1,1,0,0,0,0,0,0,0,1,0,0,0,1,0,0,0,1,0,1
41647745,캐스퍼,캐스퍼,88,1340,56969,998,4,5,0,1,0,1,1,1,1,1,0,0,1,1,0,0,0,0,0,0,1,0,0,0,0,1,0,0,0,1,0,1
41647822,싼타페,싼타페 더 프라임,56,1200,172325,1995,5,9,2,0,1,1,1,1,1,1,1,1,1,1,0,0,0,0,0,0,0,0,1,0,0,1,0,0,0,1,1,0
41647892,투싼,올 뉴 투싼,101,960,117826,1685,5,10,5,0,0,1,1,1,1,1,1,1,1,1,0,0,0,0,0,0,0,0,1,0,0,0,0,1,0,1,1,0
41647972,아반떼,아반떼 AD,62,800,127921,1591,5,9,2,0,0,1,1,1,1,1,1,1,1,1,0,0,0,0,0,0,1,0,0,0,0,0,0,1,0,1,0,1
41648010,아반떼,더 뉴 아반떼,62,850,50040,1591,5,13,1,0,0,1,1,1,1,1,1,0,1,1,0,0,0,0,0,0,1,0,0,0,0,1,0,0,0,1,0,1
41648167,아이오닉,아이오닉 하이브리드,65,1550,43830,1580,5,10,0,0,0,1,1,1,1,1,1,1,1,1,0,0,0,0,0,0,0,1,0,0,0,1,0,0,0,1,0,1
41648217,제네시스 쿠페,더 뉴 제네시스 쿠페,82,890,161208,1998,4,11,9,1,1,1,1,1,1,1,1,0,1,1,0,0,0,0,0,0,1,0,0,0,0,0,1,0,0,1,0,1
41648360,엑센트,엑센트(신형),74,550,90219,1399,5,15,2,0,0,1,1,0,0,1,1,0,1,1,0,0,0,0,0,0,1,0,0,0,0,0,0,1,0,1,0,1
41648514,베뉴,베뉴,45,1460,106527,1598,5,7,2,0,1,1,1,1,1,1,1,0,1,1,0,0,0,0,0,0,1,0,0,0,0,0,0,0,1,1,1,0
41648699,쏘나타,LF 쏘나타 하이브리드,57,1650,74209,1999,5,11,1,1,1,1,1,1,1,1,1,1,1,1,0,0,0,0,0,0,0,1,0,0,0,1,0,0,0,1,0,1
41648846,스타렉스,그랜드 스타렉스,50,1230,102658,2497,12,10,2,0,0,1,1,0,0,1,1,0,1,1,0,0,0,0,0,0,0,0,1,0,0,0,0,1,0,1,1,0
41648907,싼타페,싼타페 DM,56,960,140114,1995,5,12,6,1,1,1,1,1,1,1,1,1,1,1,0,0,0,0,0,0,0,0,1,0,0,1,0,0,0,1,1,0
41649029,쏘나타,쏘나타 (DN8),57,1530,105697,1999,5,5,2,0,1,1,1,1,1,1,1,1,1,1,0,0,0,0,0,0,1,0,0,0,0,0,0,1,0,1,0,1
41649138,그랜저,그랜저 HG,27,1050,42771,2999,5,11,5,0,0,1,1,1,1,1,1,1,1,1,0,0,0,0,0,0,1,0,0,0,0,0,1,0,0,1,0,1
41649270,제네시스,제네시스 DH,81,950,277526,3342,5,10,7,1,1,1,1,1,1,1,1,1,1,1,0,0,0,0,0,0,0,1,0,0,0,0,1,0,0,1,0,1
41649289,투싼,올 뉴 투싼,101,1690,83544,1995,5,9,4,1,1,1,1,1,1,1,1,1,1,1,0,0,0,0,0,0,0,0,1,0,0,0,0,1,0,1,1,0
41649407,스타렉스,더 뉴 그랜드 스타렉스,50,1299,279253,2497,9,8,3,0,0,1,1,1,0,1,1,1,1,1,0,0,0,0,0,0,0,0,1,0,0,0,0,1,0,1,1,0
41649519,아반떼,더 뉴 아반떼,62,850,105437,1591,5,12,1,0,0,1,1,1,1,1,1,0,1,1,0,0,0,0,0,0,1,0,0,0,0,1,0,0,0,1,0,1
41649609,그랜저,그랜저 HG,27,990,43619,2359,5,12,4,0,0,1,1,1,1,1,1,0,1,1,0,0,0,0,0,0,1,0,0,0,0,0,0,1,0,1,0,1
41649613,제네시스,제네시스 DH,81,1090,169608,3342,5,10,2,1,1,1,1,1,1,1,1,1,1,1,0,0,0,0,0,0,1,0,0,0,0,0,1,0,0,1,0,1
41649669,쏘나타,LF 쏘나타,57,930,115418,1999,5,9,10,0,0,1,1,1,1,1,1,0,1,1,0,0,0,0,0,0,1,0,0,0,0,0,0,1,0,1,0,1
41649703,캐스퍼,캐스퍼,88,1490,33331,998,4,5,0,0,0,1,1,1,1,1,1,1,1,1,0,0,0,0,0,0,1,0,0,0,0,1,0,0,0,1,0,1
41649738,스타렉스,그랜드 스타렉스,50,590,109243,2497,15,11,31,0,0,1,1,0,0,0,1,0,1,1,0,0,0,0,0,0,0,0,1,0,0,0,0,0,1,1,1,0
41649757,코나,코나,91,1250,127474,1582,5,8,0,0,0,1,1,1,1,1,1,1,1,1,0,0,0,0,0,0,0,0,1,0,0,1,0,0,0,1,1,0
41649773,제네시스,제네시스,81,920,109387,3342,5,13,7,0,1,1,1,1,1,1,1,1,1,1,0,0,0,0,0,0,1,0,0,0,0,1,0,0,0,1,0,1
41649831,팰리세이드,더 뉴 팰리세이드,107,980,33698,2199,7,2,0,0,1,1,1,1,1,1,1,1,1,1,0,0,0,0,0,0,0,0,1,0,0,0,1,0,0,1,1,0
41649851,제네시스,제네시스 DH,81,1199,150206,3342,5,12,7,0,1,1,1,1,1,1,1,1,1,1,0,0,0,0,0,0,1,0,0,0,0,0,1,0,0,1,0,1
41649858,i40,i40 살룬,25,590,97282,1999,5,14,0,1,0,1,1,1,1,1,1,0,1,1,0,0,0,0,0,0,1,0,0,0,0,0,0,1,0,1,0,1
41650057,투싼,투싼 ix,101,520,165608,1995,5,16,4,1,0,1,0,1,1,0,1,0,1,1,0,0,0,0,0,0,0,0,1,0,0,1,0,0,0,1,1,0
41650545,투싼,올 뉴 투싼,101,999,159250,1685,5,9,0,0,0,1,1,1,1,1,1,0,1,1,0,0,0,0,0,0,0,0,1,0,0,0,0,1,0,1,1,0
41650898,싼타페,싼타페 더 프라임,56,1060,173748,1995,5,10,2,0,0,1,1,1,1,1,1,1,1,1,0,0,0,0,0,0,0,0,1,0,0,0,0,1,0,1,1,0
41650901,아반떼,아반떼 (CN7),62,1690,74205,1598,5,3,13,1,1,1,1,1,1,1,1,1,1,1,0,0,0,0,0,0,1,0,0,0,0,1,0,0,0,1,0,1
41651083,쏘나타,YF 쏘나타,57,450,115160,1999,5,15,4,0,0,1,1,1,1,1,1,1,1,1,0,0,0,0,0,1,0,0,0,0,0,0,0,1,0,1,0,1
41651085,i30,i30 (PD),24,1250,47378,1353,5,9,7,0,0,0,1,0,0,1,0,0,0,1,0,0,0,0,0,0,1,0,0,0,0,0,0,0,1,1,0,1
41651257,제네시스 쿠페,제네시스 쿠페,82,390,106359,1998,4,17,2,1,1,1,1,1,1,0,1,0,1,1,0,0,0,0,0,0,1,0,0,0,0,0,0,1,0,1,0,1
41651295,그랜저,그랜저 HG 하이브리드,27,777,162952,2359,5,11,2,0,0,1,1,1,1,1,1,1,1,1,0,0,0,0,0,0,0,1,0,0,0,0,1,0,0,1,0,1
41651329,넥쏘,넥쏘,28,1120,176344,111,5,6,7,1,1,1,1,1,1,1,1,1,1,1,0,0,0,0,0,0,0,0,0,0,1,0,0,1,0,1,1,0
41651426,갤로퍼,갤로퍼 2,26,550,150448,2972,9,27,13,0,0,0,0,0,0,0,0,0,0,1,0,0,0,0,0,1,0,0,0,0,0,0,0,1,0,1,1,0
41651461,제네시스,제네시스,81,430,270821,3342,5,13,10,0,1,1,1,1,1,1,1,1,1,1,0,0,0,0,0,0,1,0,0,0,0,0,1,0,0,1,0,1
41651473,스타렉스,그랜드 스타렉스,50,900,222714,2497,5,9,0,0,0,1,1,0,0,1,1,1,1,1,0,0,0,0,0,0,0,0,1,0,0,0,0,0,1,1,1,0
41651481,투싼,투싼 ix,101,487,183352,1995,5,14,4,0,0,1,1,0,1,1,1,0,1,1,0,0,0,0,0,0,0,0,1,0,0,0,0,1,0,1,1,0
41651501,쏘나타,YF 쏘나타,57,327,143928,1998,5,16,5,1,0,1,1,1,0,1,1,0,1,1,0,0,0,0,0,0,1,0,0,0,0,1,0,0,0,1,0,1
41651631,쏘나타,쏘나타 하이브리드,57,340,241533,1999,5,13,4,0,0,1,1,1,1,1,1,0,1,1,0,0,0,0,0,0,0,1,0,0,0,1,0,0,0,1,0,1
41652006,스타렉스,그랜드 스타렉스,50,899,210000,2497,12,12,12,0,0,1,1,0,0,1,1,0,1,1,0,0,0,0,0,0,0,0,1,0,0,1,0,0,0,1,1,0
41652021,쏘나타,LF 쏘나타,57,670,142080,1999,5,12,12,0,1,1,1,1,1,1,1,1,1,1,0,0,0,0,0,0,1,0,0,0,0,0,1,0,0,1,0,1
41652028,그랜저,그랜저 HG,27,870,67491,2359,5,11,2,0,1,1,1,1,1,1,1,0,1,1,0,0,0,0,0,0,1,0,0,0,0,0,1,0,0,1,0,1
41652059,쏘나타,LF 쏘나타,57,1050,135303,1999,5,11,1,0,1,1,1,1,1,1,1,1,1,1,0,0,0,0,0,0,1,0,0,0,0,1,0,0,0,1,0,1
41652147,쏘나타,쏘나타 더 브릴리언트,57,580,161317,1999,5,12,2,0,1,1,1,1,1,1,1,1,1,1,0,0,0,0,0,0,1,0,0,0,0,1,0,0,0,1,0,1
41652176,아반떼,더 뉴 아반떼,62,690,90971,1591,5,12,6,0,0,1,1,1,1,1,1,0,1,1,0,0,0,0,0,0,1,0,0,0,0,0,0,1,0,1,0,1
41652212,싼타페,싼타페 DM,56,830,181282,1995,5,13,8,0,1,1,1,1,1,1,1,1,1,1,0,0,0,0,0,0,0,0,1,0,0,1,0,0,0,1,1,0
41652221,맥스크루즈,더 뉴 맥스크루즈,41,1200,181385,2199,6,10,9,0,1,1,1,1,1,1,1,1,1,1,0,0,0,0,0,0,0,0,1,0,0,0,0,0,1,1,1,0
41652244,아반떼,아반떼 (CN7),62,1290,82268,1598,5,6,0,0,0,1,1,1,1,1,0,0,0,1,0,0,0,0,0,0,1,0,0,0,0,0,0,1,0,1,0,1
41652251,투싼,올 뉴 투싼,101,980,139423,1685,5,10,8,0,0,1,1,1,1,1,1,0,1,1,0,0,0,0,0,0,0,0,1,0,0,0,0,1,0,1,1,0
41652252,그랜저,그랜저 IG,27,1350,141946,2999,5,9,2,0,0,1,1,1,1,1,1,1,1,1,0,0,0,0,0,0,1,0,0,0,0,0,1,0,0,1,0,1
41652421,투싼,올 뉴 투싼,101,1070,107684,1995,5,11,4,0,0,1,1,0,0,0,0,0,1,1,0,0,0,0,0,0,0,0,1,0,0,1,0,0,0,1,1,0
41652487,싼타페,싼타페 CM,56,590,118088,1995,7,16,4,0,0,1,1,1,0,1,1,0,1,1,0,0,0,0,0,0,0,0,1,0,0,1,0,0,0,1,1,0
41652543,쏘나타,YF 쏘나타,57,450,176375,1999,5,14,6,0,0,1,1,1,1,1,1,0,1,1,0,0,0,0,0,0,1,0,0,0,0,0,1,0,0,1,0,1
41652655,그랜저,그랜저 HG,27,450,188796,2359,5,13,10,0,1,1,1,1,1,1,1,0,1,1,0,0,0,0,0,0,1,0,0,0,0,0,1,0,0,1,0,1
41652781,싼타페,싼타페 DM,56,950,155154,1995,5,12,11,1,1,1,1,1,1,1,1,1,1,1,0,0,0,0,0,0,0,0,1,0,0,1,0,0,0,1,1,0
41652981,쏘나타,YF 쏘나타,57,490,163014,1999,5,14,6,1,0,1,1,1,1,1,1,0,1,1,0,0,0,0,0,0,1,0,0,0,0,0,0,1,0,1,0,1
41653063,스타렉스,그랜드 스타렉스,50,990,179101,2497,12,10,4,0,0,1,1,0,0,1,1,0,1,1,0,0,0,0,0,0,0,0,1,0,0,0,0,1,0,1,1,0
41653122,아반떼,아반떼 AD,62,920,86078,1591,5,10,10,0,0,1,1,1,1,1,1,0,1,1,0,0,0,0,0,0,1,0,0,0,0,0,0,1,0,1,0,1
41653634,그랜저,그랜저 HG,27,680,151536,2359,5,12,5,0,0,1,1,1,1,1,1,1,1,1,0,0,0,0,0,0,1,0,0,0,0,0,0,1,0,1,0,1
41653650,아반떼,아반떼 (CN7),62,1650,106890,1598,5,6,2,0,0,1,1,1,1,1,1,1,1,1,0,0,0,0,0,0,1,0,0,0,0,0,1,0,0,1,0,1
41653835,그랜저,그랜저 HG,27,730,104960,2999,5,15,2,1,1,1,1,1,1,1,1,1,1,1,0,0,0,0,0,0,1,0,0,0,0,1,0,0,0,1,0,1
41653846,벨로스터,벨로스터,47,730,119102,1591,4,12,2,1,0,1,1,1,1,1,1,0,1,1,0,0,0,0,0,0,1,0,0,0,0,0,0,0,1,1,0,1
41653915,그랜저,그랜저 IG,27,1580,108196,2999,5,9,2,0,1,1,1,1,1,1,1,1,1,1,0,0,0,0,0,0,1,0,0,0,0,0,1,0,0,1,0,1
41653921,아반떼,더 뉴 아반떼 (CN7),62,1620,36698,1598,5,3,0,0,1,1,1,0,0,0,0,0,1,1,0,0,0,0,0,0,1,0,0,0,0,0,0,1,0,1,0,1
41653926,싼타페,싼타페 더 프라임,56,1530,122888,1995,5,10,0,1,1,1,1,1,1,1,1,1,1,1,0,0,0,0,0,0,0,0,1,0,0,1,0,0,0,1,1,0
41654325,그랜저,그랜저 IG,27,1500,91184,2359,5,9,2,0,1,1,1,1,1,1,1,1,1,1,0,0,0,0,0,0,1,0,0,0,0,0,1,0,0,1,0,1
41654478,쏘나타,YF 쏘나타,57,550,53324,1998,5,16,3,0,0,1,1,1,1,1,1,0,1,1,0,0,0,0,0,0,1,0,0,0,0,1,0,0,0,1,0,1
41654534,쏘나타,쏘나타 더 브릴리언트,57,520,147605,1999,5,14,5,0,1,1,1,1,1,1,1,1,1,1,0,0,0,0,0,0,1,0,0,0,0,0,1,0,0,1,0,1
41654681,코나,코나 (SX2),91,374,7,1598,5,0,2,0,1,1,1,0,1,0,1,1,1,1,0,0,0,0,0,0,1,0,0,0,0,1,0,0,0,1,1,0
41654717,코나,코나 (SX2),91,374,7,1598,5,1,2,0,1,1,1,0,1,0,1,1,1,1,0,0,0,0,0,0,1,0,0,0,0,1,0,0,0,1,1,0
41654781,코나,코나 (SX2),91,374,7,1598,5,0,2,0,1,1,1,0,1,0,1,1,1,1,0,0,0,0,0,0,1,0,0,0,0,1,0,0,0,1,1,0
41654790,그랜저,그랜저 HG,27,369,172338,2359,5,15,17,0,0,1,1,1,1,0,1,0,1,1,0,0,0,0,0,0,1,0,0,0,0,0,1,0,0,1,0,1
41654927,스타렉스,더 뉴 그랜드 스타렉스,50,1120,240019,2497,9,8,2,0,0,0,0,0,0,0,0,0,0,1,0,0,0,0,0,0,0,0,1,0,0,0,0,1,0,1,1,0
41655034,캐스퍼,캐스퍼,88,1111,11111,998,4,2,2,0,0,1,0,0,0,0,0,0,0,1,0,0,0,0,0,0,1,0,0,0,0,0,0,0,1,1,0,1
41655604,그랜저,그랜저 HG,27,730,101682,2359,5,11,9,0,0,1,1,1,1,1,1,0,1,1,0,0,0,0,0,0,1,0,0,0,0,0,1,0,0,1,0,1
41655819,쏘나타,쏘나타 더 브릴리언트,57,580,184014,1999,5,14,2,0,0,1,0,0,1,0,1,0,1,1,0,0,0,0,0,0,1,0,0,0,0,0,0,1,0,1,0,1
41656161,스타렉스,그랜드 스타렉스,50,890,111439,2497,5,13,9,0,0,1,1,0,0,1,1,1,1,1,0,0,0,0,0,0,0,0,1,0,0,0,0,1,0,1,1,0
41656323,에쿠스,에쿠스,73,490,236762,4498,4,20,2,0,1,1,1,1,0,1,1,0,1,1,0,0,0,0,0,0,1,0,0,0,0,0,1,0,0,1,0,1
41656364,그랜저,그랜저 HG,27,430,150426,2999,5,15,2,0,0,1,1,1,1,1,1,1,1,1,0,0,0,0,0,0,1,0,0,0,0,0,0,1,0,1,0,1
41656438,아반떼,아반떼 AD,62,930,82215,1591,5,9,13,0,0,1,1,0,1,1,1,0,1,1,0,0,0,0,0,0,1,0,0,0,0,1,0,0,0,1,0,1
41656623,그랜저,그랜저 IG,27,1390,122632,2359,5,8,2,1,0,1,1,1,1,1,1,1,1,1,0,0,0,0,0,0,1,0,0,0,0,0,1,0,0,1,0,1
41656763,싼타페,싼타페 더 프라임,56,1190,189638,1995,5,10,2,0,1,1,1,1,1,1,1,1,1,1,0,0,0,0,0,0,0,0,1,0,0,0,0,1,0,1,1,0
41657240,투싼,올 뉴 투싼,101,1440,119475,1598,5,6,2,0,0,1,1,0,1,0,1,0,1,1,0,0,0,0,0,0,0,0,1,0,0,0,0,1,0,1,1,0
41657301,벨로스터,벨로스터 (JS),47,1599,72360,1591,4,7,1,1,1,1,1,1,1,1,1,1,1,1,0,0,0,0,0,0,1,0,0,0,0,0,0,1,0,1,0,1
41657713,투싼,올 뉴 투싼,101,1480,110124,1598,5,7,3,0,0,1,1,1,1,1,1,1,1,1,0,0,0,0,0,0,0,0,1,0,0,1,0,0,0,1,1,0
41657896,싼타페,싼타페 DM,56,850,163000,1995,5,12,2,0,0,1,1,1,1,1,1,1,1,1,0,0,0,0,0,0,0,0,1,0,0,1,0,0,0,1,1,0
41658037,아반떼,아반떼 MD,62,490,115564,1591,5,14,6,0,0,1,1,1,1,1,1,0,1,1,0,0,0,0,0,0,1,0,0,0,0,0,1,0,0,1,0,1
41658175,제네시스,제네시스 DH,81,1090,319483,3778,5,12,20,0,1,1,1,1,1,1,1,1,1,1,0,0,0,0,0,0,1,0,0,0,0,1,0,0,0,1,0,1
41658471,아반떼,아반떼 AD,62,1190,67724,1591,5,9,10,0,0,1,1,1,1,1,1,1,1,1,0,0,0,0,0,0,1,0,0,0,0,1,0,0,0,1,0,1
41658628,쏘나타,쏘나타 (DN8),57,1590,53219,1999,5,7,2,0,1,1,1,1,1,1,1,0,1,1,0,0,0,0,0,0,1,0,0,0,0,0,1,0,0,1,0,1
41658857,아반떼,아반떼 AD,62,1200,56950,1591,5,8,3,0,0,1,1,0,1,1,1,0,1,1,0,0,0,0,0,0,1,0,0,0,0,1,0,0,0,1,0,1
41658996,아반떼,더 뉴 아반떼 AD,62,1590,8648,1598,5,7,3,0,1,1,1,1,1,1,1,1,1,1,0,0,0,0,0,0,1,0,0,0,0,0,0,1,0,1,0,1
41659189,투싼,올 뉴 투싼,101,1250,56576,1685,5,8,1,0,0,1,1,0,1,1,1,0,1,1,0,0,0,0,0,0,0,0,1,0,0,0,0,1,0,1,1,0
41659631,쏘나타,쏘나타 (DN8),57,1350,140870,1999,5,7,2,0,1,1,1,1,1,1,1,0,1,1,0,0,0,0,0,0,1,0,0,0,0,0,0,1,0,1,0,1
41659658,쏘나타,쏘나타 하이브리드,57,510,130917,1999,5,12,8,0,1,1,1,1,1,1,1,1,1,1,0,0,0,0,0,0,0,1,0,0,0,1,0,0,0,1,0,1
41660886,캐스퍼,캐스퍼,88,999,59985,998,4,4,10,0,0,1,1,1,1,1,1,1,1,1,0,0,0,0,0,0,1,0,0,0,0,1,0,0,0,1,0,1
41660935,아반떼,더 뉴 아반떼 AD,62,1155,161289,1598,5,7,0,0,1,1,1,0,1,1,1,0,1,1,0,0,0,0,0,0,1,0,0,0,0,1,0,0,0,1,0,1
41661003,캐스퍼,캐스퍼,88,1310,19856,998,4,4,2,0,0,1,0,0,0,0,0,0,0,1,0,0,0,0,0,0,1,0,0,0,0,1,0,0,0,1,0,1
41661007,싼타페,싼타페 더 프라임,56,1460,123815,1995,5,9,7,1,1,1,1,1,1,1,1,1,1,1,0,0,0,0,0,0,0,0,1,0,0,0,0,0,1,1,1,0
41661015,코나,코나,91,1520,15183,1591,5,9,6,0,0,1,1,0,1,1,1,1,1,1,0,0,0,0,0,0,1,0,0,0,0,1,0,0,0,1,1,0
41661138,에쿠스,에쿠스(신형),73,699,155000,5038,5,15,2,0,1,1,1,1,1,1,1,1,1,1,0,0,0,0,0,0,1,0,0,0,0,0,1,0,0,1,0,1
41661225,캐스퍼,캐스퍼,88,1690,43231,998,4,5,4,0,0,1,1,1,1,1,1,1,1,1,0,0,0,0,0,0,1,0,0,0,0,1,0,0,0,1,0,1
41662053,스타렉스,더 뉴 그랜드 스타렉스,50,699,235686,2497,3,7,0,0,0,1,0,0,0,0,0,0,1,1,0,0,0,0,0,0,0,0,1,0,0,0,0,0,1,1,1,0
41662268,투싼,올 뉴 투싼,101,909,122135,1685,5,10,8,0,0,1,1,0,1,1,1,0,1,1,0,0,0,0,0,0,0,0,1,0,0,0,0,1,0,1,1,0
41662329,쏘나타,쏘나타 뉴 라이즈,57,749,242899,1999,5,9,6,0,0,1,1,1,1,1,1,0,1,1,0,0,0,0,0,1,0,0,0,0,0,1,0,0,0,1,0,1
41662520,그랜저,그랜저 IG,27,1500,78976,2359,5,9,7,0,0,1,1,1,1,1,1,1,1,1,0,0,0,0,0,0,1,0,0,0,0,0,1,0,0,1,0,1
41663513,그랜저,그랜저 IG,27,1299,151432,2359,5,9,2,0,1,1,1,1,1,1,1,1,1,1,0,0,0,0,0,0,1,0,0,0,0,0,1,0,0,1,0,1
41663572,아반떼,더 뉴 아반떼 AD,62,1200,130000,1598,5,7,2,0,0,1,0,0,1,0,1,0,1,1,0,0,0,0,0,0,1,0,0,0,0,1,0,0,0,1,0,1
41663737,싼타페,싼타페 더 프라임,56,1090,159423,1995,5,9,10,0,0,1,1,1,1,1,1,1,1,1,0,0,0,0,0,0,0,0,1,0,0,0,1,0,0,1,1,0
