매물ID,모델_CV_TE,현재가격_만원,모델,모델_원본,모델_LE,주행거리_km,배기량_cc,좌석수,차량연령,사고강도점수,주요옵션_선루프,주요옵션_헤드램프 (LED),주요옵션_주차감지센서,주요옵션_후방카메라,주요옵션_자동에어컨,주요옵션_스마트키,주요옵션_내비게이션,주요옵션_열선시트,주요옵션_통풍시트,주요옵션_가죽시트,제조사_현대,제조사_기아,제조사_제네시스,제조사_KG모빌리티(쌍용),제조사_쉐보레(GM대우),제조사_르노코리아(삼성),연료_LPG,연료_가솔린,연료_하이브리드,연료_디젤,연료_전기,연료_수소,색상_흰색,색상_검정색,색상_은색,색상_기타,변속기_오토계열,차급_SUV계열,차급_세단계열
41650046,5313.932698356571,4610,GV80,GV80,9,89205,3470,5,5,1,1,1,1,1,1,1,1,1,1,1,0,0,1,0,0,0,0,1,0,0,0,0,0,0,0,1,1,1,0
40758694,2766.3800913523883,2275,렉스턴,더 뉴 렉스턴 스포츠 칸,35,67454,2157,5,5,0,0,1,1,1,1,1,1,1,1,1,0,0,0,1,0,0,0,0,0,1,0,0,0,0,0,1,1,1,0
41241822,2620.1903020024697,2090,쏘나타,쏘나타 (DN8),57,10064,1598,5,5,5,0,1,1,1,0,1,0,1,0,1,1,0,0,0,0,0,0,1,0,0,0,0,0,0,1,0,1,0,1
41272976,5008.326934333097,7090,G90,G90 (RS4),6,99678,3470,4,4,2,0,1,1,1,1,1,1,1,1,1,0,0,1,0,0,0,0,1,0,0,0,0,0,1,0,0,1,0,1
41483459,3067.673489216629,2250,싼타페,싼타페 TM,56,72101,1998,5,8,0,1,1,1,1,1,1,1,1,1,1,1,0,0,0,0,0,0,1,0,0,0,0,0,0,1,0,1,1,0
41565522,2887.6126226256356,2730,그랜저,더 뉴 그랜저 IG,27,32572,2497,5,6,1,0,1,1,1,1,1,1,1,1,1,1,0,0,0,0,0,0,1,0,0,0,0,0,1,0,0,1,0,1
41386985,3276.955066568482,2930,카니발,카니발 4세대,85,53677,2151,9,6,0,0,1,1,1,1,1,1,1,1,1,0,1,0,0,0,0,0,0,0,1,0,0,1,0,0,0,1,1,0
40995630,3276.955066568482,2420,카니발,카니발 4세대,85,111436,2151,9,6,2,0,1,1,1,1,1,1,1,1,1,0,1,0,0,0,0,0,0,0,1,0,0,0,1,0,0,1,1,0
41365021,2917.9076270847495,2970,그랜저,그랜저 (GN7),27,33028,2497,5,4,14,0,1,1,1,1,1,1,1,1,1,1,0,0,0,0,0,0,1,0,0,0,0,0,1,0,0,1,0,1
40918027,3709.4577210734715,3250,모하비,모하비 더 마스터,43,53366,2959,5,6,1,0,1,1,1,1,1,1,1,1,1,0,1,0,0,0,0,0,0,0,1,0,0,0,0,1,0,1,1,0
40933351,3063.629778185483,3030,싼타페,더 뉴 싼타페,56,116314,2151,5,6,3,1,1,1,1,1,1,1,1,1,1,1,0,0,0,0,0,0,0,0,1,0,0,1,0,0,0,1,1,0
41524599,3835.924823652034,6190,G80,G80 (RG3),5,26197,2497,5,1,0,1,1,1,1,1,1,1,1,1,1,0,0,1,0,0,0,0,1,0,0,0,0,0,1,0,0,1,0,1
41561667,5313.932698356571,5079,GV80,GV80,9,51619,2996,5,4,13,1,1,1,1,1,1,1,1,1,1,0,0,1,0,0,0,0,0,0,1,0,0,1,0,0,0,1,1,0
41455363,4952.810596887665,8230,G90,G90 (RS4),6,89086,3470,4,3,2,0,1,1,1,1,1,1,1,1,1,0,0,1,0,0,0,0,1,0,0,0,0,0,1,0,0,1,0,1
41225612,2949.416836726581,3440,스포티지,스포티지 5세대 하이브리드,55,20867,1598,5,3,0,0,1,1,1,1,1,1,1,1,1,0,1,0,0,0,0,0,0,1,0,0,0,1,0,0,0,1,1,0
40973652,2777.2978813068744,3410,렉스턴,올 뉴 렉스턴,35,45245,2157,5,5,0,0,1,1,1,1,1,1,1,1,1,0,0,0,1,0,0,0,0,0,1,0,0,0,1,0,0,1,1,0
41622444,2893.893670259569,2820,트레일블레이저,더 뉴 트레일블레이저,104,51012,1341,5,2,0,1,1,1,1,1,1,0,1,1,1,0,0,0,0,1,0,0,1,0,0,0,0,1,0,0,0,1,1,0
40811250,2985.7852847364197,1890,싼타페,싼타페 TM,56,128845,1995,5,7,6,1,1,1,1,1,1,1,1,1,1,1,0,0,0,0,0,0,0,0,1,0,0,0,0,0,1,1,1,0
41186934,3223.7858673429773,2500,카니발,카니발 4세대,85,117943,3470,9,4,2,0,1,1,1,1,1,1,1,1,1,0,1,0,0,0,0,0,1,0,0,0,0,0,1,0,0,1,1,0
41251596,3614.405854880476,2790,팰리세이드,팰리세이드,107,110422,2199,8,5,0,0,1,1,1,1,1,1,1,1,1,1,0,0,0,0,0,0,0,0,1,0,0,0,0,0,1,1,1,0
41534418,5373.873808791013,6950,GV80,GV80,9,12299,2497,7,2,0,1,1,1,1,1,1,1,1,1,1,0,0,1,0,0,0,0,1,0,0,0,0,1,0,0,0,1,1,0
41517953,2931.58161642511,2720,그랜저,더 뉴 그랜저 IG,27,49426,2999,5,4,0,0,1,1,1,1,1,1,1,0,1,1,0,0,0,0,0,1,0,0,0,0,0,1,0,0,0,1,0,1
41552752,3847.011384330083,5400,G80,G80 (RG3),5,35071,2497,5,4,0,1,1,1,1,1,1,1,1,1,1,0,0,1,0,0,0,0,1,0,0,0,0,1,0,0,0,1,0,1
41041085,2975.014936207655,2450,콜로라도,콜로라도,94,12375,3649,5,6,0,0,0,1,1,1,0,0,1,1,1,0,0,0,0,1,0,0,1,0,0,0,0,1,0,0,0,1,1,0
41586988,2580.7207386685927,2270,아반떼,더 뉴 아반떼 (CN7),62,297,1598,5,2,0,0,1,1,1,1,1,1,1,1,1,1,0,0,0,0,0,0,1,0,0,0,0,1,0,0,0,1,0,1
41648523,2779.972995621478,2450,투싼,투싼 하이브리드 (NX4),101,80171,1598,5,5,5,0,1,1,1,1,1,1,1,1,1,1,0,0,0,0,0,0,0,1,0,0,0,0,0,1,0,1,1,0
41376693,2651.085997141483,3290,렉스턴,올 뉴 렉스턴,35,62783,2157,7,4,3,1,1,1,1,1,1,1,1,1,1,0,0,0,1,0,0,0,0,0,1,0,0,0,1,0,0,1,1,0
41363462,3132.2210078650214,1730,코나,코나 일렉트릭,91,102950,0,5,6,4,0,0,1,1,1,1,1,1,1,1,1,0,0,0,0,0,0,0,0,0,1,0,1,0,0,0,1,1,0
41533008,2580.7207386685927,9999,아반떼,아반떼 (CN7),62,122444,1598,5,5,6,0,0,1,1,1,1,1,1,1,1,1,0,0,0,0,0,0,1,0,0,0,0,1,0,0,0,1,0,1
41568387,3157.6298724153103,4790,레이,더 뉴 G70 슈팅브레이크,34,2255,2497,5,2,0,0,1,1,1,1,1,1,1,1,1,0,0,1,0,0,0,0,1,0,0,0,0,0,0,0,1,1,0,1
41425076,2758.425760042816,4890,렉스턴,렉스턴 뉴 아레나,35,10736,2157,5,2,0,1,1,1,1,1,1,1,1,1,1,0,0,0,1,0,0,0,0,0,1,0,0,0,1,0,0,1,1,0
41331856,3757.422508106974,4499,G80,G80 (RG3),5,87216,3470,5,4,6,1,1,1,1,1,1,1,1,1,1,0,0,1,0,0,0,0,1,0,0,0,0,0,1,0,0,1,0,1
41422458,3463.9361949029885,3100,아이오닉5,아이오닉5,66,22170,111,5,4,6,0,1,1,1,1,1,1,1,1,1,1,0,0,0,0,0,0,0,0,0,1,0,0,0,1,0,1,0,1
41179665,2949.416836726581,2220,스포티지,스포티지 5세대,55,121035,1998,5,5,0,0,1,1,1,1,1,1,1,1,1,0,1,0,0,0,0,0,0,0,1,0,0,1,0,0,0,1,1,0
41550222,3341.52987241531,3650,아이오닉6,아이오닉6,67,54749,111,5,4,4,1,1,1,1,1,1,1,1,1,1,1,0,0,0,0,0,0,0,0,0,1,0,0,1,0,0,1,0,1
41477083,3555.8753163906044,3200,팰리세이드,팰리세이드,107,107471,2199,7,4,5,1,1,1,1,1,1,1,1,1,1,1,0,0,0,0,0,0,0,0,1,0,0,0,1,0,0,1,1,0
40977398,3835.924823652034,1890,G80,G80,5,129566,3342,5,9,3,0,1,1,1,1,1,1,1,1,1,0,0,1,0,0,0,0,1,0,0,0,0,0,0,0,1,1,0,1
41106388,3602.7134342567415,3100,팰리세이드,팰리세이드,107,4151,3778,7,6,0,0,1,1,1,1,1,1,1,1,1,1,0,0,0,0,0,0,1,0,0,0,0,0,0,1,0,1,1,0
41387502,2710.5856535311,1979,트랙스,트랙스 크로스오버,103,34830,1199,5,3,1,0,1,1,1,1,1,0,1,0,0,0,0,0,0,1,0,0,1,0,0,0,0,1,0,0,0,1,1,0
41019260,3326.4508146315256,3090,카니발,카니발 4세대,85,60233,2151,9,3,9,0,1,1,1,1,1,1,1,1,1,0,1,0,0,0,0,0,0,0,1,0,0,1,0,0,0,1,1,0
41326912,2582.899977616721,2270,토레스,토레스,100,30785,1497,5,4,2,0,1,1,1,1,1,1,1,1,1,0,0,0,1,0,0,0,1,0,0,0,0,0,0,1,0,1,1,0
41135270,2766.3800913523883,2490,렉스턴,더 뉴 렉스턴 스포츠,35,38608,2157,5,5,0,0,1,1,1,1,1,1,1,1,1,0,0,0,1,0,0,0,0,0,1,0,0,0,0,0,1,1,1,0
41658652,2684.625840071605,2280,쏘나타,쏘나타 (DN8),57,113914,1598,5,3,0,0,1,1,1,1,1,1,1,1,1,1,0,0,0,0,0,0,1,0,0,0,0,0,0,1,0,1,0,1
41083793,5130.415213793392,8888,G90,G90,6,102287,3778,5,5,0,0,1,1,1,1,1,1,1,1,1,0,0,1,0,0,0,0,1,0,0,0,0,0,1,0,0,1,0,1
40850062,3757.422508106974,3350,G80,G80 (RG3),5,90246,3470,5,5,1,0,1,1,1,1,1,1,1,1,1,0,0,1,0,0,0,0,1,0,0,0,0,0,1,0,0,1,0,1
38678569,2486.7822778913587,1770,셀토스,셀토스,49,53015,1591,5,6,12,1,1,1,1,1,1,1,1,1,1,0,1,0,0,0,0,0,1,0,0,0,0,0,0,0,1,1,1,0
41430056,2849.033733094886,2950,G70,G70,4,71147,3342,5,8,1,0,1,1,1,1,1,1,1,1,1,0,0,1,0,0,0,0,1,0,0,0,0,0,0,1,0,1,0,1
41566912,2609.95163614849,2820,니로,디 올 뉴 니로,29,77283,1580,5,4,2,1,1,1,1,1,1,1,1,1,1,0,1,0,0,0,0,0,0,1,0,0,0,1,0,0,0,1,1,0
41462436,5412.40951276323,3080,GV80,GV80,9,273470,3470,5,5,18,1,1,1,1,1,1,1,1,1,1,0,0,1,0,0,0,0,1,0,0,0,0,0,0,1,0,1,1,0
41539697,3847.011384330083,7350,G80,G80 (RG3),5,11388,3470,5,2,2,1,1,1,1,1,1,1,1,1,1,0,0,1,0,0,0,0,1,0,0,0,0,0,0,0,1,1,0,1
40893201,3709.4577210734715,5990,모하비,모하비 더 마스터,43,22541,2959,5,4,0,1,1,1,1,1,1,1,1,1,1,0,1,0,0,0,0,0,0,0,1,0,0,0,1,0,0,1,1,0
41139473,2985.7852847364197,3900,싼타페,싼타페 (MX5),56,27537,1598,5,3,2,0,1,1,1,1,1,1,1,1,1,1,0,0,0,0,0,0,0,1,0,0,0,1,0,0,0,1,1,0
41197674,3757.422508106974,3290,G80,G80 (RG3),5,96603,2497,5,6,3,0,1,1,1,1,1,1,1,1,1,0,0,1,0,0,0,0,1,0,0,0,0,1,0,0,0,1,0,1
41562501,2955.8786466935444,2130,코나,더 뉴 코나,91,70523,1598,5,5,0,0,1,1,1,1,1,1,1,1,1,1,0,0,0,0,0,0,1,0,0,0,0,1,0,0,0,1,1,0
41286173,2580.7207386685927,2379,아반떼,아반떼 (CN7),62,65606,1998,5,5,2,0,1,1,1,1,1,1,1,1,1,1,0,0,0,0,0,0,1,0,0,0,0,0,0,0,1,1,0,1
41226275,3413.9483665185985,2050,쏘렌토,더 뉴 쏘렌토,58,107250,2199,5,7,7,1,1,1,1,1,1,1,1,1,1,0,1,0,0,0,0,0,0,0,1,0,0,1,0,0,0,1,1,0
41550270,2615.360723815946,2200,토레스,토레스,100,49824,1497,5,4,1,0,1,1,1,1,1,1,1,1,1,0,0,0,1,0,0,0,1,0,0,0,0,0,0,0,1,1,1,0
41432327,2602.03768400251,2050,쏘나타,쏘나타 (DN8),57,40682,1598,5,5,0,0,1,1,1,1,1,1,1,1,1,1,0,0,0,0,0,0,1,0,0,0,0,0,0,1,0,1,0,1
41211630,2730.0779228526476,1790,QM6,더 뉴 QM6,17,48598,1997,5,6,2,0,1,1,1,1,1,1,1,1,1,0,0,0,0,0,1,0,1,0,0,0,0,0,1,0,0,1,1,0
41302861,2643.06965830767,1780,QM6,더 뉴 QM6,17,65784,1998,5,6,0,0,1,1,1,1,1,1,1,1,1,0,0,0,0,0,1,1,0,0,0,0,0,0,0,1,0,1,1,0
41443173,3877.838318635213,3250,G80,G80 (RG3),5,163027,2497,5,5,5,1,1,1,1,1,1,1,1,1,1,0,0,1,0,0,0,0,1,0,0,0,0,0,0,1,0,1,0,1
41356443,2570.774893679425,2220,XM3,XM3,23,59415,1598,5,2,0,0,1,1,1,1,1,1,1,1,1,0,0,0,0,0,1,0,0,1,0,0,0,0,0,0,1,1,1,0
40960961,2750.0422913352963,2190,아반떼,더 뉴 아반떼 (CN7),62,29983,1598,5,3,0,0,1,1,1,1,1,1,1,1,1,1,0,0,0,0,0,0,1,0,0,0,0,0,1,0,0,1,0,1
41640765,3565.3649600264525,4499,팰리세이드,더 뉴 팰리세이드,107,12698,3778,7,3,0,1,1,1,1,1,1,1,1,1,1,1,0,0,0,0,0,0,1,0,0,0,0,0,1,0,0,1,1,0
41619222,3877.838318635213,4390,G80,G80 (RG3),5,27161,2497,5,4,4,1,1,1,1,1,1,1,1,1,1,0,0,1,0,0,0,0,1,0,0,0,0,0,0,1,0,1,0,1
41591922,5130.415213793392,7720,G90,G90 (RS4),6,46077,3470,5,3,0,0,1,1,1,1,1,1,1,1,1,0,0,1,0,0,0,0,1,0,0,0,0,0,1,0,0,1,0,1
41659962,3132.2210078650214,3390,코나,코나 하이브리드 (SX2),91,43339,1580,5,3,0,0,1,1,1,1,1,1,1,1,1,1,0,0,0,0,0,0,0,1,0,0,0,1,0,0,0,1,1,0
39470974,5130.415213793392,6250,G90,G90 (RS4),6,105373,3470,5,4,2,0,1,1,1,1,1,1,1,1,1,0,0,1,0,0,0,0,1,0,0,0,0,0,0,1,0,1,0,1
41587696,2684.625840071605,2140,쏘나타,쏘나타 하이브리드 (DN8),57,20562,1999,5,5,3,0,1,1,1,1,1,0,1,0,1,1,0,0,0,0,0,0,0,1,0,0,0,0,0,1,0,1,0,1
41587397,3074.571948966124,2550,K8,K8 하이브리드,13,87361,1598,5,4,5,0,1,1,1,1,1,1,1,1,1,0,1,0,0,0,0,0,0,1,0,0,0,0,1,0,0,1,0,1
41551504,2632.4269067199116,2840,아반떼,더 뉴 아반떼 (CN7),62,4131,1598,5,1,0,1,1,1,1,1,1,1,1,1,1,1,0,0,0,0,0,0,1,0,0,0,0,0,0,0,1,1,0,1
41338127,5373.873808791013,4390,GV80,GV80,9,67817,2996,5,6,0,0,1,1,1,1,1,1,1,1,1,0,0,1,0,0,0,0,0,0,1,0,0,0,0,1,0,1,1,0
41592865,3015.4650086512584,2750,싼타페,더 뉴 싼타페,56,51613,2151,5,6,1,0,1,1,1,1,1,1,1,1,1,1,0,0,0,0,0,0,0,0,1,0,0,1,0,0,0,1,1,0
41347063,2917.9076270847495,2670,그랜저,더 뉴 그랜저 IG,27,83284,2497,5,4,2,0,1,1,1,1,1,1,1,1,1,1,0,0,0,0,0,0,1,0,0,0,0,0,1,0,0,1,0,1
41097878,4477.328734051914,4990,GV70,GV70,8,11092,2497,5,3,0,0,1,1,1,1,1,1,1,1,1,0,0,1,0,0,0,0,1,0,0,0,0,0,1,0,0,1,1,0
41041591,2564.8123299278163,2420,아반떼,더 뉴 아반떼 (CN7),62,11683,1598,5,3,5,1,1,1,1,1,1,1,1,1,1,1,0,0,0,0,0,0,1,0,0,0,0,1,0,0,0,1,0,1
41358330,2634.7772150268797,1920,쏘나타,쏘나타 (DN8),57,80636,1999,5,5,0,0,1,1,1,1,1,1,1,1,1,1,0,0,0,0,0,0,1,0,0,0,0,1,0,0,0,1,0,1
41546548,2984.2569605933,2470,이쿼녹스,더 넥스트 이쿼녹스,79,62656,1490,5,4,1,0,1,1,1,1,1,1,1,1,1,0,0,0,0,1,0,0,1,0,0,0,0,1,0,0,0,1,1,0
41543965,3298.5051288582213,2579,레이,더 뉴 G70 슈팅브레이크,34,41810,1998,5,4,22,1,1,1,1,1,1,1,1,1,1,0,0,1,0,0,0,0,1,0,0,0,0,0,0,1,0,1,0,1
41199023,3458.0058573363353,3689,스타리아,스타리아,51,28603,1598,9,2,2,1,1,1,1,1,1,1,1,1,1,1,0,0,0,0,0,0,0,1,0,0,0,1,0,0,0,1,1,0
41499702,5406.43473495045,5990,GV80,GV80,9,22460,2497,5,3,0,1,1,1,1,1,1,1,1,1,1,0,0,1,0,0,0,0,1,0,0,0,0,1,0,0,0,1,1,0
41430976,2619.463897932248,2420,셀토스,더 뉴 셀토스,49,12498,1598,5,3,2,0,0,0,0,0,0,0,0,0,0,0,1,0,0,0,0,0,1,0,0,0,0,1,0,0,0,1,1,0
39404745,3877.838318635213,1880,G80,G80,5,133018,3342,5,7,3,1,1,1,1,1,1,1,1,1,1,0,0,1,0,0,0,0,1,0,0,0,0,0,1,0,0,1,0,1
40838746,3063.629778185483,3890,싼타페,싼타페 (MX5),56,53536,1598,5,3,0,0,1,1,1,1,1,1,1,1,1,1,0,0,0,0,0,0,0,1,0,0,0,1,0,0,0,1,1,0
41177212,2985.7852847364197,2130,싼타페,더 뉴 싼타페,56,139983,2151,5,6,7,0,1,1,1,1,1,1,1,1,1,1,0,0,0,0,0,0,0,0,1,0,0,0,0,1,0,1,1,0
40866349,2766.3800913523883,2400,렉스턴,더 뉴 렉스턴 스포츠,35,67104,2157,5,4,0,0,1,1,1,1,1,1,1,1,1,0,0,0,1,0,0,0,0,0,1,0,0,0,0,1,0,1,1,0
41651067,3438.6524381008708,2050,쏘렌토,더 뉴 쏘렌토,58,81352,2199,5,8,0,0,1,1,1,1,1,1,1,1,1,0,1,0,0,0,0,0,0,0,1,0,0,0,1,0,0,1,1,0
41646134,3555.8753163906044,2310,팰리세이드,팰리세이드,107,85590,3778,7,4,0,0,0,1,1,1,1,1,1,1,1,1,0,0,0,0,0,0,1,0,0,0,0,0,1,0,0,1,1,0
41484507,5130.415213793392,2149,G90,G90,6,277587,3342,5,7,1,0,1,1,1,1,1,1,1,1,1,0,0,1,0,0,0,0,1,0,0,0,0,0,0,0,1,1,0,1
41551897,3611.071044237849,3030,팰리세이드,팰리세이드,107,69817,3778,7,6,0,1,1,1,1,1,1,1,1,1,1,1,0,0,0,0,0,0,1,0,0,0,0,0,1,0,0,1,1,0
41563180,3709.4577210734715,1800,모하비,더 뉴 모하비,43,117239,2959,5,9,5,0,1,1,1,1,1,1,1,1,1,0,1,0,0,0,0,0,0,0,1,0,0,0,1,0,0,1,1,0
41175728,3438.6524381008708,2980,쏘렌토,쏘렌토 4세대,58,70752,2151,5,4,1,0,1,1,1,1,1,1,1,1,1,0,1,0,0,0,0,0,0,0,1,0,0,0,0,1,0,1,1,0
41501763,3611.071044237849,3990,팰리세이드,더 뉴 팰리세이드,107,46816,3778,7,4,2,1,1,1,1,1,1,1,1,1,1,1,0,0,0,0,0,0,1,0,0,0,0,0,1,0,0,1,1,0
41548731,3578.55046978521,2640,스타리아,스타리아,51,29533,3470,5,4,0,0,1,1,1,1,1,1,1,0,1,1,0,0,0,0,0,1,0,0,0,0,0,0,0,1,0,1,1,0
41561291,5373.873808791013,4090,GV80,GV80,9,136172,2497,5,6,1,0,1,1,1,1,1,1,1,1,1,0,0,1,0,0,0,0,1,0,0,0,0,1,0,0,0,1,1,0
41251694,2513.119275862335,3090,토레스,더 뉴 토레스,100,17311,1497,5,2,0,0,1,1,1,1,1,1,1,1,1,0,0,0,1,0,0,0,1,0,0,0,0,0,0,0,1,1,1,0
41574075,3094.472649948673,3650,트래버스,트래버스,102,59157,3564,7,3,2,1,1,1,1,1,1,1,1,1,1,0,0,0,0,1,0,0,1,0,0,0,0,1,0,0,0,1,1,0
41422069,2501.257721073471,2130,스타렉스,더 뉴 그랜드 스타렉스,50,45008,2497,9,6,3,0,0,1,1,0,0,0,1,0,1,1,0,0,0,0,0,0,0,0,1,0,0,0,1,0,0,1,1,0
41275384,3611.071044237849,3000,팰리세이드,팰리세이드,107,86930,2199,7,6,2,1,1,1,1,1,1,1,1,1,1,1,0,0,0,0,0,0,0,0,1,0,0,1,0,0,0,1,1,0
41649527,2883.686388250694,2399,G70,G70,4,108376,1998,5,7,7,1,1,1,1,1,1,1,1,1,1,0,0,1,0,0,0,0,1,0,0,0,0,1,0,0,0,1,0,1
41169386,3757.422508106974,1950,G80,G80,5,80746,3342,5,8,4,1,1,1,1,1,1,1,1,1,1,0,0,1,0,0,0,0,1,0,0,0,0,1,0,0,0,1,0,1
41610927,3835.924823652034,3150,G80,G80 (RG3),5,123129,2497,5,5,2,0,1,1,1,1,1,1,1,1,1,0,0,1,0,0,0,0,1,0,0,0,0,0,1,0,0,1,0,1
41315956,2456.7150741910973,2499,K7,K7 프리미어 하이브리드,12,63205,2359,5,7,11,1,1,1,1,1,1,1,1,1,1,0,1,0,0,0,0,0,0,1,0,0,0,1,0,0,0,1,0,1
41459597,2977.9930594535554,7744,코나,코나 (SX2),91,12909,1598,5,2,0,1,1,1,1,1,1,1,1,1,1,1,0,0,0,0,0,0,1,0,0,0,0,0,0,0,1,1,1,0
41455157,3015.4650086512584,2590,싼타페,더 뉴 싼타페,56,66354,2151,5,5,1,0,1,1,1,1,1,1,1,1,1,1,0,0,0,0,0,0,0,0,1,0,0,1,0,0,0,1,1,0
41653706,2959.599944528396,1700,캐스퍼,캐스퍼,88,48897,998,4,3,0,0,0,1,1,1,1,1,1,1,1,1,0,0,0,0,0,0,1,0,0,0,0,0,0,0,1,1,0,1
41115725,3067.673489216629,3630,싼타페,싼타페 (MX5),56,33038,1598,5,3,0,0,1,1,1,1,1,1,1,1,1,1,0,0,0,0,0,0,0,1,0,0,0,1,0,0,0,1,1,0
41268716,3225.5911934046176,3880,EV6,더 뉴 EV6,3,52695,120,5,2,2,0,1,1,1,1,1,1,1,1,1,0,1,0,0,0,0,0,0,0,0,1,0,1,0,0,0,1,0,1
41221608,3086.853182440802,4050,싼타페,싼타페 (MX5),56,21892,1598,6,2,1,0,1,1,1,1,1,1,1,1,1,1,0,0,0,0,0,0,0,1,0,0,0,0,0,1,0,1,1,0
41284517,2720.502498674518,2149,트랙스,트랙스 크로스오버,103,8002,1199,5,2,0,0,1,1,1,1,1,0,1,0,1,0,0,0,0,1,0,0,1,0,0,0,0,1,0,0,0,1,1,0
37456281,3877.838318635213,2590,G80,G80 (RG3),5,156767,2497,5,6,3,0,1,1,1,1,1,1,1,1,1,0,0,1,0,0,0,0,1,0,0,0,0,0,0,0,1,1,0,1
41530015,2480.889936207655,3250,코란도,뷰티풀 코란도,92,61322,1597,5,5,0,0,1,1,1,1,1,1,1,1,1,0,0,0,1,0,0,0,0,0,1,0,0,1,0,0,0,1,1,0
41347435,3602.7134342567415,2090,팰리세이드,팰리세이드,107,270551,2199,8,7,0,0,1,1,1,1,1,1,1,1,1,1,0,0,0,0,0,0,0,0,1,0,0,0,0,0,1,1,1,0
41635119,2985.7852847364197,2050,싼타페,싼타페 TM,56,80551,1995,5,8,0,0,1,1,1,1,1,1,1,1,1,1,0,0,0,0,0,0,0,0,1,0,0,0,0,1,0,1,1,0
41608510,3413.9483665185985,9999,쏘렌토,올 뉴 쏘렌토,58,85668,1995,5,12,2,0,0,0,0,0,0,0,0,0,0,0,1,0,0,0,0,0,0,0,1,0,0,0,1,0,0,1,1,0
41304397,3555.8753163906044,6050,팰리세이드,팰리세이드 (LX3),107,10369,2497,7,1,0,0,1,1,1,1,1,1,1,1,1,1,0,0,0,0,0,0,1,0,0,0,0,0,0,0,1,1,1,0
41506156,5398.2920940715185,4970,GV80,GV80,9,35301,2497,7,4,6,1,1,1,1,1,1,1,1,1,1,0,0,1,0,0,0,0,1,0,0,0,0,1,0,0,0,1,1,0
40450130,2817.873549910853,1850,볼트,볼트 EV,48,49328,174,5,8,1,0,1,1,1,1,1,0,1,0,1,0,0,0,0,1,0,0,0,0,0,1,0,1,0,0,0,1,0,1
41347946,3293.2719489661245,2640,K8,K8 하이브리드,13,76721,1598,5,4,2,0,1,1,1,1,1,1,1,1,1,0,1,0,0,0,0,0,0,1,0,0,0,0,0,1,0,1,0,1
41517706,2389.469509745787,2670,EQ900,EQ900,0,76708,3342,5,10,0,0,1,1,1,1,1,1,1,1,1,0,0,1,0,0,0,0,1,0,0,0,0,0,1,0,0,1,0,1
41253387,3453.3633120692184,3450,쏘렌토,쏘렌토 4세대,58,16921,2497,5,4,1,0,1,1,1,1,1,1,1,1,1,0,1,0,0,0,0,0,1,0,0,0,0,1,0,0,0,1,1,0
41596911,2779.972995621478,2560,투싼,투싼 (NX4),101,75683,1998,5,5,1,1,1,1,1,1,1,1,1,1,1,1,0,0,0,0,0,0,0,0,1,0,0,0,0,1,0,1,1,0
41583536,3828.3155031297233,3530,G80,G80 (RG3),5,90673,2199,5,5,3,0,1,1,1,1,1,1,1,1,1,0,0,1,0,0,0,0,0,0,1,0,0,1,0,0,0,1,0,1
40844652,3048.6479659774163,9999,스포티지,스포티지 5세대,55,121691,1998,5,5,7,0,1,1,1,1,1,1,1,1,1,0,1,0,0,0,0,0,0,0,1,0,0,0,0,1,0,1,1,0
41634456,2634.7772150268797,1870,쏘나타,쏘나타 (DN8),57,63844,1999,5,7,1,0,1,1,1,1,1,1,1,1,1,1,0,0,0,0,0,0,1,0,0,0,0,0,0,1,0,1,0,1
41628755,2739.750535430254,2390,렉스턴,더 뉴 렉스턴 스포츠 칸,35,77885,2157,5,5,0,0,1,1,1,1,1,1,1,1,1,0,0,0,1,0,0,0,0,0,1,0,0,0,0,1,0,1,1,0
41537046,3063.629778185483,1830,싼타페,싼타페 TM,56,113352,1995,5,7,7,1,0,1,1,1,1,1,1,1,1,1,0,0,0,0,0,0,0,0,1,0,0,0,1,0,0,1,1,0
41535442,2739.750535430254,2690,렉스턴,더 뉴 렉스턴 스포츠,35,27674,2157,5,3,2,0,1,1,1,1,1,1,1,1,1,0,0,0,1,0,0,0,0,0,1,0,0,0,0,0,1,1,1,0
40941880,2792.2446070107953,2330,투싼,투싼 (NX4),101,59926,1598,5,5,2,0,0,1,0,0,1,0,1,1,1,1,0,0,0,0,0,0,1,0,0,0,0,1,0,0,0,1,1,0
41569096,5373.873808791013,4896,GV80,GV80,9,2700,2497,5,0,2,0,1,1,1,1,1,1,1,1,1,0,0,1,0,0,0,0,1,0,0,0,0,1,0,0,0,1,1,0
40708638,2817.873549910853,1750,볼트,볼트 EV,48,62580,174,5,8,2,0,1,1,1,1,1,0,1,0,1,0,0,0,0,1,0,0,0,0,0,1,0,1,0,0,0,1,0,1
38643109,2849.033733094886,2190,G70,G70,4,71311,1998,5,7,2,0,1,1,1,1,1,1,1,1,1,0,0,1,0,0,0,0,1,0,0,0,0,0,0,1,0,1,0,1
41087712,3224.829199147787,3199,카니발,카니발 4세대,85,57195,2151,9,6,0,1,1,1,1,1,1,1,1,1,1,0,1,0,0,0,0,0,0,0,1,0,0,1,0,0,0,1,1,0
41541594,3266.59261814898,3250,카니발,카니발 4세대,85,37871,3470,7,5,2,1,1,1,1,1,1,1,1,1,1,0,1,0,0,0,0,0,1,0,0,0,0,0,1,0,0,1,1,0
41358791,3621.902165517916,4320,모하비,모하비 더 마스터,43,61542,2959,7,4,3,1,1,1,1,1,1,1,1,1,1,0,1,0,0,0,0,0,0,0,1,0,0,0,1,0,0,1,1,0
41461882,3463.9361949029885,2389,아이오닉5,아이오닉5,66,144850,111,5,5,3,0,1,1,1,1,1,1,1,1,1,1,0,0,0,0,0,0,0,0,0,1,0,1,0,0,0,1,0,1
41479328,5373.873808791013,5350,GV80,GV80,9,60379,2497,5,4,2,1,1,1,1,1,1,1,1,1,1,0,0,1,0,0,0,0,1,0,0,0,0,1,0,0,0,1,1,0
41525212,5008.326934333097,6840,G90,G90 (RS4),6,98372,3470,4,3,5,0,1,1,1,1,1,1,1,1,1,0,0,1,0,0,0,0,1,0,0,0,0,0,1,0,0,1,0,1
40995631,2931.58161642511,2880,그랜저,더 뉴 그랜저 IG,27,60791,2497,5,6,4,1,1,1,1,1,1,1,1,1,1,1,0,0,0,0,0,0,1,0,0,0,0,0,0,1,0,1,0,1
40657017,3224.829199147787,4470,카니발,카니발 4세대,85,49864,3470,9,5,1,1,1,0,1,1,1,1,1,1,1,0,1,0,0,0,0,0,1,0,0,0,0,0,1,0,0,1,1,0
41493553,2757.4742128087482,2300,트레일블레이저,트레일블레이저,104,40351,1341,5,5,0,0,1,1,1,1,1,0,1,1,1,0,0,0,0,1,0,0,1,0,0,0,0,0,0,0,1,1,1,0
41385886,2456.7150741910973,2549,K7,K7 프리미어 하이브리드,12,106437,2359,5,7,2,1,1,1,1,1,1,1,1,1,1,0,1,0,0,0,0,0,0,1,0,0,0,1,0,0,0,1,0,1
41620106,3847.011384330083,4020,G80,G80 (RG3),5,59167,2497,5,6,1,0,1,1,1,1,1,1,1,1,1,0,0,1,0,0,0,0,1,0,0,0,0,0,1,0,0,1,0,1
40824845,3067.673489216629,4320,싼타페,싼타페 (MX5),56,19933,1598,5,2,1,0,1,1,1,1,1,1,1,1,1,1,0,0,0,0,0,0,0,1,0,0,0,1,0,0,0,1,1,0
40883744,3621.902165517916,3860,모하비,모하비 더 마스터,43,55842,2959,6,5,1,1,1,1,1,1,1,1,1,1,1,0,1,0,0,0,0,0,0,0,1,0,0,0,1,0,0,1,1,0
41433917,3063.629778185483,2250,싼타페,더 뉴 싼타페,56,130825,2151,5,5,0,0,1,1,1,1,1,1,1,1,1,1,0,0,0,0,0,0,0,0,1,0,0,1,0,0,0,1,1,0
41552593,3877.838318635213,3590,G80,G80 (RG3),5,24517,2497,5,6,6,0,1,1,1,1,1,1,1,1,1,0,0,1,0,0,0,0,1,0,0,0,0,0,0,1,0,1,0,1
41638284,2931.58161642511,2450,그랜저,그랜저 (GN7),27,86120,3470,5,2,2,0,1,1,1,1,1,1,1,1,1,1,0,0,0,0,0,1,0,0,0,0,0,1,0,0,0,1,0,1
41579850,3569.943897932248,3990,콜레오스,그랑 콜레오스,93,4345,1499,5,1,2,0,1,1,1,1,1,1,1,1,1,0,0,0,0,0,1,0,0,1,0,0,0,1,0,0,0,1,1,0
40825634,3361.430572946631,2950,카마로,더 뉴 카마로,87,52800,6162,4,7,9,1,1,1,1,1,1,1,1,1,1,0,0,0,0,1,0,0,1,0,0,0,0,0,0,1,0,1,0,1
41458967,2819.120910451986,2449,투싼,투싼 하이브리드 (NX4),101,104423,1598,5,4,4,0,1,1,1,1,1,1,1,1,1,1,0,0,0,0,0,0,0,1,0,0,0,0,0,1,0,1,1,0
40946243,2806.68326245295,2250,트레일블레이저,더 뉴 트레일블레이저,104,32097,1341,5,2,6,0,1,1,1,1,1,0,1,1,1,0,0,0,0,1,0,0,1,0,0,0,0,0,1,0,0,1,1,0
40899457,2513.119275862335,2240,토레스,토레스,100,48265,1497,5,3,2,1,1,1,1,1,1,1,1,1,1,0,0,0,1,0,0,0,1,0,0,0,0,1,0,0,0,1,1,0
37863210,3550.2021461772415,2299,스타리아,스타리아,51,48599,2199,5,4,6,0,0,1,1,0,0,0,1,0,0,1,0,0,0,0,0,0,0,0,1,0,0,0,0,1,0,1,1,0
41648904,5398.2920940715185,6220,GV80,GV80,9,24545,2497,5,3,5,1,1,1,1,1,1,1,1,1,1,0,0,1,0,0,0,0,1,0,0,0,0,1,0,0,0,1,1,0
41598727,2871.0199908868076,2690,그랜저,더 뉴 그랜저 IG,27,24646,2497,5,6,7,0,1,1,1,1,1,1,1,1,1,1,0,0,0,0,0,0,1,0,0,0,0,0,0,1,0,1,0,1
41637955,2725.7156813909605,2490,쏘나타,쏘나타 (DN8),57,37950,1598,5,5,1,0,1,1,1,1,1,1,1,1,1,1,0,0,0,0,0,0,1,0,0,0,0,0,0,1,0,1,0,1
41596174,2985.7852847364197,3333,싼타페,더 뉴 싼타페,56,51736,1598,5,3,0,0,1,1,1,1,1,1,1,1,1,1,0,0,0,0,0,0,0,1,0,0,0,1,0,0,0,1,1,0
41491795,2859.939240148325,2850,코나,더 뉴 코나,91,49675,1998,5,5,0,0,1,1,1,1,1,1,1,1,1,1,0,0,0,0,0,0,1,0,0,0,0,0,0,1,0,1,1,0
41533608,3835.924823652034,4500,G80,G80 (RG3),5,37869,2497,5,3,2,0,1,1,1,1,1,1,1,1,1,0,0,1,0,0,0,0,1,0,0,0,0,1,0,0,0,1,0,1
41533140,5398.2920940715185,8080,GV80,GV80,9,5661,3470,6,1,0,1,1,1,1,1,1,1,1,1,1,0,0,1,0,0,0,0,1,0,0,0,0,0,0,0,1,1,1,0
41026163,3877.838318635213,4100,G80,G80 (RG3),5,67776,2497,5,5,2,0,1,1,1,1,1,1,1,1,1,0,0,1,0,0,0,0,1,0,0,0,0,0,0,0,1,1,0,1
41322712,3293.2719489661245,2990,K8,K8,13,74561,2497,5,4,1,1,1,1,1,1,1,1,1,1,1,0,1,0,0,0,0,0,1,0,0,0,0,0,0,1,0,1,0,1
41343008,3223.7858673429773,3150,카니발,더 뉴 카니발 4세대,85,21886,2151,9,2,0,0,1,1,1,1,1,1,1,1,1,0,1,0,0,0,0,0,0,0,1,0,0,1,0,0,0,1,1,0
41565284,2781.644302683678,2450,볼트,볼트 EUV,48,49600,1500,5,4,2,1,1,1,1,1,1,1,1,1,1,0,0,0,0,1,0,0,0,0,0,1,0,1,0,0,0,1,0,1
41171780,2732.336808530345,2020,K5,K5 3세대,11,90145,1598,5,6,0,0,1,1,1,1,1,1,1,1,1,0,1,0,0,0,0,0,1,0,0,0,0,0,0,1,0,1,0,1
41366161,2357.565903155451,2350,EQ900,EQ900,0,108095,5038,4,10,5,1,1,1,1,1,1,1,1,1,1,0,0,1,0,0,0,0,1,0,0,0,0,0,0,0,1,1,0,1
41247513,2814.4095035579858,2720,투싼,투싼 (NX4),101,55008,1998,5,4,0,0,1,1,1,1,1,1,1,1,1,1,0,0,0,0,0,0,0,0,1,0,0,0,1,0,0,1,1,0
40973742,2651.085997141483,2430,렉스턴,더 뉴 렉스턴 스포츠 칸,35,89021,2157,5,4,1,0,1,1,1,1,1,1,1,1,1,0,0,0,1,0,0,0,0,0,1,0,0,0,0,0,1,1,1,0
41628920,3602.7134342567415,3950,팰리세이드,더 뉴 팰리세이드,107,57347,3778,7,3,0,0,1,1,1,1,1,1,1,1,1,1,0,0,0,0,0,0,1,0,0,0,0,0,1,0,0,1,1,0
41427456,3614.405854880476,3480,팰리세이드,더 뉴 팰리세이드,107,70027,2199,7,2,0,0,1,1,1,1,1,1,1,1,1,1,0,0,0,0,0,0,0,0,1,0,0,0,1,0,0,1,1,0
41609749,3835.924823652034,3640,G80,G80 (RG3),5,52278,2497,5,5,5,1,1,1,1,1,1,1,1,1,1,0,0,1,0,0,0,0,1,0,0,0,0,0,1,0,0,1,0,1
41480452,3413.9483665185985,3230,쏘렌토,쏘렌토 4세대,58,69945,2497,6,4,0,1,1,1,1,1,1,1,1,1,1,0,1,0,0,0,0,0,1,0,0,0,0,1,0,0,0,1,1,0
40797980,3462.654978735885,2990,쏘렌토,쏘렌토 4세대,58,64184,1598,5,6,0,1,1,1,1,1,1,1,1,1,1,0,1,0,0,0,0,0,0,1,0,0,0,0,0,0,1,1,1,0
40240874,3178.3266241384367,3174,K8,K8,13,73000,3470,5,5,2,1,1,1,1,1,1,1,1,1,1,0,1,0,0,0,0,1,0,0,0,0,0,0,1,0,0,1,0,1
39542030,3224.829199147787,4000,카니발,카니발 4세대,85,57106,3470,7,4,0,0,1,1,1,1,1,1,1,1,1,0,1,0,0,0,0,0,1,0,0,0,0,0,1,0,0,1,1,0
41155040,4425.863399075039,4350,GV70,GV70,8,27870,2497,5,4,2,0,0,0,0,0,0,0,0,0,0,0,0,1,0,0,0,0,1,0,0,0,0,1,0,0,0,1,1,0
40790316,2515.0409602129794,1899,코란도,뷰티풀 코란도,92,26916,1497,5,6,1,0,1,1,1,1,1,1,1,1,1,0,0,0,1,0,0,0,1,0,0,0,0,1,0,0,0,1,1,0
41355244,5313.932698356571,4800,GV80,GV80,9,86059,2996,5,6,2,1,1,1,1,1,1,1,1,1,1,0,0,1,0,0,0,0,0,0,1,0,0,1,0,0,0,1,1,0
41594533,3578.55046978521,2190,스타리아,스타리아,51,141232,2199,11,4,9,0,1,1,1,1,1,1,1,1,1,1,0,0,0,0,0,0,0,0,1,0,0,1,0,0,0,1,1,0
41063070,2876.2865816102067,1790,니로,더 뉴 니로,29,101116,1580,5,6,3,1,1,1,1,1,1,1,1,1,1,0,1,0,0,0,0,0,0,1,0,0,0,0,0,1,0,1,1,0
41607905,3405.4249645598084,2980,아이오닉5,아이오닉5,66,62479,111,5,3,0,0,1,1,1,1,1,1,1,1,1,1,0,0,0,0,0,0,0,0,0,1,0,0,0,1,0,1,0,1
41287389,2631.6880923441727,2190,QM6,더 뉴 QM6,17,37964,1998,5,3,0,0,1,1,1,1,1,1,1,1,1,0,0,0,0,0,1,1,0,0,0,0,0,0,0,1,0,1,1,0
41612604,2779.972995621478,1999,투싼,올 뉴 투싼,101,48880,1598,5,6,0,0,0,1,1,0,1,0,0,0,1,1,0,0,0,0,0,0,0,0,1,0,0,0,0,1,0,1,1,0
41159562,2651.085997141483,1750,렉스턴,렉스턴 스포츠,35,46926,2157,5,6,9,0,0,1,1,0,1,1,1,0,1,0,0,0,1,0,0,0,0,0,1,0,0,0,0,1,0,1,1,0
41635009,3015.4650086512584,3739,싼타페,싼타페 (MX5),56,17066,1598,5,2,1,0,1,1,1,1,1,1,1,1,1,1,0,0,0,0,0,0,0,1,0,0,0,1,0,0,0,1,1,0
41624644,3063.629778185483,2040,싼타페,싼타페 TM,56,109557,2199,5,8,4,1,1,1,1,1,1,0,1,1,1,1,0,0,0,0,0,0,0,0,1,0,0,1,0,0,0,1,1,0
40717046,2959.599944528396,1790,캐스퍼,캐스퍼,88,25684,998,4,3,1,0,0,1,1,1,1,1,1,1,1,1,0,0,0,0,0,0,1,0,0,0,0,0,0,0,1,1,0,1
41142260,3224.829199147787,3450,카니발,카니발 4세대,85,49615,2151,9,4,7,0,1,1,1,1,1,1,1,1,1,0,1,0,0,0,0,0,0,0,1,0,0,1,0,0,0,1,1,0
41645392,3458.0058573363353,3350,스타리아,스타리아,51,85947,2199,9,5,7,0,1,1,1,1,1,1,1,1,1,1,0,0,0,0,0,0,0,0,1,0,0,0,1,0,0,1,1,0
40789388,3413.9483665185985,2990,쏘렌토,쏘렌토 4세대,58,97227,2151,5,6,3,0,1,1,1,1,1,1,1,1,1,0,1,0,0,0,0,0,0,0,1,0,0,0,0,0,1,1,1,0
41071715,3376.742735633629,3989,아이오닉6,아이오닉6,67,5857,111,5,2,5,1,1,1,1,1,1,1,1,1,1,1,0,0,0,0,0,0,0,0,0,1,0,1,0,0,0,1,0,1
41182539,2917.9076270847495,1850,그랜저,더 뉴 그랜저 IG,27,185226,2497,5,6,2,0,1,1,1,1,1,1,1,1,1,1,0,0,0,0,0,0,1,0,0,0,0,0,1,0,0,1,0,1
41631745,2931.58161642511,2380,그랜저,더 뉴 그랜저 IG 하이브리드,27,81174,2359,5,5,4,0,1,1,1,1,1,1,1,1,1,1,0,0,0,0,0,0,0,1,0,0,0,0,1,0,0,1,0,1
41602636,2871.0199908868076,1945,그랜저,더 뉴 그랜저 IG,27,73907,2497,5,6,4,0,1,1,1,1,1,1,1,0,1,1,0,0,0,0,0,0,1,0,0,0,0,0,1,0,0,1,0,1
40666095,2730.0779228526476,1740,QM6,더 뉴 QM6,17,64645,1998,5,4,3,1,1,1,1,1,1,1,1,1,1,0,0,0,0,0,1,1,0,0,0,0,0,0,0,1,0,1,1,0
41642088,2917.9076270847495,3690,그랜저,그랜저 하이브리드 (GN7),27,27535,1598,5,3,2,0,0,0,0,0,0,0,0,0,0,1,0,0,0,0,0,0,0,1,0,0,0,0,0,1,0,1,0,1
40866908,2609.95163614849,2570,니로,디 올 뉴 니로,29,39390,1580,5,4,0,0,0,1,1,1,1,1,1,1,1,0,1,0,0,0,0,0,0,1,0,0,0,0,0,0,1,1,1,0
41327332,2730.0779228526476,2830,QM6,더 뉴 QM6,17,8,1998,5,0,0,0,1,1,1,1,1,1,1,1,1,0,0,0,0,0,1,1,0,0,0,0,0,1,0,0,0,1,1,0
41398937,2917.9076270847495,2270,그랜저,더 뉴 그랜저 IG,27,99022,2497,5,6,1,0,1,1,1,1,1,1,1,1,1,1,0,0,0,0,0,0,1,0,0,0,0,1,0,0,0,1,0,1
41400762,2927.2574681038277,1850,G70,G70,4,113793,1998,5,8,7,0,1,1,1,1,1,1,1,1,1,0,0,1,0,0,0,0,1,0,0,0,0,0,0,1,0,1,0,1
41005848,2777.2978813068744,2850,렉스턴,올 뉴 렉스턴,35,49655,2157,5,6,0,0,1,1,1,1,1,1,1,1,1,0,0,0,1,0,0,0,0,0,1,0,0,0,0,1,0,1,1,0
41648307,3877.838318635213,2150,G80,G80,5,71005,3342,5,9,3,1,1,1,1,1,1,1,1,1,1,0,0,1,0,0,0,0,1,0,0,0,0,1,0,0,0,1,0,1
41140702,2357.565903155451,2320,EQ900,EQ900,0,81295,3778,5,9,6,0,1,1,1,1,1,1,1,1,1,0,0,1,0,0,0,0,1,0,0,0,0,0,0,1,0,1,0,1
41167639,2750.0422913352963,2390,아반떼,아반떼 (CN7),62,25448,1598,5,4,1,0,1,1,1,1,1,1,1,1,1,1,0,0,0,0,0,0,1,0,0,0,0,1,0,0,0,1,0,1
41484539,3614.405854880476,2950,팰리세이드,팰리세이드,107,96972,2199,7,4,0,0,1,1,1,1,1,1,1,1,1,1,0,0,0,0,0,0,0,0,1,0,0,0,0,1,0,1,1,0
41477337,3611.071044237849,6350,팰리세이드,팰리세이드 (LX3),107,12114,2497,7,1,0,1,1,1,1,1,1,1,1,1,1,1,0,0,0,0,0,0,1,0,0,0,0,1,0,0,0,1,1,0
41340206,3015.4650086512584,3440,싼타페,더 뉴 싼타페,56,61656,1598,7,5,0,1,1,1,1,1,1,1,1,1,1,1,0,0,0,0,0,0,0,1,0,0,0,1,0,0,0,1,1,0
41393333,3847.011384330083,1800,G80,G80,5,136166,3342,5,9,0,0,1,1,1,1,1,1,1,1,1,0,0,1,0,0,0,0,1,0,0,0,0,0,0,1,0,1,0,1
41619122,3757.422508106974,3550,G80,G80,5,29700,3342,5,7,2,1,1,1,1,1,1,1,1,1,1,0,0,1,0,0,0,0,1,0,0,0,0,1,0,0,0,1,0,1
41477032,3555.8753163906044,2620,팰리세이드,팰리세이드,107,108622,3778,7,6,0,1,1,1,1,1,1,1,1,1,1,1,0,0,0,0,0,0,1,0,0,0,0,0,0,1,0,1,1,0
41170244,2985.7852847364197,3620,싼타페,싼타페 (MX5),56,30557,1598,5,3,0,0,1,1,1,1,1,1,1,1,1,1,0,0,0,0,0,0,0,1,0,0,0,1,0,0,0,1,1,0
41040608,2766.3800913523883,2590,렉스턴,더 뉴 렉스턴 스포츠 칸,35,36550,2157,5,4,2,0,1,1,1,1,1,1,1,1,1,0,0,0,1,0,0,0,0,0,1,0,0,0,0,1,0,1,1,0
41620647,5373.873808791013,4999,GV80,GV80,9,77332,2996,5,6,3,0,1,1,1,1,1,1,1,1,1,0,0,1,0,0,0,0,0,0,1,0,0,0,0,1,0,1,1,0
41622121,2917.9076270847495,3120,그랜저,더 뉴 그랜저 IG 하이브리드,27,46191,2359,5,5,3,0,1,1,1,1,1,1,1,1,1,1,0,0,0,0,0,0,0,1,0,0,0,1,0,0,0,1,0,1
41431660,3835.924823652034,3390,G80,G80 (RG3),5,43462,2497,5,6,1,0,1,1,1,1,1,1,1,1,1,0,0,1,0,0,0,0,1,0,0,0,0,0,0,0,1,1,0,1
41572508,3458.0058573363353,4550,스타리아,스타리아,51,2795,1598,5,1,0,0,1,1,1,1,1,1,1,0,1,1,0,0,0,0,0,0,0,1,0,0,0,1,0,0,0,1,1,0
41358997,2634.7772150268797,3320,쏘나타,쏘나타 디 엣지(DN8),57,12798,1598,5,2,1,1,1,1,1,1,1,1,1,1,1,1,0,0,0,0,0,0,1,0,0,0,0,0,0,1,0,1,0,1
41527552,2564.8123299278163,2120,아반떼,아반떼 (CN7),62,19096,1598,5,6,0,0,1,1,1,1,1,1,1,1,1,1,0,0,0,0,0,0,1,0,0,0,0,0,1,0,0,1,0,1
41641185,2758.425760042816,3100,렉스턴,더 뉴 렉스턴 스포츠 칸,35,35585,2157,5,3,3,0,1,1,1,1,1,1,1,1,1,0,0,0,1,0,0,0,0,0,1,0,0,1,0,0,0,1,1,0
40845743,2513.119275862335,2390,토레스,토레스,100,18372,1497,5,4,0,0,1,1,1,1,1,1,1,1,1,0,0,0,1,0,0,0,1,0,0,0,0,1,0,0,0,1,1,0
40683469,2595.399893679425,1920,넥쏘,넥쏘,28,94520,0,5,5,7,1,1,1,1,1,1,1,1,1,1,1,0,0,0,0,0,0,0,0,0,0,1,1,0,0,0,1,1,0
41559531,3086.853182440802,1849,싼타페,싼타페 TM,56,168880,1995,5,8,5,1,1,1,1,1,1,1,1,1,1,1,0,0,0,0,0,0,0,0,1,0,0,0,0,1,0,1,1,0
38045817,2389.469509745787,1860,EQ900,EQ900,0,181621,3778,4,8,5,0,1,1,1,1,1,1,1,1,1,0,0,1,0,0,0,0,1,0,0,0,0,0,1,0,0,1,0,1
41638747,3550.2021461772415,2999,스타리아,스타리아,51,84980,3470,9,3,0,1,1,1,1,1,1,1,1,1,1,1,0,0,0,0,0,1,0,0,0,0,0,0,0,1,0,1,1,0
41297560,3363.123688014581,1790,말리부,더 뉴 말리부,40,47510,1998,5,5,0,0,1,1,1,1,1,1,1,1,1,0,0,0,0,1,0,0,1,0,0,0,0,0,1,0,0,1,0,1
39170564,3482.230586207206,3200,스타리아,스타리아,51,16836,3470,11,3,1,0,0,1,1,0,1,0,1,0,1,1,0,0,0,0,0,1,0,0,0,0,0,0,0,0,1,1,1,0
41494128,3224.829199147787,2199,카니발,카니발 4세대,85,197181,2151,7,6,0,0,1,1,1,1,1,1,1,1,1,0,1,0,0,0,0,0,0,0,1,0,0,0,1,0,0,1,1,0
41014991,2739.750535430254,2850,렉스턴,더 뉴 렉스턴 스포츠 칸,35,43077,2157,5,3,2,0,1,1,1,1,1,1,1,1,1,0,0,0,1,0,0,0,0,0,1,0,0,0,0,0,1,1,1,0
41592854,2632.4269067199116,2190,아반떼,아반떼 (CN7),62,24836,1598,5,6,3,0,1,1,1,1,1,1,1,1,1,1,0,0,0,0,0,0,1,0,0,0,0,1,0,0,0,1,0,1
41486448,3555.8753163906044,3860,팰리세이드,더 뉴 팰리세이드,107,34169,3778,7,2,0,0,1,1,1,1,1,1,1,1,1,1,0,0,0,0,0,0,1,0,0,0,0,1,0,0,0,1,1,0
41181851,2832.235730062908,2250,그랜저,더 뉴 그랜저 IG,27,92372,2497,5,6,4,0,1,1,1,1,1,1,1,1,1,1,0,0,0,0,0,0,1,0,0,0,0,0,0,1,0,1,0,1
41502176,3067.673489216629,2900,싼타페,더 뉴 싼타페,56,44710,2497,7,3,0,0,1,1,1,1,1,1,1,1,1,1,0,0,0,0,0,0,1,0,0,0,0,1,0,0,0,1,1,0
41491901,3293.2719489661245,2770,K8,K8 하이브리드,13,90156,1598,5,4,1,0,1,1,1,1,1,1,1,1,1,0,1,0,0,0,0,0,0,1,0,0,0,1,0,0,0,1,0,1
40253201,3223.7858673429773,1850,카니발,올 뉴 카니발,85,46288,2199,9,10,12,0,1,1,1,1,1,1,1,1,1,0,1,0,0,0,0,0,0,0,1,0,0,0,1,0,0,1,1,0
40844350,3067.673489216629,3420,싼타페,싼타페 (MX5),56,15474,2497,5,3,2,0,1,1,1,1,1,1,1,1,1,1,0,0,0,0,0,0,1,0,0,0,0,1,0,0,0,1,1,0
41346421,2814.4095035579858,3490,투싼,더 뉴 투싼 하이브리드 (NX4),101,5803,1598,5,1,4,0,1,1,1,1,1,1,1,1,1,1,0,0,0,0,0,0,0,1,0,0,0,0,0,1,0,1,1,0
41207357,3651.1332725787192,4380,모하비,모하비 더 마스터,43,55214,2959,6,4,2,1,1,1,1,1,1,1,1,1,1,0,1,0,0,0,0,0,0,0,1,0,0,0,1,0,0,1,1,0
41650541,2990.7382652543233,1899,아이오닉,더 뉴 아이오닉 일렉트릭,65,37021,120,5,6,0,0,0,1,1,1,1,1,1,0,1,1,0,0,0,0,0,0,0,0,0,1,0,1,0,0,0,1,0,1
41308147,2917.9076270847495,3030,그랜저,더 뉴 그랜저 IG,27,42387,2497,5,6,1,1,1,1,1,1,1,1,1,1,1,1,0,0,0,0,0,0,1,0,0,0,0,1,0,0,0,1,0,1
41527169,3614.405854880476,3290,팰리세이드,팰리세이드,107,34720,2199,7,6,2,1,1,1,1,1,1,1,1,1,1,1,0,0,0,0,0,0,0,0,1,0,0,0,1,0,0,1,1,0
40939286,3078.160913373322,1840,캐스퍼,캐스퍼,88,11969,998,4,3,0,1,0,1,1,1,1,1,1,1,1,1,0,0,0,0,0,0,1,0,0,0,0,0,0,0,1,1,0,1
41545781,2629.0665603460916,1790,XM3,XM3,23,72815,1332,5,4,7,0,1,1,1,1,1,1,1,1,1,0,0,0,0,0,1,0,1,0,0,0,0,1,0,0,0,1,1,0
41005266,3048.6479659774163,2599,스포티지,스포티지 5세대,55,97082,1598,5,5,0,1,1,1,1,1,1,1,1,1,1,0,1,0,0,0,0,0,1,0,0,0,0,0,1,0,0,1,1,0
41488031,3063.629778185483,1810,싼타페,싼타페 TM,56,92829,1995,5,8,3,0,1,1,0,1,1,0,1,1,1,1,0,0,0,0,0,0,0,0,1,0,0,0,0,0,1,1,1,0
41478008,5313.932698356571,5850,GV80,GV80,9,39041,2497,5,5,1,1,1,1,1,1,1,1,1,1,1,0,0,1,0,0,0,0,1,0,0,0,0,0,0,1,0,1,1,0
40939718,3462.654978735885,4390,쏘렌토,더 뉴 쏘렌토 4세대,58,47197,2151,5,3,5,1,1,1,1,1,1,1,1,1,1,0,1,0,0,0,0,0,0,0,1,0,0,0,1,0,0,1,1,0
40685135,3108.745207717931,1990,스포티지,스포티지 더 볼드,55,35447,1995,5,7,0,0,1,1,1,1,1,1,1,1,1,0,1,0,0,0,0,0,0,0,1,0,0,0,0,1,0,1,1,0
41560918,5398.2920940715185,3350,GV80,GV80,9,197837,2996,5,4,0,0,1,1,1,1,1,1,1,1,1,0,0,1,0,0,0,0,0,0,1,0,0,0,1,0,0,1,1,0
41567759,4477.328734051914,4290,GV70,GV70,8,36226,2497,5,5,2,0,1,1,1,1,1,1,1,1,1,0,0,1,0,0,0,0,1,0,0,0,0,0,1,0,0,1,1,0
41533574,3550.2021461772415,3150,스타리아,스타리아,51,29985,3470,7,5,1,1,1,1,1,1,1,1,1,1,1,1,0,0,0,0,0,1,0,0,0,0,0,0,1,0,0,1,1,0
41646997,3108.745207717931,2499,스포티지,스포티지 5세대,55,98913,1998,5,4,1,0,1,1,1,1,1,1,1,1,1,0,1,0,0,0,0,0,0,0,1,0,0,0,1,0,0,1,1,0
41651470,2609.1958662919633,1700,스타렉스,더 뉴 그랜드 스타렉스,50,79478,2497,5,6,0,0,0,1,1,0,0,0,1,1,1,1,0,0,0,0,0,0,0,0,1,0,0,0,0,0,1,1,1,0
41467858,2887.6126226256356,1711,그랜저,그랜저 IG,27,57336,2359,5,9,6,1,1,1,1,1,1,1,1,1,1,1,0,0,0,0,0,0,1,0,0,0,0,1,0,0,0,1,0,1
41371078,2513.119275862335,1949,토레스,토레스,100,58843,1497,5,4,0,0,1,1,1,1,1,1,1,0,1,0,0,0,1,0,0,0,1,0,0,0,0,0,0,1,0,1,1,0
41471411,5398.2920940715185,5340,GV80,GV80,9,41828,3470,5,4,0,0,1,1,1,1,1,1,1,1,1,0,0,1,0,0,0,0,1,0,0,0,0,1,0,0,0,1,1,0
41304455,2455.2697081001443,1990,코란도,뷰티풀 코란도,92,35533,1497,5,5,2,1,1,1,1,1,1,1,1,1,1,0,0,0,1,0,0,0,1,0,0,0,0,0,1,0,0,1,1,0
41547168,2779.972995621478,3390,투싼,투싼 (NX4),101,50356,1598,5,3,0,1,1,1,1,1,1,1,1,1,1,1,0,0,0,0,0,0,1,0,0,0,0,1,0,0,0,1,1,0
41576861,3462.654978735885,4600,쏘렌토,더 뉴 쏘렌토 4세대,58,5034,1598,6,2,2,1,1,1,1,1,1,1,1,1,1,0,1,0,0,0,0,0,0,1,0,0,0,1,0,0,0,1,1,0
41012248,2429.895177340624,2000,EQ900,EQ900,0,191251,3778,5,9,9,1,1,1,1,1,1,1,1,1,1,0,0,1,0,0,0,0,1,0,0,0,0,0,1,0,0,1,0,1
40143321,3124.321134797158,2590,트래버스,트래버스,102,38658,3564,7,5,0,0,1,1,1,1,1,1,1,0,1,0,0,0,0,1,0,0,1,0,0,0,0,1,0,0,0,1,1,0
40725078,3525.614103450443,1740,SM6,더 뉴 SM6,20,32318,1998,5,4,0,0,1,1,1,1,1,1,1,1,1,0,0,0,0,0,1,1,0,0,0,0,0,0,0,1,0,1,0,1
41612131,5398.2920940715185,6830,GV80,GV80,9,25742,2497,5,2,0,1,1,1,1,1,1,1,1,1,1,0,0,1,0,0,0,0,1,0,0,0,0,0,1,0,0,1,1,0
41439604,3594.805689983869,2490,스타리아,스타리아,51,50859,2199,11,5,2,0,0,1,0,0,0,0,1,0,0,1,0,0,0,0,0,0,0,0,1,0,0,0,1,0,0,1,1,0
41260302,5313.932698356571,5740,GV80,GV80,9,40519,2497,5,4,2,0,1,1,1,1,1,1,1,1,1,0,0,1,0,0,0,0,1,0,0,0,0,0,1,0,0,1,1,0
39924719,3835.924823652034,2240,G80,G80,5,64484,3342,5,10,3,1,1,1,1,1,1,1,1,1,1,0,0,1,0,0,0,0,1,0,0,0,0,1,0,0,0,1,0,1
41611709,2871.0199908868076,9999,그랜저,더 뉴 그랜저 IG 하이브리드,27,45137,2359,5,5,2,1,1,1,1,1,1,1,1,1,1,1,0,0,0,0,0,0,0,1,0,0,0,0,1,0,0,1,0,1
41637864,3611.071044237849,2750,팰리세이드,팰리세이드,107,50669,3778,7,4,4,0,1,1,1,1,1,1,1,1,1,1,0,0,0,0,0,0,1,0,0,0,0,0,0,1,0,1,1,0
41332084,2758.425760042816,2490,렉스턴,더 뉴 렉스턴 스포츠,35,67269,2157,5,3,4,0,1,1,1,1,1,1,1,1,1,0,0,0,1,0,0,0,0,0,1,0,0,0,0,1,0,1,1,0
41114278,4331.174374684793,5080,GV70,GV70,8,17571,2497,5,3,0,1,1,1,1,1,1,1,1,1,1,0,0,1,0,0,0,0,1,0,0,0,0,0,1,0,0,1,1,0
41392284,4394.3925768413965,4520,GV70,GV70,8,46489,2497,5,4,2,0,1,1,1,1,1,1,1,1,1,0,0,1,0,0,0,0,1,0,0,0,0,1,0,0,0,1,1,0
41336838,2777.2978813068744,2950,렉스턴,더 뉴 렉스턴 스포츠 칸,35,28063,2157,5,4,2,0,1,1,1,1,1,1,1,1,1,0,0,0,1,0,0,0,0,0,1,0,0,0,0,0,1,1,1,0
40858991,2540.7398004274887,2250,토레스,토레스,100,20476,1497,5,3,1,0,1,1,1,1,1,1,1,1,1,0,0,0,1,0,0,0,1,0,0,0,0,0,1,0,0,1,1,0
41372592,2620.1903020024697,8888,쏘나타,쏘나타 하이브리드 (DN8),57,104540,1999,5,5,1,0,1,1,1,1,1,1,1,1,1,1,0,0,0,0,0,0,0,1,0,0,0,1,0,0,0,1,0,1
41038370,3224.829199147787,2580,카니발,카니발 4세대,85,63132,2151,9,4,3,0,1,1,1,1,1,1,1,1,1,0,1,0,0,0,0,0,0,0,1,0,0,1,0,0,0,1,1,0
41107811,3555.8753163906044,2564,팰리세이드,팰리세이드,107,101073,2199,7,5,1,0,0,1,1,1,1,1,1,1,1,1,0,0,0,0,0,0,0,0,1,0,0,0,0,1,0,1,1,0
41366076,2871.0199908868076,2780,그랜저,더 뉴 그랜저 IG,27,48751,2497,5,4,2,1,1,1,1,1,1,1,1,1,1,1,0,0,0,0,0,0,1,0,0,0,0,1,0,0,0,1,0,1
41003488,4363.6224840519135,3980,GV70,GV70,8,38393,2497,5,3,8,1,1,1,1,1,1,1,1,1,1,0,0,1,0,0,0,0,1,0,0,0,0,1,0,0,0,1,1,0
41066394,2758.425760042816,2350,렉스턴,더 뉴 렉스턴 스포츠,35,59895,2157,5,5,2,0,1,1,1,1,1,1,1,1,1,0,0,0,1,0,0,0,0,0,1,0,0,0,0,1,0,1,1,0
41085315,3224.829199147787,6950,카니발,더 뉴 카니발 4세대,85,27656,1598,9,2,2,0,1,1,1,1,1,1,1,1,1,0,1,0,0,0,0,0,0,1,0,0,0,0,1,0,0,1,1,0
41547198,3877.838318635213,3980,G80,G80 (RG3),5,58513,2497,5,4,0,0,1,1,1,1,1,1,1,1,1,0,0,1,0,0,0,0,1,0,0,0,0,0,1,0,0,1,0,1
41624303,3847.011384330083,6750,G80,G80 (RG3),5,28901,2497,5,2,2,1,1,1,1,1,1,1,1,1,1,0,0,1,0,0,0,0,1,0,0,0,0,1,0,0,0,1,0,1
41561798,2832.235730062908,2270,그랜저,더 뉴 그랜저 IG,27,98462,3342,5,6,4,0,1,1,1,1,1,1,1,1,1,1,0,0,0,0,0,0,1,0,0,0,0,1,0,0,0,1,0,1
41543746,3321.9597448306204,9999,스파크,스파크,54,88674,995,5,12,2,0,0,0,0,0,0,0,0,0,0,0,0,0,0,1,0,0,1,0,0,0,0,0,0,0,1,1,0,1
41639754,3063.629778185483,3780,싼타페,싼타페 (MX5),56,30803,1598,5,3,0,0,1,1,1,1,1,1,1,1,1,1,0,0,0,0,0,0,0,1,0,0,0,1,0,0,0,1,1,0
41480758,2777.2978813068744,1770,렉스턴,렉스턴 스포츠 칸,35,70600,2157,5,6,0,0,0,1,1,0,1,0,1,1,1,0,0,0,1,0,0,0,0,0,1,0,0,0,0,0,1,1,1,0
41454660,3011.2319489661245,1790,캐스퍼,캐스퍼,88,28805,998,4,4,0,1,0,1,1,1,1,1,1,1,1,1,0,0,0,0,0,0,1,0,0,0,0,0,0,0,1,1,0,1
41198017,3453.3633120692184,2888,쏘렌토,쏘렌토 4세대,58,84713,2151,7,6,2,1,1,1,1,1,1,1,1,1,1,0,1,0,0,0,0,0,0,0,1,0,0,1,0,0,0,1,1,0
41495907,2878.424920259569,2710,트레일블레이저,더 뉴 트레일블레이저,104,24486,1341,5,2,1,1,1,1,1,1,1,0,1,1,1,0,0,0,0,1,0,0,1,0,0,0,0,1,0,0,0,1,1,0
41616308,3614.405854880476,2990,팰리세이드,팰리세이드,107,135054,2199,7,5,2,0,1,1,1,1,1,1,1,1,1,1,0,0,0,0,0,0,0,0,1,0,0,0,1,0,0,1,1,0
41635823,3453.3633120692184,2130,쏘렌토,더 뉴 쏘렌토,58,100365,1995,5,7,0,0,1,1,1,1,1,1,1,1,1,0,1,0,0,0,0,0,0,0,1,0,0,0,1,0,0,1,1,0
41484649,2651.085997141483,2330,렉스턴,더 뉴 렉스턴 스포츠,35,65841,2157,5,4,0,0,1,1,1,1,1,1,1,1,1,0,0,0,1,0,0,0,0,0,1,0,0,0,0,0,1,1,1,0
40787257,2849.033733094886,1800,G70,G70,4,81807,1998,5,9,2,1,1,1,1,1,1,1,1,1,1,0,0,1,0,0,0,0,1,0,0,0,0,0,1,0,0,1,0,1
41541452,2542.268670259569,2120,셀토스,셀토스,49,33817,1591,5,4,3,0,0,1,1,1,1,1,1,1,1,0,1,0,0,0,0,0,1,0,0,0,0,1,0,0,0,1,1,0
41535478,3063.629778185483,2500,싼타페,더 뉴 싼타페,56,73626,2151,5,5,0,0,1,1,1,1,1,1,1,1,1,1,0,0,0,0,0,0,0,0,1,0,0,1,0,0,0,1,1,0
41365024,3757.422508106974,3370,G80,G80 (RG3),5,82927,2497,5,5,5,0,1,1,1,1,1,1,1,1,1,0,0,1,0,0,0,0,1,0,0,0,0,1,0,0,0,1,0,1
41225626,2725.7156813909605,2880,쏘나타,쏘나타 디 엣지(DN8),57,20972,1598,5,2,0,0,1,1,1,1,1,1,1,1,1,1,0,0,0,0,0,0,1,0,0,0,0,1,0,0,0,1,0,1
41634884,2917.9076270847495,3020,그랜저,더 뉴 그랜저 IG,27,26306,2497,5,5,8,1,1,1,1,1,1,1,1,1,1,1,0,0,0,0,0,0,1,0,0,0,0,1,0,0,0,1,0,1
41423075,3614.405854880476,2470,팰리세이드,팰리세이드,107,184603,2199,7,7,11,1,1,1,1,1,1,1,1,1,1,1,0,0,0,0,0,0,0,0,1,0,0,0,0,1,0,1,1,0
41632226,5313.932698356571,5390,GV80,GV80,9,41711,2497,5,4,1,0,1,1,1,1,1,1,1,1,1,0,0,1,0,0,0,0,1,0,0,0,0,0,1,0,0,1,1,0
41186630,2795.223454361947,1960,니로,디 올 뉴 니로,29,145860,1580,5,4,1,0,1,1,1,1,1,1,1,1,1,0,1,0,0,0,0,0,0,1,0,0,0,0,0,0,1,1,1,0
41458169,2684.625840071605,2450,쏘나타,쏘나타 하이브리드 (DN8),57,47302,1999,5,6,4,1,1,1,1,1,1,1,1,1,1,1,0,0,0,0,0,0,0,1,0,0,0,1,0,0,0,1,0,1
41475034,2609.95163614849,2150,니로,디 올 뉴 니로 EV,29,95903,180,5,4,0,0,0,1,1,1,1,1,1,1,1,0,1,0,0,0,0,0,0,0,0,1,0,1,0,0,0,1,1,0
41119837,2766.3800913523883,2650,렉스턴,더 뉴 렉스턴 스포츠 칸,35,16511,2157,5,4,0,0,0,1,1,0,1,0,1,1,1,0,0,0,1,0,0,0,0,0,1,0,0,0,0,1,0,1,1,0
41418753,2945.1713070622,2130,말리부,더 뉴 말리부,40,43188,1998,5,4,1,1,1,1,1,1,1,1,1,1,1,0,0,0,0,1,0,0,1,0,0,0,0,1,0,0,0,1,0,1
41250765,3093.986581610207,1900,K9,더 K9,14,191829,3778,5,7,2,0,0,0,0,0,0,0,0,0,0,0,1,0,0,0,0,0,1,0,0,0,0,0,0,0,1,1,0,1
41558014,3015.4650086512584,3470,싼타페,더 뉴 싼타페,56,45345,1598,6,3,3,0,1,1,1,1,1,1,1,1,1,1,0,0,0,0,0,0,0,1,0,0,0,0,0,1,0,1,1,0
40761896,2766.3800913523883,2790,렉스턴,올 뉴 렉스턴,35,61337,2157,5,5,1,1,1,1,1,1,1,1,1,1,1,0,0,0,1,0,0,0,0,0,1,0,0,0,1,0,0,1,1,0
41519222,2498.7756802517033,2350,K7,K7 프리미어,12,72300,2497,5,7,1,1,1,1,1,1,1,1,1,1,1,0,1,0,0,0,0,0,1,0,0,0,0,1,0,0,0,1,0,1
41406935,3224.829199147787,2990,카니발,카니발 4세대,85,93759,2151,9,3,0,1,1,1,1,1,1,1,1,1,1,0,1,0,0,0,0,0,0,0,1,0,0,0,0,1,0,1,1,0
41639475,2931.58161642511,2270,그랜저,더 뉴 그랜저 IG 하이브리드,27,133177,2359,5,6,2,0,1,1,1,1,1,1,1,1,1,1,0,0,0,0,0,0,0,1,0,0,0,0,1,0,0,1,0,1
41471757,2798.9683874777133,3850,G70,더 뉴 G70,4,24505,1998,5,4,0,0,1,1,1,1,1,1,1,1,1,0,0,1,0,0,0,0,1,0,0,0,0,1,0,0,0,1,0,1
41405950,3602.7134342567415,3090,팰리세이드,팰리세이드,107,27369,3778,7,5,2,1,1,1,1,1,1,1,1,1,1,1,0,0,0,0,0,0,1,0,0,0,0,0,1,0,0,1,1,0
41536347,3015.4650086512584,2299,싼타페,더 뉴 싼타페,56,72209,2151,5,4,8,0,1,1,1,1,1,1,1,1,1,1,0,0,0,0,0,0,0,0,1,0,0,0,1,0,0,1,1,0
41347775,3828.3155031297233,5720,G80,G80 (RG3),5,24578,2497,5,2,1,0,1,1,1,1,1,1,1,1,1,0,0,1,0,0,0,0,1,0,0,0,0,0,0,1,0,1,0,1
41343481,3453.3633120692184,3530,쏘렌토,쏘렌토 4세대,58,30328,1598,5,3,6,1,1,1,1,1,1,1,1,1,1,0,1,0,0,0,0,0,0,1,0,0,0,0,1,0,0,1,1,0
41356849,2832.235730062908,2099,그랜저,더 뉴 그랜저 IG,27,97111,3342,5,6,4,0,1,1,1,1,1,1,1,1,1,1,0,0,0,0,0,0,1,0,0,0,0,1,0,0,0,1,0,1
41458741,3063.629778185483,1950,싼타페,싼타페 TM,56,165504,1998,5,8,4,0,1,1,1,1,1,1,1,1,1,1,0,0,0,0,0,0,1,0,0,0,0,1,0,0,0,1,1,0
41220309,2357.565903155451,2150,EQ900,EQ900,0,145625,3778,4,9,3,0,1,1,1,1,1,1,1,1,1,0,0,1,0,0,0,0,1,0,0,0,0,0,1,0,0,1,0,1
41315466,2566.566644283388,2500,토레스,토레스,100,26422,1497,5,2,1,0,1,1,1,1,1,1,1,1,1,0,0,0,1,0,0,0,1,0,0,0,0,0,0,1,0,1,1,0
41193249,5025.51401270444,5465,G90,G90 (RS4),6,127289,3470,5,4,3,0,1,1,1,1,1,1,1,1,1,0,0,1,0,0,0,0,1,0,0,0,0,0,1,0,0,1,0,1
41603357,3594.805689983869,2490,스타리아,스타리아,51,68526,2199,3,3,4,0,1,1,1,1,1,1,1,0,1,1,0,0,0,0,0,0,0,0,1,0,0,1,0,0,0,1,1,0
41467780,2917.9076270847495,1820,그랜저,그랜저 IG,27,107794,2999,5,8,8,1,1,1,1,1,1,1,1,1,1,1,0,0,0,0,0,0,1,0,0,0,0,1,0,0,0,1,0,1
41583859,3482.230586207206,4790,스타리아,스타리아,51,17443,1598,7,1,0,1,1,1,1,1,1,1,1,1,1,1,0,0,0,0,0,0,0,1,0,0,0,0,1,0,0,1,1,0
41661652,2564.8123299278163,9999,아반떼,아반떼 MD,62,115495,1591,5,16,2,0,1,1,1,1,1,1,1,0,1,1,0,0,0,0,0,0,1,0,0,0,0,1,0,0,0,1,0,1
41538046,4425.863399075039,4270,GV70,GV70,8,27543,2497,5,5,0,0,1,1,1,1,1,1,1,1,1,0,0,1,0,0,0,0,1,0,0,0,0,1,0,0,0,1,1,0
40261534,3602.7134342567415,2300,팰리세이드,팰리세이드,107,140435,3778,7,7,0,0,1,1,1,1,1,1,1,1,1,1,0,0,0,0,0,0,1,0,0,0,0,0,0,1,0,1,1,0
41527621,3835.924823652034,2690,G80,G80,5,87928,3342,5,8,0,1,1,1,1,1,1,1,1,1,1,0,0,1,0,0,0,0,1,0,0,0,0,1,0,0,0,1,0,1
41252284,2878.424920259569,2260,트레일블레이저,트레일블레이저,104,37549,1341,5,5,2,0,1,1,1,1,1,1,1,1,1,0,0,0,0,1,0,0,1,0,0,0,0,1,0,0,0,1,1,0
41559967,5373.873808791013,5200,GV80,GV80,9,92022,2996,5,4,0,0,1,1,1,1,1,1,1,1,1,0,0,1,0,0,0,0,0,0,1,0,0,0,0,1,0,1,1,0
41338962,2740.9459912429556,2830,QM6,더 뉴 QM6,17,21,1998,5,0,2,0,1,1,1,1,1,1,1,1,1,0,0,0,0,0,1,1,0,0,0,0,0,1,0,0,0,1,1,0
41575147,2871.0199908868076,1710,그랜저,더 뉴 그랜저 IG,27,166029,2497,5,5,11,0,1,1,1,1,1,1,1,1,1,1,0,0,0,0,0,0,1,0,0,0,0,0,1,0,0,1,0,1
41659133,2833.7809220036456,2770,G70,더 뉴 G70,4,93664,1998,5,5,5,0,1,1,1,1,1,1,1,1,1,0,0,1,0,0,0,0,1,0,0,0,0,1,0,0,0,1,0,1
41624586,2580.7207386685927,2549,아반떼,더 뉴 아반떼 (CN7),62,26053,1998,5,1,9,1,1,1,1,1,1,1,1,1,1,1,0,0,0,0,0,0,1,0,0,0,0,1,0,0,0,0,0,1
41609919,3405.4249645598084,2199,아이오닉5,아이오닉5,66,140521,111,5,5,4,0,1,1,1,1,1,1,1,1,1,1,0,0,0,0,0,0,0,0,0,1,0,0,0,1,0,1,0,1
41450241,3877.838318635213,3280,G80,G80 (RG3),5,116013,2199,5,5,0,0,1,1,1,1,1,1,1,1,1,0,0,1,0,0,0,0,0,0,1,0,0,0,1,0,0,1,0,1
40949269,3877.838318635213,1899,G80,G80,5,97312,3342,5,9,5,0,1,1,1,1,1,1,1,1,1,0,0,1,0,0,0,0,1,0,0,0,0,0,1,0,0,1,0,1
41610351,3611.071044237849,3490,팰리세이드,더 뉴 팰리세이드,107,67886,2199,7,3,2,0,1,1,1,1,1,1,1,1,1,1,0,0,0,0,0,0,0,0,1,0,0,0,1,0,0,1,1,0
41284446,2566.566644283388,3690,토레스,토레스 EVX,100,27544,189,5,2,0,1,1,1,1,1,1,1,1,1,1,0,0,0,1,0,0,0,0,0,0,1,0,0,0,1,0,1,1,0
41637435,2777.2978813068744,3590,렉스턴,렉스턴 뉴 아레나,35,34966,2157,7,3,1,0,1,1,1,1,1,1,1,1,1,0,0,0,1,0,0,0,0,0,1,0,0,0,1,0,0,1,1,0
39926520,3191.47987241531,2590,마스터,마스터,38,40089,2299,3,8,1,0,0,1,1,0,0,0,0,0,0,0,0,0,0,0,1,0,0,0,1,0,0,1,0,0,0,1,1,0
40977119,2566.566644283388,2390,토레스,토레스,100,17768,1497,5,4,1,0,1,1,1,1,1,1,1,1,1,0,0,0,1,0,0,0,1,0,0,0,0,0,0,0,1,1,1,0
40972426,3086.853182440802,2090,싼타페,싼타페 TM,56,110208,1995,5,6,0,0,0,1,1,1,1,1,1,1,1,1,0,0,0,0,0,0,0,0,1,0,0,1,0,0,0,1,1,0
41056481,3276.955066568482,2100,카니발,카니발 4세대,85,170990,2151,7,6,10,1,1,1,1,1,1,1,1,1,1,0,1,0,0,0,0,0,0,0,1,0,0,0,1,0,0,1,1,0
40727157,3123.453248276873,3300,트래버스,트래버스,102,104879,3564,7,4,2,1,1,1,1,1,1,1,1,1,1,0,0,0,0,1,0,0,1,0,0,0,0,0,1,0,0,1,1,0
41483433,4363.6224840519135,4190,GV70,GV70,8,86273,2497,5,2,4,0,1,1,1,1,1,1,1,1,1,0,0,1,0,0,0,0,1,0,0,0,0,1,0,0,0,1,1,0
41612576,2650.525522053633,1710,스타렉스,더 뉴 그랜드 스타렉스,50,92187,2359,12,8,5,0,0,1,1,0,0,0,1,0,1,1,0,0,0,0,0,1,0,0,0,0,0,0,0,0,1,1,1,0
40892405,3482.230586207206,4950,스타리아,스타리아,51,17473,2199,4,2,0,0,1,1,1,1,1,1,1,1,1,1,0,0,0,0,0,0,0,0,1,0,0,1,0,0,0,1,1,0
41183526,2931.58161642511,1999,그랜저,더 뉴 그랜저 IG,27,105468,2497,5,5,0,0,1,1,1,1,1,1,1,0,1,1,0,0,0,0,0,0,1,0,0,0,0,0,1,0,0,1,0,1
41601082,2652.43527743991,2830,아반떼,아반떼 (CN7),62,2416,1598,5,3,0,0,1,1,1,1,1,1,1,1,1,1,0,0,0,0,0,0,1,0,0,0,0,1,0,0,0,1,0,1
41452852,3224.829199147787,2760,카니발,카니발 4세대,85,116342,2151,9,5,0,0,1,1,1,1,1,1,1,1,1,0,1,0,0,0,0,0,0,0,1,0,0,0,1,0,0,1,1,0
41412452,2819.120910451986,2340,투싼,투싼 (NX4),101,55033,1998,5,4,0,0,0,1,1,1,1,1,1,1,1,1,0,0,0,0,0,0,0,0,1,0,0,0,0,1,0,1,1,0
41183532,5412.40951276323,7699,GV80,GV80,9,14247,3470,5,2,1,1,1,1,1,1,1,1,1,1,1,0,0,1,0,0,0,0,1,0,0,0,0,1,0,0,0,1,1,0
41500139,2564.8123299278163,2600,아반떼,아반떼 (CN7),62,8243,1598,5,4,0,0,1,1,1,1,1,1,1,1,1,1,0,0,0,0,0,0,1,0,0,0,0,0,0,1,0,1,0,1
41611089,3108.745207717931,1830,스포티지,스포티지 더 볼드,55,60168,1995,5,6,0,0,0,1,1,1,1,1,1,1,1,0,1,0,0,0,0,0,0,0,1,0,0,0,0,1,0,1,1,0
41470477,2566.566644283388,2189,토레스,토레스,100,58915,1497,5,4,1,0,1,1,1,1,1,1,1,0,1,0,0,0,1,0,0,0,1,0,0,0,0,1,0,0,0,1,1,0
41475280,3828.3155031297233,3850,G80,G80 (RG3),5,78462,2497,5,5,1,1,1,1,1,1,1,1,1,1,1,0,0,1,0,0,0,0,1,0,0,0,0,1,0,0,0,1,0,1
41633900,2887.6126226256356,2590,그랜저,더 뉴 그랜저 IG,27,77656,2497,5,6,3,0,1,1,1,1,1,1,1,1,1,1,0,0,0,0,0,0,1,0,0,0,0,0,1,0,0,1,0,1
41442877,2871.0199908868076,1980,그랜저,더 뉴 그랜저 IG 하이브리드,27,117873,2359,5,6,4,0,1,1,1,1,1,1,1,0,1,1,0,0,0,0,0,0,0,1,0,0,0,0,1,0,0,1,0,1
41016139,2750.981798850805,1990,투싼,투싼 (NX4),101,87712,1598,5,5,3,0,0,1,1,1,1,1,1,1,1,1,0,0,0,0,0,0,1,0,0,0,0,1,0,0,0,1,1,0
41263002,3036.133238826156,3680,스팅어,스팅어 마이스터,53,66284,3342,5,5,0,1,1,1,1,1,1,1,1,1,1,0,1,0,0,0,0,0,1,0,0,0,0,1,0,0,0,1,0,1
41131770,3003.6999328501633,3280,콜로라도,리얼 뉴 콜로라도,94,15653,3649,5,4,0,0,0,1,1,1,0,1,1,0,1,0,0,0,0,1,0,0,1,0,0,0,0,0,1,0,0,1,1,0
40316621,2777.2978813068744,1810,렉스턴,렉스턴 스포츠 칸,35,67312,2157,5,7,2,0,0,1,1,1,1,1,1,1,1,0,0,0,1,0,0,0,0,0,1,0,0,0,0,1,0,1,1,0
41236188,2566.566644283388,2399,토레스,토레스,100,42006,1497,5,4,0,1,1,1,1,1,1,1,1,1,1,0,0,0,1,0,0,0,1,0,0,0,0,1,0,0,0,1,1,0
40917220,3266.59261814898,3140,카니발,카니발 4세대,85,40427,3470,9,5,4,0,1,1,1,1,1,1,1,1,1,0,1,0,0,0,0,0,1,0,0,0,0,0,1,0,0,1,1,0
41213104,2766.3800913523883,2849,렉스턴,올 뉴 렉스턴,35,96377,2157,5,4,0,0,1,1,1,1,1,1,1,1,1,0,0,0,1,0,0,0,0,0,1,0,0,1,0,0,0,1,1,0
41518046,2836.490415435862,2060,캐스퍼,더 뉴 캐스퍼,88,11170,998,4,1,4,0,0,1,1,1,1,0,1,1,1,1,0,0,0,0,0,0,1,0,0,0,0,1,0,0,0,1,0,1
41584176,2819.120910451986,2190,투싼,투싼 (NX4),101,80402,1598,5,5,4,0,0,1,1,1,1,1,1,1,1,1,0,0,0,0,0,0,1,0,0,0,0,0,0,1,0,1,1,0
41423212,3086.853182440802,2490,싼타페,더 뉴 싼타페,56,62158,2151,5,6,2,0,1,1,1,1,1,1,1,1,1,1,0,0,0,0,0,0,0,0,1,0,0,1,0,0,0,1,1,0
41213853,5412.40951276323,3600,GV80,GV80,9,185778,2996,5,6,1,1,1,1,1,1,1,1,1,1,1,0,0,1,0,0,0,0,0,0,1,0,0,0,0,1,0,1,1,0
41371880,3086.853182440802,3420,싼타페,싼타페 (MX5),56,12417,2497,5,3,0,0,1,1,1,1,1,1,1,1,1,1,0,0,0,0,0,0,1,0,0,0,0,1,0,0,0,1,1,0
40586813,3224.829199147787,4150,카니발,더 뉴 카니발 4세대,85,19508,3470,9,2,2,1,1,1,1,1,1,1,1,1,1,0,1,0,0,0,0,0,1,0,0,0,0,0,1,0,0,1,1,0
40951156,2660.933211824105,1750,넥쏘,넥쏘,28,52526,0,5,8,5,1,1,1,1,1,1,1,1,1,1,1,0,0,0,0,0,0,0,0,0,0,1,1,0,0,0,1,1,0
41620276,3877.838318635213,3490,G80,G80 (RG3),5,83561,2497,5,5,0,0,1,1,1,1,1,1,1,1,1,0,0,1,0,0,0,0,1,0,0,0,0,0,0,1,0,1,0,1
41541433,3847.011384330083,3660,G80,G80 (RG3),5,66651,2497,5,5,0,0,1,1,1,1,1,1,1,1,1,0,0,1,0,0,0,0,1,0,0,0,0,1,0,0,0,1,0,1
41114065,3137.8525868123897,2550,K8,K8,13,54780,2497,5,5,4,0,1,1,1,1,1,1,1,1,1,0,1,0,0,0,0,0,1,0,0,0,0,0,0,1,0,1,0,1
40900050,3828.3155031297233,3700,G80,G80 (RG3),5,26090,2497,5,6,2,0,1,1,1,1,1,1,1,1,1,0,0,1,0,0,0,0,1,0,0,0,0,0,1,0,0,1,0,1
41329546,3326.4508146315256,2850,카니발,카니발 4세대,85,90400,2151,9,4,4,1,1,1,1,1,1,1,1,1,1,0,1,0,0,0,0,0,0,0,1,0,0,1,0,0,0,1,1,0
40724389,2634.7772150268797,1890,쏘나타,쏘나타 (DN8),57,118798,1999,5,6,7,1,1,1,1,1,1,1,1,1,1,1,0,0,0,0,0,0,1,0,0,0,0,1,0,0,0,1,0,1
41506701,2887.6126226256356,3290,그랜저,그랜저 하이브리드 (GN7),27,106090,1598,5,3,3,0,1,1,1,1,1,1,1,1,1,1,0,0,0,0,0,0,0,1,0,0,0,0,1,0,0,1,0,1
41637842,3223.7858673429773,2450,카니발,카니발 4세대,85,90533,2151,9,4,4,0,1,1,1,1,1,1,1,1,1,0,1,0,0,0,0,0,0,0,1,0,0,0,0,1,0,1,1,0
41464555,3565.3649600264525,3500,팰리세이드,더 뉴 팰리세이드,107,69543,3778,7,3,0,0,1,1,1,1,1,1,1,1,1,1,0,0,0,0,0,0,1,0,0,0,0,1,0,0,0,1,1,0
41560180,2871.0199908868076,2730,그랜저,더 뉴 그랜저 IG 하이브리드,27,69966,2359,5,7,6,0,1,1,1,1,1,1,1,1,1,1,0,0,0,0,0,0,0,1,0,0,0,0,0,1,0,1,0,1
41604441,3565.3649600264525,2790,팰리세이드,팰리세이드,107,121422,2199,7,6,1,0,1,1,1,1,1,1,1,1,1,1,0,0,0,0,0,0,0,0,1,0,0,0,0,1,0,1,1,0
41566973,3067.673489216629,2150,싼타페,더 뉴 싼타페,56,63993,2151,5,6,2,0,1,1,1,1,1,1,1,1,1,1,0,0,0,0,0,0,0,0,1,0,0,1,0,0,0,1,1,0
38383060,2931.58161642511,2750,그랜저,더 뉴 그랜저 IG,27,66632,2497,5,5,2,0,1,1,1,1,1,1,1,1,1,1,0,0,0,0,0,0,1,0,0,0,0,0,0,1,0,1,0,1
41451266,3757.422508106974,3590,G80,G80 (RG3),5,76524,2497,5,6,0,0,1,1,1,1,1,1,1,1,1,0,0,1,0,0,0,0,1,0,0,0,0,0,1,0,0,1,0,1
41651944,2651.085997141483,2380,렉스턴,올 뉴 렉스턴,35,92540,2157,5,6,6,0,1,1,1,1,1,1,1,1,1,0,0,0,1,0,0,0,0,0,1,0,0,0,0,1,0,1,1,0
41507514,3611.071044237849,2690,팰리세이드,팰리세이드,107,83876,2199,7,7,0,0,1,1,1,1,1,1,1,1,1,1,0,0,0,0,0,0,0,0,1,0,0,1,0,0,0,1,1,0
40819862,3067.673489216629,4020,싼타페,싼타페 (MX5),56,18752,1598,7,3,0,1,1,1,1,1,1,1,1,1,1,1,0,0,0,0,0,0,0,1,0,0,0,1,0,0,0,1,1,0
41381015,4363.6224840519135,5090,GV70,GV70,8,26894,2497,5,3,1,1,1,1,1,1,1,1,1,1,1,0,0,1,0,0,0,0,1,0,0,0,0,1,0,0,0,1,1,0
41211718,2739.750535430254,1780,렉스턴,렉스턴 스포츠 칸,35,99498,2157,5,6,4,0,1,1,1,1,1,1,1,1,1,0,0,0,1,0,0,0,0,0,1,0,0,0,0,0,1,1,1,0
41261789,3555.8753163906044,4170,팰리세이드,팰리세이드,107,59547,2199,7,5,0,0,1,1,1,1,1,1,1,1,1,1,0,0,0,0,0,0,0,0,1,0,0,1,0,0,0,1,1,0
40319652,3562.6635203775545,3750,콜레오스,그랑 콜레오스,93,4705,1499,5,1,0,0,1,1,1,1,1,1,1,1,1,0,0,0,0,0,1,0,0,1,0,0,0,1,0,0,0,1,1,0
41165631,3063.629778185483,3299,싼타페,싼타페 (MX5),56,57076,2497,7,3,0,1,1,1,1,1,1,1,1,1,1,1,0,0,0,0,0,0,1,0,0,0,0,1,0,0,0,1,1,0
41447020,3067.673489216629,3700,싼타페,싼타페 (MX5),56,33925,1598,5,3,5,0,1,1,1,1,1,1,1,1,1,1,0,0,0,0,0,0,0,1,0,0,0,1,0,0,0,1,1,0
41584470,4425.863399075039,3580,GV70,GV70,8,66085,2497,5,4,12,0,1,1,1,1,1,1,1,1,1,0,0,1,0,0,0,0,1,0,0,0,0,1,0,0,0,1,1,0
41655767,2779.972995621478,1770,투싼,올 뉴 투싼,101,90350,1598,5,8,5,1,0,1,1,1,1,1,1,1,1,1,0,0,0,0,0,0,0,0,1,0,0,1,0,0,0,1,1,0
41371676,3326.4508146315256,1730,카니발,더 뉴 카니발,85,169715,2199,7,8,9,0,1,1,1,1,1,1,1,1,1,0,1,0,0,0,0,0,0,0,1,0,0,0,1,0,0,1,1,0
41451436,2939.9731632204134,2500,이쿼녹스,더 넥스트 이쿼녹스,79,40189,1490,5,4,0,0,1,1,1,1,1,1,1,1,1,0,0,0,0,1,0,0,1,0,0,0,0,1,0,0,0,1,1,0
41088478,3498.6983665185985,2870,쏘렌토,쏘렌토 4세대,58,76649,1598,5,5,6,0,1,1,1,1,1,1,1,1,1,0,1,0,0,0,0,0,0,1,0,0,0,0,1,0,0,1,1,0
41445763,3063.629778185483,2980,싼타페,싼타페 (MX5),56,25861,2497,5,2,1,0,1,1,1,1,1,1,1,1,1,1,0,0,0,0,0,0,1,0,0,0,0,0,0,1,0,1,1,0
40691431,2985.7852847364197,3580,싼타페,싼타페 (MX5),56,21051,2497,6,3,0,0,1,1,1,1,1,1,1,1,1,1,0,0,0,0,0,0,1,0,0,0,0,1,0,0,0,1,1,0
41605414,3048.6479659774163,3200,스포티지,스포티지 5세대 하이브리드,55,20234,1598,5,3,0,0,1,1,1,1,1,1,1,1,1,0,1,0,0,0,0,0,0,1,0,0,0,1,0,0,0,1,1,0
41591916,2750.0422913352963,2130,아반떼,아반떼 (CN7),62,44741,1598,5,4,0,0,1,1,1,1,1,1,1,1,1,1,0,0,0,0,0,0,1,0,0,0,0,1,0,0,0,1,0,1
41206960,2777.2978813068744,2299,렉스턴,올 뉴 렉스턴,35,146653,2157,5,4,0,0,1,1,1,1,1,1,1,1,1,0,0,0,1,0,0,0,0,0,1,0,0,0,1,0,0,1,1,0
41343881,3357.3272340652456,3250,아이오닉5,아이오닉5,66,74298,111,5,4,28,1,1,1,1,1,1,1,1,1,1,1,0,0,0,0,0,0,0,0,0,1,0,0,0,1,0,1,0,1
41407697,2832.235730062908,2460,그랜저,더 뉴 그랜저 IG,27,68176,2497,5,6,0,0,1,1,1,1,1,1,1,1,1,1,0,0,0,0,0,0,1,0,0,0,0,0,0,1,0,1,0,1
41487001,2570.774893679425,1999,XM3,XM3,23,138078,1332,5,6,1,0,1,1,1,1,1,1,1,1,1,0,0,0,0,0,1,0,1,0,0,0,0,1,0,0,0,1,1,0
41583190,3357.3272340652456,3580,아이오닉5,아이오닉5,66,37501,111,5,3,0,1,1,1,1,1,1,1,1,1,1,1,0,0,0,0,0,0,0,0,0,1,0,0,0,0,1,1,0,1
41643257,3614.405854880476,6850,팰리세이드,팰리세이드 (LX3),107,1560,2497,7,1,0,1,1,1,1,1,1,1,1,1,1,1,0,0,0,0,0,0,0,1,0,0,0,0,1,0,0,1,1,0
41280417,3565.3649600264525,2750,팰리세이드,팰리세이드,107,61442,3778,7,6,3,1,1,1,1,1,1,1,1,1,1,1,0,0,0,0,0,0,1,0,0,0,0,0,1,0,0,1,1,0
41054444,3067.673489216629,2060,싼타페,더 뉴 싼타페,56,135475,2151,5,6,3,0,1,1,0,1,1,1,1,1,1,1,0,0,0,0,0,0,0,0,1,0,0,0,0,1,0,1,1,0
41160912,2766.3800913523883,4690,렉스턴,렉스턴 뉴 아레나,35,10106,2157,5,2,2,0,1,1,1,1,1,1,1,1,1,0,0,0,1,0,0,0,0,0,1,0,0,0,1,0,0,1,1,0
40892010,3614.405854880476,4550,팰리세이드,더 뉴 팰리세이드,107,92238,2199,7,3,0,0,1,1,1,1,1,1,1,1,1,1,0,0,0,0,0,0,0,0,1,0,0,0,1,0,0,1,1,0
41226594,2725.7156813909605,2250,쏘나타,쏘나타 (DN8),57,89005,1999,5,5,6,0,1,1,1,1,1,1,1,1,1,1,0,0,0,0,0,0,1,0,0,0,0,0,1,0,0,1,0,1
41646830,3453.3633120692184,3349,쏘렌토,쏘렌토 4세대,58,47740,1598,6,5,2,1,1,1,1,1,1,1,1,1,1,0,1,0,0,0,0,0,0,1,0,0,0,0,0,0,1,1,1,0
41508494,3611.071044237849,2570,팰리세이드,팰리세이드,107,74084,3778,7,7,4,1,1,1,1,1,1,1,1,1,1,1,0,0,0,0,0,0,1,0,0,0,0,0,1,0,0,1,1,0
41454612,2871.0199908868076,1830,그랜저,더 뉴 그랜저 IG,27,155177,3342,5,6,2,0,1,1,1,1,1,1,1,1,1,1,0,0,0,0,0,0,1,0,0,0,0,0,1,0,0,1,0,1
41373880,3622.6650569373537,3850,모하비,모하비 더 마스터,43,34335,2959,7,5,0,0,1,1,1,1,1,1,1,1,1,0,1,0,0,0,0,0,0,0,1,0,0,1,0,0,0,1,1,0
41574149,3086.853182440802,3450,싼타페,더 뉴 싼타페,56,41900,1598,5,4,6,1,1,1,1,1,1,1,1,1,1,1,0,0,0,0,0,0,0,1,0,0,0,1,0,0,0,1,1,0
41222645,2992.986581610207,4380,K9,더 뉴 K9 2세대,14,53623,3778,5,3,1,0,1,1,1,1,1,1,1,1,1,0,1,0,0,0,0,0,1,0,0,0,0,0,1,0,0,1,0,1
40938715,5130.415213793392,2745,G90,G90,6,132942,3342,5,7,6,0,1,1,1,1,1,1,1,1,1,0,0,1,0,0,0,0,1,0,0,0,0,0,1,0,0,1,0,1
41201416,3086.853182440802,3770,싼타페,싼타페 (MX5),56,14492,1598,7,1,0,0,1,1,1,1,1,1,1,1,1,1,0,0,0,0,0,0,0,1,0,0,0,0,0,1,0,1,1,0
40853519,3015.4650086512584,3850,싼타페,싼타페 (MX5),56,28987,1598,5,3,0,0,1,1,1,1,1,1,1,1,1,1,0,0,0,0,0,0,0,1,0,0,0,1,0,0,0,1,1,0
40340785,3326.4508146315256,3100,카니발,더 뉴 카니발 4세대,85,105292,3470,7,3,10,0,1,1,1,1,1,1,1,1,1,0,1,0,0,0,0,0,0,1,0,0,0,1,0,0,0,1,1,0
41222941,2632.4269067199116,2290,아반떼,아반떼 하이브리드 (CN7),62,52736,1580,5,3,2,0,1,1,1,1,1,1,1,1,1,1,0,0,0,0,0,0,0,1,0,0,0,0,0,1,0,1,0,1
41651068,3847.011384330083,7990,G80,G80 (RG3),5,1994,2497,5,0,0,1,1,1,1,1,1,1,1,1,1,0,0,1,0,0,0,0,1,0,0,0,0,0,1,0,0,1,0,1
41541774,2814.4095035579858,3750,투싼,더 뉴 투싼 하이브리드 (NX4),101,21793,1598,5,1,0,0,1,1,1,1,1,1,1,1,1,1,0,0,0,0,0,0,0,1,0,0,0,0,0,1,0,1,1,0
41286892,2720.502498674518,2750,트랙스,트랙스 크로스오버,103,4,1199,5,0,0,0,1,1,1,1,1,0,1,1,1,0,0,0,0,1,0,0,1,0,0,0,0,0,1,0,0,1,1,0
41046160,2615.360723815946,2050,토레스,토레스,100,68792,1497,5,4,0,0,1,1,1,1,1,1,1,0,1,0,0,0,1,0,0,0,1,0,0,0,0,1,0,0,0,1,1,0
41599742,3063.629778185483,2280,싼타페,싼타페 TM,56,97776,2199,7,8,6,0,1,1,1,1,1,1,1,1,1,1,0,0,0,0,0,0,0,0,1,0,0,0,0,1,0,1,1,0
38909589,3828.3155031297233,2990,G80,G80 (RG3),5,143184,2497,5,6,0,0,1,1,1,1,1,1,1,1,1,0,0,1,0,0,0,0,1,0,0,0,0,0,0,1,0,1,0,1
41444539,3453.3633120692184,2770,쏘렌토,쏘렌토 4세대,58,89186,2497,6,4,7,0,1,1,1,1,1,1,1,1,1,0,1,0,0,0,0,0,1,0,0,0,0,1,0,0,0,1,1,0
41483124,4477.328734051914,4100,GV70,GV70,8,67425,2497,5,5,0,0,1,1,1,1,1,1,1,1,1,0,0,1,0,0,0,0,1,0,0,0,0,1,0,0,0,1,1,0
41382306,2859.939240148325,1760,코나,더 뉴 코나,91,37260,1598,5,5,10,0,0,1,1,0,1,1,1,0,1,1,0,0,0,0,0,0,1,0,0,0,0,0,0,1,0,1,1,0
40755974,3757.422508106974,3550,G80,G80 (RG3),5,33661,2497,5,5,5,0,1,1,1,1,1,1,1,1,1,0,0,1,0,0,0,0,1,0,0,0,0,0,0,1,0,1,0,1
41586505,2739.750535430254,2577,렉스턴,더 뉴 렉스턴 스포츠,35,43478,2157,5,3,2,0,1,1,1,1,1,1,1,1,1,0,0,0,1,0,0,0,0,0,1,0,0,0,0,0,1,1,1,0
41576363,3828.3155031297233,7490,G80,G80 (RG3),5,9454,2497,5,1,0,1,1,1,1,1,1,1,1,1,1,0,0,1,0,0,0,0,1,0,0,0,0,0,1,0,0,1,0,1
41520678,3757.422508106974,3440,G80,G80 (RG3),5,119555,2497,5,4,2,0,1,1,1,1,1,1,1,1,1,0,0,1,0,0,0,0,1,0,0,0,0,0,1,0,0,1,0,1
41620330,3555.8753163906044,2990,팰리세이드,팰리세이드,107,54612,3778,7,5,0,1,1,1,1,1,1,1,1,1,1,1,0,0,0,0,0,0,1,0,0,0,0,1,0,0,0,1,1,0
40654941,3326.4508146315256,2650,카니발,카니발 4세대,85,52000,2151,9,6,0,0,1,1,1,1,1,1,1,1,1,0,1,0,0,0,0,0,0,0,1,0,0,0,1,0,0,1,1,0
40973802,2871.0199908868076,2259,그랜저,더 뉴 그랜저 IG,27,46936,3342,5,6,1,0,1,1,1,1,1,1,1,1,1,1,0,0,0,0,0,0,1,0,0,0,0,0,1,0,0,1,0,1
41571156,2651.085997141483,3380,렉스턴,더 뉴 렉스턴 스포츠 칸,35,13587,2157,5,1,1,0,1,1,1,1,1,1,1,1,1,0,0,0,1,0,0,0,0,0,1,0,0,0,0,1,0,1,1,0
41601099,2652.43527743991,2480,아반떼,아반떼 (CN7),62,75286,1998,5,4,8,1,1,1,1,1,1,1,1,1,1,1,0,0,0,0,0,0,1,0,0,0,0,0,0,1,0,1,0,1
41245189,2725.7156813909605,2290,쏘나타,쏘나타 디 엣지(DN8),57,33572,1999,5,2,0,0,1,1,1,1,1,1,1,0,1,1,0,0,0,0,0,1,0,0,0,0,0,0,0,1,0,1,0,1
41653670,2468.942796388243,1990,코란도,뷰티풀 코란도,92,39633,1497,5,5,0,0,1,1,1,1,1,1,1,1,1,0,0,0,1,0,0,0,1,0,0,0,0,1,0,0,0,1,1,0
41219537,5373.873808791013,4606,GV80,GV80,9,85839,2996,5,4,7,0,1,1,1,1,1,1,1,1,1,0,0,1,0,0,0,0,0,0,1,0,0,1,0,0,0,1,1,0
41513211,2629.0665603460916,2290,XM3,XM3,23,33239,1332,5,5,0,0,1,1,1,1,1,1,1,1,1,0,0,0,0,0,1,0,1,0,0,0,0,0,0,1,0,1,1,0
41630728,2878.424920259569,2360,트레일블레이저,트레일블레이저,104,75556,1341,5,4,7,1,1,1,1,1,1,1,1,1,1,0,0,0,0,1,0,0,1,0,0,0,0,0,1,0,0,1,1,0
41598271,3614.405854880476,3250,팰리세이드,팰리세이드,107,66399,2199,7,6,3,1,1,1,1,1,1,1,1,1,1,1,0,0,0,0,0,0,0,0,1,0,0,1,0,0,0,1,1,0
41332344,5373.873808791013,4240,GV80,GV80,9,166830,3470,5,4,0,1,1,1,1,1,1,1,1,1,1,0,0,1,0,0,0,0,1,0,0,0,0,1,0,0,0,1,1,0
41542501,4839.699076110866,8120,G90,G90 (RS4),6,40059,3470,5,3,2,1,1,1,1,1,1,1,1,1,1,0,0,1,0,0,0,0,1,0,0,0,0,0,0,0,1,1,0,1
41466147,3137.8525868123897,2790,K8,K8 하이브리드,13,50362,1598,5,4,4,1,1,1,1,1,1,1,1,1,1,0,1,0,0,0,0,0,0,1,0,0,0,0,1,0,0,1,0,1
41250259,3550.2021461772415,3640,스타리아,스타리아,51,71639,2199,9,5,1,0,1,1,1,1,1,1,1,1,1,1,0,0,0,0,0,0,0,0,1,0,0,0,1,0,0,1,1,0
41573306,2739.750535430254,2460,렉스턴,G4 렉스턴,35,20800,2157,5,6,2,0,1,1,1,0,1,0,1,1,1,0,0,0,1,0,0,0,0,0,1,0,0,1,0,0,0,1,1,0
41527434,3015.4650086512584,1750,싼타페,싼타페 TM,56,127901,1998,5,7,7,0,1,1,1,1,1,1,1,1,1,1,0,0,0,0,0,0,1,0,0,0,0,0,0,0,1,1,1,0
41278763,2632.4269067199116,2599,아반떼,아반떼 (CN7),62,35210,1998,5,4,2,1,1,1,1,1,1,1,1,1,1,1,0,0,0,0,0,0,1,0,0,0,0,0,0,1,0,1,0,1
41489438,2792.2446070107953,3050,투싼,투싼 하이브리드 (NX4),101,26928,1598,5,4,2,0,1,1,1,1,1,1,1,1,1,1,0,0,0,0,0,0,0,1,0,0,0,0,0,1,0,1,1,0
40965858,3525.614103450443,1890,SM6,더 뉴 SM6,20,85228,1798,5,4,1,0,1,1,1,1,1,1,1,1,1,0,0,0,0,0,1,0,1,0,0,0,0,0,0,1,0,1,0,1
41142960,2602.03768400251,1840,쏘나타,쏘나타 (DN8),57,64154,1598,5,7,5,0,1,1,1,1,1,1,1,1,1,1,0,0,0,0,0,0,1,0,0,0,0,0,0,1,0,1,0,1
41359808,3578.55046978521,2890,스타리아,스타리아,51,49476,2199,9,5,4,0,0,1,0,0,1,0,1,0,1,1,0,0,0,0,0,0,0,0,1,0,0,0,1,0,0,1,1,0
41438564,2798.9683874777133,2690,G70,G70,4,52261,1998,5,6,1,0,1,1,1,1,1,1,1,1,1,0,0,1,0,0,0,0,1,0,0,0,0,0,0,0,1,1,0,1
41610709,3828.3155031297233,4140,G80,G80 (RG3),5,41216,3470,5,5,6,1,1,1,1,1,1,1,1,1,1,0,0,1,0,0,0,0,1,0,0,0,0,0,0,1,0,1,0,1
41520360,3223.7858673429773,3450,카니발,카니발 4세대,85,86596,2151,7,5,0,0,1,1,1,1,1,1,1,1,1,0,1,0,0,0,0,0,0,0,1,0,0,0,0,1,0,1,1,0
41619237,2917.9076270847495,3270,그랜저,그랜저 (GN7),27,22064,2497,5,3,0,0,1,1,1,1,1,1,1,0,1,1,0,0,0,0,0,0,1,0,0,0,0,0,0,0,1,1,0,1
41315153,3266.59261814898,2050,카니발,카니발 4세대,85,170096,3470,9,6,10,0,1,1,1,1,1,1,1,1,1,0,1,0,0,0,0,0,1,0,0,0,0,0,0,0,1,1,1,0
40666562,3611.071044237849,2200,팰리세이드,팰리세이드,107,168757,2199,7,7,7,0,0,1,1,1,1,0,1,1,1,1,0,0,0,0,0,0,0,0,1,0,0,0,1,0,0,1,1,0
41229343,3614.405854880476,2199,팰리세이드,팰리세이드,107,179913,2199,7,6,8,0,1,1,1,1,1,1,1,1,1,1,0,0,0,0,0,0,0,0,1,0,0,1,0,0,0,1,1,0
41234990,2792.2446070107953,2650,투싼,더 뉴 투싼 (NX4),101,1958,1598,5,1,2,0,1,1,1,1,1,1,0,0,1,1,0,0,0,0,0,0,1,0,0,0,0,1,0,0,0,1,1,0
41631262,3413.9483665185985,2480,쏘렌토,쏘렌토 4세대,58,74290,2151,7,6,0,0,1,1,1,1,1,1,1,1,1,0,1,0,0,0,0,0,0,0,1,0,0,0,0,0,1,1,1,0
41146731,2651.085997141483,1850,렉스턴,렉스턴 스포츠,35,89114,2157,5,8,2,0,0,0,0,0,0,0,0,0,0,0,0,0,1,0,0,0,0,0,1,0,0,0,1,0,0,1,1,0
41453663,3555.8753163906044,2500,팰리세이드,팰리세이드,107,76708,2199,8,5,18,1,1,1,1,1,1,1,1,1,1,1,0,0,0,0,0,0,0,0,1,0,0,1,0,0,0,1,1,0
41643938,2750.981798850805,2390,투싼,투싼 (NX4),101,54496,1998,5,5,0,0,0,1,1,1,1,1,1,1,1,1,0,0,0,0,0,0,0,0,1,0,0,0,0,1,0,1,1,0
41633974,2633.5129880066565,1750,스타렉스,더 뉴 그랜드 스타렉스,50,30857,2497,12,7,2,0,0,1,1,0,0,0,1,0,1,1,0,0,0,0,0,0,0,0,1,0,0,0,0,0,1,1,1,0
41513093,2833.9888180085054,3150,콜로라도,리얼 뉴 콜로라도,94,31208,3649,5,5,1,0,1,1,1,1,0,0,1,0,1,0,0,0,0,1,0,0,1,0,0,0,0,0,1,0,0,1,1,0
41530517,3550.2021461772415,2080,스타리아,스타리아,51,94024,2199,3,5,2,0,0,1,0,0,1,0,1,0,1,1,0,0,0,0,0,0,0,0,1,0,0,1,0,0,0,1,1,0
41576306,3063.629778185483,3570,싼타페,싼타페 (MX5),56,75716,2497,5,3,11,1,1,1,1,1,1,1,1,1,1,1,0,0,0,0,0,0,1,0,0,0,0,0,1,0,0,1,1,0
41564021,2949.416836726581,2650,스포티지,스포티지 5세대,55,42557,1598,5,3,6,0,1,1,1,1,1,1,1,1,1,0,1,0,0,0,0,0,1,0,0,0,0,1,0,0,0,1,1,0
41446401,5313.932698356571,4450,GV80,GV80,9,100164,2996,5,5,1,0,1,1,1,1,1,1,1,1,1,0,0,1,0,0,0,0,0,0,1,0,0,0,1,0,0,1,1,0
41650109,2798.9683874777133,2450,G70,G70,4,114721,3342,5,8,5,1,1,1,1,1,1,1,1,1,1,0,0,1,0,0,0,0,1,0,0,0,0,1,0,0,0,1,0,1
41585175,3835.924823652034,1990,G80,G80,5,129745,3342,5,7,5,0,1,1,1,1,1,1,1,1,1,0,0,1,0,0,0,0,1,0,0,0,0,0,1,0,0,1,0,1
41565514,3482.230586207206,2899,스타리아,스타리아,51,30680,2199,3,3,4,0,1,1,1,1,1,1,1,1,1,1,0,0,0,0,0,0,0,0,1,0,0,1,0,0,0,1,1,0
41541363,3326.4508146315256,4120,카니발,더 뉴 카니발 4세대,85,2900,1598,9,0,2,1,1,1,1,1,1,1,1,1,1,0,1,0,0,0,0,0,0,1,0,0,0,0,0,1,0,1,1,0
41407219,2750.981798850805,2790,투싼,투싼 (NX4),101,48552,1998,5,5,3,0,1,1,1,1,1,1,1,1,1,1,0,0,0,0,0,0,0,0,1,0,0,0,0,1,0,1,1,0
41523500,2564.8123299278163,1720,아반떼,아반떼 (CN7),62,26397,1598,5,5,3,0,1,1,1,1,1,1,1,1,1,1,0,0,0,0,0,0,1,0,0,0,0,1,0,0,0,1,0,1
41595091,3463.9361949029885,3320,아이오닉5,아이오닉5,66,60856,111,5,4,0,0,1,1,1,1,1,1,1,1,1,1,0,0,0,0,0,0,0,0,0,1,0,0,0,1,0,1,0,1
41569838,2927.2574681038277,1760,G70,G70,4,92557,1998,5,8,2,0,1,1,1,1,1,1,1,1,1,0,0,1,0,0,0,0,1,0,0,0,0,0,0,1,0,1,0,1
40656938,3067.673489216629,3620,싼타페,더 뉴 싼타페,56,33162,1598,6,3,0,0,1,1,1,1,1,1,1,1,1,1,0,0,0,0,0,0,0,1,0,0,0,0,1,0,0,1,1,0
41184853,2652.43527743991,2180,아반떼,아반떼 (CN7),62,56387,1598,5,4,1,1,1,1,1,1,1,1,1,1,1,1,0,0,0,0,0,0,1,0,0,0,0,0,0,1,0,1,0,1
41475143,2651.085997141483,2299,렉스턴,더 뉴 렉스턴 스포츠 칸,35,57759,2157,5,5,1,0,1,1,1,1,1,0,1,1,1,0,0,0,1,0,0,0,0,0,1,0,0,0,0,0,1,1,1,0
41573500,3565.3649600264525,2130,팰리세이드,팰리세이드,107,130526,2199,7,7,4,0,0,1,1,1,1,1,1,1,1,1,0,0,0,0,0,0,0,0,1,0,0,1,0,0,0,1,1,0
41444909,3266.59261814898,3150,카니발,카니발 4세대,85,83680,3470,9,4,0,1,1,1,1,1,1,1,1,1,1,0,1,0,0,0,0,0,1,0,0,0,0,1,0,0,0,1,1,0
41241902,5412.40951276323,6190,GV80,GV80,9,49736,3470,5,3,0,0,1,1,1,1,1,1,1,1,1,0,0,1,0,0,0,0,1,0,0,0,0,0,0,1,0,1,1,0
41624502,3828.3155031297233,2180,G80,G80,5,39872,3342,5,9,3,0,1,1,1,1,1,1,1,1,1,0,0,1,0,0,0,0,1,0,0,0,0,0,1,0,0,1,0,1
40983016,4425.863399075039,4400,GV70,GV70,8,54769,2497,5,5,0,1,1,1,1,1,1,1,1,1,1,0,0,1,0,0,0,0,1,0,0,0,0,1,0,0,0,1,1,0
41443036,5412.40951276323,2670,GV80,GV80,9,326481,2996,5,6,1,0,1,1,1,1,1,1,1,1,1,0,0,1,0,0,0,0,0,0,1,0,0,0,0,0,1,1,1,0
41634743,2833.7809220036456,2395,G70,G70,4,82440,1998,5,7,8,1,1,1,1,1,1,1,1,1,1,0,0,1,0,0,0,0,1,0,0,0,0,1,0,0,0,1,0,1
41648414,2871.0199908868076,3000,그랜저,그랜저 (GN7),27,55840,3470,5,3,4,0,1,1,1,1,1,1,1,1,1,1,0,0,0,0,0,0,1,0,0,0,0,0,1,0,0,1,0,1
41144921,2468.942796388243,1840,코란도,뷰티풀 코란도,92,37793,1497,5,6,5,0,1,1,1,1,1,1,1,1,1,0,0,0,1,0,0,0,1,0,0,0,0,1,0,0,0,1,1,0
41387808,3594.805689983869,3220,스타리아,스타리아,51,50124,2199,7,5,14,1,1,1,1,1,1,1,1,1,1,1,0,0,0,0,0,0,0,0,1,0,0,0,1,0,0,1,1,0
40989743,2615.360723815946,2330,토레스,토레스,100,47788,1497,5,4,2,0,1,1,1,1,1,1,1,1,1,0,0,0,1,0,0,0,1,0,0,0,0,0,0,1,0,1,1,0
41119794,2582.899977616721,1930,토레스,토레스,100,33231,1497,5,4,20,0,1,1,1,1,1,1,1,1,1,0,0,0,1,0,0,0,1,0,0,0,0,1,0,0,0,1,1,0
41587569,4331.174374684793,4090,GV70,GV70,8,58326,2497,5,5,7,1,1,1,1,1,1,1,1,1,1,0,0,1,0,0,0,0,1,0,0,0,0,1,0,0,0,1,1,0
40843519,3611.071044237849,5990,팰리세이드,더 뉴 팰리세이드,107,19427,2199,7,3,0,1,1,1,1,1,1,1,1,1,1,1,0,0,0,0,0,0,0,0,1,0,0,1,0,0,0,1,1,0
41184621,3317.5998784907715,1750,마스터,마스터,38,37844,2299,3,8,0,0,0,1,1,0,0,1,0,0,0,0,0,0,0,0,1,0,0,0,1,0,0,0,0,1,0,0,1,0
41576760,3074.571948966124,1980,K8,K8,13,150915,3470,5,5,0,1,1,1,1,1,1,1,1,1,1,0,1,0,0,0,0,1,0,0,0,0,0,0,0,1,0,1,0,1
40489084,3073.8059832820063,1990,콜로라도,콜로라도,94,72402,3649,5,6,3,0,0,1,1,1,0,1,1,0,1,0,0,0,0,1,0,0,1,0,0,0,0,0,1,0,0,1,1,0
41123594,3011.2319489661245,2599,캐스퍼,캐스퍼 일렉트릭,88,14524,158,4,2,0,0,1,1,1,1,1,1,1,1,1,1,0,0,0,0,0,0,0,0,0,1,0,0,0,0,1,1,0,1
41560444,3015.4650086512584,3800,싼타페,싼타페 (MX5),56,50086,2497,5,2,5,1,1,1,1,1,1,1,1,1,1,1,0,0,0,0,0,0,1,0,0,0,0,0,1,0,0,1,1,0
41642181,2750.981798850805,1740,투싼,올 뉴 투싼,101,36746,1591,5,8,4,0,1,1,1,1,1,1,1,0,1,1,0,0,0,0,0,0,1,0,0,0,0,0,0,1,0,1,1,0
41623994,4394.3925768413965,4300,GV70,GV70,8,49476,2497,5,5,2,0,0,0,0,0,0,0,0,0,0,0,0,1,0,0,0,0,1,0,0,0,0,1,0,0,0,1,1,0
41559928,4153.072611286646,4160,GV60,GV60,7,80287,111,5,4,1,0,1,1,1,1,1,1,1,1,1,0,0,1,0,0,0,0,0,0,0,1,0,0,0,1,0,1,1,0
41509541,5373.873808791013,6599,GV80,GV80,9,35210,3470,5,2,2,1,1,1,1,1,1,1,1,1,1,0,0,1,0,0,0,0,1,0,0,0,0,0,0,0,1,1,1,0
41624636,2652.43527743991,1710,아반떼,아반떼 (CN7),62,94348,1598,5,4,2,0,1,1,1,1,1,1,1,1,1,1,0,0,0,0,0,0,1,0,0,0,0,0,0,1,0,1,0,1
41602273,2566.566644283388,2350,토레스,토레스,100,35741,1497,5,3,0,0,1,1,1,1,1,1,1,1,1,0,0,0,1,0,0,0,1,0,0,0,0,0,1,0,0,1,1,0
41021046,5373.873808791013,6490,GV80,GV80,9,35852,3470,6,2,7,1,1,1,1,1,1,1,1,1,1,0,0,1,0,0,0,0,1,0,0,0,0,1,0,0,0,1,1,0
41390598,3611.071044237849,2830,팰리세이드,팰리세이드,107,86631,2199,7,6,0,0,1,1,1,1,1,1,1,1,1,1,0,0,0,0,0,0,0,0,1,0,0,0,0,1,0,1,1,0
41310241,2917.9076270847495,1850,그랜저,더 뉴 그랜저 IG,27,154238,3342,5,6,1,0,1,1,1,1,1,1,1,1,1,1,0,0,0,0,0,0,1,0,0,0,0,0,1,0,0,1,0,1
41339003,2631.6880923441727,3280,QM6,더 뉴 QM6,17,9,1997,5,0,0,0,1,1,1,1,1,1,1,1,1,0,0,0,0,0,1,0,1,0,0,0,0,1,0,0,0,1,1,0
41356651,2566.566644283388,2799,토레스,토레스,100,33900,1497,5,3,2,1,1,1,1,1,1,1,1,1,1,0,0,0,1,0,0,0,0,1,0,0,0,0,1,0,0,1,1,0
41637615,2766.3800913523883,2499,렉스턴,올 뉴 렉스턴,35,44830,2157,5,3,19,1,1,1,1,1,1,1,1,1,1,0,0,0,1,0,0,0,0,0,1,0,0,1,0,0,0,1,1,0
41106883,2766.3800913523883,2080,렉스턴,더 뉴 렉스턴 스포츠,35,56497,2157,5,5,0,0,1,1,1,1,1,0,1,1,1,0,0,0,1,0,0,0,0,0,1,0,0,0,0,0,1,1,1,0
41568928,3611.071044237849,3490,팰리세이드,더 뉴 팰리세이드,107,79745,3778,7,4,0,0,1,1,1,1,1,1,1,1,1,1,0,0,0,0,0,0,1,0,0,0,0,0,1,0,0,1,1,0
41139654,3611.071044237849,3939,팰리세이드,팰리세이드,107,51725,2199,7,4,0,0,1,1,1,1,1,1,1,1,1,1,0,0,0,0,0,0,0,0,1,0,0,0,1,0,0,1,1,0
40430340,3877.838318635213,3750,G80,G80 (RG3),5,85946,2497,5,6,0,1,1,1,1,1,1,1,1,1,1,0,0,1,0,0,0,0,1,0,0,0,0,0,0,0,1,1,0,1
41338216,3199.8165603460916,1740,스팅어,스팅어,53,86484,1998,5,8,2,1,1,1,1,1,1,1,1,1,1,0,1,0,0,0,0,0,1,0,0,0,0,0,0,1,0,1,0,1
41500660,3462.654978735885,2050,쏘렌토,더 뉴 쏘렌토,58,139527,2199,7,6,1,0,1,1,1,1,1,1,1,1,1,0,1,0,0,0,0,0,0,0,1,0,0,0,1,0,0,1,1,0
38838928,2650.525522053633,1720,스타렉스,더 뉴 그랜드 스타렉스,50,68727,2497,5,5,6,0,0,1,1,0,0,1,1,1,1,1,0,0,0,0,0,0,0,0,1,0,0,0,0,1,0,1,1,0
41424449,3048.6479659774163,2800,스포티지,스포티지 5세대 하이브리드,55,93653,1598,5,4,1,0,1,1,1,1,1,1,1,1,1,0,1,0,0,0,0,0,0,1,0,0,0,0,0,1,0,1,1,0
40978720,2651.085997141483,2520,렉스턴,더 뉴 렉스턴 스포츠,35,25015,2157,5,5,0,0,1,1,1,1,1,1,1,1,1,0,0,0,1,0,0,0,0,0,1,0,0,1,0,0,0,1,1,0
41591214,2620.1903020024697,1950,쏘나타,쏘나타 (DN8),57,45059,1999,5,7,1,0,1,1,1,1,1,1,1,1,1,1,0,0,0,0,0,0,1,0,0,0,0,0,1,0,0,1,0,1
41622551,3757.422508106974,3680,G80,G80 (RG3),5,69975,2497,5,5,4,0,1,1,1,1,1,1,1,1,1,0,0,1,0,0,0,0,1,0,0,0,0,1,0,0,0,1,0,1
40785259,2985.7852847364197,1799,싼타페,싼타페 TM,56,85641,1995,5,7,1,0,0,1,1,1,1,1,1,1,1,1,0,0,0,0,0,0,0,0,1,0,0,0,1,0,0,1,1,0
40218010,5406.43473495045,6390,GV80,GV80,9,16814,2497,7,3,1,1,1,1,1,1,1,1,1,1,1,0,0,1,0,0,0,0,1,0,0,0,0,1,0,0,0,1,1,0
41370649,4331.174374684793,4110,GV70,GV70,8,48328,2497,5,4,0,0,1,1,1,1,1,1,1,1,1,0,0,1,0,0,0,0,1,0,0,0,0,0,1,0,0,1,1,0
41619240,3611.071044237849,2490,팰리세이드,팰리세이드,107,63872,3778,7,4,6,0,1,1,1,1,1,1,1,1,1,1,0,0,0,0,0,0,1,0,0,0,0,0,0,1,0,1,1,0
41595353,2684.625840071605,2190,쏘나타,쏘나타 (DN8),57,68333,1598,5,5,0,0,1,1,1,1,1,1,1,1,1,1,0,0,0,0,0,0,1,0,0,0,0,0,0,1,0,1,0,1
41373798,5406.43473495045,3359,GV80,GV80,9,192065,2497,5,6,2,1,1,1,1,1,1,1,1,1,1,0,0,1,0,0,0,0,1,0,0,0,0,1,0,0,0,1,1,0
41552276,2684.625840071605,3450,쏘나타,쏘나타 디 엣지 하이브리드(DN8),57,710,1999,5,1,2,0,1,1,1,1,1,1,1,1,1,1,0,0,0,0,0,0,0,1,0,0,0,1,0,0,0,1,0,1
38900341,3073.8059832820063,2160,콜로라도,콜로라도,94,77652,3649,5,6,1,0,0,1,1,1,0,0,1,0,1,0,0,0,0,1,0,0,1,0,0,0,0,1,0,0,0,1,1,0
41269254,2750.981798850805,3990,투싼,더 뉴 투싼 하이브리드 (NX4),101,806,1598,5,1,0,0,1,1,1,1,1,1,1,1,1,1,0,0,0,0,0,0,0,1,0,0,0,1,0,0,0,1,1,0
41514495,2643.06965830767,2150,QM6,더 뉴 QM6,17,30257,1998,2,2,0,0,1,1,1,1,1,1,1,0,1,0,0,0,0,0,1,1,0,0,0,0,0,0,0,0,1,1,1,0
41067177,2615.360723815946,2599,토레스,토레스,100,2712,1497,5,3,0,0,1,1,1,1,1,1,1,1,1,0,0,0,1,0,0,0,1,0,0,0,0,1,0,0,0,1,1,0
41493011,2985.7852847364197,2200,싼타페,싼타페 TM,56,40088,1995,5,7,3,0,0,1,1,1,1,1,1,1,1,1,0,0,0,0,0,0,0,0,1,0,0,0,0,1,0,1,1,0
41198974,3063.629778185483,3339,싼타페,싼타페 (MX5),56,53307,2497,7,3,1,1,1,1,1,1,1,1,1,1,1,1,0,0,0,0,0,0,1,0,0,0,0,1,0,0,0,1,1,0
41064814,2643.06965830767,2000,QM6,더 뉴 QM6,17,59337,1998,5,6,0,1,1,1,1,1,1,1,1,1,1,0,0,0,0,0,1,1,0,0,0,0,0,1,0,0,0,1,1,0
41619821,2792.2446070107953,2060,투싼,투싼 (NX4),101,85162,1598,5,5,7,0,0,1,1,1,1,1,1,1,1,1,0,0,0,0,0,0,1,0,0,0,0,0,0,1,0,1,1,0
41622303,3357.3272340652456,3220,아이오닉5,아이오닉5,66,47037,111,5,5,1,1,1,1,1,1,1,1,1,1,1,1,0,0,0,0,0,0,0,0,0,1,0,0,0,1,0,1,0,1
41010393,3579.672286134175,5100,모하비,모하비 더 마스터,43,17672,2959,6,3,1,1,1,1,1,1,1,1,1,1,1,0,1,0,0,0,0,0,0,0,1,0,0,0,1,0,0,1,1,0
41510539,3565.3649600264525,3090,팰리세이드,팰리세이드,107,127830,2199,7,6,2,1,1,1,1,1,1,1,1,1,1,1,0,0,0,0,0,0,0,0,1,0,0,1,0,0,0,1,1,0
41641332,3093.986581610207,3450,K9,더 뉴 K9 2세대,14,94430,3778,5,4,3,0,1,1,1,1,1,1,1,1,1,0,1,0,0,0,0,0,1,0,0,0,0,0,1,0,0,1,0,1
41494153,4331.174374684793,5390,GV70,GV70,8,9987,2497,5,2,2,1,1,1,1,1,1,1,1,1,1,0,0,1,0,0,0,0,1,0,0,0,0,1,0,0,0,1,1,0
41324184,2883.686388250694,2220,G70,G70,4,94627,3342,5,8,0,1,1,1,1,1,1,1,1,1,1,0,0,1,0,0,0,0,1,0,0,0,0,0,0,1,0,1,0,1
41078251,2650.525522053633,2330,스타렉스,더 뉴 그랜드 스타렉스,50,28307,2497,7,8,4,0,0,1,1,0,0,1,1,0,1,1,0,0,0,0,0,0,0,0,1,0,0,1,0,0,0,1,1,0
41625211,4839.699076110866,8300,G90,G90 (RS4),6,11946,3470,5,1,2,0,1,1,1,1,1,1,1,1,1,0,0,1,0,0,0,0,1,0,0,0,0,1,0,0,0,1,0,1
41637854,2580.7207386685927,2150,아반떼,더 뉴 아반떼 (CN7),62,27800,1598,5,1,7,0,1,1,1,1,1,1,1,1,1,1,0,0,0,0,0,0,1,0,0,0,0,1,0,0,0,1,0,1
41529762,5130.415213793392,7099,G90,G90 (RS4),6,78069,3470,5,3,5,0,1,1,1,1,1,1,1,1,1,0,0,1,0,0,0,0,1,0,0,0,0,0,1,0,0,1,0,1
41590463,3405.4249645598084,2350,아이오닉5,아이오닉5,66,136450,111,5,5,0,0,1,1,1,1,1,1,1,1,1,1,0,0,0,0,0,0,0,0,0,1,0,1,0,0,0,1,0,1
40618588,2582.899977616721,2580,토레스,토레스,100,18685,1497,5,3,1,0,1,1,1,1,1,1,1,1,1,0,0,0,1,0,0,0,1,0,0,0,0,0,0,0,1,1,1,0
41501948,3651.1332725787192,2980,모하비,모하비 더 마스터,43,79757,2959,5,6,12,1,1,1,1,1,1,1,1,1,1,0,1,0,0,0,0,0,0,0,1,0,0,0,1,0,0,1,1,0
41258725,3224.829199147787,3130,카니발,카니발 4세대,85,117242,3470,7,5,2,0,1,1,1,1,1,1,1,1,1,0,1,0,0,0,0,0,1,0,0,0,0,1,0,0,0,1,1,0
41000031,3078.160913373322,2850,캐스퍼,캐스퍼 일렉트릭,88,79,158,4,1,0,0,1,1,1,1,1,1,1,1,1,1,0,0,0,0,0,0,0,0,0,1,0,0,0,0,1,1,0,1
41605363,2927.2574681038277,2180,G70,G70,4,58731,1998,5,7,1,1,1,1,1,1,1,1,1,0,1,0,0,1,0,0,0,0,1,0,0,0,0,1,0,0,0,1,0,1
41075548,3462.654978735885,2620,쏘렌토,쏘렌토 4세대,58,83625,2151,5,6,1,0,1,1,1,1,1,1,1,1,1,0,1,0,0,0,0,0,0,0,1,0,0,1,0,0,0,1,1,0
41077482,3015.4650086512584,3980,싼타페,싼타페 (MX5),56,29504,1598,5,3,1,0,1,1,1,1,1,1,1,1,1,1,0,0,0,0,0,0,0,1,0,0,0,1,0,0,0,1,1,0
41352335,2566.566644283388,2490,토레스,토레스,100,49393,1497,5,2,6,0,1,1,1,1,1,1,1,1,1,0,0,0,1,0,0,0,1,0,0,0,0,1,0,0,0,1,1,0
41534933,2725.7156813909605,2190,쏘나타,쏘나타 (DN8),57,23162,1999,5,3,4,0,1,1,1,1,1,1,1,1,1,1,0,0,0,0,0,0,1,0,0,0,0,0,0,1,0,1,0,1
41124209,3828.3155031297233,2290,G80,G80,5,83279,3342,5,10,2,1,1,1,1,1,1,1,1,1,1,0,0,1,0,0,0,0,1,0,0,0,0,0,0,1,0,1,0,1
41281710,3067.673489216629,2140,싼타페,더 뉴 싼타페,56,152507,2151,5,4,2,0,1,1,1,1,1,1,1,1,1,1,0,0,0,0,0,0,0,0,1,0,0,1,0,0,0,1,1,0
41438267,5313.932698356571,5390,GV80,GV80,9,31987,2497,5,5,0,0,1,1,1,1,1,1,1,1,1,0,0,1,0,0,0,0,1,0,0,0,0,1,0,0,0,1,1,0
41504929,3835.924823652034,4310,G80,G80 (RG3),5,40488,2497,5,5,0,1,1,1,1,1,1,1,1,1,1,0,0,1,0,0,0,0,1,0,0,0,0,1,0,0,0,1,0,1
41487990,4425.863399075039,3860,GV70,GV70,8,107695,2497,5,5,0,1,1,1,1,1,1,1,1,1,1,0,0,1,0,0,0,0,1,0,0,0,0,0,0,1,0,1,1,0
41293952,4425.863399075039,3670,GV70,GV70,8,44332,2497,5,5,4,0,1,1,1,1,1,1,1,1,1,0,0,1,0,0,0,0,1,0,0,0,0,0,1,0,0,1,1,0
41624512,2739.750535430254,1880,렉스턴,렉스턴 스포츠,35,78156,2157,5,5,3,0,1,1,1,0,1,1,1,0,1,0,0,0,1,0,0,0,0,0,1,0,0,0,0,1,0,1,1,0
41599080,3438.6524381008708,3550,쏘렌토,쏘렌토 4세대,58,38189,2497,6,3,0,0,1,1,1,1,1,1,1,1,1,0,1,0,0,0,0,0,1,0,0,0,0,1,0,0,0,1,1,0
41347677,3086.853182440802,2490,싼타페,더 뉴 싼타페,56,21717,2151,5,6,2,0,1,1,1,0,1,0,1,1,1,1,0,0,0,0,0,0,0,0,1,0,0,0,0,1,0,1,1,0
41186611,2739.750535430254,2220,렉스턴,렉스턴 스포츠 칸,35,35215,2157,5,6,0,0,1,1,1,0,1,1,1,1,1,0,0,0,1,0,0,0,0,0,1,0,0,0,0,1,0,1,1,0
41609358,3276.955066568482,6180,카니발,더 뉴 카니발 4세대,85,6782,1598,9,2,2,0,1,1,1,1,1,1,1,1,1,0,1,0,0,0,0,0,0,1,0,0,0,1,0,0,0,1,1,0
41434045,2518.393670259569,1780,K7,K7 프리미어,12,175000,2999,5,7,2,1,1,1,1,1,1,1,1,1,1,0,1,0,0,0,0,0,1,0,0,0,0,0,1,0,0,1,0,1
40717028,3611.071044237849,4190,팰리세이드,더 뉴 팰리세이드,107,68157,2199,7,3,4,1,1,1,1,1,1,1,1,1,1,1,0,0,0,0,0,0,0,0,1,0,0,1,0,0,0,1,1,0
41213324,3048.6479659774163,2990,스포티지,스포티지 5세대 하이브리드,55,78535,1598,5,4,6,0,1,1,1,1,1,1,1,1,1,0,1,0,0,0,0,0,0,1,0,0,0,0,0,1,0,1,1,0
40962103,3223.7858673429773,2400,카니발,카니발 4세대,85,142534,2151,9,5,1,0,1,1,1,1,1,0,1,1,1,0,1,0,0,0,0,0,0,0,1,0,0,1,0,0,0,1,1,0
41475804,3835.924823652034,3000,G80,G80 (RG3),5,45815,2497,5,6,11,0,1,1,1,1,1,1,1,1,1,0,0,1,0,0,0,0,1,0,0,0,0,0,1,0,0,1,0,1
41347963,2513.119275862335,2080,토레스,토레스,100,16237,1497,2,2,0,0,1,1,1,1,1,1,1,1,1,0,0,0,1,0,0,0,1,0,0,0,0,0,0,1,0,1,1,0
41493752,2931.58161642511,1820,그랜저,더 뉴 그랜저 IG,27,155269,3342,5,6,13,1,1,1,1,1,1,1,1,1,1,1,0,0,0,0,0,0,1,0,0,0,0,0,1,0,0,1,0,1
41475931,3651.1332725787192,2760,모하비,모하비 더 마스터,43,157899,2959,6,6,0,0,1,1,1,1,1,1,1,1,1,0,1,0,0,0,0,0,0,0,1,0,0,1,0,0,0,1,1,0
41462473,2580.7207386685927,2260,아반떼,아반떼 하이브리드 (CN7),62,38058,1580,5,3,2,0,0,1,1,1,1,1,1,1,1,1,0,0,0,0,0,0,0,1,0,0,0,0,0,1,0,1,0,1
41141877,3602.7134342567415,3920,팰리세이드,더 뉴 팰리세이드,107,16195,2199,7,2,0,0,1,1,1,1,1,1,1,1,1,1,0,0,0,0,0,0,0,0,1,0,0,1,0,0,0,1,1,0
41654784,2670.6999624750915,2990,K5,더 뉴 K5 하이브리드 3세대,11,43600,1999,5,2,2,1,1,1,1,1,1,1,1,1,1,0,1,0,0,0,0,0,0,1,0,0,0,1,0,0,0,1,0,1
41377514,3326.4508146315256,2140,카니발,더 뉴 카니발,85,92239,2199,7,7,0,0,1,1,1,1,1,1,1,1,1,0,1,0,0,0,0,0,0,0,1,0,0,0,1,0,0,1,1,0
41186958,3651.1332725787192,4170,모하비,모하비 더 마스터,43,41445,2959,5,5,0,0,1,1,1,1,1,1,1,1,1,0,1,0,0,0,0,0,0,0,1,0,0,0,1,0,0,1,1,0
41443326,2931.58161642511,2069,그랜저,더 뉴 그랜저 IG,27,134175,2497,5,5,1,0,1,1,1,1,1,1,1,1,1,1,0,0,0,0,0,0,1,0,0,0,0,0,1,0,0,1,0,1
41229037,2798.9683874777133,4510,G70,더 뉴 G70,4,14825,2497,5,2,3,1,1,1,1,1,1,1,1,1,1,0,0,1,0,0,0,0,1,0,0,0,0,0,0,1,0,1,0,1
41549951,4394.3925768413965,6150,GV70,GV70,8,4698,2497,5,1,0,0,1,1,1,1,1,1,1,1,1,0,0,1,0,0,0,0,1,0,0,0,0,1,0,0,0,1,1,0
41658349,2732.336808530345,2800,K5,더 뉴 K5 3세대,11,65171,1999,5,2,0,0,1,1,1,1,1,1,1,1,1,0,1,0,0,0,0,0,1,0,0,0,0,1,0,0,0,1,0,1
41203113,2651.085997141483,2529,렉스턴,더 뉴 렉스턴 스포츠 칸,35,53513,2157,5,4,2,0,1,1,1,1,1,1,1,1,1,0,0,0,1,0,0,0,0,0,1,0,0,0,0,0,1,1,1,0
41565118,3360.303897932248,2780,EV6,EV6,3,109217,111,5,4,1,0,1,1,1,1,1,1,1,1,1,0,1,0,0,0,0,0,0,0,0,1,0,0,1,0,0,1,0,1
41415439,3224.829199147787,3650,카니발,더 뉴 카니발 4세대,85,36209,2151,9,2,1,0,1,1,1,1,1,1,1,1,1,0,1,0,0,0,0,0,0,0,1,0,0,1,0,0,0,1,1,0
40295372,3187.145222573291,1830,제네시스,제네시스 DH,81,96459,3778,5,11,12,1,1,1,1,1,1,1,1,1,1,1,0,0,0,0,0,0,1,0,0,0,0,0,1,0,0,1,0,1
41447877,3067.673489216629,2570,싼타페,더 뉴 싼타페,56,104641,2497,5,5,4,0,1,1,1,1,1,1,1,1,1,1,0,0,0,0,0,0,1,0,0,0,0,1,0,0,0,1,1,0
40925311,3438.6524381008708,2550,쏘렌토,쏘렌토 4세대,58,105044,1598,5,5,24,1,1,1,1,1,1,1,1,1,1,0,1,0,0,0,0,0,0,1,0,0,0,0,0,0,1,1,1,0
40938117,5406.43473495045,4190,GV80,GV80,9,121996,2996,5,6,0,1,1,1,1,1,1,1,1,1,1,0,0,1,0,0,0,0,0,0,1,0,0,0,1,0,0,1,1,0
41366775,4477.328734051914,3590,GV70,GV70,8,85373,2497,5,4,0,0,1,1,1,1,1,1,1,1,1,0,0,1,0,0,0,0,1,0,0,0,0,0,0,0,1,1,1,0
41614462,2871.0199908868076,2750,그랜저,더 뉴 그랜저 IG,27,59434,2497,5,5,6,0,1,1,1,1,1,1,1,1,1,1,0,0,0,0,0,0,1,0,0,0,0,0,1,0,0,1,0,1
40239544,3178.3266241384367,4150,K8,더 뉴 K8 하이브리드,13,15125,1598,5,1,0,0,1,1,1,1,1,1,1,1,1,0,1,0,0,0,0,0,0,1,0,0,0,1,0,0,0,1,0,1
41407985,3877.838318635213,1950,G80,G80,5,116554,3342,5,10,1,0,1,1,1,1,1,1,1,1,1,0,0,1,0,0,0,0,1,0,0,0,0,0,1,0,0,1,0,1
41654354,3293.2719489661245,2320,K8,K8,13,76740,2497,5,3,2,0,1,1,1,1,1,1,1,1,1,0,1,0,0,0,0,0,1,0,0,0,0,0,1,0,0,1,0,1
41484371,3611.071044237849,3650,팰리세이드,더 뉴 팰리세이드,107,27202,3778,7,2,1,0,1,1,1,1,1,1,1,1,1,1,0,0,0,0,0,0,1,0,0,0,0,0,0,1,0,1,1,0
40926019,3498.6983665185985,3750,쏘렌토,쏘렌토 4세대,58,79306,2497,6,5,0,0,1,1,1,1,1,1,1,1,1,0,1,0,0,0,0,0,1,0,0,0,0,1,0,0,0,1,1,0
41129794,2615.360723815946,2579,토레스,토레스,100,30083,1497,5,3,0,1,1,1,1,1,1,1,1,1,1,0,0,0,1,0,0,0,1,0,0,0,0,0,1,0,0,1,1,0
41525308,3015.4650086512584,2750,싼타페,더 뉴 싼타페,56,44492,2497,5,5,5,0,1,1,1,1,1,1,1,1,1,1,0,0,0,0,0,0,1,0,0,0,0,1,0,0,0,1,1,0
41489420,5130.415213793392,3390,G90,G90,6,133006,3778,5,6,0,0,1,1,1,1,1,1,1,1,1,0,0,1,0,0,0,0,1,0,0,0,0,0,0,1,0,1,0,1
40725440,2564.8123299278163,1890,아반떼,아반떼 하이브리드 (CN7),62,15460,1580,5,4,0,0,0,1,1,1,1,0,0,0,1,1,0,0,0,0,0,0,0,1,0,0,0,1,0,0,0,1,0,1
41540460,2931.58161642511,2750,그랜저,더 뉴 그랜저 IG,27,51215,2497,5,5,0,0,1,1,1,1,1,1,1,1,1,1,0,0,0,0,0,0,1,0,0,0,0,1,0,0,0,1,0,1
41306306,2336.694042597241,2150,코란도,뷰티풀 코란도,92,18770,1497,5,4,4,0,1,1,1,1,1,1,1,1,1,0,0,0,1,0,0,0,1,0,0,0,0,1,0,0,0,1,1,0
41462523,3067.673489216629,3040,싼타페,더 뉴 싼타페,56,41645,2497,5,4,5,1,1,1,1,1,1,1,1,1,1,1,0,0,0,0,0,0,1,0,0,0,0,1,0,0,0,1,1,0
41623464,2652.43527743991,2390,아반떼,더 뉴 아반떼 (CN7),62,19597,1598,5,3,0,1,1,1,1,1,1,1,1,1,1,1,0,0,0,0,0,0,1,0,0,0,0,1,0,0,0,1,0,1
41486935,3224.829199147787,2420,카니발,더 뉴 카니발,85,98794,2199,7,7,8,0,1,1,1,1,1,1,1,1,1,0,1,0,0,0,0,0,0,0,1,0,0,1,0,0,0,1,1,0
41585335,3847.011384330083,2670,G80,G80,5,25367,3342,5,8,2,0,1,1,1,1,1,1,1,1,1,0,0,1,0,0,0,0,1,0,0,0,0,0,1,0,0,1,0,1
41553419,2758.425760042816,1800,렉스턴,G4 렉스턴,35,96216,2157,5,7,2,0,1,1,1,0,1,1,1,1,1,0,0,0,1,0,0,0,0,0,1,0,0,1,0,0,0,1,1,0
41322940,2651.085997141483,1790,렉스턴,더 뉴 렉스턴 스포츠,35,86555,2157,5,5,4,0,1,1,1,1,1,1,1,1,1,0,0,0,1,0,0,0,0,0,1,0,0,0,0,1,0,1,1,0
41341378,3709.4577210734715,3080,모하비,모하비 더 마스터,43,98521,2959,6,6,3,1,1,1,1,1,1,1,1,1,1,0,1,0,0,0,0,0,0,0,1,0,0,0,1,0,0,1,1,0
38790465,3131.1383633963924,2390,K9,더 K9,14,118954,3342,5,8,1,0,1,1,1,1,1,1,1,1,1,0,1,0,0,0,0,0,1,0,0,0,0,0,1,0,0,1,0,1
40088126,3020.6855320218715,2040,아르카나,아르카나,61,11512,1598,5,2,8,0,1,1,1,1,1,1,1,1,1,0,0,0,0,0,1,0,1,0,0,0,0,0,0,1,0,1,1,0
41309572,2876.2865816102067,1820,니로,더 뉴 니로,29,78036,1580,5,5,1,0,0,1,1,1,1,0,1,0,1,0,1,0,0,0,0,0,0,1,0,0,0,1,0,0,0,1,1,0
41471219,2949.416836726581,2249,스포티지,스포티지 5세대,55,38792,1998,5,5,14,0,1,1,1,1,1,1,1,1,1,0,1,0,0,0,0,0,0,0,1,0,0,0,0,1,0,1,1,0
41141194,2758.425760042816,2360,렉스턴,더 뉴 렉스턴 스포츠 칸,35,31994,2157,5,4,1,0,0,1,1,0,1,1,1,1,1,0,0,0,1,0,0,0,0,0,1,0,0,0,0,1,0,1,1,0
41638110,2580.7207386685927,1730,아반떼,아반떼 (CN7),62,83560,1598,5,5,0,0,1,1,1,1,1,1,1,1,1,1,0,0,0,0,0,0,1,0,0,0,0,0,0,0,1,1,0,1
41641488,3015.4650086512584,3890,싼타페,싼타페 (MX5),56,10236,2497,5,1,0,0,1,1,1,1,1,1,1,1,1,1,0,0,0,0,0,0,1,0,0,0,0,0,1,0,0,1,1,0
40633259,3555.8753163906044,3850,팰리세이드,더 뉴 팰리세이드,107,39096,2199,7,3,0,0,1,1,1,1,1,1,1,1,1,1,0,0,0,0,0,0,0,0,1,0,0,0,0,0,1,1,1,0
41255881,3482.230586207206,3739,스타리아,스타리아,51,32690,1598,9,2,2,1,1,1,1,1,1,1,1,1,1,1,0,0,0,0,0,0,0,1,0,0,0,0,0,0,1,1,1,0
40969716,3293.2719489661245,3550,K8,K8,13,7742,2497,5,4,0,0,1,1,1,1,1,1,1,1,1,0,1,0,0,0,0,0,1,0,0,0,0,0,1,0,0,1,0,1
41496478,3614.405854880476,2890,팰리세이드,팰리세이드,107,88985,2199,8,7,14,1,1,1,1,1,1,1,1,1,1,1,0,0,0,0,0,0,0,0,1,0,0,1,0,0,0,1,1,0
41298754,2480.889936207655,1880,코란도,뷰티풀 코란도,92,52598,1497,5,5,2,0,0,1,1,1,1,1,1,1,1,0,0,0,1,0,0,0,1,0,0,0,0,1,0,0,0,1,1,0
41119345,2750.981798850805,2850,투싼,투싼 (NX4),101,38537,1598,5,5,2,0,1,1,1,1,1,1,1,1,1,1,0,0,0,0,0,0,1,0,0,0,0,1,0,0,0,1,1,0
41498029,2832.235730062908,9999,그랜저,더 뉴 그랜저 IG 하이브리드,27,67674,2359,5,5,2,0,1,1,1,1,1,1,1,1,1,1,0,0,0,0,0,0,0,1,0,0,0,0,1,0,0,1,0,1
41518770,5412.40951276323,4050,GV80,GV80,9,101438,3470,5,4,5,0,1,1,1,1,1,1,1,1,1,0,0,1,0,0,0,0,1,0,0,0,0,0,1,0,0,1,1,0
41400711,5398.2920940715185,4550,GV80,GV80,9,97890,2996,5,4,0,0,1,1,1,1,1,1,1,1,1,0,0,1,0,0,0,0,0,0,1,0,0,0,0,0,1,1,1,0
41507925,3757.422508106974,4190,G80,G80 (RG3),5,29359,2497,5,4,4,0,1,1,1,1,1,1,1,1,1,0,0,1,0,0,0,0,1,0,0,0,0,0,0,1,0,1,0,1
39886100,4952.810596887665,4050,G90,G90,6,86136,3778,5,7,3,0,1,1,1,1,1,1,1,1,1,0,0,1,0,0,0,0,1,0,0,0,0,0,1,0,0,1,0,1
41444835,3555.8753163906044,3550,팰리세이드,더 뉴 팰리세이드,107,27535,3778,7,3,0,0,1,1,1,1,1,1,1,1,1,1,0,0,0,0,0,0,1,0,0,0,0,1,0,0,0,1,1,0
40994077,2513.119275862335,2695,토레스,더 뉴 토레스,100,21533,1497,5,2,0,0,1,1,1,1,1,1,1,1,1,0,0,0,1,0,0,0,1,0,0,0,0,1,0,0,0,1,1,0
41464829,2486.7822778913587,2480,셀토스,더 뉴 셀토스,49,54675,1598,5,3,2,1,1,1,1,1,1,1,1,1,1,0,1,0,0,0,0,0,1,0,0,0,0,1,0,0,0,1,1,0
41592876,3108.745207717931,3390,스포티지,스포티지 5세대 하이브리드,55,39107,1598,5,2,2,0,1,1,1,1,1,1,1,1,1,0,1,0,0,0,0,0,0,1,0,0,0,1,0,0,0,1,1,0
41405758,5398.2920940715185,4680,GV80,GV80,9,93631,2996,6,3,1,1,1,1,1,1,1,1,1,1,1,0,0,1,0,0,0,0,0,0,1,0,0,0,1,0,0,1,1,0
41215604,2468.942796388243,1850,코란도,뷰티풀 코란도,92,20127,1497,5,5,0,0,0,1,1,1,1,1,1,1,1,0,0,0,1,0,0,0,1,0,0,0,0,0,0,1,0,1,1,0
41632106,3757.422508106974,3640,G80,G80 (RG3),5,105744,2497,5,4,1,1,1,1,1,1,1,1,1,1,1,0,0,1,0,0,0,0,1,0,0,0,0,0,0,1,0,1,0,1
40806054,3072.9480536409706,2250,K9,더 K9,14,102475,3342,5,7,2,0,0,0,0,0,0,0,0,0,0,0,1,0,0,0,0,0,1,0,0,0,0,0,1,0,0,1,0,1
41561182,2792.2446070107953,9999,투싼,올 뉴 투싼,101,120436,1685,5,10,2,0,0,0,0,0,0,0,0,0,0,1,0,0,0,0,0,0,0,0,1,0,0,0,0,1,0,1,1,0
41557759,4839.699076110866,6490,G90,G90 (RS4),6,62429,3470,5,4,0,0,1,1,1,1,1,1,1,1,1,0,0,1,0,0,0,0,1,0,0,0,0,0,1,0,0,1,0,1
40932647,2480.889936207655,1790,코란도,뷰티풀 코란도,92,86961,1497,5,6,4,0,0,1,1,1,1,1,1,1,1,0,0,0,1,0,0,0,1,0,0,0,0,0,1,0,0,1,1,0
41610361,5008.326934333097,1800,G90,G90,6,391000,3778,5,7,7,0,1,1,1,1,1,1,1,1,1,0,0,1,0,0,0,0,0,1,0,0,0,0,0,1,0,1,0,1
41125834,3498.6983665185985,2920,쏘렌토,쏘렌토 4세대,58,85280,1598,5,5,13,0,1,1,1,1,1,1,1,1,1,0,1,0,0,0,0,0,0,1,0,0,0,0,0,1,0,1,1,0
41416328,2634.7772150268797,2970,쏘나타,쏘나타 디 엣지 하이브리드(DN8),57,17225,1999,5,3,0,0,1,1,1,1,1,0,1,1,1,1,0,0,0,0,0,0,0,1,0,0,0,1,0,0,0,1,0,1
41583999,2515.0409602129794,1850,코란도,뷰티풀 코란도,92,29164,1497,5,4,0,0,1,1,1,1,1,1,1,1,1,0,0,0,1,0,0,0,1,0,0,0,0,0,0,1,0,1,1,0
41569734,3555.8753163906044,2730,팰리세이드,팰리세이드,107,81296,3778,7,6,4,1,1,1,1,1,1,1,1,1,1,1,0,0,0,0,0,0,1,0,0,0,0,1,0,0,0,1,1,0
41636809,2871.0199908868076,2590,그랜저,그랜저 (GN7),27,89890,3470,5,1,1,0,1,1,1,1,1,1,1,1,1,1,0,0,0,0,0,1,0,0,0,0,0,1,0,0,0,1,0,1
39973503,3276.955066568482,3699,카니발,카니발 4세대,85,63105,3470,9,5,3,0,1,1,1,1,1,1,1,1,1,0,1,0,0,0,0,0,1,0,0,0,0,1,0,0,0,1,1,0
40962164,5398.2920940715185,7400,GV80,GV80,9,59111,2996,5,4,2,1,1,1,1,1,1,1,1,1,1,0,0,1,0,0,0,0,0,0,1,0,0,1,0,0,0,1,1,0
41513485,3565.3649600264525,3450,팰리세이드,팰리세이드,107,67512,3778,8,4,3,0,1,1,1,1,1,1,1,1,1,1,0,0,0,0,0,0,1,0,0,0,0,1,0,0,0,1,1,0
41455867,2931.58161642511,2920,그랜저,더 뉴 그랜저 IG,27,48844,2497,5,4,2,0,1,1,1,1,1,1,1,1,1,1,0,0,0,0,0,0,1,0,0,0,0,0,1,0,0,1,0,1
41168325,2766.3800913523883,2200,렉스턴,올 뉴 렉스턴,35,107729,2157,5,5,0,0,1,1,1,1,1,1,1,1,1,0,0,0,1,0,0,0,0,0,1,0,0,1,0,0,0,1,1,0
41545026,2750.0422913352963,2419,아반떼,더 뉴 아반떼 (CN7),62,2876,1598,5,1,3,0,1,1,1,1,1,1,1,1,1,1,0,0,0,0,0,0,1,0,0,0,0,1,0,0,0,1,0,1
41066345,2602.03768400251,9999,쏘나타,쏘나타 디 엣지(DN8),57,30751,1999,5,2,0,0,1,1,1,1,1,1,1,1,1,1,0,0,0,0,0,1,0,0,0,0,0,1,0,0,0,1,0,1
41520783,2758.425760042816,2640,렉스턴,더 뉴 렉스턴 스포츠 칸,35,81993,2157,5,4,4,0,1,1,1,1,1,0,1,1,1,0,0,0,1,0,0,0,0,0,1,0,0,1,0,0,0,1,1,0
41251418,2887.6126226256356,3450,그랜저,더 뉴 그랜저 IG 하이브리드,27,26158,2359,5,4,3,0,1,1,1,1,1,1,1,1,1,1,0,0,0,0,0,0,0,1,0,0,0,1,0,0,0,1,0,1
40979791,3067.673489216629,4320,싼타페,싼타페 (MX5),56,23163,1598,5,3,1,1,1,1,1,1,1,1,1,1,1,1,0,0,0,0,0,0,0,1,0,0,0,0,1,0,0,1,1,0
41628644,2819.120910451986,2830,투싼,투싼 하이브리드 (NX4),101,21398,1598,5,3,0,0,0,1,1,1,1,1,0,0,1,1,0,0,0,0,0,0,0,1,0,0,0,1,0,0,0,1,1,0
41223480,2779.972995621478,2050,투싼,올 뉴 투싼,101,88350,1995,5,7,5,1,1,1,1,1,1,1,1,1,1,1,0,0,0,0,0,0,0,0,1,0,0,1,0,0,0,1,1,0
41293489,4839.699076110866,7550,G90,G90 (RS4),6,57321,3470,5,4,0,1,1,1,1,1,1,1,1,1,1,0,0,1,0,0,0,0,1,0,0,0,0,0,0,0,1,1,0,1
41585029,2887.6126226256356,2630,그랜저,더 뉴 그랜저 IG,27,44825,2497,5,7,1,0,1,1,1,1,1,1,1,1,1,1,0,0,0,0,0,0,1,0,0,0,0,0,0,1,0,1,0,1
40881077,3048.6479659774163,2320,스포티지,스포티지 5세대,55,84320,1998,5,5,0,0,1,1,1,1,1,1,1,1,1,0,1,0,0,0,0,0,0,0,1,0,0,1,0,0,0,1,1,0
41560457,2750.0422913352963,2100,아반떼,아반떼 (CN7),62,90071,1998,5,5,10,0,1,1,1,1,1,1,1,0,1,1,0,0,0,0,0,0,1,0,0,0,0,0,0,1,0,1,0,1
40972344,3326.4508146315256,2650,카니발,카니발 4세대,85,97100,2151,7,6,9,0,1,1,1,1,1,1,1,1,1,0,1,0,0,0,0,0,0,0,1,0,0,0,1,0,0,1,1,0
40704215,2750.0422913352963,1890,아반떼,아반떼 (CN7),62,22655,1598,5,5,1,0,0,1,1,1,1,1,1,1,1,1,0,0,0,0,0,0,1,0,0,0,0,0,0,1,0,1,0,1
41592050,2871.0199908868076,2190,그랜저,그랜저 IG,27,81613,2359,5,7,1,1,1,1,1,1,1,1,1,1,1,1,0,0,0,0,0,0,1,0,0,0,0,0,1,0,0,1,0,1
40973363,5406.43473495045,4850,GV80,GV80,9,81326,2497,5,4,0,1,1,1,1,1,1,1,1,1,1,0,0,1,0,0,0,0,1,0,0,0,0,0,1,0,0,1,1,0
41573354,3594.805689983869,3950,스타리아,스타리아,51,40693,2199,9,5,0,1,1,1,1,1,1,1,1,1,1,1,0,0,0,0,0,0,0,0,1,0,0,1,0,0,0,1,1,0
41109267,4319.8735499108525,5100,GV60,GV60,7,36145,111,5,5,1,1,1,1,1,1,1,1,1,1,1,0,0,1,0,0,0,0,0,0,0,1,0,1,0,0,0,1,1,0
41298506,4394.3925768413965,3950,GV70,GV70,8,55748,2497,5,5,2,1,1,1,1,1,1,1,1,1,1,0,0,1,0,0,0,0,1,0,0,0,0,1,0,0,0,1,1,0
41605120,3413.9483665185985,4650,쏘렌토,더 뉴 쏘렌토 4세대,58,8145,2497,5,1,0,1,1,1,1,1,1,1,1,1,1,0,1,0,0,0,0,0,1,0,0,0,0,0,1,0,0,1,1,0
41495524,3379.27987241531,2040,레이,더 뉴 기아 레이,34,6572,998,5,1,0,0,0,1,1,1,1,1,1,1,1,0,1,0,0,0,0,0,1,0,0,0,0,1,0,0,0,1,0,1
41381466,4394.3925768413965,4440,GV70,GV70,8,54991,2497,5,3,0,1,1,1,1,1,1,1,1,1,1,0,0,1,0,0,0,0,1,0,0,0,0,1,0,0,0,1,1,0
41356721,2927.2574681038277,2899,G70,G70,4,81494,3342,5,7,2,1,1,1,1,1,1,1,1,1,1,0,0,1,0,0,0,0,1,0,0,0,0,0,0,1,0,1,0,1
40597594,2745.0972283326,2310,트랙스,트랙스 크로스오버,103,6505,1199,5,2,1,0,1,1,1,1,1,0,1,1,1,0,0,0,0,1,0,0,1,0,0,0,0,1,0,0,0,1,1,0
41363474,2777.2978813068744,2250,렉스턴,더 뉴 렉스턴 스포츠 칸,35,88862,2157,5,5,0,0,1,1,1,1,1,0,1,1,1,0,0,0,1,0,0,0,0,0,1,0,0,0,1,0,0,1,1,0
41378604,4952.810596887665,3570,G90,G90,6,142045,3778,5,5,1,0,1,1,1,1,1,1,1,1,1,0,0,1,0,0,0,0,1,0,0,0,0,0,1,0,0,1,0,1
41636403,3877.838318635213,4200,G80,G80 (RG3),5,50940,2497,5,4,2,0,1,1,1,1,1,1,1,1,1,0,0,1,0,0,0,0,1,0,0,0,0,1,0,0,0,1,0,1
41605618,3137.8525868123897,3590,K8,K8 하이브리드,13,55469,1598,5,5,0,1,1,1,1,1,1,1,1,1,1,0,1,0,0,0,0,0,0,1,0,0,0,1,0,0,0,1,0,1
41639906,4425.863399075039,3777,GV70,GV70,8,44550,2497,5,4,9,1,1,1,1,1,1,1,1,1,1,0,0,1,0,0,0,0,1,0,0,0,0,0,1,0,0,1,1,0
41586685,2917.9076270847495,2580,그랜저,더 뉴 그랜저 IG,27,68216,2497,5,6,2,0,1,1,1,1,1,1,1,1,1,1,0,0,0,0,0,0,1,0,0,0,0,1,0,0,0,1,0,1
41428930,5025.51401270444,4370,G90,G90,6,100034,3778,4,6,2,0,1,1,1,1,1,1,1,1,1,0,0,1,0,0,0,0,1,0,0,0,0,0,1,0,0,1,0,1
40994782,2513.119275862335,2330,토레스,토레스,100,46919,1497,5,4,1,0,1,1,1,1,1,1,1,1,1,0,0,0,1,0,0,0,1,0,0,0,0,0,0,0,1,1,1,0
41274795,3048.6479659774163,2890,스포티지,스포티지 5세대,55,13169,1598,5,4,2,0,1,1,1,1,1,1,1,1,1,0,1,0,0,0,0,0,1,0,0,0,0,1,0,0,0,1,1,0
41128546,2871.0199908868076,2030,그랜저,그랜저 IG,27,90208,2999,5,8,4,1,1,1,1,1,1,1,1,1,1,1,0,0,0,0,0,0,1,0,0,0,0,1,0,0,0,1,0,1
41552445,3835.924823652034,4299,G80,G80 (RG3),5,65105,3470,5,3,2,0,1,1,1,1,1,1,1,1,1,0,0,1,0,0,0,0,1,0,0,0,0,0,0,1,0,1,0,1
41421780,2479.8411014207704,2080,K7,K7 프리미어,12,75122,2497,5,5,11,1,1,1,1,1,1,1,1,1,1,0,1,0,0,0,0,0,1,0,0,0,0,0,1,0,0,1,0,1
41378877,3067.673489216629,3190,싼타페,더 뉴 싼타페,56,95246,2151,5,5,0,1,1,1,1,1,1,1,1,1,1,1,0,0,0,0,0,0,0,0,1,0,0,1,0,0,0,1,1,0
41663632,3067.673489216629,4399,싼타페,싼타페 (MX5),56,12000,1598,5,1,2,0,1,1,1,1,1,1,1,1,1,1,0,0,0,0,0,0,0,1,0,0,0,0,0,1,0,1,1,0
41220603,3757.422508106974,4599,G80,G80 (RG3),5,86176,2497,5,4,2,1,1,1,1,1,1,1,1,1,1,0,0,1,0,0,0,0,1,0,0,0,0,1,0,0,0,1,0,1
41351022,2931.58161642511,1950,그랜저,더 뉴 그랜저 IG,27,136392,2999,5,5,3,1,1,1,1,1,1,1,1,0,1,1,0,0,0,0,0,1,0,0,0,0,0,0,1,0,0,1,0,1
41418005,3357.3272340652456,2990,아이오닉5,아이오닉5,66,67588,111,5,4,4,1,1,1,1,1,1,1,1,1,1,1,0,0,0,0,0,0,0,0,0,1,0,1,0,0,0,1,0,1
41394457,3063.629778185483,2749,싼타페,더 뉴 싼타페,56,88113,1598,5,5,2,0,1,1,1,1,1,1,1,1,1,1,0,0,0,0,0,0,0,1,0,0,0,0,1,0,0,1,1,0
41593977,2814.4095035579858,2234,투싼,더 뉴 투싼 (NX4),101,13563,1598,5,3,2,0,1,1,1,0,1,1,1,1,1,1,0,0,0,0,0,0,1,0,0,0,0,1,0,0,0,1,1,0
41527409,3361.430572946631,1939,카마로,올 뉴 카마로,87,91139,6162,4,10,10,1,0,1,1,1,1,1,1,1,1,0,0,0,0,1,0,0,1,0,0,0,0,0,0,1,0,1,0,1
40238211,3602.7134342567415,2749,팰리세이드,팰리세이드,107,80684,2199,7,6,0,0,1,1,1,1,1,1,1,1,1,1,0,0,0,0,0,0,0,0,1,0,0,0,0,1,0,1,1,0
41148664,3555.8753163906044,3250,팰리세이드,팰리세이드,107,79795,2199,7,5,5,1,1,1,1,1,1,1,1,1,1,1,0,0,0,0,0,0,0,0,1,0,0,0,1,0,0,1,1,0
41414363,2580.1965669204437,1780,QM6,더 뉴 QM6,17,26808,1998,5,6,1,0,0,1,1,1,1,1,1,0,1,0,0,0,0,0,1,1,0,0,0,0,0,0,0,1,0,1,1,0
41498626,3877.838318635213,8888,G80,G80 (RG3),5,21825,2497,5,3,2,0,1,1,1,1,1,1,1,1,1,0,0,1,0,0,0,0,1,0,0,0,0,0,0,1,0,1,0,1
41603555,4363.6224840519135,2990,GV70,GV70,8,116635,2151,5,4,12,0,1,1,1,1,1,1,1,1,1,0,0,1,0,0,0,0,0,0,1,0,0,0,0,0,1,1,1,0
41643936,3602.7134342567415,3330,팰리세이드,팰리세이드,107,79381,2199,7,4,1,0,1,1,1,1,1,1,1,1,1,1,0,0,0,0,0,0,0,0,1,0,0,1,0,0,0,1,1,0
41102616,3565.3649600264525,2450,팰리세이드,팰리세이드,107,67894,3778,7,4,2,0,0,1,1,1,1,1,1,1,1,1,0,0,0,0,0,0,1,0,0,0,0,0,0,0,1,1,1,0
41633336,3611.071044237849,2569,팰리세이드,더 뉴 팰리세이드,107,123833,3778,7,4,0,0,1,1,1,1,1,1,1,1,1,1,0,0,0,0,0,0,1,0,0,0,0,0,1,0,0,1,1,0
40159793,3847.011384330083,3590,G80,G80 (RG3),5,82572,2497,5,5,0,0,1,1,1,1,1,1,1,1,1,0,0,1,0,0,0,0,1,0,0,0,0,0,1,0,0,1,0,1
41385134,2777.2978813068744,2750,렉스턴,더 뉴 렉스턴 스포츠 칸,35,68027,2157,5,3,0,0,1,1,1,1,1,1,1,1,1,0,0,0,1,0,0,0,0,0,1,0,0,0,0,0,1,1,1,0
40705255,2732.336808530345,2400,K5,더 뉴 K5 3세대,11,10000,1999,5,2,2,0,0,0,0,0,0,0,0,0,0,0,1,0,0,0,0,0,1,0,0,0,0,0,1,0,0,1,0,1
41587015,3611.071044237849,2930,팰리세이드,팰리세이드,107,40439,3778,7,5,0,0,1,1,1,1,1,1,1,1,1,1,0,0,0,0,0,0,1,0,0,0,0,0,0,1,0,1,1,0
41622136,2740.9459912429556,2020,QM6,더 뉴 QM6,17,85000,1997,5,5,4,1,1,1,1,1,1,1,1,1,1,0,0,0,0,0,1,0,1,0,0,0,0,0,0,0,1,1,1,0
41224187,2652.43527743991,2110,아반떼,더 뉴 아반떼 (CN7),62,26915,1598,5,3,2,0,1,1,1,1,1,1,1,1,1,1,0,0,0,0,0,0,1,0,0,0,0,1,0,0,0,1,0,1
41285103,4394.3925768413965,3630,GV70,GV70,8,103050,2151,5,5,2,0,1,1,1,1,1,1,1,1,1,0,0,1,0,0,0,0,0,0,1,0,0,1,0,0,0,1,1,0
41658605,2819.120910451986,3680,투싼,더 뉴 투싼 하이브리드 (NX4),101,4616,1598,5,1,0,0,1,1,1,1,1,1,1,1,1,1,0,0,0,0,0,0,0,1,0,0,0,1,0,0,0,1,1,0
41552633,3550.2021461772415,2050,스타리아,스타리아,51,68976,2199,3,4,2,0,0,1,1,1,1,1,1,0,1,1,0,0,0,0,0,0,0,0,1,0,0,1,0,0,0,1,1,0
41618186,3124.321134797158,2850,트래버스,트래버스,102,25833,3564,7,5,0,0,1,1,1,1,1,1,1,0,1,0,0,0,0,1,0,0,1,0,0,0,0,1,0,0,0,1,1,0
41529528,4363.6224840519135,9999,GV70,GV70,8,57783,2151,5,4,0,0,1,1,1,1,1,1,1,1,1,0,0,1,0,0,0,0,0,0,1,0,0,1,0,0,0,1,1,0
41351903,5398.2920940715185,3800,GV80,GV80,9,170815,2497,5,6,0,0,1,1,1,1,1,1,1,1,1,0,0,1,0,0,0,0,1,0,0,0,0,1,0,0,0,1,1,0
41535871,2611.388696455017,9999,K5,K5 3세대,11,31053,1999,5,4,0,1,1,1,1,1,1,1,1,1,1,0,1,0,0,0,0,0,1,0,0,0,0,1,0,0,0,1,0,1
40882434,3757.422508106974,1790,G80,G80,5,91280,3342,5,9,12,1,1,1,1,1,1,1,1,1,1,0,0,1,0,0,0,0,1,0,0,0,0,1,0,0,0,1,0,1
41074796,2750.0422913352963,2890,아반떼,더 뉴 아반떼 (CN7),62,47452,1998,5,3,3,0,1,1,1,1,1,1,1,1,1,1,0,0,0,0,0,0,1,0,0,0,0,1,0,0,0,1,0,1
40975841,3757.422508106974,2170,G80,G80,5,84070,3342,5,8,5,1,1,1,1,1,1,1,1,1,1,0,0,1,0,0,0,0,1,0,0,0,0,0,1,0,0,1,0,1
41427347,2931.58161642511,2490,그랜저,그랜저 (GN7),27,126785,2497,5,3,0,1,1,1,1,1,1,1,1,1,1,1,0,0,0,0,0,0,1,0,0,0,0,1,0,0,0,1,0,1
41084907,2632.4269067199116,3000,아반떼,더 뉴 아반떼 (CN7),62,7209,1998,5,1,0,0,1,1,1,1,1,1,1,1,1,1,0,0,0,0,0,0,1,0,0,0,0,0,0,1,0,0,0,1
41447622,2739.750535430254,2590,렉스턴,더 뉴 렉스턴 스포츠,35,14892,2157,5,4,5,0,1,1,1,1,1,1,1,1,1,0,0,0,1,0,0,0,0,0,1,0,0,0,0,1,0,1,1,0
41660824,2985.7852847364197,1920,싼타페,싼타페 TM,56,135883,1995,5,8,3,0,1,1,1,1,1,1,1,1,1,1,0,0,0,0,0,0,0,0,1,0,0,1,0,0,0,1,1,0
40780715,2836.490415435862,1940,캐스퍼,캐스퍼,88,19877,998,4,2,0,0,0,1,1,1,1,1,1,1,1,1,0,0,0,0,0,0,1,0,0,0,0,1,0,0,0,1,0,1
41513173,4363.6224840519135,5440,GV70,GV70,8,2364,2497,5,1,0,0,1,1,1,1,1,1,1,1,1,0,0,1,0,0,0,0,1,0,0,0,0,0,0,1,0,1,1,0
41125477,3276.955066568482,3170,카니발,카니발 4세대,85,99602,3470,9,5,1,0,1,1,1,1,1,1,1,1,1,0,1,0,0,0,0,0,1,0,0,0,0,1,0,0,0,1,1,0
41392908,3569.943897932248,3790,콜레오스,그랑 콜레오스,93,15917,1499,5,2,0,0,1,1,1,1,1,1,1,1,1,0,0,0,0,0,1,0,0,1,0,0,0,1,0,0,0,1,1,0
41556076,2849.033733094886,2390,G70,G70,4,53320,1998,5,7,8,1,1,1,1,1,1,1,1,1,1,0,0,1,0,0,0,0,1,0,0,0,0,0,0,0,1,1,0,1
40512673,5398.2920940715185,5871,GV80,GV80 쿠페,9,3360,2497,5,2,2,1,1,1,1,1,1,1,1,1,1,0,0,1,0,0,0,0,1,0,0,0,0,0,0,1,0,1,1,0
41139323,2927.2574681038277,2900,G70,G70,4,67808,3342,5,7,1,1,1,1,1,1,1,1,1,1,1,0,0,1,0,0,0,0,1,0,0,0,0,1,0,0,0,1,0,1
41375262,2480.889936207655,1750,코란도,뷰티풀 코란도,92,74493,1497,5,6,10,0,0,1,1,1,1,1,1,1,1,0,0,0,1,0,0,0,1,0,0,0,0,1,0,0,0,1,1,0
41213434,3223.7858673429773,2860,카니발,카니발 4세대,85,107903,2151,7,3,0,0,1,1,1,1,1,1,1,1,1,0,1,0,0,0,0,0,0,0,1,0,0,0,1,0,0,1,1,0
41639917,2576.09014604522,2430,스타렉스,더 뉴 그랜드 스타렉스,50,79986,2359,5,5,2,0,0,1,1,0,0,0,1,0,1,1,0,0,0,0,0,0,0,0,1,0,0,0,0,0,1,1,1,0
41111030,2513.119275862335,2470,토레스,토레스,100,27888,1497,5,3,0,0,1,1,1,1,1,1,1,1,1,0,0,0,1,0,0,0,1,0,0,0,0,0,0,0,1,1,1,0
38795383,2501.257721073471,2000,스타렉스,더 뉴 그랜드 스타렉스,50,20828,2359,12,7,5,0,0,1,1,0,0,1,1,0,1,1,0,0,0,0,0,1,0,0,0,0,0,0,0,0,1,1,1,0
40888604,5406.43473495045,6050,GV80,GV80,9,4129,2497,5,1,0,0,1,1,1,1,1,1,1,1,1,0,0,1,0,0,0,0,1,0,0,0,0,1,0,0,0,1,1,0
41086000,3602.7134342567415,3080,팰리세이드,팰리세이드,107,59102,2199,8,6,7,1,1,1,1,1,1,1,1,1,1,1,0,0,0,0,0,0,0,0,1,0,0,1,0,0,0,1,1,0
41650625,2634.7772150268797,2220,쏘나타,쏘나타 디 엣지(DN8),57,35379,1999,5,2,5,0,1,1,1,1,1,1,1,1,1,1,0,0,0,0,0,1,0,0,0,0,0,1,0,0,0,1,0,1
41641239,2811.033191572567,1950,베뉴,베뉴,45,22151,1598,5,5,6,0,1,1,1,1,1,1,1,1,1,1,0,0,0,0,0,0,1,0,0,0,0,0,0,0,1,1,1,0
41603028,2501.257721073471,1750,스타렉스,더 뉴 그랜드 스타렉스,50,128935,2359,15,8,0,0,0,1,1,0,0,1,1,0,1,1,0,0,0,0,0,1,0,0,0,0,0,0,0,0,1,1,1,0
41595414,2819.120910451986,2950,투싼,투싼 (NX4),101,9134,1598,5,3,3,0,1,1,1,1,1,1,1,1,1,1,0,0,0,0,0,0,1,0,0,0,0,0,0,1,0,1,1,0
40884661,2615.360723815946,2300,토레스,토레스,100,44728,1497,5,3,2,1,1,1,1,1,1,1,1,1,1,0,0,0,1,0,0,0,1,0,0,0,0,0,1,0,0,1,1,0
41536721,2582.899977616721,1999,토레스,토레스,100,98282,1497,5,4,0,1,1,1,1,1,1,1,1,1,1,0,0,0,1,0,0,0,1,0,0,0,0,1,0,0,0,1,1,0
41410602,2959.599944528396,1730,캐스퍼,캐스퍼,88,8194,998,4,4,0,0,0,1,1,1,1,1,1,1,1,1,0,0,0,0,0,0,1,0,0,0,0,0,0,1,0,1,0,1
41585316,3614.405854880476,2750,팰리세이드,팰리세이드,107,113126,2199,8,8,6,1,1,1,1,1,1,1,1,1,1,1,0,0,0,0,0,0,0,0,1,0,0,0,1,0,0,1,1,0
41447734,2792.2446070107953,1970,투싼,올 뉴 투싼,101,47865,1591,5,6,0,0,0,1,1,1,1,1,1,1,1,1,0,0,0,0,0,0,1,0,0,0,0,0,0,1,0,1,1,0
40969231,2566.566644283388,2580,토레스,토레스,100,37319,1497,5,3,0,0,1,1,1,1,1,1,1,1,1,0,0,0,1,0,0,0,1,0,0,0,0,1,0,0,0,1,1,0
41535588,3363.123688014581,1760,말리부,더 뉴 말리부,40,32755,1341,5,5,2,0,1,1,1,1,1,1,1,1,1,0,0,0,0,1,0,0,1,0,0,0,0,0,1,0,0,1,0,1
41598438,3463.9361949029885,2700,아이오닉5,아이오닉5,66,37690,111,5,5,9,0,1,1,1,1,1,1,1,1,1,1,0,0,0,0,0,0,0,0,0,1,0,0,0,1,0,1,0,1
41381990,2580.1965669204437,2050,QM6,더 뉴 QM6,17,65940,1998,5,4,0,0,1,1,1,1,1,1,1,1,1,0,0,0,0,0,1,1,0,0,0,0,0,0,1,0,0,1,1,0
41493858,2564.8123299278163,1890,아반떼,아반떼 (CN7),62,43814,1598,5,4,4,0,0,1,1,1,1,1,1,1,1,1,0,0,0,0,0,0,1,0,0,0,0,1,0,0,0,1,0,1
41463945,2750.981798850805,2280,투싼,투싼 (NX4),101,32457,1598,5,5,0,0,0,1,1,1,1,1,1,1,1,1,0,0,0,0,0,0,1,0,0,0,0,0,0,0,1,1,1,0
41425545,2750.0422913352963,2070,아반떼,아반떼 하이브리드 (CN7),62,43504,1580,5,4,0,0,1,1,1,1,1,1,1,1,1,1,0,0,0,0,0,0,0,1,0,0,0,0,0,0,1,1,0,1
41104735,2917.9076270847495,1900,그랜저,그랜저 IG,27,62583,2999,5,10,5,1,1,1,1,1,1,1,1,1,1,1,0,0,0,0,0,0,1,0,0,0,0,1,0,0,0,1,0,1
41351179,2349.283280173046,1770,EQ900,EQ900,0,183801,3342,5,10,4,1,1,1,1,1,1,1,1,1,1,0,0,1,0,0,0,0,1,0,0,0,0,0,0,1,0,1,0,1
40607073,2750.0422913352963,1790,아반떼,아반떼 (CN7),62,85037,1598,5,4,2,0,0,1,1,1,1,1,1,1,1,1,0,0,0,0,0,0,1,0,0,0,0,1,0,0,0,1,0,1
41293880,3015.4650086512584,1850,싼타페,싼타페 TM,56,81987,2199,7,8,1,0,0,1,1,1,1,1,1,1,1,1,0,0,0,0,0,0,0,0,1,0,0,0,0,1,0,1,1,0
41624186,2777.2978813068744,2499,렉스턴,더 뉴 렉스턴 스포츠,35,35630,2157,5,4,4,0,1,1,1,1,1,1,1,1,1,0,0,0,1,0,0,0,0,0,1,0,0,0,0,0,1,1,1,0
41586286,2992.261980976076,2270,스팅어,스팅어,53,95474,3342,5,8,0,1,1,1,1,1,1,1,1,1,1,0,1,0,0,0,0,0,1,0,0,0,0,0,0,1,0,1,0,1
41292632,2887.6126226256356,4350,그랜저,그랜저 하이브리드 (GN7),27,20672,1598,5,2,4,0,1,1,1,1,1,1,1,1,1,1,0,0,0,0,0,0,0,1,0,0,0,0,1,0,0,1,0,1
41293128,3602.7134342567415,4890,팰리세이드,더 뉴 팰리세이드,107,49488,2199,8,3,0,1,1,1,1,1,1,1,1,1,1,1,0,0,0,0,0,0,0,0,1,0,0,1,0,0,0,1,1,0
41487114,2652.43527743991,2550,아반떼,아반떼 (CN7),62,74710,1998,5,4,0,1,1,1,1,1,1,1,1,1,1,1,0,0,0,0,0,0,1,0,0,0,0,1,0,0,0,1,0,1
41460284,2456.7150741910973,2180,K7,K7 프리미어,12,106337,2999,5,6,2,1,1,1,1,1,1,1,1,1,1,0,1,0,0,0,0,1,0,0,0,0,0,1,0,0,0,1,0,1
39405956,2359.4807967724723,2100,EQ900,EQ900,0,120532,5038,5,10,19,0,1,1,1,1,1,1,1,1,1,0,0,1,0,0,0,0,1,0,0,0,0,0,0,1,0,1,0,1
41527129,3413.9483665185985,2990,쏘렌토,쏘렌토 4세대,58,69680,1598,7,4,2,0,0,0,0,0,0,0,0,0,0,0,1,0,0,0,0,0,0,1,0,0,0,0,0,1,0,1,1,0
41526450,2833.7809220036456,1790,G70,G70,4,78432,3342,5,8,19,0,1,1,1,1,1,1,1,1,1,0,0,1,0,0,0,0,1,0,0,0,0,0,1,0,0,1,0,1
41150276,2359.4807967724723,2450,EQ900,EQ900,0,109000,3778,5,8,6,0,1,1,1,1,1,1,1,1,1,0,0,1,0,0,0,0,1,0,0,0,0,0,1,0,0,1,0,1
41580583,2814.4095035579858,3300,투싼,투싼 하이브리드 (NX4),101,26372,1598,5,3,2,1,1,1,1,1,1,1,1,1,1,1,0,0,0,0,0,0,0,1,0,0,0,1,0,0,0,1,1,0
41624292,2832.235730062908,3430,그랜저,그랜저 하이브리드 (GN7),27,49237,1598,5,2,0,0,1,1,1,1,1,1,1,1,1,1,0,0,0,0,0,0,0,1,0,0,0,0,1,0,0,1,0,1
41507962,2931.58161642511,2200,그랜저,더 뉴 그랜저 IG 하이브리드,27,131140,2359,5,6,10,0,1,1,1,1,1,1,1,1,1,1,0,0,0,0,0,0,0,1,0,0,0,0,1,0,0,1,0,1
40784864,3276.955066568482,2960,카니발,카니발 4세대,85,72161,3470,9,4,6,0,1,1,1,1,1,1,1,1,1,0,1,0,0,0,0,0,1,0,0,0,0,1,0,0,0,1,1,0
41544442,3555.8753163906044,3080,팰리세이드,팰리세이드,107,58328,2199,8,7,0,0,1,1,1,1,1,1,1,1,1,1,0,0,0,0,0,0,0,0,1,0,0,1,0,0,0,1,1,0
41291749,4394.3925768413965,6010,GV70,GV70,8,19849,2497,5,1,0,0,1,1,1,1,1,1,1,1,1,0,0,1,0,0,0,0,1,0,0,0,0,1,0,0,0,1,1,0
41021407,2739.750535430254,2890,렉스턴,올 뉴 렉스턴,35,83854,2157,5,5,9,0,1,1,1,1,1,1,1,1,1,0,0,0,1,0,0,0,0,0,1,0,0,0,1,0,0,1,1,0
41596736,2564.8123299278163,2039,아반떼,아반떼 (CN7),62,73628,1598,5,5,1,0,1,1,1,1,1,1,1,1,1,1,0,0,0,0,0,0,1,0,0,0,0,1,0,0,0,1,0,1
41653843,3015.4650086512584,1800,싼타페,싼타페 TM,56,193272,1995,5,8,2,0,1,1,1,1,1,1,1,1,1,1,0,0,0,0,0,0,0,0,1,0,0,1,0,0,0,1,1,0
41246615,5406.43473495045,8099,GV80,GV80,9,480,3470,5,1,0,0,1,1,1,1,1,1,1,1,1,0,0,1,0,0,0,0,1,0,0,0,0,1,0,0,0,1,1,0
39313737,3847.011384330083,4400,G80,G80 (RG3),5,64709,2497,5,4,5,1,1,1,1,1,1,1,1,1,1,0,0,1,0,0,0,0,1,0,0,0,0,1,0,0,0,1,0,1
41507945,3828.3155031297233,3190,G80,G80 (RG3),5,151436,2497,5,5,0,0,1,1,1,1,1,1,1,1,1,0,0,1,0,0,0,0,1,0,0,0,0,0,1,0,0,1,0,1
41642171,2917.9076270847495,3625,그랜저,그랜저 (GN7),27,9325,2497,5,1,0,0,1,1,1,1,1,1,1,1,1,1,0,0,0,0,0,0,1,0,0,0,0,1,0,0,0,1,0,1
38791586,2931.58161642511,2200,그랜저,더 뉴 그랜저 IG,27,52056,2497,5,6,4,1,1,1,1,1,1,1,1,1,1,1,0,0,0,0,0,0,1,0,0,0,0,0,0,0,1,1,0,1
41393687,3063.629778185483,2400,싼타페,싼타페 TM,56,137224,1998,5,7,2,1,0,1,1,1,1,1,1,1,1,1,0,0,0,0,0,0,1,0,0,0,0,0,0,1,0,1,1,0
41213367,3035.4436488311057,3300,스포티지,스포티지 5세대,55,37834,1998,5,5,1,1,1,1,1,1,1,1,1,1,1,0,1,0,0,0,0,0,0,0,1,0,0,0,1,0,0,1,1,0
40866175,3614.405854880476,4490,팰리세이드,더 뉴 팰리세이드,107,82247,2199,7,3,0,1,1,1,1,1,1,1,1,1,1,1,0,0,0,0,0,0,0,0,1,0,0,0,1,0,0,1,1,0
41358923,2518.393670259569,1990,K7,K7 프리미어,12,93790,2999,5,6,1,0,1,1,1,1,1,1,1,1,1,0,1,0,0,0,0,1,0,0,0,0,0,0,0,1,0,1,0,1
41373761,3067.673489216629,2320,싼타페,싼타페 TM,56,55549,1995,5,7,4,1,1,1,1,1,1,1,1,1,1,1,0,0,0,0,0,0,0,0,1,0,0,1,0,0,0,1,1,0
41182083,2750.0422913352963,1970,아반떼,아반떼 (CN7),62,53707,1598,5,5,3,0,1,1,1,1,1,1,1,1,1,1,0,0,0,0,0,0,1,0,0,0,0,1,0,0,0,1,0,1
41452465,2515.0409602129794,1930,코란도,뷰티풀 코란도,92,38198,1497,5,6,0,0,0,1,1,1,1,1,1,1,1,0,0,0,1,0,0,0,1,0,0,0,0,0,0,1,0,1,1,0
41459776,3035.4436488311057,2350,스포티지,스포티지 5세대,55,46181,1598,5,4,0,0,1,1,1,1,1,0,1,1,1,0,1,0,0,0,0,0,1,0,0,0,0,1,0,0,0,1,1,0
41339314,3578.55046978521,3339,스타리아,스타리아,51,137945,2199,9,4,0,0,1,1,1,1,1,1,1,1,1,1,0,0,0,0,0,0,0,0,1,0,0,1,0,0,0,1,1,0
41505719,3481.2136636754276,3390,아이오닉5,아이오닉5,66,37186,111,5,5,0,0,1,1,1,1,1,1,1,1,1,1,0,0,0,0,0,0,0,0,0,1,0,0,0,0,1,1,0,1
41336888,3614.405854880476,4180,팰리세이드,더 뉴 팰리세이드,107,24238,3778,7,3,0,1,1,1,1,1,1,1,1,1,1,1,0,0,0,0,0,0,1,0,0,0,0,0,0,0,1,1,1,0
41530054,2564.8123299278163,2250,아반떼,아반떼 (CN7),62,28261,1598,5,3,0,0,1,1,1,1,1,1,1,1,1,1,0,0,0,0,0,0,1,0,0,0,0,1,0,0,0,1,0,1
41469543,3078.160913373322,2770,캐스퍼,캐스퍼 일렉트릭,88,9252,158,4,1,0,0,1,1,1,1,1,1,1,1,1,1,0,0,0,0,0,0,0,0,0,1,0,0,1,0,0,1,0,1
41398195,3828.3155031297233,3890,G80,G80 (RG3),5,80024,2497,5,4,5,1,1,1,1,1,1,1,1,1,1,0,0,1,0,0,0,0,1,0,0,0,0,0,1,0,0,1,0,1
41204087,5373.873808791013,5790,GV80,GV80,9,91086,2996,5,5,0,1,1,1,1,1,1,1,1,1,1,0,0,1,0,0,0,0,0,0,1,0,0,1,0,0,0,1,1,0
41609313,3463.9361949029885,3090,아이오닉5,아이오닉5,66,19509,0,5,5,2,0,1,1,1,1,1,1,1,1,1,1,0,0,0,0,0,0,0,0,0,1,0,1,0,0,0,1,0,1
41650037,2832.235730062908,3000,그랜저,더 뉴 그랜저 IG 하이브리드,27,86972,2359,5,4,7,0,1,1,1,1,1,1,1,1,1,1,0,0,0,0,0,0,0,1,0,0,0,0,1,0,0,1,0,1
41563642,3073.8059832820063,2370,콜로라도,콜로라도,94,124782,3649,5,6,1,0,0,1,1,1,0,0,1,0,1,0,0,0,0,1,0,0,1,0,0,0,0,0,0,0,1,1,1,0
40544710,3093.986581610207,3280,K9,더 K9,14,54471,3778,5,5,2,0,1,1,1,1,1,1,1,1,1,0,1,0,0,0,0,0,1,0,0,0,0,0,1,0,0,1,0,1
41434233,2985.7852847364197,2144,싼타페,더 뉴 싼타페,56,159305,2151,5,4,0,0,1,1,1,1,1,1,1,1,1,1,0,0,0,0,0,0,0,0,1,0,0,0,0,1,0,1,1,0
41536361,2985.7852847364197,3512,싼타페,싼타페 (MX5),56,2230,1598,6,1,2,0,1,1,1,1,1,1,1,1,1,1,0,0,0,0,0,0,0,1,0,0,0,0,1,0,0,1,1,0
41247043,3835.924823652034,3399,G80,G80 (RG3),5,99053,2497,5,5,7,1,1,1,1,1,1,1,1,1,1,0,0,1,0,0,0,0,1,0,0,0,0,0,1,0,0,1,0,1
41527643,2887.6126226256356,2850,그랜저,더 뉴 그랜저 IG,27,56567,2497,5,4,1,1,1,1,1,1,1,1,1,1,1,1,0,0,0,0,0,0,1,0,0,0,0,1,0,0,0,1,0,1
41619242,2629.0665603460916,2040,XM3,XM3,23,55498,1598,5,4,0,0,1,1,1,1,1,1,1,1,1,0,0,0,0,0,1,0,0,1,0,0,0,1,0,0,0,1,1,0
41074359,2634.7772150268797,3190,쏘나타,쏘나타 디 엣지(DN8),57,25211,1598,5,3,3,1,1,1,1,1,1,1,1,1,1,1,0,0,0,0,0,0,1,0,0,0,0,0,1,0,0,1,0,1
41216358,3565.3649600264525,4820,팰리세이드,더 뉴 팰리세이드,107,23377,2199,7,4,0,1,1,1,1,1,1,1,1,1,1,1,0,0,0,0,0,0,0,0,1,0,0,0,0,0,1,1,1,0
41583438,2650.525522053633,2199,스타렉스,더 뉴 그랜드 스타렉스,50,56179,2497,9,6,0,0,0,1,1,0,0,0,1,0,1,1,0,0,0,0,0,0,0,0,1,0,0,0,1,0,0,1,1,0
41413756,2766.3800913523883,1790,렉스턴,G4 렉스턴,35,78047,2157,5,9,4,0,1,1,1,1,1,1,1,1,1,0,0,0,1,0,0,0,0,0,1,0,0,1,0,0,0,1,1,0
40799082,3835.924823652034,3080,G80,G80 (RG3),5,156310,2497,5,6,1,1,1,1,1,1,1,1,1,1,1,0,0,1,0,0,0,0,1,0,0,0,0,0,1,0,0,1,0,1
41410914,3555.8753163906044,3090,팰리세이드,팰리세이드,107,90021,2199,7,6,2,1,1,1,1,1,1,1,1,1,1,1,0,0,0,0,0,0,0,0,1,0,0,0,0,0,1,1,1,0
40823560,2673.1365231294194,2050,트랙스,트랙스 크로스오버,103,29576,1199,5,3,6,0,1,1,1,1,1,0,1,1,1,0,0,0,0,1,0,0,1,0,0,0,0,0,1,0,0,1,1,0
41371035,2633.5129880066565,1800,스타렉스,더 뉴 그랜드 스타렉스,50,26385,2497,5,6,0,0,0,1,1,0,0,1,1,0,1,1,0,0,0,0,0,0,0,0,1,0,0,1,0,0,0,1,1,0
41253873,3063.629778185483,1960,싼타페,싼타페 TM,56,102227,1995,5,6,3,0,1,1,1,1,1,1,1,1,1,1,0,0,0,0,0,0,0,0,1,0,0,0,0,1,0,1,1,0
41518198,3413.9483665185985,4220,쏘렌토,더 뉴 쏘렌토 4세대,58,29664,2497,6,3,0,0,1,1,1,1,1,1,1,1,1,0,1,0,0,0,0,0,1,0,0,0,0,0,1,0,0,1,1,0
41442961,3602.7134342567415,2580,팰리세이드,팰리세이드,107,136759,2199,8,7,2,0,1,1,1,1,1,1,1,1,1,1,0,0,0,0,0,0,0,0,1,0,0,0,0,1,0,1,1,0
41620964,2611.388696455017,2190,K5,K5 3세대,11,52294,1999,5,6,7,1,1,1,1,1,1,1,1,1,1,0,1,0,0,0,0,0,1,0,0,0,0,0,0,0,1,1,0,1
41443138,4477.328734051914,3980,GV70,GV70,8,98345,2497,5,4,5,0,1,1,1,1,1,1,1,1,1,0,0,1,0,0,0,0,1,0,0,0,0,0,0,1,0,1,1,0
41423486,3453.3633120692184,1860,쏘렌토,쏘렌토 4세대,58,339346,2151,7,6,13,0,1,1,1,1,1,1,1,1,1,0,1,0,0,0,0,0,0,0,1,0,0,0,1,0,0,1,1,0
41658579,3320.3306710887,2400,EV6,EV6,3,179633,111,5,4,2,0,1,1,1,1,1,1,1,1,1,0,1,0,0,0,0,0,0,0,0,1,0,1,0,0,0,1,0,1
41444933,2632.4269067199116,7777,아반떼,더 뉴 아반떼 AD,62,43154,1591,5,7,1,0,0,1,1,1,1,1,1,1,1,1,0,0,0,0,0,1,0,0,0,0,0,0,0,1,0,1,0,1
41420296,2620.1903020024697,1750,쏘나타,쏘나타 (DN8),57,87131,1999,5,7,2,0,1,1,1,1,1,1,1,1,1,1,0,0,0,0,0,0,1,0,0,0,0,0,0,0,1,1,0,1
41603099,3578.55046978521,2610,스타리아,스타리아,51,63077,2199,3,3,4,0,0,1,1,1,1,1,1,1,1,1,0,0,0,0,0,0,0,0,1,0,0,1,0,0,0,1,1,0
41637235,4952.810596887665,3940,G90,G90,6,69082,3778,5,7,3,0,1,1,1,1,1,1,1,1,1,0,0,1,0,0,0,0,1,0,0,0,0,0,1,0,0,1,0,1
41496220,3757.422508106974,2050,G80,G80,5,64959,3342,5,7,5,0,1,1,1,1,1,1,1,1,1,0,0,1,0,0,0,0,1,0,0,0,0,0,1,0,0,1,0,1
40711149,3555.8753163906044,5690,팰리세이드,팰리세이드 (LX3),107,2552,2497,7,1,0,0,1,1,1,1,1,1,1,1,1,1,0,0,0,0,0,0,0,1,0,0,0,1,0,0,0,1,1,0
41368909,2602.03768400251,1900,쏘나타,쏘나타 (DN8),57,101646,1999,5,7,6,1,1,1,1,1,1,1,1,1,1,1,0,0,0,0,0,0,1,0,0,0,0,0,0,0,1,1,0,1
41634094,3828.3155031297233,3520,G80,G80 (RG3),5,77866,3470,5,6,6,1,1,1,1,1,1,1,1,1,1,0,0,1,0,0,0,0,1,0,0,0,0,0,0,1,0,1,0,1
41377169,5313.932698356571,7250,GV80,GV80,9,9273,2497,6,2,1,0,1,1,1,1,1,1,1,1,1,0,0,1,0,0,0,0,1,0,0,0,0,0,1,0,0,1,1,0
41564576,2766.3800913523883,2720,렉스턴,올 뉴 렉스턴,35,94121,2157,5,6,0,0,1,1,1,1,1,1,1,1,1,0,0,0,1,0,0,0,0,0,1,0,0,0,1,0,0,1,1,0
41547464,5130.415213793392,3450,G90,G90,6,119635,3778,5,7,5,0,1,1,1,1,1,1,1,1,1,0,0,1,0,0,0,0,1,0,0,0,0,0,0,1,0,1,0,1
39211495,2609.1958662919633,2050,스타렉스,더 뉴 그랜드 스타렉스,50,55349,2359,12,8,2,0,0,1,0,0,0,0,1,0,1,1,0,0,0,0,0,1,0,0,0,0,0,0,0,0,1,1,1,0
41538117,3828.3155031297233,2590,G80,G80 (RG3),5,170651,2497,5,6,8,1,1,1,1,1,1,1,1,1,1,0,0,1,0,0,0,0,1,0,0,0,0,0,1,0,0,1,0,1
41603211,3223.7858673429773,2229,카니발,카니발 4세대,85,158742,2151,9,6,1,0,1,1,1,1,1,1,1,1,1,0,1,0,0,0,0,0,0,0,1,0,0,0,0,1,0,1,1,0
41573444,2766.3800913523883,2790,렉스턴,더 뉴 렉스턴 스포츠 칸,35,51361,2157,5,4,0,0,1,1,1,1,1,1,1,1,1,0,0,0,1,0,0,0,0,0,1,0,0,0,0,0,1,1,1,0
41575268,3602.7134342567415,6100,팰리세이드,팰리세이드 (LX3),107,10205,2497,7,1,2,1,1,1,1,1,1,1,1,1,1,1,0,0,0,0,0,0,1,0,0,0,0,0,0,0,1,1,1,0
41207868,3757.422508106974,4150,G80,G80 (RG3),5,48236,2497,5,6,0,0,1,1,1,1,1,1,1,1,1,0,0,1,0,0,0,0,1,0,0,0,0,0,0,1,0,1,0,1
41579445,3602.7134342567415,2560,팰리세이드,팰리세이드,107,88210,3778,7,5,1,1,1,1,1,1,1,1,1,1,1,1,0,0,0,0,0,0,1,0,0,0,0,0,1,0,0,1,1,0
41576258,4363.6224840519135,3985,GV70,GV70,8,56037,2497,5,2,0,1,1,1,1,1,1,1,1,1,1,0,0,1,0,0,0,0,1,0,0,0,0,1,0,0,0,1,1,0
41661709,2859.939240148325,2090,코나,코나 일렉트릭,91,109005,180,5,6,0,1,1,1,1,1,1,1,1,1,1,1,0,0,0,0,0,0,0,0,0,1,0,1,0,0,0,1,1,0
40068268,2739.750535430254,2050,렉스턴,더 뉴 렉스턴 스포츠 칸,35,95897,2157,5,5,0,0,1,1,1,1,1,1,1,1,1,0,0,0,1,0,0,0,0,0,1,0,0,0,0,1,0,1,1,0
41541891,2750.0422913352963,1720,아반떼,아반떼 (CN7),62,73261,1598,5,6,4,0,1,1,1,1,1,1,1,1,1,1,0,0,0,0,0,0,1,0,0,0,0,0,0,1,0,1,0,1
41082314,5008.326934333097,6290,G90,G90 (RS4),6,37607,3470,5,3,2,0,1,1,1,1,1,1,1,1,1,0,0,1,0,0,0,0,1,0,0,0,0,0,1,0,0,1,0,1
40049579,2633.5129880066565,1790,스타렉스,더 뉴 그랜드 스타렉스,50,36174,2497,3,6,9,0,0,1,1,0,0,1,1,0,1,1,0,0,0,0,0,0,0,0,1,0,0,0,0,0,1,1,1,0
41261616,3438.6524381008708,2580,쏘렌토,쏘렌토 4세대,58,100906,1598,5,5,2,0,1,1,1,1,1,1,1,1,1,0,1,0,0,0,0,0,0,1,0,0,0,0,0,0,1,1,1,0
41631396,2917.9076270847495,1949,그랜저,더 뉴 그랜저 IG 하이브리드,27,168046,2359,5,4,3,0,1,1,1,1,1,1,1,1,1,1,0,0,0,0,0,0,0,1,0,0,0,0,1,0,0,1,0,1
41127594,3828.3155031297233,5890,G80,G80 (RG3),5,17255,3470,5,2,8,0,1,1,1,1,1,1,1,1,1,0,0,1,0,0,0,0,1,0,0,0,0,0,1,0,0,1,0,1
41268490,2540.7398004274887,2450,토레스,토레스,100,36473,1497,5,3,2,0,1,1,1,1,1,1,1,1,1,0,0,0,1,0,0,0,1,0,0,0,0,1,0,0,0,1,1,0
41507276,2917.9076270847495,2500,그랜저,더 뉴 그랜저 IG,27,64927,2497,5,4,0,1,1,1,1,1,1,1,1,1,1,1,0,0,0,0,0,0,1,0,0,0,0,1,0,0,0,1,0,1
41459477,2739.750535430254,3550,렉스턴,올 뉴 렉스턴,35,39268,2157,7,4,0,0,1,1,1,1,1,1,1,1,1,0,0,0,1,0,0,0,0,0,1,0,0,0,1,0,0,1,1,0
41634410,2859.939240148325,3330,코나,코나 (SX2),91,12808,1598,5,2,1,0,1,1,1,1,1,1,1,1,1,1,0,0,0,0,0,0,1,0,0,0,0,0,1,0,0,1,1,0
41566199,5406.43473495045,3760,GV80,GV80,9,83139,2996,5,6,4,0,1,1,1,1,1,1,1,1,1,0,0,1,0,0,0,0,0,0,1,0,0,0,0,1,0,1,1,0
41612621,3067.673489216629,2520,싼타페,더 뉴 싼타페,56,100463,2497,7,5,1,0,1,1,1,1,1,1,1,1,1,1,0,0,0,0,0,0,1,0,0,0,0,1,0,0,0,1,1,0
41604600,2521.502498674518,2150,트랙스,트랙스 크로스오버,103,9724,1199,5,2,1,0,1,1,1,1,1,0,1,0,1,0,0,0,0,1,0,0,1,0,0,0,0,1,0,0,0,1,1,0
41087673,2521.502498674518,9999,트랙스,더 뉴 트랙스,103,57387,1362,5,9,0,0,0,0,0,0,0,0,0,0,0,0,0,0,0,1,0,0,1,0,0,0,0,0,0,1,0,1,1,0
41295640,2779.972995621478,2390,투싼,투싼 (NX4),101,69779,1998,5,4,0,0,0,1,1,1,1,1,1,1,1,1,0,0,0,0,0,0,0,0,1,0,0,1,0,0,0,1,1,0
41483704,2832.235730062908,3600,그랜저,그랜저 하이브리드 (GN7),27,33773,1598,5,3,0,0,1,1,1,1,1,1,1,1,1,1,0,0,0,0,0,0,0,1,0,0,0,0,1,0,0,1,0,1
41622102,3078.160913373322,2290,캐스퍼,더 뉴 캐스퍼,88,9,998,4,0,0,0,1,1,1,1,1,1,1,1,1,1,0,0,0,0,0,0,1,0,0,0,0,1,0,0,0,1,0,1
41571489,2819.120910451986,2080,투싼,투싼 하이브리드 (NX4),101,91006,1598,5,5,5,0,0,1,1,1,1,1,1,1,1,1,0,0,0,0,0,0,0,1,0,0,0,0,0,0,1,1,1,0
41337274,2887.6126226256356,4000,그랜저,그랜저 (GN7),27,21235,2497,5,3,0,1,1,1,1,1,1,1,1,1,1,1,0,0,0,0,0,0,1,0,0,0,0,0,1,0,0,1,0,1
41151096,2836.490415435862,9999,캐스퍼,캐스퍼,88,78122,998,4,4,2,0,0,0,0,0,0,0,0,0,0,1,0,0,0,0,0,0,1,0,0,0,0,1,0,0,0,1,0,1
41129022,2549.1999088680786,2150,XM3,XM3,23,54240,1598,5,4,0,0,1,1,1,1,1,1,1,1,1,0,0,0,0,0,1,0,0,1,0,0,0,1,0,0,0,1,1,0
39755595,3003.6999328501633,2190,콜로라도,콜로라도,94,103701,3649,5,6,0,0,0,1,1,1,0,1,1,0,1,0,0,0,0,1,0,0,1,0,0,0,0,1,0,0,0,1,1,0
41530728,3757.422508106974,2590,G80,G80,5,64891,3342,5,7,8,1,1,1,1,1,1,1,1,1,1,0,0,1,0,0,0,0,1,0,0,0,0,0,0,1,0,1,0,1
41454003,3602.7134342567415,4250,팰리세이드,더 뉴 팰리세이드,107,79655,2199,7,4,0,0,1,1,1,1,1,1,1,1,1,1,0,0,0,0,0,0,0,0,1,0,0,0,0,1,0,1,1,0
41507129,5398.2920940715185,6299,GV80,GV80,9,12595,2497,5,2,0,0,1,1,1,1,1,1,1,1,1,0,0,1,0,0,0,0,1,0,0,0,0,0,1,0,0,1,1,0
41643944,2985.7852847364197,3950,싼타페,싼타페 (MX5),56,29900,2497,6,3,2,1,1,1,1,1,1,1,1,1,1,1,0,0,0,0,0,0,1,0,0,0,0,1,0,0,0,1,1,0
41596007,3078.160913373322,2490,캐스퍼,더 뉴 캐스퍼,88,89,998,4,0,0,0,1,1,1,1,1,1,1,1,1,1,0,0,0,0,0,0,1,0,0,0,0,1,0,0,0,1,0,1
41628147,2819.120910451986,2490,투싼,투싼 하이브리드 (NX4),101,26896,1598,5,4,8,0,1,1,1,1,1,1,1,1,1,1,0,0,0,0,0,0,0,1,0,0,0,1,0,0,0,1,1,0
40977341,2660.933211824105,1980,넥쏘,넥쏘,28,84531,0,5,4,0,1,1,1,1,1,1,1,1,1,1,1,0,0,0,0,0,0,0,0,0,0,1,1,0,0,0,1,1,0
41618074,2651.085997141483,3550,렉스턴,올 뉴 렉스턴,35,22100,2157,5,5,0,0,1,1,1,1,1,1,1,1,1,0,0,0,1,0,0,0,0,0,1,0,0,0,1,0,0,1,1,0
41528032,2887.6126226256356,1730,그랜저,그랜저 IG,27,76380,2359,5,7,2,0,0,1,1,1,1,1,1,1,1,1,0,0,0,0,0,0,1,0,0,0,0,0,1,0,0,1,0,1
41652818,3565.3649600264525,3270,팰리세이드,팰리세이드,107,13497,3778,7,5,1,1,1,1,1,1,1,1,1,1,1,1,0,0,0,0,0,0,1,0,0,0,0,0,1,0,0,1,1,0
41203053,3035.4436488311057,1800,스포티지,스포티지 더 볼드,55,86133,1995,5,6,1,0,1,1,1,1,1,1,1,1,1,0,1,0,0,0,0,0,0,0,1,0,0,1,0,0,0,1,1,0
41317699,3622.6650569373537,3550,모하비,모하비 더 마스터,43,85524,2959,5,5,0,0,1,1,1,1,1,1,1,1,1,0,1,0,0,0,0,0,0,0,1,0,0,0,1,0,0,1,1,0
41533856,2849.033733094886,2639,G70,G70,4,62900,1998,5,8,1,1,1,1,1,1,1,1,1,1,1,0,0,1,0,0,0,0,1,0,0,0,0,0,1,0,0,1,0,1
41589095,2722.967088332962,3050,K5,K5 3세대,11,11669,1999,5,4,2,0,0,0,0,0,0,0,0,0,0,0,1,0,0,0,0,0,1,0,0,0,0,1,0,0,0,1,0,1
41612894,3481.2136636754276,2840,아이오닉5,아이오닉5,66,144728,111,5,5,1,0,1,1,1,1,1,1,1,1,1,1,0,0,0,0,0,0,0,0,0,1,0,0,0,1,0,1,0,1
41629843,2357.565903155451,1750,EQ900,EQ900,0,129551,3778,5,8,10,1,1,1,1,1,1,1,1,1,1,0,0,1,0,0,0,0,1,0,0,0,0,0,0,1,0,1,0,1
41617634,2798.9683874777133,3600,G70,더 뉴 G70,4,19651,1998,5,6,1,0,1,1,1,1,1,1,1,1,1,0,0,1,0,0,0,0,1,0,0,0,0,1,0,0,0,1,0,1
41454546,5412.40951276323,4399,GV80,GV80,9,112581,2497,7,5,2,0,1,1,1,1,1,1,1,1,1,0,0,1,0,0,0,0,1,0,0,0,0,1,0,0,0,1,1,0
41576904,3326.4508146315256,1880,카니발,더 뉴 카니발,85,92272,2199,9,8,10,0,1,1,1,1,1,1,1,1,1,0,1,0,0,0,0,0,0,0,1,0,0,1,0,0,0,1,1,0
41353486,2985.7852847364197,3450,싼타페,싼타페 (MX5),56,43001,1598,5,2,0,0,1,1,1,1,1,1,1,1,1,1,0,0,0,0,0,0,0,1,0,0,0,1,0,0,0,1,1,0
41637014,2582.899977616721,2650,토레스,토레스,100,27537,1497,5,2,2,0,1,1,1,1,1,1,1,1,1,0,0,0,1,0,0,0,1,0,0,0,0,0,0,0,1,1,1,0
41603512,3064.8773919172713,2399,스포티지,스포티지 5세대,55,96987,1998,5,5,9,0,1,1,1,1,1,1,1,1,1,0,1,0,0,0,0,0,0,0,1,0,0,1,0,0,0,1,1,0
41107689,2632.4269067199116,3549,아반떼,더 뉴 아반떼 (CN7),62,4722,1998,5,1,0,1,1,1,1,1,1,1,1,1,1,1,0,0,0,0,0,0,1,0,0,0,0,1,0,0,0,1,0,1
40475747,2455.2697081001443,1720,코란도,뷰티풀 코란도,92,54141,1497,5,6,9,0,1,1,1,1,1,1,1,1,1,0,0,0,1,0,0,0,1,0,0,0,0,1,0,0,0,1,1,0
41577776,5313.932698356571,3490,GV80,GV80,9,165385,2996,5,6,12,0,1,1,1,1,1,1,1,1,1,0,0,1,0,0,0,0,0,0,1,0,0,0,0,1,0,1,1,0
41381493,2887.6126226256356,3370,그랜저,그랜저 하이브리드 (GN7),27,89332,1598,5,3,0,0,1,1,1,1,1,1,1,1,1,1,0,0,0,0,0,0,0,1,0,0,0,1,0,0,0,1,0,1
41500668,2713.4540195717054,3530,K5,더 뉴 K5 하이브리드 3세대,11,4234,1999,5,1,2,0,1,1,1,1,1,1,1,1,1,0,1,0,0,0,0,0,0,1,0,0,0,0,0,1,0,1,0,1
41349852,3602.7134342567415,2680,팰리세이드,팰리세이드,107,109145,2199,8,7,1,0,1,1,1,1,1,1,1,1,1,1,0,0,0,0,0,0,0,0,1,0,0,0,0,0,1,1,1,0
41420713,3438.6524381008708,1790,쏘렌토,더 뉴 쏘렌토,58,76868,2199,7,9,6,1,1,1,1,1,1,1,1,1,1,0,1,0,0,0,0,0,0,0,1,0,0,0,0,0,1,1,1,0
41506485,3757.422508106974,3390,G80,G80 (RG3),5,76854,3470,5,6,0,0,1,1,1,1,1,1,1,1,1,0,0,1,0,0,0,0,1,0,0,0,0,0,0,0,1,1,0,1
37899283,2549.1999088680786,1750,XM3,XM3,23,14544,1332,5,3,2,0,1,1,1,1,1,1,1,0,1,0,0,0,0,0,1,0,1,0,0,0,0,0,0,0,1,1,1,0
41542843,2959.599944528396,2760,캐스퍼,캐스퍼 일렉트릭,88,10849,158,4,2,0,1,1,1,1,1,1,1,1,1,1,1,0,0,0,0,0,0,0,0,0,1,0,0,1,0,0,1,0,1
41396636,3602.7134342567415,2790,팰리세이드,팰리세이드,107,137887,2199,7,7,2,1,1,1,1,1,1,1,1,1,1,1,0,0,0,0,0,0,0,0,1,0,0,1,0,0,0,1,1,0
40956110,4407.572611286646,4320,GV60,GV60,7,81449,111,5,3,0,1,1,1,1,1,1,1,1,1,1,0,0,1,0,0,0,0,0,0,0,1,0,1,0,0,0,1,1,0
41358725,2883.686388250694,2990,G70,더 뉴 G70,4,112694,1998,5,5,6,0,1,1,1,1,1,1,1,1,1,0,0,1,0,0,0,0,1,0,0,0,0,0,0,1,0,1,0,1
41615284,2620.1903020024697,2750,쏘나타,쏘나타 디 엣지(DN8),57,20149,1598,5,2,0,0,1,1,1,1,1,1,1,1,1,1,0,0,0,0,0,0,1,0,0,0,0,1,0,0,0,1,0,1
41183945,2871.0199908868076,2299,그랜저,더 뉴 그랜저 IG 하이브리드,27,149480,2359,5,5,15,0,1,1,1,1,1,1,1,1,1,1,0,0,0,0,0,0,0,1,0,0,0,0,1,0,0,1,0,1
41554685,2651.085997141483,2250,렉스턴,더 뉴 렉스턴 스포츠,35,22680,2157,5,4,5,0,1,1,1,1,1,1,1,1,1,0,0,0,1,0,0,0,0,0,1,0,0,0,0,1,0,1,1,0
41032109,3296.3998657003262,3390,아이오닉6,아이오닉6,67,43354,111,5,3,0,0,1,1,1,1,1,1,1,1,1,1,0,0,0,0,0,0,0,0,0,1,0,1,0,0,0,1,0,1
39755990,2931.58161642511,3890,그랜저,그랜저 하이브리드 (GN7),27,53458,1598,5,3,0,0,1,1,1,1,1,1,1,1,1,1,0,0,0,0,0,0,0,1,0,0,0,1,0,0,0,1,0,1
41047813,3602.7134342567415,4100,팰리세이드,더 뉴 팰리세이드,107,9985,3778,7,2,0,0,1,1,1,1,1,1,1,1,1,1,0,0,0,0,0,0,1,0,0,0,0,0,1,0,0,1,1,0
41480891,4394.3925768413965,3790,GV70,GV70,8,81223,3470,5,4,2,1,1,1,1,1,1,1,1,1,1,0,0,1,0,0,0,0,1,0,0,0,0,0,0,0,1,1,1,0
41521301,4952.810596887665,5350,G90,G90,6,49902,5038,5,5,5,0,1,1,1,1,1,1,1,1,1,0,0,1,0,0,0,0,1,0,0,0,0,0,0,0,1,1,0,1
41192602,3063.629778185483,2990,싼타페,더 뉴 싼타페,56,44779,1598,5,4,1,0,1,1,1,1,1,1,1,1,1,1,0,0,0,0,0,0,0,1,0,0,0,1,0,0,0,1,1,0
41606119,2684.625840071605,1910,쏘나타,쏘나타 하이브리드 (DN8),57,116497,1999,5,4,0,0,1,1,1,1,1,1,1,1,1,1,0,0,0,0,0,0,0,1,0,0,0,1,0,0,0,1,0,1
41499190,2927.2574681038277,2480,G70,G70,4,58087,1998,5,7,1,0,1,1,1,1,1,1,1,1,1,0,0,1,0,0,0,0,1,0,0,0,0,1,0,0,0,1,0,1
41633096,3405.4249645598084,3340,아이오닉5,아이오닉5,66,33531,111,5,4,1,0,1,1,1,1,1,1,1,1,1,1,0,0,0,0,0,0,0,0,0,1,0,1,0,0,0,1,0,1
41412497,3048.6479659774163,2590,스포티지,스포티지 5세대,55,91357,1998,5,4,0,0,1,1,0,1,1,1,1,1,1,0,1,0,0,0,0,0,0,0,1,0,0,0,0,1,0,1,1,0
41505726,3405.4249645598084,2720,아이오닉5,아이오닉5,66,117833,111,5,5,0,0,1,1,1,1,1,1,1,1,1,1,0,0,0,0,0,0,0,0,0,1,0,0,0,0,1,1,0,1
41297309,2650.525522053633,2190,스타렉스,더 뉴 그랜드 스타렉스,50,79604,2497,9,7,2,0,0,1,1,1,0,1,1,1,1,1,0,0,0,0,0,0,0,0,1,0,0,0,0,1,0,1,1,0
41153376,2739.750535430254,1890,렉스턴,더 뉴 렉스턴 스포츠,35,65375,2157,5,5,3,0,1,1,1,1,1,1,1,1,1,0,0,0,1,0,0,0,0,0,1,0,0,0,0,1,0,1,1,0
40762480,3438.6524381008708,9999,쏘렌토,더 뉴 쏘렌토,58,102138,2199,5,9,2,0,1,1,1,1,1,1,1,1,1,0,1,0,0,0,0,0,0,0,1,0,0,0,1,0,0,1,1,0
40866565,3651.1332725787192,3950,모하비,모하비 더 마스터,43,91121,2959,7,3,2,0,1,1,1,1,1,1,1,1,1,0,1,0,0,0,0,0,0,0,1,0,0,0,1,0,0,1,1,0
41246829,3565.3649600264525,2590,팰리세이드,팰리세이드,107,81162,2199,8,6,8,1,0,1,1,1,1,1,1,1,1,1,0,0,0,0,0,0,0,0,1,0,0,1,0,0,0,1,1,0
39698461,3611.071044237849,3890,팰리세이드,더 뉴 팰리세이드,107,161153,2199,7,3,0,0,1,1,1,1,1,1,1,1,1,1,0,0,0,0,0,0,0,0,1,0,0,0,1,0,0,1,1,0
41574591,2871.0199908868076,2800,그랜저,더 뉴 그랜저 IG,27,79599,2999,5,4,1,1,1,1,1,1,1,1,1,1,1,1,0,0,0,0,0,1,0,0,0,0,0,1,0,0,0,1,0,1
41409850,3199.9788130687475,3070,액티언,액티언 2세대,71,6057,1497,5,1,0,0,1,1,1,1,1,1,1,1,1,0,0,0,1,0,0,0,1,0,0,0,0,1,0,0,0,1,1,0
41598850,3015.4650086512584,9000,싼타페,싼타페 TM,56,196478,2199,7,8,2,1,1,1,1,1,1,1,1,1,1,1,0,0,0,0,0,0,0,0,1,0,0,0,0,1,0,1,1,0
41527014,5130.415213793392,8190,G90,G90 (RS4),6,42975,3470,4,4,1,0,1,1,1,1,1,1,1,1,1,0,0,1,0,0,0,0,1,0,0,0,0,0,1,0,0,1,0,1
41634034,3183.022820690089,2750,아이오닉5,아이오닉5,66,62443,111,5,5,0,0,1,1,1,1,1,1,1,1,1,1,0,0,0,0,0,0,0,0,0,1,0,0,0,1,0,1,0,1
41608981,2336.694042597241,2390,코란도,뷰티풀 코란도,92,22004,1497,5,6,0,0,1,1,1,1,1,1,1,1,1,0,0,0,1,0,0,0,1,0,0,0,0,1,0,0,0,1,1,0
41524814,3063.629778185483,4259,싼타페,싼타페 (MX5),56,6713,1598,6,3,0,1,1,1,1,1,1,1,1,1,1,1,0,0,0,0,0,0,0,1,0,0,0,1,0,0,0,1,1,0
41157736,2849.033733094886,2795,G70,더 뉴 G70,4,75143,1998,5,5,3,0,1,1,1,1,1,1,1,1,1,0,0,1,0,0,0,0,1,0,0,0,0,0,0,0,1,1,0,1
40768266,3828.3155031297233,9990,G80,G80 (RG3),5,30907,2497,5,5,1,0,1,1,1,1,1,1,1,1,1,0,0,1,0,0,0,0,1,0,0,0,0,0,0,0,1,1,0,1
40644155,2777.2978813068744,2699,렉스턴,올 뉴 렉스턴,35,86402,2157,5,5,0,1,1,1,1,1,1,1,1,1,1,0,0,0,1,0,0,0,0,0,1,0,0,1,0,0,0,1,1,0
41640555,3555.8753163906044,9999,팰리세이드,팰리세이드,107,83647,2199,7,5,0,0,1,1,1,1,1,1,1,1,1,1,0,0,0,0,0,0,0,0,1,0,0,1,0,0,0,1,1,0
41573339,3015.4650086512584,3480,싼타페,싼타페 (MX5),56,21851,2497,5,1,1,0,1,1,1,1,1,1,1,1,1,1,0,0,0,0,0,0,1,0,0,0,0,1,0,0,0,1,1,0
41620989,5412.40951276323,4590,GV80,GV80,9,41634,2996,5,6,1,1,1,1,1,1,1,1,1,1,1,0,0,1,0,0,0,0,0,0,1,0,0,0,0,0,1,1,1,0
41616690,2827.737420259569,3690,니로,디 올 뉴 니로,29,19730,1580,5,2,0,1,1,1,1,1,1,1,1,1,1,0,1,0,0,0,0,0,0,1,0,0,0,1,0,0,0,1,1,0
41080860,4363.6224840519135,4820,GV70,GV70,8,20165,2497,5,3,0,1,1,1,1,1,1,1,1,1,1,0,0,1,0,0,0,0,1,0,0,0,0,1,0,0,0,1,1,0
41643263,3614.405854880476,2750,팰리세이드,팰리세이드,107,75846,3778,7,4,5,1,1,1,1,1,1,1,1,1,1,1,0,0,0,0,0,0,1,0,0,0,0,0,0,0,1,1,1,0
41642963,2740.9459912429556,1950,QM6,더 뉴 QM6,17,71594,1997,5,4,1,0,1,1,1,1,1,1,1,0,1,0,0,0,0,0,1,0,1,0,0,0,0,1,0,0,0,1,1,0
40891750,2501.257721073471,1850,스타렉스,더 뉴 그랜드 스타렉스,50,30322,2497,5,7,3,0,0,1,1,0,0,1,1,0,1,1,0,0,0,0,0,0,0,0,1,0,0,1,0,0,0,1,1,0
41633090,5373.873808791013,8888,GV80,GV80,9,150162,2996,5,4,0,0,1,1,1,1,1,1,1,1,1,0,0,1,0,0,0,0,0,0,1,0,0,0,1,0,0,1,1,0
41596340,3321.9597448306204,3860,EV3,EV3,1,16927,237,5,1,0,0,1,1,1,1,1,1,1,0,1,0,1,0,0,0,0,0,0,0,0,1,0,1,0,0,0,1,1,0
41585586,3828.3155031297233,1950,G80,G80,5,137236,3342,5,8,8,1,1,1,1,1,1,1,1,1,1,0,0,1,0,0,0,0,1,0,0,0,0,0,1,0,0,1,0,1
41111976,2336.694042597241,1700,코란도,뷰티풀 코란도,92,59369,1497,5,5,0,0,1,1,1,1,1,1,1,1,1,0,0,0,1,0,0,0,1,0,0,0,0,1,0,0,0,1,1,0
39169056,3326.4508146315256,2050,카니발,더 뉴 카니발,85,90696,2199,9,6,0,1,1,1,1,1,1,1,1,1,1,0,1,0,0,0,0,0,0,0,1,0,0,0,1,0,0,1,1,0
41533578,2429.895177340624,1830,EQ900,EQ900,0,138562,3342,5,9,4,0,1,1,1,1,1,1,1,1,1,0,0,1,0,0,0,0,1,0,0,0,0,0,0,1,0,1,0,1
41420286,2750.981798850805,9999,투싼,올 뉴 투싼,101,74333,1995,5,11,2,1,1,1,1,1,1,1,1,1,1,1,0,0,0,0,0,0,0,0,1,0,0,0,0,1,0,1,1,0
41518653,3078.160913373322,7777,캐스퍼,캐스퍼,88,69649,998,4,4,3,0,0,1,1,1,1,1,1,1,1,1,0,0,0,0,0,0,1,0,0,0,0,1,0,0,0,1,0,1
40922604,2497.8624202595693,2050,셀토스,셀토스,49,94096,1591,5,5,0,0,1,1,1,1,1,1,1,1,1,0,1,0,0,0,0,0,1,0,0,0,0,1,0,0,0,1,1,0
41592281,5008.326934333097,7650,G90,G90 (RS4),6,51836,3470,5,4,3,1,1,1,1,1,1,1,1,1,1,0,0,1,0,0,0,0,1,0,0,0,0,0,1,0,0,1,0,1
40977486,3835.924823652034,3690,G80,G80 (RG3),5,91517,3470,5,4,5,1,1,1,1,1,1,1,1,1,1,0,0,1,0,0,0,0,1,0,0,0,0,0,1,0,0,1,0,1
41280097,3156.899893679425,1890,말리부,더 뉴 말리부,40,77512,1998,5,4,7,1,1,1,1,1,1,1,1,1,1,0,0,0,0,1,0,0,1,0,0,0,0,0,1,0,0,1,0,1
41135689,2750.981798850805,3065,투싼,투싼 (NX4),101,53044,1598,5,4,0,0,1,1,1,1,1,1,1,1,1,1,0,0,0,0,0,0,1,0,0,0,0,0,0,1,0,1,1,0
41529023,4394.3925768413965,3690,GV70,GV70,8,98527,2151,5,5,0,1,1,1,1,1,1,1,1,1,1,0,0,1,0,0,0,0,0,0,1,0,0,0,0,1,0,1,1,0
41529773,3555.8753163906044,2300,팰리세이드,팰리세이드,107,261032,2199,7,6,1,1,1,1,1,1,1,1,1,1,1,1,0,0,0,0,0,0,0,0,1,0,0,0,1,0,0,1,1,0
41534483,2646.647497538391,2150,넥쏘,넥쏘,28,59349,0,5,4,2,1,1,1,1,1,1,1,1,1,1,1,0,0,0,0,0,0,0,0,0,0,1,1,0,0,0,1,1,0
41416540,3835.924823652034,5550,G80,G80 (RG3),5,57815,3470,5,2,0,0,1,1,1,1,1,1,1,1,1,0,0,1,0,0,0,0,1,0,0,0,0,0,0,1,0,1,0,1
41660745,3224.829199147787,2990,카니발,카니발 4세대,85,84995,2151,7,4,0,0,1,1,1,1,1,1,1,1,1,0,1,0,0,0,0,0,0,0,1,0,0,0,0,0,1,1,1,0
41050570,4425.863399075039,4690,GV70,GV70,8,28107,2497,5,4,0,1,1,1,1,1,1,1,1,1,1,0,0,1,0,0,0,0,1,0,0,0,0,1,0,0,0,1,1,0
41452367,2336.694042597241,1980,코란도,뷰티풀 코란도,92,87073,1497,5,4,0,1,1,1,1,1,1,1,1,1,1,0,0,0,1,0,0,0,1,0,0,0,0,1,0,0,0,1,1,0
41195386,4477.328734051914,5550,GV70,GV70,8,18015,2497,5,3,0,1,1,1,1,1,1,1,1,1,1,0,0,1,0,0,0,0,1,0,0,0,0,1,0,0,0,1,1,0
41625524,4331.174374684793,3990,GV70,GV70,8,90657,2497,5,5,2,1,1,1,1,1,1,1,1,1,1,0,0,1,0,0,0,0,1,0,0,0,0,0,0,0,1,1,1,0
41603679,2871.0199908868076,1700,그랜저,그랜저 IG 하이브리드,27,102639,2359,5,8,5,0,1,1,1,1,1,1,1,1,1,1,0,0,0,0,0,0,0,1,0,0,0,0,0,1,0,1,0,1
41577612,3482.230586207206,9999,스타리아,스타리아,51,68464,2199,11,4,2,0,0,0,0,0,0,0,0,0,0,1,0,0,0,0,0,0,0,0,1,0,0,0,1,0,0,1,1,0
41466581,3183.022820690089,9999,아이오닉5,아이오닉5,66,42667,120,5,2,3,1,1,1,1,1,1,1,1,1,1,1,0,0,0,0,0,0,0,0,0,1,0,0,0,1,0,1,0,1
41371231,3326.4508146315256,2430,카니발,카니발 4세대,85,102428,3470,9,5,6,0,1,1,1,1,1,1,1,1,1,0,1,0,0,0,0,0,1,0,0,0,0,0,1,0,0,1,1,0
41634423,3835.924823652034,2720,G80,G80 (RG3),5,186189,3470,5,6,6,0,1,1,1,1,1,1,1,1,1,0,0,1,0,0,0,0,1,0,0,0,0,0,1,0,0,1,0,1
41614277,3063.629778185483,2599,싼타페,싼타페 TM,56,103538,1998,5,7,0,1,1,1,1,1,1,1,1,1,1,1,0,0,0,0,0,0,1,0,0,0,0,1,0,0,0,1,1,0
40899200,2833.9888180085054,1999,콜로라도,콜로라도,94,93636,3649,5,6,4,0,0,1,1,1,0,0,1,0,1,0,0,0,0,1,0,0,1,0,0,0,0,0,0,1,0,1,1,0
41153068,2429.895177340624,1950,EQ900,EQ900,0,175587,5038,5,10,13,1,1,1,1,1,1,1,1,1,1,0,0,1,0,0,0,0,1,0,0,0,0,0,1,0,0,1,0,1
41064764,3073.8059832820063,2580,콜로라도,리얼 뉴 콜로라도,94,63548,3649,5,5,1,0,0,1,1,1,0,0,1,0,1,0,0,0,0,1,0,0,1,0,0,0,0,0,1,0,0,1,1,0
41478472,2542.268670259569,1819,셀토스,셀토스,49,96829,1591,5,5,0,0,1,1,1,1,1,1,1,1,1,0,1,0,0,0,0,0,1,0,0,0,0,1,0,0,0,1,1,0
41536414,2878.424920259569,1880,트레일블레이저,트레일블레이저,104,27116,1341,5,6,6,0,1,1,1,1,1,0,1,1,1,0,0,0,0,1,0,0,1,0,0,0,0,1,0,0,0,1,1,0
40354916,3877.838318635213,4300,G80,G80 (RG3),5,50959,2497,5,4,7,0,1,1,1,1,1,1,1,1,1,0,0,1,0,0,0,0,1,0,0,0,0,0,0,1,0,1,0,1
40216665,2429.895177340624,2450,EQ900,EQ900,0,125712,3778,5,10,4,0,1,1,1,1,1,1,1,1,1,0,0,1,0,0,0,0,1,0,0,0,0,0,1,0,0,1,0,1
41200650,2832.235730062908,2375,그랜저,더 뉴 그랜저 IG,27,70225,2497,5,4,0,0,1,1,1,1,1,1,1,0,1,1,0,0,0,0,0,0,1,0,0,0,0,1,0,0,0,1,0,1
41634508,3326.4508146315256,3749,카니발,카니발 4세대,85,107550,3470,7,4,0,0,1,1,1,1,1,1,1,1,1,0,1,0,0,0,0,0,1,0,0,0,0,1,0,0,0,1,1,0
41392604,2336.694042597241,1999,코란도,뷰티풀 코란도,92,14026,1497,5,4,1,0,1,1,1,1,1,1,1,1,1,0,0,0,1,0,0,0,1,0,0,0,0,1,0,0,0,1,1,0
40874529,3816.63982988708,1830,타스만,타스만,97,2475,2497,5,1,2,0,1,1,1,1,1,1,1,1,1,0,1,0,0,0,0,0,1,0,0,0,0,0,0,0,1,1,1,0
41622904,3555.8753163906044,5299,팰리세이드,더 뉴 팰리세이드,107,27275,3778,7,2,0,1,1,1,1,1,1,1,1,1,1,1,0,0,0,0,0,0,1,0,0,0,0,0,1,0,0,1,1,0
41427524,3498.6983665185985,3360,쏘렌토,쏘렌토 4세대,58,34590,2497,5,4,0,0,1,1,1,1,1,1,1,1,1,0,1,0,0,0,0,0,1,0,0,0,0,1,0,0,0,1,1,0
40957943,3602.7134342567415,2950,팰리세이드,팰리세이드,107,76450,2199,8,5,2,0,1,1,1,1,1,1,1,1,1,1,0,0,0,0,0,0,0,0,1,0,0,0,0,0,1,1,1,0
41111457,3405.4249645598084,2747,아이오닉5,아이오닉5,66,105740,111,5,4,0,0,1,1,1,1,1,1,1,1,1,1,0,0,0,0,0,0,0,0,0,1,0,1,0,0,0,1,0,1
41459212,5130.415213793392,7500,G90,G90 (RS4),6,62178,3470,5,4,2,0,1,1,1,1,1,1,1,1,1,0,0,1,0,0,0,0,1,0,0,0,0,0,1,0,0,1,0,1
41412663,5008.326934333097,8600,G90,G90 (RS4),6,37923,3470,4,3,0,1,1,1,1,1,1,1,1,1,1,0,0,1,0,0,0,0,1,0,0,0,0,0,1,0,0,1,0,1
41524632,2814.4095035579858,2490,투싼,투싼 하이브리드 (NX4),101,96150,1598,5,5,3,1,1,1,1,1,1,1,1,1,1,1,0,0,0,0,0,0,0,1,0,0,0,0,0,0,1,1,1,0
41518291,3498.6983665185985,1895,쏘렌토,더 뉴 쏘렌토,58,88217,2199,7,8,4,1,1,1,1,1,1,1,1,1,1,0,1,0,0,0,0,0,0,0,1,0,0,1,0,0,0,1,1,0
41504538,2429.895177340624,2099,EQ900,EQ900,0,171890,3342,5,9,4,1,1,1,1,1,1,1,1,1,1,0,0,1,0,0,0,0,1,0,0,0,0,0,1,0,0,1,0,1
41539373,3078.160913373322,1940,캐스퍼,캐스퍼,88,2270,998,4,4,0,0,0,1,1,1,1,1,1,1,1,1,0,0,0,0,0,0,1,0,0,0,0,1,0,0,0,1,0,1
41537216,2725.7156813909605,2190,쏘나타,쏘나타 (DN8),57,49283,1598,5,6,1,0,1,1,1,1,1,1,1,1,1,1,0,0,0,0,0,0,1,0,0,0,0,0,0,1,0,1,0,1
41649838,3293.2719489661245,3270,K8,K8,13,29828,2497,5,5,1,1,1,1,1,1,1,1,1,1,1,0,1,0,0,0,0,0,1,0,0,0,0,1,0,0,0,1,0,1
41587168,2497.8624202595693,2290,셀토스,셀토스,49,40694,1591,5,5,0,0,1,1,1,1,1,1,1,1,1,0,1,0,0,0,0,0,1,0,0,0,0,1,0,0,0,1,1,0
41370416,3614.405854880476,2900,팰리세이드,팰리세이드,107,112711,2199,7,5,0,0,1,1,1,1,1,1,1,1,1,1,0,0,0,0,0,0,0,0,1,0,0,0,1,0,0,1,1,0
41338173,3438.6524381008708,2720,쏘렌토,쏘렌토 4세대,58,108954,2151,5,6,4,1,1,1,1,1,1,1,1,1,1,0,1,0,0,0,0,0,0,0,1,0,0,1,0,0,0,1,1,0
41511659,4394.3925768413965,4350,GV70,GV70,8,58017,2497,5,4,3,1,1,1,1,1,1,1,1,1,1,0,0,1,0,0,0,0,1,0,0,0,0,1,0,0,0,1,1,0
41285173,3063.629778185483,2029,싼타페,더 뉴 싼타페,56,134942,2151,5,6,9,0,1,1,1,1,1,1,1,1,1,1,0,0,0,0,0,0,0,0,1,0,0,0,0,1,0,1,1,0
41049246,3757.422508106974,1850,G80,G80,5,134683,3342,5,9,0,0,1,1,1,1,1,1,1,1,1,0,0,1,0,0,0,0,1,0,0,0,0,0,0,1,0,1,0,1
41237871,3360.303897932248,2550,EV6,EV6,3,133589,111,5,5,0,1,1,1,1,1,1,1,1,1,1,0,1,0,0,0,0,0,0,0,0,1,0,1,0,0,0,1,0,1
41065064,2792.2446070107953,2750,투싼,투싼 (NX4),101,52140,1598,5,5,1,0,1,1,1,1,1,1,1,1,1,1,0,0,0,0,0,0,1,0,0,0,0,0,0,1,0,1,1,0
41592690,2527.4499088680786,2090,XM3,XM3,23,59586,1332,5,5,2,0,1,1,1,1,1,1,1,1,1,0,0,0,0,0,1,0,1,0,0,0,0,1,0,0,0,1,1,0
40860212,3739.1331206921836,6290,타호,타호,98,7090,6162,7,3,0,1,1,1,1,1,1,0,1,1,1,0,0,0,0,1,0,0,1,0,0,0,0,0,1,0,0,1,1,0
41160074,2792.2446070107953,2560,투싼,투싼 (NX4),101,96078,1598,5,6,0,0,1,1,1,1,1,1,1,1,1,1,0,0,0,0,0,0,1,0,0,0,0,0,0,1,0,1,1,0
40565347,3003.6999328501633,1740,콜로라도,콜로라도,94,113952,3649,5,6,2,0,0,1,1,1,0,0,1,0,1,0,0,0,0,1,0,0,1,0,0,0,0,0,0,0,1,1,1,0
41402142,3492.5731632204133,2340,아르카나,아르카나,61,7,1598,5,1,0,0,1,1,1,1,1,1,1,0,1,0,0,0,0,0,1,0,1,0,0,0,0,1,0,0,0,1,1,0
40811114,2779.972995621478,1900,투싼,투싼 (NX4),101,89880,1598,5,5,6,0,0,1,1,1,1,1,1,1,1,1,0,0,0,0,0,0,1,0,0,0,0,1,0,0,0,1,1,0
41553230,2739.750535430254,3164,렉스턴,렉스턴 뉴 아레나,35,13300,2157,5,1,2,0,1,1,1,1,1,1,1,1,1,0,0,0,1,0,0,0,0,0,1,0,0,0,1,0,0,1,1,0
41254764,2781.644302683678,2170,볼트,볼트 EV,48,34014,188,5,5,3,0,1,1,1,1,1,0,1,0,1,0,0,0,0,1,0,0,0,0,0,1,0,0,1,0,0,1,0,1
41628636,3847.011384330083,6850,G80,G80 (RG3),5,1519,2497,5,1,0,0,1,1,1,1,1,1,1,1,1,0,0,1,0,0,0,0,1,0,0,0,0,0,0,1,0,1,0,1
41530374,3132.2210078650214,2139,코나,코나 (SX2),91,36403,1598,5,2,17,0,1,1,1,1,1,1,1,1,1,1,0,0,0,0,0,0,1,0,0,0,0,1,0,0,0,1,1,0
41601135,4477.328734051914,4840,GV70,GV70,8,29170,2497,5,3,2,1,1,1,1,1,1,1,1,1,1,0,0,1,0,0,0,0,1,0,0,0,0,1,0,0,0,1,1,0
41593250,2871.0199908868076,2080,그랜저,더 뉴 그랜저 IG,27,110046,2999,5,5,0,0,1,1,1,1,1,1,1,1,1,1,0,0,0,0,0,1,0,0,0,0,0,0,1,0,0,1,0,1
41613929,5313.932698356571,4450,GV80,GV80,9,59870,2497,7,4,0,0,1,1,1,1,1,1,1,1,1,0,0,1,0,0,0,0,1,0,0,0,0,0,0,1,0,1,1,0
41561951,4477.328734051914,4290,GV70,GV70,8,55371,3470,5,4,3,1,1,1,1,1,1,1,1,1,1,0,0,1,0,0,0,0,1,0,0,0,0,0,0,0,1,1,1,0
41557987,4394.3925768413965,4450,GV70,GV70,8,49008,2497,5,4,0,1,1,1,1,1,1,1,1,1,1,0,0,1,0,0,0,0,1,0,0,0,0,0,0,1,0,1,1,0
41584995,3132.2210078650214,1830,코나,코나,91,48401,1591,5,8,5,0,1,1,1,1,1,1,1,1,1,1,0,0,0,0,0,0,1,0,0,0,0,0,0,0,1,1,1,0
41654616,5130.415213793392,3390,G90,G90,6,93812,3778,5,6,0,0,1,1,1,1,1,1,1,1,1,0,0,1,0,0,0,0,1,0,0,0,0,0,1,0,0,1,0,1
41582714,2564.8123299278163,1850,아반떼,아반떼 (CN7),62,53123,1598,5,5,0,0,0,1,1,1,1,1,1,1,1,1,0,0,0,0,0,0,1,0,0,0,0,0,0,1,0,1,0,1
39972154,3828.3155031297233,2720,G80,G80 (RG3),5,170944,2497,5,5,1,0,1,1,1,1,1,1,1,1,1,0,0,1,0,0,0,0,1,0,0,0,0,0,1,0,0,1,0,1
41164363,3614.405854880476,3890,팰리세이드,팰리세이드,107,93093,2199,7,5,1,0,1,1,1,1,1,1,1,1,1,1,0,0,0,0,0,0,0,0,1,0,0,1,0,0,0,1,1,0
41414703,3413.9483665185985,3890,쏘렌토,더 뉴 쏘렌토 4세대,58,57754,1598,5,2,1,1,1,1,1,1,1,1,1,1,1,0,1,0,0,0,0,0,0,1,0,0,0,1,0,0,0,1,1,0
41161964,2722.967088332962,2750,K5,K5 하이브리드 3세대,11,45157,1999,5,3,1,1,1,1,1,1,1,1,1,1,1,0,1,0,0,0,0,0,0,1,0,0,0,0,0,1,0,1,0,1
41094926,3611.071044237849,2150,팰리세이드,팰리세이드,107,136519,2199,7,7,6,0,0,1,1,1,1,1,1,1,1,1,0,0,0,0,0,0,0,0,1,0,0,0,0,0,1,1,1,0
41436072,2985.7852847364197,4030,싼타페,싼타페 (MX5),56,29719,2497,6,3,1,0,1,1,1,1,1,1,1,1,1,1,0,0,0,0,0,0,1,0,0,0,0,0,1,0,0,1,1,0
41624364,3575.943897932248,3780,콜레오스,그랑 콜레오스,93,12858,1499,5,1,1,0,1,1,1,1,1,1,1,1,1,0,0,0,0,0,1,0,0,1,0,0,0,1,0,0,0,1,1,0
41231301,4477.328734051914,5190,GV70,GV70,8,5606,2497,5,1,0,0,1,1,1,1,1,1,1,1,1,0,0,1,0,0,0,0,1,0,0,0,0,0,0,0,1,1,1,0
41044127,2513.119275862335,2150,토레스,토레스,100,42413,1497,5,4,0,0,1,1,1,1,1,1,1,1,1,0,0,0,1,0,0,0,1,0,0,0,0,0,1,0,0,1,1,0
41560215,3847.011384330083,3390,G80,G80 (RG3),5,83604,2497,5,6,6,1,1,1,1,1,1,1,1,1,1,0,0,1,0,0,0,0,1,0,0,0,0,0,0,1,0,1,0,1
41467433,4394.3925768413965,3550,GV70,GV70,8,101204,2497,5,5,3,0,1,1,1,1,1,1,1,1,1,0,0,1,0,0,0,0,1,0,0,0,0,0,0,1,0,1,1,0
41580045,2887.6126226256356,2076,그랜저,더 뉴 그랜저 IG,27,38459,2497,5,4,2,0,1,1,1,1,1,1,1,1,1,1,0,0,0,0,0,0,1,0,0,0,0,0,0,1,0,1,0,1
41468470,3438.6524381008708,2849,쏘렌토,쏘렌토 4세대,58,64873,1598,7,4,7,0,1,1,1,1,1,1,1,1,1,0,1,0,0,0,0,0,0,1,0,0,0,0,0,1,0,1,1,0
41647344,3015.4650086512584,4170,싼타페,싼타페 (MX5),56,49360,1598,6,3,1,1,1,1,1,1,1,1,1,1,1,1,0,0,0,0,0,0,0,1,0,0,0,0,1,0,0,1,1,0
41222906,3621.902165517916,5299,모하비,모하비 더 마스터,43,13500,2959,6,2,0,1,1,1,1,1,1,1,1,1,1,0,1,0,0,0,0,0,0,0,1,0,0,0,1,0,0,1,1,0
41250566,5373.873808791013,3790,GV80,GV80,9,101183,2497,5,5,1,0,1,1,1,1,1,1,1,1,1,0,0,1,0,0,0,0,1,0,0,0,0,1,0,0,0,1,1,0
41467004,3405.4249645598084,2930,아이오닉5,아이오닉5,66,54448,111,5,5,5,0,1,1,1,1,1,1,1,1,1,1,0,0,0,0,0,0,0,0,0,1,0,0,1,0,0,1,0,1
41159468,3036.133238826156,2990,스팅어,스팅어 마이스터,53,50722,2497,5,5,1,1,1,1,1,1,1,1,1,1,1,0,1,0,0,0,0,0,1,0,0,0,0,1,0,0,0,1,0,1
41417474,3621.902165517916,4320,모하비,모하비 더 마스터,43,43957,2959,7,3,0,1,1,1,1,1,1,1,1,1,1,0,1,0,0,0,0,0,0,0,1,0,0,0,1,0,0,1,1,0
41626666,3602.7134342567415,2900,팰리세이드,팰리세이드,107,35577,3778,7,6,0,1,1,1,1,1,1,1,1,1,1,1,0,0,0,0,0,0,1,0,0,0,0,1,0,0,0,1,1,0
40659547,3061.6331206921836,1790,맥스크루즈,더 뉴 맥스크루즈,41,132661,2199,7,9,3,1,1,1,1,1,1,1,1,1,1,1,0,0,0,0,0,0,0,0,1,0,0,1,0,0,0,1,1,0
41524663,3266.59261814898,3940,카니발,카니발 4세대,85,36024,2151,9,3,0,1,1,1,1,1,1,1,1,1,1,0,1,0,0,0,0,0,0,0,1,0,0,0,1,0,0,1,1,0
41305423,2619.463897932248,2390,셀토스,셀토스,49,11606,1591,5,4,2,0,0,0,0,0,0,0,0,0,0,0,1,0,0,0,0,0,1,0,0,0,0,1,0,0,0,1,1,0
41317235,3614.405854880476,4300,팰리세이드,팰리세이드,107,57391,2199,7,6,0,1,1,1,1,1,1,1,1,1,1,1,0,0,0,0,0,0,0,0,1,0,0,0,0,1,0,1,1,0
40623099,3123.453248276873,2840,트래버스,트래버스,102,42830,3564,7,4,4,0,1,1,1,1,1,1,1,0,1,0,0,0,0,1,0,0,1,0,0,0,0,1,0,0,0,1,1,0
41188284,3877.838318635213,2699,G80,G80 (RG3),5,235462,2497,5,6,7,1,1,1,1,1,1,1,1,1,1,0,0,1,0,0,0,0,1,0,0,0,0,0,0,0,1,1,0,1
41449039,2777.2978813068744,2799,렉스턴,더 뉴 렉스턴 스포츠 칸,35,34604,2157,5,4,0,0,1,1,1,1,1,1,1,1,1,0,0,0,1,0,0,0,0,0,1,0,0,1,0,0,0,1,1,0
41420668,2871.0199908868076,2230,그랜저,더 뉴 그랜저 IG,27,112528,2497,5,4,2,0,1,1,1,1,1,1,1,1,1,1,0,0,0,0,0,0,1,0,0,0,0,0,1,0,0,1,0,1
41145449,3828.3155031297233,3440,G80,G80 (RG3),5,99385,2151,5,6,7,0,1,1,1,1,1,1,1,1,1,0,0,1,0,0,0,0,0,0,1,0,0,0,1,0,0,1,0,1
41244908,3015.4650086512584,9999,싼타페,싼타페 DM,56,142431,2199,7,12,3,1,1,1,1,1,1,1,1,1,1,1,0,0,0,0,0,0,0,0,1,0,0,0,0,0,1,1,1,0
41636680,2611.388696455017,2330,K5,K5 하이브리드 3세대,11,94993,1999,5,4,7,1,1,1,1,1,1,1,1,1,1,0,1,0,0,0,0,0,0,1,0,0,0,1,0,0,0,1,0,1
40967105,2725.7156813909605,2250,쏘나타,쏘나타 하이브리드 (DN8),57,79717,1999,5,5,2,0,0,0,0,0,0,0,0,0,0,1,0,0,0,0,0,0,0,1,0,0,0,1,0,0,0,1,0,1
41503967,3074.571948966124,2999,K8,K8,13,61030,2497,5,4,0,1,1,1,1,1,1,1,1,1,1,0,1,0,0,0,0,0,1,0,0,0,0,1,0,0,0,1,0,1
41433711,3011.2319489661245,2850,캐스퍼,캐스퍼 일렉트릭,88,8778,158,4,2,0,0,1,1,1,1,1,1,1,1,1,1,0,0,0,0,0,0,0,0,0,1,0,1,0,0,0,1,0,1
41624623,2652.43527743991,2890,아반떼,더 뉴 아반떼 (CN7),62,4050,1998,5,2,0,0,1,1,1,1,1,1,1,1,1,1,0,0,0,0,0,0,1,0,0,0,0,0,0,0,1,0,0,1
40792454,2582.899977616721,2090,토레스,토레스,100,52489,1497,5,3,1,1,1,1,1,1,1,1,1,1,1,0,0,0,1,0,0,0,1,0,0,0,0,0,1,0,0,1,1,0
41590821,2927.2574681038277,1980,G70,G70,4,182540,3342,5,7,1,1,1,1,1,1,1,1,1,1,1,0,0,1,0,0,0,0,1,0,0,0,0,0,1,0,0,1,0,1
40980195,3086.853182440802,3790,싼타페,더 뉴 싼타페,56,52998,1598,6,4,1,1,1,1,1,1,1,1,1,1,1,1,0,0,0,0,0,0,0,1,0,0,0,0,0,1,0,1,1,0
41580264,3877.838318635213,5390,G80,G80 (RG3),5,52647,3470,5,4,8,1,1,1,1,1,1,1,1,1,1,0,0,1,0,0,0,0,1,0,0,0,0,1,0,0,0,1,0,1
41200623,2684.625840071605,3295,쏘나타,쏘나타 디 엣지(DN8),57,4104,1598,5,1,0,0,1,1,1,1,1,1,1,1,1,1,0,0,0,0,0,0,1,0,0,0,0,0,0,1,0,1,0,1
41120739,3526.7998840139185,3650,콜레오스,그랑 콜레오스,93,26658,1499,5,2,0,0,1,1,1,1,1,1,1,1,1,0,0,0,0,0,1,0,0,1,0,0,0,0,0,1,0,1,1,0
41632274,3498.6983665185985,3000,쏘렌토,쏘렌토 4세대,58,55827,2497,5,3,9,0,1,1,1,1,1,1,1,1,1,0,1,0,0,0,0,0,1,0,0,0,0,0,0,1,0,1,1,0
41626333,2437.046983773712,2150,K7,K7 프리미어,12,148102,2497,5,6,3,1,1,1,1,1,1,1,1,1,1,0,1,0,0,0,0,0,1,0,0,0,0,1,0,0,0,1,0,1
39581867,2576.09014604522,2270,스타렉스,더 뉴 그랜드 스타렉스,50,108454,2497,9,8,0,0,0,1,1,0,0,1,1,1,1,1,0,0,0,0,0,0,0,0,1,0,0,0,1,0,0,1,1,0
40853652,3828.3155031297233,1750,G80,G80,5,104125,3342,5,7,4,0,1,1,1,1,1,1,1,1,1,0,0,1,0,0,0,0,1,0,0,0,0,0,1,0,0,1,0,1
41409509,2887.6126226256356,2320,그랜저,더 뉴 그랜저 IG,27,103379,3342,5,5,2,0,1,1,1,1,1,1,1,1,1,1,0,0,0,0,0,0,1,0,0,0,0,0,0,1,0,1,0,1
41649939,2832.235730062908,3750,그랜저,그랜저 하이브리드 (GN7),27,85449,1598,5,3,0,0,1,1,1,1,1,1,1,1,1,1,0,0,0,0,0,0,0,1,0,0,0,0,0,1,0,1,0,1
41286920,5130.415213793392,3199,G90,G90,6,86129,3778,5,7,1,0,1,1,1,1,1,1,1,1,1,0,0,1,0,0,0,0,1,0,0,0,0,0,0,1,0,1,0,1
41557262,2766.3800913523883,2550,렉스턴,더 뉴 렉스턴 스포츠 칸,35,43080,2157,5,4,0,0,1,1,1,1,1,1,1,1,1,0,0,0,1,0,0,0,0,0,1,0,0,0,0,1,0,1,1,0
41595429,2985.7852847364197,2550,싼타페,더 뉴 싼타페,56,50948,2151,5,6,4,1,1,1,1,1,1,1,1,1,1,1,0,0,0,0,0,0,0,0,1,0,0,1,0,0,0,1,1,0
41110984,2740.9459912429556,1700,QM6,더 뉴 QM6,17,65142,1998,5,5,0,0,1,1,1,1,1,1,1,1,1,0,0,0,0,0,1,1,0,0,0,0,0,0,0,0,1,1,1,0
41630678,3296.3998657003262,3850,아이오닉6,아이오닉6,67,6596,111,5,2,5,0,1,1,1,1,1,1,1,1,1,1,0,0,0,0,0,0,0,0,0,1,0,0,0,1,0,1,0,1
41126906,2580.1965669204437,9999,QM6,QM6,17,117589,1995,5,9,2,1,1,1,1,1,1,1,1,1,1,0,0,0,0,0,1,0,0,0,1,0,0,0,1,0,0,1,1,0
41534363,2862.43982988708,1820,벨로스터,벨로스터 (JS),47,14666,1591,4,7,0,1,1,1,1,1,1,1,1,1,1,1,0,0,0,0,0,0,1,0,0,0,0,0,0,1,0,1,0,1
41286031,3048.6479659774163,2049,스포티지,스포티지 5세대,55,105408,1598,5,4,7,0,1,1,1,1,1,1,1,0,1,0,1,0,0,0,0,0,1,0,0,0,0,1,0,0,0,1,1,0
41511078,3413.9483665185985,4550,쏘렌토,더 뉴 쏘렌토 4세대,58,33459,1598,6,2,3,0,1,1,1,1,1,1,1,1,1,0,1,0,0,0,0,0,0,1,0,0,0,1,0,0,0,1,1,0
41166649,3847.011384330083,4330,G80,G80 (RG3),5,90187,3470,5,4,3,1,1,1,1,1,1,1,1,1,1,0,0,1,0,0,0,0,1,0,0,0,0,1,0,0,0,1,0,1
41642935,4477.328734051914,4790,GV70,GV70,8,41384,2497,5,4,0,1,1,1,1,1,1,1,1,1,1,0,0,1,0,0,0,0,1,0,0,0,0,1,0,0,0,1,1,0
41542644,2750.0422913352963,2570,아반떼,더 뉴 아반떼 (CN7),62,4566,1598,5,1,0,0,1,1,1,1,1,1,1,1,1,1,0,0,0,0,0,0,1,0,0,0,0,0,0,1,0,1,0,1
41217582,5373.873808791013,3190,GV80,GV80,9,166650,2996,5,5,6,0,1,1,1,1,1,1,1,1,1,0,0,1,0,0,0,0,0,0,1,0,0,0,0,0,1,1,1,0
41639575,3276.955066568482,4890,카니발,카니발 4세대,85,30879,3470,4,3,0,0,1,1,1,1,1,1,1,1,1,0,1,0,0,0,0,0,1,0,0,0,0,1,0,0,0,1,1,0
41570369,2777.2978813068744,2250,렉스턴,더 뉴 렉스턴 스포츠,35,16815,2157,5,5,3,0,1,1,1,1,1,0,1,1,1,0,0,0,1,0,0,0,0,0,1,0,0,0,0,1,0,1,1,0
41577363,3405.4249645598084,3430,아이오닉5,아이오닉5,66,76068,111,5,5,1,0,1,1,1,1,1,1,1,1,1,1,0,0,0,0,0,0,0,0,0,1,0,1,0,0,0,1,0,1
41595282,3602.7134342567415,2850,팰리세이드,팰리세이드,107,84575,3778,7,5,0,1,1,1,1,1,1,1,1,1,1,1,0,0,0,0,0,0,1,0,0,0,0,0,1,0,0,1,1,0
41489188,2429.895177340624,1750,EQ900,EQ900,0,142005,3778,5,10,13,1,1,1,1,1,1,1,1,1,1,0,0,1,0,0,0,0,1,0,0,0,0,0,1,0,0,1,0,1
41662500,2713.4540195717054,2100,K5,K5 3세대,11,43400,1999,5,3,0,0,1,1,0,0,1,0,1,1,1,0,1,0,0,0,0,1,0,0,0,0,0,1,0,0,0,1,0,1
41580167,2917.9076270847495,2052,그랜저,더 뉴 그랜저 IG 하이브리드,27,56593,2359,5,4,2,0,1,1,1,1,1,1,1,0,1,1,0,0,0,0,0,0,0,1,0,0,0,0,0,1,0,1,0,1
41440501,3108.745207717931,2780,스포티지,스포티지 5세대,55,76092,1998,5,5,4,0,1,1,1,1,1,1,1,1,1,0,1,0,0,0,0,0,0,0,1,0,0,1,0,0,0,1,1,0
41155326,3555.8753163906044,4288,팰리세이드,팰리세이드,107,33859,2199,7,4,0,1,1,1,1,1,1,1,1,1,1,1,0,0,0,0,0,0,0,0,1,0,0,1,0,0,0,1,1,0
40903271,4331.174374684793,4950,GV70,GV70,8,21621,2497,5,3,0,1,1,1,1,1,1,1,1,1,1,0,0,1,0,0,0,0,1,0,0,0,0,1,0,0,0,1,1,0
41550929,3579.672286134175,3700,모하비,모하비 더 마스터,43,93184,2959,5,4,1,0,1,1,1,1,1,1,1,1,1,0,1,0,0,0,0,0,0,0,1,0,0,0,1,0,0,1,1,0
40354066,2429.895177340624,2260,EQ900,EQ900,0,118351,3778,5,10,4,0,1,1,1,1,1,1,1,1,1,0,0,1,0,0,0,0,1,0,0,0,0,0,1,0,0,1,0,1
41566446,5313.932698356571,5820,GV80,GV80,9,32709,2497,6,2,2,0,1,1,1,1,1,1,1,1,1,0,0,1,0,0,0,0,1,0,0,0,0,0,0,1,0,1,1,0
41377310,4331.174374684793,3899,GV70,GV70,8,51537,2497,5,3,6,0,1,1,1,1,1,1,1,1,1,0,0,1,0,0,0,0,1,0,0,0,0,1,0,0,0,1,1,0
40636948,3405.4249645598084,3060,아이오닉5,아이오닉5,66,44156,111,5,5,2,0,1,1,1,1,1,1,1,1,1,1,0,0,0,0,0,0,0,0,0,1,0,0,0,1,0,1,0,1
41223033,3555.8753163906044,5570,팰리세이드,팰리세이드 (LX3),107,8721,2497,9,1,0,0,1,1,1,1,1,1,1,1,1,1,0,0,0,0,0,0,1,0,0,0,0,1,0,0,0,1,1,0
41561814,5412.40951276323,4280,GV80,GV80,9,55233,2497,5,6,1,1,1,1,1,1,1,1,1,1,1,0,0,1,0,0,0,0,1,0,0,0,0,0,0,1,0,1,1,0
41532815,2739.750535430254,2360,렉스턴,더 뉴 렉스턴 스포츠,35,40048,2157,5,4,0,0,1,1,1,1,1,0,1,1,1,0,0,0,1,0,0,0,0,0,1,0,0,1,0,0,0,1,1,0
41260317,3224.829199147787,1950,카니발,더 뉴 카니발,85,77750,3342,9,8,4,0,1,1,1,1,1,1,1,1,1,0,1,0,0,0,0,0,1,0,0,0,0,1,0,0,0,1,1,0
41140589,3074.571948966124,2080,K8,K8,13,105750,3470,5,4,2,0,1,1,1,1,1,1,1,1,1,0,1,0,0,0,0,1,0,0,0,0,0,0,0,1,0,1,0,1
41565044,2871.0199908868076,3180,그랜저,더 뉴 그랜저 IG,27,50674,2999,5,4,1,0,1,1,1,1,1,1,1,1,1,1,0,0,0,0,0,1,0,0,0,0,0,0,1,0,0,1,0,1
41281581,2615.360723815946,1850,토레스,토레스,100,49156,1497,5,4,4,0,1,1,1,1,1,1,1,0,1,0,0,0,1,0,0,0,1,0,0,0,0,0,0,1,0,1,1,0
41647299,2985.7852847364197,2350,싼타페,싼타페 TM,56,78075,1995,7,8,3,1,1,1,1,1,1,1,1,1,1,1,0,0,0,0,0,0,0,0,1,0,0,1,0,0,0,1,1,0
41175515,5025.51401270444,1880,G90,G90,6,250843,3778,5,7,0,0,1,1,1,1,1,1,1,1,1,0,0,1,0,0,0,0,1,0,0,0,0,0,1,0,0,1,0,1
40873540,3453.3633120692184,2450,쏘렌토,쏘렌토 4세대,58,124601,1598,5,4,0,0,1,1,1,1,1,0,1,1,1,0,1,0,0,0,0,0,0,1,0,0,0,0,0,0,1,1,1,0
41051312,3561.6623405191376,4199,카마로,더 뉴 카마로,87,45394,6162,4,5,9,1,1,1,1,1,1,1,1,1,1,0,0,0,0,1,0,0,1,0,0,0,0,0,1,0,0,1,0,1
41127681,3481.2136636754276,2830,아이오닉5,아이오닉5,66,95276,111,5,5,2,0,1,1,1,1,1,1,1,1,1,1,0,0,0,0,0,0,0,0,0,1,0,1,0,0,0,1,0,1
41361475,3409.02987241531,3390,아이오닉6,아이오닉6,67,78493,111,5,4,1,1,1,1,1,1,1,1,1,1,1,1,0,0,0,0,0,0,0,0,0,1,0,1,0,0,0,1,0,1
41485857,3835.924823652034,3590,G80,G80 (RG3),5,84867,3470,5,5,1,0,1,1,1,1,1,1,1,1,1,0,0,1,0,0,0,0,1,0,0,0,0,0,1,0,0,1,0,1
41312579,3828.3155031297233,5050,G80,G80 (RG3),5,42811,3470,5,4,0,1,1,1,1,1,1,1,1,1,1,0,0,1,0,0,0,0,1,0,0,0,0,0,1,0,0,1,0,1
40460313,2615.360723815946,2245,토레스,토레스,100,62131,1497,5,3,3,0,1,1,1,1,1,1,1,1,1,0,0,0,1,0,0,0,1,0,0,0,0,0,0,1,0,1,1,0
41400805,2899.599901857931,3450,스팅어,스팅어 마이스터,53,85816,2497,5,5,1,1,1,1,1,1,1,1,1,1,1,0,1,0,0,0,0,0,1,0,0,0,0,1,0,0,0,1,0,1
41527634,2725.7156813909605,2250,쏘나타,쏘나타 (DN8),57,82801,1999,5,3,0,0,1,1,1,1,1,1,1,1,1,1,0,0,0,0,0,0,1,0,0,0,0,0,0,1,0,1,0,1
41315895,5406.43473495045,3990,GV80,GV80,9,96406,2996,5,6,1,0,1,1,1,1,1,1,1,1,1,0,0,1,0,0,0,0,0,0,1,0,0,1,0,0,0,1,1,0
40994309,2336.694042597241,2050,코란도,뷰티풀 코란도,92,34281,1497,5,4,0,0,1,1,1,1,1,1,1,1,1,0,0,0,1,0,0,0,1,0,0,0,0,1,0,0,0,1,1,0
40948586,3614.405854880476,2570,팰리세이드,팰리세이드,107,178091,2199,7,5,0,0,1,1,1,1,1,1,1,1,1,1,0,0,0,0,0,0,0,0,1,0,0,1,0,0,0,1,1,0
40823627,2566.566644283388,2761,토레스,더 뉴 토레스,100,6923,1497,5,1,0,0,1,1,1,1,1,1,1,1,1,0,0,0,1,0,0,0,1,0,0,0,0,1,0,0,0,1,1,0
41549390,3326.4508146315256,2670,카니발,카니발 4세대,85,114026,2151,9,5,1,0,1,1,1,1,1,1,1,1,1,0,1,0,0,0,0,0,0,0,1,0,0,0,1,0,0,1,1,0
40951441,3131.1383633963924,2800,K9,더 K9,14,78176,3342,5,8,1,0,1,1,1,1,1,1,1,1,1,0,1,0,0,0,0,0,1,0,0,0,0,0,0,1,0,1,0,1
41619232,3614.405854880476,3370,팰리세이드,팰리세이드,107,66981,3778,8,4,0,1,1,1,1,1,1,1,1,1,1,1,0,0,0,0,0,0,1,0,0,0,0,0,1,0,0,1,1,0
41502311,3651.1332725787192,2499,모하비,모하비 더 마스터,43,157849,2959,6,5,6,1,1,1,1,1,1,1,1,1,1,0,1,0,0,0,0,0,0,0,1,0,0,0,1,0,0,1,1,0
41397448,3015.4650086512584,2510,싼타페,더 뉴 싼타페,56,95860,1598,5,4,0,0,1,1,1,1,1,1,1,1,1,1,0,0,0,0,0,0,0,1,0,0,0,1,0,0,0,1,1,0
41304638,2513.119275862335,2590,토레스,토레스,100,39480,1497,5,4,0,1,1,1,1,1,1,1,1,1,1,0,0,0,1,0,0,0,1,0,0,0,0,1,0,0,0,1,1,0
41506038,5412.40951276323,4600,GV80,GV80,9,70095,2497,5,6,1,1,1,1,1,1,1,1,1,1,1,0,0,1,0,0,0,0,1,0,0,0,0,0,0,1,0,1,1,0
41371915,3660.3731632204135,3550,카마로,더 뉴 카마로,87,62347,6162,4,7,2,1,1,1,1,1,1,1,1,1,1,0,0,0,0,1,0,0,1,0,0,0,0,0,0,1,0,1,0,1
40928294,3453.3633120692184,3350,쏘렌토,쏘렌토 4세대,58,68045,1598,5,5,2,0,1,1,1,1,1,1,1,1,1,0,1,0,0,0,0,0,0,1,0,0,0,1,0,0,0,1,1,0
41532370,5313.932698356571,8200,GV80,GV80,9,13169,3470,6,1,0,1,1,1,1,1,1,1,1,1,1,0,0,1,0,0,0,0,1,0,0,0,0,1,0,0,0,1,1,0
41355942,2580.7207386685927,2239,아반떼,더 뉴 아반떼 (CN7),62,17442,1598,5,3,3,1,1,1,1,1,1,1,1,1,1,1,0,0,0,0,0,0,1,0,0,0,0,1,0,0,0,1,0,1
41434647,3223.7858673429773,3159,카니발,카니발 4세대,85,96728,2151,9,5,1,0,1,1,1,1,1,1,1,1,1,0,1,0,0,0,0,0,0,0,1,0,0,1,0,0,0,1,1,0
41615655,5412.40951276323,8000,GV80,GV80 쿠페,9,22500,3470,5,2,0,1,1,1,1,1,1,1,1,1,1,0,0,1,0,0,0,0,1,0,0,0,0,0,0,0,1,1,1,0
41496217,2832.235730062908,2430,그랜저,더 뉴 그랜저 IG,27,76475,2497,5,5,3,0,1,1,1,1,1,1,1,1,1,1,0,0,0,0,0,0,1,0,0,0,0,0,0,1,0,1,0,1
41644935,5313.932698356571,3790,GV80,GV80,9,107082,3470,5,6,1,0,1,1,1,1,1,1,1,1,1,0,0,1,0,0,0,0,1,0,0,0,0,0,0,0,1,1,1,0
41567618,2518.393670259569,2590,K7,K7 프리미어,12,35122,2497,5,5,5,1,1,1,1,1,1,1,1,1,1,0,1,0,0,0,0,0,1,0,0,0,0,0,1,0,0,1,0,1
41574519,5373.873808791013,3399,GV80,GV80,9,165005,3470,7,6,1,1,1,1,1,1,1,1,1,1,1,0,0,1,0,0,0,0,1,0,0,0,0,0,1,0,0,1,1,0
41475967,4425.863399075039,4200,GV70,GV70,8,38698,3470,5,5,0,1,1,1,1,1,1,1,1,1,1,0,0,1,0,0,0,0,1,0,0,0,0,0,0,0,1,1,1,0
41443823,3083.29978735885,1839,제네시스,제네시스 DH,81,50245,3342,5,10,7,0,1,1,1,1,1,1,1,1,1,1,0,0,0,0,0,0,1,0,0,0,0,0,0,0,1,1,0,1
40964658,3458.0058573363353,2540,스타리아,스타리아,51,33331,3470,3,2,0,0,0,1,1,0,1,0,1,0,1,1,0,0,0,0,0,1,0,0,0,0,0,0,1,0,0,1,1,0
41210617,3066.6331206921836,1730,맥스크루즈,더 뉴 맥스크루즈,41,110711,3342,6,8,4,0,1,1,1,1,1,1,1,1,1,1,0,0,0,0,0,0,1,0,0,0,0,0,0,0,1,1,1,0
41637838,2832.235730062908,3100,그랜저,그랜저 (GN7),27,43443,3470,5,4,2,0,1,1,1,1,1,1,1,1,1,1,0,0,0,0,0,0,1,0,0,0,0,1,0,0,0,1,0,1
41392152,3086.853182440802,2290,싼타페,더 뉴 싼타페,56,62858,2151,5,5,3,0,1,1,1,1,1,1,1,1,1,1,0,0,0,0,0,0,0,0,1,0,0,0,0,1,0,1,1,0
41563573,3877.838318635213,2850,G80,G80 (RG3),5,119283,2497,5,6,7,0,1,1,1,1,1,1,1,1,1,0,0,1,0,0,0,0,1,0,0,0,0,0,1,0,0,1,0,1
41615896,2887.6126226256356,9999,그랜저,그랜저 IG,27,213713,2199,5,9,1,1,1,1,1,1,1,1,1,1,1,1,0,0,0,0,0,0,0,0,1,0,0,0,1,0,0,1,0,1
41455300,5313.932698356571,6650,GV80,GV80,9,31209,2497,5,2,1,1,1,1,1,1,1,1,1,1,1,0,0,1,0,0,0,0,1,0,0,0,0,1,0,0,0,1,1,0
41514250,3067.673489216629,2450,싼타페,더 뉴 싼타페,56,53221,2151,5,5,1,0,1,1,1,1,1,1,1,1,1,1,0,0,0,0,0,0,0,0,1,0,0,0,0,1,0,1,1,0
41503514,3458.0058573363353,2850,스타리아,스타리아,51,89708,2199,9,4,0,0,1,1,1,1,1,1,1,1,1,1,0,0,0,0,0,0,0,0,1,0,0,0,0,1,0,1,1,0
40923567,2651.085997141483,1850,렉스턴,렉스턴 스포츠 칸,35,150944,2157,5,6,5,0,1,1,1,0,1,1,1,1,1,0,0,0,1,0,0,0,0,0,1,0,0,0,0,1,0,1,1,0
39649100,3877.838318635213,3190,G80,G80 (RG3),5,143503,2497,5,6,0,0,1,1,1,1,1,1,1,1,1,0,0,1,0,0,0,0,1,0,0,0,0,0,0,0,1,1,0,1
41658801,2570.774893679425,1950,XM3,XM3,23,37291,1598,5,3,0,0,1,1,1,1,1,1,1,1,1,0,0,0,0,0,1,0,1,0,0,0,0,1,0,0,0,1,1,0
41648665,3757.422508106974,3150,G80,G80 (RG3),5,119262,2497,5,4,2,0,1,1,1,1,1,1,1,1,1,0,0,1,0,0,0,0,1,0,0,0,0,0,1,0,0,1,0,1
41595064,2792.2446070107953,2020,투싼,투싼 (NX4),101,75031,1598,5,5,2,0,0,1,0,0,1,0,1,1,1,1,0,0,0,0,0,0,1,0,0,0,0,1,0,0,0,1,1,0
38053160,3877.838318635213,1840,G80,G80,5,78256,3342,5,10,7,1,1,1,1,1,1,1,1,1,1,0,0,1,0,0,0,0,1,0,0,0,0,0,1,0,0,1,0,1
41579004,3877.838318635213,1960,G80,G80,5,109180,3342,5,9,7,0,1,1,1,1,1,1,1,1,1,0,0,1,0,0,0,0,1,0,0,0,0,0,1,0,0,1,0,1
41656145,3611.071044237849,3650,팰리세이드,더 뉴 팰리세이드,107,65262,2199,7,3,2,0,1,1,1,1,1,1,1,1,1,1,0,0,0,0,0,0,0,0,1,0,0,0,1,0,0,1,1,0
41311832,3195.4179498460185,2233,캡처,캡처,89,11007,1332,5,5,0,0,1,1,1,1,1,1,1,0,1,0,0,0,0,0,1,0,1,0,0,0,0,1,0,0,0,1,1,0
41506983,2917.9076270847495,3930,그랜저,그랜저 (GN7),27,17673,2497,5,2,0,0,1,1,1,1,1,1,1,1,1,1,0,0,0,0,0,0,1,0,0,0,0,0,1,0,0,1,0,1
41619235,2871.0199908868076,2910,그랜저,더 뉴 그랜저 IG,27,38836,2497,5,4,8,0,1,1,1,1,1,1,1,1,1,1,0,0,0,0,0,0,1,0,0,0,0,1,0,0,0,1,0,1
41587905,2887.6126226256356,2130,그랜저,더 뉴 그랜저 IG,27,93668,2497,5,6,2,0,1,1,1,1,1,1,1,1,1,1,0,0,0,0,0,0,1,0,0,0,0,0,0,0,1,1,0,1
41644185,2917.9076270847495,1770,그랜저,더 뉴 그랜저 IG,27,121410,2999,5,4,2,1,1,1,1,1,1,1,1,0,1,1,0,0,0,0,0,1,0,0,0,0,0,0,1,0,0,1,0,1
41434001,3614.405854880476,3080,팰리세이드,팰리세이드,107,64961,2199,8,5,4,0,1,1,1,1,1,1,1,1,1,1,0,0,0,0,0,0,0,0,1,0,0,1,0,0,0,1,1,0
40916505,2899.599901857931,2900,스팅어,스팅어 마이스터,53,49871,2497,5,5,8,1,1,1,1,1,1,1,1,1,1,0,1,0,0,0,0,0,1,0,0,0,0,1,0,0,0,1,0,1
41121476,5406.43473495045,6750,GV80,GV80,9,48368,2996,6,4,2,0,1,1,1,1,1,1,1,1,1,0,0,1,0,0,0,0,0,0,1,0,0,1,0,0,0,1,1,0
40405809,2814.4095035579858,3190,투싼,더 뉴 투싼 (NX4),101,9244,1598,5,2,0,0,1,1,1,1,1,1,1,1,1,1,0,0,0,0,0,0,1,0,0,0,0,1,0,0,0,1,1,0
41537316,2684.625840071605,3550,쏘나타,쏘나타 디 엣지(DN8),57,758,1999,5,0,0,0,1,1,1,1,1,1,1,1,1,1,0,0,0,0,0,1,0,0,0,0,0,0,0,1,0,1,0,1
41325766,3131.1383633963924,1980,K9,더 K9,14,145976,3778,5,7,5,1,1,1,1,1,1,1,1,1,1,0,1,0,0,0,0,0,1,0,0,0,0,0,1,0,0,1,0,1
40180194,3413.9483665185985,3990,쏘렌토,더 뉴 쏘렌토 4세대,58,28886,1598,5,3,0,0,1,1,1,1,1,1,1,1,1,0,1,0,0,0,0,0,0,1,0,0,0,1,0,0,0,1,1,0
40759395,3067.673489216629,2600,싼타페,더 뉴 싼타페,56,97248,2151,5,5,0,0,1,1,1,1,1,1,1,1,1,1,0,0,0,0,0,0,0,0,1,0,0,1,0,0,0,1,1,0
41599095,4839.699076110866,2574,G90,G90 (RS4),6,57635,3470,5,4,2,0,1,1,1,1,1,1,1,1,1,0,0,1,0,0,0,0,1,0,0,0,0,0,1,0,0,1,0,1
41489734,3462.654978735885,3340,쏘렌토,쏘렌토 4세대,58,71272,2497,7,5,2,0,1,1,1,1,1,1,1,1,1,0,1,0,0,0,0,0,1,0,0,0,0,1,0,0,0,1,1,0
41447630,3877.838318635213,1850,G80,G80,5,57741,3342,5,7,9,0,1,1,1,1,1,1,1,1,1,0,0,1,0,0,0,0,1,0,0,0,0,0,1,0,0,1,0,1
41506155,2632.4269067199116,1890,아반떼,아반떼 (CN7),62,56336,1598,5,4,2,0,1,1,1,1,1,1,1,1,1,1,0,0,0,0,0,0,1,0,0,0,0,1,0,0,0,1,0,1
41645832,2899.599901857931,7777,스팅어,스팅어 마이스터,53,77400,2497,5,5,2,1,1,1,1,1,1,1,1,1,1,0,1,0,0,0,0,0,1,0,0,0,0,0,0,0,1,1,0,1
41575178,2634.7772150268797,1750,쏘나타,쏘나타 하이브리드 (DN8),57,151067,1999,5,4,6,0,1,1,1,1,1,1,1,1,1,1,0,0,0,0,0,0,0,1,0,0,0,1,0,0,0,1,0,1
41086768,3086.853182440802,2750,싼타페,더 뉴 싼타페,56,78184,2151,5,6,0,0,1,1,1,1,1,1,1,1,1,1,0,0,0,0,0,0,0,0,1,0,0,0,0,1,0,1,1,0
41089102,2959.599944528396,1840,캐스퍼,더 뉴 캐스퍼,88,26412,998,4,1,0,0,0,1,1,1,1,1,1,1,1,1,0,0,0,0,0,0,1,0,0,0,0,1,0,0,0,1,0,1
41293862,2758.425760042816,2980,렉스턴,올 뉴 렉스턴,35,90883,2157,7,5,1,0,1,1,1,1,1,1,1,1,1,0,0,0,1,0,0,0,0,0,1,0,0,0,1,0,0,1,1,0
40899273,3555.8753163906044,5090,팰리세이드,더 뉴 팰리세이드,107,47712,2199,7,3,0,0,1,1,1,1,1,1,1,1,1,1,0,0,0,0,0,0,0,0,1,0,0,1,0,0,0,1,1,0
41640246,2609.1958662919633,2250,스타렉스,더 뉴 그랜드 스타렉스,50,142017,2497,9,8,2,1,0,1,1,1,0,1,0,0,1,1,0,0,0,0,0,0,0,0,1,0,0,0,0,1,0,1,1,0
40963710,3828.3155031297233,4750,G80,G80 (RG3),5,38782,2497,5,3,0,0,1,1,1,1,1,1,1,1,1,0,0,1,0,0,0,0,1,0,0,0,0,0,0,0,1,1,0,1
41480258,2931.58161642511,2220,그랜저,더 뉴 그랜저 IG 하이브리드,27,89524,2359,5,5,18,0,1,1,1,1,1,1,1,1,1,1,0,0,0,0,0,0,0,1,0,0,0,0,0,1,0,1,0,1
41613826,3361.430572946631,9999,카마로,올 뉴 카마로,87,52507,6162,4,10,2,0,0,0,0,0,0,0,0,0,0,0,0,0,0,1,0,0,1,0,0,0,0,1,0,0,0,1,0,1
41525280,5008.326934333097,6450,G90,G90 (RS4),6,59349,3470,5,2,2,0,1,1,1,1,1,1,1,1,1,0,0,1,0,0,0,0,1,0,0,0,0,0,0,1,0,1,0,1
41441273,2977.9930594535554,1799,코나,코나,91,17774,1591,5,7,2,0,0,1,1,1,1,1,1,1,1,1,0,0,0,0,0,0,1,0,0,0,0,1,0,0,0,1,1,0
41259921,2917.9076270847495,1720,그랜저,그랜저 IG,27,71810,2999,5,9,4,0,0,1,1,1,1,1,1,1,1,1,0,0,0,0,0,0,1,0,0,0,0,0,1,0,0,1,0,1
41295027,2917.9076270847495,2645,그랜저,더 뉴 그랜저 IG,27,45548,2497,5,5,0,0,1,1,1,1,1,1,1,1,1,1,0,0,0,0,0,0,1,0,0,0,0,0,0,1,0,1,0,1
41385900,3086.853182440802,3350,싼타페,더 뉴 싼타페,56,28036,2497,5,3,0,0,1,1,1,1,1,1,1,1,1,1,0,0,0,0,0,0,1,0,0,0,0,0,1,0,0,1,1,0
41156612,2720.502498674518,1950,트랙스,트랙스 크로스오버,103,12122,1199,5,2,0,0,1,1,1,0,0,0,0,0,1,0,0,0,0,1,0,0,1,0,0,0,0,1,0,0,0,1,1,0
41509653,3438.6524381008708,2430,쏘렌토,쏘렌토 4세대,58,82802,2151,5,4,8,0,1,1,1,1,1,1,1,1,1,0,1,0,0,0,0,0,0,0,1,0,0,0,0,1,0,1,1,0
41515114,3067.673489216629,1950,싼타페,싼타페 TM,56,94925,1998,5,7,1,0,0,1,1,1,1,1,1,1,1,1,0,0,0,0,0,0,1,0,0,0,0,1,0,0,0,1,1,0
41494507,5406.43473495045,4050,GV80,GV80,9,113479,2996,7,4,0,0,1,1,1,1,1,1,1,1,1,0,0,1,0,0,0,0,0,0,1,0,0,0,1,0,0,1,1,0
41650424,3550.2021461772415,3230,스타리아,스타리아,51,33272,2199,9,2,2,0,0,1,1,0,1,1,1,0,1,1,0,0,0,0,0,0,0,0,1,0,0,0,0,1,0,1,1,0
41104241,5025.51401270444,7890,G90,G90 (RS4),6,69839,3470,5,4,2,1,1,1,1,1,1,1,1,1,1,0,0,1,0,0,0,0,1,0,0,0,0,0,1,0,0,1,0,1
41338742,3555.8753163906044,2999,팰리세이드,팰리세이드,107,84328,2199,8,5,1,0,1,1,1,1,1,1,1,1,1,1,0,0,0,0,0,0,0,0,1,0,0,0,1,0,0,1,1,0
41233547,3074.571948966124,2730,K8,K8 하이브리드,13,81824,1598,5,4,3,0,1,1,1,1,1,1,1,1,1,0,1,0,0,0,0,0,0,1,0,0,0,0,1,0,0,1,0,1
41546863,3224.829199147787,1990,카니발,카니발 4세대,85,198499,2151,7,6,9,0,1,1,1,1,1,1,1,1,1,0,1,0,0,0,0,0,0,0,1,0,0,0,1,0,0,1,1,0
41340851,3015.4650086512584,3750,싼타페,더 뉴 싼타페,56,18165,2497,6,3,0,1,1,1,1,1,1,1,1,1,1,1,0,0,0,0,0,0,1,0,0,0,0,0,0,1,0,1,1,0
41393218,3391.2398298870803,2120,SM6,더 뉴 SM6,20,14589,1798,5,5,0,0,1,1,1,1,1,1,1,1,1,0,0,0,0,0,1,0,1,0,0,0,0,0,0,1,0,1,0,1
41650860,3074.571948966124,4290,K8,더 뉴 K8,13,1397,2497,5,1,0,0,1,1,1,1,1,1,1,1,1,0,1,0,0,0,0,0,1,0,0,0,0,0,0,1,0,1,0,1
41182313,3622.6650569373537,4390,모하비,모하비 더 마스터,43,61244,2959,7,4,6,1,1,1,1,1,1,1,1,1,1,0,1,0,0,0,0,0,0,0,1,0,0,0,1,0,0,1,1,0
41454127,2777.2978813068744,2599,렉스턴,올 뉴 렉스턴,35,151366,2157,5,4,1,0,1,1,1,1,1,1,1,1,1,0,0,0,1,0,0,0,0,0,1,0,0,1,0,0,0,1,1,0
41045823,2777.2978813068744,2580,렉스턴,더 뉴 렉스턴 스포츠 칸,35,43641,2157,5,3,1,0,1,1,1,1,1,1,1,1,1,0,0,0,1,0,0,0,0,0,1,0,0,0,0,1,0,1,1,0
41339366,2513.119275862335,2299,토레스,토레스,100,33445,1497,5,4,3,0,1,1,1,1,1,1,1,1,1,0,0,0,1,0,0,0,1,0,0,0,0,1,0,0,0,1,1,0
39827073,2928.5426748790146,9999,SM6,SM6,20,56434,1998,5,10,4,0,0,1,1,1,1,0,1,0,1,0,0,0,0,0,1,1,0,0,0,0,0,0,0,1,0,1,0,1
41316869,3298.5051288582213,2390,레이,더 뉴 기아 레이,34,22175,998,2,3,0,0,0,1,1,0,0,1,0,0,0,0,1,0,0,0,0,0,1,0,0,0,0,1,0,0,0,1,0,1
41492152,2651.085997141483,2990,렉스턴,올 뉴 렉스턴,35,61609,2157,5,3,1,0,1,1,1,1,1,1,1,1,1,0,0,0,1,0,0,0,0,0,1,0,0,0,0,1,0,1,1,0
41410986,2798.9683874777133,3390,G70,더 뉴 G70,4,29488,1998,5,6,6,1,1,1,1,1,1,1,1,1,1,0,0,1,0,0,0,0,1,0,0,0,0,0,0,1,0,1,0,1
41091159,3074.571948966124,3206,K8,더 뉴 K8 하이브리드,13,759,1598,5,1,2,0,1,1,1,1,1,1,1,1,1,0,1,0,0,0,0,0,0,1,0,0,0,0,1,0,0,1,0,1
41611306,2981.507496023554,2149,벨로스터,벨로스터 (JS),47,67114,1998,4,6,0,1,1,1,1,1,1,1,1,1,1,1,0,0,0,0,0,0,1,0,0,0,0,0,0,0,1,0,0,1
41591948,2832.235730062908,2670,그랜저,그랜저 (GN7),27,88199,3470,5,4,1,0,1,1,1,1,1,1,1,0,1,1,0,0,0,0,0,0,1,0,0,0,0,0,1,0,0,1,0,1
41632881,3757.422508106974,6680,G80,G80 (RG3),5,20649,3470,5,2,2,1,1,1,1,1,1,1,1,1,1,0,0,1,0,0,0,0,1,0,0,0,0,1,0,0,0,1,0,1
41489879,3086.853182440802,3470,싼타페,더 뉴 싼타페,56,59163,1598,5,4,0,1,1,1,1,1,1,1,1,1,1,1,0,0,0,0,0,0,0,1,0,0,0,1,0,0,0,1,1,0
41596423,3413.9483665185985,2770,쏘렌토,쏘렌토 4세대,58,20270,2151,7,6,1,0,1,1,1,1,1,1,1,1,1,0,1,0,0,0,0,0,0,0,1,0,0,0,0,1,0,1,1,0
41461556,4477.328734051914,3990,GV70,GV70,8,120166,2497,5,4,4,1,1,1,1,1,1,1,1,1,1,0,0,1,0,0,0,0,1,0,0,0,0,1,0,0,0,1,1,0
41546072,2564.8123299278163,1830,아반떼,아반떼 (CN7),62,89179,1598,5,5,4,0,1,1,1,1,1,1,1,1,1,1,0,0,0,0,0,0,1,0,0,0,0,1,0,0,0,1,0,1
41647368,3049.779222355386,3299,트래버스,트래버스,102,65590,3564,7,4,2,1,1,1,1,1,1,1,1,1,1,0,0,0,0,1,0,0,1,0,0,0,0,1,0,0,0,1,1,0
41267027,2750.981798850805,1950,투싼,올 뉴 투싼,101,78048,1995,5,8,7,1,1,1,1,1,1,1,1,1,1,1,0,0,0,0,0,0,0,0,1,0,0,0,0,1,0,1,1,0
41652949,2955.8786466935444,2540,코나,더 뉴 코나,91,38149,1598,5,4,0,1,1,1,1,1,1,1,1,1,1,1,0,0,0,0,0,0,1,0,0,0,0,1,0,0,0,1,1,0
41492911,2564.8123299278163,8888,아반떼,아반떼 MD,62,113277,1591,5,15,6,0,0,1,0,1,0,0,1,0,0,1,0,0,0,0,0,0,1,0,0,0,0,0,0,1,0,1,0,1
41559446,3376.742735633629,2250,아이오닉6,아이오닉6,67,165401,111,5,3,3,0,1,1,1,1,1,1,1,1,1,1,0,0,0,0,0,0,0,0,0,1,0,0,0,1,0,1,0,1
41510038,2725.7156813909605,2150,쏘나타,쏘나타 (DN8),57,71374,1999,5,5,0,0,1,1,1,1,1,1,1,1,1,1,0,0,0,0,0,1,0,0,0,0,0,0,0,1,0,1,0,1
40898882,2880.4234793785527,2760,캐스퍼,캐스퍼 일렉트릭,88,18400,158,4,2,0,0,0,1,1,1,1,1,1,1,1,1,0,0,0,0,0,0,0,0,0,1,0,0,0,1,0,1,0,1
40830433,2739.750535430254,2350,렉스턴,G4 렉스턴,35,112650,2157,5,6,0,0,1,1,1,0,1,1,1,1,1,0,0,0,1,0,0,0,0,0,1,0,0,1,0,0,0,1,1,0
40903041,2615.360723815946,2640,토레스,토레스,100,23652,1497,5,4,1,0,1,1,1,1,1,1,1,1,1,0,0,0,1,0,0,0,1,0,0,0,0,0,0,0,1,1,1,0
41132102,4092.6855320218715,2500,K3,더 뉴 K3 2세대,10,30382,1591,5,4,0,1,1,1,1,1,1,1,1,1,1,0,1,0,0,0,0,0,1,0,0,0,0,0,0,1,0,1,0,1
41109127,2871.0199908868076,2080,그랜저,더 뉴 그랜저 IG,27,112354,3342,5,6,3,0,1,1,1,1,1,1,1,1,1,1,0,0,0,0,0,0,1,0,0,0,0,0,1,0,0,1,0,1
41463040,3614.405854880476,2850,팰리세이드,팰리세이드,107,65037,3778,7,5,9,1,1,1,1,1,1,1,1,1,1,1,0,0,0,0,0,0,1,0,0,0,0,0,1,0,0,1,1,0
41123801,3223.7858673429773,2630,카니발,카니발 4세대,85,81647,2151,9,6,0,0,1,1,1,1,1,1,1,1,1,0,1,0,0,0,0,0,0,0,1,0,0,0,0,0,1,1,1,0
41603134,3847.011384330083,4690,G80,G80 (RG3),5,77193,2497,5,3,0,1,1,1,1,1,1,1,1,1,1,0,0,1,0,0,0,0,1,0,0,0,0,1,0,0,0,1,0,1
41486454,4394.3925768413965,3890,GV70,GV70,8,70692,2497,5,3,7,1,1,1,1,1,1,1,1,1,0,0,0,1,0,0,0,0,1,0,0,0,0,0,0,0,1,1,1,0
41142819,5412.40951276323,6280,GV80,GV80,9,15336,2497,5,2,2,1,1,1,1,1,1,1,1,1,1,0,0,1,0,0,0,0,1,0,0,0,0,1,0,0,0,1,1,0
40899069,3086.853182440802,1800,싼타페,싼타페 TM,56,123221,2199,5,8,11,0,1,1,1,1,1,1,1,1,1,1,0,0,0,0,0,0,0,0,1,0,0,0,0,1,0,1,1,0
41636512,4952.810596887665,6290,G90,G90 (RS4),6,76951,3470,5,4,0,0,1,1,1,1,1,1,1,1,1,0,0,1,0,0,0,0,1,0,0,0,0,0,1,0,0,1,0,1
41624701,5406.43473495045,7390,GV80,GV80 쿠페,9,22487,3470,5,3,4,1,1,1,1,1,1,1,1,1,1,0,0,1,0,0,0,0,1,0,0,0,0,0,0,0,1,1,1,0
41431716,3565.3649600264525,4350,팰리세이드,더 뉴 팰리세이드,107,29275,3778,7,3,0,1,1,1,1,1,1,1,1,1,1,1,0,0,0,0,0,0,1,0,0,0,0,0,1,0,0,1,1,0
41435465,2632.4269067199116,2222,아반떼,아반떼 AD,62,82824,1591,5,9,1,0,0,1,1,0,1,1,1,0,1,1,0,0,0,0,0,0,1,0,0,0,0,1,0,0,0,1,0,1
41235003,3224.829199147787,2600,카니발,카니발 4세대,85,105555,2151,9,6,8,1,1,1,1,1,1,1,1,1,1,0,1,0,0,0,0,0,0,0,1,0,0,1,0,0,0,1,1,0
41084426,5412.40951276323,6120,GV80,GV80,9,49528,2996,5,4,0,1,1,1,1,1,1,1,1,1,1,0,0,1,0,0,0,0,0,0,1,0,0,0,1,0,0,1,1,0
41191526,3611.071044237849,2900,팰리세이드,팰리세이드,107,71294,3778,7,4,1,0,1,1,1,1,1,1,1,1,1,1,0,0,0,0,0,0,1,0,0,0,0,0,1,0,0,1,1,0
41252784,2349.283280173046,2200,EQ900,EQ900,0,135272,3778,5,9,22,0,1,1,1,1,1,1,1,1,1,0,0,1,0,0,0,0,1,0,0,0,0,0,1,0,0,1,0,1
41619245,2917.9076270847495,2980,그랜저,그랜저 (GN7),27,23286,2497,5,3,5,1,1,1,1,1,1,1,1,1,1,1,0,0,0,0,0,0,1,0,0,0,0,0,0,1,0,1,0,1
41517580,3266.59261814898,3590,카니발,카니발 4세대,85,31729,2151,9,4,0,1,1,1,1,1,1,1,1,1,1,0,1,0,0,0,0,0,0,0,1,0,0,1,0,0,0,1,1,0
41408193,2792.2446070107953,2890,투싼,투싼 하이브리드 (NX4),101,65298,1598,5,4,2,1,1,1,1,1,1,1,1,1,1,1,0,0,0,0,0,0,0,1,0,0,0,0,0,1,0,1,1,0
41638932,3835.924823652034,3349,G80,G80 (RG3),5,169978,2151,5,5,1,0,1,1,1,1,1,1,1,1,1,0,0,1,0,0,0,0,0,0,1,0,0,0,1,0,0,1,0,1
41467256,3266.59261814898,3140,카니발,카니발 4세대,85,39447,2151,9,5,2,0,1,1,1,1,1,1,1,1,1,0,1,0,0,0,0,0,0,0,1,0,0,0,0,1,0,1,1,0
41407530,3602.7134342567415,1790,팰리세이드,팰리세이드,107,183158,3778,8,7,0,0,1,1,1,1,1,1,1,1,1,1,0,0,0,0,0,0,1,0,0,0,0,0,0,0,1,1,1,0
41559473,3550.2021461772415,4199,스타리아,스타리아,51,25128,2199,9,2,1,0,1,1,1,1,1,1,1,1,1,1,0,0,0,0,0,0,0,0,1,0,0,1,0,0,0,1,1,0
41563721,3023.6613421774,1800,티볼리,더 뉴 티볼리,105,21317,1597,5,3,4,0,0,1,1,0,1,1,1,1,1,0,0,0,1,0,0,0,1,0,0,0,0,1,0,0,0,1,1,0
41186907,3458.0058573363353,2950,스타리아,스타리아,51,11500,1598,5,2,2,0,0,1,1,1,1,0,1,0,1,1,0,0,0,0,0,0,0,1,0,0,0,0,0,1,0,1,1,0
41245306,3555.8753163906044,7500,팰리세이드,팰리세이드 (LX3),107,2699,2497,7,1,0,1,1,1,1,1,1,1,1,1,1,1,0,0,0,0,0,0,0,1,0,0,0,0,1,0,0,1,1,0
41574096,5398.2920940715185,5550,GV80,GV80,9,59647,2497,5,3,1,1,1,1,1,1,1,1,1,1,1,0,0,1,0,0,0,0,1,0,0,0,0,0,1,0,0,1,1,0
41630814,2632.4269067199116,2640,아반떼,더 뉴 아반떼 하이브리드 (CN7),62,5350,1580,5,1,0,0,1,1,1,1,1,1,1,1,1,1,0,0,0,0,0,0,0,1,0,0,0,1,0,0,0,1,0,1
41373473,3413.9483665185985,2799,쏘렌토,쏘렌토 4세대,58,131233,1598,5,4,0,0,1,1,1,1,1,1,1,1,1,0,1,0,0,0,0,0,0,1,0,0,0,1,0,0,0,1,1,0
41352445,4394.3925768413965,3690,GV70,GV70,8,57895,2497,5,4,4,0,1,1,1,1,1,1,1,1,1,0,0,1,0,0,0,0,1,0,0,0,0,0,1,0,0,1,1,0
41427352,2887.6126226256356,3050,그랜저,그랜저 (GN7),27,52682,2497,5,3,0,0,1,1,1,1,1,1,1,1,1,1,0,0,0,0,0,0,1,0,0,0,0,1,0,0,0,1,0,1
41615293,3828.3155031297233,4749,G80,G80 (RG3),5,54885,2497,5,2,6,0,1,1,1,1,1,1,1,1,1,0,0,1,0,0,0,0,1,0,0,0,0,0,1,0,0,1,0,1
41603359,2486.7822778913587,2630,셀토스,더 뉴 셀토스,49,43559,1598,5,2,1,0,1,1,1,1,1,1,1,1,1,0,1,0,0,0,0,0,1,0,0,0,0,1,0,0,0,1,1,0
41315470,5373.873808791013,7250,GV80,GV80,9,11966,2497,5,1,0,0,1,1,1,1,1,1,1,1,1,0,0,1,0,0,0,0,1,0,0,0,0,1,0,0,0,1,1,0
41260660,3118.8378870397623,2280,코나,코나 일렉트릭 (SX2),91,275261,111,5,3,1,1,1,1,1,1,1,1,1,1,1,1,0,0,0,0,0,0,0,0,0,1,0,0,1,0,0,1,1,0
41483135,5313.932698356571,7660,GV80,GV80,9,6439,3470,7,2,0,1,1,1,1,1,1,1,1,1,1,0,0,1,0,0,0,0,1,0,0,0,0,1,0,0,0,1,1,0
41014712,3067.673489216629,4230,싼타페,싼타페 (MX5),56,15973,1598,6,3,0,1,1,1,1,1,1,1,1,1,1,1,0,0,0,0,0,0,0,1,0,0,0,1,0,0,0,1,1,0
41240927,2779.972995621478,2290,투싼,투싼 (NX4),101,111458,1598,5,6,6,0,1,1,1,1,1,1,1,1,1,1,0,0,0,0,0,0,1,0,0,0,0,0,1,0,0,1,1,0
41641211,3621.902165517916,2150,모하비,더 뉴 모하비,43,85804,2959,7,8,0,1,1,1,1,1,1,1,1,1,1,0,1,0,0,0,0,0,0,0,1,0,0,0,1,0,0,1,1,0
41527114,4363.6224840519135,4720,GV70,GV70,8,22426,2497,5,3,0,1,1,1,1,1,1,1,1,1,1,0,0,1,0,0,0,0,1,0,0,0,0,1,0,0,0,1,1,0
40860917,3015.4650086512584,3880,싼타페,싼타페 (MX5),56,11233,1598,5,3,4,0,1,1,1,1,1,1,1,1,1,1,0,0,0,0,0,0,0,1,0,0,0,1,0,0,0,1,1,0
40308470,5398.2920940715185,6790,GV80,GV80,9,19321,2497,6,4,0,1,1,1,1,1,1,1,1,1,1,0,0,1,0,0,0,0,1,0,0,0,0,1,0,0,0,1,1,0
41412231,3614.405854880476,3430,팰리세이드,팰리세이드,107,71851,2199,7,5,0,1,1,1,1,1,1,1,1,1,1,1,0,0,0,0,0,0,0,0,1,0,0,1,0,0,0,1,1,0
41547671,2811.033191572567,2000,베뉴,베뉴,45,34951,1598,5,2,0,0,1,1,1,1,1,1,1,1,1,1,0,0,0,0,0,0,1,0,0,0,0,0,0,1,0,1,1,0
41487288,2917.9076270847495,2650,그랜저,더 뉴 그랜저 IG,27,77453,3342,5,6,1,1,1,1,1,1,1,1,1,1,1,1,0,0,0,0,0,0,1,0,0,0,0,0,1,0,0,1,0,1
41491066,3555.8753163906044,2769,팰리세이드,팰리세이드,107,95356,2199,8,6,11,1,1,1,1,1,1,1,1,1,1,1,0,0,0,0,0,0,0,0,1,0,0,0,1,0,0,1,1,0
39427818,2651.085997141483,9990,렉스턴,렉스턴 뉴 아레나,35,2419,2157,4,1,2,0,1,1,1,1,1,1,1,1,1,0,0,0,1,0,0,0,0,0,1,0,0,0,0,1,0,1,1,0
40924780,2713.4540195717054,2370,K5,K5 3세대,11,33438,1999,5,6,0,0,1,1,1,1,1,1,1,1,1,0,1,0,0,0,0,0,1,0,0,0,0,0,1,0,0,1,0,1
37857877,3835.924823652034,2890,G80,G80 (RG3),5,178011,2497,5,6,8,0,1,1,1,1,1,1,1,1,1,0,0,1,0,0,0,0,1,0,0,0,0,0,0,0,1,1,0,1
40182116,2660.933211824105,1890,넥쏘,넥쏘,28,74722,0,5,5,7,1,1,1,1,1,1,1,1,1,1,1,0,0,0,0,0,0,0,0,0,0,1,1,0,0,0,1,1,0
41603144,3458.0058573363353,2870,스타리아,스타리아,51,50178,2199,5,3,3,0,1,1,1,1,1,1,1,1,1,1,0,0,0,0,0,0,0,0,1,0,0,0,0,1,0,1,1,0
41583501,5025.51401270444,8690,G90,G90 (RS4),6,37911,3470,4,4,0,1,1,1,1,1,1,1,1,1,1,0,0,1,0,0,0,0,1,0,0,0,0,0,0,0,1,1,0,1
41594052,3086.853182440802,3759,싼타페,싼타페 (MX5),56,18549,1598,5,1,3,0,1,1,1,1,1,1,1,1,1,1,0,0,0,0,0,0,0,1,0,0,0,0,0,1,0,1,1,0
41636971,5373.873808791013,7130,GV80,GV80 쿠페,9,15945,2497,5,2,1,1,1,1,1,1,1,1,1,1,1,0,0,1,0,0,0,0,1,0,0,0,0,0,1,0,0,1,1,0
41602913,3611.071044237849,2680,팰리세이드,팰리세이드,107,96426,2199,7,6,3,1,1,1,1,1,1,1,1,1,1,1,0,0,0,0,0,0,0,0,1,0,0,0,0,1,0,1,1,0
41384697,3260.271337439507,3880,EV6,EV6,3,24022,111,5,3,1,1,1,1,1,1,1,1,1,1,1,0,1,0,0,0,0,0,0,0,0,1,0,1,0,0,0,1,0,1
41502537,3067.673489216629,2990,싼타페,더 뉴 싼타페,56,38262,2497,5,3,5,1,1,1,1,1,1,1,1,1,1,1,0,0,0,0,0,0,1,0,0,0,0,1,0,0,0,1,1,0
41186491,5412.40951276323,4250,GV80,GV80,9,133961,2996,5,6,3,0,1,1,1,1,1,1,1,1,1,0,0,1,0,0,0,0,0,0,1,0,0,1,0,0,0,1,1,0
41629056,3048.6479659774163,3730,스포티지,스포티지 5세대 하이브리드,55,8770,1598,5,2,0,1,1,1,1,1,1,1,1,1,1,0,1,0,0,0,0,0,0,1,0,0,0,0,0,1,0,1,1,0
41386964,2575.1998890567916,2200,넥쏘,넥쏘,28,41941,0,5,3,5,1,1,1,1,1,1,1,1,1,1,1,0,0,0,0,0,0,0,0,0,0,1,0,0,0,1,1,1,0
41563473,3123.453248276873,1899,트래버스,트래버스,102,142683,3564,7,5,2,1,1,1,1,1,1,1,1,1,1,0,0,0,0,1,0,0,1,0,0,0,0,1,0,0,0,1,1,0
41613524,3835.924823652034,4190,G80,G80 (RG3),5,28182,3470,5,5,1,1,1,1,1,1,1,1,1,1,1,0,0,1,0,0,0,0,1,0,0,0,0,0,0,0,1,1,0,1
40409655,5130.415213793392,2680,G90,G90,6,116878,3778,5,7,2,0,1,1,1,1,1,1,1,1,1,0,0,1,0,0,0,0,1,0,0,0,0,0,1,0,0,1,0,1
41580035,2871.0199908868076,2504,그랜저,그랜저 (GN7),27,16679,2497,5,1,2,0,1,1,1,1,1,1,1,1,1,1,0,0,0,0,0,0,1,0,0,0,0,0,1,0,0,1,0,1
41227179,2931.58161642511,2650,그랜저,더 뉴 그랜저 IG 하이브리드,27,89251,2359,5,5,3,0,1,1,1,1,1,1,1,1,1,1,0,0,0,0,0,0,0,1,0,0,0,1,0,0,0,1,0,1
41390260,5398.2920940715185,4450,GV80,GV80,9,113631,2497,7,6,2,1,1,1,1,1,1,1,1,1,1,0,0,1,0,0,0,0,1,0,0,0,0,0,1,0,0,1,1,0
41432223,3074.571948966124,2120,K8,K8,13,75124,2497,5,5,5,0,1,1,1,1,1,1,1,1,1,0,1,0,0,0,0,0,1,0,0,0,0,0,1,0,0,1,0,1
41623446,3108.745207717931,3270,스포티지,스포티지 5세대,55,41370,1598,5,4,0,1,1,1,1,1,1,1,1,1,1,0,1,0,0,0,0,0,1,0,0,0,0,1,0,0,0,1,1,0
41135133,3063.629778185483,2090,싼타페,싼타페 TM,56,106609,1998,5,7,0,0,0,1,1,1,1,1,1,1,1,1,0,0,0,0,0,0,1,0,0,0,0,1,0,0,0,1,1,0
41594020,3565.3649600264525,4250,팰리세이드,더 뉴 팰리세이드,107,22004,3778,7,3,0,0,1,1,1,1,1,1,1,1,1,1,0,0,0,0,0,0,1,0,0,0,0,1,0,0,0,1,1,0
41592529,3611.071044237849,2590,팰리세이드,팰리세이드,107,68215,3778,8,7,1,1,1,1,1,1,1,1,1,1,1,1,0,0,0,0,0,0,1,0,0,0,0,0,1,0,0,1,1,0
41085697,3602.7134342567415,8888,팰리세이드,팰리세이드,107,91511,3778,7,4,3,0,1,1,1,1,1,1,1,1,1,1,0,0,0,0,0,0,1,0,0,0,0,0,1,0,0,1,1,0
41217261,2758.425760042816,2370,렉스턴,더 뉴 렉스턴 스포츠,35,45533,2157,5,5,0,0,1,1,1,1,1,1,1,1,1,0,0,0,1,0,0,0,0,0,1,0,0,0,1,0,0,1,1,0
41609884,2871.0199908868076,8888,그랜저,더 뉴 그랜저 IG,27,57061,3342,5,6,17,0,1,1,1,1,1,1,1,1,1,1,0,0,0,0,0,0,1,0,0,0,0,0,1,0,0,1,0,1
40773011,3233.0998405191376,3390,액티언,액티언 2세대,71,7251,1498,5,1,0,0,1,1,1,1,1,1,1,1,1,0,0,0,1,0,0,0,0,1,0,0,0,1,0,0,0,1,1,0
40453855,3199.8165603460916,3360,스팅어,스팅어 마이스터,53,26846,2497,5,3,0,0,1,1,1,1,1,1,1,1,1,0,1,0,0,0,0,0,1,0,0,0,0,0,0,0,1,1,0,1
41509354,2949.416836726581,9999,스포티지,스포티지 4세대,55,142527,1995,5,8,2,0,0,0,0,0,0,0,0,0,0,0,1,0,0,0,0,0,0,0,1,0,0,1,0,0,0,1,1,0
41417938,2580.7207386685927,1850,아반떼,아반떼 (CN7),62,57585,1598,5,6,0,0,0,1,1,1,1,1,1,1,1,1,0,0,0,0,0,0,1,0,0,0,0,1,0,0,0,1,0,1
41640351,3602.7134342567415,2280,팰리세이드,팰리세이드,107,84749,3778,7,6,5,1,1,1,1,1,1,1,1,1,1,1,0,0,0,0,0,0,1,0,0,0,0,0,0,0,1,1,1,0
41590270,2750.981798850805,2380,투싼,투싼 (NX4),101,61622,1598,5,4,0,0,0,1,1,1,1,1,1,1,1,1,0,0,0,0,0,0,1,0,0,0,0,0,0,1,0,1,1,0
41223885,5398.2920940715185,6550,GV80,GV80,9,26863,2497,6,3,0,1,1,1,1,1,1,1,1,1,1,0,0,1,0,0,0,0,1,0,0,0,0,1,0,0,0,1,1,0
41294979,2540.7398004274887,2350,토레스,토레스,100,49784,1497,5,4,0,0,1,1,1,1,1,1,1,1,1,0,0,0,1,0,0,0,1,0,0,0,0,1,0,0,0,1,1,0
41413034,3035.4436488311057,2450,스포티지,스포티지 5세대 하이브리드,55,118246,1598,5,4,3,0,1,1,1,1,1,1,1,1,1,0,1,0,0,0,0,0,0,1,0,0,0,1,0,0,0,1,1,0
41250270,4394.3925768413965,3680,GV70,GV70,8,87702,2497,5,5,3,1,1,1,1,1,1,1,1,1,1,0,0,1,0,0,0,0,1,0,0,0,0,0,1,0,0,1,1,0
41460081,2792.2446070107953,2255,투싼,더 뉴 투싼 (NX4),101,65873,1998,5,2,2,0,1,1,1,1,1,1,0,0,1,1,0,0,0,0,0,0,0,0,1,0,0,0,0,1,0,1,1,0
41654130,2606.6170699516056,2190,트레일블레이저,트레일블레이저,104,46332,1341,5,6,0,1,1,1,1,1,1,1,1,1,1,0,0,0,0,1,0,0,1,0,0,0,0,0,0,0,1,1,1,0
41501687,2739.750535430254,1899,렉스턴,G4 렉스턴,35,114991,2157,5,6,11,0,1,1,1,0,1,1,1,1,1,0,0,0,1,0,0,0,0,0,1,0,0,0,1,0,0,1,1,0
41630664,3148.97987241531,3090,마스터,마스터,38,31776,2299,15,6,6,0,0,1,1,0,0,1,0,0,0,0,0,0,0,0,1,0,0,0,1,0,0,0,0,1,0,0,1,0
41594417,2931.58161642511,2481,그랜저,그랜저 (GN7),27,55877,3470,5,3,2,0,1,1,1,1,1,1,1,0,1,1,0,0,0,0,0,1,0,0,0,0,0,0,1,0,0,1,0,1
41548741,4839.699076110866,3890,G90,G90,6,58702,3342,5,7,4,1,1,1,1,1,1,1,1,1,1,0,0,1,0,0,0,0,1,0,0,0,0,0,1,0,0,1,0,1
41565099,2832.235730062908,2570,그랜저,더 뉴 그랜저 IG 하이브리드,27,46268,2359,5,5,1,0,1,1,1,1,1,1,1,0,1,1,0,0,0,0,0,0,0,1,0,0,0,0,0,1,0,1,0,1
40360051,2643.06965830767,1810,QM6,더 뉴 QM6,17,43632,1997,5,6,2,0,1,1,1,1,1,1,1,1,1,0,0,0,0,0,1,0,1,0,0,0,0,1,0,0,0,1,1,0
41639740,4363.6224840519135,5560,GV70,일렉트리파이드 GV70,8,53739,111,5,4,0,0,1,1,1,1,1,1,1,1,1,0,0,1,0,0,0,0,0,0,0,1,0,1,0,0,0,1,1,0
41200833,2777.2978813068744,2590,렉스턴,더 뉴 렉스턴 스포츠 칸,35,48746,2157,5,4,0,0,1,1,1,1,1,1,1,1,1,0,0,0,1,0,0,0,0,0,1,0,0,0,0,1,0,1,1,0
41234581,3462.654978735885,4350,쏘렌토,더 뉴 쏘렌토 4세대,58,52826,1598,6,2,1,1,1,1,1,1,1,1,1,1,1,0,1,0,0,0,0,0,0,1,0,0,0,1,0,0,0,1,1,0
41536158,2670.6999624750915,2020,K5,K5 3세대,11,157380,1999,5,4,2,0,0,0,0,0,0,0,0,0,0,0,1,0,0,0,0,1,0,0,0,0,0,0,0,1,0,1,0,1
41409103,2871.0199908868076,1899,그랜저,더 뉴 그랜저 IG 하이브리드,27,163954,2359,5,4,5,0,1,1,1,1,1,1,1,1,1,1,0,0,0,0,0,0,0,1,0,0,0,0,1,0,0,1,0,1
40878855,2871.0199908868076,3750,그랜저,그랜저 하이브리드 (GN7),27,22693,1598,5,3,0,0,1,1,1,1,1,1,1,1,1,1,0,0,0,0,0,0,0,1,0,0,0,0,1,0,0,1,0,1
41414699,3363.123688014581,1990,말리부,더 뉴 말리부,40,83072,1998,5,5,1,1,1,1,1,1,1,1,1,1,1,0,0,0,0,1,0,0,1,0,0,0,0,0,0,0,1,1,0,1
41499510,2931.58161642511,3999,그랜저,그랜저 하이브리드 (GN7),27,8980,1598,5,3,2,0,1,1,1,1,1,1,1,1,1,1,0,0,0,0,0,0,0,1,0,0,0,0,1,0,0,1,0,1
41652588,5412.40951276323,5140,GV80,GV80,9,87370,2996,5,3,3,1,1,1,1,1,1,1,1,1,1,0,0,1,0,0,0,0,0,0,1,0,0,1,0,0,0,1,1,0
41272698,3223.7858673429773,2640,카니발,카니발 4세대,85,85141,2151,9,3,3,0,1,1,1,1,1,1,1,1,1,0,1,0,0,0,0,0,0,0,1,0,0,0,1,0,0,1,1,0
41191621,3123.453248276873,2490,트래버스,트래버스,102,81064,3564,7,5,2,1,1,1,1,1,1,1,1,1,1,0,0,0,0,1,0,0,1,0,0,0,0,0,1,0,0,1,1,0
40892008,5398.2920940715185,5100,GV80,GV80,9,92167,2497,5,5,1,0,1,1,1,1,1,1,1,1,1,0,0,1,0,0,0,0,1,0,0,0,0,1,0,0,0,1,1,0
41412015,2651.085997141483,2209,렉스턴,더 뉴 렉스턴 스포츠,35,57139,2157,5,4,0,0,1,1,1,1,1,1,1,1,1,0,0,0,1,0,0,0,0,0,1,0,0,0,0,1,0,1,1,0
41584327,4153.072611286646,9999,GV60,GV60,7,40745,111,5,3,0,0,1,1,1,1,1,1,1,1,1,0,0,1,0,0,0,0,0,0,0,1,0,1,0,0,0,1,1,0
41500187,2620.1903020024697,1930,쏘나타,쏘나타 하이브리드 (DN8),57,92667,1999,5,4,0,0,1,1,1,1,1,1,1,1,1,1,0,0,0,0,0,0,0,1,0,0,0,0,0,1,0,1,0,1
38978844,3602.7134342567415,1870,팰리세이드,팰리세이드,107,127010,3778,7,7,1,0,0,1,1,1,1,1,1,1,1,1,0,0,0,0,0,0,1,0,0,0,0,0,0,0,1,1,1,0
41379619,5130.415213793392,2879,G90,G90,6,145397,3778,5,7,3,0,1,1,1,1,1,1,1,1,1,0,0,1,0,0,0,0,1,0,0,0,0,0,1,0,0,1,0,1
41068341,2833.9888180085054,3850,콜로라도,리얼 뉴 콜로라도,94,22710,3649,5,5,0,0,0,1,1,1,0,1,1,0,1,0,0,0,0,1,0,0,1,0,0,0,0,0,1,0,0,1,1,0
40670183,2931.1855320218715,1930,벨로스터,벨로스터 (JS),47,39822,1998,4,6,8,0,1,1,1,1,1,1,1,0,1,1,0,0,0,0,0,0,1,0,0,0,0,0,0,0,1,1,0,1
41595861,3357.3272340652456,3549,아이오닉5,아이오닉5,66,45721,111,5,5,1,1,1,1,1,1,1,1,1,1,1,1,0,0,0,0,0,0,0,0,0,1,0,1,0,0,0,1,0,1
41494030,3565.3649600264525,3870,팰리세이드,더 뉴 팰리세이드,107,41917,2199,7,2,1,0,1,1,1,1,1,1,1,1,1,1,0,0,0,0,0,0,0,0,1,0,0,1,0,0,0,1,1,0
41449105,5412.40951276323,5850,GV80,GV80,9,33527,2497,5,3,0,0,1,1,1,1,1,1,1,1,1,0,0,1,0,0,0,0,1,0,0,0,0,0,1,0,0,1,1,0
40670886,2836.490415435862,1840,캐스퍼,캐스퍼,88,27195,998,4,4,0,0,0,1,1,1,1,1,1,1,1,1,0,0,0,0,0,0,1,0,0,0,0,0,0,1,0,1,0,1
41418192,2849.033733094886,5250,G70,더 뉴 G70,4,1572,3342,5,2,0,1,1,1,1,1,1,1,1,1,1,0,0,1,0,0,0,0,1,0,0,0,0,0,1,0,0,1,0,1
41652060,3222.963404391473,1930,캡처,캡처,89,5800,1332,5,6,2,0,1,1,1,1,1,1,1,0,1,0,0,0,0,0,1,0,1,0,0,0,0,1,0,0,0,1,1,0
41422750,3063.629778185483,3720,싼타페,싼타페 (MX5),56,22768,1598,7,2,2,0,1,1,1,1,1,1,1,1,1,1,0,0,0,0,0,0,0,1,0,0,0,0,0,1,0,1,1,0
41391279,3828.3155031297233,6620,G80,G80 (RG3),5,41422,2497,5,1,1,0,1,1,1,1,1,1,1,1,1,0,0,1,0,0,0,0,1,0,0,0,0,0,1,0,0,1,0,1
41578583,2876.2865816102067,2399,니로,디 올 뉴 니로,29,97553,1580,5,4,2,0,0,0,0,0,0,0,0,0,0,0,1,0,0,0,0,0,0,1,0,0,0,1,0,0,0,1,1,0
41119288,2777.2978813068744,3490,렉스턴,더 뉴 렉스턴 스포츠 칸,35,5480,2157,5,2,0,0,1,1,1,1,1,1,1,1,1,0,0,0,1,0,0,0,0,0,1,0,0,1,0,0,0,1,1,0
41455090,3602.7134342567415,3450,팰리세이드,팰리세이드,107,77310,2199,8,4,0,1,1,1,1,1,1,1,1,1,1,1,0,0,0,0,0,0,0,0,1,0,0,1,0,0,0,1,1,0
41381128,3611.071044237849,3250,팰리세이드,팰리세이드,107,77671,2199,7,4,0,1,1,1,1,1,1,1,1,1,1,1,0,0,0,0,0,0,0,0,1,0,0,0,0,1,0,1,1,0
41459489,3835.924823652034,6790,G80,G80 (RG3),5,13096,2497,5,1,0,1,1,1,1,1,1,1,1,1,1,0,0,1,0,0,0,0,1,0,0,0,0,1,0,0,0,1,0,1
41560863,3086.853182440802,1990,싼타페,싼타페 TM,56,160773,2199,5,8,8,1,1,1,1,1,1,1,1,1,1,1,0,0,0,0,0,0,0,0,1,0,0,0,0,1,0,1,1,0
38518039,3828.3155031297233,2090,G80,G80,5,96766,3342,5,7,10,0,1,1,1,1,1,1,1,1,1,0,0,1,0,0,0,0,1,0,0,0,0,0,1,0,0,1,0,1
40940210,2832.235730062908,3720,그랜저,그랜저 (GN7),27,24465,2497,5,2,1,0,1,1,1,1,1,1,1,1,1,1,0,0,0,0,0,0,1,0,0,0,0,0,0,1,0,1,0,1
40621948,3877.838318635213,3330,G80,G80 (RG3),5,94590,2497,5,5,10,0,1,1,1,1,1,1,1,1,1,0,0,1,0,0,0,0,1,0,0,0,0,0,1,0,0,1,0,1
41232407,2602.03768400251,1970,쏘나타,쏘나타 (DN8),57,36578,1999,5,4,10,0,1,1,1,1,1,1,1,1,1,1,0,0,0,0,0,0,1,0,0,0,0,1,0,0,0,1,0,1
41374518,3602.7134342567415,2969,팰리세이드,팰리세이드,107,64415,2199,7,4,0,0,0,1,1,1,1,1,1,1,1,1,0,0,0,0,0,0,0,0,1,0,0,1,0,0,0,1,1,0
41188025,2779.972995621478,2890,투싼,투싼 (NX4),101,13397,1598,5,3,1,0,1,1,1,1,1,1,1,1,1,1,0,0,0,0,0,0,1,0,0,0,0,0,0,1,0,1,1,0
37398208,2766.3800913523883,1700,렉스턴,렉스턴 스포츠 칸,35,92801,2157,5,7,10,0,0,1,1,0,1,1,1,1,1,0,0,0,1,0,0,0,0,0,1,0,0,0,0,0,1,1,1,0
41085706,5398.2920940715185,6790,GV80,GV80,9,58961,3470,5,2,0,1,1,1,1,1,1,1,1,1,1,0,0,1,0,0,0,0,1,0,0,0,0,1,0,0,0,1,1,0
41574595,3223.7858673429773,3140,카니발,카니발 4세대,85,94359,2151,7,5,1,0,1,1,1,1,1,1,1,1,1,0,1,0,0,0,0,0,0,0,1,0,0,0,1,0,0,1,1,0
41626365,3614.405854880476,3470,팰리세이드,팰리세이드,107,53052,2199,7,4,2,1,1,1,1,1,1,1,1,1,1,1,0,0,0,0,0,0,0,0,1,0,0,0,0,1,0,1,1,0
41543386,4394.3925768413965,5590,GV70,GV70,8,10435,2497,5,1,0,0,1,1,1,1,1,1,1,1,1,0,0,1,0,0,0,0,1,0,0,0,0,1,0,0,0,1,1,0
41537384,3757.422508106974,3220,G80,G80 (RG3),5,130258,3470,5,5,1,0,1,1,1,1,1,1,1,1,1,0,0,1,0,0,0,0,1,0,0,0,0,0,1,0,0,1,0,1
41513705,3233.0998405191376,3050,액티언,액티언 2세대,71,16999,1497,5,1,0,0,1,1,1,1,1,1,1,1,1,0,0,0,1,0,0,0,1,0,0,0,0,1,0,0,0,1,1,0
41621250,2792.2446070107953,1997,투싼,투싼 (NX4),101,113241,1598,5,5,0,0,0,1,1,1,1,1,1,1,1,1,0,0,0,0,0,0,1,0,0,0,0,0,0,1,0,1,1,0
41169593,2750.981798850805,3099,투싼,투싼 (NX4),101,21076,1998,5,4,0,1,1,1,1,1,1,1,1,1,1,1,0,0,0,0,0,0,0,0,1,0,0,0,0,1,0,1,1,0
41269672,2975.014936207655,2830,콜로라도,리얼 뉴 콜로라도,94,61568,3649,5,4,2,0,0,1,1,1,0,0,1,0,1,0,0,0,0,1,0,0,1,0,0,0,0,1,0,0,0,1,1,0
41235424,3550.2021461772415,3739,스타리아,스타리아,51,32598,1598,9,2,0,1,1,1,1,1,1,1,1,1,1,1,0,0,0,0,0,0,0,1,0,0,0,0,0,0,1,1,1,0
41633283,3015.4650086512584,2990,싼타페,더 뉴 싼타페,56,56005,1598,5,5,1,1,1,1,1,1,1,1,1,1,1,1,0,0,0,0,0,0,0,1,0,0,0,1,0,0,0,1,1,0
41158509,3413.9483665185985,4000,쏘렌토,더 뉴 쏘렌토 4세대,58,39161,2151,5,3,0,0,1,1,1,1,1,1,1,1,1,0,1,0,0,0,0,0,0,0,1,0,0,0,0,1,0,1,1,0
40843710,3148.97987241531,3650,마스터,마스터,38,402,2299,3,2,0,0,0,1,1,0,0,1,0,0,1,0,0,0,0,0,1,0,0,0,1,0,0,1,0,0,0,0,1,0
41374168,2887.6126226256356,2640,그랜저,더 뉴 그랜저 IG 하이브리드,27,83796,2359,5,4,12,0,1,1,1,1,1,1,1,1,1,1,0,0,0,0,0,0,0,1,0,0,0,1,0,0,0,1,0,1
41224231,3064.4460557040848,1890,말리부,더 뉴 말리부,40,23317,1998,5,5,5,1,0,1,1,1,1,1,1,1,1,0,0,0,0,1,0,0,1,0,0,0,0,0,1,0,0,1,0,1
41223061,4331.174374684793,4600,GV70,GV70,8,41717,2497,5,3,0,0,1,1,1,1,1,1,1,1,1,0,0,1,0,0,0,0,1,0,0,0,0,1,0,0,0,1,1,0
40589476,2634.7772150268797,2499,쏘나타,쏘나타 (DN8),57,39287,1598,5,3,0,0,1,1,1,1,1,1,1,1,1,1,0,0,0,0,0,0,1,0,0,0,0,0,1,0,0,1,0,1
41594145,3086.853182440802,2340,싼타페,더 뉴 싼타페,56,73826,2151,5,5,17,0,1,1,1,1,1,1,1,1,1,1,0,0,0,0,0,0,0,0,1,0,0,1,0,0,0,1,1,0
41410765,2602.03768400251,2529,쏘나타,쏘나타 (DN8),57,85087,1999,5,3,0,0,1,1,1,1,1,1,1,1,1,1,0,0,0,0,0,0,1,0,0,0,0,0,1,0,0,1,0,1
40941874,3086.853182440802,4090,싼타페,싼타페 (MX5),56,24812,1598,5,3,1,0,1,1,1,1,1,1,1,1,1,1,0,0,0,0,0,0,0,1,0,0,0,1,0,0,0,1,1,0
41550720,2632.4269067199116,2460,아반떼,더 뉴 아반떼 (CN7),62,22015,1598,5,1,0,0,1,1,1,1,1,1,1,1,1,1,0,0,0,0,0,0,1,0,0,0,0,0,0,1,0,1,0,1
40887973,2931.58161642511,1930,그랜저,그랜저 IG 하이브리드,27,107935,2359,5,7,10,0,1,1,1,1,1,1,1,1,1,1,0,0,0,0,0,0,0,1,0,0,0,0,1,0,0,1,0,1
41613498,2849.033733094886,3870,G70,더 뉴 G70,4,31947,1998,5,4,0,1,1,1,1,1,1,1,1,1,1,0,0,1,0,0,0,0,1,0,0,0,0,0,0,1,0,1,0,1
41605734,2798.9683874777133,3580,G70,더 뉴 G70,4,53329,1998,5,4,1,1,1,1,1,1,1,1,1,1,1,0,0,1,0,0,0,0,1,0,0,0,0,0,0,0,1,1,0,1
41227203,3357.3272340652456,2590,아이오닉5,아이오닉5,66,105313,111,5,5,2,0,1,1,1,1,1,1,1,1,1,1,0,0,0,0,0,0,0,0,0,1,0,1,0,0,0,1,0,1
41334488,3063.629778185483,4580,싼타페,싼타페 (MX5),56,24674,1598,7,3,0,1,1,1,1,1,1,1,1,1,1,1,0,0,0,0,0,0,0,1,0,0,0,1,0,0,0,1,1,0
40050817,3131.1383633963924,3150,K9,더 K9,14,54270,3342,5,6,2,0,1,1,1,1,1,1,1,1,1,0,1,0,0,0,0,0,1,0,0,0,0,0,1,0,0,1,0,1
41456095,3223.7858673429773,3249,카니발,카니발 4세대,85,77442,3470,9,5,6,0,1,1,1,1,1,1,1,1,1,0,1,0,0,0,0,0,1,0,0,0,0,1,0,0,0,1,1,0
41494515,2805.684771160794,2220,니로,디 올 뉴 니로,29,56419,1580,5,4,2,0,0,1,1,1,1,1,1,0,1,0,1,0,0,0,0,0,0,1,0,0,0,1,0,0,0,1,1,0
41530583,4363.6224840519135,4630,GV70,GV70,8,32298,3470,5,5,2,1,1,1,1,1,1,1,1,1,1,0,0,1,0,0,0,0,1,0,0,0,0,0,0,0,1,1,1,0
41555406,3064.8773919172713,3399,스포티지,스포티지 5세대,55,31355,1598,5,2,0,1,1,1,1,1,1,1,1,1,1,0,1,0,0,0,0,0,1,0,0,0,0,1,0,0,0,1,1,0
41570867,5373.873808791013,6690,GV80,GV80,9,26009,2497,7,2,0,1,1,1,1,1,1,1,1,1,1,0,0,1,0,0,0,0,1,0,0,0,0,1,0,0,0,1,1,0
41586906,3847.011384330083,3390,G80,G80 (RG3),5,99789,3470,5,5,9,1,1,1,1,1,1,1,1,1,1,0,0,1,0,0,0,0,1,0,0,0,0,0,1,0,0,1,0,1
40958697,2722.967088332962,2290,K5,K5 3세대,11,58488,1598,5,5,3,0,1,1,1,1,1,1,1,1,1,0,1,0,0,0,0,0,1,0,0,0,0,0,0,1,0,1,0,1
41323295,2564.8123299278163,2560,아반떼,더 뉴 아반떼 (CN7),62,5440,1598,5,1,0,0,1,1,1,1,1,1,1,1,1,1,0,0,0,0,0,0,1,0,0,0,0,1,0,0,0,1,0,1
41469990,2985.7852847364197,4300,싼타페,싼타페 (MX5),56,3091,1598,5,2,2,0,1,1,1,1,1,1,1,1,1,1,0,0,0,0,0,0,0,1,0,0,0,0,1,0,0,1,1,0
41375049,3550.2021461772415,2790,스타리아,스타리아,51,80194,2199,11,5,1,0,1,1,1,1,1,1,1,0,1,1,0,0,0,0,0,0,0,0,1,0,0,1,0,0,0,1,1,0
41621820,2722.967088332962,2290,K5,K5 3세대,11,29633,1999,5,5,1,0,1,1,1,1,1,1,1,1,1,0,1,0,0,0,0,0,1,0,0,0,0,1,0,0,0,1,0,1
41524199,2750.0422913352963,2150,아반떼,더 뉴 아반떼 (CN7),62,32490,1598,5,1,3,0,1,1,1,1,1,1,1,1,1,1,0,0,0,0,0,0,1,0,0,0,0,0,0,1,0,1,0,1
41543158,3828.3155031297233,6888,G80,G80 (RG3),5,9277,2497,5,2,0,0,1,1,1,1,1,1,1,1,1,0,0,1,0,0,0,0,1,0,0,0,0,1,0,0,0,1,0,1
41121704,3565.3649600264525,4290,팰리세이드,팰리세이드,107,85218,2199,7,4,0,1,1,1,1,1,1,1,1,1,1,1,0,0,0,0,0,0,0,0,1,0,0,0,0,1,0,1,1,0
41208575,2713.4540195717054,3425,K5,더 뉴 K5 하이브리드 3세대,11,15177,1999,5,2,0,1,1,1,1,1,1,1,1,1,1,0,1,0,0,0,0,0,0,1,0,0,0,1,0,0,0,1,0,1
41458545,2643.06965830767,7777,QM6,더 뉴 QM6,17,79920,1997,5,4,2,0,1,1,1,1,1,1,1,0,1,0,0,0,0,0,1,0,1,0,0,0,0,1,0,0,0,1,1,0
41633830,3602.7134342567415,3599,팰리세이드,팰리세이드,107,40074,2199,7,4,11,0,1,1,1,1,1,1,1,1,1,1,0,0,0,0,0,0,0,0,1,0,0,1,0,0,0,1,1,0
41029330,2819.120910451986,2400,투싼,투싼 (NX4),101,56353,1598,5,5,0,0,0,1,1,1,1,1,1,1,1,1,0,0,0,0,0,0,1,0,0,0,0,0,0,1,0,1,1,0
41632990,2832.235730062908,2580,그랜저,더 뉴 그랜저 IG 하이브리드,27,64571,2359,5,5,0,1,1,1,1,1,1,1,1,1,1,1,0,0,0,0,0,0,0,1,0,0,0,0,1,0,0,1,0,1
41636818,3223.7858673429773,3400,카니발,카니발 4세대,85,44111,2151,9,3,1,0,1,1,1,1,1,1,1,1,1,0,1,0,0,0,0,0,0,0,1,0,0,1,0,0,0,1,1,0
41517939,5313.932698356571,4850,GV80,GV80,9,80353,2497,5,4,2,0,1,1,1,1,1,1,1,1,1,0,0,1,0,0,0,0,1,0,0,0,0,1,0,0,0,1,1,0
41014649,3453.3633120692184,3400,쏘렌토,쏘렌토 4세대,58,32940,1598,5,4,0,0,1,1,1,1,1,1,1,1,1,0,1,0,0,0,0,0,0,1,0,0,0,0,0,1,0,1,1,0
40865861,3565.3649600264525,3900,팰리세이드,팰리세이드,107,141637,2199,7,5,0,1,1,1,1,1,1,1,1,1,1,1,0,0,0,0,0,0,0,0,1,0,0,1,0,0,0,1,1,0
41660897,2792.2446070107953,3130,투싼,더 뉴 투싼 (NX4),101,1881,1598,5,1,0,0,1,1,1,1,1,1,1,1,1,1,0,0,0,0,0,0,1,0,0,0,0,0,0,1,0,1,1,0
41654830,2893.893670259569,2290,트레일블레이저,더 뉴 트레일블레이저,104,27081,1341,5,3,0,0,1,1,1,1,1,0,1,1,1,0,0,0,0,1,0,0,1,0,0,0,0,0,0,0,1,1,1,0
41533499,4363.6224840519135,5199,GV70,GV70,8,6138,2497,5,1,3,0,1,1,1,1,1,1,1,1,1,0,0,1,0,0,0,0,1,0,0,0,0,1,0,0,0,1,1,0
41416362,3108.745207717931,2750,스포티지,스포티지 5세대,55,61748,1998,5,3,5,0,1,1,1,1,1,1,1,1,1,0,1,0,0,0,0,0,0,0,1,0,0,1,0,0,0,1,1,0
41569463,3086.853182440802,3950,싼타페,싼타페 (MX5),56,35870,1598,5,2,0,1,1,1,1,1,1,1,1,1,1,1,0,0,0,0,0,0,0,1,0,0,0,1,0,0,0,1,1,0
41585963,2819.120910451986,2140,투싼,투싼 (NX4),101,117740,1598,5,5,0,0,1,1,1,1,1,1,1,1,1,1,0,0,0,0,0,0,1,0,0,0,0,0,0,1,0,1,1,0
41345198,4331.174374684793,3290,GV70,GV70,8,127942,2497,5,5,2,0,0,0,0,0,0,0,0,0,0,0,0,1,0,0,0,0,1,0,0,0,0,1,0,0,0,1,1,0
41470663,2611.388696455017,1920,K5,K5 3세대,11,91022,1999,5,5,0,0,1,1,1,1,1,1,1,1,1,0,1,0,0,0,0,0,1,0,0,0,0,0,0,1,0,1,0,1
40251279,4331.174374684793,4345,GV70,GV70,8,6500,2497,5,2,2,0,1,1,1,1,1,1,1,1,1,0,0,1,0,0,0,0,1,0,0,0,0,1,0,0,0,1,1,0
41147460,3435.2398298870803,1929,티볼리,더 뉴 티볼리,105,14928,1497,5,2,0,0,0,1,1,0,1,1,1,0,1,0,0,0,1,0,0,0,1,0,0,0,0,1,0,0,0,1,1,0
41647537,3326.4508146315256,2050,카니발,더 뉴 카니발,85,125965,3342,9,6,1,1,1,1,1,1,1,1,1,1,1,0,1,0,0,0,0,0,1,0,0,0,0,1,0,0,0,1,1,0
40543510,3276.955066568482,5999,카니발,더 뉴 카니발 4세대,85,17177,3470,9,2,4,0,1,1,1,1,1,1,1,1,1,0,1,0,0,0,0,0,1,0,0,0,0,1,0,0,0,1,1,0
40982897,4394.3925768413965,4930,GV70,GV70,8,9769,2497,5,2,0,0,1,1,1,1,1,1,1,1,1,0,0,1,0,0,0,0,1,0,0,0,0,1,0,0,0,1,1,0
41606359,3462.654978735885,3190,쏘렌토,쏘렌토 4세대,58,85721,1598,5,4,7,0,1,1,1,1,1,1,1,1,1,0,1,0,0,0,0,0,0,1,0,0,0,0,0,1,0,1,1,0
41108022,2722.967088332962,2780,K5,K5 3세대,11,28715,1598,5,5,1,1,1,1,1,1,1,1,1,1,1,0,1,0,0,0,0,0,1,0,0,0,0,0,1,0,0,1,0,1
41345395,4331.174374684793,4980,GV70,GV70,8,23332,2497,5,3,0,0,1,1,1,1,1,1,1,1,1,0,0,1,0,0,0,0,1,0,0,0,0,0,0,1,0,1,1,0
41652608,2871.0199908868076,2790,그랜저,더 뉴 그랜저 IG 하이브리드,27,71049,2359,5,6,1,0,1,1,1,1,1,1,1,1,1,1,0,0,0,0,0,0,0,1,0,0,0,0,0,1,0,1,0,1
41431274,2720.502498674518,2350,트랙스,트랙스 크로스오버,103,11840,1199,5,3,0,0,1,1,1,1,1,0,1,1,1,0,0,0,0,1,0,0,1,0,0,0,0,0,0,0,1,1,1,0
41036830,2651.085997141483,2250,렉스턴,더 뉴 렉스턴 스포츠,35,78640,2157,5,3,0,0,1,1,1,1,1,1,1,1,1,0,0,0,1,0,0,0,0,0,1,0,0,1,0,0,0,1,1,0
41121964,2615.360723815946,2470,토레스,토레스,100,36594,1497,5,3,0,0,1,1,1,1,1,1,1,1,1,0,0,0,1,0,0,0,1,0,0,0,0,0,1,0,0,1,1,0
41585598,2887.6126226256356,2700,그랜저,더 뉴 그랜저 IG,27,84217,3342,5,5,3,0,1,1,1,1,1,1,1,1,1,1,0,0,0,0,0,0,1,0,0,0,0,0,1,0,0,1,0,1
40819025,2985.7852847364197,3850,싼타페,싼타페 (MX5),56,21284,2497,6,3,1,1,1,1,1,1,1,1,1,1,1,1,0,0,0,0,0,0,1,0,0,0,0,1,0,0,0,1,1,0
41637840,4363.6224840519135,4600,GV70,GV70,8,35144,2497,5,4,0,0,1,1,1,1,1,1,1,1,1,0,0,1,0,0,0,0,1,0,0,0,0,1,0,0,0,1,1,0
41552682,2832.235730062908,2590,그랜저,더 뉴 그랜저 IG,27,70113,2497,5,5,7,0,1,1,1,1,1,1,1,1,1,1,0,0,0,0,0,0,1,0,0,0,0,0,1,0,0,1,0,1
40963753,2985.7852847364197,3850,싼타페,싼타페 (MX5),56,9457,2497,6,3,0,1,1,1,1,1,1,1,1,1,1,1,0,0,0,0,0,0,1,0,0,0,0,1,0,0,0,1,1,0
40140136,3809.9712463075857,5890,쏠라티,쏠라티,60,25958,2497,15,3,2,0,0,1,1,0,0,1,1,0,1,1,0,0,0,0,0,0,0,0,1,0,0,0,1,0,0,1,1,0
40833728,4394.3925768413965,3950,GV70,GV70,8,27055,2151,5,3,0,0,1,1,1,1,1,1,1,1,1,0,0,1,0,0,0,0,0,0,1,0,0,1,0,0,0,1,1,0
40893691,3622.6650569373537,2700,모하비,모하비 더 마스터,43,125705,2959,5,6,3,1,1,1,1,1,1,1,1,1,1,0,1,0,0,0,0,0,0,0,1,0,0,0,1,0,0,1,1,0
41579353,2854.9748405191376,2490,볼트,볼트 EUV,48,54837,188,5,3,0,0,1,1,1,1,1,0,1,1,1,0,0,0,0,1,0,0,0,0,0,1,0,1,0,0,0,1,0,1
41377594,2871.0199908868076,2250,그랜저,더 뉴 그랜저 IG,27,67078,3342,5,5,0,0,1,1,1,1,1,1,1,1,1,1,0,0,0,0,0,0,1,0,0,0,0,0,1,0,0,1,0,1
41150149,5130.415213793392,3990,G90,G90,6,64147,3342,5,7,0,1,1,1,1,1,1,1,1,1,1,0,0,1,0,0,0,0,1,0,0,0,0,0,1,0,0,1,0,1
41624485,3555.8753163906044,2999,팰리세이드,팰리세이드,107,53402,3778,8,5,11,0,1,1,1,1,1,1,1,1,1,1,0,0,0,0,0,0,1,0,0,0,0,1,0,0,0,1,1,0
41325328,4331.174374684793,3699,GV70,GV70,8,69141,2497,5,5,0,0,1,1,1,1,1,1,1,1,1,0,0,1,0,0,0,0,1,0,0,0,0,0,0,0,1,1,1,0
41271442,3555.8753163906044,3690,팰리세이드,더 뉴 팰리세이드,107,77551,3778,7,4,6,1,1,1,1,1,1,1,1,1,1,1,0,0,0,0,0,0,1,0,0,0,0,1,0,0,0,1,1,0
41437358,2766.3800913523883,3600,렉스턴,더 뉴 렉스턴 스포츠 칸,35,9664,2157,5,2,0,0,1,1,1,1,1,1,1,1,1,0,0,0,1,0,0,0,0,0,1,0,0,1,0,0,0,1,1,0
41647047,2798.9683874777133,4570,G70,더 뉴 G70,4,7728,2497,5,2,0,0,1,1,1,1,1,1,1,1,1,0,0,1,0,0,0,0,1,0,0,0,0,0,0,1,0,1,0,1
41416725,4425.863399075039,3150,GV70,GV70,8,32081,2497,5,5,17,1,1,1,1,1,1,1,1,1,1,0,0,1,0,0,0,0,1,0,0,0,0,1,0,0,0,1,1,0
41013818,3266.59261814898,5150,카니발,더 뉴 카니발 4세대,85,89116,2151,9,2,1,0,1,1,1,1,1,1,1,1,1,0,1,0,0,0,0,0,0,0,1,0,0,0,1,0,0,1,1,0
41461728,2652.43527743991,2650,아반떼,아반떼 (CN7),62,30777,1998,5,5,4,0,1,1,1,1,1,1,1,0,0,1,0,0,0,0,0,0,1,0,0,0,0,0,0,1,0,1,0,1
41288709,3223.7858673429773,3780,카니발,더 뉴 카니발 4세대,85,46473,3470,7,2,0,0,1,1,1,1,1,1,1,1,1,0,1,0,0,0,0,0,1,0,0,0,0,1,0,0,0,1,1,0
41475449,3614.405854880476,2190,팰리세이드,팰리세이드,107,146800,2199,7,7,5,0,0,1,1,1,1,1,1,1,1,1,0,0,0,0,0,0,0,0,1,0,0,0,0,1,0,1,1,0
41192710,3063.629778185483,3740,싼타페,싼타페 (MX5),56,29506,1598,5,3,0,0,1,1,1,1,1,1,1,1,1,1,0,0,0,0,0,0,0,1,0,0,0,1,0,0,0,1,1,0
41635938,2854.9748405191376,1830,볼트,볼트 EV,48,61010,174,5,8,0,0,1,1,1,1,1,0,1,0,1,0,0,0,0,1,0,0,0,0,0,1,0,1,0,0,0,1,0,1
41526472,2595.399893679425,1780,넥쏘,넥쏘,28,76939,0,5,6,0,1,1,1,1,1,1,1,1,1,1,1,0,0,0,0,0,0,0,0,0,0,1,0,0,1,0,1,1,0
41635301,2652.43527743991,1920,아반떼,더 뉴 아반떼 (CN7),62,23960,1598,5,2,8,0,1,1,1,1,1,1,1,1,1,1,0,0,0,0,0,0,1,0,0,0,0,1,0,0,0,1,0,1
41544123,3621.3998177361573,4790,타스만,타스만,97,8626,2497,5,1,0,1,1,1,1,1,1,1,1,1,1,0,1,0,0,0,0,0,1,0,0,0,0,0,0,1,0,1,1,0
41202850,3614.405854880476,6090,팰리세이드,팰리세이드 (LX3),107,3974,2497,9,1,0,0,1,1,1,1,1,1,1,1,1,1,0,0,0,0,0,0,1,0,0,0,0,0,1,0,0,1,1,0
41601795,2917.9076270847495,2690,그랜저,더 뉴 그랜저 IG,27,64900,2497,5,5,3,0,1,1,1,1,1,1,1,1,1,1,0,0,0,0,0,0,1,0,0,0,0,1,0,0,0,1,0,1
40899723,3178.3266241384367,2490,K8,K8 하이브리드,13,95252,1598,5,4,0,0,1,1,1,1,1,1,1,1,1,0,1,0,0,0,0,0,0,1,0,0,0,1,0,0,0,1,0,1
41167049,3073.8059832820063,2490,콜로라도,리얼 뉴 콜로라도,94,50407,3649,5,5,2,0,0,1,1,1,0,1,1,0,1,0,0,0,0,1,0,0,1,0,0,0,0,0,0,0,1,1,1,0
41642592,2931.58161642511,2939,그랜저,더 뉴 그랜저 IG,27,43505,2497,5,5,2,0,1,1,1,1,1,1,1,1,1,1,0,0,0,0,0,0,1,0,0,0,0,1,0,0,0,1,0,1
40977163,3555.8753163906044,3750,팰리세이드,팰리세이드,107,60545,2199,7,4,0,0,1,1,1,1,1,1,1,1,1,1,0,0,0,0,0,0,0,0,1,0,0,0,1,0,0,1,1,0
41191035,3611.071044237849,3859,팰리세이드,팰리세이드,107,86906,2199,7,4,0,1,1,1,1,1,1,1,1,1,1,1,0,0,0,0,0,0,0,0,1,0,0,0,1,0,0,1,1,0
41526849,2429.895177340624,2180,EQ900,EQ900,0,110531,5038,4,10,3,0,1,1,1,1,1,1,1,1,1,0,0,1,0,0,0,0,1,0,0,0,0,0,1,0,0,1,0,1
41250232,2959.599944528396,9999,캐스퍼,캐스퍼 일렉트릭,88,10193,158,4,1,0,0,1,1,1,1,1,1,1,1,1,1,0,0,0,0,0,0,0,0,0,1,0,1,0,0,0,1,0,1
41423930,2814.4095035579858,1750,투싼,올 뉴 투싼,101,61635,1591,5,7,9,0,0,1,1,1,1,1,1,1,1,1,0,0,0,0,0,0,1,0,0,0,0,0,0,1,0,1,1,0
41489084,2931.58161642511,2090,그랜저,더 뉴 그랜저 IG,27,60255,2999,5,5,7,0,1,1,1,1,1,1,1,0,1,1,0,0,0,0,0,1,0,0,0,0,0,0,1,0,0,1,0,1
41640062,2602.03768400251,2720,쏘나타,쏘나타 (DN8),57,92329,1999,5,3,1,0,1,1,1,1,1,1,1,1,1,1,0,0,0,0,0,0,1,0,0,0,0,0,1,0,0,1,0,1
41398634,2611.388696455017,2690,K5,K5 3세대,11,67110,1598,5,3,0,0,1,1,1,1,1,1,1,1,1,0,1,0,0,0,0,0,1,0,0,0,0,0,0,1,0,1,0,1
41622748,2836.490415435862,1790,캐스퍼,더 뉴 캐스퍼,88,14510,998,4,2,10,0,1,1,1,1,1,1,1,1,1,1,0,0,0,0,0,0,1,0,0,0,0,1,0,0,0,1,0,1
41348854,2871.0199908868076,3120,그랜저,그랜저 (GN7),27,51747,2497,5,3,1,0,1,1,1,1,1,1,1,1,1,1,0,0,0,0,0,0,1,0,0,0,0,0,0,1,0,1,0,1
41529573,2732.336808530345,2750,K5,K5 3세대,11,54115,1999,5,4,2,0,0,0,0,0,0,0,0,0,0,0,1,0,0,0,0,0,1,0,0,0,0,0,1,0,0,1,0,1
41256917,2750.981798850805,2390,투싼,올 뉴 투싼,101,82057,1591,5,8,1,1,1,1,1,1,1,1,1,1,1,1,0,0,0,0,0,0,1,0,0,0,0,1,0,0,0,1,1,0
41368317,2631.6880923441727,1749,QM6,더 뉴 QM6,17,65464,1997,5,6,2,0,1,1,1,1,1,1,1,1,1,0,0,0,0,0,1,0,1,0,0,0,0,0,0,1,0,1,1,0
41432131,3847.011384330083,2820,G80,G80 (RG3),5,152722,2497,5,5,7,0,1,1,1,1,1,1,1,1,1,0,0,1,0,0,0,0,1,0,0,0,0,0,0,0,1,1,0,1
41223493,3067.673489216629,2130,싼타페,싼타페 TM,56,125112,2199,7,8,3,1,1,1,1,1,1,1,1,1,1,1,0,0,0,0,0,0,0,0,1,0,0,0,0,1,0,1,1,0
41040583,3594.805689983869,3330,스타리아,스타리아,51,16527,2199,11,2,0,0,0,1,1,1,1,1,1,1,1,1,0,0,0,0,0,0,0,0,1,0,0,0,1,0,0,1,1,0
40858801,2540.7398004274887,2120,토레스,토레스,100,51807,1497,5,2,0,0,1,1,1,1,1,0,1,0,1,0,0,0,1,0,0,0,1,0,0,0,0,1,0,0,0,1,1,0
41490272,2917.9076270847495,4430,그랜저,그랜저 하이브리드 (GN7),27,35259,1598,5,2,1,1,1,1,1,1,1,1,1,1,1,1,0,0,0,0,0,0,0,1,0,0,0,1,0,0,0,1,0,1
41496497,3757.422508106974,2660,G80,G80 (RG3),5,162392,2497,5,4,3,0,1,1,1,1,1,1,1,1,1,0,0,1,0,0,0,0,1,0,0,0,0,0,1,0,0,1,0,1
41214908,2927.2574681038277,2399,G70,더 뉴 G70,4,126300,1998,5,4,1,0,1,1,1,1,1,1,1,1,1,0,0,1,0,0,0,0,1,0,0,0,0,0,0,1,0,1,0,1
41252338,3578.55046978521,3689,스타리아,스타리아,51,32944,1598,9,2,3,1,1,1,1,1,1,1,1,1,1,1,0,0,0,0,0,0,0,1,0,0,0,0,0,0,1,1,1,0
41647798,3086.853182440802,3599,싼타페,더 뉴 싼타페,56,11416,1598,5,5,1,1,1,1,1,1,1,1,1,1,1,1,0,0,0,0,0,0,0,1,0,0,0,0,0,1,0,1,1,0
41164439,3326.4508146315256,2290,카니발,카니발 4세대,85,160607,2151,9,6,2,1,1,1,1,1,1,1,1,1,1,0,1,0,0,0,0,0,0,0,1,0,0,0,0,1,0,1,1,0
41502034,2876.2865816102067,2080,니로,디 올 뉴 니로,29,102588,1580,5,4,0,0,0,1,1,1,1,1,1,1,1,0,1,0,0,0,0,0,0,1,0,0,0,0,0,0,1,1,1,0
41206964,2985.7852847364197,4169,싼타페,싼타페 (MX5),56,20226,1598,5,2,0,0,1,1,1,1,1,1,1,1,1,1,0,0,0,0,0,0,0,1,0,0,0,0,0,1,0,1,1,0
41519545,2684.625840071605,2089,쏘나타,쏘나타 디 엣지(DN8),57,58196,1999,5,3,21,0,1,1,1,1,1,1,1,1,1,1,0,0,0,0,0,1,0,0,0,0,0,1,0,0,0,1,0,1
41312037,5406.43473495045,5880,GV80,GV80,9,16121,2497,5,4,0,1,1,1,1,1,1,1,1,1,1,0,0,1,0,0,0,0,1,0,0,0,0,0,1,0,0,1,1,0
41243585,3063.629778185483,2490,싼타페,싼타페 TM,56,85384,1998,5,7,1,0,1,1,1,1,1,1,1,1,1,1,0,0,0,0,0,0,1,0,0,0,0,1,0,0,0,1,1,0
40917814,2985.7852847364197,4450,싼타페,싼타페 (MX5),56,22345,1598,5,3,0,0,1,1,1,1,1,1,1,1,1,1,0,0,0,0,0,0,0,1,0,0,0,0,1,0,0,1,1,0
41409828,5406.43473495045,4030,GV80,GV80,9,111133,2996,5,6,2,0,1,1,1,1,1,1,1,1,1,0,0,1,0,0,0,0,0,0,1,0,0,0,1,0,0,1,1,0
41584119,2684.625840071605,2890,쏘나타,쏘나타 디 엣지(DN8),57,6500,1598,5,1,0,0,1,1,1,1,1,1,1,1,1,1,0,0,0,0,0,0,1,0,0,0,0,0,0,1,0,1,0,1
41538768,3565.3649600264525,2490,팰리세이드,팰리세이드,107,85007,2199,7,6,2,0,1,1,1,1,1,1,1,1,1,1,0,0,0,0,0,0,0,0,1,0,0,0,1,0,0,1,1,0
41383284,2977.9930594535554,1890,코나,더 뉴 코나,91,64858,1598,5,4,0,0,0,1,1,1,1,1,1,0,1,1,0,0,0,0,0,0,1,0,0,0,0,1,0,0,0,1,1,0
41438436,2805.684771160794,2200,니로,디 올 뉴 니로,29,77612,1580,5,4,0,0,0,1,1,1,1,1,1,1,1,0,1,0,0,0,0,0,0,1,0,0,0,0,0,0,1,1,1,0
41515455,2582.899977616721,2320,토레스,토레스,100,33449,1497,5,4,0,0,1,1,1,1,1,1,1,1,1,0,0,0,1,0,0,0,1,0,0,0,0,0,0,1,0,1,1,0
41252249,3015.4650086512584,4245,싼타페,싼타페 (MX5),56,18327,1598,6,3,0,0,1,1,1,1,1,1,1,1,1,1,0,0,0,0,0,0,0,1,0,0,0,1,0,0,0,1,1,0
41545156,3067.673489216629,2330,싼타페,싼타페 TM,56,46921,1998,5,7,1,0,0,1,1,1,1,1,1,1,1,1,0,0,0,0,0,0,1,0,0,0,0,1,0,0,0,1,1,0
41471951,2859.939240148325,2395,코나,코나 (SX2),91,13770,1598,5,3,0,0,1,1,1,1,1,1,1,0,1,1,0,0,0,0,0,0,1,0,0,0,0,1,0,0,0,1,1,0
41595851,3276.955066568482,3380,카니발,카니발 4세대,85,23055,3470,9,3,1,0,1,1,1,1,1,1,1,1,1,0,1,0,0,0,0,0,1,0,0,0,0,0,0,0,1,1,1,0
41525941,2570.774893679425,2390,XM3,XM3,23,15365,1598,5,2,0,0,1,1,1,1,1,1,1,0,1,0,0,0,0,0,1,0,0,1,0,0,0,0,0,0,1,1,1,0
41149328,3757.422508106974,2280,G80,G80,5,32609,3342,5,7,1,0,1,1,1,1,1,1,1,1,1,0,0,1,0,0,0,0,1,0,0,0,0,0,1,0,0,1,0,1
41293676,3064.8773919172713,2590,스포티지,스포티지 5세대,55,100459,1598,5,4,1,0,1,1,1,1,1,1,1,1,1,0,1,0,0,0,0,0,1,0,0,0,0,0,1,0,0,1,1,0
41276503,5406.43473495045,5800,GV80,GV80,9,65764,2497,5,3,0,0,1,1,1,1,1,1,1,1,1,0,0,1,0,0,0,0,1,0,0,0,0,0,0,0,1,1,1,0
41544027,3224.829199147787,2590,카니발,카니발 4세대,85,64893,2151,9,5,0,0,1,1,1,1,1,1,1,1,1,0,1,0,0,0,0,0,0,0,1,0,0,1,0,0,0,1,1,0
41478240,2917.9076270847495,2999,그랜저,그랜저 (GN7),27,16055,2497,5,3,2,0,1,1,1,1,1,1,1,1,1,1,0,0,0,0,0,0,1,0,0,0,0,0,0,1,0,1,0,1
40927329,2615.360723815946,2380,토레스,토레스,100,25635,1497,5,4,0,0,1,1,1,1,1,1,1,1,1,0,0,0,1,0,0,0,1,0,0,0,0,0,1,0,0,1,1,0
41568987,3757.422508106974,5680,G80,G80 (RG3),5,3326,2497,5,2,0,0,1,1,1,1,1,1,1,1,1,0,0,1,0,0,0,0,1,0,0,0,0,0,1,0,0,1,0,1
41588021,3555.8753163906044,4280,팰리세이드,더 뉴 팰리세이드,107,34416,3778,7,3,0,1,1,1,1,1,1,1,1,1,1,1,0,0,0,0,0,0,1,0,0,0,0,1,0,0,0,1,1,0
41452662,2981.507496023554,1999,벨로스터,벨로스터 (JS),47,51698,1998,4,6,10,0,1,1,1,1,1,1,1,0,1,1,0,0,0,0,0,0,1,0,0,0,0,1,0,0,0,1,0,1
41461010,2931.58161642511,3090,그랜저,그랜저 (GN7),27,68104,3470,5,4,0,0,1,1,1,1,1,1,1,1,1,1,0,0,0,0,0,0,1,0,0,0,0,0,0,1,0,1,0,1
41562653,5130.415213793392,2850,G90,G90,6,184305,3778,5,7,0,1,1,1,1,1,1,1,1,1,1,0,0,1,0,0,0,0,1,0,0,0,0,0,1,0,0,1,0,1
41544001,2651.085997141483,2349,렉스턴,더 뉴 렉스턴 스포츠 칸,35,133971,2157,5,4,1,1,1,1,1,1,1,0,1,1,1,0,0,0,1,0,0,0,0,0,1,0,0,0,0,0,1,1,1,0
41553311,3555.8753163906044,4099,팰리세이드,더 뉴 팰리세이드,107,35220,3778,7,3,0,1,1,1,1,1,1,1,1,1,1,1,0,0,0,0,0,0,1,0,0,0,0,1,0,0,0,1,1,0
41603128,3094.472649948673,3130,트래버스,트래버스,102,30253,3564,7,5,0,1,1,1,1,1,1,1,1,1,1,0,0,0,0,1,0,0,1,0,0,0,0,0,1,0,0,1,1,0
41594366,2632.4269067199116,2330,아반떼,더 뉴 아반떼 (CN7),62,30322,1598,5,2,6,0,1,1,1,1,1,1,1,1,1,1,0,0,0,0,0,0,1,0,0,0,0,0,0,0,1,1,0,1
41653416,3048.6479659774163,2290,스포티지,스포티지 5세대,55,139037,1999,5,2,20,0,1,1,1,1,1,1,1,1,1,0,1,0,0,0,0,1,0,0,0,0,0,0,0,1,0,1,1,0
41272435,3578.55046978521,3800,스타리아,스타리아,51,48585,2199,9,5,0,1,1,1,1,1,1,1,1,1,1,1,0,0,0,0,0,0,0,0,1,0,0,0,0,1,0,1,1,0
40618898,3575.943897932248,3850,콜레오스,그랑 콜레오스,93,21486,1499,5,1,0,0,1,1,1,1,1,1,1,1,1,0,0,0,0,0,1,0,0,1,0,0,0,1,0,0,0,1,1,0
41384483,3565.3649600264525,3690,팰리세이드,팰리세이드,107,43909,2199,7,4,0,0,1,1,1,1,1,1,1,1,1,1,0,0,0,0,0,0,0,0,1,0,0,0,0,1,0,1,1,0
41184689,3223.7858673429773,2590,카니발,카니발 4세대,85,88737,3470,9,4,3,0,1,1,1,1,1,1,1,1,1,0,1,0,0,0,0,0,1,0,0,0,0,0,1,0,0,1,1,0
41633471,3233.0998405191376,2890,액티언,액티언 2세대,71,21336,1497,5,2,0,0,1,1,1,1,1,1,1,1,1,0,0,0,1,0,0,0,1,0,0,0,0,1,0,0,0,1,1,0
41048177,2566.566644283388,2330,토레스,토레스,100,37545,1497,5,3,0,0,1,1,1,1,1,1,1,1,1,0,0,0,1,0,0,0,1,0,0,0,0,0,0,0,1,1,1,0
41506871,3602.7134342567415,2880,팰리세이드,팰리세이드,107,36332,3778,7,4,4,0,1,1,1,1,1,1,1,1,1,1,0,0,0,0,0,0,1,0,0,0,0,0,0,0,1,1,1,0
41458510,2833.7809220036456,2739,G70,더 뉴 G70,4,67349,1998,5,5,2,1,1,1,1,1,1,1,1,0,1,0,0,1,0,0,0,0,1,0,0,0,0,0,0,0,1,1,0,1
41586984,3757.3831206921836,1730,모닝,더 뉴 모닝 (JA),42,16700,998,5,2,1,1,1,1,1,1,1,1,1,1,1,0,1,0,0,0,0,0,1,0,0,0,0,1,0,0,0,1,0,1
41445047,2955.8786466935444,2270,코나,코나 하이브리드,91,43255,1580,5,6,1,0,1,1,1,1,1,1,1,1,1,1,0,0,0,0,0,0,0,1,0,0,0,0,0,1,0,1,1,0
41646664,2859.939240148325,2650,코나,코나 (SX2),91,26858,1598,5,2,1,0,1,1,1,1,1,1,1,1,1,1,0,0,0,0,0,0,1,0,0,0,0,0,0,1,0,1,1,0
41212122,3877.838318635213,7777,G80,G80,5,138475,3342,5,7,1,0,1,1,1,1,1,1,1,1,1,0,0,1,0,0,0,0,1,0,0,0,0,0,1,0,0,1,0,1
41591949,2750.0422913352963,1930,아반떼,아반떼 (CN7),62,27928,1598,5,3,3,0,0,1,1,1,1,1,1,1,1,1,0,0,0,0,0,0,1,0,0,0,0,1,0,0,0,1,0,1
41436544,3266.59261814898,3730,카니발,더 뉴 카니발 4세대,85,35279,2151,9,2,2,0,1,1,1,1,1,1,1,1,1,0,1,0,0,0,0,0,0,0,1,0,0,1,0,0,0,1,1,0
41199319,5398.2920940715185,4890,GV80,GV80,9,85672,2497,5,6,2,1,1,1,1,1,1,1,1,1,1,0,0,1,0,0,0,0,1,0,0,0,0,1,0,0,0,1,1,0
41646829,3835.924823652034,3250,G80,G80 (RG3),5,104080,3470,5,5,2,0,1,1,1,1,1,1,1,1,1,0,0,1,0,0,0,0,1,0,0,0,0,0,0,1,0,1,0,1
41159064,2833.9888180085054,1860,콜로라도,콜로라도,94,130097,3649,5,6,2,0,0,1,1,1,0,0,1,0,1,0,0,0,0,1,0,0,1,0,0,0,0,0,0,1,0,1,1,0
41409253,3578.55046978521,3790,스타리아,스타리아,51,34713,2199,9,5,9,0,1,1,1,1,1,1,1,1,1,1,0,0,0,0,0,0,0,0,1,0,0,0,0,0,1,1,1,0
39972140,3074.571948966124,2879,K8,K8 하이브리드,13,62543,1598,5,3,0,0,1,1,1,1,1,1,1,1,1,0,1,0,0,0,0,0,0,1,0,0,0,0,1,0,0,1,0,1
41375576,2809.3292616650706,2190,베뉴,베뉴,45,4822,1598,5,2,0,0,1,1,1,1,1,1,1,1,1,1,0,0,0,0,0,0,1,0,0,0,0,0,0,0,1,1,1,0
40398948,5412.40951276323,6190,GV80,GV80,9,35864,2497,7,4,1,0,1,1,1,1,1,1,1,1,1,0,0,1,0,0,0,0,1,0,0,0,0,1,0,0,0,1,1,0
41262575,2670.6999624750915,2340,K5,K5 3세대,11,51843,1598,5,4,4,0,1,1,1,1,1,1,1,1,1,0,1,0,0,0,0,0,1,0,0,0,0,1,0,0,0,1,0,1
41553920,2429.895177340624,2050,EQ900,EQ900,0,103902,3778,5,8,9,0,1,1,1,1,1,1,1,1,1,0,0,1,0,0,0,0,1,0,0,0,0,0,0,1,0,1,0,1
41528099,3298.5051288582213,3970,레이,더 뉴 G70 슈팅브레이크,34,18998,2497,5,2,0,1,1,1,1,1,1,1,1,1,1,0,0,1,0,0,0,0,1,0,0,0,0,0,0,1,0,1,0,1
38678183,2456.7150741910973,1880,K7,올 뉴 K7 하이브리드,12,98902,2359,5,8,2,0,1,1,1,1,1,1,1,1,1,0,1,0,0,0,0,0,0,1,0,0,0,1,0,0,0,1,0,1
40857967,3611.071044237849,3190,팰리세이드,팰리세이드,107,64789,3778,7,6,2,1,1,1,1,1,1,1,1,1,1,1,0,0,0,0,0,0,1,0,0,0,0,1,0,0,0,1,1,0
41335418,3049.779222355386,2600,트래버스,트래버스,102,18552,3564,7,5,0,0,1,1,1,1,1,1,1,0,1,0,0,0,0,1,0,0,1,0,0,0,0,1,0,0,0,1,1,0
41137013,3611.071044237849,6490,팰리세이드,팰리세이드 (LX3),107,10061,2497,7,1,2,1,1,1,1,1,1,1,1,1,1,1,0,0,0,0,0,0,0,1,0,0,0,0,1,0,0,1,1,0
41574367,3086.853182440802,3380,싼타페,싼타페 (MX5),56,39917,2497,5,3,2,0,1,1,1,1,1,1,1,1,1,1,0,0,0,0,0,0,1,0,0,0,0,1,0,0,0,1,1,0
41473312,2580.7207386685927,3390,아반떼,더 뉴 아반떼 (CN7),62,5867,1998,5,1,0,1,1,1,1,1,1,1,1,1,1,1,0,0,0,0,0,0,1,0,0,0,0,0,0,0,1,1,0,1
41175513,2819.120910451986,2640,투싼,더 뉴 투싼 (NX4),101,7449,1598,5,2,6,0,1,1,1,0,1,0,1,1,1,1,0,0,0,0,0,0,1,0,0,0,0,0,0,1,0,1,1,0
41243718,3613.274893679425,3590,콜레오스,그랑 콜레오스,93,27304,1499,5,2,1,0,1,1,1,1,1,1,1,1,1,0,0,0,0,0,1,0,0,1,0,0,0,0,0,1,0,1,1,0
41181687,4363.6224840519135,4290,GV70,GV70,8,74591,2497,5,5,0,0,1,1,1,1,1,1,1,1,1,0,0,1,0,0,0,0,1,0,0,0,0,1,0,0,0,1,1,0
40853593,3498.6983665185985,3390,쏘렌토,쏘렌토 4세대,58,66152,2497,5,6,1,0,1,1,1,1,1,1,1,1,1,0,1,0,0,0,0,0,1,0,0,0,0,0,0,1,0,1,1,0
41638810,2887.6126226256356,1850,그랜저,그랜저 IG,27,50392,2999,5,9,0,1,0,1,1,1,1,1,1,1,1,1,0,0,0,0,0,0,1,0,0,0,0,0,1,0,0,1,0,1
41283842,3108.745207717931,2850,스포티지,스포티지 5세대,55,57269,1598,5,5,1,1,1,1,1,1,1,1,1,1,1,0,1,0,0,0,0,0,1,0,0,0,0,0,1,0,0,1,1,0
41532973,3481.2136636754276,3580,아이오닉5,아이오닉5,66,66950,111,5,5,1,1,1,1,1,1,1,1,1,1,1,1,0,0,0,0,0,0,0,0,0,1,0,0,0,1,0,1,0,1
41264785,3086.853182440802,3830,싼타페,싼타페 (MX5),56,26404,1598,6,3,0,0,1,1,1,1,1,1,1,1,1,1,0,0,0,0,0,0,0,1,0,0,0,1,0,0,0,1,1,0
41607537,2730.0779228526476,2090,QM6,더 뉴 QM6,17,73006,1997,5,5,0,1,1,1,1,1,1,0,1,1,1,0,0,0,0,0,1,0,1,0,0,0,0,0,1,0,0,1,1,0
41189937,5406.43473495045,6950,GV80,GV80,9,15680,2497,7,3,1,0,1,1,1,1,1,1,1,1,1,0,0,1,0,0,0,0,1,0,0,0,0,1,0,0,0,1,1,0
41161487,2684.625840071605,2830,쏘나타,쏘나타 디 엣지(DN8),57,2233,1598,5,1,0,0,1,1,1,1,1,1,1,0,1,1,0,0,0,0,0,0,1,0,0,0,0,0,0,1,0,1,0,1
41585791,2634.7772150268797,1920,쏘나타,쏘나타 하이브리드 (DN8),57,45787,1999,5,5,0,0,1,1,1,1,1,0,1,0,1,1,0,0,0,0,0,0,0,1,0,0,0,1,0,0,0,1,0,1
41635215,3757.422508106974,1920,G80,G80,5,88088,3342,5,9,6,0,1,1,1,1,1,1,1,1,1,0,0,1,0,0,0,0,1,0,0,0,0,0,1,0,0,1,0,1
41083965,2758.425760042816,2220,렉스턴,더 뉴 렉스턴 스포츠,35,58899,2157,5,4,8,0,1,1,1,1,1,0,1,1,1,0,0,0,1,0,0,0,0,0,1,0,0,0,0,0,1,1,1,0
41240875,4363.6224840519135,5750,GV70,GV70,8,8891,2497,5,2,0,1,1,1,1,1,1,1,1,1,1,0,0,1,0,0,0,0,1,0,0,0,0,0,1,0,0,1,1,0
41503888,2580.7207386685927,3240,아반떼,더 뉴 아반떼 (CN7),62,6306,1998,5,1,1,0,1,1,1,1,1,1,1,0,1,1,0,0,0,0,0,0,1,0,0,0,0,0,0,0,1,1,0,1
41052510,3602.7134342567415,3590,팰리세이드,더 뉴 팰리세이드,107,80358,2199,7,4,3,0,1,1,1,1,1,1,1,1,1,1,0,0,0,0,0,0,0,0,1,0,0,0,0,1,0,1,1,0
41400830,3622.6650569373537,3550,모하비,모하비 더 마스터,43,112542,2959,7,5,8,1,1,1,1,1,1,1,1,1,1,0,1,0,0,0,0,0,0,0,1,0,0,0,1,0,0,1,1,0
40621893,2632.4269067199116,3060,아반떼,더 뉴 아반떼 (CN7),62,3532,1998,5,1,0,0,1,1,1,1,1,1,1,0,1,1,0,0,0,0,0,0,1,0,0,0,0,0,0,0,1,1,0,1
41268316,3828.3155031297233,4670,G80,G80 (RG3),5,69261,2497,5,2,2,0,1,1,1,1,1,1,1,1,1,0,0,1,0,0,0,0,1,0,0,0,0,0,0,0,1,1,0,1
41533293,2819.120910451986,2930,투싼,투싼 (NX4),101,33068,1598,5,4,2,0,1,1,1,1,1,1,1,1,1,1,0,0,0,0,0,0,1,0,0,0,0,0,0,1,0,1,1,0
41322304,2540.7398004274887,2449,토레스,토레스,100,7887,1497,5,4,0,0,1,1,1,1,1,1,1,1,1,0,0,0,1,0,0,0,1,0,0,0,0,1,0,0,0,1,1,0
41253266,3035.4436488311057,2850,스포티지,스포티지 5세대 하이브리드,55,60412,1598,5,4,10,1,1,1,1,1,1,1,1,1,1,0,1,0,0,0,0,0,0,1,0,0,0,0,0,1,0,1,1,0
41382803,2887.6126226256356,1940,그랜저,더 뉴 그랜저 IG,27,112167,2497,5,6,5,0,1,1,1,1,1,1,1,1,1,1,0,0,0,0,0,0,1,0,0,0,0,0,1,0,0,1,0,1
41444297,2836.490415435862,9999,캐스퍼,캐스퍼,88,911,998,4,2,1,0,0,1,1,1,1,1,1,1,1,1,0,0,0,0,0,0,1,0,0,0,0,1,0,0,0,1,0,1
41592621,3877.838318635213,3490,G80,G80 (RG3),5,87124,2497,5,5,1,0,1,1,1,1,1,1,1,1,1,0,0,1,0,0,0,0,1,0,0,0,0,0,0,1,0,1,0,1
41554533,5398.2920940715185,6370,GV80,GV80,9,21283,2497,7,2,1,0,1,1,1,1,1,1,1,1,1,0,0,1,0,0,0,0,1,0,0,0,0,0,1,0,0,1,1,0
41594965,2917.9076270847495,2004,그랜저,더 뉴 그랜저 IG,27,51586,2497,5,4,2,0,1,1,1,1,1,1,1,0,1,1,0,0,0,0,0,0,1,0,0,0,0,0,1,0,0,1,0,1
41499356,3405.4249645598084,2980,아이오닉5,아이오닉5,66,82280,111,5,5,1,1,1,1,1,1,1,1,1,1,1,1,0,0,0,0,0,0,0,0,0,1,0,0,0,1,0,1,0,1
41586926,3877.838318635213,3050,G80,G80 (RG3),5,135901,2497,5,5,3,0,1,1,1,1,1,1,1,1,1,0,0,1,0,0,0,0,1,0,0,0,0,0,1,0,0,1,0,1
41650033,2832.235730062908,3180,그랜저,그랜저 (GN7),27,28693,2497,5,3,3,0,1,1,1,1,1,1,1,1,1,1,0,0,0,0,0,0,1,0,0,0,0,1,0,0,0,1,0,1
41260980,3438.6524381008708,3999,쏘렌토,쏘렌토 4세대,58,31796,2151,7,4,0,1,1,1,1,1,1,1,1,1,1,0,1,0,0,0,0,0,0,0,1,0,0,0,0,1,0,1,1,0
41295704,4187.504640395533,3870,GV60,GV60,7,89252,111,5,4,2,0,1,1,1,1,1,1,1,1,1,0,0,1,0,0,0,0,0,0,0,1,0,1,0,0,0,1,1,0
41469762,2634.7772150268797,3460,쏘나타,쏘나타 디 엣지 하이브리드(DN8),57,3961,1999,5,2,1,0,1,1,1,1,1,1,1,1,1,1,0,0,0,0,0,0,0,1,0,0,0,1,0,0,0,1,0,1
41550735,2832.235730062908,3760,그랜저,그랜저 하이브리드 (GN7),27,21897,1598,5,3,0,1,1,1,1,1,1,1,1,1,1,1,0,0,0,0,0,0,0,1,0,0,0,0,1,0,0,1,0,1
41613879,2917.9076270847495,3880,그랜저,그랜저 (GN7),27,392,2497,5,0,0,0,1,1,1,1,1,1,1,1,1,1,0,0,0,0,0,0,1,0,0,0,0,1,0,0,0,1,0,1
41624424,3220.8907931048275,2450,마스터,마스터,38,39987,2299,3,4,5,0,0,1,1,0,0,1,0,0,1,0,0,0,0,0,1,0,0,0,1,0,0,0,1,0,0,0,1,0
41621016,3330.345338559373,3883,아이오닉6,아이오닉6,67,32849,111,5,3,1,0,1,1,1,1,1,1,1,1,1,1,0,0,0,0,0,0,0,0,0,1,0,0,1,0,0,1,0,1
41177439,2725.7156813909605,2649,쏘나타,쏘나타 (DN8),57,42427,1598,5,3,4,1,1,1,1,1,1,1,1,1,1,1,0,0,0,0,0,0,1,0,0,0,0,0,1,0,0,1,0,1
41633019,4952.810596887665,5590,G90,G90 (RS4),6,109324,3470,4,4,1,0,1,1,1,1,1,1,1,1,1,0,0,1,0,0,0,0,1,0,0,0,0,0,0,1,0,1,0,1
41005458,2633.5129880066565,1800,스타렉스,더 뉴 그랜드 스타렉스,50,97231,2497,11,8,1,0,0,1,0,0,0,1,1,1,1,1,0,0,0,0,0,0,0,0,1,0,0,0,0,1,0,1,1,0
41630608,3594.805689983869,2650,스타리아,스타리아,51,25548,3470,5,2,1,0,0,1,1,0,1,1,1,0,1,1,0,0,0,0,0,1,0,0,0,0,0,0,0,1,0,1,1,0
41303859,3438.6524381008708,3350,쏘렌토,쏘렌토 4세대,58,56127,1598,5,3,2,0,1,1,1,1,1,1,1,1,1,0,1,0,0,0,0,0,0,1,0,0,0,1,0,0,0,1,1,0
40966834,2985.7852847364197,3490,싼타페,싼타페 (MX5),56,37002,2497,5,3,1,0,1,1,1,1,1,1,1,1,1,1,0,0,0,0,0,0,1,0,0,0,0,1,0,0,0,1,1,0
41545363,2917.9076270847495,1869,그랜저,그랜저 IG,27,100259,2999,5,8,1,1,1,1,1,1,1,1,1,1,1,1,0,0,0,0,0,1,0,0,0,0,0,0,1,0,0,1,0,1
41510508,3614.405854880476,3100,팰리세이드,팰리세이드,107,124377,2199,7,5,1,0,1,1,1,1,1,1,1,1,1,1,0,0,0,0,0,0,0,0,1,0,0,0,0,1,0,1,1,0
41631751,2580.7207386685927,1790,아반떼,아반떼 (CN7),62,90585,1598,5,6,1,0,1,1,1,1,1,1,1,1,1,1,0,0,0,0,0,0,1,0,0,0,0,0,1,0,0,1,0,1
41297336,3651.1332725787192,3200,모하비,모하비 더 마스터,43,104091,2959,6,5,4,1,1,1,1,1,1,1,1,1,1,0,1,0,0,0,0,0,0,0,1,0,0,0,0,1,0,1,1,0
41628722,3828.3155031297233,3399,G80,G80 (RG3),5,82183,3470,5,5,5,0,1,1,1,1,1,1,1,1,1,0,0,1,0,0,0,0,1,0,0,0,0,0,0,1,0,1,0,1
41595544,3602.7134342567415,4045,팰리세이드,더 뉴 팰리세이드,107,72594,2199,7,3,1,0,1,1,1,1,1,1,1,1,1,1,0,0,0,0,0,0,0,0,1,0,0,0,1,0,0,1,1,0
41611614,4425.863399075039,3950,GV70,GV70,8,53704,2497,5,4,2,0,0,0,0,0,0,0,0,0,0,0,0,1,0,0,0,0,1,0,0,0,0,1,0,0,0,1,1,0
41329988,3602.7134342567415,2890,팰리세이드,팰리세이드,107,92617,2199,7,4,0,0,1,1,1,1,1,1,1,1,1,1,0,0,0,0,0,0,0,0,1,0,0,0,1,0,0,1,1,0
41161503,3458.0058573363353,4650,스타리아,스타리아,51,43306,2199,7,5,0,1,1,1,1,1,1,1,1,1,1,1,0,0,0,0,0,0,0,0,1,0,0,0,1,0,0,1,1,0
41413968,3614.405854880476,2850,팰리세이드,팰리세이드,107,59335,3778,7,6,1,1,1,1,1,1,1,1,1,1,1,1,0,0,0,0,0,0,1,0,0,0,0,0,0,0,1,1,1,0
41501347,2814.4095035579858,2420,투싼,투싼 (NX4),101,95137,1598,5,5,3,1,1,1,1,1,1,1,1,1,1,1,0,0,0,0,0,0,1,0,0,0,0,1,0,0,0,1,1,0
41468155,3565.3649600264525,5999,팰리세이드,팰리세이드 (LX3),107,10763,2497,9,1,0,1,1,1,1,1,1,1,1,1,1,1,0,0,0,0,0,0,0,1,0,0,0,1,0,0,0,1,1,0
41622795,2713.4540195717054,2900,K5,더 뉴 K5 3세대,11,39402,1999,5,2,2,0,1,1,1,1,1,1,1,1,1,0,1,0,0,0,0,0,1,0,0,0,0,1,0,0,0,1,0,1
41593884,3108.745207717931,3199,스포티지,스포티지 5세대 하이브리드,55,21004,1598,5,3,3,0,1,1,1,1,1,1,1,1,1,0,1,0,0,0,0,0,0,1,0,0,0,0,0,0,1,1,1,0
41293399,2739.750535430254,2099,렉스턴,더 뉴 렉스턴 스포츠 칸,35,121934,2157,5,4,2,0,1,1,1,1,1,1,1,1,1,0,0,0,1,0,0,0,0,0,1,0,0,0,0,0,1,1,1,0
41598774,3835.924823652034,4250,G80,G80 (RG3),5,77133,3470,5,3,1,1,1,1,1,1,1,1,1,1,1,0,0,1,0,0,0,0,1,0,0,0,0,0,1,0,0,1,0,1
41487245,5398.2920940715185,4250,GV80,GV80,9,127676,2996,5,5,0,0,1,1,1,1,1,1,1,1,1,0,0,1,0,0,0,0,0,0,1,0,0,0,0,1,0,1,1,0
41252910,3453.3633120692184,3899,쏘렌토,쏘렌토 4세대,58,11192,1598,5,4,0,1,1,1,1,1,1,1,1,1,1,0,1,0,0,0,0,0,0,1,0,0,0,1,0,0,0,1,1,0
41252353,3550.2021461772415,3739,스타리아,스타리아,51,30606,1598,9,2,0,1,1,1,1,1,1,1,1,1,1,1,0,0,0,0,0,0,0,1,0,0,0,1,0,0,0,1,1,0
41510525,3555.8753163906044,4844,팰리세이드,더 뉴 팰리세이드,107,35260,2199,7,2,0,1,1,1,1,1,1,1,1,1,1,1,0,0,0,0,0,0,0,0,1,0,0,0,1,0,0,1,1,0
41349436,5313.932698356571,7890,GV80,GV80,9,18884,2497,6,2,0,1,1,1,1,1,1,1,1,1,1,0,0,1,0,0,0,0,1,0,0,0,0,1,0,0,0,1,1,0
41090873,4394.3925768413965,3890,GV70,GV70,8,41196,2497,5,5,5,1,1,1,1,1,1,1,1,1,1,0,0,1,0,0,0,0,1,0,0,0,0,0,0,1,0,1,1,0
40815119,2985.7852847364197,3790,싼타페,싼타페 (MX5),56,14566,2497,7,3,0,1,1,1,1,1,1,1,1,1,1,1,0,0,0,0,0,0,1,0,0,0,0,1,0,0,0,1,1,0
41267668,2513.119275862335,2630,토레스,토레스,100,48302,1497,5,4,0,0,1,1,1,1,1,1,1,1,1,0,0,0,1,0,0,0,1,0,0,0,0,1,0,0,0,1,1,0
41131971,2498.2532482768734,2220,XM3,XM3,23,36366,1332,5,4,2,0,1,1,1,1,1,1,1,1,1,0,0,0,0,0,1,0,1,0,0,0,0,0,0,0,1,1,1,0
40985017,3094.472649948673,2350,트래버스,트래버스,102,68682,3564,7,6,6,1,1,1,1,1,1,1,1,1,1,0,0,0,0,1,0,0,1,0,0,0,0,1,0,0,0,1,1,0
41641848,3118.8378870397623,3349,코나,코나 하이브리드 (SX2),91,34187,1580,5,3,2,0,1,1,1,1,1,1,1,1,1,1,0,0,0,0,0,0,0,1,0,0,0,1,0,0,0,1,1,0
41005156,2819.120910451986,2680,투싼,투싼 (NX4),101,27424,1598,5,5,0,0,1,1,1,1,1,1,1,1,1,1,0,0,0,0,0,0,1,0,0,0,0,0,0,1,0,1,1,0
41246902,3064.8773919172713,2300,스포티지,스포티지 5세대,55,109082,1598,5,5,11,0,1,1,1,1,1,1,1,1,1,0,1,0,0,0,0,0,1,0,0,0,0,1,0,0,0,1,1,0
41581804,5406.43473495045,6520,GV80,GV80,9,37000,3470,5,2,2,0,1,1,1,1,1,1,1,1,1,0,0,1,0,0,0,0,1,0,0,0,0,1,0,0,0,1,1,0
41297039,2777.2978813068744,2850,렉스턴,더 뉴 렉스턴 스포츠 칸,35,13111,2157,5,4,0,0,1,1,1,1,1,1,1,1,1,0,0,0,1,0,0,0,0,0,1,0,0,0,1,0,0,1,1,0
40917870,2722.967088332962,2050,K5,K5 3세대,11,55742,1999,5,6,6,1,1,1,1,1,1,1,1,1,1,0,1,0,0,0,0,0,1,0,0,0,0,1,0,0,0,1,0,1
41491926,2564.8123299278163,1750,아반떼,아반떼 (CN7),62,72161,1598,5,5,1,0,1,1,1,1,1,1,1,1,1,1,0,0,0,0,0,0,1,0,0,0,0,1,0,0,0,1,0,1
41616046,2984.2569605933,2350,이쿼녹스,더 넥스트 이쿼녹스,79,15853,1490,5,4,0,0,1,1,1,1,1,1,1,0,1,0,0,0,0,1,0,0,1,0,0,0,0,1,0,0,0,1,1,0
41555455,2871.0199908868076,2595,그랜저,더 뉴 그랜저 IG,27,39009,2497,5,4,2,0,1,1,1,1,1,1,1,1,1,1,0,0,0,0,0,0,1,0,0,0,0,0,0,0,1,1,0,1
41445267,3048.6479659774163,2160,스포티지,스포티지 5세대,55,117077,1598,5,5,0,1,1,1,1,1,1,1,1,1,1,0,1,0,0,0,0,0,1,0,0,0,0,1,0,0,0,1,1,0
41637480,3132.2210078650214,2899,코나,더 뉴 코나,91,30565,1998,5,4,4,1,1,1,1,1,1,1,1,1,1,1,0,0,0,0,0,0,1,0,0,0,0,0,0,1,0,1,1,0
41559816,3614.405854880476,4150,팰리세이드,더 뉴 팰리세이드,107,38791,3778,7,3,0,0,1,1,1,1,1,1,1,1,1,1,0,0,0,0,0,0,1,0,0,0,0,0,1,0,0,1,1,0
41488340,3828.3155031297233,4299,G80,G80 (RG3),5,27052,3470,5,5,2,0,0,0,0,0,0,0,0,0,0,0,0,1,0,0,0,0,1,0,0,0,0,0,0,1,0,1,0,1
41451001,4952.810596887665,3590,G90,G90,6,114086,3778,5,6,1,0,1,1,1,1,1,1,1,1,1,0,0,1,0,0,0,0,1,0,0,0,0,0,1,0,0,1,0,1
41533306,2580.7207386685927,1880,아반떼,아반떼 (CN7),62,67254,1598,5,4,6,0,1,1,1,1,1,1,1,1,1,1,0,0,0,0,0,0,1,0,0,0,0,0,0,1,0,1,0,1
41120486,3049.779222355386,2700,트래버스,트래버스,102,50653,3564,7,6,1,1,1,1,1,1,1,1,1,1,1,0,0,0,0,1,0,0,1,0,0,0,0,1,0,0,0,1,1,0
41355576,3877.838318635213,6190,G80,G80 (RG3),5,29998,2497,5,2,1,1,1,1,1,1,1,1,1,1,1,0,0,1,0,0,0,0,1,0,0,0,0,1,0,0,0,1,0,1
41251544,4319.8735499108525,5090,GV60,GV60,7,16098,111,5,3,0,0,1,1,1,1,1,1,1,1,1,0,0,1,0,0,0,0,0,0,0,1,0,1,0,0,0,1,1,0
41649551,5008.326934333097,3650,G90,G90,6,103602,3778,5,7,7,1,1,1,1,1,1,1,1,1,1,0,0,1,0,0,0,0,1,0,0,0,0,0,1,0,0,1,0,1
41197527,2985.7852847364197,3950,싼타페,싼타페 (MX5),56,27114,2497,5,3,2,0,1,1,1,1,1,1,1,1,1,1,0,0,0,0,0,0,1,0,0,0,0,0,1,0,0,1,1,0
41620395,2710.5856535311,2190,트랙스,트랙스 크로스오버,103,24845,1199,5,3,0,0,1,1,1,1,1,0,1,1,1,0,0,0,0,1,0,0,1,0,0,0,0,0,1,0,0,1,1,0
40758140,4694.042674879014,1790,K3,더 뉴 K3 2세대,10,18429,1598,5,3,7,0,0,1,1,1,1,1,1,1,1,0,1,0,0,0,0,0,1,0,0,0,0,0,1,0,0,1,0,1
41651442,2859.939240148325,9999,코나,코나 하이브리드 (SX2),91,78453,1580,5,3,6,1,1,1,1,1,1,1,1,1,1,1,0,0,0,0,0,0,0,1,0,0,0,1,0,0,0,1,1,0
41212913,4952.810596887665,8888,G90,G90,6,214687,3778,5,5,2,0,1,1,1,1,1,1,1,1,1,0,0,1,0,0,0,0,1,0,0,0,0,0,1,0,0,1,0,1
41419354,5373.873808791013,3830,GV80,GV80,9,129642,2497,7,6,0,1,1,1,1,1,1,1,1,1,1,0,0,1,0,0,0,0,1,0,0,0,0,0,0,0,1,1,1,0
40727340,2566.566644283388,2650,토레스,토레스,100,12324,1497,5,4,0,0,1,1,1,1,1,1,1,1,1,0,0,0,1,0,0,0,1,0,0,0,0,0,0,1,0,1,1,0
41588720,2745.0972283326,2290,트랙스,트랙스 크로스오버,103,26433,1199,5,2,0,0,1,1,1,1,1,0,1,1,1,0,0,0,0,1,0,0,1,0,0,0,0,1,0,0,0,1,1,0
41483301,3483.906496553747,2370,아르카나,아르카나,61,38310,1598,5,2,0,0,1,1,1,1,1,1,1,0,1,0,0,0,0,0,1,0,0,1,0,0,0,1,0,0,0,1,1,0
41060626,2819.120910451986,2549,투싼,투싼 (NX4),101,48315,1598,5,4,7,1,1,1,1,1,1,1,1,1,1,1,0,0,0,0,0,0,1,0,0,0,0,0,0,1,0,1,1,0
41285455,2758.425760042816,3350,렉스턴,올 뉴 렉스턴,35,21699,2157,5,3,0,0,1,1,1,1,1,1,1,1,1,0,0,0,1,0,0,0,0,0,1,0,0,1,0,0,0,1,1,0
41362258,2849.033733094886,1990,G70,G70,4,98003,1998,5,7,7,1,1,1,1,1,1,1,1,1,1,0,0,1,0,0,0,0,1,0,0,0,0,0,0,1,0,1,0,1
41189541,3709.4577210734715,3250,모하비,모하비 더 마스터,43,93135,2959,5,6,3,1,1,1,1,1,1,1,1,1,1,0,1,0,0,0,0,0,0,0,1,0,0,0,1,0,0,1,1,0
41374612,2917.9076270847495,3560,그랜저,그랜저 (GN7),27,27509,2497,5,3,0,0,1,1,1,1,1,1,1,1,1,1,0,0,0,0,0,0,1,0,0,0,0,0,1,0,0,1,0,1
41534939,2750.0422913352963,1740,아반떼,아반떼 (CN7),62,112608,1598,5,5,0,0,1,1,1,1,1,1,1,1,1,1,0,0,0,0,0,0,1,0,0,0,0,0,0,1,0,1,0,1
41653859,5130.415213793392,3985,G90,G90,6,124634,3778,5,6,2,0,1,1,1,1,1,1,1,1,1,0,0,1,0,0,0,0,1,0,0,0,0,0,1,0,0,1,0,1
41508714,3178.3266241384367,2430,K8,K8,13,61457,2497,5,4,0,0,1,1,1,1,1,1,1,1,1,0,1,0,0,0,0,0,1,0,0,0,0,0,1,0,0,1,0,1
41431758,3223.7858673429773,2630,카니발,카니발 4세대,85,75672,2151,9,4,2,0,0,0,0,0,0,0,0,0,0,0,1,0,0,0,0,0,0,0,1,0,0,0,1,0,0,1,1,0
41621903,4839.699076110866,3285,G90,G90,6,170558,3778,5,6,0,0,1,1,1,1,1,1,1,1,1,0,0,1,0,0,0,0,1,0,0,0,0,0,1,0,0,1,0,1
39503909,5412.40951276323,3488,GV80,GV80,9,10700,2497,5,3,2,0,1,1,1,1,1,1,1,1,1,0,0,1,0,0,0,0,1,0,0,0,0,1,0,0,0,1,1,0
40202715,3413.9483665185985,3390,쏘렌토,쏘렌토 4세대,58,54483,2151,6,6,1,0,1,1,1,1,1,1,1,1,1,0,1,0,0,0,0,0,0,0,1,0,0,1,0,0,0,1,1,0
41232963,3438.6524381008708,2740,쏘렌토,쏘렌토 4세대,58,120577,1598,5,6,8,0,1,1,1,1,1,1,1,1,1,0,1,0,0,0,0,0,0,1,0,0,0,1,0,0,0,1,1,0
41460154,3847.011384330083,4500,G80,G80 (RG3),5,49796,2497,5,3,2,1,1,1,1,1,1,1,1,1,1,0,0,1,0,0,0,0,1,0,0,0,0,1,0,0,0,1,0,1
41609023,2758.425760042816,2080,렉스턴,렉스턴 스포츠 칸,35,63591,2157,5,6,0,0,1,1,1,1,1,1,1,1,1,0,0,0,1,0,0,0,0,0,1,0,0,0,0,1,0,1,1,0
41138641,5373.873808791013,6050,GV80,GV80,9,24103,2497,5,4,0,1,1,1,1,1,1,1,1,1,1,0,0,1,0,0,0,0,1,0,0,0,0,0,1,0,0,1,1,0
41553372,3453.3633120692184,3050,쏘렌토,쏘렌토 4세대,58,58632,2151,6,6,1,1,1,1,1,1,1,1,1,1,1,0,1,0,0,0,0,0,0,0,1,0,0,1,0,0,0,1,1,0
41102585,3482.230586207206,3850,스타리아,스타리아,51,39303,2199,9,2,2,0,1,1,1,1,1,1,1,1,1,1,0,0,0,0,0,0,0,0,1,0,0,1,0,0,0,1,1,0
41430523,2349.283280173046,1890,EQ900,EQ900,0,179827,3778,5,10,5,1,1,1,1,1,1,1,1,1,1,0,0,1,0,0,0,0,1,0,0,0,0,0,1,0,0,1,0,1
39428025,2758.425760042816,1745,렉스턴,렉스턴 스포츠,35,82871,2157,5,5,2,0,0,1,1,0,1,1,1,0,1,0,0,0,1,0,0,0,0,0,1,0,0,0,0,1,0,1,1,0
41262029,3877.838318635213,3099,G80,G80 (RG3),5,105948,2497,5,5,1,0,1,1,1,1,1,1,1,1,1,0,0,1,0,0,0,0,1,0,0,0,0,0,1,0,0,1,0,1
41534186,2684.625840071605,1810,쏘나타,쏘나타 하이브리드 (DN8),57,81979,1999,5,4,5,0,1,1,1,1,1,1,1,1,1,1,0,0,0,0,0,0,0,1,0,0,0,0,0,1,0,1,0,1
41370889,2917.9076270847495,2970,그랜저,그랜저 하이브리드 (GN7),27,129302,1598,5,4,0,0,1,1,1,1,1,1,1,1,1,1,0,0,0,0,0,0,0,1,0,0,0,0,1,0,0,1,0,1
41595419,2632.4269067199116,2100,아반떼,더 뉴 아반떼 하이브리드 (CN7),62,47369,1580,5,3,0,0,1,1,1,1,1,1,1,1,1,1,0,0,0,0,0,0,0,1,0,0,0,0,0,1,0,1,0,1
41568796,2652.43527743991,2080,아반떼,아반떼 (CN7),62,59641,1998,5,5,2,0,1,1,1,1,1,1,1,0,1,1,0,0,0,0,0,0,1,0,0,0,0,0,1,0,0,0,0,1
41620951,3072.8622532509216,2880,K8,K8,13,40313,2497,5,3,2,0,1,1,1,1,1,1,1,1,1,0,1,0,0,0,0,0,1,0,0,0,0,1,0,0,0,1,0,1
41483380,3225.5911934046176,4600,EV6,더 뉴 EV6,3,14606,120,5,2,0,0,1,1,1,1,1,1,1,1,1,0,1,0,0,0,0,0,0,0,0,1,0,0,0,1,0,1,0,1
41359726,3757.422508106974,8904,G80,일렉트리파이드 G80 (RG3),5,22700,3470,5,1,2,0,1,1,1,1,1,1,1,1,1,0,0,1,0,0,0,0,0,0,0,1,0,1,0,0,0,1,0,1
41474481,5412.40951276323,5848,GV80,GV80,9,53551,2497,5,2,0,1,1,1,1,1,1,1,1,1,1,0,0,1,0,0,0,0,1,0,0,0,0,1,0,0,0,1,1,0
41279535,2806.68326245295,1799,트레일블레이저,트레일블레이저,104,75044,1341,5,3,10,1,1,1,1,1,1,1,1,1,1,0,0,0,0,1,0,0,1,0,0,0,0,1,0,0,0,1,1,0
41500133,3835.924823652034,3350,G80,G80 (RG3),5,65991,2497,5,6,5,0,1,1,1,1,1,1,1,1,1,0,0,1,0,0,0,0,1,0,0,0,0,0,1,0,0,1,0,1
41109535,2479.8411014207704,1950,K7,K7 프리미어,12,70520,2497,5,7,3,0,1,1,1,1,1,1,1,1,1,0,1,0,0,0,0,0,1,0,0,0,0,0,0,1,0,1,0,1
41219187,5313.932698356571,5390,GV80,GV80,9,83573,2996,5,5,2,1,1,1,1,1,1,1,1,1,1,0,0,1,0,0,0,0,0,0,1,0,0,0,1,0,0,1,1,0
41322782,3293.2719489661245,2700,K8,K8,13,88901,2497,5,5,0,0,1,1,1,1,1,1,1,1,1,0,1,0,0,0,0,0,1,0,0,0,0,0,1,0,0,1,0,1
41560835,2652.43527743991,3090,아반떼,더 뉴 아반떼 (CN7),62,7522,1998,5,1,0,0,1,1,1,1,1,1,1,0,1,1,0,0,0,0,0,0,1,0,0,0,0,0,0,1,0,1,0,1
41619064,5398.2920940715185,5450,GV80,GV80,9,42271,2497,5,5,2,0,1,1,1,1,1,1,1,1,1,0,0,1,0,0,0,0,1,0,0,0,0,1,0,0,0,1,1,0
39923901,4477.328734051914,5360,GV70,GV70,8,10065,2497,5,3,1,0,1,1,1,1,1,1,1,1,1,0,0,1,0,0,0,0,1,0,0,0,0,1,0,0,0,1,1,0
41529380,3266.59261814898,2600,카니발,카니발 4세대,85,82397,2151,9,5,0,0,1,1,1,1,1,1,1,1,1,0,1,0,0,0,0,0,0,0,1,0,0,0,1,0,0,1,1,0
41142133,3123.453248276873,2350,트래버스,트래버스,102,91293,3564,7,5,2,0,1,1,1,1,1,1,1,1,1,0,0,0,0,1,0,0,1,0,0,0,0,1,0,0,0,1,1,0
41412443,2750.981798850805,2360,투싼,투싼 (NX4),101,55991,1598,5,6,10,0,1,1,1,1,1,1,1,1,1,1,0,0,0,0,0,0,1,0,0,0,0,1,0,0,0,1,1,0
41565650,2739.750535430254,3059,렉스턴,더 뉴 렉스턴 스포츠,35,43801,2157,5,3,1,0,1,1,1,1,1,1,1,1,1,0,0,0,1,0,0,0,0,0,1,0,0,1,0,0,0,1,1,0
41219449,3108.745207717931,2850,스포티지,스포티지 5세대,55,45303,1998,5,4,3,1,1,1,1,1,1,1,1,1,1,0,1,0,0,0,0,0,0,0,1,0,0,0,0,0,1,1,1,0
41584491,3611.071044237849,2859,팰리세이드,팰리세이드,107,129467,3778,7,6,4,1,1,1,1,1,1,1,1,1,1,1,0,0,0,0,0,0,1,0,0,0,0,1,0,0,0,1,1,0
41500380,3877.838318635213,2399,G80,G80 (RG3),5,191121,3470,5,6,11,1,1,1,1,1,1,1,1,1,1,0,0,1,0,0,0,0,1,0,0,0,0,0,0,1,0,1,0,1
41119082,3072.8622532509216,2150,K8,K8,13,134070,2497,5,5,7,0,1,1,1,1,1,1,1,1,1,0,1,0,0,0,0,0,1,0,0,0,0,0,0,1,0,1,0,1
41475455,3847.011384330083,3450,G80,G80 (RG3),5,84107,3470,5,4,4,0,1,1,1,1,1,1,1,1,1,0,0,1,0,0,0,0,1,0,0,0,0,0,1,0,0,1,0,1
41641196,2792.2446070107953,2590,투싼,투싼 (NX4),101,35271,1998,5,3,0,0,0,1,1,1,1,1,0,0,1,1,0,0,0,0,0,0,0,0,1,0,0,0,0,1,0,1,1,0
40898330,2993.374293546313,2150,콜로라도,콜로라도,94,45376,3649,5,6,2,0,0,1,1,1,1,0,1,0,1,0,0,0,0,1,0,0,1,0,0,0,0,0,0,0,1,1,1,0
40984692,5313.932698356571,4280,GV80,GV80,9,56854,2497,5,5,5,1,1,1,1,1,1,1,1,1,1,0,0,1,0,0,0,0,1,0,0,0,0,0,1,0,0,1,1,0
38663127,2931.58161642511,2450,그랜저,더 뉴 그랜저 IG,27,39627,2999,5,6,3,0,1,1,1,1,1,1,1,0,1,1,0,0,0,0,0,1,0,0,0,0,0,0,0,1,0,1,0,1
41215402,3611.071044237849,3640,팰리세이드,팰리세이드,107,87073,2199,7,5,0,0,1,1,1,1,1,1,1,1,1,1,0,0,0,0,0,0,0,0,1,0,0,0,1,0,0,1,1,0
41358990,4425.863399075039,5390,GV70,GV70,8,8298,2497,5,3,0,0,1,1,1,1,1,1,1,1,1,0,0,1,0,0,0,0,1,0,0,0,0,1,0,0,0,1,1,0
41643890,3015.4650086512584,2280,싼타페,싼타페 TM,56,66130,2199,5,6,0,0,1,1,1,1,1,1,1,1,1,1,0,0,0,0,0,0,0,0,1,0,0,1,0,0,0,1,1,0
41550286,2887.6126226256356,1769,그랜저,더 뉴 그랜저 IG,27,198592,3342,5,6,11,0,1,1,1,1,1,1,1,1,1,1,0,0,0,0,0,0,1,0,0,0,0,1,0,0,0,1,0,1
41220799,2949.416836726581,2820,스포티지,스포티지 5세대,55,31746,1998,5,3,1,0,1,1,1,1,1,1,1,1,1,0,1,0,0,0,0,0,0,0,1,0,0,0,0,1,0,1,1,0
41637980,2725.7156813909605,2870,쏘나타,쏘나타 디 엣지(DN8),57,32554,1598,5,2,0,0,1,1,1,1,1,1,1,1,1,1,0,0,0,0,0,0,1,0,0,0,0,1,0,0,0,1,0,1
41401971,3131.1383633963924,3890,K9,더 뉴 K9 2세대,14,73921,3778,5,3,2,0,1,1,1,1,1,1,1,1,1,0,1,0,0,0,0,0,1,0,0,0,0,0,1,0,0,1,0,1
41358273,3602.7134342567415,2170,팰리세이드,팰리세이드,107,105002,3778,8,7,1,0,0,1,1,1,1,1,1,1,1,1,0,0,0,0,0,0,1,0,0,0,0,1,0,0,0,1,1,0
41158890,3602.7134342567415,5690,팰리세이드,팰리세이드 (LX3),107,10016,2497,9,1,0,1,1,1,1,1,1,1,1,1,1,1,0,0,0,0,0,0,1,0,0,0,0,1,0,0,0,1,1,0
38611708,3276.955066568482,1750,카니발,올 뉴 카니발,85,83631,2199,9,11,3,0,1,1,1,1,1,1,1,1,1,0,1,0,0,0,0,0,0,0,1,0,0,0,1,0,0,1,1,0
41643824,3828.3155031297233,3790,G80,G80 (RG3),5,78709,3470,5,5,1,0,1,1,1,1,1,1,1,1,1,0,0,1,0,0,0,0,1,0,0,0,0,0,1,0,0,1,0,1
41365574,3835.924823652034,6290,G80,G80 (RG3),5,25234,3470,5,2,3,0,1,1,1,1,1,1,1,1,1,0,0,1,0,0,0,0,1,0,0,0,0,0,0,1,0,1,0,1
41493440,2871.0199908868076,1730,그랜저,더 뉴 그랜저 IG,27,190618,2497,5,6,16,0,1,1,1,1,1,1,1,1,1,1,0,0,0,0,0,0,1,0,0,0,0,0,1,0,0,1,0,1
41650179,2652.43527743991,2580,아반떼,더 뉴 아반떼 (CN7),62,10405,1598,5,3,0,0,1,1,1,1,1,1,1,1,1,1,0,0,0,0,0,0,1,0,0,0,0,1,0,0,0,1,0,1
40989262,3611.071044237849,2890,팰리세이드,팰리세이드,107,62544,3778,8,5,1,0,1,1,1,1,1,1,1,1,1,1,0,0,0,0,0,0,1,0,0,0,0,0,0,1,0,1,1,0
41500727,2620.1903020024697,1730,쏘나타,쏘나타 (DN8),57,94993,1999,5,7,10,1,1,1,1,1,1,1,1,1,1,1,0,0,0,0,0,0,1,0,0,0,0,1,0,0,0,1,0,1
41229377,4363.6224840519135,3590,GV70,GV70,8,90818,2151,5,5,1,0,1,1,1,1,1,1,1,1,1,0,0,1,0,0,0,0,0,0,1,0,0,0,0,0,1,1,1,0
40201120,3739.1331206921836,5690,타호,타호,98,41599,6162,7,4,0,1,1,0,1,1,1,0,1,1,1,0,0,0,0,1,0,0,1,0,0,0,0,1,0,0,0,1,1,0
40756289,3326.4508146315256,2670,카니발,카니발 4세대,85,71864,2151,9,3,3,0,1,1,1,1,1,1,1,1,1,0,1,0,0,0,0,0,0,0,1,0,0,1,0,0,0,1,1,0
40371676,3223.7858673429773,1850,카니발,더 뉴 카니발,85,81029,2199,9,7,15,0,1,1,1,1,1,1,1,1,1,0,1,0,0,0,0,0,0,0,1,0,0,0,0,1,0,1,1,0
40703245,3482.230586207206,2450,스타리아,스타리아,51,75090,3470,3,2,2,0,0,1,1,0,1,0,1,0,1,1,0,0,0,0,0,1,0,0,0,0,0,0,0,1,0,1,1,0
41232365,2564.8123299278163,9999,아반떼,더 뉴 아반떼 (CN7),62,14950,1598,5,3,3,0,1,1,1,1,1,1,1,1,1,1,0,0,0,0,0,0,1,0,0,0,0,1,0,0,0,1,0,1
41437766,2739.750535430254,3190,렉스턴,더 뉴 렉스턴 스포츠,35,37932,2157,5,2,1,0,1,1,1,1,1,1,1,1,1,0,0,0,1,0,0,0,0,0,1,0,0,1,0,0,0,1,1,0
41213812,3063.629778185483,3289,싼타페,싼타페 (MX5),56,49426,2497,7,3,1,1,1,1,1,1,1,1,1,1,1,1,0,0,0,0,0,0,1,0,0,0,0,1,0,0,0,1,1,0
41303756,2985.7852847364197,2650,싼타페,싼타페 TM,56,98642,2199,5,7,5,0,1,1,1,1,1,1,1,1,1,1,0,0,0,0,0,0,0,0,1,0,0,0,1,0,0,1,1,0
41554812,3435.2398298870803,1899,티볼리,더 뉴 티볼리,105,46420,1497,5,2,0,0,0,1,1,1,1,1,1,1,1,0,0,0,1,0,0,0,1,0,0,0,0,1,0,0,0,1,1,0
41601515,3049.779222355386,1990,트래버스,트래버스,102,110062,3564,7,6,2,1,1,1,1,1,1,1,1,1,1,0,0,0,0,1,0,0,1,0,0,0,0,1,0,0,0,1,1,0
40976182,2513.119275862335,1999,토레스,토레스,100,37709,1497,5,4,15,0,1,1,1,1,1,1,1,1,1,0,0,0,1,0,0,0,1,0,0,0,0,0,0,0,1,1,1,0
41592996,5313.932698356571,7190,GV80,GV80,9,15673,2497,5,2,0,1,1,1,1,1,1,1,1,1,1,0,0,1,0,0,0,0,1,0,0,0,0,0,1,0,0,1,1,0
40807556,4477.328734051914,4890,GV70,GV70,8,35794,2151,5,5,1,1,1,1,1,1,1,1,1,1,1,0,0,1,0,0,0,0,0,0,1,0,0,1,0,0,0,1,1,0
41658272,2670.6999624750915,1900,K5,K5 3세대,11,66000,1999,5,3,2,0,1,1,0,1,1,0,1,1,1,0,1,0,0,0,0,1,0,0,0,0,0,1,0,0,0,1,0,1
41550352,3835.924823652034,3690,G80,G80 (RG3),5,79581,2497,5,5,0,0,1,1,1,1,1,1,1,1,1,0,0,1,0,0,0,0,1,0,0,0,0,0,1,0,0,1,0,1
41472353,2792.2446070107953,2599,투싼,투싼 하이브리드 (NX4),101,90992,1598,5,6,3,1,1,1,1,1,1,1,1,1,1,1,0,0,0,0,0,0,0,1,0,0,0,1,0,0,0,1,1,0
41582727,5406.43473495045,5550,GV80,GV80,9,46311,2996,6,4,0,0,1,1,1,1,1,1,1,1,1,0,0,1,0,0,0,0,0,0,1,0,0,0,1,0,0,1,1,0
41649001,3048.0570517252213,3080,스팅어,스팅어 마이스터,53,104259,3342,5,6,0,1,1,1,1,1,1,1,1,1,1,0,1,0,0,0,0,0,1,0,0,0,0,0,0,0,1,1,0,1
41279561,3621.902165517916,3450,모하비,모하비 더 마스터,43,57047,2959,6,6,0,1,1,1,1,1,1,1,1,1,1,0,1,0,0,0,0,0,0,0,1,0,0,0,1,0,0,1,1,0
41571205,3463.9361949029885,2999,아이오닉5,아이오닉5,66,52320,111,5,5,4,0,1,1,1,1,1,1,1,1,1,1,0,0,0,0,0,0,0,0,0,1,0,1,0,0,0,1,0,1
41663358,2615.360723815946,2480,토레스,토레스,100,8520,1497,5,3,0,1,1,1,1,1,1,1,1,1,1,0,0,0,1,0,0,0,1,0,0,0,0,0,0,0,1,1,1,0
41120795,2540.7398004274887,2170,토레스,토레스,100,66109,1497,5,4,1,0,1,1,1,1,1,1,1,1,1,0,0,0,1,0,0,0,1,0,0,0,0,0,0,1,0,1,1,0
41387677,3757.422508106974,2100,G80,G80,5,67858,3342,5,8,5,1,1,1,1,1,1,1,1,1,1,0,0,1,0,0,0,0,1,0,0,0,0,0,1,0,0,1,0,1
41408213,3067.673489216629,2530,싼타페,싼타페 TM,56,68754,2199,7,7,0,1,1,1,1,1,1,1,1,1,1,1,0,0,0,0,0,0,0,0,1,0,0,0,0,0,1,1,1,0
41646348,5398.2920940715185,2304,GV80,GV80,9,50291,2497,6,3,2,1,1,1,1,1,1,1,1,1,1,0,0,1,0,0,0,0,1,0,0,0,0,0,1,0,0,1,1,0
41544780,2832.235730062908,2300,그랜저,더 뉴 그랜저 IG,27,120344,3342,5,4,4,1,1,1,0,1,1,1,1,1,1,1,0,0,0,0,0,0,1,0,0,0,0,0,1,0,0,1,0,1
40431342,3108.745207717931,2699,스포티지,스포티지 5세대 하이브리드,55,14215,1598,5,3,13,1,1,1,1,1,1,1,1,1,1,0,1,0,0,0,0,0,0,1,0,0,0,0,0,1,0,1,1,0
41566197,3847.011384330083,3590,G80,G80 (RG3),5,65275,2497,5,5,5,0,1,1,1,1,1,1,1,1,1,0,0,1,0,0,0,0,1,0,0,0,0,0,1,0,0,1,0,1
40648090,3074.571948966124,4950,K8,더 뉴 K8 하이브리드,13,6215,1598,5,1,0,1,1,1,1,1,1,1,1,1,1,0,1,0,0,0,0,0,0,1,0,0,0,0,0,1,0,1,0,1
41511750,2819.120910451986,1760,투싼,올 뉴 투싼,101,70838,1598,5,7,4,1,1,1,1,1,1,1,1,1,1,1,0,0,0,0,0,0,0,0,1,0,0,1,0,0,0,1,1,0
41620427,3757.422508106974,6599,G80,G80 (RG3),5,11911,3470,5,2,10,1,1,1,1,1,1,1,1,1,1,0,0,1,0,0,0,0,1,0,0,0,0,1,0,0,0,1,0,1
41315923,5313.932698356571,6890,GV80,GV80,9,31614,2497,5,2,0,1,1,1,1,1,1,1,1,1,1,0,0,1,0,0,0,0,1,0,0,0,0,0,0,1,0,1,1,0
41620022,2652.43527743991,2590,아반떼,더 뉴 아반떼 (CN7),62,14814,1598,5,2,0,0,1,1,1,1,1,1,1,1,1,1,0,0,0,0,0,0,1,0,0,0,0,0,0,1,0,1,0,1
41355219,3086.853182440802,2684,싼타페,싼타페 (MX5),56,12500,1598,6,2,2,0,1,1,1,1,1,1,1,1,1,1,0,0,0,0,0,0,0,1,0,0,0,1,0,0,0,1,1,0
41658496,4425.863399075039,3680,GV70,GV70,8,150617,2151,5,5,7,1,1,1,1,1,1,1,1,1,1,0,0,1,0,0,0,0,0,0,1,0,0,0,0,1,0,1,1,0
41134179,5313.932698356571,6330,GV80,GV80,9,53248,2996,6,4,3,1,1,1,1,1,1,1,1,1,1,0,0,1,0,0,0,0,0,0,1,0,0,1,0,0,0,1,1,0
41651738,4394.3925768413965,4590,GV70,GV70,8,38596,2497,5,5,0,0,1,1,1,1,1,1,1,1,1,0,0,1,0,0,0,0,1,0,0,0,0,0,1,0,0,1,1,0
41396669,5313.932698356571,5890,GV80,GV80,9,14834,3470,7,3,0,0,1,1,1,1,1,1,1,1,1,0,0,1,0,0,0,0,1,0,0,0,0,1,0,0,0,1,1,0
40940546,3015.4650086512584,2050,싼타페,더 뉴 싼타페,56,137847,2151,5,5,0,0,1,1,1,1,1,1,1,1,1,1,0,0,0,0,0,0,0,0,1,0,0,1,0,0,0,1,1,0
41492368,2513.119275862335,2450,토레스,토레스,100,31910,1497,5,4,0,1,1,1,1,1,1,1,1,1,1,0,0,0,1,0,0,0,1,0,0,0,0,1,0,0,0,1,1,0
41192502,3035.4436488311057,2579,스포티지,스포티지 5세대,55,33709,1598,5,4,15,0,1,1,1,1,1,1,1,1,1,0,1,0,0,0,0,0,1,0,0,0,0,0,0,1,0,1,1,0
41542491,2745.0972283326,2300,트랙스,트랙스 크로스오버,103,22284,1199,5,2,0,0,1,1,1,1,1,0,1,1,1,0,0,0,0,1,0,0,1,0,0,0,0,0,1,0,0,1,1,0
41476281,2766.3800913523883,2450,렉스턴,더 뉴 렉스턴 스포츠 칸,35,43740,2157,5,4,1,1,1,1,1,1,1,1,1,1,1,0,0,0,1,0,0,0,0,0,1,0,0,0,0,0,1,1,1,0
41590296,2927.2574681038277,2620,G70,G70,4,72920,1998,5,6,0,0,1,1,1,1,1,1,1,1,1,0,0,1,0,0,0,0,1,0,0,0,0,0,0,0,1,1,0,1
41276663,3015.4650086512584,2649,싼타페,더 뉴 싼타페,56,100979,1598,5,4,0,0,1,1,1,1,1,1,1,1,1,1,0,0,0,0,0,0,0,1,0,0,0,1,0,0,0,1,1,0
41550659,3611.071044237849,3260,팰리세이드,팰리세이드,107,50135,2199,7,4,0,0,0,1,1,1,1,0,1,1,1,1,0,0,0,0,0,0,0,0,1,0,0,1,0,0,0,1,1,0
41413376,3276.955066568482,3460,카니발,더 뉴 카니발 4세대,85,30465,3470,9,3,0,0,1,1,1,1,1,1,1,1,1,0,1,0,0,0,0,0,1,0,0,0,0,0,1,0,0,1,1,0
41563646,3611.071044237849,2650,팰리세이드,팰리세이드,107,100154,2199,8,5,0,0,1,1,1,1,1,1,1,1,1,1,0,0,0,0,0,0,0,0,1,0,0,1,0,0,0,1,1,0
41302334,2798.9683874777133,1799,G70,G70,4,145070,3342,5,8,4,1,1,1,1,1,1,1,1,1,1,0,0,1,0,0,0,0,1,0,0,0,0,0,0,0,1,1,0,1
41484798,2620.1903020024697,2440,쏘나타,쏘나타 (DN8),57,50329,1598,5,4,1,0,1,1,1,1,1,1,1,1,1,1,0,0,0,0,0,0,1,0,0,0,0,0,1,0,0,1,0,1
41563635,2670.6999624750915,1950,K5,K5 3세대,11,72742,1999,5,6,3,0,1,1,1,1,1,1,1,1,1,0,1,0,0,0,0,0,1,0,0,0,0,1,0,0,0,1,0,1
41112097,2927.2574681038277,2450,G70,G70,4,31905,1998,5,7,1,0,1,1,1,1,1,1,1,1,1,0,0,1,0,0,0,0,1,0,0,0,0,0,0,0,1,1,0,1
41601252,2880.4234793785527,2222,캐스퍼,캐스퍼,88,6511,998,4,3,0,0,1,1,1,1,1,1,1,1,1,1,0,0,0,0,0,0,1,0,0,0,0,0,0,1,0,1,0,1
41591927,2580.7207386685927,1840,아반떼,아반떼 (CN7),62,65958,1598,5,3,5,0,0,1,1,1,1,1,1,1,1,1,0,0,0,0,0,0,1,0,0,0,0,0,0,1,0,1,0,1
41595448,3555.8753163906044,4050,팰리세이드,더 뉴 팰리세이드,107,34987,3778,7,4,0,1,1,1,1,1,1,1,1,1,1,1,0,0,0,0,0,0,1,0,0,0,0,1,0,0,0,1,1,0
41189168,4331.174374684793,4890,GV70,GV70,8,24971,2497,5,2,0,0,1,1,1,1,1,1,1,1,1,0,0,1,0,0,0,0,1,0,0,0,0,1,0,0,0,1,1,0
41621791,2832.235730062908,2120,그랜저,그랜저 IG,27,57921,2999,5,9,6,1,1,1,1,1,1,1,1,1,1,1,0,0,0,0,0,1,0,0,0,0,0,0,0,1,0,1,0,1
41640224,2871.0199908868076,9999,그랜저,그랜저 HG,27,178488,2359,5,13,7,0,0,1,1,1,1,1,1,0,1,1,0,0,0,0,0,0,1,0,0,0,0,0,1,0,0,1,0,1
41465366,3223.7858673429773,9999,카니발,더 뉴 카니발,85,121809,2199,9,6,5,0,0,1,1,1,1,1,1,1,1,0,1,0,0,0,0,0,0,0,1,0,0,0,1,0,0,1,1,0
38001600,3578.55046978521,2539,스타리아,스타리아,51,76529,2199,11,5,1,0,0,1,1,1,1,1,1,0,1,1,0,0,0,0,0,0,0,0,1,0,0,0,0,1,0,1,1,0
40816363,2725.7156813909605,2090,쏘나타,쏘나타 (DN8),57,12345,1999,5,7,0,0,1,1,1,1,1,1,1,1,1,1,0,0,0,0,0,0,1,0,0,0,0,0,0,1,0,1,0,1
41604593,2611.388696455017,3080,K5,더 뉴 K5 3세대,11,25632,1999,5,2,0,0,1,1,1,1,1,1,1,1,1,0,1,0,0,0,0,0,1,0,0,0,0,0,0,1,0,1,0,1
41485016,2359.4807967724723,2150,EQ900,EQ900,0,137857,3778,5,9,4,0,1,1,1,1,1,1,1,1,1,0,0,1,0,0,0,0,1,0,0,0,0,0,1,0,0,1,0,1
41649474,4839.699076110866,3350,G90,G90,6,145551,3778,5,5,0,0,1,1,1,1,1,1,1,1,1,0,0,1,0,0,0,0,1,0,0,0,0,0,0,0,1,1,0,1
40571914,3078.160913373322,2760,캐스퍼,캐스퍼 일렉트릭,88,18381,158,4,2,0,0,1,1,1,1,1,1,1,1,1,1,0,0,0,0,0,0,0,0,0,1,0,0,0,0,1,1,0,1
41511637,2652.43527743991,1830,아반떼,아반떼 (CN7),62,33995,1598,5,3,9,0,0,1,1,1,1,1,1,1,1,1,0,0,0,0,0,0,1,0,0,0,0,1,0,0,0,1,0,1
41624860,3326.4508146315256,2630,카니발,더 뉴 카니발,85,33127,3342,7,7,1,1,1,1,1,1,1,1,1,1,1,0,1,0,0,0,0,0,1,0,0,0,0,1,0,0,0,1,1,0
41217422,2670.6999624750915,2440,K5,K5 하이브리드 3세대,11,43079,1999,5,6,1,1,1,1,1,1,1,1,1,1,1,0,1,0,0,0,0,0,0,1,0,0,0,0,0,0,1,1,0,1
41241617,5412.40951276323,4330,GV80,GV80,9,69157,3470,5,5,0,0,1,1,1,1,1,1,1,1,1,0,0,1,0,0,0,0,1,0,0,0,0,0,0,0,1,1,1,0
41472310,3757.422508106974,7600,G80,G80 (RG3),5,5583,2497,5,1,0,1,1,1,1,1,1,1,1,1,1,0,0,1,0,0,0,0,1,0,0,0,0,0,1,0,0,1,0,1
41621004,3614.405854880476,2479,팰리세이드,팰리세이드,107,124476,2199,8,5,2,0,1,1,1,1,1,1,1,1,1,1,0,0,0,0,0,0,0,0,1,0,0,0,1,0,0,1,1,0
41553362,3321.9597448306204,2190,제네시스 쿠페,더 뉴 제네시스 쿠페,82,99892,3778,4,11,0,1,1,1,1,1,1,1,1,0,1,1,0,0,0,0,0,0,1,0,0,0,0,0,0,0,1,1,0,1
41516533,2949.416836726581,2870,스포티지,스포티지 5세대,55,36022,1598,5,4,0,0,1,1,1,1,1,1,1,1,1,0,1,0,0,0,0,0,1,0,0,0,0,0,0,0,1,1,1,0
41583464,5130.415213793392,3270,G90,G90,6,119959,3778,5,7,0,0,1,1,1,1,1,1,1,1,1,0,0,1,0,0,0,0,1,0,0,0,0,0,0,1,0,1,0,1
41184995,3453.3633120692184,2940,쏘렌토,쏘렌토 4세대,58,67625,2151,5,3,0,0,1,1,1,1,1,1,1,1,1,0,1,0,0,0,0,0,0,0,1,0,0,1,0,0,0,1,1,0
41571592,2620.1903020024697,2100,쏘나타,쏘나타 (DN8),57,76668,1598,5,5,7,1,1,1,1,1,1,1,1,1,1,1,0,0,0,0,0,0,1,0,0,0,0,1,0,0,0,1,0,1
40562069,2876.2865816102067,2040,니로,더 뉴 니로,29,88050,1580,5,6,6,1,1,1,1,1,1,1,1,1,1,0,1,0,0,0,0,0,0,1,0,0,0,0,0,0,1,1,1,0
41183442,2758.425760042816,2130,렉스턴,더 뉴 렉스턴 스포츠,35,76471,2157,5,5,5,0,1,1,1,1,1,1,1,1,1,0,0,0,1,0,0,0,0,0,1,0,0,0,0,0,1,1,1,0
41440625,2740.9459912429556,1850,QM6,더 뉴 QM6,17,34423,1998,5,7,4,0,1,1,1,1,1,1,1,1,1,0,0,0,0,0,1,1,0,0,0,0,0,1,0,0,0,1,1,0
40349599,4839.699076110866,7812,G90,G90 (RS4),6,28700,3470,5,2,2,0,1,1,1,1,1,1,1,1,1,0,0,1,0,0,0,0,1,0,0,0,0,0,1,0,0,1,0,1
41233262,3326.4508146315256,2399,카니발,카니발 4세대,85,141244,2151,9,6,7,1,1,1,1,1,1,1,1,1,1,0,1,0,0,0,0,0,0,0,1,0,0,1,0,0,0,1,1,0
40821133,3438.6524381008708,2900,쏘렌토,쏘렌토 4세대,58,54305,1598,7,6,3,0,1,1,1,1,1,1,1,1,1,0,1,0,0,0,0,0,0,1,0,0,0,0,0,1,0,1,1,0
41268795,3602.7134342567415,2450,팰리세이드,팰리세이드,107,138375,2199,7,7,1,0,1,1,1,1,1,1,1,1,1,1,0,0,0,0,0,0,0,0,1,0,0,0,0,0,1,1,1,0
39741930,2883.686388250694,1775,G70,G70,4,101526,1998,5,8,8,1,1,1,1,1,1,1,1,1,1,0,0,1,0,0,0,0,1,0,0,0,0,0,0,0,1,1,0,1
41099829,2739.750535430254,2650,렉스턴,더 뉴 렉스턴 스포츠 칸,35,71535,2157,5,5,3,0,1,1,1,1,1,1,1,1,1,0,0,0,1,0,0,0,0,0,1,0,0,0,0,1,0,1,1,0
41339435,3555.8753163906044,2705,팰리세이드,팰리세이드,107,66368,3778,7,5,2,0,1,1,1,1,1,1,1,1,1,1,0,0,0,0,0,0,1,0,0,0,0,1,0,0,0,1,1,0
41079788,2880.4234793785527,1770,캐스퍼,캐스퍼,88,35727,998,4,4,0,0,0,1,1,1,1,1,1,1,1,1,0,0,0,0,0,0,1,0,0,0,0,0,0,1,0,1,0,1
41590044,3482.230586207206,3040,스타리아,스타리아,51,16163,2199,5,1,0,0,1,1,0,0,1,0,1,0,1,1,0,0,0,0,0,0,0,0,1,0,0,0,0,1,0,1,1,0
41625507,3847.011384330083,3870,G80,G80 (RG3),5,65387,3470,5,6,0,0,1,1,1,1,1,1,1,1,1,0,0,1,0,0,0,0,1,0,0,0,0,0,0,0,1,1,0,1
40771436,3498.6983665185985,4350,쏘렌토,더 뉴 쏘렌토 4세대,58,18064,1598,5,3,2,1,1,1,1,1,1,1,1,1,1,0,1,0,0,0,0,0,0,1,0,0,0,0,0,1,0,1,1,0
41217501,2876.2865816102067,1950,니로,더 뉴 니로,29,31361,1580,5,6,9,0,0,1,1,1,1,1,1,1,1,0,1,0,0,0,0,0,0,1,0,0,0,0,0,1,0,1,1,0
41607479,3360.303897932248,2950,EV6,EV6,3,91349,111,5,5,0,0,1,1,1,1,1,1,1,1,1,0,1,0,0,0,0,0,0,0,0,1,0,0,1,0,0,1,0,1
41182074,3611.071044237849,3170,팰리세이드,팰리세이드,107,126745,2199,7,6,4,1,1,1,1,1,1,1,1,1,1,1,0,0,0,0,0,0,0,0,1,0,0,1,0,0,0,1,1,0
39921149,3276.955066568482,2177,카니발,더 뉴 카니발,85,151506,3342,9,7,2,0,1,1,1,1,1,1,1,1,1,0,1,0,0,0,0,0,1,0,0,0,0,0,1,0,0,1,1,0
41381865,2931.58161642511,2550,그랜저,더 뉴 그랜저 IG 하이브리드,27,65766,2359,5,5,13,0,1,1,1,1,1,1,1,1,1,1,0,0,0,0,0,0,0,1,0,0,0,0,0,1,0,1,0,1
41595099,2792.2446070107953,2420,투싼,더 뉴 투싼 하이브리드 (NX4),101,12659,1598,5,1,2,0,1,1,1,1,1,0,0,0,1,1,0,0,0,0,0,0,0,1,0,0,0,1,0,0,0,1,1,0
41529290,3132.2210078650214,3190,코나,코나 하이브리드 (SX2),91,41465,1580,5,3,0,0,1,1,1,1,1,1,1,1,1,1,0,0,0,0,0,0,0,1,0,0,0,0,0,1,0,1,1,0
41612688,2871.0199908868076,3450,그랜저,더 뉴 그랜저 IG 하이브리드,27,27472,2359,5,4,0,1,1,1,1,1,1,1,1,1,1,1,0,0,0,0,0,0,0,1,0,0,0,0,1,0,0,1,0,1
41636690,3565.3649600264525,3759,팰리세이드,더 뉴 팰리세이드,107,57651,3778,7,3,0,1,1,1,1,1,1,1,1,1,1,1,0,0,0,0,0,0,1,0,0,0,0,0,0,1,0,1,1,0
41624993,3835.924823652034,2699,G80,G80 (RG3),5,179602,2497,5,5,4,1,1,1,1,1,1,1,1,1,1,0,0,1,0,0,0,0,1,0,0,0,0,0,1,0,0,1,0,1
41496896,2887.6126226256356,3130,그랜저,그랜저 (GN7),27,50575,2497,5,4,9,1,1,1,1,1,1,1,1,1,1,1,0,0,0,0,0,0,1,0,0,0,0,1,0,0,0,1,0,1
41539746,5412.40951276323,4590,GV80,GV80,9,121141,2996,5,6,1,1,1,1,1,1,1,1,1,1,1,0,0,1,0,0,0,0,0,0,1,0,0,0,1,0,0,1,1,0
41493670,3156.899893679425,2130,말리부,더 뉴 말리부,40,44044,1341,5,5,0,1,1,1,1,1,1,1,1,1,1,0,0,0,0,1,0,0,1,0,0,0,0,1,0,0,0,1,0,1
41478356,5313.932698356571,4380,GV80,GV80,9,99516,2497,5,4,5,0,1,1,1,1,1,1,1,1,1,0,0,1,0,0,0,0,1,0,0,0,0,1,0,0,0,1,1,0
41601643,2779.972995621478,2099,투싼,투싼 하이브리드 (NX4),101,94715,1598,5,4,6,0,0,1,1,1,1,1,1,1,1,1,0,0,0,0,0,0,0,1,0,0,0,1,0,0,0,1,1,0
40861372,3074.571948966124,3520,K8,더 뉴 K8 하이브리드,13,758,1598,5,1,2,1,1,1,1,1,1,1,1,1,1,0,1,0,0,0,0,0,0,1,0,0,0,0,1,0,0,1,0,1
41200004,3067.673489216629,3390,싼타페,더 뉴 싼타페,56,38759,1598,5,5,0,0,1,1,1,1,1,1,1,1,1,1,0,0,0,0,0,0,0,1,0,0,0,1,0,0,0,1,1,0
41644047,2580.7207386685927,1760,아반떼,아반떼 (CN7),62,71690,1598,5,6,2,0,0,1,1,1,1,1,1,1,1,1,0,0,0,0,0,0,1,0,0,0,0,1,0,0,0,1,0,1
40853194,2949.416836726581,2750,스포티지,스포티지 5세대,55,66537,1598,5,5,7,0,1,1,1,1,1,1,1,1,1,0,1,0,0,0,0,0,1,0,0,0,0,0,1,0,0,1,1,0
41498627,3611.071044237849,3200,팰리세이드,팰리세이드,107,44856,3778,7,4,0,0,1,1,1,1,1,1,1,1,1,1,0,0,0,0,0,0,1,0,0,0,0,1,0,0,0,1,1,0
41414462,2632.4269067199116,2300,아반떼,아반떼 (CN7),62,13657,1598,5,4,3,0,1,1,1,1,1,1,1,1,1,1,0,0,0,0,0,0,1,0,0,0,0,1,0,0,0,1,0,1
41251993,3847.011384330083,2600,G80,G80,5,51660,3342,5,9,2,0,1,1,1,1,1,1,1,1,1,0,0,1,0,0,0,0,1,0,0,0,0,0,1,0,0,1,0,1
41199850,2632.4269067199116,1950,아반떼,아반떼 (CN7),62,38841,1598,5,3,3,0,0,1,1,1,1,1,1,1,1,1,0,0,0,0,0,0,1,0,0,0,0,0,0,1,0,1,0,1
40920281,2389.469509745787,1870,EQ900,EQ900,0,197770,3778,5,8,5,0,1,1,1,1,1,1,1,1,1,0,0,1,0,0,0,0,1,0,0,0,0,0,1,0,0,1,0,1
41625370,4477.328734051914,4280,GV70,GV70,8,43056,2497,5,5,0,0,1,1,1,1,1,1,1,1,1,0,0,1,0,0,0,0,1,0,0,0,0,1,0,0,0,1,1,0
41258718,2832.235730062908,2900,그랜저,그랜저 (GN7),27,67976,2497,5,3,1,0,1,1,1,1,1,1,1,0,1,1,0,0,0,0,0,0,1,0,0,0,0,0,1,0,0,1,0,1
41585356,3223.7858673429773,9999,카니발,카니발 4세대,85,78703,2151,9,4,2,1,1,1,1,1,1,1,1,1,1,0,1,0,0,0,0,0,0,0,1,0,0,1,0,0,0,1,1,0
41055230,3611.071044237849,2420,팰리세이드,팰리세이드,107,105894,3778,8,7,2,1,1,1,1,1,1,1,1,1,1,1,0,0,0,0,0,0,1,0,0,0,0,1,0,0,0,1,1,0
41242589,3225.5911934046176,3630,EV6,EV6,3,71444,111,5,3,1,0,1,1,1,1,1,1,1,1,1,0,1,0,0,0,0,0,0,0,0,1,0,1,0,0,0,1,0,1
39678576,3072.9480536409706,1990,K9,더 K9,14,100917,3778,5,7,9,0,1,1,1,1,1,1,1,1,1,0,1,0,0,0,0,0,1,0,0,0,0,0,1,0,0,1,0,1
41620809,3048.6479659774163,2630,스포티지,스포티지 5세대,55,19193,1598,5,4,4,0,1,1,1,1,1,1,1,1,1,0,1,0,0,0,0,0,1,0,0,0,0,0,0,0,1,1,1,0
41527057,5313.932698356571,4690,GV80,GV80,9,84056,2497,6,4,1,0,1,1,1,1,1,1,1,1,1,0,0,1,0,0,0,0,1,0,0,0,0,0,1,0,0,1,1,0
41459342,5406.43473495045,3999,GV80,GV80,9,106198,2996,7,6,1,0,1,1,1,1,1,1,1,1,1,0,0,1,0,0,0,0,0,0,1,0,0,0,0,0,1,1,1,0
41593308,2521.502498674518,2180,트랙스,트랙스 크로스오버,103,49257,1199,5,3,0,0,1,1,1,1,1,0,1,1,1,0,0,0,0,1,0,0,1,0,0,0,0,1,0,0,0,1,1,0
41508882,4363.6224840519135,4470,GV70,GV70,8,51877,2497,5,3,0,0,1,1,1,1,1,1,1,1,1,0,0,1,0,0,0,0,1,0,0,0,0,1,0,0,0,1,1,0
40543500,5412.40951276323,4780,GV80,GV80,9,62559,2996,5,6,0,0,1,1,1,1,1,1,1,1,1,0,0,1,0,0,0,0,0,0,1,0,0,1,0,0,0,1,1,0
41245335,4477.328734051914,3130,GV70,GV70,8,132208,2497,5,5,1,0,1,1,1,1,1,1,1,1,1,0,0,1,0,0,0,0,1,0,0,0,0,0,1,0,0,1,1,0
41551880,2521.502498674518,2340,트랙스,트랙스 크로스오버,103,1791,1199,5,1,2,0,1,1,1,1,1,0,1,1,1,0,0,0,0,1,0,0,1,0,0,0,0,0,1,0,0,1,1,0
41446171,2580.1965669204437,2989,QM6,더 뉴 QM6,17,29510,1997,5,2,0,0,1,1,1,1,1,1,1,1,1,0,0,0,0,0,1,0,1,0,0,0,0,1,0,0,0,1,1,0
41285698,3259.9141945823644,3400,EV6,EV6,3,99217,111,5,4,0,0,1,1,1,1,1,1,1,1,1,0,1,0,0,0,0,0,0,0,0,1,0,1,0,0,0,1,0,1
41636336,3015.4650086512584,3020,싼타페,더 뉴 싼타페,56,31933,2497,5,5,1,0,1,1,1,1,1,1,1,1,1,1,0,0,0,0,0,0,1,0,0,0,0,1,0,0,0,1,1,0
40935624,5398.2920940715185,4700,GV80,GV80,9,70726,2497,5,5,0,0,1,1,1,1,1,1,1,1,1,0,0,1,0,0,0,0,1,0,0,0,0,0,1,0,0,1,1,0
41557975,3565.3649600264525,2650,팰리세이드,팰리세이드,107,90481,3778,7,5,0,1,1,1,1,1,1,1,1,1,1,1,0,0,0,0,0,0,1,0,0,0,0,1,0,0,0,1,1,0
41421940,3611.071044237849,2460,팰리세이드,팰리세이드,107,73946,3778,7,7,0,1,1,1,1,1,1,1,1,1,1,1,0,0,0,0,0,0,1,0,0,0,0,0,0,0,1,1,1,0
41589615,2819.120910451986,2559,투싼,투싼 (NX4),101,90226,1598,5,3,2,0,1,1,1,1,1,1,1,1,1,1,0,0,0,0,0,0,1,0,0,0,0,0,0,0,1,1,1,0
41656230,2931.58161642511,4530,그랜저,그랜저 (GN7),27,22901,3470,5,1,0,1,1,1,1,1,1,1,1,1,1,1,0,0,0,0,0,0,1,0,0,0,0,0,1,0,0,1,0,1
41183336,3224.829199147787,3690,카니발,카니발 4세대,85,104374,2151,9,5,1,0,1,1,1,1,1,1,1,1,1,0,1,0,0,0,0,0,0,0,1,0,0,1,0,0,0,1,1,0
40667946,3223.7858673429773,3570,카니발,카니발 4세대,85,79691,2151,7,3,0,1,1,1,1,1,1,1,1,1,1,0,1,0,0,0,0,0,0,0,1,0,0,0,1,0,0,1,1,0
41101860,4477.328734051914,4020,GV70,GV70,8,49706,2497,5,5,3,0,1,1,1,1,1,1,1,1,1,0,0,1,0,0,0,0,1,0,0,0,0,1,0,0,0,1,1,0
41471750,3565.3649600264525,2890,팰리세이드,팰리세이드,107,70151,2199,7,4,3,0,1,1,1,1,1,1,1,1,1,1,0,0,0,0,0,0,0,0,1,0,0,0,1,0,0,1,1,0
41660790,3015.4650086512584,1730,싼타페,더 뉴 싼타페,56,217488,2151,5,6,5,0,1,1,1,1,1,1,1,1,1,1,0,0,0,0,0,0,0,0,1,0,0,0,1,0,0,1,1,0
41546282,2620.1903020024697,2170,쏘나타,쏘나타 하이브리드 (DN8),57,23089,1999,5,5,2,0,1,1,1,1,1,1,1,0,1,1,0,0,0,0,0,0,0,1,0,0,0,0,1,0,0,1,0,1
41057402,3020.6855320218715,2530,아르카나,아르카나,61,17627,1598,5,2,0,0,1,1,1,1,1,1,1,1,1,0,0,0,0,0,1,0,0,1,0,0,0,1,0,0,0,1,1,0
41538231,2684.625840071605,1950,쏘나타,쏘나타 (DN8),57,136692,1598,5,7,0,1,1,1,1,1,1,1,1,1,1,1,0,0,0,0,0,0,1,0,0,0,0,1,0,0,0,1,0,1
41120366,2620.1903020024697,2050,쏘나타,쏘나타 (DN8),57,69485,1999,5,5,2,0,1,1,1,1,1,1,1,1,1,1,0,0,0,0,0,0,1,0,0,0,0,0,1,0,0,1,0,1
40883370,3602.7134342567415,3650,팰리세이드,더 뉴 팰리세이드,107,45641,2199,7,4,1,1,1,1,1,1,1,1,1,1,1,1,0,0,0,0,0,0,0,0,1,0,0,0,1,0,0,1,1,0
41386587,2732.336808530345,2439,K5,K5 3세대,11,32193,1598,5,6,0,1,1,1,1,1,1,1,1,1,1,0,1,0,0,0,0,0,1,0,0,0,0,1,0,0,0,1,0,1
41077287,3124.321134797158,2250,트래버스,트래버스,102,88753,3564,7,6,4,1,1,1,1,1,1,1,1,1,1,0,0,0,0,1,0,0,1,0,0,0,0,1,0,0,0,1,1,0
41636242,2620.1903020024697,1750,쏘나타,쏘나타 (DN8),57,39852,1999,5,7,2,0,1,1,1,1,1,1,1,1,1,1,0,0,0,0,0,0,1,0,0,0,0,0,0,0,1,1,0,1
41534388,3224.829199147787,3290,카니발,카니발 4세대,85,68353,2151,7,6,0,1,1,1,1,1,1,1,1,1,1,0,1,0,0,0,0,0,0,0,1,0,0,1,0,0,0,1,1,0
41250088,3614.405854880476,2550,팰리세이드,팰리세이드,107,110693,2199,8,6,0,0,1,1,1,1,1,1,1,1,1,1,0,0,0,0,0,0,0,0,1,0,0,1,0,0,0,1,1,0
41369925,3614.405854880476,3799,팰리세이드,팰리세이드,107,36615,2199,7,4,0,0,1,1,1,1,1,1,1,1,1,1,0,0,0,0,0,0,0,0,1,0,0,1,0,0,0,1,1,0
41627350,3086.853182440802,2660,싼타페,싼타페 TM,56,80143,2199,5,8,1,1,1,1,1,1,1,1,1,1,1,1,0,0,0,0,0,0,0,0,1,0,0,0,1,0,0,1,1,0
41384433,2606.6170699516056,2049,트레일블레이저,트레일블레이저,104,32506,1341,5,6,6,0,1,1,1,1,1,1,1,1,1,0,0,0,0,1,0,0,1,0,0,0,0,1,0,0,0,1,1,0
41533568,3578.55046978521,4199,스타리아,스타리아,51,61850,2199,9,2,0,1,1,1,1,1,1,1,1,1,1,1,0,0,0,0,0,0,0,0,1,0,0,1,0,0,0,1,1,0
41332418,3622.6650569373537,3290,모하비,모하비 더 마스터,43,46397,2959,6,6,12,1,1,1,1,1,1,1,1,1,1,0,1,0,0,0,0,0,0,0,1,0,0,1,0,0,0,1,1,0
41285519,3223.7858673429773,3790,카니발,카니발 4세대,85,36681,3470,9,4,10,0,1,1,1,1,1,1,1,1,1,0,1,0,0,0,0,0,1,0,0,0,0,0,1,0,0,1,1,0
41556839,2949.416836726581,9999,스포티지,더 뉴 스포티지 5세대,55,14506,1598,5,1,0,0,1,1,1,1,1,1,1,1,1,0,1,0,0,0,0,0,1,0,0,0,0,0,0,1,0,1,1,0
41584079,3835.924823652034,2699,G80,G80,5,30103,3342,5,6,0,0,1,1,1,1,1,1,1,1,1,0,0,1,0,0,0,0,1,0,0,0,0,1,0,0,0,1,0,1
41601327,2615.360723815946,2670,토레스,더 뉴 토레스,100,7237,1497,5,2,1,0,1,1,1,1,1,1,1,1,1,0,0,0,1,0,0,0,1,0,0,0,0,1,0,0,0,1,1,0
41527776,5008.326934333097,4450,G90,G90,6,30931,3778,5,6,0,0,1,1,1,1,1,1,1,1,1,0,0,1,0,0,0,0,1,0,0,0,0,0,0,0,1,1,0,1
41400408,3565.3649600264525,2520,팰리세이드,팰리세이드,107,98068,2199,7,6,11,0,1,1,1,1,1,1,1,1,1,1,0,0,0,0,0,0,0,0,1,0,0,0,0,0,1,1,1,0
41490099,3191.47987241531,3540,마스터,마스터,38,49976,2299,15,6,0,0,0,1,1,0,0,0,0,0,1,0,0,0,0,0,1,0,0,0,1,0,0,0,0,0,1,0,1,0
41610719,3481.2136636754276,1899,아이오닉5,아이오닉5,66,183265,111,5,4,0,0,1,1,1,1,1,1,1,1,1,1,0,0,0,0,0,0,0,0,0,1,0,1,0,0,0,1,0,1
41542650,2917.9076270847495,1800,그랜저,그랜저 IG,27,56380,2359,5,8,2,0,0,1,1,1,1,1,1,1,1,1,0,0,0,0,0,0,1,0,0,0,0,0,1,0,0,1,0,1
41417099,3877.838318635213,5550,G80,G80 (RG3),5,57824,3470,5,2,0,0,1,1,1,1,1,1,1,1,1,0,0,1,0,0,0,0,1,0,0,0,0,0,0,1,0,1,0,1
39296196,3086.853182440802,3980,싼타페,싼타페 (MX5),56,41582,2497,7,3,0,1,1,1,1,1,1,1,1,1,1,1,0,0,0,0,0,0,1,0,0,0,0,1,0,0,0,1,1,0
41624952,5313.932698356571,6550,GV80,GV80,9,17007,2497,5,3,0,1,1,1,1,1,1,1,1,1,1,0,0,1,0,0,0,0,1,0,0,0,0,0,1,0,0,1,1,0
41658560,5130.415213793392,5999,G90,G90 (RS4),6,105363,3470,5,3,1,0,1,1,1,1,1,1,1,1,1,0,0,1,0,0,0,0,1,0,0,0,0,0,1,0,0,1,0,1
41585621,2518.393670259569,1750,K7,올 뉴 K7,12,79471,3342,5,9,0,1,1,1,1,1,1,1,1,1,1,0,1,0,0,0,0,0,1,0,0,0,0,1,0,0,0,1,0,1
41049516,3072.9480536409706,2550,K9,더 K9,14,109004,3342,5,7,4,0,1,1,1,1,1,1,1,1,1,0,1,0,0,0,0,0,1,0,0,0,0,0,1,0,0,1,0,1
41429984,3611.071044237849,2650,팰리세이드,팰리세이드,107,85201,3778,8,7,1,0,1,1,1,1,1,1,1,1,1,1,0,0,0,0,0,0,1,0,0,0,0,1,0,0,0,1,1,0
41611869,3015.4650086512584,1800,싼타페,싼타페 TM,56,122937,1995,5,7,0,0,0,1,1,1,1,0,1,1,1,1,0,0,0,0,0,0,0,0,1,0,0,1,0,0,0,1,1,0
41209970,2713.4540195717054,2399,K5,K5 3세대,11,43659,1598,5,6,0,0,1,1,1,1,1,1,1,1,1,0,1,0,0,0,0,0,1,0,0,0,0,0,0,1,0,1,0,1
41574549,4952.810596887665,7150,G90,G90 (RS4),6,74977,3470,5,4,0,0,1,1,1,1,1,1,1,1,1,0,0,1,0,0,0,0,1,0,0,0,0,0,1,0,0,1,0,1
41437442,2722.967088332962,1870,K5,K5 3세대,11,84590,1598,5,6,5,0,1,1,1,1,1,1,1,1,1,0,1,0,0,0,0,0,1,0,0,0,0,0,0,1,0,1,0,1
41314644,3276.955066568482,3030,카니발,더 뉴 카니발 4세대,85,34030,2151,9,2,0,0,1,1,1,1,1,1,1,1,1,0,1,0,0,0,0,0,0,0,1,0,0,1,0,0,0,1,1,0
41563874,2503.445641380177,1920,셀토스,셀토스,49,79520,1591,5,7,0,0,1,1,1,1,1,1,1,1,1,0,1,0,0,0,0,0,1,0,0,0,0,1,0,0,0,1,1,0
39369186,3137.8525868123897,4280,K8,더 뉴 K8 하이브리드,13,3866,1598,5,2,0,0,1,1,1,1,1,1,1,1,1,0,1,0,0,0,0,0,0,1,0,0,0,1,0,0,0,1,0,1
41407439,3498.6983665185985,3000,쏘렌토,쏘렌토 4세대,58,131527,1598,6,5,0,1,1,1,1,1,1,1,1,1,1,0,1,0,0,0,0,0,0,1,0,0,0,1,0,0,0,1,1,0
41433187,3266.59261814898,3090,카니발,카니발 4세대,85,45320,2151,9,5,0,0,1,1,1,1,1,1,1,1,1,0,1,0,0,0,0,0,0,0,1,0,0,1,0,0,0,1,1,0
41640420,2634.7772150268797,1899,쏘나타,쏘나타 하이브리드 (DN8),57,91326,1999,5,5,0,0,1,1,1,1,1,1,1,1,1,1,0,0,0,0,0,0,0,1,0,0,0,0,0,1,0,1,0,1
40858595,3578.55046978521,2850,스타리아,스타리아,51,46239,3470,9,3,3,0,1,1,1,1,1,1,1,1,1,1,0,0,0,0,0,1,0,0,0,0,0,0,0,0,1,1,1,0
41201652,5398.2920940715185,5990,GV80,GV80,9,47200,2996,6,4,0,1,1,1,1,1,1,1,1,1,1,0,0,1,0,0,0,0,0,0,1,0,0,1,0,0,0,1,1,0
41489398,2652.43527743991,2030,아반떼,아반떼 (CN7),62,29088,1598,5,3,5,0,1,1,1,1,1,1,1,1,1,1,0,0,0,0,0,0,1,0,0,0,0,0,0,1,0,1,0,1
41571660,4477.328734051914,3370,GV70,GV70,8,130880,2497,5,5,5,0,1,1,1,1,1,1,1,1,1,0,0,1,0,0,0,0,1,0,0,0,0,0,1,0,0,1,1,0
40830591,2615.360723815946,2270,토레스,토레스,100,37319,1497,2,2,0,0,1,1,1,1,1,1,1,1,1,0,0,0,1,0,0,0,1,0,0,0,0,0,0,1,0,1,1,0
41102725,3565.3649600264525,2600,팰리세이드,팰리세이드,107,154137,2199,7,5,2,0,1,1,1,1,1,1,1,1,1,1,0,0,0,0,0,0,0,0,1,0,0,0,0,1,0,1,1,0
41657220,3054.9712463075857,1850,이쿼녹스,이쿼녹스,79,7463,1598,5,6,3,0,1,1,1,1,1,1,1,0,1,0,0,0,0,1,0,0,0,0,1,0,0,0,0,1,0,1,1,0
41218404,3067.673489216629,2170,싼타페,더 뉴 싼타페,56,128197,2497,5,5,2,0,1,1,1,1,1,1,1,1,1,1,0,0,0,0,0,0,1,0,0,0,0,1,0,0,0,1,1,0
41650546,3602.7134342567415,3050,팰리세이드,팰리세이드,107,67966,3778,7,5,1,1,1,1,1,1,1,1,1,1,1,1,0,0,0,0,0,0,1,0,0,0,0,0,1,0,0,1,1,0
41599002,3877.838318635213,4780,G80,G80 (RG3),5,25517,2497,5,4,0,1,1,1,1,1,1,1,1,1,1,0,0,1,0,0,0,0,1,0,0,0,0,1,0,0,0,1,0,1
41528248,3828.3155031297233,2050,G80,G80,5,101213,3778,5,9,3,0,1,1,1,1,1,1,1,1,1,0,0,1,0,0,0,0,1,0,0,0,0,0,1,0,0,1,0,1
41553595,2725.7156813909605,2390,쏘나타,쏘나타 (DN8),57,16960,1999,5,5,0,0,1,1,1,1,1,1,1,1,1,1,0,0,0,0,0,0,1,0,0,0,0,1,0,0,0,1,0,1
41544832,2871.0199908868076,3395,그랜저,그랜저 (GN7),27,24567,2497,5,2,0,0,1,1,1,1,1,1,1,1,1,1,0,0,0,0,0,0,1,0,0,0,0,0,1,0,0,1,0,1
41393987,3462.654978735885,2370,쏘렌토,더 뉴 쏘렌토,58,54921,1995,7,7,1,1,1,1,1,1,1,1,1,1,1,0,1,0,0,0,0,0,0,0,1,0,0,0,0,1,0,1,1,0
41410392,2750.0422913352963,1950,아반떼,아반떼 (CN7),62,67873,1598,5,5,3,0,1,1,1,1,1,1,1,1,1,1,0,0,0,0,0,0,1,0,0,0,0,0,0,1,0,1,0,1
41182051,3594.805689983869,3380,스타리아,스타리아,51,14745,2199,11,4,0,0,1,1,1,1,1,1,1,1,1,1,0,0,0,0,0,0,0,0,1,0,0,0,1,0,0,1,1,0
41405586,3550.2021461772415,3640,스타리아,스타리아,51,77721,2199,9,3,4,0,1,1,1,1,1,1,1,1,1,1,0,0,0,0,0,0,0,0,1,0,0,0,0,1,0,1,1,0
41537248,3086.853182440802,2390,싼타페,더 뉴 싼타페,56,102924,2151,5,5,2,0,1,1,1,1,1,1,1,1,1,1,0,0,0,0,0,0,0,0,1,0,0,1,0,0,0,1,1,0
41466936,5313.932698356571,6990,GV80,GV80,9,24517,3470,5,3,0,1,1,1,1,1,1,1,1,1,1,0,0,1,0,0,0,0,1,0,0,0,0,1,0,0,0,1,1,0
41258940,2931.58161642511,3430,그랜저,그랜저 (GN7),27,4922,2497,5,1,0,0,1,1,1,1,1,1,1,0,1,1,0,0,0,0,0,0,1,0,0,0,0,0,0,1,0,1,0,1
41260308,3453.3633120692184,3260,쏘렌토,쏘렌토 4세대,58,92329,1598,6,6,2,0,1,1,1,1,1,1,1,1,1,0,1,0,0,0,0,0,0,1,0,0,0,1,0,0,0,1,1,0
41395617,3498.6983665185985,4300,쏘렌토,더 뉴 쏘렌토 4세대,58,55362,2497,6,3,0,1,1,1,1,1,1,1,1,1,1,0,1,0,0,0,0,0,1,0,0,0,0,1,0,0,0,1,1,0
41139403,2566.566644283388,2199,토레스,토레스,100,68313,1497,5,3,1,0,1,1,1,1,1,1,1,1,1,0,0,0,1,0,0,0,1,0,0,0,0,1,0,0,0,1,1,0
40329367,3086.853182440802,3050,싼타페,더 뉴 싼타페,56,74313,2151,5,6,1,1,1,1,1,1,1,1,1,1,1,1,0,0,0,0,0,0,0,0,1,0,0,1,0,0,0,1,1,0
41168498,3854.2569605933,4970,쏠라티,쏠라티,60,34339,2497,15,5,1,0,0,1,1,0,0,1,1,0,1,1,0,0,0,0,0,0,0,0,1,0,0,0,1,0,0,1,1,0
40877878,5025.51401270444,3750,G90,G90,6,79825,3778,5,5,8,0,1,1,1,1,1,1,1,1,1,0,0,1,0,0,0,0,1,0,0,0,0,0,1,0,0,1,0,1
41190912,5313.932698356571,3799,GV80,GV80,9,157699,2996,5,6,0,0,1,1,1,1,1,1,1,1,1,0,0,1,0,0,0,0,0,0,1,0,0,1,0,0,0,1,1,0
41587339,2576.09014604522,2380,스타렉스,그랜드 스타렉스,50,77266,2497,4,12,2,0,0,1,1,0,0,1,1,0,1,1,0,0,0,0,0,0,0,0,1,0,0,1,0,0,0,1,1,0
41644955,3550.2021461772415,6950,스타리아,스타리아,51,387,2199,7,1,2,0,1,1,1,1,1,1,1,1,1,1,0,0,0,0,0,0,0,0,1,0,0,0,1,0,0,1,1,0
40440485,3757.422508106974,3480,G80,G80 (RG3),5,91223,2497,5,5,2,0,1,1,1,1,1,1,1,1,1,0,0,1,0,0,0,0,1,0,0,0,0,0,1,0,0,1,0,1
41223334,3015.4650086512584,3940,싼타페,싼타페 (MX5),56,24696,1598,5,3,0,0,1,1,1,1,1,1,1,1,1,1,0,0,0,0,0,0,0,1,0,0,0,0,1,0,0,1,1,0
41637865,3438.6524381008708,2620,쏘렌토,쏘렌토 4세대,58,108517,1598,5,4,0,1,1,1,1,1,1,1,1,1,1,0,1,0,0,0,0,0,0,1,0,0,0,1,0,0,0,1,1,0
41428372,2985.7852847364197,1980,싼타페,싼타페 TM,56,80981,1995,5,8,7,0,0,1,1,1,1,1,1,1,1,1,0,0,0,0,0,0,0,0,1,0,0,0,0,1,0,1,1,0
41219810,2540.7398004274887,2050,토레스,토레스,100,70736,1497,5,4,0,0,1,1,1,1,1,1,1,1,1,0,0,0,1,0,0,0,1,0,0,0,0,0,0,1,0,1,1,0
41323692,3036.133238826156,1990,스팅어,스팅어,53,116025,3342,5,6,12,0,1,1,1,1,1,1,1,1,1,0,1,0,0,0,0,0,1,0,0,0,0,0,0,0,1,1,0,1
41446586,2798.9683874777133,3350,G70,더 뉴 G70,4,40791,1998,5,6,2,1,1,1,1,1,1,1,1,1,1,0,0,1,0,0,0,0,1,0,0,0,0,1,0,0,0,1,0,1
41636099,3124.321134797158,2670,트래버스,트래버스,102,45240,3564,7,5,2,1,1,1,1,1,1,1,1,1,1,0,0,0,0,1,0,0,1,0,0,0,0,0,1,0,0,1,1,0
41251569,2931.1855320218715,1790,벨로스터,벨로스터 (JS),47,64838,1998,4,6,7,0,1,1,1,1,1,1,1,0,1,1,0,0,0,0,0,0,1,0,0,0,0,0,0,0,1,1,0,1
41588218,3078.160913373322,1790,캐스퍼,캐스퍼,88,31294,998,4,4,2,1,0,1,1,1,1,1,1,1,1,1,0,0,0,0,0,0,1,0,0,0,0,1,0,0,0,1,0,1
41598509,3266.59261814898,3450,카니발,카니발 4세대,85,74383,2151,9,5,3,1,1,1,1,1,1,1,1,1,1,0,1,0,0,0,0,0,0,0,1,0,0,1,0,0,0,1,1,0
41093976,5373.873808791013,7180,GV80,GV80,9,34918,2497,5,2,1,1,1,1,1,1,1,1,1,1,1,0,0,1,0,0,0,0,1,0,0,0,0,0,1,0,0,1,1,0
40951552,3498.6983665185985,1890,쏘렌토,쏘렌토 4세대,58,195151,2151,5,6,1,0,1,1,1,1,1,1,1,1,1,0,1,0,0,0,0,0,0,0,1,0,0,0,1,0,0,1,1,0
41428141,3326.4508146315256,2090,카니발,카니발 4세대,85,167386,2151,9,5,2,0,1,1,1,1,1,1,1,1,1,0,1,0,0,0,0,0,0,0,1,0,0,1,0,0,0,1,1,0
40994069,3067.673489216629,4250,싼타페,싼타페 (MX5),56,16386,1598,6,3,0,1,1,1,1,1,1,1,1,1,1,1,0,0,0,0,0,0,0,1,0,0,0,1,0,0,0,1,1,0
41139085,2819.120910451986,2490,투싼,투싼 (NX4),101,19150,1598,5,3,11,1,1,1,1,1,1,1,1,1,1,1,0,0,0,0,0,0,1,0,0,0,0,0,0,0,1,1,1,0
41101943,3069.799931035303,3350,트래버스,트래버스,102,52791,3564,7,4,4,1,1,1,1,1,1,1,1,1,1,0,0,0,0,1,0,0,1,0,0,0,0,1,0,0,0,1,1,0
41467570,3847.011384330083,3730,G80,G80 (RG3),5,77136,3470,5,4,1,1,1,1,1,1,1,1,1,1,1,0,0,1,0,0,0,0,1,0,0,0,0,0,1,0,0,1,0,1
41071897,3063.629778185483,2800,싼타페,더 뉴 싼타페,56,73195,1598,5,5,2,1,1,1,1,1,1,1,1,1,1,1,0,0,0,0,0,0,0,1,0,0,0,0,0,1,0,1,1,0
41351797,2713.4540195717054,2090,K5,K5 3세대,11,94637,1598,5,6,4,1,1,1,1,1,1,1,1,1,1,0,1,0,0,0,0,0,1,0,0,0,0,0,1,0,0,1,0,1
41592308,3614.405854880476,2430,팰리세이드,팰리세이드,107,195505,2199,7,7,0,1,1,1,1,1,1,1,1,1,1,1,0,0,0,0,0,0,0,0,1,0,0,0,0,0,1,1,1,0
41198677,5373.873808791013,7699,GV80,GV80,9,20754,2497,6,3,0,1,1,1,1,1,1,1,1,1,1,0,0,1,0,0,0,0,1,0,0,0,0,0,0,1,0,1,1,0
41651305,2931.58161642511,2499,그랜저,더 뉴 그랜저 IG,27,122843,2999,5,6,3,1,1,1,1,1,1,1,1,1,1,1,0,0,0,0,0,1,0,0,0,0,0,0,0,1,0,1,0,1
41361512,2739.750535430254,3390,렉스턴,렉스턴 뉴 아레나,35,41506,2157,5,3,1,0,1,1,1,1,1,1,1,1,1,0,0,0,1,0,0,0,0,0,1,0,0,0,1,0,0,1,1,0
41474603,5130.415213793392,4900,G90,G90,6,45466,3778,4,7,0,1,1,1,1,1,1,1,1,1,1,0,0,1,0,0,0,0,1,0,0,0,0,0,1,0,0,1,0,1
41223540,5398.2920940715185,4550,GV80,GV80,9,55105,2497,5,5,2,0,1,1,1,1,1,1,1,1,1,0,0,1,0,0,0,0,1,0,0,0,0,0,0,0,1,1,1,0
40974236,2646.647497538391,1790,넥쏘,넥쏘,28,72172,0,5,5,10,1,1,1,1,1,1,1,1,1,1,1,0,0,0,0,0,0,0,0,0,0,1,1,0,0,0,1,1,0
41309049,3482.230586207206,2720,스타리아,스타리아,51,19426,3470,5,2,2,0,1,1,0,0,1,0,1,1,1,1,0,0,0,0,0,1,0,0,0,0,0,1,0,0,0,1,1,0
41428369,4331.174374684793,3990,GV70,GV70,8,71861,2151,5,5,0,1,1,1,1,1,1,1,1,1,1,0,0,1,0,0,0,0,0,0,1,0,0,0,0,0,1,1,1,0
41603413,3223.7858673429773,2620,카니발,카니발 4세대,85,61175,3470,9,3,0,0,1,1,1,1,1,1,1,1,1,0,1,0,0,0,0,0,1,0,0,0,0,1,0,0,0,1,1,0
41351625,3223.7858673429773,3220,카니발,더 뉴 카니발 4세대,85,16621,2151,9,2,0,0,1,1,1,1,1,1,1,1,1,0,1,0,0,0,0,0,0,0,1,0,0,1,0,0,0,1,1,0
41064018,5406.43473495045,3650,GV80,GV80,9,159259,2996,5,6,3,1,1,1,1,1,1,1,1,1,1,0,0,1,0,0,0,0,0,0,1,0,0,1,0,0,0,1,1,0
41577678,5412.40951276323,2549,GV80,GV80,9,340601,2996,5,6,2,0,1,1,1,1,1,1,1,1,1,0,0,1,0,0,0,0,0,0,1,0,0,0,1,0,0,1,1,0
41512969,2871.0199908868076,2080,그랜저,더 뉴 그랜저 IG,27,79903,2999,5,4,4,0,1,1,1,1,1,1,0,0,1,1,0,0,0,0,0,1,0,0,0,0,0,1,0,0,0,1,0,1
40904359,3049.779222355386,4030,트래버스,트래버스,102,22663,3564,7,3,1,1,1,1,1,1,1,1,1,1,1,0,0,0,0,1,0,0,1,0,0,0,0,0,1,0,0,1,1,0
41485106,2959.599944528396,1830,캐스퍼,더 뉴 캐스퍼,88,5129,998,4,1,4,0,0,1,1,1,1,1,1,1,1,1,0,0,0,0,0,0,1,0,0,0,0,1,0,0,0,1,0,1
41006193,3296.3998657003262,3549,아이오닉6,아이오닉6,67,27390,111,5,4,0,0,1,1,1,1,1,1,1,1,1,1,0,0,0,0,0,0,0,0,0,1,0,1,0,0,0,1,0,1
41622465,3067.673489216629,2650,싼타페,더 뉴 싼타페,56,55328,2497,5,5,2,0,1,1,1,1,1,1,1,1,1,1,0,0,0,0,0,0,1,0,0,0,0,0,0,1,0,1,1,0
41650917,3877.838318635213,3799,G80,G80 (RG3),5,31576,2497,5,6,4,0,1,1,1,1,1,1,1,1,1,0,0,1,0,0,0,0,1,0,0,0,0,0,0,1,0,1,0,1
41413510,5412.40951276323,8990,GV80,GV80 쿠페,9,19243,2497,5,2,0,1,1,1,1,1,1,1,1,1,1,0,0,1,0,0,0,0,1,0,0,0,0,0,1,0,0,1,1,0
41216349,3651.1332725787192,5099,모하비,모하비 더 마스터,43,49131,2959,7,3,0,1,1,1,1,1,1,1,1,1,1,0,1,0,0,0,0,0,0,0,1,0,0,0,1,0,0,1,1,0
41382656,3463.9361949029885,4799,아이오닉5,더 뉴 아이오닉5,66,24961,120,5,1,0,1,1,1,1,1,1,1,1,1,1,1,0,0,0,0,0,0,0,0,0,1,0,0,0,1,0,1,0,1
41397622,2580.7207386685927,9999,아반떼,더 뉴 아반떼 (CN7),62,59710,1591,5,2,2,0,0,0,0,0,0,0,0,0,0,1,0,0,0,0,0,1,0,0,0,0,0,1,0,0,0,1,0,1
41643015,3453.3633120692184,4350,쏘렌토,더 뉴 쏘렌토 4세대,58,24208,1598,5,2,0,0,1,1,1,1,1,1,1,1,1,0,1,0,0,0,0,0,0,1,0,0,0,0,0,1,0,1,1,0
41628677,2720.502498674518,2320,트랙스,트랙스 크로스오버,103,8963,1199,5,2,0,0,1,1,1,1,1,0,1,1,1,0,0,0,0,1,0,0,1,0,0,0,0,1,0,0,0,1,1,0
41569265,2515.0409602129794,1900,코란도,뷰티풀 코란도,92,8442,1497,5,2,0,0,0,1,1,0,0,0,0,0,1,0,0,0,1,0,0,0,1,0,0,0,0,0,0,1,0,1,1,0
41496103,3578.55046978521,3100,스타리아,스타리아,51,27787,2199,11,2,0,0,0,1,1,1,1,1,1,1,1,1,0,0,0,0,0,0,0,0,1,0,0,0,0,1,0,1,1,0
41376981,3067.673489216629,2650,싼타페,더 뉴 싼타페,56,86900,2151,5,5,0,0,1,1,1,1,1,1,1,1,1,1,0,0,0,0,0,0,0,0,1,0,0,1,0,0,0,1,1,0
41656898,3611.071044237849,3380,팰리세이드,팰리세이드,107,110236,2199,7,5,2,1,1,1,1,1,1,1,1,1,1,1,0,0,0,0,0,0,0,0,1,0,0,0,1,0,0,1,1,0
41059359,3063.629778185483,1700,싼타페,싼타페 TM,56,180002,1995,5,7,3,0,0,1,1,1,1,1,1,1,1,1,0,0,0,0,0,0,0,0,1,0,0,1,0,0,0,1,1,0
41461636,2651.085997141483,3250,렉스턴,올 뉴 렉스턴,35,52840,2157,5,4,0,0,1,1,1,1,1,1,1,1,1,0,0,0,1,0,0,0,0,0,1,0,0,0,0,1,0,1,1,0
41097879,4839.699076110866,3900,G90,G90,6,76967,3778,5,7,1,1,1,1,1,1,1,1,1,1,1,0,0,1,0,0,0,0,1,0,0,0,0,0,0,1,0,1,0,1
41433367,2827.737420259569,1750,니로,더 뉴 니로,29,116993,1580,5,6,0,0,1,1,1,1,1,1,1,1,1,0,1,0,0,0,0,0,0,1,0,0,0,1,0,0,0,1,1,0
41474909,2871.0199908868076,2930,그랜저,그랜저 (GN7),27,80474,2497,5,3,2,0,1,1,1,1,1,1,1,1,1,1,0,0,0,0,0,0,1,0,0,0,0,0,0,1,0,1,0,1
41050623,5008.326934333097,7280,G90,G90 (RS4),6,45405,3470,5,3,1,0,1,1,1,1,1,1,1,1,1,0,0,1,0,0,0,0,1,0,0,0,0,0,0,1,0,1,0,1
41339411,2833.9888180085054,2500,콜로라도,리얼 뉴 콜로라도,94,65731,3649,5,6,0,0,0,1,1,1,0,0,1,0,1,0,0,0,0,1,0,0,1,0,0,0,0,0,0,1,0,1,1,0
41373130,3360.303897932248,2740,EV6,EV6,3,127331,111,5,4,0,1,1,1,1,1,1,1,1,1,1,0,1,0,0,0,0,0,0,0,0,1,0,0,0,0,1,1,0,1
41379692,5313.932698356571,7930,GV80,GV80 쿠페,9,10951,2497,5,3,0,1,1,1,1,1,1,1,1,1,1,0,0,1,0,0,0,0,1,0,0,0,0,1,0,0,0,1,1,0
40456211,2540.7398004274887,2050,토레스,토레스,100,78480,1497,5,4,3,0,1,1,1,1,1,1,1,1,1,0,0,0,1,0,0,0,1,0,0,0,0,0,0,0,1,1,1,0
40791248,2359.4807967724723,2400,EQ900,EQ900,0,108622,5038,4,10,0,0,1,1,1,1,1,1,1,1,1,0,0,1,0,0,0,0,1,0,0,0,0,0,1,0,0,1,0,1
41503892,2629.0665603460916,2200,XM3,XM3,23,52457,1598,5,4,0,0,1,1,1,1,1,1,1,1,1,0,0,0,0,0,1,0,0,1,0,0,0,1,0,0,0,1,1,0
41486596,2887.6126226256356,1890,그랜저,더 뉴 그랜저 IG,27,156647,2497,5,6,0,0,1,1,1,1,1,1,1,1,1,1,0,0,0,0,0,0,1,0,0,0,0,0,1,0,0,1,0,1
41355190,2871.0199908868076,3391,그랜저,그랜저 (GN7),27,4500,2497,5,1,2,0,1,1,1,1,1,1,1,1,1,1,0,0,0,0,0,0,1,0,0,0,0,0,1,0,0,1,0,1
41505128,5398.2920940715185,4830,GV80,GV80,9,39209,2497,5,4,0,0,1,1,1,1,1,1,1,1,1,0,0,1,0,0,0,0,1,0,0,0,0,1,0,0,0,1,1,0
41533117,3602.7134342567415,2370,팰리세이드,팰리세이드,107,103742,2199,7,7,4,1,1,1,1,1,1,0,1,1,1,1,0,0,0,0,0,0,0,0,1,0,0,0,0,0,1,1,1,0
41494531,2887.6126226256356,4390,그랜저,그랜저 (GN7),27,22450,3470,5,1,0,0,1,1,1,1,1,1,1,1,1,1,0,0,0,0,0,0,1,0,0,0,0,0,1,0,0,1,0,1
41385856,5412.40951276323,4890,GV80,GV80,9,72478,2497,5,5,0,1,1,1,1,1,1,1,1,1,1,0,0,1,0,0,0,0,1,0,0,0,0,1,0,0,0,1,1,0
41275449,3757.422508106974,8888,G80,G80 (RG3),5,30718,3470,5,5,5,1,1,1,1,1,1,1,1,1,1,0,0,1,0,0,0,0,1,0,0,0,0,0,0,0,1,1,0,1
41583712,2739.750535430254,3250,렉스턴,올 뉴 렉스턴,35,67727,2157,5,5,2,0,1,1,1,1,1,1,1,1,1,0,0,0,1,0,0,0,0,0,1,0,0,0,1,0,0,1,1,0
41385442,3199.8165603460916,1750,스팅어,스팅어,53,83267,1998,5,7,2,1,1,1,1,1,1,1,1,1,1,0,1,0,0,0,0,0,1,0,0,0,0,0,0,0,1,1,0,1
40956002,2480.889936207655,1720,코란도,뷰티풀 코란도,92,65792,1497,5,4,4,1,1,1,1,1,1,1,1,1,1,0,0,0,1,0,0,0,1,0,0,0,0,1,0,0,0,1,1,0
41607171,2670.6999624750915,2800,K5,K5 3세대,11,43843,1598,5,3,0,1,1,1,1,1,1,1,1,1,1,0,1,0,0,0,0,0,1,0,0,0,0,0,0,1,0,1,0,1
40954750,3555.8753163906044,3139,팰리세이드,팰리세이드,107,61697,2199,7,6,2,0,0,0,0,0,0,0,0,0,0,1,0,0,0,0,0,0,0,0,1,0,0,1,0,0,0,1,1,0
41313513,2468.942796388243,1800,코란도,뷰티풀 코란도,92,60724,1497,5,5,7,0,1,1,1,1,1,1,1,1,1,0,0,0,1,0,0,0,1,0,0,0,0,0,0,1,0,1,1,0
41392734,3757.422508106974,2739,G80,G80 (RG3),5,134658,3470,5,5,10,0,1,1,1,1,1,1,1,1,1,0,0,1,0,0,0,0,1,0,0,0,0,0,0,0,1,1,0,1
41585519,2739.750535430254,1890,렉스턴,렉스턴 스포츠 칸,35,79165,2157,5,7,0,0,1,1,1,1,1,1,1,1,1,0,0,0,1,0,0,0,0,0,1,0,0,0,0,0,1,1,1,0
41203659,2336.694042597241,1800,코란도,뷰티풀 코란도,92,49244,1497,5,4,0,0,1,1,1,1,1,1,1,1,1,0,0,0,1,0,0,0,1,0,0,0,0,1,0,0,0,1,1,0
41449981,5008.326934333097,3659,G90,G90,6,124469,3342,5,6,0,0,1,1,1,1,1,1,1,1,1,0,0,1,0,0,0,0,1,0,0,0,0,0,1,0,0,1,0,1
41480612,3357.3272340652456,3530,아이오닉5,아이오닉5,66,25500,111,5,3,9,0,1,1,1,1,1,1,1,1,1,1,0,0,0,0,0,0,0,0,0,1,0,1,0,0,0,1,0,1
41557728,3877.838318635213,6420,G80,G80 (RG3),5,10716,2497,5,2,0,1,1,1,1,1,1,1,1,1,1,0,0,1,0,0,0,0,1,0,0,0,0,1,0,0,0,1,0,1
41446129,4363.6224840519135,5650,GV70,일렉트리파이드 GV70,8,40915,111,5,4,0,1,1,1,1,1,1,1,1,1,1,0,0,1,0,0,0,0,0,0,0,1,0,1,0,0,0,1,1,0
41583766,3462.654978735885,2620,쏘렌토,쏘렌토 4세대,58,115490,2151,6,6,0,0,1,1,1,1,1,1,1,1,1,0,1,0,0,0,0,0,0,0,1,0,0,1,0,0,0,1,1,0
41241486,2540.7398004274887,2420,토레스,토레스,100,22588,1497,5,4,0,1,1,1,1,1,1,1,1,1,1,0,0,0,1,0,0,0,1,0,0,0,0,1,0,0,0,1,1,0
40962940,2725.7156813909605,2050,쏘나타,쏘나타 (DN8),57,55890,2497,5,5,6,1,1,1,1,1,1,1,1,0,1,1,0,0,0,0,0,0,1,0,0,0,0,0,0,1,0,1,0,1
40657324,2498.7756802517033,2320,K7,K7 프리미어,12,32384,2497,5,6,15,0,1,1,1,1,1,1,1,1,1,0,1,0,0,0,0,0,1,0,0,0,0,1,0,0,0,1,0,1
41574795,3602.7134342567415,3550,팰리세이드,더 뉴 팰리세이드,107,92025,2199,8,3,2,1,1,1,1,1,1,1,1,1,1,1,0,0,0,0,0,0,0,0,1,0,0,0,0,0,1,1,1,0
41191436,5373.873808791013,4030,GV80,GV80,9,114416,2497,7,4,26,1,1,1,1,1,1,1,1,1,1,0,0,1,0,0,0,0,1,0,0,0,0,1,0,0,0,1,1,0
41510968,2652.43527743991,2260,아반떼,더 뉴 아반떼 (CN7),62,7256,1598,5,2,3,0,1,1,1,1,1,1,1,1,1,1,0,0,0,0,0,0,1,0,0,0,0,1,0,0,0,1,0,1
41225227,2798.9683874777133,2150,G70,G70,4,143320,1998,5,8,3,1,1,1,1,1,1,1,1,1,1,0,0,1,0,0,0,0,1,0,0,0,0,1,0,0,0,1,0,1
40901495,2713.4540195717054,1999,K5,K5 3세대,11,12021,1999,5,5,10,0,1,1,1,1,1,1,1,1,1,0,1,0,0,0,0,0,1,0,0,0,0,0,1,0,0,1,0,1
41656060,3614.405854880476,2430,팰리세이드,팰리세이드,107,108970,3778,7,6,5,1,1,1,1,1,1,1,1,1,1,1,0,0,0,0,0,0,1,0,0,0,0,1,0,0,0,1,1,0
41226436,5373.873808791013,4240,GV80,GV80,9,41804,2996,7,6,1,0,1,1,1,1,1,1,1,1,1,0,0,1,0,0,0,0,0,0,1,0,0,1,0,0,0,1,1,0
41621798,3063.629778185483,2099,싼타페,싼타페 TM,56,111602,1998,5,8,4,1,1,1,1,1,1,1,1,1,1,1,0,0,0,0,0,0,1,0,0,0,0,1,0,0,0,1,1,0
41350975,3086.853182440802,2750,싼타페,더 뉴 싼타페,56,161145,1598,7,5,0,0,1,1,1,1,1,1,1,1,1,1,0,0,0,0,0,0,0,1,0,0,0,0,1,0,0,1,1,0
39124731,3086.853182440802,2318,싼타페,싼타페 TM,56,108998,1995,5,7,2,0,1,1,1,1,1,1,1,1,1,1,0,0,0,0,0,0,0,0,1,0,0,0,1,0,0,1,1,0
41597182,3086.853182440802,2450,싼타페,더 뉴 싼타페,56,99351,2497,5,4,1,0,1,1,1,1,1,1,1,1,1,1,0,0,0,0,0,0,1,0,0,0,0,1,0,0,0,1,1,0
41632090,4477.328734051914,3180,GV70,GV70,8,143011,2151,5,5,6,1,1,1,1,1,1,1,1,1,1,0,0,1,0,0,0,0,0,0,1,0,0,0,0,1,0,1,1,0
41578783,5130.415213793392,3150,G90,G90,6,167434,3778,5,7,3,1,1,1,1,1,1,1,1,1,1,0,0,1,0,0,0,0,1,0,0,0,0,0,0,0,1,1,0,1
41583689,2792.2446070107953,4220,투싼,더 뉴 투싼 하이브리드 (NX4),101,1347,1598,5,2,0,0,1,1,1,1,1,1,1,1,1,1,0,0,0,0,0,0,0,1,0,0,0,0,0,1,0,1,1,0
41115431,3048.6479659774163,2390,스포티지,스포티지 5세대,55,43754,1598,5,3,11,0,1,1,1,0,1,1,1,1,1,0,1,0,0,0,0,0,1,0,0,0,0,0,0,1,0,1,1,0
41427506,3835.924823652034,5920,G80,G80 (RG3),5,21921,3470,5,2,0,0,1,1,1,1,1,1,1,1,1,0,0,1,0,0,0,0,1,0,0,0,0,1,0,0,0,1,0,1
41389088,2985.7852847364197,2670,싼타페,더 뉴 싼타페,56,100072,1598,5,4,0,0,1,1,1,1,1,1,1,1,1,1,0,0,0,0,0,0,0,1,0,0,0,1,0,0,0,1,1,0
41396997,2792.2446070107953,2540,투싼,투싼 (NX4),101,54494,1998,5,4,0,0,0,1,1,1,1,1,1,1,1,1,0,0,0,0,0,0,0,0,1,0,0,0,0,1,0,1,1,0
41371864,3614.405854880476,8888,팰리세이드,팰리세이드,107,47266,3778,7,5,1,0,0,1,1,1,1,1,1,1,1,1,0,0,0,0,0,0,1,0,0,0,0,1,0,0,0,1,1,0
41353091,3594.805689983869,2570,스타리아,스타리아,51,56057,3470,5,3,1,0,0,1,1,1,1,1,1,0,1,1,0,0,0,0,0,1,0,0,0,0,0,0,0,1,0,1,1,0
41505019,3550.2021461772415,2400,스타리아,스타리아,51,84419,3470,11,4,2,0,0,1,0,1,1,1,1,0,1,1,0,0,0,0,0,1,0,0,0,0,0,0,0,1,0,1,1,0
41639105,2887.6126226256356,3980,그랜저,그랜저 (GN7),27,6460,2497,5,1,0,0,1,1,1,1,1,1,1,1,1,1,0,0,0,0,0,0,1,0,0,0,0,0,1,0,0,1,0,1
40931308,3108.745207717931,2750,스포티지,스포티지 5세대,55,48394,1598,5,4,3,0,1,1,1,1,1,1,1,1,1,0,1,0,0,0,0,0,1,0,0,0,0,1,0,0,0,1,1,0
41469095,2632.4269067199116,2030,아반떼,아반떼 (CN7),62,43859,1598,5,3,1,0,0,1,1,1,1,1,1,1,1,1,0,0,0,0,0,0,1,0,0,0,0,0,1,0,0,1,0,1
41406019,3602.7134342567415,2930,팰리세이드,팰리세이드,107,52393,2199,7,7,3,1,1,1,1,1,1,1,1,1,1,1,0,0,0,0,0,0,0,0,1,0,0,0,1,0,0,1,1,0
41438210,3614.405854880476,3400,팰리세이드,더 뉴 팰리세이드,107,62524,2199,7,4,4,0,1,1,1,1,1,1,1,1,1,1,0,0,0,0,0,0,0,0,1,0,0,0,0,1,0,1,1,0
41533877,5373.873808791013,5690,GV80,GV80,9,69913,2497,5,3,1,0,1,1,1,1,1,1,1,1,1,0,0,1,0,0,0,0,1,0,0,0,0,1,0,0,0,1,1,0
41589372,5025.51401270444,7560,G90,G90 (RS4),6,31872,3470,5,2,0,0,1,1,1,1,1,1,1,1,1,0,0,1,0,0,0,0,1,0,0,0,0,0,0,1,0,1,0,1
41083910,5406.43473495045,5050,GV80,GV80,9,39232,2497,5,6,0,1,1,1,1,1,1,1,1,1,1,0,0,1,0,0,0,0,1,0,0,0,0,1,0,0,0,1,1,0
40677516,2580.7207386685927,2250,아반떼,아반떼 (CN7),62,31702,1591,5,4,0,1,1,1,1,1,1,1,1,1,1,1,0,0,0,0,0,1,0,0,0,0,0,1,0,0,0,1,0,1
41451555,2893.893670259569,2150,트레일블레이저,트레일블레이저,104,68226,1341,5,6,0,1,1,1,1,1,1,1,1,1,1,0,0,0,0,1,0,0,1,0,0,0,0,0,0,0,1,1,1,0
41614937,2540.7398004274887,1950,토레스,토레스,100,74617,1497,5,4,0,0,1,1,1,1,1,1,1,1,1,0,0,0,1,0,0,0,1,0,0,0,0,0,0,1,0,1,1,0
41612707,2629.0665603460916,1720,XM3,XM3,23,92247,1332,5,5,1,0,1,1,1,1,1,1,1,0,1,0,0,0,0,0,1,0,1,0,0,0,0,1,0,0,0,1,1,0
41164540,4363.6224840519135,4450,GV70,GV70,8,52873,2497,5,4,0,1,1,1,1,1,1,1,1,1,1,0,0,1,0,0,0,0,1,0,0,0,0,1,0,0,0,1,1,0
41555133,3063.629778185483,2170,싼타페,더 뉴 싼타페,56,96073,2151,7,6,4,1,1,1,1,1,1,1,1,1,1,1,0,0,0,0,0,0,0,0,1,0,0,1,0,0,0,1,1,0
41269236,3877.838318635213,3390,G80,G80 (RG3),5,93048,2497,5,6,5,0,1,1,1,1,1,1,1,1,1,0,0,1,0,0,0,0,1,0,0,0,0,0,0,0,1,1,0,1
41120364,3276.955066568482,2400,카니발,카니발 4세대,85,94424,2151,9,5,7,0,1,1,1,1,1,1,1,1,1,0,1,0,0,0,0,0,0,0,1,0,0,1,0,0,0,1,1,0
41656308,2336.694042597241,1870,코란도,뷰티풀 코란도,92,9979,1497,5,4,6,1,1,1,1,1,1,1,1,1,1,0,0,0,1,0,0,0,1,0,0,0,0,1,0,0,0,1,1,0
41656380,2540.7398004274887,2270,토레스,토레스,100,27824,1497,5,3,2,0,0,0,0,0,0,0,0,0,0,0,0,0,1,0,0,0,1,0,0,0,0,0,0,0,1,1,1,0
41050277,2985.7852847364197,1910,싼타페,싼타페 TM,56,60007,1995,5,7,0,0,0,1,1,1,1,1,1,1,1,1,0,0,0,0,0,0,0,0,1,0,0,0,0,0,1,1,1,0
41565537,5412.40951276323,4840,GV80,GV80,9,99510,2996,5,5,3,1,1,1,1,1,1,1,1,1,1,0,0,1,0,0,0,0,0,0,1,0,0,1,0,0,0,1,1,0
41546894,2887.6126226256356,2980,그랜저,그랜저 (GN7),27,88081,3470,5,3,0,0,1,1,1,1,1,1,1,1,1,1,0,0,0,0,0,0,1,0,0,0,0,0,1,0,0,1,0,1
41347110,3877.838318635213,2050,G80,G80,5,90556,3342,5,9,2,0,1,1,1,1,1,1,1,1,1,0,0,1,0,0,0,0,1,0,0,0,0,0,1,0,0,1,0,1
41133583,3877.838318635213,3130,G80,G80 (RG3),5,123561,2497,5,6,1,1,1,1,1,1,1,1,1,1,1,0,0,1,0,0,0,0,1,0,0,0,0,1,0,0,0,1,0,1
41484782,2955.8786466935444,9999,코나,코나 일렉트릭,91,139921,180,5,6,5,0,0,1,1,1,1,1,1,1,1,1,0,0,0,0,0,0,0,0,0,1,0,1,0,0,0,1,1,0
41116483,3326.4508146315256,3450,카니발,카니발 4세대,85,74754,2151,7,5,1,0,1,1,1,1,1,1,1,1,1,0,1,0,0,0,0,0,0,0,1,0,0,1,0,0,0,1,1,0
41452459,2931.58161642511,1950,그랜저,그랜저 IG,27,81706,2999,5,10,3,1,1,1,1,1,1,1,1,1,1,1,0,0,0,0,0,0,1,0,0,0,0,0,0,0,1,1,0,1
41543501,3086.853182440802,2300,싼타페,더 뉴 싼타페,56,90970,2151,5,6,3,0,1,1,1,1,1,1,1,1,1,1,0,0,0,0,0,0,0,0,1,0,0,0,0,1,0,1,1,0
41646820,3326.4508146315256,4290,카니발,더 뉴 카니발 4세대,85,18765,3470,7,2,0,0,1,1,1,1,1,1,1,1,1,0,1,0,0,0,0,0,1,0,0,0,0,0,1,0,0,1,1,0
41545578,3049.779222355386,3880,트래버스,트래버스,102,29548,3564,7,3,0,1,1,1,1,1,1,1,1,1,1,0,0,0,0,1,0,0,1,0,0,0,0,1,0,0,0,1,1,0
40881989,2437.046983773712,2399,K7,K7 프리미어 하이브리드,12,97672,2359,5,6,2,0,1,1,1,1,1,1,1,1,1,0,1,0,0,0,0,0,0,1,0,0,0,0,1,0,0,1,0,1
40980082,3555.8753163906044,6750,팰리세이드,팰리세이드 (LX3),107,3722,2497,9,1,2,1,1,1,1,1,1,1,1,1,1,1,0,0,0,0,0,0,0,1,0,0,0,1,0,0,0,1,1,0
41267659,3602.7134342567415,3270,팰리세이드,팰리세이드,107,41760,2199,7,4,0,0,0,1,1,1,1,1,1,1,1,1,0,0,0,0,0,0,0,0,1,0,0,1,0,0,0,1,1,0
41475337,2651.085997141483,2890,렉스턴,더 뉴 렉스턴 스포츠 칸,35,57212,2157,5,4,0,0,1,1,1,1,1,1,1,1,1,0,0,0,1,0,0,0,0,0,1,0,0,0,0,1,0,1,1,0
41562816,2931.58161642511,2770,그랜저,더 뉴 그랜저 IG,27,35981,3342,5,5,2,0,1,1,1,1,1,1,1,1,1,1,0,0,0,0,0,0,1,0,0,0,0,0,1,0,0,1,0,1
40418111,3458.0058573363353,7390,스타리아,스타리아,51,17271,2199,4,3,1,0,0,1,1,1,1,1,1,0,1,1,0,0,0,0,0,0,0,0,1,0,0,0,1,0,0,1,1,0
41005511,2739.750535430254,2670,렉스턴,더 뉴 렉스턴 스포츠,35,54850,2157,5,2,0,0,1,1,1,1,1,1,1,1,1,0,0,0,1,0,0,0,0,0,1,0,0,0,0,0,1,1,1,0
41483947,2651.085997141483,2040,렉스턴,더 뉴 렉스턴 스포츠,35,72822,2157,5,5,2,1,1,1,1,1,1,0,1,1,1,0,0,0,1,0,0,0,0,0,1,0,0,0,0,0,1,1,1,0
41240921,2814.4095035579858,2950,투싼,투싼 (NX4),101,79511,1598,5,3,0,0,1,1,1,1,1,1,1,1,1,1,0,0,0,0,0,0,1,0,0,0,0,1,0,0,0,1,1,0
41141844,4477.328734051914,3930,GV70,GV70,8,39609,2497,5,4,4,1,1,1,1,1,1,1,1,1,1,0,0,1,0,0,0,0,1,0,0,0,0,1,0,0,0,1,1,0
41417002,2985.7852847364197,7777,싼타페,싼타페 (MX5),56,27184,2497,5,2,1,1,1,1,1,1,1,1,1,1,1,1,0,0,0,0,0,0,1,0,0,0,0,0,0,1,0,1,1,0
41325549,2730.0779228526476,3250,QM6,더 뉴 QM6,17,9,1997,5,0,0,0,1,1,1,1,1,1,1,1,1,0,0,0,0,0,1,0,1,0,0,0,0,1,0,0,0,1,1,0
41548855,5412.40951276323,4950,GV80,GV80,9,61856,2996,5,6,4,1,1,1,1,1,1,1,1,1,1,0,0,1,0,0,0,0,0,0,1,0,0,1,0,0,0,1,1,0
41129939,2985.7852847364197,2999,싼타페,더 뉴 싼타페,56,62400,2151,5,6,0,1,1,1,1,1,1,1,1,1,1,1,0,0,0,0,0,0,0,0,1,0,0,1,0,0,0,1,1,0
41277106,3266.59261814898,2950,카니발,카니발 4세대,85,43049,2151,9,5,0,0,1,1,1,1,1,1,1,1,1,0,1,0,0,0,0,0,0,0,1,0,0,1,0,0,0,1,1,0
41591622,2832.235730062908,2420,그랜저,더 뉴 그랜저 IG,27,39724,2497,5,6,1,0,1,1,1,1,1,1,1,1,1,1,0,0,0,0,0,0,1,0,0,0,0,1,0,0,0,1,0,1
41408157,4477.328734051914,4420,GV70,GV70,8,57408,2497,5,3,0,1,1,1,1,1,1,1,1,1,1,0,0,1,0,0,0,0,1,0,0,0,0,0,0,1,0,1,1,0
41620084,3118.8378870397623,2830,코나,코나 (SX2),91,11449,1598,5,3,6,0,1,1,1,1,1,1,1,1,1,1,0,0,0,0,0,0,1,0,0,0,0,1,0,0,0,1,1,0
41637844,2620.1903020024697,2090,쏘나타,쏘나타 (DN8),57,62567,1999,5,4,4,0,1,1,1,1,1,1,1,1,1,1,0,0,0,0,0,0,1,0,0,0,0,0,1,0,0,1,0,1
41026640,3067.673489216629,3480,싼타페,싼타페 (MX5),56,37402,1598,5,3,0,0,1,1,1,1,1,1,1,1,1,1,0,0,0,0,0,0,0,1,0,0,0,1,0,0,0,1,1,0
41455277,2777.2978813068744,2990,렉스턴,올 뉴 렉스턴,35,98889,2157,5,4,4,1,1,1,1,1,1,1,1,1,1,0,0,0,1,0,0,0,0,0,1,0,0,0,1,0,0,1,1,0
41236561,2859.939240148325,2800,코나,코나 (SX2),91,25302,1598,5,2,0,0,1,1,1,1,1,1,1,1,1,1,0,0,0,0,0,0,1,0,0,0,0,0,0,0,1,1,1,0
41356251,3757.422508106974,4699,G80,G80 (RG3),5,31120,2497,5,4,0,1,1,1,1,1,1,1,1,1,1,0,0,1,0,0,0,0,1,0,0,0,0,0,1,0,0,1,0,1
41611986,3602.7134342567415,5299,팰리세이드,더 뉴 팰리세이드,107,17723,3778,7,2,0,1,1,1,1,1,1,1,1,1,1,1,0,0,0,0,0,0,1,0,0,0,0,0,1,0,0,1,1,0
41532023,2871.0199908868076,2890,그랜저,더 뉴 그랜저 IG,27,38548,2497,5,4,1,1,1,1,1,1,1,1,1,1,1,1,0,0,0,0,0,0,1,0,0,0,0,1,0,0,0,1,0,1
41101951,3877.838318635213,2400,G80,G80,5,80254,3342,5,8,4,0,1,1,1,1,1,1,1,1,1,0,0,1,0,0,0,0,1,0,0,0,0,0,0,1,0,1,0,1
41025053,2750.0422913352963,1950,아반떼,아반떼 (CN7),62,46186,1598,5,5,2,0,1,1,1,1,1,1,1,1,1,1,0,0,0,0,0,0,1,0,0,0,0,0,0,1,0,1,0,1
41436048,3757.422508106974,5090,G80,일렉트리파이드 G80 (RG3),5,96510,167,5,5,2,0,1,1,1,1,1,1,1,1,1,0,0,1,0,0,0,0,0,0,0,1,0,0,1,0,0,1,0,1
40633532,5025.51401270444,3820,G90,G90,6,94385,3778,5,7,2,0,1,1,1,1,1,1,1,1,1,0,0,1,0,0,0,0,1,0,0,0,0,0,1,0,0,1,0,1
41536400,2819.120910451986,2460,투싼,투싼 (NX4),101,32886,1598,5,5,9,0,1,1,1,1,1,1,1,1,1,1,0,0,0,0,0,0,1,0,0,0,0,1,0,0,0,1,1,0
41108686,3072.9480536409706,2350,K9,더 K9,14,119189,3778,5,8,10,0,1,1,1,1,1,1,1,1,1,0,1,0,0,0,0,0,1,0,0,0,0,0,1,0,0,1,0,1
41534806,3498.6983665185985,2350,쏘렌토,쏘렌토 4세대,58,106371,2151,5,6,3,1,1,1,1,1,1,1,1,1,1,0,1,0,0,0,0,0,0,0,1,0,0,0,0,0,1,1,1,0
41602555,3086.853182440802,2550,싼타페,싼타페 TM,56,52632,1995,5,6,0,0,1,1,1,1,1,1,1,1,1,1,0,0,0,0,0,0,0,0,1,0,0,1,0,0,0,1,1,0
41624514,2575.1998890567916,2090,넥쏘,넥쏘,28,51063,0,5,4,0,1,1,1,1,1,1,1,1,1,1,1,0,0,0,0,0,0,0,0,0,0,1,0,0,0,1,1,1,0
41449356,4331.174374684793,2750,GV70,GV70,8,205893,2151,5,5,3,1,1,1,1,1,1,1,1,1,1,0,0,1,0,0,0,0,0,0,1,0,0,1,0,0,0,1,1,0
41598670,2977.9930594535554,1790,코나,코나,91,41180,1591,5,6,0,0,0,1,1,1,1,1,1,1,1,1,0,0,0,0,0,0,1,0,0,0,0,1,0,0,0,1,1,0
41603347,2670.6999624750915,2620,K5,K5 3세대,11,41561,1598,5,4,0,0,1,1,1,1,1,1,1,1,1,0,1,0,0,0,0,0,1,0,0,0,0,0,1,0,0,1,0,1
41508732,3224.829199147787,3150,카니발,카니발 4세대,85,55687,3470,7,6,0,0,1,1,1,1,1,1,1,1,1,0,1,0,0,0,0,0,1,0,0,0,0,0,1,0,0,1,1,0
41353818,3183.022820690089,5550,아이오닉5,아이오닉5,66,99944,111,5,4,3,0,1,1,1,1,1,1,1,1,1,1,0,0,0,0,0,0,0,0,0,1,0,0,0,1,0,1,0,1
41556687,2758.425760042816,2280,렉스턴,올 뉴 렉스턴,35,123718,2157,7,5,4,1,1,1,1,1,1,1,1,1,1,0,0,0,1,0,0,0,0,0,1,0,0,0,1,0,0,1,1,0
41592483,2740.9459912429556,1730,QM6,더 뉴 QM6,17,89652,1998,5,4,9,0,1,1,1,1,1,1,1,1,1,0,0,0,0,0,1,1,0,0,0,0,0,0,1,0,0,1,1,0
41469440,2758.425760042816,2070,렉스턴,렉스턴 스포츠 칸,35,81840,2157,5,6,4,1,1,1,1,0,1,1,1,1,1,0,0,0,1,0,0,0,0,0,1,0,0,0,0,0,1,1,1,0
41493010,2564.8123299278163,1820,아반떼,아반떼 (CN7),62,87300,1598,5,6,1,0,1,1,1,1,1,1,1,1,1,1,0,0,0,0,0,0,1,0,0,0,0,0,0,1,0,1,0,1
41238891,2540.7398004274887,1890,토레스,토레스,100,124486,1497,5,3,0,0,1,1,1,1,1,1,1,0,1,0,0,0,1,0,0,1,0,0,0,0,0,0,0,1,0,1,1,0
41538595,2750.0422913352963,1830,아반떼,아반떼 (CN7),62,114879,1998,5,5,14,0,1,1,1,1,1,1,1,1,1,1,0,0,0,0,0,0,1,0,0,0,0,1,0,0,0,1,0,1
41058669,2513.119275862335,2450,토레스,토레스,100,8308,1497,5,3,0,0,1,1,1,1,1,1,1,1,1,0,0,0,1,0,0,0,1,0,0,0,0,0,0,0,1,1,1,0
41609015,2646.647497538391,1780,넥쏘,넥쏘,28,88157,0,5,4,5,1,1,1,1,1,1,1,1,1,1,1,0,0,0,0,0,0,0,0,0,0,1,0,0,0,1,1,1,0
41605144,5313.932698356571,4250,GV80,GV80,9,70327,2497,6,5,5,0,1,1,1,1,1,1,1,1,1,0,0,1,0,0,0,0,1,0,0,0,0,0,0,1,0,1,1,0
41568635,2917.9076270847495,3080,그랜저,그랜저 하이브리드 (GN7),27,105045,1598,5,3,0,0,1,1,1,1,1,1,1,1,1,1,0,0,0,0,0,0,0,1,0,0,0,0,1,0,0,1,0,1
41526082,2582.899977616721,2630,토레스,토레스,100,12296,1497,5,3,2,1,1,1,1,1,1,1,1,1,1,0,0,0,1,0,0,0,1,0,0,0,0,0,1,0,0,1,1,0
40897788,3835.924823652034,2250,G80,G80,5,59658,3342,5,9,4,0,1,1,1,1,1,1,1,1,1,0,0,1,0,0,0,0,1,0,0,0,0,0,1,0,0,1,0,1
40952960,2513.119275862335,2650,토레스,토레스,100,28262,1497,5,4,0,0,1,1,1,1,1,1,1,1,1,0,0,0,1,0,0,0,1,0,0,0,0,1,0,0,0,1,1,0
41187427,3326.4508146315256,3190,카니발,카니발 4세대,85,99176,2151,9,3,3,0,1,1,1,1,1,1,1,1,1,0,1,0,0,0,0,0,0,0,1,0,0,1,0,0,0,1,1,0
41344697,3498.6983665185985,2710,쏘렌토,쏘렌토 4세대,58,67583,2151,6,6,3,0,1,1,1,1,1,1,1,1,1,0,1,0,0,0,0,0,0,0,1,0,0,0,0,1,0,1,1,0
41624449,3086.853182440802,1790,싼타페,더 뉴 싼타페,56,153037,2151,5,6,4,0,1,1,1,1,1,1,1,1,1,1,0,0,0,0,0,0,0,0,1,0,0,1,0,0,0,1,1,0
41638880,2917.9076270847495,2480,그랜저,더 뉴 그랜저 IG,27,88767,2497,5,5,0,0,1,1,1,1,1,1,1,1,1,1,0,0,0,0,0,0,1,0,0,0,0,0,0,0,1,1,0,1
40880150,3482.230586207206,4180,스타리아,스타리아,51,87261,2199,9,3,8,0,1,1,1,1,1,1,1,1,1,1,0,0,0,0,0,0,0,0,1,0,0,1,0,0,0,1,1,0
41577914,3847.011384330083,3360,G80,G80 (RG3),5,103108,2497,5,4,7,1,1,1,1,1,1,1,1,1,1,0,0,1,0,0,0,0,1,0,0,0,0,0,1,0,0,1,0,1
41384970,2871.0199908868076,2000,그랜저,더 뉴 그랜저 IG 하이브리드,27,106970,2359,5,6,2,0,1,1,1,1,1,1,1,1,1,1,0,0,0,0,0,0,0,1,0,0,0,0,1,0,0,1,0,1
41466135,5130.415213793392,2549,G90,G90,6,167975,3778,5,7,1,0,1,1,1,1,1,1,1,1,1,0,0,1,0,0,0,0,1,0,0,0,0,0,0,1,0,1,0,1
41555649,2620.1903020024697,2299,쏘나타,쏘나타 하이브리드 (DN8),57,62785,1999,5,3,2,0,1,1,1,1,1,1,1,1,1,1,0,0,0,0,0,0,0,1,0,0,0,0,1,0,0,1,0,1
40703983,3565.3649600264525,2950,팰리세이드,팰리세이드,107,99987,2199,7,6,0,0,1,1,1,1,1,1,1,1,1,1,0,0,0,0,0,0,0,0,1,0,0,0,0,1,0,1,1,0
41194740,3108.745207717931,2049,스포티지,스포티지 5세대,55,104412,1598,5,4,10,0,1,1,1,1,1,1,1,0,1,0,1,0,0,0,0,0,1,0,0,0,0,1,0,0,0,1,1,0
41583645,3828.3155031297233,4940,G80,G80 (RG3),5,29689,2497,5,2,2,0,1,1,1,1,1,1,1,1,1,0,0,1,0,0,0,0,1,0,0,0,0,0,1,0,0,1,0,1
40917580,2777.2978813068744,3099,렉스턴,올 뉴 렉스턴,35,43770,2157,5,5,0,0,1,1,1,1,1,1,1,1,1,0,0,0,1,0,0,0,0,0,1,0,0,0,1,0,0,1,1,0
41579180,5412.40951276323,5243,GV80,GV80,9,68903,2996,5,5,0,1,1,1,1,1,1,1,1,1,1,0,0,1,0,0,0,0,0,0,1,0,0,0,0,0,1,1,1,0
41189296,5398.2920940715185,4290,GV80,GV80,9,97110,2497,5,6,1,0,1,1,1,1,1,1,1,1,1,0,0,1,0,0,0,0,1,0,0,0,0,0,1,0,0,1,1,0
41083780,3565.3649600264525,8888,팰리세이드,팰리세이드,107,88555,2199,7,6,1,0,0,1,1,1,1,0,1,1,1,1,0,0,0,0,0,0,0,0,1,0,0,0,0,1,0,1,1,0
41604471,2832.235730062908,2950,그랜저,그랜저 (GN7),27,58357,2497,5,3,7,0,1,1,1,1,1,1,1,0,1,1,0,0,0,0,0,0,1,0,0,0,0,0,1,0,0,1,0,1
41662309,2887.6126226256356,2355,그랜저,그랜저 (GN7),27,118772,3470,5,2,4,0,1,1,1,1,1,1,1,1,1,1,0,0,0,0,0,1,0,0,0,0,0,1,0,0,0,1,0,1
41088256,3137.8525868123897,2520,K8,K8,13,70162,2497,5,5,12,0,1,1,1,1,1,1,1,1,1,0,1,0,0,0,0,0,1,0,0,0,0,0,0,0,1,1,0,1
41215714,2977.9930594535554,2339,코나,코나 (SX2),91,30207,1598,5,2,0,0,1,1,1,1,1,1,1,1,1,1,0,0,0,0,0,0,1,0,0,0,0,0,0,0,1,1,1,0
41128345,3067.673489216629,3600,싼타페,싼타페 (MX5),56,22482,2497,5,3,2,0,1,1,1,1,1,1,1,1,1,1,0,0,0,0,0,0,1,0,0,0,0,1,0,0,0,1,1,0
41220942,5373.873808791013,3780,GV80,GV80,9,171299,2996,5,5,4,1,1,1,1,1,1,1,1,1,1,0,0,1,0,0,0,0,0,0,1,0,0,0,0,1,0,1,1,0
38526018,2652.43527743991,1715,아반떼,더 뉴 아반떼 (CN7),62,7241,1598,5,2,1,0,1,1,1,1,1,1,1,1,1,1,0,0,0,0,0,0,1,0,0,0,0,0,1,0,0,1,0,1
41269283,3614.405854880476,3290,팰리세이드,팰리세이드,107,92284,2199,7,5,0,0,0,1,1,1,1,1,1,1,1,1,0,0,0,0,0,0,0,0,1,0,0,1,0,0,0,1,1,0
41512320,3015.4650086512584,7777,싼타페,싼타페 (MX5),56,16606,1598,6,3,0,0,1,1,1,1,1,1,1,1,1,1,0,0,0,0,0,0,0,1,0,0,0,1,0,0,0,1,1,0
41472839,2887.6126226256356,2550,그랜저,더 뉴 그랜저 IG,27,50440,2497,5,5,0,0,1,1,1,1,1,1,1,1,1,1,0,0,0,0,0,0,1,0,0,0,0,1,0,0,0,1,0,1
41397054,2814.4095035579858,2590,투싼,투싼 (NX4),101,31769,1998,5,4,2,0,0,1,1,0,1,0,0,0,1,1,0,0,0,0,0,0,0,0,1,0,0,0,0,1,0,1,1,0
40647520,2985.7852847364197,3333,싼타페,싼타페 더 프라임,56,140840,1995,5,10,1,1,1,1,1,1,1,1,1,1,1,1,0,0,0,0,0,0,0,0,1,0,0,1,0,0,0,1,1,0
41088440,5373.873808791013,4720,GV80,GV80,9,89994,2497,5,5,2,1,1,1,1,1,1,1,1,1,1,0,0,1,0,0,0,0,1,0,0,0,0,0,1,0,0,1,1,0
41545470,3192.917496959188,2950,액티언,액티언 2세대,71,14652,1497,5,1,0,0,1,1,1,1,1,1,1,1,1,0,0,0,1,0,0,0,1,0,0,0,0,1,0,0,0,1,1,0
41507093,2515.0409602129794,1930,코란도,뷰티풀 코란도,92,59800,1497,5,5,2,1,1,1,1,1,1,1,1,1,1,0,0,0,1,0,0,0,1,0,0,0,0,1,0,0,0,1,1,0
41392715,3602.7134342567415,2740,팰리세이드,팰리세이드,107,121674,2199,7,4,7,0,1,1,1,1,1,1,1,1,1,1,0,0,0,0,0,0,0,0,1,0,0,0,0,1,0,1,1,0
41622920,3555.8753163906044,4290,팰리세이드,더 뉴 팰리세이드,107,24582,3778,7,3,0,1,1,1,1,1,1,1,1,1,1,1,0,0,0,0,0,0,1,0,0,0,0,0,1,0,0,1,1,0
41183402,3877.838318635213,3290,G80,G80 (RG3),5,103026,2497,5,6,2,0,1,1,1,1,1,1,1,1,1,0,0,1,0,0,0,0,1,0,0,0,0,0,0,0,1,1,0,1
40983835,2739.750535430254,9999,렉스턴,G4 렉스턴,35,127425,2157,5,9,10,0,1,1,1,1,1,1,1,1,1,0,0,0,1,0,0,0,0,0,1,0,0,0,1,0,0,1,1,0
41482750,5398.2920940715185,6880,GV80,GV80,9,35357,2497,5,2,0,1,1,1,1,1,1,1,1,1,1,0,0,1,0,0,0,0,1,0,0,0,0,1,0,0,0,1,1,0
41186905,3086.853182440802,1826,싼타페,싼타페 (MX5),56,36000,2497,5,3,2,0,1,1,1,1,1,1,1,1,1,1,0,0,0,0,0,0,1,0,0,0,0,1,0,0,0,1,1,0
38395696,2633.5129880066565,4599,스타렉스,더 뉴 그랜드 스타렉스,50,144616,2497,6,8,7,1,0,1,1,1,0,1,1,1,1,1,0,0,0,0,0,0,0,0,1,0,0,0,1,0,0,1,1,0
41297721,2917.9076270847495,2059,그랜저,그랜저 IG,27,83079,3342,5,7,1,1,1,1,1,1,1,1,1,1,1,1,0,0,0,0,0,0,1,0,0,0,0,1,0,0,0,1,0,1
41659487,2602.03768400251,2070,쏘나타,쏘나타 (DN8),57,10375,1999,5,4,5,0,1,1,1,1,1,1,1,1,1,1,0,0,0,0,0,0,1,0,0,0,0,0,0,1,0,1,0,1
38205453,2349.283280173046,2000,EQ900,EQ900,0,140240,3342,5,10,1,0,1,1,1,1,1,1,1,1,1,0,0,1,0,0,0,0,1,0,0,0,0,0,1,0,0,1,0,1
41623351,3438.6524381008708,3456,쏘렌토,쏘렌토 4세대,58,134160,2151,5,6,0,1,1,1,1,1,1,1,1,1,1,0,1,0,0,0,0,0,0,0,1,0,0,0,0,1,0,1,1,0
41057718,2710.5856535311,1859,트랙스,트랙스 크로스오버,103,48434,1199,5,3,2,0,1,1,1,1,1,0,1,1,1,0,0,0,0,1,0,0,1,0,0,0,0,0,1,0,0,1,1,0
41004056,3602.7134342567415,2790,팰리세이드,팰리세이드,107,114540,2199,7,7,0,0,1,1,1,1,1,1,1,1,1,1,0,0,0,0,0,0,0,0,1,0,0,0,0,1,0,1,1,0
40841544,2750.0422913352963,1950,아반떼,아반떼 (CN7),62,54048,1598,5,4,0,0,0,1,1,1,1,1,1,1,1,1,0,0,0,0,0,0,1,0,0,0,0,1,0,0,0,1,0,1
41633533,2634.7772150268797,2050,쏘나타,쏘나타 (DN8),57,61398,1999,5,5,3,0,1,1,1,1,1,1,1,1,1,1,0,0,0,0,0,0,1,0,0,0,0,0,0,1,0,1,0,1
41085717,2730.0779228526476,2850,QM6,더 뉴 QM6,17,9724,1997,5,1,0,0,1,1,1,1,1,1,1,1,1,0,0,0,0,0,1,0,1,0,0,0,0,1,0,0,0,1,1,0
41439501,3565.3649600264525,2290,팰리세이드,팰리세이드,107,84169,3778,7,6,8,0,1,1,1,1,1,1,1,1,1,1,0,0,0,0,0,0,1,0,0,0,0,1,0,0,0,1,1,0
40477353,2893.893670259569,1820,트레일블레이저,트레일블레이저,104,29649,1341,5,4,5,0,0,1,1,1,1,0,1,0,1,0,0,0,0,1,0,0,1,0,0,0,0,1,0,0,0,1,1,0
41628821,3086.853182440802,2650,싼타페,싼타페 TM,56,39513,2199,5,7,5,1,0,1,1,1,1,1,1,1,1,1,0,0,0,0,0,0,0,0,1,0,0,1,0,0,0,1,1,0
41494450,3067.673489216629,4330,싼타페,싼타페 (MX5),56,14816,1598,6,2,0,1,1,1,1,1,1,1,1,1,1,1,0,0,0,0,0,0,0,1,0,0,0,1,0,0,0,1,1,0
41133406,2766.3800913523883,2560,렉스턴,올 뉴 렉스턴,35,95779,2157,5,5,1,0,1,1,1,1,1,1,1,1,1,0,0,0,1,0,0,0,0,0,1,0,0,0,1,0,0,1,1,0
41169240,2710.5856535311,2235,트랙스,트랙스 크로스오버,103,33847,1199,5,2,0,1,1,1,1,1,1,0,1,1,1,0,0,0,0,1,0,0,1,0,0,0,0,0,0,1,0,1,1,0
41296604,3835.924823652034,3559,G80,G80 (RG3),5,49081,2497,5,5,1,0,1,1,1,1,1,1,1,1,1,0,0,1,0,0,0,0,1,0,0,0,0,0,0,1,0,1,0,1
41658751,2606.6170699516056,2470,트레일블레이저,트레일블레이저,104,59266,1341,5,6,0,1,1,1,1,1,1,1,1,1,1,0,0,0,0,1,0,0,1,0,0,0,0,1,0,0,0,1,1,0
40965961,3223.7858673429773,3090,카니발,카니발 4세대,85,50256,2151,7,6,7,0,1,1,1,1,1,1,1,1,1,0,1,0,0,0,0,0,0,0,1,0,0,0,1,0,0,1,1,0
41368860,5313.932698356571,5850,GV80,GV80,9,37907,3470,5,3,2,1,1,1,1,1,1,1,1,1,1,0,0,1,0,0,0,0,1,0,0,0,0,0,1,0,0,1,1,0
41007527,3458.0058573363353,4430,스타리아,스타리아,51,14472,2199,9,1,1,1,1,1,1,1,1,1,1,0,1,1,0,0,0,0,0,0,0,0,1,0,0,0,0,1,0,1,1,0
41625866,2766.3800913523883,2270,렉스턴,더 뉴 렉스턴 스포츠,35,90468,2157,5,4,0,0,1,1,1,1,1,1,1,1,1,0,0,0,1,0,0,0,0,0,1,0,0,1,0,0,0,1,1,0
41640608,2779.972995621478,2300,투싼,투싼 하이브리드 (NX4),101,77427,1598,5,6,2,1,1,1,1,1,1,1,1,1,1,1,0,0,0,0,0,0,0,1,0,0,0,0,1,0,0,1,1,0
41586638,2766.3800913523883,2890,렉스턴,더 뉴 렉스턴 스포츠 칸,35,14388,2157,5,3,0,0,1,1,1,1,1,1,1,1,1,0,0,0,1,0,0,0,0,0,1,0,0,0,0,0,1,1,1,0
40793712,2602.03768400251,1780,쏘나타,쏘나타 (DN8),57,83976,1999,5,5,5,0,1,1,1,1,1,1,1,1,1,1,0,0,0,0,0,0,1,0,0,0,0,1,0,0,0,1,0,1
41584075,3614.405854880476,3450,팰리세이드,팰리세이드,107,69677,2199,7,5,0,0,1,1,1,1,1,1,1,1,1,1,0,0,0,0,0,0,0,0,1,0,0,0,1,0,0,1,1,0
41116546,2615.360723815946,2450,토레스,토레스,100,21343,1497,5,3,0,0,1,1,1,1,1,1,1,1,1,0,0,0,1,0,0,0,1,0,0,0,0,1,0,0,0,1,1,0
41257941,2779.972995621478,3120,투싼,투싼 하이브리드 (NX4),101,30086,1598,5,4,1,0,1,1,1,1,1,1,1,1,1,1,0,0,0,0,0,0,0,1,0,0,0,0,0,1,0,1,1,0
41634010,2633.5129880066565,2570,스타렉스,더 뉴 그랜드 스타렉스,50,35538,2497,9,8,0,0,0,1,0,1,0,0,1,1,1,1,0,0,0,0,0,0,0,0,1,0,0,0,1,0,0,1,1,0
41583914,2740.42987241531,1950,베뉴,베뉴,45,41684,1598,5,3,1,0,1,1,1,1,1,1,1,1,1,1,0,0,0,0,0,0,1,0,0,0,0,1,0,0,0,1,1,0
41427343,3835.924823652034,3999,G80,G80 (RG3),5,85861,2497,5,5,9,1,1,1,1,1,1,1,1,1,1,0,0,1,0,0,0,0,1,0,0,0,0,1,0,0,0,1,0,1
41653519,2792.2446070107953,3150,투싼,투싼 (NX4),101,23907,1598,5,3,0,1,1,1,1,1,1,1,1,1,1,1,0,0,0,0,0,0,1,0,0,0,0,0,0,1,0,1,1,0
41170329,2564.8123299278163,2290,아반떼,아반떼 (CN7),62,38831,1598,5,3,1,0,1,1,1,1,1,1,1,1,1,1,0,0,0,0,0,0,1,0,0,0,0,1,0,0,0,1,0,1
41206490,5406.43473495045,7800,GV80,GV80,9,8535,2497,7,3,0,1,1,1,1,1,1,1,1,1,1,0,0,1,0,0,0,0,1,0,0,0,0,1,0,0,0,1,1,0
41604706,3828.3155031297233,1790,G80,G80,5,105282,3342,5,10,4,1,1,1,1,1,1,1,1,1,1,0,0,1,0,0,0,0,1,0,0,0,0,0,0,0,1,1,0,1
40972496,3877.838318635213,2000,G80,G80,5,113623,3342,5,6,7,1,1,1,1,1,1,1,1,1,1,0,0,1,0,0,0,0,1,0,0,0,0,0,0,1,0,1,0,1
41228312,3223.7858673429773,3480,카니발,카니발 4세대,85,35892,2151,9,4,0,0,1,1,1,1,1,1,1,1,1,0,1,0,0,0,0,0,0,0,1,0,0,1,0,0,0,1,1,0
41619230,3224.829199147787,2890,카니발,카니발 4세대,85,68405,2151,9,5,3,0,1,1,1,1,1,1,1,1,1,0,1,0,0,0,0,0,0,0,1,0,0,1,0,0,0,1,1,0
41616134,2806.68326245295,2490,트레일블레이저,트레일블레이저,104,10549,1341,5,4,0,0,1,0,1,1,1,1,0,0,1,0,0,0,0,1,0,0,1,0,0,0,0,1,0,0,0,1,1,0
41488590,3757.422508106974,3030,G80,G80 (RG3),5,135008,3470,5,5,1,0,1,1,1,1,1,1,1,1,1,0,0,1,0,0,0,0,1,0,0,0,0,0,0,1,0,1,0,1
41046862,3015.4650086512584,3920,싼타페,싼타페 (MX5),56,31742,1598,5,3,3,1,1,1,1,1,1,1,1,1,1,1,0,0,0,0,0,0,0,1,0,0,0,0,0,1,0,1,1,0
41052751,2670.6999624750915,2270,K5,K5 3세대,11,67946,1598,5,5,0,1,1,1,1,1,1,1,1,1,1,0,1,0,0,0,0,0,1,0,0,0,0,0,1,0,0,1,0,1
41234957,4363.6224840519135,4650,GV70,GV70,8,19563,2497,5,2,9,1,1,1,1,1,1,1,1,1,1,0,0,1,0,0,0,0,1,0,0,0,0,0,0,0,1,1,1,0
41375269,5373.873808791013,4530,GV80,GV80,9,95618,2497,5,5,4,0,1,1,1,1,1,1,1,1,1,0,0,1,0,0,0,0,1,0,0,0,0,0,0,1,0,1,1,0
41388982,2985.7852847364197,2390,싼타페,싼타페 TM,56,83328,2199,5,8,3,0,1,1,1,1,1,1,1,1,1,1,0,0,0,0,0,0,0,0,1,0,0,1,0,0,0,1,1,0
41643705,2931.58161642511,2350,그랜저,더 뉴 그랜저 IG,27,59096,2497,5,5,4,1,1,1,1,1,1,1,1,1,1,1,0,0,0,0,0,0,1,0,0,0,0,1,0,0,0,1,0,1
41488112,3223.7858673429773,2850,카니발,카니발 4세대,85,41848,2151,9,4,0,0,1,1,1,1,1,1,1,1,1,0,1,0,0,0,0,0,0,0,1,0,0,1,0,0,0,1,1,0
41639215,2582.899977616721,2670,토레스,토레스,100,16481,1497,5,2,0,0,1,1,1,1,1,1,1,1,1,0,0,0,1,0,0,0,1,0,0,0,0,0,1,0,0,1,1,0
41511458,2750.0422913352963,2190,아반떼,더 뉴 아반떼 (CN7),62,22667,1598,5,3,0,0,1,1,1,1,1,1,1,1,1,1,0,0,0,0,0,0,1,0,0,0,0,1,0,0,0,1,0,1
39851260,2650.525522053633,2270,스타렉스,그랜드 스타렉스,50,105104,2497,11,11,7,1,0,1,0,0,0,0,1,1,1,1,0,0,0,0,0,0,0,0,1,0,0,0,0,1,0,1,1,0
41478580,2632.4269067199116,2434,아반떼,더 뉴 아반떼 (CN7),62,26228,1598,5,3,1,0,1,1,1,1,1,1,1,1,1,1,0,0,0,0,0,0,1,0,0,0,0,1,0,0,0,1,0,1
41594049,2652.43527743991,7777,아반떼,더 뉴 아반떼 (CN7),62,4296,1598,5,2,0,1,1,1,1,1,1,1,1,1,1,1,0,0,0,0,0,0,1,0,0,0,0,0,1,0,0,1,0,1
41660951,3072.9480536409706,5450,K9,더 뉴 K9 2세대,14,9259,3778,5,4,0,0,1,1,1,1,1,1,1,1,1,0,1,0,0,0,0,0,1,0,0,0,0,0,1,0,0,1,0,1
41588270,4408.027156741191,4250,GV60,GV60,7,95158,111,5,4,1,0,1,1,1,1,1,1,1,1,1,0,0,1,0,0,0,0,0,0,0,1,0,1,0,0,0,1,1,0
41408239,2792.2446070107953,2980,투싼,투싼 하이브리드 (NX4),101,38685,1598,5,5,7,1,1,1,1,1,1,1,1,1,1,1,0,0,0,0,0,0,0,1,0,0,0,1,0,0,0,1,1,0
41128153,3877.838318635213,2590,G80,G80,5,76017,3342,5,8,10,1,1,1,1,1,1,1,1,1,1,0,0,1,0,0,0,0,1,0,0,0,0,0,1,0,0,1,0,1
41434464,3877.838318635213,5990,G80,G80 (RG3),5,12442,3470,5,2,0,0,1,1,1,1,1,1,1,1,1,0,0,1,0,0,0,0,1,0,0,0,0,0,1,0,0,1,0,1
41566004,2564.8123299278163,1950,아반떼,아반떼 (CN7),62,52085,1598,5,6,4,1,1,1,1,1,1,1,1,1,1,1,0,0,0,0,0,0,1,0,0,0,0,1,0,0,0,1,0,1
40666969,5025.51401270444,7790,G90,G90 (RS4),6,51664,3470,4,3,2,0,1,1,1,1,1,1,1,1,1,0,0,1,0,0,0,0,1,0,0,0,0,0,0,0,1,1,0,1
41097149,3621.3998177361573,4750,타스만,타스만,97,12464,2497,5,1,0,1,1,1,1,1,1,1,1,1,1,0,1,0,0,0,0,0,1,0,0,0,0,0,0,1,0,1,1,0
41642780,3183.022820690089,3750,아이오닉5,아이오닉5,66,31948,111,5,4,0,0,1,1,1,1,1,1,1,1,1,1,0,0,0,0,0,0,0,0,0,1,0,0,0,1,0,1,0,1
41643674,2795.223454361947,2250,니로,디 올 뉴 니로,29,61631,1580,5,4,1,0,0,1,1,1,1,1,1,1,1,0,1,0,0,0,0,0,0,1,0,0,0,1,0,0,0,1,1,0
41619311,3828.3155031297233,2850,G80,G80,5,87201,3342,5,8,1,1,1,1,1,1,1,1,1,1,1,0,0,1,0,0,0,0,1,0,0,0,0,0,0,0,1,1,0,1
41641757,3565.3649600264525,6090,팰리세이드,팰리세이드 (LX3),107,9794,2497,7,1,0,1,1,1,1,1,1,1,1,1,1,1,0,0,0,0,0,0,0,1,0,0,0,1,0,0,0,1,1,0
41537550,2777.2978813068744,2650,렉스턴,올 뉴 렉스턴,35,100003,2157,7,6,5,0,1,1,1,1,1,1,1,1,1,0,0,0,1,0,0,0,0,0,1,0,0,0,1,0,0,1,1,0
41017051,2758.425760042816,3570,렉스턴,렉스턴 뉴 아레나,35,19553,2157,7,2,0,0,1,1,1,1,1,1,1,1,1,0,0,0,1,0,0,0,0,0,1,0,0,1,0,0,0,1,1,0
41512775,2985.7852847364197,2730,싼타페,더 뉴 싼타페,56,84222,2151,5,3,5,1,1,1,1,1,1,1,1,1,1,1,0,0,0,0,0,0,0,0,1,0,0,1,0,0,0,1,1,0
41008613,2792.2446070107953,2999,투싼,투싼 하이브리드 (NX4),101,37347,1598,5,5,2,1,1,1,1,1,1,1,1,1,1,1,0,0,0,0,0,0,0,1,0,0,0,0,0,1,0,1,1,0
41159446,2634.7772150268797,2980,쏘나타,쏘나타 디 엣지 하이브리드(DN8),57,13695,1999,5,3,2,0,1,1,1,1,1,1,1,1,1,1,0,0,0,0,0,0,0,1,0,0,0,0,0,1,0,1,0,1
41162677,3266.59261814898,2499,카니발,카니발 4세대,85,148146,2151,9,4,2,0,1,1,1,1,1,1,1,1,1,0,1,0,0,0,0,0,0,0,1,0,0,1,0,0,0,1,1,0
41597555,3224.829199147787,2370,카니발,더 뉴 카니발,85,105117,2199,9,8,3,0,1,1,1,1,1,1,1,1,1,0,1,0,0,0,0,0,0,0,1,0,0,1,0,0,0,1,1,0
41588628,3462.654978735885,2980,쏘렌토,쏘렌토 4세대,58,50412,2151,5,5,1,1,1,1,1,1,1,1,1,1,1,0,1,0,0,0,0,0,0,0,1,0,0,0,0,1,0,1,1,0
41036708,5412.40951276323,5899,GV80,GV80,9,104622,2996,6,4,1,1,1,1,1,1,1,1,1,1,1,0,0,1,0,0,0,0,0,0,1,0,0,1,0,0,0,1,1,0
41528607,3118.8378870397623,3050,코나,코나 하이브리드 (SX2),91,11238,1580,5,1,1,0,1,1,1,1,1,1,1,1,1,1,0,0,0,0,0,0,0,1,0,0,0,1,0,0,0,1,1,0
40917710,2631.6880923441727,1700,QM6,더 뉴 QM6,17,91161,1998,5,6,2,1,1,1,1,1,1,1,1,1,1,0,0,0,0,0,1,1,0,0,0,0,0,1,0,0,0,1,1,0
41428909,2629.0665603460916,2290,XM3,XM3,23,32446,1332,5,5,1,0,1,1,1,1,1,1,1,1,1,0,0,0,0,0,1,0,1,0,0,0,0,1,0,0,0,1,1,0
41199231,3156.899893679425,1780,말리부,더 뉴 말리부,40,94539,1998,5,4,0,0,1,1,1,1,1,1,1,1,1,0,0,0,0,1,0,0,1,0,0,0,0,1,0,0,0,1,0,1
39480608,2917.9076270847495,2140,그랜저,그랜저 IG,27,68413,2999,5,8,0,0,1,1,1,1,1,1,1,1,1,1,0,0,0,0,0,0,1,0,0,0,0,1,0,0,0,1,0,1
41636982,3594.805689983869,3590,스타리아,스타리아,51,13739,3470,15,3,1,0,0,1,1,0,1,0,1,1,1,1,0,0,0,0,0,1,0,0,0,0,0,0,0,0,1,1,1,0
41583858,2887.6126226256356,1880,그랜저,더 뉴 그랜저 IG,27,112778,3342,5,6,10,1,1,1,1,1,1,1,1,1,1,1,0,0,0,0,0,0,1,0,0,0,0,0,1,0,0,1,0,1
41517716,2651.085997141483,9266,렉스턴,더 뉴 렉스턴 스포츠 칸,35,32943,2157,5,5,0,0,1,1,1,1,1,1,1,1,1,0,0,0,1,0,0,0,0,0,1,0,0,1,0,0,0,1,1,0
41622117,4952.810596887665,3000,G90,G90,6,135934,3778,5,7,0,0,1,1,1,1,1,1,1,1,1,0,0,1,0,0,0,0,1,0,0,0,0,0,1,0,0,1,0,1
41256507,3757.422508106974,2090,G80,G80,5,131734,3778,5,7,3,1,1,1,1,1,1,1,1,1,1,0,0,1,0,0,0,0,1,0,0,0,0,0,1,0,0,1,0,1
41219735,3453.3633120692184,3950,쏘렌토,쏘렌토 4세대,58,30982,1598,5,3,0,1,1,1,1,1,1,1,1,1,1,0,1,0,0,0,0,0,0,1,0,0,0,0,0,0,1,1,1,0
41657091,2634.7772150268797,2940,쏘나타,쏘나타 (DN8),57,18259,1598,5,4,2,1,1,1,1,1,1,1,1,1,1,1,0,0,0,0,0,0,1,0,0,0,0,1,0,0,0,1,0,1
41494892,2819.120910451986,2530,투싼,투싼 (NX4),101,47926,1998,5,3,0,0,0,1,1,1,1,1,1,1,1,1,0,0,0,0,0,0,0,0,1,0,0,0,1,0,0,1,1,0
41571579,3072.8622532509216,9999,K8,K8,13,29125,2497,5,3,0,0,1,1,1,1,1,1,1,1,1,0,1,0,0,0,0,0,1,0,0,0,0,0,0,1,0,1,0,1
41045675,3555.8753163906044,4540,팰리세이드,더 뉴 팰리세이드,107,67962,2199,7,4,1,0,1,1,1,1,1,1,1,1,1,1,0,0,0,0,0,0,0,0,1,0,0,1,0,0,0,1,1,0
41595422,2985.7852847364197,3990,싼타페,싼타페 (MX5),56,9776,2497,6,2,0,1,1,1,1,1,1,1,1,1,1,1,0,0,0,0,0,0,1,0,0,0,0,0,1,0,0,1,1,0
40988756,4363.6224840519135,3469,GV70,GV70,8,73196,2151,5,5,0,0,1,1,1,1,1,1,1,1,1,0,0,1,0,0,0,0,0,0,1,0,0,0,0,1,0,1,1,0
41298571,3199.8165603460916,2050,스팅어,스팅어,53,89224,1998,5,9,16,1,1,1,1,1,1,1,1,1,1,0,1,0,0,0,0,0,1,0,0,0,0,0,0,0,1,1,0,1
41580850,2758.425760042816,3255,렉스턴,더 뉴 렉스턴 스포츠,35,20059,2157,5,3,0,0,1,1,1,1,1,1,1,1,1,0,0,0,1,0,0,0,0,0,1,0,0,0,0,1,0,1,1,0
41636101,3266.59261814898,2530,카니발,카니발 4세대,85,93221,2151,9,5,0,0,1,1,1,1,1,1,1,1,1,0,1,0,0,0,0,0,0,0,1,0,0,1,0,0,0,1,1,0
41395600,2949.416836726581,1719,스포티지,스포티지 5세대,55,109526,1598,5,4,19,0,1,1,1,1,1,1,1,0,1,0,1,0,0,0,0,0,1,0,0,0,0,1,0,0,0,1,1,0
38351093,5025.51401270444,4510,G90,G90,6,54045,3778,4,8,2,1,1,1,1,1,1,1,1,1,1,0,0,1,0,0,0,0,1,0,0,0,0,0,0,1,0,1,0,1
41649938,3086.853182440802,3890,싼타페,더 뉴 싼타페,56,34260,1598,6,3,0,0,1,1,1,1,1,1,1,1,1,1,0,0,0,0,0,0,0,1,0,0,0,0,1,0,0,1,1,0
40937064,3048.6479659774163,3190,스포티지,스포티지 5세대,55,11981,1598,5,2,0,0,1,1,1,1,1,1,1,1,1,0,1,0,0,0,0,0,1,0,0,0,0,1,0,0,0,1,1,0
41360426,4839.699076110866,7777,G90,G90,6,110101,3778,5,5,0,0,1,1,1,1,1,1,1,1,1,0,0,1,0,0,0,0,1,0,0,0,0,0,0,0,1,1,0,1
40861457,2611.388696455017,3140,K5,더 뉴 K5 하이브리드 3세대,11,845,1999,5,1,2,1,1,1,1,1,1,1,1,1,1,0,1,0,0,0,0,0,0,1,0,0,0,0,1,0,0,1,0,1
41343719,2798.9683874777133,2599,G70,G70,4,109074,3342,5,7,5,0,1,1,1,1,1,1,1,1,1,0,0,1,0,0,0,0,1,0,0,0,0,0,0,1,0,1,0,1
41531835,4394.3925768413965,5290,GV70,GV70,8,16000,2497,5,2,2,0,1,1,1,1,1,1,1,1,1,0,0,1,0,0,0,0,1,0,0,0,0,0,0,0,1,1,1,0
38541105,2849.033733094886,3050,G70,더 뉴 G70,4,70721,2199,5,5,1,0,1,1,1,1,1,1,1,1,1,0,0,1,0,0,0,0,0,0,1,0,0,0,0,1,0,1,0,1
40927795,2985.7852847364197,3550,싼타페,더 뉴 싼타페,56,27115,2151,5,6,0,1,1,1,1,1,1,1,1,1,1,1,0,0,0,0,0,0,0,0,1,0,0,1,0,0,0,1,1,0
41594808,2849.033733094886,2450,G70,G70,4,82734,1998,5,9,5,1,1,1,1,1,1,1,1,1,1,0,0,1,0,0,0,0,1,0,0,0,0,0,0,1,0,1,0,1
41502903,2917.9076270847495,1999,그랜저,더 뉴 그랜저 IG,27,86658,2497,5,5,8,0,1,1,1,1,1,1,1,1,1,1,0,0,0,0,0,0,1,0,0,0,0,0,1,0,0,1,0,1
41398732,2779.972995621478,2790,투싼,투싼 (NX4),101,57928,1998,5,5,0,0,1,1,1,1,1,1,1,1,1,1,0,0,0,0,0,0,0,0,1,0,0,0,0,1,0,1,1,0
41495305,2883.686388250694,3790,G70,더 뉴 G70,4,20526,2497,5,3,4,0,1,1,1,1,1,1,1,1,1,0,0,1,0,0,0,0,1,0,0,0,0,0,0,1,0,1,0,1
41396597,2722.967088332962,2690,K5,K5 3세대,11,52984,1598,5,5,2,1,1,1,1,1,1,1,1,1,1,0,1,0,0,0,0,0,1,0,0,0,0,1,0,0,0,1,0,1
41386908,3602.7134342567415,3350,팰리세이드,더 뉴 팰리세이드,107,51014,3778,7,3,0,0,1,1,1,1,1,1,1,1,1,1,0,0,0,0,0,0,1,0,0,0,0,0,1,0,0,1,1,0
41629025,3086.853182440802,2999,싼타페,더 뉴 싼타페,56,50100,2151,5,4,1,0,1,1,1,1,1,1,1,1,1,1,0,0,0,0,0,0,0,0,1,0,0,0,0,1,0,1,1,0
41149488,3611.071044237849,5850,팰리세이드,팰리세이드 (LX3),107,4578,2497,9,1,1,1,1,1,1,1,1,1,1,1,1,1,0,0,0,0,0,0,1,0,0,0,0,0,1,0,0,1,1,0
41548639,2752.5614403194695,9999,말리부,더 뉴 말리부,40,127952,1341,5,7,2,0,0,0,0,0,0,0,0,0,0,0,0,0,0,1,0,0,1,0,0,0,0,0,1,0,0,1,0,1
41406252,2580.7207386685927,2560,아반떼,더 뉴 아반떼 (CN7),62,14302,1598,5,2,0,0,1,1,1,1,1,1,1,1,1,1,0,0,0,0,0,0,1,0,0,0,0,1,0,0,0,1,0,1
41505621,2766.3800913523883,2099,렉스턴,올 뉴 렉스턴,35,140209,2157,5,4,0,0,1,1,1,1,1,1,1,1,1,0,0,0,1,0,0,0,0,0,1,0,0,1,0,0,0,1,1,0
41397915,5313.932698356571,5100,GV80,GV80,9,15000,2497,6,1,2,1,1,1,1,1,1,1,1,1,1,0,0,1,0,0,0,0,1,0,0,0,0,1,0,0,0,1,1,0
41284341,3614.405854880476,8888,팰리세이드,더 뉴 팰리세이드,107,34984,2199,7,4,0,1,1,1,1,1,1,1,1,1,1,1,0,0,0,0,0,0,0,0,1,0,0,1,0,0,0,1,1,0
41590745,5398.2920940715185,4940,GV80,GV80,9,91878,2497,7,4,0,0,1,1,1,1,1,1,1,1,1,0,0,1,0,0,0,0,1,0,0,0,0,1,0,0,0,1,1,0
41112137,2931.58161642511,1850,그랜저,더 뉴 그랜저 IG,27,119725,3342,5,6,8,0,1,1,1,1,1,1,1,1,1,1,0,0,0,0,0,0,1,0,0,0,0,1,0,0,0,1,0,1
41187489,3498.6983665185985,3580,쏘렌토,더 뉴 쏘렌토 4세대,58,41640,1598,5,2,8,0,1,1,1,1,1,1,1,1,1,0,1,0,0,0,0,0,0,1,0,0,0,1,0,0,0,1,1,0
39383198,3224.829199147787,3671,카니발,더 뉴 카니발 4세대,85,20000,3470,9,2,2,0,1,1,1,1,1,1,1,1,1,0,1,0,0,0,0,0,1,0,0,0,0,1,0,0,0,1,1,0
40968743,2739.750535430254,2550,렉스턴,올 뉴 렉스턴,35,131488,2157,7,5,3,1,1,1,1,1,1,1,1,1,1,0,0,0,1,0,0,0,0,0,1,0,0,0,0,1,0,1,1,0
41620927,2985.7852847364197,4699,싼타페,싼타페 (MX5),56,1636,1598,7,2,0,1,1,1,1,1,1,1,1,1,1,1,0,0,0,0,0,0,0,1,0,0,0,1,0,0,0,1,1,0
41587086,2871.0199908868076,2110,그랜저,그랜저 IG,27,65856,2999,5,8,3,0,1,1,1,1,1,1,1,1,1,1,0,0,0,0,0,0,1,0,0,0,0,1,0,0,0,1,0,1
39791731,4839.699076110866,6880,G90,G90 (RS4),6,57972,3470,5,4,0,0,1,1,1,1,1,1,1,1,1,0,0,1,0,0,0,0,1,0,0,0,0,0,1,0,0,1,0,1
41646362,4425.863399075039,2064,GV70,일렉트리파이드 GV70,8,52192,400,5,4,2,1,1,1,1,1,1,1,1,1,1,0,0,1,0,0,0,0,0,0,0,1,0,1,0,0,0,1,1,0
41443194,3555.8753163906044,3570,팰리세이드,팰리세이드,107,53802,2199,7,5,0,0,1,1,1,1,1,1,1,1,1,1,0,0,0,0,0,0,0,0,1,0,0,1,0,0,0,1,1,0
41622060,3835.924823652034,2232,G80,G80 (RG3),5,69236,2497,5,3,2,0,1,1,1,1,1,1,1,1,1,0,0,1,0,0,0,0,1,0,0,0,0,0,0,0,1,1,0,1
41498838,3015.4650086512584,2820,싼타페,더 뉴 싼타페,56,35880,2497,5,5,1,0,1,1,1,1,1,1,1,1,1,1,0,0,0,0,0,0,1,0,0,0,0,0,0,1,0,1,1,0
41586695,2814.4095035579858,2590,투싼,투싼 하이브리드 (NX4),101,93864,1598,5,6,0,0,1,1,1,1,1,1,1,1,1,1,0,0,0,0,0,0,0,1,0,0,0,0,0,1,0,1,1,0
41365851,3015.4650086512584,3566,싼타페,싼타페 (MX5),56,43320,1598,5,2,0,0,1,1,1,1,1,1,1,1,1,1,0,0,0,0,0,0,0,1,0,0,0,0,0,1,0,1,1,0
41572564,5398.2920940715185,4950,GV80,GV80,9,45540,3470,5,4,0,0,1,1,1,1,1,1,1,1,1,0,0,1,0,0,0,0,1,0,0,0,0,1,0,0,0,1,1,0
41417105,5313.932698356571,4170,GV80,GV80,9,61427,2497,7,6,2,0,1,1,1,1,1,1,1,1,1,0,0,1,0,0,0,0,1,0,0,0,0,1,0,0,0,1,1,0
41136820,2725.7156813909605,2120,쏘나타,쏘나타 (DN8),57,108601,1598,5,5,3,1,1,1,1,1,1,1,1,1,1,1,0,0,0,0,0,0,1,0,0,0,0,1,0,0,0,1,0,1
41593632,2580.1965669204437,3200,QM6,더 뉴 QM6,17,7,1997,5,0,0,0,1,1,1,1,1,1,1,1,1,0,0,0,0,0,1,0,1,0,0,0,0,0,0,1,0,1,1,0
41368858,3621.902165517916,3550,모하비,모하비 더 마스터,43,53897,2959,6,6,1,1,1,1,1,1,1,1,1,1,1,0,1,0,0,0,0,0,0,0,1,0,0,0,1,0,0,1,1,0
41567767,5008.326934333097,4699,G90,G90 (RS4),6,141164,3470,5,4,3,0,1,1,1,1,1,1,1,1,1,0,0,1,0,0,0,0,1,0,0,0,0,0,0,0,1,1,0,1
39308964,4394.3925768413965,4400,GV70,GV70,8,57770,3470,5,6,0,0,1,1,1,1,1,1,1,1,1,0,0,1,0,0,0,0,1,0,0,0,0,0,0,0,1,1,1,0
41417254,2429.895177340624,1720,EQ900,EQ900,0,148587,3342,5,10,2,0,1,1,1,1,1,1,1,1,1,0,0,1,0,0,0,0,1,0,0,0,0,0,1,0,0,1,0,1
41377853,2634.7772150268797,2050,쏘나타,쏘나타 (DN8),57,56139,1999,5,3,0,0,0,1,1,0,1,0,1,0,1,1,0,0,0,0,0,1,0,0,0,0,0,1,0,0,0,1,0,1
40975552,2634.7772150268797,2095,쏘나타,쏘나타 (DN8),57,35938,1598,5,5,4,0,1,1,1,1,1,1,1,1,1,1,0,0,0,0,0,0,1,0,0,0,0,0,0,1,0,1,0,1
41251540,2758.425760042816,2299,렉스턴,더 뉴 렉스턴 스포츠 칸,35,116836,2157,5,4,0,0,1,1,1,1,1,1,1,1,1,0,0,0,1,0,0,0,0,0,1,0,0,1,0,0,0,1,1,0
41182708,3067.673489216629,3270,싼타페,더 뉴 싼타페,56,17362,1598,5,5,5,0,1,1,1,1,1,1,1,1,1,1,0,0,0,0,0,0,0,1,0,0,0,0,0,1,0,1,1,0
41408292,2917.9076270847495,3480,그랜저,그랜저 (GN7),27,22691,3470,5,1,0,0,1,1,1,1,1,1,1,1,1,1,0,0,0,0,0,1,0,0,0,0,0,1,0,0,0,1,0,1
41433256,2497.8624202595693,2399,셀토스,셀토스,49,12182,1591,5,5,0,0,1,1,1,1,1,1,1,1,1,0,1,0,0,0,0,0,1,0,0,0,0,1,0,0,0,1,1,0
41548443,5412.40951276323,7290,GV80,GV80,9,12769,3470,5,2,0,0,1,1,1,1,1,1,1,1,1,0,0,1,0,0,0,0,1,0,0,0,0,1,0,0,0,1,1,0
41241762,3073.8059832820063,2395,콜로라도,리얼 뉴 콜로라도,94,50873,3649,5,6,0,0,0,1,1,1,0,1,1,0,1,0,0,0,0,1,0,0,1,0,0,0,0,0,1,0,0,1,1,0
41509094,3550.2021461772415,3080,스타리아,스타리아,51,48618,2199,9,4,0,0,1,1,1,1,1,1,1,0,1,1,0,0,0,0,0,0,0,0,1,0,0,0,0,1,0,1,1,0
41100905,2651.085997141483,9999,렉스턴,더 뉴 렉스턴 스포츠 칸,35,13415,2157,5,1,0,0,1,1,1,1,1,1,1,1,1,0,0,0,1,0,0,0,0,0,1,0,0,0,1,0,0,1,1,0
41585615,2917.9076270847495,2650,그랜저,더 뉴 그랜저 IG,27,107461,3342,5,6,0,0,1,1,1,1,1,1,1,1,1,1,0,0,0,0,0,0,1,0,0,0,0,1,0,0,0,1,0,1
41627953,2750.981798850805,2190,투싼,투싼 하이브리드 (NX4),101,89316,1598,5,5,5,0,1,1,1,1,1,0,1,1,1,1,0,0,0,0,0,0,0,1,0,0,0,1,0,0,0,1,1,0
41621033,2564.8123299278163,2070,아반떼,더 뉴 아반떼 (CN7),62,36741,1598,5,2,4,1,1,1,1,1,1,1,1,1,1,1,0,0,0,0,0,0,1,0,0,0,0,0,0,1,0,1,0,1
41382446,3067.673489216629,2930,싼타페,더 뉴 싼타페,56,57508,2151,5,6,0,0,1,1,1,1,1,1,1,1,1,1,0,0,0,0,0,0,0,0,1,0,0,0,1,0,0,1,1,0
41402007,2634.7772150268797,2090,쏘나타,쏘나타 하이브리드 (DN8),57,102111,1999,5,7,2,0,1,1,1,1,1,1,1,1,1,1,0,0,0,0,0,0,0,1,0,0,0,1,0,0,0,1,0,1
41353773,3463.9361949029885,2880,아이오닉5,아이오닉5,66,57310,111,5,5,0,0,1,1,1,1,1,1,1,1,1,1,0,0,0,0,0,0,0,0,0,1,0,0,0,1,0,1,0,1
41293600,2651.085997141483,2190,렉스턴,렉스턴 스포츠 칸,35,55903,2157,5,5,2,0,1,1,1,0,1,1,1,1,1,0,0,0,1,0,0,0,0,0,1,0,0,0,0,1,0,1,1,0
40087638,3877.838318635213,3450,G80,G80 (RG3),5,74884,2497,5,5,3,0,1,1,1,1,1,1,1,1,1,0,0,1,0,0,0,0,1,0,0,0,0,0,0,0,1,1,0,1
41269466,2757.4742128087482,2500,트레일블레이저,더 뉴 트레일블레이저,104,18858,1341,5,2,0,0,1,1,1,1,1,0,1,1,1,0,0,0,0,1,0,0,1,0,0,0,0,1,0,0,0,1,1,0
41652520,5406.43473495045,6799,GV80,GV80,9,11563,2497,5,1,0,0,1,1,1,1,1,1,1,1,1,0,0,1,0,0,0,0,1,0,0,0,0,0,0,1,0,1,1,0
41575143,3757.422508106974,4100,G80,G80 (RG3),5,50049,2497,5,4,0,1,1,1,1,1,1,1,1,1,1,0,0,1,0,0,0,0,1,0,0,0,0,0,0,1,0,1,0,1
41279250,3614.405854880476,2120,팰리세이드,팰리세이드,107,106704,3778,8,7,4,0,1,1,1,1,1,1,1,1,1,1,0,0,0,0,0,0,1,0,0,0,0,0,0,0,1,1,1,0
41557703,5406.43473495045,5290,GV80,GV80,9,49219,2497,5,5,0,0,1,1,1,1,1,1,1,1,1,0,0,1,0,0,0,0,1,0,0,0,0,1,0,0,0,1,1,0
41527001,2931.58161642511,1970,그랜저,더 뉴 그랜저 IG,27,118974,2497,5,6,12,1,1,1,1,1,1,1,1,1,1,1,0,0,0,0,0,0,1,0,0,0,0,0,1,0,0,1,0,1
41606104,3651.1332725787192,2750,모하비,모하비 더 마스터,43,108027,2959,6,7,20,0,1,1,1,1,1,1,1,1,1,0,1,0,0,0,0,0,0,0,1,0,0,0,0,1,0,1,1,0
41516378,2566.566644283388,2480,토레스,토레스,100,34817,1497,5,3,0,0,1,1,1,1,1,1,1,1,1,0,0,0,1,0,0,0,1,0,0,0,0,1,0,0,0,1,1,0
40999196,3086.853182440802,4195,싼타페,싼타페 (MX5),56,12583,1598,5,2,0,1,1,1,1,1,1,1,1,1,1,1,0,0,0,0,0,0,0,1,0,0,0,1,0,0,0,1,1,0
41262574,3108.745207717931,2330,스포티지,스포티지 5세대,55,65756,1598,5,4,0,0,1,1,1,1,1,1,1,1,1,0,1,0,0,0,0,0,1,0,0,0,0,1,0,0,0,1,1,0
41602464,4394.3925768413965,4550,GV70,GV70,8,23440,2497,5,3,0,0,1,1,1,1,1,1,1,1,1,0,0,1,0,0,0,0,1,0,0,0,0,0,1,0,0,1,1,0
41620204,4331.174374684793,4899,GV70,GV70,8,35778,2497,5,2,0,0,1,1,1,1,1,1,1,1,1,0,0,1,0,0,0,0,1,0,0,0,0,1,0,0,0,1,1,0
41584509,2650.525522053633,1909,스타렉스,더 뉴 그랜드 스타렉스,50,31210,2359,12,6,2,0,0,0,0,0,0,0,0,0,0,1,0,0,0,0,0,1,0,0,0,0,0,0,0,0,1,1,1,0
41611184,3565.3649600264525,2990,팰리세이드,팰리세이드,107,131257,2199,7,6,14,1,1,1,1,1,1,1,1,1,1,1,0,0,0,0,0,0,0,0,1,0,0,1,0,0,0,1,1,0
41546206,2580.7207386685927,1780,아반떼,아반떼 (CN7),62,67058,1598,5,4,1,0,0,1,1,1,1,1,1,1,1,1,0,0,0,0,0,0,1,0,0,0,0,1,0,0,0,1,0,1
41640631,3847.011384330083,2919,G80,G80 (RG3),5,100563,3470,5,5,2,1,1,1,1,1,1,1,1,1,1,0,0,1,0,0,0,0,1,0,0,0,0,0,0,0,1,1,0,1
41383042,2931.58161642511,3890,그랜저,그랜저 하이브리드 (GN7),27,32875,1598,5,3,1,0,1,1,1,1,1,1,1,1,1,1,0,0,0,0,0,0,0,1,0,0,0,0,1,0,0,1,0,1
41621098,3224.829199147787,3880,카니발,카니발 4세대,85,21416,3470,7,5,0,0,1,1,1,1,1,1,1,1,1,0,1,0,0,0,0,0,1,0,0,0,0,0,1,0,0,1,1,0
40649387,3036.133238826156,2630,스팅어,스팅어 마이스터,53,65478,3342,5,5,9,0,1,1,1,1,1,1,1,1,1,0,1,0,0,0,0,0,1,0,0,0,0,1,0,0,0,1,0,1
41499978,2833.7809220036456,1780,G70,G70,4,109040,2199,5,8,3,0,1,1,1,1,1,1,1,1,1,0,0,1,0,0,0,0,0,0,1,0,0,0,1,0,0,1,0,1
40751753,2615.360723815946,1990,토레스,토레스,100,88149,1497,5,4,4,0,1,1,0,1,1,1,1,1,1,0,0,0,1,0,0,0,1,0,0,0,0,0,0,1,0,1,1,0
40212999,3137.8525868123897,4066,K8,더 뉴 K8,13,3500,3470,5,1,2,1,1,1,1,1,1,1,1,1,1,0,1,0,0,0,0,1,0,0,0,0,0,1,0,0,0,1,0,1
41486738,2832.235730062908,2750,그랜저,더 뉴 그랜저 IG,27,74584,2497,5,4,0,1,1,1,1,1,1,1,1,1,1,1,0,0,0,0,0,0,1,0,0,0,0,1,0,0,0,1,0,1
41270937,3458.0058573363353,3800,스타리아,스타리아,51,11303,2199,5,2,2,0,0,1,1,1,1,0,1,0,1,1,0,0,0,0,0,0,0,1,0,0,0,0,1,0,0,1,1,0
41454836,3578.55046978521,2590,스타리아,스타리아,51,33609,2199,11,3,0,0,0,1,1,1,1,1,1,0,0,1,0,0,0,0,0,0,0,0,1,0,0,1,0,0,0,1,1,0
41265360,2582.899977616721,2960,토레스,토레스,100,3384,1497,5,1,0,0,1,1,1,1,1,1,1,0,1,0,0,0,1,0,0,0,1,0,0,0,0,0,0,0,1,1,1,0
41625703,5008.326934333097,6290,G90,G90 (RS4),6,127395,3470,4,4,0,0,1,1,1,1,1,1,1,1,1,0,0,1,0,0,0,0,1,0,0,0,0,0,1,0,0,1,0,1
41564426,2713.4540195717054,3200,K5,더 뉴 K5 3세대,11,6135,1598,5,2,7,1,1,1,1,1,1,1,1,1,1,0,1,0,0,0,0,0,1,0,0,0,0,0,0,1,0,1,0,1
41554112,2871.0199908868076,4180,그랜저,그랜저 하이브리드 (GN7),27,17250,1598,5,2,0,0,1,1,1,1,1,1,1,1,1,1,0,0,0,0,0,0,0,1,0,0,0,1,0,0,0,1,0,1
41181564,2917.9076270847495,8888,그랜저,더 뉴 그랜저 IG 하이브리드,27,167540,2359,5,5,0,0,1,1,1,1,1,1,1,1,1,1,0,0,0,0,0,0,0,1,0,0,0,1,0,0,0,1,0,1
41523256,2758.425760042816,4099,렉스턴,더 뉴 렉스턴 스포츠 칸,35,18000,2157,5,2,2,0,1,1,1,1,1,1,1,1,1,0,0,0,1,0,0,0,0,0,1,0,0,0,0,0,1,1,1,0
41614483,3326.4508146315256,2490,카니발,더 뉴 카니발,85,67735,2199,7,8,1,1,1,1,1,1,1,1,1,1,1,0,1,0,0,0,0,0,0,0,1,0,0,0,1,0,0,1,1,0
41286775,2540.7398004274887,2240,토레스,토레스,100,78843,1497,5,3,1,0,1,1,1,1,1,1,1,1,1,0,0,0,1,0,0,0,1,0,0,0,0,1,0,0,0,1,1,0
41515173,3015.4650086512584,2099,싼타페,싼타페 TM,56,138177,1995,5,8,1,1,1,1,1,1,1,1,1,1,1,1,0,0,0,0,0,0,0,0,1,0,0,0,0,1,0,1,1,0
41596484,3015.4650086512584,2760,싼타페,더 뉴 싼타페,56,37129,2497,5,3,4,1,1,1,1,1,1,1,1,1,1,1,0,0,0,0,0,0,1,0,0,0,0,0,0,0,1,1,1,0
41614137,2631.6880923441727,1970,QM6,더 뉴 QM6,17,42598,1998,5,5,2,0,0,0,0,0,0,0,0,0,0,0,0,0,0,0,1,1,0,0,0,0,0,1,0,0,0,1,1,0
39985013,4409.23982988708,6300,타호,타호,98,11908,6162,7,3,0,1,1,1,1,1,1,0,1,1,1,0,0,0,0,1,0,0,1,0,0,0,0,0,1,0,0,1,1,0
41485626,2795.223454361947,2470,니로,디 올 뉴 니로,29,50384,1580,5,4,1,0,0,1,1,1,1,1,1,1,1,0,1,0,0,0,0,0,0,1,0,0,0,0,0,0,1,1,1,0
41182238,2497.8624202595693,2260,셀토스,셀토스,49,44137,1591,5,5,0,0,1,1,1,1,1,1,1,1,1,0,1,0,0,0,0,0,1,0,0,0,0,0,0,1,0,1,1,0
41502861,2757.4742128087482,2530,트레일블레이저,더 뉴 트레일블레이저,104,39233,1341,5,3,0,0,1,1,1,1,1,0,1,1,1,0,0,0,0,1,0,0,1,0,0,0,0,0,1,0,0,1,1,0
41398467,5406.43473495045,6250,GV80,GV80,9,4802,2497,5,3,4,0,1,1,1,1,1,1,1,1,1,0,0,1,0,0,0,0,1,0,0,0,0,1,0,0,0,1,1,0
41585472,4394.3925768413965,5690,GV70,일렉트리파이드 GV70,8,37055,111,5,4,0,0,1,1,1,1,1,1,1,1,1,0,0,1,0,0,0,0,0,0,0,1,0,0,1,0,0,1,1,0
41406478,3409.02987241531,3230,아이오닉6,아이오닉6,67,50835,111,5,4,3,0,1,1,1,1,1,1,1,1,1,1,0,0,0,0,0,0,0,0,0,1,0,0,1,0,0,1,0,1
40275995,4952.810596887665,3199,G90,G90,6,149992,5038,4,7,5,0,1,1,1,1,1,1,1,1,1,0,0,1,0,0,0,0,1,0,0,0,0,0,1,0,0,1,0,1
40973556,2859.939240148325,1750,코나,코나,91,22134,1591,5,8,0,0,0,1,1,0,1,1,1,0,1,1,0,0,0,0,0,0,1,0,0,0,0,1,0,0,0,1,1,0
41430697,2758.425760042816,2939,렉스턴,올 뉴 렉스턴,35,37940,2157,7,5,2,0,1,1,1,1,1,1,1,1,1,0,0,0,1,0,0,0,0,0,1,0,0,0,0,1,0,1,1,0
41555027,3555.8753163906044,3070,팰리세이드,팰리세이드,107,61203,2199,7,5,0,1,1,1,1,1,1,1,1,1,1,1,0,0,0,0,0,0,0,0,1,0,0,0,1,0,0,1,1,0
41232832,3191.47987241531,3350,마스터,마스터,38,646,2299,3,2,0,0,0,1,1,0,0,1,0,0,1,0,0,0,0,0,1,0,0,0,1,0,0,1,0,0,0,0,1,0
41525391,5373.873808791013,4530,GV80,GV80,9,89171,3470,5,6,0,1,1,1,1,1,1,1,1,1,1,0,0,1,0,0,0,0,1,0,0,0,0,0,0,0,1,1,1,0
41216666,2620.1903020024697,2950,쏘나타,쏘나타 디 엣지(DN8),57,34470,1598,5,2,0,0,1,1,1,1,1,1,1,1,1,1,0,0,0,0,0,0,1,0,0,0,0,0,0,1,0,1,0,1
41620146,3086.853182440802,2490,싼타페,더 뉴 싼타페,56,66652,2151,5,4,4,0,1,1,1,1,1,1,1,1,1,1,0,0,0,0,0,0,0,0,1,0,0,1,0,0,0,1,1,0
41603775,2540.7398004274887,2599,토레스,토레스,100,11563,1497,5,3,0,0,1,1,1,1,1,1,1,1,1,0,0,0,1,0,0,0,1,0,0,0,0,1,0,0,0,1,1,0
41030722,3602.7134342567415,3890,팰리세이드,더 뉴 팰리세이드,107,51589,2199,7,3,0,0,1,1,1,1,1,1,1,1,1,1,0,0,0,0,0,0,0,0,1,0,0,0,0,0,1,1,1,0
41519082,3847.011384330083,3290,G80,G80 (RG3),5,98662,2497,5,5,4,0,1,1,1,1,1,1,1,1,1,0,0,1,0,0,0,0,1,0,0,0,0,0,0,1,0,1,0,1
41650946,2479.8411014207704,1830,K7,올 뉴 K7,12,87358,2999,5,8,3,1,1,1,1,1,1,1,1,1,1,0,1,0,0,0,0,0,1,0,0,0,0,1,0,0,0,1,0,1
41390450,2832.235730062908,2990,그랜저,그랜저 (GN7),27,48516,3470,5,3,0,0,1,1,1,1,1,1,1,1,1,1,0,0,0,0,0,0,1,0,0,0,0,0,0,0,1,1,0,1
41580570,2632.4269067199116,1899,아반떼,아반떼 (CN7),62,54404,1598,5,3,3,0,0,1,1,1,1,1,1,1,1,1,0,0,0,0,0,0,1,0,0,0,0,1,0,0,0,1,0,1
41609765,3015.4650086512584,2640,싼타페,더 뉴 싼타페,56,76361,1598,5,4,4,0,1,1,1,1,1,1,1,1,1,1,0,0,0,0,0,0,0,1,0,0,0,0,0,1,0,1,1,0
41584034,2832.235730062908,2430,그랜저,더 뉴 그랜저 IG,27,70554,2497,5,6,3,1,1,1,1,1,1,1,1,1,1,1,0,0,0,0,0,0,1,0,0,0,0,1,0,0,0,1,0,1
41140404,3326.4508146315256,2290,카니발,카니발 4세대,85,101620,2151,9,5,27,0,1,1,1,1,1,1,1,1,1,0,1,0,0,0,0,0,0,0,1,0,0,0,1,0,0,1,1,0
41047386,2854.9748405191376,2700,볼트,볼트 EUV,48,14533,188,5,4,0,1,1,1,1,1,1,0,1,1,1,0,0,0,0,1,0,0,0,0,0,1,0,1,0,0,0,1,0,1
41586504,3067.673489216629,2400,싼타페,싼타페 TM,56,19479,1998,5,7,4,0,1,1,1,1,1,1,1,1,1,1,0,0,0,0,0,0,1,0,0,0,0,0,0,1,0,1,1,0
41587209,4477.328734051914,4590,GV70,GV70,8,58548,2497,5,4,1,1,1,1,1,1,1,1,1,1,1,0,0,1,0,0,0,0,1,0,0,0,0,0,1,0,0,1,1,0
41376256,3757.422508106974,4150,G80,G80 (RG3),5,76057,3470,5,5,0,1,1,1,1,1,1,1,1,1,1,0,0,1,0,0,0,0,1,0,0,0,0,0,0,1,0,1,0,1
41096935,3063.629778185483,3550,싼타페,더 뉴 싼타페,56,29142,1598,5,4,1,1,1,1,1,1,1,1,1,1,1,1,0,0,0,0,0,0,0,1,0,0,0,1,0,0,0,1,1,0
41464266,2871.0199908868076,2350,그랜저,더 뉴 그랜저 IG,27,87328,2497,5,6,13,0,1,1,1,1,1,1,1,1,1,1,0,0,0,0,0,0,1,0,0,0,0,0,1,0,0,1,0,1
41516002,2871.0199908868076,4750,그랜저,그랜저 하이브리드 (GN7),27,10395,1598,5,2,0,1,1,1,1,1,1,1,1,1,1,1,0,0,0,0,0,0,0,1,0,0,0,1,0,0,0,1,0,1
41616834,3611.071044237849,3250,팰리세이드,팰리세이드,107,99838,2199,7,6,1,1,1,1,1,1,1,1,1,1,1,1,0,0,0,0,0,0,0,0,1,0,0,1,0,0,0,1,1,0
41467497,2513.119275862335,2420,토레스,토레스,100,42294,1497,5,3,0,0,1,1,1,1,1,1,1,1,1,0,0,0,1,0,0,0,1,0,0,0,0,0,1,0,0,1,1,0
41527328,3453.3633120692184,9999,쏘렌토,쏘렌토 4세대,58,59738,2151,6,6,14,0,1,1,1,1,1,1,1,1,1,0,1,0,0,0,0,0,0,0,1,0,0,0,0,1,0,1,1,0
41259929,3602.7134342567415,6350,팰리세이드,팰리세이드 (LX3),107,10438,2497,7,1,0,1,1,1,1,1,1,1,1,1,1,1,0,0,0,0,0,0,0,1,0,0,0,0,1,0,0,1,1,0
41591201,2917.9076270847495,1790,그랜저,그랜저 IG 하이브리드,27,131902,2359,5,8,8,0,1,1,1,1,1,1,1,1,1,1,0,0,0,0,0,0,0,1,0,0,0,1,0,0,0,1,0,1
41269129,2620.1903020024697,1840,쏘나타,쏘나타 하이브리드 (DN8),57,105974,1999,5,4,2,0,1,1,1,1,1,1,1,1,1,1,0,0,0,0,0,0,0,1,0,0,0,1,0,0,0,1,0,1
41619615,2602.03768400251,2670,쏘나타,쏘나타 디 엣지(DN8),57,16267,1598,5,3,1,0,1,1,1,1,1,1,1,1,1,1,0,0,0,0,0,0,1,0,0,0,0,0,1,0,0,1,0,1
41508651,2580.7207386685927,2260,아반떼,더 뉴 아반떼 하이브리드 (CN7),62,6286,1580,5,3,1,0,1,1,1,1,1,1,1,1,1,1,0,0,0,0,0,0,0,1,0,0,0,1,0,0,0,1,0,1
41446869,2777.2978813068744,2222,렉스턴,더 뉴 렉스턴 스포츠 칸,35,49312,2157,5,2,2,0,0,0,0,0,0,0,0,0,0,0,0,0,1,0,0,0,0,0,1,0,0,0,1,0,0,1,1,0
41186499,2609.1958662919633,2350,스타렉스,더 뉴 그랜드 스타렉스,50,64224,2497,5,6,2,0,0,1,1,0,0,0,1,0,1,1,0,0,0,0,0,1,0,0,0,0,0,0,0,0,1,1,1,0
41474914,3565.3649600264525,2736,팰리세이드,더 뉴 팰리세이드,107,15500,3778,7,2,2,0,1,1,1,1,1,1,1,1,1,1,0,0,0,0,0,0,1,0,0,0,0,0,1,0,0,1,1,0
41648188,2832.235730062908,2350,그랜저,더 뉴 그랜저 IG,27,50729,3342,5,5,3,0,1,1,1,1,1,1,1,1,1,1,0,0,0,0,0,0,1,0,0,0,0,0,0,1,0,1,0,1
41433207,3828.3155031297233,2050,G80,G80,5,95597,3342,5,7,1,0,1,1,1,1,1,1,1,1,1,0,0,1,0,0,0,0,1,0,0,0,0,0,0,1,0,1,0,1
41587776,5412.40951276323,4030,GV80,GV80,9,144513,2497,6,4,1,1,1,1,1,1,1,1,1,1,1,0,0,1,0,0,0,0,1,0,0,0,0,1,0,0,0,1,1,0
41601150,2501.257721073471,2030,스타렉스,더 뉴 그랜드 스타렉스,50,96590,2497,9,7,6,0,0,1,1,1,0,1,1,1,1,1,0,0,0,0,0,0,0,0,1,0,0,0,1,0,0,1,1,0
41605089,3137.8525868123897,2480,K8,K8,13,35814,2497,5,4,0,0,1,1,1,1,1,0,1,1,1,0,1,0,0,0,0,0,1,0,0,0,0,0,1,0,0,1,0,1
40892121,3579.672286134175,5790,모하비,모하비 더 마스터,43,42212,2959,5,3,0,1,1,1,1,1,1,1,1,1,1,0,1,0,0,0,0,0,0,0,1,0,0,0,1,0,0,1,1,0
41604123,3877.838318635213,3090,G80,G80 (RG3),5,66273,2497,5,5,7,0,1,1,1,1,1,1,1,1,1,0,0,1,0,0,0,0,1,0,0,0,0,0,0,0,1,1,0,1
41603313,2684.625840071605,1790,쏘나타,쏘나타 (DN8),57,104244,1598,5,5,3,0,1,1,1,1,1,1,1,1,1,1,0,0,0,0,0,0,1,0,0,0,0,0,1,0,0,1,0,1
40941013,3757.422508106974,2150,G80,G80,5,110831,3342,5,9,6,1,1,1,1,1,1,1,1,1,1,0,0,1,0,0,0,0,1,0,0,0,0,0,0,0,1,1,0,1
40824565,3223.7858673429773,2699,카니발,더 뉴 카니발,85,42344,2199,9,8,3,0,1,1,1,1,1,1,1,1,1,0,1,0,0,0,0,0,0,0,1,0,0,1,0,0,0,1,1,0
41663173,3594.805689983869,4990,스타리아,스타리아,51,12503,2199,7,2,4,0,1,1,1,1,1,1,1,1,1,1,0,0,0,0,0,0,0,0,1,0,0,1,0,0,0,1,1,0
41396906,4331.174374684793,6100,GV70,GV70,8,4229,2497,5,1,0,1,1,1,1,1,1,1,1,1,1,0,0,1,0,0,0,0,1,0,0,0,0,1,0,0,0,1,1,0
41479579,5398.2920940715185,4490,GV80,GV80,9,131600,2996,5,4,0,0,1,1,1,1,1,1,1,1,1,0,0,1,0,0,0,0,0,0,1,0,0,0,1,0,0,1,1,0
41357201,3357.3272340652456,3820,아이오닉5,아이오닉5,66,29775,111,5,3,1,0,1,1,1,1,1,1,1,1,1,1,0,0,0,0,0,0,0,0,0,1,0,0,1,0,0,1,0,1
41441262,2887.6126226256356,2130,그랜저,더 뉴 그랜저 IG,27,57512,2497,5,6,7,1,1,1,1,1,1,1,1,1,1,1,0,0,0,0,0,0,1,0,0,0,0,1,0,0,0,1,0,1
41374705,3063.629778185483,2950,싼타페,더 뉴 싼타페,56,95346,2151,5,5,2,0,1,1,1,1,1,1,1,1,1,1,0,0,0,0,0,0,0,0,1,0,0,1,0,0,0,1,1,0
41269593,3458.0058573363353,4190,스타리아,스타리아,51,33436,2199,7,4,0,0,1,1,1,1,1,1,1,1,1,1,0,0,0,0,0,0,0,0,1,0,0,0,0,1,0,1,1,0
41269371,2814.4095035579858,2990,투싼,투싼 (NX4),101,60275,1598,5,4,0,0,0,1,1,1,1,1,1,1,1,1,0,0,0,0,0,0,1,0,0,0,0,0,0,1,0,1,1,0
41427318,3067.673489216629,3240,싼타페,더 뉴 싼타페,56,76795,1598,5,3,3,0,1,1,1,1,1,1,1,1,1,1,0,0,0,0,0,0,0,1,0,0,0,0,0,1,0,1,1,0
41401127,3847.011384330083,2749,G80,G80,5,68426,3342,5,9,14,1,1,1,1,1,1,1,1,1,1,0,0,1,0,0,0,0,1,0,0,0,0,0,1,0,0,1,0,1
41625342,3178.3266241384367,2830,K8,K8,13,69867,2497,5,4,0,0,1,1,1,1,1,1,1,1,1,0,1,0,0,0,0,0,1,0,0,0,0,1,0,0,0,1,0,1
41046382,3602.7134342567415,3500,팰리세이드,더 뉴 팰리세이드,107,50284,2199,7,4,0,0,1,1,1,1,1,1,1,1,1,1,0,0,0,0,0,0,0,0,1,0,0,0,1,0,0,1,1,0
41489718,3296.3998657003262,3730,아이오닉6,아이오닉6,67,33002,111,5,3,0,0,1,1,1,1,1,1,1,1,1,1,0,0,0,0,0,0,0,0,0,1,0,0,1,0,0,1,0,1
41000604,2758.425760042816,2699,렉스턴,올 뉴 렉스턴,35,71124,2157,5,5,4,0,1,1,1,1,1,1,1,1,1,0,0,0,1,0,0,0,0,0,1,0,0,1,0,0,0,1,1,0
41295638,2673.1365231294194,2750,트랙스,트랙스 크로스오버,103,4,1199,5,0,0,0,1,1,1,1,1,0,1,1,1,0,0,0,0,1,0,0,1,0,0,0,0,0,1,0,0,1,1,0
41638066,2498.7756802517033,1890,K7,K7 프리미어 하이브리드,12,127264,2359,5,7,12,0,1,1,1,1,1,1,1,1,1,0,1,0,0,0,0,0,0,1,0,0,0,1,0,0,0,1,0,1
41351005,4407.572611286646,4240,GV60,GV60,7,91642,111,5,4,0,0,1,1,1,1,1,1,1,1,1,0,0,1,0,0,0,0,0,0,0,1,0,1,0,0,0,1,1,0
41508630,3157.6298724153103,1749,레이,더 뉴 기아 레이,34,20621,998,5,4,0,0,0,1,1,1,1,1,1,1,1,0,1,0,0,0,0,0,1,0,0,0,0,1,0,0,0,1,0,1
41478532,3757.422508106974,6410,G80,G80 (RG3),5,18422,2497,5,2,0,0,1,1,1,1,1,1,1,1,1,0,0,1,0,0,0,0,1,0,0,0,0,0,1,0,0,1,0,1
41529497,4187.504640395533,9999,GV60,GV60,7,71553,111,5,4,8,0,1,1,1,1,1,1,1,1,1,0,0,1,0,0,0,0,0,0,0,1,0,0,1,0,0,1,1,0
41088661,2602.03768400251,1870,쏘나타,쏘나타 (DN8),57,52135,1999,5,5,1,0,1,1,1,1,1,1,1,1,1,1,0,0,0,0,0,0,1,0,0,0,0,0,0,1,0,1,0,1
41662094,3067.673489216629,2490,싼타페,싼타페 TM,56,110016,1995,5,8,2,1,1,1,1,1,1,1,1,1,1,1,0,0,0,0,0,0,0,0,1,0,0,1,0,0,0,1,1,0
41446941,3438.6524381008708,2499,쏘렌토,쏘렌토 4세대,58,85639,2151,6,5,13,0,1,1,1,1,1,1,1,1,1,0,1,0,0,0,0,0,0,0,1,0,0,1,0,0,0,1,1,0
41469118,3602.7134342567415,3499,팰리세이드,더 뉴 팰리세이드,107,53989,3778,7,4,3,0,1,1,1,1,1,1,1,1,1,1,0,0,0,0,0,0,1,0,0,0,0,0,0,1,0,1,1,0
41583217,3565.3649600264525,3390,팰리세이드,팰리세이드,107,75143,2199,7,5,1,1,1,1,1,1,1,1,1,1,1,1,0,0,0,0,0,0,0,0,1,0,0,1,0,0,0,1,1,0
40830130,2540.7398004274887,2450,토레스,토레스,100,41562,1497,5,3,0,1,1,1,1,1,1,1,1,1,1,0,0,0,1,0,0,0,1,0,0,0,0,1,0,0,0,1,1,0
41390476,2985.7852847364197,4050,싼타페,싼타페 (MX5),56,14833,2497,7,2,1,0,1,1,1,1,1,1,1,1,1,1,0,0,0,0,0,0,1,0,0,0,0,1,0,0,0,1,1,0
41598299,4394.3925768413965,3750,GV70,GV70,8,68427,2497,5,5,3,0,1,1,1,1,1,1,1,1,1,0,0,1,0,0,0,0,1,0,0,0,0,1,0,0,0,1,1,0
41543112,2652.43527743991,2520,아반떼,더 뉴 아반떼 하이브리드 (CN7),62,63464,1580,5,3,1,0,1,1,1,1,1,1,1,1,1,1,0,0,0,0,0,0,0,1,0,0,0,1,0,0,0,1,0,1
41651521,3550.2021461772415,3460,스타리아,스타리아,51,79755,2199,9,5,0,1,1,1,1,1,1,1,1,1,1,1,0,0,0,0,0,0,0,0,1,0,0,0,1,0,0,1,1,0
40559563,2993.374293546313,2809,콜로라도,리얼 뉴 콜로라도,94,88747,3649,5,5,0,0,0,1,1,1,0,1,1,0,1,0,0,0,0,1,0,0,1,0,0,0,0,0,1,0,0,1,1,0
41591920,2871.0199908868076,3090,그랜저,그랜저 (GN7),27,115190,2497,5,3,0,0,1,1,1,1,1,1,1,1,1,1,0,0,0,0,0,0,1,0,0,0,0,0,1,0,0,1,0,1
41530750,4363.6224840519135,3550,GV70,GV70,8,119857,2497,5,5,3,1,1,1,1,1,1,1,1,1,1,0,0,1,0,0,0,0,1,0,0,0,0,1,0,0,0,1,1,0
41124395,3828.3155031297233,5080,G80,G80 (RG3),5,53094,2497,5,4,2,1,1,1,1,1,1,1,1,1,1,0,0,1,0,0,0,0,1,0,0,0,0,1,0,0,0,1,0,1
41094637,2615.360723815946,2399,토레스,토레스,100,47221,1497,5,4,1,0,1,1,1,1,1,1,1,1,1,0,0,0,1,0,0,0,1,0,0,0,0,1,0,0,0,1,1,0
41389210,5373.873808791013,4790,GV80,GV80,9,35930,2996,5,6,3,0,1,1,1,1,1,1,1,1,1,0,0,1,0,0,0,0,0,0,1,0,0,0,0,1,0,1,1,0
41433907,4394.3925768413965,4249,GV70,GV70,8,85644,2497,5,5,2,1,1,1,1,1,1,1,1,1,1,0,0,1,0,0,0,0,1,0,0,0,0,1,0,0,0,1,1,0
41327025,2917.9076270847495,3430,그랜저,그랜저 (GN7),27,9203,2497,5,1,0,0,1,1,1,1,1,1,1,1,1,1,0,0,0,0,0,0,1,0,0,0,0,0,1,0,0,1,0,1
41628125,3183.022820690089,2290,아이오닉5,아이오닉5,66,203920,111,5,4,4,0,1,1,1,1,1,1,1,1,1,1,0,0,0,0,0,0,0,0,0,1,0,0,1,0,0,1,0,1
41459001,4363.6224840519135,3650,GV70,GV70,8,74869,2497,5,3,10,0,1,1,1,1,1,1,1,1,1,0,0,1,0,0,0,0,1,0,0,0,0,1,0,0,0,1,1,0
41437454,2871.0199908868076,2270,그랜저,더 뉴 그랜저 IG,27,96357,2497,5,6,2,0,1,1,1,1,1,1,1,1,1,1,0,0,0,0,0,0,1,0,0,0,0,0,0,1,0,1,0,1
40971143,3293.2719489661245,2350,K8,K8,13,28361,2497,5,2,8,0,1,1,1,1,1,1,1,1,1,0,1,0,0,0,0,0,1,0,0,0,0,0,1,0,0,1,0,1
41591952,3847.011384330083,3600,G80,G80 (RG3),5,62593,2497,5,5,0,1,1,1,1,1,1,1,1,1,1,0,0,1,0,0,0,0,1,0,0,0,0,0,0,0,1,1,0,1
41542172,2652.43527743991,2250,아반떼,더 뉴 아반떼 (CN7),62,20594,1598,5,1,2,1,1,1,1,1,1,1,1,1,1,1,0,0,0,0,0,0,1,0,0,0,0,0,0,1,0,1,0,1
41405087,3320.3306710887,3550,EV6,EV6,3,95622,111,5,5,1,1,1,1,1,1,1,1,1,1,0,0,1,0,0,0,0,0,0,0,0,1,0,1,0,0,0,1,0,1
41421629,2887.6126226256356,2160,그랜저,더 뉴 그랜저 IG,27,54518,2497,5,5,7,1,1,1,1,1,1,1,1,1,1,1,0,0,0,0,0,0,1,0,0,0,0,0,0,1,0,1,0,1
41586838,4694.042674879014,2290,K3,더 뉴 K3 2세대,10,66981,1598,5,4,0,0,1,1,1,1,1,1,1,1,1,0,1,0,0,0,0,0,1,0,0,0,0,1,0,0,0,1,0,1
41648131,2819.120910451986,2190,투싼,투싼 하이브리드 (NX4),101,66172,1598,5,5,7,0,0,1,1,1,1,1,1,1,1,1,0,0,0,0,0,0,0,1,0,0,0,0,0,1,0,1,1,0
40880770,2651.085997141483,3580,렉스턴,더 뉴 렉스턴 스포츠 칸,35,33869,2157,5,4,0,0,1,1,1,1,1,1,1,1,1,0,0,0,1,0,0,0,0,0,1,0,0,1,0,0,0,1,1,0
41627593,3124.321134797158,3470,트래버스,트래버스,102,60313,3564,7,3,0,0,1,1,1,1,1,1,1,1,1,0,0,0,0,1,0,0,1,0,0,0,0,1,0,0,0,1,1,0
41619938,2792.2446070107953,2590,투싼,투싼 하이브리드 (NX4),101,93012,1598,5,5,4,1,1,1,1,1,1,1,1,1,1,1,0,0,0,0,0,0,0,1,0,0,0,0,0,0,1,1,1,0
41039329,3073.8059832820063,2890,콜로라도,리얼 뉴 콜로라도,94,58654,3649,5,4,1,0,1,1,1,1,0,1,1,0,1,0,0,0,0,1,0,0,1,0,0,0,0,0,1,0,0,1,1,0
41053051,3048.6479659774163,2580,스포티지,스포티지 5세대,55,64862,1998,5,4,6,0,1,1,1,1,1,1,1,1,1,0,1,0,0,0,0,0,0,0,1,0,0,1,0,0,0,1,1,0
41609266,3083.2164540255167,2030,아이오닉,더 뉴 아이오닉 일렉트릭,65,12922,0,5,7,2,0,0,1,1,1,1,1,1,0,1,1,0,0,0,0,0,0,0,0,0,1,0,1,0,0,0,1,0,1
41317361,3498.6983665185985,3795,쏘렌토,쏘렌토 4세대,58,27859,1598,5,3,0,1,1,1,1,1,1,1,1,1,1,0,1,0,0,0,0,0,0,1,0,0,0,1,0,0,0,1,1,0
41480461,5008.326934333097,8399,G90,G90 (RS4),6,34738,3470,5,2,1,0,1,1,1,1,1,1,1,1,1,0,0,1,0,0,0,0,1,0,0,0,0,0,1,0,0,1,0,1
41475169,2713.4540195717054,2099,K5,K5 3세대,11,50998,1999,5,6,0,0,1,1,1,1,1,0,1,1,1,0,1,0,0,0,0,0,1,0,0,0,0,1,0,0,0,1,0,1
41348767,2632.4269067199116,2590,아반떼,더 뉴 아반떼 (CN7),62,3411,1598,5,1,0,0,1,1,1,1,1,1,1,1,1,1,0,0,0,0,0,0,1,0,0,0,0,1,0,0,0,1,0,1
41454570,3847.011384330083,3860,G80,G80 (RG3),5,87886,3470,5,3,1,0,1,1,1,1,1,1,1,1,1,0,0,1,0,0,0,0,1,0,0,0,0,0,1,0,0,1,0,1
41429688,3266.59261814898,4950,카니발,더 뉴 카니발 4세대,85,18714,1598,9,3,2,0,0,0,0,0,0,0,0,0,0,0,1,0,0,0,0,0,0,1,0,0,0,0,1,0,0,1,1,0
41511551,3326.4508146315256,4710,카니발,더 뉴 카니발 4세대,85,46605,1598,9,2,0,0,1,1,1,1,1,1,1,1,1,0,1,0,0,0,0,0,0,1,0,0,0,0,1,0,0,1,1,0
41352699,3118.8378870397623,2150,코나,더 뉴 코나 하이브리드,91,47118,1580,5,5,2,0,0,0,0,0,0,0,0,0,0,1,0,0,0,0,0,0,0,1,0,0,0,0,0,1,0,1,1,0
41631039,2917.9076270847495,3750,그랜저,그랜저 (GN7),27,9162,2497,5,3,0,0,1,1,1,1,1,1,1,1,1,1,0,0,0,0,0,0,1,0,0,0,0,0,0,0,1,1,0,1
41621289,2917.9076270847495,1880,그랜저,더 뉴 그랜저 IG,27,190453,2999,5,6,6,1,1,1,1,1,1,1,1,1,1,1,0,0,0,0,0,1,0,0,0,0,0,0,1,0,0,1,0,1
40178489,2632.4269067199116,1900,아반떼,더 뉴 아반떼 (CN7),62,45755,1591,5,3,0,0,1,1,1,1,1,1,1,1,1,1,0,0,0,0,0,1,0,0,0,0,0,1,0,0,0,1,0,1
41315012,3266.59261814898,2800,카니발,카니발 4세대,85,46711,3470,9,4,1,0,1,1,1,1,1,1,1,1,1,0,1,0,0,0,0,0,1,0,0,0,0,1,0,0,0,1,1,0
41476895,2684.625840071605,2200,쏘나타,쏘나타 디 엣지(DN8),57,66163,1999,5,2,1,0,1,1,1,1,1,1,1,1,1,1,0,0,0,0,0,1,0,0,0,0,0,1,0,0,0,1,0,1
41323963,2725.7156813909605,2190,쏘나타,쏘나타 (DN8),57,63753,1598,5,5,5,1,1,1,1,1,1,1,1,1,1,1,0,0,0,0,0,0,1,0,0,0,0,1,0,0,0,1,0,1
41484420,2798.9683874777133,2690,G70,G70,4,64178,3342,5,7,5,1,1,1,1,1,1,1,1,1,1,0,0,1,0,0,0,0,1,0,0,0,0,0,0,0,1,1,0,1
41554432,2819.120910451986,3660,투싼,투싼 (NX4),101,20012,1998,5,4,1,1,1,1,1,1,1,1,1,1,1,1,0,0,0,0,0,0,0,0,1,0,0,0,0,1,0,1,1,0
40952007,2730.0779228526476,1750,QM6,더 뉴 QM6,17,85375,1997,5,6,1,1,1,1,1,1,1,1,1,1,1,0,0,0,0,0,1,0,1,0,0,0,0,1,0,0,0,1,1,0
41633598,3594.805689983869,3450,스타리아,스타리아,51,39743,1598,5,2,0,0,1,1,1,1,1,1,1,1,1,1,0,0,0,0,0,0,0,1,0,0,0,0,0,1,0,1,1,0
41330745,2606.6170699516056,2130,트레일블레이저,트레일블레이저,104,70915,1341,5,4,0,0,1,1,1,1,1,1,1,1,1,0,0,0,0,1,0,0,1,0,0,0,0,1,0,0,0,1,1,0
41566897,3438.6524381008708,3580,쏘렌토,쏘렌토 4세대,58,82572,2151,5,4,0,1,1,1,1,1,1,1,1,1,1,0,1,0,0,0,0,0,0,0,1,0,0,1,0,0,0,1,1,0
41659697,2832.235730062908,3350,그랜저,그랜저 (GN7),27,49053,2497,5,3,1,0,1,1,1,1,1,1,1,1,1,1,0,0,0,0,0,0,1,0,0,0,0,0,0,1,0,1,0,1
41432957,3118.8378870397623,1899,코나,더 뉴 코나,91,79505,1999,5,5,0,0,0,1,1,1,1,1,1,0,1,1,0,0,0,0,0,0,1,0,0,0,0,0,0,1,0,1,1,0
41507201,3086.853182440802,2390,싼타페,싼타페 TM,56,36651,1998,5,6,2,0,0,1,1,1,1,1,1,1,1,1,0,0,0,0,0,0,1,0,0,0,0,0,0,1,0,1,1,0
41559055,2777.2978813068744,4080,렉스턴,렉스턴 뉴 아레나,35,20537,2157,5,3,1,0,1,1,1,1,1,1,1,1,1,0,0,0,1,0,0,0,0,0,1,0,0,1,0,0,0,1,1,0
41652455,2501.257721073471,1940,스타렉스,더 뉴 그랜드 스타렉스,50,29950,2497,12,6,0,0,0,1,1,0,0,0,1,0,1,1,0,0,0,0,0,0,0,0,1,0,0,0,0,0,1,1,1,0
41408483,3462.654978735885,3250,쏘렌토,쏘렌토 4세대,58,85468,1598,5,6,1,0,1,1,1,1,1,1,1,1,1,0,1,0,0,0,0,0,0,1,0,0,0,1,0,0,0,1,1,0
41470459,2849.033733094886,2890,G70,더 뉴 G70,4,41537,1998,5,3,2,0,0,0,0,0,0,0,0,0,0,0,0,1,0,0,0,0,1,0,0,0,0,0,0,1,0,1,0,1
41599665,3614.405854880476,3230,팰리세이드,팰리세이드,107,67647,3778,7,4,0,1,1,1,1,1,1,1,1,1,1,1,0,0,0,0,0,0,1,0,0,0,0,1,0,0,0,1,1,0
40877765,2670.6999624750915,2270,K5,K5 3세대,11,64228,1598,5,6,3,1,1,1,1,1,1,1,1,1,1,0,1,0,0,0,0,0,1,0,0,0,0,1,0,0,0,1,0,1
41660250,2732.336808530345,1750,K5,K5 3세대,11,210660,1999,5,7,0,1,1,1,1,1,1,1,1,1,1,0,1,0,0,0,0,0,1,0,0,0,0,0,0,1,0,1,0,1
41641809,3828.3155031297233,3599,G80,G80 (RG3),5,83562,3470,5,5,2,0,0,0,0,0,0,0,0,0,0,0,0,1,0,0,0,0,1,0,0,0,0,0,0,1,0,1,0,1
41398131,3357.3272340652456,2290,아이오닉5,아이오닉5,66,148541,111,5,5,2,0,0,0,0,0,0,0,0,0,0,1,0,0,0,0,0,0,0,0,0,1,0,0,0,1,0,1,0,1
41416029,3614.405854880476,3740,팰리세이드,더 뉴 팰리세이드,107,27820,3778,7,3,0,1,1,1,1,1,1,1,1,1,1,1,0,0,0,0,0,0,1,0,0,0,0,0,0,0,1,1,1,0
41421601,2985.7852847364197,2430,싼타페,싼타페 TM,56,94842,1995,5,7,0,0,1,1,1,1,1,1,1,1,1,1,0,0,0,0,0,0,0,0,1,0,0,0,0,1,0,1,1,0
41333854,2620.1903020024697,1760,쏘나타,쏘나타 (DN8),57,91943,1999,5,7,2,0,1,1,1,1,1,1,1,1,1,1,0,0,0,0,0,0,1,0,0,0,0,1,0,0,0,1,0,1
40917712,2634.7772150268797,2230,쏘나타,쏘나타 (DN8),57,39424,1999,5,4,1,0,1,1,1,1,1,1,1,1,1,1,0,0,0,0,0,0,1,0,0,0,0,1,0,0,0,1,0,1
41346846,3611.071044237849,3200,팰리세이드,팰리세이드,107,48045,2199,7,5,1,0,1,1,1,1,1,1,1,1,1,1,0,0,0,0,0,0,0,0,1,0,0,0,1,0,0,1,1,0
41453427,2871.0199908868076,2770,그랜저,그랜저 (GN7),27,65662,3470,5,4,1,0,1,1,1,1,1,1,1,0,1,1,0,0,0,0,0,1,0,0,0,0,0,0,1,0,0,1,0,1
40815018,3259.9141945823644,3790,EV6,더 뉴 EV6,3,51756,120,5,2,2,0,1,1,1,1,1,1,1,1,1,0,1,0,0,0,0,0,0,0,0,1,0,1,0,0,0,1,0,1
40921081,3709.4577210734715,1930,모하비,더 뉴 모하비,43,79806,2959,5,9,3,0,1,1,1,1,1,1,1,1,1,0,1,0,0,0,0,0,0,0,1,0,0,0,1,0,0,1,1,0
41513428,3276.955066568482,5430,카니발,더 뉴 카니발 4세대,85,13848,1598,7,2,0,1,1,1,1,1,1,1,1,1,1,0,1,0,0,0,0,0,0,1,0,0,0,0,0,1,0,1,1,0
41105833,3015.4650086512584,4350,싼타페,싼타페 (MX5),56,23370,1598,5,3,1,1,1,1,1,1,1,1,1,1,1,1,0,0,0,0,0,0,0,1,0,0,0,1,0,0,0,1,1,0
41606206,2582.899977616721,3299,토레스,토레스 EVX,100,48459,189,5,3,0,1,1,1,1,1,1,1,1,1,1,0,0,0,1,0,0,0,0,0,0,1,0,1,0,0,0,1,1,0
41067160,2740.9459912429556,1950,QM6,더 뉴 QM6,17,85895,1997,5,5,2,1,1,1,1,1,1,1,1,1,1,0,0,0,0,0,1,0,1,0,0,0,0,1,0,0,0,1,1,0
41258017,2779.972995621478,2300,투싼,투싼 (NX4),101,51488,1598,5,6,3,0,0,1,1,1,1,1,1,1,1,1,0,0,0,0,0,0,1,0,0,0,0,1,0,0,0,1,1,0
41607772,2871.0199908868076,2320,그랜저,그랜저 IG 하이브리드,27,81860,2359,5,8,4,0,1,1,1,1,1,1,1,1,1,1,0,0,0,0,0,0,0,1,0,0,0,0,0,1,0,1,0,1
41242671,3183.022820690089,3550,아이오닉5,아이오닉5,66,47937,111,5,4,0,1,1,1,1,1,1,1,1,1,1,1,0,0,0,0,0,0,0,0,0,1,0,0,1,0,0,1,0,1
41624762,3326.4508146315256,2399,카니발,카니발 4세대,85,102746,2151,9,5,6,0,1,1,1,1,1,1,1,1,1,0,1,0,0,0,0,0,0,0,1,0,0,0,1,0,0,1,1,0
41590956,3877.838318635213,3690,G80,G80 (RG3),5,93261,3470,5,5,2,0,0,0,0,0,0,0,0,0,0,0,0,1,0,0,0,0,1,0,0,0,0,0,1,0,0,1,0,1
41483463,3611.071044237849,2699,팰리세이드,팰리세이드,107,57900,3778,7,6,1,1,1,1,1,1,1,1,1,1,1,1,0,0,0,0,0,0,1,0,0,0,0,1,0,0,0,1,1,0
41430084,3594.805689983869,2801,스타리아,스타리아,51,18999,2199,7,2,2,0,1,1,1,1,1,1,1,1,1,1,0,0,0,0,0,1,0,0,0,0,0,1,0,0,0,1,1,0
41658472,3118.8378870397623,3240,코나,코나 하이브리드 (SX2),91,20015,1580,5,2,0,0,1,1,1,1,1,1,1,1,1,1,0,0,0,0,0,0,0,1,0,0,0,0,0,0,1,1,1,0
41651549,5313.932698356571,3740,GV80,GV80,9,89524,2996,5,6,6,1,1,1,1,1,1,1,1,1,1,0,0,1,0,0,0,0,0,0,1,0,0,1,0,0,0,1,1,0
41644145,4425.863399075039,3890,GV70,GV70,8,52664,2497,5,5,1,0,1,1,1,1,1,1,1,1,1,0,0,1,0,0,0,0,1,0,0,0,0,0,1,0,0,1,1,0
41619247,5398.2920940715185,4380,GV80,GV80,9,90991,2497,5,5,8,0,1,1,1,1,1,1,1,1,1,0,0,1,0,0,0,0,1,0,0,0,0,0,0,0,1,1,1,0
41443730,5130.415213793392,3580,G90,G90,6,111908,3778,5,6,2,0,1,1,1,1,1,1,1,1,1,0,0,1,0,0,0,0,1,0,0,0,0,0,1,0,0,1,0,1
41462851,2859.939240148325,9999,코나,코나,91,131253,1591,5,9,4,1,1,1,1,1,1,1,1,1,1,1,0,0,0,0,0,0,1,0,0,0,0,1,0,0,0,1,1,0
40777941,2540.7398004274887,2200,토레스,토레스,100,62669,1497,5,3,5,1,1,1,1,1,1,1,1,1,1,0,0,0,1,0,0,0,1,0,0,0,0,0,1,0,0,1,1,0
41543188,3555.8753163906044,5140,팰리세이드,팰리세이드 (LX3),107,32208,2497,9,1,0,0,1,1,1,1,1,1,1,1,1,1,0,0,0,0,0,0,0,1,0,0,0,1,0,0,0,1,1,0
41359027,3611.071044237849,2480,팰리세이드,팰리세이드,107,81245,3778,7,7,2,1,1,1,1,1,1,1,1,1,1,1,0,0,0,0,0,0,1,0,0,0,0,1,0,0,0,1,1,0
41197757,3224.829199147787,1750,카니발,더 뉴 카니발,85,49567,2199,9,7,0,0,0,1,1,1,1,1,1,1,1,0,1,0,0,0,0,0,0,0,1,0,0,0,1,0,0,1,1,0
41639551,4477.328734051914,3880,GV70,GV70,8,26322,2497,5,5,4,0,1,1,1,1,1,1,1,1,1,0,0,1,0,0,0,0,1,0,0,0,0,0,0,1,0,1,1,0
41387358,3224.829199147787,2480,카니발,카니발 4세대,85,157677,2151,9,6,4,0,1,1,1,1,1,1,1,1,1,0,1,0,0,0,0,0,0,0,1,0,0,1,0,0,0,1,1,0
41000376,3498.6983665185985,3790,쏘렌토,쏘렌토 4세대,58,21068,1598,7,5,0,1,1,1,1,1,1,1,1,1,1,0,1,0,0,0,0,0,0,1,0,0,0,1,0,0,0,1,1,0
41326991,3063.629778185483,2260,싼타페,싼타페 TM,56,61142,1995,5,6,9,0,1,1,1,1,1,1,1,1,1,1,0,0,0,0,0,0,0,0,1,0,0,0,1,0,0,1,1,0
41467276,3877.838318635213,1830,G80,G80,5,127661,3342,5,9,0,0,1,1,1,1,1,1,1,1,1,0,0,1,0,0,0,0,1,0,0,0,0,0,1,0,0,1,0,1
41642798,3463.9361949029885,3850,아이오닉5,아이오닉5,66,33968,111,5,3,0,1,1,1,1,1,1,1,1,1,1,1,0,0,0,0,0,0,0,0,0,1,0,1,0,0,0,1,0,1
41528234,2643.06965830767,1830,QM6,더 뉴 QM6,17,32048,1998,2,3,5,0,1,1,1,1,1,1,1,0,1,0,0,0,0,0,1,1,0,0,0,0,0,1,0,0,0,1,1,0
41512846,2580.1965669204437,2250,QM6,더 뉴 QM6,17,27867,1998,5,4,0,0,1,1,1,1,1,1,1,1,1,0,0,0,0,0,1,1,0,0,0,0,0,1,0,0,0,1,1,0
41359229,3757.422508106974,9999,G80,G80 (RG3),5,68795,2497,5,3,4,0,1,1,1,1,1,1,1,1,1,0,0,1,0,0,0,0,1,0,0,0,0,0,0,1,0,1,0,1
41413574,2580.7207386685927,2140,아반떼,더 뉴 아반떼 (CN7),62,16025,1598,5,3,3,0,1,1,1,1,1,1,1,1,1,1,0,0,0,0,0,0,1,0,0,0,0,0,1,0,0,1,0,1
41529978,2814.4095035579858,3299,투싼,더 뉴 투싼 (NX4),101,1259,1598,5,1,2,0,1,1,1,1,1,1,1,1,1,1,0,0,0,0,0,0,1,0,0,0,0,0,0,1,0,1,1,0
41657129,2634.7772150268797,2050,쏘나타,쏘나타 (DN8),57,27488,1999,5,5,4,0,1,1,1,1,1,1,1,1,1,1,0,0,0,0,0,0,1,0,0,0,0,1,0,0,0,1,0,1
41374743,2931.58161642511,3340,그랜저,그랜저 (GN7),27,33568,2497,5,2,0,0,1,1,1,1,1,1,1,1,1,1,0,0,0,0,0,0,1,0,0,0,0,0,1,0,0,1,0,1
41609922,3828.3155031297233,3490,G80,G80 (RG3),5,64745,2497,5,5,8,0,1,1,1,1,1,1,1,1,1,0,0,1,0,0,0,0,1,0,0,0,0,0,1,0,0,1,0,1
41586965,2917.9076270847495,2050,그랜저,그랜저 IG,27,84428,2359,5,7,1,1,1,1,1,1,1,1,1,1,1,1,0,0,0,0,0,0,1,0,0,0,0,1,0,0,0,1,0,1
41646012,2564.8123299278163,1730,아반떼,아반떼 하이브리드 (CN7),62,43342,1580,5,5,1,0,0,1,1,1,1,1,1,1,1,1,0,0,0,0,0,0,0,1,0,0,0,0,0,1,0,1,0,1
41627060,2652.43527743991,2130,아반떼,아반떼 (CN7),62,35157,1998,5,5,9,0,1,1,1,1,1,1,1,0,1,1,0,0,0,0,0,0,1,0,0,0,0,0,0,0,1,1,0,1
41631027,3757.422508106974,3050,G80,G80,5,68851,3342,5,7,2,1,1,1,1,1,1,1,1,1,1,0,0,1,0,0,0,0,1,0,0,0,0,1,0,0,0,1,0,1
41563779,2883.686388250694,3250,G70,더 뉴 G70,4,53805,1998,5,6,4,1,1,1,1,1,1,1,1,1,1,0,0,1,0,0,0,0,1,0,0,0,0,0,0,1,0,1,0,1
41506158,3458.0058573363353,3150,스타리아,스타리아,51,65766,2199,9,3,0,0,1,1,1,1,1,1,1,1,1,1,0,0,0,0,0,0,0,0,1,0,0,0,1,0,0,1,1,0
41276750,2887.6126226256356,2850,그랜저,더 뉴 그랜저 IG 하이브리드,27,99549,2359,5,5,3,0,1,1,1,1,1,1,1,1,1,1,0,0,0,0,0,0,0,1,0,0,0,0,0,1,0,1,0,1
41458587,4952.810596887665,3390,G90,G90,6,128056,3778,5,6,9,1,1,1,1,1,1,1,1,1,1,0,0,1,0,0,0,0,1,0,0,0,0,0,0,1,0,1,0,1
41589264,3462.654978735885,4350,쏘렌토,더 뉴 쏘렌토 4세대,58,16172,1598,5,2,0,1,1,1,1,1,1,1,1,1,1,0,1,0,0,0,0,0,0,1,0,0,0,0,0,1,0,1,1,0
41467226,2652.43527743991,1789,아반떼,더 뉴 아반떼 (CN7),62,19585,1598,5,3,7,0,1,1,1,1,1,1,1,1,1,1,0,0,0,0,0,0,1,0,0,0,0,0,0,0,1,1,0,1
41596244,2827.737420259569,1930,니로,더 뉴 니로,29,42622,1580,5,7,1,0,0,1,1,1,1,1,1,1,1,0,1,0,0,0,0,0,0,1,0,0,0,1,0,0,0,1,1,0
41478129,3276.955066568482,1790,카니발,올 뉴 카니발,85,184278,2199,9,8,2,0,1,1,1,1,1,1,1,1,1,0,1,0,0,0,0,0,0,0,1,0,0,0,1,0,0,1,1,0
41601849,3224.829199147787,3570,카니발,카니발 4세대,85,43003,3470,7,3,0,0,1,1,1,1,1,1,1,1,1,0,1,0,0,0,0,0,1,0,0,0,0,1,0,0,0,1,1,0
41423711,2745.0972283326,2190,트랙스,트랙스 크로스오버,103,24725,1199,5,2,0,0,1,1,1,1,1,0,1,1,1,0,0,0,0,1,0,0,1,0,0,0,0,0,1,0,0,1,1,0
41212895,2767.47987241531,1790,볼트,볼트 EV,48,89067,188,5,6,0,0,1,1,1,1,1,0,1,0,1,0,0,0,0,1,0,0,0,0,0,1,0,0,1,0,0,1,0,1
41630916,3223.7858673429773,2750,카니발,카니발 4세대,85,88202,2151,9,5,8,1,1,1,1,1,1,1,1,1,1,0,1,0,0,0,0,0,0,0,1,0,0,0,0,1,0,1,1,0
41358435,2832.235730062908,2750,그랜저,더 뉴 그랜저 IG,27,51254,2497,5,6,1,1,1,1,1,1,1,1,1,1,1,1,0,0,0,0,0,0,1,0,0,0,0,1,0,0,0,1,0,1
40691203,2455.2697081001443,1800,코란도,뷰티풀 코란도,92,63909,1497,5,5,2,0,1,1,1,1,1,1,1,1,1,0,0,0,1,0,0,0,1,0,0,0,0,1,0,0,0,1,1,0
41493727,3614.405854880476,3180,팰리세이드,팰리세이드,107,74845,3778,7,4,0,0,1,1,1,1,1,1,1,1,1,1,0,0,0,0,0,0,1,0,0,0,0,1,0,0,0,1,1,0
41289552,2927.2574681038277,4100,G70,더 뉴 G70,4,10755,2497,5,2,2,1,1,1,1,1,1,1,1,1,1,0,0,1,0,0,0,0,1,0,0,0,0,1,0,0,0,1,0,1
41453545,2814.4095035579858,1820,투싼,올 뉴 투싼,101,104702,1598,5,6,1,1,1,1,1,1,1,1,1,1,1,1,0,0,0,0,0,0,0,0,1,0,0,0,1,0,0,1,1,0
38483123,3611.071044237849,3150,팰리세이드,팰리세이드,107,64744,3778,7,6,4,1,1,1,1,1,1,1,1,1,1,1,0,0,0,0,0,0,1,0,0,0,0,1,0,0,0,1,1,0
41300296,4952.810596887665,6020,G90,G90 (RS4),6,78750,3470,4,3,11,0,1,1,1,1,1,1,1,1,1,0,0,1,0,0,0,0,1,0,0,0,0,0,1,0,0,1,0,1
41584051,4363.6224840519135,4000,GV70,GV70,8,134786,2151,5,5,0,1,1,1,1,1,1,1,1,1,1,0,0,1,0,0,0,0,0,0,1,0,0,1,0,0,0,1,1,0
41079098,2632.4269067199116,2650,아반떼,아반떼 (CN7),62,38975,1998,5,4,2,1,1,1,1,1,1,1,1,1,1,1,0,0,0,0,0,0,1,0,0,0,0,1,0,0,0,1,0,1
41129655,3828.3155031297233,4280,G80,G80 (RG3),5,69143,2497,5,3,0,0,1,1,1,1,1,1,1,1,1,0,0,1,0,0,0,0,1,0,0,0,0,0,1,0,0,1,0,1
41353808,3063.629778185483,2944,싼타페,더 뉴 싼타페,56,46949,1598,5,4,1,0,1,1,1,1,1,1,1,1,1,1,0,0,0,0,0,0,0,1,0,0,0,1,0,0,0,1,1,0
41544560,2602.03768400251,2530,쏘나타,쏘나타 (DN8),57,25715,1598,5,5,0,0,1,1,1,1,1,1,1,1,1,1,0,0,0,0,0,0,1,0,0,0,0,0,0,1,0,1,0,1
41084154,3067.673489216629,2590,싼타페,싼타페 TM,56,67200,1995,5,8,1,1,1,1,1,1,1,1,1,1,1,1,0,0,0,0,0,0,0,0,1,0,0,1,0,0,0,1,1,0
41628379,4331.174374684793,2556,GV70,GV70,8,44276,2151,5,3,2,0,1,1,1,1,1,1,1,1,1,0,0,1,0,0,0,0,0,0,1,0,0,0,0,1,0,1,1,0
40777446,3602.7134342567415,4830,팰리세이드,더 뉴 팰리세이드,107,67213,2199,7,3,1,1,1,1,1,1,1,1,1,1,1,1,0,0,0,0,0,0,0,0,1,0,0,1,0,0,0,1,1,0
41535467,2732.336808530345,1880,K5,K5 3세대,11,64635,1999,5,4,6,0,1,1,1,1,1,1,1,1,1,0,1,0,0,0,0,1,0,0,0,0,0,0,1,0,0,1,0,1
41386665,3482.230586207206,3850,스타리아,스타리아,51,58268,2199,9,5,3,1,1,1,1,1,1,1,1,1,1,1,0,0,0,0,0,0,0,0,1,0,0,0,1,0,0,1,1,0
41447746,2777.2978813068744,2340,렉스턴,더 뉴 렉스턴 스포츠 칸,35,93040,2157,5,3,5,0,1,1,1,1,1,1,1,1,1,0,0,0,1,0,0,0,0,0,1,0,0,0,0,0,1,1,1,0
40757392,2985.7852847364197,4130,싼타페,싼타페 (MX5),56,42622,1598,6,2,0,0,1,1,1,1,1,1,1,1,1,1,0,0,0,0,0,0,0,1,0,0,0,1,0,0,0,1,1,0
41009930,4363.6224840519135,5290,GV70,GV70,8,28047,2497,5,2,0,0,1,1,1,1,1,1,1,1,1,0,0,1,0,0,0,0,1,0,0,0,0,1,0,0,0,1,1,0
41487208,5130.415213793392,3740,G90,G90,6,97081,5038,5,7,5,0,1,1,1,1,1,1,1,1,1,0,0,1,0,0,0,0,1,0,0,0,0,0,1,0,0,1,0,1
41436965,3614.405854880476,2390,팰리세이드,팰리세이드,107,113597,2199,7,6,1,0,1,1,1,1,1,1,1,1,1,1,0,0,0,0,0,0,0,0,1,0,0,0,0,0,1,1,1,0
41288430,3611.071044237849,4120,팰리세이드,더 뉴 팰리세이드,107,58434,2199,8,4,0,0,1,1,1,1,1,1,1,1,1,1,0,0,0,0,0,0,0,0,1,0,0,1,0,0,0,1,1,0
41601550,2580.1965669204437,1750,QM6,더 뉴 QM6,17,66685,1997,5,5,0,0,1,1,1,1,1,1,1,0,1,0,0,0,0,0,1,0,1,0,0,0,0,0,0,1,0,1,1,0
41493408,2750.0422913352963,2250,아반떼,아반떼 (CN7),62,91982,1998,5,3,7,1,1,1,1,1,1,1,1,0,1,1,0,0,0,0,0,0,1,0,0,0,0,0,0,0,1,1,0,1
41615089,3223.7858673429773,2480,카니발,카니발 4세대,85,93378,2151,9,5,13,0,1,1,1,1,1,1,1,1,1,0,1,0,0,0,0,0,0,0,1,0,0,0,1,0,0,1,1,0
41365843,2931.58161642511,2530,그랜저,더 뉴 그랜저 IG 하이브리드,27,80142,2359,5,5,7,0,1,1,1,1,1,1,1,1,1,1,0,0,0,0,0,0,0,1,0,0,0,0,0,1,0,1,0,1
41637247,5412.40951276323,4090,GV80,GV80,9,100356,2497,5,5,1,0,1,1,1,1,1,1,1,1,1,0,0,1,0,0,0,0,1,0,0,0,0,0,1,0,0,1,1,0
41580599,2527.4499088680786,2299,XM3,XM3,23,35600,1598,5,2,0,0,1,1,1,1,1,1,1,1,1,0,0,0,0,0,1,0,0,1,0,0,0,1,0,0,0,1,1,0
41174324,3611.071044237849,6590,팰리세이드,팰리세이드 (LX3),107,3476,2497,9,1,0,0,1,1,1,1,1,1,1,1,1,1,0,0,0,0,0,0,0,1,0,0,0,1,0,0,0,1,1,0
41468375,3223.7858673429773,3290,카니발,카니발 4세대,85,59698,3470,7,5,7,0,1,1,1,1,1,1,1,1,1,0,1,0,0,0,0,0,1,0,0,0,0,0,1,0,0,1,1,0
41525839,3877.838318635213,2630,G80,G80,5,29930,3342,5,9,8,0,1,1,1,1,1,1,1,1,1,0,0,1,0,0,0,0,1,0,0,0,0,0,0,1,0,1,0,1
41620202,2570.774893679425,2690,XM3,XM3,23,17325,1332,5,3,0,0,1,1,1,1,1,1,1,1,1,0,0,0,0,0,1,0,1,0,0,0,0,1,0,0,0,1,1,0
41587440,2634.7772150268797,3630,쏘나타,쏘나타 디 엣지(DN8),57,5980,1598,5,2,1,1,1,1,1,1,1,1,1,1,1,1,0,0,0,0,0,0,1,0,0,0,0,0,0,1,0,1,0,1
41474131,2750.981798850805,2290,투싼,투싼 (NX4),101,49735,1598,5,5,0,0,0,1,1,0,1,1,1,1,1,1,0,0,0,0,0,0,1,0,0,0,0,1,0,0,0,1,1,0
41060744,3015.4650086512584,1890,싼타페,싼타페 TM,56,128779,1998,7,7,14,0,1,1,1,1,1,1,1,1,1,1,0,0,0,0,0,0,1,0,0,0,0,0,1,0,0,1,1,0
41477674,2615.360723815946,2450,토레스,토레스,100,32686,1497,5,3,0,0,1,1,1,1,1,1,1,1,1,0,0,0,1,0,0,0,1,0,0,0,0,0,0,1,0,1,1,0
41594319,5373.873808791013,6050,GV80,GV80,9,32832,3470,6,3,2,1,1,1,1,1,1,1,1,1,1,0,0,1,0,0,0,0,1,0,0,0,0,0,0,0,1,1,1,0
41429119,3565.3649600264525,4750,팰리세이드,더 뉴 팰리세이드,107,15042,3778,7,3,0,1,1,1,1,1,1,1,1,1,1,1,0,0,0,0,0,0,1,0,0,0,0,0,1,0,0,1,1,0
41621343,2673.1365231294194,2999,트랙스,트랙스 크로스오버,103,39345,1199,5,3,0,1,1,1,1,1,1,0,1,1,1,0,0,0,0,1,0,0,1,0,0,0,0,1,0,0,0,1,1,0
41575100,3579.672286134175,3100,모하비,모하비 더 마스터,43,107767,2959,7,6,0,1,1,1,1,1,1,1,1,1,1,0,1,0,0,0,0,0,0,0,1,0,0,0,1,0,0,1,1,0
41321277,2757.4742128087482,3333,트레일블레이저,트레일블레이저,104,75637,1341,5,4,5,1,1,1,1,1,1,1,1,1,1,0,0,0,0,1,0,0,1,0,0,0,0,0,1,0,0,1,1,0
41123872,3223.7858673429773,3550,카니발,카니발 4세대,85,34489,2151,9,3,7,1,1,1,1,1,1,1,1,1,1,0,1,0,0,0,0,0,0,0,1,0,0,1,0,0,0,1,1,0
41595698,2540.7398004274887,2190,토레스,토레스,100,47935,1497,5,3,4,0,1,1,1,1,1,1,1,1,1,0,0,0,1,0,0,0,1,0,0,0,0,0,0,1,0,1,1,0
41047797,2758.425760042816,2549,렉스턴,더 뉴 렉스턴 스포츠 칸,35,52820,2157,5,5,1,0,1,1,1,1,1,1,1,1,1,0,0,0,1,0,0,0,0,0,1,0,0,0,0,0,1,1,1,0
41125277,3360.303897932248,3440,EV6,EV6,3,38432,111,5,4,5,0,1,1,1,1,1,1,1,1,1,0,1,0,0,0,0,0,0,0,0,1,0,0,1,0,0,1,0,1
41377214,2615.360723815946,2390,토레스,토레스,100,56303,1497,5,3,0,0,1,1,1,1,1,1,1,1,1,0,0,0,1,0,0,0,1,0,0,0,0,1,0,0,0,1,1,0
40781415,2739.750535430254,2050,렉스턴,더 뉴 렉스턴 스포츠,35,82675,2157,5,5,0,0,1,1,1,1,1,1,1,1,1,0,0,0,1,0,0,0,0,0,1,0,0,0,0,1,0,1,1,0
40989417,3326.4508146315256,4490,카니발,더 뉴 카니발 4세대,85,15157,2151,7,2,4,0,1,1,1,1,1,1,1,1,1,0,1,0,0,0,0,0,0,0,1,0,0,1,0,0,0,1,1,0
41588116,2632.4269067199116,2170,아반떼,더 뉴 아반떼 (CN7),62,33427,1598,5,2,0,0,1,1,1,1,1,1,1,1,1,1,0,0,0,0,0,0,1,0,0,0,0,1,0,0,0,1,0,1
41534371,3847.011384330083,2130,G80,G80,5,85785,3342,5,7,0,0,1,1,1,1,1,1,1,1,1,0,0,1,0,0,0,0,1,0,0,0,0,0,0,1,0,1,0,1
41370827,3828.3155031297233,3070,G80,G80 (RG3),5,140046,2497,5,5,1,0,1,1,1,1,1,1,1,1,1,0,0,1,0,0,0,0,1,0,0,0,0,0,0,0,1,1,0,1
41636812,3481.2136636754276,2970,아이오닉5,아이오닉5,66,47573,111,5,5,2,0,1,1,1,1,1,1,1,1,1,1,0,0,0,0,0,0,0,0,0,1,0,0,1,0,0,1,0,1
41317540,2564.8123299278163,2330,아반떼,더 뉴 아반떼 (CN7),62,57460,1598,5,3,0,0,1,1,1,1,1,0,1,1,1,1,0,0,0,0,0,0,1,0,0,0,0,0,0,1,0,1,0,1
41574443,2652.43527743991,5555,아반떼,아반떼 (CN7),62,60504,1998,5,4,0,0,1,1,1,1,1,1,1,1,1,1,0,0,0,0,0,0,1,0,0,0,0,0,0,0,1,1,0,1
41609467,2819.120910451986,2650,투싼,투싼 (NX4),101,18015,1598,5,3,11,0,1,1,1,1,1,1,1,1,1,1,0,0,0,0,0,0,1,0,0,0,0,1,0,0,0,1,1,0
41496334,3611.071044237849,4484,팰리세이드,팰리세이드 (LX3),107,1400,2497,9,0,2,0,1,1,1,1,1,1,1,1,1,1,0,0,0,0,0,0,0,1,0,0,0,0,0,1,0,1,1,0
41479915,4187.504640395533,3720,GV60,GV60,7,121832,111,5,5,1,0,1,1,1,1,1,1,1,1,1,0,0,1,0,0,0,0,0,0,0,1,0,1,0,0,0,1,1,0
41524115,2615.360723815946,1990,토레스,토레스,100,22164,1497,5,2,0,0,1,1,1,1,1,0,1,0,1,0,0,0,1,0,0,0,1,0,0,0,0,1,0,0,0,1,1,0
40402219,2739.750535430254,2600,렉스턴,더 뉴 렉스턴 스포츠 칸,35,9138,2157,5,5,0,0,1,1,1,1,1,1,1,1,1,0,0,0,1,0,0,0,0,0,1,0,0,0,0,0,1,1,1,0
41317189,3621.902165517916,3580,모하비,모하비 더 마스터,43,68371,2959,5,5,2,0,1,1,1,1,1,1,1,1,1,0,1,0,0,0,0,0,0,0,1,0,0,1,0,0,0,1,1,0
41616746,2684.625840071605,1930,쏘나타,쏘나타 하이브리드 (DN8),57,42378,1999,5,5,3,0,1,1,1,1,1,0,1,0,1,1,0,0,0,0,0,0,0,1,0,0,0,0,0,1,0,1,0,1
41223094,3453.3633120692184,3450,쏘렌토,쏘렌토 4세대,58,91922,1598,5,5,0,1,1,1,1,1,1,1,1,1,1,0,1,0,0,0,0,0,0,1,0,0,0,0,1,0,0,1,1,0
41355235,5373.873808791013,5020,GV80,GV80,9,71614,2996,5,5,4,1,1,1,1,1,1,1,1,1,1,0,0,1,0,0,0,0,0,0,1,0,0,0,0,0,1,1,1,0
41427609,4425.863399075039,3899,GV70,GV70,8,32829,2497,5,4,2,0,1,1,1,1,1,1,1,1,1,0,0,1,0,0,0,0,1,0,0,0,0,1,0,0,0,1,1,0
41568541,2805.684771160794,1850,니로,더 뉴 니로,29,72306,1580,5,5,3,0,0,1,1,1,1,1,1,0,1,0,1,0,0,0,0,0,0,1,0,0,0,0,0,1,0,1,1,0
41340160,5313.932698356571,7150,GV80,GV80,9,34083,2497,6,2,0,0,1,1,1,1,1,1,1,1,1,0,0,1,0,0,0,0,1,0,0,0,0,1,0,0,0,1,1,0
41484417,2814.4095035579858,2650,투싼,투싼 하이브리드 (NX4),101,85686,1598,5,6,3,1,1,1,1,1,1,1,1,1,1,1,0,0,0,0,0,0,0,1,0,0,0,0,0,1,0,1,1,0
40758232,2766.3800913523883,3555,렉스턴,더 뉴 렉스턴 스포츠 칸,35,12192,2157,5,1,0,0,1,1,1,1,1,1,1,1,1,0,0,0,1,0,0,0,0,0,1,0,0,0,1,0,0,1,1,0
41533289,3847.011384330083,2530,G80,G80,5,52294,3342,5,8,3,0,1,1,1,1,1,1,1,1,1,0,0,1,0,0,0,0,1,0,0,0,0,0,1,0,0,1,0,1
41374940,2580.7207386685927,1850,아반떼,아반떼 (CN7),62,57431,1598,5,4,0,1,1,1,1,1,1,1,1,1,1,1,0,0,0,0,0,0,1,0,0,0,0,0,0,0,1,1,0,1
40511779,2652.43527743991,2990,아반떼,더 뉴 아반떼 하이브리드 (CN7),62,7924,1580,5,1,0,0,1,1,1,1,1,1,1,1,1,1,0,0,0,0,0,0,0,1,0,0,0,0,0,1,0,1,0,1
41586876,5313.932698356571,4390,GV80,GV80,9,92348,2996,5,5,3,1,1,1,1,1,1,1,1,1,1,0,0,1,0,0,0,0,0,0,1,0,0,0,0,0,1,1,1,0
40391560,2650.525522053633,1790,스타렉스,더 뉴 그랜드 스타렉스,50,86723,2497,3,7,4,0,0,1,1,0,0,1,1,0,1,1,0,0,0,0,0,0,0,0,1,0,0,0,0,1,0,1,1,0
41345084,2777.2978813068744,2660,렉스턴,더 뉴 렉스턴 스포츠,35,39022,2157,5,3,0,0,1,1,1,1,1,1,1,1,1,0,0,0,1,0,0,0,0,0,1,0,0,1,0,0,0,1,1,0
41592114,3565.3649600264525,4680,팰리세이드,더 뉴 팰리세이드,107,24918,3778,7,3,2,1,1,1,1,1,1,1,1,1,1,1,0,0,0,0,0,0,1,0,0,0,0,1,0,0,0,1,1,0
39963228,2758.425760042816,2750,렉스턴,더 뉴 렉스턴 스포츠 칸,35,17507,2157,5,3,0,0,1,1,1,1,1,1,1,1,1,0,0,0,1,0,0,0,0,0,1,0,0,0,0,0,1,1,1,0
40902649,3225.5911934046176,3820,EV6,더 뉴 EV6,3,17338,120,5,2,0,0,1,1,1,1,1,1,1,1,1,0,1,0,0,0,0,0,0,0,0,1,0,1,0,0,0,1,0,1
41466829,2732.336808530345,2280,K5,더 뉴 K5 3세대,11,60107,1999,5,3,11,0,1,1,1,1,1,1,1,1,1,0,1,0,0,0,0,0,1,0,0,0,0,1,0,0,0,1,0,1
41658230,5398.2920940715185,4950,GV80,GV80,9,80001,2497,7,6,0,1,1,1,1,1,1,1,1,1,1,0,0,1,0,0,0,0,1,0,0,0,0,1,0,0,0,1,1,0
41483040,3757.422508106974,3390,G80,G80 (RG3),5,76087,2497,5,6,1,0,1,1,1,1,1,1,1,1,1,0,0,1,0,0,0,0,1,0,0,0,0,0,0,0,1,1,0,1
38146991,4394.3925768413965,4550,GV70,GV70,8,16311,2497,5,3,0,0,1,1,1,1,1,1,1,1,1,0,0,1,0,0,0,0,1,0,0,0,0,0,0,1,0,1,1,0
41401167,2927.2574681038277,2480,G70,G70,4,46638,1998,5,7,6,1,1,1,1,1,1,1,1,1,1,0,0,1,0,0,0,0,1,0,0,0,0,0,1,0,0,1,0,1
41628464,3453.3633120692184,3390,쏘렌토,쏘렌토 4세대,58,66066,1598,5,4,0,0,1,1,1,1,1,1,1,1,1,0,1,0,0,0,0,0,0,1,0,0,0,1,0,0,0,1,1,0
41543367,3835.924823652034,4180,G80,G80 (RG3),5,68991,2199,5,5,5,0,1,1,1,1,1,1,1,1,1,0,0,1,0,0,0,0,0,0,1,0,0,0,0,0,1,1,0,1
41323689,5313.932698356571,7650,GV80,GV80,9,12831,2497,7,1,0,1,1,1,1,1,1,1,1,1,1,0,0,1,0,0,0,0,1,0,0,0,0,0,1,0,0,1,1,0
40996741,3828.3155031297233,7530,G80,G80 (RG3),5,1876,2497,5,1,0,1,1,1,1,1,1,1,1,1,1,0,0,1,0,0,0,0,1,0,0,0,0,1,0,0,0,1,0,1
41340214,3326.4508146315256,3130,카니발,더 뉴 카니발 4세대,85,22718,2151,9,2,0,0,1,1,1,1,1,1,1,1,1,0,1,0,0,0,0,0,0,0,1,0,0,1,0,0,0,1,1,0
41578212,2883.686388250694,3600,G70,더 뉴 G70,4,42453,1998,5,4,1,0,1,1,1,1,1,1,1,1,1,0,0,1,0,0,0,0,1,0,0,0,0,0,0,0,1,1,0,1
41275306,3453.3633120692184,3490,쏘렌토,더 뉴 쏘렌토 4세대,58,39171,2497,5,3,1,0,1,1,1,1,1,1,1,1,1,0,1,0,0,0,0,0,1,0,0,0,0,0,0,0,1,1,1,0
41550697,4363.6224840519135,4210,GV70,GV70,8,41747,2497,5,5,0,1,1,1,1,1,1,1,1,1,1,0,0,1,0,0,0,0,1,0,0,0,0,0,0,0,1,1,1,0
41586467,4477.328734051914,4150,GV70,GV70,8,72284,2497,5,5,0,0,1,1,1,1,1,1,1,1,1,0,0,1,0,0,0,0,1,0,0,0,0,1,0,0,0,1,1,0
41111550,3063.629778185483,1870,싼타페,더 뉴 싼타페,56,153622,2151,5,5,4,0,1,1,1,1,1,1,1,1,1,1,0,0,0,0,0,0,0,0,1,0,0,1,0,0,0,1,1,0
41585365,4394.3925768413965,3590,GV70,GV70,8,75060,2497,5,3,0,0,1,1,1,1,1,1,1,1,1,0,0,1,0,0,0,0,1,0,0,0,0,1,0,0,0,1,1,0
41542178,3357.3272340652456,3049,아이오닉5,아이오닉5,66,103354,111,5,4,5,1,1,1,1,1,1,1,1,1,1,1,0,0,0,0,0,0,0,0,0,1,0,0,0,1,0,1,0,1
39704785,3555.8753163906044,3090,팰리세이드,팰리세이드,107,52451,3778,7,4,1,1,1,1,1,1,1,1,1,1,1,1,0,0,0,0,0,0,1,0,0,0,0,0,1,0,0,1,1,0
40257995,2357.565903155451,2100,EQ900,EQ900,0,162280,3342,5,10,1,0,1,1,1,1,1,1,1,1,1,0,0,1,0,0,0,0,1,0,0,0,0,0,1,0,0,1,0,1
41037831,3847.011384330083,4150,G80,G80 (RG3),5,69145,2151,5,6,1,0,1,1,1,1,1,1,1,1,1,0,0,1,0,0,0,0,0,0,1,0,0,0,1,0,0,1,0,1
39375757,5373.873808791013,7600,GV80,GV80,9,44652,3470,5,3,2,1,1,1,1,1,1,1,1,1,1,0,0,1,0,0,0,0,1,0,0,0,0,1,0,0,0,1,1,0
41285180,5313.932698356571,6590,GV80,GV80,9,44636,2497,7,3,2,0,1,1,1,1,1,1,1,1,1,0,0,1,0,0,0,0,1,0,0,0,0,1,0,0,0,1,1,0
41257089,3086.853182440802,3890,싼타페,싼타페 (MX5),56,15827,1598,5,2,0,0,1,1,1,1,1,1,1,1,1,1,0,0,0,0,0,0,0,1,0,0,0,0,0,1,0,1,1,0
41038014,2619.463897932248,2490,셀토스,셀토스,49,24419,1591,5,4,0,0,1,1,1,1,1,1,1,1,1,0,1,0,0,0,0,0,1,0,0,0,0,1,0,0,0,1,1,0
41347668,2766.3800913523883,2650,렉스턴,더 뉴 렉스턴 스포츠 칸,35,53074,2157,5,4,0,0,1,1,1,1,1,1,1,1,1,0,0,0,1,0,0,0,0,0,1,0,0,0,1,0,0,1,1,0
41612601,3199.8165603460916,2740,스팅어,스팅어 마이스터,53,80252,2497,5,5,1,0,1,1,1,1,1,1,1,1,1,0,1,0,0,0,0,0,1,0,0,0,0,0,0,1,0,1,0,1
41639037,3438.6524381008708,2990,쏘렌토,쏘렌토 4세대,58,43599,2151,5,6,2,0,1,1,1,1,1,1,1,1,1,0,1,0,0,0,0,0,0,0,1,0,0,0,0,1,0,1,1,0
41475617,4425.863399075039,4350,GV70,GV70,8,45174,2497,5,3,6,1,1,1,1,1,1,1,1,1,1,0,0,1,0,0,0,0,1,0,0,0,0,0,0,0,1,1,1,0
41546870,4331.174374684793,4199,GV70,GV70,8,82224,2497,5,4,4,1,1,1,1,1,1,1,1,1,1,0,0,1,0,0,0,0,1,0,0,0,0,1,0,0,0,1,1,0
41240989,2619.463897932248,1880,셀토스,셀토스,49,97948,1591,5,4,3,0,1,1,1,1,1,1,1,1,1,0,1,0,0,0,0,0,1,0,0,0,0,1,0,0,0,1,1,0
41638862,3611.071044237849,2800,팰리세이드,팰리세이드,107,89036,2199,8,6,4,0,1,1,1,1,1,1,1,1,1,1,0,0,0,0,0,0,0,0,1,0,0,0,1,0,0,1,1,0
40979415,3224.829199147787,2450,카니발,카니발 4세대,85,144959,3470,9,4,2,0,1,1,1,1,1,1,1,1,1,0,1,0,0,0,0,0,1,0,0,0,0,1,0,0,0,1,1,0
41607193,3086.853182440802,4120,싼타페,싼타페 (MX5),56,21726,1598,7,2,0,0,1,1,1,1,1,1,1,1,1,1,0,0,0,0,0,0,0,1,0,0,0,0,1,0,0,1,1,0
41572636,3409.02987241531,2350,아이오닉6,아이오닉6,67,136737,111,5,3,2,0,1,1,1,1,1,1,1,1,1,1,0,0,0,0,0,0,0,0,0,1,0,1,0,0,0,1,0,1
41451344,2725.7156813909605,1750,쏘나타,쏘나타 (DN8),57,96404,1598,5,4,14,0,1,1,1,1,1,1,1,1,1,1,0,0,0,0,0,0,1,0,0,0,0,0,0,1,0,1,0,1
41514828,3847.011384330083,2290,G80,G80,5,72275,3342,5,8,4,0,1,1,1,1,1,1,1,1,1,0,0,1,0,0,0,0,1,0,0,0,0,0,0,0,1,1,0,1
41386027,3562.6635203775545,3820,콜레오스,그랑 콜레오스,93,1477,1499,5,1,2,0,1,1,1,1,1,1,1,1,1,0,0,0,0,0,1,0,0,1,0,0,0,1,0,0,0,1,1,0
41467777,3357.3272340652456,4700,아이오닉5,더 뉴 아이오닉5,66,34588,120,5,2,1,1,1,1,1,1,1,1,1,1,1,1,0,0,0,0,0,0,0,0,0,1,0,0,0,1,0,1,0,1
41165423,2670.6999624750915,1800,K5,K5 3세대,11,41211,1999,5,7,0,0,1,1,1,1,1,1,1,1,1,0,1,0,0,0,0,0,1,0,0,0,0,0,0,1,0,1,0,1
41582830,3224.829199147787,2630,카니발,더 뉴 카니발,85,50014,3342,9,6,3,0,1,1,1,1,1,1,1,1,1,0,1,0,0,0,0,0,1,0,0,0,0,1,0,0,0,1,1,0
41125122,2652.43527743991,2490,아반떼,더 뉴 아반떼 (CN7),62,16996,1998,5,3,4,0,1,1,1,1,1,1,1,1,1,1,0,0,0,0,0,0,1,0,0,0,0,0,1,0,0,1,0,1
41573886,3276.955066568482,3640,카니발,더 뉴 카니발 4세대,85,36225,2151,9,2,0,0,1,1,1,1,1,1,1,1,1,0,1,0,0,0,0,0,0,0,1,0,0,1,0,0,0,1,1,0
41590282,2871.0199908868076,3990,그랜저,그랜저 하이브리드 (GN7),27,36424,1598,5,2,0,1,1,1,1,1,1,1,1,1,1,1,0,0,0,0,0,0,0,1,0,0,0,0,0,0,1,1,0,1
41189787,3048.6479659774163,2599,스포티지,스포티지 5세대 하이브리드,55,59059,1598,5,5,1,0,1,1,1,1,1,1,1,1,1,0,1,0,0,0,0,0,0,1,0,0,0,1,0,0,0,1,1,0
40171742,3086.853182440802,2000,싼타페,싼타페 TM,56,119291,1995,5,7,0,0,0,1,1,1,1,1,1,1,1,1,0,0,0,0,0,0,0,0,1,0,0,0,0,1,0,1,1,0
41315181,3326.4508146315256,2200,카니발,카니발 4세대,85,100520,2151,9,6,5,0,1,1,1,1,1,1,1,1,1,0,1,0,0,0,0,0,0,0,1,0,0,0,1,0,0,1,1,0
41599090,3015.4650086512584,3490,싼타페,더 뉴 싼타페,56,32829,2497,7,5,0,1,1,1,1,1,1,1,1,1,1,1,0,0,0,0,0,0,1,0,0,0,0,1,0,0,0,1,1,0
41347629,2917.9076270847495,2950,그랜저,더 뉴 그랜저 IG,27,63949,2497,5,5,1,1,1,1,1,1,1,1,1,1,1,1,0,0,0,0,0,0,1,0,0,0,0,1,0,0,0,1,0,1
41389592,3611.071044237849,2520,팰리세이드,팰리세이드,107,75873,3778,7,7,2,1,1,1,1,1,1,1,1,1,1,1,0,0,0,0,0,0,1,0,0,0,0,0,0,0,1,1,1,0
40944342,2819.120910451986,2799,투싼,투싼 하이브리드 (NX4),101,49977,1598,5,5,2,1,1,1,1,1,1,1,1,1,1,1,0,0,0,0,0,0,0,1,0,0,0,0,0,1,0,1,1,0
40213125,2758.425760042816,1999,렉스턴,더 뉴 렉스턴 스포츠,35,95201,2157,5,5,1,0,1,1,1,1,1,0,1,1,1,0,0,0,1,0,0,0,0,0,1,0,0,0,0,0,1,1,1,0
41418409,3526.7998840139185,3860,콜레오스,그랑 콜레오스,93,9951,1499,5,1,0,0,1,1,1,1,1,1,1,1,1,0,0,0,0,0,1,0,0,1,0,0,0,0,1,0,0,1,1,0
41561949,3613.274893679425,3070,콜레오스,그랑 콜레오스,93,17982,1499,5,2,8,0,1,1,1,1,1,1,1,1,1,0,0,0,0,0,1,0,0,1,0,0,0,1,0,0,0,1,1,0
41622221,2766.3800913523883,2880,렉스턴,올 뉴 렉스턴,35,50711,2157,5,5,0,0,1,1,1,1,1,1,1,1,1,0,0,0,1,0,0,0,0,0,1,0,0,0,0,1,0,1,1,0
41625889,5412.40951276323,7280,GV80,GV80,9,14585,2497,7,2,1,1,1,1,1,1,1,1,1,1,1,0,0,1,0,0,0,0,1,0,0,0,0,0,1,0,0,1,1,0
41483555,2931.58161642511,2190,그랜저,더 뉴 그랜저 IG,27,59101,2497,5,6,2,0,1,1,1,1,1,1,1,1,1,1,0,0,0,0,0,0,1,0,0,0,0,0,1,0,0,1,0,1
41417717,2832.235730062908,4050,그랜저,그랜저 하이브리드 (GN7),27,44447,1598,5,2,0,0,1,1,1,1,1,1,1,1,1,1,0,0,0,0,0,0,0,1,0,0,0,0,1,0,0,1,0,1
41567798,3048.6479659774163,1930,스포티지,스포티지 더 볼드,55,67346,1999,5,7,3,0,0,1,1,0,1,1,1,1,1,0,1,0,0,0,0,0,1,0,0,0,0,1,0,0,0,1,1,0
41585722,2849.033733094886,2290,G70,G70,4,106819,1998,5,8,1,1,1,1,1,1,1,1,1,1,1,0,0,1,0,0,0,0,1,0,0,0,0,0,0,0,1,1,0,1
41450051,2750.981798850805,2590,투싼,투싼 (NX4),101,87920,1598,5,4,0,0,1,1,1,1,1,1,1,1,1,1,0,0,0,0,0,0,1,0,0,0,0,1,0,0,0,1,1,0
41641219,5406.43473495045,7550,GV80,GV80,9,11985,2497,6,2,0,1,1,1,1,1,1,1,1,1,1,0,0,1,0,0,0,0,1,0,0,0,0,1,0,0,0,1,1,0
41469929,5313.932698356571,7620,GV80,GV80 쿠페,9,37741,2497,5,2,2,1,1,1,1,1,1,1,1,1,1,0,0,1,0,0,0,0,1,0,0,0,0,0,0,0,1,1,1,0
41565026,3602.7134342567415,4580,팰리세이드,더 뉴 팰리세이드,107,30607,3778,7,2,0,0,1,1,1,1,1,1,1,1,1,1,0,0,0,0,0,0,1,0,0,0,0,0,1,0,0,1,1,0
41533092,5008.326934333097,3420,G90,G90,6,136293,3778,5,6,0,0,1,1,1,1,1,1,1,1,1,0,0,1,0,0,0,0,1,0,0,0,0,0,1,0,0,1,0,1
40931583,3223.7858673429773,9999,카니발,카니발 4세대,85,55235,2151,9,5,5,0,1,1,1,1,1,1,1,1,1,0,1,0,0,0,0,0,0,0,1,0,0,0,0,1,0,1,1,0
41418938,3276.955066568482,4250,카니발,더 뉴 카니발 4세대,85,71708,1598,9,2,5,1,1,1,1,1,1,1,1,1,1,0,1,0,0,0,0,0,0,1,0,0,0,1,0,0,0,1,1,0
41160110,2779.972995621478,3290,투싼,더 뉴 투싼 (NX4),101,3962,1598,5,1,1,0,1,1,1,1,1,1,1,1,1,1,0,0,0,0,0,0,1,0,0,0,0,1,0,0,0,1,1,0
41641937,5025.51401270444,2950,G90,G90,6,152810,3778,5,7,1,1,1,1,1,1,1,1,1,1,1,0,0,1,0,0,0,0,1,0,0,0,0,0,1,0,0,1,0,1
41300938,3492.5731632204133,2130,아르카나,아르카나,61,20327,1598,5,2,4,0,1,1,1,1,1,1,1,1,1,0,0,0,0,0,1,0,1,0,0,0,0,0,1,0,0,1,1,0
41499280,2887.6126226256356,3550,그랜저,그랜저 (GN7),27,12520,3470,5,3,0,0,1,1,1,1,1,1,1,1,1,1,0,0,0,0,0,0,1,0,0,0,0,1,0,0,0,1,0,1
40966290,2619.463897932248,1890,셀토스,셀토스,49,58905,1591,5,5,5,0,1,1,1,0,1,0,1,1,1,0,1,0,0,0,0,0,1,0,0,0,0,0,1,0,0,1,1,0
41321940,3048.6479659774163,2648,스포티지,스포티지 5세대 하이브리드,55,110976,1598,5,5,5,1,1,1,1,1,1,1,1,1,1,0,1,0,0,0,0,0,0,1,0,0,0,1,0,0,0,1,1,0
41657684,5406.43473495045,4900,GV80,GV80,9,57604,2497,5,4,7,0,1,1,1,1,1,1,1,1,1,0,0,1,0,0,0,0,1,0,0,0,0,0,1,0,0,1,1,0
41097549,3187.145222573291,1950,제네시스,제네시스 DH,81,33013,3342,5,11,3,1,1,1,1,1,1,1,1,1,1,1,0,0,0,0,0,0,1,0,0,0,0,1,0,0,0,1,0,1
41353360,4425.863399075039,4449,GV70,GV70,8,50939,3470,5,6,1,1,1,1,1,1,1,1,1,1,1,0,0,1,0,0,0,0,1,0,0,0,0,0,1,0,0,1,1,0
41404786,3326.4508146315256,4990,카니발,더 뉴 카니발 4세대,85,2839,2151,9,1,0,1,1,1,1,1,1,1,1,1,1,0,1,0,0,0,0,0,0,0,1,0,0,0,1,0,0,1,1,0
41557376,3223.7858673429773,3050,카니발,카니발 4세대,85,30732,2151,9,4,0,0,1,1,1,1,1,1,1,1,1,0,1,0,0,0,0,0,0,0,1,0,0,1,0,0,0,1,1,0
41612697,3555.8753163906044,5199,팰리세이드,더 뉴 팰리세이드,107,31674,3778,7,2,0,1,1,1,1,1,1,1,1,1,1,1,0,0,0,0,0,0,1,0,0,0,0,0,1,0,0,1,1,0
41593901,2580.1965669204437,3200,QM6,더 뉴 QM6,17,7,1997,5,0,0,0,1,1,1,1,1,1,1,1,1,0,0,0,0,0,1,0,1,0,0,0,0,0,0,1,0,1,1,0
40066626,5130.415213793392,8390,G90,G90 (RS4),6,68172,3470,4,4,0,0,1,1,1,1,1,1,1,1,1,0,0,1,0,0,0,0,1,0,0,0,0,0,1,0,0,1,0,1
41549713,3266.59261814898,2750,카니발,카니발 4세대,85,93500,2151,9,6,2,0,1,1,1,1,1,1,1,1,1,0,1,0,0,0,0,0,0,0,1,0,0,0,0,0,1,1,1,0
41456126,3611.071044237849,3300,팰리세이드,팰리세이드,107,98960,2199,7,6,1,0,1,1,1,1,1,1,1,1,1,1,0,0,0,0,0,0,0,0,1,0,0,0,0,1,0,1,1,0
41250714,2725.7156813909605,2650,쏘나타,쏘나타 디 엣지(DN8),57,53943,1598,5,3,2,0,1,1,1,1,1,1,1,1,1,1,0,0,0,0,0,0,1,0,0,0,0,0,0,0,1,1,0,1
41577302,2887.6126226256356,1950,그랜저,더 뉴 그랜저 IG,27,137862,2497,5,6,0,0,1,1,1,1,1,1,1,1,1,1,0,0,0,0,0,0,1,0,0,0,0,1,0,0,0,1,0,1
39911578,2357.565903155451,1890,EQ900,EQ900,0,155282,3778,5,10,2,0,1,1,1,1,1,1,1,1,1,0,0,1,0,0,0,0,1,0,0,0,0,0,0,1,0,1,0,1
41436761,2646.647497538391,2370,넥쏘,넥쏘,28,37535,0,5,3,0,1,1,1,1,1,1,1,1,1,1,1,0,0,0,0,0,0,0,0,0,0,1,0,0,0,1,1,1,0
41442944,2515.0409602129794,1730,코란도,뷰티풀 코란도,92,34807,1497,5,6,0,0,0,1,1,1,1,1,1,1,1,0,0,0,1,0,0,0,1,0,0,0,0,1,0,0,0,1,1,0
41518156,3565.3649600264525,3210,팰리세이드,팰리세이드,107,64008,3778,7,4,2,1,1,1,1,1,1,1,1,1,1,1,0,0,0,0,0,0,1,0,0,0,0,1,0,0,0,1,1,0
41304141,3224.829199147787,2599,카니발,카니발 4세대,85,63931,2151,9,5,0,0,1,1,1,1,1,1,1,1,1,0,1,0,0,0,0,0,0,0,1,0,0,1,0,0,0,1,1,0
40589333,3755.8586734297764,5440,타스만,타스만,97,59,2497,5,1,0,1,1,1,1,1,1,1,1,1,1,0,1,0,0,0,0,0,1,0,0,0,0,0,0,0,1,1,1,0
41524294,3757.422508106974,6750,G80,G80 (RG3),5,22117,3470,5,2,0,1,1,1,1,1,1,1,1,1,1,0,0,1,0,0,0,0,1,0,0,0,0,1,0,0,0,1,0,1
41547407,2887.6126226256356,2050,그랜저,더 뉴 그랜저 IG 하이브리드,27,124615,2359,5,5,2,1,1,1,1,1,1,1,1,1,1,1,0,0,0,0,0,0,0,1,0,0,0,0,0,0,1,1,0,1
41510339,2809.3292616650706,2250,베뉴,베뉴,45,24034,1598,5,3,0,0,1,1,1,1,1,1,1,1,1,1,0,0,0,0,0,0,1,0,0,0,0,1,0,0,0,1,1,0
41389684,3614.405854880476,3700,팰리세이드,더 뉴 팰리세이드,107,29687,3778,7,3,0,0,1,1,1,1,1,1,1,1,1,1,0,0,0,0,0,0,1,0,0,0,0,1,0,0,0,1,1,0
41278261,3928.63982988708,4550,쏠라티,쏠라티,60,53219,2497,11,6,0,0,0,1,1,0,0,1,1,0,1,1,0,0,0,0,0,0,0,0,1,0,0,0,1,0,0,1,1,0
41601273,2985.7852847364197,2399,싼타페,더 뉴 싼타페,56,135929,1598,5,5,1,0,1,1,1,1,1,1,1,1,1,1,0,0,0,0,0,0,0,1,0,0,0,0,0,1,0,1,1,0
40888666,3602.7134342567415,3895,팰리세이드,더 뉴 팰리세이드,107,26202,3778,7,3,0,1,1,1,1,1,1,1,1,1,1,1,0,0,0,0,0,0,1,0,0,0,0,1,0,0,0,1,1,0
41628211,2750.0422913352963,1970,아반떼,아반떼 (CN7),62,56000,1598,5,6,2,1,1,1,1,1,1,1,1,1,1,1,0,0,0,0,0,0,1,0,0,0,0,1,0,0,0,1,0,1
41232574,3578.55046978521,3759,스타리아,스타리아,51,29571,1598,9,2,0,1,1,1,1,1,1,1,1,1,1,1,0,0,0,0,0,0,0,1,0,0,0,0,1,0,0,1,1,0
41657412,5373.873808791013,4090,GV80,GV80,9,83632,2497,5,6,3,1,1,1,1,1,1,1,1,1,1,0,0,1,0,0,0,0,1,0,0,0,0,0,0,0,1,1,1,0
41437893,3326.4508146315256,3550,카니발,카니발 4세대,85,49461,3470,7,3,1,0,1,1,1,1,1,1,1,1,1,0,1,0,0,0,0,0,1,0,0,0,0,0,1,0,0,1,1,0
41300169,3877.838318635213,4220,G80,G80 (RG3),5,51432,2497,5,4,3,1,1,1,1,1,1,1,1,1,1,0,0,1,0,0,0,0,1,0,0,0,0,1,0,0,0,1,0,1
41650345,5313.932698356571,4850,GV80,GV80,9,69879,2996,7,6,1,0,1,1,1,1,1,1,1,1,1,0,0,1,0,0,0,0,0,0,1,0,0,0,1,0,0,1,1,0
41479593,3223.7858673429773,3550,카니발,카니발 4세대,85,51537,2151,9,4,3,1,1,1,1,1,1,1,1,1,1,0,1,0,0,0,0,0,0,0,1,0,0,1,0,0,0,1,1,0
40948951,2758.425760042816,3150,렉스턴,올 뉴 렉스턴,35,27968,2157,5,4,2,0,1,1,1,1,1,1,1,1,1,0,0,0,1,0,0,0,0,0,1,0,0,0,1,0,0,1,1,0
41649428,2991.57987241531,1780,레이,더 뉴 기아 레이,34,31458,998,5,2,0,0,0,1,1,1,1,1,1,1,1,0,1,0,0,0,0,0,1,0,0,0,0,1,0,0,0,1,0,1
41648694,2651.085997141483,2200,렉스턴,더 뉴 렉스턴 스포츠,35,38973,2157,5,3,0,0,0,1,1,0,1,1,1,0,1,0,0,0,1,0,0,0,0,0,1,0,0,0,0,1,0,1,1,0
41588558,3321.9597448306204,3890,EV4,EV4,2,6539,237,5,1,12,0,1,1,1,1,1,1,1,1,1,0,1,0,0,0,0,0,0,0,0,1,0,0,0,1,0,1,0,1
41345884,2871.0199908868076,2290,그랜저,더 뉴 그랜저 IG,27,101339,2497,5,5,8,0,1,1,1,1,1,1,1,1,1,1,0,0,0,0,0,0,1,0,0,0,0,0,0,1,0,1,0,1
41497433,5313.932698356571,7220,GV80,GV80,9,34571,2497,5,2,0,1,1,1,1,1,1,1,1,1,1,0,0,1,0,0,0,0,1,0,0,0,0,0,1,0,0,1,1,0
41263910,2632.4269067199116,2290,아반떼,더 뉴 아반떼 (CN7),62,19543,1598,5,3,2,0,1,1,1,1,1,1,1,1,1,1,0,0,0,0,0,0,1,0,0,0,0,0,0,1,0,1,0,1
41323722,2732.336808530345,2090,K5,K5 3세대,11,99238,1999,5,5,0,1,1,1,1,1,1,1,1,1,1,0,1,0,0,0,0,0,1,0,0,0,0,0,0,1,0,1,0,1
41032086,2739.750535430254,2600,렉스턴,렉스턴 스포츠 칸,35,77782,2157,5,5,6,0,1,1,1,0,1,1,1,1,1,0,0,0,1,0,0,0,0,0,1,0,0,0,0,1,0,1,1,0
41577856,3224.829199147787,3460,카니발,카니발 4세대,85,55480,3470,7,3,6,0,1,1,1,1,1,1,1,1,1,0,1,0,0,0,0,0,1,0,0,0,0,1,0,0,0,1,1,0
41431567,3565.3649600264525,2170,팰리세이드,팰리세이드,107,181443,2199,7,5,2,0,0,1,1,1,1,1,1,1,1,1,0,0,0,0,0,0,0,0,1,0,0,0,0,0,1,1,1,0
41544791,2632.4269067199116,1900,아반떼,아반떼 하이브리드 (CN7),62,76149,1580,5,6,14,0,1,1,1,1,1,1,1,1,1,1,0,0,0,0,0,0,0,1,0,0,0,0,0,0,1,1,0,1
41286192,3565.3649600264525,3450,팰리세이드,팰리세이드,107,41007,2199,7,4,1,1,1,1,1,1,1,1,1,1,1,1,0,0,0,0,0,0,0,0,1,0,0,1,0,0,0,1,1,0
41223117,2732.336808530345,2280,K5,K5 하이브리드 3세대,11,92798,1999,5,5,2,0,0,0,0,0,0,0,0,0,0,0,1,0,0,0,0,0,0,1,0,0,0,0,1,0,0,1,0,1
41524740,3835.924823652034,3070,G80,G80 (RG3),5,119606,2497,5,6,0,0,1,1,1,1,1,1,1,1,1,0,0,1,0,0,0,0,1,0,0,0,0,0,1,0,0,1,0,1
41526750,3611.071044237849,2590,팰리세이드,팰리세이드,107,75397,3778,7,7,4,0,1,1,1,1,1,1,1,1,1,1,0,0,0,0,0,0,1,0,0,0,0,1,0,0,0,1,1,0
41575585,3293.2719489661245,2750,K8,더 뉴 K8,13,83865,3470,5,1,0,0,1,1,1,1,1,1,1,1,1,0,1,0,0,0,0,1,0,0,0,0,0,0,1,0,0,1,0,1
41349589,3233.0998405191376,2810,액티언,액티언 2세대,71,16055,1497,5,2,0,0,1,1,1,1,1,1,1,1,1,0,0,0,1,0,0,0,1,0,0,0,0,0,1,0,0,1,1,0
41532943,3020.6855320218715,9999,아르카나,아르카나,61,30502,1598,5,2,0,0,1,1,1,1,1,1,1,1,1,0,0,0,0,0,1,0,0,1,0,0,0,0,0,0,1,1,1,0
41361313,4477.328734051914,4510,GV70,GV70,8,30713,2497,5,3,1,1,1,1,1,1,1,1,1,1,1,0,0,1,0,0,0,0,1,0,0,0,0,1,0,0,0,1,1,0
41483789,3550.2021461772415,2899,스타리아,스타리아,51,80851,3470,7,4,0,1,1,1,1,1,1,1,1,1,1,1,0,0,0,0,0,1,0,0,0,0,0,0,1,0,0,1,1,0
41551847,3326.4508146315256,3390,카니발,더 뉴 카니발 4세대,85,50735,2151,9,2,1,0,1,1,1,1,1,1,1,1,1,0,1,0,0,0,0,0,0,0,1,0,0,1,0,0,0,1,1,0
40904529,3611.071044237849,3570,팰리세이드,팰리세이드,107,43049,2199,7,6,2,1,1,1,1,1,1,1,1,1,1,1,0,0,0,0,0,0,0,0,1,0,0,1,0,0,0,1,1,0
41545758,3067.673489216629,1890,싼타페,싼타페 TM,56,177031,2199,5,8,2,1,1,1,1,1,1,1,1,1,1,1,0,0,0,0,0,0,0,0,1,0,0,1,0,0,0,1,1,0
41647378,2883.686388250694,2350,G70,G70,4,138015,1998,5,8,13,1,1,1,1,1,1,1,1,1,1,0,0,1,0,0,0,0,1,0,0,0,0,0,0,1,0,1,0,1
41389039,3847.011384330083,3390,G80,G80 (RG3),5,83484,2497,5,5,4,1,1,1,1,1,1,1,1,1,1,0,0,1,0,0,0,0,1,0,0,0,0,0,0,0,1,1,0,1
41427453,5313.932698356571,6510,GV80,GV80,9,19593,3470,6,2,0,1,1,1,1,1,1,1,1,1,1,0,0,1,0,0,0,0,1,0,0,0,0,0,1,0,0,1,1,0
41637862,2779.972995621478,2720,투싼,투싼 (NX4),101,37662,1598,5,4,0,1,1,1,1,1,1,1,1,1,1,1,0,0,0,0,0,0,1,0,0,0,0,0,0,1,0,1,1,0
41512562,2503.445641380177,1890,셀토스,셀토스,49,109408,1591,5,4,1,0,1,1,1,1,1,1,1,1,1,0,1,0,0,0,0,0,1,0,0,0,0,1,0,0,0,1,1,0
41514889,2750.0422913352963,1880,아반떼,아반떼 (CN7),62,55849,1598,5,6,3,1,1,1,1,1,1,1,1,1,1,1,0,0,0,0,0,0,1,0,0,0,0,0,0,1,0,1,0,1
41490207,3072.8622532509216,2230,K8,K8,13,82301,3470,5,5,2,0,1,1,1,1,1,1,1,1,1,0,1,0,0,0,0,1,0,0,0,0,0,0,0,1,0,1,0,1
41229179,2684.625840071605,2050,쏘나타,쏘나타 (DN8),57,72243,1999,5,6,1,1,1,1,1,1,1,1,1,1,1,1,0,0,0,0,0,0,1,0,0,0,0,1,0,0,0,1,0,1
40540030,2832.235730062908,2389,그랜저,더 뉴 그랜저 IG,27,77439,3342,5,5,4,0,1,1,1,1,1,1,1,1,1,1,0,0,0,0,0,0,1,0,0,0,0,0,0,0,1,1,0,1
41207523,2615.360723815946,2220,토레스,토레스,100,35523,1497,5,4,3,0,1,1,1,1,1,1,1,1,1,0,0,0,1,0,0,0,1,0,0,0,0,0,1,0,0,1,1,0
41543931,2985.7852847364197,4099,싼타페,싼타페 (MX5),56,17940,1598,6,1,1,0,1,1,1,1,1,1,1,1,1,1,0,0,0,0,0,0,0,1,0,0,0,1,0,0,0,1,1,0
41236859,3011.2319489661245,1780,캐스퍼,캐스퍼,88,16403,998,4,4,0,1,0,1,1,1,1,1,1,1,1,1,0,0,0,0,0,0,1,0,0,0,0,1,0,0,0,1,0,1
41253575,2814.4095035579858,2550,투싼,투싼 (NX4),101,71227,1598,5,6,5,0,1,1,1,1,1,1,1,1,1,1,0,0,0,0,0,0,1,0,0,0,0,0,0,1,0,1,1,0
41511268,3438.6524381008708,6700,쏘렌토,더 뉴 쏘렌토 4세대,58,141,1598,7,1,0,1,1,1,1,1,1,1,1,1,1,0,1,0,0,0,0,0,0,1,0,0,0,1,0,0,0,1,1,0
41229359,5313.932698356571,6900,GV80,GV80,9,25280,2497,5,2,2,0,1,1,1,1,1,1,1,1,1,0,0,1,0,0,0,0,1,0,0,0,0,1,0,0,0,1,1,0
41504383,5412.40951276323,6620,GV80,GV80,9,46636,2497,5,2,1,1,1,1,1,1,1,1,1,1,1,0,0,1,0,0,0,0,1,0,0,0,0,0,0,0,1,1,1,0
41304605,2582.899977616721,2650,토레스,토레스,100,12743,1497,5,4,0,0,1,1,1,1,1,1,1,1,1,0,0,0,1,0,0,0,1,0,0,0,0,0,0,1,0,1,1,0
41616934,2513.119275862335,9999,토레스,토레스,100,36561,1497,5,2,1,0,1,1,0,1,1,1,1,1,1,0,0,0,1,0,0,0,1,0,0,0,0,0,0,1,0,1,1,0
41350815,3224.829199147787,3030,카니발,더 뉴 카니발 4세대,85,37747,2151,9,2,1,0,1,1,1,1,1,1,1,1,1,0,1,0,0,0,0,0,0,0,1,0,0,1,0,0,0,1,1,0
41504231,3438.6524381008708,2330,쏘렌토,더 뉴 쏘렌토,58,38220,2199,5,8,1,0,1,1,1,1,1,1,1,1,1,0,1,0,0,0,0,0,0,0,1,0,0,1,0,0,0,1,1,0
41599844,2931.58161642511,2250,그랜저,더 뉴 그랜저 IG,27,72433,3342,5,6,5,0,1,1,1,1,1,1,1,1,1,1,0,0,0,0,0,0,1,0,0,0,0,0,0,1,0,1,0,1
41321899,3498.6983665185985,2849,쏘렌토,쏘렌토 4세대,58,83306,2151,6,6,8,1,1,1,1,1,1,1,1,1,1,0,1,0,0,0,0,0,0,0,1,0,0,0,1,0,0,1,1,0
41620975,3063.629778185483,2050,싼타페,싼타페 TM,56,84588,1995,5,6,0,0,0,1,1,1,1,1,1,1,1,1,0,0,0,0,0,0,0,0,1,0,0,1,0,0,0,1,1,0
41549089,3481.2136636754276,3049,아이오닉5,아이오닉5,66,53108,111,5,5,4,0,1,1,1,1,1,1,1,1,1,1,0,0,0,0,0,0,0,0,0,1,0,1,0,0,0,1,0,1
41427514,2917.9076270847495,2950,그랜저,그랜저 (GN7),27,58697,2497,5,3,0,0,1,1,1,1,1,1,1,1,1,1,0,0,0,0,0,0,1,0,0,0,0,1,0,0,0,1,0,1
41207010,3482.230586207206,3769,스타리아,스타리아,51,26599,1598,9,2,1,1,1,1,1,1,1,1,1,1,1,1,0,0,0,0,0,0,0,1,0,0,0,1,0,0,0,1,1,0
41419163,5398.2920940715185,6050,GV80,GV80,9,22461,2497,5,2,0,1,1,1,1,1,1,1,1,1,1,0,0,1,0,0,0,0,1,0,0,0,0,0,0,1,0,1,1,0
41631138,3614.405854880476,2630,팰리세이드,팰리세이드,107,77772,3778,7,6,1,1,1,1,1,1,1,1,1,1,1,1,0,0,0,0,0,0,1,0,0,0,0,1,0,0,0,1,1,0
41375743,3622.6650569373537,3330,모하비,모하비 더 마스터,43,98720,2959,7,7,0,1,1,1,1,1,1,1,1,1,1,0,1,0,0,0,0,0,0,0,1,0,0,1,0,0,0,1,1,0
41080424,5025.51401270444,9090,G90,G90 (RS4),6,38697,3470,5,2,0,1,1,1,1,1,1,1,1,1,1,0,0,1,0,0,0,0,1,0,0,0,0,0,1,0,0,1,0,1
41501127,2634.7772150268797,1950,쏘나타,쏘나타 하이브리드 (DN8),57,107067,1999,5,7,1,0,1,1,1,1,1,1,1,1,1,1,0,0,0,0,0,0,0,1,0,0,0,0,0,0,1,1,0,1
41388873,2832.235730062908,1950,그랜저,그랜저 IG,27,43135,2359,5,7,1,0,0,1,1,1,1,1,1,1,1,1,0,0,0,0,0,0,1,0,0,0,0,0,1,0,0,1,0,1
41312081,2615.360723815946,2590,토레스,토레스,100,22493,1497,5,4,0,0,1,1,1,1,1,1,1,1,1,0,0,0,1,0,0,0,1,0,0,0,0,0,1,0,0,1,1,0
41359727,3064.8773919172713,2850,스포티지,스포티지 5세대,55,71019,1998,5,5,0,1,1,1,1,1,1,1,1,1,1,0,1,0,0,0,0,0,0,0,1,0,0,0,0,1,0,1,1,0
41551785,3072.8622532509216,3090,K8,K8 하이브리드,13,72572,1598,5,2,0,0,1,1,1,1,1,1,1,1,1,0,1,0,0,0,0,0,0,1,0,0,0,0,0,1,0,1,0,1
41658060,3086.853182440802,3690,싼타페,싼타페 (MX5),56,33390,1598,7,3,1,0,1,1,1,1,1,1,1,1,1,1,0,0,0,0,0,0,0,1,0,0,0,1,0,0,0,1,1,0
41284992,2479.8411014207704,1999,K7,K7 프리미어,12,114942,2999,5,6,0,0,1,1,1,1,1,1,1,1,1,0,1,0,0,0,0,0,1,0,0,0,0,0,1,0,0,1,0,1
41529396,2750.981798850805,2230,투싼,투싼 (NX4),101,29393,1598,5,5,4,0,0,1,1,1,1,1,1,1,1,1,0,0,0,0,0,0,1,0,0,0,0,1,0,0,0,1,1,0
41288768,3555.8753163906044,3499,팰리세이드,팰리세이드,107,39353,2199,7,4,5,0,1,1,1,1,1,1,1,1,1,1,0,0,0,0,0,0,0,0,1,0,0,1,0,0,0,1,1,0
41657645,2893.893670259569,1860,트레일블레이저,트레일블레이저,104,128449,1341,5,4,9,1,1,1,1,1,1,1,1,1,1,0,0,0,0,1,0,0,1,0,0,0,0,1,0,0,0,1,1,0
41335191,2985.7852847364197,3440,싼타페,더 뉴 싼타페,56,50913,1598,6,4,0,0,0,0,0,0,0,0,0,0,0,1,0,0,0,0,0,0,0,1,0,0,0,1,0,0,0,1,1,0
41527869,2949.416836726581,3890,스포티지,더 뉴 스포티지 5세대,55,11442,1598,5,1,2,0,1,1,1,1,1,1,1,1,1,0,1,0,0,0,0,0,1,0,0,0,0,1,0,0,0,1,1,0
40787573,3064.8773919172713,2640,스포티지,스포티지 5세대 하이브리드,55,56766,1598,5,2,22,1,1,1,1,1,1,1,1,1,1,0,1,0,0,0,0,0,0,1,0,0,0,1,0,0,0,1,1,0
41459516,3067.673489216629,3690,싼타페,더 뉴 싼타페,56,36624,1598,5,3,0,1,1,1,1,1,1,1,1,1,1,1,0,0,0,0,0,0,0,1,0,0,0,1,0,0,0,1,1,0
40751414,2945.1713070622,1999,말리부,더 뉴 말리부,40,46219,1998,5,4,2,0,1,1,1,1,1,1,1,1,1,0,0,0,0,1,0,0,1,0,0,0,0,0,1,0,0,1,0,1
41592422,2437.046983773712,2790,K7,K7 프리미어,12,48735,2999,5,6,1,1,1,1,1,1,1,1,1,1,1,0,1,0,0,0,0,0,1,0,0,0,0,0,1,0,0,1,0,1
41496160,3067.673489216629,1820,싼타페,싼타페 TM,56,154949,1995,5,8,0,0,1,1,1,1,1,1,1,1,1,1,0,0,0,0,0,0,0,0,1,0,0,0,0,1,0,1,1,0
41432964,2806.68326245295,2490,트레일블레이저,더 뉴 트레일블레이저,104,21261,1341,5,2,1,0,1,1,1,1,1,0,1,1,1,0,0,0,0,1,0,0,1,0,0,0,0,0,0,0,1,1,1,0
41004883,3526.7998840139185,4150,콜레오스,그랑 콜레오스,93,82,1499,5,1,0,0,1,1,1,1,1,1,1,1,0,0,0,0,0,0,1,0,0,1,0,0,0,1,0,0,0,1,1,0
41509286,3562.6635203775545,3580,콜레오스,그랑 콜레오스,93,27849,1499,5,2,0,0,1,1,1,1,1,1,1,1,1,0,0,0,0,0,1,0,0,1,0,0,0,0,0,0,1,1,1,0
40992777,2684.625840071605,2100,쏘나타,쏘나타 (DN8),57,67414,2497,5,6,0,1,1,1,1,1,1,1,1,0,1,1,0,0,0,0,0,0,1,0,0,0,0,1,0,0,0,1,0,1
41294930,5025.51401270444,3200,G90,G90,6,113931,3778,5,7,13,0,1,1,1,1,1,1,1,1,1,0,0,1,0,0,0,0,1,0,0,0,0,0,1,0,0,1,0,1
41139306,3757.422508106974,3490,G80,G80 (RG3),5,75070,2497,5,6,2,0,1,1,1,1,1,1,1,1,1,0,0,1,0,0,0,0,1,0,0,0,0,0,0,1,0,1,0,1
41651785,3828.3155031297233,3280,G80,G80 (RG3),5,60475,3470,5,5,1,0,1,1,1,1,1,1,1,1,1,0,0,1,0,0,0,0,1,0,0,0,0,0,1,0,0,1,0,1
40401680,4839.699076110866,9990,G90,G90 (RS4),6,8231,3470,4,4,0,1,1,1,1,1,1,1,1,1,1,0,0,1,0,0,0,0,1,0,0,0,0,0,1,0,0,1,0,1
41657063,2750.0422913352963,2000,아반떼,아반떼 (CN7),62,62590,1598,5,5,2,0,1,1,1,1,1,1,1,1,1,1,0,0,0,0,0,0,1,0,0,0,0,1,0,0,0,1,0,1
38901467,5130.415213793392,3650,G90,G90,6,113071,3342,5,7,7,1,1,1,1,1,1,1,1,1,1,0,0,1,0,0,0,0,1,0,0,0,0,0,0,0,1,1,0,1
41627757,3877.838318635213,5750,G80,G80 (RG3),5,26782,2497,5,2,0,0,1,1,1,1,1,1,1,1,1,0,0,1,0,0,0,0,1,0,0,0,0,0,1,0,0,1,0,1
41631855,3828.3155031297233,6050,G80,G80 (RG3),5,26723,2497,5,2,0,1,1,1,1,1,1,1,1,1,1,0,0,1,0,0,0,0,1,0,0,0,0,1,0,0,0,1,0,1
41548412,3320.3306710887,2790,EV6,EV6,3,115421,111,5,5,1,0,1,1,1,1,1,1,1,1,1,0,1,0,0,0,0,0,0,0,0,1,0,0,0,1,0,1,0,1
40164448,3835.924823652034,4439,G80,일렉트리파이드 G80 (RG3),5,75453,167,5,5,27,0,1,1,1,1,1,1,1,1,1,0,0,1,0,0,0,0,0,0,0,1,0,0,1,0,0,1,0,1
41584016,3086.853182440802,2189,싼타페,싼타페 TM,56,119864,2199,7,8,3,1,1,1,1,1,1,1,1,1,1,1,0,0,0,0,0,0,0,0,1,0,0,0,1,0,0,1,1,0
40519752,3326.4508146315256,3380,카니발,카니발 4세대,85,79260,2151,9,3,1,0,1,1,1,1,1,1,1,1,1,0,1,0,0,0,0,0,0,0,1,0,0,1,0,0,0,1,1,0
41301683,4425.863399075039,4370,GV70,GV70,8,42267,2151,5,4,5,0,1,1,1,1,1,1,1,1,1,0,0,1,0,0,0,0,0,0,1,0,0,1,0,0,0,1,1,0
41525345,2977.9930594535554,5555,코나,코나 (SX2),91,37232,1999,5,3,0,0,1,1,1,1,1,1,1,1,1,1,0,0,0,0,0,0,1,0,0,0,0,0,0,1,0,1,1,0
41580120,2985.7852847364197,2319,싼타페,더 뉴 싼타페,56,33329,2151,5,4,2,0,1,1,1,1,1,1,1,1,1,1,0,0,0,0,0,0,0,0,1,0,0,0,0,1,0,1,1,0
41644467,2580.1965669204437,2990,QM6,더 뉴 QM6,17,50583,1997,5,4,0,1,1,1,1,1,1,1,1,1,1,0,0,0,0,0,1,0,1,0,0,0,0,1,0,0,0,1,1,0
41212991,2745.0972283326,2580,트랙스,트랙스 크로스오버,103,2524,1199,5,1,0,0,1,1,1,1,1,0,1,1,1,0,0,0,0,1,0,0,1,0,0,0,0,1,0,0,0,1,1,0
40060328,2633.5129880066565,1950,스타렉스,더 뉴 그랜드 스타렉스,50,51094,2497,15,7,1,0,0,1,1,0,0,1,1,0,1,1,0,0,0,0,0,0,0,0,1,0,0,0,0,0,1,1,1,0
41558111,3565.3649600264525,3070,팰리세이드,팰리세이드,107,80754,2199,7,6,7,0,1,1,1,1,1,1,1,1,1,1,0,0,0,0,0,0,0,0,1,0,0,1,0,0,0,1,1,0
41531922,3438.6524381008708,9999,쏘렌토,쏘렌토 4세대,58,120874,1598,5,4,2,0,0,0,0,0,0,0,0,0,0,0,1,0,0,0,0,0,0,1,0,0,0,1,0,0,0,1,1,0
41495507,2887.6126226256356,3150,그랜저,그랜저 (GN7),27,37203,3470,5,3,1,0,1,1,1,1,1,1,1,1,1,1,0,0,0,0,0,0,1,0,0,0,0,0,1,0,0,1,0,1
41199593,3276.955066568482,2420,카니발,카니발 4세대,85,83895,2151,9,4,0,0,1,1,1,1,1,1,1,1,1,0,1,0,0,0,0,0,0,0,1,0,0,0,0,1,0,1,1,0
41509603,2564.8123299278163,2450,아반떼,더 뉴 아반떼 하이브리드 (CN7),62,23838,1580,5,1,2,0,1,1,1,1,1,1,1,1,1,1,0,0,0,0,0,0,0,1,0,0,0,0,0,1,0,1,0,1
41224375,2893.893670259569,2400,트레일블레이저,더 뉴 트레일블레이저,104,15325,1341,5,1,0,0,1,1,1,1,1,0,1,1,1,0,0,0,0,1,0,0,1,0,0,0,0,0,1,0,0,1,1,0
41393474,2730.0779228526476,2850,QM6,더 뉴 QM6,17,72923,1997,5,4,0,1,1,1,1,1,1,1,1,1,1,0,0,0,0,0,1,0,1,0,0,0,0,1,0,0,0,1,1,0
39928145,2389.469509745787,2290,EQ900,EQ900,0,113069,3778,5,9,8,0,1,1,1,1,1,1,1,1,1,0,0,1,0,0,0,0,1,0,0,0,0,0,1,0,0,1,0,1
41471181,5313.932698356571,7899,GV80,GV80 쿠페,9,21322,2497,5,2,2,1,1,1,1,1,1,1,1,1,1,0,0,1,0,0,0,0,1,0,0,0,0,0,0,1,0,1,1,0
41297733,2739.750535430254,2800,렉스턴,더 뉴 렉스턴 스포츠 칸,35,31344,2157,5,4,1,0,1,1,1,1,1,1,1,1,1,0,0,0,1,0,0,0,0,0,1,0,0,0,0,0,1,1,1,0
40813283,2949.416836726581,2880,스포티지,스포티지 5세대 하이브리드,55,98469,1598,5,4,3,1,1,1,1,1,1,1,1,1,1,0,1,0,0,0,0,0,0,1,0,0,0,1,0,0,0,1,1,0
41542420,3086.853182440802,2200,싼타페,더 뉴 싼타페,56,88319,2151,5,6,4,0,1,1,1,1,1,1,1,1,1,1,0,0,0,0,0,0,0,0,1,0,0,0,0,1,0,1,1,0
41603248,5412.40951276323,7200,GV80,GV80,9,8872,2497,5,3,0,1,1,1,1,1,1,1,1,1,1,0,0,1,0,0,0,0,1,0,0,0,0,1,0,0,0,1,1,0
40856780,3015.4650086512584,2340,싼타페,더 뉴 싼타페,56,95119,2151,5,6,5,0,1,1,1,1,1,1,1,1,1,1,0,0,0,0,0,0,0,0,1,0,0,1,0,0,0,1,1,0
41283632,5406.43473495045,4290,GV80,GV80,9,95445,2996,5,6,3,0,1,1,1,1,1,1,1,1,1,0,0,1,0,0,0,0,0,0,1,0,0,0,0,1,0,1,1,0
41562685,2750.0422913352963,1770,아반떼,아반떼 (CN7),62,51772,1598,5,4,6,0,0,1,1,1,1,1,1,1,1,1,0,0,0,0,0,0,1,0,0,0,0,0,0,1,0,1,0,1
41573226,3847.011384330083,3290,G80,G80 (RG3),5,113004,2497,5,5,1,0,1,1,1,1,1,1,1,1,1,0,0,1,0,0,0,0,1,0,0,0,0,0,1,0,0,1,0,1
41339401,2566.566644283388,2420,토레스,토레스,100,38879,1497,5,3,1,0,1,1,1,1,1,1,1,1,1,0,0,0,1,0,0,0,1,0,0,0,0,1,0,0,0,1,1,0
41447131,2809.3292616650706,2010,베뉴,베뉴,45,5008,1598,5,3,0,0,1,1,1,1,1,1,1,1,1,1,0,0,0,0,0,0,1,0,0,0,0,0,0,1,0,1,1,0
41583498,2566.566644283388,2450,토레스,토레스,100,31195,1497,5,3,2,1,1,1,1,1,1,1,1,1,1,0,0,0,1,0,0,0,1,0,0,0,0,1,0,0,0,1,1,0
41619251,3986.5064965537467,9999,K3,더 뉴 K3 2세대,10,45695,1598,5,4,0,0,0,1,1,1,1,1,1,0,1,0,1,0,0,0,0,0,1,0,0,0,0,1,0,0,0,1,0,1
41628445,3293.2719489661245,3190,K8,K8,13,52396,2497,5,5,0,1,1,1,1,1,1,1,1,1,1,0,1,0,0,0,0,0,1,0,0,0,0,1,0,0,0,1,0,1
40678519,3877.838318635213,3250,G80,G80 (RG3),5,90969,2497,5,5,7,1,1,1,1,1,1,1,1,1,1,0,0,1,0,0,0,0,1,0,0,0,0,0,0,1,0,1,0,1
41529959,3611.071044237849,2790,팰리세이드,팰리세이드,107,72442,3778,7,6,3,1,1,1,1,1,1,1,1,1,1,1,0,0,0,0,0,0,1,0,0,0,0,1,0,0,0,1,1,0
41459299,3015.4650086512584,2990,싼타페,더 뉴 싼타페,56,51214,1598,5,3,2,0,1,1,1,1,1,1,1,1,1,1,0,0,0,0,0,0,0,1,0,0,0,1,0,0,0,1,1,0
41627786,2809.3292616650706,2550,베뉴,베뉴,45,22651,1598,5,3,0,1,1,1,1,1,1,1,1,1,1,1,0,0,0,0,0,0,1,0,0,0,0,0,0,1,0,1,1,0
40972687,5412.40951276323,4990,GV80,GV80,9,91808,2497,6,4,2,1,1,1,1,1,1,1,1,1,1,0,0,1,0,0,0,0,1,0,0,0,0,0,0,1,0,1,1,0
40508012,2766.3800913523883,3100,렉스턴,더 뉴 렉스턴 스포츠 칸,35,27346,2157,5,4,1,0,1,1,1,1,1,1,1,1,1,0,0,0,1,0,0,0,0,0,1,0,0,0,0,0,1,1,1,0
40646589,4839.699076110866,7600,G90,G90 (RS4),6,79641,3470,4,4,0,1,1,1,1,1,1,1,1,1,1,0,0,1,0,0,0,0,1,0,0,0,0,0,1,0,0,1,0,1
41257091,3611.071044237849,3130,팰리세이드,팰리세이드,107,83543,2199,7,6,8,1,1,1,1,1,1,1,1,1,1,1,0,0,0,0,0,0,0,0,1,0,0,0,0,0,1,1,1,0
41593081,2887.6126226256356,3350,그랜저,그랜저 (GN7),27,46775,3470,5,3,3,0,1,1,1,1,1,1,1,1,1,1,0,0,0,0,0,1,0,0,0,0,0,0,1,0,0,1,0,1
41637836,5406.43473495045,4830,GV80,GV80,9,113608,2497,5,3,2,1,1,1,1,1,1,1,1,1,1,0,0,1,0,0,0,0,1,0,0,0,0,0,1,0,0,1,1,0
41183483,3266.59261814898,2580,카니발,카니발 4세대,85,73311,2151,9,4,0,0,1,1,1,1,1,1,1,1,1,0,1,0,0,0,0,0,0,0,1,0,0,1,0,0,0,1,1,0
41197853,2660.933211824105,2100,넥쏘,넥쏘,28,28851,0,5,5,0,1,1,1,1,1,1,1,1,1,1,1,0,0,0,0,0,0,0,0,0,0,1,0,0,0,1,1,1,0
41032108,2513.119275862335,2380,토레스,토레스,100,20234,1497,5,4,0,0,1,1,1,1,1,1,1,1,1,0,0,0,1,0,0,0,1,0,0,0,0,1,0,0,0,1,1,0
41386735,2650.525522053633,1970,스타렉스,더 뉴 그랜드 스타렉스,50,68551,2497,12,6,10,0,0,1,1,0,0,1,1,0,1,1,0,0,0,0,0,0,0,0,1,0,0,0,0,1,0,1,1,0
40254794,3877.838318635213,3870,G80,G80 (RG3),5,78213,2497,5,6,0,0,1,1,1,1,1,1,1,1,1,0,0,1,0,0,0,0,1,0,0,0,0,1,0,0,0,1,0,1
41647665,3550.2021461772415,2699,스타리아,스타리아,51,28573,2199,5,4,2,0,0,1,1,1,1,1,1,1,1,1,0,0,0,0,0,0,0,0,1,0,0,1,0,0,0,1,1,0
41634853,3192.917496959188,3690,액티언,액티언 2세대,71,100,1498,5,0,0,0,1,1,1,1,1,1,1,1,1,0,0,0,1,0,0,0,0,1,0,0,0,0,1,0,0,1,1,0
40043291,2540.7398004274887,2155,토레스,토레스,100,122584,1497,5,3,2,0,1,1,1,1,1,1,1,1,1,0,0,0,1,0,0,0,0,1,0,0,0,1,0,0,0,1,1,0
41545790,3078.160913373322,1720,캐스퍼,캐스퍼,88,43172,998,4,4,0,1,0,1,1,1,1,1,1,1,1,1,0,0,0,0,0,0,1,0,0,0,0,0,0,0,1,1,0,1
41487055,2540.7398004274887,3150,토레스,더 뉴 토레스,100,14885,1497,5,2,0,0,1,1,1,1,1,1,1,1,1,0,0,0,1,0,0,0,1,0,0,0,0,1,0,0,0,1,1,0
41453625,3363.123688014581,1750,말리부,더 뉴 말리부,40,39934,1998,5,4,1,0,0,1,1,1,1,1,1,0,1,0,0,0,0,1,0,0,1,0,0,0,0,0,1,0,0,1,0,1
41651045,3326.4508146315256,2780,카니발,카니발 4세대,85,119653,2151,9,5,1,0,1,1,1,1,1,1,1,1,1,0,1,0,0,0,0,0,0,0,1,0,0,0,0,1,0,1,1,0
41311842,5398.2920940715185,6890,GV80,GV80,9,14750,2497,7,2,0,1,1,1,1,1,1,1,1,1,1,0,0,1,0,0,0,0,1,0,0,0,0,1,0,0,0,1,1,0
41617352,2931.58161642511,1850,그랜저,그랜저 IG 하이브리드,27,117100,2359,5,7,4,0,1,1,1,1,1,1,1,1,1,1,0,0,0,0,0,0,0,1,0,0,0,0,0,1,0,1,0,1
41593585,5313.932698356571,5270,GV80,GV80,9,38444,3470,5,4,2,0,1,1,1,1,1,1,1,1,1,0,0,1,0,0,0,0,1,0,0,0,0,1,0,0,0,1,1,0
41549154,5406.43473495045,3440,GV80,GV80,9,213886,2497,5,6,2,0,0,0,0,0,0,0,0,0,0,0,0,1,0,0,0,0,1,0,0,0,0,0,1,0,0,1,1,0
41286371,4425.863399075039,4410,GV70,GV70,8,19152,2497,5,5,1,1,1,1,1,1,1,1,1,1,1,0,0,1,0,0,0,0,1,0,0,0,0,0,1,0,0,1,1,0
41478608,2480.889936207655,1850,코란도,뷰티풀 코란도,92,39978,1497,5,4,2,1,1,1,1,1,1,1,1,1,1,0,0,0,1,0,0,0,1,0,0,0,0,0,0,1,0,1,1,0
41368265,3341.52987241531,3450,아이오닉6,아이오닉6,67,22000,111,5,4,2,0,1,1,1,1,1,1,1,1,1,1,0,0,0,0,0,0,0,0,0,1,0,1,0,0,0,1,0,1
41326229,4425.863399075039,4300,GV70,GV70,8,24903,2497,5,5,2,1,1,1,1,1,1,1,1,1,1,0,0,1,0,0,0,0,1,0,0,0,0,1,0,0,0,1,1,0
41546903,3550.2021461772415,3290,스타리아,스타리아,51,20874,2199,9,4,1,0,1,1,1,1,1,1,1,1,1,1,0,0,0,0,0,0,0,0,1,0,0,0,0,1,0,1,1,0
41260204,3199.8165603460916,1780,스팅어,스팅어,53,117920,3342,5,9,14,1,1,1,1,1,1,1,1,1,1,0,1,0,0,0,0,0,1,0,0,0,0,1,0,0,0,1,0,1
41633769,2931.58161642511,2450,그랜저,더 뉴 그랜저 IG,27,35537,2497,5,6,2,0,1,1,1,1,1,1,1,0,1,1,0,0,0,0,0,0,1,0,0,0,0,0,1,0,0,1,0,1
41469163,2796.088747128122,2099,베뉴,베뉴,45,21801,1598,5,1,2,1,1,1,1,1,1,1,1,1,1,1,0,0,0,0,0,0,1,0,0,0,0,1,0,0,0,1,1,0
41562826,3086.853182440802,2550,싼타페,더 뉴 싼타페,56,79830,2497,5,4,0,0,1,1,1,1,1,1,1,1,1,1,0,0,0,0,0,0,1,0,0,0,0,1,0,0,0,1,1,0
41526122,5373.873808791013,5790,GV80,GV80,9,22428,2497,5,2,0,0,1,1,1,1,1,1,1,1,1,0,0,1,0,0,0,0,1,0,0,0,0,0,1,0,0,1,1,0
41027576,5412.40951276323,4950,GV80,GV80,9,109533,2996,5,4,0,1,1,1,1,1,1,1,1,1,1,0,0,1,0,0,0,0,0,0,1,0,0,0,0,1,0,1,1,0
41008724,3602.7134342567415,4300,팰리세이드,팰리세이드,107,79648,2199,7,5,0,0,1,1,1,1,1,1,1,1,1,1,0,0,0,0,0,0,0,0,1,0,0,0,0,1,0,1,1,0
41508157,2887.6126226256356,1980,그랜저,그랜저 IG,27,132940,2999,5,8,1,1,1,1,1,1,1,1,1,1,1,1,0,0,0,0,0,0,1,0,0,0,0,1,0,0,0,1,0,1
41594781,3611.071044237849,3950,팰리세이드,더 뉴 팰리세이드,107,28434,3778,7,3,1,0,1,1,1,1,1,1,1,1,1,1,0,0,0,0,0,0,1,0,0,0,0,1,0,0,0,1,1,0
41193126,3067.673489216629,2590,싼타페,더 뉴 싼타페,56,103064,1598,5,4,0,1,1,1,1,1,1,1,1,1,1,1,0,0,0,0,0,0,0,1,0,0,0,1,0,0,0,1,1,0
41527979,3063.629778185483,2350,싼타페,싼타페 TM,56,84758,1995,7,8,10,0,1,1,1,1,1,1,1,1,1,1,0,0,0,0,0,0,0,0,1,0,0,1,0,0,0,1,1,0
40804327,4319.8735499108525,4850,GV60,GV60,7,23831,111,5,3,0,0,1,1,1,1,1,1,1,1,1,0,0,1,0,0,0,0,0,0,0,1,0,0,1,0,0,1,1,0
41054188,3611.071044237849,9999,팰리세이드,더 뉴 팰리세이드,107,66228,2199,7,4,0,0,1,1,1,1,1,1,1,1,1,1,0,0,0,0,0,0,0,0,1,0,0,1,0,0,0,1,1,0
37596730,2670.6999624750915,2200,K5,K5 3세대,11,24852,1598,5,6,2,1,1,1,1,1,1,1,1,1,1,0,1,0,0,0,0,0,1,0,0,0,0,1,0,0,0,1,0,1
38034697,3578.55046978521,2499,스타리아,스타리아,51,85651,2199,11,5,2,0,0,1,1,1,1,1,1,0,1,1,0,0,0,0,0,0,0,0,1,0,0,0,0,1,0,1,1,0
41627630,2632.4269067199116,3960,아반떼,더 뉴 아반떼 (CN7),62,8801,1998,5,1,0,1,1,1,1,1,1,1,1,1,1,1,0,0,0,0,0,0,1,0,0,0,0,0,1,0,0,1,0,1
41639959,2887.6126226256356,1749,그랜저,그랜저 IG,27,148640,2199,5,10,10,1,1,1,1,1,1,1,1,1,1,1,0,0,0,0,0,0,0,0,1,0,0,0,0,1,0,1,0,1
40852340,3276.955066568482,3800,카니발,카니발 4세대,85,73051,2151,9,5,1,0,1,1,1,1,1,1,1,1,1,0,1,0,0,0,0,0,0,0,1,0,0,1,0,0,0,1,1,0
41526180,3048.0570517252213,1870,스팅어,스팅어,53,93357,3342,5,8,4,1,1,1,1,1,1,1,1,1,1,0,1,0,0,0,0,0,1,0,0,0,0,1,0,0,0,1,0,1
41137121,2651.085997141483,3030,렉스턴,올 뉴 렉스턴,35,70269,2157,7,6,0,0,1,1,1,1,1,1,1,1,1,0,0,0,1,0,0,0,0,0,1,0,0,0,1,0,0,1,1,0
41593719,3224.829199147787,3520,카니발,카니발 4세대,85,49623,2151,9,3,0,1,1,1,1,1,1,1,1,1,1,0,1,0,0,0,0,0,0,0,1,0,0,1,0,0,0,1,1,0
41489021,2796.088747128122,2350,베뉴,베뉴,45,13933,1598,5,4,0,0,1,1,1,1,1,1,1,1,1,1,0,0,0,0,0,0,1,0,0,0,0,1,0,0,0,1,1,0
41297354,2792.2446070107953,2499,투싼,투싼 (NX4),101,91264,1998,5,5,2,1,1,1,1,1,1,1,1,1,1,1,0,0,0,0,0,0,0,0,1,0,0,0,0,1,0,1,1,0
41402067,2887.6126226256356,4799,그랜저,그랜저 하이브리드 (GN7),27,21404,1598,5,1,0,1,1,1,1,1,1,1,1,1,1,1,0,0,0,0,0,0,0,1,0,0,0,1,0,0,0,1,0,1
41209232,3054.9712463075857,1980,이쿼녹스,더 넥스트 이쿼녹스,79,20627,1490,5,4,9,0,1,1,1,1,1,1,1,0,1,0,0,0,0,1,0,0,1,0,0,0,0,0,1,0,0,1,1,0
41575464,3847.011384330083,2090,G80,G80,5,39481,3342,5,9,5,1,1,1,1,1,1,1,1,1,1,0,0,1,0,0,0,0,1,0,0,0,0,0,1,0,0,1,0,1
41614303,3266.59261814898,2590,카니발,카니발 4세대,85,110672,2151,9,6,6,1,1,1,1,1,1,1,1,1,1,0,1,0,0,0,0,0,0,0,1,0,0,0,1,0,0,1,1,0
41397033,3602.7134342567415,2540,팰리세이드,팰리세이드,107,107596,2199,7,4,0,0,0,1,1,1,1,1,1,1,1,1,0,0,0,0,0,0,0,0,1,0,0,0,1,0,0,1,1,0
41642875,3078.160913373322,1780,캐스퍼,캐스퍼,88,28378,998,4,4,0,1,0,1,1,1,1,1,1,1,1,1,0,0,0,0,0,0,1,0,0,0,0,0,0,0,1,1,0,1
41195572,3063.629778185483,3850,싼타페,싼타페 (MX5),56,18044,1598,5,3,8,0,1,1,1,1,1,1,1,1,1,1,0,0,0,0,0,0,0,1,0,0,0,1,0,0,0,1,1,0
41655936,2619.463897932248,2640,셀토스,더 뉴 셀토스,49,23412,1598,5,4,2,1,1,1,1,1,1,1,1,1,1,0,1,0,0,0,0,0,1,0,0,0,0,1,0,0,0,1,1,0
41558716,5406.43473495045,7150,GV80,GV80 쿠페,9,62720,2497,5,2,0,1,1,1,1,1,1,1,1,1,1,0,0,1,0,0,0,0,1,0,0,0,0,0,0,1,0,1,1,0
41630749,2349.283280173046,2290,EQ900,EQ900,0,119616,3778,5,10,11,0,1,1,1,1,1,1,1,1,1,0,0,1,0,0,0,0,1,0,0,0,0,0,1,0,0,1,0,1
41527722,2609.95163614849,9999,니로,디 올 뉴 니로,29,2607,1580,5,1,0,1,1,1,1,1,1,1,1,1,1,0,1,0,0,0,0,0,0,1,0,0,0,0,1,0,0,1,1,0
41383027,5398.2920940715185,8888,GV80,GV80,9,138278,2996,5,5,2,0,0,0,0,0,0,0,0,0,0,0,0,1,0,0,0,0,0,0,1,0,0,1,0,0,0,1,1,0
41107555,2832.235730062908,2550,그랜저,더 뉴 그랜저 IG 하이브리드,27,87827,2359,5,5,2,0,1,1,1,1,1,1,1,1,1,1,0,0,0,0,0,0,0,1,0,0,0,0,0,1,0,1,0,1
40709908,2991.57987241531,9999,레이,더 뉴 레이,34,69748,998,5,7,2,0,0,0,0,0,0,0,0,0,0,0,1,0,0,0,0,0,1,0,0,0,0,1,0,0,0,1,0,1
41389729,3555.8753163906044,3780,팰리세이드,팰리세이드,107,57666,2199,7,4,1,1,1,1,1,1,1,1,1,1,1,1,0,0,0,0,0,0,0,0,1,0,0,1,0,0,0,1,1,0
41656491,3321.9597448306204,9999,SM5,SM5 노바,19,113659,1461,5,11,0,0,0,1,1,1,1,1,1,0,1,0,0,0,0,0,1,0,0,0,1,0,0,0,0,0,1,1,0,1
41567956,3067.673489216629,2300,싼타페,싼타페 TM,56,66940,2199,7,8,2,1,1,1,1,1,1,1,1,1,1,1,0,0,0,0,0,0,0,0,1,0,0,0,0,1,0,1,1,0
41125321,4331.174374684793,4990,GV70,GV70,8,12379,2497,5,3,0,1,1,1,1,1,1,1,1,1,1,0,0,1,0,0,0,0,1,0,0,0,0,1,0,0,0,1,1,0
41266985,3453.3633120692184,2750,쏘렌토,쏘렌토 4세대,58,105942,1598,7,6,4,0,1,1,1,1,1,1,1,1,1,0,1,0,0,0,0,0,0,1,0,0,0,0,0,1,0,1,1,0
41444519,2927.2574681038277,3040,G70,더 뉴 G70,4,73026,1998,5,5,1,1,1,1,1,1,1,1,1,1,1,0,0,1,0,0,0,0,1,0,0,0,0,0,0,0,1,1,0,1
41385888,3083.2164540255167,1750,아이오닉,더 뉴 아이오닉 하이브리드,65,91075,1580,5,7,6,0,1,1,1,1,1,1,1,1,1,1,0,0,0,0,0,0,0,1,0,0,0,1,0,0,0,1,0,1
41477704,2887.6126226256356,1949,그랜저,더 뉴 그랜저 IG 하이브리드,27,129553,2359,5,6,3,0,1,1,1,1,1,1,1,1,1,1,0,0,0,0,0,0,0,1,0,0,0,0,1,0,0,1,0,1
41576541,2725.7156813909605,1880,쏘나타,쏘나타 (DN8),57,80911,1598,5,5,8,0,1,1,1,1,1,1,1,1,1,1,0,0,0,0,0,0,1,0,0,0,0,0,0,1,0,1,0,1
41637859,2917.9076270847495,2510,그랜저,더 뉴 그랜저 IG 하이브리드,27,120091,2359,5,4,0,0,1,1,1,1,1,1,1,1,1,1,0,0,0,0,0,0,0,1,0,0,0,0,0,1,0,1,0,1
41538429,4394.3925768413965,3500,GV70,GV70,8,59023,2497,5,5,12,1,1,1,1,1,1,1,1,1,1,0,0,1,0,0,0,0,1,0,0,0,0,0,0,0,1,1,1,0
41521330,2766.3800913523883,1890,렉스턴,렉스턴 스포츠 칸,35,64259,2157,5,6,0,0,0,1,1,0,1,1,1,1,1,0,0,0,1,0,0,0,0,0,1,0,0,0,0,1,0,1,1,0
40817792,5398.2920940715185,4750,GV80,GV80,9,78216,2497,5,5,3,0,1,1,1,1,1,1,1,1,1,0,0,1,0,0,0,0,1,0,0,0,0,1,0,0,0,1,1,0
41627655,2955.8786466935444,3050,코나,코나 (SX2),91,6692,1598,5,1,4,0,1,1,1,1,1,1,1,1,1,1,0,0,0,0,0,0,1,0,0,0,0,0,0,1,0,1,1,0
39771042,5025.51401270444,4180,G90,G90,6,67402,3778,5,6,2,0,0,0,0,0,0,0,0,0,0,0,0,1,0,0,0,0,1,0,0,0,0,0,0,0,1,1,0,1
41088860,2739.750535430254,3400,렉스턴,더 뉴 렉스턴 스포츠,35,14326,2157,5,2,0,0,1,1,1,1,1,1,1,1,1,0,0,0,1,0,0,0,0,0,1,0,0,0,0,1,0,1,1,0
40870488,2975.014936207655,2900,콜로라도,리얼 뉴 콜로라도,94,36825,3649,5,4,0,0,0,1,1,1,0,1,1,0,1,0,0,0,0,1,0,0,1,0,0,0,0,0,0,1,0,1,1,0
41557790,5313.932698356571,6490,GV80,GV80,9,21511,2497,5,2,1,1,1,1,1,1,1,1,1,1,1,0,0,1,0,0,0,0,1,0,0,0,0,0,1,0,0,1,1,0
41241475,2836.490415435862,1700,캐스퍼,캐스퍼,88,19086,998,4,5,1,0,0,1,1,1,1,1,1,1,1,1,0,0,0,0,0,0,1,0,0,0,0,0,0,0,1,1,0,1
41588510,3550.2021461772415,2550,스타리아,스타리아,51,115062,3470,11,5,5,0,1,1,1,1,1,1,1,1,1,1,0,0,0,0,0,1,0,0,0,0,0,0,0,0,1,1,1,0
41229001,2732.336808530345,2350,K5,K5 3세대,11,69771,1598,5,3,1,0,1,1,1,1,1,1,1,1,1,0,1,0,0,0,0,0,1,0,0,0,0,0,0,1,0,1,0,1
41448378,2615.360723815946,2590,토레스,토레스,100,9870,1497,5,4,0,0,1,1,1,1,1,1,1,1,1,0,0,0,1,0,0,0,1,0,0,0,0,1,0,0,0,1,1,0
41507858,3048.6479659774163,2150,스포티지,스포티지 5세대,55,74766,1998,5,4,2,0,1,1,1,1,1,1,1,1,1,0,1,0,0,0,0,0,0,0,1,0,0,1,0,0,0,1,1,0
41614555,2917.9076270847495,2450,그랜저,더 뉴 그랜저 IG,27,99752,2497,5,5,3,0,1,1,1,1,1,1,1,1,1,1,0,0,0,0,0,0,1,0,0,0,0,0,0,1,0,1,0,1
41500643,3611.071044237849,3920,팰리세이드,더 뉴 팰리세이드,107,64984,2199,7,4,2,1,1,1,1,1,1,1,1,1,1,1,0,0,0,0,0,0,0,0,1,0,0,1,0,0,0,1,1,0
41015304,3828.3155031297233,1980,G80,G80,5,73951,3342,5,7,8,0,1,1,1,1,1,1,1,1,1,0,0,1,0,0,0,0,1,0,0,0,0,0,1,0,0,1,0,1
41563770,2758.425760042816,3680,렉스턴,렉스턴 뉴 아레나,35,32081,2157,5,2,1,0,1,1,1,1,1,1,1,1,1,0,0,0,1,0,0,0,0,0,1,0,0,1,0,0,0,1,1,0
41652274,2871.0199908868076,2790,그랜저,더 뉴 그랜저 IG,27,42776,2497,5,5,0,0,1,1,1,1,1,1,1,1,1,1,0,0,0,0,0,0,1,0,0,0,0,0,0,1,0,1,0,1
41085090,3438.6524381008708,3790,쏘렌토,쏘렌토 4세대,58,40161,1598,5,5,0,0,1,1,1,1,1,1,1,1,1,0,1,0,0,0,0,0,0,1,0,0,0,0,1,0,0,1,1,0
40567371,2993.374293546313,2480,콜로라도,리얼 뉴 콜로라도,94,115463,3649,5,6,2,0,0,1,1,1,0,1,1,0,1,0,0,0,0,1,0,0,1,0,0,0,0,0,1,0,0,1,1,0
41574164,3847.011384330083,4290,G80,G80 (RG3),5,27178,3470,5,3,10,1,1,1,1,1,1,1,1,1,1,0,0,1,0,0,0,0,1,0,0,0,0,0,0,1,0,1,0,1
41127027,3611.071044237849,2600,팰리세이드,팰리세이드,107,98505,2199,7,5,0,0,0,1,1,1,1,1,1,1,1,1,0,0,0,0,0,0,0,0,1,0,0,1,0,0,0,1,1,0
41658099,2750.0422913352963,2530,아반떼,더 뉴 아반떼 (CN7),62,13761,1598,5,1,0,0,1,1,1,1,1,1,1,1,1,1,0,0,0,0,0,0,1,0,0,0,0,1,0,0,0,1,0,1
41560889,2833.7809220036456,1870,G70,G70,4,74507,1998,5,7,12,0,1,1,1,1,1,1,1,1,1,0,0,1,0,0,0,0,1,0,0,0,0,0,0,0,1,1,0,1
41354191,2739.750535430254,2770,렉스턴,더 뉴 렉스턴 스포츠 칸,35,71892,2157,5,5,0,0,1,1,1,1,1,1,1,1,1,0,0,0,1,0,0,0,0,0,1,0,0,0,0,0,1,1,1,0
40780705,2836.490415435862,1870,캐스퍼,캐스퍼,88,16223,998,4,2,0,0,0,1,1,1,1,1,1,1,1,1,0,0,0,0,0,0,1,0,0,0,0,1,0,0,0,1,0,1
39931669,2518.393670259569,1770,K7,K7 프리미어 하이브리드,12,108498,2359,5,6,13,0,1,1,1,1,1,1,1,1,1,0,1,0,0,0,0,0,0,1,0,0,0,0,0,1,0,1,0,1
40901405,2992.986581610207,4290,K9,더 뉴 K9 2세대,14,24085,3778,5,3,2,0,1,1,1,1,1,1,1,1,1,0,1,0,0,0,0,0,1,0,0,0,0,0,1,0,0,1,0,1
41186729,3565.3649600264525,3150,팰리세이드,팰리세이드,107,72913,2199,7,5,1,1,0,1,1,1,1,1,1,1,1,1,0,0,0,0,0,0,0,0,1,0,0,1,0,0,0,1,1,0
41628461,3067.673489216629,3170,싼타페,더 뉴 싼타페,56,24797,2497,5,3,0,1,1,1,1,1,1,1,1,1,1,1,0,0,0,0,0,0,1,0,0,0,0,0,1,0,0,1,1,0
39916659,3835.924823652034,1770,G80,G80,5,95174,3342,5,9,2,1,1,1,1,1,1,1,1,1,1,0,0,1,0,0,0,0,1,0,0,0,0,1,0,0,0,1,0,1
41088351,2634.7772150268797,1800,쏘나타,쏘나타 (DN8),57,69875,1999,5,6,7,0,1,1,1,1,1,1,1,0,1,1,0,0,0,0,0,0,1,0,0,0,0,0,1,0,0,1,0,1
41237778,3063.629778185483,2840,싼타페,더 뉴 싼타페,56,109931,2151,5,6,3,0,1,1,1,1,1,1,1,1,1,1,0,0,0,0,0,0,0,0,1,0,0,0,0,1,0,1,1,0
41348672,2766.3800913523883,2740,렉스턴,올 뉴 렉스턴,35,85906,2157,5,5,1,0,1,1,1,1,1,1,1,1,1,0,0,0,1,0,0,0,0,0,1,0,0,0,1,0,0,1,1,0
41284336,4331.174374684793,8888,GV70,GV70,8,59032,2497,5,4,0,1,1,1,1,1,1,1,1,1,1,0,0,1,0,0,0,0,1,0,0,0,0,0,1,0,0,1,1,0
40947320,3074.571948966124,2550,K8,K8,13,83790,2497,5,5,2,0,1,1,1,1,1,1,1,1,1,0,1,0,0,0,0,0,1,0,0,0,0,0,0,0,1,1,0,1
41297847,5373.873808791013,6549,GV80,GV80,9,71720,2497,6,2,2,0,1,1,1,1,1,1,1,1,1,0,0,1,0,0,0,0,1,0,0,0,0,1,0,0,0,1,1,0
41119671,2684.625840071605,2220,쏘나타,쏘나타 디 엣지(DN8),57,37281,1999,5,2,0,0,1,1,1,1,1,1,1,0,1,1,0,0,0,0,0,1,0,0,0,0,0,0,0,1,0,1,0,1
41192287,2887.6126226256356,2100,그랜저,그랜저 IG 하이브리드,27,87435,2359,5,8,3,0,1,1,1,1,1,1,1,1,1,1,0,0,0,0,0,0,0,1,0,0,0,1,0,0,0,1,0,1
41633554,2945.1713070622,9999,말리부,올 뉴 말리부,40,95498,1998,5,9,2,0,0,0,0,0,0,0,0,0,0,0,0,0,0,1,0,0,1,0,0,0,0,0,0,0,1,1,0,1
40930076,3453.3633120692184,2690,쏘렌토,쏘렌토 4세대,58,70297,2151,5,5,1,0,1,1,1,1,1,1,1,1,1,0,1,0,0,0,0,0,0,0,1,0,0,0,1,0,0,1,1,0
40788538,2750.981798850805,4280,투싼,더 뉴 투싼 (NX4),101,12693,1998,5,2,0,1,1,1,1,1,1,1,1,1,1,1,0,0,0,0,0,0,0,0,1,0,0,0,1,0,0,1,1,0
41070254,3108.745207717931,3150,스포티지,스포티지 5세대,55,17799,1598,5,5,0,1,1,1,1,1,1,1,1,1,1,0,1,0,0,0,0,0,1,0,0,0,0,1,0,0,0,1,1,0
41064691,2917.9076270847495,3330,그랜저,그랜저 (GN7),27,25580,2497,5,4,2,0,1,1,1,1,1,1,1,1,1,1,0,0,0,0,0,0,1,0,0,0,0,0,0,1,0,1,0,1
41637866,5373.873808791013,4090,GV80,GV80,9,87376,2996,5,4,1,1,1,1,1,1,1,1,1,1,1,0,0,1,0,0,0,0,0,0,1,0,0,0,0,0,1,1,1,0
41365923,3614.405854880476,2699,팰리세이드,팰리세이드,107,96103,3778,7,5,1,0,1,1,1,1,1,1,1,1,1,1,0,0,0,0,0,0,1,0,0,0,0,0,1,0,0,1,1,0
41525195,3462.654978735885,1890,쏘렌토,더 뉴 쏘렌토,58,130690,2199,5,8,0,0,1,1,1,1,1,1,1,1,1,0,1,0,0,0,0,0,0,0,1,0,0,0,1,0,0,1,1,0
41410774,2887.6126226256356,1800,그랜저,더 뉴 그랜저 IG,27,82917,2497,5,6,11,0,1,1,1,1,1,1,1,0,1,1,0,0,0,0,0,0,1,0,0,0,0,0,1,0,0,1,0,1
41414044,3555.8753163906044,2650,팰리세이드,팰리세이드,107,77160,3778,7,7,1,1,1,1,1,1,1,1,1,1,1,1,0,0,0,0,0,0,1,0,0,0,0,1,0,0,0,1,1,0
41576971,3602.7134342567415,2930,팰리세이드,팰리세이드,107,88627,2199,7,5,2,0,1,1,1,1,1,1,1,1,1,1,0,0,0,0,0,0,0,0,1,0,0,1,0,0,0,1,1,0
41020020,2750.981798850805,3100,투싼,투싼 하이브리드 (NX4),101,30635,1598,5,3,14,0,1,1,1,1,1,1,1,1,1,1,0,0,0,0,0,0,0,1,0,0,0,0,0,1,0,1,1,0
41005303,3757.422508106974,9999,G80,G80 (RG3),5,11031,2497,5,3,0,0,1,1,1,1,1,1,1,1,1,0,0,1,0,0,0,0,1,0,0,0,0,0,1,0,0,1,0,1
41643986,2739.750535430254,2630,렉스턴,더 뉴 렉스턴 스포츠 칸,35,110003,2157,5,4,1,0,1,1,1,1,1,1,1,1,1,0,0,0,1,0,0,0,0,0,1,0,0,1,0,0,0,1,1,0
41586188,2871.0199908868076,2950,그랜저,더 뉴 그랜저 IG 하이브리드,27,78501,2359,5,4,1,0,1,1,1,1,1,1,1,1,1,1,0,0,0,0,0,0,0,1,0,0,0,1,0,0,0,1,0,1
41528453,2758.425760042816,2820,렉스턴,더 뉴 렉스턴 스포츠,35,25904,2157,5,4,0,0,1,1,1,1,1,1,1,1,1,0,0,0,1,0,0,0,0,0,1,0,0,0,0,1,0,1,1,0
41393110,2859.939240148325,3170,코나,코나 하이브리드 (SX2),91,31102,1580,5,2,1,0,1,1,1,1,1,1,1,1,1,1,0,0,0,0,0,0,0,1,0,0,0,1,0,0,0,1,1,0
41658888,2931.58161642511,2480,그랜저,더 뉴 그랜저 IG,27,123330,2497,5,6,1,1,1,1,1,1,1,1,1,1,1,1,0,0,0,0,0,0,1,0,0,0,0,1,0,0,0,1,0,1
41651351,2887.6126226256356,3745,그랜저,그랜저 (GN7),27,10426,2497,5,1,0,0,1,1,1,1,1,1,1,1,1,1,0,0,0,0,0,0,1,0,0,0,0,1,0,0,0,1,0,1
41554229,3067.673489216629,2430,싼타페,더 뉴 싼타페,56,92579,2497,5,5,6,0,1,1,1,0,1,0,1,1,1,1,0,0,0,0,0,0,1,0,0,0,0,1,0,0,0,1,1,0
41199280,2540.7398004274887,1890,토레스,토레스,100,26831,1497,5,3,14,1,1,1,1,1,1,1,1,1,1,0,0,0,1,0,0,0,1,0,0,0,0,0,0,0,1,1,1,0
41583326,2777.2978813068744,1980,렉스턴,렉스턴 스포츠 칸,35,65561,2157,5,7,2,1,0,1,1,1,1,1,1,1,1,0,0,0,1,0,0,0,0,0,1,0,0,1,0,0,0,1,1,0
40744268,2798.9683874777133,4290,G70,더 뉴 G70,4,12021,2497,5,3,1,1,1,1,1,1,1,1,1,1,1,0,0,1,0,0,0,0,1,0,0,0,0,1,0,0,0,1,0,1
41360761,5313.932698356571,4390,GV80,GV80,9,72000,2497,5,6,2,0,1,1,1,1,1,1,1,1,1,0,0,1,0,0,0,0,1,0,0,0,0,1,0,0,0,1,1,0
41272902,2777.2978813068744,3315,렉스턴,올 뉴 렉스턴,35,47698,2157,5,4,0,0,1,1,1,1,1,1,1,1,1,0,0,0,1,0,0,0,0,0,1,0,0,1,0,0,0,1,1,0
41415438,3326.4508146315256,2999,카니발,카니발 4세대,85,48874,2151,9,5,0,0,1,1,1,1,1,1,1,1,1,0,1,0,0,0,0,0,0,0,1,0,0,0,0,0,1,1,1,0
41493461,2792.2446070107953,2350,투싼,투싼 (NX4),101,36462,1598,5,4,0,0,0,1,1,1,1,1,1,1,1,1,0,0,0,0,0,0,1,0,0,0,0,1,0,0,0,1,1,0
41657858,3220.8907931048275,3650,마스터,마스터,38,130,2299,3,2,0,0,0,1,1,0,0,1,0,0,1,0,0,0,0,0,1,0,0,0,1,0,0,1,0,0,0,0,1,0
41251579,3067.673489216629,4100,싼타페,싼타페 (MX5),56,27061,1598,6,3,0,0,1,1,1,1,1,1,1,1,1,1,0,0,0,0,0,0,0,1,0,0,0,1,0,0,0,1,1,0
40989670,3224.829199147787,2650,카니발,카니발 4세대,85,64874,2151,9,4,3,0,1,1,1,1,1,1,1,1,1,0,1,0,0,0,0,0,0,0,1,0,0,1,0,0,0,1,1,0
39995305,3293.2719489661245,2300,K8,K8,13,49620,2497,5,4,2,1,1,1,1,1,1,1,1,1,1,0,1,0,0,0,0,0,1,0,0,0,0,0,0,0,1,1,0,1
41612438,3438.6524381008708,2780,쏘렌토,쏘렌토 4세대,58,42064,2497,6,3,3,0,1,1,1,1,1,0,1,1,1,0,1,0,0,0,0,0,1,0,0,0,0,0,0,1,0,1,1,0
41215592,5406.43473495045,4750,GV80,GV80,9,77835,2996,5,5,0,0,1,1,1,1,1,1,1,1,1,0,0,1,0,0,0,0,0,0,1,0,0,1,0,0,0,1,1,0
41620655,5373.873808791013,7780,GV80,GV80,9,15306,2497,5,1,2,0,1,1,1,1,1,1,1,1,1,0,0,1,0,0,0,0,1,0,0,0,0,0,1,0,0,1,1,0
41632283,3611.071044237849,4480,팰리세이드,더 뉴 팰리세이드,107,50241,2199,7,3,3,0,1,1,1,1,1,1,1,1,1,1,0,0,0,0,0,0,0,0,1,0,0,1,0,0,0,1,1,0
41630996,2673.1365231294194,2380,트랙스,트랙스 크로스오버,103,24917,1199,5,2,0,1,1,1,1,1,1,0,1,1,1,0,0,0,0,1,0,0,1,0,0,0,0,0,1,0,0,1,1,0
40846373,3223.7858673429773,4490,카니발,카니발 4세대,85,84801,2151,9,3,2,0,1,1,1,1,1,1,1,1,1,0,1,0,0,0,0,0,0,0,1,0,0,1,0,0,0,1,1,0
41365069,2566.566644283388,1960,토레스,토레스,100,83896,1497,5,4,1,0,1,1,1,1,1,1,1,1,1,0,0,0,1,0,0,0,1,0,0,0,0,1,0,0,0,1,1,0
41620732,2977.9930594535554,1870,코나,코나 일렉트릭,91,129356,180,5,7,0,1,1,1,1,1,1,1,1,1,1,1,0,0,0,0,0,0,0,0,0,1,0,1,0,0,0,1,1,0
41549044,2566.566644283388,2150,토레스,토레스,100,60711,1497,5,4,0,0,1,1,1,1,1,1,1,1,1,0,0,0,1,0,0,0,1,0,0,0,0,1,0,0,0,1,1,0
41388888,2602.03768400251,1780,쏘나타,쏘나타 (DN8),57,71444,1999,5,7,2,0,1,1,1,1,1,1,1,0,1,1,0,0,0,0,0,0,1,0,0,0,0,1,0,0,0,1,0,1
40984350,2758.425760042816,2290,렉스턴,렉스턴 스포츠 칸,35,25716,2157,5,6,1,0,1,1,1,0,1,1,1,1,1,0,0,0,1,0,0,0,0,0,1,0,0,0,0,1,0,1,1,0
41591236,4952.810596887665,4499,G90,G90,6,81671,3778,5,5,1,0,1,1,1,1,1,1,1,1,1,0,0,1,0,0,0,0,1,0,0,0,0,0,1,0,0,1,0,1
41083787,4425.863399075039,8888,GV70,GV70,8,47801,2497,5,5,0,0,1,1,1,1,1,1,1,1,1,0,0,1,0,0,0,0,1,0,0,0,0,1,0,0,0,1,1,0
41650668,2570.774893679425,2390,XM3,XM3,23,22230,1332,5,4,1,0,1,1,1,1,1,1,1,0,1,0,0,0,0,0,1,0,1,0,0,0,0,1,0,0,0,1,1,0
40959684,2739.750535430254,1750,렉스턴,렉스턴 스포츠,35,93812,2157,5,7,3,0,0,1,1,1,1,1,1,0,1,0,0,0,1,0,0,0,0,0,1,0,0,1,0,0,0,1,1,0
41186388,3828.3155031297233,1890,G80,G80,5,124283,3342,5,9,4,0,1,1,1,1,1,1,1,1,1,0,0,1,0,0,0,0,1,0,0,0,0,0,1,0,0,1,0,1
41626148,5373.873808791013,3670,GV80,GV80,9,167855,2996,5,6,9,0,1,1,1,1,1,1,1,1,1,0,0,1,0,0,0,0,0,0,1,0,0,0,0,1,0,1,1,0
41394393,3063.629778185483,2480,싼타페,더 뉴 싼타페,56,73815,2497,5,5,1,0,1,1,1,1,1,1,1,1,1,1,0,0,0,0,0,0,1,0,0,0,0,0,0,0,1,1,1,0
38321781,4394.3925768413965,4550,GV70,GV70,8,26835,2497,5,5,2,1,1,1,1,1,1,1,1,1,1,0,0,1,0,0,0,0,1,0,0,0,0,1,0,0,0,1,1,0
41331055,2917.9076270847495,2380,그랜저,더 뉴 그랜저 IG 하이브리드,27,126287,2359,5,5,2,0,1,1,1,1,1,1,1,1,1,1,0,0,0,0,0,0,0,1,0,0,0,1,0,0,0,1,0,1
41537771,3877.838318635213,5040,G80,G80 (RG3),5,29694,2497,5,3,0,0,1,1,1,1,1,1,1,1,1,0,0,1,0,0,0,0,1,0,0,0,0,1,0,0,0,1,0,1
38664369,2758.425760042816,1880,렉스턴,렉스턴 스포츠,35,75022,2157,5,7,0,0,1,1,1,1,1,1,1,1,1,0,0,0,1,0,0,0,0,0,1,0,0,0,0,0,1,1,1,0
41257222,3745.7164540255167,1870,모닝,더 뉴 모닝 (JA),42,18201,998,5,2,0,1,1,1,1,1,1,1,1,1,1,0,1,0,0,0,0,0,1,0,0,0,0,1,0,0,0,1,0,1
41544764,2602.03768400251,2080,쏘나타,쏘나타 (DN8),57,160463,1598,5,5,4,1,1,1,1,1,1,1,1,1,1,1,0,0,0,0,0,0,1,0,0,0,0,1,0,0,0,1,0,1
41498951,3847.011384330083,5290,G80,G80 (RG3),5,32068,2497,5,2,5,0,1,1,1,1,1,1,1,1,1,0,0,1,0,0,0,0,1,0,0,0,0,0,0,1,0,1,0,1
40644704,3054.2302257062483,2850,K9,더 K9,14,82165,3342,5,8,6,1,1,1,1,1,1,1,1,1,1,0,1,0,0,0,0,0,1,0,0,0,0,0,1,0,0,1,0,1
41401779,2887.6126226256356,1720,그랜저,더 뉴 그랜저 IG,27,56208,2999,5,5,28,1,1,1,1,1,1,1,1,1,1,1,0,0,0,0,0,1,0,0,0,0,0,1,0,0,0,1,0,1
41564324,5398.2920940715185,5380,GV80,GV80,9,38493,2497,7,3,0,0,1,1,1,1,1,1,1,1,1,0,0,1,0,0,0,0,1,0,0,0,0,1,0,0,0,1,1,0
41371654,2798.9683874777133,2549,G70,G70,4,73968,3342,5,9,0,0,1,1,1,1,1,1,1,1,1,0,0,1,0,0,0,0,1,0,0,0,0,0,0,0,1,1,0,1
40920263,2740.9459912429556,1750,QM6,더 뉴 QM6,17,67066,1997,5,4,3,0,1,1,1,1,1,1,1,0,1,0,0,0,0,0,1,0,1,0,0,0,0,1,0,0,0,1,1,0
41517473,3458.0058573363353,3290,스타리아,스타리아,51,35365,1598,11,2,0,0,0,1,1,1,1,0,1,0,1,1,0,0,0,0,0,0,0,1,0,0,0,0,0,1,0,1,1,0
41203725,2615.360723815946,2150,토레스,토레스,100,35087,1497,5,4,0,1,1,1,1,1,1,1,1,1,1,0,0,0,1,0,0,0,1,0,0,0,0,0,0,1,0,1,1,0
41114200,2456.7150741910973,1899,K7,K7 프리미어,12,92089,2999,5,6,11,0,1,1,1,1,1,1,1,1,1,0,1,0,0,0,0,1,0,0,0,0,0,1,0,0,0,1,0,1
40900013,3015.4650086512584,2949,싼타페,더 뉴 싼타페,56,40818,2151,5,6,1,1,1,1,1,1,1,1,1,1,1,1,0,0,0,0,0,0,0,0,1,0,0,0,0,1,0,1,1,0
40665359,3847.011384330083,2990,G80,G80 (RG3),5,99710,2497,5,5,0,0,1,1,1,1,1,1,1,1,1,0,0,1,0,0,0,0,1,0,0,0,0,0,1,0,0,1,0,1
41594188,2792.2446070107953,1794,투싼,투싼 (NX4),101,84176,1598,5,5,2,0,0,1,0,0,1,0,1,1,1,1,0,0,0,0,0,0,1,0,0,0,0,1,0,0,0,1,1,0
40695939,2730.0779228526476,1790,QM6,더 뉴 QM6,17,52161,1998,5,4,0,0,1,1,1,1,1,1,1,0,1,0,0,0,0,0,1,1,0,0,0,0,0,1,0,0,0,1,1,0
41101942,2566.566644283388,2490,토레스,토레스,100,55131,1497,5,4,7,0,1,1,1,1,1,1,1,1,1,0,0,0,1,0,0,0,1,0,0,0,0,0,0,1,0,1,1,0
40990886,3565.3649600264525,3650,팰리세이드,팰리세이드,107,30240,2199,8,4,6,0,1,1,1,1,1,1,1,1,1,1,0,0,0,0,0,0,0,0,1,0,0,1,0,0,0,1,1,0
41425283,3078.160913373322,1729,캐스퍼,캐스퍼,88,45700,998,4,4,2,1,0,1,1,1,1,1,1,1,1,1,0,0,0,0,0,0,1,0,0,0,0,1,0,0,0,1,0,1
40345194,3877.838318635213,3550,G80,G80 (RG3),5,80506,2497,5,6,0,0,1,1,1,1,1,1,1,1,1,0,0,1,0,0,0,0,1,0,0,0,0,1,0,0,0,1,0,1
41302686,2651.085997141483,1899,렉스턴,더 뉴 렉스턴 스포츠,35,142118,2157,5,5,1,0,1,1,1,1,1,0,1,1,1,0,0,0,1,0,0,0,0,0,1,0,0,0,0,0,1,1,1,0
41224045,3063.629778185483,2890,싼타페,싼타페 (MX5),56,17286,2497,5,2,8,0,1,1,1,1,1,1,1,1,1,1,0,0,0,0,0,0,1,0,0,0,0,1,0,0,0,1,1,0
41476536,2917.9076270847495,3240,그랜저,그랜저 (GN7),27,10503,2497,5,3,0,0,1,1,1,1,1,1,1,1,1,1,0,0,0,0,0,0,1,0,0,0,0,0,1,0,0,1,0,1
41183443,3602.7134342567415,3180,팰리세이드,팰리세이드,107,91227,2199,7,6,0,0,1,1,1,1,1,1,1,1,1,1,0,0,0,0,0,0,0,0,1,0,0,1,0,0,0,1,1,0
41511605,2766.3800913523883,1879,렉스턴,더 뉴 렉스턴 스포츠 칸,35,134678,2157,5,5,2,0,1,1,1,1,1,1,1,1,1,0,0,0,1,0,0,0,0,0,1,0,0,0,0,1,0,1,1,0
40577999,3224.829199147787,6490,카니발,더 뉴 카니발 4세대,85,36209,1598,9,2,0,0,1,1,1,1,1,1,1,1,1,0,1,0,0,0,0,0,0,1,0,0,0,1,0,0,0,1,1,0
41659532,3614.405854880476,2960,팰리세이드,팰리세이드,107,56187,3778,7,6,2,1,1,1,1,1,1,1,1,1,1,1,0,0,0,0,0,0,1,0,0,0,0,0,1,0,0,1,1,0
41609938,2634.7772150268797,2990,쏘나타,쏘나타 디 엣지(DN8),57,16193,1598,5,2,0,1,1,1,1,1,1,1,1,1,1,1,0,0,0,0,0,0,1,0,0,0,0,1,0,0,0,1,0,1
41633496,3063.629778185483,2550,싼타페,싼타페 TM,56,111521,2199,5,7,6,1,1,1,1,1,1,1,1,1,1,1,0,0,0,0,0,0,0,0,1,0,0,0,0,0,1,1,1,0
41655464,2777.2978813068744,2180,렉스턴,렉스턴 스포츠 칸,35,58153,2157,5,6,0,0,1,1,1,0,1,1,1,1,1,0,0,0,1,0,0,0,0,0,1,0,0,0,1,0,0,1,1,0
41033915,2606.6170699516056,9999,트레일블레이저,트레일블레이저,104,99185,1341,5,5,0,0,0,1,1,0,1,0,1,0,1,0,0,0,0,1,0,0,1,0,0,0,0,1,0,0,0,1,1,0
41528151,3363.123688014581,1760,말리부,더 뉴 말리부,40,32936,1998,5,7,1,0,1,1,1,1,1,1,1,1,1,0,0,0,0,1,0,0,1,0,0,0,0,1,0,0,0,1,0,1
41271154,2650.525522053633,1790,스타렉스,더 뉴 그랜드 스타렉스,50,141350,2497,11,8,7,1,0,1,1,1,0,1,1,1,1,1,0,0,0,0,0,0,0,0,1,0,0,1,0,0,0,1,1,0
39957080,2620.1903020024697,1730,쏘나타,쏘나타 뉴 라이즈 하이브리드,57,82471,1999,5,7,2,0,1,1,1,1,1,1,1,1,1,1,0,0,0,0,0,0,0,1,0,0,0,0,0,1,0,1,0,1
41196236,4394.3925768413965,4400,GV70,GV70,8,67000,2151,5,5,0,1,1,1,1,1,1,1,1,1,1,0,0,1,0,0,0,0,0,0,1,0,0,0,1,0,0,1,1,0
41639388,4363.6224840519135,3780,GV70,GV70,8,10515,2497,5,3,14,1,1,1,1,1,1,1,1,1,1,0,0,1,0,0,0,0,1,0,0,0,0,0,0,1,0,1,1,0
41660134,2766.3800913523883,3300,렉스턴,렉스턴 뉴 아레나,35,58649,2157,5,3,2,0,1,1,1,1,1,1,1,1,1,0,0,0,1,0,0,0,0,0,1,0,0,0,1,0,0,1,1,0
41567365,4477.328734051914,3550,GV70,GV70,8,100128,2497,5,5,17,0,1,1,1,1,1,1,1,1,1,0,0,1,0,0,0,0,1,0,0,0,0,1,0,0,0,1,1,0
41245981,2836.490415435862,2130,캐스퍼,캐스퍼,88,8325,998,4,2,1,1,0,1,1,1,1,1,1,1,1,1,0,0,0,0,0,0,1,0,0,0,0,0,0,0,1,1,0,1
40945971,3074.571948966124,3130,K8,K8 하이브리드,13,41512,1598,5,5,4,1,1,1,1,1,1,1,1,1,1,0,1,0,0,0,0,0,0,1,0,0,0,0,1,0,0,1,0,1
41624249,2814.4095035579858,2450,투싼,투싼 하이브리드 (NX4),101,117803,1598,5,5,2,0,1,1,1,1,1,1,1,1,1,1,0,0,0,0,0,0,0,1,0,0,0,1,0,0,0,1,1,0
41060149,2602.03768400251,1900,쏘나타,쏘나타 하이브리드 (DN8),57,102473,1999,5,4,1,0,1,1,1,1,1,1,1,1,1,1,0,0,0,0,0,0,0,1,0,0,0,0,1,0,0,1,0,1
41370089,3326.4508146315256,3050,카니발,카니발 4세대,85,112177,3470,7,5,12,0,1,1,1,1,1,1,1,1,1,0,1,0,0,0,0,0,1,0,0,0,0,1,0,0,0,1,1,0
40637952,3035.4436488311057,9999,스포티지,스포티지 5세대 하이브리드,55,44919,1598,5,5,2,0,1,1,1,1,1,1,1,1,1,0,1,0,0,0,0,0,0,1,0,0,0,0,0,0,1,1,1,0
41654652,2739.750535430254,2540,렉스턴,올 뉴 렉스턴,35,85694,2157,7,5,4,0,1,1,1,1,1,1,1,1,1,0,0,0,1,0,0,0,0,0,1,0,0,0,0,1,0,1,1,0
40606953,2931.58161642511,3550,그랜저,그랜저 (GN7),27,7576,2497,5,2,1,0,1,1,1,1,1,1,1,1,1,1,0,0,0,0,0,0,1,0,0,0,0,0,0,0,1,1,0,1
41100159,2832.235730062908,2790,그랜저,더 뉴 그랜저 IG,27,29141,2497,5,4,1,0,1,1,1,1,1,1,1,1,1,1,0,0,0,0,0,0,1,0,0,0,0,1,0,0,0,1,0,1
41505861,3357.3272340652456,2480,아이오닉5,아이오닉5,66,174538,111,5,5,0,0,1,1,1,1,1,1,1,1,1,1,0,0,0,0,0,0,0,0,0,1,0,0,0,1,0,1,0,1
41297672,2570.774893679425,1830,XM3,XM3,23,31638,1332,5,5,4,0,1,1,1,1,1,1,1,1,1,0,0,0,0,0,1,0,1,0,0,0,0,0,1,0,0,1,1,0
41037242,2832.235730062908,2250,그랜저,그랜저 IG,27,79013,2999,5,9,0,0,1,1,1,1,1,1,1,1,1,1,0,0,0,0,0,0,1,0,0,0,0,0,1,0,0,1,0,1
41631836,2985.7852847364197,2290,싼타페,싼타페 TM,56,55884,1995,5,8,2,0,1,1,1,1,1,1,1,1,1,1,0,0,0,0,0,0,0,0,1,0,0,1,0,0,0,1,1,0
41257310,2893.893670259569,2275,트레일블레이저,트레일블레이저,104,43233,1341,5,5,1,0,1,1,1,1,1,1,1,1,1,0,0,0,0,1,0,0,1,0,0,0,0,1,0,0,0,1,1,0
41126332,3462.654978735885,5880,쏘렌토,더 뉴 쏘렌토 4세대,58,45,2151,5,1,0,1,1,1,1,1,1,1,1,1,1,0,1,0,0,0,0,0,0,0,1,0,0,1,0,0,0,1,1,0
41127162,2619.463897932248,2250,셀토스,셀토스,49,49984,1591,5,6,0,1,1,1,1,1,1,1,1,1,1,0,1,0,0,0,0,0,1,0,0,0,0,1,0,0,0,1,1,0
41503689,2931.58161642511,4420,그랜저,그랜저 하이브리드 (GN7),27,10972,1598,5,1,2,0,1,1,1,1,1,1,1,1,1,1,0,0,0,0,0,0,0,1,0,0,0,0,0,1,0,1,0,1
41476861,3739.1331206921836,9999,타호,타호,98,7982,6162,7,3,2,0,0,0,0,0,0,0,0,0,0,0,0,0,0,1,0,0,1,0,0,0,0,0,1,0,0,1,1,0
39813000,2359.4807967724723,2050,EQ900,EQ900,0,124245,3778,5,8,9,0,1,1,1,1,1,1,1,1,1,0,0,1,0,0,0,0,1,0,0,0,0,0,1,0,0,1,0,1
41642184,3835.924823652034,5830,G80,G80 (RG3),5,16658,2497,5,2,0,1,1,1,1,1,1,1,1,1,1,0,0,1,0,0,0,0,1,0,0,0,0,0,1,0,0,1,0,1
41025025,2832.235730062908,2999,그랜저,더 뉴 그랜저 IG,27,18450,2497,5,4,0,0,1,1,1,1,1,1,1,1,1,1,0,0,0,0,0,0,1,0,0,0,0,1,0,0,0,1,0,1
41254216,3709.4577210734715,4390,모하비,모하비 더 마스터,43,43223,2959,5,4,0,1,1,1,1,1,1,1,1,1,1,0,1,0,0,0,0,0,0,0,1,0,0,0,1,0,0,1,1,0
41270837,3067.673489216629,2650,싼타페,더 뉴 싼타페,56,87655,2151,5,4,0,0,1,1,1,1,1,1,1,1,1,1,0,0,0,0,0,0,0,0,1,0,0,1,0,0,0,1,1,0
41611143,3578.55046978521,3170,스타리아,스타리아,51,41218,3470,15,4,2,0,0,1,1,0,1,0,1,0,1,1,0,0,0,0,0,1,0,0,0,0,0,0,0,0,1,1,1,0
41380119,3463.9361949029885,2350,아이오닉5,아이오닉5,66,136474,111,5,5,3,0,1,1,1,1,1,1,1,1,1,1,0,0,0,0,0,0,0,0,0,1,0,0,0,1,0,1,0,1
41312012,2985.7852847364197,2060,싼타페,싼타페 TM,56,100317,2199,5,6,2,0,1,1,1,1,1,0,1,1,1,1,0,0,0,0,0,0,0,0,1,0,0,0,0,1,0,1,1,0
41360369,2917.9076270847495,1899,그랜저,그랜저 IG 하이브리드,27,147143,2359,5,9,8,1,1,1,1,1,1,1,1,1,1,1,0,0,0,0,0,0,0,1,0,0,0,1,0,0,0,1,0,1
41304732,3462.654978735885,3090,쏘렌토,쏘렌토 4세대,58,103615,1598,5,3,0,0,1,1,1,1,1,1,1,1,1,0,1,0,0,0,0,0,0,1,0,0,0,1,0,0,0,1,1,0
41496379,2917.9076270847495,3950,그랜저,그랜저 하이브리드 (GN7),27,30932,1598,5,1,2,0,1,1,1,1,1,1,1,1,1,1,0,0,0,0,0,0,0,1,0,0,0,0,0,1,0,1,0,1
40837955,3067.673489216629,4000,싼타페,싼타페 (MX5),56,29774,1598,5,3,0,0,1,1,1,1,1,1,1,1,1,1,0,0,0,0,0,0,0,1,0,0,0,1,0,0,0,1,1,0
41598131,3063.629778185483,2100,싼타페,싼타페 TM,56,46347,1995,5,8,4,0,0,1,1,1,1,1,1,1,1,1,0,0,0,0,0,0,0,0,1,0,0,0,0,1,0,1,1,0
41179987,2887.6126226256356,2300,그랜저,더 뉴 그랜저 IG,27,121940,2497,5,4,2,1,1,1,1,1,1,1,1,1,1,1,0,0,0,0,0,0,1,0,0,0,0,0,1,0,0,1,0,1
41525988,2501.257721073471,2230,스타렉스,더 뉴 그랜드 스타렉스,50,110894,2497,9,6,4,0,0,1,1,1,0,1,1,1,1,1,0,0,0,0,0,0,0,0,1,0,0,0,0,0,1,1,1,0
41606743,3828.3155031297233,3290,G80,G80 (RG3),5,70844,2497,5,6,0,0,1,1,1,1,1,1,1,1,1,0,0,1,0,0,0,0,1,0,0,0,0,0,1,0,0,1,0,1
41622983,2389.469509745787,1870,EQ900,EQ900,0,134221,3778,5,9,3,0,1,1,1,1,1,1,1,1,1,0,0,1,0,0,0,0,1,0,0,0,0,0,1,0,0,1,0,1
41633468,4477.328734051914,3755,GV70,GV70,8,61459,2497,5,5,1,0,1,1,1,1,1,1,1,1,1,0,0,1,0,0,0,0,1,0,0,0,0,0,0,1,0,1,1,0
41488361,2917.9076270847495,2890,그랜저,더 뉴 그랜저 IG,27,46621,2999,5,6,0,1,1,1,1,1,1,1,1,1,1,1,0,0,0,0,0,1,0,0,0,0,0,0,1,0,0,1,0,1
41407346,3326.4508146315256,2880,카니발,카니발 4세대,85,47470,2151,9,3,7,0,1,1,1,1,1,1,1,1,1,0,1,0,0,0,0,0,0,0,1,0,0,1,0,0,0,1,1,0
41512662,2917.9076270847495,1820,그랜저,그랜저 IG,27,37919,2359,5,7,6,0,0,1,1,1,1,1,1,0,1,1,0,0,0,0,0,0,1,0,0,0,0,0,1,0,0,1,0,1
41536003,5313.932698356571,5250,GV80,GV80,9,50760,3470,5,5,1,1,1,1,1,1,1,1,1,1,1,0,0,1,0,0,0,0,1,0,0,0,0,0,0,1,0,1,1,0
41222254,3276.955066568482,2499,카니발,카니발 4세대,85,100668,2151,9,6,1,0,1,1,1,1,1,1,1,1,1,0,1,0,0,0,0,0,0,0,1,0,0,0,1,0,0,1,1,0
41650224,2620.1903020024697,2030,쏘나타,쏘나타 (DN8),57,103490,1999,5,6,3,0,1,1,1,1,1,1,1,1,1,1,0,0,0,0,0,0,1,0,0,0,0,1,0,0,0,1,0,1
41443427,2871.0199908868076,1999,그랜저,더 뉴 그랜저 IG,27,165936,2999,5,6,1,0,1,1,1,1,1,1,1,1,1,1,0,0,0,0,0,1,0,0,0,0,0,0,1,0,0,1,0,1
41647622,2777.2978813068744,3190,렉스턴,더 뉴 렉스턴 스포츠 칸,35,54390,2157,5,3,0,0,1,1,1,1,1,1,1,1,1,0,0,0,1,0,0,0,0,0,1,0,0,0,0,1,0,1,1,0
41606230,2917.9076270847495,2190,그랜저,더 뉴 그랜저 IG,27,64177,2999,5,5,2,0,1,1,1,1,1,1,1,0,1,1,0,0,0,0,0,1,0,0,0,0,0,0,1,0,0,1,0,1
41621151,3276.955066568482,1890,카니발,더 뉴 카니발,85,70957,3342,9,7,0,0,1,1,1,1,1,1,1,1,1,0,1,0,0,0,0,0,1,0,0,0,0,1,0,0,0,1,1,0
40975830,3614.405854880476,2361,팰리세이드,더 뉴 팰리세이드,107,45981,2199,7,2,1,0,1,1,1,1,1,1,1,1,0,1,0,0,0,0,0,0,0,0,1,0,0,0,1,0,0,1,1,0
41037153,2652.43527743991,1900,아반떼,아반떼 (CN7),62,60129,1598,5,4,6,0,1,1,1,1,1,1,1,1,1,1,0,0,0,0,0,0,1,0,0,0,0,0,0,1,0,1,0,1
41406187,2927.2574681038277,1970,G70,G70,4,187558,2199,5,8,2,1,1,1,1,1,1,1,1,1,1,0,0,1,0,0,0,0,0,0,1,0,0,1,0,0,0,1,0,1
41580109,3877.838318635213,4890,G80,G80 (RG3),5,21044,2497,5,3,2,0,0,0,0,0,0,0,0,0,0,0,0,1,0,0,0,0,1,0,0,0,0,0,0,1,0,1,0,1
41290054,3063.629778185483,3820,싼타페,싼타페 (MX5),56,34787,1598,5,2,1,1,1,1,1,1,1,1,1,1,1,1,0,0,0,0,0,0,0,1,0,0,0,1,0,0,0,1,1,0
41625258,2871.0199908868076,3490,그랜저,그랜저 (GN7),27,51233,3470,5,4,1,0,1,1,1,1,1,1,1,1,1,1,0,0,0,0,0,1,0,0,0,0,0,1,0,0,0,1,0,1
41233473,2611.388696455017,2030,K5,K5 3세대,11,76884,1598,5,6,3,0,1,1,1,1,1,1,1,1,1,0,1,0,0,0,0,0,1,0,0,0,0,0,0,1,0,1,0,1
40524092,2513.119275862335,2390,토레스,토레스,100,37564,1497,5,3,2,0,1,1,1,1,1,1,1,1,1,0,0,0,1,0,0,0,1,0,0,0,0,0,0,1,0,1,1,0
41407584,3877.838318635213,6590,G80,G80 (RG3),5,20777,3470,5,2,0,0,1,1,1,1,1,1,1,1,1,0,0,1,0,0,0,0,1,0,0,0,0,1,0,0,0,1,0,1
41359971,4331.174374684793,4350,GV70,GV70,8,25073,2497,5,4,0,1,1,1,1,1,1,1,1,1,1,0,0,1,0,0,0,0,1,0,0,0,0,0,0,0,1,1,1,0
41091663,3266.59261814898,4950,카니발,카니발 4세대,85,44855,3470,9,5,3,0,1,1,1,1,1,1,1,1,1,0,1,0,0,0,0,0,1,0,0,0,0,0,1,0,0,1,1,0
41157442,3565.3649600264525,7100,팰리세이드,팰리세이드 (LX3),107,2530,2497,7,1,0,1,1,1,1,1,1,1,1,1,1,1,0,0,0,0,0,0,0,1,0,0,0,1,0,0,0,1,1,0
41315692,2513.119275862335,2200,토레스,토레스,100,27910,1497,5,4,0,0,1,1,1,1,1,1,1,0,1,0,0,0,1,0,0,0,1,0,0,0,0,1,0,0,0,1,1,0
40931364,3035.4436488311057,2950,스포티지,스포티지 5세대,55,17417,1598,5,3,0,0,1,1,1,1,1,1,1,1,1,0,1,0,0,0,0,0,1,0,0,0,0,0,0,1,0,1,1,0
41295407,4839.699076110866,3040,G90,G90,6,121061,3778,5,8,4,0,1,1,1,1,1,1,1,1,1,0,0,1,0,0,0,0,1,0,0,0,0,0,1,0,0,1,0,1
41485282,2887.6126226256356,2399,그랜저,더 뉴 그랜저 IG,27,31952,2497,5,6,2,0,1,1,1,1,1,1,1,0,1,1,0,0,0,0,0,0,1,0,0,0,0,0,0,1,0,1,0,1
40432116,2777.2978813068744,1890,렉스턴,렉스턴 스포츠 칸,35,46444,2157,5,7,1,1,1,1,1,1,1,0,1,1,1,0,0,0,1,0,0,0,0,0,1,0,0,1,0,0,0,1,1,0
41506822,5412.40951276323,4310,GV80,GV80,9,92693,2497,5,5,3,0,1,1,1,1,1,1,1,1,1,0,0,1,0,0,0,0,1,0,0,0,0,1,0,0,0,1,1,0
41222102,3816.63982988708,4930,타스만,타스만,97,18494,2497,5,1,0,1,1,1,1,1,1,1,1,1,1,0,1,0,0,0,0,0,1,0,0,0,0,0,1,0,0,1,1,0
41241784,3224.829199147787,3550,카니발,카니발 4세대,85,46072,3470,9,4,8,0,1,1,1,1,1,1,1,1,1,0,1,0,0,0,0,0,1,0,0,0,0,1,0,0,0,1,1,0
41357639,2609.95163614849,1830,니로,니로 EV,29,99098,180,5,5,2,0,0,0,0,0,0,0,0,0,0,0,1,0,0,0,0,0,0,0,0,1,0,1,0,0,0,1,1,0
41524990,3298.5051288582213,1730,레이,더 뉴 기아 레이,34,33301,998,5,3,0,0,0,1,1,1,1,1,1,1,1,0,1,0,0,0,0,0,1,0,0,0,0,0,1,0,0,1,0,1
41553072,2564.8123299278163,1990,아반떼,아반떼 (CN7),62,42028,1598,5,6,2,0,1,1,1,1,1,1,1,1,1,1,0,0,0,0,0,0,1,0,0,0,0,0,1,0,0,1,0,1
41304662,2540.7398004274887,2500,토레스,토레스,100,43257,1497,5,4,0,0,1,1,1,1,1,1,1,1,1,0,0,0,1,0,0,0,1,0,0,0,0,0,0,1,0,1,1,0
40876175,5398.2920940715185,2970,GV80,GV80,9,249124,2996,5,6,0,0,1,1,1,1,1,1,1,1,1,0,0,1,0,0,0,0,0,0,1,0,0,0,0,0,1,1,1,0
41512549,3072.9480536409706,4030,K9,더 뉴 K9 2세대,14,112716,3778,5,4,2,0,1,1,1,1,1,1,1,1,1,0,1,0,0,0,0,0,1,0,0,0,0,0,1,0,0,1,0,1
41327459,5025.51401270444,6390,G90,G90 (RS4),6,50906,3470,5,4,1,1,1,1,1,1,1,1,1,1,1,0,0,1,0,0,0,0,1,0,0,0,0,0,0,1,0,1,0,1
40379667,3093.986581610207,2190,K9,더 K9,14,108560,3778,5,7,0,0,1,1,1,1,1,1,1,1,1,0,1,0,0,0,0,0,1,0,0,0,0,0,0,1,0,1,0,1
41610094,3137.8525868123897,3390,K8,K8 하이브리드,13,27151,1598,5,3,0,0,1,1,1,1,1,1,1,1,1,0,1,0,0,0,0,0,0,1,0,0,0,0,0,1,0,1,0,1
41247261,3555.8753163906044,3070,팰리세이드,팰리세이드,107,67891,3778,7,5,3,1,1,1,1,1,1,1,1,1,1,1,0,0,0,0,0,0,1,0,0,0,0,0,0,1,0,1,1,0
41512695,3223.7858673429773,2190,카니발,카니발 4세대,85,107626,2151,9,5,2,0,1,1,1,1,1,1,1,1,1,0,1,0,0,0,0,0,0,0,1,0,0,0,0,0,1,1,1,0
40944481,2814.4095035579858,2245,투싼,투싼 (NX4),101,10014,1598,5,6,1,0,0,1,1,1,1,1,1,1,1,1,0,0,0,0,0,0,1,0,0,0,0,0,0,0,1,1,1,0
41409972,3828.3155031297233,2599,G80,G80 (RG3),5,168411,2497,5,5,7,0,1,1,1,1,1,1,1,1,1,0,0,1,0,0,0,0,1,0,0,0,0,0,1,0,0,1,0,1
41319060,3068.29978735885,9999,모닝,올 뉴 모닝,42,141760,998,5,13,2,0,0,0,0,0,0,0,0,0,0,0,1,0,0,0,0,0,1,0,0,0,0,1,0,0,0,1,0,1
40787380,3877.838318635213,3160,G80,G80 (RG3),5,57037,3470,5,6,10,0,1,1,1,1,1,1,1,1,1,0,0,1,0,0,0,0,1,0,0,0,0,0,0,0,1,1,0,1
41464015,3602.7134342567415,3790,팰리세이드,팰리세이드,107,71382,2199,7,5,3,1,1,1,1,1,1,1,1,1,1,1,0,0,0,0,0,0,0,0,1,0,0,0,1,0,0,1,1,0
41614298,2580.1965669204437,2480,QM6,더 뉴 QM6,17,19038,1998,5,3,0,0,1,1,1,1,1,1,1,1,1,0,0,0,0,0,1,1,0,0,0,0,0,1,0,0,0,1,1,0
41550805,3565.3649600264525,3620,팰리세이드,더 뉴 팰리세이드,107,26434,3778,7,4,2,0,1,1,1,1,1,1,1,1,1,1,0,0,0,0,0,0,1,0,0,0,0,1,0,0,0,1,1,0
39893597,3877.838318635213,1909,G80,G80,5,115253,3342,5,7,3,0,1,1,1,1,1,1,1,1,1,0,0,1,0,0,0,0,1,0,0,0,0,0,1,0,0,1,0,1
41331087,2777.2978813068744,2690,렉스턴,더 뉴 렉스턴 스포츠,35,26743,2157,5,3,0,0,1,1,0,1,1,1,1,1,1,0,0,0,1,0,0,0,0,0,1,0,0,0,1,0,0,1,1,0
41660521,3131.1383633963924,3090,K9,더 K9,14,122598,3342,5,5,0,1,1,1,1,1,1,1,1,1,1,0,1,0,0,0,0,0,1,0,0,0,0,0,1,0,0,1,0,1
40342080,3835.924823652034,2850,G80,G80 (RG3),5,137076,3470,5,6,0,0,1,1,1,1,1,1,1,1,1,0,0,1,0,0,0,0,1,0,0,0,0,0,1,0,0,1,0,1
40600796,2827.737420259569,2090,니로,디 올 뉴 니로,29,35427,1580,5,3,13,0,1,1,1,1,1,1,1,1,1,0,1,0,0,0,0,0,0,1,0,0,0,0,0,1,0,1,1,0
39326554,3463.9361949029885,3190,아이오닉5,아이오닉5,66,64684,111,5,4,0,0,1,1,1,1,1,1,1,1,1,1,0,0,0,0,0,0,0,0,0,1,0,1,0,0,0,1,0,1
41351463,2833.7809220036456,2299,G70,G70,4,84921,1998,5,8,9,1,1,1,1,1,1,1,1,1,1,0,0,1,0,0,0,0,1,0,0,0,0,1,0,0,0,1,0,1
40988585,4331.174374684793,4285,GV70,GV70,8,38785,2151,5,3,0,0,1,1,1,1,1,1,1,1,1,0,0,1,0,0,0,0,0,0,1,0,0,1,0,0,0,1,1,0
41289461,2501.257721073471,2990,스타렉스,더 뉴 그랜드 스타렉스,50,89100,2497,6,5,2,0,0,1,1,1,1,1,1,1,1,1,0,0,0,0,0,0,0,0,1,0,0,0,1,0,0,1,1,0
41566874,3357.3272340652456,3999,아이오닉5,아이오닉5,66,35216,111,5,2,0,0,1,1,1,1,1,1,1,1,1,1,0,0,0,0,0,0,0,0,0,1,0,1,0,0,0,1,0,1
41152657,3086.853182440802,3099,싼타페,싼타페 (MX5),56,58115,2497,7,3,0,1,1,1,1,1,1,1,1,1,1,1,0,0,0,0,0,0,1,0,0,0,0,0,0,1,0,1,1,0
40921235,3565.3649600264525,3150,팰리세이드,팰리세이드,107,55532,3778,7,5,4,1,1,1,1,1,1,1,1,1,1,1,0,0,0,0,0,0,1,0,0,0,0,1,0,0,0,1,1,0
41498695,4425.863399075039,3690,GV70,GV70,8,74018,2497,5,4,1,0,1,1,1,1,1,1,1,1,1,0,0,1,0,0,0,0,1,0,0,0,0,1,0,0,0,1,1,0
41595735,2580.7207386685927,1850,아반떼,아반떼 하이브리드 (CN7),62,34092,1580,5,4,0,0,0,1,1,1,1,0,1,0,1,1,0,0,0,0,0,0,0,1,0,0,0,1,0,0,0,1,0,1
41596415,3132.2210078650214,2450,코나,더 뉴 코나,91,52822,1598,5,5,0,1,1,1,1,1,1,1,1,1,1,1,0,0,0,0,0,0,1,0,0,0,0,0,0,0,1,1,1,0
40145217,2498.7756802517033,1900,K7,K7 프리미어,12,65268,2497,5,7,9,0,1,1,1,1,1,1,1,1,1,0,1,0,0,0,0,0,1,0,0,0,0,0,1,0,0,1,0,1
41386045,4839.699076110866,3630,G90,G90,6,97556,3778,5,6,10,0,1,1,1,1,1,1,1,1,1,0,0,1,0,0,0,0,1,0,0,0,0,0,1,0,0,1,0,1
41148800,3405.4249645598084,5550,아이오닉5,아이오닉5,66,80164,111,5,5,2,0,1,1,1,1,1,1,1,1,1,1,0,0,0,0,0,0,0,0,0,1,0,1,0,0,0,1,0,1
38399673,4472.573163220413,5350,타호,타호,98,41227,6162,7,4,3,1,1,1,1,1,1,1,1,1,1,0,0,0,0,1,0,0,1,0,0,0,0,0,1,0,0,1,1,0
41457970,3877.838318635213,5290,G80,G80 (RG3),5,31824,2497,5,4,0,1,1,1,1,1,1,1,1,1,1,0,0,1,0,0,0,0,1,0,0,0,0,1,0,0,0,1,0,1
41506291,2985.7852847364197,2799,싼타페,더 뉴 싼타페,56,93684,1598,5,5,0,1,1,1,1,1,1,1,1,1,1,1,0,0,0,0,0,0,0,1,0,0,0,0,0,1,0,1,1,0
41642458,2580.1965669204437,2130,QM6,더 뉴 QM6,17,37586,1998,5,4,0,0,1,1,1,1,1,1,1,1,1,0,0,0,0,0,1,1,0,0,0,0,0,0,0,1,0,1,1,0
41015015,4477.328734051914,4750,GV70,GV70,8,59380,2497,5,5,2,1,1,1,1,1,1,1,1,1,1,0,0,1,0,0,0,0,1,0,0,0,0,0,0,0,1,1,1,0
41644760,5412.40951276323,4300,GV80,GV80,9,125480,2996,5,4,0,1,1,1,1,1,1,1,1,1,1,0,0,1,0,0,0,0,0,0,1,0,0,0,0,0,1,1,1,0
41330920,2927.2574681038277,2300,G70,더 뉴 G70,4,96832,1998,5,4,6,0,1,1,1,1,1,1,1,1,1,0,0,1,0,0,0,0,1,0,0,0,0,0,0,0,1,1,0,1
41534899,2609.95163614849,2430,니로,디 올 뉴 니로 EV,29,116429,180,5,3,4,1,1,1,1,1,1,1,1,1,1,0,1,0,0,0,0,0,0,0,0,1,0,0,0,1,0,1,1,0
41539326,2871.0199908868076,3150,그랜저,그랜저 하이브리드 (GN7),27,84761,1598,5,3,1,0,1,1,1,1,1,1,1,1,1,1,0,0,0,0,0,0,0,1,0,0,0,0,1,0,0,1,0,1
41585693,3458.0058573363353,3430,스타리아,스타리아,51,34305,1598,11,2,0,0,1,1,1,1,1,1,1,1,1,1,0,0,0,0,0,0,0,1,0,0,0,0,0,0,1,1,1,0
41257859,3565.3649600264525,2680,팰리세이드,팰리세이드,107,91033,2199,7,7,0,1,1,1,1,1,1,1,1,1,1,1,0,0,0,0,0,0,0,0,1,0,0,0,0,1,0,1,1,0
41410837,2985.7852847364197,3950,싼타페,더 뉴 싼타페,56,30166,1598,5,3,3,0,1,1,1,1,1,1,1,1,1,1,0,0,0,0,0,0,0,1,0,0,0,1,0,0,0,1,1,0
41128980,2928.5426748790146,1990,SM6,더 뉴 SM6,20,39092,1798,5,4,0,0,1,1,1,1,1,1,1,1,1,0,0,0,0,0,1,0,1,0,0,0,0,0,0,1,0,1,0,1
41577693,3550.2021461772415,9345,스타리아,스타리아,51,30132,3470,15,4,0,0,0,1,1,0,1,0,1,0,1,1,0,0,0,0,0,1,0,0,0,0,0,0,0,0,1,1,1,0
41065530,3828.3155031297233,2090,G80,G80,5,92398,3342,5,10,6,0,1,1,1,1,1,1,1,1,1,0,0,1,0,0,0,0,1,0,0,0,0,0,0,0,1,1,0,1
41346727,3847.011384330083,1940,G80,G80,5,102890,3342,5,9,2,0,0,0,0,0,0,0,0,0,0,0,0,1,0,0,0,0,1,0,0,0,0,0,0,0,1,1,0,1
41367754,2739.750535430254,2399,렉스턴,더 뉴 렉스턴 스포츠 칸,35,32199,2157,5,4,1,0,0,1,1,0,1,0,1,0,1,0,0,0,1,0,0,0,0,0,1,0,0,0,1,0,0,1,1,0
41588348,3183.022820690089,3190,아이오닉5,아이오닉5,66,44340,111,5,4,2,0,1,1,1,1,1,1,1,1,1,1,0,0,0,0,0,0,0,0,0,1,0,1,0,0,0,1,0,1
41613143,5412.40951276323,5380,GV80,GV80,9,57693,2996,5,6,1,1,1,1,1,1,1,1,1,1,1,0,0,1,0,0,0,0,0,0,1,0,0,0,1,0,0,1,1,0
41322205,2632.4269067199116,2750,아반떼,더 뉴 아반떼 (CN7),62,8870,1598,5,1,0,0,1,1,1,1,1,1,1,1,1,1,0,0,0,0,0,0,1,0,0,0,0,0,1,0,0,1,0,1
41132059,3108.745207717931,2650,스포티지,스포티지 5세대,55,45421,1998,5,5,2,0,1,1,1,1,1,1,1,1,1,0,1,0,0,0,0,0,0,0,1,0,0,0,1,0,0,1,1,0
41586243,5025.51401270444,2590,G90,G90,6,230855,3342,5,7,9,1,1,1,1,1,1,1,1,1,1,0,0,1,0,0,0,0,1,0,0,0,0,0,1,0,0,1,0,1
41656170,2631.6880923441727,2280,QM6,더 뉴 QM6,17,53041,1998,5,3,0,0,1,1,1,1,1,1,1,1,1,0,0,0,0,0,1,1,0,0,0,0,0,1,0,0,0,1,1,0
40634985,2725.7156813909605,3240,쏘나타,쏘나타 디 엣지 하이브리드(DN8),57,41384,1999,5,3,0,1,1,1,1,1,1,1,1,1,1,1,0,0,0,0,0,0,0,1,0,0,0,1,0,0,0,1,0,1
40704909,2540.7398004274887,2100,토레스,토레스,100,62964,1497,5,3,0,0,1,1,1,1,0,1,1,0,1,0,0,0,1,0,0,0,1,0,0,0,0,0,1,0,0,1,1,0
41237964,2949.416836726581,2790,스포티지,스포티지 5세대 하이브리드,55,46918,1598,5,2,4,0,1,1,1,1,1,1,1,1,1,0,1,0,0,0,0,0,0,1,0,0,0,0,0,0,1,1,1,0
41275599,3063.629778185483,1850,싼타페,싼타페 TM,56,129488,1995,5,8,6,0,1,1,1,1,1,1,1,1,1,1,0,0,0,0,0,0,0,0,1,0,0,0,0,1,0,1,1,0
41367473,3614.405854880476,4090,팰리세이드,더 뉴 팰리세이드,107,17195,3778,7,3,0,0,1,1,1,1,1,1,1,1,1,1,0,0,0,0,0,0,1,0,0,0,0,0,0,1,0,1,1,0
41287003,2619.463897932248,1970,셀토스,셀토스,49,85774,1591,5,6,2,1,1,1,1,1,1,1,1,1,1,0,1,0,0,0,0,0,1,0,0,0,0,1,0,0,0,1,1,0
41302564,3276.955066568482,2270,카니발,카니발 4세대,85,172044,2151,9,6,3,0,1,1,1,1,1,1,1,1,1,0,1,0,0,0,0,0,0,0,1,0,0,0,0,1,0,1,1,0
41497037,3611.071044237849,2499,팰리세이드,팰리세이드,107,157931,3778,7,5,0,1,1,1,1,1,1,1,1,1,1,1,0,0,0,0,0,0,1,0,0,0,0,0,0,1,0,1,1,0
41603748,3413.9483665185985,2600,쏘렌토,쏘렌토 4세대,58,122244,2151,5,6,0,1,1,1,1,1,1,1,1,1,1,0,1,0,0,0,0,0,0,0,1,0,0,0,0,1,0,1,1,0
40210472,3613.274893679425,3650,콜레오스,그랑 콜레오스,93,28690,1499,5,2,0,0,1,1,1,1,1,1,1,1,1,0,0,0,0,0,1,0,0,1,0,0,0,0,0,1,0,1,1,0
41368133,2859.939240148325,2250,코나,더 뉴 코나,91,19525,1598,5,6,6,0,1,1,1,1,1,1,1,1,1,1,0,0,0,0,0,0,1,0,0,0,0,0,0,1,0,1,1,0
41405081,2931.58161642511,1890,그랜저,그랜저 IG,27,27453,2359,5,8,3,0,0,1,1,1,1,1,1,1,1,1,0,0,0,0,0,0,1,0,0,0,0,0,0,1,0,1,0,1
41573934,3266.59261814898,2120,카니발,카니발 4세대,85,108324,2151,9,6,5,0,1,1,1,1,1,1,1,1,1,0,1,0,0,0,0,0,0,0,1,0,0,0,1,0,0,1,1,0
41626219,2725.7156813909605,2330,쏘나타,쏘나타 (DN8),57,65784,1598,5,4,0,1,1,1,1,1,1,1,1,1,1,1,0,0,0,0,0,0,1,0,0,0,0,0,0,1,0,1,0,1
41304417,3266.59261814898,2490,카니발,카니발 4세대,85,79208,2151,9,5,2,0,1,1,1,1,1,1,1,1,1,0,1,0,0,0,0,0,0,0,1,0,0,0,1,0,0,1,1,0
41483929,4839.699076110866,7770,G90,G90 (RS4),6,71811,3470,5,3,1,0,1,1,1,1,1,1,1,1,1,0,0,1,0,0,0,0,1,0,0,0,0,0,1,0,0,1,0,1
41432938,2643.06965830767,1900,QM6,더 뉴 QM6,17,30046,1998,5,5,3,0,1,1,1,1,1,1,1,0,1,0,0,0,0,0,1,1,0,0,0,0,0,0,0,1,0,1,1,0
41537391,2611.388696455017,3550,K5,더 뉴 K5 하이브리드 3세대,11,10901,1999,5,2,1,1,1,1,1,1,1,1,1,1,1,0,1,0,0,0,0,0,0,1,0,0,0,0,0,1,0,1,0,1
41103839,3565.3649600264525,3590,팰리세이드,팰리세이드,107,65066,2199,7,5,5,1,1,1,1,1,1,1,1,1,1,1,0,0,0,0,0,0,0,0,1,0,0,1,0,0,0,1,1,0
41588403,3276.955066568482,1850,카니발,더 뉴 카니발,85,90442,2199,9,8,1,0,1,1,1,1,1,1,1,1,1,0,1,0,0,0,0,0,0,0,1,0,0,1,0,0,0,1,1,0
41650254,2893.893670259569,1850,트레일블레이저,트레일블레이저,104,58995,1341,5,6,0,0,1,1,1,1,1,0,1,1,1,0,0,0,0,1,0,0,1,0,0,0,0,1,0,0,0,1,1,0
41640464,2985.7852847364197,3680,싼타페,싼타페 (MX5),56,35301,2497,5,2,2,0,0,0,0,0,0,0,0,0,0,1,0,0,0,0,0,0,1,0,0,0,0,0,1,0,0,1,1,0
41624432,3847.011384330083,2330,G80,G80,5,90155,3342,5,7,8,0,1,1,1,1,1,1,1,1,1,0,0,1,0,0,0,0,1,0,0,0,0,0,0,1,0,1,0,1
40551845,3835.924823652034,3949,G80,G80 (RG3),5,91470,2497,5,3,1,1,1,1,1,1,1,1,1,1,1,0,0,1,0,0,0,0,1,0,0,0,0,1,0,0,0,1,0,1
41223921,3048.6479659774163,2980,스포티지,스포티지 5세대,55,50067,1598,5,3,0,0,1,1,1,1,1,1,1,1,1,0,1,0,0,0,0,0,1,0,0,0,0,1,0,0,0,1,1,0
41345565,2985.7852847364197,3450,싼타페,싼타페 (MX5),56,21206,2497,5,3,0,0,1,1,1,1,1,1,1,1,1,1,0,0,0,0,0,0,1,0,0,0,0,1,0,0,0,1,1,0
41399873,3482.230586207206,3725,스타리아,스타리아,51,113307,2199,7,5,0,1,1,1,1,1,1,1,1,1,1,1,0,0,0,0,0,0,0,0,1,0,0,0,1,0,0,1,1,0
39215444,2739.750535430254,3980,렉스턴,더 뉴 렉스턴 스포츠 칸,35,9807,2157,5,2,0,0,1,1,1,1,1,1,1,1,1,0,0,0,1,0,0,0,0,0,1,0,0,1,0,0,0,1,1,0
40962101,5398.2920940715185,5900,GV80,GV80,9,68318,2996,5,5,0,1,1,1,1,1,1,1,1,1,1,0,0,1,0,0,0,0,0,0,1,0,0,1,0,0,0,1,1,0
41189782,2722.967088332962,2030,K5,K5 하이브리드 3세대,11,59024,1999,5,4,0,0,1,1,1,1,1,1,1,0,1,0,1,0,0,0,0,0,0,1,0,0,0,1,0,0,0,1,0,1
41503358,4839.699076110866,6850,G90,G90 (RS4),6,84512,3470,5,4,0,0,1,1,1,1,1,1,1,1,1,0,0,1,0,0,0,0,1,0,0,0,0,0,1,0,0,1,0,1
41383016,3835.924823652034,1750,G80,G80,5,115791,3342,5,9,8,0,1,1,1,1,1,1,1,1,1,0,0,1,0,0,0,0,1,0,0,0,0,1,0,0,0,1,0,1
41620256,2521.502498674518,2130,트랙스,트랙스 크로스오버,103,39776,1199,5,3,0,0,1,1,1,1,1,0,1,1,1,0,0,0,0,1,0,0,1,0,0,0,0,0,0,1,0,1,1,0
41146029,3317.5998784907715,1890,마스터,마스터,38,85968,2299,13,7,2,0,0,1,1,0,0,1,0,0,0,0,0,0,0,0,1,0,0,0,1,0,0,0,0,0,1,0,1,0
41620121,3049.779222355386,3950,트래버스,트래버스,102,23079,3564,7,4,1,1,1,1,1,1,1,1,1,1,1,0,0,0,0,1,0,0,1,0,0,0,0,0,1,0,0,1,1,0
41621355,3015.4650086512584,2039,싼타페,더 뉴 싼타페,56,142886,2151,5,4,1,0,1,1,1,1,1,1,1,1,1,1,0,0,0,0,0,0,0,0,1,0,0,0,0,1,0,1,1,0
41502990,4952.810596887665,3390,G90,G90,6,95290,3778,5,6,0,0,1,1,1,1,1,1,1,1,1,0,0,1,0,0,0,0,1,0,0,0,0,0,0,1,0,1,0,1
41010419,2498.7756802517033,1800,K7,K7 프리미어,12,149881,2999,5,6,0,0,1,1,1,1,1,1,1,1,1,0,1,0,0,0,0,1,0,0,0,0,0,0,1,0,0,1,0,1
40811031,2515.0409602129794,1850,코란도,뷰티풀 코란도,92,30691,1497,5,6,0,0,0,1,1,1,1,1,1,1,1,0,0,0,1,0,0,0,1,0,0,0,0,0,0,0,1,1,1,0
41205898,2957.9731632204134,2230,이쿼녹스,더 넥스트 이쿼녹스,79,62259,1490,5,4,1,0,1,1,1,1,1,1,1,0,1,0,0,0,0,1,0,0,1,0,0,0,0,0,1,0,0,1,1,0
41217050,2819.120910451986,3370,투싼,투싼 (NX4),101,11229,1598,5,3,0,0,1,1,1,1,1,1,1,1,0,1,0,0,0,0,0,0,1,0,0,0,0,1,0,0,0,1,1,0
41430033,3835.924823652034,3390,G80,G80 (RG3),5,120066,2497,5,6,1,0,1,1,1,1,1,1,1,1,1,0,0,1,0,0,0,0,1,0,0,0,0,0,0,1,0,1,0,1
41526135,3835.924823652034,4850,G80,일렉트리파이드 G80 (RG3),5,80537,167,5,4,0,0,1,1,1,1,1,1,1,1,1,0,0,1,0,0,0,0,0,0,0,1,0,1,0,0,0,1,0,1
41258183,3276.955066568482,3750,카니발,카니발 4세대,85,85200,3470,9,4,1,0,1,1,1,1,1,1,1,1,1,0,1,0,0,0,0,0,1,0,0,0,0,1,0,0,0,1,1,0
41506160,3614.405854880476,3450,팰리세이드,팰리세이드,107,48321,3778,8,4,6,0,1,1,1,1,1,1,1,1,1,1,0,0,0,0,0,0,1,0,0,0,0,1,0,0,0,1,1,0
41168267,2611.388696455017,2250,K5,K5 3세대,11,86948,1591,5,7,1,1,1,1,1,1,1,1,1,1,1,0,1,0,0,0,0,0,1,0,0,0,0,0,1,0,0,1,0,1
41418251,3614.405854880476,2590,팰리세이드,팰리세이드,107,117601,2199,7,7,5,0,1,1,1,1,1,1,1,1,1,1,0,0,0,0,0,0,0,0,1,0,0,1,0,0,0,1,1,0
40681373,3614.405854880476,2780,팰리세이드,팰리세이드,107,139360,2199,8,6,4,1,1,1,1,1,1,1,1,1,1,1,0,0,0,0,0,0,0,0,1,0,0,0,0,0,1,1,1,0
41591923,3223.7858673429773,2800,카니발,카니발 4세대,85,72741,3470,9,3,0,0,1,1,1,1,1,0,1,1,1,0,1,0,0,0,0,0,1,0,0,0,0,0,1,0,0,1,1,0
40984999,3063.629778185483,4085,싼타페,싼타페 (MX5),56,16246,1598,6,3,0,1,1,1,1,1,1,1,1,1,1,1,0,0,0,0,0,0,0,1,0,0,0,1,0,0,0,1,1,0
41221498,3462.654978735885,3099,쏘렌토,쏘렌토 4세대,58,50362,2497,7,5,2,0,1,1,1,1,1,1,1,1,1,0,1,0,0,0,0,0,1,0,0,0,0,1,0,0,0,1,1,0
41505125,2521.502498674518,2180,트랙스,트랙스 크로스오버,103,47428,1199,5,3,0,0,1,1,1,1,1,0,1,1,1,0,0,0,0,1,0,0,1,0,0,0,0,0,0,1,0,1,1,0
39914298,2777.2978813068744,3130,렉스턴,더 뉴 렉스턴 스포츠 칸,35,17926,2157,5,4,2,0,0,0,0,0,0,0,0,0,0,0,0,0,1,0,0,0,0,0,1,0,0,1,0,0,0,1,1,0
40747535,2684.625840071605,3330,쏘나타,쏘나타 디 엣지 하이브리드(DN8),57,35230,1999,5,2,0,1,1,1,1,1,1,1,1,1,1,1,0,0,0,0,0,0,0,1,0,0,0,0,1,0,0,1,0,1
41624805,3048.6479659774163,2070,스포티지,스포티지 5세대,55,143686,1998,5,5,3,0,1,1,1,1,1,1,1,1,1,0,1,0,0,0,0,0,0,0,1,0,0,1,0,0,0,1,1,0
41145673,3260.271337439507,3300,EV6,EV6,3,48830,111,5,4,5,0,1,1,1,1,1,1,1,1,1,0,1,0,0,0,0,0,0,0,0,1,0,0,1,0,0,1,0,1
41459651,3067.673489216629,2850,싼타페,더 뉴 싼타페,56,27803,2497,5,4,6,0,1,1,1,1,1,1,1,1,1,1,0,0,0,0,0,0,1,0,0,0,0,1,0,0,0,1,1,0
41345498,2725.7156813909605,1750,쏘나타,쏘나타 (DN8),57,31679,1999,5,4,4,0,0,1,1,1,1,1,1,1,1,1,0,0,0,0,0,1,0,0,0,0,0,0,1,0,0,1,0,1
40956683,3757.422508106974,5990,G80,G80 (RG3),5,6176,2497,5,1,2,0,1,1,1,1,1,1,1,1,1,0,0,1,0,0,0,0,1,0,0,0,0,1,0,0,0,1,0,1
41531918,2684.625840071605,2130,쏘나타,쏘나타 (DN8),57,79061,1598,5,5,1,0,1,1,1,1,1,1,1,1,1,1,0,0,0,0,0,0,1,0,0,0,0,1,0,0,0,1,0,1
41653258,2832.235730062908,2130,그랜저,더 뉴 그랜저 IG,27,96217,2497,5,6,2,0,1,1,1,1,1,1,1,1,1,1,0,0,0,0,0,0,1,0,0,0,0,1,0,0,0,1,0,1
41174836,4952.810596887665,7800,G90,G90 (RS4),6,50023,3470,5,3,3,0,1,1,1,1,1,1,1,1,1,0,0,1,0,0,0,0,1,0,0,0,0,0,1,0,0,1,0,1
41278672,2611.388696455017,1750,K5,K5 3세대,11,76499,1999,5,6,0,0,1,1,1,1,1,1,1,0,1,0,1,0,0,0,0,0,1,0,0,0,0,0,0,0,1,1,0,1
41467302,4331.174374684793,4750,GV70,GV70,8,43284,2497,5,4,5,1,1,1,1,1,1,1,1,1,1,0,0,1,0,0,0,0,1,0,0,0,0,1,0,0,0,1,1,0
40966741,3579.672286134175,3790,모하비,모하비 더 마스터,43,51718,2959,5,3,7,1,1,1,1,1,1,1,1,1,1,0,1,0,0,0,0,0,0,0,1,0,0,0,1,0,0,1,1,0
41553249,2777.2978813068744,1890,렉스턴,렉스턴 스포츠,35,114409,2157,5,6,0,0,1,1,1,1,1,1,1,1,1,0,0,0,1,0,0,0,0,0,1,0,0,1,0,0,0,1,1,0
41053217,2777.2978813068744,2180,렉스턴,더 뉴 렉스턴 스포츠,35,45517,2157,5,4,0,0,1,1,1,1,1,0,1,1,1,0,0,0,1,0,0,0,0,0,1,0,0,0,0,0,1,1,1,0
40571811,5025.51401270444,7190,G90,G90 (RS4),6,93323,3470,5,4,0,0,1,1,1,1,1,1,1,1,1,0,0,1,0,0,0,0,1,0,0,0,0,0,1,0,0,1,0,1
41526132,2725.7156813909605,1750,쏘나타,쏘나타 (DN8),57,45329,1999,5,6,2,0,0,1,1,0,1,1,1,0,1,1,0,0,0,0,0,1,0,0,0,0,0,0,1,0,0,1,0,1
41460896,3276.955066568482,4699,카니발,더 뉴 카니발 4세대,85,25762,1598,9,2,0,1,1,1,1,1,1,1,1,1,1,0,1,0,0,0,0,0,0,1,0,0,0,1,0,0,0,1,1,0
40907261,2602.03768400251,1990,쏘나타,쏘나타 (DN8),57,86146,1999,5,5,0,0,1,1,1,1,1,1,1,1,1,1,0,0,0,0,0,0,1,0,0,0,0,0,1,0,0,1,0,1
40712450,3877.838318635213,3650,G80,G80 (RG3),5,116975,2497,5,5,0,1,1,1,1,1,1,1,1,1,1,0,0,1,0,0,0,0,1,0,0,0,0,1,0,0,0,1,0,1
41168516,2931.58161642511,2140,그랜저,더 뉴 그랜저 IG,27,121180,2497,5,6,11,1,1,1,1,1,1,1,1,1,1,1,0,0,0,0,0,0,1,0,0,0,0,0,0,1,0,1,0,1
41463072,5398.2920940715185,3950,GV80,GV80,9,159206,2497,5,4,0,1,1,1,1,1,1,1,1,1,1,0,0,1,0,0,0,0,1,0,0,0,0,0,0,1,0,1,1,0
41474687,2602.03768400251,2550,쏘나타,쏘나타 디 엣지 하이브리드(DN8),57,50233,1999,5,3,7,0,1,1,1,1,1,0,1,0,1,1,0,0,0,0,0,0,0,1,0,0,0,1,0,0,0,1,0,1
41443080,2779.972995621478,2499,투싼,투싼 (NX4),101,77366,1998,5,4,1,0,0,1,1,1,1,1,1,1,1,1,0,0,0,0,0,0,0,0,1,0,0,1,0,0,0,1,1,0
41428734,2652.43527743991,2699,아반떼,더 뉴 아반떼 (CN7),62,5719,1598,5,1,1,1,1,1,1,1,1,1,1,1,1,1,0,0,0,0,0,0,1,0,0,0,0,1,0,0,0,1,0,1
41359111,3757.422508106974,5090,G80,G80 (RG3),5,58167,3470,5,4,7,1,1,1,1,1,1,1,1,1,1,0,0,1,0,0,0,0,1,0,0,0,0,1,0,0,0,1,0,1
41519875,3462.654978735885,3800,쏘렌토,더 뉴 쏘렌토 4세대,58,29584,1598,5,2,3,0,1,1,1,1,1,1,1,1,1,0,1,0,0,0,0,0,0,1,0,0,0,1,0,0,0,1,1,0
41063294,2833.9888180085054,2799,콜로라도,리얼 뉴 콜로라도,94,51930,3649,5,5,1,0,0,1,1,1,0,1,1,0,1,0,0,0,0,1,0,0,1,0,0,0,0,0,1,0,0,1,1,0
40929320,2871.0199908868076,2345,그랜저,더 뉴 그랜저 IG,27,57694,2497,5,5,5,0,1,1,1,1,1,1,1,0,1,1,0,0,0,0,0,0,1,0,0,0,0,0,1,0,0,1,0,1
41298873,2651.085997141483,1720,렉스턴,렉스턴 스포츠,35,82916,2157,5,6,3,0,1,1,1,0,1,1,1,0,1,0,0,0,1,0,0,0,0,0,1,0,0,0,1,0,0,1,1,0
41266856,2651.085997141483,3350,렉스턴,올 뉴 렉스턴,35,40469,2157,5,6,3,0,1,1,1,1,1,1,1,1,1,0,0,0,1,0,0,0,0,0,1,0,0,0,1,0,0,1,1,0
40564849,3835.924823652034,5899,G80,G80 (RG3),5,8844,2497,5,2,0,0,1,1,1,1,1,1,1,1,1,0,0,1,0,0,0,0,1,0,0,0,0,0,1,0,0,1,0,1
41644848,3602.7134342567415,2920,팰리세이드,더 뉴 팰리세이드,107,34403,3778,7,4,1,0,1,1,1,1,1,1,1,1,1,1,0,0,0,0,0,0,1,0,0,0,0,0,0,1,0,1,1,0
41156419,3462.654978735885,3200,쏘렌토,쏘렌토 4세대,58,56009,2151,5,5,2,1,1,1,1,1,1,1,1,1,1,0,1,0,0,0,0,0,0,0,1,0,0,1,0,0,0,1,1,0
41195270,3611.071044237849,2960,팰리세이드,팰리세이드,107,63889,3778,7,4,2,1,1,1,1,1,1,1,1,1,1,1,0,0,0,0,0,0,1,0,0,0,0,0,0,0,1,1,1,0
41601746,2819.120910451986,2240,투싼,올 뉴 투싼,101,76048,1591,5,7,1,0,1,1,1,1,1,1,1,1,1,1,0,0,0,0,0,0,1,0,0,0,0,0,0,0,1,1,1,0
41232316,3049.779222355386,2840,트래버스,트래버스,102,45430,3564,7,6,1,1,1,1,1,1,1,1,1,1,1,0,0,0,0,1,0,0,1,0,0,0,0,0,1,0,0,1,1,0
41425178,3011.2319489661245,1850,캐스퍼,캐스퍼,88,18525,998,4,2,2,1,0,1,1,1,1,1,1,1,1,1,0,0,0,0,0,0,1,0,0,0,0,1,0,0,0,1,0,1
41380818,5406.43473495045,6650,GV80,GV80,9,57598,3470,5,3,0,1,1,1,1,1,1,1,1,1,1,0,0,1,0,0,0,0,1,0,0,0,0,1,0,0,0,1,1,0
39614551,3413.9483665185985,1980,쏘렌토,더 뉴 쏘렌토,58,73316,2199,5,9,5,0,1,1,1,1,1,1,1,1,1,0,1,0,0,0,0,0,0,0,1,0,0,0,0,1,0,1,1,0
41645154,3877.838318635213,4250,G80,G80 (RG3),5,53549,2497,5,4,0,0,1,1,1,1,1,1,1,1,1,0,0,1,0,0,0,0,1,0,0,0,0,0,1,0,0,1,0,1
41043186,2670.6999624750915,2100,K5,K5 3세대,11,47882,1598,5,6,0,0,1,1,1,1,1,1,1,1,1,0,1,0,0,0,0,0,1,0,0,0,0,0,1,0,0,1,0,1
41353509,2480.889936207655,1730,코란도,뷰티풀 코란도,92,41858,1597,5,6,3,0,0,1,1,1,1,1,1,1,1,0,0,0,1,0,0,0,0,0,1,0,0,0,0,1,0,1,1,0
40941192,2832.235730062908,1790,그랜저,그랜저 IG,27,40706,2359,5,7,2,0,0,1,1,1,1,1,1,1,1,1,0,0,0,0,0,0,1,0,0,0,0,0,0,1,0,1,0,1
41433031,3178.3266241384367,2140,K8,K8,13,86345,2497,5,4,9,0,1,1,1,1,1,1,1,1,1,0,1,0,0,0,0,0,1,0,0,0,0,0,1,0,0,1,0,1
41648943,3555.8753163906044,4059,팰리세이드,더 뉴 팰리세이드,107,39300,2199,7,3,1,0,1,1,1,1,1,1,1,1,1,1,0,0,0,0,0,0,0,0,1,0,0,1,0,0,0,1,1,0
41358551,2750.981798850805,2150,투싼,투싼 하이브리드 (NX4),101,108441,1598,5,5,0,0,0,1,1,1,1,1,1,1,1,1,0,0,0,0,0,0,0,1,0,0,0,1,0,0,0,1,1,0
41513171,5313.932698356571,5430,GV80,GV80,9,65090,2497,5,3,3,1,1,1,1,1,1,1,1,1,1,0,0,1,0,0,0,0,1,0,0,0,0,1,0,0,0,1,1,0
41242308,3072.9480536409706,2050,K9,더 K9,14,213975,3342,5,6,0,0,1,1,1,1,1,1,1,1,1,0,1,0,0,0,0,0,1,0,0,0,0,0,1,0,0,1,0,1
41005480,3614.405854880476,3680,팰리세이드,더 뉴 팰리세이드,107,36061,3778,7,3,0,1,1,1,1,1,1,1,1,1,1,1,0,0,0,0,0,0,1,0,0,0,0,1,0,0,0,1,1,0
41269311,3614.405854880476,3290,팰리세이드,팰리세이드,107,92199,2199,7,5,0,0,1,1,1,1,1,1,1,1,1,1,0,0,0,0,0,0,0,0,1,0,0,0,1,0,0,1,1,0
40724129,2739.750535430254,1750,렉스턴,렉스턴 스포츠,35,105154,2157,5,8,3,0,1,1,1,1,1,1,1,1,1,0,0,0,1,0,0,0,0,0,1,0,0,0,0,1,0,1,1,0
41408171,3611.071044237849,4950,팰리세이드,더 뉴 팰리세이드,107,24244,2199,7,2,0,1,1,1,1,1,1,1,1,1,1,1,0,0,0,0,0,0,0,0,1,0,0,1,0,0,0,1,1,0
41577267,3828.3155031297233,4290,G80,G80 (RG3),5,50154,3470,5,4,1,1,1,1,1,1,1,1,1,1,1,0,0,1,0,0,0,0,1,0,0,0,0,0,0,1,0,1,0,1
41659981,3015.4650086512584,2080,싼타페,싼타페 TM,56,73280,1995,5,8,1,0,0,1,1,1,1,1,1,1,1,1,0,0,0,0,0,0,0,0,1,0,0,0,0,1,0,1,1,0
41480357,3757.422508106974,4350,G80,G80 (RG3),5,59219,2497,5,5,0,1,1,1,1,1,1,1,1,1,1,0,0,1,0,0,0,0,1,0,0,0,0,1,0,0,0,1,0,1
41639268,2849.033733094886,3640,G70,더 뉴 G70,4,45921,1998,5,3,4,0,1,1,1,1,1,1,1,1,1,0,0,1,0,0,0,0,1,0,0,0,0,0,0,1,0,1,0,1
41470162,3072.8622532509216,2750,K8,K8 하이브리드,13,120950,1598,5,3,1,0,1,1,1,1,1,1,1,1,1,0,1,0,0,0,0,0,0,1,0,0,0,0,1,0,0,1,0,1
40761861,2713.4540195717054,1799,K5,K5 3세대,11,68539,1999,5,6,22,1,1,1,1,1,1,1,1,1,1,0,1,0,0,0,0,0,1,0,0,0,0,0,0,1,0,1,0,1
41647795,3482.230586207206,3050,스타리아,스타리아,51,8520,3470,3,1,0,0,1,1,1,1,1,1,1,1,1,1,0,0,0,0,0,1,0,0,0,0,0,1,0,0,0,1,1,0
41625577,3224.829199147787,7777,카니발,카니발 4세대,85,50742,3470,9,3,1,0,1,1,1,1,1,1,1,1,1,0,1,0,0,0,0,0,1,0,0,0,0,1,0,0,0,1,1,0
41591698,5406.43473495045,4850,GV80,GV80,9,60068,2497,5,6,1,1,1,1,1,1,1,1,1,1,1,0,0,1,0,0,0,0,1,0,0,0,0,0,1,0,0,1,1,0
41255383,3276.955066568482,2870,카니발,카니발 4세대,85,78371,2151,9,4,5,0,1,1,1,1,1,1,1,1,1,0,1,0,0,0,0,0,0,0,1,0,0,1,0,0,0,1,1,0
41357339,3877.838318635213,1830,G80,G80,5,142230,3342,5,9,2,1,1,1,1,1,1,1,1,1,1,0,0,1,0,0,0,0,1,0,0,0,0,0,0,1,0,1,0,1
41592470,3565.3649600264525,5050,팰리세이드,더 뉴 팰리세이드,107,27897,2199,7,3,0,0,1,1,1,1,1,1,1,1,1,1,0,0,0,0,0,0,0,0,1,0,0,0,0,1,0,1,1,0
41492353,3481.2136636754276,3190,아이오닉5,아이오닉5,66,31133,111,5,3,0,0,1,1,1,1,1,1,1,1,1,1,0,0,0,0,0,0,0,0,0,1,0,1,0,0,0,1,0,1
41170142,3035.4436488311057,2650,스포티지,스포티지 5세대,55,40196,1598,5,4,0,1,1,1,1,1,1,1,1,1,1,0,1,0,0,0,0,0,1,0,0,0,0,1,0,0,0,1,1,0
41650844,3276.955066568482,1780,카니발,올 뉴 카니발,85,21428,2199,9,10,1,0,1,1,1,1,1,1,1,1,1,0,1,0,0,0,0,0,0,0,1,0,0,0,0,1,0,1,1,0
41562770,3877.838318635213,1940,G80,G80,5,100120,3342,5,7,4,1,1,1,1,1,1,1,1,1,1,0,0,1,0,0,0,0,1,0,0,0,0,0,0,1,0,1,0,1
41390975,3611.071044237849,2660,팰리세이드,팰리세이드,107,75312,3778,7,4,2,0,1,1,1,1,1,1,1,1,1,1,0,0,0,0,0,0,1,0,0,0,0,0,0,0,1,1,1,0
40811706,2949.416836726581,2275,스포티지,스포티지 5세대,55,110743,1598,5,5,0,1,1,1,1,1,1,1,1,1,1,0,1,0,0,0,0,0,1,0,0,0,0,1,0,0,0,1,1,0
41222025,2792.2446070107953,2950,투싼,투싼 하이브리드 (NX4),101,71230,1598,5,3,0,0,1,1,1,1,1,1,1,1,1,1,0,0,0,0,0,0,0,1,0,0,0,0,0,1,0,1,1,0
41506477,2739.750535430254,2550,렉스턴,올 뉴 렉스턴,35,119271,2157,5,5,6,1,1,1,1,1,1,0,1,1,1,0,0,0,1,0,0,0,0,0,1,0,0,0,1,0,0,1,1,0
41424814,3015.4650086512584,2640,싼타페,더 뉴 싼타페,56,59647,2497,5,5,5,0,1,1,1,1,1,1,1,1,1,1,0,0,0,0,0,0,1,0,0,0,0,0,0,1,0,1,1,0
41643077,2917.9076270847495,2550,그랜저,더 뉴 그랜저 IG,27,53199,2999,5,5,14,0,1,1,1,1,1,1,1,1,1,1,0,0,0,0,0,1,0,0,0,0,0,1,0,0,0,1,0,1
41285524,3555.8753163906044,2430,팰리세이드,팰리세이드,107,113129,2199,7,5,6,0,0,1,1,1,1,1,1,1,1,1,0,0,0,0,0,0,0,0,1,0,0,0,0,1,0,1,1,0
41518492,2515.0409602129794,2030,코란도,뷰티풀 코란도,92,68258,1497,5,5,1,0,1,1,1,1,1,1,1,1,1,0,0,0,1,0,0,0,1,0,0,0,0,1,0,0,0,1,1,0
40336285,2985.7852847364197,2150,싼타페,싼타페 TM,56,81709,1995,5,7,2,0,1,1,1,1,1,1,1,1,1,1,0,0,0,0,0,0,0,0,1,0,0,0,0,1,0,1,1,0
40764144,2777.2978813068744,1995,렉스턴,더 뉴 렉스턴 스포츠 칸,35,108049,2157,5,5,4,0,1,1,1,1,1,1,1,1,1,0,0,0,1,0,0,0,0,0,1,0,0,0,1,0,0,1,1,0
41634172,3183.022820690089,9999,아이오닉5,아이오닉5,66,89229,111,5,4,2,1,1,1,1,1,1,1,1,1,1,1,0,0,0,0,0,0,0,0,0,1,0,0,0,0,1,1,0,1
41649301,2931.58161642511,2729,그랜저,더 뉴 그랜저 IG,27,13503,2497,5,6,0,0,1,1,1,1,1,1,1,1,1,1,0,0,0,0,0,0,1,0,0,0,0,0,1,0,0,1,0,1
41066518,2725.7156813909605,1899,쏘나타,쏘나타 (DN8),57,69169,1999,5,6,4,1,1,1,1,1,1,1,1,1,1,1,0,0,0,0,0,0,1,0,0,0,0,1,0,0,0,1,0,1
41137148,2632.4269067199116,1720,아반떼,아반떼 (CN7),62,79479,1598,5,6,0,0,1,1,1,1,1,1,1,1,1,1,0,0,0,0,0,0,1,0,0,0,0,1,0,0,0,1,0,1
41640706,2836.490415435862,1780,캐스퍼,캐스퍼,88,23756,998,4,4,1,1,0,1,1,1,1,1,1,1,1,1,0,0,0,0,0,0,1,0,0,0,0,1,0,0,0,1,0,1
41358674,3835.924823652034,4540,G80,G80 (RG3),5,65866,2497,5,3,4,0,1,1,1,1,1,1,1,1,1,0,0,1,0,0,0,0,1,0,0,0,0,0,1,0,0,1,0,1
40898523,3094.472649948673,2695,트래버스,트래버스,102,51777,3564,7,5,2,1,1,1,1,1,1,1,1,1,1,0,0,0,0,1,0,0,1,0,0,0,0,1,0,0,0,1,1,0
41639430,3183.022820690089,2599,아이오닉5,아이오닉5,66,93179,111,5,5,5,0,1,1,1,1,1,1,1,1,1,1,0,0,0,0,0,0,0,0,0,1,0,0,0,1,0,1,0,1
41603209,2887.6126226256356,2799,그랜저,더 뉴 그랜저 IG 하이브리드,27,91083,2359,5,5,0,0,1,1,1,1,1,1,1,1,1,1,0,0,0,0,0,0,0,1,0,0,0,0,0,0,1,1,0,1
41341799,2871.0199908868076,2340,그랜저,더 뉴 그랜저 IG 하이브리드,27,140965,2359,5,4,0,0,1,1,1,1,1,1,1,1,1,1,0,0,0,0,0,0,0,1,0,0,0,1,0,0,0,1,0,1
41428752,2582.899977616721,2480,토레스,토레스,100,38570,1497,5,3,0,0,1,1,1,1,1,1,1,1,1,0,0,0,1,0,0,0,1,0,0,0,0,1,0,0,0,1,1,0
41207298,2540.7398004274887,2350,토레스,토레스,100,53112,1497,5,4,0,1,1,1,1,1,1,1,1,1,1,0,0,0,1,0,0,0,1,0,0,0,0,1,0,0,0,1,1,0
41086122,2871.0199908868076,2199,그랜저,그랜저 IG,27,43698,2999,5,9,8,1,1,1,1,1,1,1,1,1,1,1,0,0,0,0,0,0,1,0,0,0,0,0,1,0,0,1,0,1
41565789,3326.4508146315256,3020,카니발,카니발 4세대,85,46112,2151,9,6,4,0,1,1,1,1,1,1,1,1,1,0,1,0,0,0,0,0,0,0,1,0,0,0,1,0,0,1,1,0
41598924,3602.7134342567415,4090,팰리세이드,팰리세이드,107,66572,2199,7,5,1,1,1,1,1,1,1,1,1,1,1,1,0,0,0,0,0,0,0,0,1,0,0,1,0,0,0,1,1,0
41244768,2652.43527743991,2399,아반떼,아반떼 (CN7),62,45495,1998,5,4,2,0,1,1,1,1,1,1,1,1,1,1,0,0,0,0,0,0,1,0,0,0,0,0,0,1,0,1,0,1
41065762,2792.2446070107953,1899,투싼,투싼 (NX4),101,108848,1998,5,4,5,0,0,1,1,1,1,1,1,1,1,1,0,0,0,0,0,0,0,0,1,0,0,1,0,0,0,1,1,0
41405724,2766.3800913523883,2600,렉스턴,더 뉴 렉스턴 스포츠,35,10741,2157,5,2,0,0,1,1,1,0,1,0,1,0,1,0,0,0,1,0,0,0,0,0,1,0,0,1,0,0,0,1,1,0
41583704,4394.3925768413965,4340,GV70,GV70,8,67202,2497,5,5,0,1,1,1,1,1,1,1,1,1,1,0,0,1,0,0,0,0,1,0,0,0,0,1,0,0,0,1,1,0
41632537,2887.6126226256356,3720,그랜저,그랜저 하이브리드 (GN7),27,33557,1598,5,3,10,0,1,1,1,1,1,1,1,1,1,1,0,0,0,0,0,0,0,1,0,0,0,0,0,1,0,1,0,1
41613692,3877.838318635213,3980,G80,G80 (RG3),5,30758,2497,5,4,2,0,1,1,1,1,1,1,1,1,1,0,0,1,0,0,0,0,1,0,0,0,0,1,0,0,0,1,0,1
41641588,3550.2021461772415,2770,스타리아,스타리아,51,40984,3470,3,3,1,0,1,1,1,1,1,1,1,0,1,1,0,0,0,0,0,1,0,0,0,0,0,0,0,1,0,1,1,0
41271157,2883.686388250694,1929,G70,G70,4,110306,1998,5,8,5,1,1,1,1,1,1,1,1,1,1,0,0,1,0,0,0,0,1,0,0,0,0,0,1,0,0,1,0,1
41383315,2814.4095035579858,2420,투싼,투싼 (NX4),101,67654,1998,5,4,0,0,0,1,1,1,1,1,1,1,1,1,0,0,0,0,0,0,0,0,1,0,0,0,0,1,0,1,1,0
40974133,2652.43527743991,2530,아반떼,더 뉴 아반떼 (CN7),62,11265,1598,5,2,0,0,1,1,1,1,1,1,1,1,1,1,0,0,0,0,0,0,1,0,0,0,0,0,0,1,0,1,0,1
41622964,2722.967088332962,2150,K5,K5 3세대,11,37958,1999,5,4,0,0,1,1,1,1,1,1,1,1,1,0,1,0,0,0,0,1,0,0,0,0,0,0,1,0,0,1,0,1
41113634,2777.2978813068744,2050,렉스턴,G4 렉스턴,35,51417,2157,7,8,2,0,1,1,1,0,1,1,1,1,1,0,0,0,1,0,0,0,0,0,1,0,0,1,0,0,0,1,1,0
41385732,2917.9076270847495,1950,그랜저,그랜저 IG,27,51156,3342,5,7,4,0,1,1,1,1,1,1,1,1,1,1,0,0,0,0,0,0,1,0,0,0,0,0,0,1,0,1,0,1
41623620,2887.6126226256356,2270,그랜저,더 뉴 그랜저 IG,27,126643,3342,5,6,0,0,1,1,1,1,1,1,1,1,1,1,0,0,0,0,0,0,1,0,0,0,0,0,0,1,0,1,0,1
40993297,2684.625840071605,3380,쏘나타,쏘나타 디 엣지 하이브리드(DN8),57,21430,1999,5,1,2,1,1,1,1,1,1,1,1,1,1,1,0,0,0,0,0,0,0,1,0,0,0,0,0,1,0,1,0,1
41389900,3132.2210078650214,1730,코나,코나,91,11042,1591,5,8,1,0,0,1,1,0,1,1,1,0,1,1,0,0,0,0,0,0,1,0,0,0,0,1,0,0,0,1,1,0
41496678,2931.58161642511,2199,그랜저,더 뉴 그랜저 IG,27,119277,2497,5,6,4,1,1,1,1,1,1,1,1,1,1,1,0,0,0,0,0,0,1,0,0,0,0,0,1,0,0,1,0,1
41505844,3481.2136636754276,2980,아이오닉5,아이오닉5,66,133921,111,5,4,6,1,1,1,1,1,1,1,1,1,1,1,0,0,0,0,0,0,0,0,0,1,0,1,0,0,0,1,0,1
41258765,3131.1383633963924,2650,K9,더 K9,14,62165,3778,5,7,3,0,1,1,1,1,1,1,1,1,1,0,1,0,0,0,0,0,1,0,0,0,0,0,0,1,0,1,0,1
40834122,2777.2978813068744,2999,렉스턴,더 뉴 렉스턴 스포츠,35,30407,2157,5,3,2,0,0,0,0,0,0,0,0,0,0,0,0,0,1,0,0,0,0,0,1,0,0,0,0,0,1,1,1,0
41511430,2611.388696455017,3550,K5,더 뉴 K5 3세대,11,5278,1598,5,1,0,0,1,1,1,1,1,1,1,1,1,0,1,0,0,0,0,0,1,0,0,0,0,0,1,0,0,1,0,1
41640702,3183.022820690089,5299,아이오닉5,아이오닉5,66,50258,120,5,3,3,1,1,1,1,1,1,1,1,1,1,1,0,0,0,0,0,0,0,0,0,1,0,0,0,0,1,1,0,1
40980481,4839.699076110866,7700,G90,G90 (RS4),6,43545,3470,5,4,7,0,1,1,1,1,1,1,1,1,1,0,0,1,0,0,0,0,1,0,0,0,0,0,1,0,0,1,0,1
41650978,3498.6983665185985,3290,쏘렌토,쏘렌토 4세대,58,25030,2497,5,3,2,0,1,1,1,1,1,1,1,1,1,0,1,0,0,0,0,0,1,0,0,0,0,0,0,1,0,1,1,0
41074078,2758.425760042816,2790,렉스턴,더 뉴 렉스턴 스포츠,35,54125,2157,5,3,2,0,0,0,0,0,0,0,0,0,0,0,0,0,1,0,0,0,0,0,1,0,0,1,0,0,0,1,1,0
41605623,2766.3800913523883,1880,렉스턴,렉스턴 스포츠 칸,35,85401,2157,5,6,2,1,1,1,1,1,1,1,1,1,1,0,0,0,1,0,0,0,0,0,1,0,0,1,0,0,0,1,1,0
41459451,3015.4650086512584,2960,싼타페,더 뉴 싼타페,56,95043,1598,5,3,1,0,1,1,1,1,1,1,1,1,1,1,0,0,0,0,0,0,0,1,0,0,0,0,0,1,0,1,1,0
41254904,3602.7134342567415,3180,팰리세이드,팰리세이드,107,77512,2199,7,7,1,1,1,1,1,1,1,1,1,1,1,1,0,0,0,0,0,0,0,0,1,0,0,0,0,0,1,1,1,0
41016962,2720.502498674518,1990,트랙스,트랙스 크로스오버,103,71105,1199,5,3,1,0,1,1,1,1,1,0,1,1,1,0,0,0,0,1,0,0,1,0,0,0,0,0,0,1,0,1,1,0
41071847,2949.416836726581,2490,스포티지,스포티지 5세대,55,33530,1598,5,3,18,1,1,1,1,1,1,1,1,1,1,0,1,0,0,0,0,0,1,0,0,0,0,0,1,0,0,1,1,0
41158267,3003.6999328501633,2540,콜로라도,리얼 뉴 콜로라도,94,55951,3649,5,4,4,0,0,1,1,1,0,1,1,0,1,0,0,0,0,1,0,0,1,0,0,0,0,0,1,0,0,1,1,0
41495492,2883.686388250694,2740,G70,더 뉴 G70,4,93905,1998,5,4,2,0,1,1,1,1,1,1,1,1,1,0,0,1,0,0,0,0,1,0,0,0,0,0,0,0,1,1,0,1
41489486,3565.3649600264525,2670,팰리세이드,팰리세이드,107,75510,3778,8,5,0,0,1,1,1,1,1,1,1,1,1,1,0,0,0,0,0,0,1,0,0,0,0,0,1,0,0,1,1,0
41382686,3067.673489216629,2450,싼타페,싼타페 TM,56,22605,1995,5,7,0,0,0,1,1,1,1,1,1,1,1,1,0,0,0,0,0,0,0,0,1,0,0,1,0,0,0,1,1,0
41561589,3266.59261814898,3490,카니발,카니발 4세대,85,123532,2151,7,5,8,0,1,1,1,1,1,1,1,1,1,0,1,0,0,0,0,0,0,0,1,0,0,1,0,0,0,1,1,0
41645527,3015.4650086512584,2380,싼타페,싼타페 TM,56,113938,2199,5,8,1,1,1,1,1,1,1,1,1,1,1,1,0,0,0,0,0,0,0,0,1,0,0,1,0,0,0,1,1,0
41539615,3877.838318635213,3060,G80,G80 (RG3),5,116002,2497,5,6,0,0,1,1,1,1,1,1,1,1,1,0,0,1,0,0,0,0,1,0,0,0,0,0,1,0,0,1,0,1
41137247,2513.119275862335,2579,토레스,토레스,100,28028,1497,5,2,2,1,1,1,1,1,1,1,1,1,1,0,0,0,1,0,0,0,1,0,0,0,0,0,1,0,0,1,1,0
41434532,3223.7858673429773,3659,카니발,카니발 4세대,85,81349,2151,9,3,0,0,1,1,1,1,1,1,1,1,1,0,1,0,0,0,0,0,0,0,1,0,0,1,0,0,0,1,1,0
40762507,3877.838318635213,2770,G80,G80 (RG3),5,172526,2497,5,6,0,0,1,1,1,1,1,1,1,1,1,0,0,1,0,0,0,0,1,0,0,0,0,0,0,1,0,1,0,1
41524727,3086.853182440802,2350,싼타페,더 뉴 싼타페,56,123478,2151,5,5,1,0,1,1,1,1,1,1,1,1,1,1,0,0,0,0,0,0,0,0,1,0,0,1,0,0,0,1,1,0
41064720,2651.085997141483,3190,렉스턴,올 뉴 렉스턴,35,102318,2157,5,4,2,1,1,1,1,1,1,1,1,1,1,0,0,0,1,0,0,0,0,0,1,0,0,1,0,0,0,1,1,0
41365772,3086.853182440802,3030,싼타페,더 뉴 싼타페,56,61146,1598,5,5,0,0,1,1,1,1,1,1,1,1,1,1,0,0,0,0,0,0,0,1,0,0,0,0,0,1,0,1,1,0
40374826,2652.43527743991,1950,아반떼,아반떼 (CN7),62,49201,1598,5,6,2,0,1,1,1,1,1,1,1,1,1,1,0,0,0,0,0,0,1,0,0,0,0,1,0,0,0,1,0,1
41543920,4477.328734051914,3680,GV70,GV70,8,106460,2497,5,5,0,0,1,1,1,1,1,1,1,1,1,0,0,1,0,0,0,0,1,0,0,0,0,1,0,0,0,1,1,0
41179109,3611.071044237849,4270,팰리세이드,팰리세이드,107,46847,2199,7,5,1,1,1,1,1,1,1,1,1,1,1,1,0,0,0,0,0,0,0,0,1,0,0,1,0,0,0,1,1,0
41589339,2619.463897932248,1770,셀토스,셀토스,49,87029,1591,5,5,3,0,0,1,1,1,1,1,1,0,1,0,1,0,0,0,0,0,1,0,0,0,0,0,1,0,0,1,1,0
41623930,2750.0422913352963,1930,아반떼,아반떼 (CN7),62,52282,1598,5,6,6,1,1,1,1,1,1,1,1,1,1,1,0,0,0,0,0,0,1,0,0,0,0,1,0,0,0,1,0,1
41509473,2985.7852847364197,3090,싼타페,더 뉴 싼타페,56,29475,1598,5,4,1,0,1,1,1,1,1,1,1,1,1,1,0,0,0,0,0,0,0,1,0,0,0,1,0,0,0,1,1,0
41057002,3015.4650086512584,2720,싼타페,더 뉴 싼타페,56,63536,1598,5,4,10,0,1,1,1,1,1,1,1,1,1,1,0,0,0,0,0,0,0,1,0,0,0,1,0,0,0,1,1,0
41591431,3565.3649600264525,3020,팰리세이드,팰리세이드,107,87715,2199,7,7,6,1,1,1,1,1,1,1,1,1,1,1,0,0,0,0,0,0,0,0,1,0,0,1,0,0,0,1,1,0
41588120,2833.7809220036456,9999,G70,G70,4,82330,1998,5,7,2,0,0,0,0,0,0,0,0,0,0,0,0,1,0,0,0,0,1,0,0,0,0,0,0,0,1,1,0,1
41573903,5406.43473495045,6230,GV80,GV80,9,3104,2497,5,2,0,0,1,1,1,1,1,1,1,1,1,0,0,1,0,0,0,0,1,0,0,0,0,0,1,0,0,1,1,0
41557350,3015.4650086512584,1950,싼타페,싼타페 TM,56,82779,2199,5,8,2,0,1,1,1,1,1,1,1,1,1,1,0,0,0,0,0,0,0,0,1,0,0,0,0,1,0,1,1,0
41650216,2631.6880923441727,2150,QM6,더 뉴 QM6,17,32316,1998,5,4,2,0,1,1,1,1,1,1,1,1,1,0,0,0,0,0,1,1,0,0,0,0,0,1,0,0,0,1,1,0
41568710,5025.51401270444,4000,G90,G90,6,121364,3778,4,6,6,0,1,1,1,1,1,1,1,1,1,0,0,1,0,0,0,0,1,0,0,0,0,0,1,0,0,1,0,1
41575971,2766.3800913523883,2050,렉스턴,더 뉴 렉스턴 스포츠,35,83701,2157,5,4,0,0,0,1,1,0,1,1,1,1,1,0,0,0,1,0,0,0,0,0,1,0,0,0,0,1,0,1,1,0
40719050,2670.6999624750915,9999,K5,K5,11,168195,1999,5,14,11,0,0,1,1,0,0,1,0,0,1,0,1,0,0,0,0,1,0,0,0,0,0,0,0,1,0,1,0,1
41404551,3602.7134342567415,2890,팰리세이드,팰리세이드,107,106942,2199,7,5,8,1,1,1,1,1,1,1,1,1,1,1,0,0,0,0,0,0,0,0,1,0,0,0,0,1,0,1,1,0
41534608,2620.1903020024697,1940,쏘나타,쏘나타 (DN8),57,115607,1999,5,7,1,0,1,1,1,1,1,1,1,1,1,1,0,0,0,0,0,0,1,0,0,0,0,0,0,1,0,1,0,1
40834938,4477.328734051914,3199,GV70,GV70,8,94463,2497,5,5,0,1,1,1,1,1,1,1,1,1,1,0,0,1,0,0,0,0,1,0,0,0,0,0,0,0,1,1,1,0
41337921,2602.03768400251,2959,쏘나타,쏘나타 디 엣지(DN8),57,6917,1598,5,1,2,0,1,1,1,1,1,1,1,1,1,1,0,0,0,0,0,0,1,0,0,0,0,0,0,1,0,1,0,1
41494666,2931.58161642511,2650,그랜저,더 뉴 그랜저 IG,27,70822,3342,5,7,1,1,1,1,1,1,1,1,1,1,1,1,0,0,0,0,0,0,1,0,0,0,0,1,0,0,0,1,0,1
41377816,2631.6880923441727,2350,QM6,더 뉴 QM6,17,54607,1998,5,3,1,0,1,1,1,1,1,1,1,1,1,0,0,0,0,0,1,1,0,0,0,0,0,0,1,0,0,1,1,0
41566031,2684.625840071605,3090,쏘나타,쏘나타 디 엣지(DN8),57,23987,1598,5,1,1,0,1,1,1,1,1,1,1,1,1,1,0,0,0,0,0,0,1,0,0,0,0,1,0,0,0,1,0,1
40735086,2739.750535430254,2499,렉스턴,더 뉴 렉스턴 스포츠,35,112975,2157,5,3,1,0,1,1,1,1,1,1,1,1,1,0,0,0,1,0,0,0,0,0,1,0,0,1,0,0,0,1,1,0
40892136,5373.873808791013,6350,GV80,GV80,9,22510,2497,5,1,0,0,1,1,1,1,1,1,1,1,1,0,0,1,0,0,0,0,1,0,0,0,0,1,0,0,0,1,1,0
41256364,3458.0058573363353,2890,스타리아,스타리아,51,48806,2199,11,5,6,1,1,1,1,1,1,1,1,1,1,1,0,0,0,0,0,0,0,0,1,0,0,0,0,0,1,1,1,0
41086184,2389.469509745787,1800,EQ900,EQ900,0,165366,3778,5,10,3,0,1,1,1,1,1,1,1,1,1,0,0,1,0,0,0,0,1,0,0,0,0,0,0,1,0,1,0,1
40887809,2513.119275862335,2510,토레스,토레스,100,34191,1497,5,3,0,0,1,1,1,1,1,1,1,1,1,0,0,0,1,0,0,0,1,0,0,0,0,0,0,1,0,1,1,0
41479896,2580.7207386685927,1970,아반떼,아반떼 (CN7),62,36033,1598,5,4,4,0,1,1,1,1,1,1,1,1,1,1,0,0,0,0,0,0,1,0,0,0,0,1,0,0,0,1,0,1
41650045,3357.3272340652456,4099,아이오닉5,아이오닉5,66,53483,111,5,2,0,1,1,1,1,1,1,1,1,1,1,1,0,0,0,0,0,0,0,0,0,1,0,1,0,0,0,1,0,1
41477229,5373.873808791013,4600,GV80,GV80,9,63454,2497,5,6,2,1,1,1,1,1,1,1,1,1,1,0,0,1,0,0,0,0,1,0,0,0,0,1,0,0,0,1,1,0
41628635,4363.6224840519135,3890,GV70,GV70,8,106626,2497,5,3,0,1,1,1,1,1,1,1,1,1,1,0,0,1,0,0,0,0,1,0,0,0,0,1,0,0,0,1,1,0
40842733,3828.3155031297233,2990,G80,G80 (RG3),5,161552,2497,5,6,1,0,1,1,1,1,1,1,1,1,1,0,0,1,0,0,0,0,1,0,0,0,0,0,0,1,0,1,0,1
41560244,3223.3109693503447,2760,액티언,액티언 2세대,71,10253,1497,5,2,0,0,1,1,1,1,1,1,1,1,1,0,0,0,1,0,0,0,1,0,0,0,0,1,0,0,0,1,1,0
40723462,5008.326934333097,3690,G90,G90,6,145743,3778,5,5,1,0,1,1,1,1,1,1,1,1,1,0,0,1,0,0,0,0,1,0,0,0,0,0,0,0,1,1,0,1
41427424,3828.3155031297233,3290,G80,G80 (RG3),5,81409,2497,5,4,0,0,1,1,1,1,1,1,1,1,1,0,0,1,0,0,0,0,1,0,0,0,0,1,0,0,0,1,0,1
41544725,2437.046983773712,2140,K7,K7 프리미어,12,109049,2999,5,7,5,0,1,1,1,1,1,1,1,1,1,0,1,0,0,0,0,1,0,0,0,0,0,0,0,0,1,1,0,1
40799855,2602.03768400251,2430,쏘나타,쏘나타 (DN8),57,45031,1999,5,6,2,0,0,0,0,0,0,0,0,0,0,1,0,0,0,0,0,0,1,0,0,0,0,0,0,1,0,1,0,1
41547313,3223.7858673429773,4350,카니발,더 뉴 카니발 4세대,85,63074,1598,7,2,0,0,1,1,1,1,1,1,1,1,1,0,1,0,0,0,0,0,0,1,0,0,0,1,0,0,0,1,1,0
41250293,2777.2978813068744,2950,렉스턴,올 뉴 렉스턴,35,72596,2157,5,3,0,0,1,1,1,1,1,0,1,1,1,0,0,0,1,0,0,0,0,0,1,0,0,0,1,0,0,1,1,0
41515708,2750.0422913352963,2590,아반떼,더 뉴 아반떼 (CN7),62,3080,1598,5,1,0,1,1,1,1,1,1,1,1,1,1,1,0,0,0,0,0,0,1,0,0,0,0,1,0,0,0,1,0,1
41454140,5313.932698356571,6650,GV80,GV80,9,28413,2497,5,3,2,1,1,1,1,1,1,1,1,1,1,0,0,1,0,0,0,0,1,0,0,0,0,1,0,0,0,1,1,0
41438640,5398.2920940715185,4550,GV80,GV80,9,80388,2497,5,4,2,0,1,1,1,1,1,1,1,1,1,0,0,1,0,0,0,0,1,0,0,0,0,0,0,0,1,1,1,0
41653410,4477.328734051914,3899,GV70,GV70,8,76212,2497,5,5,0,1,1,1,1,1,1,1,1,1,1,0,0,1,0,0,0,0,1,0,0,0,0,1,0,0,0,1,1,0
41629051,3835.924823652034,3500,G80,G80 (RG3),5,79754,2497,5,6,2,0,1,1,1,1,1,1,1,1,1,0,0,1,0,0,0,0,1,0,0,0,0,0,1,0,0,1,0,1
41268685,3555.8753163906044,6290,팰리세이드,팰리세이드 (LX3),107,7763,2497,7,1,1,1,1,1,1,1,1,1,1,1,1,1,0,0,0,0,0,0,1,0,0,0,0,1,0,0,0,1,1,0
41512575,5398.2920940715185,5050,GV80,GV80,9,75687,2996,5,6,3,0,1,1,1,1,1,1,1,1,1,0,0,1,0,0,0,0,0,0,1,0,0,1,0,0,0,1,1,0
41389706,3611.071044237849,7360,팰리세이드,팰리세이드 (LX3),107,17,2497,7,0,0,1,1,1,1,1,1,1,1,1,1,1,0,0,0,0,0,0,1,0,0,0,0,1,0,0,0,1,1,0
40952735,4394.3925768413965,4320,GV70,GV70,8,50112,2497,5,4,1,0,1,1,1,1,1,1,1,1,1,0,0,1,0,0,0,0,1,0,0,0,0,1,0,0,0,1,1,0
41483258,4839.699076110866,3390,G90,G90,6,75896,3778,5,7,2,0,1,1,1,1,1,1,1,1,1,0,0,1,0,0,0,0,1,0,0,0,0,0,1,0,0,1,0,1
41509892,4363.6224840519135,4444,GV70,GV70,8,44417,2497,5,5,0,1,1,1,1,1,1,1,1,1,1,0,0,1,0,0,0,0,1,0,0,0,0,1,0,0,0,1,1,0
41589626,2899.599901857931,1950,스팅어,스팅어,53,85732,3342,5,9,0,0,1,1,1,1,1,1,1,1,1,0,1,0,0,0,0,0,1,0,0,0,0,0,0,0,1,1,0,1
41620208,2792.2446070107953,1890,투싼,올 뉴 투싼,101,87613,1995,5,7,3,0,0,1,1,1,1,1,1,1,1,1,0,0,0,0,0,0,0,0,1,0,0,1,0,0,0,1,1,0
41593571,2567.983897932248,1790,넥쏘,넥쏘,28,73088,0,5,5,5,1,1,1,1,1,1,1,1,1,1,1,0,0,0,0,0,0,0,0,0,0,1,1,0,0,0,1,1,0
41530444,3462.654978735885,2500,쏘렌토,쏘렌토 4세대,58,215037,1598,5,5,0,0,1,1,1,1,1,1,1,1,1,0,1,0,0,0,0,0,0,1,0,0,0,0,0,1,0,1,1,0
41646449,3086.853182440802,2300,싼타페,싼타페 TM,56,39545,1998,7,7,1,0,1,1,1,1,1,1,1,1,1,1,0,0,0,0,0,0,1,0,0,0,0,1,0,0,0,1,1,0
39811765,3321.9597448306204,6633,SM3,뉴SM3,18,64025,1598,5,13,0,0,0,1,1,0,0,1,1,0,0,0,0,0,0,0,1,0,1,0,0,0,0,0,1,0,0,1,0,1
41593085,3482.230586207206,4890,스타리아,스타리아,51,25026,2199,4,4,2,0,1,1,1,1,1,1,1,1,1,1,0,0,0,0,0,0,0,0,1,0,0,1,0,0,0,1,1,0
41631834,3835.924823652034,1790,G80,G80,5,147010,3342,5,10,4,1,1,1,1,1,1,1,1,1,1,0,0,1,0,0,0,0,1,0,0,0,0,0,1,0,0,1,0,1
41619979,2814.4095035579858,2510,투싼,투싼 하이브리드 (NX4),101,69620,1598,5,6,8,0,1,1,1,1,1,1,1,1,1,1,0,0,0,0,0,0,0,1,0,0,0,0,0,0,1,1,1,0
41018804,2832.235730062908,2570,그랜저,더 뉴 그랜저 IG,27,64965,2497,5,6,6,1,1,1,1,1,1,1,1,1,1,1,0,0,0,0,0,0,1,0,0,0,0,0,0,1,0,1,0,1
41625343,2975.014936207655,2850,콜로라도,리얼 뉴 콜로라도,94,37017,3649,5,4,0,0,0,1,1,1,0,0,1,0,1,0,0,0,0,1,0,0,1,0,0,0,0,0,0,1,0,1,1,0
41643883,2777.2978813068744,1950,렉스턴,렉스턴 스포츠 칸,35,89659,2157,5,6,7,0,1,1,1,1,1,1,1,1,1,0,0,0,1,0,0,0,0,0,1,0,0,0,1,0,0,1,1,0
41379737,3550.2021461772415,5990,스타리아,스타리아,51,3963,2199,4,2,0,0,1,1,1,1,1,1,1,1,1,1,0,0,0,0,0,0,0,0,1,0,0,1,0,0,0,1,1,0
41548589,2611.388696455017,2850,K5,K5 하이브리드 3세대,11,1129,1999,5,3,0,0,1,1,1,1,1,1,1,1,1,0,1,0,0,0,0,0,0,1,0,0,0,0,1,0,0,1,0,1
41238244,3651.1332725787192,3999,모하비,모하비 더 마스터,43,68915,2959,7,5,2,1,1,1,1,1,1,1,1,1,1,0,1,0,0,0,0,0,0,0,1,0,0,0,1,0,0,1,1,0
40837368,2917.9076270847495,2990,그랜저,더 뉴 그랜저 IG,27,49230,2497,5,6,0,1,1,1,1,1,1,1,1,1,1,1,0,0,0,0,0,0,1,0,0,0,0,1,0,0,0,1,0,1
41113808,3063.629778185483,1950,싼타페,더 뉴 싼타페,56,150581,2151,5,6,4,0,1,1,1,1,1,1,1,1,1,1,0,0,0,0,0,0,0,0,1,0,0,0,0,1,0,1,1,0
41395881,3611.071044237849,3290,팰리세이드,팰리세이드,107,28714,2199,8,4,0,0,1,1,1,1,1,1,1,1,1,1,0,0,0,0,0,0,0,0,1,0,0,0,0,0,1,1,1,0
41623792,3877.838318635213,1850,G80,G80,5,70938,3342,5,8,6,0,1,1,1,1,1,1,1,1,1,0,0,1,0,0,0,0,1,0,0,0,0,0,0,1,0,1,0,1
41125000,4477.328734051914,3860,GV70,GV70,8,62153,2151,5,5,1,1,1,1,1,1,1,1,1,1,1,0,0,1,0,0,0,0,0,0,1,0,0,0,0,1,0,1,1,0
41110571,3225.5911934046176,3330,EV6,EV6,3,44563,111,5,4,6,0,1,1,1,1,1,1,1,1,1,0,1,0,0,0,0,0,0,0,0,1,0,0,1,0,0,1,0,1
41448046,3565.3649600264525,3990,팰리세이드,팰리세이드,107,55594,2199,7,5,0,1,1,1,1,1,1,1,1,1,1,1,0,0,0,0,0,0,0,0,1,0,0,1,0,0,0,1,1,0
41261247,3462.654978735885,4050,쏘렌토,쏘렌토 4세대,58,27742,1598,7,5,1,0,1,1,1,1,1,1,1,1,1,0,1,0,0,0,0,0,0,1,0,0,0,0,0,1,0,1,1,0
41168253,3223.7858673429773,2850,카니발,카니발 4세대,85,65878,2151,9,6,1,1,1,1,1,1,1,1,1,1,1,0,1,0,0,0,0,0,0,0,1,0,0,0,1,0,0,1,1,0
41407967,3555.8753163906044,3240,팰리세이드,팰리세이드,107,59377,2199,7,5,0,1,1,1,1,1,1,1,1,1,1,1,0,0,0,0,0,0,0,0,1,0,0,1,0,0,0,1,1,0
41101223,2615.360723815946,2270,토레스,토레스,100,27011,1497,5,4,0,0,1,1,1,1,1,1,1,1,1,0,0,0,1,0,0,0,1,0,0,0,0,0,1,0,0,1,1,0
41481004,2832.235730062908,2039,그랜저,더 뉴 그랜저 IG,27,128136,2999,5,5,2,0,1,1,1,1,1,1,1,1,1,1,0,0,0,0,0,1,0,0,0,0,0,1,0,0,0,1,0,1
41281080,2779.972995621478,2220,투싼,투싼 (NX4),101,57938,1598,5,5,9,0,1,1,1,1,1,1,1,1,1,1,0,0,0,0,0,0,1,0,0,0,0,0,0,1,0,1,1,0
41424520,5406.43473495045,3240,GV80,GV80,9,181648,3470,7,5,7,0,1,1,1,1,1,1,1,1,1,0,0,1,0,0,0,0,1,0,0,0,0,1,0,0,0,1,1,0
41631419,3482.230586207206,2050,스타리아,스타리아,51,104624,2199,5,4,2,0,0,1,1,1,1,1,1,0,1,1,0,0,0,0,0,0,0,0,1,0,0,0,0,1,0,1,1,0
41550570,2479.8411014207704,2345,K7,올 뉴 K7,12,112378,3342,5,8,1,1,1,1,1,1,1,1,1,1,1,0,1,0,0,0,0,0,1,0,0,0,0,0,1,0,0,1,0,1
41595142,2931.58161642511,2630,그랜저,더 뉴 그랜저 IG,27,96033,2999,5,6,1,0,1,1,1,1,1,1,1,1,1,1,0,0,0,0,0,1,0,0,0,0,0,0,0,1,0,1,0,1
41516320,2632.4269067199116,2399,아반떼,아반떼 (CN7),62,63394,1998,5,5,7,0,1,1,1,1,1,1,1,0,1,1,0,0,0,0,0,0,1,0,0,0,0,0,0,1,0,1,0,1
41648689,2985.7852847364197,2080,싼타페,싼타페 TM,56,93887,2199,7,8,1,1,1,1,1,1,1,1,1,1,1,1,0,0,0,0,0,0,0,0,1,0,0,0,0,0,1,1,1,0
41660334,5398.2920940715185,5999,GV80,GV80,9,16008,2497,5,2,9,0,1,1,1,1,1,1,1,1,1,0,0,1,0,0,0,0,1,0,0,0,0,0,0,1,0,1,1,0
38388166,2931.58161642511,2399,그랜저,더 뉴 그랜저 IG,27,50142,3342,5,4,4,0,1,1,1,1,1,1,1,1,1,1,0,0,0,0,0,0,1,0,0,0,0,0,1,0,0,1,0,1
41388752,2766.3800913523883,3245,렉스턴,올 뉴 렉스턴,35,70413,2157,5,6,2,1,1,1,1,1,1,1,1,1,1,0,0,0,1,0,0,0,0,0,1,0,0,0,1,0,0,1,1,0
41394987,4363.6224840519135,3450,GV70,GV70,8,122758,2497,5,3,2,0,1,1,1,1,1,1,1,1,1,0,0,1,0,0,0,0,1,0,0,0,0,0,1,0,0,1,1,0
41619255,3067.673489216629,2900,싼타페,싼타페 (MX5),56,58491,2497,5,3,0,0,1,1,1,1,1,1,1,1,1,1,0,0,0,0,0,0,1,0,0,0,0,1,0,0,0,1,1,0
41444497,3405.4249645598084,3250,아이오닉5,아이오닉5,66,69692,111,5,4,0,0,1,1,1,1,1,1,1,1,1,1,0,0,0,0,0,0,0,0,0,1,0,1,0,0,0,1,0,1
41179333,3223.7858673429773,3599,카니발,더 뉴 카니발 4세대,85,15992,2151,9,2,0,0,1,1,1,1,1,1,1,1,1,0,1,0,0,0,0,0,0,0,1,0,0,0,1,0,0,1,1,0
41602658,5373.873808791013,4690,GV80,GV80,9,75836,3470,5,5,0,0,1,1,1,1,1,1,1,1,1,0,0,1,0,0,0,0,1,0,0,0,0,1,0,0,0,1,1,0
40853257,3611.071044237849,4650,팰리세이드,더 뉴 팰리세이드,107,15311,3778,7,3,0,1,1,1,1,1,1,1,1,1,1,1,0,0,0,0,0,0,1,0,0,0,0,1,0,0,0,1,1,0
41566596,3067.673489216629,2430,싼타페,더 뉴 싼타페,56,94277,2151,5,6,7,0,1,1,1,1,1,1,1,1,1,1,0,0,0,0,0,0,0,0,1,0,0,0,0,1,0,1,1,0
40812336,2582.899977616721,2099,토레스,토레스,100,54903,1497,5,3,5,0,1,1,1,1,1,1,1,1,1,0,0,0,1,0,0,0,1,0,0,0,0,1,0,0,0,1,1,0
41343878,2985.7852847364197,4220,싼타페,싼타페 (MX5),56,8415,2497,5,2,0,1,1,1,1,1,1,1,1,1,1,1,0,0,0,0,0,0,1,0,0,0,0,1,0,0,0,1,1,0
40834932,2750.0422913352963,2045,아반떼,아반떼 (CN7),62,57835,1598,5,6,2,1,1,1,1,1,1,1,1,1,1,1,0,0,0,0,0,0,1,0,0,0,0,1,0,0,0,1,0,1
41593630,2878.424920259569,2190,트레일블레이저,트레일블레이저,104,57654,1341,5,4,0,0,1,1,1,1,1,1,1,1,1,0,0,0,0,1,0,0,1,0,0,0,0,1,0,0,0,1,1,0
41633805,3986.5064965537467,9999,K3,더 뉴 K3 2세대,10,61978,1598,5,5,2,0,0,0,0,0,0,0,0,0,0,0,1,0,0,0,0,0,1,0,0,0,0,0,0,1,0,1,0,1
41371303,2917.9076270847495,2650,그랜저,더 뉴 그랜저 IG 하이브리드,27,125870,2359,5,4,1,1,1,1,1,1,1,1,1,1,1,1,0,0,0,0,0,0,0,1,0,0,0,1,0,0,0,1,0,1
39602124,3015.4650086512584,3370,싼타페,더 뉴 싼타페,56,37564,2497,5,3,0,0,1,1,1,1,1,1,1,1,1,1,0,0,0,0,0,0,1,0,0,0,0,0,0,1,0,1,1,0
41262040,2670.6999624750915,3200,K5,더 뉴 K5 3세대,11,14481,1598,5,3,6,1,1,1,1,1,1,1,1,1,1,0,1,0,0,0,0,0,1,0,0,0,0,0,0,1,0,1,0,1
41658376,5313.932698356571,4400,GV80,GV80,9,89088,3470,5,6,2,0,1,1,1,1,1,1,1,1,1,0,0,1,0,0,0,0,1,0,0,0,0,1,0,0,0,1,1,0
41065297,3757.422508106974,3290,G80,G80 (RG3),5,98602,2497,5,5,0,1,1,1,1,1,1,1,1,1,1,0,0,1,0,0,0,0,1,0,0,0,0,1,0,0,0,1,0,1
41534002,2931.58161642511,3520,그랜저,더 뉴 그랜저 IG,27,38427,2497,5,4,0,1,1,1,1,1,1,1,1,1,1,1,0,0,0,0,0,0,1,0,0,0,0,1,0,0,0,1,0,1
41594792,5008.326934333097,4690,G90,G90,6,36431,3778,5,7,0,0,1,1,1,1,1,1,1,1,1,0,0,1,0,0,0,0,1,0,0,0,0,0,0,0,1,1,0,1
41102776,3498.6983665185985,4150,쏘렌토,더 뉴 쏘렌토 4세대,58,12670,1598,5,2,2,1,1,1,1,1,1,1,1,1,1,0,1,0,0,0,0,0,0,1,0,0,0,1,0,0,0,1,1,0
41620916,2917.9076270847495,2470,그랜저,더 뉴 그랜저 IG,27,17302,2497,5,6,2,0,1,1,1,1,1,1,1,0,1,1,0,0,0,0,0,0,1,0,0,0,0,0,1,0,0,1,0,1
40899945,2779.972995621478,2050,투싼,투싼 (NX4),101,107069,1998,5,5,1,0,0,1,1,1,1,1,1,1,1,1,0,0,0,0,0,0,0,0,1,0,0,1,0,0,0,1,1,0
41316257,2582.899977616721,2250,토레스,토레스,100,30108,1497,5,4,0,1,1,1,1,1,1,1,1,0,1,0,0,0,1,0,0,0,1,0,0,0,0,1,0,0,0,1,1,0
41650739,2832.235730062908,4649,그랜저,그랜저 하이브리드 (GN7),27,39590,1598,5,2,1,1,1,1,1,1,1,1,1,1,1,1,0,0,0,0,0,0,0,1,0,0,0,1,0,0,0,1,0,1
41474593,3565.3649600264525,2370,팰리세이드,팰리세이드,107,66747,3778,7,7,0,0,0,1,1,1,1,1,1,1,1,1,0,0,0,0,0,0,1,0,0,0,0,1,0,0,0,1,1,0
41609345,3614.405854880476,3050,팰리세이드,팰리세이드,107,121494,2199,8,4,1,0,1,1,1,1,1,1,1,1,1,1,0,0,0,0,0,0,0,0,1,0,0,1,0,0,0,1,1,0
41276813,3877.838318635213,1989,G80,G80,5,104639,3342,5,10,6,1,1,1,1,1,1,1,1,1,1,0,0,1,0,0,0,0,1,0,0,0,0,0,1,0,0,1,0,1
41498624,3847.011384330083,3500,G80,G80 (RG3),5,78057,2497,5,4,0,0,1,1,1,1,1,1,1,1,1,0,0,1,0,0,0,0,1,0,0,0,0,0,0,1,0,1,0,1
40854431,3835.924823652034,5590,G80,G80 (RG3),5,3593,2497,5,2,0,0,1,1,1,1,1,1,1,1,1,0,0,1,0,0,0,0,1,0,0,0,0,0,0,0,1,1,0,1
40642647,2564.8123299278163,2130,아반떼,아반떼 (CN7),62,45319,1598,5,3,1,0,1,1,1,1,1,1,1,1,1,1,0,0,0,0,0,0,1,0,0,0,0,0,0,1,0,1,0,1
41007494,3498.6983665185985,4091,쏘렌토,쏘렌토 4세대,58,36950,1598,6,4,0,1,1,1,1,1,1,1,1,1,1,0,1,0,0,0,0,0,0,1,0,0,0,1,0,0,0,1,1,0
41265583,3108.745207717931,2470,스포티지,스포티지 5세대,55,70801,1598,5,5,5,0,1,1,1,1,1,1,1,1,1,0,1,0,0,0,0,0,1,0,0,0,0,1,0,0,0,1,1,0
41572255,3565.3649600264525,3210,팰리세이드,팰리세이드,107,56185,2199,7,4,2,1,1,1,1,1,1,1,1,1,1,1,0,0,0,0,0,0,0,0,1,0,0,0,1,0,0,1,1,0
41207056,5398.2920940715185,3890,GV80,GV80,9,155420,2497,5,5,2,1,1,1,1,1,1,1,1,1,1,0,0,1,0,0,0,0,1,0,0,0,0,0,0,0,1,1,1,0
41305357,3413.9483665185985,2530,쏘렌토,쏘렌토 4세대,58,72006,2151,5,6,1,0,1,1,1,1,1,1,1,1,1,0,1,0,0,0,0,0,0,0,1,0,0,1,0,0,0,1,1,0
41636850,5398.2920940715185,5650,GV80,GV80,9,59129,2996,5,6,2,0,1,1,1,1,1,1,1,1,1,0,0,1,0,0,0,0,0,0,1,0,0,1,0,0,0,1,1,0
40995379,3361.430572946631,2599,카마로,올 뉴 카마로,87,66513,6162,4,9,7,1,1,1,1,1,1,1,1,1,1,0,0,0,0,1,0,0,1,0,0,0,0,0,0,0,1,1,0,1
41502396,2931.58161642511,2800,그랜저,더 뉴 그랜저 IG,27,65825,2497,5,5,4,1,1,1,1,1,1,1,1,1,1,1,0,0,0,0,0,0,1,0,0,0,0,1,0,0,0,1,0,1
41447433,3594.805689983869,2240,스타리아,스타리아,51,87294,2199,5,4,0,0,0,1,1,1,1,1,1,0,1,1,0,0,0,0,0,0,0,0,1,0,0,1,0,0,0,1,1,0
39777262,3073.8059832820063,2790,콜로라도,리얼 뉴 콜로라도,94,89940,3649,5,4,0,0,0,1,1,1,0,1,1,0,1,0,0,0,0,1,0,0,1,0,0,0,0,0,1,0,0,1,1,0
41434065,2739.750535430254,2950,렉스턴,올 뉴 렉스턴,35,98668,2157,7,5,2,0,1,1,1,1,1,1,1,1,1,0,0,0,1,0,0,0,0,0,1,0,0,0,1,0,0,1,1,0
41119635,2684.625840071605,2220,쏘나타,쏘나타 디 엣지(DN8),57,36609,1999,5,2,0,0,1,1,1,1,1,1,1,0,1,1,0,0,0,0,0,1,0,0,0,0,0,0,0,1,0,1,0,1
41396094,3550.2021461772415,3570,스타리아,스타리아,51,119893,2199,9,3,2,1,1,1,1,1,1,1,1,1,1,1,0,0,0,0,0,0,0,0,1,0,0,1,0,0,0,1,1,0
40934909,3622.6650569373537,4140,모하비,모하비 더 마스터,43,41728,2959,7,5,0,1,1,1,1,1,1,1,1,1,1,0,1,0,0,0,0,0,0,0,1,0,0,0,1,0,0,1,1,0
40800067,3555.8753163906044,4949,팰리세이드,더 뉴 팰리세이드,107,67501,2199,7,3,2,0,1,1,1,1,1,1,1,1,1,1,0,0,0,0,0,0,0,0,1,0,0,0,0,0,1,1,1,0
41280597,2949.416836726581,2330,스포티지,스포티지 5세대,55,56087,1598,5,4,2,0,0,0,0,0,0,0,0,0,0,0,1,0,0,0,0,0,1,0,0,0,0,1,0,0,0,1,1,0
41623100,3063.629778185483,3760,싼타페,싼타페 (MX5),56,29343,2497,5,2,0,0,1,1,1,1,1,1,1,1,1,1,0,0,0,0,0,0,1,0,0,0,0,1,0,0,0,1,1,0
41128918,5398.2920940715185,3899,GV80,GV80,9,155439,2996,5,6,6,1,1,1,1,1,1,1,1,1,1,0,0,1,0,0,0,0,0,0,1,0,0,1,0,0,0,1,1,0
41495963,4331.174374684793,5700,GV70,일렉트리파이드 GV70,8,54858,111,5,4,0,1,1,1,1,1,1,1,1,1,1,0,0,1,0,0,0,0,0,0,0,1,0,0,0,0,1,1,1,0
41572005,2836.490415435862,1710,캐스퍼,캐스퍼,88,38460,998,4,4,0,1,0,1,1,1,1,1,1,1,1,1,0,0,0,0,0,0,1,0,0,0,0,0,0,0,1,1,0,1
41599188,2602.03768400251,3080,쏘나타,쏘나타 디 엣지 하이브리드(DN8),57,64013,1999,5,2,0,0,1,1,1,1,1,1,1,1,1,1,0,0,0,0,0,0,0,1,0,0,0,1,0,0,0,1,0,1
40997550,3063.629778185483,4170,싼타페,싼타페 (MX5),56,19751,1598,5,3,0,0,1,1,1,1,1,1,1,1,1,1,0,0,0,0,0,0,0,1,0,0,0,1,0,0,0,1,1,0
39919873,3757.422508106974,4700,G80,G80 (RG3),5,52468,2497,5,4,5,1,1,1,1,1,1,1,1,1,1,0,0,1,0,0,0,0,1,0,0,0,0,1,0,0,0,1,0,1
41363312,2646.647497538391,2320,넥쏘,넥쏘,28,39136,0,5,3,4,1,1,1,1,1,1,1,1,1,1,1,0,0,0,0,0,0,0,0,0,0,1,0,0,0,1,1,1,0
41501677,2887.6126226256356,2990,그랜저,더 뉴 그랜저 IG,27,58781,2497,5,6,5,1,1,1,1,1,1,1,1,1,1,1,0,0,0,0,0,0,1,0,0,0,0,1,0,0,0,1,0,1
41624834,2602.03768400251,8888,쏘나타,쏘나타 (DN8),57,59172,1999,5,4,2,0,1,1,1,1,1,1,1,1,1,1,0,0,0,0,0,0,1,0,0,0,0,0,0,1,0,1,0,1
41025299,3555.8753163906044,3280,팰리세이드,팰리세이드,107,18848,2199,7,6,0,1,1,1,1,1,1,1,1,1,1,1,0,0,0,0,0,0,0,0,1,0,0,0,0,0,1,1,1,0
41596994,2792.2446070107953,2790,투싼,투싼 (NX4),101,61134,1598,5,4,0,0,1,1,1,1,1,1,1,1,1,1,0,0,0,0,0,0,1,0,0,0,0,0,1,0,0,1,1,0
41658274,2832.235730062908,9999,그랜저,더 뉴 그랜저 IG 하이브리드,27,36002,2359,5,4,0,0,1,1,1,1,1,1,1,1,1,1,0,0,0,0,0,0,0,1,0,0,0,0,1,0,0,1,0,1
41505896,2633.5129880066565,2400,스타렉스,더 뉴 그랜드 스타렉스,50,80971,2497,9,6,5,0,0,1,1,0,0,0,1,1,1,1,0,0,0,0,0,0,0,0,1,0,0,0,1,0,0,1,1,0
41501203,2777.2978813068744,2030,렉스턴,렉스턴 스포츠 칸,35,96782,2157,5,5,2,0,0,1,1,0,1,1,1,1,1,0,0,0,1,0,0,0,0,0,1,0,0,0,0,1,0,1,1,0
41561249,2832.235730062908,2800,그랜저,더 뉴 그랜저 IG,27,68668,2497,5,4,1,1,1,1,1,1,1,1,1,1,1,1,0,0,0,0,0,0,1,0,0,0,0,1,0,0,0,1,0,1
41597370,3555.8753163906044,2490,팰리세이드,팰리세이드,107,134598,2199,7,5,2,0,1,1,1,1,1,1,1,1,1,1,0,0,0,0,0,0,0,0,1,0,0,1,0,0,0,1,1,0
38792784,2827.737420259569,1770,니로,더 뉴 니로,29,91629,1580,5,7,5,0,0,1,1,1,1,1,1,0,1,0,1,0,0,0,0,0,0,1,0,0,0,1,0,0,0,1,1,0
41614379,3015.4650086512584,1759,싼타페,더 뉴 싼타페,56,167687,2151,5,6,6,0,1,1,1,1,1,1,1,1,1,1,0,0,0,0,0,0,0,0,1,0,0,0,0,1,0,1,1,0
41387062,2580.7207386685927,2620,아반떼,더 뉴 아반떼 (CN7),62,3402,1598,5,1,0,0,1,1,1,1,1,1,1,1,1,1,0,0,0,0,0,0,1,0,0,0,0,1,0,0,0,1,0,1
40918328,2931.58161642511,2580,그랜저,더 뉴 그랜저 IG,27,19028,2497,5,6,2,1,1,1,1,1,1,1,1,1,1,1,0,0,0,0,0,0,1,0,0,0,0,1,0,0,0,1,0,1
41171247,2582.899977616721,2250,토레스,토레스,100,46895,1497,5,4,0,1,1,1,1,1,1,1,1,1,1,0,0,0,1,0,0,0,1,0,0,0,0,0,0,0,1,1,1,0
41561121,3048.6479659774163,5700,스포티지,더 뉴 스포티지 5세대 하이브리드,55,6,1598,5,0,0,1,1,1,1,1,1,1,1,1,1,0,1,0,0,0,0,0,0,1,0,0,0,0,1,0,0,1,1,0
40917567,3555.8753163906044,5490,팰리세이드,팰리세이드,107,35133,2199,7,4,1,0,1,1,1,1,1,1,1,1,1,1,0,0,0,0,0,0,0,0,1,0,0,1,0,0,0,1,1,0
41494680,3828.3155031297233,3500,G80,G80 (RG3),5,76321,2497,5,6,1,0,1,1,1,1,1,1,1,1,1,0,0,1,0,0,0,0,1,0,0,0,0,0,0,1,0,1,0,1
41307397,3067.673489216629,2050,싼타페,싼타페 TM,56,92398,1995,5,8,0,1,1,1,1,1,1,1,1,1,1,1,0,0,0,0,0,0,0,0,1,0,0,0,0,1,0,1,1,0
41470517,2673.1365231294194,1980,트랙스,트랙스 크로스오버,103,14088,1199,5,2,6,1,1,1,1,1,1,0,1,1,1,0,0,0,0,1,0,0,1,0,0,0,0,0,1,0,0,1,1,0
41585789,2750.0422913352963,2100,아반떼,아반떼 (CN7),62,35112,1598,5,5,6,0,1,1,1,1,1,1,1,1,1,1,0,0,0,0,0,0,1,0,0,0,0,0,0,1,0,1,0,1
41546326,5025.51401270444,4260,G90,G90,6,108323,3778,4,6,0,0,1,1,1,1,1,1,1,1,1,0,0,1,0,0,0,0,1,0,0,0,0,0,1,0,0,1,0,1
41588288,5008.326934333097,2650,G90,G90,6,210339,5038,5,7,16,0,1,1,1,1,1,1,1,1,1,0,0,1,0,0,0,0,1,0,0,0,0,0,1,0,0,1,0,1
41487993,3438.6524381008708,2450,쏘렌토,쏘렌토 4세대,58,88039,2497,7,5,5,0,1,1,1,1,1,1,1,1,1,0,1,0,0,0,0,0,1,0,0,0,0,0,0,0,1,1,1,0
41458757,3148.97987241531,4650,마스터,마스터,38,28996,2299,5,6,0,0,0,1,1,0,0,0,0,0,1,0,0,0,0,0,1,0,0,0,1,0,0,0,0,1,0,0,1,0
40757452,2684.625840071605,1950,쏘나타,쏘나타 (DN8),57,48004,1999,5,5,2,0,1,1,1,1,1,1,1,0,1,1,0,0,0,0,0,0,1,0,0,0,0,0,1,0,0,1,0,1
40877209,2564.8123299278163,2940,아반떼,더 뉴 아반떼 하이브리드 (CN7),62,10300,1580,5,1,2,0,1,1,1,1,1,1,1,1,1,1,0,0,0,0,0,0,0,1,0,0,0,0,0,1,0,1,0,1
41542576,5313.932698356571,7000,GV80,GV80,9,711,2497,5,1,0,0,1,1,1,1,1,1,1,1,1,0,0,1,0,0,0,0,1,0,0,0,0,1,0,0,0,1,1,0
41185495,2945.1713070622,1990,말리부,더 뉴 말리부,40,32697,1998,5,7,0,1,1,1,1,1,1,1,1,1,1,0,0,0,0,1,0,0,1,0,0,0,0,0,1,0,0,1,0,1
41187436,3614.405854880476,2750,팰리세이드,팰리세이드,107,82643,2199,7,6,0,0,1,1,1,1,1,1,1,1,1,1,0,0,0,0,0,0,0,0,1,0,0,0,0,0,1,1,1,0
40432151,3321.9597448306204,2500,포니,포니투,108,178118,1499,5,38,0,0,0,0,0,0,0,0,0,0,1,1,0,0,0,0,0,0,1,0,0,0,0,0,0,0,1,0,0,1
40431780,2985.7852847364197,2130,싼타페,싼타페 TM,56,71848,1995,5,7,11,0,1,1,1,1,1,1,1,1,1,1,0,0,0,0,0,0,0,0,1,0,0,1,0,0,0,1,1,0
40954858,3565.3649600264525,3320,팰리세이드,더 뉴 팰리세이드,107,60622,2199,7,4,0,0,1,1,1,1,1,1,1,1,1,1,0,0,0,0,0,0,0,0,1,0,0,0,1,0,0,1,1,0
41567598,2917.9076270847495,2670,그랜저,더 뉴 그랜저 IG,27,43124,2497,5,5,0,0,1,1,1,1,1,1,1,1,1,1,0,0,0,0,0,0,1,0,0,0,0,0,1,0,0,1,0,1
40834826,3578.55046978521,3290,스타리아,스타리아,51,48694,1598,9,2,0,0,1,1,1,1,1,0,1,1,1,1,0,0,0,0,0,0,0,1,0,0,0,0,0,0,1,1,1,0
40703679,3048.0570517252213,2970,스팅어,스팅어 마이스터,53,95028,2497,5,4,10,1,1,1,1,1,1,1,1,1,1,0,1,0,0,0,0,0,1,0,0,0,0,0,0,0,1,1,0,1
41594413,3835.924823652034,4850,G80,G80 (RG3),5,47586,3470,5,4,0,1,1,1,1,1,1,1,1,1,1,0,0,1,0,0,0,0,1,0,0,0,0,1,0,0,0,1,0,1
41559088,3458.0058573363353,3355,스타리아,스타리아,51,36976,1598,11,2,0,0,0,1,1,1,1,1,1,0,1,1,0,0,0,0,0,0,0,1,0,0,0,0,0,0,1,1,1,0
41029943,2336.694042597241,2140,코란도,뷰티풀 코란도,92,32657,1497,5,4,1,0,1,1,1,1,1,1,1,1,1,0,0,0,1,0,0,0,1,0,0,0,0,0,0,1,0,1,1,0
41232409,3602.7134342567415,2890,팰리세이드,팰리세이드,107,95289,2199,7,5,6,0,0,1,1,1,1,1,1,1,1,1,0,0,0,0,0,0,0,0,1,0,0,0,0,1,0,1,1,0
41563898,5412.40951276323,5350,GV80,GV80,9,45744,3470,5,5,2,1,1,1,1,1,1,1,1,1,1,0,0,1,0,0,0,0,1,0,0,0,0,1,0,0,0,1,1,0
41457598,3614.405854880476,6320,팰리세이드,팰리세이드 (LX3),107,11579,2497,7,1,1,1,1,1,1,1,1,1,1,1,1,1,0,0,0,0,0,0,1,0,0,0,0,1,0,0,0,1,1,0
40953740,2792.2446070107953,2630,투싼,투싼 (NX4),101,17748,1998,5,3,2,0,0,1,1,1,1,1,1,1,1,1,0,0,0,0,0,0,0,0,1,0,0,0,0,1,0,1,1,0
41501790,2849.033733094886,3390,G70,더 뉴 G70,4,71388,1998,5,3,4,0,1,1,1,1,1,1,1,1,1,0,0,1,0,0,0,0,1,0,0,0,0,0,0,0,1,1,0,1
41170754,3137.8525868123897,3440,K8,K8 하이브리드,13,65339,1598,5,3,1,0,1,1,1,1,1,1,1,1,1,0,1,0,0,0,0,0,0,1,0,0,0,1,0,0,0,1,0,1
41432070,3148.97987241531,2590,마스터,마스터,38,40113,2299,3,8,4,0,0,1,1,0,0,0,0,0,0,0,0,0,0,0,1,0,0,0,1,0,0,1,0,0,0,0,1,0
41302950,3276.955066568482,4790,카니발,더 뉴 카니발 4세대,85,9625,2151,7,1,0,0,1,1,1,1,1,1,1,1,1,0,1,0,0,0,0,0,0,0,1,0,0,0,1,0,0,1,1,0
41653798,3828.3155031297233,3290,G80,G80 (RG3),5,102543,2497,5,5,0,0,1,1,1,1,1,1,1,1,1,0,0,1,0,0,0,0,1,0,0,0,0,0,1,0,0,1,0,1
41657014,3405.4249645598084,4650,아이오닉5,더 뉴 아이오닉5,66,54483,120,5,2,1,1,1,1,1,1,1,1,1,1,1,1,0,0,0,0,0,0,0,0,0,1,0,0,0,1,0,1,0,1
41111784,4425.863399075039,3770,GV70,GV70,8,60378,2497,5,5,0,1,1,1,1,1,1,1,1,1,1,0,0,1,0,0,0,0,1,0,0,0,0,0,0,0,1,1,1,0
41603268,3015.4650086512584,3480,싼타페,싼타페 (MX5),56,29737,1598,5,2,2,0,1,1,1,1,1,1,1,1,1,1,0,0,0,0,0,0,0,1,0,0,0,1,0,0,0,1,1,0
41368942,4952.810596887665,12590,G90,G90 (RS4),6,15918,3470,4,2,0,1,1,1,1,1,1,1,1,1,1,0,0,1,0,0,0,0,1,0,0,0,0,1,0,0,0,1,0,1
41466641,2758.425760042816,1720,렉스턴,G4 렉스턴,35,120142,2157,5,9,2,0,0,0,0,0,0,0,0,0,0,0,0,0,1,0,0,0,0,0,1,0,0,0,1,0,0,1,1,0
41292867,2927.2574681038277,1890,G70,G70,4,92994,1998,5,7,8,0,1,1,1,1,1,1,1,0,1,0,0,1,0,0,0,0,1,0,0,0,0,0,0,1,0,1,0,1
41443624,2739.750535430254,1850,렉스턴,G4 렉스턴,35,55800,2157,5,7,3,0,1,1,1,0,1,1,1,1,1,0,0,0,1,0,0,0,0,0,1,0,0,1,0,0,0,1,1,0
41156500,3462.654978735885,3950,쏘렌토,더 뉴 쏘렌토 4세대,58,15168,2497,5,2,0,0,1,1,1,1,1,1,1,1,1,0,1,0,0,0,0,0,1,0,0,0,0,0,0,1,0,1,1,0
41634126,4319.8735499108525,3560,GV60,GV60,7,95746,111,5,4,13,0,1,1,1,1,1,1,1,1,1,0,0,1,0,0,0,0,0,0,0,1,0,0,1,0,0,1,1,0
41512604,2564.8123299278163,2222,아반떼,더 뉴 아반떼 (CN7),62,40365,1598,5,3,1,1,1,1,1,1,1,1,1,1,1,1,0,0,0,0,0,0,1,0,0,0,0,1,0,0,0,1,0,1
41633993,3555.8753163906044,3590,팰리세이드,팰리세이드,107,60409,2199,7,5,3,1,1,1,1,1,1,1,1,1,1,1,0,0,0,0,0,0,0,0,1,0,0,0,0,1,0,1,1,0
39205025,2650.525522053633,1870,스타렉스,더 뉴 그랜드 스타렉스,50,58398,2359,12,6,7,0,0,1,1,0,0,0,1,0,1,1,0,0,0,0,0,1,0,0,0,0,0,0,0,0,1,1,1,0
41357812,2750.0422913352963,2390,아반떼,아반떼 (CN7),62,41355,1998,5,4,0,1,1,1,1,1,1,1,1,1,1,1,0,0,0,0,0,0,1,0,0,0,0,0,0,0,1,0,0,1
40976957,5412.40951276323,5950,GV80,GV80,9,76228,2996,6,5,0,1,1,1,1,1,1,1,1,1,1,0,0,1,0,0,0,0,0,0,1,0,0,1,0,0,0,1,1,0
41381073,3073.8059832820063,3090,콜로라도,리얼 뉴 콜로라도,94,28866,3649,5,5,0,0,0,1,1,1,0,1,1,0,1,0,0,0,0,1,0,0,1,0,0,0,0,0,1,0,0,1,1,0
41129354,3326.4508146315256,2599,카니발,카니발 4세대,85,130181,3470,7,6,1,0,1,1,1,1,1,1,1,1,1,0,1,0,0,0,0,0,1,0,0,0,0,1,0,0,0,1,1,0
41651665,3067.673489216629,2550,싼타페,싼타페 TM,56,36317,1998,7,6,5,0,1,1,1,1,1,1,1,1,1,1,0,0,0,0,0,0,1,0,0,0,0,1,0,0,0,1,1,0
41482903,5025.51401270444,5150,G90,G90 (RS4),6,131156,3470,5,4,0,0,1,1,1,1,1,1,1,1,1,0,0,1,0,0,0,0,1,0,0,0,0,0,0,1,0,1,0,1
40973115,2566.566644283388,2150,토레스,토레스,100,88564,1497,5,4,2,1,1,1,1,1,1,1,1,1,1,0,0,0,1,0,0,0,1,0,0,0,0,1,0,0,0,1,1,0
41389758,2832.235730062908,3260,그랜저,그랜저 (GN7),27,29397,3470,5,4,2,0,1,1,1,1,1,1,1,1,1,1,0,0,0,0,0,0,1,0,0,0,0,0,1,0,0,1,0,1
41165019,2602.03768400251,2759,쏘나타,쏘나타 (DN8),57,18325,1598,5,4,0,0,1,1,1,1,1,1,1,1,1,1,0,0,0,0,0,0,1,0,0,0,0,1,0,0,0,1,0,1
41551836,4477.328734051914,2220,GV70,GV70,8,18700,2497,5,4,2,0,1,1,1,1,1,1,1,1,1,0,0,1,0,0,0,0,1,0,0,0,0,1,0,0,0,1,1,0
41313634,4331.174374684793,9999,GV70,GV70,8,26902,2497,5,5,0,0,1,1,1,1,1,1,1,1,1,0,0,1,0,0,0,0,1,0,0,0,0,0,1,0,0,1,1,0
41510356,2917.9076270847495,3450,그랜저,그랜저 (GN7),27,26114,3470,5,3,0,0,1,1,1,1,1,1,1,1,1,1,0,0,0,0,0,0,1,0,0,0,0,0,1,0,0,1,0,1
41578318,2832.235730062908,2830,그랜저,더 뉴 그랜저 IG,27,24739,2497,5,6,0,0,1,1,1,1,1,1,1,1,1,1,0,0,0,0,0,0,1,0,0,0,0,0,1,0,0,1,0,1
41640344,3828.3155031297233,4199,G80,G80 (RG3),5,62428,2497,5,4,5,0,1,1,1,1,1,1,1,1,1,0,0,1,0,0,0,0,1,0,0,0,0,1,0,0,0,1,0,1
41538905,3757.422508106974,8888,G80,G80 (RG3),5,59179,2497,5,3,5,0,1,1,1,1,1,1,1,1,1,0,0,1,0,0,0,0,1,0,0,0,0,1,0,0,0,1,0,1
41558590,3835.924823652034,3860,G80,G80 (RG3),5,100407,3470,5,4,2,0,1,1,1,1,1,1,1,1,1,0,0,1,0,0,0,0,1,0,0,0,0,0,0,1,0,1,0,1
41502310,3123.453248276873,3750,트래버스,트래버스,102,43981,3564,7,4,0,1,1,1,1,1,1,1,1,1,1,0,0,0,0,1,0,0,1,0,0,0,0,1,0,0,0,1,1,0
41494272,3565.3649600264525,2620,팰리세이드,팰리세이드,107,60694,3778,7,7,1,1,1,1,1,1,1,1,1,1,1,1,0,0,0,0,0,0,1,0,0,0,0,0,0,1,0,1,1,0
41486816,3123.453248276873,3990,트래버스,트래버스,102,7183,3564,7,3,0,0,1,1,1,1,1,1,1,1,1,0,0,0,0,1,0,0,1,0,0,0,0,1,0,0,0,1,1,0
41473185,4425.863399075039,4820,GV70,GV70,8,11213,2497,5,2,4,1,1,1,1,1,1,1,1,1,1,0,0,1,0,0,0,0,1,0,0,0,0,1,0,0,0,1,1,0
41187955,4331.174374684793,5130,GV70,GV70,8,6937,2497,5,4,0,1,1,1,1,1,1,1,1,1,1,0,0,1,0,0,0,0,1,0,0,0,0,1,0,0,0,1,1,0
41284342,4425.863399075039,8888,GV70,GV70,8,51524,2497,5,5,0,0,1,1,1,1,1,1,1,1,1,0,0,1,0,0,0,0,1,0,0,0,0,0,0,0,1,1,1,0
41263483,2949.416836726581,2899,스포티지,스포티지 5세대 하이브리드,55,37037,1598,5,5,2,0,1,1,1,1,1,1,1,1,1,0,1,0,0,0,0,0,0,1,0,0,0,0,1,0,0,1,1,0
41600088,5313.932698356571,3799,GV80,GV80,9,115710,2996,5,4,2,0,1,1,1,1,1,1,1,1,1,0,0,1,0,0,0,0,0,0,1,0,0,0,1,0,0,1,1,0
41425621,2498.7756802517033,1799,K7,올 뉴 K7,12,46550,2359,5,7,1,0,1,1,1,1,1,1,1,1,1,0,1,0,0,0,0,0,1,0,0,0,0,0,0,1,0,1,0,1
41453743,4477.328734051914,4890,GV70,일렉트리파이드 GV70,8,136539,111,5,4,1,0,1,1,1,1,1,1,1,1,1,0,0,1,0,0,0,0,0,0,0,1,0,1,0,0,0,1,1,0
41129469,5313.932698356571,4799,GV80,GV80,9,51923,2996,7,6,15,0,1,1,1,1,1,1,1,1,1,0,0,1,0,0,0,0,0,0,1,0,0,1,0,0,0,1,1,0
41535918,2739.750535430254,2299,렉스턴,올 뉴 렉스턴,35,138005,2157,5,6,2,0,1,1,1,1,1,1,1,1,1,0,0,0,1,0,0,0,0,0,1,0,0,0,0,1,0,1,1,0
41244620,3223.7858673429773,2850,카니발,카니발 4세대,85,54850,2151,9,6,5,1,1,1,1,1,1,1,1,1,1,0,1,0,0,0,0,0,0,0,1,0,0,0,0,1,0,1,1,0
41516883,3413.9483665185985,3830,쏘렌토,쏘렌토 4세대,58,42380,1598,5,3,0,0,1,1,1,1,1,1,1,1,1,0,1,0,0,0,0,0,0,1,0,0,0,0,0,1,0,1,1,0
41602297,2582.899977616721,2850,토레스,더 뉴 토레스,100,14065,1497,5,2,0,0,1,1,1,1,1,1,1,1,1,0,0,0,1,0,0,0,1,0,0,0,0,1,0,0,0,1,1,0
40621358,2359.4807967724723,1769,EQ900,EQ900,0,169595,3778,5,9,9,0,1,1,1,1,1,1,1,1,1,0,0,1,0,0,0,0,1,0,0,0,0,0,1,0,0,1,0,1
41483831,3266.59261814898,1750,카니발,더 뉴 카니발,85,131424,2199,9,8,3,0,1,1,1,1,1,1,1,1,1,0,1,0,0,0,0,0,0,0,1,0,0,1,0,0,0,1,1,0
41464942,5130.415213793392,2890,G90,G90,6,170602,3778,5,7,0,0,1,1,1,1,1,1,1,1,1,0,0,1,0,0,0,0,1,0,0,0,0,0,0,0,1,1,0,1
41637793,3321.9597448306204,6811,아이오닉9,아이오닉9,68,16678,0,6,1,2,1,1,1,1,1,1,1,1,1,1,1,0,0,0,0,0,0,0,0,0,1,0,1,0,0,0,1,1,0
39595660,3757.422508106974,3450,G80,G80 (RG3),5,73748,2497,5,5,5,0,1,1,1,1,1,1,1,1,1,0,0,1,0,0,0,0,1,0,0,0,0,0,0,0,1,1,0,1
41612734,3828.3155031297233,2999,G80,G80 (RG3),5,144853,2497,5,6,2,0,1,1,1,1,1,1,1,1,1,0,0,1,0,0,0,0,1,0,0,0,0,0,1,0,0,1,0,1
41304514,3357.3272340652456,3190,아이오닉5,아이오닉5,66,73296,111,5,4,1,0,1,1,1,1,1,1,1,1,1,1,0,0,0,0,0,0,0,0,0,1,0,1,0,0,0,1,0,1
41040334,4952.810596887665,3230,G90,G90,6,147345,3778,4,7,7,1,1,1,1,1,1,1,1,1,1,0,0,1,0,0,0,0,1,0,0,0,0,0,1,0,0,1,0,1
41107444,3611.071044237849,4050,팰리세이드,더 뉴 팰리세이드,107,39163,2199,7,4,0,0,1,1,1,1,1,1,1,1,1,1,0,0,0,0,0,0,0,0,1,0,0,1,0,0,0,1,1,0
40017484,2883.686388250694,1750,G70,G70,4,125888,3342,5,9,7,1,1,1,1,1,1,1,1,1,1,0,0,1,0,0,0,0,1,0,0,0,0,0,0,0,1,1,0,1
41321630,3482.230586207206,2999,스타리아,스타리아,51,40163,2199,9,4,0,0,0,1,1,1,1,1,1,1,1,1,0,0,0,0,0,0,0,0,1,0,0,0,0,1,0,1,1,0
41646747,3482.230586207206,3250,스타리아,스타리아,51,13399,2199,11,3,2,1,1,1,1,1,1,1,1,0,1,1,0,0,0,0,0,0,0,0,1,0,0,0,0,1,0,1,1,0
41593981,3828.3155031297233,6450,G80,G80 (RG3),5,24140,2497,5,1,0,0,1,1,1,1,1,1,1,1,1,0,0,1,0,0,0,0,1,0,0,0,0,1,0,0,0,1,0,1
41513295,3413.9483665185985,4450,쏘렌토,더 뉴 쏘렌토 4세대,58,39704,1598,6,2,0,1,1,1,1,1,1,1,1,1,1,0,1,0,0,0,0,0,0,1,0,0,0,1,0,0,0,1,1,0
41119886,2833.7809220036456,3850,G70,더 뉴 G70,4,44646,1998,5,3,0,0,1,1,1,1,1,1,1,1,1,0,0,1,0,0,0,0,1,0,0,0,0,1,0,0,0,1,0,1
41495756,5373.873808791013,4970,GV80,GV80,9,110324,2996,5,4,16,0,1,1,1,1,1,1,1,1,1,0,0,1,0,0,0,0,0,0,1,0,0,0,1,0,0,1,1,0
41308046,3225.5911934046176,3240,EV6,EV6,3,80561,111,5,5,1,1,1,1,1,1,1,1,1,1,1,0,1,0,0,0,0,0,0,0,0,1,0,0,0,0,1,1,0,1
41114021,2798.9683874777133,2480,G70,G70,4,71677,1998,5,9,3,1,1,1,1,1,1,1,1,1,1,0,0,1,0,0,0,0,1,0,0,0,0,1,0,0,0,1,0,1
41505691,3550.2021461772415,2500,스타리아,스타리아,51,63897,3470,11,4,1,0,0,1,1,1,1,1,1,0,1,1,0,0,0,0,0,1,0,0,0,0,0,0,0,1,0,1,1,0
41169234,2684.625840071605,2390,쏘나타,쏘나타 (DN8),57,28743,1598,5,5,1,0,1,1,1,1,1,1,1,1,1,1,0,0,0,0,0,0,1,0,0,0,0,1,0,0,0,1,0,1
41021370,2985.7852847364197,4100,싼타페,싼타페 (MX5),56,31922,1598,7,3,3,1,1,1,1,1,1,1,1,1,1,1,0,0,0,0,0,0,0,1,0,0,0,0,0,1,0,1,1,0
41512033,2580.7207386685927,2690,아반떼,아반떼 (CN7),62,97963,1998,5,4,0,1,1,1,1,1,1,1,1,1,1,1,0,0,0,0,0,0,1,0,0,0,0,0,0,0,1,1,0,1
41552363,2992.986581610207,2550,K9,더 K9,14,67704,3778,5,7,10,0,1,1,1,1,1,1,1,1,1,0,1,0,0,0,0,0,1,0,0,0,0,0,1,0,0,1,0,1
41499057,2878.424920259569,1830,트레일블레이저,트레일블레이저,104,73062,1341,5,6,0,1,1,1,1,1,1,0,1,1,1,0,0,0,0,1,0,0,1,0,0,0,0,0,0,0,1,1,1,0
41288061,4394.3925768413965,4740,GV70,GV70,8,19496,3470,5,4,4,1,1,1,1,1,1,1,1,1,1,0,0,1,0,0,0,0,1,0,0,0,0,0,0,1,0,1,1,0
41372211,4952.810596887665,5450,G90,G90 (RS4),6,215903,3470,4,4,6,1,1,1,1,1,1,1,1,1,1,0,0,1,0,0,0,0,1,0,0,0,0,0,1,0,0,1,0,1
41007522,4425.863399075039,4329,GV70,GV70,8,7311,2497,5,3,3,0,1,1,1,1,1,1,1,1,1,0,0,1,0,0,0,0,1,0,0,0,0,0,0,0,1,1,1,0
41384944,3379.27987241531,1720,레이,더 뉴 기아 레이,34,42094,998,5,2,0,0,0,1,1,1,1,1,1,1,1,0,1,0,0,0,0,0,1,0,0,0,0,0,0,0,1,1,0,1
41653997,2917.9076270847495,1799,그랜저,더 뉴 그랜저 IG,27,85896,2497,5,6,14,0,1,1,1,1,1,1,1,1,1,1,0,0,0,0,0,0,1,0,0,0,0,0,1,0,0,1,0,1
41389916,3482.230586207206,4270,스타리아,스타리아,51,19046,2199,5,2,2,0,1,1,1,1,1,1,1,1,1,1,0,0,0,0,0,0,0,0,1,0,0,1,0,0,0,1,1,0
41462431,3757.422508106974,5720,G80,G80 (RG3),5,15910,2497,5,3,0,1,1,1,1,1,1,1,1,1,1,0,0,1,0,0,0,0,1,0,0,0,0,0,1,0,0,1,0,1
40903446,2651.085997141483,2250,렉스턴,더 뉴 렉스턴 스포츠,35,73991,2157,5,3,0,0,1,1,1,0,1,1,1,0,1,0,0,0,1,0,0,0,0,0,1,0,0,0,0,1,0,1,1,0
41554508,5313.932698356571,5990,GV80,GV80,9,15396,3470,6,4,0,0,1,1,1,1,1,1,1,1,1,0,0,1,0,0,0,0,1,0,0,0,0,0,1,0,0,1,1,0
41551238,2722.967088332962,2420,K5,K5 3세대,11,68143,1598,5,4,6,1,1,1,1,1,1,1,1,1,1,0,1,0,0,0,0,0,1,0,0,0,0,0,1,0,0,1,0,1
41562252,2779.972995621478,9999,투싼,더 뉴 투싼 (NX4),101,8474,1598,5,1,0,1,1,1,1,1,1,1,1,1,1,1,0,0,0,0,0,0,1,0,0,0,0,1,0,0,0,1,1,0
41215540,3709.4577210734715,2899,모하비,모하비 더 마스터,43,157214,2959,5,4,0,0,1,1,1,1,1,1,1,1,1,0,1,0,0,0,0,0,0,0,1,0,0,0,0,1,0,1,1,0
41219027,3614.405854880476,3170,팰리세이드,팰리세이드,107,70983,2199,7,7,4,0,1,1,1,1,1,1,1,1,1,1,0,0,0,0,0,0,0,0,1,0,0,1,0,0,0,1,1,0
41633433,2832.235730062908,2090,그랜저,더 뉴 그랜저 IG,27,79023,2999,5,4,9,0,1,1,1,1,1,1,1,1,1,1,0,0,0,0,0,1,0,0,0,0,0,1,0,0,0,1,0,1
41572938,3847.011384330083,4599,G80,G80 (RG3),5,48779,3470,5,4,1,1,1,1,1,1,1,1,1,1,1,0,0,1,0,0,0,0,1,0,0,0,0,0,1,0,0,1,0,1
40648335,2725.7156813909605,2670,쏘나타,쏘나타 디 엣지(DN8),57,16929,1598,5,3,0,0,1,1,1,1,1,1,1,1,1,1,0,0,0,0,0,0,1,0,0,0,0,1,0,0,0,1,0,1
41431886,5406.43473495045,5150,GV80,GV80,9,67309,3470,7,5,2,1,1,1,1,1,1,1,1,1,1,0,0,1,0,0,0,0,1,0,0,0,0,0,0,0,1,1,1,0
41645689,3063.629778185483,4250,싼타페,싼타페 (MX5),56,42524,1598,6,2,3,1,1,1,1,1,1,1,1,1,1,1,0,0,0,0,0,0,0,1,0,0,0,0,0,1,0,1,1,0
41467999,3877.838318635213,7777,G80,G80 (RG3),5,104097,2497,5,5,6,1,1,1,1,1,1,1,1,1,1,0,0,1,0,0,0,0,1,0,0,0,0,0,0,0,1,1,0,1
40952031,2931.58161642511,2980,그랜저,더 뉴 그랜저 IG,27,23667,3342,5,5,0,1,1,1,1,1,1,1,1,1,1,1,0,0,0,0,0,0,1,0,0,0,0,0,1,0,0,1,0,1
41480132,2739.750535430254,2450,렉스턴,올 뉴 렉스턴,35,122930,2157,5,5,11,0,1,1,1,1,1,1,1,1,1,0,0,0,1,0,0,0,0,0,1,0,0,0,0,1,0,1,1,0
41609490,2878.424920259569,2440,트레일블레이저,더 뉴 트레일블레이저,104,18569,1341,5,3,0,0,1,1,1,1,1,0,1,1,1,0,0,0,0,1,0,0,1,0,0,0,0,0,0,1,0,1,1,0
41449149,3550.2021461772415,3099,스타리아,스타리아,51,37063,2199,11,3,2,0,0,1,1,1,1,1,1,0,1,1,0,0,0,0,0,0,0,0,1,0,0,0,0,1,0,1,1,0
41552457,2871.0199908868076,1880,그랜저,그랜저 IG,27,14397,2359,5,8,3,1,0,1,1,1,1,1,1,1,1,1,0,0,0,0,0,0,1,0,0,0,0,0,1,0,0,1,0,1
41564152,3063.629778185483,4190,싼타페,싼타페 (MX5),56,12437,1598,6,2,0,1,1,1,1,1,1,1,1,1,1,1,0,0,0,0,0,0,0,1,0,0,0,1,0,0,0,1,1,0
41314967,2580.7207386685927,1959,아반떼,아반떼 (CN7),62,35616,1598,5,4,2,0,1,1,1,1,1,1,1,1,1,1,0,0,0,0,0,0,1,0,0,0,0,1,0,0,0,1,0,1
41270426,2527.4499088680786,2010,XM3,XM3,23,47733,1598,5,3,2,0,1,1,1,1,1,1,1,0,1,0,0,0,0,0,1,0,0,1,0,0,0,1,0,0,0,1,1,0
41423664,3064.8773919172713,2540,스포티지,스포티지 5세대 하이브리드,55,76918,1598,5,4,8,0,1,1,1,1,1,1,1,1,1,0,1,0,0,0,0,0,0,1,0,0,0,1,0,0,0,1,1,0
41101637,3565.3649600264525,9999,팰리세이드,팰리세이드,107,95016,3778,7,6,0,0,1,1,1,1,1,1,1,1,1,1,0,0,0,0,0,0,1,0,0,0,0,1,0,0,0,1,1,0
40894041,3611.071044237849,2980,팰리세이드,팰리세이드,107,98151,2199,7,4,2,0,1,1,1,1,1,1,1,1,1,1,0,0,0,0,0,0,0,0,1,0,0,0,1,0,0,1,1,0
41641820,2750.981798850805,2350,투싼,투싼 (NX4),101,98597,1598,5,6,3,0,1,1,1,1,1,1,1,1,1,1,0,0,0,0,0,0,1,0,0,0,0,1,0,0,0,1,1,0
41570031,5373.873808791013,7390,GV80,GV80,9,19263,3470,5,2,0,0,1,1,1,1,1,1,1,1,1,0,0,1,0,0,0,0,1,0,0,0,0,1,0,0,0,1,1,0
39941226,4425.863399075039,4550,GV70,GV70,8,37975,2497,5,3,1,1,1,1,1,1,1,1,1,1,1,0,0,1,0,0,0,0,1,0,0,0,0,1,0,0,0,1,1,0
41653068,2985.7852847364197,1860,싼타페,싼타페 더 프라임,56,53103,1995,7,10,0,1,0,1,1,1,1,1,1,0,1,1,0,0,0,0,0,0,0,0,1,0,0,1,0,0,0,1,1,0
41613292,3063.629778185483,2050,싼타페,싼타페 TM,56,79233,1995,5,8,3,0,1,1,1,1,1,1,1,1,1,1,0,0,0,0,0,0,0,0,1,0,0,0,1,0,0,1,1,0
41323811,2883.686388250694,3799,G70,더 뉴 G70,4,46288,3342,5,5,1,1,1,1,1,1,1,1,1,1,1,0,0,1,0,0,0,0,1,0,0,0,0,0,0,0,1,1,0,1
41565988,2609.95163614849,1950,니로,디 올 뉴 니로,29,131549,1580,5,3,0,0,1,1,1,1,1,1,1,1,1,0,1,0,0,0,0,0,0,1,0,0,0,1,0,0,0,1,1,0
41372817,2582.899977616721,2750,토레스,더 뉴 토레스,100,3734,1497,5,2,0,0,1,1,1,1,1,1,1,1,1,0,0,0,1,0,0,0,1,0,0,0,0,0,1,0,0,1,1,0
41350277,2580.1965669204437,1790,QM6,더 뉴 QM6,17,70000,1998,5,7,2,0,0,0,0,0,0,0,0,0,0,0,0,0,0,0,1,1,0,0,0,0,0,1,0,0,0,1,1,0
41126574,2576.09014604522,2790,스타렉스,더 뉴 그랜드 스타렉스,50,51883,2497,5,7,7,0,0,1,1,0,0,0,1,1,1,1,0,0,0,0,0,0,0,0,1,0,0,1,0,0,0,1,1,0
40768668,4839.699076110866,2799,G90,G90,6,177678,3778,5,6,1,0,1,1,1,1,1,1,1,1,1,0,0,1,0,0,0,0,1,0,0,0,0,0,1,0,0,1,0,1
41145639,3847.011384330083,2970,G80,G80 (RG3),5,116893,2497,5,6,1,0,1,1,1,1,1,1,1,1,1,0,0,1,0,0,0,0,1,0,0,0,0,0,1,0,0,1,0,1
41587058,3562.6635203775545,3920,콜레오스,그랑 콜레오스,93,10739,1499,5,1,0,0,1,1,1,1,1,1,1,1,1,0,0,0,0,0,1,0,0,1,0,0,0,1,0,0,0,1,1,0
41286304,2651.085997141483,3390,렉스턴,올 뉴 렉스턴,35,29482,2157,5,4,0,0,1,1,1,1,1,1,1,1,1,0,0,0,1,0,0,0,0,0,1,0,0,0,1,0,0,1,1,0
41619243,3555.8753163906044,3380,팰리세이드,더 뉴 팰리세이드,107,19124,3778,7,3,1,0,1,1,1,1,1,1,1,1,1,1,0,0,0,0,0,0,1,0,0,0,0,0,0,1,0,1,1,0
40644317,2429.895177340624,2250,EQ900,EQ900,0,122306,3778,5,10,14,0,1,1,1,1,1,1,1,1,1,0,0,1,0,0,0,0,1,0,0,0,0,0,1,0,0,1,0,1
41529765,2871.0199908868076,3090,그랜저,그랜저 (GN7),27,59313,3470,5,3,2,0,1,1,1,1,1,1,1,1,1,1,0,0,0,0,0,0,1,0,0,0,0,0,1,0,0,1,0,1
41228980,3035.4436488311057,2710,스포티지,스포티지 5세대 하이브리드,55,50003,1598,5,5,14,0,1,1,1,1,1,1,1,1,1,0,1,0,0,0,0,0,0,1,0,0,0,0,0,1,0,1,1,0
41155826,3602.7134342567415,3590,팰리세이드,팰리세이드,107,34667,2199,7,6,1,1,1,1,1,1,1,1,1,1,1,1,0,0,0,0,0,0,0,0,1,0,0,0,0,0,1,1,1,0
40521858,3835.924823652034,1900,G80,G80,5,97095,3342,5,8,2,0,1,1,1,1,1,1,1,1,1,0,0,1,0,0,0,0,1,0,0,0,0,0,0,1,0,1,0,1
41391600,3118.8378870397623,1850,코나,더 뉴 코나,91,23087,1598,5,6,5,0,0,1,1,1,1,1,1,0,1,1,0,0,0,0,0,0,1,0,0,0,0,0,0,1,0,1,1,0
41621929,3003.6999328501633,3290,콜로라도,리얼 뉴 콜로라도,94,12065,3649,5,4,0,0,0,0,1,1,0,1,1,0,1,0,0,0,0,1,0,0,1,0,0,0,0,0,0,0,1,1,1,0
41332484,2757.4742128087482,2895,트레일블레이저,트레일블레이저,104,15775,1341,5,4,0,0,1,1,1,1,1,1,1,1,1,0,0,0,0,1,0,0,1,0,0,0,0,1,0,0,0,1,1,0
40873046,2730.0779228526476,2040,QM6,더 뉴 QM6,17,47397,1998,5,4,0,0,1,1,1,1,1,0,1,1,1,0,0,0,0,0,1,1,0,0,0,0,0,0,0,1,0,1,1,0
41445304,2832.235730062908,1870,그랜저,더 뉴 그랜저 IG,27,127835,2497,5,6,3,0,1,1,1,1,1,1,1,1,1,1,0,0,0,0,0,0,1,0,0,0,0,0,0,0,1,1,0,1
41519909,2871.0199908868076,2899,그랜저,더 뉴 그랜저 IG 하이브리드,27,64830,2359,5,6,9,0,1,1,1,1,1,1,1,1,1,1,0,0,0,0,0,0,0,1,0,0,0,1,0,0,0,1,0,1
41567631,3481.2136636754276,1750,아이오닉5,아이오닉5,66,257273,111,5,4,0,0,1,1,1,1,1,1,1,1,1,1,0,0,0,0,0,0,0,0,0,1,0,0,0,1,0,1,0,1
41501882,2632.4269067199116,2649,아반떼,아반떼 (CN7),62,34690,1998,5,4,1,1,1,1,1,1,1,1,1,1,1,1,0,0,0,0,0,0,1,0,0,0,0,0,0,1,0,1,0,1
41386687,2832.235730062908,2590,그랜저,더 뉴 그랜저 IG,27,77803,2497,5,5,2,1,1,1,1,1,1,1,1,1,1,1,0,0,0,0,0,0,1,0,0,0,0,1,0,0,0,1,0,1
41496435,2832.235730062908,2999,그랜저,그랜저 (GN7),27,75110,2497,5,3,0,1,1,1,1,1,1,1,1,1,1,1,0,0,0,0,0,0,1,0,0,0,0,1,0,0,0,1,0,1
41217904,2758.425760042816,1750,렉스턴,렉스턴 스포츠 칸,35,92311,2157,5,7,0,1,1,1,1,1,1,0,1,1,1,0,0,0,1,0,0,0,0,0,1,0,0,1,0,0,0,1,1,0
41009576,2713.4540195717054,1790,K5,K5 3세대,11,71338,1598,5,6,8,0,1,1,1,1,1,1,1,1,1,0,1,0,0,0,0,0,1,0,0,0,0,0,1,0,0,1,0,1
41587922,3015.4650086512584,3050,싼타페,더 뉴 싼타페,56,35109,1598,5,3,0,0,1,1,1,1,1,1,1,1,1,1,0,0,0,0,0,0,0,1,0,0,0,0,0,1,0,1,1,0
41437545,3498.6983665185985,3499,쏘렌토,쏘렌토 4세대,58,28911,1598,5,4,0,0,1,1,1,1,1,1,1,1,1,0,1,0,0,0,0,0,0,1,0,0,0,1,0,0,0,1,1,0
41510298,3757.422508106974,2790,G80,G80 (RG3),5,180321,3470,5,6,10,1,1,1,1,1,1,1,1,1,1,0,0,1,0,0,0,0,1,0,0,0,0,0,0,1,0,1,0,1
41188057,3413.9483665185985,4590,쏘렌토,더 뉴 쏘렌토 4세대,58,12653,1598,5,3,0,1,1,1,1,1,1,1,1,1,1,0,1,0,0,0,0,0,0,1,0,0,0,1,0,0,0,1,1,0
41410258,3565.3649600264525,3190,팰리세이드,팰리세이드,107,114977,2199,7,4,0,0,1,1,1,1,1,1,1,1,1,1,0,0,0,0,0,0,0,0,1,0,0,1,0,0,0,1,1,0
41429823,3847.011384330083,3490,G80,G80 (RG3),5,82277,2497,5,5,1,0,1,1,1,1,1,1,1,1,1,0,0,1,0,0,0,0,1,0,0,0,0,0,0,1,0,1,0,1
41562470,4477.328734051914,4200,GV70,GV70,8,46119,2497,5,4,1,0,1,1,1,1,1,1,1,1,1,0,0,1,0,0,0,0,1,0,0,0,0,1,0,0,0,1,1,0
41005312,2615.360723815946,2390,토레스,토레스,100,50681,1497,5,3,0,1,1,1,1,1,1,1,1,1,1,0,0,0,1,0,0,0,1,0,0,0,0,1,0,0,0,1,1,0
40870176,3462.654978735885,2590,쏘렌토,쏘렌토 4세대,58,65429,2497,5,5,8,0,1,1,1,1,1,1,1,1,1,0,1,0,0,0,0,0,1,0,0,0,0,0,1,0,0,1,1,0
39352895,2777.2978813068744,1979,렉스턴,더 뉴 렉스턴 스포츠 칸,35,80818,2157,5,5,2,0,1,1,1,1,1,1,1,1,1,0,0,0,1,0,0,0,0,0,1,0,0,0,0,0,1,1,1,0
41376109,3118.8378870397623,1799,코나,더 뉴 코나,91,24526,1598,5,6,3,0,0,1,1,1,1,1,1,0,1,1,0,0,0,0,0,0,1,0,0,0,0,0,0,1,0,1,1,0
41590810,2651.085997141483,3450,렉스턴,올 뉴 렉스턴,35,30683,2157,5,3,0,0,1,1,1,1,1,1,1,1,1,0,0,0,1,0,0,0,0,0,1,0,0,0,1,0,0,1,1,0
39410385,2758.425760042816,3450,렉스턴,더 뉴 렉스턴 스포츠,35,44135,2157,5,3,0,0,1,1,1,1,1,1,1,1,1,0,0,0,1,0,0,0,0,0,1,0,0,0,0,0,1,1,1,0
41242008,2670.6999624750915,2150,K5,K5 하이브리드 3세대,11,94776,1999,5,5,2,1,1,1,1,1,1,1,1,1,1,0,1,0,0,0,0,0,0,1,0,0,0,1,0,0,0,1,0,1
41453387,2883.686388250694,3499,G70,더 뉴 G70,4,29216,3342,5,4,11,1,1,1,1,1,1,1,1,1,1,0,0,1,0,0,0,0,1,0,0,0,0,0,0,1,0,1,0,1
41419735,2725.7156813909605,2890,쏘나타,쏘나타 디 엣지 하이브리드(DN8),57,66972,1999,5,3,1,0,1,1,1,1,1,1,1,1,1,1,0,0,0,0,0,0,0,1,0,0,0,0,0,1,0,1,0,1
41384612,2456.7150741910973,2440,K7,K7 프리미어,12,63676,2999,5,6,4,1,1,1,1,1,1,1,1,1,1,0,1,0,0,0,0,0,1,0,0,0,0,0,0,1,0,1,0,1
41450903,4363.6224840519135,4340,GV70,GV70,8,38934,2497,5,5,0,0,1,1,1,1,1,1,1,1,1,0,0,1,0,0,0,0,1,0,0,0,0,1,0,0,0,1,1,0
41265295,2777.2978813068744,1830,렉스턴,렉스턴 스포츠,35,65098,2157,5,7,1,0,0,1,1,1,1,1,1,0,1,0,0,0,1,0,0,0,0,0,1,0,0,1,0,0,0,1,1,0
41459442,3224.829199147787,3290,카니발,카니발 4세대,85,48145,2151,7,5,1,0,1,1,1,1,1,1,1,1,1,0,1,0,0,0,0,0,0,0,1,0,0,0,1,0,0,1,1,0
41546218,3835.924823652034,8155,G80,G80 (RG3),5,8455,2497,5,1,2,1,1,1,1,1,1,1,1,1,1,0,0,1,0,0,0,0,1,0,0,0,0,0,1,0,0,1,0,1
41147031,2779.972995621478,2740,투싼,투싼 (NX4),101,60587,1598,5,5,1,1,1,1,1,1,1,1,1,1,1,1,0,0,0,0,0,0,1,0,0,0,0,0,0,1,0,1,1,0
41346973,4952.810596887665,4290,G90,G90,6,82525,3778,5,5,3,0,1,1,1,1,1,1,1,1,1,0,0,1,0,0,0,0,1,0,0,0,0,0,0,1,0,1,0,1
40940076,3063.629778185483,3850,싼타페,싼타페 (MX5),56,44988,1598,5,3,0,1,1,1,1,1,1,1,1,1,1,1,0,0,0,0,0,0,0,1,0,0,0,1,0,0,0,1,1,0
40770067,3086.853182440802,2150,싼타페,더 뉴 싼타페,56,107525,2151,5,5,4,0,1,1,1,1,1,1,1,1,1,1,0,0,0,0,0,0,0,0,1,0,0,0,0,1,0,1,1,0
41433832,2798.9683874777133,2350,G70,G70,4,86299,1998,5,6,4,1,1,1,1,1,1,1,1,1,1,0,0,1,0,0,0,0,1,0,0,0,0,1,0,0,0,1,0,1
41286160,3397.2398298870803,2030,SM6,더 뉴 SM6,20,19549,1332,5,3,1,0,1,1,1,1,1,1,1,1,1,0,0,0,0,0,1,0,1,0,0,0,0,0,0,1,0,1,0,1
41638096,2887.6126226256356,1970,그랜저,그랜저 IG,27,17604,2359,5,7,0,0,0,1,1,1,1,1,1,1,1,1,0,0,0,0,0,0,1,0,0,0,0,0,0,1,0,1,0,1
41275421,5412.40951276323,8888,GV80,GV80,9,74706,2497,5,4,1,0,1,1,1,1,1,1,1,1,1,0,0,1,0,0,0,0,1,0,0,0,0,1,0,0,0,1,1,0
41494765,5412.40951276323,6590,GV80,GV80,9,15021,3470,5,2,0,0,1,1,1,1,1,1,1,1,1,0,0,1,0,0,0,0,1,0,0,0,0,1,0,0,0,1,1,0
41568661,2652.43527743991,3250,아반떼,더 뉴 아반떼 (CN7),62,2890,1998,5,1,0,0,1,1,1,1,1,1,1,0,1,1,0,0,0,0,0,0,1,0,0,0,0,0,0,0,1,1,0,1
41550880,3293.2719489661245,2930,K8,K8 하이브리드,13,36251,1598,5,3,5,0,1,1,1,1,1,1,1,1,1,0,1,0,0,0,0,0,0,1,0,0,0,0,1,0,0,1,0,1
40834135,2632.4269067199116,2350,아반떼,더 뉴 아반떼 (CN7),62,33061,1598,5,3,0,0,1,1,1,1,1,1,1,1,1,1,0,0,0,0,0,0,1,0,0,0,0,0,0,1,0,1,0,1
41196802,3015.4650086512584,3339,싼타페,싼타페 (MX5),56,50746,2497,7,3,0,1,1,1,1,1,1,1,1,1,1,1,0,0,0,0,0,0,1,0,0,0,0,1,0,0,0,1,1,0
41611990,2931.58161642511,2530,그랜저,더 뉴 그랜저 IG,27,78626,2497,5,4,0,0,1,1,1,1,1,1,1,1,1,1,0,0,0,0,0,0,1,0,0,0,0,0,0,1,0,1,0,1
41302504,2849.033733094886,2390,G70,더 뉴 G70,4,162726,1998,5,6,10,0,1,1,1,1,1,1,1,1,1,0,0,1,0,0,0,0,1,0,0,0,0,0,1,0,0,1,0,1
39750554,3757.422508106974,2990,G80,G80 (RG3),5,134061,2497,5,5,1,0,1,1,1,1,1,1,1,1,1,0,0,1,0,0,0,0,1,0,0,0,0,0,1,0,0,1,0,1
40933500,3482.230586207206,3288,스타리아,스타리아,51,5611,2199,3,1,0,0,0,1,1,1,1,1,1,0,1,1,0,0,0,0,0,0,0,0,1,0,0,0,1,0,0,1,1,0
41009054,3123.453248276873,2610,트래버스,트래버스,102,39083,3564,7,6,5,1,1,1,1,1,1,1,1,1,1,0,0,0,0,1,0,0,1,0,0,0,0,0,1,0,0,1,1,0
41504288,3757.422508106974,3249,G80,G80 (RG3),5,83564,2497,5,6,13,0,1,1,1,1,1,1,1,1,1,0,0,1,0,0,0,0,1,0,0,0,0,0,1,0,0,1,0,1
41612789,3458.0058573363353,9990,스타리아,스타리아,51,55816,2199,9,4,2,0,0,0,0,0,0,0,0,0,0,1,0,0,0,0,0,0,0,0,1,0,0,1,0,0,0,1,1,0
41387946,5373.873808791013,6850,GV80,GV80 쿠페,9,26191,2497,5,2,5,0,1,1,1,1,1,1,1,1,1,0,0,1,0,0,0,0,1,0,0,0,0,1,0,0,0,1,1,0
41295730,2814.4095035579858,2660,투싼,투싼 (NX4),101,63642,1598,5,5,2,0,1,1,1,1,1,1,1,1,1,1,0,0,0,0,0,0,1,0,0,0,0,0,1,0,0,1,1,0
41513063,2501.257721073471,2150,스타렉스,더 뉴 그랜드 스타렉스,50,53934,2497,12,6,1,0,0,1,1,0,0,1,1,0,1,1,0,0,0,0,0,0,0,0,1,0,0,0,0,1,0,1,1,0
41637874,3293.2719489661245,2410,K8,K8 하이브리드,13,81883,1598,5,4,3,0,1,1,1,1,1,1,1,1,1,0,1,0,0,0,0,0,0,1,0,0,0,1,0,0,0,1,0,1
41386268,2917.9076270847495,1770,그랜저,더 뉴 그랜저 IG,27,69543,2497,5,6,15,0,1,1,1,1,1,1,1,0,1,1,0,0,0,0,0,0,1,0,0,0,0,0,1,0,0,1,0,1
41060371,5130.415213793392,3099,G90,G90,6,154823,3778,5,6,0,0,1,1,1,1,1,1,1,1,1,0,0,1,0,0,0,0,1,0,0,0,0,0,0,1,0,1,0,1
41462006,3276.955066568482,3120,카니발,카니발 4세대,85,39109,3470,9,5,0,0,1,1,1,1,1,1,1,1,1,0,1,0,0,0,0,0,1,0,0,0,0,0,1,0,0,1,1,0
41592540,2977.9930594535554,3250,코나,코나 하이브리드 (SX2),91,63947,1580,5,3,0,0,1,1,1,1,1,1,1,1,1,1,0,0,0,0,0,0,0,1,0,0,0,1,0,0,0,1,1,0
41240824,2777.2978813068744,2080,렉스턴,렉스턴 스포츠 칸,35,53875,2157,5,6,2,0,1,1,1,1,1,1,1,1,1,0,0,0,1,0,0,0,0,0,1,0,0,0,0,1,0,1,1,0
40857780,2739.750535430254,2750,렉스턴,올 뉴 렉스턴,35,51170,2157,5,5,0,1,1,1,1,1,1,1,1,1,1,0,0,0,1,0,0,0,0,0,1,0,0,1,0,0,0,1,1,0
41265706,3483.906496553747,2230,아르카나,아르카나,61,16402,1332,5,2,0,0,1,1,1,1,1,1,1,1,1,0,0,0,0,0,1,0,1,0,0,0,0,1,0,0,0,1,1,0
41653871,4363.6224840519135,3680,GV70,GV70,8,85788,2151,5,5,0,0,1,1,1,1,1,1,1,1,1,0,0,1,0,0,0,0,0,0,1,0,0,0,1,0,0,1,1,0
41020234,2985.7852847364197,3330,싼타페,싼타페 (MX5),56,30298,2497,7,2,4,0,1,1,1,1,1,1,1,1,1,1,0,0,0,0,0,0,1,0,0,0,0,1,0,0,0,1,1,0
41497063,3341.52987241531,3220,아이오닉6,아이오닉6,67,74969,111,5,3,6,0,1,1,1,1,1,1,1,1,1,1,0,0,0,0,0,0,0,0,0,1,0,1,0,0,0,1,0,1
41025900,2513.119275862335,2380,토레스,토레스,100,24900,1497,5,4,0,0,1,1,1,1,1,1,1,1,1,0,0,0,1,0,0,0,1,0,0,0,0,1,0,0,0,1,1,0
41542973,3074.571948966124,8888,K8,K8 하이브리드,13,55225,1598,5,5,7,0,1,1,1,1,1,1,1,1,1,0,1,0,0,0,0,0,0,1,0,0,0,1,0,0,0,1,0,1
39751177,4363.6224840519135,6120,GV70,GV70,8,6790,2497,5,2,0,0,1,1,1,1,1,1,1,1,1,0,0,1,0,0,0,0,1,0,0,0,0,1,0,0,0,1,1,0
41592685,3555.8753163906044,2450,팰리세이드,팰리세이드,107,127604,2199,7,7,4,1,1,1,1,1,1,1,1,1,1,1,0,0,0,0,0,0,0,0,1,0,0,0,1,0,0,1,1,0
41606726,3555.8753163906044,2699,팰리세이드,팰리세이드,107,151102,2199,7,4,5,0,1,1,1,1,1,1,1,1,1,1,0,0,0,0,0,0,0,0,1,0,0,1,0,0,0,1,1,0
40835078,5025.51401270444,3290,G90,G90,6,114343,3778,5,7,0,0,1,1,1,1,1,1,1,1,1,0,0,1,0,0,0,0,1,0,0,0,0,0,1,0,0,1,0,1
41487465,3611.071044237849,3320,팰리세이드,팰리세이드,107,81071,2199,7,6,2,1,1,1,1,1,1,1,1,1,1,1,0,0,0,0,0,0,0,0,1,0,0,0,0,0,1,1,1,0
41604939,4363.6224840519135,5990,GV70,일렉트리파이드 GV70,8,54392,111,5,4,3,0,1,1,1,1,1,1,1,1,1,0,0,1,0,0,0,0,0,0,0,1,0,1,0,0,0,1,1,0
41554852,3357.3272340652456,3570,아이오닉5,아이오닉5,66,78142,111,5,4,1,0,1,1,1,1,1,1,1,1,1,1,0,0,0,0,0,0,0,0,0,1,0,1,0,0,0,1,0,1
39999901,2650.525522053633,5950,스타렉스,더 뉴 그랜드 스타렉스,50,16162,2497,3,5,2,0,0,1,1,0,0,0,1,1,1,1,0,0,0,0,0,0,0,0,1,0,0,1,0,0,0,1,1,0
41585401,3611.071044237849,4740,팰리세이드,더 뉴 팰리세이드,107,51845,2199,7,3,0,1,1,1,1,1,1,1,1,1,1,1,0,0,0,0,0,0,0,0,1,0,0,0,1,0,0,1,1,0
41525401,3847.011384330083,3990,G80,G80 (RG3),5,20046,2497,5,5,2,0,1,1,1,1,1,1,1,1,1,0,0,1,0,0,0,0,1,0,0,0,0,0,0,1,0,1,0,1
41241955,3266.59261814898,2250,카니발,카니발 4세대,85,122904,2151,9,5,5,0,1,1,1,1,1,1,1,1,1,0,1,0,0,0,0,0,0,0,1,0,0,0,1,0,0,1,1,0
41459923,2631.6880923441727,2490,QM6,더 뉴 QM6,17,29723,1998,5,2,0,0,1,1,1,1,1,1,1,1,1,0,0,0,0,0,1,1,0,0,0,0,0,0,0,1,0,1,1,0
41495836,2871.0199908868076,3399,그랜저,그랜저 (GN7),27,50200,2497,5,3,2,0,1,1,1,1,1,1,1,1,1,1,0,0,0,0,0,0,1,0,0,0,0,1,0,0,0,1,0,1
41468959,2766.3800913523883,2360,렉스턴,올 뉴 렉스턴,35,91836,2157,5,6,8,0,1,1,1,1,1,1,1,1,1,0,0,0,1,0,0,0,0,0,1,0,0,0,1,0,0,1,1,0
41656578,3847.011384330083,3799,G80,G80 (RG3),5,88661,2497,5,5,0,0,1,1,1,1,1,1,1,1,1,0,0,1,0,0,0,0,1,0,0,0,0,0,0,1,0,1,0,1
40983478,3847.011384330083,1970,G80,G80,5,89771,3342,5,9,5,0,1,1,1,1,1,1,1,1,1,0,0,1,0,0,0,0,1,0,0,0,0,0,0,0,1,1,0,1
41365450,3063.629778185483,3830,싼타페,싼타페 (MX5),56,14413,2497,7,3,0,1,1,1,1,1,1,1,1,1,1,1,0,0,0,0,0,0,1,0,0,0,0,0,1,0,0,1,1,0
41485479,3611.071044237849,2290,팰리세이드,팰리세이드,107,156644,3778,7,7,9,1,1,1,1,1,1,1,1,1,1,1,0,0,0,0,0,0,1,0,0,0,0,0,0,0,1,1,1,0
41658404,2455.2697081001443,2119,코란도,뷰티풀 코란도,92,31136,1497,5,5,4,0,1,1,1,1,1,1,1,1,1,0,0,0,1,0,0,0,1,0,0,0,0,1,0,0,0,1,1,0
41535776,2917.9076270847495,2130,그랜저,그랜저 IG,27,52553,2999,5,8,2,0,0,0,0,0,0,0,0,0,0,1,0,0,0,0,0,1,0,0,0,0,0,0,1,0,0,1,0,1
40816610,2739.750535430254,2480,렉스턴,더 뉴 렉스턴 스포츠 칸,35,38669,2157,5,4,1,0,1,1,1,1,1,1,1,1,1,0,0,0,1,0,0,0,0,0,1,0,0,0,0,0,1,1,1,0
40853315,2497.8624202595693,2500,셀토스,셀토스,49,57368,1591,5,4,0,0,1,1,1,1,1,1,1,1,1,0,1,0,0,0,0,0,1,0,0,0,0,0,0,1,0,1,1,0
41342242,3318.5373405191376,2260,티볼리,더 뉴 티볼리,105,3592,1497,5,2,0,0,0,1,1,1,1,1,1,1,1,0,0,0,1,0,0,0,1,0,0,0,0,1,0,0,0,1,1,0
41512348,4425.863399075039,4850,GV70,GV70,8,9218,2497,5,1,4,1,1,1,1,1,1,1,1,1,1,0,0,1,0,0,0,0,1,0,0,0,0,1,0,0,0,1,1,0
41528563,3223.7858673429773,2350,카니발,카니발 4세대,85,157922,2151,9,5,5,0,1,1,1,1,1,1,1,1,1,0,1,0,0,0,0,0,0,0,1,0,0,0,1,0,0,1,1,0
41513352,2814.4095035579858,3090,투싼,투싼 (NX4),101,17027,1598,5,3,1,0,1,1,1,1,1,1,1,1,1,1,0,0,0,0,0,0,1,0,0,0,0,0,0,1,0,1,1,0
40745490,5406.43473495045,4500,GV80,GV80,9,73227,2497,5,5,2,1,1,1,1,1,1,1,1,1,1,0,0,1,0,0,0,0,1,0,0,0,0,1,0,0,0,1,1,0
41451045,3555.8753163906044,3430,팰리세이드,팰리세이드,107,88170,2199,7,4,2,1,1,1,1,1,1,1,1,1,1,1,0,0,0,0,0,0,0,0,1,0,0,0,1,0,0,1,1,0
41068039,3555.8753163906044,2590,팰리세이드,팰리세이드,107,116584,2199,7,6,0,1,1,1,1,1,1,1,1,1,1,1,0,0,0,0,0,0,0,0,1,0,0,0,0,0,1,1,1,0
41369753,3086.853182440802,1930,싼타페,싼타페 TM,56,103708,1995,5,8,3,0,1,1,1,1,1,1,1,1,1,1,0,0,0,0,0,0,0,0,1,0,0,0,0,1,0,1,1,0
41547881,3757.422508106974,3790,G80,G80 (RG3),5,19218,2497,5,6,2,0,1,1,1,1,1,1,1,1,1,0,0,1,0,0,0,0,1,0,0,0,0,0,0,1,0,1,0,1
41385044,3086.853182440802,3270,싼타페,더 뉴 싼타페,56,44863,2151,7,5,4,1,1,1,1,1,1,1,1,1,1,1,0,0,0,0,0,0,0,0,1,0,0,1,0,0,0,1,1,0
41227288,2349.283280173046,2199,EQ900,EQ900,0,151089,3778,5,8,0,0,1,1,1,1,1,1,1,1,1,0,0,1,0,0,0,0,1,0,0,0,0,0,1,0,0,1,0,1
41206572,2833.7809220036456,2050,G70,G70,4,89885,3342,5,9,6,1,1,1,1,1,1,1,1,1,1,0,0,1,0,0,0,0,1,0,0,0,0,0,0,0,1,1,0,1
41241155,5406.43473495045,4960,GV80,GV80,9,49242,2497,5,4,2,0,1,1,1,1,1,1,1,1,1,0,0,1,0,0,0,0,1,0,0,0,0,0,0,0,1,1,1,0
40903906,3094.472649948673,2990,트래버스,트래버스,102,39192,3564,7,5,0,1,1,1,1,1,1,1,1,1,1,0,0,0,0,1,0,0,1,0,0,0,0,0,1,0,0,1,1,0
39524124,3877.838318635213,1850,G80,G80,5,161138,3342,5,8,2,0,1,1,1,1,1,1,1,1,1,0,0,1,0,0,0,0,1,0,0,0,0,0,0,0,1,1,0,1
41615043,2684.625840071605,2390,쏘나타,쏘나타 (DN8),57,46764,1999,5,7,1,1,1,1,1,1,1,1,1,1,1,1,0,0,0,0,0,0,1,0,0,0,0,1,0,0,0,1,0,1
41614071,5313.932698356571,3690,GV80,GV80,9,100693,3470,5,5,5,0,1,1,1,1,1,1,1,1,1,0,0,1,0,0,0,0,1,0,0,0,0,1,0,0,0,1,1,0
41344322,3828.3155031297233,1910,G80,G80,5,73616,3342,5,10,0,0,1,1,1,1,1,1,1,1,1,0,0,1,0,0,0,0,1,0,0,0,0,0,0,1,0,1,0,1
41657064,2468.942796388243,2030,코란도,뷰티풀 코란도,92,21500,1497,5,4,1,1,1,1,1,1,1,1,1,1,1,0,0,0,1,0,0,0,1,0,0,0,0,1,0,0,0,1,1,0
41246282,2931.58161642511,2100,그랜저,더 뉴 그랜저 IG,27,52758,2497,5,6,13,0,1,1,1,1,1,1,1,1,1,1,0,0,0,0,0,0,1,0,0,0,0,0,1,0,0,1,0,1
41613796,3015.4650086512584,2200,싼타페,더 뉴 싼타페,56,9357,1598,5,3,23,0,1,1,1,1,1,1,1,1,1,1,0,0,0,0,0,0,0,1,0,0,0,0,0,1,0,1,1,0
41509993,3611.071044237849,2690,팰리세이드,팰리세이드,107,178199,2199,7,5,0,0,1,1,1,1,1,1,1,1,1,1,0,0,0,0,0,0,0,0,1,0,0,1,0,0,0,1,1,0
41615462,2883.686388250694,2010,G70,G70,4,128775,1998,5,7,6,0,1,1,1,1,1,1,1,1,1,0,0,1,0,0,0,0,1,0,0,0,0,0,1,0,0,1,0,1
41372991,3357.3272340652456,5299,아이오닉5,더 뉴 아이오닉5,66,15138,120,5,1,0,1,1,1,1,1,1,1,1,1,1,1,0,0,0,0,0,0,0,0,0,1,0,1,0,0,0,1,0,1
39540381,5398.2920940715185,5490,GV80,GV80,9,73462,3470,7,6,0,1,1,1,1,1,1,1,1,1,1,0,0,1,0,0,0,0,1,0,0,0,0,1,0,0,0,1,1,0
40919055,3224.829199147787,2450,카니발,카니발 4세대,85,112705,2151,9,3,0,0,1,1,1,1,1,1,1,1,1,0,1,0,0,0,0,0,0,0,1,0,0,0,1,0,0,1,1,0
41382331,2985.7852847364197,3799,싼타페,싼타페 (MX5),56,42591,1598,5,3,0,0,1,1,1,1,1,1,1,1,1,1,0,0,0,0,0,0,0,1,0,0,0,1,0,0,0,1,1,0
40916802,3413.9483665185985,2899,쏘렌토,쏘렌토 4세대,58,74342,2151,5,6,0,1,1,1,1,1,1,1,1,1,1,0,1,0,0,0,0,0,0,0,1,0,0,0,1,0,0,1,1,0
41553191,2931.58161642511,3290,그랜저,그랜저 (GN7),27,31242,2497,5,3,0,0,1,1,1,1,1,1,1,1,1,1,0,0,0,0,0,0,1,0,0,0,0,1,0,0,0,1,0,1
41557481,3049.779222355386,3200,트래버스,트래버스,102,87490,3564,7,4,2,1,1,1,1,1,1,1,1,1,1,0,0,0,0,1,0,0,1,0,0,0,0,0,1,0,0,1,1,0
41650632,4839.699076110866,7950,G90,G90 (RS4),6,71921,3470,5,3,0,0,1,1,1,1,1,1,1,1,1,0,0,1,0,0,0,0,1,0,0,0,0,0,1,0,0,1,0,1
41311371,2651.085997141483,1790,렉스턴,렉스턴 스포츠,35,84450,2157,5,8,0,1,1,1,1,1,1,1,1,1,1,0,0,0,1,0,0,0,0,0,1,0,0,0,1,0,0,1,1,0
39190944,2745.0972283326,2250,트랙스,트랙스 크로스오버,103,22754,1199,5,3,0,0,1,1,1,1,1,0,1,1,1,0,0,0,0,1,0,0,1,0,0,0,0,1,0,0,0,1,1,0
41567685,4331.174374684793,3980,GV70,GV70,8,40014,2497,5,4,3,1,1,1,1,1,1,1,1,1,1,0,0,1,0,0,0,0,1,0,0,0,0,1,0,0,0,1,1,0
41458775,3063.629778185483,3380,싼타페,더 뉴 싼타페,56,89133,1598,5,4,0,1,1,1,1,1,1,1,1,1,1,1,0,0,0,0,0,0,0,1,0,0,0,1,0,0,0,1,1,0
41227808,2713.4540195717054,2930,K5,K5 3세대,11,33913,1598,5,3,0,1,1,1,1,1,1,1,1,1,1,0,1,0,0,0,0,0,1,0,0,0,0,1,0,0,0,1,0,1
41640308,2564.8123299278163,2090,아반떼,더 뉴 아반떼 (CN7),62,40023,1598,5,2,15,0,1,1,1,1,1,1,1,1,1,1,0,0,0,0,0,0,1,0,0,0,0,0,0,1,0,1,0,1
41088518,2670.6999624750915,2190,K5,K5 3세대,11,89488,1598,5,6,4,1,1,1,1,1,1,1,1,1,1,0,1,0,0,0,0,0,1,0,0,0,0,0,0,1,0,1,0,1
41606272,2781.644302683678,2450,볼트,뉴 볼트 EV,48,30324,188,5,4,0,0,1,1,1,1,1,0,1,0,1,0,0,0,0,1,0,0,0,0,0,1,0,1,0,0,0,1,0,1
41328955,2871.0199908868076,2550,그랜저,더 뉴 그랜저 IG,27,79767,2497,5,5,0,0,1,1,1,1,1,1,1,1,1,1,0,0,0,0,0,0,1,0,0,0,0,0,0,1,0,1,0,1
41200835,2609.1958662919633,1920,스타렉스,더 뉴 그랜드 스타렉스,50,110184,2497,9,8,4,0,0,1,1,1,0,1,1,1,1,1,0,0,0,0,0,0,0,0,1,0,0,0,0,1,0,1,1,0
41368536,2985.7852847364197,3200,싼타페,더 뉴 싼타페,56,52005,1598,5,3,17,1,1,1,1,1,1,1,1,1,1,1,0,0,0,0,0,0,0,1,0,0,0,1,0,0,0,1,1,0
41199418,3602.7134342567415,2750,팰리세이드,팰리세이드,107,80827,3778,7,6,0,1,1,1,1,1,1,1,1,1,1,1,0,0,0,0,0,0,1,0,0,0,0,0,0,0,1,1,1,0
41411479,3183.022820690089,3989,아이오닉5,아이오닉5,66,39595,111,5,2,2,1,1,1,1,1,1,1,1,1,1,1,0,0,0,0,0,0,0,0,0,1,0,0,0,1,0,1,0,1
41453059,5373.873808791013,4490,GV80,GV80,9,68321,2497,5,5,2,0,1,1,1,1,1,1,1,1,1,0,0,1,0,0,0,0,1,0,0,0,0,0,1,0,0,1,1,0
41374693,2814.4095035579858,3090,투싼,더 뉴 투싼 (NX4),101,3932,1598,5,2,0,0,1,1,1,1,1,1,1,1,1,1,0,0,0,0,0,0,1,0,0,0,0,1,0,0,0,1,1,0
41588516,3847.011384330083,3190,G80,G80 (RG3),5,128553,2497,5,6,2,0,1,1,1,1,1,1,1,1,1,0,0,1,0,0,0,0,1,0,0,0,0,0,1,0,0,1,0,1
41004373,3067.673489216629,4750,싼타페,싼타페 (MX5),56,14729,1598,6,2,0,1,1,1,1,1,1,1,1,1,1,1,0,0,0,0,0,0,0,1,0,0,0,1,0,0,0,1,1,0
41533371,2429.895177340624,1920,EQ900,EQ900,0,188507,3778,5,8,1,0,1,1,1,1,1,1,1,1,1,0,0,1,0,0,0,0,1,0,0,0,0,0,1,0,0,1,0,1
40868445,2602.03768400251,1899,쏘나타,쏘나타 (DN8),57,88272,1999,5,7,1,1,1,1,1,1,1,1,1,1,1,1,0,0,0,0,0,0,1,0,0,0,0,0,0,1,0,1,0,1
41045033,2739.750535430254,1750,렉스턴,렉스턴 스포츠 칸,35,93469,2157,5,7,1,0,1,1,1,1,1,1,1,1,1,0,0,0,1,0,0,0,0,0,1,0,0,0,0,1,0,1,1,0
41549562,2887.6126226256356,4590,그랜저,그랜저 하이브리드 (GN7),27,17061,1598,5,3,0,1,1,1,1,1,1,1,1,1,1,1,0,0,0,0,0,0,0,1,0,0,0,1,0,0,0,1,0,1
41095936,5130.415213793392,4750,G90,G90,6,51601,3342,5,5,2,1,1,1,1,1,1,1,1,1,1,0,0,1,0,0,0,0,1,0,0,0,0,0,1,0,0,1,0,1
40986258,3847.011384330083,3330,G80,G80 (RG3),5,85006,2497,5,6,1,0,1,1,1,1,1,1,1,1,1,0,0,1,0,0,0,0,1,0,0,0,0,1,0,0,0,1,0,1
41626552,2349.283280173046,3190,EQ900,EQ900,0,49572,3778,5,8,0,0,1,1,1,1,1,1,1,1,1,0,0,1,0,0,0,0,1,0,0,0,0,0,1,0,0,1,0,1
41542817,2880.4234793785527,7777,캐스퍼,캐스퍼,88,24824,998,4,2,5,1,0,1,1,1,1,1,1,1,1,1,0,0,0,0,0,0,1,0,0,0,0,1,0,0,0,1,0,1
41498616,3482.230586207206,3170,스타리아,스타리아,51,51539,2199,11,3,0,0,0,1,1,1,1,1,1,1,1,1,0,0,0,0,0,0,0,0,1,0,0,0,0,1,0,1,1,0
41560744,3458.0058573363353,2890,스타리아,스타리아,51,43997,3470,5,2,1,0,1,1,1,1,1,1,1,1,1,1,0,0,0,0,0,1,0,0,0,0,0,0,0,0,1,1,1,0
41402212,3015.4650086512584,3900,싼타페,더 뉴 싼타페,56,72916,1598,7,4,1,1,1,1,1,1,1,1,1,1,1,1,0,0,0,0,0,0,0,1,0,0,0,1,0,0,0,1,1,0
41424037,3550.2021461772415,3170,스타리아,스타리아,51,18887,2199,3,1,0,0,1,1,1,1,1,1,1,0,1,1,0,0,0,0,0,0,0,0,1,0,0,1,0,0,0,1,1,0
41559376,2805.684771160794,2860,니로,디 올 뉴 니로,29,27589,1580,5,4,0,0,1,1,1,1,1,1,1,1,1,0,1,0,0,0,0,0,0,1,0,0,0,1,0,0,0,1,1,0
40359171,3757.422508106974,3580,G80,G80 (RG3),5,89986,2497,5,5,2,0,1,1,1,1,1,1,1,1,1,0,0,1,0,0,0,0,1,0,0,0,0,0,1,0,0,1,0,1
41479138,2832.235730062908,9999,그랜저,더 뉴 그랜저 IG 하이브리드,27,159159,2359,5,4,0,0,1,1,1,1,1,1,1,1,1,1,0,0,0,0,0,0,0,1,0,0,0,0,1,0,0,1,0,1
41392725,3828.3155031297233,2674,G80,G80 (RG3),5,77961,3470,5,4,2,0,1,1,1,1,1,1,1,1,1,0,0,1,0,0,0,0,1,0,0,0,0,0,1,0,0,1,0,1
41575392,3108.745207717931,3190,스포티지,스포티지 5세대,55,11586,1598,5,2,3,0,1,1,1,1,1,1,1,1,1,0,1,0,0,0,0,0,1,0,0,0,0,0,0,1,0,1,1,0
41558627,4092.6855320218715,9999,K3,올 뉴 K3,10,101295,1598,5,7,1,0,0,1,1,1,1,1,1,1,1,0,1,0,0,0,0,0,1,0,0,0,0,0,0,0,1,1,0,1
41649283,2887.6126226256356,3750,그랜저,그랜저 하이브리드 (GN7),27,19278,1598,5,3,0,0,1,1,1,1,1,1,1,1,1,1,0,0,0,0,0,0,0,1,0,0,0,1,0,0,0,1,0,1
41039809,3877.838318635213,3480,G80,G80 (RG3),5,92729,3470,5,4,0,0,1,1,1,1,1,1,1,1,1,0,0,1,0,0,0,0,1,0,0,0,0,0,0,1,0,1,0,1
41475795,3555.8753163906044,2390,팰리세이드,팰리세이드,107,142753,2199,7,7,1,0,1,1,1,1,1,1,1,1,1,1,0,0,0,0,0,0,0,0,1,0,0,0,1,0,0,1,1,0
40981837,2883.686388250694,2190,G70,G70,4,106196,1998,5,8,4,1,1,1,1,1,1,1,1,1,1,0,0,1,0,0,0,0,1,0,0,0,0,1,0,0,0,1,0,1
41505820,3854.2569605933,4550,쏠라티,쏠라티,60,79675,2497,15,5,0,0,0,1,1,0,0,0,1,0,1,1,0,0,0,0,0,0,0,0,1,0,0,0,1,0,0,1,1,0
41279717,2792.2446070107953,2850,투싼,투싼 (NX4),101,57395,1598,5,4,2,0,1,1,1,1,1,1,1,1,1,1,0,0,0,0,0,0,1,0,0,0,0,0,0,1,0,1,1,0
41516588,2542.268670259569,1990,셀토스,셀토스,49,41000,1591,5,7,2,0,0,0,0,0,0,0,0,0,0,0,1,0,0,0,0,0,1,0,0,0,0,1,0,0,0,1,1,0
41652567,3877.838318635213,4940,G80,G80 (RG3),5,27414,3470,5,5,0,1,1,1,1,1,1,1,1,1,1,0,0,1,0,0,0,0,1,0,0,0,0,0,1,0,0,1,0,1
40525785,3614.405854880476,2880,팰리세이드,팰리세이드,107,56618,3778,7,6,0,1,1,1,1,1,1,1,1,1,1,1,0,0,0,0,0,0,1,0,0,0,0,0,1,0,0,1,1,0
41528298,3835.924823652034,5550,G80,G80 (RG3),5,18004,2497,5,1,0,0,1,1,1,1,1,1,1,1,1,0,0,1,0,0,0,0,1,0,0,0,0,1,0,0,0,1,0,1
41513201,3063.629778185483,2380,싼타페,싼타페 TM,56,44630,1995,7,8,0,0,1,1,1,1,1,1,1,1,1,1,0,0,0,0,0,0,0,0,1,0,0,1,0,0,0,1,1,0
41445892,2745.0972283326,2370,트랙스,트랙스 크로스오버,103,14253,1199,5,2,0,0,1,1,1,1,1,0,1,1,1,0,0,0,0,1,0,0,1,0,0,0,0,1,0,0,0,1,1,0
41543371,3602.7134342567415,3180,팰리세이드,팰리세이드,107,69224,3778,7,4,0,0,1,1,1,1,1,1,1,1,1,1,0,0,0,0,0,0,1,0,0,0,0,1,0,0,0,1,1,0
41590780,3828.3155031297233,4750,G80,G80 (RG3),5,56876,3470,5,3,3,0,1,1,1,1,1,1,1,1,1,0,0,1,0,0,0,0,1,0,0,0,0,0,0,0,1,1,0,1
41503598,2615.360723815946,2030,토레스,토레스,100,71363,1497,5,3,1,0,1,1,1,1,1,1,1,1,1,0,0,0,1,0,0,0,1,0,0,0,0,1,0,0,0,1,1,0
41242797,2615.360723815946,2120,토레스,토레스,100,48534,1497,5,4,3,0,1,1,1,1,1,1,1,1,1,0,0,0,1,0,0,0,1,0,0,0,0,0,0,1,0,1,1,0
41392984,3438.6524381008708,2820,쏘렌토,쏘렌토 4세대,58,46318,2151,5,5,0,0,1,1,1,1,1,1,1,1,1,0,1,0,0,0,0,0,0,0,1,0,0,0,0,1,0,1,1,0
39889093,3877.838318635213,3290,G80,G80 (RG3),5,175809,2497,5,5,2,1,1,1,1,1,1,1,1,1,1,0,0,1,0,0,0,0,1,0,0,0,0,1,0,0,0,1,0,1
41429573,3565.3649600264525,4790,팰리세이드,더 뉴 팰리세이드,107,35621,2199,7,3,1,1,1,1,1,1,1,1,1,1,1,1,0,0,0,0,0,0,0,0,1,0,0,0,0,1,0,1,1,0
41270739,2620.1903020024697,9999,쏘나타,쏘나타 디 엣지(DN8),57,29762,1999,5,2,1,0,1,1,1,1,1,1,1,1,1,1,0,0,0,0,0,0,1,0,0,0,0,1,0,0,0,1,0,1
41103858,2722.967088332962,2650,K5,K5 3세대,11,52623,1598,5,5,2,1,1,1,1,1,1,1,1,1,1,0,1,0,0,0,0,0,1,0,0,0,0,1,0,0,0,1,0,1
41079067,2429.895177340624,1790,EQ900,EQ900,0,232920,3778,4,10,1,0,1,1,1,1,1,1,1,1,1,0,0,1,0,0,0,0,1,0,0,0,0,0,1,0,0,1,0,1
41476414,2931.58161642511,3400,그랜저,그랜저 (GN7),27,10945,2497,5,3,1,0,1,1,1,1,1,1,1,1,1,1,0,0,0,0,0,0,1,0,0,0,0,1,0,0,0,1,0,1
40922035,3413.9483665185985,3450,쏘렌토,쏘렌토 4세대,58,49084,1598,5,4,1,0,1,1,1,1,1,0,1,1,1,0,1,0,0,0,0,0,0,1,0,0,0,1,0,0,0,1,1,0
41269941,3023.6613421774,9999,티볼리,티볼리 아머,105,50247,1597,5,8,8,1,0,1,1,0,1,1,1,0,1,0,0,0,1,0,0,0,1,0,0,0,0,0,0,0,1,1,1,0
40888450,3191.47987241531,3650,마스터,마스터,38,257,2299,3,2,0,0,0,1,1,0,0,1,0,0,1,0,0,0,0,0,1,0,0,0,1,0,0,1,0,0,0,0,1,0
40760612,3067.673489216629,3980,싼타페,싼타페 (MX5),56,18232,2497,6,3,0,1,1,1,1,1,1,1,1,1,1,1,0,0,0,0,0,0,1,0,0,0,0,1,0,0,0,1,1,0
40865636,5008.326934333097,3770,G90,G90,6,74240,3778,5,7,0,1,1,1,1,1,1,1,1,1,1,0,0,1,0,0,0,0,1,0,0,0,0,0,0,1,0,1,0,1
41305742,2720.502498674518,2099,트랙스,트랙스 크로스오버,103,58427,1199,5,3,0,0,1,1,1,1,1,0,1,1,1,0,0,0,0,1,0,0,1,0,0,0,0,1,0,0,0,1,1,0
41647923,3183.022820690089,2840,아이오닉5,아이오닉5,66,93327,111,5,5,4,0,1,1,1,1,1,1,1,1,1,1,0,0,0,0,0,0,0,0,0,1,0,0,0,1,0,1,0,1
41633364,2836.490415435862,2530,캐스퍼,캐스퍼 일렉트릭,88,12838,1000,4,1,0,0,0,1,1,1,1,1,0,0,0,1,0,0,0,0,0,0,0,0,0,1,0,1,0,0,0,1,0,1
41480070,2985.7852847364197,9999,싼타페,더 뉴 싼타페,56,32011,2151,5,4,1,0,1,1,1,1,1,1,1,1,1,1,0,0,0,0,0,0,0,0,1,0,0,0,1,0,0,1,1,0
40989943,2876.2865816102067,3350,니로,디 올 뉴 니로,29,8110,1580,5,1,0,0,1,1,1,1,1,1,1,1,1,0,1,0,0,0,0,0,0,1,0,0,0,1,0,0,0,1,1,0
41584133,2750.981798850805,3950,투싼,더 뉴 투싼 하이브리드 (NX4),101,6980,1598,5,2,0,0,1,1,1,1,1,1,1,1,1,1,0,0,0,0,0,0,0,1,0,0,0,0,0,1,0,1,1,0
41614502,3602.7134342567415,2750,팰리세이드,팰리세이드,107,113300,2199,7,7,22,1,1,1,1,1,1,1,1,1,1,1,0,0,0,0,0,0,0,0,1,0,0,1,0,0,0,1,1,0
40697457,5412.40951276323,4599,GV80,GV80,9,87611,2497,5,5,0,1,1,1,1,1,1,1,1,1,1,0,0,1,0,0,0,0,1,0,0,0,0,0,1,0,0,1,1,0
41379821,2750.0422913352963,2350,아반떼,아반떼 (CN7),62,30630,1598,5,3,0,0,1,1,1,1,1,1,1,1,1,1,0,0,0,0,0,0,1,0,0,0,0,1,0,0,0,1,0,1
41533782,3183.022820690089,2650,아이오닉5,아이오닉5,66,73312,111,5,5,6,0,1,1,1,1,1,1,1,1,1,1,0,0,0,0,0,0,0,0,0,1,0,0,0,0,1,1,0,1
41499793,4394.3925768413965,4290,GV70,일렉트리파이드 GV70,8,105990,111,5,4,12,1,1,1,1,1,1,1,1,1,1,0,0,1,0,0,0,0,0,0,0,1,0,0,1,0,0,1,1,0
41644722,2819.120910451986,2390,투싼,투싼 하이브리드 (NX4),101,33528,1598,5,4,0,0,0,1,1,1,1,0,1,1,1,1,0,0,0,0,0,0,0,1,0,0,0,1,0,0,0,1,1,0
41623430,2437.046983773712,2180,K7,K7 프리미어,12,70744,2497,5,7,4,0,1,1,1,1,1,1,1,1,1,0,1,0,0,0,0,0,1,0,0,0,0,0,1,0,0,1,0,1
41566314,2631.6880923441727,2370,QM6,더 뉴 QM6,17,54794,1997,5,5,0,0,1,1,1,1,1,1,1,1,1,0,0,0,0,0,1,0,1,0,0,0,0,1,0,0,0,1,1,0
41508313,4394.3925768413965,4850,GV70,GV70,8,2438,2497,5,2,0,0,1,1,1,1,1,1,1,1,1,0,0,1,0,0,0,0,1,0,0,0,0,0,0,0,1,1,1,0
40073540,5313.932698356571,6231,GV80,GV80,9,28945,3470,6,3,0,0,1,1,1,1,1,1,1,1,1,0,0,1,0,0,0,0,1,0,0,0,0,0,1,0,0,1,1,0
41485980,2779.972995621478,2190,투싼,투싼 (NX4),101,74827,1998,5,5,0,0,0,1,1,1,1,1,1,1,1,1,0,0,0,0,0,0,0,0,1,0,0,0,0,1,0,1,1,0
41494340,2634.7772150268797,1770,쏘나타,쏘나타 (DN8),57,49583,1999,5,7,2,0,1,1,1,1,1,1,1,0,1,1,0,0,0,0,0,0,1,0,0,0,0,0,0,1,0,1,0,1
41522802,2758.425760042816,2760,렉스턴,더 뉴 렉스턴 스포츠 칸,35,113325,2157,5,2,0,0,1,1,1,1,1,1,1,1,1,0,0,0,1,0,0,0,0,0,1,0,0,0,0,1,0,1,1,0
41498608,2566.566644283388,2280,토레스,토레스,100,79660,1497,5,4,0,0,1,1,1,1,1,1,1,1,1,0,0,0,1,0,0,0,1,0,0,0,0,0,1,0,0,1,1,0
41588709,3118.8378870397623,1850,코나,코나 일렉트릭,91,110203,180,5,7,2,0,1,1,1,1,1,1,1,1,1,1,0,0,0,0,0,0,0,0,0,1,0,1,0,0,0,1,1,0
41046923,3877.838318635213,4550,G80,G80 (RG3),5,28930,2497,5,5,1,0,1,1,1,1,1,1,1,1,1,0,0,1,0,0,0,0,1,0,0,0,0,1,0,0,0,1,0,1
41413737,3205.1998890567916,3240,마스터,마스터,38,35901,2299,15,6,0,0,0,1,1,0,0,1,0,0,0,0,0,0,0,0,1,0,0,0,1,0,0,0,0,1,0,0,1,0
41600146,3565.3649600264525,8250,팰리세이드,팰리세이드 (LX3),107,8062,2497,7,1,2,0,1,1,1,1,1,1,1,1,1,1,0,0,0,0,0,0,0,1,0,0,0,1,0,0,0,1,1,0
41529421,3565.3649600264525,3850,팰리세이드,팰리세이드,107,45948,2199,7,5,0,0,1,1,1,1,1,1,1,1,1,1,0,0,0,0,0,0,0,0,1,0,0,1,0,0,0,1,1,0
41256486,2985.7852847364197,2150,싼타페,싼타페 TM,56,89761,1995,5,8,3,0,1,1,1,1,1,1,1,1,1,1,0,0,0,0,0,0,0,0,1,0,0,0,0,1,0,1,1,0
41373878,2501.257721073471,9999,스타렉스,그랜드 스타렉스,50,148991,2497,5,10,2,0,0,0,0,0,0,0,0,0,0,1,0,0,0,0,0,0,0,0,1,0,0,1,0,0,0,1,1,0
41560702,2602.03768400251,2499,쏘나타,쏘나타 디 엣지(DN8),57,12377,1999,5,3,5,0,1,1,1,1,1,1,1,1,1,1,0,0,0,0,0,0,1,0,0,0,0,0,0,1,0,1,0,1
41217376,2566.566644283388,2170,토레스,토레스,100,60975,1497,5,4,0,0,1,1,1,1,1,1,1,1,1,0,0,0,1,0,0,0,1,0,0,0,0,1,0,0,0,1,1,0
41120343,2798.9683874777133,3550,G70,더 뉴 G70,4,13893,1998,5,5,2,0,1,1,1,1,1,1,1,1,1,0,0,1,0,0,0,0,1,0,0,0,0,1,0,0,0,1,0,1
41619845,3835.924823652034,3380,G80,G80 (RG3),5,97802,2497,5,5,0,0,1,1,1,1,1,1,1,1,1,0,0,1,0,0,0,0,1,0,0,0,0,0,0,0,1,1,0,1
41460530,2871.0199908868076,2610,그랜저,더 뉴 그랜저 IG,27,53736,2497,5,4,1,0,1,1,1,1,1,1,1,1,1,1,0,0,0,0,0,0,1,0,0,0,0,1,0,0,0,1,0,1
41312812,2993.374293546313,3150,콜로라도,리얼 뉴 콜로라도,94,13258,3649,5,4,0,0,0,1,1,1,0,0,1,0,1,0,0,0,0,1,0,0,1,0,0,0,0,0,1,0,0,1,1,0
41602089,2580.7207386685927,7777,아반떼,아반떼 (CN7),62,46431,1998,5,4,8,0,1,1,1,1,1,1,1,1,1,1,0,0,0,0,0,0,1,0,0,0,0,0,0,1,0,1,0,1
41565171,2931.58161642511,2580,그랜저,더 뉴 그랜저 IG,27,45232,2497,5,4,0,1,1,1,1,1,1,1,1,0,1,1,0,0,0,0,0,0,1,0,0,0,0,0,0,1,0,1,0,1
41136787,2949.416836726581,2000,스포티지,스포티지 5세대,55,89997,1998,5,5,3,0,1,1,1,1,1,1,1,0,1,0,1,0,0,0,0,0,0,0,1,0,0,0,0,1,0,1,1,0
41546241,5313.932698356571,5150,GV80,GV80,9,60446,2497,5,4,9,1,1,1,1,1,1,1,1,1,1,0,0,1,0,0,0,0,1,0,0,0,0,1,0,0,0,1,1,0
39582037,2758.425760042816,1880,렉스턴,렉스턴 스포츠,35,61810,2157,5,7,5,1,1,1,1,0,1,1,1,0,1,0,0,0,1,0,0,0,0,0,1,0,0,0,0,1,0,1,1,0
37989131,3847.011384330083,1890,G80,G80,5,64800,3342,5,8,2,0,1,1,1,1,1,1,1,1,1,0,0,1,0,0,0,0,1,0,0,0,0,0,0,1,0,1,0,1
41391124,2854.9748405191376,1740,볼트,볼트 EV,48,78072,188,5,6,0,0,1,1,1,1,1,0,1,0,1,0,0,0,0,1,0,0,0,0,0,1,0,0,1,0,0,1,0,1
41533233,3555.8753163906044,2790,팰리세이드,팰리세이드,107,108010,2199,8,5,0,0,1,1,1,1,1,1,1,1,1,1,0,0,0,0,0,0,0,0,1,0,0,0,1,0,0,1,1,0
41281420,2758.425760042816,1820,렉스턴,렉스턴 스포츠,35,57074,2157,5,8,0,0,1,1,1,1,1,1,1,1,1,0,0,0,1,0,0,0,0,0,1,0,0,1,0,0,0,1,1,0
41464155,3611.071044237849,2490,팰리세이드,팰리세이드,107,96666,3778,7,7,2,1,1,1,1,1,1,1,1,1,1,1,0,0,0,0,0,0,1,0,0,0,0,0,1,0,0,1,1,0
41591924,2580.7207386685927,2050,아반떼,아반떼 (CN7),62,79837,1598,5,4,0,0,1,1,1,1,1,1,1,1,1,1,0,0,0,0,0,0,1,0,0,0,0,0,0,1,0,1,0,1
41047053,2730.0779228526476,1820,QM6,더 뉴 QM6,17,59793,1997,5,6,2,1,1,1,1,1,1,1,1,1,1,0,0,0,0,0,1,0,1,0,0,0,0,0,1,0,0,1,1,0
41569623,5025.51401270444,3450,G90,G90,6,123500,5038,5,6,4,1,1,1,1,1,1,1,1,1,1,0,0,1,0,0,0,0,1,0,0,0,0,0,1,0,0,1,0,1
41247031,2722.967088332962,2230,K5,K5 하이브리드 3세대,11,53505,1999,5,4,1,0,1,1,1,1,1,1,1,1,1,0,1,0,0,0,0,0,0,1,0,0,0,0,0,0,1,1,0,1
41577455,3078.160913373322,1730,캐스퍼,캐스퍼,88,47182,998,4,3,2,0,0,1,1,1,1,1,1,1,1,1,0,0,0,0,0,0,1,0,0,0,0,0,0,1,0,1,0,1
41407781,5008.326934333097,3190,G90,G90,6,142183,3778,5,6,0,0,1,1,1,1,1,1,1,1,1,0,0,1,0,0,0,0,1,0,0,0,0,0,1,0,0,1,0,1
41576232,2633.5129880066565,1870,스타렉스,더 뉴 그랜드 스타렉스,50,61754,2359,12,7,2,0,0,1,1,0,0,1,1,0,1,1,0,0,0,0,0,1,0,0,0,0,0,0,0,0,1,1,1,0
41178942,2931.58161642511,2790,그랜저,그랜저 (GN7),27,144738,2497,5,4,0,0,1,1,1,1,1,1,1,1,1,1,0,0,0,0,0,0,1,0,0,0,0,0,1,0,0,1,0,1
41538663,3555.8753163906044,3980,팰리세이드,더 뉴 팰리세이드,107,79163,2199,7,3,2,0,1,1,1,1,1,1,1,1,1,1,0,0,0,0,0,0,0,0,1,0,0,0,0,1,0,1,1,0
41368146,3594.805689983869,2390,스타리아,스타리아,51,138209,3470,7,4,0,0,1,1,1,1,1,1,1,1,1,1,0,0,0,0,0,1,0,0,0,0,0,1,0,0,0,1,1,0
41563873,3482.230586207206,2999,스타리아,스타리아,51,15464,3470,3,2,1,0,1,1,1,1,1,1,1,1,1,1,0,0,0,0,0,1,0,0,0,0,0,1,0,0,0,1,1,0
41517837,4425.863399075039,5080,GV70,GV70,8,23240,2497,5,2,0,1,1,1,1,1,1,1,1,1,1,0,0,1,0,0,0,0,1,0,0,0,0,1,0,0,0,1,1,0
39155220,3137.8525868123897,2580,K8,K8,13,58250,3470,5,4,0,0,1,1,1,1,1,1,1,1,1,0,1,0,0,0,0,1,0,0,0,0,0,0,1,0,0,1,0,1
41505677,3828.3155031297233,4699,G80,G80 (RG3),5,74926,2497,5,5,17,1,1,1,1,1,1,1,1,1,1,0,0,1,0,0,0,0,1,0,0,0,0,1,0,0,0,1,0,1
41590319,2811.033191572567,2210,베뉴,베뉴,45,22234,1598,5,3,0,0,1,1,1,1,1,1,1,1,1,1,0,0,0,0,0,0,1,0,0,0,0,0,0,0,1,1,1,0
41597877,3602.7134342567415,5890,팰리세이드,팰리세이드 (LX3),107,4515,2497,9,1,0,0,1,1,1,1,1,1,1,1,1,1,0,0,0,0,0,0,1,0,0,0,0,0,1,0,0,1,1,0
41440155,2619.463897932248,2550,셀토스,더 뉴 셀토스,49,59041,1598,5,3,1,0,1,1,1,1,1,1,1,1,1,0,1,0,0,0,0,0,1,0,0,0,0,0,0,1,0,1,1,0
41460395,3602.7134342567415,2560,팰리세이드,팰리세이드,107,52448,3778,7,5,5,0,1,1,1,1,1,1,1,1,1,1,0,0,0,0,0,0,1,0,0,0,0,1,0,0,0,1,1,0
40916991,3453.3633120692184,2299,쏘렌토,쏘렌토 4세대,58,142456,2151,5,6,5,1,1,1,1,1,1,1,1,1,1,0,1,0,0,0,0,0,0,0,1,0,0,0,1,0,0,1,1,0
41586158,3835.924823652034,3100,G80,G80 (RG3),5,131903,2497,5,5,1,0,1,1,1,1,1,1,1,1,1,0,0,1,0,0,0,0,1,0,0,0,0,0,0,1,0,1,0,1
41452944,2777.2978813068744,2099,렉스턴,더 뉴 렉스턴 스포츠,35,40294,2157,5,3,6,0,1,1,1,1,1,1,1,1,1,0,0,0,1,0,0,0,0,0,1,0,0,0,0,1,0,1,1,0
41533352,5406.43473495045,5090,GV80,GV80,9,157934,2996,6,4,4,1,1,1,1,1,1,1,1,1,1,0,0,1,0,0,0,0,0,0,1,0,0,1,0,0,0,1,1,0
41518393,4425.863399075039,4450,GV70,GV70,8,36736,2497,5,2,2,0,1,1,1,1,1,1,1,1,1,0,0,1,0,0,0,0,1,0,0,0,0,0,1,0,0,1,1,0
41571946,3276.955066568482,2400,카니발,더 뉴 카니발,85,55622,3342,7,8,2,1,1,1,1,1,1,1,1,1,1,0,1,0,0,0,0,0,1,0,0,0,0,1,0,0,0,1,1,0
41595703,2739.750535430254,2690,렉스턴,더 뉴 렉스턴 스포츠 칸,35,54150,2157,5,4,0,0,1,1,1,1,1,1,1,1,1,0,0,0,1,0,0,0,0,0,1,0,0,0,0,0,1,1,1,0
41493376,5412.40951276323,7750,GV80,GV80,9,6036,3470,5,2,0,1,1,1,1,1,1,1,1,1,1,0,0,1,0,0,0,0,1,0,0,0,0,0,1,0,0,1,1,0
39447690,2650.525522053633,1750,스타렉스,더 뉴 그랜드 스타렉스,50,126501,2497,15,8,0,0,0,1,0,0,0,0,1,0,1,1,0,0,0,0,0,0,0,0,1,0,0,0,0,0,1,1,1,0
41063437,2620.1903020024697,3050,쏘나타,쏘나타 디 엣지(DN8),57,22213,1598,5,3,5,1,1,1,1,1,1,1,1,1,1,1,0,0,0,0,0,0,1,0,0,0,0,1,0,0,0,1,0,1
41594088,3064.8773919172713,3650,스포티지,스포티지 5세대 하이브리드,55,8067,1598,5,3,2,1,1,1,1,1,1,1,1,1,1,0,1,0,0,0,0,0,0,1,0,0,0,1,0,0,0,1,1,0
41005127,2750.981798850805,2550,투싼,투싼 (NX4),101,75660,1598,5,5,3,1,1,1,1,1,1,1,1,1,1,1,0,0,0,0,0,0,1,0,0,0,0,1,0,0,0,1,1,0
41588017,2985.7852847364197,1999,싼타페,싼타페 TM,56,105762,1995,5,8,7,1,1,1,1,1,1,1,1,1,1,1,0,0,0,0,0,0,0,0,1,0,0,0,0,1,0,1,1,0
40534380,2977.9930594535554,3280,코나,코나 (SX2),91,4916,1598,5,3,0,1,1,1,1,1,1,1,1,1,1,1,0,0,0,0,0,0,1,0,0,0,0,0,0,1,0,1,1,0
41517031,2619.463897932248,1890,셀토스,셀토스,49,55176,1591,5,7,6,0,1,1,1,1,1,1,1,1,1,0,1,0,0,0,0,0,1,0,0,0,0,0,0,0,1,1,1,0
40933324,2814.4095035579858,2199,투싼,투싼 (NX4),101,78298,1598,5,4,1,0,0,1,1,1,1,1,1,1,1,1,0,0,0,0,0,0,1,0,0,0,0,0,0,1,0,1,1,0
41515497,2611.388696455017,1820,K5,K5 3세대,11,60797,1598,5,6,12,0,1,1,1,1,1,1,1,1,1,0,1,0,0,0,0,0,1,0,0,0,0,1,0,0,0,1,0,1
41635846,2792.2446070107953,2150,투싼,투싼 (NX4),101,66424,1598,5,5,5,0,0,1,1,1,1,1,1,1,1,1,0,0,0,0,0,0,1,0,0,0,0,0,0,1,0,1,1,0
41411309,3614.405854880476,2790,팰리세이드,팰리세이드,107,116053,2199,7,7,0,0,1,1,1,1,1,1,1,1,1,1,0,0,0,0,0,0,0,0,1,0,0,0,0,1,0,1,1,0
41654336,4477.328734051914,3650,GV70,GV70,8,79361,2497,5,5,3,0,1,1,1,1,1,1,1,1,1,0,0,1,0,0,0,0,1,0,0,0,0,0,1,0,0,1,1,0
41563752,3877.838318635213,1999,G80,G80,5,99370,3342,5,8,4,0,1,1,1,1,1,1,1,1,1,0,0,1,0,0,0,0,1,0,0,0,0,0,0,1,0,1,0,1
41378053,3614.405854880476,2790,팰리세이드,팰리세이드,107,59144,3778,7,4,8,1,1,1,1,1,1,1,1,1,1,1,0,0,0,0,0,0,1,0,0,0,0,0,0,0,1,1,1,0
41552550,2750.0422913352963,1845,아반떼,아반떼 (CN7),62,69081,1598,5,5,1,0,1,1,1,1,1,1,1,1,1,1,0,0,0,0,0,0,1,0,0,0,0,0,0,1,0,1,0,1
41464779,2745.0972283326,2050,트랙스,트랙스 크로스오버,103,50191,1199,5,3,4,0,1,1,1,1,1,0,1,1,1,0,0,0,0,1,0,0,1,0,0,0,0,1,0,0,0,1,1,0
41619231,3565.3649600264525,3290,팰리세이드,팰리세이드,107,46903,2199,7,4,1,0,1,1,1,1,1,1,1,1,1,1,0,0,0,0,0,0,0,0,1,0,0,0,0,1,0,1,1,0
41642349,2871.0199908868076,3470,그랜저,그랜저 하이브리드 (GN7),27,60372,1598,5,3,2,0,1,1,1,1,1,1,1,1,1,1,0,0,0,0,0,0,0,1,0,0,0,0,1,0,0,1,0,1
40951067,5313.932698356571,5750,GV80,GV80,9,69866,3470,5,4,1,1,1,1,1,1,1,1,1,1,1,0,0,1,0,0,0,0,1,0,0,0,0,1,0,0,0,1,1,0
41040290,2336.694042597241,1900,코란도,뷰티풀 코란도,92,48719,1497,5,5,1,0,1,1,1,1,1,1,1,1,1,0,0,0,1,0,0,0,1,0,0,0,0,1,0,0,0,1,1,0
41577054,2632.4269067199116,3350,아반떼,더 뉴 아반떼 (CN7),62,7468,1998,5,1,0,0,1,1,1,1,1,1,1,0,1,1,0,0,0,0,0,0,1,0,0,0,0,0,0,1,0,1,0,1
41251758,3224.829199147787,6850,카니발,더 뉴 카니발 4세대,85,60,1598,9,1,2,0,1,1,1,1,1,1,1,1,1,0,1,0,0,0,0,0,0,1,0,0,0,1,0,0,0,1,1,0
41168263,3276.955066568482,2780,카니발,카니발 4세대,85,40365,2151,9,5,4,0,1,1,1,1,1,1,1,1,1,0,1,0,0,0,0,0,0,0,1,0,0,0,1,0,0,1,1,0
41595054,3602.7134342567415,3250,팰리세이드,더 뉴 팰리세이드,107,48436,3778,7,4,4,1,1,1,1,1,1,1,1,1,1,1,0,0,0,0,0,0,1,0,0,0,0,1,0,0,0,1,1,0
41654128,2991.57987241531,1730,레이,더 뉴 기아 레이,34,25747,998,5,3,1,0,0,1,1,1,1,1,1,1,1,0,1,0,0,0,0,0,1,0,0,0,0,0,1,0,0,1,0,1
41494679,3462.654978735885,3390,쏘렌토,쏘렌토 4세대,58,78689,2151,6,6,2,1,1,1,1,1,1,1,1,1,1,0,1,0,0,0,0,0,0,0,1,0,0,1,0,0,0,1,1,0
41635396,3223.3109693503447,3090,액티언,액티언 2세대,71,13992,1497,5,2,0,0,1,1,1,1,1,1,1,1,1,0,0,0,1,0,0,0,1,0,0,0,0,1,0,0,0,1,1,0
41409068,2836.490415435862,2950,캐스퍼,캐스퍼 일렉트릭,88,10116,158,4,1,0,1,1,1,1,1,1,1,1,1,1,1,0,0,0,0,0,0,0,0,0,1,0,1,0,0,0,1,0,1
39979935,3835.924823652034,3560,G80,G80 (RG3),5,60367,2497,5,4,8,0,1,1,1,1,1,1,1,1,1,0,0,1,0,0,0,0,1,0,0,0,0,0,0,1,0,1,0,1
41601154,3835.924823652034,4240,G80,G80 (RG3),5,77766,2497,5,3,0,0,1,1,1,1,1,1,1,1,1,0,0,1,0,0,0,0,1,0,0,0,0,0,0,1,0,1,0,1
39008561,3828.3155031297233,3190,G80,G80 (RG3),5,139083,2497,5,5,1,0,1,1,1,1,1,1,1,1,1,0,0,1,0,0,0,0,1,0,0,0,0,0,0,0,1,1,0,1
41589160,3048.6479659774163,2190,스포티지,스포티지 5세대,55,109543,1598,5,4,6,0,1,1,1,1,1,1,1,1,1,0,1,0,0,0,0,0,1,0,0,0,0,1,0,0,0,1,1,0
41224764,3413.9483665185985,2880,쏘렌토,쏘렌토 4세대,58,79122,2151,5,5,2,0,1,1,1,1,1,1,1,1,1,0,1,0,0,0,0,0,0,0,1,0,0,1,0,0,0,1,1,0
41555010,2985.7852847364197,4049,싼타페,싼타페 (MX5),56,9925,2497,5,3,2,0,1,1,1,1,1,1,1,1,1,1,0,0,0,0,0,0,1,0,0,0,0,1,0,0,0,1,1,0
41576154,2651.085997141483,2450,렉스턴,렉스턴 스포츠 칸,35,44795,2157,5,6,4,1,1,1,1,1,1,1,1,1,1,0,0,0,1,0,0,0,0,0,1,0,0,0,0,1,0,1,1,0
41609757,2564.8123299278163,2010,아반떼,아반떼 하이브리드 (CN7),62,72281,1580,5,4,0,0,1,1,1,1,1,1,1,1,1,1,0,0,0,0,0,0,0,1,0,0,0,0,0,1,0,1,0,1
41123182,2992.199803715862,1880,아이오닉,더 뉴 아이오닉 하이브리드,65,82864,1580,5,7,0,0,1,1,1,1,1,1,1,1,1,1,0,0,0,0,0,0,0,1,0,0,0,0,0,1,0,1,0,1
41604804,2887.6126226256356,2780,그랜저,그랜저 하이브리드 (GN7),27,118879,1598,5,3,2,0,0,0,0,0,0,0,0,0,0,1,0,0,0,0,0,0,0,1,0,0,0,0,0,1,0,1,0,1
41542249,2684.625840071605,2149,쏘나타,쏘나타 (DN8),57,18662,1999,5,3,6,0,1,1,1,1,1,1,1,1,1,1,0,0,0,0,0,0,1,0,0,0,0,0,1,0,0,1,0,1
41519728,2832.235730062908,4490,그랜저,그랜저 하이브리드 (GN7),27,14530,1598,5,1,0,0,1,1,1,1,1,1,1,1,1,1,0,0,0,0,0,0,0,1,0,0,0,0,1,0,0,1,0,1
41405792,3063.629778185483,3350,싼타페,더 뉴 싼타페,56,48642,1598,5,5,0,1,1,1,1,1,1,1,1,1,1,1,0,0,0,0,0,0,0,1,0,0,0,1,0,0,0,1,1,0
40941811,2684.625840071605,3300,쏘나타,쏘나타 디 엣지(DN8),57,8812,1598,5,2,0,1,1,1,1,1,1,1,1,1,1,1,0,0,0,0,0,0,1,0,0,0,0,0,0,1,0,1,0,1
41367875,2652.43527743991,1790,아반떼,더 뉴 아반떼 (CN7),62,44126,1598,5,3,8,1,1,1,1,1,1,1,1,1,1,1,0,0,0,0,0,0,1,0,0,0,0,1,0,0,0,1,0,1
41029035,2796.088747128122,1980,베뉴,베뉴,45,36102,1598,5,3,0,0,1,1,1,1,1,1,1,1,1,1,0,0,0,0,0,0,1,0,0,0,0,1,0,0,0,1,1,0
40989405,3579.672286134175,3790,모하비,모하비 더 마스터,43,50352,2959,7,5,1,0,1,1,1,1,1,1,1,1,1,0,1,0,0,0,0,0,0,0,1,0,0,0,1,0,0,1,1,0
41382079,2779.972995621478,2990,투싼,투싼 (NX4),101,23673,1598,5,3,0,1,1,1,1,1,1,1,1,1,1,1,0,0,0,0,0,0,1,0,0,0,0,1,0,0,0,1,1,0
41140701,3877.838318635213,5090,G80,G80 (RG3),5,14103,2497,5,2,2,0,0,0,0,0,0,0,0,0,0,0,0,1,0,0,0,0,1,0,0,0,0,0,1,0,0,1,0,1
41561072,5313.932698356571,3850,GV80,GV80,9,114017,2497,5,6,1,0,1,1,1,1,1,1,1,1,1,0,0,1,0,0,0,0,1,0,0,0,0,0,1,0,0,1,1,0
41259372,3003.6999328501633,2850,콜로라도,리얼 뉴 콜로라도,94,24383,3649,5,4,0,0,0,1,1,1,0,0,1,0,1,0,0,0,0,1,0,0,1,0,0,0,0,0,1,0,0,1,1,0
40889729,2580.7207386685927,1950,아반떼,더 뉴 아반떼 (CN7),62,34822,1598,5,3,2,0,1,1,1,1,1,1,1,1,1,1,0,0,0,0,0,0,1,0,0,0,0,0,1,0,0,1,0,1
41620378,5406.43473495045,7399,GV80,GV80 쿠페,9,22451,3470,5,3,1,1,1,1,1,1,1,1,1,1,1,0,0,1,0,0,0,0,1,0,0,0,0,0,0,0,1,1,1,0
41330908,2745.0972283326,2099,트랙스,트랙스 크로스오버,103,31317,1199,5,3,0,0,1,1,1,1,1,0,1,1,1,0,0,0,0,1,0,0,1,0,0,0,0,0,0,0,1,1,1,0
41449589,2619.463897932248,1804,셀토스,셀토스,49,53147,1591,5,6,6,1,1,1,1,1,1,1,1,1,1,0,1,0,0,0,0,0,1,0,0,0,0,1,0,0,0,1,1,0
41554717,3035.4436488311057,2780,스포티지,스포티지 5세대,55,37789,1998,5,4,2,0,1,1,0,0,1,0,1,1,1,0,1,0,0,0,0,0,0,0,1,0,0,0,1,0,0,1,1,0
41415705,3086.853182440802,2030,싼타페,싼타페 TM,56,114335,1995,5,8,2,0,1,1,1,1,1,1,1,1,1,1,0,0,0,0,0,0,0,0,1,0,0,0,0,0,1,1,1,0
41639221,3023.6613421774,2080,티볼리,더 뉴 티볼리 에어,105,25181,1497,5,2,1,0,0,1,1,1,1,1,1,1,1,0,0,0,1,0,0,0,1,0,0,0,0,1,0,0,0,1,1,0
41598189,3317.5998784907715,3650,마스터,마스터,38,131,2299,3,2,0,0,0,1,1,0,0,1,0,0,1,0,0,0,0,0,1,0,0,0,1,0,0,0,1,0,0,0,1,0
41630688,2651.085997141483,3250,렉스턴,올 뉴 렉스턴,35,65682,2157,5,3,0,0,1,1,1,1,1,1,1,1,1,0,0,0,1,0,0,0,0,0,1,0,0,0,0,1,0,1,1,0
41594152,3611.071044237849,2880,팰리세이드,팰리세이드,107,80214,3778,7,5,0,0,1,1,1,1,1,1,1,1,1,1,0,0,0,0,0,0,1,0,0,0,0,1,0,0,0,1,1,0
41478081,3660.3731632204135,2730,카마로,올 뉴 카마로,87,99662,6162,4,10,6,1,1,1,1,1,1,0,1,1,1,0,0,0,0,1,0,0,1,0,0,0,0,0,0,1,0,1,0,1
41590046,3462.654978735885,2439,쏘렌토,쏘렌토 4세대,58,120284,2151,5,4,3,1,1,1,1,1,1,1,1,1,1,0,1,0,0,0,0,0,0,0,1,0,0,0,0,1,0,1,1,0
41129795,3578.55046978521,2580,스타리아,스타리아,51,68848,2199,9,4,23,0,1,1,1,1,1,1,1,1,1,1,0,0,0,0,0,0,0,0,1,0,0,0,1,0,0,1,1,0
41332280,5313.932698356571,7390,GV80,GV80 쿠페,9,26399,2497,5,2,0,1,1,1,1,1,1,1,1,1,1,0,0,1,0,0,0,0,1,0,0,0,0,1,0,0,0,1,1,0
41643787,5398.2920940715185,5800,GV80,GV80,9,42616,2497,7,3,2,1,1,1,1,1,1,1,1,1,1,0,0,1,0,0,0,0,1,0,0,0,0,0,0,1,0,1,1,0
41658537,2542.268670259569,2050,셀토스,더 뉴 셀토스,49,67481,1598,5,4,0,0,0,1,1,1,1,1,1,1,1,0,1,0,0,0,0,0,1,0,0,0,0,1,0,0,0,1,1,0
41498631,3293.2719489661245,2530,K8,K8,13,70357,3470,5,4,0,1,1,1,1,1,1,1,1,1,1,0,1,0,0,0,0,0,1,0,0,0,0,0,1,0,0,1,0,1
41483732,4363.6224840519135,4420,GV70,GV70,8,46132,2151,5,4,3,0,1,1,1,1,1,1,1,1,1,0,0,1,0,0,0,0,0,0,1,0,0,1,0,0,0,1,1,0
41579391,3828.3155031297233,3390,G80,G80 (RG3),5,94463,2497,5,6,3,1,1,1,1,1,1,1,1,1,1,0,0,1,0,0,0,0,1,0,0,0,0,1,0,0,0,1,0,1
41475418,3266.59261814898,4750,카니발,더 뉴 카니발 4세대,85,17440,2151,9,3,0,0,1,1,1,1,1,1,1,1,1,0,1,0,0,0,0,0,0,0,1,0,0,1,0,0,0,1,1,0
41658710,2992.986581610207,2630,K9,더 K9,14,55476,3778,5,8,3,0,1,1,1,1,1,1,1,1,1,0,1,0,0,0,0,0,1,0,0,0,0,0,1,0,0,1,0,1
41660792,3835.924823652034,3860,G80,G80 (RG3),5,46427,2497,5,4,3,0,1,1,1,1,1,1,1,1,1,0,0,1,0,0,0,0,1,0,0,0,0,0,0,1,0,1,0,1
39193215,3063.629778185483,2960,싼타페,싼타페 (MX5),56,11379,2497,5,2,0,1,1,1,1,1,1,1,1,1,1,1,0,0,0,0,0,0,1,0,0,0,0,0,0,1,0,1,1,0
41427199,3877.838318635213,5790,G80,G80 (RG3),5,20832,3470,5,2,0,1,1,1,1,1,1,1,1,1,1,0,0,1,0,0,0,0,1,0,0,0,0,1,0,0,0,1,0,1
41266268,3276.955066568482,2550,카니발,카니발 4세대,85,129231,2151,9,5,5,0,1,1,1,1,1,1,1,1,1,0,1,0,0,0,0,0,0,0,1,0,0,0,1,0,0,1,1,0
41542092,2917.9076270847495,2550,그랜저,더 뉴 그랜저 IG,27,49295,3342,5,5,4,0,1,1,1,1,1,1,1,1,1,1,0,0,0,0,0,0,1,0,0,0,0,0,1,0,0,1,0,1
41421320,3063.629778185483,2930,싼타페,더 뉴 싼타페,56,57717,2497,5,3,1,0,1,1,1,1,1,1,1,1,1,1,0,0,0,0,0,0,1,0,0,0,0,1,0,0,0,1,1,0
41031239,3266.59261814898,3230,카니발,카니발 4세대,85,43384,2151,9,5,0,0,1,1,1,1,1,1,1,1,1,0,1,0,0,0,0,0,0,0,1,0,0,1,0,0,0,1,1,0
41450909,3462.654978735885,4350,쏘렌토,더 뉴 쏘렌토 4세대,58,13895,1598,5,2,0,0,1,1,1,1,1,1,1,1,1,0,1,0,0,0,0,0,0,1,0,0,0,1,0,0,0,1,1,0
41609753,3555.8753163906044,3180,팰리세이드,팰리세이드,107,66979,3778,8,4,2,1,1,1,1,1,1,1,1,1,1,1,0,0,0,0,0,0,1,0,0,0,0,1,0,0,0,1,1,0
41658433,2359.4807967724723,2300,EQ900,EQ900,0,103609,5038,5,9,0,1,1,1,1,1,1,1,1,1,1,0,0,1,0,0,0,0,1,0,0,0,0,0,1,0,0,1,0,1
41577227,2927.2574681038277,2690,G70,G70,4,49958,1998,5,9,0,1,1,1,1,1,1,1,1,1,1,0,0,1,0,0,0,0,1,0,0,0,0,1,0,0,0,1,0,1
41054395,3828.3155031297233,5499,G80,G80 (RG3),5,31043,3470,5,3,0,1,1,1,1,1,1,1,1,1,1,0,0,1,0,0,0,0,1,0,0,0,0,1,0,0,0,1,0,1
41381474,3064.8773919172713,3020,스포티지,스포티지 5세대,55,36221,1598,5,3,6,1,1,1,1,1,1,1,1,1,1,0,1,0,0,0,0,0,1,0,0,0,0,0,0,1,0,1,1,0
41460784,3847.011384330083,3490,G80,G80 (RG3),5,86666,2497,5,4,3,0,1,1,1,1,1,1,1,1,1,0,0,1,0,0,0,0,1,0,0,0,0,0,1,0,0,1,0,1
41461214,3276.955066568482,2700,카니발,카니발 4세대,85,83713,2151,9,5,7,0,1,1,1,1,1,1,1,1,1,0,1,0,0,0,0,0,0,0,1,0,0,1,0,0,0,1,1,0
41638941,5373.873808791013,6200,GV80,GV80,9,28162,2497,5,2,1,0,1,1,1,1,1,1,1,1,1,0,0,1,0,0,0,0,1,0,0,0,0,0,1,0,0,1,1,0
41061617,3614.405854880476,6990,팰리세이드,팰리세이드 (LX3),107,7699,2497,7,1,0,1,1,1,1,1,1,1,1,1,1,1,0,0,0,0,0,0,0,1,0,0,0,1,0,0,0,1,1,0
41565009,5130.415213793392,9999,G90,G90 (RS4),6,101862,3470,4,4,0,0,1,1,1,1,1,1,1,1,1,0,0,1,0,0,0,0,1,0,0,0,0,0,0,0,1,1,0,1
41464794,3565.3649600264525,4890,팰리세이드,더 뉴 팰리세이드,107,73998,2199,7,3,5,1,1,1,1,1,1,1,1,1,1,1,0,0,0,0,0,0,0,0,1,0,0,0,1,0,0,1,1,0
41620318,3877.838318635213,6399,G80,G80 (RG3),5,20667,2497,5,2,1,1,1,1,1,1,1,1,1,1,1,0,0,1,0,0,0,0,1,0,0,0,0,1,0,0,0,1,0,1
41566837,2917.9076270847495,3930,그랜저,그랜저 하이브리드 (GN7),27,29054,1598,5,1,0,0,1,1,1,1,1,1,1,1,1,1,0,0,0,0,0,0,0,1,0,0,0,0,1,0,0,1,0,1
41048781,2582.899977616721,2350,토레스,토레스,100,39107,1497,5,4,0,0,1,1,1,1,1,1,1,1,1,0,0,0,1,0,0,0,1,0,0,0,0,0,0,1,0,1,1,0
41000821,2792.2446070107953,2070,투싼,투싼 (NX4),101,73083,1598,5,5,2,0,0,1,0,0,1,0,1,1,1,1,0,0,0,0,0,0,1,0,0,0,0,1,0,0,0,1,1,0
41560452,2871.0199908868076,3100,그랜저,그랜저 (GN7),27,52411,3470,5,3,5,0,1,1,1,1,1,1,1,1,1,1,0,0,0,0,0,1,0,0,0,0,0,0,1,0,0,1,0,1
41518059,3835.924823652034,3579,G80,G80 (RG3),5,164633,3470,5,4,6,1,1,1,1,1,1,1,1,1,1,0,0,1,0,0,0,0,1,0,0,0,0,0,1,0,0,1,0,1
40991567,3223.7858673429773,3200,카니발,더 뉴 카니발 4세대,85,73369,2151,9,2,3,0,1,1,1,1,1,1,1,1,1,0,1,0,0,0,0,0,0,0,1,0,0,1,0,0,0,1,1,0
41287676,2945.1713070622,1799,말리부,더 뉴 말리부,40,73568,1998,5,6,3,1,1,1,1,1,1,1,1,1,1,0,0,0,0,1,0,0,1,0,0,0,0,0,1,0,0,1,0,1
41401744,3847.011384330083,3680,G80,G80 (RG3),5,33313,3470,5,3,9,0,1,1,1,1,1,1,1,1,1,0,0,1,0,0,0,0,1,0,0,0,0,0,0,0,1,1,0,1
41428543,3086.853182440802,3690,싼타페,싼타페 (MX5),56,38280,1598,6,2,0,1,1,1,1,1,1,1,1,1,1,1,0,0,0,0,0,0,0,1,0,0,0,0,0,1,0,1,1,0
41376870,2779.972995621478,2780,투싼,투싼 (NX4),101,70978,1598,5,4,2,1,1,1,1,1,1,1,1,1,1,1,0,0,0,0,0,0,1,0,0,0,0,0,0,0,1,1,1,0
41512473,2739.750535430254,2180,렉스턴,올 뉴 렉스턴,35,139250,2157,5,6,3,0,1,1,1,1,1,1,1,1,1,0,0,0,1,0,0,0,0,0,1,0,0,0,1,0,0,1,1,0
41639300,3578.55046978521,3020,스타리아,스타리아,51,35329,3470,5,2,0,0,1,1,1,1,1,1,1,1,1,1,0,0,0,0,0,1,0,0,0,0,0,1,0,0,0,1,1,0
41464947,3614.405854880476,2650,팰리세이드,팰리세이드,107,91740,3778,7,4,2,0,1,1,1,1,1,1,1,1,1,1,0,0,0,0,0,0,1,0,0,0,0,0,0,0,1,1,1,0
41577857,2992.261980976076,4220,스팅어,스팅어 마이스터,53,41123,3342,5,4,3,0,1,1,1,1,1,1,1,1,1,0,1,0,0,0,0,0,1,0,0,0,0,0,0,0,1,1,0,1
41595998,3357.3272340652456,2789,아이오닉5,아이오닉5,66,104558,111,5,3,0,0,1,1,1,1,1,1,1,1,1,1,0,0,0,0,0,0,0,0,0,1,0,0,0,1,0,1,0,1
40656148,2611.388696455017,2250,K5,K5 3세대,11,41345,1999,5,5,2,0,1,1,1,1,1,1,1,1,1,0,1,0,0,0,0,0,1,0,0,0,0,1,0,0,0,1,0,1
41268671,2887.6126226256356,2280,그랜저,더 뉴 그랜저 IG,27,88188,2497,5,6,3,0,1,1,1,1,1,1,1,0,1,1,0,0,0,0,0,0,1,0,0,0,0,1,0,0,0,1,0,1
41564737,3063.629778185483,3400,싼타페,싼타페 (MX5),56,42776,2497,5,2,2,0,1,1,1,1,1,1,1,1,1,1,0,0,0,0,0,0,1,0,0,0,0,1,0,0,0,1,1,0
41559587,3757.422508106974,2630,G80,G80 (RG3),5,152485,2497,5,5,3,0,1,1,1,1,1,1,1,1,1,0,0,1,0,0,0,0,1,0,0,0,0,0,1,0,0,1,0,1
41276076,3835.924823652034,3800,G80,G80 (RG3),5,72288,2497,5,4,5,0,1,1,1,1,1,1,1,1,1,0,0,1,0,0,0,0,1,0,0,0,0,0,1,0,0,1,0,1
41170254,3550.2021461772415,4190,스타리아,스타리아,51,19295,2199,9,3,0,1,1,1,1,1,1,1,1,1,1,1,0,0,0,0,0,0,0,0,1,0,0,0,0,1,0,1,1,0
40824028,3063.629778185483,3800,싼타페,싼타페 (MX5),56,28984,1598,5,3,0,0,1,1,1,1,1,1,1,1,1,1,0,0,0,0,0,0,0,1,0,0,0,1,0,0,0,1,1,0
41219523,3614.405854880476,3570,팰리세이드,더 뉴 팰리세이드,107,28081,3778,7,2,1,0,1,1,1,1,1,1,1,1,1,1,0,0,0,0,0,0,1,0,0,0,0,0,0,1,0,1,1,0
41367144,3183.022820690089,2820,아이오닉5,아이오닉5,66,61465,111,5,3,2,0,1,1,1,1,1,1,1,1,1,1,0,0,0,0,0,0,0,0,0,1,0,0,0,1,0,1,0,1
41601171,3463.9361949029885,1930,아이오닉5,아이오닉5,66,200889,111,5,4,3,0,1,1,1,1,1,1,1,1,1,1,0,0,0,0,0,0,0,0,0,1,0,0,0,1,0,1,0,1
41020021,3157.6298724153103,3649,레이,더 뉴 G70 슈팅브레이크,34,54390,1998,5,4,0,1,1,1,1,1,1,1,1,1,1,0,0,1,0,0,0,0,1,0,0,0,0,1,0,0,0,1,0,1
41604316,2725.7156813909605,1730,쏘나타,쏘나타 (DN8),57,76174,1999,5,7,1,0,1,1,1,1,1,1,1,0,1,1,0,0,0,0,0,1,0,0,0,0,0,1,0,0,0,1,0,1
41585591,3015.4650086512584,2750,싼타페,더 뉴 싼타페,56,106686,1598,5,5,2,0,1,1,1,1,1,1,1,1,1,1,0,0,0,0,0,0,0,1,0,0,0,0,1,0,0,1,1,0
40818968,2580.1965669204437,2280,QM6,더 뉴 QM6,17,19043,1998,5,3,3,0,1,1,1,1,1,1,1,1,1,0,0,0,0,0,1,1,0,0,0,0,0,0,0,1,0,1,1,0
41348060,3565.3649600264525,3070,팰리세이드,팰리세이드,107,28135,2199,7,4,11,0,1,1,1,1,1,1,1,1,1,1,0,0,0,0,0,0,0,0,1,0,0,1,0,0,0,1,1,0
41427463,3035.4436488311057,2890,스포티지,스포티지 5세대,55,25315,1598,5,3,3,0,1,1,1,1,1,1,1,1,1,0,1,0,0,0,0,0,1,0,0,0,0,0,0,1,0,1,1,0
41520634,4331.174374684793,4190,GV70,GV70,8,68433,2497,5,4,1,1,1,1,1,1,1,1,1,1,1,0,0,1,0,0,0,0,1,0,0,0,0,1,0,0,0,1,1,0
41573839,3835.924823652034,6750,G80,G80 (RG3),5,3230,3470,5,2,0,0,1,1,1,1,1,1,1,1,1,0,0,1,0,0,0,0,1,0,0,0,0,0,0,1,0,1,0,1
41405092,2849.033733094886,3890,G70,더 뉴 G70,4,42038,1998,5,3,0,0,1,1,1,1,1,1,1,1,1,0,0,1,0,0,0,0,1,0,0,0,0,1,0,0,0,1,0,1
40855199,3061.6331206921836,1790,맥스크루즈,더 뉴 맥스크루즈,41,115959,3342,6,10,2,1,1,1,1,1,1,1,1,1,1,1,0,0,0,0,0,0,1,0,0,0,0,0,0,0,1,1,1,0
40922936,2713.4540195717054,1830,K5,K5 3세대,11,112332,1598,5,5,5,0,1,1,1,1,1,1,1,1,1,0,1,0,0,0,0,0,1,0,0,0,0,0,1,0,0,1,0,1
41527629,4425.863399075039,3390,GV70,GV70,8,193140,2151,5,5,0,1,1,1,1,1,1,1,1,1,1,0,0,1,0,0,0,0,0,0,1,0,0,1,0,0,0,1,1,0
40132700,2859.939240148325,2780,코나,코나 (SX2),91,46311,1598,5,3,0,0,1,1,1,1,1,1,1,1,1,1,0,0,0,0,0,0,1,0,0,0,0,1,0,0,0,1,1,0
41014138,3651.1332725787192,4380,모하비,모하비 더 마스터,43,39714,2959,6,4,1,1,1,1,1,1,1,1,1,1,1,0,1,0,0,0,0,0,0,0,1,0,0,0,1,0,0,1,1,0
41530831,2566.566644283388,3100,토레스,토레스 EVX,100,43795,189,2,2,0,0,1,1,1,1,1,1,1,1,1,0,0,0,1,0,0,0,0,0,0,1,0,1,0,0,0,1,1,0
41621030,5008.326934333097,4390,G90,G90,6,82616,3778,5,5,0,1,1,1,1,1,1,1,1,1,1,0,0,1,0,0,0,0,1,0,0,0,0,0,1,0,0,1,0,1
41647649,3224.829199147787,3290,카니발,카니발 4세대,85,147850,2151,7,5,5,0,1,1,1,1,1,1,1,1,1,0,1,0,0,0,0,0,0,0,1,0,0,0,1,0,0,1,1,0
41169528,3223.7858673429773,2370,카니발,더 뉴 카니발,85,54626,2199,9,6,2,0,1,1,1,1,1,1,1,1,1,0,1,0,0,0,0,0,0,0,1,0,0,1,0,0,0,1,1,0
41650720,3877.838318635213,2150,G80,G80,5,76905,3342,5,7,1,0,1,1,1,1,1,1,1,1,1,0,0,1,0,0,0,0,1,0,0,0,0,0,1,0,0,1,0,1
41275798,2887.6126226256356,2470,그랜저,그랜저 IG 하이브리드,27,54392,2359,5,7,5,0,1,1,1,1,1,1,1,1,1,1,0,0,0,0,0,0,0,1,0,0,0,0,1,0,0,1,0,1
40771120,3816.63982988708,5280,타스만,타스만,97,16000,2497,5,1,0,1,1,1,1,1,1,1,1,1,1,0,1,0,0,0,0,0,1,0,0,0,0,0,0,1,0,1,1,0
40996681,2758.425760042816,3000,렉스턴,올 뉴 렉스턴,35,51344,2157,5,4,0,1,1,1,1,1,1,1,1,1,1,0,0,0,1,0,0,0,0,0,1,0,0,0,1,0,0,1,1,0
41535593,2766.3800913523883,2780,렉스턴,더 뉴 렉스턴 스포츠,35,13803,2157,5,3,0,0,1,1,1,1,1,1,1,1,1,0,0,0,1,0,0,0,0,0,1,0,0,0,0,1,0,1,1,0
41600346,5313.932698356571,3640,GV80,GV80,9,113438,2996,7,6,0,0,1,1,1,1,1,1,1,1,1,0,0,1,0,0,0,0,0,0,1,0,0,0,0,0,1,1,1,0
41386601,2631.6880923441727,1730,QM6,더 뉴 QM6,17,40806,1997,5,6,1,0,0,1,1,1,1,1,1,0,1,0,0,0,0,0,1,0,1,0,0,0,0,1,0,0,0,1,1,0
41652323,2580.7207386685927,1750,아반떼,아반떼 (CN7),62,97792,1598,5,6,0,0,1,1,1,1,1,1,1,1,1,1,0,0,0,0,0,0,1,0,0,0,0,1,0,0,0,1,0,1
41382065,3063.629778185483,2375,싼타페,싼타페 TM,56,34559,1995,5,8,2,0,0,1,1,1,1,1,1,1,1,1,0,0,0,0,0,0,0,0,1,0,0,1,0,0,0,1,1,0
41553566,2833.7809220036456,2290,G70,G70,4,86530,1998,5,6,7,0,1,1,1,1,1,1,1,1,1,0,0,1,0,0,0,0,1,0,0,0,0,0,0,0,1,1,0,1
41614797,2634.7772150268797,9999,쏘나타,쏘나타 하이브리드 (DN8),57,90972,1999,5,6,2,0,0,0,0,0,0,0,0,0,0,1,0,0,0,0,0,0,0,1,0,0,0,1,0,0,0,1,0,1
40865708,2798.9683874777133,2190,G70,G70,4,89030,1998,5,7,5,0,1,1,1,1,1,1,1,1,1,0,0,1,0,0,0,0,1,0,0,0,0,0,0,1,0,1,0,1
41077137,3453.3633120692184,3740,쏘렌토,더 뉴 쏘렌토 4세대,58,39885,2497,5,3,0,0,1,1,1,1,1,1,1,1,1,0,1,0,0,0,0,0,1,0,0,0,0,0,1,0,0,1,1,0
41428350,4477.328734051914,4750,GV70,GV70,8,36583,2497,5,2,0,1,1,1,1,1,1,1,1,1,1,0,0,1,0,0,0,0,1,0,0,0,0,1,0,0,0,1,1,0
41273065,3550.2021461772415,3370,스타리아,스타리아,51,38808,2199,9,4,0,0,0,1,1,1,1,1,1,0,1,1,0,0,0,0,0,0,0,0,1,0,0,1,0,0,0,1,1,0
40521585,2955.8786466935444,2373,코나,코나 (SX2),91,13285,1598,5,2,0,0,1,1,1,1,1,1,1,1,1,1,0,0,0,0,0,0,1,0,0,0,0,0,0,1,0,1,1,0
41358030,3614.405854880476,2950,팰리세이드,팰리세이드,107,82751,2199,8,6,2,1,1,1,1,1,1,1,1,1,1,1,0,0,0,0,0,0,0,0,1,0,0,1,0,0,0,1,1,0
41369815,5398.2920940715185,4890,GV80,GV80,9,77518,2497,5,4,1,0,1,1,1,1,1,1,1,1,1,0,0,1,0,0,0,0,1,0,0,0,0,0,0,1,0,1,1,0
41434230,3015.4650086512584,2144,싼타페,더 뉴 싼타페,56,144408,2151,5,4,0,0,1,1,1,1,1,1,1,1,1,1,0,0,0,0,0,0,0,0,1,0,0,0,0,1,0,1,1,0
41385163,3453.3633120692184,3620,쏘렌토,쏘렌토 4세대,58,51599,1598,6,4,3,1,1,1,1,1,1,1,1,1,1,0,1,0,0,0,0,0,0,1,0,0,0,1,0,0,0,1,1,0
41252242,3565.3649600264525,3190,팰리세이드,팰리세이드,107,57136,2199,7,6,1,0,1,1,1,1,1,1,1,1,1,1,0,0,0,0,0,0,0,0,1,0,0,1,0,0,0,1,1,0
40901975,2602.03768400251,3150,쏘나타,쏘나타 디 엣지(DN8),57,24676,1598,5,2,0,1,1,1,1,1,1,1,1,1,1,1,0,0,0,0,0,0,1,0,0,0,0,0,0,1,0,1,0,1
41504279,2849.033733094886,2529,G70,G70,4,78414,1998,5,7,8,0,1,1,1,1,1,1,1,1,1,0,0,1,0,0,0,0,1,0,0,0,0,0,1,0,0,1,0,1
41583613,2684.625840071605,2690,쏘나타,쏘나타 디 엣지(DN8),57,4312,1598,5,1,0,0,1,1,1,0,1,0,1,0,1,1,0,0,0,0,0,0,1,0,0,0,0,0,0,1,0,1,0,1
41290292,2955.8786466935444,1700,코나,더 뉴 코나,91,67266,1598,5,6,0,0,1,1,1,0,1,0,1,0,1,1,0,0,0,0,0,0,1,0,0,0,0,0,0,0,1,1,1,0
40724513,2730.0779228526476,2285,QM6,더 뉴 QM6,17,57433,1998,5,5,0,1,1,1,0,1,1,1,1,1,1,0,0,0,0,0,1,1,0,0,0,0,0,1,0,0,0,1,1,0
41359756,3877.838318635213,3390,G80,G80 (RG3),5,75530,2497,5,5,6,0,1,1,1,1,1,1,1,1,1,0,0,1,0,0,0,0,1,0,0,0,0,0,0,1,0,1,0,1
41157380,3067.673489216629,2350,싼타페,싼타페 TM,56,111849,2199,7,7,4,1,1,1,1,1,1,1,1,1,1,1,0,0,0,0,0,0,0,0,1,0,0,1,0,0,0,1,1,0
41609766,2917.9076270847495,3160,그랜저,그랜저 (GN7),27,32129,3470,5,4,1,0,1,1,1,1,1,1,1,1,1,1,0,0,0,0,0,0,1,0,0,0,0,0,0,1,0,1,0,1
41612658,3526.7998840139185,3930,콜레오스,그랑 콜레오스,93,5109,1499,5,1,0,0,1,1,1,1,1,1,1,1,1,0,0,0,0,0,1,0,0,1,0,0,0,1,0,0,0,1,1,0
41191199,3622.6650569373537,3550,모하비,모하비 더 마스터,43,73081,2959,5,3,19,1,1,1,1,1,1,1,1,1,1,0,1,0,0,0,0,0,0,0,1,0,0,0,1,0,0,1,1,0
40973733,3614.405854880476,3139,팰리세이드,팰리세이드,107,60819,2199,7,5,1,0,1,1,1,1,1,1,1,1,1,1,0,0,0,0,0,0,0,0,1,0,0,1,0,0,0,1,1,0
41224798,2670.6999624750915,2290,K5,K5 3세대,11,33667,1999,5,6,1,0,1,1,1,1,1,1,1,1,1,0,1,0,0,0,0,0,1,0,0,0,0,0,0,1,0,1,0,1
41490569,2575.1998890567916,2470,넥쏘,넥쏘,28,26800,0,5,3,0,1,1,1,1,1,1,1,1,1,1,1,0,0,0,0,0,0,0,0,0,0,1,0,0,0,1,1,1,0
41425493,2582.899977616721,2350,토레스,토레스,100,30864,1497,5,3,2,0,1,1,1,1,1,1,1,1,1,0,0,0,1,0,0,0,0,1,0,0,0,1,0,0,0,1,1,0
41534326,5398.2920940715185,7777,GV80,GV80,9,74776,2497,5,4,0,0,1,1,1,1,1,1,1,1,1,0,0,1,0,0,0,0,1,0,0,0,0,1,0,0,0,1,1,0
41604974,3828.3155031297233,3690,G80,G80 (RG3),5,92000,2497,5,4,0,0,1,1,1,1,1,1,1,1,1,0,0,1,0,0,0,0,1,0,0,0,0,0,0,0,1,1,0,1
41494168,2652.43527743991,2180,아반떼,더 뉴 아반떼 (CN7),62,4173,1591,5,2,0,0,1,1,1,1,1,1,1,1,1,1,0,0,0,0,0,1,0,0,0,0,0,0,0,1,0,1,0,1
41567922,3438.6524381008708,3780,쏘렌토,쏘렌토 4세대,58,74059,1598,5,5,0,1,1,1,1,1,1,1,1,1,1,0,1,0,0,0,0,0,0,1,0,0,0,1,0,0,0,1,1,0
41324042,3326.4508146315256,3150,카니발,더 뉴 카니발 4세대,85,27139,2151,9,2,2,0,1,1,1,1,1,1,1,1,1,0,1,0,0,0,0,0,0,0,1,0,0,1,0,0,0,1,1,0
41529491,2798.9683874777133,2430,G70,G70,4,95582,1998,5,7,0,1,1,1,1,1,1,1,1,1,1,0,0,1,0,0,0,0,1,0,0,0,0,1,0,0,0,1,0,1
41411079,2631.6880923441727,2222,QM6,더 뉴 QM6,17,196057,1998,5,4,6,0,1,1,1,1,1,1,1,1,1,0,0,0,0,0,1,1,0,0,0,0,0,1,0,0,0,1,1,0
41394704,3877.838318635213,3400,G80,G80 (RG3),5,101349,2497,5,4,0,1,1,1,1,1,1,1,1,1,1,0,0,1,0,0,0,0,1,0,0,0,0,0,1,0,0,1,0,1
41141035,2620.1903020024697,2340,쏘나타,쏘나타 디 엣지(DN8),57,37201,1999,5,2,0,0,1,1,1,1,1,1,1,0,1,1,0,0,0,0,0,1,0,0,0,0,0,0,0,1,0,1,0,1
41647875,4952.810596887665,2850,G90,G90,6,197691,3778,4,7,9,0,1,1,1,1,1,1,1,1,1,0,0,1,0,0,0,0,1,0,0,0,0,0,1,0,0,1,0,1
41609743,3555.8753163906044,3200,팰리세이드,팰리세이드,107,54712,3778,8,4,0,1,1,1,1,1,1,1,1,1,1,1,0,0,0,0,0,0,1,0,0,0,0,1,0,0,0,1,1,0
40809662,4477.328734051914,3999,GV70,GV70,8,51278,2497,5,3,0,0,1,1,1,1,1,1,1,1,1,0,0,1,0,0,0,0,1,0,0,0,0,0,0,1,0,1,1,0
41457907,2959.599944528396,1700,캐스퍼,캐스퍼,88,3281,998,4,3,0,0,0,1,1,1,1,1,1,1,1,1,0,0,0,0,0,0,1,0,0,0,0,0,0,1,0,1,0,1
41643904,3086.853182440802,2450,싼타페,더 뉴 싼타페,56,59714,2151,5,5,4,0,1,1,1,1,1,1,1,1,1,1,0,0,0,0,0,0,0,0,1,0,0,1,0,0,0,1,1,0
41414518,2629.0665603460916,1740,XM3,XM3,23,15912,1332,5,6,1,0,1,1,1,1,1,1,1,1,1,0,0,0,0,0,1,0,1,0,0,0,0,1,0,0,0,1,1,0
41500296,3555.8753163906044,2450,팰리세이드,팰리세이드,107,105223,3778,7,6,2,1,1,1,1,1,1,1,1,1,1,1,0,0,0,0,0,0,1,0,0,0,0,0,0,0,1,1,1,0
41391852,5406.43473495045,4790,GV80,GV80,9,82299,3470,5,5,2,1,1,1,1,1,1,1,1,1,1,0,0,1,0,0,0,0,1,0,0,0,0,1,0,0,0,1,1,0
41211527,3835.924823652034,6279,G80,G80 (RG3),5,3106,2497,5,2,0,1,1,1,1,1,1,1,1,1,1,0,0,1,0,0,0,0,1,0,0,0,0,1,0,0,0,1,0,1
41570047,3877.838318635213,4690,G80,G80 (RG3),5,6740,2497,5,1,8,0,1,1,1,1,1,1,1,1,1,0,0,1,0,0,0,0,1,0,0,0,0,0,1,0,0,1,0,1
41623989,2632.4269067199116,2320,아반떼,아반떼 (CN7),62,19294,1598,5,3,0,1,1,1,1,1,1,1,1,1,1,1,0,0,0,0,0,0,1,0,0,0,0,1,0,0,0,1,0,1
41595441,2389.469509745787,2090,EQ900,EQ900,0,114008,3778,5,9,5,1,1,1,1,1,1,1,1,1,1,0,0,1,0,0,0,0,1,0,0,0,0,0,0,1,0,1,0,1
41583659,2792.2446070107953,1750,투싼,올 뉴 투싼,101,108893,1591,5,7,0,0,1,1,1,1,1,1,1,1,1,1,0,0,0,0,0,0,1,0,0,0,0,1,0,0,0,1,1,0
41016128,3835.924823652034,2080,G80,G80,5,111532,3778,5,8,2,0,1,1,1,1,1,1,1,1,1,0,0,1,0,0,0,0,1,0,0,0,0,0,0,1,0,1,0,1
41588945,2977.9930594535554,2699,코나,코나 (SX2),91,49536,1999,5,3,2,0,1,1,1,1,1,1,1,1,1,1,0,0,0,0,0,0,1,0,0,0,0,0,0,1,0,1,1,0
41614309,5130.415213793392,5490,G90,G90 (RS4),6,98113,3470,5,4,0,0,1,1,1,1,1,1,1,1,1,0,0,1,0,0,0,0,1,0,0,0,0,0,0,1,0,1,0,1
41597556,3067.673489216629,2290,싼타페,싼타페 TM,56,166678,2199,7,8,4,1,1,1,1,1,1,1,1,1,1,1,0,0,0,0,0,0,0,0,1,0,0,0,1,0,0,1,1,0
41622910,2955.8786466935444,2489,코나,코나 (SX2),91,57141,1598,5,3,0,0,1,1,1,1,1,1,1,1,1,1,0,0,0,0,0,0,1,0,0,0,0,0,0,1,0,1,1,0
41333509,2871.0199908868076,1850,그랜저,그랜저 IG,27,29797,2359,5,7,6,0,0,1,1,1,1,1,1,1,1,1,0,0,0,0,0,0,1,0,0,0,0,0,0,1,0,1,0,1
40264120,3067.673489216629,2190,싼타페,싼타페 TM,56,79121,1995,5,6,4,0,0,1,1,1,1,1,1,1,1,1,0,0,0,0,0,0,0,0,1,0,0,1,0,0,0,1,1,0
41505284,5412.40951276323,6650,GV80,GV80,9,8628,2497,5,2,0,1,1,1,1,1,1,1,1,1,1,0,0,1,0,0,0,0,1,0,0,0,0,1,0,0,0,1,1,0
41587379,2814.4095035579858,2280,투싼,투싼 하이브리드 (NX4),101,97560,1598,5,5,2,0,0,1,1,1,1,1,1,1,1,1,0,0,0,0,0,0,0,1,0,0,0,1,0,0,0,1,1,0
40918093,2814.4095035579858,2550,투싼,투싼 (NX4),101,34611,1998,5,3,3,0,0,1,1,1,1,1,1,1,1,1,0,0,0,0,0,0,0,0,1,0,0,0,1,0,0,1,1,0
41598018,2580.1965669204437,2310,QM6,더 뉴 QM6,17,43252,1998,5,4,2,1,1,1,1,1,1,1,1,1,1,0,0,0,0,0,1,1,0,0,0,0,0,0,1,0,0,1,1,0
41397203,3611.071044237849,2630,팰리세이드,팰리세이드,107,109548,2199,7,4,2,0,0,1,1,1,1,1,1,1,1,1,0,0,0,0,0,0,0,0,1,0,0,0,1,0,0,1,1,0
41621522,3828.3155031297233,2950,G80,G80 (RG3),5,99105,2497,5,4,5,0,1,1,1,1,1,1,1,1,1,0,0,1,0,0,0,0,1,0,0,0,0,1,0,0,0,1,0,1
41240807,3757.422508106974,3990,G80,G80 (RG3),5,52553,2199,5,5,1,0,1,1,1,1,1,1,1,1,1,0,0,1,0,0,0,0,0,0,1,0,0,1,0,0,0,1,0,1
40555324,2609.95163614849,2280,니로,니로 플러스,29,24562,111,5,4,0,0,1,1,1,1,1,1,1,1,1,0,1,0,0,0,0,0,0,0,0,1,0,0,0,1,0,1,1,0
41626686,3064.8773919172713,2199,스포티지,스포티지 5세대,55,43906,1998,5,4,2,0,1,1,1,1,1,1,1,0,1,0,1,0,0,0,0,0,0,0,1,0,0,0,0,1,0,1,1,0
41532923,3132.2210078650214,2220,코나,코나 일렉트릭,91,17588,180,5,6,0,0,0,1,1,1,1,1,1,1,1,1,0,0,0,0,0,0,0,0,0,1,0,1,0,0,0,1,1,0
41345618,2985.7852847364197,2750,싼타페,더 뉴 싼타페,56,50391,2151,5,6,1,1,1,1,1,1,1,1,1,1,1,1,0,0,0,0,0,0,0,0,1,0,0,1,0,0,0,1,1,0
39921877,2917.9076270847495,3400,그랜저,그랜저 하이브리드 (GN7),27,35956,1598,5,3,1,0,1,1,1,1,1,1,1,0,1,1,0,0,0,0,0,0,0,1,0,0,0,0,1,0,0,1,0,1
41568733,3132.2210078650214,2690,코나,코나 일렉트릭 (SX2),91,82963,180,5,3,1,0,1,1,1,1,1,1,1,1,1,1,0,0,0,0,0,0,0,0,0,1,0,1,0,0,0,1,1,0
41488576,2501.257721073471,1795,스타렉스,더 뉴 그랜드 스타렉스,50,81535,2497,3,6,0,0,0,1,0,0,0,0,1,0,1,1,0,0,0,0,0,0,0,0,1,0,0,1,0,0,0,1,1,0
41097272,2725.7156813909605,1960,쏘나타,쏘나타 (DN8),57,80493,1999,5,7,8,1,1,1,1,1,1,1,1,1,1,1,0,0,0,0,0,0,1,0,0,0,0,1,0,0,0,1,0,1
40212857,3074.571948966124,3174,K8,K8,13,69000,3470,5,5,2,0,1,1,1,1,1,1,1,0,1,0,1,0,0,0,0,1,0,0,0,0,0,0,1,0,0,1,0,1
41604132,3063.629778185483,3850,싼타페,싼타페 (MX5),56,11034,1598,7,1,0,0,1,1,1,1,1,1,1,1,1,1,0,0,0,0,0,0,0,1,0,0,0,0,0,0,1,1,1,0
41601540,2814.4095035579858,2150,투싼,투싼 (NX4),101,144046,1598,5,6,4,0,1,1,1,1,1,1,1,1,1,1,0,0,0,0,0,0,1,0,0,0,0,0,1,0,0,1,1,0
41537873,5406.43473495045,5350,GV80,GV80,9,36128,2497,5,4,3,0,1,1,1,1,1,1,1,1,1,0,0,1,0,0,0,0,1,0,0,0,0,1,0,0,0,1,1,0
41641971,2739.750535430254,3250,렉스턴,더 뉴 렉스턴 스포츠 칸,35,54126,2157,5,4,0,1,1,1,1,1,1,1,1,1,1,0,0,0,1,0,0,0,0,0,1,0,0,1,0,0,0,1,1,0
41515514,2955.8786466935444,2990,코나,코나 (SX2),91,7064,1598,5,1,2,1,1,1,1,1,1,1,1,1,1,1,0,0,0,0,0,0,1,0,0,0,0,1,0,0,0,1,1,0
41396133,2899.599901857931,1799,스팅어,스팅어,53,83522,3342,5,7,15,0,1,1,1,1,1,1,1,1,1,0,1,0,0,0,0,0,1,0,0,0,0,0,0,1,0,1,0,1
41544792,2740.9459912429556,2990,QM6,더 뉴 QM6,17,17,1998,5,0,0,0,1,1,1,1,1,1,1,1,1,0,0,0,0,0,1,1,0,0,0,0,0,1,0,0,0,1,1,0
41323468,3266.59261814898,3250,카니발,더 뉴 카니발 4세대,85,21731,2151,9,2,0,0,1,1,1,1,1,1,1,1,1,0,1,0,0,0,0,0,0,0,1,0,0,1,0,0,0,1,1,0
41647125,2833.9888180085054,1850,콜로라도,콜로라도,94,102511,3649,5,7,3,0,0,1,1,1,0,1,1,0,1,0,0,0,0,1,0,0,1,0,0,0,0,0,0,0,1,1,1,0
41444636,2670.6999624750915,2190,K5,K5 3세대,11,85599,1598,5,6,0,1,1,1,1,1,1,1,1,1,1,0,1,0,0,0,0,0,1,0,0,0,0,0,1,0,0,1,0,1
41534279,4477.328734051914,3990,GV70,GV70,8,45105,3470,5,3,0,0,1,1,1,1,1,1,1,1,1,0,0,1,0,0,0,0,1,0,0,0,0,1,0,0,0,1,1,0
41003988,2336.694042597241,1830,코란도,뷰티풀 코란도,92,37230,1497,5,5,2,0,0,1,1,1,1,1,1,1,1,0,0,0,1,0,0,0,1,0,0,0,0,1,0,0,0,1,1,0
41051181,3453.3633120692184,3130,쏘렌토,쏘렌토 4세대,58,5586,2497,5,3,0,0,1,1,1,1,1,1,1,1,1,0,1,0,0,0,0,0,1,0,0,0,0,0,1,0,0,1,1,0
41635509,3555.8753163906044,3290,팰리세이드,팰리세이드,107,92195,2199,7,4,0,1,1,1,1,1,1,1,1,1,1,1,0,0,0,0,0,0,0,0,1,0,0,1,0,0,0,1,1,0
41596002,2580.7207386685927,2790,아반떼,아반떼 (CN7),62,2757,1598,5,3,0,0,1,1,1,1,1,1,1,1,1,1,0,0,0,0,0,0,1,0,0,0,0,1,0,0,0,1,0,1
41099990,3602.7134342567415,2500,팰리세이드,팰리세이드,107,50297,3778,8,7,1,1,1,1,1,1,1,1,1,1,1,1,0,0,0,0,0,0,1,0,0,0,0,1,0,0,0,1,1,0
41175702,3498.6983665185985,2999,쏘렌토,쏘렌토 4세대,58,85346,1598,7,5,0,0,1,1,1,1,1,1,1,1,1,0,1,0,0,0,0,0,0,1,0,0,0,0,1,0,0,1,1,0
41005755,2766.3800913523883,1790,렉스턴,렉스턴 스포츠,35,138037,2157,5,8,0,0,1,1,1,1,1,1,1,0,1,0,0,0,1,0,0,0,0,0,1,0,0,1,0,0,0,1,1,0
41524188,2750.0422913352963,1880,아반떼,아반떼 (CN7),62,64002,1598,5,5,6,0,1,1,1,1,1,1,1,1,1,1,0,0,0,0,0,0,1,0,0,0,0,1,0,0,0,1,0,1
41631996,2871.0199908868076,2380,그랜저,더 뉴 그랜저 IG,27,104999,2497,5,5,4,1,1,1,1,1,1,1,1,1,1,1,0,0,0,0,0,0,1,0,0,0,0,1,0,0,0,1,0,1
41624612,2887.6126226256356,2490,그랜저,더 뉴 그랜저 IG,27,73057,2497,5,6,2,0,1,1,1,1,1,1,1,1,1,1,0,0,0,0,0,0,1,0,0,0,0,0,0,1,0,1,0,1
41650904,2684.625840071605,3850,쏘나타,쏘나타 디 엣지 하이브리드(DN8),57,6444,1999,5,1,0,1,1,1,1,1,1,1,1,1,1,1,0,0,0,0,0,0,0,1,0,0,0,1,0,0,0,1,0,1
40852007,3413.9483665185985,4350,쏘렌토,쏘렌토 4세대,58,21347,1598,6,3,0,0,1,1,1,1,1,1,1,1,1,0,1,0,0,0,0,0,0,1,0,0,0,0,1,0,0,1,1,0
41459770,3602.7134342567415,3349,팰리세이드,더 뉴 팰리세이드,107,140905,2199,7,4,9,0,1,1,1,1,1,1,1,1,1,1,0,0,0,0,0,0,0,0,1,0,0,0,0,0,1,1,1,0
41429655,3086.853182440802,1890,싼타페,싼타페 TM,56,114469,1995,5,7,4,0,1,1,1,1,1,1,1,1,1,1,0,0,0,0,0,0,0,0,1,0,0,0,0,1,0,1,1,0
41369422,3458.0058573363353,2595,스타리아,스타리아,51,53828,2199,11,4,2,0,0,1,1,1,1,1,1,0,1,1,0,0,0,0,0,0,0,0,1,0,0,0,0,1,0,1,1,0
41307658,2670.6999624750915,1930,K5,K5 3세대,11,109628,1598,5,6,10,1,1,1,1,1,1,1,1,1,1,0,1,0,0,0,0,0,1,0,0,0,0,1,0,0,0,1,0,1
41217792,2722.967088332962,2590,K5,K5 3세대,11,32901,1598,5,3,0,1,1,1,1,1,1,1,1,1,1,0,1,0,0,0,0,0,1,0,0,0,0,0,0,1,0,1,0,1
41544994,2871.0199908868076,3250,그랜저,더 뉴 그랜저 IG 하이브리드,27,35183,2359,5,4,6,0,1,1,1,1,1,1,1,1,1,1,0,0,0,0,0,0,0,1,0,0,0,1,0,0,0,1,0,1
41602441,2931.58161642511,3450,그랜저,그랜저 (GN7),27,16742,2497,5,3,2,0,1,1,1,1,1,1,1,1,1,1,0,0,0,0,0,0,1,0,0,0,0,0,1,0,0,1,0,1
39399003,2758.425760042816,2090,렉스턴,G4 렉스턴,35,42193,2157,5,6,2,0,1,1,1,1,1,1,1,1,1,0,0,0,1,0,0,0,0,0,1,0,0,0,1,0,0,1,1,0
41593225,4425.863399075039,3349,GV70,GV70,8,102808,2497,5,4,1,0,1,1,1,1,1,1,1,1,1,0,0,1,0,0,0,0,1,0,0,0,0,1,0,0,0,1,1,0
41615959,3828.3155031297233,3489,G80,G80 (RG3),5,90234,2497,5,5,6,0,1,1,1,1,1,1,1,1,1,0,0,1,0,0,0,0,1,0,0,0,0,1,0,0,0,1,0,1
41478357,2833.7809220036456,2299,G70,G70,4,62639,1998,5,7,3,0,1,1,1,1,1,1,1,1,1,0,0,1,0,0,0,0,1,0,0,0,0,0,0,1,0,1,0,1
41396402,4408.027156741191,4300,GV60,GV60,7,55775,111,5,4,2,0,1,1,1,1,1,1,1,1,1,0,0,1,0,0,0,0,0,0,0,1,0,1,0,0,0,1,1,0
41595661,3015.4650086512584,1870,싼타페,싼타페 TM,56,109133,1995,5,8,10,0,1,1,1,1,1,1,1,1,1,1,0,0,0,0,0,0,0,0,1,0,0,0,1,0,0,1,1,0
41222516,2931.58161642511,2699,그랜저,그랜저 하이브리드 (GN7),27,133311,1598,5,3,0,0,1,1,1,1,1,1,1,0,1,1,0,0,0,0,0,0,0,1,0,0,0,1,0,0,0,1,0,1
41557265,2832.235730062908,3750,그랜저,그랜저 하이브리드 (GN7),27,53476,1598,5,3,5,0,1,1,1,1,1,1,1,1,1,1,0,0,0,0,0,0,0,1,0,0,0,0,1,0,0,1,0,1
41528183,3565.3649600264525,2580,팰리세이드,팰리세이드,107,110019,3778,7,6,0,0,1,1,1,1,1,1,1,1,1,1,0,0,0,0,0,0,1,0,0,0,0,1,0,0,0,1,1,0
38378108,3073.8059832820063,2950,콜로라도,리얼 뉴 콜로라도,94,58757,3649,5,6,2,0,0,1,1,1,0,1,1,0,1,0,0,0,0,1,0,0,1,0,0,0,0,0,0,1,0,1,1,0
41441831,3224.829199147787,4550,카니발,더 뉴 카니발 4세대,85,22015,2151,9,3,0,1,1,1,1,1,1,1,1,1,1,0,1,0,0,0,0,0,0,0,1,0,0,0,1,0,0,1,1,0
41649642,3877.838318635213,5199,G80,G80 (RG3),5,10994,2497,5,2,0,0,1,1,1,1,1,1,1,1,1,0,0,1,0,0,0,0,1,0,0,0,0,0,0,0,1,1,0,1
40458710,3048.6479659774163,3050,스포티지,스포티지 5세대,55,55662,1598,5,3,1,1,1,1,1,1,1,1,1,1,1,0,1,0,0,0,0,0,1,0,0,0,0,1,0,0,0,1,1,0
41173896,2779.972995621478,3090,투싼,투싼 (NX4),101,13102,1598,5,4,0,1,1,1,1,1,1,1,1,1,1,1,0,0,0,0,0,0,1,0,0,0,0,1,0,0,0,1,1,0
41147143,2832.235730062908,1795,그랜저,그랜저 IG,27,85699,2999,5,10,0,0,1,1,1,1,1,1,1,1,1,1,0,0,0,0,0,0,1,0,0,0,0,0,0,1,0,1,0,1
41370503,3828.63982988708,6050,쏠라티,쏠라티,60,7259,2497,15,2,2,0,0,1,1,0,0,0,1,0,1,1,0,0,0,0,0,0,0,0,1,0,0,1,0,0,0,1,1,0
41193206,3621.3998177361573,4880,타스만,타스만,97,7385,2497,5,1,0,0,1,1,1,1,1,1,1,1,1,0,1,0,0,0,0,0,1,0,0,0,0,1,0,0,0,1,1,0
39874176,5406.43473495045,5315,GV80,GV80,9,1658,2497,7,1,2,0,1,1,1,1,1,1,1,0,1,0,0,1,0,0,0,0,1,0,0,0,0,1,0,0,0,1,1,0
41516054,3847.011384330083,3870,G80,G80 (RG3),5,94413,2497,5,4,0,0,1,1,1,1,1,1,1,1,1,0,0,1,0,0,0,0,1,0,0,0,0,0,0,1,0,1,0,1
41555854,3602.7134342567415,4755,팰리세이드,더 뉴 팰리세이드,107,9734,2199,8,3,0,1,1,1,1,1,1,1,1,1,1,1,0,0,0,0,0,0,0,0,1,0,0,1,0,0,0,1,1,0
41601180,3614.405854880476,4499,팰리세이드,더 뉴 팰리세이드,107,47658,3778,7,3,0,1,1,1,1,1,1,1,1,1,1,1,0,0,0,0,0,0,1,0,0,0,0,1,0,0,0,1,1,0
41460956,3453.3633120692184,2880,쏘렌토,쏘렌토 4세대,58,107492,2151,6,5,0,0,1,1,1,1,1,1,1,1,1,0,1,0,0,0,0,0,0,0,1,0,0,1,0,0,0,1,1,0
41285599,3276.955066568482,2050,카니발,더 뉴 카니발,85,99772,2199,9,7,1,0,1,1,1,1,1,1,1,1,1,0,1,0,0,0,0,0,0,0,1,0,0,0,1,0,0,1,1,0
41489454,5412.40951276323,3320,GV80,GV80,9,230628,2996,5,6,3,1,1,1,1,1,1,1,1,1,1,0,0,1,0,0,0,0,0,0,1,0,0,1,0,0,0,1,1,0
41466718,3086.853182440802,2450,싼타페,싼타페 TM,56,93219,1998,5,7,2,1,1,1,1,1,1,1,1,1,1,1,0,0,0,0,0,0,1,0,0,0,0,1,0,0,0,1,1,0
41218388,2832.235730062908,3450,그랜저,그랜저 (GN7),27,39242,2497,5,3,0,0,1,1,1,1,1,1,1,1,1,1,0,0,0,0,0,0,1,0,0,0,0,0,0,1,0,1,0,1
41312385,4477.328734051914,3920,GV70,GV70,8,84018,2151,5,3,0,0,1,1,1,1,1,1,1,1,1,0,0,1,0,0,0,0,0,0,1,0,0,1,0,0,0,1,1,0
41359884,2779.972995621478,2640,투싼,투싼 (NX4),101,53458,1598,5,5,0,0,1,1,1,1,1,1,1,1,1,1,0,0,0,0,0,0,1,0,0,0,0,0,0,1,0,1,1,0
41528747,2985.7852847364197,1860,싼타페,싼타페 TM,56,73509,1995,5,7,0,0,0,1,1,1,1,1,1,1,1,1,0,0,0,0,0,0,0,0,1,0,0,0,0,1,0,1,1,0
41367123,3481.2136636754276,2820,아이오닉5,아이오닉5,66,62410,111,5,3,0,0,1,1,1,1,1,1,1,1,1,1,0,0,0,0,0,0,0,0,0,1,0,0,0,1,0,1,0,1
41567970,5412.40951276323,6980,GV80,GV80,9,39735,2497,5,2,0,1,1,1,1,1,1,1,1,1,1,0,0,1,0,0,0,0,1,0,0,0,0,1,0,0,0,1,1,0
41657928,2651.085997141483,2699,렉스턴,더 뉴 렉스턴 스포츠 칸,35,93190,2157,5,4,0,1,1,1,1,1,1,1,1,1,1,0,0,0,1,0,0,0,0,0,1,0,0,0,0,0,1,1,1,0
41376509,4331.174374684793,4699,GV70,GV70,8,16888,2497,5,4,1,0,1,1,1,1,1,1,1,1,1,0,0,1,0,0,0,0,1,0,0,0,0,1,0,0,0,1,1,0
41574211,2871.0199908868076,3350,그랜저,더 뉴 그랜저 IG,27,43293,3342,5,5,2,1,1,1,1,1,1,1,1,1,1,1,0,0,0,0,0,0,1,0,0,0,0,1,0,0,0,1,0,1
41399577,2833.9888180085054,9999,콜로라도,콜로라도,94,59051,3649,5,7,6,0,0,1,1,1,0,1,1,0,1,0,0,0,0,1,0,0,1,0,0,0,0,0,1,0,0,1,1,0
39127537,3224.829199147787,2390,카니발,올 뉴 카니발,85,55711,2199,9,9,0,0,1,1,1,1,1,1,1,1,1,0,1,0,0,0,0,0,0,0,1,0,0,0,1,0,0,1,1,0
41527558,3835.924823652034,3890,G80,G80 (RG3),5,99904,2199,5,5,4,0,1,1,1,1,1,1,1,1,1,0,0,1,0,0,0,0,0,0,1,0,0,0,1,0,0,1,0,1
41423535,2660.933211824105,2390,넥쏘,넥쏘,28,30910,0,5,3,0,1,1,1,1,1,1,1,1,1,1,1,0,0,0,0,0,0,0,0,0,0,1,0,0,0,1,1,1,0
41626389,4952.810596887665,9140,G90,G90 (RS4),6,24840,3470,5,2,0,1,1,1,1,1,1,1,1,1,1,0,0,1,0,0,0,0,1,0,0,0,0,0,1,0,0,1,0,1
41121473,3498.6983665185985,2280,쏘렌토,쏘렌토 4세대,58,156238,2151,5,6,3,0,1,1,1,1,1,1,1,1,1,0,1,0,0,0,0,0,0,0,1,0,0,1,0,0,0,1,1,0
41339923,3015.4650086512584,2490,싼타페,더 뉴 싼타페,56,123366,1598,5,4,3,0,1,1,1,1,1,1,1,1,1,1,0,0,0,0,0,0,0,1,0,0,0,0,0,1,0,1,1,0
41602068,2518.393670259569,2150,K7,K7 프리미어 하이브리드,12,139837,2359,5,5,0,0,1,1,1,1,1,1,1,1,1,0,1,0,0,0,0,0,0,1,0,0,0,0,0,0,1,1,0,1
41422074,3835.924823652034,4580,G80,G80 (RG3),5,36398,2497,5,3,2,1,1,1,1,1,1,1,1,1,1,0,0,1,0,0,0,0,1,0,0,0,0,1,0,0,0,1,0,1
41074555,2615.360723815946,2490,토레스,토레스,100,46416,1497,5,4,0,0,1,1,1,1,1,1,1,1,1,0,0,0,1,0,0,0,1,0,0,0,0,0,0,1,0,1,1,0
41584382,2833.7809220036456,2000,G70,G70,4,79691,1998,5,8,3,0,1,1,1,1,1,1,1,1,1,0,0,1,0,0,0,0,1,0,0,0,0,1,0,0,0,1,0,1
41611283,2580.1965669204437,2190,QM6,더 뉴 QM6,17,18701,1998,5,2,0,0,1,1,1,1,1,1,1,0,1,0,0,0,0,0,1,1,0,0,0,0,0,0,0,1,0,1,1,0
41555721,5313.932698356571,4280,GV80,GV80,9,69096,2996,5,5,2,0,1,1,1,1,1,1,1,1,1,0,0,1,0,0,0,0,0,0,1,0,0,0,0,0,1,1,1,0
41652286,3565.3649600264525,3459,팰리세이드,더 뉴 팰리세이드,107,41971,3778,7,2,1,0,1,1,1,1,1,1,1,1,1,1,0,0,0,0,0,0,1,0,0,0,0,1,0,0,0,1,1,0
41513370,3565.3649600264525,2950,팰리세이드,팰리세이드,107,101771,2199,8,5,2,0,1,1,1,1,1,1,1,1,1,1,0,0,0,0,0,0,0,0,1,0,0,1,0,0,0,1,1,0
41226467,3482.230586207206,3180,스타리아,스타리아,51,35713,2199,9,2,2,0,1,1,1,0,1,1,1,0,1,1,0,0,0,0,0,0,0,0,1,0,0,1,0,0,0,1,1,0
41502359,3877.838318635213,4630,G80,G80 (RG3),5,17245,2497,5,3,0,0,1,1,1,1,1,1,1,1,1,0,0,1,0,0,0,0,1,0,0,0,0,0,1,0,0,1,0,1
41575836,2710.5856535311,1950,트랙스,트랙스 크로스오버,103,21755,1199,5,3,8,0,1,1,1,1,1,0,1,1,1,0,0,0,0,1,0,0,1,0,0,0,0,0,1,0,0,1,1,0
40350722,3223.7858673429773,2320,카니발,더 뉴 카니발,85,124067,3342,9,7,5,0,1,1,1,1,1,1,1,1,1,0,1,0,0,0,0,0,1,0,0,0,0,0,1,0,0,1,1,0
41282805,2720.502498674518,2350,트랙스,트랙스 크로스오버,103,21345,1199,5,2,0,1,1,1,1,1,1,0,1,1,1,0,0,0,0,1,0,0,1,0,0,0,0,0,1,0,0,1,1,0
40790857,3847.011384330083,4780,G80,G80 (RG3),5,36250,2497,5,3,1,0,1,1,1,1,1,1,1,1,1,0,0,1,0,0,0,0,1,0,0,0,0,0,0,0,1,1,0,1
41031806,2766.3800913523883,2300,렉스턴,더 뉴 렉스턴 스포츠,35,46590,2157,5,4,0,0,1,1,1,1,1,1,1,1,1,0,0,0,1,0,0,0,0,0,1,0,0,0,0,0,1,1,1,0
40665231,2632.4269067199116,2490,아반떼,더 뉴 아반떼 (CN7),62,8806,1598,5,2,0,1,1,1,1,1,1,1,1,1,1,1,0,0,0,0,0,0,1,0,0,0,0,0,0,1,0,1,0,1
39284381,3594.805689983869,4780,스타리아,스타리아,51,18374,2199,11,4,0,0,1,1,1,1,1,1,1,1,1,1,0,0,0,0,0,0,0,0,1,0,0,1,0,0,0,1,1,0
41659219,2652.43527743991,1829,아반떼,더 뉴 아반떼 (CN7),62,33733,1598,5,3,7,0,1,1,1,1,1,1,1,1,1,1,0,0,0,0,0,0,1,0,0,0,0,0,1,0,0,1,0,1
41574661,5313.932698356571,5890,GV80,GV80,9,64951,3470,7,4,0,1,1,1,1,1,1,1,1,1,1,0,0,1,0,0,0,0,1,0,0,0,0,1,0,0,0,1,1,0
41294947,2722.967088332962,2640,K5,K5 3세대,11,35628,1598,5,4,5,0,1,1,1,1,1,1,1,1,1,0,1,0,0,0,0,0,1,0,0,0,0,0,1,0,0,1,0,1
41243266,4425.863399075039,3780,GV70,GV70,8,88167,2497,5,5,2,0,0,0,0,0,0,0,0,0,0,0,0,1,0,0,0,0,1,0,0,0,0,1,0,0,0,1,1,0
41144314,2540.7398004274887,9999,토레스,토레스,100,66796,1497,5,4,1,0,1,1,1,1,1,1,1,1,1,0,0,0,1,0,0,0,1,0,0,0,0,0,1,0,0,1,1,0
41437166,3462.654978735885,4680,쏘렌토,더 뉴 쏘렌토 4세대,58,21158,1598,7,3,0,1,1,1,1,1,1,1,1,1,1,0,1,0,0,0,0,0,0,1,0,0,0,1,0,0,0,1,1,0
41587031,2887.6126226256356,3790,그랜저,그랜저 하이브리드 (GN7),27,58885,1598,5,3,0,0,1,1,1,1,1,1,1,1,1,1,0,0,0,0,0,0,0,1,0,0,0,0,0,0,1,1,0,1
40954102,3074.571948966124,2799,K8,K8 하이브리드,13,60348,1598,5,5,0,0,1,1,1,1,1,1,1,1,1,0,1,0,0,0,0,0,0,1,0,0,0,0,1,0,0,1,0,1
41632162,3067.673489216629,2599,싼타페,더 뉴 싼타페,56,88978,1598,5,3,8,0,1,1,1,1,1,1,1,1,1,1,0,0,0,0,0,0,0,1,0,0,0,0,0,1,0,1,1,0
40707815,3035.4436488311057,2499,스포티지,스포티지 5세대,55,84094,1598,5,5,13,0,1,1,1,1,1,1,1,1,1,0,1,0,0,0,0,0,1,0,0,0,0,0,1,0,0,1,1,0
41407730,2832.235730062908,1999,그랜저,더 뉴 그랜저 IG,27,119601,2497,5,5,7,0,1,1,1,1,1,1,1,1,1,1,0,0,0,0,0,0,1,0,0,0,0,0,1,0,0,1,0,1
41342072,2582.899977616721,2050,토레스,토레스,100,35758,1497,5,4,0,0,1,1,1,1,1,1,1,0,1,0,0,0,1,0,0,0,1,0,0,0,0,1,0,0,0,1,1,0
40768040,3321.9597448306204,2600,갤로퍼,갤로퍼 2,26,151608,2972,6,29,6,0,0,0,1,0,0,0,0,0,1,1,0,0,0,0,0,0,1,0,0,0,0,1,0,0,0,1,1,0
41637839,2819.120910451986,2970,투싼,투싼 (NX4),101,75151,1598,5,3,4,1,1,1,1,1,1,1,1,1,1,1,0,0,0,0,0,0,1,0,0,0,0,0,0,1,0,1,1,0
41377439,3326.4508146315256,5391,카니발,더 뉴 카니발 4세대,85,14552,1598,9,1,3,1,1,1,1,1,1,1,1,1,1,0,1,0,0,0,0,0,0,1,0,0,0,1,0,0,0,1,1,0
41434213,3757.422508106974,1799,G80,G80,5,171192,3342,5,8,3,1,1,1,1,1,1,1,1,1,1,0,0,1,0,0,0,0,1,0,0,0,0,1,0,0,0,1,0,1
41660813,3565.3649600264525,3599,팰리세이드,더 뉴 팰리세이드,107,71772,3778,7,3,1,1,1,1,1,1,1,1,1,1,1,1,0,0,0,0,0,0,1,0,0,0,0,0,0,1,0,1,1,0
41386069,3462.654978735885,2480,쏘렌토,쏘렌토 4세대,58,118434,2151,5,5,18,1,1,1,1,1,1,1,1,1,1,0,1,0,0,0,0,0,0,0,1,0,0,1,0,0,0,1,1,0
41416170,3835.924823652034,4350,G80,G80 (RG3),5,61716,3470,5,4,1,0,1,1,1,1,1,1,1,1,1,0,0,1,0,0,0,0,1,0,0,0,0,0,0,0,1,1,0,1
41129482,3828.3155031297233,3290,G80,G80 (RG3),5,138349,2497,5,4,0,1,1,1,1,1,1,1,1,1,1,0,0,1,0,0,0,0,1,0,0,0,0,0,0,0,1,1,0,1
41512154,3413.9483665185985,3460,쏘렌토,쏘렌토 4세대,58,28033,2151,5,4,0,0,1,1,1,1,1,1,1,1,1,0,1,0,0,0,0,0,0,0,1,0,0,1,0,0,0,1,1,0
40124419,2766.3800913523883,3100,렉스턴,더 뉴 렉스턴 스포츠 칸,35,40285,2157,5,4,4,0,1,1,1,1,1,1,1,1,1,0,0,0,1,0,0,0,0,0,1,0,0,1,0,0,0,1,1,0
41615075,4839.699076110866,3550,G90,G90,6,142477,3778,4,7,2,0,1,1,1,1,1,1,1,1,1,0,0,1,0,0,0,0,1,0,0,0,0,0,0,0,1,1,0,1
41659530,3067.673489216629,2320,싼타페,더 뉴 싼타페,56,85929,2151,5,6,3,0,1,1,1,1,1,1,1,1,1,1,0,0,0,0,0,0,0,0,1,0,0,0,0,1,0,1,1,0
41499373,2602.03768400251,1979,쏘나타,쏘나타 (DN8),57,101982,1598,5,4,5,1,1,1,1,1,1,1,1,1,1,1,0,0,0,0,0,0,1,0,0,0,0,0,1,0,0,1,0,1
41524393,2684.625840071605,2180,쏘나타,쏘나타 (DN8),57,31665,1999,5,5,0,0,1,1,1,1,1,1,1,1,1,1,0,0,0,0,0,0,1,0,0,0,0,0,0,1,0,1,0,1
41158303,3453.3633120692184,2349,쏘렌토,더 뉴 쏘렌토,58,75452,2199,7,8,3,1,1,1,1,1,1,1,1,1,1,0,1,0,0,0,0,0,0,0,1,0,0,1,0,0,0,1,1,0
41599648,4363.6224840519135,3499,GV70,GV70,8,67416,2497,5,5,4,1,1,1,1,1,1,1,1,1,1,0,0,1,0,0,0,0,1,0,0,0,0,0,0,0,1,1,1,0
41633069,2917.9076270847495,3650,그랜저,그랜저 (GN7),27,51419,2497,5,3,0,0,1,1,1,1,1,1,1,1,1,1,0,0,0,0,0,0,1,0,0,0,0,0,1,0,0,1,0,1
41274351,3266.59261814898,4069,카니발,더 뉴 카니발 4세대,85,3900,1598,9,1,2,0,1,1,1,1,1,1,1,1,1,0,1,0,0,0,0,0,0,1,0,0,0,1,0,0,0,1,1,0
41549999,2632.4269067199116,2590,아반떼,더 뉴 아반떼 (CN7),62,25382,1598,5,2,0,0,1,1,1,1,1,1,1,1,1,1,0,0,0,0,0,0,1,0,0,0,0,1,0,0,0,1,0,1
41218823,2739.750535430254,3650,렉스턴,더 뉴 렉스턴 스포츠 칸,35,29951,2157,5,2,0,0,1,1,1,1,1,1,1,1,1,0,0,0,1,0,0,0,0,0,1,0,0,1,0,0,0,1,1,0
40252722,2633.5129880066565,1750,스타렉스,더 뉴 그랜드 스타렉스,50,47445,2497,5,7,0,0,0,1,0,0,0,0,0,0,1,1,0,0,0,0,0,0,0,0,1,0,0,1,0,0,0,1,1,0
41393254,3828.3155031297233,5580,G80,G80 (RG3),5,6789,2497,5,1,0,0,1,1,1,1,1,1,1,1,1,0,0,1,0,0,0,0,1,0,0,0,0,0,1,0,0,1,0,1
40213405,3462.654978735885,3650,쏘렌토,더 뉴 쏘렌토 4세대,58,5000,2151,5,1,2,0,1,1,1,1,1,1,1,1,1,0,1,0,0,0,0,0,0,0,1,0,0,1,0,0,0,1,1,0
40815354,3602.7134342567415,3339,팰리세이드,더 뉴 팰리세이드,107,50542,3778,7,4,1,0,1,1,1,1,1,1,1,1,1,1,0,0,0,0,0,0,1,0,0,0,0,0,1,0,0,1,1,0
41620586,2730.0779228526476,2990,QM6,더 뉴 QM6,17,17903,1997,5,4,0,0,1,1,1,1,1,1,1,1,1,0,0,0,0,0,1,0,1,0,0,0,0,1,0,0,0,1,1,0
41364222,3498.6983665185985,3530,쏘렌토,쏘렌토 4세대,58,70161,1598,7,5,0,1,1,1,1,1,1,1,1,1,1,0,1,0,0,0,0,0,0,1,0,0,0,1,0,0,0,1,1,0
40828121,3086.853182440802,2250,싼타페,더 뉴 싼타페,56,100329,2151,5,6,4,0,1,1,1,1,1,1,1,1,1,1,0,0,0,0,0,0,0,0,1,0,0,0,0,1,0,1,1,0
41484998,3086.853182440802,3480,싼타페,더 뉴 싼타페,56,38588,1598,5,3,1,1,1,1,1,1,1,1,1,1,1,1,0,0,0,0,0,0,0,1,0,0,0,1,0,0,0,1,1,0
41266383,3048.6479659774163,2850,스포티지,스포티지 5세대,55,65316,1598,5,5,2,0,0,0,0,0,0,0,0,0,0,0,1,0,0,0,0,0,1,0,0,0,0,0,0,1,0,1,1,0
41658924,3078.160913373322,1760,캐스퍼,캐스퍼,88,27111,998,4,3,0,1,0,1,1,1,1,1,1,1,1,1,0,0,0,0,0,0,1,0,0,0,0,0,0,0,1,1,0,1
41502755,5398.2920940715185,6350,GV80,GV80,9,25629,3470,6,4,0,1,1,1,1,1,1,1,1,1,1,0,0,1,0,0,0,0,1,0,0,0,0,0,1,0,0,1,1,0
41646986,2985.7852847364197,3450,싼타페,더 뉴 싼타페,56,6630,2497,5,3,0,0,1,1,1,1,1,1,1,1,1,1,0,0,0,0,0,0,1,0,0,0,0,0,1,0,0,1,1,0
41516634,2652.43527743991,1730,아반떼,아반떼 (CN7),62,45340,1598,5,4,7,0,0,1,1,1,1,1,1,1,1,1,0,0,0,0,0,0,1,0,0,0,0,0,0,1,0,1,0,1
41637856,2564.8123299278163,2310,아반떼,아반떼 하이브리드 (CN7),62,47156,1580,5,3,4,0,1,1,1,1,1,1,1,1,1,1,0,0,0,0,0,0,0,1,0,0,0,1,0,0,0,1,0,1
41498632,3223.7858673429773,2870,카니발,카니발 4세대,85,115780,2151,9,4,1,1,1,1,1,1,1,1,1,1,1,0,1,0,0,0,0,0,0,0,1,0,0,1,0,0,0,1,1,0
41607883,2832.235730062908,3170,그랜저,그랜저 (GN7),27,14949,2497,5,3,0,0,1,1,1,1,1,1,1,0,1,1,0,0,0,0,0,0,1,0,0,0,0,0,1,0,0,1,0,1
41652166,2542.268670259569,2099,셀토스,셀토스,49,44511,1591,5,4,4,0,1,1,1,1,1,1,1,1,1,0,1,0,0,0,0,0,1,0,0,0,0,1,0,0,0,1,1,0
41284337,3578.55046978521,8888,스타리아,스타리아,51,69174,2199,9,4,5,0,0,1,1,1,1,1,1,0,1,1,0,0,0,0,0,0,0,0,1,0,0,0,1,0,0,1,1,0
41650382,2779.972995621478,2470,투싼,투싼 (NX4),101,12952,1598,5,3,8,0,0,1,1,1,1,1,1,1,1,1,0,0,0,0,0,0,1,0,0,0,0,1,0,0,0,1,1,0
41544176,3453.3633120692184,5880,쏘렌토,더 뉴 쏘렌토 4세대,58,6394,1598,5,1,0,1,1,1,1,1,1,1,1,1,1,0,1,0,0,0,0,0,0,1,0,0,0,1,0,0,0,1,1,0
41645021,3565.3649600264525,2370,팰리세이드,팰리세이드,107,153240,2199,7,4,3,0,1,1,1,1,1,1,1,1,1,1,0,0,0,0,0,0,0,0,1,0,0,1,0,0,0,1,1,0
41097408,2651.085997141483,2690,렉스턴,올 뉴 렉스턴,35,98859,2157,5,4,5,0,1,1,1,1,1,1,1,1,1,0,0,0,1,0,0,0,0,0,1,0,0,1,0,0,0,1,1,0
41345391,3602.7134342567415,4510,팰리세이드,더 뉴 팰리세이드,107,17225,2199,7,2,0,0,1,1,1,1,1,1,1,1,1,1,0,0,0,0,0,0,0,0,1,0,0,0,0,1,0,1,1,0
41268321,3225.5911934046176,1779,EV6,EV6,3,296643,111,5,4,3,0,1,1,1,1,1,1,1,1,1,0,1,0,0,0,0,0,0,0,0,1,0,1,0,0,0,1,0,1
41184411,3086.853182440802,2090,싼타페,싼타페 TM,56,120251,2199,5,6,4,0,1,1,1,1,1,0,1,1,1,1,0,0,0,0,0,0,0,0,1,0,0,1,0,0,0,1,1,0
41642811,4952.810596887665,2640,G90,G90,6,160882,3778,5,5,10,0,1,1,1,1,1,1,1,1,1,0,0,1,0,0,0,0,1,0,0,0,0,0,1,0,0,1,0,1
41545438,2359.4807967724723,2190,EQ900,EQ900,0,110601,5038,4,10,14,0,1,1,1,1,1,1,1,1,1,0,0,1,0,0,0,0,1,0,0,0,0,0,1,0,0,1,0,1
41179608,3015.4650086512584,2780,싼타페,더 뉴 싼타페,56,60982,1598,5,5,0,0,1,1,1,1,1,1,1,1,1,1,0,0,0,0,0,0,0,1,0,0,0,1,0,0,0,1,1,0
41451050,2632.4269067199116,2600,아반떼,아반떼 (CN7),62,24775,1998,5,4,0,0,1,1,1,1,1,1,1,1,1,1,0,0,0,0,0,0,1,0,0,0,0,0,0,1,0,1,0,1
41565195,2792.2446070107953,2850,투싼,투싼 (NX4),101,35447,1598,5,3,2,0,1,1,1,1,1,1,1,1,1,1,0,0,0,0,0,0,1,0,0,0,0,1,0,0,0,1,1,0
41570902,4331.174374684793,3880,GV70,GV70,8,47791,2497,5,5,1,1,1,1,1,1,1,1,1,1,1,0,0,1,0,0,0,0,1,0,0,0,0,1,0,0,0,1,1,0
41126383,3835.924823652034,2350,G80,G80,5,50463,3342,5,6,5,0,1,1,1,1,1,1,1,1,1,0,0,1,0,0,0,0,1,0,0,0,0,1,0,0,0,1,0,1
40976858,2582.899977616721,2199,토레스,토레스,100,21435,1497,5,4,2,1,1,1,1,1,1,1,1,1,1,0,0,0,1,0,0,0,1,0,0,0,0,1,0,0,0,1,1,0
41430983,5406.43473495045,3499,GV80,GV80,9,169695,3470,5,6,1,0,1,1,1,1,1,1,1,1,1,0,0,1,0,0,0,0,1,0,0,0,0,0,0,1,0,1,1,0
41628730,3828.3155031297233,4090,G80,G80 (RG3),5,66406,2497,5,4,2,0,1,1,1,1,1,1,1,1,1,0,0,1,0,0,0,0,1,0,0,0,0,0,0,1,0,1,0,1
41280324,2766.3800913523883,1890,렉스턴,G4 렉스턴,35,80326,2157,5,8,13,1,1,1,1,0,1,1,1,1,1,0,0,0,1,0,0,0,0,0,1,0,0,1,0,0,0,1,1,0
41256207,2931.58161642511,1800,그랜저,더 뉴 그랜저 IG,27,121784,2497,5,5,0,0,1,1,1,1,1,1,1,1,1,1,0,0,0,0,0,0,1,0,0,0,0,1,0,0,0,1,0,1
41384718,3614.405854880476,2799,팰리세이드,팰리세이드,107,84590,2199,7,5,1,0,0,1,1,1,1,1,1,1,1,1,0,0,0,0,0,0,0,0,1,0,0,0,1,0,0,1,1,0
41619229,3266.59261814898,2520,카니발,카니발 4세대,85,66059,2151,9,4,7,0,1,1,1,1,1,1,1,1,1,0,1,0,0,0,0,0,0,0,1,0,0,0,1,0,0,1,1,0
41479646,2549.1999088680786,1890,XM3,XM3,23,18975,1598,5,4,2,0,0,0,0,0,0,0,0,0,0,0,0,0,0,0,1,0,1,0,0,0,0,1,0,0,0,1,1,0
41506460,3602.7134342567415,3800,팰리세이드,더 뉴 팰리세이드,107,27089,3778,7,4,0,1,1,1,1,1,1,1,1,1,1,1,0,0,0,0,0,0,1,0,0,0,0,0,0,1,0,1,1,0
41514021,3602.7134342567415,3100,팰리세이드,팰리세이드,107,89127,2199,7,4,0,1,1,1,1,1,1,1,1,1,1,1,0,0,0,0,0,0,0,0,1,0,0,0,0,1,0,1,1,0
41285553,2931.58161642511,1720,그랜저,그랜저 IG,27,71851,2999,5,9,4,0,0,1,1,1,1,1,1,1,1,1,0,0,0,0,0,0,1,0,0,0,0,0,1,0,0,1,0,1
41622902,2730.0779228526476,1780,QM6,더 뉴 QM6,17,61533,1998,5,6,1,1,1,1,1,1,1,1,1,1,1,0,0,0,0,0,1,1,0,0,0,0,0,0,0,0,1,1,1,0
41631838,3757.422508106974,3500,G80,G80 (RG3),5,62599,2497,5,6,2,0,0,0,0,0,0,0,0,0,0,0,0,1,0,0,0,0,1,0,0,0,0,0,1,0,0,1,0,1
41467137,2652.43527743991,2650,아반떼,아반떼 (CN7),62,28830,1998,5,3,1,0,1,1,1,1,1,1,1,0,1,1,0,0,0,0,0,0,1,0,0,0,0,0,0,1,0,1,0,1
41448882,2611.388696455017,2550,K5,K5 3세대,11,26080,1598,5,5,0,0,1,1,1,1,1,1,1,1,1,0,1,0,0,0,0,0,1,0,0,0,0,0,0,1,0,1,0,1
41198664,3757.422508106974,4099,G80,G80 (RG3),5,37337,2497,5,6,3,1,1,1,1,1,1,1,1,1,1,0,0,1,0,0,0,0,1,0,0,0,0,1,0,0,0,1,0,1
41606771,2631.6880923441727,9999,QM6,더 뉴 QM6,17,22881,1997,5,3,2,0,0,0,0,0,0,0,0,0,0,0,0,0,0,0,1,0,1,0,0,0,0,1,0,0,0,1,1,0
41625594,5398.2920940715185,6190,GV80,GV80,9,9363,2497,5,3,0,0,1,1,1,1,1,1,1,1,1,0,0,1,0,0,0,0,1,0,0,0,0,1,0,0,0,1,1,0
40751385,4363.6224840519135,5650,GV70,GV70,8,817,2497,5,2,0,0,1,1,1,1,1,1,1,1,1,0,0,1,0,0,0,0,1,0,0,0,0,0,0,1,0,1,1,0
41352880,3555.8753163906044,3870,팰리세이드,팰리세이드,107,28414,2199,7,5,5,0,1,1,1,1,1,1,1,1,1,1,0,0,0,0,0,0,0,0,1,0,0,0,1,0,0,1,1,0
41643306,3015.4650086512584,1720,싼타페,싼타페 더 프라임,56,56871,1995,5,9,5,0,1,1,1,1,1,1,1,1,1,1,0,0,0,0,0,0,0,0,1,0,0,0,1,0,0,1,1,0
41612485,3877.838318635213,3760,G80,G80 (RG3),5,108182,3470,5,3,2,1,1,1,1,1,1,1,1,1,1,0,0,1,0,0,0,0,1,0,0,0,0,0,0,0,1,1,0,1
41483004,2985.7852847364197,3650,싼타페,싼타페 (MX5),56,61109,1598,7,2,0,0,1,1,1,1,1,1,1,1,1,1,0,0,0,0,0,0,0,1,0,0,0,1,0,0,0,1,1,0
41135830,2977.9930594535554,1980,코나,더 뉴 코나,91,98365,1598,5,6,1,0,1,1,1,1,1,1,1,1,1,1,0,0,0,0,0,0,1,0,0,0,0,0,0,1,0,1,1,0
41631173,3565.3649600264525,3730,팰리세이드,더 뉴 팰리세이드,107,63503,2199,7,3,1,0,1,1,1,1,1,1,1,1,1,1,0,0,0,0,0,0,0,0,1,0,0,1,0,0,0,1,1,0
40700905,3757.422508106974,4500,G80,G80 (RG3),5,31586,2497,5,5,2,0,1,1,1,1,1,1,1,1,1,0,0,1,0,0,0,0,1,0,0,0,0,0,0,0,1,1,0,1
41565773,2985.7852847364197,2290,싼타페,싼타페 TM,56,82963,1995,5,7,3,0,1,1,1,1,1,1,1,1,1,1,0,0,0,0,0,0,0,0,1,0,0,0,0,1,0,1,1,0
41066935,3555.8753163906044,3499,팰리세이드,팰리세이드,107,75935,2199,7,5,2,0,1,1,1,1,1,1,1,1,1,1,0,0,0,0,0,0,0,0,1,0,0,0,0,1,0,1,1,0
41650035,3015.4650086512584,2550,싼타페,싼타페 TM,56,72706,1995,7,6,4,1,1,1,1,1,1,1,1,1,1,1,0,0,0,0,0,0,0,0,1,0,0,0,1,0,0,1,1,0
40802385,3131.1383633963924,2280,K9,더 K9,14,113564,3342,5,8,2,0,1,1,1,1,1,1,1,1,1,0,1,0,0,0,0,0,1,0,0,0,0,1,0,0,0,1,0,1
41291061,3023.6613421774,2170,티볼리,더 뉴 티볼리,105,17501,1497,5,2,1,0,0,1,1,1,1,1,1,1,1,0,0,0,1,0,0,0,1,0,0,0,0,1,0,0,0,1,1,0
40458350,2580.7207386685927,2850,아반떼,더 뉴 아반떼 (CN7),62,16999,1998,5,2,0,1,1,1,1,1,1,1,1,1,1,1,0,0,0,0,0,0,1,0,0,0,0,0,0,1,0,0,0,1
41341722,2917.9076270847495,3499,그랜저,그랜저 하이브리드 (GN7),27,35234,1598,5,3,3,1,1,1,1,1,1,1,1,1,1,1,0,0,0,0,0,0,0,1,0,0,0,0,0,1,0,1,0,1
41225266,2673.1365231294194,2300,트랙스,트랙스 크로스오버,103,22314,1199,5,2,0,0,1,1,1,1,1,0,1,1,1,0,0,0,0,1,0,0,1,0,0,0,0,1,0,0,0,1,1,0
41516797,2931.58161642511,2890,그랜저,더 뉴 그랜저 IG,27,40268,2497,5,5,0,0,1,1,1,1,1,1,1,1,1,1,0,0,0,0,0,0,1,0,0,0,0,1,0,0,0,1,0,1
41660578,2580.7207386685927,2150,아반떼,아반떼 하이브리드 (CN7),62,52345,1580,5,5,3,0,1,1,1,1,1,1,1,1,1,1,0,0,0,0,0,0,0,1,0,0,0,0,0,1,0,1,0,1
41331996,5373.873808791013,8350,GV80,GV80,9,2367,2497,6,1,0,1,1,1,1,1,1,1,1,1,1,0,0,1,0,0,0,0,1,0,0,0,0,1,0,0,0,1,1,0
39265250,3847.011384330083,4469,G80,G80 (RG3),5,60070,3470,5,3,0,0,1,1,1,1,1,1,1,1,1,0,0,1,0,0,0,0,1,0,0,0,0,0,1,0,0,1,0,1
41574827,3847.011384330083,4100,G80,G80 (RG3),5,77693,2497,5,4,0,1,1,1,1,1,1,1,1,1,1,0,0,1,0,0,0,0,1,0,0,0,0,0,1,0,0,1,0,1
41615426,2758.425760042816,2490,렉스턴,더 뉴 렉스턴 스포츠,35,48254,2157,5,4,2,1,1,1,1,1,1,1,1,1,1,0,0,0,1,0,0,0,0,0,1,0,0,1,0,0,0,1,1,0
41418656,3363.123688014581,1890,말리부,더 뉴 말리부,40,42694,1998,5,6,1,1,1,1,1,1,1,1,1,1,1,0,0,0,0,1,0,0,1,0,0,0,0,0,0,1,0,1,0,1
40551942,2854.9748405191376,2700,볼트,볼트 EUV,48,5733,188,5,4,13,1,1,1,1,1,1,1,1,1,1,0,0,0,0,1,0,0,0,0,0,1,0,1,0,0,0,1,0,1
41558395,4425.863399075039,3190,GV70,GV70,8,93576,2497,5,5,2,0,1,1,1,1,1,1,1,1,1,0,0,1,0,0,0,0,1,0,0,0,0,0,1,0,0,1,1,0
41637873,3835.924823652034,4540,G80,G80 (RG3),5,21322,2497,5,4,0,1,1,1,1,1,1,1,1,1,1,0,0,1,0,0,0,0,1,0,0,0,0,0,0,1,0,1,0,1
41058538,2336.694042597241,9999,코란도,코란도 스포츠,92,113296,1998,5,11,2,0,0,1,0,0,0,0,1,0,1,0,0,0,1,0,0,0,0,0,1,0,0,0,0,0,1,1,1,0
39893722,5025.51401270444,3430,G90,G90,6,180176,3778,5,5,6,0,1,1,1,1,1,1,1,1,1,0,0,1,0,0,0,0,1,0,0,0,0,0,1,0,0,1,0,1
41584370,3035.4436488311057,1920,스포티지,스포티지 더 볼드,55,80041,1999,5,6,0,0,0,1,1,1,1,1,1,1,1,0,1,0,0,0,0,0,1,0,0,0,0,1,0,0,0,1,1,0
41527910,2357.565903155451,2449,EQ900,EQ900,0,138316,3342,5,9,6,0,1,1,1,1,1,1,1,1,1,0,0,1,0,0,0,0,1,0,0,0,0,0,0,0,1,1,0,1
40898730,3622.6650569373537,5390,모하비,모하비 더 마스터,43,51318,2959,5,3,0,1,1,1,1,1,1,1,1,1,1,0,1,0,0,0,0,0,0,0,1,0,0,0,1,0,0,1,1,0
41195315,2745.0972283326,2050,트랙스,트랙스 크로스오버,103,43953,1199,5,3,0,0,1,1,1,1,1,0,1,1,1,0,0,0,0,1,0,0,1,0,0,0,0,0,0,0,1,1,1,0
41408943,3847.011384330083,5850,G80,G80 (RG3),5,19758,2497,5,1,0,0,1,1,1,1,1,1,1,1,1,0,0,1,0,0,0,0,1,0,0,0,0,1,0,0,0,1,0,1
40667255,2652.43527743991,1890,아반떼,더 뉴 아반떼 (CN7),62,55187,1591,5,3,13,0,1,1,1,1,1,1,1,1,1,1,0,0,0,0,0,1,0,0,0,0,0,0,0,1,0,1,0,1
41408277,2832.235730062908,3420,그랜저,그랜저 (GN7),27,20460,2497,5,3,2,0,1,1,1,1,1,1,1,1,1,1,0,0,0,0,0,0,1,0,0,0,0,0,0,1,0,1,0,1
41441424,3621.3998177361573,4170,타스만,타스만,97,4000,2497,5,1,2,0,1,1,1,1,1,1,1,1,1,0,1,0,0,0,0,0,1,0,0,0,0,0,0,1,0,1,1,0
41651457,3757.422508106974,3720,G80,G80 (RG3),5,62821,2497,5,3,0,1,1,1,1,1,1,1,1,1,1,0,0,1,0,0,0,0,1,0,0,0,0,0,0,0,1,1,0,1
40717590,3462.654978735885,4690,쏘렌토,더 뉴 쏘렌토 4세대,58,26534,1598,5,2,1,1,1,1,1,1,1,1,1,1,1,0,1,0,0,0,0,0,0,1,0,0,0,0,1,0,0,1,1,0
41005035,3086.853182440802,4050,싼타페,싼타페 (MX5),56,25088,2497,7,3,0,1,1,1,1,1,1,1,1,1,1,1,0,0,0,0,0,0,1,0,0,0,0,1,0,0,0,1,1,0
41645915,3073.8059832820063,2890,콜로라도,리얼 뉴 콜로라도,94,12643,3649,5,5,1,0,0,1,1,1,0,1,1,0,1,0,0,0,0,1,0,0,1,0,0,0,0,0,0,0,1,1,1,0
41165398,2615.360723815946,2190,토레스,토레스,100,27577,1497,5,4,4,0,1,1,1,1,1,1,1,1,1,0,0,0,1,0,0,0,1,0,0,0,0,0,0,1,0,1,1,0
41563361,4839.699076110866,3860,G90,G90,6,68367,3778,5,6,0,0,1,1,1,1,1,1,1,1,1,0,0,1,0,0,0,0,1,0,0,0,0,0,0,0,1,1,0,1
41276142,4331.174374684793,3980,GV70,GV70,8,70191,2497,5,4,0,0,1,1,1,1,1,1,1,1,1,0,0,1,0,0,0,0,1,0,0,0,0,0,1,0,0,1,1,0
41438118,3602.7134342567415,9999,팰리세이드,팰리세이드,107,148423,3778,7,4,2,1,1,1,1,1,1,1,1,1,1,1,0,0,0,0,0,0,1,0,0,0,0,1,0,0,0,1,1,0
41096135,3293.2719489661245,2850,K8,K8,13,69200,2497,5,4,3,1,1,1,1,1,1,1,1,1,1,0,1,0,0,0,0,0,1,0,0,0,0,0,0,1,0,1,0,1
41466888,3555.8753163906044,2870,팰리세이드,팰리세이드,107,130270,2199,7,5,1,0,1,1,1,1,1,1,1,1,1,1,0,0,0,0,0,0,0,0,1,0,0,1,0,0,0,1,1,0
41389196,2931.58161642511,4150,그랜저,그랜저 하이브리드 (GN7),27,26926,1598,5,2,0,0,1,1,1,1,1,1,1,1,1,1,0,0,0,0,0,0,0,1,0,0,0,1,0,0,0,1,0,1
41648979,2389.469509745787,1899,EQ900,EQ900,0,161067,3778,5,10,2,0,1,1,1,1,1,1,1,1,1,0,0,1,0,0,0,0,1,0,0,0,0,0,1,0,0,1,0,1
41175117,2766.3800913523883,2350,렉스턴,더 뉴 렉스턴 스포츠,35,33156,2157,5,5,0,0,1,1,1,1,1,1,1,1,1,0,0,0,1,0,0,0,0,0,1,0,0,1,0,0,0,1,1,0
40929273,2977.9930594535554,2930,코나,코나 (SX2),91,6827,1598,5,2,0,0,1,1,1,1,1,1,1,1,1,1,0,0,0,0,0,0,1,0,0,0,0,0,0,1,0,1,1,0
41556709,3614.405854880476,2350,팰리세이드,팰리세이드,107,90162,3778,7,7,2,1,1,1,1,1,1,1,1,1,1,1,0,0,0,0,0,0,1,0,0,0,0,0,0,0,1,1,1,0
40535930,3739.1331206921836,5590,타호,타호,98,23866,6162,7,4,1,1,1,1,1,1,1,0,1,1,1,0,0,0,0,1,0,0,1,0,0,0,0,1,0,0,0,1,1,0
41517558,5130.415213793392,3300,G90,G90,6,126115,3778,5,6,2,0,1,1,1,1,1,1,1,1,1,0,0,1,0,0,0,0,1,0,0,0,0,0,1,0,0,1,0,1
41645907,2631.6880923441727,2140,QM6,더 뉴 QM6,17,49670,1997,5,4,0,0,1,1,1,1,1,1,1,0,1,0,0,0,0,0,1,0,1,0,0,0,0,1,0,0,0,1,1,0
41595650,2750.0422913352963,1850,아반떼,아반떼 (CN7),62,48314,1598,5,6,2,0,1,1,1,1,1,1,1,1,1,1,0,0,0,0,0,0,1,0,0,0,0,0,1,0,0,1,0,1
41607161,2887.6126226256356,3700,그랜저,그랜저 하이브리드 (GN7),27,19316,1598,5,3,6,0,1,1,1,1,1,1,1,1,1,1,0,0,0,0,0,0,0,1,0,0,0,1,0,0,0,1,0,1
40873997,2832.235730062908,2099,그랜저,그랜저 IG,27,99947,2999,5,7,4,1,1,1,1,1,1,1,1,1,1,1,0,0,0,0,0,0,1,0,0,0,0,1,0,0,0,1,0,1
41194028,3379.27987241531,1995,레이,더 뉴 기아 레이 EV,34,44201,133,4,3,2,0,0,1,1,1,1,1,1,1,1,0,1,0,0,0,0,0,0,0,0,1,0,0,0,0,1,1,0,1
41517169,3594.805689983869,2990,스타리아,스타리아,51,73980,1598,5,2,11,0,1,1,1,1,1,1,1,1,1,1,0,0,0,0,0,0,0,1,0,0,0,0,1,0,0,1,1,0
41353983,3063.629778185483,3980,싼타페,싼타페 (MX5),56,24379,1598,5,2,1,0,1,1,1,1,1,1,1,1,1,1,0,0,0,0,0,0,0,1,0,0,0,1,0,0,0,1,1,0
41065267,5313.932698356571,6940,GV80,GV80,9,27413,2497,5,2,0,0,1,1,1,1,1,1,1,1,1,0,0,1,0,0,0,0,1,0,0,0,0,1,0,0,0,1,1,0
40953881,3276.955066568482,4430,카니발,카니발 4세대,85,64168,2151,9,5,0,0,1,1,1,1,1,1,1,1,1,0,1,0,0,0,0,0,0,0,1,0,0,0,1,0,0,1,1,0
41651933,2620.1903020024697,2140,쏘나타,쏘나타 디 엣지(DN8),57,68884,1999,5,2,4,0,1,1,1,0,1,0,1,0,1,1,0,0,0,0,0,1,0,0,0,0,0,0,0,1,0,1,0,1
41583452,4477.328734051914,4350,GV70,GV70,8,39139,2497,5,4,0,1,1,1,1,1,1,1,1,1,1,0,0,1,0,0,0,0,1,0,0,0,0,0,0,1,0,1,1,0
41114565,3555.8753163906044,2845,팰리세이드,팰리세이드,107,44949,3778,7,4,0,0,1,1,1,1,1,1,1,1,1,1,0,0,0,0,0,0,1,0,0,0,0,1,0,0,0,1,1,0
41415586,2730.0779228526476,2690,QM6,더 뉴 QM6,17,43563,1997,5,5,1,0,1,1,1,1,1,1,1,1,1,0,0,0,0,0,1,0,1,0,0,0,0,0,0,1,0,1,1,0
40843146,3063.629778185483,3670,싼타페,싼타페 (MX5),56,45887,2497,7,3,2,1,1,1,1,1,1,1,1,1,1,1,0,0,0,0,0,0,1,0,0,0,0,0,1,0,0,1,1,0
41004896,2684.625840071605,2020,쏘나타,쏘나타 (DN8),57,68793,1999,5,5,0,0,1,1,1,1,1,1,1,1,1,1,0,0,0,0,0,0,1,0,0,0,0,0,1,0,0,1,0,1
41537411,3199.8165603460916,3050,스팅어,스팅어 마이스터,53,65631,2497,5,5,2,1,1,1,1,1,1,1,1,1,1,0,1,0,0,0,0,0,1,0,0,0,0,0,0,0,1,1,0,1
41502508,3578.55046978521,2700,스타리아,스타리아,51,65557,3470,9,4,2,0,1,1,1,1,1,1,1,1,1,1,0,0,0,0,0,1,0,0,0,0,0,0,1,0,0,1,1,0
41470118,2521.502498674518,2320,트랙스,트랙스 크로스오버,103,22416,1199,5,2,0,0,1,1,1,1,1,0,1,1,1,0,0,0,0,1,0,0,1,0,0,0,0,0,1,0,0,1,1,0
41603243,3118.8378870397623,1900,코나,더 뉴 코나,91,2948,1598,5,5,0,0,0,1,1,0,0,0,1,0,0,1,0,0,0,0,0,0,1,0,0,0,0,0,0,1,0,1,1,0
41169526,3550.2021461772415,2060,스타리아,스타리아,51,95504,2199,3,5,0,0,0,1,1,0,1,1,1,0,1,1,0,0,0,0,0,0,0,0,1,0,0,1,0,0,0,1,1,0
37018713,2632.4269067199116,2490,아반떼,아반떼 (CN7),62,29499,1998,5,5,4,0,1,1,1,1,1,1,1,1,1,1,0,0,0,0,0,0,1,0,0,0,0,0,0,1,0,1,0,1
41647963,2981.507496023554,1849,벨로스터,벨로스터 (JS),47,48557,1998,4,7,2,0,1,1,1,1,1,1,1,0,1,1,0,0,0,0,0,0,1,0,0,0,0,0,0,0,1,0,0,1
41155544,2985.7852847364197,2699,싼타페,더 뉴 싼타페,56,198383,1598,5,5,1,1,1,1,1,1,1,1,1,1,1,1,0,0,0,0,0,0,0,1,0,0,0,1,0,0,0,1,1,0
40826348,3565.3649600264525,2750,팰리세이드,팰리세이드,107,33563,3778,8,6,1,1,1,1,1,1,1,1,1,1,1,1,0,0,0,0,0,0,1,0,0,0,0,1,0,0,0,1,1,0
40064755,3835.924823652034,4350,G80,G80 (RG3),5,28696,2497,5,3,0,0,1,1,1,1,1,1,1,1,1,0,0,1,0,0,0,0,1,0,0,0,0,1,0,0,0,1,0,1
40902344,3048.6479659774163,2399,스포티지,스포티지 5세대,55,90926,1598,5,4,1,0,1,1,1,1,1,0,1,1,1,0,1,0,0,0,0,0,1,0,0,0,0,1,0,0,0,1,1,0
41528612,3132.2210078650214,3150,코나,코나 일렉트릭 (SX2),91,15767,180,5,1,3,0,1,1,1,1,1,1,1,1,1,1,0,0,0,0,0,0,0,0,0,1,0,0,0,1,0,1,1,0
41621188,3132.2210078650214,2145,코나,더 뉴 코나,91,59698,1598,5,6,5,0,1,1,1,1,1,1,1,1,1,1,0,0,0,0,0,0,1,0,0,0,0,0,0,1,0,1,1,0
41158758,2652.43527743991,2870,아반떼,더 뉴 아반떼 (CN7),62,7840,1998,5,2,0,1,1,1,1,1,1,1,1,1,1,1,0,0,0,0,0,0,1,0,0,0,0,0,0,1,0,0,0,1
41445053,3555.8753163906044,2450,팰리세이드,팰리세이드,107,80698,2199,7,7,2,0,1,1,1,1,1,1,1,1,1,1,0,0,0,0,0,0,0,0,1,0,0,1,0,0,0,1,1,0
41518355,3463.9361949029885,2090,아이오닉5,아이오닉5,66,158145,111,5,5,14,0,1,1,1,1,1,1,1,1,1,1,0,0,0,0,0,0,0,0,0,1,0,1,0,0,0,1,0,1
40975665,3223.7858673429773,2199,카니발,카니발 4세대,85,169071,2151,7,6,5,1,1,1,1,1,1,1,1,1,1,0,1,0,0,0,0,0,0,0,1,0,0,0,0,0,1,1,1,0
41534033,3498.6983665185985,2690,쏘렌토,쏘렌토 4세대,58,72290,2151,7,4,0,0,1,1,1,1,1,1,1,1,1,0,1,0,0,0,0,0,0,0,1,0,0,0,0,0,1,1,1,0
41584678,2832.235730062908,2380,그랜저,그랜저 IG,27,85384,2999,5,9,0,1,1,1,1,1,1,1,1,1,1,1,0,0,0,0,0,0,1,0,0,0,0,0,1,0,0,1,0,1
41482965,2849.033733094886,2050,G70,G70,4,94543,3342,5,7,10,0,1,1,1,1,1,1,1,1,1,0,0,1,0,0,0,0,1,0,0,0,0,0,0,0,1,1,0,1
41316809,3555.8753163906044,3390,팰리세이드,팰리세이드,107,97029,2199,8,4,0,1,1,1,1,1,1,1,1,1,1,1,0,0,0,0,0,0,0,0,1,0,0,1,0,0,0,1,1,0
41548058,3498.6983665185985,4180,쏘렌토,더 뉴 쏘렌토 4세대,58,48366,1598,5,3,1,1,1,1,1,1,1,1,1,1,1,0,1,0,0,0,0,0,0,1,0,0,0,1,0,0,0,1,1,0
41639639,3463.9361949029885,3350,아이오닉5,아이오닉5,66,63676,111,5,4,3,1,1,1,1,1,1,1,1,1,1,1,0,0,0,0,0,0,0,0,0,1,0,1,0,0,0,1,0,1
41640148,2620.1903020024697,2940,쏘나타,쏘나타 디 엣지 하이브리드(DN8),57,50116,1999,5,2,0,0,1,1,1,1,1,1,1,1,1,1,0,0,0,0,0,0,0,1,0,0,0,0,0,1,0,1,0,1
41181682,4331.174374684793,8888,GV70,GV70,8,72574,2497,5,4,5,1,1,1,1,1,1,1,1,1,1,0,0,1,0,0,0,0,1,0,0,0,0,0,0,1,0,1,1,0
41660922,3877.838318635213,3699,G80,G80 (RG3),5,92138,3470,5,5,2,1,1,1,1,1,1,1,1,1,1,0,0,1,0,0,0,0,1,0,0,0,0,0,1,0,0,1,0,1
40634931,2357.565903155451,2490,EQ900,EQ900,0,139884,3778,5,8,2,0,1,1,1,1,1,1,1,1,1,0,0,1,0,0,0,0,1,0,0,0,0,0,1,0,0,1,0,1
41652727,3320.3306710887,3399,EV6,더 뉴 EV6,3,65105,120,5,2,8,0,1,1,1,1,1,1,1,1,1,0,1,0,0,0,0,0,0,0,0,1,0,1,0,0,0,1,0,1
41537424,2740.9459912429556,2150,QM6,더 뉴 QM6,17,23450,1998,5,4,1,0,1,1,1,1,1,0,1,1,1,0,0,0,0,0,1,1,0,0,0,0,0,0,0,1,0,1,1,0
41634026,2887.6126226256356,2200,그랜저,더 뉴 그랜저 IG 하이브리드,27,101067,2359,5,7,6,1,1,1,1,1,1,1,1,1,1,1,0,0,0,0,0,0,0,1,0,0,0,0,0,1,0,1,0,1
41650533,2576.09014604522,2170,스타렉스,그랜드 스타렉스,50,77254,2497,12,9,2,0,0,1,0,0,0,0,0,0,0,1,0,0,0,0,0,0,0,0,1,0,0,0,0,1,0,1,1,0
41652918,2887.6126226256356,2180,그랜저,더 뉴 그랜저 IG,27,71527,2497,5,5,1,0,1,1,1,1,1,1,1,0,1,1,0,0,0,0,0,0,1,0,0,0,0,0,1,0,0,1,0,1
41055426,2779.972995621478,2290,투싼,투싼 (NX4),101,76642,1598,5,4,1,0,0,1,1,1,1,1,1,1,1,1,0,0,0,0,0,0,1,0,0,0,0,1,0,0,0,1,1,0
41594058,3614.405854880476,3830,팰리세이드,팰리세이드,107,44158,2199,7,5,2,1,1,1,1,1,1,1,1,1,1,1,0,0,0,0,0,0,0,0,1,0,0,1,0,0,0,1,1,0
41549554,3067.673489216629,2780,싼타페,더 뉴 싼타페,56,56467,2151,5,4,0,0,1,1,1,1,1,1,1,1,1,1,0,0,0,0,0,0,0,0,1,0,0,1,0,0,0,1,1,0
41487254,2883.686388250694,2299,G70,G70,4,117700,2199,5,7,5,1,1,1,1,1,1,1,1,1,1,0,0,1,0,0,0,0,0,0,1,0,0,0,1,0,0,1,0,1
41596653,3847.011384330083,3350,G80,G80 (RG3),5,126770,2497,5,4,4,0,1,1,1,1,1,1,1,1,1,0,0,1,0,0,0,0,1,0,0,0,0,0,1,0,0,1,0,1
41173683,3526.7998840139185,3849,콜레오스,그랑 콜레오스,93,10505,1499,5,1,0,0,1,1,1,1,1,1,1,1,1,0,0,0,0,0,1,0,0,1,0,0,0,1,0,0,0,1,1,0
41501688,3877.838318635213,2690,G80,G80 (RG3),5,184793,2497,5,6,4,0,1,1,1,1,1,1,1,1,1,0,0,1,0,0,0,0,1,0,0,0,0,0,1,0,0,1,0,1
41463459,3828.3155031297233,3330,G80,G80 (RG3),5,74878,3470,5,6,0,0,1,1,1,1,1,1,1,1,1,0,0,1,0,0,0,0,1,0,0,0,0,0,1,0,0,1,0,1
41623907,4331.174374684793,4481,GV70,GV70,8,1480,2497,5,1,2,1,1,1,1,1,1,1,1,1,1,0,0,1,0,0,0,0,1,0,0,0,0,1,0,0,0,1,1,0
38594980,3594.805689983869,2800,스타리아,스타리아,51,46047,2199,11,4,7,0,0,1,1,0,1,1,1,0,1,1,0,0,0,0,0,0,0,0,1,0,0,0,0,1,0,1,1,0
39712409,2993.374293546313,2700,콜로라도,리얼 뉴 콜로라도,94,12900,3649,5,4,2,0,0,1,1,1,0,1,1,0,1,0,0,0,0,1,0,0,1,0,0,0,0,0,0,0,1,1,1,0
41611074,2887.6126226256356,3540,그랜저,그랜저 하이브리드 (GN7),27,46214,1598,5,3,0,0,1,1,1,1,1,1,1,1,1,1,0,0,0,0,0,0,0,1,0,0,0,0,1,0,0,1,0,1
41375923,3048.6479659774163,2999,스포티지,스포티지 5세대,55,39751,1598,5,4,10,0,1,1,1,1,1,1,1,1,1,0,1,0,0,0,0,0,1,0,0,0,0,1,0,0,0,1,1,0
41498612,3602.7134342567415,2710,팰리세이드,팰리세이드,107,100380,3778,8,5,2,0,1,1,1,1,1,1,1,1,1,1,0,0,0,0,0,0,1,0,0,0,0,1,0,0,0,1,1,0
41645839,5406.43473495045,4490,GV80,GV80,9,109888,2497,6,4,1,0,1,1,1,1,1,1,1,1,1,0,0,1,0,0,0,0,1,0,0,0,0,0,0,1,0,1,1,0
41596884,2643.06965830767,1930,QM6,더 뉴 QM6,17,61860,1998,5,3,1,0,1,1,1,1,1,1,1,1,1,0,0,0,0,0,1,1,0,0,0,0,0,0,0,1,0,1,1,0
40971129,2878.424920259569,2290,트레일블레이저,더 뉴 트레일블레이저,104,17774,1341,5,2,2,0,0,0,0,0,0,0,0,0,0,0,0,0,0,1,0,0,1,0,0,0,0,1,0,0,0,1,1,0
41382473,3481.2136636754276,1950,아이오닉5,아이오닉5,66,200032,111,5,4,0,0,1,1,1,1,1,1,1,1,1,1,0,0,0,0,0,0,0,0,0,1,0,0,0,1,0,1,0,1
41591687,3183.022820690089,3290,아이오닉5,아이오닉5,66,86287,111,5,5,0,1,1,1,1,1,1,1,1,1,1,1,0,0,0,0,0,0,0,0,0,1,0,1,0,0,0,1,0,1
40213631,3266.59261814898,3963,카니발,더 뉴 카니발 4세대,85,28000,2151,9,2,2,0,1,1,1,1,1,1,1,1,1,0,1,0,0,0,0,0,0,0,1,0,0,1,0,0,0,1,1,0
41524172,3835.924823652034,3990,G80,G80 (RG3),5,54979,2497,5,5,1,0,1,1,1,1,1,1,1,1,1,0,0,1,0,0,0,0,1,0,0,0,0,0,0,1,0,1,0,1
41203545,3035.4436488311057,2420,스포티지,스포티지 5세대,55,83119,1998,5,5,0,0,1,1,1,1,1,1,1,1,1,0,1,0,0,0,0,0,0,0,1,0,0,1,0,0,0,1,1,0
41635165,3108.745207717931,2790,스포티지,스포티지 5세대,55,32600,1598,5,2,6,1,1,1,1,1,1,1,1,1,1,0,1,0,0,0,0,0,1,0,0,0,0,1,0,0,0,1,1,0
41593025,3067.673489216629,2220,싼타페,싼타페 TM,56,73295,2199,5,8,3,0,0,1,1,1,1,1,1,1,1,1,0,0,0,0,0,0,0,0,1,0,0,0,1,0,0,1,1,0
41192970,3192.917496959188,2950,액티언,액티언 2세대,71,10130,1497,5,2,0,0,1,1,1,1,1,1,1,1,1,0,0,0,1,0,0,0,1,0,0,0,0,0,1,0,0,1,1,0
41464427,2985.7852847364197,2250,싼타페,더 뉴 싼타페,56,119832,2151,5,4,1,0,1,1,1,1,1,1,1,1,1,1,0,0,0,0,0,0,0,0,1,0,0,0,0,1,0,1,1,0
41213425,3223.7858673429773,3150,카니발,카니발 4세대,85,79422,2151,7,5,2,0,1,1,1,1,1,1,1,1,1,0,1,0,0,0,0,0,0,0,1,0,0,0,1,0,0,1,1,0
41465272,3463.9361949029885,3149,아이오닉5,아이오닉5,66,18559,111,5,4,0,0,1,1,1,1,1,1,1,1,1,1,0,0,0,0,0,0,0,0,0,1,0,1,0,0,0,1,0,1
41634643,2651.085997141483,3700,렉스턴,올 뉴 렉스턴,35,19210,2157,5,5,2,0,1,1,1,1,1,1,1,1,1,0,0,0,1,0,0,0,0,0,1,0,0,0,1,0,0,1,1,0
41341754,3453.3633120692184,3650,쏘렌토,더 뉴 쏘렌토 4세대,58,26072,2151,5,3,0,0,1,1,1,1,1,1,1,1,1,0,1,0,0,0,0,0,0,0,1,0,0,0,0,1,0,1,1,0
41215437,2602.03768400251,2290,쏘나타,쏘나타 하이브리드 (DN8),57,101796,1999,5,4,4,0,1,1,1,1,1,1,1,1,1,1,0,0,0,0,0,0,0,1,0,0,0,1,0,0,0,1,0,1
41486727,4363.6224840519135,4190,GV70,GV70,8,71648,2497,5,4,0,1,1,1,1,1,1,1,1,1,1,0,0,1,0,0,0,0,1,0,0,0,0,1,0,0,0,1,1,0
41583759,3132.2210078650214,1750,코나,더 뉴 코나,91,99648,1598,5,5,3,0,0,1,1,1,1,1,1,0,1,1,0,0,0,0,0,0,1,0,0,0,0,1,0,0,0,1,1,0
40770107,3562.6635203775545,3580,콜레오스,그랑 콜레오스,93,6654,1499,5,1,2,0,0,0,0,0,0,0,0,0,0,0,0,0,0,0,1,0,0,1,0,0,0,0,0,1,0,1,1,0
41515673,3835.924823652034,3350,G80,G80 (RG3),5,154757,2497,5,6,1,1,1,1,1,1,1,1,1,1,1,0,0,1,0,0,0,0,1,0,0,0,0,1,0,0,0,1,0,1
41501938,4394.3925768413965,5930,GV70,GV70,8,4324,2497,5,1,0,1,1,1,1,1,1,1,1,1,1,0,0,1,0,0,0,0,1,0,0,0,0,1,0,0,0,1,1,0
41145615,3266.59261814898,4290,카니발,카니발 4세대,85,13132,3470,9,3,3,0,1,1,1,1,1,1,1,1,1,0,1,0,0,0,0,0,1,0,0,0,0,0,1,0,0,1,1,0
41068531,3614.405854880476,4580,팰리세이드,더 뉴 팰리세이드,107,25074,2199,8,2,0,1,1,1,1,1,1,1,1,1,1,1,0,0,0,0,0,0,0,0,1,0,0,0,0,1,0,1,1,0
41376466,5412.40951276323,4999,GV80,GV80,9,27973,2497,5,3,11,0,1,1,1,1,1,1,1,1,1,0,0,1,0,0,0,0,1,0,0,0,0,0,0,1,0,1,1,0
41492221,2652.43527743991,2170,아반떼,아반떼 (CN7),62,31536,1598,5,3,2,1,1,1,1,1,1,1,1,1,1,1,0,0,0,0,0,0,1,0,0,0,0,1,0,0,0,1,0,1
41611090,5313.932698356571,6170,GV80,GV80,9,37295,2497,7,2,1,1,1,1,1,1,1,1,1,1,1,0,0,1,0,0,0,0,1,0,0,0,0,1,0,0,0,1,1,0
41545848,2652.43527743991,2480,아반떼,더 뉴 아반떼 (CN7),62,7510,1591,5,2,0,0,1,1,1,1,1,1,1,1,1,1,0,0,0,0,0,1,0,0,0,0,0,1,0,0,0,1,0,1
41171156,2540.7398004274887,2470,토레스,토레스,100,27915,1497,5,3,0,0,1,1,1,1,1,1,1,1,1,0,0,0,1,0,0,0,1,0,0,0,0,0,0,0,1,1,1,0
41610598,5412.40951276323,4750,GV80,GV80,9,86204,3470,5,6,2,1,1,1,1,1,1,1,1,1,1,0,0,1,0,0,0,0,1,0,0,0,0,0,1,0,0,1,1,0
41220657,5406.43473495045,5490,GV80,GV80,9,23050,3470,5,4,4,0,1,1,1,1,1,1,1,1,1,0,0,1,0,0,0,0,1,0,0,0,0,1,0,0,0,1,1,0
40982706,3614.405854880476,4190,팰리세이드,더 뉴 팰리세이드,107,45091,2199,7,3,0,0,1,1,1,1,1,1,1,1,1,1,0,0,0,0,0,0,0,0,1,0,0,1,0,0,0,1,1,0
41462027,3086.853182440802,2570,싼타페,더 뉴 싼타페,56,74334,2151,5,4,0,0,1,1,1,1,1,1,1,1,1,1,0,0,0,0,0,0,0,0,1,0,0,0,0,1,0,1,1,0
41470252,2871.0199908868076,2000,그랜저,그랜저 IG 하이브리드,27,77819,2359,5,8,10,0,1,1,1,1,1,1,1,1,1,1,0,0,0,0,0,0,0,1,0,0,0,0,1,0,0,1,0,1
41506648,2739.750535430254,2480,렉스턴,더 뉴 렉스턴 스포츠 칸,35,58040,2157,5,4,2,1,1,1,1,1,1,0,1,1,1,0,0,0,1,0,0,0,0,0,1,0,0,0,0,0,1,1,1,0
41609247,3086.853182440802,2550,싼타페,싼타페 TM,56,68881,1998,7,8,2,0,1,1,1,1,1,1,1,1,1,1,0,0,0,0,0,0,1,0,0,0,0,1,0,0,0,1,1,0
41638483,2949.416836726581,3050,스포티지,스포티지 5세대,55,27514,1598,5,4,1,1,1,1,1,1,1,1,1,1,1,0,1,0,0,0,0,0,1,0,0,0,0,1,0,0,0,1,1,0
41488052,3757.422508106974,5300,G80,G80 (RG3),5,9863,2497,5,2,3,0,1,1,1,1,1,1,1,1,1,0,0,1,0,0,0,0,1,0,0,0,0,0,1,0,0,1,0,1
40532639,4319.8735499108525,4849,GV60,GV60,7,20338,111,5,3,0,0,1,1,1,1,1,1,1,1,1,0,0,1,0,0,0,0,0,0,0,1,0,0,0,0,1,1,1,0
41607047,2750.0422913352963,2380,아반떼,아반떼 하이브리드 (CN7),62,40627,1580,5,4,0,0,1,1,1,1,1,1,1,1,1,1,0,0,0,0,0,0,0,1,0,0,0,1,0,0,0,1,0,1
41636561,2609.1958662919633,2650,스타렉스,더 뉴 그랜드 스타렉스,50,22818,2359,15,5,2,0,0,1,1,0,0,0,1,0,1,1,0,0,0,0,0,1,0,0,0,0,0,0,0,0,1,1,1,0
41436097,4331.174374684793,3475,GV70,GV70,8,68392,2151,5,5,3,0,1,1,1,1,1,1,1,1,1,0,0,1,0,0,0,0,0,0,1,0,0,1,0,0,0,1,1,0
40854595,2566.566644283388,2250,토레스,토레스,100,50307,1497,5,3,0,0,1,1,1,1,1,1,1,1,1,0,0,0,1,0,0,0,1,0,0,0,0,1,0,0,0,1,1,0
41238859,2887.6126226256356,2350,그랜저,더 뉴 그랜저 IG,27,96298,2497,5,5,3,0,1,1,1,1,1,1,1,1,1,1,0,0,0,0,0,0,1,0,0,0,0,0,0,1,0,1,0,1
40786227,3828.3155031297233,3450,G80,G80 (RG3),5,95010,3470,5,6,0,1,1,1,1,1,1,1,1,1,1,0,0,1,0,0,0,0,1,0,0,0,0,0,1,0,0,1,0,1
41610439,2609.1958662919633,2650,스타렉스,더 뉴 그랜드 스타렉스,50,78664,2497,9,7,3,1,0,1,1,1,0,1,1,1,1,1,0,0,0,0,0,0,0,0,1,0,0,0,1,0,0,1,1,0
41621486,2777.2978813068744,1899,렉스턴,G4 렉스턴,35,78475,2157,5,9,0,0,1,1,1,1,1,1,1,1,1,0,0,0,1,0,0,0,0,0,1,0,0,1,0,0,0,1,1,0
41486466,2651.085997141483,2150,렉스턴,더 뉴 렉스턴 스포츠 칸,35,124658,2157,5,4,3,0,1,1,1,1,1,1,1,1,1,0,0,0,1,0,0,0,0,0,1,0,0,1,0,0,0,1,1,0
41543447,2564.8123299278163,5000,아반떼,더 뉴 아반떼 (CN7),62,15494,1598,5,1,3,0,1,1,1,1,1,1,1,1,1,1,0,0,0,0,0,0,1,0,0,0,0,1,0,0,0,1,0,1
41285886,2814.4095035579858,2250,투싼,투싼 (NX4),101,68682,1598,5,5,3,1,0,1,1,1,1,1,1,1,1,1,0,0,0,0,0,0,1,0,0,0,0,1,0,0,0,1,1,0
41548021,3118.8378870397623,2760,코나,코나 (SX2),91,27411,1598,5,3,1,0,1,1,1,1,1,1,1,1,1,1,0,0,0,0,0,0,1,0,0,0,0,0,0,1,0,1,1,0
41392426,3293.2719489661245,2340,K8,K8,13,66720,2497,5,4,0,0,1,1,1,1,1,1,1,1,1,0,1,0,0,0,0,0,1,0,0,0,0,0,0,1,0,1,0,1
41218593,3266.59261814898,3390,카니발,카니발 4세대,85,47791,2151,9,4,0,1,1,1,1,1,1,1,1,1,1,0,1,0,0,0,0,0,0,0,1,0,0,0,1,0,0,1,1,0
41428502,2758.425760042816,2350,렉스턴,G4 렉스턴,35,57856,2157,7,6,1,0,1,1,1,0,1,1,1,1,1,0,0,0,1,0,0,0,0,0,1,0,0,1,0,0,0,1,1,0
41324599,3223.7858673429773,2230,카니발,더 뉴 카니발,85,83574,2199,9,8,1,0,1,1,1,1,1,1,1,1,1,0,1,0,0,0,0,0,0,0,1,0,0,1,0,0,0,1,1,0
41528085,3293.2719489661245,1990,K8,K8,13,99178,3470,5,5,2,0,0,0,0,0,0,0,0,0,0,0,1,0,0,0,0,1,0,0,0,0,0,0,1,0,0,1,0,1
41187491,2814.4095035579858,2790,투싼,투싼 (NX4),101,41396,1598,5,4,0,0,1,1,1,1,1,1,1,1,1,1,0,0,0,0,0,0,1,0,0,0,0,1,0,0,0,1,1,0
41483337,2985.7852847364197,4430,싼타페,싼타페 (MX5),56,4971,1598,6,1,0,1,1,1,1,1,1,1,1,1,1,1,0,0,0,0,0,0,0,1,0,0,0,1,0,0,0,1,1,0
39892417,2750.0422913352963,3010,아반떼,더 뉴 아반떼 하이브리드 (CN7),62,12804,1580,5,1,0,0,1,1,1,1,1,1,1,1,1,1,0,0,0,0,0,0,0,1,0,0,0,0,0,1,0,1,0,1
41552559,2985.7852847364197,1990,싼타페,싼타페 TM,56,115749,1995,5,7,0,0,1,1,1,1,1,1,1,1,1,1,0,0,0,0,0,0,0,0,1,0,0,0,1,0,0,1,1,0
41312054,3224.829199147787,3539,카니발,카니발 4세대,85,29967,2151,9,3,2,0,1,1,1,1,1,1,1,1,1,0,1,0,0,0,0,0,0,0,1,0,0,0,0,1,0,1,1,0
39867698,4839.699076110866,4950,G90,G90,6,81967,5038,4,6,3,0,1,1,1,1,1,1,1,1,1,0,0,1,0,0,0,0,1,0,0,0,0,0,1,0,0,1,0,1
41411274,3086.853182440802,2600,싼타페,더 뉴 싼타페,56,80013,2497,5,5,2,0,1,1,1,1,1,1,1,1,1,1,0,0,0,0,0,0,1,0,0,0,0,1,0,0,0,1,1,0
41098174,2615.360723815946,2200,토레스,토레스,100,28757,1497,5,4,0,0,1,1,1,1,1,1,1,0,1,0,0,0,1,0,0,0,1,0,0,0,0,0,1,0,0,1,1,0
41532387,3809.9712463075857,4250,쏠라티,쏠라티,60,39000,2497,5,11,2,1,0,1,1,0,0,1,1,0,1,1,0,0,0,0,0,0,0,0,1,0,0,1,0,0,0,1,1,0
41640339,3035.4436488311057,2390,스포티지,스포티지 5세대,55,139941,1998,5,5,4,1,1,1,1,1,1,1,1,1,1,0,1,0,0,0,0,0,0,0,1,0,0,0,1,0,0,1,1,0
41216532,2985.7852847364197,4320,싼타페,싼타페 (MX5),56,18832,1598,6,3,0,1,1,1,1,1,1,1,1,1,1,1,0,0,0,0,0,0,0,1,0,0,0,0,0,1,0,1,1,0
41602663,3357.3272340652456,3799,아이오닉5,아이오닉5,66,55476,111,5,4,4,0,1,1,1,1,1,1,1,1,1,1,0,0,0,0,0,0,0,0,0,1,0,1,0,0,0,1,0,1
41459877,5373.873808791013,6620,GV80,GV80,9,20357,2497,5,2,0,0,1,1,1,1,1,1,1,1,1,0,0,1,0,0,0,0,1,0,0,0,0,1,0,0,0,1,1,0
40846690,2917.9076270847495,1750,그랜저,그랜저 IG,27,67540,2359,5,8,5,0,1,1,1,1,1,1,1,1,1,1,0,0,0,0,0,0,1,0,0,0,0,0,0,1,0,1,0,1
41335522,3326.4508146315256,3100,카니발,더 뉴 카니발 4세대,85,22669,2151,9,2,4,0,1,1,1,1,1,1,1,1,1,0,1,0,0,0,0,0,0,0,1,0,0,1,0,0,0,1,1,0
41601292,5008.326934333097,2899,G90,G90,6,176619,3342,5,8,5,1,1,1,1,1,1,1,1,1,1,0,0,1,0,0,0,0,1,0,0,0,0,0,0,1,0,1,0,1
41262770,2985.7852847364197,3320,싼타페,싼타페 (MX5),56,57327,2497,7,3,1,1,1,1,1,1,1,1,1,1,1,1,0,0,0,0,0,0,1,0,0,0,0,1,0,0,0,1,1,0
41084857,2631.6880923441727,1730,QM6,더 뉴 QM6,17,61422,1997,5,4,2,0,1,1,1,1,1,1,1,0,1,0,0,0,0,0,1,0,1,0,0,0,0,1,0,0,0,1,1,0
38871338,4363.6224840519135,2600,GV70,GV70,8,31128,2497,5,3,0,0,1,1,1,1,1,1,1,1,1,0,0,1,0,0,0,0,1,0,0,0,0,1,0,0,0,1,1,0
41622496,5313.932698356571,4990,GV80,GV80,9,48080,2996,5,4,1,0,1,1,1,1,1,1,1,1,1,0,0,1,0,0,0,0,0,0,1,0,0,1,0,0,0,1,1,0
40665375,2582.899977616721,1799,토레스,토레스,100,106485,1497,5,2,6,0,1,1,1,1,1,1,1,1,1,0,0,0,1,0,0,0,1,0,0,0,0,1,0,0,0,1,1,0
41302640,3555.8753163906044,2630,팰리세이드,팰리세이드,107,81592,2199,7,7,3,0,0,1,1,1,1,1,1,1,1,1,0,0,0,0,0,0,0,0,1,0,0,0,0,1,0,1,1,0
41111199,3223.7858673429773,2390,카니발,카니발 4세대,85,85938,2151,9,5,3,0,1,1,1,1,1,1,1,1,1,0,1,0,0,0,0,0,0,0,1,0,0,0,1,0,0,1,1,0
41430955,3835.924823652034,1750,G80,G80,5,147347,3342,5,8,19,0,1,1,1,1,1,1,1,1,1,0,0,1,0,0,0,0,1,0,0,0,0,0,0,1,0,1,0,1
41631570,2732.336808530345,2560,K5,K5 하이브리드 3세대,11,56081,1999,5,3,4,0,1,1,1,1,1,1,1,1,1,0,1,0,0,0,0,0,0,1,0,0,0,0,1,0,0,1,0,1
41638713,2564.8123299278163,2540,아반떼,더 뉴 아반떼 하이브리드 (CN7),62,2926,1580,5,1,0,0,1,1,1,1,1,1,1,1,1,1,0,0,0,0,0,0,0,1,0,0,0,1,0,0,0,1,0,1
41577370,2611.388696455017,1899,K5,K5 3세대,11,134029,1598,5,6,1,0,1,1,1,1,1,1,1,1,1,0,1,0,0,0,0,0,1,0,0,0,0,1,0,0,0,1,0,1
41459530,5313.932698356571,6090,GV80,GV80,9,56863,3470,6,3,0,0,1,1,1,1,1,1,1,1,1,0,0,1,0,0,0,0,1,0,0,0,0,0,0,1,0,1,1,0
41531075,4425.863399075039,4780,GV70,GV70,8,19790,2497,5,4,0,0,1,1,1,1,1,1,1,1,1,0,0,1,0,0,0,0,1,0,0,0,0,1,0,0,0,1,1,0
40654730,4839.699076110866,7590,G90,G90 (RS4),6,51700,3470,5,4,0,0,1,1,1,1,1,1,1,1,1,0,0,1,0,0,0,0,1,0,0,0,0,0,1,0,0,1,0,1
41265239,2766.3800913523883,2249,렉스턴,올 뉴 렉스턴,35,127016,2157,5,6,6,0,1,1,1,1,1,1,1,1,1,0,0,0,1,0,0,0,0,0,1,0,0,0,1,0,0,1,1,0
40772701,3835.924823652034,2600,G80,G80 (RG3),5,120324,2497,5,6,2,0,0,0,0,0,0,0,0,0,0,0,0,1,0,0,0,0,1,0,0,0,0,0,0,1,0,1,0,1
41307988,3877.838318635213,1870,G80,G80,5,86979,3778,5,10,3,0,1,1,1,1,1,1,1,1,1,0,0,1,0,0,0,0,1,0,0,0,0,0,1,0,0,1,0,1
40666209,3223.7858673429773,3790,카니발,카니발 4세대,85,79152,3470,4,5,3,0,1,1,1,1,1,1,1,1,1,0,1,0,0,0,0,0,1,0,0,0,0,0,1,0,0,1,1,0
41365019,5398.2920940715185,6310,GV80,GV80,9,74733,2996,5,3,1,1,1,1,1,1,1,1,1,1,1,0,0,1,0,0,0,0,0,0,1,0,0,1,0,0,0,1,1,0
41625324,2887.6126226256356,4190,그랜저,그랜저 (GN7),27,26859,3470,5,3,2,1,1,1,1,1,1,1,1,1,1,1,0,0,0,0,0,0,1,0,0,0,0,0,1,0,0,1,0,1
41550445,5412.40951276323,4350,GV80,GV80,9,87423,2497,5,6,0,1,1,1,1,1,1,1,1,1,1,0,0,1,0,0,0,0,1,0,0,0,0,1,0,0,0,1,1,0
40872915,3074.571948966124,2970,K8,K8,13,65670,2497,5,3,5,0,1,1,1,1,1,1,1,1,1,0,1,0,0,0,0,0,1,0,0,0,0,0,1,0,0,1,0,1
41242606,2887.6126226256356,3380,그랜저,그랜저 (GN7),27,13985,2497,5,3,0,0,1,1,1,1,1,1,1,1,1,1,0,0,0,0,0,0,1,0,0,0,0,1,0,0,0,1,0,1
40977173,3614.405854880476,3650,팰리세이드,팰리세이드,107,71591,2199,8,4,3,0,1,1,1,1,1,1,1,1,1,1,0,0,0,0,0,0,0,0,1,0,0,1,0,0,0,1,1,0
41633986,2849.033733094886,2350,G70,G70,4,47383,1998,5,9,5,0,1,1,1,1,1,1,1,1,1,0,0,1,0,0,0,0,1,0,0,0,0,0,0,1,0,1,0,1
41652523,2518.393670259569,1900,K7,K7 프리미어,12,86179,2497,5,7,2,0,1,1,1,1,1,1,1,1,1,0,1,0,0,0,0,0,1,0,0,0,0,0,0,0,1,1,0,1
41525306,3223.7858673429773,5450,카니발,더 뉴 카니발 4세대,85,12931,1598,7,1,0,0,1,1,1,1,1,1,1,1,1,0,1,0,0,0,0,0,0,1,0,0,0,0,1,0,0,1,1,0
41593283,2521.502498674518,2420,트랙스,트랙스 크로스오버,103,8213,1199,5,2,0,1,1,1,1,1,1,0,1,1,1,0,0,0,0,1,0,0,1,0,0,0,0,0,1,0,0,1,1,0
41502480,3463.9361949029885,3179,아이오닉5,아이오닉5,66,16036,111,5,4,6,0,1,1,1,1,1,1,1,1,1,1,0,0,0,0,0,0,0,0,0,1,0,0,1,0,0,1,0,1
41583813,3835.924823652034,3230,G80,G80 (RG3),5,131720,2497,5,6,3,0,1,1,1,1,1,1,1,1,1,0,0,1,0,0,0,0,1,0,0,0,0,1,0,0,0,1,0,1
41502497,3757.422508106974,5660,G80,일렉트리파이드 G80 (RG3),5,55734,167,5,4,0,0,1,1,1,1,1,1,1,1,1,0,0,1,0,0,0,0,0,0,0,1,0,0,1,0,0,1,0,1
41144007,2766.3800913523883,2650,렉스턴,올 뉴 렉스턴,35,118110,2157,5,4,0,0,1,1,1,1,1,1,1,1,1,0,0,0,1,0,0,0,0,0,1,0,0,0,0,1,0,1,1,0
41243263,2945.1713070622,1800,말리부,더 뉴 말리부,40,97207,1998,5,5,0,1,1,1,1,1,1,1,1,1,1,0,0,0,0,1,0,0,1,0,0,0,0,1,0,0,0,1,0,1
41287992,3224.829199147787,3750,카니발,카니발 4세대,85,60757,2151,9,4,0,1,1,1,1,1,1,1,1,1,1,0,1,0,0,0,0,0,0,0,1,0,0,0,1,0,0,1,1,0
41506150,3757.422508106974,3600,G80,G80 (RG3),5,75539,3470,5,4,4,0,1,1,1,1,1,1,1,1,1,0,0,1,0,0,0,0,1,0,0,0,0,0,0,0,1,1,0,1
40693798,4394.3925768413965,6424,GV70,GV70,8,17915,2497,5,2,0,1,1,1,1,1,1,1,1,1,1,0,0,1,0,0,0,0,1,0,0,0,0,1,0,0,0,1,1,0
41431385,4331.174374684793,4560,GV70,GV70,8,31869,2497,5,3,6,1,1,1,1,1,1,1,1,1,1,0,0,1,0,0,0,0,1,0,0,0,0,1,0,0,0,1,1,0
41396381,3178.3266241384367,2630,K8,K8,13,34083,2497,5,5,6,0,1,1,1,1,1,1,1,1,1,0,1,0,0,0,0,0,1,0,0,0,0,0,0,1,0,1,0,1
41600924,2766.3800913523883,3520,렉스턴,올 뉴 렉스턴,35,32542,2157,5,3,0,0,1,1,1,1,1,0,1,1,1,0,0,0,1,0,0,0,0,0,1,0,0,0,1,0,0,1,1,0
41557461,3835.924823652034,4150,G80,G80 (RG3),5,61129,2497,5,5,3,0,1,1,1,1,1,1,1,1,1,0,0,1,0,0,0,0,1,0,0,0,0,1,0,0,0,1,0,1
41541778,2859.939240148325,1870,코나,더 뉴 코나 하이브리드,91,114517,1580,5,6,0,0,1,1,1,1,1,1,1,1,1,1,0,0,0,0,0,0,0,1,0,0,0,0,0,1,0,1,1,0
41361453,3611.071044237849,2610,팰리세이드,팰리세이드,107,128302,3778,7,5,1,0,1,1,1,1,1,1,1,1,1,1,0,0,0,0,0,0,1,0,0,0,0,1,0,0,0,1,1,0
40630394,2959.599944528396,1940,캐스퍼,캐스퍼,88,25511,998,4,3,3,1,0,1,1,1,1,1,1,1,1,1,0,0,0,0,0,0,1,0,0,0,0,0,0,0,1,1,0,1
41483557,2985.7852847364197,3390,싼타페,싼타페 (MX5),56,33274,1598,7,1,2,0,1,1,1,1,1,1,1,1,1,1,0,0,0,0,0,0,0,1,0,0,0,1,0,0,0,1,1,0
41470438,3326.4508146315256,2850,카니발,카니발 4세대,85,96788,2151,9,5,0,0,1,1,1,1,1,1,1,1,1,0,1,0,0,0,0,0,0,0,1,0,0,1,0,0,0,1,1,0
41583593,3614.405854880476,2750,팰리세이드,팰리세이드,107,86660,2199,7,6,1,1,1,1,1,1,1,1,1,1,1,1,0,0,0,0,0,0,0,0,1,0,0,0,0,1,0,1,1,0
41615250,2632.4269067199116,2139,아반떼,더 뉴 아반떼 하이브리드 (CN7),62,48273,1580,5,3,0,0,1,1,1,1,1,1,1,1,1,1,0,0,0,0,0,0,0,1,0,0,0,0,0,1,0,1,0,1
41361578,2798.9683874777133,2380,G70,더 뉴 G70,4,116083,1998,5,5,1,0,1,1,1,1,1,1,1,1,1,0,0,1,0,0,0,0,1,0,0,0,0,0,1,0,0,1,0,1
41650881,2580.7207386685927,2620,아반떼,더 뉴 아반떼 하이브리드 (CN7),62,6956,1580,5,1,0,0,1,1,1,1,1,1,1,1,1,1,0,0,0,0,0,0,0,1,0,0,0,1,0,0,0,1,0,1
41341492,3828.3155031297233,3299,G80,G80 (RG3),5,76863,3470,5,6,10,1,1,1,1,1,1,1,1,1,1,0,0,1,0,0,0,0,1,0,0,0,0,0,0,1,0,1,0,1
41103117,3438.6524381008708,2550,쏘렌토,더 뉴 쏘렌토,58,62315,2199,7,7,0,0,1,1,1,1,1,1,1,1,1,0,1,0,0,0,0,0,0,0,1,0,0,1,0,0,0,1,1,0
41609874,2740.9459912429556,2020,QM6,더 뉴 QM6,17,30493,1997,5,6,3,0,1,1,1,1,1,1,1,1,1,0,0,0,0,0,1,0,1,0,0,0,0,0,0,1,0,1,1,0
41032817,2582.899977616721,1890,토레스,토레스,100,91733,1497,5,4,4,1,1,1,1,1,1,1,1,1,1,0,0,0,1,0,0,0,1,0,0,0,0,0,1,0,0,1,1,0
41560615,4363.6224840519135,5890,GV70,GV70,8,8360,2497,5,1,0,1,1,1,1,1,1,1,1,1,1,0,0,1,0,0,0,0,1,0,0,0,0,1,0,0,0,1,1,0
41625673,3757.422508106974,2899,G80,G80 (RG3),5,143461,2497,5,6,3,0,1,1,1,1,1,1,1,1,1,0,0,1,0,0,0,0,1,0,0,0,0,0,1,0,0,1,0,1
40825171,3015.4650086512584,4130,싼타페,싼타페 (MX5),56,14644,2497,7,2,0,1,1,1,1,1,1,1,1,1,1,1,0,0,0,0,0,0,1,0,0,0,0,0,0,1,0,1,1,0
41647878,2917.9076270847495,2090,그랜저,그랜저 IG,27,75373,2359,5,9,0,1,1,1,1,1,1,1,1,1,1,1,0,0,0,0,0,0,1,0,0,0,0,0,0,1,0,1,0,1
41448236,2931.58161642511,4480,그랜저,그랜저 하이브리드 (GN7),27,19349,1598,5,2,0,0,1,1,1,1,1,1,1,1,1,1,0,0,0,0,0,0,0,1,0,0,0,0,1,0,0,1,0,1
41620076,2750.0422913352963,1930,아반떼,아반떼 (CN7),62,48353,1598,5,5,6,0,1,1,1,1,1,1,1,1,1,1,0,0,0,0,0,0,1,0,0,0,0,0,0,0,1,1,0,1
41589855,2336.694042597241,1950,코란도,뷰티풀 코란도,92,39049,1497,5,5,1,0,1,1,1,1,1,1,1,1,1,0,0,0,1,0,0,0,1,0,0,0,0,0,0,1,0,1,1,0
41606100,2389.469509745787,2040,EQ900,EQ900,0,166197,3778,5,10,0,1,1,1,1,1,1,1,1,1,1,0,0,1,0,0,0,0,1,0,0,0,0,0,1,0,0,1,0,1
41175537,2564.8123299278163,2349,아반떼,더 뉴 아반떼 (CN7),62,7849,1598,5,2,7,0,1,1,1,1,1,1,1,1,1,1,0,0,0,0,0,0,1,0,0,0,0,1,0,0,0,1,0,1
41598192,2917.9076270847495,3289,그랜저,더 뉴 그랜저 IG,27,17730,2497,5,4,2,1,1,1,1,1,1,1,1,1,1,1,0,0,0,0,0,0,1,0,0,0,0,1,0,0,0,1,0,1
41602690,2779.972995621478,3540,투싼,더 뉴 투싼 하이브리드 (NX4),101,10361,1598,5,2,0,0,1,1,1,1,1,1,1,1,1,1,0,0,0,0,0,0,0,1,0,0,0,0,0,1,0,1,1,0
41624950,2871.0199908868076,1950,그랜저,그랜저 IG 하이브리드,27,146293,2359,5,9,1,1,1,1,1,1,1,1,1,1,1,1,0,0,0,0,0,0,0,1,0,0,0,0,1,0,0,1,0,1
41198373,2949.416836726581,2499,스포티지,스포티지 5세대,55,27025,1998,5,5,2,0,1,1,1,1,1,1,1,1,1,0,1,0,0,0,0,0,0,0,1,0,0,0,1,0,0,1,1,0
