매물ID,모델_CV_TE,현재가격_만원,모델,모델_원본,모델_LE,주행거리_km,배기량_cc,좌석수,차량연령,사고강도점수,주요옵션_선루프,주요옵션_헤드램프 (LED),주요옵션_주차감지센서,주요옵션_후방카메라,주요옵션_자동에어컨,주요옵션_스마트키,주요옵션_내비게이션,주요옵션_열선시트,주요옵션_통풍시트,주요옵션_가죽시트,제조사_현대,제조사_기아,제조사_제네시스,제조사_KG모빌리티(쌍용),제조사_쉐보레(GM대우),제조사_르노코리아(삼성),연료_LPG,연료_가솔린,연료_하이브리드,연료_디젤,연료_전기,연료_수소,색상_흰색,색상_검정색,색상_은색,색상_기타,변속기_오토계열,차급_SUV계열,차급_세단계열
41014658,993.7299155447458,949,이쿼녹스,이쿼녹스,79,171121,1598,5,7,8,1,1,1,1,1,1,1,1,1,1,0,0,0,0,1,0,0,0,0,1,0,0,0,1,0,0,1,1,0
41581403,1057.082523447645,1180,싼타페,싼타페 더 프라임,56,149000,1995,5,10,0,0,0,1,1,1,1,1,1,1,1,1,0,0,0,0,0,0,0,0,1,0,0,1,0,0,0,1,1,0
41616474,1256.5223711085262,930,렉스턴,렉스턴 W,35,83203,1998,7,11,5,0,1,1,1,1,1,1,1,1,1,0,0,0,1,0,0,0,0,0,1,0,0,0,1,0,0,1,1,0
41390411,967.6269960460112,1200,티볼리,베리 뉴 티볼리,105,85998,1497,5,6,2,0,0,1,1,0,1,1,1,0,1,0,0,0,1,0,0,0,1,0,0,0,0,1,0,0,0,1,1,0
40945019,1014.8324651358752,465,투싼,투싼 ix,101,158972,1995,5,17,8,0,0,1,1,1,0,1,1,0,1,1,0,0,0,0,0,0,0,0,1,0,0,0,0,1,0,1,1,0
41557688,936.2255262529029,1090,아반떼,아반떼 AD,62,101881,1591,5,8,1,0,0,1,1,0,1,1,1,0,1,1,0,0,0,0,0,0,1,0,0,0,0,1,0,0,0,1,0,1
40206124,813.56774530367,530,임팔라,임팔라,80,157264,2457,5,10,8,0,1,1,1,1,1,0,1,1,1,0,0,0,0,1,0,0,1,0,0,0,0,0,1,0,0,1,0,1
41130005,595.2633974775831,380,알페온,알페온,70,45390,2997,5,16,2,0,1,1,1,1,1,1,1,0,1,0,0,0,0,1,0,0,1,0,0,0,0,0,1,0,0,1,0,1
40714875,402.80707679553126,275,SM5,뉴SM5 플래티넘,19,189887,1998,5,13,8,0,0,1,1,1,0,1,1,0,1,0,0,0,0,0,1,1,0,0,0,0,0,0,1,0,0,1,0,1
41603626,672.6380015602682,970,모닝,올 뉴 모닝 (JA),42,71006,998,5,9,0,0,0,1,1,1,1,1,1,0,1,0,1,0,0,0,0,0,1,0,0,0,0,1,0,0,0,1,0,1
40478085,874.0501334751542,1430,레이,더 뉴 기아 레이,34,23884,998,5,3,2,0,0,1,1,1,1,1,1,1,1,0,1,0,0,0,0,0,1,0,0,0,0,1,0,0,0,1,0,1
41265671,855.9619243526355,630,K3,K3,10,67661,1591,5,11,6,0,0,1,1,0,0,1,0,0,1,0,1,0,0,0,0,0,1,0,0,0,0,0,0,1,0,1,0,1
41610524,402.80707679553126,620,SM5,SM5 노바,19,113003,1998,5,10,1,0,1,1,1,1,1,0,1,0,1,0,0,0,0,0,1,0,1,0,0,0,0,0,0,1,0,1,0,1
41648551,1257.9607752264587,1290,G80,G80,5,154910,3342,5,8,16,1,1,1,1,1,1,1,1,1,1,0,0,1,0,0,0,0,1,0,0,0,0,0,1,0,0,1,0,1
41632823,870.010476653311,690,제네시스,제네시스,81,147387,3778,5,12,1,1,1,1,1,1,1,1,1,1,1,1,0,0,0,0,0,0,1,0,0,0,0,0,1,0,0,1,0,1
41171046,1379.3008305997773,1170,캐스퍼,캐스퍼,88,51259,998,2,3,0,0,0,1,1,0,0,1,1,1,1,1,0,0,0,0,0,0,1,0,0,0,0,0,0,1,0,1,0,1
40596347,672.6380015602682,490,모닝,올 뉴 모닝 (JA),42,135397,998,2,8,8,0,0,1,0,0,0,0,0,0,0,0,1,0,0,0,0,0,1,0,0,0,0,1,0,0,0,1,0,1
40644747,566.8948540847747,680,엑센트,엑센트(신형),74,115739,1591,5,9,3,0,0,1,1,1,1,0,1,0,1,1,0,0,0,0,0,0,1,0,0,0,0,0,0,1,0,1,0,1
40777839,1259.5072485972,1590,G80,G80,5,210945,2199,5,8,9,0,1,1,1,1,1,1,1,1,1,0,0,1,0,0,0,0,0,0,1,0,0,0,0,1,0,1,0,1
41513338,1010.3075581570316,1350,스타렉스,그랜드 스타렉스,50,100600,2497,12,10,4,0,0,1,1,1,0,1,1,1,1,1,0,0,0,0,0,0,0,0,1,0,0,0,0,1,0,1,1,0
41258944,988.0567474787636,1410,스타렉스,더 뉴 그랜드 스타렉스,50,139648,2497,3,7,6,0,0,1,1,0,0,0,1,0,1,1,0,0,0,0,0,0,0,0,1,0,0,0,0,1,0,1,1,0
41475489,1027.800505582473,490,투싼,투싼 ix,101,144281,1995,5,16,10,0,0,1,1,1,0,1,1,0,1,1,0,0,0,0,0,0,0,0,1,0,0,0,0,1,0,1,1,0
41638333,936.9062313760018,380,아반떼,아반떼 HD,62,57519,1591,5,17,3,0,0,1,1,1,0,0,1,0,1,1,0,0,0,0,0,0,1,0,0,0,0,0,0,1,0,1,0,1
41641133,778.9139391480519,879,코란도,뉴 스타일 코란도 C,92,80885,2157,5,9,1,0,0,1,1,0,1,1,1,1,1,0,0,0,1,0,0,0,0,0,1,0,0,0,0,1,0,1,1,0
40745561,651.8405852253035,540,캡티바,캡티바,90,136368,1998,7,12,1,1,0,1,1,1,1,0,1,0,1,0,0,0,0,1,0,0,0,0,1,0,0,1,0,0,0,1,1,0
41621304,553.7149246371913,390,올란도,올란도,77,165407,1998,7,13,4,0,0,1,1,0,1,1,1,0,1,0,0,0,0,1,0,1,0,0,0,0,0,1,0,0,0,1,1,0
41021905,1264.805265999821,1599,렉스턴,G4 렉스턴,35,104295,2157,5,7,4,0,1,1,1,0,1,1,1,1,1,0,0,0,1,0,0,0,0,0,1,0,0,1,0,0,0,1,1,0
41182737,1268.500618531749,1410,렉스턴,렉스턴 스포츠,35,69935,2157,5,7,1,1,0,1,1,0,1,1,1,0,1,0,0,0,1,0,0,0,0,0,1,0,0,0,1,0,0,1,1,0
41619850,813.3482474056841,699,말리부,올 뉴 말리부,40,83477,1490,5,10,11,1,0,1,1,0,1,0,0,0,0,0,0,0,0,1,0,0,1,0,0,0,0,1,0,0,0,1,0,1
41619513,930.193512170366,1190,쏘나타,LF 쏘나타,57,64150,1999,5,10,3,0,0,1,1,1,1,1,1,0,1,1,0,0,0,0,0,0,1,0,0,0,0,1,0,0,0,1,0,1
41637507,987.5738331607303,1188,스타렉스,그랜드 스타렉스,50,90702,2497,15,10,0,0,0,1,1,0,0,0,1,0,1,1,0,0,0,0,0,0,0,0,1,0,0,0,0,0,1,1,1,0
41524985,977.230670900442,1170,쏘나타,쏘나타 뉴 라이즈,57,128993,1999,5,7,1,0,0,1,1,1,1,1,1,1,1,1,0,0,0,0,0,1,0,0,0,0,0,1,0,0,0,1,0,1
41620524,1064.9571882720186,830,아이오닉,아이오닉 하이브리드,65,178504,1580,5,10,15,1,1,1,1,1,1,1,1,1,1,1,0,0,0,0,0,0,0,1,0,0,0,0,1,0,0,1,0,1
41618372,760.3828753088075,199,에쿠스,에쿠스(신형),73,357556,3778,5,16,10,0,1,1,0,1,1,1,1,0,1,1,0,0,0,0,0,0,1,0,0,0,0,0,1,0,0,1,0,1
41544401,1387.528585305339,1210,캐스퍼,캐스퍼,88,23514,998,2,4,0,0,0,1,0,0,0,0,1,1,1,1,0,0,0,0,0,0,1,0,0,0,0,0,0,0,1,1,0,1
41472777,977.230670900442,880,쏘나타,LF 쏘나타 하이브리드,57,152213,1999,5,11,1,0,0,1,1,1,1,1,1,0,1,1,0,0,0,0,0,0,0,1,0,0,0,1,0,0,0,1,0,1
41131162,699.3612958560294,230,마티즈,마티즈 크리에이티브,39,69595,995,5,16,4,0,0,1,1,0,0,1,1,0,1,0,0,0,0,1,0,0,1,0,0,0,0,1,0,0,0,1,0,1
41652487,1057.082523447645,590,싼타페,싼타페 CM,56,118088,1995,7,16,4,0,0,1,1,1,0,1,1,0,1,1,0,0,0,0,0,0,0,0,1,0,0,1,0,0,0,1,1,0
41139926,988.0567474787636,890,스타렉스,그랜드 스타렉스,50,172455,2497,12,10,4,0,0,1,0,0,0,0,1,0,1,1,0,0,0,0,0,0,0,0,1,0,0,0,0,1,0,1,1,0
41060860,962.3768750735256,730,티볼리,티볼리 에어,105,127547,1597,5,10,1,0,0,1,1,0,1,0,1,0,1,0,0,0,1,0,0,0,0,0,1,0,0,0,0,0,1,1,1,0
41564016,521.1936913921791,650,스파크,더 넥스트 스파크,54,86446,999,5,10,0,0,0,1,1,0,0,1,1,0,1,0,0,0,0,1,0,0,1,0,0,0,0,0,0,1,0,1,0,1
41561045,936.9062313760018,750,아반떼,아반떼 AD,62,108735,1591,5,10,2,0,0,1,1,1,1,1,1,0,1,1,0,0,0,0,0,0,1,0,0,0,0,0,0,0,1,1,0,1
41652709,819.4078380887734,1040,SM6,SM6,20,126291,1461,5,10,0,1,1,1,1,1,1,1,1,0,1,0,0,0,0,0,1,0,0,0,1,0,0,0,0,1,0,1,0,1
40608585,738.1456258087815,460,체어맨,뉴체어맨 W,84,85947,3199,5,15,18,0,0,1,1,1,1,1,1,1,1,0,0,0,1,0,0,0,1,0,0,0,0,0,1,0,0,1,0,1
40143318,553.7149246371913,430,올란도,올란도,77,110346,1998,7,13,5,1,0,1,1,0,1,1,1,0,1,0,0,0,0,1,0,0,0,0,1,0,0,1,0,0,0,1,1,0
41620618,991.4253131532465,1399,모하비,모하비,43,73475,2959,7,12,1,1,1,1,1,1,1,1,1,1,1,0,1,0,0,0,0,0,0,0,1,0,0,0,1,0,0,1,1,0
41076805,916.1401938066147,1390,그랜저,그랜저 IG,27,113062,2359,5,8,5,0,0,1,1,1,1,1,1,1,1,1,0,0,0,0,0,0,1,0,0,0,0,1,0,0,0,1,0,1
40663512,535.0819292958388,225,스파크,스파크,54,181806,995,5,14,2,0,0,1,0,1,0,0,1,0,1,0,0,0,0,1,0,1,0,0,0,0,0,0,0,1,0,1,0,1
40738686,473.05967855859427,540,크루즈,올 뉴 크루즈,95,174552,1399,5,9,11,1,0,1,1,1,1,0,1,0,1,0,0,0,0,1,0,0,1,0,0,0,0,1,0,0,0,1,0,1
41017594,723.7884711060512,999,QM3,QM3,15,80621,1461,5,9,2,0,0,0,0,0,0,0,0,0,0,0,0,0,0,0,1,0,0,0,1,0,0,1,0,0,0,1,1,0
40537422,702.4010571269893,750,에쿠스,에쿠스(신형),73,50410,3778,5,15,15,0,1,1,1,1,1,1,1,1,1,1,0,0,0,0,0,0,1,0,0,0,0,0,1,0,0,1,0,1
41613415,930.193512170366,770,쏘나타,LF 쏘나타 하이브리드,57,203743,1999,5,10,3,0,1,1,1,1,1,1,1,1,1,1,0,0,0,0,0,0,0,1,0,0,0,1,0,0,0,1,0,1
41448736,807.4456798684994,1150,SM6,SM6,20,72302,1997,5,7,3,0,1,1,1,1,1,1,1,1,1,0,0,0,0,0,1,0,1,0,0,0,0,1,0,0,0,1,0,1
41431527,1084.4388555279147,1249,카니발,올 뉴 카니발,85,148973,3342,7,10,8,0,1,1,1,1,1,1,1,1,1,0,1,0,0,0,0,0,1,0,0,0,0,0,0,1,0,1,1,0
41120180,1379.3008305997773,1420,캐스퍼,캐스퍼,88,104265,998,4,4,2,0,0,1,1,1,1,1,1,1,1,1,0,0,0,0,0,0,1,0,0,0,0,1,0,0,0,1,0,1
41645299,875.1505814198441,1150,제네시스,제네시스 DH,81,93251,3342,5,12,6,0,1,1,1,1,1,1,1,1,1,1,0,0,0,0,0,0,1,0,0,0,0,0,1,0,0,1,0,1
41591198,941.3889022900747,1570,쏘나타,쏘나타 (DN8),57,173628,1999,5,7,8,1,1,1,1,1,1,1,1,1,1,1,0,0,0,0,0,1,0,0,0,0,0,0,0,0,1,1,0,1
40835734,963.6518467963097,700,티볼리,티볼리 아머,105,157694,1597,5,8,13,0,0,1,1,0,1,1,1,0,1,0,0,0,1,0,0,0,1,0,0,0,0,1,0,0,0,1,1,0
41575699,731.2047804071187,515,에쿠스,에쿠스(신형),73,275236,3778,5,12,12,0,1,1,1,1,1,1,1,1,1,1,0,0,0,0,0,0,1,0,0,0,0,0,1,0,0,1,0,1
41508466,1234.4350592827248,1630,코나,코나,91,43435,1591,5,9,2,1,0,1,1,0,1,1,1,1,1,1,0,0,0,0,0,0,1,0,0,0,0,1,0,0,0,1,1,0
40900114,1301.1905814198442,1350,QM6,QM6,17,99901,1997,5,8,0,0,1,1,1,1,1,1,1,1,1,0,0,0,0,0,1,0,1,0,0,0,0,0,1,0,0,1,1,0
41481042,886.0914963836809,570,제네시스,제네시스,81,141214,3342,5,14,12,0,1,1,1,1,1,1,1,1,1,1,0,0,0,0,0,0,1,0,0,0,0,0,1,0,0,1,0,1
40779235,813.3482474056841,710,말리부,올 뉴 말리부,40,123905,1998,5,10,3,0,0,1,1,1,1,0,1,0,1,0,0,0,0,1,0,0,1,0,0,0,0,0,0,1,0,1,0,1
41462771,1244.946731648438,1250,G80,G80,5,174814,3342,5,10,2,0,0,0,0,0,0,0,0,0,0,0,0,1,0,0,0,0,1,0,0,0,0,1,0,0,0,1,0,1
40747444,468.8263197140382,290,SM3,뉴SM3,18,98626,1598,5,13,9,0,0,1,1,0,0,1,0,0,0,0,0,0,0,0,1,0,1,0,0,0,0,1,0,0,0,1,0,1
40817102,936.9062313760018,1450,아반떼,더 뉴 아반떼 AD,62,70139,1598,5,7,0,0,0,1,1,1,1,1,1,0,1,1,0,0,0,0,0,0,1,0,0,0,0,1,0,0,0,1,0,1
41583422,1247.5118753613704,1280,XM3,XM3,23,137376,1332,5,6,0,0,1,1,1,1,1,1,1,1,1,0,0,0,0,0,1,0,1,0,0,0,0,0,1,0,0,1,1,0
40684675,390.5605814198441,250,SM5,뉴SM5(신형),19,114575,1998,5,16,6,1,1,1,1,1,1,1,1,0,1,0,0,0,0,0,1,0,1,0,0,0,0,1,0,0,0,1,0,1
41288428,930.193512170366,315,쏘나타,YF 쏘나타,57,159426,1998,5,16,2,0,0,1,1,1,1,1,1,1,1,1,0,0,0,0,0,0,1,0,0,0,0,0,1,0,0,1,0,1
38238748,487.46355435797625,370,크루즈,어메이징 뉴 크루즈,95,125556,1998,5,11,16,0,0,1,1,0,1,1,1,0,1,0,0,0,0,1,0,0,0,0,1,0,0,0,1,0,0,1,0,1
41455004,760.3828753088075,750,에쿠스,에쿠스(신형),73,173101,5038,5,13,17,0,1,1,1,1,1,1,1,1,1,1,0,0,0,0,0,0,1,0,0,0,0,0,1,0,0,1,0,1
41408408,1257.9607752264587,1690,G80,G80,5,127576,3778,5,7,6,0,1,1,1,1,1,1,1,1,1,0,0,1,0,0,0,0,1,0,0,0,0,0,1,0,0,1,0,1
41135417,793.5123984456893,480,코란도,뉴코란도 C,92,150224,1998,5,11,3,0,1,1,1,1,1,1,1,1,1,0,0,0,1,0,0,0,0,0,1,0,0,0,1,0,0,1,1,0
41266236,970.8411733726565,699,티볼리,티볼리 에어,105,102983,1597,5,9,12,0,0,1,1,0,0,1,1,0,1,0,0,0,1,0,0,0,0,0,1,0,0,0,0,1,0,1,1,0
39102080,1072.7523168570258,1395,싼타페,싼타페 더 프라임,56,147659,1995,5,10,7,1,1,1,1,1,1,1,1,1,1,1,0,0,0,0,0,0,0,0,1,0,0,1,0,0,0,1,1,0
40296625,814.5976259860029,910,말리부,올 뉴 말리부,40,104321,1490,5,10,3,0,1,1,1,1,1,1,1,1,1,0,0,0,0,1,0,0,1,0,0,0,0,0,1,0,0,1,0,1
41430618,831.0491350121001,1250,코란도,코란도 투리스모,92,130151,2157,9,9,17,0,1,1,1,1,1,1,1,1,1,0,0,0,1,0,0,0,0,0,1,0,0,0,1,0,0,1,1,0
41441275,936.2255262529029,319,아반떼,더 뉴 아반떼 (CN7),62,7,1598,5,1,2,0,1,1,1,1,1,1,1,1,1,1,0,0,0,0,0,0,1,0,0,0,0,1,0,0,0,1,0,1
41454900,793.5123984456893,690,코란도,뉴코란도 C,92,57829,2157,5,10,5,0,0,0,1,0,0,1,1,0,1,0,0,0,1,0,0,0,0,0,1,0,0,0,0,1,0,1,1,0
41295006,1001.0863434464768,459,스포티지,스포티지 R,55,201424,1995,5,15,11,0,0,1,1,1,1,1,1,0,1,0,1,0,0,0,0,0,0,0,1,0,0,0,0,1,0,1,1,0
40142493,856.7751313223292,499,K3,K3,10,139510,1591,5,13,16,0,0,1,1,1,1,1,1,0,1,0,1,0,0,0,0,0,1,0,0,0,0,1,0,0,0,1,0,1
41525725,943.9179347406766,1190,아반떼,더 뉴 아반떼 AD,62,89747,1598,5,7,2,0,0,1,1,0,1,0,1,0,1,1,0,0,0,0,0,0,1,0,0,0,0,0,0,0,1,1,0,1
41488814,445.5898375614303,479,SM3,SM3 네오,18,130260,1598,5,10,4,0,0,1,1,1,1,1,1,0,1,0,0,0,0,0,1,0,1,0,0,0,0,1,0,0,0,1,0,1
39802588,962.3768750735256,800,티볼리,티볼리,105,98494,1597,5,10,5,0,0,1,1,1,1,1,1,0,1,0,0,0,1,0,0,0,1,0,0,0,0,0,0,1,0,1,1,0
41602280,947.3443649473054,690,아반떼,더 뉴 아반떼,62,54449,1591,5,12,7,0,0,1,1,1,0,1,1,0,1,1,0,0,0,0,0,0,1,0,0,0,0,1,0,0,0,1,0,1
40721369,539.6756970784525,299,스파크,스파크,54,73560,995,5,13,2,0,0,1,1,0,0,1,1,0,1,0,0,0,0,1,0,0,1,0,0,0,0,1,0,0,0,1,0,1
41542810,989.5293758939163,840,이쿼녹스,이쿼녹스,79,180750,1598,5,8,26,1,1,1,1,1,1,1,1,1,1,0,0,0,0,1,0,0,0,0,1,0,0,0,1,0,0,1,1,0
40180729,819.4078380887734,850,SM6,SM6,20,69451,1997,5,10,7,0,0,1,1,1,1,0,1,0,1,0,0,0,0,0,1,0,1,0,0,0,0,0,0,1,0,1,0,1
41330389,1072.0705427989608,1390,볼트,볼트 EV,48,118950,174,5,7,2,0,0,0,0,0,0,0,0,0,0,0,0,0,0,1,0,0,0,0,0,1,0,0,0,0,1,1,0,1
40691935,988.0567474787636,1650,스타렉스,더 뉴 그랜드 스타렉스,50,39036,2497,5,8,0,0,0,1,0,0,0,0,1,0,1,1,0,0,0,0,0,0,0,0,1,0,0,0,0,1,0,1,1,0
41259369,809.9140873524058,635,SM6,SM6,20,169170,1997,5,10,7,1,0,1,1,1,1,0,1,1,1,0,0,0,0,0,1,0,1,0,0,0,0,1,0,0,0,1,0,1
41146996,469.43562524615083,340,크루즈,크루즈,95,87555,1796,5,14,8,0,0,1,1,1,1,0,1,0,1,0,0,0,0,1,0,0,1,0,0,0,0,0,1,0,0,1,0,1
41553156,1266.4080669370128,1500,EQ900,EQ900,0,212665,3342,5,9,5,1,1,1,1,1,1,1,1,1,1,0,0,1,0,0,0,0,1,0,0,0,0,0,1,0,0,1,0,1
41538861,811.0980067611623,1440,제네시스 쿠페,더 뉴 제네시스 쿠페,82,113287,3778,4,11,14,1,1,1,1,1,1,1,1,0,1,1,0,0,0,0,0,0,1,0,0,0,0,1,0,0,0,1,0,1
41445470,1256.713002151279,1580,코나,코나,91,73732,1591,5,6,3,0,0,1,1,1,1,1,1,1,1,1,0,0,0,0,0,0,1,0,0,0,0,1,0,0,0,1,1,0
41077794,402.80707679553126,150,SM5,뉴SM5(신형),19,190419,1998,5,16,12,0,0,1,0,1,1,0,1,0,1,0,0,0,0,0,1,0,1,0,0,0,0,0,1,0,0,1,0,1
40315414,817.29454516165,299,말리부,말리부,40,143695,1956,5,12,7,0,0,1,1,1,1,1,1,0,1,0,0,0,0,1,0,0,0,0,1,0,0,0,0,1,0,1,0,1
41626233,1198.965116369793,1590,베뉴,베뉴,45,41307,1598,5,7,9,0,1,1,1,1,1,1,1,0,1,1,0,0,0,0,0,0,1,0,0,0,0,0,0,0,1,1,1,0
41494017,1072.7523168570258,1110,싼타페,싼타페 더 프라임,56,169201,1995,5,8,7,0,1,1,1,1,1,1,1,1,1,1,0,0,0,0,0,0,0,0,1,0,0,0,0,0,1,1,1,0
41583020,969.3889001833381,940,티볼리,티볼리 에어,105,119860,1597,5,9,2,0,1,1,1,1,1,1,1,1,1,0,0,0,1,0,0,0,1,0,0,0,0,0,0,1,0,1,1,0
41470715,487.46355435797625,330,크루즈,어메이징 뉴 크루즈,95,99040,1796,5,11,15,0,0,1,1,1,1,1,1,0,1,0,0,0,0,1,0,0,1,0,0,0,0,1,0,0,0,1,0,1
41394347,916.1401938066147,1290,그랜저,그랜저 IG,27,145342,2359,5,8,4,0,0,1,1,1,1,1,1,0,1,1,0,0,0,0,0,0,1,0,0,0,0,0,0,1,0,1,0,1
41619032,553.7149246371913,290,올란도,올란도,77,179204,1998,7,12,2,0,0,0,0,0,0,0,0,0,0,0,0,0,0,1,0,0,0,0,1,0,0,0,0,1,0,1,1,0
41583047,895.5676356997402,1290,레이,더 뉴 레이,34,64543,998,5,7,1,0,0,1,1,1,1,1,1,0,1,0,1,0,0,0,0,0,1,0,0,0,0,1,0,0,0,1,0,1
41610987,776.2184387131722,55,GV80,GV80,9,87475,2497,5,3,0,1,1,1,1,1,1,1,1,1,1,0,0,1,0,0,0,0,1,0,0,0,0,1,0,0,0,1,1,0
41475797,702.4010571269893,550,에쿠스,에쿠스(신형),73,270047,3778,5,13,5,0,1,1,1,1,1,1,1,1,1,1,0,0,0,0,0,0,1,0,0,0,0,0,1,0,0,1,0,1
41648217,811.0980067611623,890,제네시스 쿠페,더 뉴 제네시스 쿠페,82,161208,1998,4,11,9,1,1,1,1,1,1,1,1,0,1,1,0,0,0,0,0,0,1,0,0,0,0,0,1,0,0,1,0,1
41197614,1057.082523447645,990,싼타페,싼타페 DM,56,167918,1995,7,11,6,0,0,1,1,1,1,1,1,1,1,1,0,0,0,0,0,0,0,0,1,0,0,1,0,0,0,1,1,0
41046613,970.8411733726565,680,티볼리,티볼리 에어,105,116423,1597,5,9,6,1,1,1,1,1,1,1,1,1,1,0,0,0,1,0,0,0,0,0,1,0,0,1,0,0,0,1,1,0
41246095,1264.805265999821,1600,렉스턴,렉스턴 스포츠,35,94282,2157,5,8,1,0,1,1,1,1,1,1,1,1,1,0,0,0,1,0,0,0,0,0,1,0,0,0,0,1,0,1,1,0
40476315,874.0501334751542,840,레이,레이,34,26700,998,5,12,4,0,0,1,0,0,1,0,1,0,1,0,1,0,0,0,0,0,1,0,0,0,0,0,0,1,0,1,0,1
41299700,947.3443649473054,1000,아반떼,아반떼 AD,62,71173,1591,5,9,16,0,0,1,1,0,1,1,1,0,1,1,0,0,0,0,0,0,1,0,0,0,0,1,0,0,0,1,0,1
41311339,1247.4949211722349,1690,렉스턴,렉스턴 스포츠 칸,35,104855,2157,5,7,1,1,1,1,1,0,1,1,1,1,1,0,0,0,1,0,0,0,0,0,1,0,0,0,0,0,1,1,1,0
40118580,444.45152312654096,450,SM3,SM3 네오,18,94048,1598,5,12,1,0,0,1,1,0,0,1,1,0,1,0,0,0,0,0,1,0,1,0,0,0,0,1,0,0,0,1,0,1
41626345,1072.7523168570258,790,싼타페,싼타페 DM,56,165508,1995,5,11,6,0,0,1,0,1,1,0,1,1,1,1,0,0,0,0,0,0,0,0,1,0,0,1,0,0,0,1,1,0
40577991,469.43562524615083,520,크루즈,올 뉴 크루즈,95,150301,1399,5,9,14,0,0,1,1,1,1,0,1,0,1,0,0,0,0,1,0,0,1,0,0,0,0,1,0,0,0,1,0,1
41103281,1072.7523168570258,1095,싼타페,싼타페 DM,56,135414,2199,5,11,3,0,1,1,1,1,1,1,1,1,1,1,0,0,0,0,0,0,0,0,1,0,0,0,0,1,0,1,1,0
40671374,711.2411628396882,440,QM3,QM3,15,145843,1461,5,12,5,0,0,1,1,1,1,1,1,0,0,0,0,0,0,0,1,0,0,0,1,0,0,0,0,1,0,1,1,0
40735365,1005.1859527579388,1450,투싼,올 뉴 투싼,101,135222,1591,5,7,4,0,0,1,1,1,1,1,1,0,1,1,0,0,0,0,0,0,1,0,0,0,0,0,0,1,0,1,1,0
41582852,936.2255262529029,495,아반떼,아반떼 MD,62,159322,1591,5,14,5,1,0,1,1,1,1,1,1,0,1,1,0,0,0,0,0,0,1,0,0,0,0,1,0,0,0,1,0,1
41569946,704.8228682442713,545,모닝,올 뉴 모닝,42,92629,998,5,12,5,0,0,1,1,1,0,1,1,0,1,0,1,0,0,0,0,0,1,0,0,0,0,1,0,0,0,1,0,1
41644296,993.7299155447458,960,이쿼녹스,이쿼녹스,79,153279,1598,5,8,5,1,1,1,1,1,1,0,1,0,1,0,0,0,0,1,0,0,0,0,1,0,0,1,0,0,0,1,1,0
41131747,787.1137560564567,980,트랙스,더 뉴 트랙스,103,95814,1362,5,9,0,0,0,1,1,0,1,0,1,0,1,0,0,0,0,1,0,0,1,0,0,0,0,0,1,0,0,1,1,0
41656059,694.7399022097059,299,프라이드,프라이드(신형),110,62085,1399,5,15,2,0,0,1,0,0,0,0,0,0,0,0,1,0,0,0,0,0,1,0,0,0,0,0,0,1,0,1,0,1
41516540,935.928526081858,630,그랜저,그랜저 HG,27,127135,2359,5,14,2,1,0,1,1,1,1,1,1,0,1,1,0,0,0,0,0,0,1,0,0,0,0,0,0,1,0,1,0,1
41631085,967.6269960460112,500,티볼리,티볼리,105,143016,1597,5,10,10,0,0,1,1,0,1,0,1,1,1,0,0,0,1,0,0,0,0,0,1,0,0,1,0,0,0,1,1,0
41645056,943.9179347406766,1400,아반떼,아반떼 (CN7),62,86240,1598,5,6,5,0,0,1,1,1,1,1,0,0,1,1,0,0,0,0,0,0,1,0,0,0,0,1,0,0,0,1,0,1
41047043,1247.5118753613704,1430,XM3,XM3,23,71165,1332,5,6,3,0,1,1,1,1,1,1,1,0,1,0,0,0,0,0,1,0,1,0,0,0,0,1,0,0,0,1,1,0
41597656,815.5577089623855,850,i30,i30 (PD),24,177262,1591,5,9,0,0,1,1,1,1,1,1,1,0,1,1,0,0,0,0,0,0,1,0,0,0,0,0,0,0,1,1,0,1
40525825,833.2990788440546,640,코란도,뉴코란도 C,92,81016,1998,5,12,6,1,0,1,1,1,1,1,1,1,1,0,0,0,1,0,0,0,0,0,1,0,0,1,0,0,0,1,1,0
41533158,1273.33407874339,1590,G80,G80,5,160059,3342,5,8,7,1,1,1,1,1,1,1,1,1,1,0,0,1,0,0,0,0,1,0,0,0,0,0,1,0,0,1,0,1
41146826,905.6914320771383,468,그랜저,그랜저 HG,27,165227,2999,5,15,8,0,1,1,1,1,1,1,1,1,1,1,0,0,0,0,0,0,1,0,0,0,0,0,0,1,0,1,0,1
41535484,855.8451653676005,1450,아슬란,아슬란,64,52984,2999,5,9,6,0,1,1,1,1,1,1,1,1,1,1,0,0,0,0,0,0,1,0,0,0,0,0,1,0,0,1,0,1
40041405,822.9294020283487,750,K5,K5 하이브리드,11,173504,1999,5,11,5,1,1,1,1,1,1,1,1,1,1,0,1,0,0,0,0,0,0,1,0,0,0,1,0,0,0,1,0,1
40989192,817.29454516165,720,말리부,올 뉴 말리부,40,148588,1490,5,10,6,0,1,1,1,1,1,1,1,1,1,0,0,0,0,1,0,0,1,0,0,0,0,0,0,1,0,1,0,1
41488423,817.29454516165,1149,말리부,더 뉴 말리부,40,108041,1998,5,7,14,1,1,1,1,1,1,1,1,1,1,0,0,0,0,1,0,0,1,0,0,0,0,1,0,0,0,1,0,1
41589139,1262.8915334685064,1480,코나,코나,91,49715,1591,5,9,4,0,0,1,1,0,1,1,1,0,1,1,0,0,0,0,0,0,1,0,0,0,0,0,0,1,0,1,1,0
41382805,800.0418365153032,880,트랙스,더 뉴 트랙스,103,98261,1362,5,8,2,1,0,1,1,0,1,0,1,0,1,0,0,0,0,1,0,0,1,0,0,0,0,0,1,0,0,1,1,0
41609228,905.6914320771383,970,그랜저,그랜저 HG,27,48546,2359,5,11,6,0,0,1,1,1,1,1,1,1,1,1,0,0,0,0,0,0,1,0,0,0,0,0,0,1,0,1,0,1
41310020,760.3828753088075,650,에쿠스,에쿠스(신형),73,199922,3778,5,13,4,1,1,1,1,1,1,1,1,1,1,1,0,0,0,0,0,0,1,0,0,0,0,0,1,0,0,1,0,1
41602829,1234.4350592827248,1600,코나,코나,91,54624,1591,5,7,0,0,0,1,1,0,1,1,1,0,1,1,0,0,0,0,0,0,1,0,0,0,0,0,0,1,0,1,1,0
41560905,987.5738331607303,950,스타렉스,그랜드 스타렉스,50,106938,2497,12,12,10,0,0,1,1,0,0,1,1,0,1,1,0,0,0,0,0,0,0,0,1,0,0,1,0,0,0,1,1,0
41470443,1262.8915334685064,1640,코나,코나 하이브리드,91,75550,1580,5,7,6,0,0,1,1,1,1,1,1,0,1,1,0,0,0,0,0,0,0,1,0,0,0,0,0,0,1,1,1,0
41293894,905.6914320771383,399,그랜저,그랜저 HG,27,210836,2199,5,12,3,0,0,1,1,1,1,1,1,0,1,1,0,0,0,0,0,0,0,0,1,0,0,0,1,0,0,1,0,1
41522984,884.691660068428,479,i30,i30(신형),24,116162,1591,5,14,0,1,1,1,1,1,1,1,1,0,1,1,0,0,0,0,0,0,1,0,0,0,0,0,0,1,0,1,0,1
41657122,830.7441133874026,440,코란도,코란도 스포츠,92,175157,1998,5,13,0,0,0,1,1,1,0,1,1,0,1,0,0,0,1,0,0,0,0,0,1,0,0,1,0,0,0,1,1,0
39224358,865.3714811570742,1090,아슬란,아슬란,64,127825,3342,5,11,1,0,1,1,1,1,1,1,1,1,1,1,0,0,0,0,0,0,1,0,0,0,0,0,1,0,0,1,0,1
41614450,916.1401938066147,170,그랜저,그랜저 뉴 럭셔리,27,206194,2656,5,18,3,0,0,1,1,1,0,1,1,0,1,1,0,0,0,0,0,0,1,0,0,0,0,0,0,1,0,1,0,1
40607703,640.0624110609065,550,SM7,SM7 노바,21,134086,1998,5,10,11,0,0,1,1,1,1,1,1,0,1,0,0,0,0,0,1,1,0,0,0,0,0,0,1,0,0,1,0,1
41527046,923.0393528184499,590,그랜저,그랜저 HG,27,176104,2999,5,12,17,0,1,1,1,1,1,1,1,1,1,1,0,0,0,0,0,1,0,0,0,0,0,0,1,0,0,1,0,1
40770997,444.45152312654096,520,SM3,SM3 네오,18,13389,1598,5,11,3,0,0,1,1,0,0,1,1,0,1,0,0,0,0,0,1,0,1,0,0,0,0,1,0,0,0,1,0,1
41566678,892.2058141984411,1620,조에,조에,83,42082,156,5,5,1,0,1,1,1,1,1,1,1,0,1,0,0,0,0,0,1,0,0,0,0,1,0,0,1,0,0,1,0,1
41506838,969.3889001833381,1090,티볼리,티볼리 에어,105,99022,1597,5,7,1,0,0,1,1,0,1,1,1,0,1,0,0,0,1,0,0,0,1,0,0,0,0,0,0,1,0,1,1,0
41385712,988.0567474787636,1599,스타렉스,더 뉴 그랜드 스타렉스,50,113511,2497,5,6,0,0,0,1,1,0,0,0,1,1,1,1,0,0,0,0,0,0,0,0,1,0,0,0,0,1,0,1,1,0
41490554,855.5577089623855,1080,i30,i30 (PD),24,83213,1353,5,8,7,0,0,1,0,0,1,0,1,0,1,1,0,0,0,0,0,0,1,0,0,0,0,0,0,0,1,1,0,1
41135333,1301.2282984354893,1220,QM6,더 뉴 QM6,17,76258,1998,5,6,5,0,0,1,1,1,0,1,1,0,1,0,0,0,0,0,1,1,0,0,0,0,0,0,1,0,0,1,1,0
41570081,553.7149246371913,650,올란도,올란도,77,135541,1998,7,10,1,0,0,1,1,1,1,1,1,0,1,0,0,0,0,1,0,1,0,0,0,0,0,0,0,1,0,1,1,0
40691417,923.0393528184499,1159,그랜저,그랜저 IG,27,149299,2359,5,9,12,0,0,1,1,1,1,1,1,1,1,1,0,0,0,0,0,0,1,0,0,0,0,0,1,0,0,1,0,1
41082002,535.2976053661823,490,올란도,올란도,77,167028,1998,7,11,5,0,0,1,1,0,1,1,1,0,1,0,0,0,0,1,0,1,0,0,0,0,0,0,0,1,0,1,1,0
40195861,1059.139935930497,990,모하비,모하비,43,181611,2959,7,12,10,1,1,1,1,1,1,1,1,1,1,0,1,0,0,0,0,0,0,0,1,0,0,0,1,0,0,1,1,0
40601289,1026.1187870977335,1350,스포티지,스포티지 4세대,55,110853,1995,5,9,3,0,1,1,1,1,1,1,1,1,1,0,1,0,0,0,0,0,0,0,1,0,0,0,0,0,1,1,1,0
41427415,804.849667793527,770,SM6,SM6,20,156413,1618,5,10,4,1,1,1,1,1,1,1,1,1,1,0,0,0,0,0,1,0,1,0,0,0,0,1,0,0,0,1,0,1
41244076,1079.3476259860029,1299,싼타페,싼타페 더 프라임,56,120005,1995,5,9,6,0,1,1,1,1,1,1,1,1,1,1,0,0,0,0,0,0,0,0,1,0,0,0,1,0,0,1,1,0
41642464,591.0966224282002,770,엑센트,엑센트(신형),74,84071,1368,5,10,5,0,0,1,1,0,1,1,1,0,1,1,0,0,0,0,0,0,1,0,0,0,0,1,0,0,0,1,0,1
41433719,988.0567474787636,950,스타렉스,그랜드 스타렉스,50,182058,2497,12,10,1,0,0,1,0,0,0,0,1,0,1,1,0,0,0,0,0,0,0,0,1,0,0,0,0,1,0,1,1,0
41166131,521.1936913921791,790,스파크,더 뉴 스파크,54,49445,999,5,8,9,0,0,1,1,1,1,0,1,0,1,0,0,0,0,1,0,0,1,0,0,0,0,1,0,0,0,1,0,1
41082100,969.3889001833381,970,티볼리,티볼리 에어,105,47125,1597,5,9,0,1,0,1,1,0,1,1,1,0,1,0,0,0,1,0,0,0,0,0,1,0,0,0,0,0,1,1,1,0
41631880,702.4010571269893,890,에쿠스,에쿠스(신형),73,147606,3778,5,13,7,0,1,1,1,1,1,1,1,1,1,1,0,0,0,0,0,0,1,0,0,0,0,0,1,0,0,1,0,1
41491914,1152.9770278532783,1059,쏘렌토,뉴 쏘렌토 R,58,111243,1995,5,12,2,1,1,1,1,1,1,1,1,1,1,0,1,0,0,0,0,0,0,0,1,0,0,1,0,0,0,1,1,0
41295633,1059.139935930497,720,모하비,모하비,43,133245,2959,7,16,2,1,1,1,1,1,1,1,1,1,1,0,1,0,0,0,0,0,0,0,1,0,0,0,0,1,0,1,1,0
41555086,831.0491350121001,1240,코란도,더 뉴 코란도 스포츠,92,72824,2157,5,9,0,0,0,1,1,0,1,0,1,1,1,0,0,0,1,0,0,0,0,0,1,0,0,0,0,1,0,1,1,0
41624541,884.5529070992204,990,아슬란,아슬란,64,158806,3342,5,10,7,1,1,1,1,1,1,1,1,1,1,1,0,0,0,0,0,0,1,0,0,0,0,1,0,0,0,1,0,1
40283175,963.6518467963097,1320,티볼리,티볼리 에어,105,13478,1597,5,9,4,1,1,1,1,1,1,1,1,1,1,0,0,0,1,0,0,0,1,0,0,0,0,1,0,0,0,1,1,0
41412719,935.928526081858,1050,그랜저,그랜저 HG,27,62955,2359,5,10,1,0,0,1,1,1,1,1,1,1,1,1,0,0,0,0,0,0,1,0,0,0,0,1,0,0,0,1,0,1
41638011,780.500937773942,499,K5,K5,11,104626,1999,5,14,7,0,0,1,1,1,0,1,1,0,1,0,1,0,0,0,0,1,0,0,0,0,0,1,0,0,0,1,0,1
41206727,976.5677453036701,1310,이쿼녹스,이쿼녹스,79,94666,1598,5,7,1,0,1,1,1,1,1,1,1,0,1,0,0,0,0,1,0,0,0,0,1,0,0,1,0,0,0,1,1,0
41650413,852.0527265859381,580,K3,K3,10,88363,1591,5,13,16,0,0,1,1,1,1,1,1,0,1,0,1,0,0,0,0,0,1,0,0,0,0,0,1,0,0,1,0,1
41592262,947.3443649473054,590,아반떼,아반떼 MD,62,88602,1591,5,14,1,0,0,1,1,1,0,1,1,0,1,1,0,0,0,0,0,0,1,0,0,0,0,0,1,0,0,1,0,1
41602934,928.4206454774875,1690,아반떼,아반떼 (CN7),62,136304,1598,5,5,2,0,1,1,1,1,1,1,1,1,1,1,0,0,0,0,0,0,1,0,0,0,0,1,0,0,0,1,0,1
41424395,704.8228682442713,1650,모닝,더 뉴 모닝 (JA),42,27295,998,5,2,7,0,1,1,1,1,1,1,1,1,1,0,1,0,0,0,0,0,1,0,0,0,0,1,0,0,0,1,0,1
41597498,923.0393528184499,369,그랜저,그랜저 HG,27,197143,2359,5,15,1,1,0,1,1,1,1,1,1,0,1,1,0,0,0,0,0,0,1,0,0,0,0,0,1,0,0,1,0,1
41248015,651.2405814198441,1240,모닝,모닝 어반 (JA),42,58670,998,5,4,5,0,0,1,1,1,1,1,1,1,1,0,1,0,0,0,0,0,1,0,0,0,0,1,0,0,0,1,0,1
41650967,1256.5223711085262,1650,렉스턴,렉스턴 스포츠,35,58984,2157,5,8,1,1,0,1,1,0,1,1,1,0,1,0,0,0,1,0,0,0,0,0,1,0,0,0,0,0,1,1,1,0
41298777,731.2047804071187,599,에쿠스,에쿠스(신형),73,200919,3778,5,13,2,0,1,1,1,1,1,1,1,1,1,1,0,0,0,0,0,0,1,0,0,0,0,0,1,0,0,1,0,1
41094004,402.80707679553126,360,SM5,뉴SM5 플래티넘,19,119176,1998,5,12,0,0,0,1,1,1,1,0,1,0,1,0,0,0,0,0,1,0,1,0,0,0,0,0,0,1,0,1,0,1
41627665,1256.5223711085262,1590,렉스턴,렉스턴 스포츠,35,127463,2157,5,8,1,1,1,1,1,1,1,1,1,1,1,0,0,0,1,0,0,0,0,0,1,0,0,0,0,1,0,1,1,0
40734839,702.4010571269893,660,에쿠스,에쿠스(신형),73,86072,4627,5,16,4,0,1,1,1,1,1,1,1,1,1,1,0,0,0,0,0,0,1,0,0,0,0,0,1,0,0,1,0,1
41489353,1234.4350592827248,1690,코나,코나 하이브리드,91,112586,1580,5,7,9,1,1,1,1,1,1,1,1,1,1,1,0,0,0,0,0,0,0,1,0,0,0,1,0,0,0,1,1,0
41304318,923.0393528184499,850,그랜저,그랜저 HG,27,86712,2359,5,10,2,0,0,1,1,1,1,1,1,0,1,1,0,0,0,0,0,0,1,0,0,0,0,0,1,0,0,1,0,1
41463849,875.1505814198441,645,제네시스,제네시스,81,91335,3342,5,14,4,0,0,1,1,1,1,1,1,0,1,1,0,0,0,0,0,0,1,0,0,0,0,0,1,0,0,1,0,1
39921814,1072.7523168570258,790,싼타페,싼타페 DM,56,168305,1995,5,13,14,0,0,1,1,1,1,1,1,1,1,1,0,0,0,0,0,0,0,0,1,0,0,0,0,0,1,1,1,0
40798847,845.8008944920679,530,K5,더 뉴 K5,11,117293,1999,5,13,15,0,0,1,1,1,1,1,1,0,1,0,1,0,0,0,0,1,0,0,0,0,0,0,0,1,0,1,0,1
41462913,1152.9770278532783,1550,쏘렌토,올 뉴 쏘렌토,58,83275,2199,5,11,8,1,0,1,1,1,1,1,1,1,1,0,1,0,0,0,0,0,0,0,1,0,0,1,0,0,0,1,1,0
40749131,833.2990788440546,330,코란도,코란도 투리스모,92,213178,1998,9,12,2,1,0,1,0,1,1,0,1,0,1,0,0,0,1,0,0,0,0,0,1,0,0,0,0,1,0,1,1,0
41648150,814.5976259860029,1180,말리부,더 뉴 말리부,40,136679,1341,5,6,2,0,0,1,1,1,1,1,1,1,1,0,0,0,0,1,0,0,1,0,0,0,0,1,0,0,0,1,0,1
40930745,817.7357216322383,360,말리부,말리부,40,152231,1998,5,14,2,0,0,1,1,1,1,1,1,0,1,0,0,0,0,1,0,0,1,0,0,0,0,1,0,0,0,1,0,1
40504163,704.8228682442713,390,모닝,올 뉴 모닝,42,156365,998,5,13,3,0,0,1,0,0,0,0,1,0,1,0,1,0,0,0,0,0,0,1,0,0,0,0,0,1,0,1,0,1
40959149,526.5779521455554,348,스파크,스파크,54,74435,995,5,12,9,0,0,1,1,0,0,1,1,0,1,0,0,0,0,1,0,0,1,0,0,0,0,1,0,0,0,1,0,1
40903102,787.1137560564567,470,트랙스,트랙스,103,52952,1362,5,11,28,0,0,1,1,0,0,1,1,0,1,0,0,0,0,1,0,0,1,0,0,0,0,0,1,0,0,1,1,0
41502115,886.0914963836809,1350,제네시스,제네시스 DH,81,160000,3778,5,11,6,1,1,1,1,1,1,1,1,1,1,1,0,0,0,0,0,0,1,0,0,0,0,0,1,0,0,1,0,1
41513160,968.6868564277833,1150,쏘나타,LF 쏘나타,57,75363,1999,5,11,1,1,0,1,1,1,1,1,1,0,1,1,0,0,0,0,0,0,1,0,0,0,0,0,1,0,0,1,0,1
41471199,768.0397857057295,649,트랙스,트랙스,103,41390,1598,5,11,6,0,0,1,1,0,0,0,1,0,1,0,0,0,0,1,0,0,0,0,1,0,0,1,0,0,0,1,1,0
41625369,1026.1187870977335,1130,스포티지,스포티지 4세대,55,125256,1685,5,9,5,0,0,1,1,1,1,1,1,1,1,0,1,0,0,0,0,0,0,0,1,0,0,1,0,0,0,1,1,0
41394965,1063.6126404216627,1120,싼타페,싼타페 더 프라임,56,142402,1995,5,11,5,1,0,1,1,1,1,1,1,1,1,1,0,0,0,0,0,0,0,0,1,0,0,1,0,0,0,1,1,0
41227311,963.6518467963097,1330,티볼리,베리 뉴 티볼리,105,94932,1497,5,4,2,0,1,1,1,1,1,1,1,1,1,0,0,0,1,0,0,0,1,0,0,0,0,1,0,0,0,1,1,0
41298504,923.0393528184499,1400,그랜저,더 뉴 그랜저 IG,27,186345,2497,5,6,8,0,1,1,1,1,1,1,1,1,1,1,0,0,0,0,0,0,1,0,0,0,0,0,1,0,0,1,0,1
41606438,597.2940892493505,580,알페온,알페온,70,134798,2997,5,12,0,0,1,1,1,1,1,1,1,1,1,0,0,0,0,1,0,0,1,0,0,0,0,0,1,0,0,1,0,1
40489798,988.0567474787636,870,스타렉스,그랜드 스타렉스,50,129510,2497,5,11,4,0,0,1,0,0,0,0,1,0,1,1,0,0,0,0,0,0,0,0,1,0,0,0,0,1,0,1,1,0
41235647,970.8411733726565,1600,티볼리,티볼리 에어,105,10576,1497,5,4,7,0,1,1,1,0,1,1,1,1,1,0,0,0,1,0,0,0,1,0,0,0,0,0,1,0,0,1,1,0
40745799,511.37274562236945,590,스파크,더 넥스트 스파크,54,95431,999,5,11,6,1,0,1,1,1,1,0,1,0,1,0,0,0,0,1,0,0,1,0,0,0,0,0,1,0,0,1,0,1
41234794,831.0491350121001,1060,코란도,코란도 투리스모,92,75377,2157,9,9,6,0,1,1,1,1,1,1,1,1,1,0,0,0,1,0,0,0,0,0,1,0,0,1,0,0,0,1,1,0
40440390,1122.21175713316,1150,카니발,올 뉴 카니발,85,127768,2199,9,10,1,0,0,1,1,1,1,1,1,1,1,0,1,0,0,0,0,0,0,0,1,0,0,0,1,0,0,1,1,0
41517152,907.2378156501135,1690,그랜저,그랜저 IG,27,84280,2359,5,9,7,0,0,1,1,1,1,1,1,1,1,1,0,0,0,0,0,0,1,0,0,0,0,0,1,0,0,1,0,1
41483134,1301.1905814198442,990,QM6,QM6,17,159054,1995,5,7,12,1,1,1,1,1,1,1,1,1,1,0,0,0,0,0,1,0,0,0,1,0,0,0,0,1,0,1,1,0
41552860,444.45152312654096,260,SM3,뉴SM3,18,67635,1598,5,16,4,0,0,1,1,0,0,1,0,0,0,0,0,0,0,0,1,0,1,0,0,0,0,1,0,0,0,1,0,1
41642808,651.2405814198441,350,모닝,올 뉴 모닝,42,127038,998,5,15,2,0,0,0,0,0,0,0,0,0,0,0,1,0,0,0,0,0,1,0,0,0,0,1,0,0,0,1,0,1
41483083,483.19448616103887,250,SM3,뉴SM3,18,138136,1598,5,12,14,0,0,1,1,1,1,1,1,0,0,0,0,0,0,0,1,0,1,0,0,0,0,1,0,0,0,1,0,1
41656633,831.0491350121001,399,코란도,코란도 투리스모,92,176443,1998,9,12,2,0,0,1,1,0,0,1,1,0,1,0,0,0,1,0,0,0,0,0,1,0,0,0,1,0,0,1,1,0
41645043,816.6985223123376,1090,트랙스,더 뉴 트랙스,103,84701,1399,5,5,3,0,0,1,1,0,1,0,1,0,1,0,0,0,0,1,0,0,1,0,0,0,0,1,0,0,0,1,1,0
41187010,963.6518467963097,930,티볼리,티볼리 아머,105,81803,1597,5,9,12,0,1,1,1,0,1,1,1,1,1,0,0,0,1,0,0,0,1,0,0,0,0,0,0,0,1,1,1,0
41016917,1264.805265999821,1690,렉스턴,렉스턴 스포츠 칸,35,125695,2157,5,6,12,0,1,1,1,0,1,1,1,1,1,0,0,0,1,0,0,0,0,0,1,0,0,0,0,0,1,1,1,0
41656323,731.2047804071187,490,에쿠스,에쿠스,73,236762,4498,4,20,2,0,1,1,1,1,0,1,1,0,1,1,0,0,0,0,0,0,1,0,0,0,0,0,1,0,0,1,0,1
41292308,511.37274562236945,580,스파크,더 넥스트 스파크,54,54655,999,5,10,8,0,0,1,1,0,0,1,1,0,1,0,0,0,0,1,0,0,1,0,0,0,0,1,0,0,0,1,0,1
41028611,526.5779521455554,319,스파크,스파크,54,96598,995,5,11,14,0,0,1,1,0,0,0,1,0,1,0,0,0,0,1,0,0,1,0,0,0,0,0,0,0,1,1,0,1
41513279,967.6269960460112,1050,티볼리,티볼리 에어,105,73000,1597,5,10,3,1,0,1,1,0,1,1,1,1,1,0,0,0,1,0,0,0,1,0,0,0,0,1,0,0,0,1,1,0
41627605,936.2255262529029,600,아반떼,아반떼 MD,62,36478,1591,5,14,8,0,0,1,1,1,1,1,1,0,1,1,0,0,0,0,0,0,1,0,0,0,0,0,0,1,0,1,0,1
41613914,1121.333920626105,830,카니발,올 뉴 카니발,85,199062,2199,9,10,13,1,1,1,1,1,1,1,1,1,1,0,1,0,0,0,0,0,0,0,1,0,0,0,0,1,0,1,1,0
41539901,1050.1398208359376,352,투싼,더 뉴 투싼 (NX4),101,10,1598,5,0,2,0,1,1,1,0,1,0,1,0,1,1,0,0,0,0,0,0,1,0,0,0,0,1,0,0,0,1,1,0
41455053,467.5515672751364,249,크루즈,어메이징 뉴 크루즈,95,162185,1796,5,11,17,0,0,1,1,0,0,0,1,0,1,0,0,0,0,1,0,0,1,0,0,0,0,1,0,0,0,1,0,1
41620008,831.0491350121001,1690,코란도,뷰티풀 코란도,92,49560,1497,5,4,7,0,1,1,1,1,1,1,1,1,1,0,0,0,1,0,0,0,1,0,0,0,0,0,0,1,0,1,1,0
41461617,1023.2941085597921,1199,K7,올 뉴 K7,12,169145,2199,5,9,15,1,1,1,1,1,1,1,1,1,1,0,1,0,0,0,0,0,0,0,1,0,0,0,1,0,0,1,0,1
40030754,539.6756970784525,170,스파크,스파크,54,118850,995,5,14,2,0,0,1,1,0,0,1,0,0,0,0,0,0,0,1,0,0,1,0,0,0,0,0,0,1,0,1,0,1
41494998,1012.2538228903043,1450,스타렉스,더 뉴 그랜드 스타렉스,50,114242,2497,5,6,0,0,0,1,1,0,0,0,1,1,1,1,0,0,0,0,0,0,0,0,1,0,0,0,0,1,0,1,1,0
41598233,1050.1398208359376,1690,투싼,올 뉴 투싼,101,133457,1598,5,7,0,1,1,1,1,1,1,1,1,1,1,1,0,0,0,0,0,0,0,0,1,0,0,1,0,0,0,1,1,0
41480948,817.7357216322383,1650,말리부,더 뉴 말리부,40,58081,1341,5,7,1,1,1,1,1,1,1,1,1,1,1,0,0,0,0,1,0,0,1,0,0,0,0,0,1,0,0,1,0,1
40799340,793.2511181150848,1550,K3,올 뉴 K3,10,54248,1598,5,5,2,0,0,1,1,1,1,1,1,1,1,0,1,0,0,0,0,0,1,0,0,0,0,1,0,0,0,1,0,1
41390228,962.3768750735256,980,티볼리,티볼리 아머,105,128615,1597,5,9,8,1,1,1,1,0,1,1,1,1,1,0,0,0,1,0,0,0,0,0,1,0,0,0,1,0,0,1,1,0
41137291,1079.3476259860029,850,싼타페,싼타페 DM,56,164333,2199,7,14,3,0,1,1,1,1,1,1,1,1,1,1,0,0,0,0,0,0,0,0,1,0,0,0,0,1,0,1,1,0
40562547,533.309928537862,250,아베오,아베오 세단,63,85940,1598,5,13,22,0,0,1,1,0,0,0,1,0,1,0,0,0,0,1,0,0,1,0,0,0,0,1,0,0,0,1,0,1
40478168,923.0393528184499,850,그랜저,그랜저 IG 하이브리드,27,360714,2359,5,8,3,0,1,1,1,1,1,1,1,1,1,1,0,0,0,0,0,0,0,1,0,0,0,0,0,1,0,1,0,1
41588314,947.3443649473054,259,아반떼,아반떼 MD,62,155106,1591,5,15,10,0,0,1,0,1,0,0,1,0,1,1,0,0,0,0,0,0,1,0,0,0,0,0,1,0,0,1,0,1
41422402,874.0501334751542,1340,레이,더 뉴 레이,34,31115,998,5,5,0,0,0,1,0,1,1,0,1,0,1,0,1,0,0,0,0,0,1,0,0,0,0,0,0,0,1,1,0,1
41645618,793.2511181150848,500,K3,K3,10,184542,1582,5,12,2,0,0,1,1,1,0,0,1,0,1,0,1,0,0,0,0,0,0,0,1,0,0,1,0,0,0,1,0,1
40697560,819.4078380887734,550,SM6,SM6,20,127607,1997,5,10,5,0,0,1,1,1,1,0,1,0,1,0,0,0,0,0,1,0,1,0,0,0,0,0,1,0,0,1,0,1
41551735,833.5048451653676,540,다마스,뉴 다마스,30,102363,796,2,7,0,0,0,0,0,0,0,0,0,0,0,0,0,0,0,1,0,1,0,0,0,0,0,1,0,0,0,0,1,0
41631457,1125.2967759541912,799,쏘렌토,뉴 쏘렌토 R,58,115980,1995,5,13,7,0,1,1,1,1,1,1,1,1,1,0,1,0,0,0,0,0,0,0,1,0,0,1,0,0,0,1,1,0
41645819,1035.2811628396882,1440,스포티지,스포티지 더 볼드,55,115537,1598,5,5,0,0,0,1,1,0,1,1,1,1,1,0,1,0,0,0,0,0,0,0,1,0,0,1,0,0,0,1,1,0
41598078,814.5976259860029,1070,말리부,더 뉴 말리부,40,75263,1341,5,6,8,0,0,1,1,1,1,0,1,0,1,0,0,0,0,1,0,0,1,0,0,0,0,0,1,0,0,1,0,1
41563489,1050.1398208359376,1370,투싼,올 뉴 투싼,101,61441,1685,5,9,0,0,0,1,1,1,1,1,1,0,1,1,0,0,0,0,0,0,0,0,1,0,0,0,0,1,0,1,1,0
41534607,468.8263197140382,590,SM3,SM3 Z.E.,18,96309,74,5,9,1,0,0,1,1,1,1,1,1,0,1,0,0,0,0,0,1,0,0,0,0,1,0,1,0,0,0,1,0,1
39228904,768.0397857057295,1150,트랙스,더 뉴 트랙스,103,50005,1598,5,7,2,0,0,1,1,0,1,0,1,0,1,0,0,0,0,1,0,0,0,0,1,0,0,0,1,0,0,1,1,0
41642441,1210.4595446246751,1430,XM3,XM3,23,47899,1332,5,4,6,0,1,1,1,1,1,1,1,1,1,0,0,0,0,0,1,0,1,0,0,0,0,0,1,0,0,1,1,0
41400125,1031.8286148688874,1280,아이오닉,아이오닉 하이브리드,65,96901,1580,5,10,4,1,1,1,1,1,1,1,1,1,1,1,0,0,0,0,0,0,0,1,0,0,0,1,0,0,0,1,0,1
40841688,731.3465116724439,790,에쿠스,에쿠스(신형),73,201065,3778,5,12,2,0,1,1,1,1,1,1,1,1,1,1,0,0,0,0,0,0,1,0,0,0,0,0,1,0,0,1,0,1
41587085,935.928526081858,680,그랜저,그랜저 HG,27,110994,2359,5,12,5,0,0,1,1,1,1,1,1,0,1,1,0,0,0,0,0,0,1,0,0,0,0,0,0,1,0,1,0,1
40851458,526.5779521455554,590,스파크,더 뉴 스파크,54,90113,999,5,8,11,0,0,1,1,0,1,1,1,0,1,0,0,0,0,1,0,0,1,0,0,0,0,1,0,0,0,1,0,1
41498601,928.4206454774875,1050,아반떼,아반떼 AD,62,118044,1591,5,9,2,0,1,1,1,1,1,1,1,0,1,1,0,0,0,0,0,0,1,0,0,0,0,0,0,0,1,1,0,1
41631744,780.500937773942,430,K5,K5,11,248999,1999,5,13,6,1,0,1,0,1,0,0,1,0,1,0,1,0,0,0,0,1,0,0,0,0,0,1,0,0,0,1,0,1
41587295,1304.167236686122,1099,QM6,QM6,17,125829,1997,5,8,5,0,0,1,1,1,1,0,1,0,1,0,0,0,0,0,1,0,1,0,0,0,0,1,0,0,0,1,1,0
41633317,977.230670900442,889,쏘나타,쏘나타 뉴 라이즈,57,158720,1999,5,9,16,0,1,1,1,1,1,0,1,0,1,1,0,0,0,0,0,1,0,0,0,0,0,1,0,0,0,1,0,1
41580871,1012.2778089395711,1490,K7,올 뉴 K7,12,110500,2199,5,9,2,1,1,1,1,1,1,1,1,1,1,0,1,0,0,0,0,0,0,0,1,0,0,1,0,0,0,1,0,1
41291817,867.4613543331805,1099,제네시스,제네시스 DH,81,99976,3342,5,12,6,0,1,1,1,1,1,0,1,1,1,1,0,0,0,0,0,0,1,0,0,0,0,0,0,1,0,1,0,1
41592558,905.6914320771383,550,그랜저,그랜저 HG,27,121960,2359,5,15,7,1,0,1,1,1,1,1,1,0,1,1,0,0,0,0,0,0,1,0,0,0,0,0,1,0,0,1,0,1
41631301,928.4206454774875,650,아반떼,더 뉴 아반떼,62,116376,1591,5,13,8,0,0,1,1,1,1,1,1,0,1,1,0,0,0,0,0,0,1,0,0,0,0,1,0,0,0,1,0,1
41322137,511.37274562236945,560,스파크,더 넥스트 스파크,54,79640,999,5,11,1,0,0,1,1,0,0,1,1,0,1,0,0,0,0,1,0,0,1,0,0,0,0,0,0,0,1,1,0,1
40724160,1253.701162839688,749,XM3,XM3,23,119794,1332,5,6,20,0,1,1,0,1,1,0,1,0,1,0,0,0,0,0,1,0,1,0,0,0,0,0,1,0,0,1,1,0
41309124,659.0006532807237,370,모닝,올 뉴 모닝,42,170856,998,5,12,10,0,0,1,1,1,1,1,1,0,1,0,1,0,0,0,0,0,1,0,0,0,0,1,0,0,0,1,0,1
40642570,723.7884711060512,899,QM3,뉴QM3,15,83883,1461,5,9,2,0,1,1,1,1,1,1,1,0,1,0,0,0,0,0,1,0,0,0,1,0,0,0,0,0,1,1,1,0
41635868,825.9607559160171,450,제네시스 쿠페,제네시스 쿠페,82,108338,1998,4,15,12,1,0,1,1,0,1,1,1,0,0,1,0,0,0,0,0,0,1,0,0,0,0,1,0,0,0,1,0,1
40644944,635.3109081424859,670,SM7,SM7 노바,21,69562,1998,5,11,8,0,1,1,0,1,1,0,1,1,1,0,0,0,0,0,1,1,0,0,0,0,0,0,0,1,0,1,0,1
41148209,1389.3158649586906,1270,캐스퍼,캐스퍼,88,101025,998,4,5,0,0,0,1,1,0,1,1,1,1,1,1,0,0,0,0,0,0,1,0,0,0,0,1,0,0,0,1,0,1
40814891,521.1936913921791,290,스파크,스파크,54,136372,995,5,11,11,0,0,1,1,0,0,1,1,0,1,0,0,0,0,1,0,0,1,0,0,0,0,0,0,1,0,1,0,1
41494406,1024.6264535496102,590,스포티지,스포티지 R,55,109566,1995,5,15,0,0,0,1,0,1,1,0,1,0,1,0,1,0,0,0,0,0,0,0,1,0,0,0,0,1,0,1,1,0
40584460,962.3768750735256,850,티볼리,티볼리 아머,105,136732,1597,5,8,1,0,0,1,1,0,1,1,1,0,1,0,0,0,1,0,0,0,1,0,0,0,0,0,0,0,1,1,1,0
41386603,817.29454516165,360,말리부,말리부,40,142437,1956,5,11,0,1,0,1,1,1,1,1,1,0,1,0,0,0,0,1,0,0,0,0,1,0,0,1,0,0,0,1,0,1
41504851,986.97541951879,1360,K7,올 뉴 K7,12,94266,3342,5,10,0,0,1,1,1,1,1,1,1,1,1,0,1,0,0,0,0,0,1,0,0,0,0,0,1,0,0,1,0,1
40053396,907.2378156501135,690,그랜저,그랜저 HG,27,103652,2999,5,12,11,1,0,1,0,1,1,1,1,1,1,1,0,0,0,0,0,0,1,0,0,0,0,0,1,0,0,1,0,1
41237839,521.1936913921791,230,스파크,스파크,54,60895,995,5,15,14,0,0,0,0,0,0,0,1,0,1,0,0,0,0,1,0,0,1,0,0,0,0,0,0,0,1,1,0,1
41445061,1051.6974101665487,430,싼타페,싼타페 CM,56,102564,1995,7,17,0,0,0,1,0,1,0,0,1,0,0,1,0,0,0,0,0,0,0,0,1,0,0,0,0,1,0,1,1,0
41652655,923.0393528184499,450,그랜저,그랜저 HG,27,188796,2359,5,13,10,0,1,1,1,1,1,1,1,0,1,1,0,0,0,0,0,0,1,0,0,0,0,0,1,0,0,1,0,1
41531895,672.6380015602682,1660,모닝,모닝 어반 (JA),42,16910,998,5,3,0,0,0,1,1,1,1,1,1,1,1,0,1,0,0,0,0,0,1,0,0,0,0,1,0,0,0,1,0,1
40429977,852.0527265859381,580,K3,K3,10,88654,1591,5,12,8,1,0,1,1,1,0,1,1,0,1,0,1,0,0,0,0,0,1,0,0,0,0,0,0,0,1,1,0,1
41525348,1015.1390064538368,1690,아이오닉,더 뉴 아이오닉 하이브리드,65,62847,1580,5,6,13,1,1,1,1,1,1,1,1,1,1,1,0,0,0,0,0,0,0,1,0,0,0,0,0,1,0,1,0,1
41604849,1023.4311157213216,990,K7,올 뉴 K7,12,159297,3342,5,9,11,0,1,1,1,1,1,1,1,1,1,0,1,0,0,0,0,0,1,0,0,0,0,0,0,1,0,1,0,1
40703133,950.3037718506688,965,쏘나타,쏘나타 뉴 라이즈,57,180619,1999,5,8,5,0,1,1,1,1,1,1,1,1,1,1,0,0,0,0,0,0,1,0,0,0,0,0,1,0,0,1,0,1
41398696,916.1401938066147,750,그랜저,그랜저 HG,27,117608,2359,5,11,12,0,0,1,1,1,1,0,1,0,1,1,0,0,0,0,0,0,1,0,0,0,0,0,1,0,0,1,0,1
41116747,970.8411733726565,1050,티볼리,베리 뉴 티볼리,105,24533,1497,5,5,14,0,0,1,0,0,0,0,0,0,0,0,0,0,1,0,0,0,1,0,0,0,0,0,0,1,0,1,1,0
40743913,969.3889001833381,680,티볼리,티볼리,105,89747,1597,5,10,2,0,0,1,1,0,1,1,1,1,1,0,0,0,1,0,0,0,0,0,1,0,0,1,0,0,0,1,1,0
41564627,928.4206454774875,950,아반떼,아반떼 AD,62,78000,1591,5,10,2,0,0,1,1,0,1,1,1,0,1,1,0,0,0,0,0,0,1,0,0,0,0,1,0,0,0,1,0,1
41157099,947.3443649473054,845,아반떼,아반떼 AD,62,146475,1591,5,10,8,0,1,1,1,1,1,1,1,0,1,1,0,0,0,0,0,0,1,0,0,0,0,1,0,0,0,1,0,1
39900105,583.2714669994004,320,알페온,알페온,70,171433,2384,5,14,19,0,0,1,1,1,1,0,1,0,1,0,0,0,0,1,0,0,0,1,0,0,0,0,0,1,0,1,0,1
41108843,947.3443649473054,269,아반떼,아반떼 MD,62,178050,1591,5,16,7,0,0,1,0,1,0,0,1,0,1,1,0,0,0,0,0,0,1,0,0,0,0,0,0,1,0,1,0,1
40217669,397.0685256503341,290,SM5,뉴SM5 플래티넘,19,84158,1998,5,13,20,0,0,1,0,1,1,0,1,0,1,0,0,0,0,0,1,0,1,0,0,0,0,0,0,1,0,1,0,1
41451338,987.5738331607303,1250,스타렉스,그랜드 스타렉스,50,125663,2497,15,9,4,0,0,1,0,0,0,0,1,0,1,1,0,0,0,0,0,0,0,0,1,0,0,0,0,0,1,1,1,0
41089486,842.1279070156255,499,K5,K5,11,115577,1998,5,16,5,1,0,0,1,0,0,1,1,0,1,0,1,0,0,0,0,1,0,0,0,0,0,0,0,1,0,1,0,1
41231808,511.37274562236945,770,스파크,더 뉴 스파크,54,103574,999,5,7,1,0,0,1,1,0,1,0,1,0,1,0,0,0,0,1,0,0,1,0,0,0,0,0,1,0,0,1,0,1
41440399,1166.5206719253486,1330,베뉴,베뉴,45,71698,1598,5,5,2,0,0,1,1,0,0,0,1,0,1,1,0,0,0,0,0,0,1,0,0,0,0,0,0,1,0,1,1,0
41566225,1210.4595446246751,1620,XM3,XM3,23,34834,1598,5,5,4,0,1,1,1,1,1,1,1,1,1,0,0,0,0,0,1,0,1,0,0,0,0,1,0,0,0,1,1,0
41451240,1197.9504285254952,1630,G70,G70,4,110597,1998,5,9,10,0,1,1,1,1,1,1,1,1,1,0,0,1,0,0,0,0,1,0,0,0,0,0,0,0,1,1,0,1
40972544,780.500937773942,1230,K5,K5 2세대,11,75264,1999,5,10,1,0,1,1,1,1,1,1,1,1,1,0,1,0,0,0,0,0,1,0,0,0,0,0,0,0,1,1,0,1
41253249,1005.1859527579388,640,투싼,투싼 ix,101,117624,1995,5,15,7,0,0,1,1,1,1,1,1,1,1,1,0,0,0,0,0,0,0,0,1,0,0,1,0,0,0,1,1,0
41390607,905.6914320771383,1645,그랜저,더 뉴 그랜저 IG,27,161518,2497,5,6,1,0,1,1,1,1,1,1,1,1,1,1,0,0,0,0,0,0,1,0,0,0,0,0,1,0,0,1,0,1
40154868,804.849667793527,650,SM6,SM6,20,100880,1618,5,10,2,0,1,1,1,1,1,1,1,1,1,0,0,0,0,0,1,0,1,0,0,0,0,0,0,0,1,1,0,1
41339235,608.8857730579066,180,마티즈,마티즈 크리에이티브,39,80291,995,5,16,1,0,0,0,1,0,0,0,0,0,0,0,0,0,0,1,0,0,1,0,0,0,0,0,0,0,1,1,0,1
41344352,793.5123984456893,660,코란도,뉴코란도 C,92,60784,1998,5,11,2,0,0,1,1,1,1,1,1,0,1,0,0,0,1,0,0,0,0,0,1,0,0,0,0,1,0,1,1,0
41326371,1309.1947392425673,1330,QM6,QM6,17,88799,1997,5,8,5,0,1,1,1,1,1,1,1,1,1,0,0,0,0,0,1,0,1,0,0,0,0,0,1,0,0,1,1,0
39018484,943.9179347406766,729,아반떼,아반떼 AD,62,156658,1591,5,10,3,0,0,1,1,1,0,0,1,0,1,1,0,0,0,0,0,0,1,0,0,0,0,1,0,0,0,1,0,1
41633442,1392.238226774805,1639,캐스퍼,캐스퍼,88,52307,998,4,4,1,0,0,1,1,1,1,1,1,1,1,1,0,0,0,0,0,0,1,0,0,0,0,1,0,0,0,1,0,1
40512814,719.0411628396882,1190,QM3,뉴QM3,15,62823,1461,5,8,20,1,1,1,1,1,1,1,1,0,1,0,0,0,0,0,1,0,0,0,1,0,0,0,1,0,0,1,1,0
41611925,822.0881784987009,888,GV80,GV80,9,82411,2996,5,4,2,0,1,1,1,1,1,1,1,1,1,0,0,1,0,0,0,0,0,0,1,0,0,0,1,0,0,1,1,0
41307112,535.2976053661823,400,올란도,올란도,77,165298,1998,7,13,8,0,0,1,1,0,1,1,1,0,1,0,0,0,0,1,0,1,0,0,0,0,0,1,0,0,0,1,1,0
41191968,950.3037718506688,399,쏘나타,쏘나타 하이브리드,57,168069,1999,5,14,7,0,0,1,1,1,1,1,1,0,1,1,0,0,0,0,0,0,0,1,0,0,0,1,0,0,0,1,0,1
41188994,884.6571584685064,959,레이,더 뉴 레이,34,111851,998,5,7,1,0,0,1,1,0,1,1,1,0,1,0,1,0,0,0,0,0,1,0,0,0,0,1,0,0,0,1,0,1
41403305,867.4613543331805,1590,제네시스,제네시스 DH,81,74397,3778,5,12,7,1,1,1,1,1,1,1,1,1,1,1,0,0,0,0,0,0,1,0,0,0,0,0,0,1,0,1,0,1
41580248,1251.1196295251596,1550,코나,코나,91,105100,1591,5,9,2,0,1,1,1,1,1,1,1,1,1,1,0,0,0,0,0,0,1,0,0,0,0,0,0,0,1,1,1,0
40884728,1122.21175713316,460,카니발,카니발 R,85,127811,2199,11,14,7,0,0,1,1,0,0,1,1,0,1,0,1,0,0,0,0,0,0,0,1,0,0,0,1,0,0,1,1,0
41594248,943.9179347406766,780,아반떼,아반떼 AD,62,114980,1591,5,9,0,0,0,1,1,0,0,1,0,0,1,1,0,0,0,0,0,0,1,0,0,0,0,1,0,0,0,1,0,1
41577763,535.2976053661823,690,올란도,올란도,77,69341,1598,7,9,12,0,0,1,1,0,1,1,1,0,1,0,0,0,0,1,0,0,0,0,1,0,0,0,0,1,0,1,1,0
41598786,969.3889001833381,1450,티볼리,베리 뉴 티볼리,105,50277,1497,5,5,0,0,0,1,1,0,1,1,1,0,1,0,0,0,1,0,0,0,1,0,0,0,0,1,0,0,0,1,1,0
39529195,526.5779521455554,290,스파크,스파크,54,104120,995,5,13,17,0,0,1,0,0,0,1,1,0,1,0,0,0,0,1,0,0,1,0,0,0,0,0,0,0,1,1,0,1
41477758,833.2990788440546,660,코란도,코란도 투리스모,92,76844,1998,9,12,1,0,0,1,1,0,0,0,1,0,1,0,0,0,1,0,0,0,0,0,1,0,0,0,1,0,0,1,1,0
41320199,941.3889022900747,1130,쏘나타,쏘나타 뉴 라이즈,57,85419,1999,5,7,4,0,0,1,1,0,1,1,1,0,1,1,0,0,0,0,0,1,0,0,0,0,0,1,0,0,0,1,0,1
41355472,892.2058141984411,1699,토레스,토레스,100,131037,1497,5,4,1,0,1,1,1,1,1,1,1,0,1,0,0,0,1,0,0,0,1,0,0,0,0,0,1,0,0,1,1,0
41599287,576.7830669370128,510,QM5,QM5 네오,16,78797,1998,5,12,8,0,0,1,1,1,1,1,1,0,1,0,0,0,0,0,1,0,1,0,0,0,0,1,0,0,0,1,1,0
41547485,609.8286148688875,640,알페온,알페온,70,65632,2384,5,14,5,0,1,1,1,1,1,1,1,0,1,0,0,0,0,1,0,0,0,1,0,0,0,0,0,1,0,1,0,1
39824473,1301.2282984354893,1450,QM6,QM6,17,74454,1995,5,8,0,1,1,1,1,1,1,1,1,1,1,0,0,0,0,0,1,0,0,0,1,0,0,1,0,0,0,1,1,0
40781519,1379.3008305997773,1590,캐스퍼,캐스퍼,88,36633,998,4,4,2,0,1,1,1,1,1,1,1,1,1,1,0,0,0,0,0,0,1,0,0,0,0,1,0,0,0,1,0,1
41038775,820.6996852780783,580,SM6,SM6,20,225321,1997,5,9,9,0,1,1,1,1,1,1,1,0,1,0,0,0,0,0,1,1,0,0,0,0,0,0,1,0,0,1,0,1
39409124,1153.1834208815528,1316,카니발,카니발 4세대,85,60490,2151,9,4,1,0,1,1,1,1,1,1,1,1,1,0,1,0,0,0,0,0,0,0,1,0,0,0,1,0,0,1,1,0
41646358,1084.4388555279147,1212,카니발,카니발 4세대,85,63277,3470,4,3,2,0,1,1,1,1,1,1,1,1,1,0,1,0,0,0,0,0,1,0,0,0,0,0,1,0,0,1,1,0
41206017,659.0006532807237,1180,모닝,모닝 어반 (JA),42,37840,998,5,5,1,0,0,1,1,0,1,1,1,1,1,0,1,0,0,0,0,0,1,0,0,0,0,1,0,0,0,1,0,1
41631054,814.5976259860029,530,말리부,올 뉴 말리부,40,202146,1796,5,10,3,1,0,1,1,1,1,0,1,0,1,0,0,0,0,1,0,0,0,1,0,0,0,0,0,1,0,1,0,1
41214831,1260.2163622137289,1690,트레일블레이저,트레일블레이저,104,18316,1341,5,6,2,1,1,1,1,1,1,1,1,1,1,0,0,0,0,1,0,0,1,0,0,0,0,1,0,0,0,1,1,0
41290633,1273.33407874339,1130,G80,G80,5,213492,3342,5,8,8,0,1,1,1,1,1,1,1,1,1,0,0,1,0,0,0,0,1,0,0,0,0,0,1,0,0,1,0,1
39512675,487.41627910745245,400,크루즈,어메이징 뉴 크루즈,95,86971,1998,5,11,5,0,0,1,1,1,1,0,1,0,1,0,0,0,0,1,0,0,0,0,1,0,0,0,1,0,0,1,0,1
41568257,967.6269960460112,589,티볼리,티볼리,105,103988,1597,5,10,2,0,1,1,1,1,1,0,1,1,1,0,0,0,1,0,0,0,1,0,0,0,0,0,0,0,1,1,1,0
41584361,807.4456798684994,790,SM6,SM6,20,98805,1997,5,10,1,0,0,1,1,1,1,0,1,1,1,0,0,0,0,0,1,0,1,0,0,0,0,0,0,1,0,1,0,1
41545024,800.0418365153032,730,트랙스,더 뉴 트랙스,103,113040,1362,5,9,0,0,0,1,1,0,1,1,1,0,1,0,0,0,0,1,0,0,1,0,0,0,0,1,0,0,0,1,1,0
41245333,855.9619243526355,859,K3,더 뉴 K3,10,109322,1591,5,10,4,0,1,1,1,1,1,1,1,0,1,0,1,0,0,0,0,0,1,0,0,0,0,1,0,0,0,1,0,1
41250069,1027.800505582473,1140,투싼,올 뉴 투싼,101,114478,1685,5,10,1,0,0,1,1,1,1,1,1,0,1,1,0,0,0,0,0,0,0,0,1,0,0,0,0,1,0,1,1,0
41297476,1274.1449336423004,1149,트레일블레이저,트레일블레이저,104,130476,1341,5,6,3,0,1,1,1,1,1,0,1,0,1,0,0,0,0,1,0,0,1,0,0,0,0,1,0,0,0,1,1,0
39691618,916.1401938066147,1470,그랜저,그랜저 IG,27,141886,2199,5,9,8,1,0,1,1,1,1,1,1,1,1,1,0,0,0,0,0,0,0,0,1,0,0,1,0,0,0,1,0,1
41616293,831.0491350121001,850,코란도,뉴 스타일 코란도 C,92,100937,2157,5,9,9,0,1,1,1,1,1,1,1,1,1,0,0,0,1,0,0,0,0,0,1,0,0,1,0,0,0,1,1,0
41415902,992.8099193332274,970,스타렉스,그랜드 스타렉스,50,256605,2497,3,15,2,0,0,0,1,0,0,1,1,0,1,1,0,0,0,0,0,0,0,0,1,0,0,0,0,1,0,1,1,0
41622295,591.0966224282002,530,엑센트,엑센트(신형),74,104439,1582,5,9,8,0,0,1,1,0,0,1,0,0,1,1,0,0,0,0,0,0,0,0,1,0,0,1,0,0,0,1,0,1
41569780,397.0685256503341,230,SM5,뉴SM5 플래티넘,19,198086,1998,5,13,2,0,0,1,0,1,1,0,1,0,1,0,0,0,0,0,1,0,1,0,0,0,0,0,1,0,0,1,0,1
41120971,660.2276819994972,420,캡티바,캡티바,90,136036,1998,7,14,0,1,0,1,1,1,0,1,1,0,1,0,0,0,0,1,0,0,0,0,1,0,0,0,0,1,0,1,1,0
41641969,936.9062313760018,1190,아반떼,더 뉴 아반떼 AD,62,77749,1598,5,7,10,0,0,1,1,1,1,1,1,0,1,1,0,0,0,0,0,0,1,0,0,0,0,1,0,0,0,1,0,1
41098131,521.1936913921791,275,스파크,스파크,54,112408,995,5,13,11,0,0,1,1,0,0,1,1,0,1,0,0,0,0,1,0,0,1,0,0,0,0,1,0,0,0,1,0,1
41443221,936.9062313760018,500,아반떼,아반떼 MD,62,167051,1591,5,15,3,0,0,1,1,1,1,1,1,0,1,1,0,0,0,0,0,0,1,0,0,0,0,0,0,1,0,1,0,1
41531074,566.8948540847747,520,엑센트,엑센트(신형),74,72672,1368,5,12,4,0,0,1,0,0,0,0,0,0,1,1,0,0,0,0,0,0,1,0,0,0,0,1,0,0,0,1,0,1
40623292,970.8411733726565,670,티볼리,티볼리 에어,105,84066,1597,5,10,2,1,0,1,1,0,1,1,1,0,1,0,0,0,1,0,0,0,0,0,1,0,0,0,0,0,1,1,1,0
41635048,916.1401938066147,1575,그랜저,그랜저 IG,27,93019,2999,5,8,3,0,0,1,1,1,1,1,1,1,1,1,0,0,0,0,0,0,1,0,0,0,0,0,0,1,0,1,0,1
41528293,1051.6974101665487,1370,싼타페,싼타페 더 프라임,56,90446,1995,7,11,1,0,0,1,1,1,1,1,1,0,1,1,0,0,0,0,0,0,0,0,1,0,0,1,0,0,0,1,1,0
41197280,535.0819292958388,560,스파크,더 넥스트 스파크,54,69286,999,5,10,0,0,0,1,0,0,0,0,1,0,1,0,0,0,0,1,0,0,1,0,0,0,0,0,0,0,1,1,0,1
41519316,916.1401938066147,690,그랜저,그랜저 HG,27,101672,2999,5,14,1,0,0,1,1,1,1,1,1,1,1,1,0,0,0,0,0,0,1,0,0,0,0,0,1,0,0,1,0,1
40721838,1051.6974101665487,970,싼타페,싼타페 DM,56,94549,1995,5,13,2,0,0,1,0,0,1,0,1,1,1,1,0,0,0,0,0,0,0,0,1,0,0,0,1,0,0,1,1,0
40971084,1319.6151889790042,1590,QM6,더 뉴 QM6,17,69184,1997,5,7,2,0,0,0,0,0,0,0,0,0,0,0,0,0,0,0,1,0,1,0,0,0,0,1,0,0,0,1,1,0
40703701,807.4456798684994,760,SM6,SM6,20,134940,1998,5,10,3,0,1,1,1,1,1,1,1,0,1,0,0,0,0,0,1,1,0,0,0,0,0,0,0,1,0,1,0,1
41501394,397.0685256503341,280,SM5,SM5 노바,19,156189,1998,5,11,20,0,0,1,1,1,1,1,1,0,1,0,0,0,0,0,1,0,1,0,0,0,0,0,0,1,0,1,0,1
41429575,553.7149246371913,699,올란도,올란도,77,111012,1598,7,9,8,1,0,1,1,0,1,1,1,0,1,0,0,0,0,1,0,0,0,0,1,0,0,0,1,0,0,1,1,0
41209072,635.3109081424859,760,SM7,SM7 노바,21,27138,1998,5,11,8,0,0,1,1,1,1,1,1,0,1,0,0,0,0,0,1,1,0,0,0,0,0,0,0,1,0,1,0,1
41122304,1084.4388555279147,900,카니발,올 뉴 카니발,85,148360,2199,9,10,5,0,0,1,1,1,1,1,1,1,1,0,1,0,0,0,0,0,0,0,1,0,0,0,0,1,0,1,1,0
41173540,952.3521370538434,1290,K7,올 뉴 K7,12,82717,2359,5,9,0,0,0,1,1,1,1,1,1,1,1,0,1,0,0,0,0,0,1,0,0,0,0,0,0,1,0,1,0,1
41498018,1319.6151889790042,1550,QM6,QM6,17,72187,1997,5,8,1,1,1,1,1,1,1,1,1,1,1,0,0,0,0,0,1,0,1,0,0,0,0,0,0,1,0,1,1,0
40409681,986.97541951879,599,K7,K7 하이브리드,12,200968,2359,5,11,5,1,0,1,1,1,1,1,1,1,1,0,1,0,0,0,0,0,0,1,0,0,0,1,0,0,0,1,0,1
40903260,532.6342390295486,370,올란도,올란도,77,207861,1598,7,10,5,0,0,1,1,1,1,1,1,0,1,0,0,0,0,1,0,0,0,0,1,0,0,1,0,0,0,1,1,0
40647002,402.80707679553126,299,SM5,뉴SM5(신형),19,124883,1998,5,16,2,0,0,1,1,1,1,1,1,0,1,0,0,0,0,0,1,0,1,0,0,0,0,0,1,0,0,1,0,1
40756224,970.8411733726565,930,티볼리,티볼리 에어,105,84537,1597,5,8,2,0,0,1,1,0,0,1,1,0,1,0,0,0,1,0,0,0,0,0,1,0,0,1,0,0,0,1,1,0
41570474,1234.4350592827248,1059,코나,코나,91,136771,1582,5,8,7,0,1,1,1,0,1,1,1,1,1,1,0,0,0,0,0,0,0,0,1,0,0,0,0,1,0,1,1,0
41407804,977.230670900442,750,쏘나타,LF 쏘나타,57,165203,1999,5,12,1,0,0,1,1,0,1,1,1,0,0,1,0,0,0,0,0,0,1,0,0,0,0,0,0,1,0,1,0,1
41623365,817.29454516165,850,말리부,올 뉴 말리부,40,63798,1490,5,10,0,0,0,1,1,0,1,0,0,0,1,0,0,0,0,1,0,0,1,0,0,0,0,0,1,0,0,1,0,1
41595779,907.2378156501135,1570,그랜저,그랜저 IG,27,117778,3342,5,9,3,1,1,1,1,1,1,1,1,1,1,1,0,0,0,0,0,0,1,0,0,0,0,0,1,0,0,1,0,1
41401295,851.0052856349465,330,포르테,포르테,109,123882,1591,5,17,6,0,0,1,0,0,1,1,1,0,0,0,1,0,0,0,0,0,1,0,0,0,0,0,0,1,0,1,0,1
41591123,830.7441133874026,660,코란도,뉴코란도 C,92,88185,1998,5,12,5,0,0,1,1,1,1,1,1,1,1,0,0,0,1,0,0,0,0,0,1,0,0,1,0,0,0,1,1,0
41583567,874.0501334751542,1350,레이,더 뉴 기아 레이,34,54975,998,2,2,3,0,0,1,1,1,1,1,1,0,1,0,1,0,0,0,0,0,1,0,0,0,0,0,1,0,0,1,0,1
41544211,969.3889001833381,890,티볼리,티볼리 아머,105,109327,1597,5,8,12,0,0,1,1,0,1,1,1,0,1,0,0,0,1,0,0,0,1,0,0,0,0,0,0,0,1,1,1,0
41525018,830.7441133874026,1130,코란도,뷰티풀 코란도,92,96347,1597,5,7,0,0,0,1,1,0,0,0,1,0,1,0,0,0,1,0,0,0,0,0,1,0,0,1,0,0,0,1,1,0
41528727,880.2213244404137,324,레이,더 뉴 기아 레이,34,1,998,5,1,2,0,0,1,1,1,1,0,1,1,1,0,1,0,0,0,0,0,1,0,0,0,0,1,0,0,0,1,0,1
41544291,936.2255262529029,1330,아반떼,더 뉴 아반떼 AD,62,79950,1598,5,7,1,0,0,1,1,1,1,1,1,0,1,1,0,0,0,0,0,0,1,0,0,0,0,1,0,0,0,1,0,1
40419107,1256.5223711085262,525,렉스턴,렉스턴 W,35,145325,1998,7,14,13,1,0,1,1,1,1,0,1,0,1,0,0,0,1,0,0,0,0,0,1,0,0,0,1,0,0,1,1,0
41517451,928.4206454774875,1530,아반떼,아반떼 (CN7),62,82768,1598,5,6,2,0,1,1,1,1,1,1,1,1,1,1,0,0,0,0,0,0,1,0,0,0,0,0,0,0,1,1,0,1
41069489,936.9062313760018,749,아반떼,아반떼 AD,62,140573,1591,5,10,2,1,0,1,1,1,1,1,1,0,1,1,0,0,0,0,0,0,1,0,0,0,0,0,0,1,0,1,0,1
40707783,907.2378156501135,660,그랜저,그랜저 HG,27,144109,2359,5,12,6,1,1,1,1,1,1,1,1,1,1,1,0,0,0,0,0,0,1,0,0,0,0,0,1,0,0,1,0,1
41650658,672.6380015602682,1080,모닝,모닝 어반 (JA),42,58773,998,5,6,2,0,0,1,1,1,1,1,1,1,1,0,1,0,0,0,0,0,1,0,0,0,0,0,1,0,0,1,0,1
38435318,649.9029070992206,660,프라이드,더 뉴 프라이드,110,40744,1396,5,11,3,0,0,1,1,0,0,1,1,0,1,0,1,0,0,0,0,0,1,0,0,0,0,1,0,0,0,1,0,1
41268372,1234.4350592827248,1399,코나,코나,91,106312,1591,5,6,6,0,0,1,1,1,1,1,1,1,1,1,0,0,0,0,0,0,1,0,0,0,0,1,0,0,0,1,1,0
41515028,923.0393528184499,750,그랜저,그랜저 HG,27,140748,2359,5,12,7,1,0,1,1,1,1,0,1,0,1,1,0,0,0,0,0,0,1,0,0,0,0,1,0,0,0,1,0,1
41610729,1055.403876132294,890,니로,니로,29,169559,1580,5,10,2,0,0,1,1,1,1,1,1,0,1,0,1,0,0,0,0,0,0,1,0,0,0,0,0,0,1,1,1,0
41082298,483.19448616103887,170,SM3,뉴SM3,18,226413,1598,5,17,30,0,0,0,0,0,0,0,0,0,0,0,0,0,0,0,1,0,1,0,0,0,0,1,0,0,0,1,0,1
41033737,962.3768750735256,1420,티볼리,베리 뉴 티볼리,105,83956,1497,5,6,2,0,0,1,1,1,1,1,1,1,1,0,0,0,1,0,0,0,1,0,0,0,0,0,0,0,1,1,1,0
40653780,1012.2538228903043,770,스타렉스,그랜드 스타렉스,50,189102,2497,12,11,15,0,0,1,1,0,0,1,1,0,1,1,0,0,0,0,0,0,0,0,1,0,0,0,0,1,0,1,1,0
41175724,539.6756970784525,799,스파크,더 뉴 스파크,54,49044,999,5,8,2,0,0,1,1,0,1,1,1,0,1,0,0,0,0,1,0,0,1,0,0,0,0,1,0,0,0,1,0,1
40217810,1010.3075581570316,490,스타렉스,그랜드 스타렉스,50,276755,2497,7,15,14,0,0,1,0,0,0,0,1,0,0,1,0,0,0,0,0,0,0,0,1,0,0,1,0,0,0,1,1,0
40195667,855.9619243526355,350,K3,K3,10,151791,1591,5,12,11,0,0,1,1,1,0,1,1,0,1,0,1,0,0,0,0,0,1,0,0,0,0,0,0,1,0,1,0,1
41185489,936.2255262529029,1560,아반떼,아반떼 (CN7),62,68065,1598,5,5,0,0,0,1,1,1,1,1,1,1,1,1,0,0,0,0,0,0,1,0,0,0,0,0,0,0,1,1,0,1
41591080,831.0491350121001,600,코란도,뉴코란도 C,92,118384,2157,5,11,3,0,1,1,1,1,1,1,1,1,1,0,0,0,1,0,0,0,0,0,1,0,0,0,0,1,0,1,1,0
40193365,1256.1011628396882,1250,XM3,XM3,23,25149,1598,5,6,0,0,1,1,0,0,0,0,0,0,0,0,0,0,0,0,1,0,1,0,0,0,0,0,0,1,0,1,1,0
41166753,988.0567474787636,920,스타렉스,그랜드 스타렉스,50,101737,2497,3,12,6,0,0,1,1,0,0,1,1,0,1,1,0,0,0,0,0,0,0,0,1,0,0,0,0,1,0,1,1,0
41483381,723.7828753088075,320,에쿠스,에쿠스(신형),73,304634,3778,5,13,16,0,0,1,1,1,1,1,1,1,1,1,0,0,0,0,0,0,1,0,0,0,0,0,1,0,0,1,0,1
41102467,916.1401938066147,625,그랜저,그랜저 HG,27,152298,2359,5,12,4,1,1,1,1,1,1,1,1,1,1,1,0,0,0,0,0,0,1,0,0,0,0,0,1,0,0,1,0,1
41544193,820.6996852780783,590,SM6,SM6,20,127325,1997,5,9,12,0,0,1,1,1,1,1,1,0,1,0,0,0,0,0,1,0,1,0,0,0,0,0,0,1,0,1,0,1
41008902,1010.3075581570316,1120,스타렉스,그랜드 스타렉스,50,129064,2497,11,13,4,0,0,1,1,1,0,1,1,1,1,1,0,0,0,0,0,0,0,0,1,0,0,0,0,1,0,1,1,0
41612009,962.3768750735256,860,티볼리,티볼리 아머,105,102990,1597,5,7,3,0,0,0,1,0,1,1,1,0,1,0,0,0,1,0,0,0,0,0,1,0,0,1,0,0,0,1,1,0
41521928,1012.2538228903043,1160,스타렉스,더 뉴 그랜드 스타렉스,50,175363,2497,5,8,1,0,0,1,1,0,0,1,1,1,1,1,0,0,0,0,0,0,0,0,1,0,0,0,0,1,0,1,1,0
41370597,731.0503877135434,750,i40,더 뉴 i40 살룬,25,125168,1999,5,11,25,1,1,1,1,1,1,1,1,0,1,1,0,0,0,0,0,0,1,0,0,0,0,1,0,0,0,1,0,1
41636394,936.9062313760018,410,아반떼,아반떼 MD,62,146249,1591,5,15,9,1,0,1,1,1,1,1,1,0,1,1,0,0,0,0,0,0,1,0,0,0,0,0,0,1,0,1,0,1
41235390,852.0527265859381,1490,K3,더 뉴 K3 2세대,10,26941,1598,5,4,12,0,1,1,0,1,1,1,1,1,1,0,1,0,0,0,0,0,1,0,0,0,0,1,0,0,0,1,0,1
41025171,935.928526081858,1630,그랜저,더 뉴 그랜저 IG,27,178252,2497,5,6,2,0,1,1,1,1,1,1,1,1,1,1,0,0,0,0,0,0,1,0,0,0,0,0,1,0,0,1,0,1
40857106,962.3768750735256,1640,티볼리,베리 뉴 티볼리,105,44538,1497,5,4,1,1,1,1,1,0,1,1,1,1,1,0,0,0,1,0,0,0,1,0,0,0,0,1,0,0,0,1,1,0
40952238,1063.6126404216627,1130,싼타페,싼타페 DM,56,92499,1995,5,11,2,0,0,0,0,0,0,0,0,0,0,1,0,0,0,0,0,0,0,0,1,0,0,1,0,0,0,1,1,0
41546445,536.9253131532466,235,아베오,아베오 세단,63,97105,1598,5,14,8,1,0,1,1,0,0,1,1,0,1,0,0,0,0,1,0,0,1,0,0,0,0,0,1,0,0,1,0,1
41408731,905.6914320771383,800,그랜저,그랜저 HG,27,141135,2199,5,11,4,0,0,1,1,1,1,1,1,1,1,1,0,0,0,0,0,0,0,0,1,0,0,0,1,0,0,1,0,1
41468260,870.010476653311,360,제네시스,제네시스,81,208303,3342,5,17,4,0,0,0,1,1,0,1,1,0,1,1,0,0,0,0,0,0,1,0,0,0,0,0,0,1,0,1,0,1
41470040,1240.6033095126206,1390,G80,G80,5,177853,3342,5,9,5,1,1,1,1,1,1,1,1,1,1,0,0,1,0,0,0,0,1,0,0,0,0,0,0,1,0,1,0,1
41431031,1023.2941085597921,630,K7,더 뉴 K7,12,106419,3342,5,13,18,1,1,1,1,1,1,1,1,1,1,0,1,0,0,0,0,0,1,0,0,0,0,0,1,0,0,1,0,1
41004972,532.6342390295486,750,올란도,올란도,77,95348,1998,7,9,2,1,0,1,1,0,1,1,1,0,1,0,0,0,0,1,0,1,0,0,0,0,0,1,0,0,0,1,1,0
41513081,1072.7523168570258,859,싼타페,싼타페 DM,56,138660,1995,5,14,2,1,1,1,1,1,1,0,1,1,1,1,0,0,0,0,0,0,0,0,1,0,0,1,0,0,0,1,1,0
41624048,553.7149246371913,390,올란도,올란도,77,186624,1598,7,10,2,1,0,1,1,0,1,0,1,0,1,0,0,0,0,1,0,0,0,0,1,0,0,1,0,0,0,1,1,0
41394110,874.2614126660892,450,벨로스터,벨로스터,47,142562,1591,4,15,6,1,0,1,1,0,1,1,1,0,1,1,0,0,0,0,0,0,1,0,0,0,0,1,0,0,0,1,0,1
41174499,935.928526081858,1670,그랜저,그랜저 IG,27,119352,2359,5,7,0,0,0,1,1,1,1,1,1,1,1,1,0,0,0,0,0,0,1,0,0,0,0,0,1,0,0,1,0,1
40888011,793.5123984456893,1100,코란도,더 뉴 코란도 스포츠,92,110155,2157,5,10,2,0,0,1,1,1,1,1,1,1,1,0,0,0,1,0,0,0,0,0,1,0,0,0,0,1,0,1,1,0
40657556,1240.6033095126206,1570,G80,G80,5,113570,3342,5,10,3,0,1,1,1,1,1,1,1,1,1,0,0,1,0,0,0,0,1,0,0,0,0,0,0,1,0,1,0,1
40590233,814.5976259860029,530,말리부,올 뉴 말리부,40,190729,1490,5,10,2,0,0,1,0,1,1,0,1,0,1,0,0,0,0,1,0,0,1,0,0,0,0,1,0,0,0,1,0,1
41636363,1005.1859527579388,590,투싼,투싼 ix,101,105240,1995,5,16,2,1,0,1,1,1,0,1,1,1,1,1,0,0,0,0,0,0,0,0,1,0,0,0,0,0,1,1,1,0
41448707,702.4010571269893,490,에쿠스,에쿠스(신형),73,148493,3778,5,17,0,1,1,1,1,1,1,1,1,0,1,1,0,0,0,0,0,0,1,0,0,0,0,0,0,1,0,1,0,1
41417068,1390.1913990791177,1500,캐스퍼,캐스퍼,88,36921,998,2,3,1,0,0,1,1,1,1,1,1,1,1,1,0,0,0,0,0,0,1,0,0,0,0,1,0,0,0,1,0,1
41520243,1253.701162839688,1500,XM3,XM3,23,80093,1332,5,6,1,0,1,1,1,1,1,1,1,1,1,0,0,0,0,0,1,0,1,0,0,0,0,1,0,0,0,1,1,0
41491711,962.3768750735256,1500,티볼리,베리 뉴 티볼리,105,35480,1497,5,7,2,0,1,1,1,0,1,1,1,1,1,0,0,0,1,0,0,0,1,0,0,0,0,1,0,0,0,1,1,0
40540736,1264.805265999821,1199,렉스턴,G4 렉스턴,35,147327,2157,5,8,1,0,0,1,1,1,1,1,1,1,1,0,0,0,1,0,0,0,0,0,1,0,0,1,0,0,0,1,1,0
41649466,1024.6264535496102,1099,스포티지,스포티지 4세대,55,156965,1995,5,11,0,0,0,1,1,0,1,0,1,1,1,0,1,0,0,0,0,0,0,0,1,0,0,1,0,0,0,1,1,0
40985682,1057.082523447645,1230,싼타페,싼타페 DM,56,40342,1995,7,13,13,0,0,1,0,1,1,0,1,1,1,1,0,0,0,0,0,0,0,0,1,0,0,1,0,0,0,1,1,0
41553923,947.3443649473054,470,아반떼,더 뉴 아반떼,62,191288,1591,5,12,11,0,0,1,1,1,0,1,1,0,1,1,0,0,0,0,0,0,1,0,0,0,0,1,0,0,0,1,0,1
39902789,473.05967855859427,299,크루즈,크루즈,95,140708,1998,5,14,8,0,0,1,1,0,1,1,1,0,1,0,0,0,0,1,0,0,0,0,1,0,0,0,1,0,0,1,0,1
41570793,802.5490122794023,770,트랙스,트랙스,103,32310,1362,5,10,2,0,0,1,1,0,0,1,1,0,1,0,0,0,0,1,0,0,1,0,0,0,0,0,0,0,1,1,1,0
41435749,817.7357216322383,400,말리부,말리부,40,150866,1956,5,12,4,1,1,1,1,1,1,1,1,0,1,0,0,0,0,1,0,0,0,0,1,0,0,1,0,0,0,1,0,1
41631710,970.8411733726565,1370,티볼리,베리 뉴 티볼리,105,84886,1497,5,5,4,0,0,1,1,0,1,1,1,0,1,0,0,0,1,0,0,0,1,0,0,0,0,1,0,0,0,1,1,0
39156984,1037.3051417342533,350,투싼,투싼,101,118744,1991,5,21,4,0,0,0,0,1,0,0,1,0,0,1,0,0,0,0,0,0,0,0,1,0,0,0,0,1,0,0,1,0
41411892,856.7751313223292,679,K3,K3,10,52663,1591,5,13,1,0,0,1,1,1,1,1,1,0,1,0,1,0,0,0,0,0,1,0,0,0,0,0,0,1,0,1,0,1
40862138,831.0491350121001,1599,코란도,뷰티풀 코란도,92,99953,1497,5,5,1,0,0,1,1,1,1,1,1,1,1,0,0,0,1,0,0,0,1,0,0,0,0,1,0,0,0,1,1,0
41596417,802.5490122794023,680,트랙스,더 뉴 트랙스,103,131501,1598,5,8,2,0,0,1,1,0,1,0,1,0,1,0,0,0,0,1,0,0,0,0,1,0,0,1,0,0,0,1,1,0
40684947,1262.8915334685064,1189,코나,코나 일렉트릭,91,161214,180,5,8,22,0,0,1,1,1,1,1,1,0,1,1,0,0,0,0,0,0,0,0,0,1,0,1,0,0,0,1,1,0
41038107,1390.1913990791177,1590,캐스퍼,캐스퍼,88,55818,998,4,4,1,0,0,1,1,1,1,1,1,1,1,1,0,0,0,0,0,0,1,0,0,0,0,0,0,0,1,1,0,1
39618555,1279.2441861207396,1590,EQ900,EQ900,0,218255,3342,5,10,7,0,1,1,1,1,1,1,1,1,1,0,0,1,0,0,0,0,1,0,0,0,0,0,1,0,0,1,0,1
41458881,768.0397857057295,1080,트랙스,더 뉴 트랙스,103,74316,1362,5,8,0,0,0,1,1,0,1,0,1,0,1,0,0,0,0,1,0,0,1,0,0,0,0,1,0,0,0,1,1,0
41410753,1153.1834208815528,1040,카니발,올 뉴 카니발,85,177713,2199,9,10,1,1,1,1,1,1,1,1,1,1,1,0,1,0,0,0,0,0,0,0,1,0,0,0,1,0,0,1,1,0
41546491,1268.500618531749,1620,렉스턴,렉스턴 스포츠 칸,35,60680,2157,5,7,2,0,1,1,1,1,1,1,1,1,1,0,0,0,1,0,0,0,0,0,1,0,0,0,0,1,0,1,1,0
41518169,521.1936913921791,340,스파크,더 넥스트 스파크,54,145829,999,5,10,12,0,0,1,1,0,0,1,1,0,1,0,0,0,0,1,0,0,1,0,0,0,0,0,0,1,0,1,0,1
41529211,963.6518467963097,499,티볼리,티볼리,105,159076,1597,5,11,7,0,0,1,1,0,1,1,1,0,1,0,0,0,1,0,0,0,0,0,1,0,0,0,0,0,1,1,1,0
40644396,1153.1834208815528,940,카니발,올 뉴 카니발,85,167787,2199,9,12,4,0,1,1,1,1,1,1,1,1,1,0,1,0,0,0,0,0,0,0,1,0,0,0,1,0,0,1,1,0
41568713,579.7070223918512,439,엑센트,엑센트(신형),74,114891,1591,5,14,0,0,0,1,1,1,1,1,1,0,1,1,0,0,0,0,0,0,1,0,0,0,0,1,0,0,0,1,0,1
41566378,842.1279070156255,23,K5,K5 하이브리드 3세대,11,45393,1999,5,3,0,1,1,1,1,1,1,1,1,1,1,0,1,0,0,0,0,0,0,1,0,0,0,1,0,0,0,1,0,1
41372676,1192.3813152408418,823,맥스크루즈,맥스크루즈,41,167029,2199,7,13,0,0,0,1,1,1,1,1,1,1,1,1,0,0,0,0,0,0,0,0,1,0,0,0,0,1,0,1,1,0
41535459,943.9179347406766,1080,아반떼,더 뉴 아반떼 AD,62,120479,1598,5,7,2,0,0,1,1,1,1,1,1,0,1,1,0,0,0,0,0,0,1,0,0,0,0,1,0,0,0,1,0,1
41198639,521.1936913921791,900,스파크,더 뉴 스파크,54,24814,999,5,5,5,0,0,1,1,0,1,0,1,0,1,0,0,0,0,1,0,0,1,0,0,0,0,0,1,0,0,1,0,1
41583406,804.849667793527,900,SM6,SM6,20,87003,1997,5,10,3,1,0,1,1,1,1,0,1,0,1,0,0,0,0,0,1,0,1,0,0,0,0,0,0,1,0,1,0,1
41651778,963.6518467963097,799,티볼리,티볼리,105,84101,1597,5,9,4,1,0,1,1,0,1,1,1,0,1,0,0,0,1,0,0,0,0,0,1,0,0,1,0,0,0,1,1,0
40558898,947.3443649473054,360,아반떼,아반떼 MD,62,181566,1591,5,14,0,0,0,1,0,1,0,0,1,0,0,1,0,0,0,0,0,0,1,0,0,0,0,0,0,1,0,1,0,1
41148023,521.1936913921791,389,스파크,스파크,54,37455,995,5,12,2,0,0,1,0,0,0,0,0,0,0,0,0,0,0,1,0,0,1,0,0,0,0,0,0,1,0,1,0,1
41640044,963.6518467963097,720,티볼리,티볼리,105,126794,1597,5,11,2,0,0,1,1,1,1,0,1,1,1,0,0,0,1,0,0,0,1,0,0,0,0,1,0,0,0,1,1,0
41576186,963.6518467963097,1000,티볼리,티볼리 아머,105,82143,1597,5,7,0,0,0,1,1,0,1,1,1,0,1,0,0,0,1,0,0,0,0,0,1,0,0,1,0,0,0,1,1,0
41105838,719.0411628396882,380,QM3,QM3,15,192083,1461,5,11,7,0,0,1,1,1,1,1,1,0,0,0,0,0,0,0,1,0,0,0,1,0,0,0,0,1,0,1,1,0
40765136,817.7357216322383,800,말리부,올 뉴 말리부,40,76493,1490,5,9,5,0,0,1,1,0,1,0,0,0,1,0,0,0,0,1,0,0,1,0,0,0,0,1,0,0,0,1,0,1
41515218,549.0285984320111,590,QM5,QM5 네오,16,98639,1998,5,11,11,0,1,1,1,1,1,1,1,0,1,0,0,0,0,0,1,0,1,0,0,0,0,1,0,0,0,1,1,0
41521553,907.2378156501135,780,그랜저,그랜저 IG,27,263639,2359,5,9,4,0,0,1,1,1,1,1,1,1,1,1,0,0,0,0,0,0,1,0,0,0,0,0,0,1,0,1,0,1
41470260,566.8948540847747,590,엑센트,엑센트(신형),74,130563,1582,5,11,1,0,0,1,1,1,1,1,1,0,1,1,0,0,0,0,0,0,0,0,1,0,0,0,1,0,0,1,0,1
41374625,875.1505814198441,1120,제네시스,제네시스 DH,81,131483,3342,5,10,5,0,1,1,1,1,1,1,1,1,1,1,0,0,0,0,0,0,1,0,0,0,0,0,1,0,0,1,0,1
41221711,1247.4949211722349,1639,렉스턴,렉스턴 스포츠 칸,35,60582,2157,5,7,2,0,1,1,1,1,1,0,1,1,1,0,0,0,1,0,0,0,0,0,1,0,0,1,0,0,0,1,1,0
41425199,947.3443649473054,1650,아반떼,아반떼 (CN7),62,16861,1598,5,6,4,0,0,1,1,1,1,1,1,1,1,1,0,0,0,0,0,0,1,0,0,0,0,0,0,1,0,1,0,1
40633563,1304.167236686122,1249,QM6,QM6,17,147975,1997,5,8,7,1,1,1,1,1,1,1,1,1,1,0,0,0,0,0,1,0,1,0,0,0,0,0,1,0,0,1,1,0
41167788,967.6269960460112,480,티볼리,티볼리,105,160524,1597,5,10,2,0,1,1,1,1,1,0,1,1,1,0,0,0,1,0,0,0,1,0,0,0,0,1,0,0,0,1,1,0
41539321,1010.3075581570316,1088,스타렉스,그랜드 스타렉스,50,137251,2497,5,10,5,0,0,1,0,0,0,0,1,0,1,1,0,0,0,0,0,0,0,0,1,0,0,0,0,1,0,1,1,0
41592445,1050.1398208359376,1650,투싼,올 뉴 투싼,101,52776,1995,5,10,1,0,0,1,1,1,1,1,1,0,1,1,0,0,0,0,0,0,0,0,1,0,0,0,1,0,0,1,1,0
41548740,842.1279070156255,490,K5,K5 하이브리드,11,92175,1999,5,14,23,0,0,1,1,1,1,1,1,0,1,0,1,0,0,0,0,0,0,1,0,0,0,0,1,0,0,1,0,1
41639400,1012.2778089395711,1300,K7,올 뉴 K7,12,128191,2999,5,9,4,1,1,1,1,1,1,0,1,1,1,0,1,0,0,0,0,1,0,0,0,0,0,0,1,0,0,1,0,1
41623632,819.4078380887734,550,SM6,SM6,20,167292,1997,5,10,3,0,0,1,1,1,1,1,1,0,1,0,0,0,0,0,1,0,1,0,0,0,0,0,0,1,0,1,0,1
39368315,702.4010571269893,750,에쿠스,에쿠스(신형),73,225178,3778,5,13,14,0,1,1,1,1,1,1,1,1,1,1,0,0,0,0,0,0,1,0,0,0,0,0,1,0,0,1,0,1
41642558,905.6914320771383,620,그랜저,그랜저 HG,27,175209,2359,5,12,7,1,0,1,1,1,1,1,1,1,1,1,0,0,0,0,0,0,1,0,0,0,0,1,0,0,0,1,0,1
41316802,402.80707679553126,190,SM5,뉴SM5 플래티넘,19,228641,1998,5,13,2,1,1,1,1,1,1,0,1,0,1,0,0,0,0,0,1,0,1,0,0,0,0,1,0,0,0,1,0,1
41083983,445.5898375614303,520,SM3,SM3 네오,18,87474,1598,5,11,7,1,0,1,1,1,1,1,1,0,1,0,0,0,0,0,1,0,1,0,0,0,0,1,0,0,0,1,0,1
40693697,907.2378156501135,699,그랜저,그랜저 HG,27,178104,2199,5,12,15,1,1,1,1,1,1,1,1,1,1,1,0,0,0,0,0,0,0,0,1,0,0,1,0,0,0,1,0,1
41274672,521.1936913921791,500,스파크,스파크,54,54864,995,5,14,2,0,0,0,0,0,0,0,0,0,0,0,0,0,0,1,0,0,1,0,0,0,0,1,0,0,0,1,0,1
38061484,977.230670900442,1640,쏘나타,쏘나타 (DN8),57,59739,1999,5,7,13,0,1,1,1,1,1,1,1,1,1,1,0,0,0,0,0,1,0,0,0,0,0,0,0,1,0,1,0,1
40927266,855.9619243526355,950,K3,올 뉴 K3,10,110764,1598,5,8,14,0,0,1,1,0,1,1,1,1,1,0,1,0,0,0,0,0,1,0,0,0,0,1,0,0,0,1,0,1
41488749,1132.3567142575616,1420,맥스크루즈,맥스크루즈,41,89248,2199,7,11,0,1,1,1,1,1,1,1,1,1,1,1,0,0,0,0,0,0,0,0,1,0,0,1,0,0,0,1,1,0
41635867,936.9062313760018,1010,아반떼,아반떼 AD,62,134435,1591,5,8,3,0,0,1,1,0,1,1,1,0,1,1,0,0,0,0,0,0,1,0,0,0,0,1,0,0,0,1,0,1
41192975,778.9139391480519,490,코란도,뉴코란도 C,92,107993,1998,5,13,3,0,0,1,1,1,1,1,1,0,1,0,0,0,1,0,0,0,0,0,1,0,0,1,0,0,0,1,1,0
40823157,1304.167236686122,1377,QM6,QM6,17,69261,1997,5,8,0,0,0,1,1,1,1,0,1,1,1,0,0,0,0,0,1,0,1,0,0,0,0,1,0,0,0,1,1,0
41579246,1387.528585305339,1620,캐스퍼,캐스퍼,88,25687,998,4,2,3,0,0,1,1,1,1,1,1,1,1,1,0,0,0,0,0,0,1,0,0,0,0,0,0,1,0,1,0,1
41196764,793.5123984456893,390,코란도,뉴코란도 C,92,110929,1998,5,13,7,1,0,1,1,1,1,0,1,1,1,0,0,0,1,0,0,0,0,0,1,0,0,0,0,1,0,1,1,0
40575495,831.0491350121001,480,코란도,코란도 투리스모,92,136872,1998,11,12,10,0,0,1,1,0,0,1,1,0,1,0,0,0,1,0,0,0,0,0,1,0,0,0,0,0,1,1,1,0
41317627,923.0393528184499,430,그랜저,그랜저 HG,27,227900,2359,5,13,8,0,0,1,1,1,1,1,1,0,1,1,0,0,0,0,0,0,1,0,0,0,0,1,0,0,0,1,0,1
41660421,1247.4949211722349,1699,렉스턴,렉스턴 스포츠 칸,35,108091,2157,5,7,0,0,1,1,1,1,1,1,1,1,1,0,0,0,1,0,0,0,0,0,1,0,0,0,1,0,0,1,1,0
41500307,907.2378156501135,730,그랜저,그랜저 HG,27,129007,2999,5,12,3,0,1,1,1,1,1,1,1,1,1,1,0,0,0,0,0,0,1,0,0,0,0,0,1,0,0,1,0,1
41623594,807.4456798684994,1459,SM6,더 뉴 SM6,20,120510,1332,5,4,0,0,1,1,1,1,1,1,1,1,1,0,0,0,0,0,1,0,1,0,0,0,0,0,1,0,0,1,0,1
41587192,1251.1196295251596,1590,코나,코나,91,79835,1591,5,8,0,0,1,1,1,1,1,1,1,1,1,1,0,0,0,0,0,0,1,0,0,0,0,1,0,0,0,1,1,0
41648435,1257.2352713994803,990,EQ900,EQ900,0,342036,5038,5,9,3,1,1,1,1,1,1,1,1,1,1,0,0,1,0,0,0,0,1,0,0,0,0,0,1,0,0,1,0,1
41497742,923.0393528184499,1280,그랜저,더 뉴 그랜저 IG,27,240190,2497,5,6,8,0,1,1,1,1,1,1,1,1,1,1,0,0,0,0,0,0,1,0,0,0,0,0,0,0,1,1,0,1
41325103,941.3889022900747,650,쏘나타,쏘나타 하이브리드,57,91692,1999,5,14,2,0,0,1,1,1,1,1,1,0,1,1,0,0,0,0,0,0,0,1,0,0,0,0,0,1,0,1,0,1
40952170,967.6269960460112,1150,티볼리,베리 뉴 티볼리,105,105466,1497,5,6,6,0,0,1,1,0,1,1,1,0,1,0,0,0,1,0,0,0,1,0,0,0,0,1,0,0,0,1,1,0
39361181,1153.1834208815528,320,카니발,카니발 R,85,255232,2199,11,13,3,1,0,1,1,1,0,1,1,0,1,0,1,0,0,0,0,0,0,0,1,0,0,0,1,0,0,1,1,0
41191561,787.1137560564567,1050,트랙스,더 뉴 트랙스,103,65138,1362,5,7,1,0,0,1,1,0,1,0,1,0,1,0,0,0,0,1,0,0,1,0,0,0,0,1,0,0,0,1,1,0
41054727,905.6914320771383,590,그랜저,그랜저 HG,27,146712,2999,5,14,4,0,0,1,1,1,1,1,1,1,1,1,0,0,0,0,0,0,1,0,0,0,0,0,1,0,0,1,0,1
41593421,1198.965116369793,1530,베뉴,베뉴,45,82047,1598,5,7,3,0,0,1,1,1,1,1,1,0,1,1,0,0,0,0,0,0,1,0,0,0,0,1,0,0,0,1,1,0
41377666,1319.6151889790042,1530,QM6,더 뉴 QM6,17,51441,1998,5,6,0,0,1,1,1,1,1,1,1,1,1,0,0,0,0,0,1,1,0,0,0,0,0,0,0,1,0,1,1,0
40992692,1264.805265999821,1480,렉스턴,G4 렉스턴,35,96397,2157,5,9,2,0,0,1,1,1,1,0,1,1,1,0,0,0,1,0,0,0,0,0,1,0,0,0,1,0,0,1,1,0
41458043,570.8143169370128,510,QM5,QM5 네오,16,78795,1998,5,12,8,0,0,1,1,1,1,1,1,0,1,0,0,0,0,0,1,0,1,0,0,0,0,1,0,0,0,1,1,0
41293344,1268.500618531749,880,렉스턴,렉스턴 W,35,99887,1998,7,14,5,0,0,1,1,1,1,0,1,0,1,0,0,0,1,0,0,0,0,0,1,0,0,1,0,0,0,1,1,0
41322799,473.05967855859427,299,크루즈,크루즈,95,110038,1796,5,14,7,0,0,1,1,0,0,0,1,0,1,0,0,0,0,1,0,0,1,0,0,0,0,1,0,0,0,1,0,1
40613593,1121.333920626105,899,카니발,올 뉴 카니발,85,278107,2199,9,10,5,1,1,1,1,1,1,1,1,1,1,0,1,0,0,0,0,0,0,0,1,0,0,1,0,0,0,1,1,0
41615467,905.6914320771383,950,그랜저,그랜저 HG,27,145926,2999,5,12,3,0,1,1,1,1,1,1,1,1,1,1,0,0,0,0,0,0,1,0,0,0,0,0,1,0,0,1,0,1
40975070,941.3889022900747,1050,쏘나타,LF 쏘나타 하이브리드,57,111905,1999,5,10,6,1,0,1,1,1,1,1,1,1,1,1,0,0,0,0,0,0,0,1,0,0,0,0,0,0,1,1,0,1
40847541,874.2614126660892,1690,벨로스터,벨로스터 (JS),47,99443,1998,4,6,7,1,1,1,1,1,1,1,1,1,1,1,0,0,0,0,0,0,1,0,0,0,0,0,1,0,0,0,0,1
41294034,962.3768750735256,1080,티볼리,티볼리 아머,105,88933,1597,5,8,4,0,1,1,1,0,1,0,1,0,1,0,0,0,1,0,0,0,1,0,0,0,0,1,0,0,0,1,1,0
41530692,1262.8915334685064,1260,코나,더 뉴 코나,91,163386,1598,5,4,1,0,0,1,0,0,1,0,1,0,1,1,0,0,0,0,0,0,1,0,0,0,0,1,0,0,0,1,1,0
41349653,1257.9607752264587,37,G80,G80 (RG3),5,136451,2497,5,6,3,1,1,1,1,1,1,1,1,1,1,0,0,1,0,0,0,0,1,0,0,0,0,0,0,1,0,1,0,1
41495347,822.9294020283487,890,K5,더 뉴 K5 2세대,11,177164,1999,5,7,1,0,0,1,1,0,1,1,1,1,1,0,1,0,0,0,0,1,0,0,0,0,0,1,0,0,0,1,0,1
41595697,719.0411628396882,750,QM3,QM3,15,66556,1461,5,10,5,0,0,1,1,1,1,1,1,0,1,0,0,0,0,0,1,0,0,0,1,0,0,1,0,0,0,1,1,0
41593754,1125.2967759541912,1690,쏘렌토,올 뉴 쏘렌토,58,79617,1995,7,10,0,1,1,1,1,1,1,0,1,1,1,0,1,0,0,0,0,0,0,0,1,0,0,1,0,0,0,1,1,0
40900609,813.3482474056841,600,말리부,올 뉴 말리부,40,194508,1998,5,9,8,1,1,1,1,1,1,0,1,1,1,0,0,0,0,1,0,0,1,0,0,0,0,0,1,0,0,1,0,1
41191066,943.9179347406766,690,아반떼,더 뉴 아반떼,62,101325,1591,5,12,1,0,0,1,1,1,1,1,1,0,1,1,0,0,0,0,0,0,1,0,0,0,0,0,0,1,0,1,0,1
41206024,537.623042265147,590,올란도,올란도,77,140229,1998,7,13,2,0,0,0,0,0,0,0,0,0,0,0,0,0,0,1,0,1,0,0,0,0,0,1,0,0,0,1,1,0
41143224,469.43562524615083,740,크루즈,올 뉴 크루즈,95,97694,1399,5,9,4,1,0,1,1,1,1,0,1,0,1,0,0,0,0,1,0,0,1,0,0,0,0,1,0,0,0,1,0,1
41432822,905.6914320771383,540,그랜저,그랜저 (GN7),27,6,2497,5,0,2,0,1,1,1,1,1,1,1,1,1,1,0,0,0,0,0,0,1,0,0,0,0,0,1,0,0,1,0,1
41399219,1012.2538228903043,350,스타렉스,그랜드 스타렉스,50,237015,2497,5,17,1,0,0,1,1,0,0,1,1,0,1,1,0,0,0,0,0,0,0,0,1,0,0,0,0,1,0,1,1,0
41474083,905.6914320771383,1350,그랜저,그랜저 IG,27,213761,2999,5,8,2,1,1,1,1,1,1,1,1,1,1,1,0,0,0,0,0,1,0,0,0,0,0,1,0,0,0,1,0,1
40502729,842.1279070156255,859,K5,K5,11,49806,1998,5,15,10,1,1,1,1,1,1,0,1,1,1,0,1,0,0,0,0,0,1,0,0,0,0,1,0,0,0,1,0,1
40574032,487.46355435797625,250,크루즈,크루즈,95,186057,1998,5,13,11,1,0,1,1,1,1,0,1,0,1,0,0,0,0,1,0,0,0,0,1,0,0,0,0,1,0,1,0,1
41386479,699.989762412874,399,모닝,올 뉴 모닝,42,106054,998,5,13,8,0,0,1,1,0,0,1,1,0,1,0,1,0,0,0,0,0,1,0,0,0,0,1,0,0,0,1,0,1
41000246,830.7441133874026,850,코란도,더 뉴 코란도 스포츠,92,112975,2157,5,9,5,0,0,1,1,1,0,1,1,0,1,0,0,0,1,0,0,0,0,0,1,0,0,0,0,0,1,0,1,0
41418061,947.3443649473054,1070,아반떼,아반떼 AD,62,91287,1591,5,9,3,0,0,1,1,0,1,1,1,0,1,1,0,0,0,0,0,0,1,0,0,0,0,0,0,1,0,1,0,1
40877324,914.7093024696712,1020,쏘울,쏘울 EV,59,74582,80,5,9,3,0,0,1,1,1,1,0,1,0,0,0,1,0,0,0,0,0,0,0,0,1,0,1,0,0,0,1,0,1
41533044,511.37274562236945,195,스파크,스파크,54,151590,995,5,13,8,0,0,1,1,0,0,1,1,0,1,0,0,0,0,1,0,0,1,0,0,0,0,0,0,1,0,1,0,1
40301885,969.3889001833381,750,티볼리,티볼리 아머,105,92033,1597,5,8,2,0,0,1,1,0,1,1,1,1,1,0,0,0,1,0,0,0,1,0,0,0,0,1,0,0,0,1,1,0
41464814,1023.2941085597921,899,K7,더 뉴 K7,12,80648,2359,5,13,3,0,1,1,1,1,1,1,1,0,1,0,1,0,0,0,0,0,1,0,0,0,0,1,0,0,0,1,0,1
41276569,1152.9770278532783,870,쏘렌토,올 뉴 쏘렌토,58,216714,2199,7,11,13,0,0,1,1,1,1,1,1,1,1,0,1,0,0,0,0,0,0,0,1,0,0,0,0,1,0,1,1,0
41066773,1143.5916554108476,1590,넥쏘,넥쏘,28,46224,0,5,8,1,1,1,1,1,1,1,1,1,1,1,1,0,0,0,0,0,0,0,0,0,0,1,1,0,0,0,1,1,0
41518377,1256.713002151279,1300,코나,코나,91,115813,1591,5,6,2,0,0,1,1,1,1,1,0,0,0,1,0,0,0,0,0,0,1,0,0,0,0,0,0,1,0,1,1,0
41463200,761.0027686659243,440,i40,i40,25,140961,1685,5,15,2,0,0,1,0,1,1,0,1,0,1,1,0,0,0,0,0,0,0,0,1,0,0,0,0,1,0,1,0,1
41385054,1124.3844256766104,850,카니발,올 뉴 카니발,85,191027,2199,9,12,2,0,1,1,1,1,1,1,1,1,1,0,1,0,0,0,0,0,0,0,1,0,0,1,0,0,0,1,1,0
41527876,579.7070223918512,380,엑센트,엑센트(신형),74,186916,1399,5,13,6,0,0,1,1,0,0,1,1,0,1,1,0,0,0,0,0,0,1,0,0,0,0,1,0,0,0,1,0,1
41358231,817.7357216322383,390,말리부,말리부,40,132272,1998,5,14,5,0,1,1,1,1,1,0,1,0,1,0,0,0,0,1,0,0,1,0,0,0,0,1,0,0,0,1,0,1
41179647,897.00342011673,720,K9,더 뉴 K9,14,162944,3342,5,11,18,0,1,1,1,1,1,1,1,1,1,0,1,0,0,0,0,0,1,0,0,0,0,0,1,0,0,1,0,1
41623077,591.0966224282002,240,엑센트,엑센트(신형),74,159460,1591,5,14,1,0,0,1,1,1,0,1,1,0,1,1,0,0,0,0,0,0,1,0,0,0,0,0,0,1,0,0,0,1
41198830,969.3889001833381,670,티볼리,티볼리,105,134136,1597,5,9,6,0,0,0,1,0,0,1,1,0,1,0,0,0,1,0,0,0,0,0,1,0,0,1,0,0,0,1,1,0
41140895,702.4010571269893,560,에쿠스,에쿠스(신형),73,164373,3778,5,16,2,1,1,1,1,1,1,1,1,1,1,1,0,0,0,0,0,0,1,0,0,0,0,0,1,0,0,1,0,1
41614216,1035.2811628396882,620,스포티지,스포티지 R,55,186172,1995,5,14,0,1,0,1,1,1,1,1,1,0,1,0,1,0,0,0,0,0,0,0,1,0,0,1,0,0,0,1,1,0
41177565,963.6518467963097,599,티볼리,티볼리 아머,105,157383,1597,5,9,12,0,0,1,1,0,1,0,1,1,1,0,0,0,1,0,0,0,1,0,0,0,0,1,0,0,0,1,1,0
39949472,487.41627910745245,399,크루즈,어메이징 뉴 크루즈,95,69677,1796,5,11,8,0,0,1,1,0,0,1,1,0,0,0,0,0,0,1,0,0,1,0,0,0,0,0,0,1,0,1,0,1
41382943,511.37274562236945,780,스파크,더 뉴 스파크,54,71627,999,5,7,6,0,0,1,1,0,1,0,1,0,1,0,0,0,0,1,0,0,1,0,0,0,0,1,0,0,0,1,0,1
41453639,935.928526081858,960,그랜저,그랜저 HG,27,101092,2359,5,10,0,0,0,1,1,1,1,1,1,0,1,1,0,0,0,0,0,0,1,0,0,0,0,1,0,0,0,1,0,1
41588481,535.0819292958388,299,스파크,스파크,54,92371,995,5,12,5,0,0,1,1,0,0,0,1,0,1,0,0,0,0,1,0,0,1,0,0,0,0,0,0,1,0,1,0,1
40716136,1057.082523447645,1030,싼타페,싼타페 DM,56,127512,1995,5,12,3,0,1,1,1,1,1,0,1,1,1,1,0,0,0,0,0,0,0,0,1,0,0,0,0,1,0,1,1,0
41140741,635.3109081424859,690,SM7,SM7 노바,21,91487,1998,5,10,4,0,0,1,1,1,1,1,1,1,1,0,0,0,0,0,1,1,0,0,0,0,0,0,0,1,0,1,0,1
41277890,1301.2282984354893,1450,QM6,QM6,17,75019,1997,5,7,3,0,1,1,1,1,1,1,1,1,1,0,0,0,0,0,1,0,1,0,0,0,0,1,0,0,0,1,1,0
41530579,1010.3075581570316,1580,스타렉스,더 뉴 그랜드 스타렉스,50,86166,2497,3,8,2,0,0,1,0,0,0,0,1,0,1,1,0,0,0,0,0,0,0,0,1,0,0,1,0,0,0,1,1,0
41597122,820.6996852780783,1070,SM6,SM6,20,78762,1998,5,9,0,0,1,1,1,1,1,1,1,1,1,0,0,0,0,0,1,1,0,0,0,0,0,0,1,0,0,1,0,1
41199303,816.6985223123376,780,트랙스,더 뉴 트랙스,103,94095,1362,5,9,14,0,0,1,1,0,1,0,1,0,1,0,0,0,0,1,0,0,1,0,0,0,0,1,0,0,0,1,1,0
41167811,588.7951083442899,299,QM5,QM5 네오,16,195846,1995,5,12,8,0,0,1,1,1,1,1,1,0,1,0,0,0,0,0,1,0,0,0,1,0,0,0,0,0,1,1,1,0
41587765,1058.4373105210614,1290,아이오닉,아이오닉 하이브리드,65,85904,1580,5,10,2,0,0,1,1,1,1,1,1,1,1,1,0,0,0,0,0,0,0,1,0,0,0,1,0,0,0,1,0,1
40655908,843.6423256793764,750,임팔라,임팔라,80,155442,3564,5,10,0,0,1,1,1,1,1,0,1,1,1,0,0,0,0,1,0,0,1,0,0,0,0,0,1,0,0,1,0,1
40437462,1166.5206719253486,1550,베뉴,베뉴,45,75646,1598,5,6,10,0,1,1,1,1,1,1,1,0,1,1,0,0,0,0,0,0,1,0,0,0,0,1,0,0,0,1,1,0
41430138,526.5779521455554,299,스파크,스파크,54,106049,995,5,13,15,0,0,1,1,0,0,1,1,0,1,0,0,0,0,1,0,0,1,0,0,0,0,1,0,0,0,1,0,1
41601817,761.3483900763234,1245,제네시스 쿠페,더 뉴 제네시스 쿠페,82,131998,3778,4,14,2,1,1,1,1,1,1,0,1,0,1,1,0,0,0,0,0,0,1,0,0,0,0,0,0,1,0,1,0,1
41129312,553.7149246371913,490,올란도,올란도,77,129499,1998,7,14,3,0,0,1,1,1,1,1,1,0,1,0,0,0,0,1,0,1,0,0,0,0,0,0,0,1,0,1,1,0
41393750,930.193512170366,690,쏘나타,LF 쏘나타,57,140465,1999,5,11,16,0,0,1,1,0,1,1,1,0,1,1,0,0,0,0,0,1,0,0,0,0,0,0,1,0,0,1,0,1
41593362,910.4589389790043,999,제네시스,제네시스,81,182066,3342,5,14,0,0,1,1,1,1,1,1,1,1,1,1,0,0,0,0,0,0,1,0,0,0,0,0,0,1,0,1,0,1
41140554,764.3921189991339,399,체어맨,체어맨 H 뉴 클래식,84,72006,2799,5,15,2,0,0,0,0,0,0,0,0,0,0,0,0,0,1,0,0,0,1,0,0,0,0,0,1,0,0,1,0,1
41487866,778.9139391480519,369,코란도,뉴코란도 C,92,178660,1998,5,12,2,1,0,1,1,1,1,1,1,1,1,0,0,0,1,0,0,0,0,0,1,0,0,1,0,0,0,1,1,0
41184108,526.5779521455554,430,스파크,더 넥스트 스파크,54,91208,999,5,11,2,0,0,1,1,0,0,1,1,0,1,0,0,0,0,1,0,0,1,0,0,0,0,0,0,1,0,1,0,1
40760116,892.2058141984411,1500,무쏘,뉴무쏘,44,39522,3199,5,26,0,0,0,0,0,1,0,0,0,0,1,0,0,0,1,0,0,0,1,0,0,0,0,0,1,0,0,1,1,0
41013925,917.6449336423003,560,벨로스터,벨로스터,47,67915,1591,4,15,4,1,0,1,1,1,1,1,1,0,1,1,0,0,0,0,0,0,1,0,0,0,0,1,0,0,0,1,0,1
38405673,880.2213244404137,670,레이,레이,34,153763,998,5,12,4,0,0,1,1,0,1,0,1,0,1,0,1,0,0,0,0,0,1,0,0,0,0,1,0,0,0,1,0,1
41499893,813.56774530367,1050,임팔라,임팔라,80,100932,3564,5,10,3,1,1,1,1,1,1,1,1,1,1,0,0,0,0,1,0,0,1,0,0,0,0,1,0,0,0,1,0,1
41605033,936.2255262529029,850,아반떼,더 뉴 아반떼,62,102875,1591,5,12,0,1,1,1,1,1,1,1,1,0,1,1,0,0,0,0,0,0,1,0,0,0,0,0,1,0,0,1,0,1
41558956,748.3294020283487,1680,K5,K5 3세대,11,123652,1598,5,6,7,0,1,1,1,1,1,1,1,1,1,0,1,0,0,0,0,0,1,0,0,0,0,0,1,0,0,1,0,1
41236110,928.4206454774875,349,아반떼,아반떼 MD,62,161347,1591,5,16,7,1,0,1,1,1,1,1,1,0,1,1,0,0,0,0,0,0,1,0,0,0,0,0,0,1,0,1,0,1
41632969,930.193512170366,680,쏘나타,YF 쏘나타,57,77544,1999,5,14,8,1,1,1,1,1,1,1,1,1,1,1,0,0,0,0,0,0,1,0,0,0,0,1,0,0,0,1,0,1
41095552,1301.2282984354893,1530,QM6,더 뉴 QM6,17,123324,1998,5,5,0,0,1,1,1,1,1,1,1,1,1,0,0,0,0,0,1,1,0,0,0,0,0,0,0,1,0,1,1,0
41219149,943.9179347406766,1530,아반떼,아반떼 (CN7),62,101926,1598,5,6,1,0,0,1,1,1,1,1,1,1,1,1,0,0,0,0,0,0,1,0,0,0,0,1,0,0,0,1,0,1
41349683,874.0501334751542,800,레이,레이,34,104889,998,5,11,2,0,0,0,0,0,0,0,0,0,0,0,1,0,0,0,0,0,1,0,0,0,0,1,0,0,0,1,0,1
41303552,977.230670900442,720,쏘나타,LF 쏘나타,57,197291,1999,5,11,12,0,0,1,1,1,1,1,1,0,1,1,0,0,0,0,0,1,0,0,0,0,0,1,0,0,0,1,0,1
40328749,923.0393528184499,450,그랜저,그랜저 HG,27,207168,2999,5,14,2,0,0,1,1,1,1,1,1,1,1,1,0,0,0,0,0,0,1,0,0,0,0,0,1,0,0,1,0,1
41578388,1027.800505582473,1250,투싼,올 뉴 투싼,101,112131,1995,5,8,10,0,0,1,1,0,1,1,1,0,1,1,0,0,0,0,0,0,0,0,1,0,0,1,0,0,0,1,1,0
41596944,845.8008944920679,480,K5,K5,11,123019,1998,5,15,5,0,0,1,1,1,0,1,1,0,1,0,1,0,0,0,0,0,1,0,0,0,0,0,0,1,0,1,0,1
41280833,830.7441133874026,590,코란도,코란도 스포츠,92,226217,1998,5,11,10,1,0,1,1,1,1,1,1,0,1,0,0,0,1,0,0,0,0,0,1,0,0,0,0,1,0,1,1,0
41425005,787.1137560564567,960,트랙스,더 뉴 트랙스,103,114448,1362,5,7,2,0,0,1,1,0,1,0,1,0,1,0,0,0,0,1,0,0,1,0,0,0,0,1,0,0,0,1,1,0
41203902,521.1936913921791,920,스파크,더 뉴 스파크,54,39266,999,5,6,1,0,0,1,1,0,1,0,1,0,1,0,0,0,0,1,0,0,1,0,0,0,0,1,0,0,0,1,0,1
41332813,1256.5223711085262,1450,렉스턴,렉스턴 스포츠,35,148462,2157,5,8,6,0,0,1,1,1,1,1,1,0,1,0,0,0,1,0,0,0,0,0,1,0,0,0,1,0,0,1,1,0
41420991,1010.3075581570316,1400,스타렉스,더 뉴 그랜드 스타렉스,50,132455,2497,5,8,0,0,0,1,1,0,0,1,1,1,1,1,0,0,0,0,0,0,0,0,1,0,0,1,0,0,0,1,1,0
41562197,1257.9607752264587,1100,G80,G80,5,190307,3342,5,9,4,0,1,1,1,1,1,1,1,1,1,0,0,1,0,0,0,0,1,0,0,0,0,0,1,0,0,1,0,1
40929953,842.1279070156255,1030,K5,K5 2세대,11,134889,1999,5,9,4,0,1,1,1,1,1,1,1,1,1,0,1,0,0,0,0,0,1,0,0,0,0,0,1,0,0,1,0,1
41207730,1057.082523447645,1399,싼타페,싼타페 더 프라임,56,16468,1995,5,10,2,0,0,1,1,0,1,1,1,0,1,1,0,0,0,0,0,0,0,0,1,0,0,0,0,1,0,1,1,0
39604210,1268.500618531749,1290,렉스턴,G4 렉스턴,35,156346,2157,5,8,2,0,1,1,1,0,1,1,1,1,1,0,0,0,1,0,0,0,0,0,1,0,0,0,1,0,0,1,1,0
41104442,778.9139391480519,475,코란도,뉴코란도 C,92,102232,1998,5,12,6,0,1,1,1,1,1,0,1,1,1,0,0,0,1,0,0,0,0,0,1,0,0,1,0,0,0,1,1,0
41569616,855.5577089623855,1330,i30,i30 (PD),24,48179,1353,5,9,0,0,1,1,1,1,1,1,1,1,1,1,0,0,0,0,0,0,1,0,0,0,0,0,0,0,1,1,0,1
41626917,778.9139391480519,670,코란도,뉴코란도 C,92,57716,1998,5,13,0,1,0,1,1,1,1,1,1,1,1,0,0,0,1,0,0,0,0,0,1,0,0,1,0,0,0,1,1,0
41077773,1268.500618531749,1680,렉스턴,더 뉴 렉스턴 스포츠,35,147973,2157,5,5,0,0,1,1,1,1,1,1,1,1,1,0,0,0,1,0,0,0,0,0,1,0,0,1,0,0,0,1,1,0
41508577,760.3828753088075,880,에쿠스,에쿠스(신형),73,243612,3778,5,11,12,1,1,1,1,1,1,1,1,1,1,1,0,0,0,0,0,0,1,0,0,0,0,0,1,0,0,1,0,1
40973284,870.010476653311,600,제네시스,제네시스,81,77134,3342,5,17,10,0,0,1,1,1,0,1,1,0,1,1,0,0,0,0,0,0,1,0,0,0,0,0,0,1,0,1,0,1
41465913,936.2255262529029,352,아반떼,더 뉴 아반떼 (CN7),62,6,1598,5,1,2,0,1,1,1,1,1,1,1,1,1,1,0,0,0,0,0,0,1,0,0,0,0,1,0,0,0,1,0,1
41391913,867.4613543331805,1550,제네시스,제네시스 DH,81,114177,3342,5,11,2,0,1,1,1,1,1,1,1,1,1,1,0,0,0,0,0,0,1,0,0,0,0,0,1,0,0,1,0,1
41316800,1390.1913990791177,1655,캐스퍼,캐스퍼,88,6599,998,4,4,1,0,0,1,1,1,1,1,1,1,1,1,0,0,0,0,0,0,1,0,0,0,0,0,0,0,1,1,0,1
41560778,962.3768750735256,1330,티볼리,베리 뉴 티볼리,105,59309,1497,5,5,0,0,0,1,1,0,1,1,1,0,1,0,0,0,1,0,0,0,1,0,0,0,0,1,0,0,0,1,1,0
41191229,816.6985223123376,799,트랙스,더 뉴 트랙스,103,83553,1362,5,8,2,0,0,1,1,0,1,0,1,0,1,0,0,0,0,1,0,0,1,0,0,0,0,0,0,1,0,1,1,0
41123991,720.4474668211502,490,QM3,QM3,15,112441,1461,5,12,0,0,0,1,1,1,1,1,1,0,1,0,0,0,0,0,1,0,0,0,1,0,0,0,0,1,0,1,1,0
41550274,1012.2538228903043,970,스타렉스,그랜드 스타렉스,50,158278,2497,12,10,0,0,0,1,0,0,0,0,1,0,1,1,0,0,0,0,0,0,0,0,1,0,0,0,0,1,0,1,1,0
40486735,1290.1127261662336,1100,EQ900,EQ900,0,289155,5038,5,10,15,0,1,1,1,1,1,1,1,1,1,0,0,1,0,0,0,0,1,0,0,0,0,0,1,0,0,1,0,1
41455121,526.5779521455554,599,스파크,더 넥스트 스파크,54,75911,999,5,11,15,0,0,1,1,0,1,0,1,0,1,0,0,0,0,1,0,0,1,0,0,0,0,0,0,1,0,1,0,1
39892185,842.1279070156255,790,K5,K5 2세대,11,170732,1999,5,10,9,0,0,1,1,0,1,0,1,0,1,0,1,0,0,0,0,1,0,0,0,0,0,1,0,0,0,1,0,1
41591090,723.7884711060512,770,QM3,QM3,15,105062,1461,5,10,2,0,0,1,0,1,1,0,1,0,0,0,0,0,0,0,1,0,0,0,1,0,0,0,1,0,0,1,1,0
41138610,1024.6264535496102,1380,스포티지,스포티지 4세대,55,91790,1995,5,9,3,0,1,1,1,0,1,1,1,0,1,0,1,0,0,0,0,0,0,0,1,0,0,0,0,0,1,1,1,0
38740500,819.4078380887734,800,SM6,SM6,20,80304,1997,5,10,8,1,0,1,1,1,1,1,1,0,1,0,0,0,0,0,1,0,1,0,0,0,0,0,1,0,0,1,0,1
40075807,609.8286148688875,350,알페온,알페온,70,138788,2384,5,14,6,0,1,1,1,1,1,0,1,0,1,0,0,0,0,1,0,0,1,0,0,0,0,0,1,0,0,1,0,1
41071324,521.1936913921791,780,스파크,더 뉴 스파크,54,39006,999,5,6,1,0,0,1,1,0,1,0,1,0,1,0,0,0,0,1,0,0,1,0,0,0,0,1,0,0,0,1,0,1
41653926,1072.7523168570258,1530,싼타페,싼타페 더 프라임,56,122888,1995,5,10,0,1,1,1,1,1,1,1,1,1,1,1,0,0,0,0,0,0,0,0,1,0,0,1,0,0,0,1,1,0
41485413,1229.585755916017,1345,트레일블레이저,트레일블레이저,104,147302,1341,5,4,3,0,0,1,1,1,1,1,1,1,1,0,0,0,0,1,0,0,1,0,0,0,0,1,0,0,0,1,1,0
41621694,699.989762412874,820,모닝,올 뉴 모닝 (JA),42,51657,998,5,7,15,0,0,1,1,1,1,1,1,0,1,0,1,0,0,0,0,0,1,0,0,0,0,1,0,0,0,1,0,1
41338083,816.6985223123376,520,트랙스,트랙스,103,79619,1362,5,12,8,0,0,1,1,0,0,1,1,0,1,0,0,0,0,1,0,0,1,0,0,0,0,0,1,0,0,1,1,0
41477031,1039.3890878449547,1299,캡처,캡처,89,79590,1332,5,6,2,0,1,1,1,1,1,0,1,0,1,0,0,0,0,0,1,0,1,0,0,0,0,0,0,0,1,1,1,0
41229429,807.4456798684994,749,SM6,SM6,20,140987,1618,5,10,1,1,1,1,1,1,1,1,1,1,1,0,0,0,0,0,1,0,1,0,0,0,0,1,0,0,0,1,0,1
40989782,923.0393528184499,1550,그랜저,더 뉴 그랜저 IG,27,167371,2497,5,6,4,0,1,1,1,1,1,1,1,1,1,1,0,0,0,0,0,0,1,0,0,0,0,1,0,0,0,1,0,1
41368268,875.1505814198441,850,제네시스,제네시스 DH,81,189167,3342,5,11,1,1,1,1,1,1,1,1,1,1,1,1,0,0,0,0,0,0,1,0,0,0,0,0,1,0,0,1,0,1
41481553,1014.8324651358752,1179,투싼,올 뉴 투싼,101,125842,1995,5,10,2,0,1,1,1,1,1,1,1,0,1,1,0,0,0,0,0,0,0,0,1,0,0,0,0,1,0,1,1,0
38325248,809.9140873524058,555,SM6,SM6,20,175815,1997,5,9,14,0,0,1,1,1,1,1,1,1,1,0,0,0,0,0,1,0,1,0,0,0,0,0,1,0,0,1,0,1
41495135,1264.805265999821,270,렉스턴,렉스턴 W,35,300809,1998,7,12,12,1,0,1,1,1,1,0,1,0,1,0,0,0,1,0,0,0,0,0,1,0,0,0,1,0,0,1,1,0
41226715,1264.805265999821,1150,렉스턴,G4 렉스턴,35,187928,2157,5,8,2,1,0,1,1,1,1,0,1,1,1,0,0,0,1,0,0,0,0,0,1,0,0,0,0,1,0,1,1,0
41635932,1182.1609548412846,1690,G70,G70,4,157920,1998,5,7,2,0,1,1,1,1,1,1,1,1,1,0,0,1,0,0,0,0,1,0,0,0,0,0,1,0,0,1,0,1
40961644,818.3774225826837,1240,임팔라,임팔라,80,49243,3564,5,10,3,0,1,1,1,1,1,0,1,1,1,0,0,0,0,1,0,0,1,0,0,0,0,0,1,0,0,1,0,1
41074603,992.8099193332274,890,스타렉스,그랜드 스타렉스,50,127539,2497,5,9,1,0,0,1,0,0,0,0,1,0,1,1,0,0,0,0,0,0,0,0,1,0,0,0,1,0,0,0,1,0
39203793,1234.4350592827248,1140,코나,코나,91,129734,1591,5,9,2,0,0,1,1,0,1,1,1,0,1,1,0,0,0,0,0,0,1,0,0,0,0,1,0,0,0,1,1,0
41077168,963.6518467963097,830,티볼리,티볼리,105,106739,1597,5,10,3,0,0,1,1,0,1,1,1,0,1,0,0,0,1,0,0,0,1,0,0,0,0,1,0,0,0,1,1,0
41208875,539.6756970784525,820,스파크,더 뉴 스파크,54,39745,999,5,7,1,0,0,1,1,0,1,1,1,0,1,0,0,0,0,1,0,0,1,0,0,0,0,1,0,0,0,1,0,1
41501378,1063.6126404216627,1160,싼타페,싼타페 DM,56,107382,1995,5,11,1,0,0,1,1,1,1,1,1,1,1,1,0,0,0,0,0,0,0,0,1,0,0,0,0,1,0,1,1,0
41271545,962.3768750735256,1250,티볼리,베리 뉴 티볼리,105,95558,1497,5,4,7,0,1,1,1,1,1,1,1,1,1,0,0,0,1,0,0,0,1,0,0,0,0,1,0,0,0,1,1,0
41307095,1072.7523168570258,900,싼타페,싼타페 (MX5),56,27932,1598,7,2,0,1,1,1,1,1,1,1,1,1,1,1,0,0,0,0,0,0,0,1,0,0,0,1,0,0,0,1,1,0
41583533,535.2976053661823,460,올란도,올란도,77,112408,1998,7,12,13,0,0,1,1,1,1,0,1,0,1,0,0,0,0,1,0,0,0,0,1,0,0,0,0,0,1,1,1,0
41274993,817.7357216322383,610,말리부,올 뉴 말리부,40,110884,1490,5,8,9,0,0,1,1,0,1,0,0,0,1,0,0,0,0,1,0,0,1,0,0,0,0,0,0,0,1,1,0,1
41473091,1273.33407874339,1460,G80,G80,5,172944,3342,5,9,1,0,1,1,1,1,1,1,1,1,1,0,0,1,0,0,0,0,1,0,0,0,0,0,0,1,0,1,0,1
41225558,1153.1834208815528,1450,카니발,더 뉴 카니발,85,139703,2199,9,6,3,0,0,1,1,1,1,1,1,1,1,0,1,0,0,0,0,0,0,0,1,0,0,1,0,0,0,1,1,0
41476604,591.0966224282002,690,엑센트,엑센트(신형),74,97732,1368,5,8,8,0,0,1,1,0,1,1,1,0,1,1,0,0,0,0,0,0,1,0,0,0,0,0,0,1,0,1,0,1
39465740,1121.333920626105,1460,카니발,올 뉴 카니발,85,100117,2199,7,10,5,1,1,1,1,1,1,1,1,1,1,0,1,0,0,0,0,0,0,0,1,0,0,0,1,0,0,1,1,0
41564006,1166.5206719253486,1080,베뉴,베뉴,45,75103,1598,5,7,12,0,0,1,1,1,1,1,1,0,1,1,0,0,0,0,0,0,1,0,0,0,0,0,0,0,1,1,1,0
40134930,941.3889022900747,1490,쏘나타,쏘나타 (DN8),57,74071,1999,5,7,4,1,1,1,1,0,1,0,1,0,1,1,0,0,0,0,0,1,0,0,0,0,0,0,1,0,0,1,0,1
41590243,1023.4311157213216,1099,K7,올 뉴 K7 하이브리드,12,214097,2359,5,9,4,1,1,1,1,1,1,1,1,1,1,0,1,0,0,0,0,0,0,1,0,0,0,0,0,1,0,1,0,1
41510504,711.2411628396882,920,QM3,뉴QM3,15,76742,1461,5,7,2,0,1,1,1,1,1,1,1,0,1,0,0,0,0,0,1,0,0,0,1,0,0,0,0,0,1,1,1,0
39354406,905.6914320771383,1240,그랜저,그랜저 IG,27,171803,2359,5,9,0,0,0,1,1,1,1,1,1,1,1,1,0,0,0,0,0,0,1,0,0,0,0,0,1,0,0,1,0,1
41065467,970.8411733726565,1080,티볼리,베리 뉴 티볼리,105,81934,1497,5,6,2,0,0,0,0,0,0,0,0,0,0,0,0,0,1,0,0,0,1,0,0,0,0,0,0,0,1,1,1,0
38935264,819.4078380887734,600,SM6,SM6,20,120419,1998,5,9,13,0,0,1,1,1,0,1,1,0,1,0,0,0,0,0,1,1,0,0,0,0,0,0,1,0,0,1,0,1
41536939,992.8099193332274,950,스타렉스,그랜드 스타렉스,50,106782,2497,12,10,12,0,0,1,1,0,0,1,0,0,0,1,0,0,0,0,0,0,0,0,1,0,0,0,0,1,0,1,1,0
40590437,402.80707679553126,410,SM5,뉴SM5 플래티넘,19,108467,1998,5,12,14,1,0,1,1,1,1,1,1,0,1,0,0,0,0,0,1,0,1,0,0,0,0,1,0,0,0,1,0,1
40974888,802.5490122794023,1100,트랙스,더 뉴 트랙스,103,39049,1362,5,7,0,0,0,1,1,0,1,1,1,0,1,0,0,0,0,1,0,0,1,0,0,0,0,1,0,0,0,1,1,0
41246695,553.7149246371913,780,올란도,올란도,77,79083,1998,7,11,2,0,0,1,1,0,1,1,1,0,1,0,0,0,0,1,0,1,0,0,0,0,0,0,0,1,0,1,1,0
41635349,905.6914320771383,620,그랜저,그랜저 HG,27,191107,2999,5,10,17,0,1,1,1,1,1,1,1,1,1,1,0,0,0,0,0,0,1,0,0,0,0,0,1,0,0,1,0,1
41130015,1256.1011628396882,1320,XM3,XM3,23,96283,1598,5,4,5,0,1,1,1,1,1,1,1,0,1,0,0,0,0,0,1,0,1,0,0,0,0,1,0,0,0,1,1,0
40486658,809.9140873524058,920,SM6,SM6,20,75492,1997,5,10,2,1,1,1,1,1,1,0,1,0,1,0,0,0,0,0,1,0,1,0,0,0,0,1,0,0,0,1,0,1
40737464,936.9062313760018,419,아반떼,아반떼 MD,62,238901,1591,5,14,3,0,0,1,0,1,0,0,1,0,1,1,0,0,0,0,0,0,1,0,0,0,0,1,0,0,0,1,0,1
41589604,760.3828753088075,490,에쿠스,에쿠스(신형),73,180883,3778,5,16,11,0,1,1,1,1,1,1,1,1,1,1,0,0,0,0,0,0,1,0,0,0,0,0,1,0,0,1,0,1
41037733,970.8411733726565,1599,티볼리,베리 뉴 티볼리,105,26614,1497,5,6,0,0,1,1,1,0,1,1,1,1,1,0,0,0,1,0,0,0,1,0,0,0,0,1,0,0,0,1,1,0
41384435,1072.7523168570258,1590,싼타페,싼타페 TM,56,149474,1995,5,7,7,0,0,1,0,1,1,0,1,1,1,1,0,0,0,0,0,0,0,0,1,0,0,1,0,0,0,1,1,0
41094874,941.3889022900747,900,쏘나타,LF 쏘나타,57,139939,1999,5,10,1,0,0,1,1,1,1,1,1,0,1,1,0,0,0,0,0,0,1,0,0,0,0,0,1,0,0,1,0,1
41633183,842.1279070156255,1450,K5,K5 3세대,11,190361,1999,5,5,9,0,1,1,1,1,1,1,1,1,1,0,1,0,0,0,0,0,1,0,0,0,0,1,0,0,0,1,0,1
41652059,977.230670900442,1050,쏘나타,LF 쏘나타,57,135303,1999,5,11,1,0,1,1,1,1,1,1,1,1,1,1,0,0,0,0,0,0,1,0,0,0,0,1,0,0,0,1,0,1
41438525,875.1505814198441,890,제네시스,제네시스 DH,81,216067,3342,5,11,14,0,1,1,1,1,1,1,1,1,1,1,0,0,0,0,0,0,1,0,0,0,0,0,1,0,0,1,0,1
41227023,880.2213244404137,650,레이,더 뉴 레이,34,67857,998,2,6,11,0,0,1,0,0,1,0,0,0,1,0,1,0,0,0,0,0,1,0,0,0,0,1,0,0,0,1,0,1
39466975,553.7149246371913,470,올란도,올란도,77,86268,1998,7,15,1,0,0,1,0,1,1,0,1,0,1,0,0,0,0,1,0,0,0,0,1,0,0,0,0,1,0,1,1,0
40762275,695.8857730579066,550,프라이드,더 뉴 프라이드,110,127244,1591,5,9,20,0,0,1,0,0,1,0,1,0,1,0,1,0,0,0,0,0,1,0,0,0,0,0,0,1,0,1,0,1
41596182,804.849667793527,860,SM6,SM6,20,93517,1997,5,10,2,1,1,1,1,1,1,1,1,0,1,0,0,0,0,0,1,0,1,0,0,0,0,0,0,1,0,1,0,1
41272554,845.8008944920679,999,K5,더 뉴 K5,11,47231,1999,5,12,5,1,0,1,1,1,1,1,1,0,1,0,1,0,0,0,0,0,1,0,0,0,0,1,0,0,0,1,0,1
41305227,1259.5072485972,1399,G80,G80,5,141060,3342,5,9,2,0,1,1,1,1,1,1,1,1,1,0,0,1,0,0,0,0,1,0,0,0,0,0,1,0,0,1,0,1
41546748,778.9139391480519,820,코란도,코란도 투리스모,92,132969,2157,9,9,4,0,1,1,1,1,1,0,1,1,1,0,0,0,1,0,0,0,0,0,1,0,0,1,0,0,0,1,1,0
41494683,1247.4949211722349,1570,렉스턴,G4 렉스턴,35,90895,2157,7,9,16,1,1,1,1,0,1,1,1,1,1,0,0,0,1,0,0,0,0,0,1,0,0,0,1,0,0,1,1,0
41625895,1257.2352713994803,1599,EQ900,EQ900,0,171235,3778,5,9,5,0,1,1,1,1,1,1,1,1,1,0,0,1,0,0,0,0,1,0,0,0,0,0,0,1,0,1,0,1
41494730,731.3503539993221,450,i40,i40,25,224928,1685,5,12,9,1,0,1,1,1,1,1,1,0,1,1,0,0,0,0,0,0,0,0,1,0,0,0,0,0,1,1,0,1
41303904,813.3482474056841,750,말리부,올 뉴 말리부,40,95966,1998,5,9,11,1,1,1,1,1,1,1,1,1,1,0,0,0,0,1,0,0,1,0,0,0,0,0,0,1,0,1,0,1
40902973,967.6269960460112,1190,티볼리,베리 뉴 티볼리,105,91549,1497,5,5,0,0,0,1,1,0,1,0,1,0,1,0,0,0,1,0,0,0,1,0,0,0,0,0,0,1,0,1,1,0
41641396,760.3828753088075,350,에쿠스,에쿠스(신형),73,244484,3778,5,14,2,0,1,1,1,1,1,1,1,0,1,1,0,0,0,0,0,0,1,0,0,0,0,0,1,0,0,1,0,1
41409604,1389.3158649586906,1389,캐스퍼,캐스퍼,88,104599,998,4,4,1,0,0,1,1,1,1,1,1,1,1,1,0,0,0,0,0,0,1,0,0,0,0,0,0,0,1,1,0,1
41384929,907.2378156501135,220,그랜저,그랜저 TG,27,224532,2656,5,20,6,0,0,1,1,1,0,1,1,0,1,1,0,0,0,0,0,0,1,0,0,0,0,0,1,0,0,1,0,1
41338793,1053.6268169370128,1188,모하비,더 뉴 모하비,43,222766,2959,7,9,16,0,1,1,1,1,1,1,1,1,1,0,1,0,0,0,0,0,0,0,1,0,0,1,0,0,0,1,1,0
40769042,817.29454516165,370,말리부,말리부,40,151525,1956,5,12,13,1,0,1,1,1,1,1,1,0,1,0,0,0,0,1,0,0,0,0,1,0,0,1,0,0,0,1,0,1
41654325,923.0393528184499,1500,그랜저,그랜저 IG,27,91184,2359,5,9,2,0,1,1,1,1,1,1,1,1,1,1,0,0,0,0,0,0,1,0,0,0,0,0,1,0,0,1,0,1
41563916,1256.1011628396882,999,XM3,XM3,23,24436,1598,5,5,2,0,0,0,0,0,0,0,0,0,0,0,0,0,0,0,1,0,1,0,0,0,0,1,0,0,0,1,1,0
40286685,487.46355435797625,180,크루즈,크루즈5,95,156374,1796,5,15,2,1,0,1,0,1,1,0,1,0,1,0,0,0,0,1,0,0,1,0,0,0,0,1,0,0,0,1,0,1
41438083,962.3768750735256,820,티볼리,티볼리,105,54333,1597,5,9,9,0,1,1,1,1,1,1,1,0,1,0,0,0,1,0,0,0,0,0,1,0,0,1,0,0,0,1,1,0
41597077,936.9062313760018,670,아반떼,아반떼 MD,62,91100,1591,5,13,1,0,0,1,1,1,1,1,1,0,1,1,0,0,0,0,0,0,1,0,0,0,0,1,0,0,0,1,0,1
41626846,1027.800505582473,850,투싼,뉴 투싼 ix,101,88957,1995,5,12,1,0,0,1,1,1,1,1,1,1,1,1,0,0,0,0,0,0,0,0,1,0,0,1,0,0,0,1,1,0
41613994,936.9062313760018,820,아반떼,더 뉴 아반떼,62,95728,1591,5,12,3,1,1,1,1,1,1,1,1,0,1,1,0,0,0,0,0,0,1,0,0,0,0,1,0,0,0,1,0,1
41567195,830.7441133874026,250,코란도,뉴코란도 C,92,269557,1998,5,12,1,1,0,1,1,1,1,1,1,0,1,0,0,0,1,0,0,0,0,0,1,0,0,0,1,0,0,1,1,0
41337976,526.5779521455554,360,스파크,스파크,54,88085,995,5,13,2,0,0,1,1,0,0,1,1,0,1,0,0,0,0,1,0,0,1,0,0,0,0,0,0,1,0,1,0,1
40977085,390.5605814198441,640,SM5,SM5 노바,19,153205,1998,5,8,0,0,0,1,1,1,1,1,1,1,1,0,0,0,0,0,1,0,1,0,0,0,0,0,1,0,0,1,0,1
41340127,487.46355435797625,425,크루즈,크루즈,95,112786,1998,5,13,2,0,0,1,1,1,1,0,1,0,1,0,0,0,0,1,0,0,0,0,1,0,0,0,1,0,0,1,0,1
41420869,830.7441133874026,690,코란도,코란도 투리스모,92,111292,1998,9,11,11,0,1,1,1,1,1,1,1,0,1,0,0,0,1,0,0,0,0,0,1,0,0,0,0,1,0,1,1,0
41572566,1389.3158649586906,1270,캐스퍼,캐스퍼,88,143466,998,4,4,4,1,0,1,1,1,1,1,1,1,1,1,0,0,0,0,0,0,1,0,0,0,0,0,0,1,0,1,0,1
41206193,943.9179347406766,450,아반떼,아반떼 MD,62,144297,1591,5,15,1,1,0,1,1,1,1,1,1,0,1,1,0,0,0,0,0,0,1,0,0,0,0,1,0,0,0,1,0,1
41497202,970.8411733726565,990,티볼리,베리 뉴 티볼리,105,145427,1497,5,6,8,0,0,1,1,0,1,1,1,0,1,0,0,0,1,0,0,0,1,0,0,0,0,1,0,0,0,1,1,0
41567937,1027.800505582473,920,투싼,올 뉴 투싼,101,177344,1685,5,11,3,0,0,1,1,0,1,1,1,0,1,1,0,0,0,0,0,0,0,0,1,0,0,1,0,0,0,1,1,0
41235090,723.7884711060512,500,QM3,QM3,15,107183,1461,5,12,1,0,0,1,1,1,1,1,1,0,1,0,0,0,0,0,1,0,0,0,1,0,0,0,0,0,1,1,1,0
41477845,936.2255262529029,1030,아반떼,아반떼 AD,62,130025,1591,5,9,1,0,0,1,1,0,1,1,1,0,1,1,0,0,0,0,0,0,1,0,0,0,0,1,0,0,0,1,0,1
41313372,468.8263197140382,320,SM3,뉴SM3,18,79717,1598,5,13,2,0,0,0,0,0,0,0,0,0,0,0,0,0,0,0,1,0,1,0,0,0,0,1,0,0,0,1,0,1
40750413,816.6985223123376,339,트랙스,트랙스,103,166035,1362,5,13,12,0,0,1,1,0,0,0,1,0,1,0,0,0,0,1,0,0,1,0,0,0,0,1,0,0,0,1,1,0
41458046,768.0397857057295,780,트랙스,더 뉴 트랙스,103,89311,1362,5,6,3,0,0,1,1,0,0,1,0,0,0,0,0,0,0,1,0,0,1,0,0,0,0,0,0,0,1,1,1,0
41374621,986.97541951879,940,K7,올 뉴 K7,12,167408,2359,5,10,0,0,0,1,1,1,1,1,1,1,1,0,1,0,0,0,0,0,1,0,0,0,0,0,0,1,0,1,0,1
41638968,820.6996852780783,640,SM6,SM6,20,121612,1998,5,9,2,0,0,1,1,1,1,1,1,0,1,0,0,0,0,0,1,1,0,0,0,0,0,0,1,0,0,1,0,1
41423199,830.7441133874026,599,코란도,뉴코란도 C,92,136618,2157,5,10,7,1,1,1,1,1,1,0,1,1,1,0,0,0,1,0,0,0,0,0,1,0,0,0,0,0,1,1,1,0
41516050,1389.3158649586906,1350,캐스퍼,캐스퍼,88,47881,998,4,4,0,0,0,1,1,0,1,0,1,0,1,1,0,0,0,0,0,0,1,0,0,0,0,1,0,0,0,1,0,1
41244226,521.1936913921791,240,스파크,스파크,54,122510,995,5,15,8,0,0,1,0,0,0,0,1,0,1,0,0,0,0,1,0,0,1,0,0,0,0,0,0,1,0,1,0,1
41293486,699.989762412874,920,모닝,올 뉴 모닝 (JA),42,35244,998,5,9,4,0,0,1,1,0,1,1,1,0,1,0,1,0,0,0,0,0,1,0,0,0,0,1,0,0,0,1,0,1
41474503,907.2378156501135,480,그랜저,그랜저 HG,27,141613,2999,5,15,1,0,1,1,1,1,1,1,1,1,1,1,0,0,0,0,0,0,1,0,0,0,0,0,1,0,0,1,0,1
41659587,915.8857730579066,499,K9,K9,14,218134,3342,5,14,4,0,0,1,1,1,1,1,1,1,1,0,1,0,0,0,0,0,1,0,0,0,0,0,1,0,0,1,0,1
41106005,943.9179347406766,680,아반떼,아반떼 MD,62,69579,1591,5,14,7,1,0,1,1,1,1,1,1,0,1,1,0,0,0,0,0,0,1,0,0,0,0,1,0,0,0,1,0,1
38935798,397.0685256503341,499,SM5,SM5 노바,19,144911,1998,5,10,2,0,1,1,1,1,1,1,1,0,1,0,0,0,0,0,1,1,0,0,0,0,0,0,1,0,0,1,0,1
41294737,870.010476653311,1279,제네시스,제네시스 DH,81,164776,3778,5,12,0,1,1,1,1,1,1,1,1,1,1,1,0,0,0,0,0,0,1,0,0,0,0,0,1,0,0,1,0,1
41591567,905.6914320771383,1200,그랜저,그랜저 HG,27,70681,2999,5,12,2,0,0,0,0,0,0,0,0,0,0,1,0,0,0,0,0,0,1,0,0,0,0,1,0,0,0,1,0,1
41638136,539.6756970784525,249,스파크,스파크,54,85134,995,5,14,5,0,0,1,1,0,0,1,0,0,0,0,0,0,0,1,0,0,1,0,0,0,0,0,0,0,1,1,0,1
41526103,736.7033647230726,780,QM3,뉴QM3,15,85748,1461,5,8,7,0,1,1,1,1,1,1,1,0,1,0,0,0,0,0,1,0,0,0,1,0,0,0,0,0,1,1,1,0
41465939,822.9294020283487,1169,K5,더 뉴 K5 2세대,11,61962,1999,5,8,2,0,1,1,1,1,1,1,1,0,1,0,1,0,0,0,0,0,1,0,0,0,0,1,0,0,0,1,0,1
41615430,936.2255262529029,930,아반떼,아반떼 AD,62,133222,1582,5,8,0,0,0,1,1,1,1,1,1,1,1,1,0,0,0,0,0,0,0,0,1,0,0,1,0,0,0,1,0,1
41075040,991.4253131532465,950,모하비,모하비,43,162545,2959,7,11,2,1,1,1,1,1,1,1,1,1,1,0,1,0,0,0,0,0,0,0,1,0,0,1,0,0,0,1,1,0
41471590,936.9062313760018,1490,아반떼,아반떼 하이브리드 (CN7),62,65161,1580,5,5,8,0,0,1,1,1,0,0,0,0,1,1,0,0,0,0,0,0,0,1,0,0,0,0,0,1,0,1,0,1
41547034,1122.21175713316,890,카니발,올 뉴 카니발,85,165185,2199,9,9,4,0,0,1,1,0,1,1,1,1,1,0,1,0,0,0,0,0,0,0,1,0,0,0,1,0,0,1,1,0
41087039,817.29454516165,629,말리부,올 뉴 말리부,40,120896,1490,5,10,14,1,0,1,1,1,1,1,1,1,1,0,0,0,0,1,0,0,1,0,0,0,0,1,0,0,0,1,0,1
41615901,913.4740083520242,840,K9,K9,14,146186,3342,5,13,13,0,1,1,1,1,1,1,1,1,1,0,1,0,0,0,0,0,1,0,0,0,0,0,1,0,0,1,0,1
41032245,967.6269960460112,539,티볼리,티볼리 에어,105,170032,1597,5,9,4,0,0,0,1,0,0,1,1,0,1,0,0,0,1,0,0,0,0,0,1,0,0,1,0,0,0,1,1,0
41436377,936.2255262529029,1150,아반떼,더 뉴 아반떼 AD,62,103930,1598,5,8,14,0,1,1,1,1,1,1,1,0,1,1,0,0,0,0,0,0,1,0,0,0,0,1,0,0,0,1,0,1
41584692,870.010476653311,1549,제네시스,제네시스 DH,81,44938,3342,5,11,1,0,1,1,1,1,1,1,1,1,1,1,0,0,0,0,0,0,1,0,0,0,0,0,0,1,0,1,0,1
41507984,943.9179347406766,600,아반떼,아반떼 AD,62,162921,1582,5,11,6,0,0,1,1,0,0,1,0,0,0,1,0,0,0,0,0,0,0,0,1,0,0,1,0,0,0,1,0,1
37967891,734.8122924754482,770,i40,i40 살룬,25,130411,1999,5,12,8,1,1,1,1,1,1,1,1,1,1,1,0,0,0,0,0,0,1,0,0,0,0,1,0,0,0,1,0,1
41521011,731.3465116724439,740,에쿠스,에쿠스(신형),73,239233,3778,5,12,2,0,1,1,1,1,1,1,1,1,1,1,0,0,0,0,0,0,1,0,0,0,0,0,1,0,0,1,0,1
41100748,1256.1011628396882,1150,XM3,XM3,23,52352,1598,5,6,0,0,1,1,1,1,1,0,1,0,1,0,0,0,0,0,1,0,1,0,0,0,0,0,0,1,0,1,1,0
41569130,916.1401938066147,619,그랜저,그랜저 HG,27,80720,2359,5,13,2,1,0,1,1,1,1,1,1,0,1,1,0,0,0,0,0,0,1,0,0,0,0,1,0,0,0,1,0,1
41530623,1122.21175713316,1650,카니발,올 뉴 카니발,85,95138,2199,7,9,2,0,0,0,0,0,0,0,0,0,0,0,1,0,0,0,0,0,0,0,1,0,0,1,0,0,0,1,1,0
41559897,529.273314565499,790,올란도,올란도,77,67265,1998,7,9,4,0,0,1,1,0,1,1,1,0,1,0,0,0,0,1,0,1,0,0,0,0,0,0,0,0,1,1,1,0
40452002,923.0393528184499,630,그랜저,그랜저 HG,27,129214,2999,5,13,9,0,1,1,1,1,1,1,1,1,1,1,0,0,0,0,0,0,1,0,0,0,0,0,1,0,0,1,0,1
41603529,923.0393528184499,1060,그랜저,그랜저 IG,27,169352,2359,5,8,11,0,0,1,1,1,1,1,1,1,1,1,0,0,0,0,0,0,1,0,0,0,0,0,1,0,0,1,0,1
41560108,988.0567474787636,1690,스타렉스,더 뉴 그랜드 스타렉스,50,39050,2497,5,7,2,0,0,1,1,0,0,1,1,0,1,1,0,0,0,0,0,0,0,0,1,0,0,0,0,1,0,1,1,0
41494839,659.0006532807237,1210,모닝,모닝 어반 (JA),42,56882,998,5,6,0,1,0,1,1,0,1,1,1,1,1,0,1,0,0,0,0,0,1,0,0,0,0,1,0,0,0,1,0,1
41567360,910.4589389790043,460,제네시스,제네시스,81,92344,3342,5,17,6,1,0,1,1,1,1,1,1,0,1,1,0,0,0,0,0,0,1,0,0,0,0,0,0,1,0,1,0,1
41377080,950.3037718506688,890,쏘나타,LF 쏘나타,57,136844,1999,5,10,3,0,0,1,1,0,1,0,1,0,1,1,0,0,0,0,0,0,1,0,0,0,0,1,0,0,0,1,0,1
41510853,907.2378156501135,899,그랜저,그랜저 HG,27,127155,2359,5,11,8,1,1,1,1,1,1,1,1,1,1,1,0,0,0,0,0,0,1,0,0,0,0,1,0,0,0,1,0,1
41325624,1216.6792949027229,1698,EQ900,EQ900,0,200129,3778,5,8,4,0,1,1,1,1,1,1,1,1,1,0,0,1,0,0,0,0,1,0,0,0,0,0,1,0,0,1,0,1
41633322,907.2378156501135,590,그랜저,그랜저 HG,27,123102,2999,5,12,11,0,0,1,1,1,1,0,1,1,1,1,0,0,0,0,0,0,1,0,0,0,0,0,1,0,0,1,0,1
41155144,1210.4595446246751,1480,XM3,XM3,23,56170,1332,5,5,2,0,0,0,0,0,0,0,0,0,0,0,0,0,0,0,1,0,1,0,0,0,0,0,1,0,0,1,1,0
41604994,591.0966224282002,680,엑센트,엑센트(신형),74,70531,1368,5,10,1,0,0,1,1,0,1,1,1,0,1,1,0,0,0,0,0,0,1,0,0,0,0,0,0,0,1,1,0,1
41168955,731.2047804071187,285,에쿠스,에쿠스(신형),73,235322,4627,5,16,16,0,1,1,1,1,1,1,1,1,1,1,0,0,0,0,0,0,1,0,0,0,0,0,1,0,0,1,0,1
41286486,962.3768750735256,1050,티볼리,베리 뉴 티볼리,105,101634,1497,5,7,17,0,1,1,1,0,1,1,1,1,1,0,0,0,1,0,0,0,1,0,0,0,0,1,0,0,0,1,1,0
41556699,884.691660068428,650,i30,i30(신형),24,96882,1591,5,14,4,1,1,1,1,1,1,0,1,0,1,1,0,0,0,0,0,0,1,0,0,0,0,1,0,0,0,1,0,1
41340068,1084.4388555279147,1650,카니발,더 뉴 카니발,85,91639,2199,9,7,4,0,1,1,1,1,1,1,1,1,1,0,1,0,0,0,0,0,0,0,1,0,0,0,0,1,0,1,1,0
41572048,1192.3813152408418,920,맥스크루즈,맥스크루즈,41,161121,2199,7,11,6,0,0,1,1,1,1,1,1,1,1,1,0,0,0,0,0,0,0,0,1,0,0,0,0,0,1,1,1,0
41200351,1257.9607752264587,1679,G80,G80,5,159678,3342,5,10,0,1,1,1,1,1,1,1,1,1,1,0,0,1,0,0,0,0,1,0,0,0,0,0,1,0,0,1,0,1
41615544,736.7033647230726,600,QM3,QM3,15,135531,1461,5,11,17,0,0,1,1,1,1,1,1,0,1,0,0,0,0,0,1,0,0,0,1,0,0,0,0,1,0,1,1,0
41604325,930.193512170366,1150,쏘나타,LF 쏘나타,57,87421,1999,5,12,5,1,0,1,1,1,1,1,1,1,1,1,0,0,0,0,0,0,1,0,0,0,0,1,0,0,0,1,0,1
40650982,987.5738331607303,1530,스타렉스,더 뉴 그랜드 스타렉스,50,67172,2497,12,8,2,0,0,1,1,0,0,1,1,0,1,1,0,0,0,0,0,0,0,0,1,0,0,0,0,0,1,1,1,0
41636782,936.2255262529029,1550,아반떼,아반떼 (CN7),62,74584,1598,5,6,20,0,1,1,1,1,1,1,1,1,1,1,0,0,0,0,0,0,1,0,0,0,0,1,0,0,0,1,0,1
41096039,1301.1905814198442,1550,QM6,QM6,17,64159,1997,5,7,4,0,1,1,1,1,1,1,1,1,1,0,0,0,0,0,1,0,1,0,0,0,0,0,0,1,0,1,1,0
41649289,1037.3051417342533,1690,투싼,올 뉴 투싼,101,83544,1995,5,9,4,1,1,1,1,1,1,1,1,1,1,1,0,0,0,0,0,0,0,0,1,0,0,0,0,1,0,1,1,0
41031849,969.3889001833381,760,티볼리,티볼리 아머,105,78724,1597,5,9,26,0,0,0,1,0,1,1,1,0,1,0,0,0,1,0,0,0,1,0,0,0,0,0,0,0,1,1,1,0
38587950,768.0397857057295,490,트랙스,트랙스,103,99405,1598,5,11,10,0,0,1,1,0,0,1,1,0,1,0,0,0,0,1,0,0,0,0,1,0,0,1,0,0,0,1,1,0
40817299,967.6269960460112,500,티볼리,티볼리 에어,105,153519,1597,5,10,10,0,0,1,1,0,1,1,1,0,1,0,0,0,1,0,0,0,0,0,1,0,0,0,1,0,0,1,1,0
40999417,831.0491350121001,290,코란도,뉴코란도 C,92,189609,1998,5,12,2,0,0,1,1,1,1,1,1,1,1,0,0,0,1,0,0,0,0,0,1,0,0,1,0,0,0,1,1,0
41455060,526.5779521455554,849,스파크,더 뉴 스파크,54,58944,999,5,5,2,0,0,1,1,0,1,1,1,0,1,0,0,0,0,1,0,0,1,0,0,0,0,1,0,0,0,1,0,1
41590687,473.05967855859427,290,크루즈,어메이징 뉴 크루즈,95,148995,1362,5,11,13,1,0,1,1,1,1,0,1,0,1,0,0,0,0,1,0,0,1,0,0,0,0,1,0,0,0,1,0,1
41598234,910.4589389790043,529,제네시스,제네시스,81,135215,3342,5,14,2,0,1,1,1,1,1,1,1,1,1,1,0,0,0,0,0,0,1,0,0,0,0,0,1,0,0,1,0,1
38425434,626.3422304996457,950,SM7,SM7 노바,21,59270,1998,5,10,2,1,1,1,1,1,1,1,1,1,1,0,0,0,0,0,1,1,0,0,0,0,0,1,0,0,0,1,0,1
41547273,845.8008944920679,750,K5,더 뉴 K5,11,133231,1999,5,11,7,1,0,1,1,1,1,1,1,0,1,0,1,0,0,0,0,0,1,0,0,0,0,1,0,0,0,1,0,1
41298030,1050.1398208359376,409,투싼,투싼 ix,101,197773,1995,5,17,0,1,0,1,0,1,1,0,1,0,1,1,0,0,0,0,0,0,0,0,1,0,0,0,0,1,0,1,1,0
41509621,804.849667793527,1250,SM6,SM6,20,66490,1618,5,10,3,1,1,1,1,1,1,1,1,1,1,0,0,0,0,0,1,0,1,0,0,0,0,1,0,0,0,1,0,1
41554600,907.2378156501135,1640,그랜저,더 뉴 그랜저 IG,27,193579,2497,5,6,0,0,1,1,1,1,1,1,1,1,1,1,0,0,0,0,0,0,1,0,0,0,0,0,0,0,1,1,0,1
41641976,1057.082523447645,1650,싼타페,싼타페 TM,56,135550,1995,5,8,3,0,0,1,1,1,1,1,1,1,1,1,0,0,0,0,0,0,0,0,1,0,0,0,0,1,0,1,1,0
41463159,1012.2538228903043,1150,스타렉스,그랜드 스타렉스,50,159283,2497,5,9,9,0,0,1,1,0,0,1,1,1,1,1,0,0,0,0,0,0,0,0,1,0,0,0,0,1,0,1,1,0
41612907,905.6914320771383,1170,그랜저,그랜저 IG,27,143318,2359,5,8,8,0,0,1,1,1,1,1,1,1,1,1,0,0,0,0,0,0,1,0,0,0,0,1,0,0,0,1,0,1
41361727,1084.4388555279147,1390,카니발,올 뉴 카니발,85,76243,2199,11,9,2,0,0,0,0,0,0,0,0,0,0,0,1,0,0,0,0,0,0,0,1,0,0,0,0,1,0,1,1,0
40477834,723.7828753088075,480,에쿠스,에쿠스(신형),73,184198,3778,5,15,10,0,1,1,1,1,1,1,1,1,1,1,0,0,0,0,0,0,1,0,0,0,0,0,1,0,0,1,0,1
41453499,963.6518467963097,790,티볼리,티볼리 에어,105,117323,1597,5,10,1,1,1,1,1,1,1,1,1,0,1,0,0,0,1,0,0,0,0,0,1,0,0,0,0,0,1,1,1,0
41651461,910.4589389790043,430,제네시스,제네시스,81,270821,3342,5,13,10,0,1,1,1,1,1,1,1,1,1,1,0,0,0,0,0,0,1,0,0,0,0,0,1,0,0,1,0,1
41360568,936.2255262529029,1540,아반떼,아반떼 (CN7),62,89277,1598,5,6,21,1,1,1,1,1,1,1,1,1,1,1,0,0,0,0,0,0,1,0,0,0,0,1,0,0,0,1,0,1
41255687,1050.1398208359376,1090,투싼,올 뉴 투싼,101,73995,1685,5,10,5,0,0,1,1,1,1,1,1,0,1,1,0,0,0,0,0,0,0,0,1,0,0,0,0,1,0,1,1,0
38971418,455.50858679976017,470,SM3,SM3 네오,18,110343,1598,5,10,4,0,0,1,1,1,1,1,1,0,1,0,0,0,0,0,1,0,1,0,0,0,0,0,0,1,0,1,0,1
41213341,1256.5223711085262,1695,렉스턴,렉스턴 스포츠,35,66020,2157,5,6,0,0,0,1,1,0,1,1,0,0,1,0,0,0,1,0,0,0,0,0,1,0,0,0,0,0,1,1,1,0
40118209,1304.167236686122,1299,QM6,더 뉴 QM6,17,41390,1998,5,5,12,0,1,1,1,1,1,1,1,0,1,0,0,0,0,0,1,1,0,0,0,0,0,0,0,1,0,1,1,0
41488473,830.7441133874026,350,코란도,코란도 C,92,170720,1998,5,13,2,1,0,1,1,1,1,1,1,0,1,0,0,0,1,0,0,0,0,0,1,0,0,1,0,0,0,1,1,0
40985285,963.6518467963097,699,티볼리,티볼리,105,90814,1597,5,10,7,0,0,1,1,0,1,1,1,0,1,0,0,0,1,0,0,0,1,0,0,0,0,1,0,0,0,1,1,0
41231891,867.4613543331805,990,제네시스,제네시스 DH,81,124334,3342,5,12,4,0,1,1,1,1,1,1,1,1,1,1,0,0,0,0,0,0,1,0,0,0,0,0,0,1,0,1,0,1
41101260,935.928526081858,780,그랜저,그랜저 HG,27,89338,2359,5,13,4,0,1,1,1,1,1,1,1,1,1,1,0,0,0,0,0,0,1,0,0,0,0,0,0,1,0,1,0,1
41565809,468.8263197140382,340,SM3,SM3 네오,18,139563,1598,5,11,11,0,0,1,1,1,1,0,1,0,1,0,0,0,0,0,1,0,1,0,0,0,0,0,0,1,0,1,0,1
41160243,1125.2967759541912,659,쏘렌토,뉴 쏘렌토 R,58,189035,1995,5,13,0,0,0,1,1,1,1,1,1,1,1,0,1,0,0,0,0,0,0,0,1,0,0,1,0,0,0,1,1,0
41422261,1121.333920626105,1330,카니발,더 뉴 카니발,85,140871,2199,9,7,10,1,0,1,1,1,1,1,1,1,1,0,1,0,0,0,0,0,0,0,1,0,0,1,0,0,0,1,1,0
40866348,923.0393528184499,580,그랜저,그랜저 HG,27,176073,2359,5,12,4,0,0,1,1,1,1,1,1,0,1,1,0,0,0,0,0,0,1,0,0,0,0,1,0,0,0,1,0,1
41533547,723.7828753088075,790,에쿠스,에쿠스(신형),73,163303,3778,5,13,4,0,1,1,1,1,1,1,1,1,1,1,0,0,0,0,0,0,1,0,0,0,0,0,1,0,0,1,0,1
41296684,1023.4311157213216,690,K7,더 프레스티지 K7,12,81421,2359,5,14,2,0,0,1,1,1,1,1,1,1,1,0,1,0,0,0,0,0,1,0,0,0,0,0,1,0,0,1,0,1
41011376,566.8948540847747,500,엑센트,엑센트(신형),74,110056,1399,5,15,5,0,0,1,0,0,0,0,1,0,1,1,0,0,0,0,0,0,1,0,0,0,0,1,0,0,0,1,0,1
40789129,830.7441133874026,1690,코란도,뷰티풀 코란도,92,47196,1497,5,6,0,0,0,1,1,1,1,1,1,1,1,0,0,0,1,0,0,0,1,0,0,0,0,1,0,0,0,1,1,0
41585849,1027.800505582473,1550,투싼,올 뉴 투싼,101,89800,1598,5,8,1,0,0,1,1,1,1,1,1,1,1,1,0,0,0,0,0,0,0,0,1,0,0,0,0,0,1,1,1,0
41041058,875.1505814198441,499,제네시스,제네시스,81,177870,3778,5,13,4,0,0,1,1,1,1,0,1,0,1,1,0,0,0,0,0,0,1,0,0,0,0,0,0,1,0,1,0,1
41417399,1050.1398208359376,625,투싼,뉴 투싼 ix,101,168231,1995,5,13,4,0,0,1,1,1,1,1,1,1,1,1,0,0,0,0,0,0,0,0,1,0,0,0,0,1,0,1,1,0
41566178,820.6996852780783,930,SM6,SM6,20,109527,1618,5,8,9,0,1,1,1,1,1,1,1,1,1,0,0,0,0,0,1,0,1,0,0,0,0,1,0,0,0,1,0,1
40926557,816.6985223123376,1030,트랙스,더 뉴 트랙스,103,59985,1362,5,6,3,0,0,1,1,0,1,0,1,0,1,0,0,0,0,1,0,0,1,0,0,0,0,1,0,0,0,1,1,0
41256321,905.6914320771383,500,그랜저,그랜저 HG 하이브리드,27,255019,2359,5,12,2,0,0,1,1,1,1,1,1,0,1,1,0,0,0,0,0,0,0,1,0,0,0,0,1,0,0,1,0,1
41051834,532.6342390295486,390,올란도,올란도,77,180375,1998,7,12,14,1,0,1,1,1,1,1,1,0,1,0,0,0,0,1,0,0,0,0,1,0,0,0,0,0,1,1,1,0
40731426,820.6996852780783,679,SM6,SM6,20,80329,1997,5,8,2,0,0,1,1,1,0,1,1,0,0,0,0,0,0,0,1,0,1,0,0,0,0,0,1,0,0,1,0,1
41584724,930.193512170366,380,쏘나타,YF 쏘나타,57,149770,1999,5,15,3,0,0,0,1,0,0,1,0,0,1,1,0,0,0,0,0,1,0,0,0,0,0,0,0,1,0,1,0,1
40919043,816.6985223123376,395,트랙스,트랙스,103,137324,1362,5,12,7,0,0,1,0,0,0,0,1,0,1,0,0,0,0,1,0,0,1,0,0,0,0,1,0,0,0,1,1,0
41554861,1166.5206719253486,1480,베뉴,베뉴,45,71694,1598,5,7,16,0,1,1,1,1,1,1,1,0,1,1,0,0,0,0,0,0,1,0,0,0,0,0,0,0,1,1,1,0
41310152,817.29454516165,280,말리부,말리부,40,195018,1956,5,12,1,0,0,1,1,1,1,1,1,0,1,0,0,0,0,1,0,0,0,0,1,0,0,1,0,0,0,1,0,1
39693581,800.0418365153032,890,트랙스,더 뉴 트랙스,103,70827,1362,5,10,11,0,0,1,1,0,1,0,1,0,1,0,0,0,0,1,0,0,1,0,0,0,0,0,1,0,0,1,1,0
41441180,566.8948540847747,420,엑센트,엑센트(신형),74,113686,1591,5,13,0,0,0,1,0,1,0,0,1,0,1,1,0,0,0,0,0,0,1,0,0,0,0,0,0,1,0,1,0,1
40085059,397.0685256503341,270,SM5,뉴SM5(신형),19,98858,1998,5,16,11,0,0,1,1,1,1,1,1,0,1,0,0,0,0,0,1,0,1,0,0,0,0,0,0,1,0,1,0,1
40961586,1264.805265999821,690,렉스턴,렉스턴 W,35,102463,2157,5,11,19,0,1,1,1,1,1,1,1,1,1,0,0,0,1,0,0,0,0,0,1,0,0,1,0,0,0,1,1,0
41584002,955.8451653676005,1390,이쿼녹스,이쿼녹스,79,44732,1598,5,8,9,1,1,1,1,1,1,1,1,1,1,0,0,0,0,1,0,0,0,0,1,0,0,0,1,0,0,1,1,0
41488278,1051.6974101665487,1550,싼타페,싼타페 더 프라임,56,83013,1995,5,10,2,0,1,1,1,1,1,1,1,1,1,1,0,0,0,0,0,0,0,0,1,0,0,0,1,0,0,1,1,0
41662544,1023.4311157213216,1100,K7,올 뉴 K7,12,89500,2999,5,9,0,0,1,1,0,1,1,0,1,1,1,0,1,0,0,0,0,1,0,0,0,0,0,0,1,0,0,1,0,1
41074461,1210.4595446246751,1600,XM3,XM3,23,44361,1332,5,6,2,0,1,1,1,1,1,1,1,0,1,0,0,0,0,0,1,0,1,0,0,0,0,1,0,0,0,1,1,0
41616077,1050.1398208359376,630,투싼,투싼 ix,101,113827,1995,5,13,2,0,0,1,1,1,1,1,1,0,1,1,0,0,0,0,0,0,0,0,1,0,0,0,0,1,0,1,1,0
41127445,535.2976053661823,599,올란도,올란도,77,166118,1598,7,9,3,0,0,1,1,1,1,1,1,0,1,0,0,0,0,1,0,0,0,0,1,0,0,1,0,0,0,1,1,0
41653896,833.2990788440546,940,코란도,코란도 스포츠,92,123102,1998,5,12,2,0,0,1,1,1,1,1,1,0,1,0,0,0,1,0,0,0,0,0,1,0,0,0,0,1,0,1,1,0
41379455,731.3465116724439,950,에쿠스,에쿠스(신형),73,161507,3778,5,12,14,1,1,1,1,1,1,1,1,1,1,1,0,0,0,0,0,0,1,0,0,0,0,0,1,0,0,1,0,1
41628778,659.0006532807237,1100,모닝,모닝 어반 (JA),42,65286,998,5,6,6,0,0,1,1,1,1,1,1,1,1,0,1,0,0,0,0,0,1,0,0,0,0,0,0,0,1,1,0,1
41324106,941.3889022900747,1050,쏘나타,LF 쏘나타,57,107350,1999,5,10,3,1,0,1,1,0,1,1,1,0,1,1,0,0,0,0,0,0,1,0,0,0,0,0,0,1,0,1,0,1
40512387,511.37274562236945,650,스파크,더 뉴 스파크,54,32111,999,2,6,2,0,0,1,1,0,0,1,0,0,0,0,0,0,0,1,0,0,1,0,0,0,0,1,0,0,0,1,0,1
41423002,1005.1859527579388,1370,투싼,올 뉴 투싼,101,135066,1598,5,8,3,0,0,1,1,1,1,1,1,1,1,1,0,0,0,0,0,0,0,0,1,0,0,0,0,1,0,1,1,0
41394391,588.7951083442899,520,QM5,QM5 네오,16,114239,1998,5,11,5,0,0,1,1,0,0,1,1,0,1,0,0,0,0,0,1,0,1,0,0,0,0,0,0,1,0,1,1,0
41635491,591.0966224282002,300,엑센트,엑센트(신형),74,183745,1591,5,14,7,0,0,1,1,1,1,0,1,0,1,1,0,0,0,0,0,0,1,0,0,0,0,1,0,0,0,1,0,1
41608445,961.0961947258555,1620,마스터,마스터,38,77933,2299,3,7,0,0,0,0,1,0,0,0,0,0,0,0,0,0,0,0,1,0,0,0,1,0,0,1,0,0,0,0,1,0
39444514,1216.6792949027229,1699,EQ900,EQ900,0,179426,5038,5,10,8,1,1,1,1,1,1,1,1,1,1,0,0,1,0,0,0,0,1,0,0,0,0,0,1,0,0,1,0,1
40027972,1256.5223711085262,1090,렉스턴,렉스턴 스포츠,35,37185,2157,5,8,2,0,0,1,1,0,0,0,1,0,1,0,0,0,1,0,0,0,0,0,1,0,0,0,0,0,1,0,1,0
41424618,1124.3844256766104,1320,카니발,올 뉴 카니발,85,172151,2199,9,12,10,1,1,1,1,1,1,1,1,1,1,0,1,0,0,0,0,0,0,0,1,0,0,0,0,1,0,1,1,0
40905698,952.3521370538434,1450,K7,올 뉴 K7,12,95126,2359,5,7,11,1,1,1,1,1,1,1,1,1,1,0,1,0,0,0,0,0,1,0,0,0,0,0,1,0,0,1,0,1
40996900,820.6996852780783,880,SM6,SM6,20,65579,1997,5,9,11,0,1,1,1,1,1,1,1,1,1,0,0,0,0,0,1,0,1,0,0,0,0,1,0,0,0,1,0,1
41557827,653.1887112913419,270,SM7,SM7 New Art,21,161760,2349,5,17,0,0,1,1,1,1,1,1,1,0,1,0,0,0,0,0,1,0,1,0,0,0,0,0,0,1,0,1,0,1
41416358,923.0393528184499,1250,그랜저,그랜저 HG 하이브리드,27,73089,2359,5,11,4,0,0,1,1,1,1,1,1,0,1,1,0,0,0,0,0,0,0,1,0,0,0,0,1,0,0,1,0,1
39263397,1124.3844256766104,1190,카니발,올 뉴 카니발,85,117306,2199,9,10,3,0,0,1,1,1,1,1,1,1,1,0,1,0,0,0,0,0,0,0,1,0,0,1,0,0,0,1,1,0
41471425,930.193512170366,1620,쏘나타,쏘나타 (DN8),57,108261,1999,5,7,1,1,1,1,1,1,1,1,1,1,1,1,0,0,0,0,0,0,1,0,0,0,0,1,0,0,0,1,0,1
41445475,397.0685256503341,310,SM5,뉴SM5 플래티넘,19,164140,1998,5,12,2,0,0,1,1,1,1,0,1,0,1,0,0,0,0,0,1,0,1,0,0,0,0,0,0,1,0,1,0,1
41210495,1264.805265999821,1090,렉스턴,렉스턴 스포츠,35,172145,2157,5,8,0,0,0,1,1,0,1,1,1,0,1,0,0,0,1,0,0,0,0,0,1,0,0,0,0,1,0,1,1,0
41633936,1234.4350592827248,1490,코나,더 뉴 코나,91,23476,1598,5,4,21,0,0,1,1,0,1,0,1,0,1,1,0,0,0,0,0,0,1,0,0,0,0,0,0,1,0,1,1,0
37988789,814.5976259860029,799,말리부,올 뉴 말리부,40,123890,1490,5,9,4,0,1,1,1,1,1,0,1,1,1,0,0,0,0,1,0,0,1,0,0,0,0,0,0,0,1,1,0,1
41484205,963.6518467963097,1520,티볼리,베리 뉴 티볼리,105,76623,1497,5,4,1,0,1,1,1,0,1,1,1,1,1,0,0,0,1,0,0,0,1,0,0,0,0,1,0,0,0,1,1,0
41474116,539.6756970784525,440,스파크,스파크,54,79510,995,5,12,2,0,0,0,0,0,0,0,0,0,0,0,0,0,0,1,0,1,0,0,0,0,0,1,0,0,0,1,0,1
41027553,532.6342390295486,500,올란도,올란도,77,81072,1998,7,15,2,0,0,1,1,1,1,0,1,0,1,0,0,0,0,1,0,0,0,0,1,0,0,0,0,1,0,1,1,0
41119523,941.3889022900747,340,쏘나타,YF 쏘나타,57,135920,1998,5,16,9,1,0,1,1,1,1,1,1,0,1,1,0,0,0,0,0,0,1,0,0,0,0,1,0,0,0,1,0,1
40571702,989.5293758939163,1150,이쿼녹스,이쿼녹스,79,87661,1598,5,8,4,0,1,1,1,1,1,0,1,0,1,0,0,0,0,1,0,0,0,0,1,0,0,1,0,0,0,1,1,0
41247135,1279.501938066147,1520,트레일블레이저,트레일블레이저,104,94761,1341,5,4,8,0,0,0,1,1,1,1,0,0,1,0,0,0,0,1,0,0,1,0,0,0,0,0,0,0,1,1,1,0
40655755,817.29454516165,520,말리부,말리부,40,107544,1998,5,10,0,0,0,1,1,1,1,1,1,0,1,0,0,0,0,1,0,0,1,0,0,0,0,1,0,0,0,1,0,1
41476897,1264.805265999821,1099,렉스턴,G4 렉스턴,35,179933,2157,5,9,6,0,1,1,1,1,1,0,1,1,1,0,0,0,1,0,0,0,0,0,1,0,0,0,0,1,0,1,1,0
41572420,986.97541951879,450,K7,더 뉴 K7,12,236104,2999,5,12,10,0,0,1,1,1,1,1,1,0,1,0,1,0,0,0,0,1,0,0,0,0,0,0,1,0,0,1,0,1
41198294,1392.238226774805,1450,캐스퍼,캐스퍼,88,83779,998,4,4,5,0,0,1,1,1,1,1,1,1,1,1,0,0,0,0,0,0,1,0,0,0,0,1,0,0,0,1,0,1
41055280,833.2990788440546,730,코란도,코란도 스포츠,92,65811,1998,5,11,1,0,0,1,1,0,0,1,1,0,1,0,0,0,1,0,0,0,0,0,1,0,0,0,0,1,0,1,1,0
40315981,595.2633974775831,750,알페온,알페온,70,70150,2384,5,11,5,0,0,1,1,1,1,0,1,0,1,0,0,0,0,1,0,0,1,0,0,0,0,1,0,0,0,1,0,1
41596256,651.2405814198441,720,모닝,올 뉴 모닝 (JA),42,85358,998,5,8,9,0,0,1,1,0,0,1,1,0,1,0,1,0,0,0,0,0,1,0,0,0,0,1,0,0,0,1,0,1
41322234,939.4476745546895,1190,쏘울,쏘울 부스터,59,124254,1591,5,7,4,0,1,1,1,1,1,1,1,1,1,0,1,0,0,0,0,0,1,0,0,0,0,0,0,1,0,1,0,1
40200785,992.8099193332274,1480,스타렉스,더 뉴 그랜드 스타렉스,50,118127,2497,5,6,6,0,0,1,1,0,0,1,1,0,1,1,0,0,0,0,0,0,0,0,1,0,0,0,0,1,0,1,1,0
40681882,1124.3844256766104,360,카니발,카니발 R,85,218409,2199,11,14,10,1,0,1,1,1,1,1,1,0,1,0,1,0,0,0,0,0,0,0,1,0,0,0,1,0,0,1,1,0
41646780,1268.500618531749,1599,렉스턴,렉스턴 스포츠,35,157529,2157,5,6,1,0,1,1,1,0,1,1,1,1,1,0,0,0,1,0,0,0,0,0,1,0,0,0,0,1,0,1,1,0
41206383,800.0418365153032,750,트랙스,더 뉴 트랙스,103,87923,1362,5,7,5,0,0,1,1,0,1,0,1,0,1,0,0,0,0,1,0,0,1,0,0,0,0,1,0,0,0,1,1,0
41207191,967.6269960460112,780,티볼리,티볼리 에어,105,153306,1597,5,9,0,1,0,1,1,0,1,1,1,1,1,0,0,0,1,0,0,0,1,0,0,0,0,1,0,0,0,1,1,0
41057562,1304.167236686122,1530,QM6,더 뉴 QM6,17,119433,1998,5,5,0,0,1,1,1,1,1,1,1,1,1,0,0,0,0,0,1,1,0,0,0,0,0,0,0,1,0,1,1,0
40869432,947.3443649473054,1620,아반떼,아반떼 (CN7),62,81248,1598,5,5,5,0,0,1,1,1,1,1,1,1,1,1,0,0,0,0,0,0,1,0,0,0,0,0,1,0,0,1,0,1
41138005,816.6985223123376,910,트랙스,더 뉴 트랙스,103,36977,1362,5,9,7,0,0,1,1,0,1,1,1,0,1,0,0,0,0,1,0,0,1,0,0,0,0,1,0,0,0,1,1,0
41275317,483.19448616103887,220,SM3,뉴SM3,18,152166,1598,5,12,5,0,0,1,0,1,1,1,1,0,0,0,0,0,0,0,1,0,1,0,0,0,0,1,0,0,0,1,0,1
41391639,1122.21175713316,1290,카니발,올 뉴 카니발,85,232893,3342,9,10,2,0,1,1,1,1,1,1,1,1,1,0,1,0,0,0,0,0,1,0,0,0,0,0,1,0,0,1,1,0
41447557,731.3465116724439,870,에쿠스,에쿠스(신형),73,206694,5038,4,14,5,1,1,1,1,1,1,1,1,1,1,1,0,0,0,0,0,0,1,0,0,0,0,0,0,0,1,1,0,1
40986500,540.7524225826838,349,아베오,아베오 세단,63,73815,1598,5,13,8,0,0,1,1,0,0,1,1,0,1,0,0,0,0,1,0,0,1,0,0,0,0,0,0,1,0,1,0,1
41642702,895.5676356997402,1599,레이,더 뉴 기아 레이,34,9237,998,5,2,7,0,0,1,1,1,1,1,1,1,1,0,1,0,0,0,0,0,1,0,0,0,0,0,1,0,0,1,0,1
40513495,822.9294020283487,460,K5,K5,11,189390,1999,5,13,2,0,0,0,0,0,0,0,0,0,0,0,1,0,0,0,0,1,0,0,0,0,0,1,0,0,0,1,0,1
41271517,626.3422304996457,449,SM7,All New SM7,21,71393,3498,5,13,4,0,1,1,1,1,1,1,1,0,1,0,0,0,0,0,1,0,1,0,0,0,0,0,1,0,0,1,0,1
40154217,1244.946731648438,1351,G80,G80 (RG3),5,41959,2497,5,3,0,0,1,1,1,1,1,1,1,1,1,0,0,1,0,0,0,0,1,0,0,0,0,0,0,1,0,1,0,1
40575487,928.4206454774875,699,아반떼,더 뉴 아반떼,62,41591,1591,5,13,5,0,0,1,1,0,0,1,1,0,1,1,0,0,0,0,0,0,1,0,0,0,0,0,0,1,0,1,0,1
40334723,537.623042265147,599,올란도,올란도,77,115393,1998,7,11,4,0,0,1,1,1,1,1,1,0,1,0,0,0,0,1,0,1,0,0,0,0,0,0,0,1,0,1,1,0
41487379,521.1936913921791,930,스파크,더 뉴 스파크,54,47082,999,5,6,3,0,0,1,1,0,1,1,1,0,1,0,0,0,0,1,0,0,1,0,0,0,0,1,0,0,0,1,0,1
41643281,895.5676356997402,760,레이,더 뉴 레이,34,90121,998,2,5,4,0,0,1,1,0,0,0,1,0,0,0,1,0,0,0,0,0,1,0,0,0,0,1,0,0,0,1,0,1
41061235,967.6269960460112,1590,티볼리,베리 뉴 티볼리,105,52124,1497,5,6,0,0,1,1,1,1,1,1,1,1,1,0,0,0,1,0,0,0,1,0,0,0,0,1,0,0,0,1,1,0
41220162,807.4456798684994,470,SM6,SM6,20,138140,1997,5,10,2,0,0,1,1,1,1,1,1,1,1,0,0,0,0,0,1,0,1,0,0,0,0,1,0,0,0,1,0,1
41076997,905.6914320771383,1630,그랜저,그랜저 IG,27,111000,2999,5,7,2,0,1,1,1,1,1,1,1,1,1,1,0,0,0,0,0,0,1,0,0,0,0,0,1,0,0,1,0,1
41595695,820.6996852780783,850,SM6,SM6,20,110054,1997,5,10,0,0,1,1,1,1,1,1,1,0,1,0,0,0,0,0,1,0,1,0,0,0,0,0,1,0,0,1,0,1
40864334,992.8099193332274,549,스타렉스,그랜드 스타렉스,50,223890,2497,5,11,0,0,0,1,1,0,0,0,1,1,1,1,0,0,0,0,0,0,0,0,1,0,0,0,0,1,0,0,1,0
41603213,1027.800505582473,970,투싼,올 뉴 투싼,101,163434,1685,5,10,3,0,0,1,1,0,1,1,1,1,1,1,0,0,0,0,0,0,0,0,1,0,0,1,0,0,0,1,1,0
41439009,389.9312687325189,550,SM5,SM5 노바,19,129129,1998,5,8,9,0,0,1,1,1,0,0,1,0,1,0,0,0,0,0,1,1,0,0,0,0,0,0,1,0,0,1,0,1
41559894,1010.3075581570316,820,스타렉스,그랜드 스타렉스,50,202527,2497,12,10,2,0,0,1,1,0,0,1,1,0,1,1,0,0,0,0,0,0,0,0,1,0,0,1,0,0,0,1,1,0
41632038,967.6269960460112,899,티볼리,티볼리,105,64458,1597,5,10,6,0,0,1,1,0,1,1,1,1,1,0,0,0,1,0,0,0,1,0,0,0,0,1,0,0,0,1,1,0
41008562,778.9139391480519,1550,코란도,뷰티풀 코란도,92,81762,1497,5,4,0,0,1,1,1,1,1,1,1,1,1,0,0,0,1,0,0,0,1,0,0,0,0,0,1,0,0,1,1,0
40050008,815.5577089623855,690,i30,i30(신형),24,72239,1591,5,12,8,0,0,1,1,1,1,1,1,0,1,1,0,0,0,0,0,0,1,0,0,0,0,0,0,0,1,1,0,1
41491630,1050.1398208359376,1130,투싼,올 뉴 투싼,101,156550,1995,5,8,3,0,0,1,1,0,1,0,1,0,1,1,0,0,0,0,0,0,0,0,1,0,0,1,0,0,0,1,1,0
41555919,537.623042265147,960,올란도,올란도,77,69804,1998,7,9,0,0,0,1,1,1,1,1,1,0,1,0,0,0,0,1,0,1,0,0,0,0,0,1,0,0,0,1,1,0
41171777,963.6518467963097,1020,티볼리,티볼리 아머,105,78606,1597,5,8,3,0,1,1,1,0,1,1,1,1,1,0,0,0,1,0,0,0,1,0,0,0,0,0,0,0,1,1,1,0
41184706,830.7441133874026,600,코란도,코란도 스포츠,92,38307,1998,5,13,1,0,0,1,1,0,0,1,1,0,0,0,0,0,1,0,0,0,0,0,1,0,0,0,0,1,0,0,1,0
41374265,950.3037718506688,1199,쏘나타,LF 쏘나타,57,122579,1998,5,10,10,1,1,1,1,1,1,1,1,1,1,1,0,0,0,0,0,0,1,0,0,0,0,1,0,0,0,1,0,1
41058118,855.9619243526355,620,K3,K3 쿱,10,124396,1591,5,11,4,1,0,1,1,1,1,1,1,0,1,0,1,0,0,0,0,0,1,0,0,0,0,1,0,0,0,1,0,1
41460415,941.3889022900747,380,쏘나타,YF 쏘나타,57,105846,1998,5,16,9,0,0,1,0,1,1,0,1,0,1,1,0,0,0,0,0,0,1,0,0,0,0,1,0,0,0,1,0,1
41339741,816.6985223123376,650,트랙스,더 뉴 트랙스,103,149408,1362,5,9,5,0,0,1,1,0,1,0,1,0,1,0,0,0,0,1,0,0,1,0,0,0,0,0,0,1,0,1,1,0
41631064,930.193512170366,750,쏘나타,쏘나타 뉴 라이즈,57,194417,1999,5,9,1,0,0,1,1,0,0,1,1,0,1,1,0,0,0,0,0,1,0,0,0,0,0,0,0,1,0,1,0,1
41465925,867.4613543331805,369,제네시스,제네시스,81,191800,3342,5,16,0,1,1,1,1,1,0,1,1,0,1,1,0,0,0,0,0,0,1,0,0,0,0,0,1,0,0,1,0,1
41164658,1268.500618531749,1290,렉스턴,렉스턴 스포츠,35,188534,2157,5,7,2,0,0,1,1,0,1,1,1,0,1,0,0,0,1,0,0,0,0,0,1,0,0,0,0,1,0,1,1,0
41454279,455.50858679976017,210,SM3,뉴SM3,18,117141,1598,5,16,2,0,0,1,1,1,1,1,1,0,1,0,0,0,0,0,1,0,1,0,0,0,0,0,1,0,0,1,0,1
41485991,923.0393528184499,680,그랜저,그랜저 HG,27,146183,2359,5,12,0,1,1,1,1,1,1,1,1,1,1,1,0,0,0,0,0,0,1,0,0,0,0,0,1,0,0,1,0,1
41539152,1319.6151889790042,1350,QM6,QM6,17,64633,1995,5,8,1,0,0,1,1,1,1,1,1,1,1,0,0,0,0,0,1,0,0,0,1,0,0,1,0,0,0,1,1,0
41425803,905.6914320771383,1699,그랜저,더 뉴 그랜저 IG,27,150740,2999,5,5,1,1,1,1,1,1,1,1,1,0,1,1,0,0,0,0,0,1,0,0,0,0,0,1,0,0,0,1,0,1
40833857,1264.805265999821,1440,렉스턴,렉스턴 스포츠,35,140821,2157,5,8,4,0,1,1,1,1,1,1,1,1,1,0,0,0,1,0,0,0,0,0,1,0,0,0,0,1,0,1,1,0
41565994,1023.4311157213216,650,K7,더 뉴 K7,12,143292,2359,5,11,6,0,1,1,1,1,1,1,1,1,1,0,1,0,0,0,0,0,1,0,0,0,0,0,1,0,0,1,0,1
41085561,970.8411733726565,700,티볼리,티볼리,105,135879,1597,5,10,10,1,1,1,1,1,1,0,1,1,1,0,0,0,1,0,0,0,1,0,0,0,0,0,0,1,0,1,1,0
41511574,814.4268981028265,790,말리부,올 뉴 말리부,40,159854,1998,5,9,1,1,1,1,1,1,1,1,1,1,1,0,0,0,0,1,0,0,1,0,0,0,0,1,0,0,0,1,0,1
40677325,963.6518467963097,1230,티볼리,티볼리 에어,105,130850,1497,5,6,0,1,0,1,1,0,1,1,1,1,1,0,0,0,1,0,0,0,1,0,0,0,0,1,0,0,0,1,1,0
41637510,814.4268981028265,850,말리부,올 뉴 말리부,40,74636,1490,5,10,5,0,0,1,1,0,1,0,0,0,1,0,0,0,0,1,0,0,1,0,0,0,0,0,1,0,0,1,0,1
41437790,962.3768750735256,720,티볼리,티볼리,105,108510,1597,5,11,4,0,0,1,1,1,1,1,1,0,1,0,0,0,1,0,0,0,1,0,0,0,0,1,0,0,0,1,1,0
41564032,1390.1913990791177,1660,캐스퍼,캐스퍼,88,43922,998,4,4,0,1,0,1,1,1,1,1,1,1,1,1,0,0,0,0,0,0,1,0,0,0,0,1,0,0,0,1,0,1
41534470,962.3768750735256,670,티볼리,티볼리 에어,105,189944,1597,5,9,3,1,1,1,1,1,1,1,1,0,1,0,0,0,1,0,0,0,1,0,0,0,0,0,0,0,1,1,1,0
41516967,977.230670900442,499,쏘나타,YF 쏘나타,57,118267,1999,5,14,6,1,0,1,1,0,1,1,1,0,1,1,0,0,0,0,0,0,1,0,0,0,0,1,0,0,0,1,0,1
41551014,856.0406977686312,888,베라크루즈,베라크루즈,46,176780,2959,7,12,2,0,1,1,1,1,1,0,1,1,1,1,0,0,0,0,0,0,0,0,1,0,0,0,0,1,0,1,1,0
41012878,487.46355435797625,349,크루즈,어메이징 뉴 크루즈,95,99370,1796,5,11,2,1,0,1,1,1,1,1,1,0,1,0,0,0,0,1,0,0,1,0,0,0,0,1,0,0,0,1,0,1
41146220,814.5976259860029,580,말리부,말리부,40,103799,1998,5,10,9,0,1,1,1,1,1,0,1,0,1,0,0,0,0,1,0,0,1,0,0,0,0,1,0,0,0,1,0,1
41601271,813.3482474056841,1299,말리부,더 뉴 말리부,40,73045,1998,5,5,9,0,0,1,1,1,1,1,1,0,1,0,0,0,0,1,0,0,1,0,0,0,0,0,1,0,0,1,0,1
41615290,831.0491350121001,690,코란도,뉴코란도 C,92,100206,2157,5,10,5,0,1,1,1,1,1,1,1,1,1,0,0,0,1,0,0,0,0,0,1,0,0,0,0,1,0,1,1,0
41649368,778.9139391480519,790,코란도,더 뉴 코란도 스포츠,92,181873,2157,5,10,0,0,0,1,1,1,1,1,1,0,1,0,0,0,1,0,0,0,0,0,1,0,0,0,0,1,0,1,1,0
40163841,870.010476653311,575,제네시스,제네시스,81,192463,3342,5,13,12,0,1,1,1,1,1,1,1,1,1,1,0,0,0,0,0,0,1,0,0,0,0,0,1,0,0,1,0,1
41630695,950.3037718506688,599,쏘나타,쏘나타 더 브릴리언트,57,113963,1999,5,13,0,0,0,1,1,0,1,1,1,0,1,1,0,0,0,0,0,1,0,0,0,0,0,0,1,0,0,1,0,1
41383289,988.0567474787636,1230,스타렉스,그랜드 스타렉스,50,142336,2497,12,10,2,1,0,1,1,1,0,1,1,1,1,1,0,0,0,0,0,0,0,0,1,0,0,1,0,0,0,1,1,0
41589630,786.1911338740257,400,카렌스,뉴카렌스,86,74974,1998,7,14,19,0,0,1,0,0,0,0,1,0,1,0,1,0,0,0,0,1,0,0,0,0,0,0,0,1,0,1,1,0
41416822,748.3294020283487,1019,K5,더 뉴 K5 2세대,11,153950,1591,5,8,8,0,1,1,1,0,1,0,1,0,1,0,1,0,0,0,0,0,1,0,0,0,0,1,0,0,0,1,0,1
41398674,1057.082523447645,820,싼타페,싼타페 DM,56,140796,1995,7,11,5,0,0,1,1,1,1,1,1,0,1,1,0,0,0,0,0,0,0,0,1,0,0,0,0,1,0,1,1,0
41171772,711.2411628396882,570,QM3,QM3,15,117500,1461,5,11,1,0,0,1,1,1,1,1,1,0,0,0,0,0,0,0,1,0,0,0,1,0,0,1,0,0,0,1,1,0
41276788,905.6914320771383,490,그랜저,그랜저 HG,27,181075,2359,5,12,6,0,1,1,1,1,1,1,1,1,1,1,0,0,0,0,0,0,1,0,0,0,0,0,0,1,0,1,0,1
40463962,1379.3008305997773,1690,캐스퍼,캐스퍼,88,31043,998,4,4,0,0,0,1,1,1,1,1,1,1,1,1,0,0,0,0,0,0,1,0,0,0,0,0,0,0,1,1,0,1
41217726,963.6518467963097,1080,티볼리,티볼리 에어,105,85013,1597,5,7,4,1,0,1,1,0,1,1,1,1,1,0,0,0,1,0,0,0,0,0,1,0,0,1,0,0,0,1,1,0
40879100,1012.2538228903043,640,스타렉스,그랜드 스타렉스,50,116136,2497,5,16,12,0,0,1,0,0,0,0,0,0,1,1,0,0,0,0,0,0,0,0,1,0,0,0,0,1,0,1,1,0
41590753,986.97541951879,1099,K7,올 뉴 K7,12,123035,2999,5,10,2,0,0,0,0,0,0,0,0,0,0,0,1,0,0,0,0,1,0,0,0,0,0,0,1,0,0,1,0,1
41323627,597.2940892493505,370,알페온,알페온,70,64752,2997,5,16,14,0,1,1,1,1,1,1,1,1,1,0,0,0,0,1,0,0,1,0,0,0,0,0,0,1,0,1,0,1
41568468,1051.6974101665487,1380,싼타페,싼타페 더 프라임,56,96910,1995,5,9,4,0,1,1,1,1,1,1,1,1,1,1,0,0,0,0,0,0,0,0,1,0,0,0,0,0,1,1,1,0
41101876,487.46355435797625,320,크루즈,어메이징 뉴 크루즈,95,178918,1362,5,11,10,0,0,1,1,1,1,1,1,0,1,0,0,0,0,1,0,0,1,0,0,0,0,0,1,0,0,1,0,1
41528127,977.230670900442,899,쏘나타,LF 쏘나타,57,125267,1998,5,11,6,1,1,1,1,1,1,1,1,1,1,1,0,0,0,0,0,0,1,0,0,0,0,0,0,0,1,1,0,1
41415813,905.6914320771383,1520,그랜저,그랜저 IG,27,41119,2359,5,9,0,0,0,1,1,1,1,1,1,0,1,1,0,0,0,0,0,0,1,0,0,0,0,0,0,1,0,1,0,1
41552819,539.6756970784525,240,스파크,스파크,54,159731,995,5,12,6,0,0,1,1,0,1,1,0,0,1,0,0,0,0,1,0,0,1,0,0,0,0,0,0,1,0,0,0,1
41663737,1051.6974101665487,1090,싼타페,싼타페 더 프라임,56,159423,1995,5,9,10,0,0,1,1,1,1,1,1,1,1,1,0,0,0,0,0,0,0,0,1,0,0,0,1,0,0,1,1,0
41613265,930.193512170366,1499,쏘나타,쏘나타 하이브리드 (DN8),57,103975,1999,5,4,6,0,1,1,1,1,1,1,1,0,1,1,0,0,0,0,0,0,0,1,0,0,0,0,1,0,0,1,0,1
41636317,970.8411733726565,1190,티볼리,티볼리 아머,105,27185,1597,5,9,3,0,1,1,1,0,1,1,1,1,1,0,0,0,1,0,0,0,1,0,0,0,0,1,0,0,0,1,1,0
41615805,950.3037718506688,279,쏘나타,YF 쏘나타,57,146225,2000,5,16,11,0,0,1,1,1,1,1,1,1,1,1,0,0,0,0,0,0,1,0,0,0,0,0,1,0,0,1,0,1
41502886,820.6996852780783,950,SM6,SM6,20,78064,1997,5,10,8,1,1,1,1,1,1,1,1,1,1,0,0,0,0,0,1,0,1,0,0,0,0,0,0,1,0,1,0,1
41527895,916.1401938066147,1309,그랜저,그랜저 HG,27,107484,2199,5,12,3,1,1,1,1,1,1,1,1,1,1,1,0,0,0,0,0,0,0,0,1,0,0,0,1,0,0,1,0,1
41560671,736.7033647230726,670,QM3,QM3,15,129845,1461,5,8,8,0,0,1,1,1,1,1,1,0,1,0,0,0,0,0,1,0,0,0,1,0,0,1,0,0,0,1,1,0
41232382,970.8411733726565,1240,티볼리,티볼리 에어,105,32741,1597,5,8,2,0,0,1,1,0,1,1,1,0,1,0,0,0,1,0,0,0,1,0,0,0,0,0,0,1,0,1,1,0
41509849,1379.3008305997773,1570,캐스퍼,캐스퍼,88,54389,998,4,4,3,0,0,1,1,1,1,1,1,1,1,1,0,0,0,0,0,0,1,0,0,0,0,0,0,1,0,1,0,1
40622501,487.41627910745245,400,크루즈,어메이징 뉴 크루즈,95,125532,1362,5,10,2,0,0,1,1,0,0,1,1,0,1,0,0,0,0,1,0,0,1,0,0,0,0,1,0,0,0,1,0,1
41663513,907.2378156501135,1299,그랜저,그랜저 IG,27,151432,2359,5,9,2,0,1,1,1,1,1,1,1,1,1,1,0,0,0,0,0,0,1,0,0,0,0,0,1,0,0,1,0,1
41521303,870.010476653311,800,제네시스,제네시스 DH,81,264758,3778,5,11,2,0,1,1,1,1,1,1,1,1,1,1,0,0,0,0,0,0,1,0,0,0,0,0,1,0,0,1,0,1
41032442,928.4206454774875,1650,아반떼,아반떼 (CN7),62,65613,1598,5,5,4,0,1,1,1,1,1,1,1,1,1,1,0,0,0,0,0,0,1,0,0,0,0,0,0,0,1,1,0,1
41445215,521.1936913921791,650,스파크,더 넥스트 스파크,54,62982,999,5,10,4,1,0,1,1,1,1,0,1,0,1,0,0,0,0,1,0,0,1,0,0,0,0,1,0,0,0,1,0,1
40262862,947.3443649473054,790,아반떼,아반떼 AD,62,139144,1591,5,10,9,0,0,1,1,1,1,1,1,0,1,1,0,0,0,0,0,0,1,0,0,0,0,0,1,0,0,1,0,1
41258340,970.8411733726565,1470,티볼리,베리 뉴 티볼리,105,35628,1497,5,6,4,0,0,1,1,0,1,1,1,0,1,0,0,0,1,0,0,0,1,0,0,0,0,1,0,0,0,1,1,0
39269490,627.8556025815348,480,SM7,SM7 노바,21,125581,2495,5,12,0,0,0,1,1,1,1,1,1,0,1,0,0,0,0,0,1,0,1,0,0,0,0,0,1,0,0,1,0,1
41509398,768.0397857057295,955,트랙스,더 뉴 트랙스,103,101966,1362,5,8,0,0,1,1,1,0,1,0,1,0,1,0,0,0,0,1,0,0,1,0,0,0,0,1,0,0,0,1,1,0
40706785,659.0006532807237,890,모닝,올 뉴 모닝 (JA),42,85344,998,5,6,2,0,0,1,1,1,1,0,1,0,1,0,1,0,0,0,0,0,1,0,0,0,0,0,0,0,1,1,0,1
41351554,923.0393528184499,1200,그랜저,그랜저 IG,27,187825,2359,5,8,17,0,1,1,1,1,1,1,1,1,1,1,0,0,0,0,0,0,1,0,0,0,0,0,1,0,0,1,0,1
41608245,389.9312687325189,650,SM5,SM5 노바,19,70531,1998,5,9,3,0,0,1,1,0,0,1,1,0,1,0,0,0,0,0,1,1,0,0,0,0,0,0,1,0,0,1,0,1
41442938,1027.800505582473,1570,투싼,올 뉴 투싼,101,102402,1995,5,10,4,0,0,1,1,1,1,1,1,1,1,1,0,0,0,0,0,0,0,0,1,0,0,1,0,0,0,1,1,0
41485055,807.4456798684994,1050,SM6,SM6,20,39953,1998,5,7,4,0,0,1,1,1,1,1,1,0,1,0,0,0,0,0,1,1,0,0,0,0,0,0,1,0,0,1,0,1
41634630,800.0418365153032,670,트랙스,더 뉴 트랙스,103,131818,1362,5,10,5,0,0,1,1,0,1,1,1,0,1,0,0,0,0,1,0,0,1,0,0,0,0,0,0,1,0,1,1,0
40691432,967.6269960460112,1030,티볼리,티볼리 에어,105,45533,1597,5,7,1,0,0,1,1,0,0,1,1,0,1,0,0,0,1,0,0,0,0,0,1,0,0,1,0,0,0,1,1,0
41083994,521.1936913921791,259,스파크,스파크,54,160798,995,5,12,2,0,0,1,1,0,0,1,1,0,1,0,0,0,0,1,0,0,1,0,0,0,0,1,0,0,0,1,0,1
41108176,804.849667793527,749,SM6,SM6,20,123310,1997,5,10,7,1,1,1,1,1,1,1,1,1,1,0,0,0,0,0,1,0,1,0,0,0,0,0,1,0,0,1,0,1
41450065,1063.835755916017,890,아이오닉,아이오닉 일렉트릭,65,233652,78,5,9,6,0,1,1,1,1,1,1,1,1,1,1,0,0,0,0,0,0,0,0,0,1,0,1,0,0,0,1,0,1
41043688,1037.3051417342533,1395,투싼,올 뉴 투싼,101,95103,1995,5,11,2,0,1,1,1,1,1,1,1,1,1,1,0,0,0,0,0,0,0,0,1,0,0,1,0,0,0,1,1,0
41627359,1319.6151889790042,468,QM6,더 뉴 QM6,17,90247,1998,5,4,2,0,0,0,0,0,0,0,0,0,0,0,0,0,0,0,1,1,0,0,0,0,0,1,0,0,0,1,1,0
41473005,1264.805265999821,1640,렉스턴,렉스턴 스포츠,35,113441,2157,5,8,2,0,1,1,1,1,1,1,1,1,1,0,0,0,1,0,0,0,0,0,1,0,0,0,0,1,0,1,1,0
41223095,817.7357216322383,1280,말리부,올 뉴 말리부,40,53857,1998,5,9,4,1,1,1,1,1,1,1,1,1,1,0,0,0,0,1,0,0,1,0,0,0,0,0,0,1,0,1,0,1
41607265,1005.1859527579388,1490,투싼,올 뉴 투싼,101,93937,1598,5,8,11,1,1,1,1,1,1,1,1,1,1,1,0,0,0,0,0,0,0,0,1,0,0,1,0,0,0,1,1,0
41002264,813.3482474056841,830,말리부,올 뉴 말리부,40,34876,1490,5,10,13,0,0,1,1,1,1,0,1,0,1,0,0,0,0,1,0,0,1,0,0,0,0,1,0,0,0,1,0,1
41470836,867.5160324543092,1620,레이,더 뉴 기아 레이,34,42462,998,5,4,4,0,0,1,1,1,1,1,1,1,1,0,1,0,0,0,0,0,1,0,0,0,0,1,0,0,0,1,0,1
40767430,540.7524225826838,370,아베오,아베오 해치백,63,32654,1598,5,15,2,0,0,1,0,0,0,0,0,0,1,0,0,0,0,1,0,0,1,0,0,0,0,0,0,1,0,1,0,1
40724512,513.0735050708719,399,아베오,아베오 세단,63,55850,1362,5,12,5,0,0,1,1,0,0,0,1,0,1,0,0,0,0,1,0,0,1,0,0,0,0,0,0,1,0,1,0,1
41498287,941.3889022900747,1650,쏘나타,쏘나타 (DN8),57,179281,1598,5,6,0,1,1,1,1,1,1,1,1,1,1,1,0,0,0,0,0,0,1,0,0,0,0,0,1,0,0,1,0,1
41589108,793.5123984456893,630,코란도,코란도 스포츠,92,222877,1998,5,11,18,0,0,1,1,1,1,1,1,0,1,0,0,0,1,0,0,0,0,0,1,0,0,1,0,0,0,1,1,0
41663572,947.3443649473054,1200,아반떼,더 뉴 아반떼 AD,62,130000,1598,5,7,2,0,0,1,0,0,1,0,1,0,1,1,0,0,0,0,0,0,1,0,0,0,0,1,0,0,0,1,0,1
41534708,988.0567474787636,990,스타렉스,그랜드 스타렉스,50,119855,2497,5,13,2,0,0,1,0,0,0,0,1,1,1,1,0,0,0,0,0,0,0,0,1,0,0,1,0,0,0,1,1,0
41590763,739.1470101417436,1260,G90,G90 (RS4),6,83173,3470,5,4,2,0,1,1,1,1,1,1,1,1,1,0,0,1,0,0,0,0,1,0,0,0,0,0,1,0,0,1,0,1
41597394,943.9179347406766,1250,아반떼,더 뉴 아반떼 AD,62,77287,1598,5,7,4,0,0,1,1,1,1,1,1,0,1,1,0,0,0,0,0,0,1,0,0,0,0,1,0,0,0,1,0,1
41591139,716.7184387131722,888,GV80,GV80,9,82411,2996,5,4,2,0,1,1,1,1,1,1,1,1,1,0,0,1,0,0,0,0,0,0,1,0,0,0,1,0,0,1,1,0
41584065,1013.7211628396882,829,스포티지,더 뉴 스포티지 R,55,105428,1995,5,12,2,0,1,1,1,0,1,1,1,1,1,0,1,0,0,0,0,0,0,0,1,0,0,1,0,0,0,1,1,0
41436008,905.6914320771383,450,그랜저,그랜저 HG,27,269375,2999,5,12,5,0,0,1,1,1,1,1,1,0,1,1,0,0,0,0,0,1,0,0,0,0,0,0,0,1,0,1,0,1
41365428,987.5738331607303,930,스타렉스,그랜드 스타렉스,50,103268,2497,5,13,3,0,0,1,1,0,0,1,1,1,1,1,0,0,0,0,0,0,0,0,1,0,0,0,0,1,0,1,1,0
40693353,1001.0863434464768,1300,스포티지,스포티지 더 볼드,55,149147,1995,5,8,8,0,0,1,1,1,1,1,0,0,1,0,1,0,0,0,0,0,0,0,1,0,0,0,0,1,0,1,1,0
41292527,445.5898375614303,590,SM3,SM3 네오,18,65633,1598,5,11,11,0,0,1,1,1,1,1,1,0,0,0,0,0,0,0,1,0,1,0,0,0,0,0,0,1,0,1,0,1
41166651,941.3889022900747,1539,쏘나타,쏘나타 뉴 라이즈,57,64561,1999,5,9,1,1,0,1,1,1,1,1,1,0,1,1,0,0,0,0,0,0,1,0,0,0,0,1,0,0,0,1,0,1
41269530,967.6269960460112,920,티볼리,베리 뉴 티볼리,105,64133,1497,5,7,31,0,0,1,1,0,1,0,1,0,1,0,0,0,1,0,0,0,1,0,0,0,0,0,0,0,1,1,1,0
41357341,1153.1834208815528,1299,카니발,올 뉴 카니발,85,125053,3342,9,11,2,0,1,1,1,1,1,1,1,1,1,0,1,0,0,0,0,0,1,0,0,0,0,1,0,0,0,1,1,0
41390663,1079.3476259860029,850,싼타페,싼타페 DM,56,157359,1995,7,14,2,1,0,1,1,1,1,1,1,1,1,1,0,0,0,0,0,0,0,0,1,0,0,0,0,1,0,1,1,0
41275694,521.1936913921791,720,스파크,더 뉴 스파크,54,55973,999,5,8,2,0,0,1,1,0,1,1,1,0,1,0,0,0,0,1,0,0,1,0,0,0,0,0,0,1,0,1,0,1
41650057,1027.800505582473,520,투싼,투싼 ix,101,165608,1995,5,16,4,1,0,1,0,1,1,0,1,0,1,1,0,0,0,0,0,0,0,0,1,0,0,1,0,0,0,1,1,0
41127528,807.4456798684994,930,SM6,SM6,20,93707,1998,5,7,1,0,0,1,1,1,1,1,1,0,1,0,0,0,0,0,1,1,0,0,0,0,0,1,0,0,0,1,0,1
41551458,963.6518467963097,650,티볼리,티볼리,105,153893,1597,5,9,0,0,0,1,1,0,1,1,1,0,1,0,0,0,1,0,0,0,1,0,0,0,0,0,0,0,1,1,1,0
41642364,699.8705427989607,1192,G90,G90 (RS4),6,98158,3470,5,4,0,1,1,1,1,1,1,1,1,1,1,0,0,1,0,0,0,0,1,0,0,0,0,0,0,0,1,1,0,1
40423042,397.0685256503341,245,SM5,뉴SM5(신형),19,145731,1998,5,16,19,1,0,1,1,1,1,1,1,0,1,0,0,0,0,0,1,0,1,0,0,0,0,1,0,0,0,1,0,1
40643677,952.3521370538434,450,K7,더 프레스티지 K7,12,132697,2359,5,14,9,1,0,1,1,1,1,1,1,1,1,0,1,0,0,0,0,0,1,0,0,0,0,1,0,0,0,1,0,1
40940007,839.4157979994624,777,i30,i30 (PD),24,154602,1582,5,8,2,0,0,1,0,0,0,0,0,0,1,1,0,0,0,0,0,0,0,0,1,0,0,0,0,1,0,1,0,1
41500388,1105.0460061732351,1470,베뉴,베뉴,45,73389,1598,5,7,2,0,0,1,1,1,1,0,1,0,1,1,0,0,0,0,0,0,1,0,0,0,0,0,0,0,1,1,1,0
41218076,968.6868564277833,1240,쏘나타,쏘나타 뉴 라이즈 하이브리드,57,103580,1999,5,9,11,0,1,1,1,1,1,1,1,1,1,1,0,0,0,0,0,0,0,1,0,0,0,0,0,1,0,1,0,1
41421696,943.9179347406766,1630,아반떼,아반떼 (CN7),62,60599,1598,5,4,1,0,0,1,1,1,1,1,0,0,1,1,0,0,0,0,0,0,1,0,0,0,0,0,0,1,0,1,0,1
41295653,1152.9770278532783,1050,쏘렌토,올 뉴 쏘렌토,58,169508,1995,5,10,3,0,0,1,1,1,1,1,1,1,1,0,1,0,0,0,0,0,0,0,1,0,0,0,1,0,0,1,1,0
41644989,1012.2778089395711,440,K7,K7,12,163196,2656,5,16,10,0,1,1,1,1,1,1,1,1,1,0,1,0,0,0,0,0,1,0,0,0,0,0,1,0,0,1,0,1
40988778,628.8786338740257,279,마티즈,마티즈 크리에이티브,39,85838,995,5,15,18,0,0,1,1,1,0,1,1,0,1,0,0,0,0,1,0,0,1,0,0,0,0,0,0,0,1,1,0,1
41413604,977.230670900442,1100,쏘나타,LF 쏘나타,57,89315,1999,5,11,1,0,0,1,1,1,1,1,1,0,1,1,0,0,0,0,0,1,0,0,0,0,0,0,0,1,0,1,0,1
41602173,992.8099193332274,619,스타렉스,그랜드 스타렉스,50,164257,2497,5,16,2,0,0,1,1,0,0,1,1,0,1,1,0,0,0,0,0,0,0,0,1,0,0,1,0,0,0,1,1,0
40656658,535.0819292958388,278,스파크,스파크,54,118601,995,5,12,9,0,0,1,1,0,0,0,1,0,1,0,0,0,0,1,0,0,1,0,0,0,0,1,0,0,0,1,0,1
41605035,867.4613543331805,680,제네시스,제네시스,81,111822,3342,5,15,5,1,1,1,1,1,1,1,1,1,1,1,0,0,0,0,0,0,1,0,0,0,0,0,0,1,0,1,0,1
41570368,811.0980067611623,499,제네시스 쿠페,제네시스 쿠페,82,160034,1998,4,17,2,1,1,1,1,1,1,1,1,0,1,1,0,0,0,0,0,0,1,0,0,0,0,0,1,0,0,1,0,1
41649519,943.9179347406766,850,아반떼,더 뉴 아반떼,62,105437,1591,5,12,1,0,0,1,1,1,1,1,1,0,1,1,0,0,0,0,0,0,1,0,0,0,0,1,0,0,0,1,0,1
41642213,807.4456798684994,670,SM6,SM6,20,111322,1998,5,9,15,1,0,1,1,1,1,0,1,0,1,0,0,0,0,0,1,1,0,0,0,0,0,0,1,0,0,1,0,1
41630471,1234.4350592827248,1590,코나,코나,91,59341,1591,5,8,1,1,0,1,1,1,1,1,1,1,1,1,0,0,0,0,0,0,1,0,0,0,0,1,0,0,0,1,1,0
38631159,537.623042265147,670,올란도,올란도,77,118801,1998,5,8,14,0,0,1,1,0,1,1,1,0,1,0,0,0,0,1,0,1,0,0,0,0,0,1,0,0,0,1,1,0
41633279,928.4206454774875,990,아반떼,아반떼 AD,62,138091,1591,5,8,2,0,0,1,1,0,1,1,1,0,1,1,0,0,0,0,0,0,1,0,0,0,0,0,0,1,0,1,0,1
41365770,736.7033647230726,430,QM3,QM3,15,140283,1461,5,12,3,0,0,1,1,1,1,0,1,0,0,0,0,0,0,0,1,0,0,0,1,0,0,1,0,0,0,1,1,0
40856637,819.4078380887734,550,SM6,SM6,20,96998,1998,5,10,12,1,0,1,1,1,1,1,1,0,1,0,0,0,0,0,1,1,0,0,0,0,0,1,0,0,0,1,0,1
41541267,539.6756970784525,590,스파크,더 넥스트 스파크,54,82568,999,5,10,2,0,0,0,0,0,0,0,0,0,0,0,0,0,0,1,0,0,1,0,0,0,0,1,0,0,0,1,0,1
41261669,1010.3075581570316,820,스타렉스,그랜드 스타렉스,50,202348,2497,3,9,15,0,0,1,0,0,0,0,1,0,1,1,0,0,0,0,0,0,0,0,1,0,0,1,0,0,0,1,1,0
38290614,390.557300432829,230,SM5,뉴SM5 플래티넘,19,155912,1618,5,13,8,0,0,1,1,1,1,1,1,0,1,0,0,0,0,0,1,0,1,0,0,0,0,0,1,0,0,1,0,1
40629141,468.8263197140382,250,SM3,뉴SM3,18,77582,1598,5,15,8,0,0,0,1,0,0,1,0,0,0,0,0,0,0,0,1,0,1,0,0,0,0,0,0,1,0,1,0,1
41437974,1262.8915334685064,1150,코나,코나,91,144937,1582,5,9,0,0,0,1,1,0,1,1,1,0,1,1,0,0,0,0,0,0,0,0,1,0,0,1,0,0,0,1,1,0
40999935,992.8099193332274,1570,스타렉스,그랜드 스타렉스,50,42826,2497,5,10,2,0,0,1,1,0,0,1,1,0,1,1,0,0,0,0,0,0,0,0,1,0,0,0,0,1,0,1,1,0
41470281,967.6269960460112,650,티볼리,티볼리,105,132868,1597,5,11,10,0,1,1,1,1,1,1,1,1,1,0,0,0,1,0,0,0,0,0,1,0,0,0,0,0,1,1,1,0
41517124,905.6914320771383,650,그랜저,그랜저 HG 하이브리드,27,196480,2359,5,11,15,0,0,1,1,1,1,1,1,0,1,1,0,0,0,0,0,0,0,1,0,0,0,0,1,0,0,1,0,1
41113209,1125.2967759541912,1640,쏘렌토,올 뉴 쏘렌토,58,82138,2199,5,10,0,0,1,1,1,1,1,1,1,1,1,0,1,0,0,0,0,0,0,0,1,0,0,0,1,0,0,1,1,0
41428128,535.0819292958388,730,스파크,더 뉴 스파크,54,90583,999,5,8,0,0,0,1,1,0,1,1,1,0,1,0,0,0,0,1,0,0,1,0,0,0,0,0,0,1,0,1,0,1
41293084,1079.3476259860029,31,싼타페,싼타페 (MX5),56,32872,1598,7,1,0,1,1,1,1,1,1,1,1,1,1,1,0,0,0,0,0,0,0,1,0,0,0,0,0,0,1,1,1,0
41585372,991.4253131532465,1119,모하비,모하비,43,154479,2959,7,12,4,1,1,1,1,1,1,1,1,1,1,0,1,0,0,0,0,0,0,0,1,0,0,1,0,0,0,1,1,0
39786496,967.6269960460112,660,티볼리,티볼리 에어,105,168815,1597,5,8,4,0,0,1,1,0,1,1,1,0,1,0,0,0,1,0,0,0,0,0,1,0,0,1,0,0,0,1,1,0
41294322,1044.2984497031264,1458,모하비,더 뉴 모하비,43,160780,2959,5,10,7,1,1,1,1,1,1,1,1,1,1,0,1,0,0,0,0,0,0,0,1,0,0,0,0,1,0,1,1,0
41586147,1160.0663916769165,1250,맥스크루즈,맥스크루즈,41,95414,2199,6,12,5,0,1,1,1,1,1,1,1,1,1,1,0,0,0,0,0,0,0,0,1,0,0,0,0,1,0,1,1,0
41649440,1149.5032301102449,1249,셀토스,셀토스,49,164331,1598,5,5,0,0,0,1,1,1,1,1,1,1,1,0,1,0,0,0,0,0,0,0,1,0,0,1,0,0,0,1,1,0
41533084,947.3443649473054,470,아반떼,더 뉴 아반떼,62,146864,1582,5,12,12,0,0,1,1,1,0,1,1,0,1,1,0,0,0,0,0,0,0,0,1,0,0,0,1,0,0,1,0,1
41560972,867.4613543331805,1150,제네시스,제네시스 DH,81,217844,3778,5,11,2,1,1,1,1,1,1,1,1,1,1,1,0,0,0,0,0,0,1,0,0,0,0,1,0,0,0,1,0,1
41396062,778.9139391480519,499,코란도,코란도 투리스모,92,194311,1998,11,11,10,1,0,1,1,1,1,1,1,0,1,0,0,0,1,0,0,0,0,0,1,0,0,1,0,0,0,1,1,0
41194058,688.901938066147,380,캡티바,캡티바,90,145377,1998,7,13,11,0,0,1,1,1,1,1,1,0,1,0,0,0,0,1,0,0,0,0,1,0,0,1,0,0,0,1,1,0
41656161,1010.3075581570316,890,스타렉스,그랜드 스타렉스,50,111439,2497,5,13,9,0,0,1,1,0,0,1,1,1,1,1,0,0,0,0,0,0,0,0,1,0,0,0,0,1,0,1,1,0
40959820,1057.082523447645,1599,싼타페,싼타페 TM,56,141491,2199,7,7,4,0,0,1,1,1,1,1,1,1,1,1,0,0,0,0,0,0,0,0,1,0,0,0,0,0,1,1,1,0
41219609,817.7357216322383,700,말리부,올 뉴 말리부,40,119553,1490,5,10,3,0,0,1,1,1,1,0,1,0,1,0,0,0,0,1,0,0,1,0,0,0,0,1,0,0,0,1,0,1
41360498,787.1137560564567,460,트랙스,트랙스,103,102628,1362,5,11,16,0,0,1,1,0,0,0,1,0,1,0,0,0,0,1,0,0,1,0,0,0,0,1,0,0,0,1,1,0
41548126,511.37274562236945,760,스파크,더 뉴 스파크,54,52629,999,5,7,11,0,0,1,0,1,1,1,1,0,1,0,0,0,0,1,0,0,1,0,0,0,0,0,0,1,0,1,0,1
41356581,1251.1196295251596,1080,코나,코나,91,147210,1591,5,7,4,0,1,1,1,1,1,1,1,0,1,1,0,0,0,0,0,0,1,0,0,0,0,0,1,0,0,1,1,0
41285313,469.43562524615083,470,크루즈,어메이징 뉴 크루즈,95,139058,1362,5,10,2,1,0,1,1,1,1,1,1,0,1,0,0,0,0,1,0,0,1,0,0,0,0,1,0,0,0,1,0,1
41096319,1186.5352713994803,1400,베뉴,베뉴,45,75148,1598,5,6,13,0,0,1,1,1,1,1,1,0,1,1,0,0,0,0,0,0,1,0,0,0,0,0,1,0,0,1,1,0
41284802,1035.2811628396882,550,스포티지,스포티지 R,55,114399,1995,5,15,9,0,1,1,1,1,1,1,1,1,1,0,1,0,0,0,0,0,0,0,1,0,0,1,0,0,0,1,1,0
41291863,535.0819292958388,850,스파크,더 뉴 스파크,54,51042,999,5,6,3,0,0,1,1,1,1,0,1,0,1,0,0,0,0,1,0,0,1,0,0,0,0,1,0,0,0,1,0,1
41355475,943.9179347406766,670,아반떼,아반떼 AD,62,164540,1582,5,9,3,0,0,1,1,1,1,1,1,0,1,1,0,0,0,0,0,0,0,0,1,0,0,1,0,0,0,1,0,1
41174474,910.4589389790043,430,제네시스,제네시스,81,120449,3342,5,16,2,0,1,1,1,1,1,1,1,0,1,1,0,0,0,0,0,0,1,0,0,0,0,0,0,1,0,1,0,1
41032664,969.3889001833381,1690,티볼리,더 뉴 티볼리,105,14853,1597,5,3,0,0,0,1,1,0,0,0,0,0,0,0,0,0,1,0,0,0,1,0,0,0,0,0,1,0,0,1,1,0
41587589,831.0491350121001,440,코란도,뉴코란도 C,92,135964,1998,5,11,18,0,0,1,1,1,1,0,1,0,1,0,0,0,1,0,0,0,0,0,1,0,0,1,0,0,0,1,1,0
41610503,830.7441133874026,1220,코란도,더 뉴 코란도 스포츠,92,82052,2157,5,9,0,0,0,1,1,1,1,1,1,1,1,0,0,0,1,0,0,0,0,0,1,0,0,0,0,0,1,1,1,0
41268276,935.928526081858,460,그랜저,그랜저 HG,27,126436,2359,5,14,5,0,1,1,1,1,1,1,1,0,1,1,0,0,0,0,0,0,1,0,0,0,0,0,1,0,0,1,0,1
41422812,847.0020764994432,899,베라크루즈,베라크루즈,46,119516,2959,7,15,2,1,1,1,1,1,1,1,1,0,1,1,0,0,0,0,0,0,0,0,1,0,0,1,0,0,0,1,1,0
41524440,905.6914320771383,1530,그랜저,그랜저 IG,27,132519,2359,5,9,4,0,1,1,1,1,1,1,1,1,1,1,0,0,0,0,0,0,1,0,0,0,0,0,1,0,0,1,0,1
41234309,969.3889001833381,630,티볼리,티볼리 에어,105,166164,1597,5,10,1,1,0,1,1,0,1,1,1,0,1,0,0,0,1,0,0,0,0,0,1,0,0,1,0,0,0,1,1,0
41467021,907.2378156501135,899,그랜저,그랜저 HG,27,138571,2999,5,12,14,0,1,1,1,1,1,1,1,1,1,1,0,0,0,0,0,0,1,0,0,0,0,0,1,0,0,1,0,1
39846414,977.230670900442,560,쏘나타,LF 쏘나타,57,139886,1999,5,10,15,0,0,1,1,0,0,0,1,0,1,1,0,0,0,0,0,0,1,0,0,0,0,0,0,1,0,1,0,1
41138823,943.9179347406766,250,아반떼,아반떼 HD,62,153038,1591,5,17,6,0,0,0,1,0,0,1,0,0,1,1,0,0,0,0,0,0,1,0,0,0,0,1,0,0,0,1,0,1
41563654,511.37274562236945,599,스파크,더 넥스트 스파크,54,68365,999,5,10,0,0,0,1,1,0,0,1,1,0,1,0,0,0,0,1,0,0,1,0,0,0,0,1,0,0,0,1,0,1
41463670,778.9139391480519,690,코란도,더 뉴 코란도 스포츠,92,210869,2157,5,10,0,0,0,1,1,1,1,1,1,0,1,0,0,0,1,0,0,0,0,0,1,0,0,0,1,0,0,1,1,0
40999994,967.5024225826837,850,벨로스터,벨로스터 (JS),47,117372,1353,4,8,9,1,0,1,1,1,1,1,1,0,0,1,0,0,0,0,0,0,1,0,0,0,0,0,0,0,1,1,0,1
39549466,818.3774225826837,950,임팔라,임팔라,80,73263,2457,5,10,8,0,1,1,1,1,1,0,1,1,1,0,0,0,0,1,0,0,1,0,0,0,0,0,0,1,0,1,0,1
41379922,402.80707679553126,350,SM5,SM5 노바,19,200373,1998,5,9,5,0,0,1,1,0,0,1,1,0,1,0,0,0,0,0,1,1,0,0,0,0,0,1,0,0,0,1,0,1
41550472,761.0027686659243,420,i40,i40,25,236216,1685,5,13,7,0,0,1,1,1,1,1,1,1,1,1,0,0,0,0,0,0,0,0,1,0,0,1,0,0,0,1,0,1
40068361,969.3889001833381,1420,티볼리,베리 뉴 티볼리,105,30111,1497,5,6,1,0,0,1,1,0,1,1,1,0,1,0,0,0,1,0,0,0,1,0,0,0,0,1,0,0,0,1,1,0
41616241,1140.0622436461417,1650,넥쏘,넥쏘,28,34486,113,5,6,0,0,1,1,1,1,1,1,1,1,1,1,0,0,0,0,0,0,0,0,0,0,1,1,0,0,0,1,1,0
41446079,905.6914320771383,630,그랜저,그랜저 HG,27,215435,2199,5,11,14,1,1,1,1,1,1,1,1,1,1,1,0,0,0,0,0,0,0,0,1,0,0,0,1,0,0,1,0,1
41483477,1273.33407874339,1680,G80,G80,5,55579,3342,5,9,13,0,1,1,1,1,1,1,1,1,1,0,0,1,0,0,0,0,1,0,0,0,0,0,0,1,0,1,0,1
41602106,704.8228682442713,600,모닝,더 뉴 모닝,42,83087,998,5,10,8,0,0,1,1,0,1,1,1,0,1,0,1,0,0,0,0,0,1,0,0,0,0,0,0,0,1,1,0,1
41642148,1247.5118753613704,1440,XM3,XM3,23,41012,1598,5,6,2,0,0,0,0,0,0,0,0,0,0,0,0,0,0,0,1,0,1,0,0,0,0,1,0,0,0,1,1,0
41568683,905.6914320771383,470,그랜저,그랜저 HG,27,153746,2359,5,13,6,0,0,1,1,1,1,1,1,0,1,1,0,0,0,0,0,0,1,0,0,0,0,0,1,0,0,1,0,1
41643200,941.3889022900747,1590,쏘나타,쏘나타 (DN8),57,57688,1999,5,5,8,0,1,1,1,0,1,0,1,0,1,1,0,0,0,0,0,1,0,0,0,0,0,0,1,0,0,1,0,1
40511208,389.9312687325189,290,SM5,뉴SM5 플래티넘,19,113293,1998,5,12,7,0,0,0,0,0,0,1,1,0,1,0,0,0,0,0,1,0,1,0,0,0,0,0,0,1,0,1,0,1
41636930,804.849667793527,1000,SM6,SM6,20,51253,1997,5,10,0,1,0,1,1,1,1,0,1,0,1,0,0,0,0,0,1,0,1,0,0,0,0,0,1,0,0,1,0,1
40590237,469.43562524615083,330,크루즈,크루즈,95,77363,1796,5,13,9,0,0,1,1,0,1,1,1,0,1,0,0,0,0,1,0,0,1,0,0,0,0,0,0,1,0,1,0,1
41592772,928.4206454774875,1420,아반떼,아반떼 (CN7),62,64449,1598,5,6,11,1,0,1,1,1,1,0,1,1,1,1,0,0,0,0,0,0,1,0,0,0,0,0,0,0,1,1,0,1
41570334,874.0501334751542,970,레이,더 뉴 레이,34,55193,998,5,5,1,0,0,1,1,0,0,1,0,0,0,0,1,0,0,0,0,0,1,0,0,0,0,1,0,0,0,1,0,1
41414037,907.2378156501135,1680,그랜저,더 뉴 그랜저 IG,27,137727,2999,5,6,2,0,0,0,0,0,0,0,0,0,0,1,0,0,0,0,0,1,0,0,0,0,0,1,0,0,0,1,0,1
40993124,970.8411733726565,539,티볼리,티볼리,105,137476,1597,5,11,4,0,0,1,1,0,0,1,0,0,1,0,0,0,1,0,0,0,1,0,0,0,0,0,0,0,1,1,1,0
41523223,793.5123984456893,590,코란도,코란도 스포츠,92,98800,1998,5,13,2,0,0,1,0,0,0,0,1,0,0,0,0,0,1,0,0,0,0,0,1,0,0,0,0,0,1,1,1,0
41652028,923.0393528184499,870,그랜저,그랜저 HG,27,67491,2359,5,11,2,0,1,1,1,1,1,1,1,0,1,1,0,0,0,0,0,0,1,0,0,0,0,0,1,0,0,1,0,1
41370680,923.0393528184499,970,그랜저,그랜저 IG,27,179587,2999,5,8,8,0,1,1,1,1,1,1,1,1,1,1,0,0,0,0,0,0,1,0,0,0,0,0,0,1,0,1,0,1
39460832,535.0819292958388,590,스파크,더 넥스트 스파크,54,91559,999,5,11,2,0,0,1,1,1,1,0,1,0,1,0,0,0,0,1,0,0,1,0,0,0,0,1,0,0,0,1,0,1
40934470,1229.585755916017,1550,트레일블레이저,트레일블레이저,104,70936,1341,5,6,4,1,1,1,1,1,1,0,1,1,1,0,0,0,0,1,0,0,1,0,0,0,0,0,1,0,0,1,1,0
41630963,833.2990788440546,530,코란도,뉴 스타일 코란도 C,92,138910,2157,5,9,10,0,0,1,0,1,1,0,1,0,1,0,0,0,1,0,0,0,0,0,1,0,0,1,0,0,0,1,1,0
41449990,992.8099193332274,1549,스타렉스,더 뉴 그랜드 스타렉스,50,80786,2497,3,7,4,0,0,1,1,0,0,1,1,0,1,1,0,0,0,0,0,0,0,0,1,0,0,0,0,1,0,1,1,0
40691786,936.9062313760018,1450,아반떼,더 뉴 아반떼 AD,62,75687,1598,5,8,1,0,1,1,1,1,1,1,1,0,1,1,0,0,0,0,0,0,1,0,0,0,0,1,0,0,0,1,0,1
40987273,1304.167236686122,1049,QM6,QM6,17,114314,1997,5,8,4,1,0,1,1,1,1,1,1,0,1,0,0,0,0,0,1,0,1,0,0,0,0,0,1,0,0,1,1,0
40479474,989.3890878449547,1690,볼트,볼트 EV,48,25347,188,5,6,11,0,1,1,1,1,1,0,1,0,1,0,0,0,0,1,0,0,0,0,0,1,0,1,0,0,0,1,0,1
41449056,804.849667793527,1340,SM6,SM6,20,47979,1998,5,7,0,0,1,1,1,1,1,1,1,1,1,0,0,0,0,0,1,1,0,0,0,0,0,0,0,1,0,1,0,1
41396313,813.3482474056841,360,말리부,말리부,40,131636,1998,5,11,21,1,1,1,1,1,1,0,1,0,1,0,0,0,0,1,0,0,1,0,0,0,0,0,1,0,0,1,0,1
41518639,947.3443649473054,850,아반떼,아반떼 AD,62,85807,1591,5,10,15,0,0,1,1,0,1,1,1,0,1,1,0,0,0,0,0,0,1,0,0,0,0,0,0,1,0,1,0,1
41450403,736.7033647230726,890,QM3,뉴QM3,15,79768,1461,5,8,4,0,1,1,1,1,1,1,1,0,1,0,0,0,0,0,1,0,0,0,1,0,0,1,0,0,0,1,1,0
41525411,1057.082523447645,811,싼타페,싼타페 DM,56,149049,1995,5,13,3,0,0,1,1,1,1,1,1,1,1,1,0,0,0,0,0,0,0,0,1,0,0,1,0,0,0,1,1,0
41065531,521.1936913921791,320,스파크,스파크,54,52217,995,5,14,2,0,0,1,1,0,0,1,1,0,1,0,0,0,0,1,0,0,1,0,0,0,0,0,0,0,1,1,0,1
41647618,1125.2967759541912,1470,쏘렌토,올 뉴 쏘렌토,58,99767,1995,7,11,3,0,1,1,1,1,1,1,1,1,1,0,1,0,0,0,0,0,0,0,1,0,0,1,0,0,0,1,1,0
41225201,814.5976259860029,1130,말리부,더 뉴 말리부,40,103357,1598,5,7,2,0,1,1,1,1,1,0,1,1,1,0,0,0,0,1,0,0,0,0,1,0,0,0,1,0,0,1,0,1
41631299,1309.1947392425673,1389,QM6,더 뉴 QM6,17,71727,1998,5,7,4,0,0,1,1,1,1,1,1,0,1,0,0,0,0,0,1,1,0,0,0,0,0,0,0,1,0,1,1,0
41268289,785.0881784987009,240,액티언,액티언 스포츠,71,210860,1998,5,16,3,0,0,1,0,0,0,0,1,0,0,0,0,0,1,0,0,0,0,0,1,0,0,1,0,0,0,1,1,0
39962288,539.6756970784525,350,스파크,스파크,54,94668,995,5,15,11,0,0,1,1,0,0,1,1,0,1,0,0,0,0,1,0,0,1,0,0,0,0,0,0,0,1,1,0,1
40887877,802.5490122794023,680,트랙스,트랙스,103,75171,1598,5,10,0,1,0,1,1,0,0,0,1,0,1,0,0,0,0,1,0,0,0,0,1,0,0,1,0,0,0,1,1,0
41608216,1098.0705427989606,1000,볼트,볼트 EV,48,249431,174,5,8,1,0,1,1,1,1,1,0,1,0,0,0,0,0,0,1,0,0,0,0,0,1,0,1,0,0,0,1,0,1
41649029,977.230670900442,1530,쏘나타,쏘나타 (DN8),57,105697,1999,5,5,2,0,1,1,1,1,1,1,1,1,1,1,0,0,0,0,0,0,1,0,0,0,0,0,0,1,0,1,0,1
41247991,1051.6974101665487,1650,싼타페,싼타페 TM,56,129080,1995,5,8,11,0,1,1,1,1,1,1,1,1,1,1,0,0,0,0,0,0,0,0,1,0,0,0,0,1,0,1,1,0
41223389,1024.6264535496102,1190,스포티지,스포티지 4세대,55,104943,1995,5,10,18,0,0,1,1,0,1,1,1,0,1,0,1,0,0,0,0,0,0,0,1,0,0,0,0,1,0,1,1,0
41467759,1257.9607752264587,1699,G80,G80,5,144525,3778,5,10,3,0,1,1,1,1,1,1,1,1,1,0,0,1,0,0,0,0,1,0,0,0,0,0,0,1,0,1,0,1
41613454,1259.5072485972,1230,G80,G80,5,208760,3342,5,9,6,0,1,1,1,1,1,1,1,1,1,0,0,1,0,0,0,0,1,0,0,0,0,0,0,1,0,1,0,1
40730611,819.4078380887734,480,SM6,SM6,20,151974,1997,5,10,2,0,0,0,0,0,0,0,0,0,0,0,0,0,0,0,1,0,1,0,0,0,0,0,0,1,0,1,0,1
41550094,1050.1398208359376,970,투싼,뉴 투싼 ix,101,43391,1995,5,12,0,0,0,1,1,0,1,1,1,0,1,1,0,0,0,0,0,0,0,0,1,0,0,0,0,1,0,1,1,0
40838747,390.5605814198441,590,SM5,SM5 노바,19,65718,1998,5,8,14,0,0,1,1,1,1,0,1,1,1,0,0,0,0,0,1,0,1,0,0,0,0,1,0,0,0,1,0,1
41397134,867.5160324543092,700,레이,레이,34,150175,998,5,9,8,0,0,1,1,1,1,0,1,0,1,0,1,0,0,0,0,0,1,0,0,0,0,0,1,0,0,1,0,1
41108475,570.8143169370128,329,QM5,뉴QM5,16,155258,1995,5,13,4,0,0,1,0,1,1,0,1,0,1,0,0,0,0,0,1,0,0,0,1,0,0,0,0,1,0,1,1,0
41309161,723.7884711060512,1050,QM3,뉴QM3,15,43877,1461,5,8,7,1,1,1,1,1,1,1,1,0,1,0,0,0,0,0,1,0,0,0,1,0,0,1,0,0,0,1,1,0
41291728,720.4474668211502,990,QM3,뉴QM3,15,67383,1461,5,7,1,0,1,1,1,1,1,0,1,0,1,0,0,0,0,0,1,0,0,0,1,0,0,1,0,0,0,1,1,0
41037118,916.1401938066147,1570,그랜저,그랜저 IG,27,83546,2999,5,10,3,0,0,1,1,1,1,1,1,1,1,1,0,0,0,0,0,0,1,0,0,0,0,0,0,1,0,1,0,1
41620247,1023.2941085597921,720,K7,더 뉴 K7,12,110092,2359,5,11,4,0,0,1,1,1,1,1,1,1,1,0,1,0,0,0,0,0,1,0,0,0,0,0,1,0,0,1,0,1
41233267,830.7441133874026,189,코란도,코란도 C,92,161914,1998,5,15,2,1,0,1,1,1,1,0,1,0,1,0,0,0,1,0,0,0,0,0,1,0,0,1,0,0,0,1,1,0
41613606,970.8411733726565,1330,티볼리,베리 뉴 티볼리,105,82057,1497,5,7,8,0,1,1,1,0,1,1,1,1,1,0,0,0,1,0,0,0,1,0,0,0,0,1,0,0,0,1,1,0
38650741,487.41627910745245,350,크루즈,크루즈,95,189741,1998,5,12,4,1,0,1,1,0,1,0,1,0,1,0,0,0,0,1,0,0,0,0,1,0,0,1,0,0,0,1,0,1
41302551,952.3521370538434,1530,K7,올 뉴 K7 하이브리드,12,86638,2359,5,8,7,0,1,1,1,1,1,1,1,1,1,0,1,0,0,0,0,0,0,1,0,0,0,1,0,0,0,1,0,1
41027543,787.1137560564567,700,트랙스,더 뉴 트랙스,103,123964,1362,5,9,1,0,0,1,1,0,1,0,1,0,1,0,0,0,0,1,0,0,1,0,0,0,0,1,0,0,0,1,1,0
41218035,553.7149246371913,469,올란도,올란도,77,124080,1998,7,15,2,1,0,1,1,1,1,1,1,0,1,0,0,0,0,1,0,1,0,0,0,0,0,0,0,1,0,1,1,0
39471043,535.0819292958388,440,스파크,더 넥스트 스파크,54,122050,999,5,10,9,0,0,1,0,0,0,0,1,0,1,0,0,0,0,1,0,0,1,0,0,0,0,0,0,0,1,1,0,1
41115782,535.0819292958388,750,스파크,더 뉴 스파크,54,59840,999,5,6,3,0,0,1,1,0,1,0,1,0,1,0,0,0,0,1,0,0,1,0,0,0,0,1,0,0,0,1,0,1
41624556,947.3443649473054,1130,아반떼,더 뉴 아반떼 AD,62,100905,1598,5,7,12,0,0,1,1,1,1,1,1,0,1,1,0,0,0,0,0,0,1,0,0,0,0,1,0,0,0,1,0,1
41511642,905.6914320771383,730,그랜저,그랜저 HG,27,130010,2359,5,12,10,0,0,1,1,1,1,1,1,0,1,1,0,0,0,0,0,0,1,0,0,0,0,1,0,0,0,1,0,1
41463003,659.0006532807237,210,모닝,뉴모닝,42,95616,999,5,18,6,0,0,0,1,0,0,0,1,0,1,0,1,0,0,0,0,0,1,0,0,0,0,0,0,1,0,1,0,1
41535942,582.3662791811096,299,아베오,아베오 세단,63,97069,1598,5,13,3,0,0,1,1,0,0,1,1,0,1,0,0,0,0,1,0,0,1,0,0,0,0,0,0,1,0,1,0,1
40799617,943.9179347406766,1650,아반떼,아반떼 (CN7),62,68754,1598,5,5,16,0,1,1,1,1,1,1,1,1,1,1,0,0,0,0,0,0,1,0,0,0,0,0,0,0,1,1,0,1
41358829,1012.2538228903043,730,스타렉스,그랜드 스타렉스,50,159461,2497,3,13,3,0,0,1,0,0,0,0,1,0,1,1,0,0,0,0,0,0,0,0,1,0,0,0,0,1,0,1,1,0
41636830,1044.2984497031264,780,모하비,모하비,43,177817,2959,7,15,8,0,1,1,1,1,1,0,1,1,1,0,1,0,0,0,0,0,0,0,1,0,0,0,0,1,0,1,1,0
41560432,852.0527265859381,499,K3,K3,10,160103,1591,5,12,2,1,0,1,1,1,1,1,1,0,1,0,1,0,0,0,0,0,1,0,0,0,0,1,0,0,0,1,0,1
41312658,907.2378156501135,1070,그랜저,그랜저 IG,27,184594,2359,5,8,6,0,1,1,1,1,1,1,1,1,1,1,0,0,0,0,0,0,1,0,0,0,0,0,0,1,0,1,0,1
41159238,704.8228682442713,325,모닝,올 뉴 모닝,42,154197,998,5,12,2,0,0,1,0,0,0,0,1,0,1,0,1,0,0,0,0,0,1,0,0,0,0,0,0,0,1,1,0,1
41596434,802.5490122794023,1020,트랙스,더 뉴 트랙스,103,68115,1362,5,6,0,0,0,1,1,0,1,0,1,0,1,0,0,0,0,1,0,0,1,0,0,0,0,0,1,0,0,1,1,0
41243835,947.3443649473054,745,아반떼,더 뉴 아반떼,62,103154,1591,5,11,2,0,0,1,1,1,1,1,1,0,1,1,0,0,0,0,0,0,1,0,0,0,0,0,0,1,0,1,0,1
41631214,1301.2282984354893,1660,QM6,더 뉴 QM6,17,82752,1998,5,5,0,0,1,1,1,1,1,1,1,1,1,0,0,0,0,0,1,1,0,0,0,0,0,1,0,0,0,1,1,0
40832040,895.5676356997402,450,레이,레이,34,90041,998,5,14,2,0,0,1,0,0,0,0,1,0,1,0,1,0,0,0,0,0,1,0,0,0,0,1,0,0,0,1,0,1
40997305,988.0567474787636,1650,스타렉스,더 뉴 그랜드 스타렉스,50,82001,2497,5,7,4,0,0,1,1,0,0,1,1,1,1,1,0,0,0,0,0,0,0,0,1,0,0,0,1,0,0,1,1,0
40276760,483.19448616103887,220,SM3,SM3 네오,18,91566,1598,5,12,7,0,0,0,0,0,0,0,0,0,0,0,0,0,0,0,1,0,1,0,0,0,0,0,0,1,0,1,0,1
40717800,958.3689219985828,1650,마스터,마스터,38,107401,2299,3,6,10,0,0,1,1,0,0,1,0,0,1,0,0,0,0,0,1,0,0,0,1,0,0,0,0,1,0,0,1,0
40977355,977.230670900442,1080,쏘나타,쏘나타 뉴 라이즈,57,90251,1685,5,9,4,0,0,1,1,1,1,0,1,0,1,1,0,0,0,0,0,0,0,0,1,0,0,0,0,1,0,1,0,1
40665953,1210.4595446246751,1640,XM3,XM3,23,28930,1332,5,6,2,0,1,1,1,1,1,1,1,0,1,0,0,0,0,0,1,0,1,0,0,0,0,0,0,1,0,1,1,0
39461219,820.6996852780783,840,SM6,SM6,20,102643,1997,5,10,1,0,0,1,1,1,1,0,1,0,1,0,0,0,0,0,1,0,1,0,0,0,0,1,0,0,0,1,0,1
40406814,988.0567474787636,589,스타렉스,그랜드 스타렉스,50,258972,2497,5,12,4,0,0,1,0,0,0,0,1,1,1,1,0,0,0,0,0,0,0,0,1,0,0,0,0,1,0,1,1,0
41392266,831.0491350121001,290,코란도,코란도 투리스모,92,205793,1998,9,12,20,0,0,1,0,1,1,0,1,0,1,0,0,0,1,0,0,0,0,0,1,0,0,0,0,0,1,1,1,0
40977967,627.8556025815348,630,SM7,SM7 노바,21,159297,1998,5,9,7,0,1,1,1,1,1,1,1,1,1,0,0,0,0,0,1,1,0,0,0,0,0,0,0,1,0,1,0,1
41624172,907.2378156501135,500,그랜저,그랜저 HG,27,144422,2999,5,13,10,0,0,1,1,1,1,1,1,1,1,1,0,0,0,0,0,0,1,0,0,0,0,0,1,0,0,1,0,1
40879915,1387.528585305339,1690,캐스퍼,캐스퍼,88,41303,998,4,4,1,1,0,1,1,1,1,1,1,1,1,1,0,0,0,0,0,0,1,0,0,0,0,0,0,1,0,1,0,1
41616169,817.7357216322383,1630,말리부,더 뉴 말리부,40,31961,1341,5,5,1,0,0,1,1,1,1,0,1,0,1,0,0,0,0,1,0,0,1,0,0,0,0,0,0,1,0,1,0,1
40562994,1244.946731648438,1450,G80,G80,5,134979,3342,5,10,16,0,1,1,1,1,1,1,1,1,1,0,0,1,0,0,0,0,1,0,0,0,0,0,0,1,0,1,0,1
41650264,535.0819292958388,888,스파크,더 뉴 스파크,54,46476,999,5,8,2,0,0,0,0,0,0,0,0,0,0,0,0,0,0,1,0,0,1,0,0,0,0,0,0,1,0,1,0,1
41563822,1247.5118753613704,1220,XM3,XM3,23,150168,1332,5,6,2,0,1,1,1,1,1,1,1,1,1,0,0,0,0,0,1,0,1,0,0,0,0,1,0,0,0,1,1,0
41424625,734.8122924754482,280,i40,i40 살룬,25,310609,1685,5,14,2,0,0,1,1,1,1,1,1,0,1,1,0,0,0,0,0,0,0,0,1,0,0,1,0,0,0,1,0,1
41485606,1014.8324651358752,1390,투싼,올 뉴 투싼,101,104034,1685,5,8,3,0,1,1,1,1,1,1,1,1,1,1,0,0,0,0,0,0,0,0,1,0,0,0,1,0,0,1,1,0
41575725,905.6914320771383,720,그랜저,그랜저 HG,27,151100,2999,5,13,9,1,1,1,1,1,1,1,1,1,1,1,0,0,0,0,0,0,1,0,0,0,0,0,1,0,0,1,0,1
41426718,947.3443649473054,1190,아반떼,더 뉴 아반떼 (CN7),62,122442,1591,5,2,12,0,1,1,1,1,1,0,0,0,1,1,0,0,0,0,0,1,0,0,0,0,0,1,0,0,0,1,0,1
41402061,905.6914320771383,799,그랜저,그랜저 HG,27,132305,2359,5,9,2,0,0,1,1,1,1,1,1,1,1,1,0,0,0,0,0,0,1,0,0,0,0,0,1,0,0,1,0,1
41571488,870.010476653311,1390,제네시스,제네시스 DH,81,88567,3342,5,11,14,0,1,1,1,1,1,1,1,1,1,1,0,0,0,0,0,0,1,0,0,0,0,0,1,0,0,1,0,1
41278128,483.19448616103887,290,SM3,뉴SM3,18,67835,1598,5,16,3,0,0,1,0,1,1,0,1,0,1,0,0,0,0,0,1,0,1,0,0,0,0,0,0,1,0,1,0,1
41358872,992.8099193332274,350,스타렉스,그랜드 스타렉스,50,429407,2497,3,14,4,0,0,1,0,0,0,0,1,0,1,1,0,0,0,0,0,0,0,0,1,0,0,0,0,1,0,1,1,0
41565236,711.2411628396882,700,QM3,QM3,15,116341,1461,5,9,0,0,0,1,1,1,1,0,1,0,1,0,0,0,0,0,1,0,0,0,1,0,0,1,0,0,0,1,1,0
41286058,1124.3844256766104,1549,카니발,올 뉴 카니발,85,186603,2199,7,11,1,0,1,1,1,1,1,1,1,1,1,0,1,0,0,0,0,0,0,0,1,0,0,0,1,0,0,1,1,0
41017960,936.2255262529029,1450,아반떼,아반떼 (CN7),62,96208,1598,5,4,6,0,0,1,1,1,1,1,1,0,1,1,0,0,0,0,0,0,1,0,0,0,0,1,0,0,0,1,0,1
40333177,1122.21175713316,995,카니발,올 뉴 카니발,85,169701,2199,9,11,3,1,1,1,1,1,1,1,1,1,1,0,1,0,0,0,0,0,0,0,1,0,0,0,0,1,0,1,1,0
41033162,935.928526081858,390,그랜저,그랜저 HG,27,185723,2999,5,15,9,0,0,1,1,1,1,1,1,0,1,1,0,0,0,0,0,1,0,0,0,0,0,0,1,0,0,1,0,1
41299357,935.928526081858,850,그랜저,그랜저 HG,27,52475,2359,5,13,1,0,0,1,1,1,1,1,1,0,1,1,0,0,0,0,0,0,1,0,0,0,0,0,1,0,0,1,0,1
40457478,588.7951083442899,480,QM5,QM5 네오,16,186609,1998,5,11,7,1,1,1,1,1,1,1,1,0,1,0,0,0,0,0,1,0,1,0,0,0,0,1,0,0,0,1,1,0
40373123,535.0819292958388,530,스파크,더 넥스트 스파크,54,98055,999,5,10,3,0,0,1,1,0,0,0,1,0,1,0,0,0,0,1,0,0,1,0,0,0,0,1,0,0,0,1,0,1
40893104,969.3889001833381,600,티볼리,티볼리 아머,105,168887,1597,5,8,7,0,0,1,1,0,1,1,1,0,1,0,0,0,1,0,0,0,0,0,1,0,0,1,0,0,0,1,1,0
41521444,473.05967855859427,380,크루즈,크루즈,95,57009,1998,5,12,6,0,0,1,1,0,1,1,1,0,1,0,0,0,0,1,0,0,0,0,1,0,0,0,1,0,0,1,0,1
41190047,535.0819292958388,430,스파크,더 넥스트 스파크,54,139192,999,5,9,8,0,0,1,1,0,0,1,1,0,1,0,0,0,0,1,0,0,1,0,0,0,0,0,0,1,0,1,0,1
41570462,916.1401938066147,1380,그랜저,그랜저 IG,27,120709,2999,5,9,7,0,0,1,1,1,1,1,1,1,1,1,0,0,0,0,0,0,1,0,0,0,0,0,1,0,0,1,0,1
41378676,793.2511181150848,470,K3,K3,10,140284,1591,5,14,6,0,0,1,1,1,1,1,1,0,1,0,1,0,0,0,0,0,1,0,0,0,0,1,0,0,0,1,0,1
41637648,814.4268981028265,330,말리부,말리부,40,183239,1956,5,11,0,1,0,1,1,1,1,0,1,0,1,0,0,0,0,1,0,0,0,0,1,0,0,0,0,1,0,1,0,1
40763587,868.079571411459,649,K3,K3,10,83504,1591,5,13,2,1,0,1,1,1,1,1,1,0,1,0,1,0,0,0,0,0,1,0,0,0,0,1,0,0,0,1,0,1
40793721,968.6868564277833,870,쏘나타,LF 쏘나타,57,111965,1591,5,11,8,0,1,1,1,1,1,1,1,0,1,1,0,0,0,0,0,0,1,0,0,0,0,1,0,0,0,1,0,1
41558792,923.0393528184499,1180,그랜저,그랜저 IG,27,174805,2999,5,9,2,0,0,1,1,1,1,1,1,1,1,1,0,0,0,0,0,1,0,0,0,0,0,0,0,1,0,1,0,1
40328456,699.989762412874,480,모닝,올 뉴 모닝,42,74322,998,5,12,6,0,0,1,0,0,0,0,1,0,1,0,1,0,0,0,0,0,1,0,0,0,0,1,0,0,0,1,0,1
41292995,845.8008944920679,360,K5,K5,11,133060,1998,5,15,17,0,0,0,0,0,1,1,1,0,1,0,1,0,0,0,0,0,1,0,0,0,0,0,0,1,0,1,0,1
41620448,675.9280793327559,459,캡티바,캡티바,90,82311,2231,7,15,0,1,0,1,1,1,0,1,1,0,1,0,0,0,0,1,0,0,0,0,1,0,0,0,0,1,0,1,1,0
41637973,1309.1947392425673,1630,QM6,QM6,17,69634,1997,5,8,0,1,1,1,1,1,1,1,1,1,1,0,0,0,0,0,1,0,1,0,0,0,0,0,0,1,0,1,1,0
41340854,935.928526081858,1300,그랜저,그랜저 IG,27,54652,2999,5,9,10,0,0,1,1,1,1,1,1,1,1,1,0,0,0,0,0,1,0,0,0,0,0,0,1,0,0,1,0,1
41178865,935.928526081858,555,그랜저,그랜저 HG,27,271627,2199,5,11,14,0,0,1,1,1,1,1,1,1,1,1,0,0,0,0,0,0,0,0,1,0,0,0,1,0,0,1,0,1
41466328,748.3294020283487,1050,K5,K5 2세대,11,107999,1999,5,9,7,0,1,1,1,1,1,1,1,0,1,0,1,0,0,0,0,0,1,0,0,0,0,1,0,0,0,1,0,1
41056302,895.5676356997402,480,레이,레이,34,163178,998,5,14,13,0,0,1,1,0,0,1,1,0,1,0,1,0,0,0,0,0,1,0,0,0,0,0,0,0,1,1,0,1
41515504,469.43562524615083,250,크루즈,크루즈,95,133419,1796,5,14,0,0,0,1,1,0,0,0,1,0,0,0,0,0,0,1,0,0,1,0,0,0,0,0,0,1,0,1,0,1
40678074,626.3422304996457,899,SM7,All New SM7,21,85873,2495,5,15,5,1,0,1,1,1,1,1,1,0,1,0,0,0,0,0,1,0,1,0,0,0,0,0,1,0,0,1,0,1
41423159,817.29454516165,690,말리부,올 뉴 말리부,40,135198,1490,5,9,7,0,0,1,1,1,1,0,1,0,1,0,0,0,0,1,0,0,1,0,0,0,0,0,0,1,0,1,0,1
41266731,962.3768750735256,1690,티볼리,베리 뉴 티볼리,105,32543,1497,5,5,0,0,1,1,1,0,1,0,1,1,1,0,0,0,1,0,0,0,1,0,0,0,0,1,0,0,0,1,1,0
41396516,947.3443649473054,599,아반떼,더 뉴 아반떼,62,157669,1591,5,12,7,0,1,1,1,1,1,0,1,1,1,1,0,0,0,0,0,0,1,0,0,0,0,1,0,0,0,1,0,1
39443598,467.5515672751364,730,크루즈,올 뉴 크루즈,95,79029,1399,5,9,6,1,0,1,1,1,1,0,0,0,1,0,0,0,0,1,0,0,1,0,0,0,0,0,0,1,0,1,0,1
41544523,1005.1859527579388,660,투싼,투싼 ix,101,112266,1995,5,14,5,1,0,1,1,1,1,1,1,1,1,1,0,0,0,0,0,0,0,0,1,0,0,1,0,0,0,1,1,0
41621297,659.0006532807237,460,모닝,올 뉴 모닝,42,136639,998,5,13,5,0,0,1,1,0,1,1,1,0,1,0,1,0,0,0,0,0,1,0,0,0,0,0,0,1,0,1,0,1
40802404,923.0393528184499,1170,그랜저,그랜저 IG 하이브리드,27,211327,2359,5,8,4,0,1,1,1,1,1,1,1,1,1,1,0,0,0,0,0,0,0,1,0,0,0,0,0,1,0,1,0,1
41430740,780.500937773942,1199,K5,더 뉴 K5 2세대,11,157331,1999,5,7,10,1,1,1,1,1,1,1,1,1,1,0,1,0,0,0,0,0,1,0,0,0,0,1,0,0,0,1,0,1
41330636,511.37274562236945,1050,스파크,더 뉴 스파크,54,29801,999,5,4,2,0,0,0,0,0,0,0,0,0,0,0,0,0,0,1,0,0,1,0,0,0,0,1,0,0,0,1,0,1
41005242,992.8099193332274,740,스타렉스,그랜드 스타렉스,50,85575,2497,12,13,8,0,0,1,1,0,0,1,1,0,1,1,0,0,0,0,0,0,0,0,1,0,0,0,0,0,1,1,1,0
41624135,968.6868564277833,760,쏘나타,LF 쏘나타,57,118637,1999,5,10,14,0,0,1,1,0,1,1,1,0,1,1,0,0,0,0,0,0,1,0,0,0,0,0,0,1,0,1,0,1
40437514,970.8411733726565,1290,티볼리,티볼리 에어,105,95911,1497,5,6,2,0,1,1,1,0,1,1,1,1,1,0,0,0,1,0,0,0,1,0,0,0,0,1,0,0,0,1,1,0
41612284,943.9179347406766,1690,아반떼,아반떼 (CN7),62,39229,1598,5,4,6,0,0,1,1,1,1,1,1,1,1,1,0,0,0,0,0,0,1,0,0,0,0,0,1,0,0,1,0,1
40846536,1198.965116369793,1120,베뉴,베뉴,45,163513,1598,5,6,5,0,1,1,1,1,1,1,1,0,1,1,0,0,0,0,0,0,1,0,0,0,0,0,0,0,1,1,1,0
41573063,469.43562524615083,520,크루즈,어메이징 뉴 크루즈,95,57778,1796,5,10,0,0,0,1,1,0,0,1,1,0,0,0,0,0,0,1,0,0,1,0,0,0,0,0,0,1,0,1,0,1
41145550,987.5738331607303,1460,스타렉스,그랜드 스타렉스,50,114378,2497,11,11,0,0,0,1,1,1,0,1,1,1,1,1,0,0,0,0,0,0,0,0,1,0,0,0,1,0,0,1,1,0
37731923,653.1887112913419,570,SM7,SM7 노바,21,184943,1998,5,11,2,0,0,1,1,1,1,1,1,1,1,0,0,0,0,0,1,1,0,0,0,0,0,0,0,1,0,1,0,1
41617641,1121.333920626105,1290,카니발,올 뉴 카니발,85,146461,2199,9,10,0,1,0,1,1,1,1,1,1,1,1,0,1,0,0,0,0,0,0,0,1,0,0,0,0,1,0,1,1,0
41611948,1084.4388555279147,1230,카니발,올 뉴 카니발,85,105611,2199,9,11,1,1,0,1,1,1,1,1,1,1,1,0,1,0,0,0,0,0,0,0,1,0,0,1,0,0,0,1,1,0
40777697,923.0393528184499,1260,그랜저,그랜저 IG,27,123805,2999,5,9,20,0,1,1,1,1,1,1,1,1,1,1,0,0,0,0,0,1,0,0,0,0,0,1,0,0,0,1,0,1
41446863,1262.8915334685064,1198,코나,코나,91,162256,1591,5,6,5,0,0,1,1,1,1,1,1,1,1,1,0,0,0,0,0,0,1,0,0,0,0,1,0,0,0,1,1,0
41416125,1002.3890878449547,1690,캡처,캡처,89,60185,1332,5,5,0,0,1,1,1,1,1,1,1,0,1,0,0,0,0,0,1,0,1,0,0,0,0,1,0,0,0,1,1,0
40789230,1379.3008305997773,1490,캐스퍼,캐스퍼,88,25422,998,4,2,1,0,0,1,0,0,1,0,1,1,1,1,0,0,0,0,0,0,1,0,0,0,0,0,0,1,0,1,0,1
41649773,886.0914963836809,920,제네시스,제네시스,81,109387,3342,5,13,7,0,1,1,1,1,1,1,1,1,1,1,0,0,0,0,0,0,1,0,0,0,0,1,0,0,0,1,0,1
41551633,1236.8774225826837,1320,트레일블레이저,트레일블레이저,104,119959,1341,5,6,10,0,0,0,1,1,1,1,1,0,1,0,0,0,0,1,0,0,1,0,0,0,0,1,0,0,0,1,1,0
41401030,793.5123984456893,650,코란도,뉴코란도 C,92,77755,1998,5,11,2,0,0,1,1,1,1,1,1,0,1,0,0,0,1,0,0,0,0,0,1,0,0,0,0,1,0,1,1,0
41093480,1037.3051417342533,1090,투싼,올 뉴 투싼,101,79606,1685,5,11,8,0,0,1,1,1,1,1,1,0,1,1,0,0,0,0,0,0,0,0,1,0,0,0,0,1,0,1,1,0
41491275,888.0529070992204,600,아슬란,아슬란,64,217384,3342,5,11,4,0,1,1,1,1,1,1,1,1,1,1,0,0,0,0,0,0,1,0,0,0,0,0,1,0,0,1,0,1
37542179,402.80707679553126,379,SM5,SM5 노바,19,116255,1998,5,11,8,0,0,1,1,0,0,1,1,0,1,0,0,0,0,0,1,1,0,0,0,0,0,0,0,1,0,1,0,1
41610910,935.928526081858,680,그랜저,그랜저 HG,27,114040,2359,5,11,15,1,1,1,1,1,1,1,1,0,1,1,0,0,0,0,0,0,1,0,0,0,0,1,0,0,0,1,0,1
38009431,626.3422304996457,499,SM7,SM7 노바,21,148331,1998,5,11,10,0,0,1,1,1,1,1,1,0,1,0,0,0,0,0,1,1,0,0,0,0,0,0,0,1,0,1,0,1
41303476,1010.3075581570316,699,스타렉스,그랜드 스타렉스,50,146542,2497,12,11,5,0,0,1,1,0,0,1,1,0,1,1,0,0,0,0,0,0,0,0,1,0,0,0,0,0,1,1,1,0
41025955,1044.2984497031264,1290,모하비,모하비,43,137553,2959,7,11,0,1,1,1,1,1,1,1,1,1,1,0,1,0,0,0,0,0,0,0,1,0,0,0,0,1,0,1,1,0
41440633,672.6380015602682,288,모닝,더 뉴 모닝 (JA),42,5,998,5,1,2,0,0,1,1,1,1,1,1,1,1,0,1,0,0,0,0,0,1,0,0,0,0,1,0,0,0,1,0,1
41638042,1319.6151889790042,1670,QM6,더 뉴 QM6,17,95507,1998,5,4,1,0,1,1,1,1,1,1,1,1,1,0,0,0,0,0,1,1,0,0,0,0,0,0,0,1,0,1,1,0
41599597,935.928526081858,419,그랜저,그랜저 HG,27,197084,2999,5,15,13,1,1,1,1,1,1,1,1,1,1,1,0,0,0,0,0,0,1,0,0,0,0,0,0,0,1,1,0,1
41530483,1256.713002151279,1380,코나,코나 일렉트릭,91,199339,356,5,6,2,1,1,1,1,1,1,1,1,1,1,1,0,0,0,0,0,0,0,0,0,1,0,1,0,0,0,1,1,0
41648514,1105.0460061732351,1460,베뉴,베뉴,45,106527,1598,5,7,2,0,1,1,1,1,1,1,1,0,1,1,0,0,0,0,0,0,1,0,0,0,0,0,0,0,1,1,1,0
41567428,820.6996852780783,720,SM6,SM6,20,99870,1997,5,9,21,0,0,1,1,1,1,1,1,1,1,0,0,0,0,0,1,0,1,0,0,0,0,1,0,0,0,1,0,1
40226284,535.0819292958388,310,스파크,스파크,54,65042,995,5,12,17,0,0,1,1,0,0,1,1,0,1,0,0,0,0,1,0,0,1,0,0,0,0,0,0,1,0,1,0,1
41624861,1001.0863434464768,1050,스포티지,스포티지 4세대,55,96400,1685,5,8,2,0,0,0,0,0,0,0,0,0,0,0,1,0,0,0,0,0,0,0,1,0,0,0,0,1,0,1,1,0
41420698,778.9139391480519,1550,코란도,뷰티풀 코란도,92,73646,1497,5,6,1,0,0,1,1,1,1,1,1,1,1,0,0,0,1,0,0,0,1,0,0,0,0,1,0,0,0,1,1,0
41656458,397.0685256503341,270,SM5,뉴SM5(신형),19,107541,1998,5,16,8,0,0,1,1,1,1,1,1,0,1,0,0,0,0,0,1,0,1,0,0,0,0,0,1,0,0,1,0,1
41596404,553.7149246371913,420,올란도,올란도,77,145870,1998,7,11,9,0,0,1,1,0,0,1,0,0,0,0,0,0,0,1,0,1,0,0,0,0,0,0,1,0,0,1,1,0
41583393,1037.3051417342533,730,투싼,투싼 ix,101,98235,1995,5,13,0,0,0,1,1,1,1,1,1,0,1,1,0,0,0,0,0,0,0,0,1,0,0,1,0,0,0,1,1,0
41256588,553.7149246371913,880,올란도,올란도,77,85208,1998,7,9,2,0,0,0,0,0,0,0,0,0,0,0,0,0,0,1,0,1,0,0,0,0,0,0,0,0,1,1,1,0
41648750,659.0006532807237,200,모닝,뉴모닝,42,114016,999,5,18,1,0,0,1,1,1,0,1,1,0,1,0,1,0,0,0,0,0,1,0,0,0,0,0,0,1,0,1,0,1
41570566,731.2047804071187,1095,에쿠스,에쿠스(신형),73,160239,3778,5,12,2,1,1,1,1,1,1,1,1,1,1,1,0,0,0,0,0,0,1,0,0,0,0,0,1,0,0,1,0,1
41329847,1035.3350952116489,1499,쏘렌토,올 뉴 쏘렌토,58,153827,2199,5,10,1,0,1,1,1,1,1,1,1,1,1,0,1,0,0,0,0,0,0,0,1,0,0,0,0,1,0,1,1,0
39831643,916.1401938066147,1570,그랜저,그랜저 IG,27,141515,2999,5,8,0,0,1,1,1,1,1,1,1,1,1,1,0,0,0,0,0,0,1,0,0,0,0,0,0,1,0,1,0,1
41438250,444.45152312654096,449,SM3,SM3 네오,18,121158,1598,5,10,3,1,0,1,1,1,1,0,1,0,1,0,0,0,0,0,1,0,1,0,0,0,0,1,0,0,0,1,0,1
41509692,699.989762412874,550,모닝,더 뉴 모닝,42,83165,998,5,11,6,0,0,1,0,0,1,0,1,0,1,0,1,0,0,0,0,0,1,0,0,0,0,0,0,0,1,1,0,1
41308176,1304.167236686122,1049,QM6,QM6,17,116424,1997,5,9,3,0,0,1,1,1,1,1,1,1,1,0,0,0,0,0,1,0,1,0,0,0,0,0,0,1,0,1,1,0
41634488,1259.5072485972,1344,G80,G80 (RG3),5,32567,3470,5,2,2,0,1,1,1,1,1,1,1,1,1,0,0,1,0,0,0,0,1,0,0,0,0,1,0,0,0,1,0,1
41215632,1240.6033095126206,1670,G80,G80,5,95973,3342,5,9,0,0,1,1,1,1,1,1,1,1,1,0,0,1,0,0,0,0,1,0,0,0,0,0,1,0,0,1,0,1
41272846,511.37274562236945,250,스파크,스파크,54,89300,995,5,14,9,0,0,1,0,0,0,0,1,0,1,0,0,0,0,1,0,0,1,0,0,0,0,1,0,0,0,1,0,1
41561817,868.079571411459,570,K3,K3,10,127647,1591,5,13,14,0,0,1,1,1,1,1,1,0,1,0,1,0,0,0,0,0,1,0,0,0,0,0,1,0,0,1,0,1
40562076,870.010476653311,720,제네시스,제네시스,81,111898,3342,5,15,8,0,1,1,1,1,1,1,1,1,1,1,0,0,0,0,0,0,1,0,0,0,0,0,0,1,0,1,0,1
41352783,793.5123984456893,1350,코란도,뷰티풀 코란도,92,70957,1597,5,7,0,0,0,1,0,0,1,0,1,0,1,0,0,0,1,0,0,0,0,0,1,0,0,1,0,0,0,1,1,0
40920665,842.1279070156255,550,K5,더 뉴 K5,11,161916,1999,5,12,7,0,0,1,1,0,1,0,0,0,1,0,1,0,0,0,0,1,0,0,0,0,0,1,0,0,0,1,0,1
40190164,694.7399022097059,260,프라이드,프라이드(신형),110,129820,1599,5,16,14,0,0,1,1,1,0,1,1,0,1,0,1,0,0,0,0,0,1,0,0,0,0,1,0,0,0,1,0,1
40069652,817.29454516165,800,말리부,올 뉴 말리부,40,139300,1490,5,9,11,0,1,1,1,1,1,1,1,1,1,0,0,0,0,1,0,0,1,0,0,0,0,0,0,0,1,1,0,1
41241821,1072.7523168570258,950,싼타페,싼타페 DM,56,145529,1995,5,11,4,1,1,1,1,1,1,1,1,1,1,1,0,0,0,0,0,0,0,0,1,0,0,1,0,0,0,1,1,0
41138378,969.3889001833381,950,티볼리,베리 뉴 티볼리,105,61647,1497,5,7,2,0,0,1,1,0,0,0,0,0,0,0,0,0,1,0,0,0,1,0,0,0,0,0,0,0,1,1,1,0
41647662,943.9179347406766,1490,아반떼,아반떼 하이브리드 (CN7),62,97649,1580,5,4,2,0,0,1,0,1,0,0,0,0,1,1,0,0,0,0,0,0,0,1,0,0,0,1,0,0,0,1,0,1
41569622,711.2411628396882,890,QM3,뉴QM3,15,99143,1461,5,7,11,1,1,1,1,1,1,1,1,0,1,0,0,0,0,0,1,0,0,0,1,0,0,1,0,0,0,1,1,0
41612558,830.7441133874026,580,코란도,코란도 투리스모,92,138392,2157,9,10,0,1,0,1,1,1,1,0,1,0,1,0,0,0,1,0,0,0,0,0,1,0,0,1,0,0,0,1,1,0
40817392,804.849667793527,690,SM6,SM6,20,139450,1998,5,10,8,0,0,1,1,1,1,1,1,1,1,0,0,0,0,0,1,1,0,0,0,0,0,0,0,1,0,1,0,1
41089106,992.8099193332274,1050,스타렉스,더 뉴 그랜드 스타렉스,50,175148,2497,3,8,10,0,0,1,1,0,0,1,0,0,1,1,0,0,0,0,0,0,0,0,1,0,0,0,0,1,0,1,1,0
39944005,467.5515672751364,720,크루즈,올 뉴 크루즈,95,83929,1399,5,9,9,0,0,1,1,1,1,0,1,0,1,0,0,0,0,1,0,0,1,0,0,0,0,0,0,1,0,1,0,1
41242751,802.5490122794023,550,트랙스,트랙스,103,125031,1362,5,11,9,0,0,1,1,0,0,1,1,0,1,0,0,0,0,1,0,0,1,0,0,0,0,1,0,0,0,1,1,0
40715718,529.273314565499,920,올란도,올란도,77,61019,1998,7,9,5,0,0,1,1,1,1,1,1,0,1,0,0,0,0,1,0,1,0,0,0,0,0,0,0,1,0,1,1,0
39707734,1264.805265999821,1570,렉스턴,G4 렉스턴,35,106373,2157,5,8,0,0,1,1,1,0,1,1,1,1,1,0,0,0,1,0,0,0,0,0,1,0,0,0,1,0,0,1,1,0
41265677,738.768125999083,670,카렌스,올 뉴 카렌스,86,66304,1685,5,12,2,0,0,1,1,0,0,1,1,0,1,0,1,0,0,0,0,0,0,0,1,0,0,0,0,1,0,1,1,0
41651481,1050.1398208359376,487,투싼,투싼 ix,101,183352,1995,5,14,4,0,0,1,1,0,1,1,1,0,1,1,0,0,0,0,0,0,0,0,1,0,0,0,0,1,0,1,1,0
40724319,830.0406977686312,770,임팔라,임팔라,80,75097,2457,5,11,2,0,0,1,1,1,1,0,1,0,1,0,0,0,0,1,0,0,1,0,0,0,0,0,1,0,0,1,0,1
40835648,831.0491350121001,650,코란도,코란도 투리스모,92,141183,2157,9,10,8,1,1,1,1,1,1,1,1,0,1,0,0,0,1,0,0,0,0,0,1,0,0,0,1,0,0,1,1,0
41622548,809.9140873524058,899,SM6,SM6,20,88039,1998,5,9,4,0,0,1,1,1,1,1,1,0,1,0,0,0,0,0,1,1,0,0,0,0,0,0,1,0,0,1,0,1
41407642,988.0567474787636,1070,스타렉스,그랜드 스타렉스,50,156200,2497,3,9,2,0,0,1,1,0,0,1,1,0,1,1,0,0,0,0,0,0,0,0,1,0,0,1,0,0,0,1,1,0
40512542,831.0491350121001,750,코란도,코란도 스포츠,92,109696,1998,5,12,5,0,0,1,1,0,0,0,1,0,1,0,0,0,1,0,0,0,0,0,1,0,0,0,0,1,0,1,1,0
41506825,861.2387142343771,978,K9,더 뉴 K9,14,151131,3342,5,12,5,0,1,1,1,1,1,1,1,1,1,0,1,0,0,0,0,0,1,0,0,0,0,0,1,0,0,1,0,1
41642612,962.3768750735256,885,티볼리,티볼리 아머,105,115111,1597,5,7,13,1,1,1,1,0,1,1,1,1,1,0,0,0,1,0,0,0,0,0,1,0,0,1,0,0,0,1,1,0
41303115,935.928526081858,1370,그랜저,그랜저 IG,27,120274,2359,5,9,0,0,1,1,1,1,1,1,1,1,1,1,0,0,0,0,0,0,1,0,0,0,0,1,0,0,0,1,0,1
41429784,1153.1834208815528,1250,카니발,올 뉴 카니발,85,150853,2199,9,11,8,0,0,1,1,1,1,1,1,1,1,0,1,0,0,0,0,0,0,0,1,0,0,0,1,0,0,1,1,0
41283015,820.6996852780783,440,SM6,SM6,20,210414,1997,5,10,12,0,0,1,1,1,1,1,1,1,1,0,0,0,0,0,1,0,1,0,0,0,0,0,1,0,0,1,0,1
41168967,962.3768750735256,1545,티볼리,베리 뉴 티볼리,105,19528,1497,5,3,2,0,0,1,1,1,1,1,1,1,1,0,0,0,1,0,0,0,1,0,0,0,0,1,0,0,0,1,1,0
40786305,688.901938066147,440,캡티바,캡티바,90,120620,2231,5,11,4,1,0,1,1,1,1,1,1,0,1,0,0,0,0,1,0,0,0,0,1,0,0,1,0,0,0,1,1,0
41181643,675.9280793327559,349,캡티바,캡티바,90,190958,1998,7,13,1,0,0,1,1,0,1,0,1,0,1,0,0,0,0,1,0,0,0,0,1,0,0,1,0,0,0,1,1,0
41022582,455.50858679976017,530,SM3,SM3 Z.E.,18,58404,74,5,11,14,0,0,1,1,1,1,0,1,0,1,0,0,0,0,0,1,0,0,0,0,1,0,0,0,1,0,1,0,1
41634959,778.9139391480519,900,코란도,더 뉴 코란도 스포츠,92,93035,2157,5,10,2,0,0,1,1,1,1,1,1,1,1,0,0,0,1,0,0,0,0,0,1,0,0,0,0,1,0,1,1,0
41416392,826.0048451653676,630,다마스,뉴 다마스,30,63024,796,2,7,2,0,0,0,0,0,0,0,0,0,0,0,0,0,0,1,0,1,0,0,0,0,0,1,0,0,0,0,1,0
41634569,566.8948540847747,540,엑센트,엑센트(신형),74,129046,1582,5,13,5,0,0,1,1,1,1,0,1,0,1,1,0,0,0,0,0,0,0,0,1,0,0,0,0,1,0,1,0,1
41322983,952.3521370538434,1595,K7,K7 프리미어,12,114496,2497,5,7,1,0,1,1,1,1,1,1,1,1,1,0,1,0,0,0,0,0,1,0,0,0,0,0,1,0,0,1,0,1
39952686,943.9179347406766,640,아반떼,아반떼 AD,62,172444,1591,5,11,13,0,1,1,1,1,1,1,1,0,1,1,0,0,0,0,0,0,1,0,0,0,0,0,1,0,0,1,0,1
41652447,526.5779521455554,870,스파크,더 뉴 스파크,54,51060,999,5,8,2,0,0,1,1,0,1,0,1,0,1,0,0,0,0,1,0,0,1,0,0,0,0,1,0,0,0,1,0,1
41275358,814.4268981028265,860,말리부,더 뉴 말리부,40,132116,1341,5,7,11,0,1,1,1,1,1,1,1,1,1,0,0,0,0,1,0,0,1,0,0,0,0,0,0,1,0,1,0,1
41628987,814.4268981028265,1490,말리부,더 뉴 말리부,40,107386,1998,5,5,0,0,1,1,1,1,1,1,1,1,1,0,0,0,0,1,0,0,1,0,0,0,0,0,0,1,0,1,0,1
41534171,653.4029070992206,440,프라이드,올 뉴 프라이드,110,159356,1591,5,14,3,1,0,1,1,1,1,1,1,0,1,0,1,0,0,0,0,0,1,0,0,0,0,1,0,0,0,1,0,1
40734680,521.1936913921791,390,스파크,스파크,54,65972,995,5,13,1,0,0,1,0,0,0,0,1,0,1,0,0,0,0,1,0,0,1,0,0,0,0,0,0,0,1,1,0,1
41207702,539.6756970784525,250,스파크,스파크,54,68962,995,5,14,2,0,0,0,0,0,0,0,0,0,0,0,0,0,0,1,0,0,1,0,0,0,0,0,0,0,1,1,0,1
41202492,886.0914963836809,990,제네시스,제네시스 DH,81,179941,3342,5,10,2,0,1,1,1,1,1,1,1,1,1,1,0,0,0,0,0,0,1,0,0,0,0,0,0,1,0,1,0,1
38556633,800.0418365153032,360,트랙스,트랙스,103,196438,1598,5,11,4,0,0,1,1,0,0,0,1,0,1,0,0,0,0,1,0,0,0,0,1,0,0,1,0,0,0,1,1,0
40800618,825.9607559160171,477,제네시스 쿠페,제네시스 쿠페,82,118991,1998,4,16,12,1,1,1,1,1,1,1,1,0,1,1,0,0,0,0,0,0,1,0,0,0,0,0,0,0,1,1,0,1
41183743,907.2378156501135,1579,그랜저,그랜저 IG,27,84164,2999,5,10,3,0,1,1,1,1,1,1,1,1,1,1,0,0,0,0,0,0,1,0,0,0,0,0,1,0,0,1,0,1
41492538,943.9179347406766,530,아반떼,아반떼 MD,62,150054,1591,5,14,2,1,0,1,1,1,1,1,1,0,1,1,0,0,0,0,0,0,1,0,0,0,0,1,0,0,0,1,0,1
41378030,817.7357216322383,450,말리부,말리부,40,140593,1998,5,12,5,0,0,1,1,1,1,1,1,0,1,0,0,0,0,1,0,0,1,0,0,0,0,1,0,0,0,1,0,1
41226022,950.3037718506688,1080,쏘나타,LF 쏘나타,57,122368,1999,5,10,7,0,0,1,1,1,1,1,1,1,1,1,0,0,0,0,0,0,1,0,0,0,0,0,1,0,0,1,0,1
41602838,1244.946731648438,1520,G80,G80,5,133599,3342,5,8,2,0,1,1,1,1,1,1,1,1,1,0,0,1,0,0,0,0,1,0,0,0,0,0,0,1,0,1,0,1
41583535,1244.946731648438,1450,G80,G80,5,193405,3342,5,8,0,1,1,1,1,1,1,1,1,1,1,0,0,1,0,0,0,0,1,0,0,0,0,0,0,1,0,1,0,1
41504391,950.3037718506688,779,쏘나타,LF 쏘나타,57,174911,1685,5,11,10,1,1,1,1,1,1,1,1,1,1,1,0,0,0,0,0,0,0,0,1,0,0,0,0,0,1,1,0,1
41492278,905.6914320771383,370,그랜저,더 뉴 그랜저 IG,27,135613,2497,5,5,1,0,1,1,1,1,1,1,1,1,1,1,0,0,0,0,0,0,1,0,0,0,0,0,0,1,0,1,0,1
40655382,778.9139391480519,499,코란도,뉴코란도 C,92,146872,1998,5,12,4,1,0,1,1,1,1,1,1,1,1,0,0,0,1,0,0,0,0,0,1,0,0,1,0,0,0,1,1,0
41248749,390.5605814198441,230,SM5,뉴SM5(신형),19,174338,1998,5,14,2,0,0,0,0,0,0,0,0,0,0,0,0,0,0,0,1,0,1,0,0,0,0,0,0,1,0,1,0,1
40584725,820.6996852780783,930,SM6,SM6,20,86186,1997,5,10,4,0,0,1,1,1,1,1,1,0,1,0,0,0,0,0,1,0,1,0,0,0,0,1,0,0,0,1,0,1
41493923,1251.1196295251596,1440,코나,코나,91,72995,1591,5,9,5,0,1,1,1,1,1,0,1,1,1,1,0,0,0,0,0,0,1,0,0,0,0,0,0,0,1,1,1,0
41438300,731.3465116724439,680,에쿠스,에쿠스(신형),73,212018,3778,5,12,5,0,1,1,1,1,1,1,1,1,1,1,0,0,0,0,0,0,1,0,0,0,0,0,0,1,0,1,0,1
41209151,736.7033647230726,430,QM3,QM3,15,134653,1461,5,12,6,0,0,1,1,1,1,1,1,0,0,0,0,0,0,0,1,0,0,0,1,0,0,0,0,1,0,1,1,0
41420508,935.928526081858,590,그랜저,그랜저 HG,27,49997,2359,5,14,17,0,0,1,1,1,1,1,1,0,1,1,0,0,0,0,0,0,1,0,0,0,0,0,0,1,0,1,0,1
41212826,511.37274562236945,615,스파크,스파크,54,23008,995,5,12,0,0,0,1,1,0,0,1,1,0,1,0,0,0,0,1,0,0,1,0,0,0,0,1,0,0,0,1,0,1
41201940,936.2255262529029,990,아반떼,아반떼 AD,62,90406,1591,5,8,10,0,0,1,1,0,1,1,1,0,1,1,0,0,0,0,0,0,1,0,0,0,0,0,1,0,0,1,0,1
38856190,1253.701162839688,1240,XM3,XM3,23,47020,1332,5,6,6,0,1,1,1,1,1,0,1,0,1,0,0,0,0,0,1,0,1,0,0,0,0,0,1,0,0,1,1,0
41523591,814.5976259860029,850,말리부,올 뉴 말리부,40,104541,1490,5,9,2,0,1,1,1,1,1,1,1,1,1,0,0,0,0,1,0,0,1,0,0,0,0,0,1,0,0,1,0,1
41159449,1236.8774225826837,1270,트레일블레이저,트레일블레이저,104,130542,1341,5,6,0,0,0,1,1,1,1,0,1,1,1,0,0,0,0,1,0,0,1,0,0,0,0,1,0,0,0,1,1,0
41524647,768.0397857057295,1020,트랙스,더 뉴 트랙스,103,74899,1362,5,10,0,0,0,1,1,0,1,0,1,0,1,0,0,0,0,1,0,0,1,0,0,0,0,1,0,0,0,1,1,0
41644764,905.6914320771383,1099,그랜저,그랜저 IG,27,151031,2359,5,9,16,0,1,1,1,1,1,1,1,1,1,1,0,0,0,0,0,0,1,0,0,0,0,0,1,0,0,1,0,1
41563930,1014.8324651358752,820,투싼,올 뉴 투싼,101,190683,1685,5,9,6,0,0,1,1,0,1,1,1,0,1,1,0,0,0,0,0,0,0,0,1,0,0,1,0,0,0,1,1,0
41626276,963.6518467963097,1670,티볼리,베리 뉴 티볼리,105,12798,1497,5,5,0,0,1,1,1,0,1,1,1,1,1,0,0,0,1,0,0,0,1,0,0,0,0,1,0,0,0,1,1,0
41545805,736.7033647230726,730,QM3,QM3,15,115736,1461,5,9,0,0,0,1,1,1,1,1,1,0,1,0,0,0,0,0,1,0,0,0,1,0,0,1,0,0,0,1,1,0
41512791,928.4206454774875,690,아반떼,아반떼 AD,62,177344,1591,5,8,17,0,0,1,1,0,1,1,1,0,1,1,0,0,0,0,0,0,1,0,0,0,0,1,0,0,0,1,0,1
41528867,977.230670900442,850,쏘나타,LF 쏘나타,57,146069,1999,5,10,3,0,0,1,1,1,1,1,1,0,1,1,0,0,0,0,0,1,0,0,0,0,0,0,0,1,0,1,0,1
41136404,842.1279070156255,690,K5,더 뉴 K5,11,54595,1999,5,12,5,0,0,1,1,1,1,1,1,1,1,0,1,0,0,0,0,0,1,0,0,0,0,0,0,1,0,1,0,1
41537053,1247.4949211722349,1440,렉스턴,렉스턴 스포츠,35,115569,2157,5,8,5,0,0,1,1,0,1,1,1,0,1,0,0,0,1,0,0,0,0,0,1,0,0,0,0,0,1,1,1,0
41479715,1051.6974101665487,1480,싼타페,싼타페 TM,56,179637,1995,5,8,4,0,1,1,1,1,1,1,1,1,1,1,0,0,0,0,0,0,0,0,1,0,0,0,0,1,0,1,1,0
41613269,688.901938066147,480,캡티바,캡티바,90,145052,1998,7,12,2,1,0,1,1,1,1,1,1,0,1,0,0,0,0,1,0,0,0,0,1,0,0,0,0,1,0,1,1,0
41406721,845.8008944920679,530,K5,K5 하이브리드,11,186389,1999,5,15,4,1,0,1,1,1,1,1,1,0,1,0,1,0,0,0,0,0,0,1,0,0,0,1,0,0,0,1,0,1
41639600,907.2378156501135,1350,그랜저,그랜저 IG,27,149348,2359,5,8,0,0,1,1,1,1,1,1,1,1,1,1,0,0,0,0,0,0,1,0,0,0,0,0,1,0,0,1,0,1
41043265,907.2378156501135,450,그랜저,그랜저 HG 하이브리드,27,230436,2359,5,11,6,0,0,1,1,1,1,1,1,0,1,1,0,0,0,0,0,0,0,1,0,0,0,0,0,1,0,1,0,1
41632044,1022.9393169370128,1400,모하비,더 뉴 모하비,43,160109,2959,5,10,1,1,1,1,1,1,1,1,1,1,1,0,1,0,0,0,0,0,0,0,1,0,0,1,0,0,0,1,1,0
40782371,814.4268981028265,270,말리부,말리부,40,160617,1998,5,13,7,0,0,1,0,1,0,1,0,0,1,0,0,0,0,1,0,0,1,0,0,0,0,0,1,0,0,1,0,1
40890884,1079.3476259860029,1555,싼타페,싼타페 DM,56,61052,2199,7,12,12,0,0,1,0,1,1,0,1,1,1,1,0,0,0,0,0,0,0,0,1,0,0,0,0,0,1,0,1,0
41020682,935.928526081858,470,그랜저,그랜저 HG,27,196557,2359,5,12,6,0,1,1,1,1,1,1,1,1,1,1,0,0,0,0,0,0,1,0,0,0,0,0,1,0,0,1,0,1
41593823,923.0393528184499,1590,그랜저,그랜저 IG,27,109687,2359,5,8,1,1,0,1,1,1,1,1,1,1,1,1,0,0,0,0,0,0,1,0,0,0,0,1,0,0,0,1,0,1
41155609,1264.805265999821,1200,렉스턴,렉스턴 스포츠,35,182562,2157,5,8,1,0,0,1,1,0,1,1,1,0,1,0,0,0,1,0,0,0,0,0,1,0,0,0,0,1,0,1,1,0
41550787,1273.33407874339,999,G80,G80,5,246362,3342,5,9,3,0,1,1,1,1,1,1,1,1,1,0,0,1,0,0,0,0,1,0,0,0,0,0,1,0,0,1,0,1
41634837,910.4589389790043,1250,제네시스,제네시스 DH,81,133160,3778,5,12,2,0,1,1,1,1,1,1,1,1,1,1,0,0,0,0,0,0,1,0,0,0,0,0,1,0,0,1,0,1
41467466,819.4078380887734,860,SM6,SM6,20,85713,1997,5,10,0,0,0,1,1,1,1,1,1,0,1,0,0,0,0,0,1,0,1,0,0,0,0,0,0,1,0,1,0,1
41541837,1234.4350592827248,1200,코나,코나,91,143736,1591,5,8,11,0,0,1,1,1,1,1,1,1,1,1,0,0,0,0,0,0,1,0,0,0,0,0,0,0,1,1,1,0
41156722,736.7033647230726,580,QM3,QM3,15,133160,1461,5,11,2,0,0,1,1,1,1,1,1,0,1,0,0,0,0,0,1,0,0,0,1,0,0,1,0,0,0,1,1,0
41370903,800.0418365153032,320,트랙스,트랙스,103,152540,1362,5,13,1,0,0,1,0,0,0,0,1,0,1,0,0,0,0,1,0,0,1,0,0,0,0,0,0,1,0,1,1,0
40768092,923.0393528184499,950,그랜저,그랜저 HG,27,93534,2999,5,12,0,1,1,1,1,1,1,1,1,1,1,1,0,0,0,0,0,0,1,0,0,0,0,0,0,1,0,1,0,1
41570291,936.2255262529029,820,아반떼,아반떼 AD,62,135866,1591,5,9,19,0,1,1,1,0,1,0,1,0,1,1,0,0,0,0,0,0,1,0,0,0,0,1,0,0,0,1,0,1
40892100,916.1401938066147,850,그랜저,그랜저 HG,27,194560,2999,5,10,2,0,1,1,1,1,1,1,1,1,1,1,0,0,0,0,0,0,1,0,0,0,0,0,1,0,0,1,0,1
41243001,950.3037718506688,890,쏘나타,LF 쏘나타 하이브리드,57,125891,1999,5,11,12,0,0,1,1,1,1,1,1,0,1,1,0,0,0,0,0,0,0,1,0,0,0,0,1,0,0,1,0,1
40884897,626.3422304996457,630,SM7,SM7 노바,21,120129,1998,5,10,0,1,1,1,1,1,1,1,1,1,1,0,0,0,0,0,1,1,0,0,0,0,0,0,0,1,0,1,0,1
41440541,704.8228682442713,288,모닝,더 뉴 모닝 (JA),42,5,998,5,1,2,0,0,1,1,1,1,1,1,1,1,0,1,0,0,0,0,0,1,0,0,0,0,1,0,0,0,1,0,1
41505498,936.9062313760018,1439,아반떼,아반떼 하이브리드 (CN7),62,118745,1580,5,4,2,0,0,1,1,1,1,1,1,1,1,1,0,0,0,0,0,0,0,1,0,0,0,0,0,1,0,1,0,1
41266275,539.6756970784525,830,스파크,더 뉴 스파크,54,7869,999,5,5,7,0,0,1,1,0,1,0,1,0,1,0,0,0,0,1,0,0,1,0,0,0,0,1,0,0,0,1,0,1
41477405,566.8948540847747,750,엑센트,엑센트(신형),74,123237,1368,5,8,2,0,0,1,1,0,0,1,1,0,1,1,0,0,0,0,0,0,1,0,0,0,0,1,0,0,0,1,0,1
41651085,815.5577089623855,1250,i30,i30 (PD),24,47378,1353,5,9,7,0,0,0,1,0,0,1,0,0,0,1,0,0,0,0,0,0,1,0,0,0,0,0,0,0,1,1,0,1
41538703,809.9140873524058,1380,SM6,더 뉴 SM6,20,71966,1332,5,5,0,0,1,1,1,1,1,0,1,1,1,0,0,0,0,0,1,0,1,0,0,0,0,0,0,1,0,1,0,1
41120136,1057.082523447645,1040,싼타페,싼타페 더 프라임,56,133425,1995,5,10,2,0,1,1,1,1,1,1,1,0,1,1,0,0,0,0,0,0,0,0,1,0,0,1,0,0,0,1,1,0
40824758,672.6380015602682,190,모닝,모닝,42,83756,999,5,19,2,0,0,0,0,0,0,0,0,0,0,0,1,0,0,0,0,0,1,0,0,0,0,0,0,1,0,1,0,1
39455266,1063.835755916017,1190,아이오닉,아이오닉 하이브리드,65,59197,1580,5,10,7,0,1,1,1,1,1,1,1,1,1,1,0,0,0,0,0,0,0,1,0,0,0,0,0,1,0,1,0,1
41502972,1122.21175713316,1290,카니발,더 뉴 카니발,85,156145,2199,9,8,2,1,1,1,1,1,1,1,1,1,1,0,1,0,0,0,0,0,0,0,1,0,0,0,0,1,0,1,1,0
41628484,1251.1196295251596,1350,코나,코나,91,101008,1591,5,9,3,1,0,1,1,0,1,1,1,1,1,1,0,0,0,0,0,0,1,0,0,0,0,1,0,0,0,1,1,0
39283720,1301.1905814198442,1399,QM6,더 뉴 QM6,17,65029,1997,5,5,14,0,1,1,1,1,1,1,1,0,1,0,0,0,0,0,1,0,1,0,0,0,0,1,0,0,0,1,1,0
41638377,1172.8618172554513,28,쏘렌토,더 뉴 쏘렌토 4세대,58,12588,1598,5,3,2,0,1,1,1,1,1,1,1,1,1,0,1,0,0,0,0,0,0,1,0,0,0,0,1,0,0,1,1,0
40458218,1012.2778089395711,470,K7,K7,12,171557,3470,5,16,5,1,1,1,1,1,1,1,1,1,1,0,1,0,0,0,0,0,1,0,0,0,0,0,1,0,0,1,0,1
41270644,830.7441133874026,330,코란도,뉴코란도 C,92,80689,1998,5,12,15,0,0,1,0,1,1,1,1,0,1,0,0,0,1,0,0,0,0,0,1,0,0,1,0,0,0,1,1,0
40894306,970.8411733726565,1400,티볼리,베리 뉴 티볼리,105,108947,1497,5,6,2,0,1,1,1,1,1,1,1,1,1,0,0,0,1,0,0,0,1,0,0,0,0,1,0,0,0,1,1,0
41198159,970.8411733726565,680,티볼리,티볼리,105,107937,1597,5,11,7,0,0,1,1,1,1,1,1,0,1,0,0,0,1,0,0,0,1,0,0,0,0,1,0,0,0,1,1,0
41650255,986.97541951879,980,K7,올 뉴 K7,12,142626,3342,5,10,9,0,1,1,1,1,1,1,1,1,1,0,1,0,0,0,0,0,1,0,0,0,0,0,0,0,1,1,0,1
41097824,874.0501334751542,639,레이,레이,34,110032,998,5,13,22,0,0,1,1,1,1,1,1,0,1,0,1,0,0,0,0,0,1,0,0,0,0,0,0,0,1,1,0,1
41303181,963.6518467963097,610,티볼리,티볼리 아머,105,151690,1597,5,9,1,0,0,1,1,0,1,0,1,0,1,0,0,0,1,0,0,0,0,0,1,0,0,0,0,0,1,1,1,0
41056842,1236.8774225826837,1680,트레일블레이저,트레일블레이저,104,78981,1341,5,6,3,0,1,1,1,1,1,0,1,0,1,0,0,0,0,1,0,0,1,0,0,0,0,0,0,0,1,1,1,0
39498509,780.500937773942,1099,K5,더 뉴 K5 2세대,11,123238,1999,5,8,5,0,0,1,1,0,1,1,1,0,1,0,1,0,0,0,0,1,0,0,0,0,0,1,0,0,0,1,0,1
41601393,1259.5072485972,1618,G80,G80,5,191358,3778,5,9,5,1,1,1,1,1,1,1,1,1,1,0,0,1,0,0,0,0,1,0,0,0,0,0,0,1,0,1,0,1
41653915,905.6914320771383,1580,그랜저,그랜저 IG,27,108196,2999,5,9,2,0,1,1,1,1,1,1,1,1,1,1,0,0,0,0,0,0,1,0,0,0,0,0,1,0,0,1,0,1
41244196,1079.3476259860029,1190,싼타페,싼타페 더 프라임,56,152474,1995,5,11,5,0,1,1,1,1,1,1,1,1,1,1,0,0,0,0,0,0,0,0,1,0,0,0,0,0,1,1,1,0
41475120,923.0393528184499,740,그랜저,그랜저 HG 하이브리드,27,144466,2359,5,12,8,0,0,1,1,1,1,1,1,0,1,1,0,0,0,0,0,0,0,1,0,0,0,0,1,0,0,1,0,1
41112192,1010.3075581570316,470,스타렉스,그랜드 스타렉스,50,186672,2497,5,16,9,0,0,0,0,0,0,0,1,0,1,1,0,0,0,0,0,0,0,0,1,0,0,0,0,1,0,1,1,0
41570346,867.5160324543092,520,레이,레이,34,155435,998,5,14,2,0,0,1,1,0,0,1,1,0,1,0,1,0,0,0,0,0,1,0,0,0,0,0,0,1,0,1,0,1
41641187,936.2255262529029,1480,아반떼,아반떼 (CN7),62,79869,1598,5,5,2,0,0,1,1,1,1,1,1,1,1,1,0,0,0,0,0,0,1,0,0,0,0,0,1,0,0,1,0,1
41620179,907.2378156501135,1070,그랜저,그랜저 IG,27,122548,2359,5,9,16,1,1,1,1,1,1,1,1,1,1,1,0,0,0,0,0,0,1,0,0,0,0,0,0,0,1,1,0,1
41184418,389.9312687325189,299,SM5,뉴SM5 플래티넘,19,202113,1998,5,13,2,1,1,1,1,1,1,1,1,0,1,0,0,0,0,0,1,1,0,0,0,0,0,0,1,0,0,1,0,1
41491605,553.7149246371913,390,올란도,올란도,77,190248,1998,7,13,1,1,0,1,0,0,1,0,1,0,1,0,0,0,0,1,0,0,0,0,1,0,0,0,0,1,0,1,1,0
41169523,521.1936913921791,420,스파크,스파크,54,76845,995,5,11,7,0,0,1,1,0,0,1,1,0,1,0,0,0,0,1,0,0,1,0,0,0,0,1,0,0,0,1,0,1
41628798,867.4613543331805,1250,제네시스,제네시스 DH,81,135260,3342,5,10,7,1,1,1,1,1,1,1,1,1,1,1,0,0,0,0,0,0,1,0,0,0,0,0,1,0,0,1,0,1
41532862,1014.8324651358752,1495,투싼,올 뉴 투싼,101,104764,1591,5,9,8,1,1,1,1,1,1,1,1,1,1,1,0,0,0,0,0,0,1,0,0,0,0,1,0,0,0,1,1,0
41097852,553.7149246371913,420,올란도,올란도,77,134451,1998,7,14,11,0,0,1,1,1,1,1,1,0,1,0,0,0,0,1,0,1,0,0,0,0,0,0,0,1,0,1,1,0
40689900,941.3889022900747,399,쏘나타,YF 쏘나타,57,131749,1999,5,14,3,0,0,1,1,1,1,1,1,0,1,1,0,0,0,0,0,0,1,0,0,0,0,0,0,1,0,1,0,1
40994721,529.273314565499,499,올란도,올란도,77,156750,1998,7,11,5,0,0,1,1,0,1,1,1,0,1,0,0,0,0,1,0,0,0,0,1,0,0,1,0,0,0,1,1,0
40520056,963.6518467963097,890,티볼리,티볼리 아머,105,98608,1597,5,8,12,0,0,1,1,0,1,1,1,0,1,0,0,0,1,0,0,0,1,0,0,0,0,1,0,0,0,1,1,0
40626350,778.9139391480519,1450,코란도,뷰티풀 코란도,92,57339,1497,5,7,6,0,1,1,1,0,1,1,1,0,1,0,0,0,1,0,0,0,1,0,0,0,0,0,1,0,0,1,1,0
40098308,1122.21175713316,979,카니발,올 뉴 카니발,85,125192,2199,11,11,8,1,1,1,1,1,1,1,1,1,1,0,1,0,0,0,0,0,0,0,1,0,0,0,0,1,0,1,1,0
39663526,595.2633974775831,355,알페온,알페온,70,107800,2384,5,13,8,0,1,1,1,1,1,0,1,1,1,0,0,0,0,1,0,0,1,0,0,0,0,0,1,0,0,1,0,1
41496716,941.3889022900747,690,쏘나타,LF 쏘나타,57,169576,1998,5,10,4,1,0,0,1,0,1,1,0,0,0,1,0,0,0,0,0,1,0,0,0,0,0,0,0,1,0,1,0,1
41314533,1389.3158649586906,1299,캐스퍼,캐스퍼,88,67724,998,4,5,14,0,0,1,1,1,1,1,1,1,1,1,0,0,0,0,0,0,1,0,0,0,0,1,0,0,0,1,0,1
39971912,842.1279070156255,520,K5,K5,11,87217,1998,5,14,5,0,1,1,0,1,1,0,1,0,1,0,1,0,0,0,0,0,1,0,0,0,0,0,1,0,0,1,0,1
41170602,487.41627910745245,510,크루즈,어메이징 뉴 크루즈,95,103763,1796,5,10,7,0,0,1,1,0,0,1,1,0,1,0,0,0,0,1,0,0,1,0,0,0,0,1,0,0,0,1,0,1
41242864,539.6756970784525,230,스파크,스파크,54,119989,995,5,14,1,0,0,1,0,1,0,0,1,0,1,0,0,0,0,1,0,0,1,0,0,0,0,1,0,0,0,1,0,1
41562293,1267.2919662178983,1030,XM3,XM3,23,161823,1332,5,6,0,0,1,1,1,1,1,1,1,1,1,0,0,0,0,0,1,0,1,0,0,0,0,1,0,0,0,1,1,0
41037603,955.8451653676005,990,이쿼녹스,이쿼녹스,79,92250,1598,5,8,11,0,1,1,1,1,1,0,1,0,1,0,0,0,0,1,0,0,0,0,1,0,0,0,1,0,0,1,1,0
40725959,989.3890878449547,1650,볼트,볼트 EV,48,51842,174,5,7,1,0,1,1,1,1,1,0,1,0,1,0,0,0,0,1,0,0,0,0,0,1,0,1,0,0,0,1,0,1
41207285,1257.2352713994803,1480,EQ900,EQ900,0,163788,3778,5,9,20,0,0,1,1,1,1,1,1,1,1,0,0,1,0,0,0,0,1,0,0,0,0,0,1,0,0,1,0,1
40897571,950.3037718506688,1440,쏘나타,쏘나타 뉴 라이즈 하이브리드,57,53166,1999,5,9,1,0,0,1,0,1,1,0,1,0,1,1,0,0,0,0,0,0,0,1,0,0,0,0,0,1,0,1,0,1
41590289,521.1936913921791,330,스파크,스파크,54,71408,995,2,11,18,0,0,0,1,0,0,1,0,0,0,0,0,0,0,1,0,0,1,0,0,0,0,1,0,0,0,1,0,1
41416634,968.6868564277833,390,쏘나타,YF 쏘나타,57,202345,1998,5,16,5,0,0,1,1,1,0,1,1,0,1,1,0,0,0,0,0,0,1,0,0,0,0,0,0,1,0,1,0,1
40827282,1084.4388555279147,1480,카니발,올 뉴 카니발,85,120488,2199,9,9,2,1,1,1,1,1,1,1,1,1,1,0,1,0,0,0,0,0,0,0,1,0,0,0,0,1,0,1,1,0
41526436,819.4078380887734,899,SM6,SM6,20,76752,1997,5,7,17,0,0,1,1,1,1,0,1,0,1,0,0,0,0,0,1,0,1,0,0,0,0,0,1,0,0,1,0,1
41320222,1240.6033095126206,1470,G80,G80,5,147389,3342,5,9,6,0,1,1,1,1,1,1,1,1,1,0,0,1,0,0,0,0,1,0,0,0,0,0,0,1,0,1,0,1
41621873,892.2058141984411,1430,조에,조에,83,59301,156,5,5,0,0,1,1,1,1,1,1,1,0,0,0,0,0,0,0,1,0,0,0,0,1,0,1,0,0,0,1,0,1
41615497,930.193512170366,1570,쏘나타,쏘나타 뉴 라이즈,57,98683,1999,5,9,1,0,1,1,1,1,1,1,1,1,1,1,0,0,0,0,0,0,1,0,0,0,0,0,1,0,0,1,0,1
41462381,842.1279070156255,478,K5,K5 하이브리드,11,176922,1999,5,13,3,0,0,1,1,1,1,1,1,0,1,0,1,0,0,0,0,0,0,1,0,0,0,1,0,0,0,1,0,1
40462796,511.37274562236945,250,스파크,스파크,54,123355,995,5,15,6,0,0,1,0,0,0,0,1,0,1,0,0,0,0,1,0,0,1,0,0,0,0,0,0,0,1,1,0,1
41381469,1387.528585305339,1470,캐스퍼,캐스퍼,88,27307,998,4,4,2,0,0,1,1,1,1,1,1,1,1,1,0,0,0,0,0,0,1,0,0,0,0,1,0,0,0,1,0,1
41507081,1279.2441861207396,1199,EQ900,EQ900,0,220686,3778,5,10,3,0,1,1,1,1,1,1,1,1,1,0,0,1,0,0,0,0,1,0,0,0,0,0,1,0,0,1,0,1
41375897,868.079571411459,660,K3,더 뉴 K3,10,106294,1591,5,9,2,0,0,1,1,0,1,1,1,0,1,0,1,0,0,0,0,0,1,0,0,0,0,0,0,0,1,1,0,1
41507203,936.9062313760018,499,아반떼,아반떼 XD,62,79345,1495,5,24,8,0,0,1,0,1,0,0,0,0,0,1,0,0,0,0,0,0,1,0,0,0,0,0,0,1,0,0,0,1
41487047,1390.1913990791177,1490,캐스퍼,캐스퍼,88,61522,998,4,5,9,1,1,1,1,1,1,1,1,1,1,1,0,0,0,0,0,0,1,0,0,0,0,0,0,1,0,1,0,1
41415559,830.7441133874026,1180,코란도,뉴 스타일 코란도 C,92,43998,2157,5,9,3,1,1,1,1,1,1,0,1,1,1,0,0,0,1,0,0,0,0,0,1,0,0,1,0,0,0,1,1,0
41021147,987.5738331607303,499,스타렉스,그랜드 스타렉스,50,140502,2497,11,19,2,1,0,1,1,0,0,1,1,0,1,1,0,0,0,0,0,0,0,0,1,0,0,0,0,1,0,1,1,0
41453248,977.230670900442,550,쏘나타,쏘나타 더 브릴리언트,57,178043,1999,5,14,3,0,0,1,1,1,1,0,1,0,1,1,0,0,0,0,0,1,0,0,0,0,0,1,0,0,0,1,0,1
41560696,539.6756970784525,390,스파크,스파크,54,39543,995,5,12,5,0,0,1,1,0,0,0,1,0,1,0,0,0,0,1,0,0,1,0,0,0,0,0,0,0,1,1,0,1
41628732,907.2378156501135,1239,그랜저,그랜저 IG 하이브리드,27,186368,2359,5,8,8,0,1,1,1,1,1,1,1,1,1,1,0,0,0,0,0,0,0,1,0,0,0,0,0,1,0,1,0,1
41226208,1122.21175713316,1630,카니발,더 뉴 카니발,85,118343,2199,9,6,3,0,0,1,1,1,1,1,1,1,1,0,1,0,0,0,0,0,0,0,1,0,0,0,0,1,0,1,1,0
40818118,532.6342390295486,440,올란도,올란도,77,126119,1998,7,15,0,0,0,1,1,1,1,1,1,0,1,0,0,0,0,1,0,1,0,0,0,0,0,0,0,1,0,1,1,0
41555078,907.2378156501135,590,그랜저,그랜저 HG,27,102209,2359,5,12,15,0,0,1,1,1,1,1,1,1,1,1,0,0,0,0,0,0,1,0,0,0,0,0,1,0,0,1,0,1
41041954,905.6914320771383,1360,그랜저,그랜저 IG,27,119407,2999,5,8,8,0,0,1,1,1,1,1,1,1,1,1,0,0,0,0,0,1,0,0,0,0,0,1,0,0,0,1,0,1
41584600,651.2405814198441,1600,모닝,모닝 어반 (JA),42,27353,998,5,4,1,0,0,1,1,1,1,1,1,1,1,0,1,0,0,0,0,0,1,0,0,0,0,1,0,0,0,1,0,1
41658787,877.619857075724,1090,클리오,클리오,96,50687,1461,5,7,4,1,1,1,1,1,1,1,1,0,1,0,0,0,0,0,1,0,0,0,1,0,0,1,0,0,0,1,0,1
41580990,941.3889022900747,449,쏘나타,쏘나타 더 브릴리언트,57,191700,1999,5,13,2,0,1,1,1,0,1,1,1,0,1,1,0,0,0,0,0,1,0,0,0,0,0,1,0,0,0,1,0,1
40462117,947.3443649473054,750,아반떼,아반떼 AD,62,133311,1582,5,11,3,1,0,1,1,1,1,1,1,0,1,1,0,0,0,0,0,0,0,0,1,0,0,1,0,0,0,1,0,1
41037589,537.623042265147,399,올란도,올란도,77,145555,1998,7,14,4,1,0,1,1,0,1,0,1,0,1,0,0,0,0,1,0,0,0,0,1,0,0,1,0,0,0,1,1,0
38226842,731.3465116724439,260,에쿠스,에쿠스,73,172670,3342,5,19,5,0,0,1,1,1,1,0,1,0,1,1,0,0,0,0,0,0,1,0,0,0,0,0,1,0,0,1,0,1
41200631,1005.1859527579388,1550,투싼,올 뉴 투싼,101,104646,1591,5,9,10,1,1,1,1,1,1,1,1,1,1,1,0,0,0,0,0,0,1,0,0,0,0,0,0,0,1,1,1,0
41627430,867.5160324543092,1370,레이,더 뉴 레이,34,58823,998,5,5,0,0,0,1,1,1,1,1,1,0,1,0,1,0,0,0,0,0,1,0,0,0,0,1,0,0,0,1,0,1
41382282,521.1936913921791,550,스파크,더 넥스트 스파크,54,61892,999,5,10,3,0,0,1,1,0,1,1,1,0,1,0,0,0,0,1,0,0,1,0,0,0,0,0,0,1,0,1,0,1
41500152,1010.3075581570316,730,스타렉스,그랜드 스타렉스,50,145075,2497,12,10,3,0,0,1,1,0,0,1,1,0,1,1,0,0,0,0,0,0,0,0,1,0,0,0,0,0,1,1,1,0
41302164,1210.4595446246751,1550,XM3,XM3,23,20235,1598,5,5,1,0,1,1,0,0,1,0,1,0,1,0,0,0,0,0,1,0,1,0,0,0,0,1,0,0,0,1,1,0
41387393,923.0393528184499,850,그랜저,그랜저 HG,27,197935,2999,5,10,8,0,1,1,1,1,1,1,1,1,1,1,0,0,0,0,0,1,0,0,0,0,0,0,1,0,0,1,0,1
41662053,992.8099193332274,699,스타렉스,더 뉴 그랜드 스타렉스,50,235686,2497,3,7,0,0,0,1,0,0,0,0,0,0,1,1,0,0,0,0,0,0,0,0,1,0,0,0,0,0,1,1,1,0
41569520,992.8099193332274,860,스타렉스,그랜드 스타렉스,50,97358,2497,11,14,9,1,0,1,1,1,0,1,1,1,1,1,0,0,0,0,0,0,0,0,1,0,0,0,0,1,0,1,1,0
41473782,928.4206454774875,1200,아반떼,아반떼 AD,62,94802,1591,5,8,6,0,1,1,1,0,1,1,1,0,1,1,0,0,0,0,0,0,1,0,0,0,0,1,0,0,0,1,0,1
41383975,941.3889022900747,950,쏘나타,LF 쏘나타,57,153724,1999,5,12,0,0,0,1,1,1,1,1,1,0,1,1,0,0,0,0,0,0,1,0,0,0,0,1,0,0,0,1,0,1
41645314,1037.3051417342533,1170,투싼,올 뉴 투싼,101,135283,1995,5,9,2,0,0,1,1,0,1,1,1,0,1,1,0,0,0,0,0,0,0,0,1,0,0,1,0,0,0,1,1,0
39125310,764.3921189991339,449,체어맨,뉴체어맨 W,84,177104,3199,5,13,1,0,0,1,1,1,1,1,1,0,1,0,0,0,1,0,0,0,1,0,0,0,0,0,1,0,0,1,0,1
40397970,537.623042265147,379,올란도,올란도,77,136296,1998,7,13,4,0,0,1,1,0,1,0,1,0,1,0,0,0,0,1,0,0,0,0,1,0,0,1,0,0,0,1,1,0
41631590,970.8411733726565,1390,티볼리,티볼리 아머,105,22820,1597,5,7,0,0,1,1,1,0,1,1,1,1,1,0,0,0,1,0,0,0,1,0,0,0,0,1,0,0,0,1,1,0
41202437,820.6996852780783,590,SM6,SM6,20,149083,1618,5,10,12,0,1,1,1,1,1,0,1,0,1,0,0,0,0,0,1,0,1,0,0,0,0,1,0,0,0,1,0,1
39569905,1005.1859527579388,939,투싼,뉴 투싼 ix,101,101147,1995,5,12,3,1,1,1,1,1,1,1,1,1,1,1,0,0,0,0,0,0,0,0,1,0,0,1,0,0,0,1,1,0
41602244,1244.0155609115354,1499,코나,코나,91,77074,1591,5,7,3,1,1,1,1,1,1,1,1,1,1,1,0,0,0,0,0,0,1,0,0,0,0,0,0,1,0,1,1,0
41601332,1012.2538228903043,720,스타렉스,그랜드 스타렉스,50,115749,2497,12,16,2,0,0,1,0,0,0,0,1,0,1,1,0,0,0,0,0,0,0,0,1,0,0,0,0,1,0,1,1,0
41602755,930.193512170366,790,쏘나타,LF 쏘나타,57,219669,1999,5,9,2,0,0,1,1,1,1,1,1,1,1,1,0,0,0,0,0,0,1,0,0,0,0,0,1,0,0,1,0,1
40806848,583.2714669994004,190,알페온,알페온,70,195365,2384,5,12,21,0,0,1,1,1,1,0,1,0,1,0,0,0,0,1,0,0,1,0,0,0,0,0,0,1,0,1,0,1
41479917,1240.6033095126206,1590,G80,G80,5,137409,3342,5,10,6,0,1,1,1,1,1,1,1,1,1,0,0,1,0,0,0,0,1,0,0,0,0,0,1,0,0,1,0,1
41601697,1390.1913990791177,1599,캐스퍼,캐스퍼,88,35556,998,4,4,0,0,0,1,1,1,1,1,1,1,1,1,0,0,0,0,0,0,1,0,0,0,0,0,0,0,1,1,0,1
41240868,867.5160324543092,1120,레이,더 뉴 레이,34,59654,998,5,7,2,0,0,1,1,0,1,1,1,0,1,0,1,0,0,0,0,0,1,0,0,0,0,1,0,0,0,1,0,1
39736743,950.3037718506688,1530,쏘나타,쏘나타 (DN8),57,61951,1999,5,5,0,0,0,1,1,0,0,1,1,0,1,1,0,0,0,0,0,1,0,0,0,0,0,1,0,0,0,1,0,1
41573804,1304.167236686122,1570,QM6,더 뉴 QM6,17,77496,1998,5,5,2,0,1,1,1,1,1,1,1,0,1,0,0,0,0,0,1,1,0,0,0,0,0,1,0,0,0,1,1,0
41614999,855.9619243526355,799,K3,K3,10,36156,1591,5,13,0,0,0,1,1,1,1,1,1,0,1,0,1,0,0,0,0,0,1,0,0,0,0,1,0,0,0,1,0,1
41353827,860.8083271607874,859,베라크루즈,베라크루즈,46,172535,2959,7,14,10,0,1,1,1,1,1,1,1,1,1,1,0,0,0,0,0,0,0,0,1,0,0,0,0,1,0,1,1,0
41126175,635.3109081424859,350,SM7,All New SM7,21,184211,2495,5,15,5,1,0,1,1,1,1,1,1,0,1,0,0,0,0,0,1,0,1,0,0,0,0,1,0,0,0,1,0,1
41649216,816.6985223123376,600,트랙스,트랙스,103,149180,1362,5,11,3,0,0,1,1,0,0,0,1,0,1,0,0,0,0,1,0,0,1,0,0,0,0,1,0,0,0,1,1,0
41312772,804.849667793527,1190,SM6,더 뉴 SM6,20,104270,1332,5,6,2,0,1,1,0,1,0,0,1,0,1,0,0,0,0,0,1,0,1,0,0,0,0,0,1,0,0,1,0,1
41445787,1079.3476259860029,1280,싼타페,싼타페 더 프라임,56,113614,1995,5,10,10,1,1,1,1,1,1,1,1,1,1,1,0,0,0,0,0,0,0,0,1,0,0,0,0,0,1,1,1,0
41244553,907.2378156501135,499,그랜저,그랜저 HG,27,101399,2359,5,15,9,1,0,1,1,1,1,1,1,0,1,1,0,0,0,0,0,0,1,0,0,0,0,0,0,1,0,1,0,1
40260828,861.550740180401,1090,에스페로,에스페로,72,143516,1498,5,32,12,0,0,0,1,0,0,0,0,0,0,0,0,0,0,1,0,0,1,0,0,0,0,1,0,0,0,1,0,1
41645958,910.4589389790043,1100,제네시스,제네시스 DH,81,137308,3342,5,12,3,0,1,1,1,1,1,1,1,1,1,1,0,0,0,0,0,0,1,0,0,0,0,0,1,0,0,1,0,1
41312449,1035.3350952116489,1650,쏘렌토,더 뉴 쏘렌토,58,161614,1995,5,7,2,0,0,1,1,1,1,1,1,1,1,0,1,0,0,0,0,0,0,0,1,0,0,1,0,0,0,1,1,0
41606681,922.6715118320343,1140,스토닉,스토닉,52,79842,1368,5,7,2,1,0,1,1,1,1,0,1,1,1,0,1,0,0,0,0,0,1,0,0,0,0,0,0,0,1,1,1,0
41473856,907.2378156501135,1699,그랜저,더 뉴 그랜저 IG,27,144376,2999,5,6,3,0,1,1,1,1,1,1,1,1,1,1,0,0,0,0,0,1,0,0,0,0,0,1,0,0,0,1,0,1
41588448,591.8553779580085,530,엑센트,엑센트(신형),74,66315,1399,5,14,6,0,0,1,1,0,1,1,1,0,1,1,0,0,0,0,0,0,1,0,0,0,0,0,0,1,0,1,0,1
41348047,1037.3051417342533,350,투싼,투싼,101,182000,1991,5,18,2,0,0,0,0,0,0,0,0,0,0,1,0,0,0,0,0,0,0,0,1,0,0,0,1,0,0,1,1,0
41535693,553.7149246371913,209,올란도,올란도,77,200954,1998,7,13,11,0,0,1,1,0,1,1,1,0,1,0,0,0,0,1,0,0,0,0,1,0,0,1,0,0,0,1,1,0
41093612,969.3889001833381,910,티볼리,티볼리 아머,105,119278,1597,5,9,12,0,1,1,1,1,1,1,1,1,1,0,0,0,1,0,0,0,0,0,1,0,0,1,0,0,0,1,1,0
41606629,928.4206454774875,430,아반떼,아반떼 MD,62,144492,1591,5,15,7,0,0,1,1,1,1,1,1,0,0,1,0,0,0,0,0,0,1,0,0,0,0,0,0,1,0,1,0,1
40382104,833.2990788440546,620,코란도,코란도 스포츠,92,184057,1998,5,11,2,0,0,1,1,1,1,1,1,0,1,0,0,0,1,0,0,0,0,0,1,0,0,0,0,1,0,1,1,0
41549273,793.5123984456893,450,코란도,코란도 투리스모,92,160194,2157,11,10,8,0,1,1,1,1,1,0,1,0,1,0,0,0,1,0,0,0,0,0,1,0,0,0,0,0,1,1,1,0
41439058,1152.7810078880227,1270,셀토스,셀토스,49,160490,1598,5,6,4,0,0,1,1,1,1,1,1,1,1,0,1,0,0,0,0,0,0,0,1,0,0,1,0,0,0,1,1,0
41393591,928.4206454774875,1190,아반떼,더 뉴 아반떼 AD,62,94367,1598,5,7,2,0,0,1,1,1,1,1,1,0,1,1,0,0,0,0,0,0,1,0,0,0,0,1,0,0,0,1,0,1
41639200,936.9062313760018,679,아반떼,더 뉴 아반떼,62,123550,1591,5,11,1,0,0,1,1,1,1,1,1,0,1,1,0,0,0,0,0,0,1,0,0,0,0,0,0,1,0,1,0,1
41583749,943.9179347406766,999,아반떼,아반떼 AD,62,101595,1591,5,10,0,0,1,1,1,1,1,1,1,0,1,1,0,0,0,0,0,0,1,0,0,0,0,0,0,1,0,1,0,1
41602255,804.849667793527,470,SM6,SM6,20,138567,1997,5,10,8,0,0,1,1,1,1,1,1,0,1,0,0,0,0,0,1,0,1,0,0,0,0,1,0,0,0,1,0,1
40947477,977.230670900442,869,쏘나타,LF 쏘나타,57,112479,1999,5,12,0,0,0,1,1,1,1,1,1,0,1,1,0,0,0,0,0,0,1,0,0,0,0,0,0,1,0,1,0,1
41157175,830.7441133874026,600,코란도,코란도 스포츠,92,212050,1998,5,11,7,0,0,1,1,0,0,0,1,0,1,0,0,0,1,0,0,0,0,0,1,0,0,0,0,1,0,1,1,0
41285761,659.0006532807237,520,모닝,올 뉴 모닝,42,64825,998,5,12,4,0,0,1,1,1,0,1,1,0,1,0,1,0,0,0,0,0,1,0,0,0,0,0,0,0,1,1,0,1
41620229,1256.1011628396882,1490,XM3,XM3,23,113408,1332,5,4,7,0,1,1,1,1,1,1,1,1,1,0,0,0,0,0,1,0,1,0,0,0,0,1,0,0,0,1,1,0
41445484,928.4206454774875,1640,아반떼,아반떼 (CN7),62,92028,1598,5,5,7,0,1,1,1,1,1,1,1,1,1,1,0,0,0,0,0,0,1,0,0,0,0,0,0,1,0,1,0,1
41192321,1247.5118753613704,1350,XM3,XM3,23,85811,1598,5,4,4,0,1,1,1,1,1,1,1,0,1,0,0,0,0,0,1,0,1,0,0,0,0,1,0,0,0,1,1,0
41309468,833.2990788440546,329,코란도,뉴코란도 C,92,145707,1998,5,12,16,0,0,1,1,1,1,1,1,1,1,0,0,0,1,0,0,0,0,0,1,0,0,1,0,0,0,1,1,0
40483016,635.3109081424859,470,SM7,SM7 노바,21,118123,2495,5,11,8,0,0,1,1,1,1,1,1,0,1,0,0,0,0,0,1,0,1,0,0,0,0,1,0,0,0,1,0,1
39329752,390.557300432829,680,SM5,SM5 노바,19,97009,1998,5,8,2,0,0,1,1,1,1,0,1,1,1,0,0,0,0,0,1,0,1,0,0,0,0,0,0,1,0,1,0,1
41483042,473.05967855859427,290,크루즈,크루즈,95,113552,1796,5,12,15,1,0,1,1,0,1,1,1,0,1,0,0,0,0,1,0,0,1,0,0,0,0,1,0,0,0,1,0,1
41268330,936.9062313760018,1680,아반떼,아반떼 (CN7),62,39007,1598,5,4,2,0,0,1,1,1,1,1,1,1,1,1,0,0,0,0,0,0,1,0,0,0,0,0,1,0,0,1,0,1
41559544,1051.6974101665487,1120,싼타페,싼타페 DM,56,141912,2199,7,12,1,0,1,1,1,1,1,1,1,1,1,1,0,0,0,0,0,0,0,0,1,0,0,1,0,0,0,1,1,0
41652613,748.3294020283487,1520,K5,더 뉴 K5 2세대,11,102042,1999,5,8,2,1,1,1,1,1,1,1,1,1,1,0,1,0,0,0,0,0,1,0,0,0,0,0,0,0,1,1,0,1
41313109,1105.0460061732351,1650,베뉴,베뉴,45,2183,1598,5,7,1,1,0,1,1,1,1,1,1,0,1,1,0,0,0,0,0,0,1,0,0,0,0,0,0,1,0,1,1,0
41060559,831.0491350121001,650,코란도,코란도 투리스모,92,168754,2157,9,10,6,0,1,1,1,1,1,0,1,0,1,0,0,0,1,0,0,0,0,0,1,0,0,1,0,0,0,1,1,0
40825865,704.8228682442713,480,모닝,더 뉴 모닝,42,123534,998,5,11,0,0,0,1,1,0,0,1,1,0,1,0,1,0,0,0,0,0,1,0,0,0,0,1,0,0,0,1,0,1
41492296,939.4476745546895,930,쏘울,올 뉴 쏘울,59,105386,1582,5,13,4,0,1,1,1,1,1,1,1,1,1,0,1,0,0,0,0,0,0,0,1,0,0,1,0,0,0,1,0,1
41647972,928.4206454774875,800,아반떼,아반떼 AD,62,127921,1591,5,9,2,0,0,1,1,1,1,1,1,1,1,1,0,0,0,0,0,0,1,0,0,0,0,0,0,1,0,1,0,1
41590751,947.3443649473054,630,아반떼,더 뉴 아반떼,62,126772,1591,5,12,8,0,0,1,1,1,1,1,1,0,1,1,0,0,0,0,0,0,1,0,0,0,0,1,0,0,0,1,0,1
41042760,468.8263197140382,730,SM3,SM3 네오,18,65334,1598,5,7,1,0,0,1,1,0,1,0,1,0,1,0,0,0,0,0,1,0,1,0,0,0,0,1,0,0,0,1,0,1
40468231,816.6985223123376,850,트랙스,더 뉴 트랙스,103,78315,1362,5,8,8,0,0,1,1,0,1,0,1,0,1,0,0,0,0,1,0,0,1,0,0,0,0,1,0,0,0,1,1,0
41487999,917.6449336423003,540,벨로스터,벨로스터,47,155524,1591,4,14,4,1,0,1,1,1,1,1,1,0,1,1,0,0,0,0,0,0,1,0,0,0,0,0,1,0,0,0,0,1
41642006,1266.4080669370128,1390,EQ900,EQ900,0,171461,3342,5,10,0,0,1,1,1,1,1,1,1,1,1,0,0,1,0,0,0,0,1,0,0,0,0,0,0,1,0,1,0,1
40973448,653.4029070992206,550,프라이드,올 뉴 프라이드,110,104355,1591,5,12,2,0,0,1,0,1,1,0,1,0,1,0,1,0,0,0,0,0,1,0,0,0,0,1,0,0,0,1,0,1
40927055,402.80707679553126,250,SM5,SM5 노바,19,217070,1998,5,11,19,0,0,1,1,0,0,1,1,0,1,0,0,0,0,0,1,1,0,0,0,0,0,1,0,0,0,1,0,1
41428953,1256.1011628396882,1420,XM3,XM3,23,68533,1598,5,5,1,0,1,1,1,0,1,1,1,0,1,0,0,0,0,0,1,0,1,0,0,0,0,1,0,0,0,1,1,0
41234548,1264.805265999821,1550,렉스턴,렉스턴 스포츠,35,106188,2157,5,8,1,0,1,1,1,1,1,1,1,0,1,0,0,0,1,0,0,0,0,0,1,0,0,0,0,1,0,1,1,0
41583246,813.3482474056841,900,말리부,올 뉴 말리부,40,113264,1490,5,9,2,0,0,1,1,1,1,0,1,1,1,0,0,0,0,1,0,0,1,0,0,0,0,1,0,0,0,1,0,1
40709234,1014.8324651358752,785,투싼,뉴 투싼 ix,101,141220,1995,5,11,6,1,0,1,1,0,1,1,1,0,1,1,0,0,0,0,0,0,0,0,1,0,0,1,0,0,0,1,1,0
41253012,989.5293758939163,1030,이쿼녹스,이쿼녹스,79,157510,1598,5,6,3,0,1,1,1,1,1,1,1,0,1,0,0,0,0,1,0,0,0,0,1,0,0,0,1,0,0,1,1,0
40179701,582.3662791811096,365,아베오,아베오 해치백,63,96570,1598,5,15,20,1,0,1,1,0,0,1,0,0,0,0,0,0,0,1,0,0,1,0,0,0,0,0,0,1,0,0,0,1
40844975,483.19448616103887,520,SM3,SM3 Z.E.,18,40082,74,5,11,1,0,0,1,1,1,1,0,1,0,1,0,0,0,0,0,1,0,0,0,0,1,0,1,0,0,0,1,0,1
41207278,935.928526081858,620,그랜저,그랜저 HG,27,73917,2359,5,15,6,0,0,1,1,1,1,1,1,0,1,1,0,0,0,0,0,0,1,0,0,0,0,0,0,1,0,1,0,1
40536073,870.010476653311,1299,제네시스,제네시스 DH,81,157911,3342,5,11,1,1,1,1,1,1,1,1,1,1,1,1,0,0,0,0,0,0,1,0,0,0,0,0,0,1,0,1,0,1
39515645,941.3889022900747,1050,쏘나타,LF 쏘나타 하이브리드,57,141245,1999,5,10,8,1,1,1,1,1,1,1,1,1,1,1,0,0,0,0,0,0,0,1,0,0,0,1,0,0,0,1,0,1
41512004,705.7898672846007,250,라세티,라세티 프리미어,33,95796,1796,5,17,8,1,0,1,1,1,1,0,1,0,1,0,0,0,0,1,0,0,1,0,0,0,0,0,1,0,0,1,0,1
41478012,896.2163622137289,1650,벨로스터,벨로스터 (JS),47,113232,1998,4,6,20,0,1,1,1,1,1,1,1,1,1,1,0,0,0,0,0,0,1,0,0,0,0,1,0,0,0,1,0,1
41635987,886.0914963836809,699,제네시스,제네시스,81,127774,3342,5,13,2,1,1,1,1,1,1,1,1,1,1,1,0,0,0,0,0,0,1,0,0,0,0,0,1,0,0,1,0,1
40133527,1050.1398208359376,700,투싼,뉴 투싼 ix,101,160830,1995,5,11,3,0,0,1,1,0,1,1,1,0,1,1,0,0,0,0,0,0,0,0,1,0,0,0,0,1,0,1,1,0
41297775,511.37274562236945,650,스파크,더 뉴 스파크,54,91922,999,5,8,6,0,0,1,1,0,1,1,1,0,1,0,0,0,0,1,0,0,1,0,0,0,0,0,0,1,0,1,0,1
40553665,719.0411628396882,490,QM3,QM3,15,192201,1461,5,11,1,0,0,1,1,1,1,1,1,0,1,0,0,0,0,0,1,0,0,0,1,0,0,0,0,0,1,1,1,0
41399098,1079.3476259860029,1090,싼타페,싼타페 DM,56,143523,1995,7,13,9,1,1,1,1,1,1,1,1,1,1,1,0,0,0,0,0,0,0,0,1,0,0,0,0,0,1,1,1,0
40329801,511.37274562236945,300,스파크,스파크,54,82130,995,5,13,19,0,0,1,0,0,0,0,1,0,1,0,0,0,0,1,0,0,1,0,0,0,0,0,0,1,0,1,0,1
41552362,1084.4388555279147,920,카니발,더 뉴 카니발,85,204614,2199,9,8,1,0,0,1,1,1,1,1,1,1,1,0,1,0,0,0,0,0,0,0,1,0,0,1,0,0,0,1,1,0
40999401,1307.3450904664935,1240,렉스턴,렉스턴 스포츠,35,136017,2157,5,8,7,0,0,1,1,0,1,1,1,0,1,0,0,0,1,0,0,0,0,0,1,0,0,0,0,1,0,1,1,0
40998531,1390.1913990791177,1639,캐스퍼,캐스퍼,88,28313,998,4,4,2,0,0,1,1,1,1,1,1,1,1,1,0,0,0,0,0,0,1,0,0,0,0,0,0,0,1,1,0,1
41335860,977.230670900442,860,쏘나타,LF 쏘나타 하이브리드,57,141549,1999,5,11,9,0,0,1,1,1,1,1,1,0,1,1,0,0,0,0,0,0,0,1,0,0,0,0,0,1,0,1,0,1
41169436,535.0819292958388,750,스파크,더 넥스트 스파크,54,52243,999,5,8,1,0,0,1,1,0,1,1,1,0,1,0,0,0,0,1,0,0,1,0,0,0,0,1,0,0,0,1,0,1
41555787,935.928526081858,395,그랜저,그랜저 HG,27,169671,2999,5,14,4,0,1,1,1,1,1,1,1,1,1,1,0,0,0,0,0,1,0,0,0,0,0,0,0,1,0,1,0,1
41624019,817.29454516165,990,말리부,올 뉴 말리부,40,96435,1490,5,9,7,1,1,1,1,1,1,1,1,1,1,0,0,0,0,1,0,0,1,0,0,0,0,1,0,0,0,1,0,1
41217818,390.5605814198441,229,SM5,뉴SM5(신형),19,109935,1998,5,16,13,1,0,0,1,1,0,1,1,0,1,0,0,0,0,0,1,0,1,0,0,0,0,0,0,1,0,1,0,1
41486359,814.4268981028265,830,말리부,올 뉴 말리부,40,106645,1998,5,9,7,1,1,1,1,1,1,1,1,1,1,0,0,0,0,1,0,0,1,0,0,0,0,0,0,0,1,1,0,1
41631480,936.9062313760018,1450,아반떼,더 뉴 아반떼 AD,62,64808,1598,5,6,1,0,0,1,1,1,1,1,1,0,1,1,0,0,0,0,0,0,1,0,0,0,0,1,0,0,0,1,0,1
41337242,390.557300432829,170,SM5,뉴SM5(신형),19,176328,1998,5,15,8,0,0,1,0,1,1,0,1,0,1,0,0,0,0,0,1,0,1,0,0,0,0,0,0,1,0,1,0,1
40706408,1192.3813152408418,930,맥스크루즈,맥스크루즈,41,166446,2199,7,13,4,0,0,1,1,1,1,1,1,1,1,1,0,0,0,0,0,0,0,0,1,0,0,0,0,1,0,1,1,0
41322264,943.9179347406766,1290,아반떼,더 뉴 아반떼 AD,62,87728,1598,5,7,0,0,0,1,1,1,1,1,1,0,1,1,0,0,0,0,0,0,1,0,0,0,0,1,0,0,0,1,0,1
39592858,962.3768750735256,830,티볼리,티볼리 아머,105,70297,1597,5,9,13,0,1,1,1,0,1,1,1,1,1,0,0,0,1,0,0,0,1,0,0,0,0,1,0,0,0,1,1,0
37424561,778.9139391480519,750,코란도,코란도 투리스모,92,118621,2157,5,10,6,0,0,1,1,1,1,0,1,0,1,0,0,0,1,0,0,0,0,0,1,0,0,0,1,0,0,1,1,0
41527543,820.6996852780783,880,SM6,SM6,20,53011,1997,5,9,0,0,0,1,1,1,1,0,1,0,1,0,0,0,0,0,1,0,1,0,0,0,0,0,0,1,0,1,0,1
41544275,1084.4388555279147,1050,카니발,올 뉴 카니발,85,119214,2199,9,11,10,0,0,1,1,0,1,1,1,1,1,0,1,0,0,0,0,0,0,0,1,0,0,1,0,0,0,1,1,0
41358952,1027.800505582473,1370,투싼,올 뉴 투싼,101,63878,1685,5,10,2,0,0,1,1,1,1,1,1,0,1,1,0,0,0,0,0,0,0,0,1,0,0,1,0,0,0,1,1,0
41462250,529.273314565499,620,올란도,올란도,77,108661,1998,7,10,0,1,0,1,1,1,1,1,1,0,1,0,0,0,0,1,0,1,0,0,0,0,0,1,0,0,0,1,1,0
41534870,1387.528585305339,1580,캐스퍼,캐스퍼,88,23689,998,4,4,2,0,0,1,1,1,1,1,1,1,1,1,0,0,0,0,0,0,1,0,0,0,0,1,0,0,0,1,0,1
41322538,967.6269960460112,1590,티볼리,베리 뉴 티볼리,105,39607,1497,5,5,5,0,1,1,1,0,1,1,1,1,1,0,0,0,1,0,0,0,1,0,0,0,0,1,0,0,0,1,1,0
41375348,905.6914320771383,1490,그랜저,그랜저 IG,27,134974,2359,5,8,3,0,1,1,1,1,1,1,1,1,1,1,0,0,0,0,0,0,1,0,0,0,0,0,0,1,0,1,0,1
41584596,521.1936913921791,650,스파크,더 넥스트 스파크,54,69753,999,5,9,2,0,0,1,1,0,0,1,1,0,1,0,0,0,0,1,0,0,1,0,0,0,0,0,0,1,0,1,0,1
40981228,711.2411628396882,1089,QM3,뉴QM3,15,19122,1461,5,7,2,0,1,1,1,1,1,1,1,0,1,0,0,0,0,0,1,0,0,0,1,0,0,0,0,0,1,1,1,0
41604515,1244.946731648438,30,G80,G80 (RG3),5,113166,2497,5,5,5,1,1,1,1,1,1,1,1,1,1,0,0,1,0,0,0,0,1,0,0,0,0,0,0,1,0,1,0,1
41651295,923.0393528184499,777,그랜저,그랜저 HG 하이브리드,27,162952,2359,5,11,2,0,0,1,1,1,1,1,1,1,1,1,0,0,0,0,0,0,0,1,0,0,0,0,1,0,0,1,0,1
40310580,1023.2941085597921,1380,K7,올 뉴 K7,12,60118,2359,5,10,2,0,0,0,0,0,0,0,0,0,0,0,1,0,0,0,0,0,1,0,0,0,0,0,0,1,0,1,0,1
41658178,884.6571584685064,1290,레이,더 뉴 기아 레이,34,58859,998,5,3,0,0,0,1,1,0,1,0,1,1,1,0,1,0,0,0,0,0,1,0,0,0,0,1,0,0,0,1,0,1
41168189,1138.5330669370128,1450,맥스크루즈,더 뉴 맥스크루즈,41,121441,2199,7,10,11,0,1,1,1,1,1,1,1,1,1,1,0,0,0,0,0,0,0,0,1,0,0,1,0,0,0,1,1,0
40962627,390.557300432829,399,SM5,SM5 노바,19,81805,1998,5,11,2,0,0,1,0,1,1,0,1,0,1,0,0,0,0,0,1,0,1,0,0,0,0,0,0,0,1,1,0,1
41601422,1309.1947392425673,1290,QM6,더 뉴 QM6,17,136292,1998,5,6,0,0,1,1,1,1,1,1,1,0,1,0,0,0,0,0,1,1,0,0,0,0,0,1,0,0,0,1,1,0
39887759,928.4206454774875,570,아반떼,아반떼 MD,62,83594,1591,5,14,1,0,0,1,1,1,0,1,1,0,1,1,0,0,0,0,0,0,1,0,0,0,0,0,1,0,0,1,0,1
41452207,1387.528585305339,1150,캐스퍼,캐스퍼,88,57174,998,2,4,1,0,0,1,1,0,0,1,0,0,0,1,0,0,0,0,0,0,1,0,0,0,0,0,0,1,0,1,0,1
40781592,968.6868564277833,250,쏘나타,YF 쏘나타,57,210814,1998,5,17,0,0,0,1,0,0,0,0,1,0,0,1,0,0,0,0,0,0,1,0,0,0,0,1,0,0,0,1,0,1
41384939,1105.0460061732351,1150,베뉴,베뉴,45,40362,1598,5,5,12,0,1,1,1,1,1,1,1,1,1,1,0,0,0,0,0,0,1,0,0,0,0,1,0,0,0,1,1,0
41550225,537.623042265147,469,올란도,올란도,77,128091,1998,7,12,0,0,0,1,1,1,1,0,1,0,1,0,0,0,0,1,0,0,0,0,1,0,0,1,0,0,0,1,1,0
41542552,910.4589389790043,1160,제네시스,제네시스 DH,81,156228,3342,5,11,16,1,1,1,1,1,1,1,1,1,1,1,0,0,0,0,0,0,1,0,0,0,0,0,1,0,0,1,0,1
41662329,930.193512170366,749,쏘나타,쏘나타 뉴 라이즈,57,242899,1999,5,9,6,0,0,1,1,1,1,1,1,0,1,1,0,0,0,0,0,1,0,0,0,0,0,1,0,0,0,1,0,1
41476870,936.9062313760018,520,아반떼,아반떼 MD,62,135823,1591,5,14,11,1,1,1,1,1,1,1,1,0,1,1,0,0,0,0,0,0,1,0,0,0,0,1,0,0,0,1,0,1
41626896,988.0567474787636,1470,스타렉스,더 뉴 그랜드 스타렉스,50,109953,2497,11,8,4,0,0,1,1,0,0,1,1,1,1,1,0,0,0,0,0,0,0,0,1,0,0,0,1,0,0,1,1,0
41610925,950.3037718506688,340,쏘나타,LF 쏘나타,57,379887,1999,5,12,3,0,0,1,1,1,1,1,1,1,1,1,0,0,0,0,0,1,0,0,0,0,0,0,1,0,0,1,0,1
41259250,907.2378156501135,1450,그랜저,그랜저 IG,27,123981,2359,5,9,7,0,1,1,1,1,1,1,1,1,1,1,0,0,0,0,0,0,1,0,0,0,0,0,1,0,0,1,0,1
41534912,1307.3450904664935,1590,렉스턴,렉스턴 스포츠,35,97215,2157,5,8,2,0,0,0,0,0,0,0,0,0,0,0,0,0,1,0,0,0,0,0,1,0,0,0,0,1,0,1,1,0
41350782,1023.4311157213216,810,K7,더 뉴 K7,12,58437,2359,5,13,1,0,1,1,1,1,1,1,1,0,1,0,1,0,0,0,0,0,1,0,0,0,0,0,0,1,0,1,0,1
41415367,868.079571411459,680,K3,K3,10,100801,1591,5,12,4,1,0,1,1,1,1,0,1,0,1,0,1,0,0,0,0,0,1,0,0,0,0,1,0,0,0,1,0,1
41602787,935.928526081858,1699,그랜저,그랜저 IG,27,111888,2999,5,8,8,0,1,1,1,1,1,1,1,1,1,1,0,0,0,0,0,0,1,0,0,0,0,0,0,1,0,1,0,1
41519637,867.5160324543092,699,레이,레이,34,75708,998,5,12,2,0,0,1,1,1,1,1,1,0,1,0,1,0,0,0,0,0,1,0,0,0,0,0,0,0,1,1,0,1
41552701,521.1936913921791,700,스파크,더 넥스트 스파크,54,59912,999,5,8,6,0,0,1,1,0,1,1,1,0,1,0,0,0,0,1,0,0,1,0,0,0,0,1,0,0,0,1,0,1
40983254,591.0966224282002,469,엑센트,엑센트(신형),74,142818,1591,5,11,7,0,0,1,1,1,0,1,1,0,1,1,0,0,0,0,0,0,1,0,0,0,0,1,0,0,0,1,0,1
41645159,969.3889001833381,660,티볼리,티볼리 에어,105,133434,1597,5,10,2,0,0,1,1,0,1,1,1,0,1,0,0,0,1,0,0,0,0,0,1,0,0,0,0,0,1,1,1,0
41006178,532.6342390295486,550,올란도,올란도,77,173678,1998,7,9,0,0,0,1,0,0,1,0,1,0,0,0,0,0,0,1,0,1,0,0,0,0,0,1,0,0,0,1,1,0
41257721,702.4010571269893,990,에쿠스,에쿠스(신형),73,331437,3778,5,13,5,0,0,1,1,1,1,1,1,1,1,1,0,0,0,0,0,0,1,0,0,0,0,0,1,0,0,1,0,1
41052771,455.50858679976017,490,SM3,SM3 Z.E.,18,45454,74,5,11,0,0,0,1,1,1,1,0,1,0,1,0,0,0,0,0,1,0,0,0,0,1,0,0,0,1,0,1,0,1
41323854,988.0567474787636,1560,스타렉스,그랜드 스타렉스,50,142473,2497,12,12,1,0,0,1,1,1,0,1,1,1,1,1,0,0,0,0,0,0,0,0,1,0,0,0,0,1,0,1,1,0
41604603,952.3521370538434,1650,K7,올 뉴 K7,12,81289,2359,5,7,1,1,1,1,1,1,1,1,1,1,1,0,1,0,0,0,0,0,1,0,0,0,0,0,0,1,0,1,0,1
41511280,890.5529070992204,600,아슬란,아슬란,64,229674,3342,5,12,5,0,1,1,1,1,1,1,1,1,1,1,0,0,0,0,0,0,1,0,0,0,0,0,0,1,0,1,0,1
41208211,814.5976259860029,660,말리부,올 뉴 말리부,40,159586,1998,5,9,8,1,1,1,1,1,1,1,1,0,1,0,0,0,0,1,0,0,1,0,0,0,0,0,1,0,0,1,0,1
41555840,928.4206454774875,1570,아반떼,아반떼 (CN7),62,96479,1598,5,6,8,1,1,1,1,1,1,1,1,1,1,1,0,0,0,0,0,0,1,0,0,0,0,0,0,0,1,1,0,1
40655525,845.8008944920679,620,K5,K5,11,142191,1999,5,14,10,1,1,1,1,1,1,1,1,1,1,0,1,0,0,0,0,0,1,0,0,0,0,1,0,0,0,1,0,1
39847389,455.50858679976017,250,SM3,뉴SM3,18,127419,1598,5,12,7,0,0,1,0,1,1,0,1,0,1,0,0,0,0,0,1,0,1,0,0,0,0,0,0,1,0,1,0,1
41497186,804.849667793527,530,SM6,SM6,20,155127,1998,5,10,2,0,0,0,0,0,0,0,0,0,0,0,0,0,0,0,1,1,0,0,0,0,0,1,0,0,0,1,0,1
40926748,1390.1913990791177,1300,캐스퍼,캐스퍼,88,101952,998,4,4,5,0,0,1,1,1,1,1,1,1,1,1,0,0,0,0,0,0,1,0,0,0,0,0,0,0,1,1,0,1
41625116,968.6868564277833,580,쏘나타,쏘나타 더 브릴리언트,57,123746,1999,5,13,16,1,0,1,1,1,1,1,1,1,1,1,0,0,0,0,0,0,1,0,0,0,0,0,1,0,0,1,0,1
41621331,1026.1187870977335,1150,스포티지,스포티지 4세대,55,139796,1995,5,10,10,1,1,1,1,0,1,1,1,1,1,0,1,0,0,0,0,0,0,0,1,0,0,1,0,0,0,1,1,0
41139023,1244.0155609115354,1550,코나,코나,91,72853,1582,5,9,1,0,1,1,1,1,1,1,1,1,1,1,0,0,0,0,0,0,0,0,1,0,0,0,0,0,1,1,1,0
41655734,1247.4949211722349,1620,렉스턴,렉스턴 스포츠,35,101513,2157,5,8,2,0,0,1,1,1,1,0,1,0,1,0,0,0,1,0,0,0,0,0,1,0,0,0,0,0,1,1,1,0
40592236,875.1505814198441,1399,제네시스,제네시스 DH,81,63160,3342,5,11,3,0,1,1,1,1,1,1,1,1,1,1,0,0,0,0,0,0,1,0,0,0,0,0,0,1,0,1,0,1
41620692,936.9062313760018,390,아반떼,아반떼 MD,62,169645,1591,5,16,2,0,0,1,1,1,0,1,1,0,1,1,0,0,0,0,0,0,1,0,0,0,0,1,0,0,0,1,0,1
40854369,955.8451653676005,990,이쿼녹스,이쿼녹스,79,82810,1598,5,8,18,0,1,1,1,1,1,1,1,0,1,0,0,0,0,1,0,0,0,0,1,0,0,1,0,0,0,1,1,0
41193149,1304.167236686122,990,QM6,QM6,17,148701,1995,5,9,2,1,1,1,1,1,1,1,1,1,1,0,0,0,0,0,1,0,0,0,1,0,0,1,0,0,0,1,1,0
41183391,1063.6126404216627,620,싼타페,싼타페 CM,56,125059,1995,7,16,0,0,0,1,1,1,0,1,1,0,1,1,0,0,0,0,0,0,0,0,1,0,0,1,0,0,0,1,1,0
41291643,748.3294020283487,1590,K5,더 뉴 K5 2세대,11,85810,1999,5,8,3,0,1,1,1,1,1,1,1,0,1,0,1,0,0,0,0,0,1,0,0,0,0,1,0,0,0,1,0,1
41478638,1051.6974101665487,1140,싼타페,싼타페 더 프라임,56,163000,1995,5,9,2,0,1,1,1,1,1,1,1,1,1,1,0,0,0,0,0,0,0,0,1,0,0,0,0,0,1,1,1,0
41576761,1072.7523168570258,890,싼타페,싼타페 DM,56,149761,1995,5,13,3,1,0,1,1,1,1,0,1,1,1,1,0,0,0,0,0,0,0,0,1,0,0,1,0,0,0,1,1,0
39093126,802.5490122794023,600,트랙스,트랙스,103,89745,1362,5,13,4,0,0,1,0,0,0,0,1,0,1,0,0,0,0,1,0,0,1,0,0,0,0,0,0,0,1,1,1,0
41382785,704.8228682442713,610,모닝,더 뉴 모닝,42,111244,998,5,11,3,0,0,1,1,1,1,1,1,0,1,0,1,0,0,0,0,0,1,0,0,0,0,1,0,0,0,1,0,1
41293035,723.7884711060512,499,QM3,QM3,15,112732,1461,5,12,3,0,0,1,1,1,1,1,1,0,0,0,0,0,0,0,1,0,0,0,1,0,0,1,0,0,0,1,1,0
41032506,967.6269960460112,700,티볼리,티볼리,105,154989,1597,5,11,1,1,0,1,1,0,1,0,1,0,1,0,0,0,1,0,0,0,0,0,1,0,0,0,0,0,1,1,1,0
41633746,851.0052856349465,450,포르테,포르테 쿱,109,73760,1591,5,15,4,1,0,1,1,1,0,0,1,0,1,0,1,0,0,0,0,0,1,0,0,0,0,0,1,0,0,1,0,1
41551136,963.6518467963097,1300,티볼리,티볼리 에어,105,47960,1597,5,9,2,1,0,1,1,0,1,1,1,0,1,0,0,0,1,0,0,0,0,0,1,0,0,1,0,0,0,1,1,0
41485909,402.80707679553126,260,SM5,뉴SM5 플래티넘,19,134028,1461,5,12,2,0,0,1,1,1,1,1,1,0,1,0,0,0,0,0,1,0,0,0,1,0,0,1,0,0,0,1,0,1
41592076,659.0006532807237,930,모닝,올 뉴 모닝 (JA),42,40105,998,5,9,0,0,0,1,1,1,1,1,1,0,1,0,1,0,0,0,0,0,1,0,0,0,0,0,1,0,0,1,0,1
39703048,845.8008944920679,950,K5,K5 2세대,11,105962,1999,5,10,6,0,0,1,1,0,1,1,1,0,1,0,1,0,0,0,0,0,1,0,0,0,0,1,0,0,0,1,0,1
41529281,1241.9551496183053,1400,G70,G70,4,132356,2199,5,8,15,0,1,1,1,1,1,1,1,1,1,0,0,1,0,0,0,0,0,0,1,0,0,1,0,0,0,1,0,1
39127965,870.8774225826837,490,임팔라,임팔라,80,148432,2457,5,10,2,0,0,1,1,1,1,0,1,0,1,0,0,0,0,1,0,0,1,0,0,0,0,0,0,1,0,1,0,1
41652421,1050.1398208359376,1070,투싼,올 뉴 투싼,101,107684,1995,5,11,4,0,0,1,1,0,0,0,0,0,1,1,0,0,0,0,0,0,0,0,1,0,0,1,0,0,0,1,1,0
41050122,820.6996852780783,560,SM6,SM6,20,144876,1998,5,10,11,1,0,1,1,1,1,1,1,0,1,0,0,0,0,0,1,1,0,0,0,0,0,1,0,0,0,1,0,1
40884888,970.8411733726565,1099,티볼리,티볼리 아머,105,72365,1597,5,9,3,0,1,1,1,0,1,1,1,1,1,0,0,0,1,0,0,0,1,0,0,0,0,1,0,0,0,1,1,0
41005382,830.7441133874026,490,코란도,코란도 투리스모,92,124400,1998,11,11,0,0,1,1,1,1,1,0,1,0,1,0,0,0,1,0,0,0,0,0,1,0,0,0,0,1,0,1,1,0
41576296,1072.7523168570258,1199,싼타페,싼타페 더 프라임,56,164195,1995,5,10,1,1,1,1,1,1,1,1,1,0,1,1,0,0,0,0,0,0,0,0,1,0,0,1,0,0,0,1,1,0
40442164,1051.6974101665487,1430,싼타페,싼타페 더 프라임,56,139640,1995,5,9,1,0,1,1,1,1,1,1,1,1,1,1,0,0,0,0,0,0,0,0,1,0,0,0,0,1,0,1,1,0
41573366,1057.082523447645,1050,싼타페,싼타페 DM,56,104788,1995,5,11,7,0,0,1,1,1,1,1,1,1,1,1,0,0,0,0,0,0,0,0,1,0,0,1,0,0,0,1,1,0
40729465,535.0819292958388,270,스파크,스파크,54,93393,995,5,13,2,0,0,1,0,0,0,1,0,0,0,0,0,0,0,1,0,0,1,0,0,0,0,0,0,1,0,0,0,1
41623925,1257.2352713994803,1390,EQ900,EQ900,0,231156,5038,4,9,2,0,1,1,1,1,1,1,1,1,1,0,0,1,0,0,0,0,1,0,0,0,0,0,0,0,1,1,0,1
41592948,511.37274562236945,330,스파크,스파크,54,108889,995,5,12,2,0,0,1,1,0,0,1,1,0,1,0,0,0,0,1,0,0,1,0,0,0,0,0,0,0,1,1,0,1
41158066,1012.2538228903043,699,스타렉스,그랜드 스타렉스,50,148252,2497,12,15,9,0,0,1,1,1,0,1,1,0,1,1,0,0,0,0,0,0,0,0,1,0,0,0,0,1,0,1,1,0
41575161,905.6914320771383,990,그랜저,그랜저 HG,27,107620,2199,5,12,4,1,1,1,1,1,1,1,1,1,1,1,0,0,0,0,0,0,0,0,1,0,0,0,1,0,0,1,0,1
41407406,468.8263197140382,430,SM3,SM3 네오,18,76447,1598,5,11,6,0,0,1,1,1,1,0,1,0,1,0,0,0,0,0,1,0,1,0,0,0,0,0,0,1,0,1,0,1
41620193,970.8411733726565,1350,티볼리,티볼리 에어,105,26348,1597,5,8,5,0,0,1,1,0,1,1,1,0,1,0,0,0,1,0,0,0,1,0,0,0,0,0,0,0,1,1,1,0
41140581,640.0624110609065,320,SM7,SM7 노바,21,269370,2495,5,10,8,0,1,1,1,1,1,1,1,1,1,0,0,0,0,0,1,0,1,0,0,0,0,0,0,1,0,1,0,1
41326135,936.9062313760018,384,아반떼,더 뉴 아반떼 (CN7),62,4,1598,5,1,2,0,1,1,1,1,1,1,1,1,1,1,0,0,0,0,0,0,1,0,0,0,0,1,0,0,0,1,0,1
41019987,977.230670900442,379,쏘나타,YF 쏘나타,57,138495,1999,5,14,10,0,0,1,1,1,1,1,1,0,1,1,0,0,0,0,0,0,1,0,0,0,0,0,0,1,0,1,0,1
41563679,653.1887112913419,620,SM7,SM7 노바,21,160768,1998,5,8,10,1,0,1,1,1,1,1,1,1,1,0,0,0,0,0,1,1,0,0,0,0,0,0,1,0,0,1,0,1
41623416,987.5738331607303,1130,스타렉스,그랜드 스타렉스,50,147888,2359,12,9,3,0,0,1,1,0,0,1,1,0,1,1,0,0,0,0,0,1,0,0,0,0,0,1,0,0,0,1,1,0
38198898,535.0819292958388,290,스파크,스파크,54,161488,995,5,12,1,0,0,1,0,0,0,0,1,0,1,0,0,0,0,1,0,1,0,0,0,0,0,0,0,1,0,1,0,1
41602614,880.2213244404137,995,레이,더 뉴 레이,34,138318,998,5,8,0,0,0,1,1,1,1,1,1,0,1,0,1,0,0,0,0,0,1,0,0,0,0,1,0,0,0,1,0,1
41254588,969.3889001833381,560,티볼리,티볼리 에어,105,152666,1597,5,8,0,0,0,0,1,0,0,1,1,0,1,0,0,0,1,0,0,0,0,0,1,0,0,1,0,0,0,1,1,0
41585140,1244.946731648438,1690,G80,G80,5,120558,3342,5,9,2,0,0,0,0,0,0,0,0,0,0,0,0,1,0,0,0,0,1,0,0,0,0,0,0,1,0,1,0,1
40607184,473.05967855859427,850,크루즈,올 뉴 크루즈,95,88904,1399,5,9,2,0,0,1,1,1,1,1,1,0,1,0,0,0,0,1,0,0,1,0,0,0,0,0,1,0,0,1,0,1
41655611,778.9139391480519,790,코란도,뉴 스타일 코란도 C,92,117087,2157,5,8,0,0,0,1,1,0,1,1,1,0,1,0,0,0,1,0,0,0,0,0,1,0,0,1,0,0,0,1,1,0
41446839,923.0393528184499,1230,그랜저,그랜저 HG 하이브리드,27,96106,2359,5,11,6,1,1,1,1,1,1,1,1,1,1,1,0,0,0,0,0,0,0,1,0,0,0,1,0,0,0,1,0,1
41032176,1012.2778089395711,880,K7,올 뉴 K7,12,151463,2359,5,10,2,1,0,1,1,1,1,1,1,1,1,0,1,0,0,0,0,0,1,0,0,0,0,1,0,0,0,1,0,1
41149378,817.7357216322383,1439,말리부,더 뉴 말리부,40,27613,1341,5,7,0,0,0,1,1,1,1,0,1,0,1,0,0,0,0,1,0,0,1,0,0,0,0,0,1,0,0,1,0,1
41599030,941.3889022900747,370,쏘나타,쏘나타 하이브리드,57,212200,1999,5,14,2,0,1,1,1,1,1,1,1,0,1,1,0,0,0,0,0,0,0,1,0,0,0,1,0,0,0,1,0,1
41178822,640.0624110609065,440,SM7,SM7 노바,21,216023,1998,5,11,6,0,0,1,1,1,1,1,1,0,1,0,0,0,0,0,1,1,0,0,0,0,0,1,0,0,0,1,0,1
41357620,1051.6974101665487,1070,싼타페,싼타페 DM,56,78377,1995,7,13,5,1,1,1,1,1,1,1,1,1,1,1,0,0,0,0,0,0,0,0,1,0,0,0,0,1,0,1,1,0
41633647,907.2378156501135,999,그랜저,그랜저 HG 하이브리드,27,148377,2359,5,11,3,0,1,1,1,1,1,1,1,1,1,1,0,0,0,0,0,0,0,1,0,0,0,1,0,0,0,1,0,1
41500442,672.6380015602682,410,모닝,올 뉴 모닝,42,103136,998,5,12,18,0,0,1,0,1,1,0,1,0,1,0,1,0,0,0,0,0,1,0,0,0,0,0,0,0,1,1,0,1
41537237,941.3889022900747,900,쏘나타,쏘나타 뉴 라이즈,57,174611,1591,5,9,12,0,1,1,1,1,1,1,1,1,1,1,0,0,0,0,0,0,1,0,0,0,0,0,0,1,0,1,0,1
41599677,1192.3813152408418,1450,맥스크루즈,더 뉴 맥스크루즈,41,156161,2199,7,10,3,0,0,1,1,1,1,1,1,1,1,1,0,0,0,0,0,0,0,0,1,0,0,0,0,0,1,1,1,0
41620979,963.6518467963097,650,티볼리,티볼리,105,106673,1597,5,9,14,0,0,1,1,0,1,1,1,0,1,0,0,0,1,0,0,0,0,0,1,0,0,1,0,0,0,1,1,0
40906850,468.8263197140382,220,SM3,뉴SM3,18,118709,1598,5,13,10,0,0,1,0,1,0,0,1,0,1,0,0,0,0,0,1,0,1,0,0,0,0,1,0,0,0,1,0,1
41643014,1014.8324651358752,350,투싼,투싼 ix,101,236296,1995,5,15,13,0,0,1,1,1,1,1,1,1,1,1,0,0,0,0,0,0,0,0,1,0,0,1,0,0,0,1,1,0
41591050,905.6914320771383,850,그랜저,그랜저 HG,27,74998,2359,5,11,4,0,1,1,1,1,1,1,1,1,1,1,0,0,0,0,0,0,1,0,0,0,0,0,0,1,0,1,0,1
41471399,831.0491350121001,490,코란도,뉴코란도 C,92,107724,1998,5,11,3,0,0,1,1,1,1,1,1,0,1,0,0,0,1,0,0,0,0,0,1,0,0,1,0,0,0,1,1,0
40973324,855.5577089623855,400,i30,i30,24,70555,1591,5,18,6,1,0,0,0,1,0,0,1,0,0,1,0,0,0,0,0,0,1,0,0,0,0,0,0,1,0,1,0,1
41207634,947.3443649473054,1120,아반떼,아반떼 AD,62,69549,1591,5,8,17,1,1,1,1,1,1,1,1,1,1,1,0,0,0,0,0,0,1,0,0,0,0,0,0,0,1,1,0,1
41378002,814.4268981028265,570,말리부,말리부,40,114384,1998,5,12,2,0,0,0,0,0,0,0,0,0,0,0,0,0,0,1,0,0,1,0,0,0,0,1,0,0,0,1,0,1
41377532,592.4795248257481,450,엑센트,엑센트(신형),74,149076,1368,5,12,9,0,0,1,1,0,0,1,1,0,1,1,0,0,0,0,0,0,1,0,0,0,0,0,1,0,0,1,0,1
41602328,867.4613543331805,550,제네시스,제네시스,81,161476,3342,5,14,1,0,0,1,1,1,1,1,1,0,1,1,0,0,0,0,0,0,1,0,0,0,0,0,0,1,0,1,0,1
41265005,699.989762412874,490,모닝,올 뉴 모닝,42,103125,998,5,13,15,1,0,1,1,0,1,1,1,0,1,0,1,0,0,0,0,0,1,0,0,0,0,0,0,1,0,1,0,1
41620958,950.3037718506688,470,쏘나타,쏘나타 더 브릴리언트,57,121450,1999,5,13,3,0,0,1,1,0,1,1,1,0,1,1,0,0,0,0,0,0,1,0,0,0,0,0,0,1,0,1,0,1
41641591,1256.5223711085262,1330,렉스턴,G4 렉스턴,35,171577,2157,5,9,1,0,1,1,1,1,1,1,1,1,1,0,0,0,1,0,0,0,0,0,1,0,0,1,0,0,0,1,1,0
41479001,1035.3350952116489,840,쏘렌토,올 뉴 쏘렌토,58,181407,1995,5,12,21,0,1,1,1,1,1,1,1,1,1,0,1,0,0,0,0,0,0,0,1,0,0,0,0,1,0,1,1,0
41561762,936.9062313760018,570,아반떼,아반떼 AD,62,134359,1582,5,10,18,1,0,1,1,1,1,1,1,0,1,1,0,0,0,0,0,0,0,0,1,0,0,1,0,0,0,1,0,1
39139148,1301.2282984354893,1380,QM6,더 뉴 QM6,17,64760,1998,5,6,19,0,1,1,1,1,1,1,1,1,1,0,0,0,0,0,1,1,0,0,0,0,0,0,0,1,0,1,1,0
40676628,817.29454516165,740,말리부,올 뉴 말리부,40,123930,1998,5,10,7,0,0,1,1,1,1,1,1,1,1,0,0,0,0,1,0,0,1,0,0,0,0,1,0,0,0,1,0,1
41190245,916.1401938066147,600,그랜저,그랜저 HG,27,96000,2359,5,13,2,0,0,1,1,1,1,1,1,0,1,1,0,0,0,0,0,0,1,0,0,0,0,0,1,0,0,1,0,1
40945204,1012.2538228903043,550,스타렉스,그랜드 스타렉스,50,239423,2497,12,15,10,0,0,0,1,0,0,1,1,0,1,1,0,0,0,0,0,0,0,0,1,0,0,0,0,1,0,1,1,0
40569218,831.0491350121001,650,코란도,더 뉴 코란도 스포츠,92,189078,2157,5,9,5,1,0,1,0,1,1,0,1,0,1,0,0,0,1,0,0,0,0,0,1,0,0,0,0,0,1,1,1,0
36529379,905.6914320771383,1699,그랜저,그랜저 IG,27,128510,2999,5,7,0,0,0,1,1,1,1,1,1,1,1,1,0,0,0,0,0,1,0,0,0,0,0,1,0,0,0,1,0,1
41276669,817.7357216322383,730,말리부,올 뉴 말리부,40,134491,1998,5,9,8,0,0,1,1,1,1,1,1,0,1,0,0,0,0,1,0,0,1,0,0,0,0,0,0,1,0,1,0,1
41593689,1210.4595446246751,1590,XM3,XM3,23,37718,1598,5,4,1,0,1,1,1,1,1,1,1,0,1,0,0,0,0,0,1,0,1,0,0,0,0,1,0,0,0,1,1,0
41321674,1079.3476259860029,680,싼타페,싼타페 DM,56,187675,1995,5,13,12,0,1,1,1,1,1,1,1,1,1,1,0,0,0,0,0,0,0,0,1,0,0,0,0,1,0,1,1,0
41447013,935.928526081858,319,그랜저,그랜저 HG,27,176890,2359,5,14,14,0,0,1,1,1,1,1,1,0,1,1,0,0,0,0,0,0,1,0,0,0,0,0,1,0,0,1,0,1
40366911,699.989762412874,460,모닝,더 뉴 모닝,42,98484,998,2,11,4,0,0,0,1,0,0,1,1,0,0,0,1,0,0,0,0,0,1,0,0,0,0,1,0,0,0,1,0,1
41428415,1012.2778089395711,999,K7,더 뉴 K7,12,55500,2359,5,13,3,1,1,1,1,1,1,1,1,0,1,0,1,0,0,0,0,0,1,0,0,0,0,0,1,0,0,1,0,1
40288125,483.19448616103887,580,SM3,SM3 Z.E.,18,94180,74,5,10,0,0,0,1,1,1,1,1,1,0,1,0,0,0,0,0,1,0,0,0,0,1,0,1,0,0,0,1,0,1
41509630,992.8099193332274,1690,스타렉스,더 뉴 그랜드 스타렉스,50,101718,2497,12,7,5,0,0,1,1,0,0,1,1,0,1,1,0,0,0,0,0,0,0,0,1,0,0,0,0,1,0,1,1,0
41308318,935.928526081858,465,그랜저,그랜저 HG,27,273670,2999,5,12,10,0,1,1,1,1,1,1,1,1,1,1,0,0,0,0,0,1,0,0,0,0,0,0,1,0,0,1,0,1
41653526,804.849667793527,1100,SM6,SM6,20,144705,1461,5,10,6,1,1,1,1,1,1,1,1,1,1,0,0,0,0,0,1,0,0,0,1,0,0,0,0,1,0,1,0,1
41268250,579.7070223918512,530,엑센트,엑센트(신형),74,77818,1399,5,15,1,0,0,1,0,0,0,0,1,0,1,1,0,0,0,0,0,0,1,0,0,0,0,1,0,0,0,1,0,1
40709902,907.2378156501135,770,그랜저,그랜저 HG,27,138690,2999,5,11,6,0,0,1,1,1,1,1,1,1,1,1,0,0,0,0,0,0,1,0,0,0,0,0,1,0,0,1,0,1
40556449,539.6756970784525,299,스파크,스파크,54,125634,995,5,12,20,0,0,1,1,0,0,1,1,0,1,0,0,0,0,1,0,0,1,0,0,0,0,0,0,0,1,1,0,1
41041543,511.37274562236945,450,스파크,더 넥스트 스파크,54,97838,999,5,10,4,0,0,1,1,1,0,1,1,0,1,0,0,0,0,1,0,0,1,0,0,0,0,0,1,0,0,1,0,1
41574841,1072.7523168570258,1550,싼타페,싼타페 TM,56,177128,1995,5,8,0,0,1,1,1,1,1,1,1,1,1,1,0,0,0,0,0,0,0,0,1,0,0,1,0,0,0,1,1,0
41529293,855.5577089623855,470,i30,i30,24,67316,1591,5,17,4,0,0,1,1,1,1,1,1,0,1,1,0,0,0,0,0,0,1,0,0,0,0,0,0,0,1,1,0,1
41346361,1390.1913990791177,1290,캐스퍼,캐스퍼,88,34211,998,2,4,1,0,0,1,0,0,0,0,1,1,1,1,0,0,0,0,0,0,1,0,0,0,0,0,0,0,1,1,0,1
41326703,867.5160324543092,679,레이,레이,34,97812,998,5,14,2,0,0,1,1,1,1,1,1,0,1,0,1,0,0,0,0,0,1,0,0,0,0,0,0,1,0,1,0,1
41323251,963.6518467963097,1360,티볼리,베리 뉴 티볼리,105,31945,1497,5,6,0,0,0,1,1,0,1,0,1,0,1,0,0,0,1,0,0,0,1,0,0,0,0,1,0,0,0,1,1,0
41087385,1072.7523168570258,1180,싼타페,싼타페 더 프라임,56,148759,1995,5,10,5,0,0,1,1,1,1,1,1,1,1,1,0,0,0,0,0,0,0,0,1,0,0,1,0,0,0,1,1,0
41536090,874.2614126660892,1149,벨로스터,벨로스터 (JS),47,131730,1591,4,8,7,1,1,1,1,1,1,1,1,1,1,1,0,0,0,0,0,0,1,0,0,0,0,0,0,0,1,0,0,1
40777185,1389.3158649586906,1680,캐스퍼,캐스퍼,88,32722,998,4,3,6,0,0,1,1,1,1,1,1,1,1,1,0,0,0,0,0,0,1,0,0,0,0,0,0,1,0,1,0,1
41569365,852.0527265859381,1200,K3,올 뉴 K3,10,119744,1598,5,8,2,0,1,1,1,0,1,1,1,1,1,0,1,0,0,0,0,0,1,0,0,0,0,1,0,0,0,1,0,1
40086826,402.80707679553126,360,SM5,뉴SM5 플래티넘,19,103345,1998,5,13,25,0,1,1,1,1,1,1,1,0,1,0,0,0,0,0,1,1,0,0,0,0,0,1,0,0,0,1,0,1
41635735,936.2255262529029,1610,아반떼,아반떼 (CN7),62,93054,1598,5,6,7,1,0,1,1,1,1,1,1,1,1,1,0,0,0,0,0,0,1,0,0,0,0,1,0,0,0,1,0,1
41563570,723.7884711060512,680,QM3,QM3,15,96270,1461,5,11,3,0,0,1,1,1,1,1,1,0,1,0,0,0,0,0,1,0,0,0,1,0,0,1,0,0,0,1,1,0
41034048,1024.6264535496102,1530,스포티지,스포티지 더 볼드,55,117506,1598,5,6,5,0,0,1,1,0,1,1,0,0,1,0,1,0,0,0,0,0,0,0,1,0,0,0,0,1,0,1,1,0
41633747,635.3109081424859,750,SM7,SM7 노바,21,128753,1998,5,8,8,0,1,1,1,1,1,1,1,1,1,0,0,0,0,0,1,1,0,0,0,0,0,1,0,0,0,1,0,1
41499844,1035.2811628396882,1440,스포티지,스포티지 더 볼드,55,125966,1995,5,6,5,0,0,1,0,0,1,1,0,0,1,0,1,0,0,0,0,0,0,0,1,0,0,1,0,0,0,1,1,0
41593404,1256.713002151279,39,코나,코나 (SX2),91,41870,1598,5,3,1,0,1,1,1,1,1,1,1,1,1,1,0,0,0,0,0,0,1,0,0,0,0,0,0,1,0,1,1,0
40668927,833.2990788440546,850,코란도,코란도 투리스모,92,106582,2157,7,10,3,1,1,1,1,1,1,1,1,0,1,0,0,0,1,0,0,0,0,0,1,0,0,0,0,1,0,1,1,0
41453245,905.6914320771383,1550,그랜저,그랜저 IG,27,149688,2199,5,8,9,0,0,1,1,1,1,1,1,1,1,1,0,0,0,0,0,0,0,0,1,0,0,0,0,1,0,1,0,1
40588086,1259.5072485972,1399,G80,G80,5,156093,3342,5,10,2,0,1,1,1,1,1,1,1,1,1,0,0,1,0,0,0,0,1,0,0,0,0,0,1,0,0,1,0,1
41435990,968.6868564277833,1650,쏘나타,쏘나타 뉴 라이즈,57,47970,1999,5,9,1,0,0,1,1,1,1,1,1,0,1,1,0,0,0,0,0,0,1,0,0,0,0,1,0,0,0,1,0,1
41645870,1014.8324651358752,1650,투싼,올 뉴 투싼,101,118838,1995,5,11,0,1,1,1,1,1,1,1,1,1,1,1,0,0,0,0,0,0,0,0,1,0,0,1,0,0,0,1,1,0
41446647,928.4206454774875,1680,아반떼,아반떼 (CN7),62,72459,1598,5,5,1,0,0,1,1,1,1,1,1,1,1,1,0,0,0,0,0,0,1,0,0,0,0,0,0,1,0,1,0,1
41638275,526.5779521455554,699,스파크,더 넥스트 스파크,54,53206,999,5,11,2,0,0,1,1,1,1,0,1,0,1,0,0,0,0,1,0,0,1,0,0,0,0,1,0,0,0,1,0,1
41379940,1247.4949211722349,750,렉스턴,렉스턴 W,35,148426,2157,5,11,2,0,1,1,1,1,1,0,1,1,1,0,0,0,1,0,0,0,0,0,1,0,0,0,0,0,1,1,1,0
41546094,1132.3567142575616,1370,맥스크루즈,더 뉴 맥스크루즈,41,174554,2199,6,9,10,0,1,1,1,1,1,1,1,1,1,1,0,0,0,0,0,0,0,0,1,0,0,0,0,1,0,1,1,0
41151509,1039.3890878449547,1460,캡처,캡처,89,43812,1332,5,6,1,0,1,1,1,1,1,1,1,0,1,0,0,0,0,0,1,0,1,0,0,0,0,1,0,0,0,1,1,0
41589389,936.9062313760018,1180,아반떼,더 뉴 아반떼 AD,62,80934,1598,5,8,12,0,1,1,1,1,1,1,1,0,1,1,0,0,0,0,0,0,1,0,0,0,0,1,0,0,0,1,0,1
41640535,855.9619243526355,599,K3,더 뉴 K3,10,149785,1591,5,10,2,0,0,0,0,0,0,0,0,0,0,0,1,0,0,0,0,0,1,0,0,0,0,1,0,0,0,1,0,1
41239359,928.4206454774875,820,아반떼,아반떼 AD,62,120000,1591,5,10,0,0,0,1,1,1,0,1,1,0,1,1,0,0,0,0,0,0,1,0,0,0,0,1,0,0,0,1,0,1
41652692,672.6380015602682,1450,모닝,모닝 어반 (JA),42,15046,998,5,4,0,0,0,1,1,1,1,1,1,1,1,0,1,0,0,0,0,0,1,0,0,0,0,1,0,0,0,1,0,1
41346673,1012.2538228903043,1260,스타렉스,그랜드 스타렉스,50,86882,2497,12,10,11,0,0,1,1,1,0,1,1,1,1,1,0,0,0,0,0,0,0,0,1,0,0,0,0,1,0,1,1,0
41079280,699.3612958560294,340,라세티,라세티 프리미어,33,32573,1598,5,17,2,0,0,1,1,1,0,0,1,0,0,0,0,0,0,1,0,0,1,0,0,0,0,0,0,1,0,1,0,1
40487503,842.1279070156255,550,K5,K5,11,99339,1998,5,14,9,0,0,1,1,1,1,1,1,0,1,0,1,0,0,0,0,0,1,0,0,0,0,1,0,0,0,1,0,1
41479233,967.6269960460112,1050,티볼리,티볼리,105,32401,1597,5,10,3,0,0,1,1,0,1,1,1,0,1,0,0,0,1,0,0,0,1,0,0,0,0,1,0,0,0,1,1,0
41545597,817.29454516165,1590,말리부,더 뉴 말리부,40,112973,1341,5,5,2,0,1,1,1,1,1,1,1,1,1,0,0,0,0,1,0,0,1,0,0,0,0,1,0,0,0,1,0,1
40920330,1307.3450904664935,1300,렉스턴,G4 렉스턴,35,117569,2157,5,8,14,0,1,1,1,0,1,1,1,1,1,0,0,0,1,0,0,0,0,0,1,0,0,0,1,0,0,1,1,0
41623250,892.2058141984411,27,아이오닉5,아이오닉5,66,116747,111,5,3,0,0,1,1,1,1,1,1,1,1,1,1,0,0,0,0,0,0,0,0,0,1,0,0,0,1,0,1,0,1
40789792,699.3612958560294,180,마티즈,마티즈 크리에이티브,39,134258,995,5,15,4,0,0,1,0,0,0,1,1,0,1,0,0,0,0,1,0,0,1,0,0,0,0,0,0,0,1,1,0,1
41560086,952.3521370538434,1099,K7,올 뉴 K7,12,191831,2359,5,9,3,0,1,1,1,1,1,1,1,1,1,0,1,0,0,0,0,0,1,0,0,0,0,0,1,0,0,1,0,1
41427314,935.928526081858,488,그랜저,그랜저 HG,27,130492,2999,5,14,2,0,0,1,1,1,1,1,1,1,1,1,0,0,0,0,0,0,1,0,0,0,0,0,1,0,0,1,0,1
41647447,1051.6974101665487,340,싼타페,싼타페 CM,56,221392,1995,7,15,9,0,0,1,1,1,0,0,1,0,1,1,0,0,0,0,0,0,0,0,1,0,0,1,0,0,0,1,1,0
41592989,820.6996852780783,980,SM6,SM6,20,76881,1997,5,8,2,0,0,0,0,0,0,0,0,0,0,0,0,0,0,0,1,0,1,0,0,0,0,1,0,0,0,1,0,1
41295637,553.7149246371913,350,올란도,올란도,77,260025,1998,7,14,34,0,0,1,1,1,1,1,1,0,1,0,0,0,0,1,0,1,0,0,0,0,0,0,0,1,0,1,1,0
41323463,1134.213586420232,1540,셀토스,셀토스,49,68582,1598,5,6,2,0,0,0,0,0,0,0,0,0,0,0,1,0,0,0,0,0,0,0,1,0,0,1,0,0,0,1,1,0
41585045,711.2411628396882,990,QM3,뉴QM3,15,22245,1461,5,7,3,0,1,1,1,1,1,0,1,0,1,0,0,0,0,0,1,0,0,0,1,0,0,0,0,0,1,1,1,0
41584609,1290.1127261662336,1380,EQ900,EQ900,0,191032,3778,5,10,14,0,1,1,1,1,1,1,1,1,1,0,0,1,0,0,0,0,1,0,0,0,0,0,1,0,0,1,0,1
40889559,820.6996852780783,1600,SM6,더 뉴 SM6,20,44968,1798,5,6,0,0,1,1,1,1,1,0,1,0,1,0,0,0,0,0,1,0,1,0,0,0,0,0,0,1,0,1,0,1
41633832,1257.9607752264587,852,G80,G80 (RG3),5,98582,3470,5,3,2,0,0,0,0,0,0,0,0,0,0,0,0,1,0,0,0,0,1,0,0,0,0,0,1,0,0,1,0,1
41534242,962.3768750735256,870,티볼리,티볼리 에어,105,120284,1597,5,10,0,0,1,1,1,1,1,1,1,0,1,0,0,0,1,0,0,0,1,0,0,0,0,1,0,0,0,1,1,0
41435632,830.7441133874026,430,코란도,코란도 스포츠,92,269039,1998,5,13,13,0,0,1,1,0,0,1,1,0,0,0,0,0,1,0,0,0,0,0,1,0,0,0,0,1,0,1,1,0
41310334,1301.1905814198442,1650,QM6,더 뉴 QM6,17,41824,1997,5,4,6,0,1,1,1,1,1,1,1,0,1,0,0,0,0,0,1,0,1,0,0,0,0,1,0,0,0,1,1,0
40929804,895.5676356997402,890,레이,더 뉴 기아 레이,34,85455,998,2,4,11,0,0,1,0,0,1,0,1,0,1,0,1,0,0,0,0,0,1,0,0,0,0,1,0,0,0,1,0,1
41497724,808.6038761322941,650,라보,뉴 라보,32,56473,796,2,10,1,0,0,0,1,0,0,1,0,0,0,0,0,0,0,1,0,1,0,0,0,0,0,1,0,0,0,0,1,0
41392353,768.0397857057295,1000,트랙스,더 뉴 트랙스,103,62904,1598,5,6,2,0,0,1,1,0,1,0,1,0,1,0,0,0,0,1,0,0,0,0,1,0,0,0,0,1,0,1,1,0
41512581,970.8411733726565,520,티볼리,티볼리,105,133359,1597,5,11,17,0,1,1,1,1,1,1,1,1,1,0,0,0,1,0,0,0,0,0,1,0,0,1,0,0,0,1,1,0
40578157,1010.3075581570316,1159,스타렉스,그랜드 스타렉스,50,29282,2497,5,12,4,0,0,1,1,0,0,1,1,0,1,1,0,0,0,0,0,0,0,0,1,0,0,1,0,0,0,1,1,0
41016262,389.9312687325189,370,SM5,뉴SM5 플래티넘,19,54488,1998,5,13,22,0,0,1,1,1,1,1,1,0,1,0,0,0,0,0,1,0,1,0,0,0,0,0,0,1,0,1,0,1
41178034,930.193512170366,800,쏘나타,LF 쏘나타,57,119466,1999,5,11,9,0,0,1,1,1,1,1,1,0,1,1,0,0,0,0,0,0,1,0,0,0,0,1,0,0,0,1,0,1
41568647,935.928526081858,649,그랜저,그랜저 HG,27,153165,2199,5,11,9,0,1,1,1,1,1,1,1,1,1,1,0,0,0,0,0,0,0,0,1,0,0,0,1,0,0,1,0,1
41539880,905.6914320771383,1620,그랜저,그랜저 IG,27,65764,2199,5,9,3,0,1,1,1,1,1,0,1,1,1,1,0,0,0,0,0,0,0,0,1,0,0,0,0,1,0,1,0,1
41404980,1051.6974101665487,1380,싼타페,싼타페 더 프라임,56,101337,1995,5,10,5,1,1,1,1,1,1,1,1,1,1,1,0,0,0,0,0,0,0,0,1,0,0,0,0,1,0,1,1,0
38634205,397.0685256503341,600,SM5,SM5 노바,19,88302,1998,5,10,1,0,1,1,0,0,1,0,1,0,1,0,0,0,0,0,1,0,1,0,0,0,0,1,0,0,0,1,0,1
41571689,576.7830669370128,499,QM5,QM5 네오,16,135444,1995,5,11,2,0,0,1,0,1,1,0,1,0,1,0,0,0,0,0,1,0,0,0,1,0,0,0,0,1,0,1,1,0
41606235,970.8411733726565,1330,티볼리,베리 뉴 티볼리,105,96694,1497,5,4,4,0,0,1,1,0,1,1,1,1,1,0,0,0,1,0,0,0,1,0,0,0,0,1,0,0,0,1,1,0
41638830,591.0966224282002,520,엑센트,엑센트(신형),74,84165,1368,5,13,2,0,0,1,0,0,0,1,1,0,1,1,0,0,0,0,0,0,1,0,0,0,0,1,0,0,0,1,0,1
40996162,1049.3121647680316,1690,스팅어,스팅어 마이스터,53,169277,2497,5,6,3,0,1,1,1,1,1,1,1,1,1,0,1,0,0,0,0,0,1,0,0,0,0,1,0,0,0,1,0,1
41523583,935.928526081858,950,그랜저,그랜저 IG 하이브리드,27,226342,2359,5,9,0,0,0,1,1,1,1,1,1,0,1,1,0,0,0,0,0,0,0,1,0,0,0,0,0,1,0,1,0,1
39508906,935.928526081858,1089,그랜저,그랜저 IG,27,252119,2999,5,9,0,0,0,1,1,1,1,1,1,1,1,1,0,0,0,0,0,0,1,0,0,0,0,0,0,1,0,1,0,1
40340573,819.4078380887734,1150,SM6,SM6,20,69847,1998,5,7,11,1,1,1,1,1,1,1,1,1,1,0,0,0,0,0,1,1,0,0,0,0,0,1,0,0,0,1,0,1
41581506,402.80707679553126,220,SM5,뉴SM5(신형),19,197715,1998,5,16,14,1,0,1,1,1,1,0,1,0,1,0,0,0,0,0,1,1,0,0,0,0,0,0,0,1,0,1,0,1
41553045,905.6914320771383,330,그랜저,그랜저 뉴 럭셔리,27,62053,2656,5,18,17,0,0,1,1,1,0,1,1,0,1,1,0,0,0,0,0,0,1,0,0,0,0,0,1,0,0,1,0,1
41576660,875.1505814198441,550,제네시스,제네시스,81,154062,3342,5,15,17,0,1,1,1,1,1,1,1,1,1,1,0,0,0,0,0,0,1,0,0,0,0,0,0,1,0,1,0,1
41578564,936.9062313760018,1299,아반떼,더 뉴 아반떼 AD,62,54529,1598,5,8,5,0,0,1,1,1,1,1,1,0,0,1,0,0,0,0,0,0,1,0,0,0,0,0,0,1,0,1,0,1
40963767,1307.3450904664935,299,렉스턴,슈퍼 렉스턴,35,106414,1998,7,15,9,1,0,1,1,1,0,0,1,0,1,0,0,0,1,0,0,0,0,0,1,0,0,0,1,0,0,1,1,0
41613232,1301.1905814198442,1670,QM6,더 뉴 QM6,17,78580,1998,5,7,4,1,1,1,1,1,1,0,1,1,1,0,0,0,0,0,1,1,0,0,0,0,0,1,0,0,0,1,1,0
41351002,1197.9504285254952,1640,G70,G70,4,139103,1998,5,8,9,0,1,1,1,1,1,1,1,1,1,0,0,1,0,0,0,0,1,0,0,0,0,0,0,0,1,1,0,1
40968884,935.928526081858,449,그랜저,그랜저 HG,27,149208,2999,5,15,2,0,0,0,0,0,0,0,0,0,0,1,0,0,0,0,0,0,1,0,0,0,0,0,1,0,0,1,0,1
41270876,1023.4311157213216,759,K7,더 프레스티지 K7,12,68217,2999,5,14,7,1,0,1,1,1,1,1,1,0,1,0,1,0,0,0,0,1,0,0,0,0,0,0,0,1,0,1,0,1
39924788,941.3889022900747,1030,쏘나타,LF 쏘나타,57,104394,1999,5,11,5,1,0,1,1,1,1,1,1,0,1,1,0,0,0,0,0,0,1,0,0,0,0,1,0,0,0,1,0,1
41624569,635.3109081424859,530,SM7,SM7 노바,21,136974,2495,5,12,2,0,1,1,1,1,1,0,1,1,1,0,0,0,0,0,1,0,1,0,0,0,0,0,0,1,0,1,0,1
41524574,1051.6974101665487,1080,싼타페,싼타페 DM,56,120566,1995,5,12,6,1,1,1,1,1,1,1,1,1,1,1,0,0,0,0,0,0,0,0,1,0,0,1,0,0,0,1,1,0
41182948,969.3889001833381,1610,티볼리,베리 뉴 티볼리,105,7063,1497,5,5,0,0,0,1,1,0,1,1,1,0,1,0,0,0,1,0,0,0,1,0,0,0,0,1,0,0,0,1,1,0
40883927,659.0006532807237,200,모닝,올 뉴 모닝,42,179018,998,2,12,11,0,0,0,0,0,0,0,0,0,0,0,1,0,0,0,0,0,1,0,0,0,0,0,0,0,1,1,0,1
41235069,536.9253131532466,290,아베오,아베오 세단,63,88859,1598,5,13,9,0,0,1,1,0,0,1,1,0,1,0,0,0,0,1,0,0,1,0,0,0,0,0,0,1,0,1,0,1
40955073,930.193512170366,430,쏘나타,YF 쏘나타,57,136187,1998,5,16,9,0,0,1,1,1,0,1,1,0,1,1,0,0,0,0,0,0,1,0,0,0,0,0,1,0,0,1,0,1
41425362,943.9179347406766,489,아반떼,아반떼 MD,62,119000,1591,5,15,2,0,0,1,1,0,0,1,1,0,1,1,0,0,0,0,0,1,0,0,0,0,0,0,0,1,0,1,0,1
41208047,537.623042265147,629,올란도,올란도,77,82339,1998,7,14,2,0,0,1,1,1,1,1,1,0,1,0,0,0,0,1,0,1,0,0,0,0,0,1,0,0,0,1,1,0
41431524,1027.800505582473,1150,투싼,올 뉴 투싼,101,118384,1685,5,10,2,1,1,1,0,1,1,0,1,1,1,1,0,0,0,0,0,0,0,0,1,0,0,1,0,0,0,1,1,0
41550595,1037.3051417342533,560,투싼,투싼 ix,101,137117,1995,5,15,1,1,0,1,1,1,1,0,1,1,1,1,0,0,0,0,0,0,0,0,1,0,0,0,0,1,0,1,1,0
41590621,1390.1913990791177,1690,캐스퍼,캐스퍼,88,31703,998,4,5,3,1,1,1,1,1,1,1,1,1,1,1,0,0,0,0,0,0,1,0,0,0,0,0,0,0,1,1,0,1
41355316,936.2255262529029,620,아반떼,더 뉴 아반떼,62,144764,1591,5,12,8,0,0,1,1,1,1,1,1,0,1,1,0,0,0,0,0,0,1,0,0,0,0,0,1,0,0,1,0,1
41590221,537.623042265147,299,올란도,올란도,77,174093,1998,7,11,10,0,0,0,1,0,0,1,0,0,1,0,0,0,0,1,0,1,0,0,0,0,0,0,0,1,0,1,1,0
41649851,875.1505814198441,1199,제네시스,제네시스 DH,81,150206,3342,5,12,7,0,1,1,1,1,1,1,1,1,1,1,0,0,0,0,0,0,1,0,0,0,0,0,1,0,0,1,0,1
40923549,895.5676356997402,550,레이,레이,34,158010,998,5,10,2,0,0,0,0,0,0,0,0,0,0,0,1,0,0,0,0,0,1,0,0,0,0,0,0,0,1,1,0,1
41644419,468.8263197140382,350,SM3,SM3 네오,18,167321,1598,5,12,2,0,0,1,0,1,1,0,1,0,1,0,0,0,0,0,1,0,1,0,0,0,0,1,0,0,0,1,0,1
41455339,977.230670900442,1560,쏘나타,쏘나타 (DN8),57,105199,1999,5,6,8,0,1,1,1,1,1,1,1,1,1,1,0,0,0,0,0,0,1,0,0,0,0,0,1,0,0,1,0,1
41542674,1027.800505582473,890,투싼,뉴 투싼 ix,101,86385,1995,5,12,3,0,1,1,1,1,1,1,1,1,1,1,0,0,0,0,0,0,0,0,1,0,0,1,0,0,0,1,1,0
41613358,928.4206454774875,269,아반떼,아반떼 MD,62,191380,1591,5,15,16,0,0,1,1,1,1,1,1,0,1,1,0,0,0,0,0,0,1,0,0,0,0,1,0,0,0,1,0,1
40469569,804.849667793527,590,SM6,SM6,20,141653,1998,5,10,20,0,1,1,1,1,1,1,1,0,1,0,0,0,0,0,1,1,0,0,0,0,0,1,0,0,0,1,0,1
41620005,1057.082523447645,1550,싼타페,싼타페 더 프라임,56,86619,1995,5,10,1,1,1,1,1,1,1,1,1,1,1,1,0,0,0,0,0,0,0,0,1,0,0,1,0,0,0,1,1,0
41154398,916.1401938066147,1250,그랜저,그랜저 IG,27,144396,2359,5,9,5,0,1,1,1,1,1,1,1,1,1,1,0,0,0,0,0,0,1,0,0,0,0,0,1,0,0,1,0,1
41435145,1259.5072485972,1650,G80,G80,5,138601,3342,5,8,22,0,1,1,1,1,1,1,1,1,1,0,0,1,0,0,0,0,0,1,0,0,0,0,1,0,0,1,0,1
41304565,935.928526081858,430,그랜저,그랜저 HG,27,231544,2999,5,14,2,1,1,1,1,1,1,1,1,1,1,1,0,0,0,0,0,0,1,0,0,0,0,0,1,0,0,1,0,1
41220254,936.9062313760018,1699,아반떼,아반떼 (CN7),62,80935,1598,5,5,0,0,0,1,1,1,1,1,1,1,1,1,0,0,0,0,0,0,1,0,0,0,0,1,0,0,0,1,0,1
41050270,1023.2941085597921,460,K7,더 뉴 K7,12,206131,2359,5,14,2,1,1,1,1,1,1,1,1,0,1,0,1,0,0,0,0,0,1,0,0,0,0,0,1,0,0,1,0,1
40802145,856.0406977686312,890,베라크루즈,베라크루즈,46,173994,2959,7,15,13,1,1,1,1,1,1,1,1,0,1,1,0,0,0,0,0,0,0,0,1,0,0,1,0,0,0,1,1,0
41373852,511.37274562236945,370,스파크,스파크,54,60571,995,5,12,2,0,0,1,0,0,0,0,1,0,1,0,0,0,0,1,0,0,1,0,0,0,0,0,0,1,0,1,0,1
41662268,1037.3051417342533,909,투싼,올 뉴 투싼,101,122135,1685,5,10,8,0,0,1,1,0,1,1,1,0,1,1,0,0,0,0,0,0,0,0,1,0,0,0,0,1,0,1,1,0
41630699,943.9179347406766,590,아반떼,아반떼 MD,62,123942,1591,5,13,0,0,0,1,1,1,1,1,1,0,1,1,0,0,0,0,0,0,1,0,0,0,0,1,0,0,0,1,0,1
41036305,793.2511181150848,1490,K3,더 뉴 K3 2세대,10,94503,1598,5,3,6,0,0,1,1,1,1,1,1,1,1,0,1,0,0,0,0,0,1,0,0,0,0,1,0,0,0,1,0,1
41386406,1244.946731648438,1670,G80,G80,5,142308,3342,5,8,14,0,1,1,1,1,1,1,1,1,1,0,0,1,0,0,0,0,1,0,0,0,0,0,1,0,0,1,0,1
41461357,1014.8324651358752,1590,투싼,올 뉴 투싼,101,57275,1591,5,9,1,0,1,1,1,1,1,1,1,1,1,1,0,0,0,0,0,0,1,0,0,0,0,0,0,0,1,1,1,0
41592735,992.8099193332274,650,스타렉스,그랜드 스타렉스,50,191614,2497,5,12,11,0,0,1,1,0,0,1,1,1,1,1,0,0,0,0,0,0,0,0,1,0,0,1,0,0,0,1,1,0
41641478,768.0397857057295,630,트랙스,트랙스,103,84011,1362,5,10,3,0,0,1,1,0,0,1,1,0,1,0,0,0,0,1,0,0,1,0,0,0,0,1,0,0,0,1,1,0
41258804,1051.6974101665487,1410,싼타페,싼타페 더 프라임,56,114521,1995,5,9,4,0,1,1,1,1,1,1,1,1,1,1,0,0,0,0,0,0,0,0,1,0,0,0,0,0,1,1,1,0
41127986,936.9062313760018,1175,아반떼,더 뉴 아반떼 AD,62,126238,1598,5,7,1,0,0,1,1,0,1,1,1,0,1,1,0,0,0,0,0,0,1,0,0,0,0,0,0,1,0,1,0,1
41625166,840.0955669370128,630,베라크루즈,베라크루즈,46,136812,2959,7,19,5,1,1,1,1,1,1,0,1,0,1,1,0,0,0,0,0,0,0,0,1,0,0,0,0,1,0,1,1,0
41460700,947.3443649473054,540,아반떼,아반떼 MD,62,76512,1591,5,15,6,1,0,1,0,1,0,0,1,0,1,1,0,0,0,0,0,0,1,0,0,0,0,1,0,0,0,1,0,1
41453894,856.0406977686312,990,베라크루즈,베라크루즈,46,214624,2959,7,11,9,1,1,1,1,1,1,0,1,1,1,1,0,0,0,0,0,0,0,0,1,0,0,0,1,0,0,1,1,0
41605582,1023.4311157213216,1630,K7,올 뉴 K7 하이브리드,12,139830,2359,5,8,1,0,1,1,1,1,1,1,1,1,1,0,1,0,0,0,0,0,0,1,0,0,0,0,0,1,0,1,0,1
41568255,699.989762412874,698,모닝,올 뉴 모닝 (JA),42,108359,998,5,9,5,0,0,1,1,1,1,1,1,0,1,0,1,0,0,0,0,0,1,0,0,0,0,1,0,0,0,1,0,1
41154849,831.0491350121001,280,코란도,코란도 C,92,176821,1998,5,14,2,1,0,1,1,0,0,1,1,0,1,0,0,0,1,0,0,0,0,0,1,0,0,1,0,0,0,0,1,0
41078479,521.1936913921791,520,스파크,더 넥스트 스파크,54,60255,999,5,11,8,0,0,1,1,0,1,0,1,0,1,0,0,0,0,1,0,0,1,0,0,0,0,1,0,0,0,1,0,1
41609959,535.0819292958388,580,스파크,더 넥스트 스파크,54,92458,999,5,10,2,0,0,1,1,0,1,0,1,0,1,0,0,0,0,1,0,0,1,0,0,0,0,0,1,0,0,1,0,1
40993404,511.37274562236945,400,스파크,더 넥스트 스파크,54,118207,999,5,10,7,0,0,1,1,0,0,0,0,0,0,0,0,0,0,1,0,0,1,0,0,0,0,1,0,0,0,1,0,1
40879900,1044.2984497031264,950,모하비,모하비,43,88030,2959,7,14,5,1,1,1,0,1,0,1,1,1,1,0,1,0,0,0,0,0,0,0,1,0,0,0,0,1,0,1,1,0
41215149,947.3443649473054,430,아반떼,아반떼 MD,62,160632,1591,5,14,0,0,0,1,1,1,0,1,1,0,1,1,0,0,0,0,0,0,1,0,0,0,0,0,0,1,0,1,0,1
41515475,487.41627910745245,460,크루즈,올 뉴 크루즈,95,127817,1399,5,9,21,0,0,1,1,0,1,0,1,0,1,0,0,0,0,1,0,0,1,0,0,0,0,0,0,1,0,1,0,1
39292064,817.7357216322383,690,말리부,올 뉴 말리부,40,176893,1796,5,9,15,1,0,1,1,1,1,1,1,0,1,0,0,0,0,1,0,0,0,1,0,0,0,1,0,0,0,1,0,1
41530165,1253.701162839688,1179,XM3,XM3,23,114665,1332,5,6,2,0,1,1,1,1,1,0,1,0,1,0,0,0,0,0,1,0,1,0,0,0,0,1,0,0,0,1,1,0
41529714,941.3889022900747,480,쏘나타,쏘나타 더 브릴리언트,57,121236,1999,5,13,5,0,0,1,1,0,0,1,0,0,1,1,0,0,0,0,0,0,1,0,0,0,0,1,0,0,0,1,0,1
41122826,1247.4949211722349,1490,렉스턴,G4 렉스턴,35,134005,2157,5,9,0,0,1,1,1,1,1,1,1,1,1,0,0,0,1,0,0,0,0,0,1,0,0,0,1,0,0,1,1,0
38337950,1304.167236686122,1599,QM6,QM6,17,48925,1997,5,7,0,0,1,1,1,1,1,1,1,1,1,0,0,0,0,0,1,0,1,0,0,0,0,0,0,1,0,1,1,0
40782079,455.50858679976017,380,SM3,SM3 네오,18,113703,1598,5,11,2,0,0,1,1,0,0,1,1,0,1,0,0,0,0,0,1,0,1,0,0,0,0,0,0,1,0,1,0,1
41641839,1057.082523447645,730,싼타페,싼타페 DM,56,205653,1995,5,13,13,0,1,1,1,1,1,1,1,1,1,1,0,0,0,0,0,0,0,0,1,0,0,0,0,1,0,1,1,0
41649407,992.8099193332274,1299,스타렉스,더 뉴 그랜드 스타렉스,50,279253,2497,9,8,3,0,0,1,1,1,0,1,1,1,1,1,0,0,0,0,0,0,0,0,1,0,0,0,0,1,0,1,1,0
40867628,952.3521370538434,780,K7,올 뉴 K7,12,176080,2999,5,10,2,0,1,1,1,1,1,1,1,0,1,0,1,0,0,0,0,1,0,0,0,0,0,1,0,0,0,1,0,1
41574288,511.37274562236945,250,스파크,스파크,54,131015,995,2,13,2,0,0,0,0,0,0,0,0,0,0,0,0,0,0,1,0,0,1,0,0,0,0,0,0,1,0,1,0,1
41158665,1268.500618531749,1650,렉스턴,렉스턴 스포츠,35,111597,2157,5,8,4,0,1,1,1,1,1,1,1,1,1,0,0,0,1,0,0,0,0,0,1,0,0,1,0,0,0,1,1,0
41627191,967.6269960460112,1090,티볼리,티볼리 아머,105,34965,1597,5,9,7,1,0,1,1,0,1,1,1,0,1,0,0,0,1,0,0,0,1,0,0,0,0,1,0,0,0,1,1,0
40692710,1063.6126404216627,1550,싼타페,싼타페 TM,56,162789,2199,5,8,0,0,1,1,1,1,1,1,1,1,1,1,0,0,0,0,0,0,0,0,1,0,0,0,0,0,1,1,1,0
41157181,455.50858679976017,499,SM3,SM3 네오,18,134058,1598,5,9,7,0,0,1,1,1,1,0,1,0,1,0,0,0,0,0,1,0,1,0,0,0,0,0,1,0,0,1,0,1
41657301,967.5024225826837,1599,벨로스터,벨로스터 (JS),47,72360,1591,4,7,1,1,1,1,1,1,1,1,1,1,1,1,0,0,0,0,0,0,1,0,0,0,0,0,0,1,0,1,0,1
41341166,822.9294020283487,699,K5,K5,11,57526,1998,5,16,8,1,1,1,1,1,1,1,1,1,1,0,1,0,0,0,0,0,1,0,0,0,0,0,1,0,0,1,0,1
41491136,886.0914963836809,1250,제네시스,제네시스 DH,81,211359,3778,5,11,5,0,1,1,1,1,1,1,1,1,1,1,0,0,0,0,0,0,1,0,0,0,0,0,1,0,0,1,0,1
41635056,1051.6974101665487,1279,싼타페,싼타페 더 프라임,56,145615,1995,7,11,0,1,1,1,1,1,1,1,1,1,1,1,0,0,0,0,0,0,0,0,1,0,0,0,0,1,0,1,1,0
41373306,1027.800505582473,499,투싼,투싼 ix,101,179079,1995,5,14,7,0,0,1,1,0,1,1,1,0,1,1,0,0,0,0,0,0,0,0,1,0,0,1,0,0,0,1,1,0
41001244,467.5515672751364,250,크루즈,크루즈,95,141889,1998,5,13,2,0,0,0,0,0,0,0,0,0,0,0,0,0,0,1,0,0,0,0,1,0,0,1,0,0,0,1,0,1
40752768,539.6756970784525,299,스파크,스파크,54,164550,995,5,12,1,0,0,1,1,0,0,1,1,0,1,0,0,0,0,1,0,1,0,0,0,0,0,0,0,0,1,1,0,1
41615482,935.928526081858,999,그랜저,그랜저 HG,27,61512,2359,5,10,10,0,0,1,1,1,1,1,1,1,1,1,0,0,0,0,0,0,1,0,0,0,0,1,0,0,0,1,0,1
40870499,390.5605814198441,439,SM5,SM5 노바,19,145597,1998,5,10,3,0,1,1,1,1,1,0,1,0,1,0,0,0,0,0,1,0,1,0,0,0,0,0,0,1,0,1,0,1
39535503,537.623042265147,430,올란도,올란도,77,121218,1998,7,12,5,0,0,1,0,0,1,0,1,0,1,0,0,0,0,1,0,0,0,0,1,0,0,0,0,0,1,1,1,0
41621423,809.9140873524058,899,SM6,SM6,20,112567,1997,5,9,3,1,0,1,1,1,1,1,1,1,1,0,0,0,0,0,1,0,1,0,0,0,0,1,0,0,0,1,0,1
41333989,1229.585755916017,1470,트레일블레이저,트레일블레이저,104,86983,1341,5,6,1,0,1,1,1,1,1,0,1,1,1,0,0,0,0,1,0,0,1,0,0,0,0,0,0,0,1,1,1,0
41638252,962.3768750735256,999,티볼리,베리 뉴 티볼리,105,41612,1497,5,5,2,0,0,0,0,0,0,0,0,0,0,0,0,0,1,0,0,0,1,0,0,0,0,1,0,0,0,1,1,0
41165255,891.7548451653676,1019,클리오,클리오,96,59569,1461,5,7,2,1,1,1,1,1,1,1,1,0,1,0,0,0,0,0,1,0,0,0,1,0,0,0,0,1,0,1,0,1
41620002,1105.0460061732351,1630,베뉴,베뉴,45,40347,1598,5,6,2,0,1,1,1,1,1,1,1,0,1,1,0,0,0,0,0,0,1,0,0,0,0,0,0,0,1,1,1,0
41583918,1264.805265999821,1599,렉스턴,G4 렉스턴,35,141534,2157,5,8,0,0,1,1,1,1,1,1,1,1,1,0,0,0,1,0,0,0,0,0,1,0,0,0,0,0,1,1,1,0
41374747,1005.1859527579388,1030,투싼,올 뉴 투싼,101,149361,1995,5,10,12,0,0,1,1,1,1,1,1,1,1,1,0,0,0,0,0,0,0,0,1,0,0,1,0,0,0,1,1,0
41593547,390.5605814198441,400,SM5,SM5 노바,19,138646,1618,5,11,6,1,0,1,1,1,1,0,1,1,1,0,0,0,0,0,1,0,1,0,0,0,0,0,1,0,0,1,0,1
41632971,936.2255262529029,1350,아반떼,아반떼 (CN7),62,101004,1598,5,6,5,0,0,1,1,1,1,1,0,0,1,1,0,0,0,0,0,0,1,0,0,0,0,1,0,0,0,1,0,1
40618603,987.8720931297571,1050,이쿼녹스,이쿼녹스,79,123661,1598,5,7,9,1,1,1,1,1,1,1,1,0,1,0,0,0,0,1,0,0,0,0,1,0,0,0,0,0,1,1,1,0
40195283,1268.500618531749,420,렉스턴,렉스턴 W,35,177350,1998,7,13,2,1,0,1,1,1,1,1,1,0,1,0,0,0,1,0,0,0,0,0,1,0,0,0,1,0,0,1,1,0
41142166,483.19448616103887,300,SM3,SM3 네오,18,107818,1598,5,12,2,0,0,0,0,0,0,0,0,0,0,0,0,0,0,0,1,0,1,0,0,0,0,1,0,0,0,1,0,1
39964173,804.849667793527,750,SM6,SM6,20,126982,1998,5,8,2,0,0,1,1,1,1,1,1,0,1,0,0,0,0,0,1,1,0,0,0,0,0,1,0,0,0,1,0,1
41619739,968.6868564277833,770,쏘나타,쏘나타 더 브릴리언트,57,53566,1999,5,13,6,0,0,1,1,1,1,1,1,1,1,1,0,0,0,0,0,0,1,0,0,0,0,1,0,0,0,1,0,1
41145167,831.0491350121001,1399,코란도,뷰티풀 코란도,92,49941,1497,5,6,7,0,0,1,1,0,1,1,1,0,1,0,0,0,1,0,0,0,1,0,0,0,0,1,0,0,0,1,1,0
41250222,537.623042265147,355,올란도,올란도,77,159321,1998,7,14,7,0,0,1,1,0,0,1,1,0,1,0,0,0,0,1,0,0,0,0,1,0,0,0,0,1,0,1,1,0
39886910,535.0819292958388,260,스파크,스파크,54,90420,995,5,15,13,0,0,1,1,0,0,1,1,0,1,0,0,0,0,1,0,0,1,0,0,0,0,0,0,0,1,1,0,1
40537187,868.079571411459,580,K3,K3,10,86443,1591,5,11,2,0,0,0,0,0,0,0,0,0,0,0,1,0,0,0,0,0,1,0,0,0,0,1,0,0,0,1,0,1
41151253,814.5976259860029,810,말리부,올 뉴 말리부,40,90800,1796,5,10,17,1,0,1,1,1,1,0,1,0,1,0,0,0,0,1,0,0,0,1,0,0,0,0,1,0,0,1,0,1
41322283,936.2255262529029,470,아반떼,아반떼 MD,62,117763,1591,5,15,2,0,0,1,0,1,0,0,1,0,0,1,0,0,0,0,0,0,1,0,0,0,0,0,0,1,0,1,0,1
41525951,987.5738331607303,850,스타렉스,그랜드 스타렉스,50,160956,2497,5,11,6,0,0,1,0,1,0,0,1,1,1,1,0,0,0,0,0,0,0,0,1,0,0,0,0,1,0,1,1,0
40853602,1079.3476259860029,930,싼타페,싼타페 DM,56,149679,1995,5,11,0,0,0,1,1,1,1,1,1,0,1,1,0,0,0,0,0,0,0,0,1,0,0,1,0,0,0,1,1,0
41644184,1244.946731648438,1630,G80,G80,5,188726,2199,5,8,2,0,1,1,1,1,1,1,1,1,1,0,0,1,0,0,0,0,0,0,1,0,0,0,1,0,0,1,0,1
41435682,1012.2778089395711,620,K7,더 뉴 K7,12,154644,2999,5,13,17,0,1,1,1,1,1,1,1,1,1,0,1,0,0,0,0,0,1,0,0,0,0,0,1,0,0,1,0,1
41309255,895.5676356997402,770,레이,더 뉴 레이,34,93267,998,2,5,2,0,0,1,1,0,1,0,1,0,0,0,1,0,0,0,0,0,1,0,0,0,0,1,0,0,0,1,0,1
40817987,1266.4080669370128,1490,EQ900,EQ900,0,182311,3778,5,10,3,0,1,1,1,1,1,1,1,1,1,0,0,1,0,0,0,0,1,0,0,0,0,0,1,0,0,1,0,1
41237053,1319.6151889790042,1280,QM6,QM6,17,83179,1995,5,9,3,1,1,1,1,1,1,1,1,1,1,0,0,0,0,0,1,0,0,0,1,0,0,0,0,1,0,1,1,0
41537070,778.9139391480519,1440,코란도,뷰티풀 코란도,92,69390,1497,5,7,8,0,1,1,1,0,1,1,1,1,1,0,0,0,1,0,0,0,1,0,0,0,0,0,0,0,1,1,1,0
40811381,874.0501334751542,530,레이,레이,34,119307,998,2,9,14,0,0,0,0,0,0,0,0,0,0,0,1,0,0,0,0,0,1,0,0,0,0,1,0,0,0,1,0,1
40837740,487.46355435797625,270,크루즈,크루즈,95,183773,1998,5,13,15,1,0,1,1,0,1,1,1,0,1,0,0,0,0,1,0,0,0,0,1,0,0,0,1,0,0,1,0,1
41463864,962.3768750735256,580,티볼리,티볼리,105,138730,1597,5,10,5,0,0,1,1,0,1,1,1,0,1,0,0,0,1,0,0,0,0,0,1,0,0,0,0,1,0,1,1,0
41558013,719.0411628396882,615,QM3,QM3,15,105565,1461,5,10,13,0,0,1,1,1,1,1,1,0,1,0,0,0,0,0,1,0,0,0,1,0,0,1,0,0,0,1,1,0
41514235,1035.3350952116489,1499,쏘렌토,올 뉴 쏘렌토,58,77480,1995,5,11,2,0,1,1,1,1,1,1,1,1,1,0,1,0,0,0,0,0,0,0,1,0,0,0,0,1,0,1,1,0
41579578,800.0418365153032,590,트랙스,더 뉴 트랙스,103,100154,1598,5,10,13,0,0,1,1,0,1,0,1,0,1,0,0,0,0,1,0,0,0,0,1,0,0,1,0,0,0,1,1,0
40666725,814.5976259860029,899,말리부,올 뉴 말리부,40,129095,1490,5,9,2,1,1,1,1,1,1,0,1,1,1,0,0,0,0,1,0,0,1,0,0,0,0,0,0,0,1,1,0,1
39167777,1268.500618531749,1299,렉스턴,G4 렉스턴,35,148146,2157,5,9,3,1,1,1,1,0,1,1,1,1,1,0,0,0,1,0,0,0,0,0,1,0,0,0,1,0,0,1,1,0
41623990,804.849667793527,990,SM6,SM6,20,122628,1997,5,9,2,1,1,1,1,1,1,1,1,1,1,0,0,0,0,0,1,0,1,0,0,0,0,0,0,1,0,1,0,1
41525157,1256.713002151279,1440,코나,코나,91,57438,1591,5,8,9,0,0,1,1,0,1,0,1,0,1,1,0,0,0,0,0,0,1,0,0,0,0,0,0,1,0,1,1,0
41313102,847.0020764994432,1490,베라크루즈,베라크루즈,46,129311,2959,7,12,4,1,1,1,1,1,1,1,1,1,1,1,0,0,0,0,0,0,0,0,1,0,0,0,1,0,0,1,1,0
41453660,1027.800505582473,990,투싼,올 뉴 투싼,101,138836,1685,5,11,10,0,1,1,1,1,1,1,1,1,1,1,0,0,0,0,0,0,0,0,1,0,0,1,0,0,0,1,1,0
41563385,936.2255262529029,1490,아반떼,아반떼 (CN7),62,70343,1598,5,6,2,0,0,1,1,1,1,1,1,1,1,1,0,0,0,0,0,0,1,0,0,0,0,0,0,0,1,1,0,1
41603216,874.0501334751542,730,레이,레이,34,67132,998,5,13,2,0,0,0,0,0,0,0,0,0,0,0,1,0,0,0,0,0,1,0,0,0,0,1,0,0,0,1,0,1
41402303,695.8857730579066,319,프라이드,올 뉴 프라이드,110,100742,1591,5,15,4,0,0,1,0,1,1,0,1,0,1,0,1,0,0,0,0,0,1,0,0,0,0,0,0,1,0,1,0,1
39788365,535.2976053661823,490,올란도,올란도,77,124211,1998,7,14,5,0,0,1,1,0,1,1,1,0,1,0,0,0,0,1,0,0,0,0,1,0,0,0,0,1,0,1,1,0
40917259,553.7149246371913,550,올란도,올란도,77,134272,1998,7,11,10,1,0,1,1,0,1,0,1,0,1,0,0,0,0,1,0,1,0,0,0,0,0,1,0,0,0,1,1,0
40985517,819.4078380887734,500,SM6,SM6,20,126692,1997,5,10,5,0,0,1,1,1,1,1,1,1,1,0,0,0,0,0,1,0,1,0,0,0,0,0,0,0,1,1,0,1
41048195,537.623042265147,440,올란도,올란도,77,90680,1998,7,13,4,1,0,1,1,1,1,1,1,0,1,0,0,0,0,1,0,0,0,0,1,0,0,0,1,0,0,1,1,0
39710343,1153.1834208815528,960,카니발,올 뉴 카니발,85,231915,2199,9,9,6,0,0,1,1,1,1,1,1,1,1,0,1,0,0,0,0,0,0,0,1,0,0,1,0,0,0,1,1,0
41596290,1319.6151889790042,1260,QM6,QM6,17,133115,1995,5,8,0,1,1,1,1,1,1,1,1,1,1,0,0,0,0,0,1,0,0,0,1,0,0,1,0,0,0,1,1,0
41123989,659.0006532807237,430,모닝,올 뉴 모닝,42,122867,998,5,13,10,0,0,1,1,0,0,1,1,0,1,0,1,0,0,0,0,0,1,0,0,0,0,0,0,1,0,1,0,1
40916494,875.1505814198441,450,제네시스,제네시스,81,198583,3342,5,16,15,0,0,1,1,1,1,1,1,0,1,1,0,0,0,0,0,0,1,0,0,0,0,0,0,1,0,1,0,1
41653757,539.6756970784525,380,스파크,스파크,54,28597,995,5,13,8,0,0,1,1,0,0,0,1,0,1,0,0,0,0,1,0,0,1,0,0,0,0,0,0,1,0,1,0,1
41275924,1309.1947392425673,1410,QM6,QM6,17,94014,1997,5,8,5,1,1,1,1,1,1,1,1,1,1,0,0,0,0,0,1,0,1,0,0,0,0,1,0,0,0,1,1,0
41477970,952.3521370538434,1280,K7,올 뉴 K7,12,113156,2359,5,9,7,0,0,1,1,1,1,1,1,1,1,0,1,0,0,0,0,0,1,0,0,0,0,1,0,0,0,1,0,1
40883591,809.9140873524058,1110,SM6,SM6,20,63318,1997,5,9,0,0,1,1,1,1,1,1,1,1,1,0,0,0,0,0,1,0,1,0,0,0,0,0,0,1,0,1,0,1
41541926,968.6868564277833,390,쏘나타,YF 쏘나타,57,169463,1998,5,16,8,0,0,1,1,1,1,1,1,0,1,1,0,0,0,0,0,1,0,0,0,0,0,0,0,1,0,1,0,1
41419567,1264.805265999821,1580,렉스턴,G4 렉스턴,35,135953,2157,5,8,2,0,1,1,1,0,1,1,1,1,1,0,0,0,1,0,0,0,0,0,1,0,0,0,1,0,0,1,1,0
40738127,780.500937773942,970,K5,K5 2세대,11,102352,1685,5,9,2,0,0,1,1,0,1,1,1,0,1,0,1,0,0,0,0,0,0,0,1,0,0,1,0,0,0,1,0,1
41575194,886.0914963836809,1000,제네시스,제네시스 DH,81,112411,3342,5,12,6,0,1,1,1,1,1,1,1,1,1,1,0,0,0,0,0,0,1,0,0,0,0,0,0,1,0,1,0,1
41049434,814.5976259860029,1350,말리부,올 뉴 말리부,40,32027,1490,5,10,0,0,0,1,1,1,1,1,1,1,1,0,0,0,0,1,0,0,1,0,0,0,0,0,0,1,0,1,0,1
41389506,768.0397857057295,1490,트랙스,더 뉴 트랙스,103,57776,1399,5,5,1,0,0,1,1,0,1,0,1,0,1,0,0,0,0,1,0,0,1,0,0,0,0,0,1,0,0,1,1,0
39921765,1023.2941085597921,750,K7,더 뉴 K7,12,130687,2359,5,13,11,1,1,1,1,1,1,1,1,0,1,0,1,0,0,0,0,0,1,0,0,0,0,0,1,0,0,1,0,1
40919143,532.6342390295486,500,올란도,올란도,77,101932,1998,7,10,19,0,0,1,1,0,0,1,1,0,0,0,0,0,0,1,0,1,0,0,0,0,0,0,0,1,0,1,1,0
41641124,947.3443649473054,401,아반떼,아반떼 MD,62,138456,1591,5,16,6,0,0,1,1,1,1,1,1,0,0,1,0,0,0,0,0,0,1,0,0,0,0,1,0,0,0,1,0,1
40727801,575.8143169370128,320,QM5,뉴QM5,16,176562,1995,5,13,8,1,1,1,1,1,1,1,0,0,1,0,0,0,0,0,1,0,0,0,1,0,0,0,0,1,0,1,1,0
41487458,390.557300432829,350,SM5,SM5 노바,19,204367,1998,5,8,19,0,0,1,0,1,0,0,1,0,1,0,0,0,0,0,1,1,0,0,0,0,0,1,0,0,0,1,0,1
38988175,892.2058141984411,330,다이너스티,다이너스티,31,138377,2497,5,21,6,0,0,1,1,1,0,0,0,0,1,1,0,0,0,0,0,0,1,0,0,0,0,0,1,0,0,1,0,1
41130919,802.5490122794023,510,트랙스,트랙스,103,98572,1598,5,10,7,1,0,1,1,0,0,1,1,0,1,0,0,0,0,1,0,0,0,0,1,0,0,1,0,0,0,1,1,0
39723368,487.41627910745245,360,크루즈,크루즈5,95,75103,1796,5,15,10,1,0,1,1,1,1,1,1,0,1,0,0,0,0,1,0,0,1,0,0,0,0,1,0,0,0,1,0,1
41643607,992.8099193332274,990,스타렉스,그랜드 스타렉스,50,80333,2359,3,14,5,0,0,1,0,0,0,0,1,0,1,1,0,0,0,0,0,1,0,0,0,0,0,0,0,1,0,1,1,0
41542171,1005.1859527579388,579,투싼,투싼 ix,101,130826,1995,5,14,2,0,0,1,1,0,0,1,1,0,1,1,0,0,0,0,0,0,0,0,1,0,0,0,0,1,0,1,1,0
40758252,780.500937773942,1650,K5,K5 3세대,11,130492,1598,5,6,2,0,1,1,1,1,1,0,1,1,1,0,1,0,0,0,0,0,1,0,0,0,0,0,1,0,0,1,0,1
41486009,968.6868564277833,1320,쏘나타,쏘나타 (DN8),57,182943,1999,5,6,2,0,1,1,1,1,1,1,1,1,1,1,0,0,0,0,0,0,1,0,0,0,0,0,0,1,0,1,0,1
41270893,695.8857730579066,659,프라이드,올 뉴 프라이드,110,26648,1591,5,13,2,0,0,1,1,1,1,1,1,0,1,0,1,0,0,0,0,0,1,0,0,0,0,0,0,1,0,1,0,1
41475405,1379.3008305997773,1570,캐스퍼,캐스퍼,88,24790,998,4,5,0,0,0,1,1,1,1,1,1,1,1,1,0,0,0,0,0,0,1,0,0,0,0,1,0,0,0,1,0,1
41123982,1057.082523447645,768,싼타페,싼타페 (MX5),56,31824,1598,6,2,2,0,1,1,1,1,1,1,1,1,1,1,0,0,0,0,0,0,0,1,0,0,0,0,0,1,0,1,1,0
41511162,970.8411733726565,680,티볼리,티볼리,105,147264,1597,5,10,4,0,0,1,1,0,1,1,1,0,1,0,0,0,1,0,0,0,1,0,0,0,0,1,0,0,0,1,1,0
41573437,1251.1196295251596,1590,코나,코나,91,70084,1591,5,7,2,0,0,1,1,1,1,1,1,1,1,1,0,0,0,0,0,0,1,0,0,0,0,1,0,0,0,1,1,0
39932602,660.2276819994972,690,캡티바,캡티바,90,71766,1998,7,11,2,1,0,1,0,1,1,1,1,0,1,0,0,0,0,1,0,0,0,0,1,0,0,1,0,0,0,1,1,0
41476991,923.0393528184499,620,그랜저,그랜저 HG,27,142079,2359,5,14,2,0,0,1,1,1,1,1,1,0,1,1,0,0,0,0,0,0,1,0,0,0,0,1,0,0,0,1,0,1
41332477,968.6868564277833,1480,쏘나타,쏘나타 뉴 라이즈 하이브리드,57,140272,1999,5,8,0,0,1,1,1,1,1,1,1,1,1,1,0,0,0,0,0,0,0,1,0,0,0,1,0,0,0,1,0,1
41618453,987.5738331607303,1498,스타렉스,더 뉴 그랜드 스타렉스,50,105072,2497,3,7,0,0,0,1,0,0,0,0,1,0,1,1,0,0,0,0,0,0,0,0,1,0,0,0,0,1,0,1,1,0
41527514,935.928526081858,499,그랜저,그랜저 HG 하이브리드,27,199255,2359,5,11,15,0,0,1,1,1,1,1,1,0,1,1,0,0,0,0,0,0,0,1,0,0,0,0,1,0,0,1,0,1
41610321,723.7884711060512,690,QM3,QM3,15,68309,1461,5,10,4,0,0,1,1,1,1,0,1,0,1,0,0,0,0,0,1,0,0,0,1,0,0,0,0,0,1,1,1,0
40637660,1319.6151889790042,1090,QM6,QM6,17,132289,1997,5,8,6,0,0,1,1,1,1,1,1,1,1,0,0,0,0,0,1,0,1,0,0,0,0,0,0,1,0,1,1,0
41583667,833.2990788440546,420,코란도,더 뉴 코란도 스포츠,92,306775,2157,5,10,3,0,0,1,0,1,1,1,1,1,1,0,0,0,1,0,0,0,0,0,1,0,0,0,1,0,0,1,1,0
41548047,962.3768750735256,1150,티볼리,티볼리 아머,105,73538,1597,5,8,2,0,0,1,1,0,1,1,1,0,1,0,0,0,1,0,0,0,0,0,1,0,0,1,0,0,0,1,1,0
41506376,941.3889022900747,1079,쏘나타,쏘나타 뉴 라이즈,57,146471,1999,5,8,2,0,0,1,1,1,1,0,1,1,1,1,0,0,0,0,0,1,0,0,0,0,0,0,0,1,0,1,0,1
41513104,986.97541951879,799,K7,더 뉴 K7,12,92420,2359,5,11,6,0,0,1,1,1,1,1,1,1,1,0,1,0,0,0,0,0,1,0,0,0,0,0,1,0,0,1,0,1
41255483,969.3889001833381,1250,티볼리,베리 뉴 티볼리,105,14651,1597,5,6,2,0,0,1,1,0,1,1,1,0,1,0,0,0,1,0,0,0,0,0,1,0,0,0,0,0,1,1,1,0
41561954,969.3889001833381,530,티볼리,티볼리 에어,105,182472,1597,5,10,7,0,1,1,1,1,1,0,1,1,1,0,0,0,1,0,0,0,0,0,1,0,0,1,0,0,0,1,1,0
41604664,967.6269960460112,1530,티볼리,베리 뉴 티볼리,105,34316,1497,5,5,2,0,0,1,1,0,1,1,1,0,1,0,0,0,1,0,0,0,1,0,0,0,0,1,0,0,0,1,1,0
41397507,778.9139391480519,1358,코란도,코란도 투리스모,92,115309,1998,9,8,10,0,0,1,1,1,1,1,1,1,1,0,0,0,1,0,0,0,0,0,1,0,0,1,0,0,0,1,1,0
41145916,804.849667793527,820,SM6,SM6,20,108409,1998,5,7,0,0,0,1,1,1,1,1,1,0,1,0,0,0,0,0,1,1,0,0,0,0,0,0,1,0,0,1,0,1
40757472,970.8411733726565,700,티볼리,티볼리 아머,105,151103,1597,5,9,2,0,0,1,1,0,1,1,1,0,1,0,0,0,1,0,0,0,0,0,1,0,0,0,0,1,0,1,1,0
41459129,817.7357216322383,350,말리부,말리부,40,126991,1998,5,12,4,1,0,1,1,1,0,0,1,0,1,0,0,0,0,1,0,0,1,0,0,0,0,0,0,1,0,1,0,1
41638749,916.1401938066147,1390,그랜저,그랜저 IG,27,110424,2359,5,9,2,1,0,1,1,1,1,1,1,1,1,1,0,0,0,0,0,0,1,0,0,0,0,0,0,1,0,1,0,1
41399875,807.4456798684994,750,SM6,SM6,20,134620,1618,5,10,16,1,1,1,1,1,1,1,1,1,1,0,0,0,0,0,1,0,1,0,0,0,0,0,1,0,0,1,0,1
41643166,854.7325583622192,350,오피러스,오피러스 프리미엄,76,174175,2656,5,16,4,0,0,1,1,1,0,1,1,0,1,0,1,0,0,0,0,0,1,0,0,0,0,0,0,1,0,1,0,1
40985298,916.1401938066147,720,그랜저,그랜저 HG 하이브리드,27,165130,2359,5,12,6,0,0,1,1,1,1,1,1,0,1,1,0,0,0,0,0,0,0,1,0,0,0,0,1,0,0,1,0,1
41137450,977.230670900442,869,쏘나타,LF 쏘나타,57,125412,1999,5,10,6,1,0,1,1,1,1,1,1,0,1,1,0,0,0,0,0,0,1,0,0,0,0,0,0,1,0,1,0,1
41457216,867.4613543331805,990,제네시스,제네시스 DH,81,146277,3342,5,12,9,1,1,1,1,1,1,1,1,1,1,1,0,0,0,0,0,0,1,0,0,0,0,0,0,1,0,1,0,1
41574355,814.4268981028265,290,말리부,말리부,40,187848,1998,5,14,6,1,1,1,1,1,1,1,1,0,1,0,0,0,0,1,0,0,1,0,0,0,0,1,0,0,0,1,0,1
41634301,659.0006532807237,1630,모닝,더 뉴 모닝 (JA),42,23985,998,5,3,0,0,0,1,1,1,1,1,1,1,1,0,1,0,0,0,0,0,1,0,0,0,0,1,0,0,0,1,0,1
40987986,845.8008944920679,399,K5,K5,11,152819,1998,5,15,2,0,0,0,1,1,0,1,1,0,1,0,1,0,0,0,0,1,0,0,0,0,0,0,0,0,1,1,0,1
41565355,591.8553779580085,530,엑센트,엑센트(신형),74,121249,1399,5,13,2,0,0,1,1,0,0,1,1,0,1,1,0,0,0,0,0,0,1,0,0,0,0,0,0,1,0,1,0,1
41507010,969.3889001833381,770,티볼리,티볼리,105,92036,1597,5,11,9,0,0,1,1,1,1,1,1,0,1,0,0,0,1,0,0,0,1,0,0,0,0,1,0,0,0,1,1,0
41004028,963.6518467963097,530,티볼리,티볼리,105,61240,1597,5,10,13,0,0,1,0,0,1,0,1,0,1,0,0,0,1,0,0,0,1,0,0,0,0,0,1,0,0,1,1,0
40281575,469.43562524615083,360,크루즈,어메이징 뉴 크루즈,95,112297,1362,5,10,21,1,0,1,1,1,1,0,1,0,1,0,0,0,0,1,0,0,1,0,0,0,0,0,1,0,0,1,0,1
41381826,941.3889022900747,1170,쏘나타,LF 쏘나타,57,80708,1999,5,11,6,1,0,1,1,1,1,1,1,0,1,1,0,0,0,0,0,0,1,0,0,0,0,1,0,0,0,1,0,1
41577453,699.8705427989607,61,G90,G90 (RS4),6,96581,3470,5,3,1,0,1,1,1,1,1,1,1,1,1,0,0,1,0,0,0,0,1,0,0,0,0,0,1,0,0,1,0,1
41330611,745.5429339988009,250,라세티,라세티 프리미어,33,23264,1598,5,17,3,0,0,0,0,0,0,0,0,0,0,0,0,0,0,1,0,0,1,0,0,0,0,1,0,0,0,1,0,1
41534638,910.4589389790043,820,제네시스,제네시스 DH,81,247262,3342,5,10,1,0,1,1,1,1,1,1,1,1,1,1,0,0,0,0,0,0,1,0,0,0,0,0,0,1,0,1,0,1
41548341,830.7441133874026,1090,코란도,더 뉴 코란도 스포츠,92,128726,2157,5,9,5,0,0,1,1,1,1,1,1,1,1,0,0,0,1,0,0,0,0,0,1,0,0,1,0,0,0,1,1,0
41016222,1392.238226774805,1680,캐스퍼,캐스퍼,88,11709,998,4,4,11,1,0,1,1,1,1,1,1,1,1,1,0,0,0,0,0,0,1,0,0,0,0,1,0,0,0,1,0,1
41566561,833.2990788440546,1440,코란도,뷰티풀 코란도,92,49989,1597,5,7,2,0,0,0,0,0,0,0,0,0,0,0,0,0,1,0,0,0,0,0,1,0,0,0,0,0,1,1,1,0
41502061,875.1505814198441,1190,제네시스,제네시스 DH,81,133710,3342,5,11,3,1,1,1,1,1,1,1,1,1,1,1,0,0,0,0,0,0,1,0,0,0,0,0,1,0,0,1,0,1
41411739,800.0418365153032,459,트랙스,트랙스,103,148900,1598,5,10,0,0,0,1,1,0,0,1,1,0,1,0,0,0,0,1,0,0,0,0,1,0,0,1,0,0,0,1,1,0
40608963,1257.9607752264587,1460,G80,G80,5,145118,3342,5,10,2,0,1,1,1,1,1,1,1,1,1,0,0,1,0,0,0,0,1,0,0,0,0,0,1,0,0,1,0,1
37320192,521.1936913921791,299,스파크,스파크,54,97651,995,5,11,16,0,0,1,0,0,0,0,1,0,1,0,0,0,0,1,0,0,1,0,0,0,0,1,0,0,0,1,0,1
41412350,535.0819292958388,490,스파크,더 넥스트 스파크,54,149637,999,5,10,13,1,0,1,1,1,1,0,1,0,1,0,0,0,0,1,0,0,1,0,0,0,0,0,0,1,0,1,0,1
41616522,923.0393528184499,349,그랜저,그랜저 HG,27,272684,2999,5,15,4,1,0,1,0,1,1,0,1,0,1,1,0,0,0,0,0,1,0,0,0,0,0,0,1,0,0,1,0,1
41285049,1389.3158649586906,1630,캐스퍼,캐스퍼,88,28472,998,4,5,0,0,0,1,1,1,1,1,1,1,1,1,0,0,0,0,0,0,1,0,0,0,0,1,0,0,0,1,0,1
41483684,1079.3476259860029,910,싼타페,싼타페 DM,56,149791,1995,7,13,4,0,0,1,0,1,1,0,1,1,1,1,0,0,0,0,0,0,0,0,1,0,0,1,0,0,0,1,1,0
41557251,1301.1905814198442,1390,QM6,QM6,17,112530,1995,5,7,4,1,1,1,1,1,1,1,1,1,1,0,0,0,0,0,1,0,0,0,1,0,0,1,0,0,0,1,1,0
41443583,977.230670900442,710,쏘나타,LF 쏘나타,57,130625,1999,5,11,3,0,0,1,1,0,0,1,1,0,0,1,0,0,0,0,0,0,1,0,0,0,0,0,0,1,0,1,0,1
40429682,787.1137560564567,1050,트랙스,더 뉴 트랙스,103,32666,1362,5,7,4,0,0,1,1,0,1,0,1,0,1,0,0,0,0,1,0,0,1,0,0,0,0,0,0,0,1,1,1,0
40755884,1014.8324651358752,699,투싼,뉴 투싼 ix,101,149914,1995,5,13,5,0,0,1,1,0,0,1,0,0,1,1,0,0,0,0,0,0,0,0,1,0,0,1,0,0,0,1,1,0
41303283,967.6269960460112,1220,티볼리,티볼리 아머,105,62326,1597,5,8,1,0,1,1,1,0,1,1,1,1,1,0,0,0,1,0,0,0,1,0,0,0,0,1,0,0,0,1,1,0
40575455,1012.2778089395711,1130,K7,올 뉴 K7,12,163365,2199,5,9,6,1,1,1,1,1,1,1,1,1,1,0,1,0,0,0,0,0,0,0,1,0,0,0,1,0,0,1,0,1
41110153,819.4078380887734,1150,SM6,SM6,20,124671,1618,5,8,0,1,1,1,1,1,1,1,1,1,1,0,0,0,0,0,1,0,1,0,0,0,0,0,1,0,0,1,0,1
41287458,963.6518467963097,1290,티볼리,티볼리 에어,105,34291,1497,5,5,0,0,0,1,1,0,0,1,0,0,0,0,0,0,1,0,0,0,1,0,0,0,0,0,0,0,1,1,1,0
41595789,817.7357216322383,920,말리부,올 뉴 말리부,40,89318,1490,5,9,8,0,1,1,1,1,1,0,1,1,1,0,0,0,0,1,0,0,1,0,0,0,0,1,0,0,0,1,0,1
41222886,1079.3476259860029,1100,싼타페,싼타페 더 프라임,56,145869,2199,7,11,4,0,0,1,1,1,1,1,1,0,1,1,0,0,0,0,0,0,0,0,1,0,0,0,0,0,1,1,1,0
41550879,916.1401938066147,980,그랜저,그랜저 HG,27,105271,2359,5,11,0,0,1,1,1,1,1,1,1,1,1,1,0,0,0,0,0,0,1,0,0,0,0,0,1,0,0,1,0,1
41542480,936.9062313760018,1060,아반떼,아반떼 AD,62,76289,1591,5,9,1,0,0,1,1,1,1,1,1,1,1,1,0,0,0,0,0,0,1,0,0,0,0,0,0,1,0,1,0,1
41286044,1055.9445965873183,1499,니로,디 올 뉴 니로,29,199363,1580,5,4,0,0,0,1,1,1,1,1,1,0,1,0,1,0,0,0,0,0,0,1,0,0,0,1,0,0,0,1,1,0
41646046,814.6416492713101,1608,GV70,GV70,8,66845,2497,5,4,2,0,1,1,1,1,1,1,1,1,1,0,0,1,0,0,0,0,1,0,0,0,0,0,1,0,0,1,1,0
41650136,1267.2919662178983,1390,XM3,XM3,23,40073,1332,5,6,8,0,1,1,1,1,1,1,1,1,1,0,0,0,0,0,1,0,1,0,0,0,0,0,0,1,0,1,1,0
41469668,947.3443649473054,799,아반떼,아반떼 AD,62,131454,1591,5,11,9,0,1,1,1,1,1,1,1,0,1,1,0,0,0,0,0,0,1,0,0,0,0,1,0,0,0,1,0,1
41528965,1124.3844256766104,1280,카니발,더 뉴 카니발,85,143509,2199,9,8,5,1,0,1,1,1,1,1,1,1,1,0,1,0,0,0,0,0,0,0,1,0,0,1,0,0,0,1,1,0
41541705,819.4078380887734,629,SM6,SM6,20,161812,1997,5,10,1,0,1,1,1,1,1,1,1,0,1,0,0,0,0,0,1,0,1,0,0,0,0,0,0,1,0,1,0,1
41598977,1050.1398208359376,1150,투싼,올 뉴 투싼,101,123180,1995,5,11,7,0,0,1,1,1,1,1,1,0,1,1,0,0,0,0,0,0,0,0,1,0,0,1,0,0,0,1,1,0
41585528,905.6914320771383,750,그랜저,그랜저 HG,27,48934,2359,5,14,2,0,0,1,1,1,1,1,1,0,1,1,0,0,0,0,0,0,1,0,0,0,0,0,1,0,0,1,0,1
41559830,526.5779521455554,790,스파크,더 뉴 스파크,54,63773,999,5,8,4,0,0,1,1,0,1,1,1,0,1,0,0,0,0,1,0,0,1,0,0,0,0,1,0,0,0,1,0,1
41578085,483.19448616103887,269,SM3,SM3 네오,18,161489,1598,5,11,19,0,0,1,0,1,1,0,1,0,0,0,0,0,0,0,1,0,1,0,0,0,0,1,0,0,0,1,0,1
41113397,1063.6126404216627,1150,싼타페,싼타페 더 프라임,56,131336,1995,5,10,6,0,0,1,1,1,1,1,1,0,1,1,0,0,0,0,0,0,0,0,1,0,0,1,0,0,0,1,1,0
41638795,884.691660068428,585,i30,더 뉴 i30,24,183259,1999,5,11,0,0,1,1,0,1,1,0,1,1,1,1,0,0,0,0,0,0,1,0,0,0,0,1,0,0,0,0,0,1
41368672,884.6571584685064,830,레이,더 뉴 레이,34,70818,998,2,5,1,0,0,1,1,0,1,0,1,0,0,0,1,0,0,0,0,0,1,0,0,0,0,1,0,0,0,1,0,1
41574523,1051.6974101665487,1550,싼타페,싼타페 더 프라임,56,109625,1995,7,11,0,1,1,1,1,1,1,1,1,1,1,1,0,0,0,0,0,0,0,0,1,0,0,0,0,1,0,1,1,0
40437842,1063.6126404216627,1630,싼타페,싼타페 더 프라임,56,83329,1995,5,8,5,1,1,1,1,1,1,1,1,1,1,1,0,0,0,0,0,0,0,0,1,0,0,1,0,0,0,1,1,0
41588998,1023.2941085597921,1110,K7,올 뉴 K7,12,99895,2359,5,9,11,1,1,1,1,1,1,1,1,1,1,0,1,0,0,0,0,0,1,0,0,0,0,1,0,0,0,1,0,1
40985214,537.623042265147,380,올란도,올란도,77,195939,1998,7,12,2,0,0,0,0,0,0,0,0,0,0,0,0,0,0,1,0,0,0,0,1,0,0,1,0,0,0,1,1,0
41583254,905.6914320771383,920,그랜저,그랜저 IG,27,214839,2359,5,9,14,0,1,1,1,1,1,1,1,1,1,1,0,0,0,0,0,0,1,0,0,0,0,0,1,0,0,1,0,1
41643571,968.6868564277833,790,쏘나타,쏘나타 더 브릴리언트,57,24809,1999,5,13,7,0,0,1,1,1,1,1,1,0,1,1,0,0,0,0,0,0,1,0,0,0,0,0,0,1,0,1,0,1
41432953,875.1505814198441,729,제네시스,제네시스 DH,81,269164,3342,5,11,11,0,1,1,1,1,1,1,1,1,1,1,0,0,0,0,0,0,1,0,0,0,0,0,1,0,0,1,0,1
41501743,923.0393528184499,890,그랜저,그랜저 HG,27,92620,2999,5,13,8,1,1,1,1,1,1,1,1,1,1,1,0,0,0,0,0,0,1,0,0,0,0,1,0,0,0,1,0,1
41608587,856.7751313223292,760,K3,더 뉴 K3,10,65840,1591,5,10,2,0,0,0,0,0,0,0,0,0,0,0,1,0,0,0,0,0,1,0,0,0,0,0,1,0,0,1,0,1
40718765,1153.1834208815528,1600,카니발,올 뉴 카니발,85,210954,2199,6,11,12,0,0,1,0,0,0,0,1,0,1,0,1,0,0,0,0,0,0,0,1,0,0,1,0,0,0,1,1,0
41614708,483.19448616103887,270,SM3,SM3 네오,18,158264,1598,5,12,14,0,0,1,1,0,0,0,1,0,1,0,0,0,0,0,1,0,1,0,0,0,0,1,0,0,0,1,0,1
40897516,529.273314565499,450,올란도,올란도,77,121554,1998,7,11,2,0,0,1,1,0,1,1,1,0,1,0,0,0,0,1,0,0,0,0,1,0,0,0,0,1,0,1,1,0
41609325,526.5779521455554,595,스파크,더 넥스트 스파크,54,122081,999,5,11,0,1,0,1,1,1,1,0,1,0,1,0,0,0,0,1,0,0,1,0,0,0,0,0,1,0,0,1,0,1
41546601,943.9179347406766,550,아반떼,아반떼 MD,62,149161,1591,5,13,1,1,0,1,1,1,1,1,1,0,1,1,0,0,0,0,0,0,1,0,0,0,0,1,0,0,0,1,0,1
41459405,659.0006532807237,180,모닝,뉴모닝,42,90684,999,2,18,3,0,0,1,0,0,0,0,0,0,0,0,1,0,0,0,0,0,1,0,0,0,0,0,0,1,0,0,0,1
41575933,1274.1449336423004,1390,트레일블레이저,트레일블레이저,104,147957,1341,5,6,1,0,1,1,1,1,1,1,1,1,1,0,0,0,0,1,0,0,1,0,0,0,0,0,0,0,1,1,1,0
40498980,651.2405814198441,790,모닝,올 뉴 모닝 (JA),42,54594,998,5,9,2,0,0,1,1,0,1,1,1,0,1,0,1,0,0,0,0,0,1,0,0,0,0,1,0,0,0,1,0,1
41466540,1387.528585305339,1650,캐스퍼,캐스퍼,88,43980,998,4,2,1,0,0,1,1,1,1,1,1,1,1,1,0,0,0,0,0,0,1,0,0,0,0,0,0,0,1,1,0,1
41552335,833.2990788440546,490,코란도,코란도 스포츠,92,251277,1998,5,11,3,1,0,1,1,1,1,1,1,0,1,0,0,0,1,0,0,0,0,0,1,0,0,0,0,1,0,1,1,0
41053851,970.8411733726565,700,티볼리,티볼리,105,77200,1597,5,11,2,0,0,1,1,0,1,1,1,0,1,0,0,0,1,0,0,0,0,0,1,0,0,1,0,0,0,1,1,0
39776498,468.8263197140382,290,SM3,뉴SM3,18,68731,1598,5,16,15,0,0,1,1,1,1,1,1,0,1,0,0,0,0,0,1,0,1,0,0,0,0,1,0,0,0,1,0,1
41303300,820.6996852780783,820,SM6,SM6,20,101414,1997,5,10,6,0,1,1,1,1,1,1,1,1,1,0,0,0,0,0,1,0,1,0,0,0,0,1,0,0,0,1,0,1
40812825,1124.9346253774313,1650,쏘렌토,더 뉴 쏘렌토,58,122872,1995,5,8,3,0,1,1,1,1,1,1,1,1,1,0,1,0,0,0,0,0,0,0,1,0,0,0,0,1,0,1,1,0
41597350,963.6518467963097,860,티볼리,티볼리 에어,105,65888,1597,5,10,11,0,0,1,1,0,1,1,1,0,1,0,0,0,1,0,0,0,0,0,1,0,0,1,0,0,0,1,1,0
41448710,1037.3051417342533,1460,투싼,올 뉴 투싼,101,140947,1591,5,6,6,1,1,1,1,1,1,1,1,1,1,1,0,0,0,0,0,0,1,0,0,0,0,0,0,1,0,1,1,0
41250402,1002.3890878449547,1550,캡처,캡처,89,47411,1332,5,6,2,0,1,1,1,1,1,0,1,0,1,0,0,0,0,0,1,0,1,0,0,0,0,0,0,0,1,1,1,0
40976543,1256.5223711085262,1499,렉스턴,G4 렉스턴,35,74056,2157,5,8,5,0,1,1,1,0,1,1,1,1,1,0,0,0,1,0,0,0,0,0,1,0,0,0,0,1,0,1,1,0
41265372,907.2378156501135,930,그랜저,그랜저 HG,27,51312,2999,5,12,1,0,1,1,1,1,1,1,1,1,1,1,0,0,0,0,0,0,1,0,0,0,0,0,0,1,0,1,0,1
41014533,731.2047804071187,550,에쿠스,에쿠스(신형),73,144698,4627,5,17,2,1,1,1,1,1,1,1,1,1,1,1,0,0,0,0,0,0,1,0,0,0,0,0,1,0,0,1,0,1
41583566,936.9062313760018,1259,아반떼,아반떼 AD,62,63426,1591,5,10,11,1,1,1,1,1,1,1,1,1,1,1,0,0,0,0,0,0,1,0,0,0,0,0,0,1,0,1,0,1
41279429,1273.33407874339,1620,G80,G80,5,162248,3342,5,7,1,0,1,1,1,1,1,1,1,1,1,0,0,1,0,0,0,0,1,0,0,0,0,0,0,1,0,1,0,1
41588268,1307.3450904664935,1190,렉스턴,렉스턴 스포츠,35,125903,2157,5,8,0,0,0,1,1,0,1,0,1,0,1,0,0,0,1,0,0,0,0,0,1,0,0,0,0,1,0,1,1,0
40720689,914.7093024696712,840,쏘울,쏘울 EV,59,121350,80,5,9,4,0,0,1,0,1,1,0,1,0,0,0,1,0,0,0,0,0,0,0,0,1,0,1,0,0,0,1,0,1
41593510,822.9294020283487,690,K5,더 뉴 K5,11,98773,1999,5,13,10,1,0,1,1,1,1,1,1,1,1,0,1,0,0,0,0,0,1,0,0,0,0,0,1,0,0,1,0,1
41298642,814.4268981028265,390,말리부,말리부,40,166921,1956,5,11,9,0,0,1,1,1,1,1,1,0,1,0,0,0,0,1,0,0,0,0,1,0,0,1,0,0,0,1,0,1
41637551,907.2378156501135,880,그랜저,그랜저 IG,27,234001,2359,5,9,2,0,1,1,1,1,1,1,1,1,1,1,0,0,0,0,0,0,1,0,0,0,0,0,0,1,0,1,0,1
41528253,732.4313400944957,580,체어맨,뉴체어맨,84,36657,3199,5,20,1,0,0,1,1,1,0,0,1,0,1,0,0,0,1,0,0,0,1,0,0,0,0,0,1,0,0,1,0,1
41338573,943.9179347406766,950,아반떼,더 뉴 아반떼 AD,62,102899,1598,5,7,19,0,0,1,1,1,1,1,1,0,1,1,0,0,0,0,0,0,1,0,0,0,0,1,0,0,0,1,0,1
41597423,930.193512170366,449,쏘나타,쏘나타 더 브릴리언트,57,144676,1999,5,14,11,1,0,1,1,1,1,1,1,0,1,1,0,0,0,0,0,0,1,0,0,0,0,1,0,0,0,1,0,1
41604817,907.2378156501135,630,그랜저,그랜저 HG,27,135720,2359,5,12,8,0,1,1,1,1,1,1,1,0,1,1,0,0,0,0,0,0,1,0,0,0,0,0,1,0,0,1,0,1
41605307,814.5976259860029,1280,말리부,더 뉴 말리부,40,88891,1796,5,7,7,0,0,1,1,1,1,1,1,0,1,0,0,0,0,1,0,0,0,1,0,0,0,1,0,0,0,1,0,1
41516402,839.4157979994624,880,i30,i30 (PD),24,87146,1582,5,8,19,0,0,1,1,0,0,1,0,0,1,1,0,0,0,0,0,0,0,0,1,0,0,1,0,0,0,1,0,1
41259636,957.2780129076738,39,GV70,GV70,8,59787,2497,5,2,2,1,1,1,1,1,1,1,1,1,1,0,0,1,0,0,0,0,1,0,0,0,0,0,0,0,1,1,1,0
41569596,1057.082523447645,1600,싼타페,싼타페 더 프라임,56,52380,1995,5,10,1,0,0,1,1,1,1,1,1,0,1,1,0,0,0,0,0,0,0,0,1,0,0,1,0,0,0,1,1,0
41190018,813.3482474056841,1150,말리부,올 뉴 말리부,40,67743,1490,5,10,10,1,0,1,1,1,1,1,1,1,1,0,0,0,0,1,0,0,1,0,0,0,0,1,0,0,0,1,0,1
41078491,390.557300432829,250,SM5,뉴SM5(신형),19,127703,1998,5,14,2,0,1,1,1,1,1,0,1,0,1,0,0,0,0,0,1,0,1,0,0,0,0,1,0,0,0,1,0,1
40934670,539.6756970784525,860,스파크,더 뉴 스파크,54,18952,999,5,7,4,0,0,1,1,1,0,1,1,0,1,0,0,0,0,1,0,0,1,0,0,0,0,1,0,0,0,1,0,1
41599571,886.0914963836809,370,제네시스,제네시스,81,190075,3342,5,15,2,0,0,1,1,1,1,1,1,0,1,1,0,0,0,0,0,0,1,0,0,0,0,0,0,1,0,1,0,1
41607109,962.3768750735256,1120,티볼리,베리 뉴 티볼리,105,101218,1497,5,5,4,0,0,1,1,0,1,0,1,0,1,0,0,0,1,0,0,0,1,0,0,0,0,1,0,0,0,1,1,0
40675551,856.0406977686312,499,베라크루즈,베라크루즈,46,196357,2959,7,18,2,1,1,1,1,1,1,0,1,0,1,1,0,0,0,0,0,0,0,0,1,0,0,0,1,0,0,1,1,0
41120468,699.989762412874,730,모닝,더 뉴 모닝,42,55155,998,5,11,5,0,0,1,1,0,1,1,1,0,1,0,1,0,0,0,0,0,1,0,0,0,0,0,0,1,0,1,0,1
41644532,1010.3075581570316,1020,스타렉스,그랜드 스타렉스,50,128068,2359,3,16,6,0,0,0,1,0,0,1,1,0,1,1,0,0,0,0,0,1,0,0,0,0,0,1,0,0,0,1,1,0
41605103,969.3889001833381,1530,티볼리,베리 뉴 티볼리,105,39333,1497,5,6,7,0,0,1,1,0,1,1,1,0,1,0,0,0,1,0,0,0,1,0,0,0,0,0,0,0,1,1,1,0
41657240,1014.8324651358752,1440,투싼,올 뉴 투싼,101,119475,1598,5,6,2,0,0,1,1,0,1,0,1,0,1,1,0,0,0,0,0,0,0,0,1,0,0,0,0,1,0,1,1,0
41375213,1251.1196295251596,1090,코나,코나,91,134814,1582,5,8,3,0,0,1,1,0,1,1,1,0,1,1,0,0,0,0,0,0,0,0,1,0,0,0,0,0,1,1,1,0
41621731,1309.1947392425673,890,QM6,QM6,17,132700,1995,5,10,0,1,0,1,1,1,1,1,1,0,1,0,0,0,0,0,1,0,0,0,1,0,0,0,1,0,0,1,1,0
41176521,907.2378156501135,750,그랜저,그랜저 HG,27,139484,2999,5,11,7,0,1,1,1,1,1,1,1,1,1,1,0,0,0,0,0,0,1,0,0,0,0,0,1,0,0,1,0,1
41502041,529.273314565499,399,올란도,올란도,77,145529,1998,7,11,8,0,0,1,1,0,0,1,1,0,1,0,0,0,0,1,0,0,0,0,1,0,0,0,0,0,1,1,1,0
40235186,886.0914963836809,430,제네시스,제네시스,81,147158,3342,5,17,12,0,0,1,1,1,0,1,1,0,1,1,0,0,0,0,0,0,1,0,0,0,0,1,0,0,0,1,0,1
41446792,891.7548451653676,779,클리오,클리오,96,86302,1461,5,8,3,0,1,1,1,1,1,1,1,0,1,0,0,0,0,0,1,0,0,0,1,0,0,0,0,1,0,1,0,1
41232649,760.3828753088075,630,에쿠스,에쿠스(신형),73,219844,3778,5,13,4,1,1,1,1,1,1,1,1,1,1,1,0,0,0,0,0,0,1,0,0,0,0,0,1,0,0,1,0,1
41218824,809.9140873524058,688,SM6,SM6,20,145457,1997,5,9,8,1,0,1,1,1,1,1,1,0,1,0,0,0,0,0,1,0,1,0,0,0,0,1,0,0,0,1,0,1
41556752,1012.2778089395711,1599,K7,올 뉴 K7,12,65073,2359,5,8,1,0,1,1,1,1,1,1,1,1,1,0,1,0,0,0,0,0,1,0,0,0,0,0,1,0,0,1,0,1
40972208,936.2255262529029,1150,아반떼,아반떼 AD,62,96693,1591,5,8,11,0,0,1,1,0,1,1,1,0,1,1,0,0,0,0,0,0,1,0,0,0,0,1,0,0,0,1,0,1
40866859,1082.2254523324673,1220,니로,니로,29,127973,1580,5,10,8,0,1,1,1,1,1,1,1,1,1,0,1,0,0,0,0,0,0,1,0,0,0,0,0,0,1,1,1,0
41527725,1307.3450904664935,559,렉스턴,렉스턴 W,35,159627,2157,5,10,2,0,0,1,1,1,0,0,1,0,1,0,0,0,1,0,0,0,0,0,1,0,0,0,0,1,0,1,1,0
41603180,651.2405814198441,480,모닝,올 뉴 모닝,42,95345,998,5,14,1,0,0,1,1,0,1,1,1,0,1,0,1,0,0,0,0,0,1,0,0,0,0,0,0,1,0,1,0,1
41138196,511.37274562236945,770,스파크,더 넥스트 스파크,54,72739,999,5,9,6,0,0,1,1,1,0,1,1,0,1,0,0,0,0,1,0,0,1,0,0,0,0,1,0,0,0,1,0,1
40816715,521.1936913921791,240,스파크,스파크,54,107553,995,5,14,2,0,0,1,1,0,0,1,1,0,1,0,0,0,0,1,0,0,1,0,0,0,0,1,0,0,0,1,0,1
41142352,640.0624110609065,669,SM7,SM7 노바,21,66218,1998,5,9,2,0,0,1,1,1,1,1,1,0,1,0,0,0,0,0,1,1,0,0,0,0,0,0,1,0,0,1,0,1
41085647,553.7149246371913,520,올란도,올란도,77,156924,1998,7,11,7,0,0,1,1,0,1,1,1,0,1,0,0,0,0,1,0,0,0,0,1,0,0,0,0,0,1,1,1,0
41322622,468.8263197140382,230,SM3,뉴SM3,18,155073,1598,5,14,0,1,0,1,0,1,1,0,1,0,1,0,0,0,0,0,1,0,1,0,0,0,0,1,0,0,0,1,0,1
41616322,390.5605814198441,319,SM5,뉴SM5 플래티넘,19,121173,1998,5,14,1,0,0,1,1,1,1,1,1,0,1,0,0,0,0,0,1,0,1,0,0,0,0,0,1,0,0,1,0,1
41119251,819.4078380887734,1340,SM6,더 뉴 SM6,20,89530,1998,5,4,0,0,1,1,1,1,1,1,1,1,1,0,0,0,0,0,1,1,0,0,0,0,0,0,0,1,0,1,0,1
39785517,588.7951083442899,640,QM5,QM5 네오,16,129250,1998,5,11,7,1,1,1,1,1,1,0,1,0,1,0,0,0,0,0,1,0,1,0,0,0,0,1,0,0,0,1,1,0
41019566,914.7093024696712,1620,쏘울,쏘울 부스터,59,73505,1591,5,6,3,0,1,1,1,1,1,1,1,1,1,0,1,0,0,0,0,0,1,0,0,0,0,1,0,0,0,1,0,1
41633826,943.9179347406766,395,아반떼,아반떼 MD,62,140907,1591,5,15,5,0,0,1,1,1,0,1,1,0,1,1,0,0,0,0,0,0,1,0,0,0,0,0,0,1,0,1,0,1
41448189,468.8263197140382,430,SM3,SM3 네오,18,107598,1598,5,11,19,0,0,1,1,1,1,1,1,0,0,0,0,0,0,0,1,0,1,0,0,0,0,0,0,1,0,1,0,1
41642288,1010.3075581570316,640,스타렉스,그랜드 스타렉스,50,238290,2497,12,12,23,1,0,1,0,0,0,0,1,0,1,1,0,0,0,0,0,0,0,0,1,0,0,0,0,1,0,1,1,0
41397566,591.8553779580085,490,엑센트,엑센트(신형),74,102016,1368,5,12,10,1,0,1,0,0,0,0,1,0,1,1,0,0,0,0,0,0,1,0,0,0,0,0,1,0,0,1,0,1
41583412,977.230670900442,650,쏘나타,LF 쏘나타,57,227740,1999,5,10,1,0,0,1,1,0,0,1,0,0,1,1,0,0,0,0,0,1,0,0,0,0,0,1,0,0,0,1,0,1
41654534,930.193512170366,520,쏘나타,쏘나타 더 브릴리언트,57,147605,1999,5,14,5,0,1,1,1,1,1,1,1,1,1,1,0,0,0,0,0,0,1,0,0,0,0,0,1,0,0,1,0,1
40462781,1035.2811628396882,750,스포티지,스포티지 R,55,126039,1995,5,13,5,0,0,1,1,1,1,1,1,0,1,0,1,0,0,0,0,0,0,0,1,0,0,0,0,1,0,1,1,0
41573109,833.2990788440546,1330,코란도,뷰티풀 코란도,92,109183,1497,5,7,6,0,1,1,1,1,1,1,1,1,1,0,0,0,1,0,0,0,1,0,0,0,0,0,0,1,0,1,1,0
41536167,389.9312687325189,220,SM5,SM5 뉴 임프레션,19,115562,1998,5,18,12,0,0,1,1,1,1,1,1,0,1,0,0,0,0,0,1,0,1,0,0,0,0,0,0,1,0,1,0,1
41456091,905.6914320771383,1660,그랜저,더 뉴 그랜저 IG 하이브리드,27,186983,2359,5,5,13,0,1,1,1,1,1,1,1,1,1,1,0,0,0,0,0,0,0,1,0,0,0,0,1,0,0,1,0,1
41623715,1027.800505582473,447,투싼,투싼 ix,101,165730,1995,5,16,10,1,0,1,1,1,0,1,1,0,1,1,0,0,0,0,0,0,0,0,1,0,0,0,0,1,0,1,1,0
41537131,943.9179347406766,730,아반떼,아반떼 AD,62,130875,1591,5,10,4,0,0,1,1,1,0,1,1,0,1,1,0,0,0,0,0,0,1,0,0,0,0,0,0,1,0,1,0,1
41660458,1026.1187870977335,612,스포티지,스포티지 5세대,55,41276,1999,5,3,2,0,1,1,0,0,0,0,0,0,1,0,1,0,0,0,0,1,0,0,0,0,0,1,0,0,0,1,1,0
41529087,1010.3075581570316,1220,스타렉스,그랜드 스타렉스,50,86170,2497,3,10,7,0,0,1,1,0,0,1,1,0,1,1,0,0,0,0,0,0,0,0,1,0,0,0,0,1,0,1,1,0
41537695,1257.9607752264587,1530,G80,G80,5,127200,3342,5,9,3,0,1,1,1,1,1,1,1,1,1,0,0,1,0,0,0,0,1,0,0,0,0,0,0,1,0,1,0,1
40644664,1072.7523168570258,1130,싼타페,싼타페 DM,56,167699,1995,5,12,0,0,1,1,1,1,1,1,1,1,1,1,0,0,0,0,0,0,0,0,1,0,0,0,0,1,0,1,1,0
41246623,793.2511181150848,659,K3,K3,10,56165,1591,5,13,4,0,0,1,1,1,0,1,1,0,1,0,1,0,0,0,0,0,1,0,0,0,0,1,0,0,0,1,0,1
40845750,809.9140873524058,790,SM6,SM6,20,91132,1997,5,10,19,0,0,1,1,1,1,0,1,0,1,0,0,0,0,0,1,0,1,0,0,0,0,1,0,0,0,1,0,1
41633736,950.3037718506688,1190,쏘나타,쏘나타 뉴 라이즈,57,143606,1999,5,9,0,0,1,1,1,1,1,0,1,1,1,1,0,0,0,0,0,0,1,0,0,0,0,0,0,1,0,1,0,1
41485718,752.5036338740257,249,카렌스,뉴카렌스,86,140336,1998,7,20,15,0,0,0,1,0,0,1,1,0,1,0,1,0,0,0,0,1,0,0,0,0,0,1,0,0,0,1,1,0
41635903,905.6914320771383,750,그랜저,그랜저 HG,27,122322,2359,5,13,2,0,1,1,1,1,1,1,1,1,1,1,0,0,0,0,0,0,1,0,0,0,0,0,1,0,0,1,0,1
41311674,936.2255262529029,1099,아반떼,아반떼 AD,62,53060,1591,5,10,13,0,1,1,1,1,1,1,1,0,1,1,0,0,0,0,0,0,1,0,0,0,0,1,0,0,0,1,0,1
41626532,905.6914320771383,793,그랜저,그랜저 HG,27,147670,2359,5,10,1,1,1,1,1,1,1,1,1,1,1,1,0,0,0,0,0,0,1,0,0,0,0,0,0,1,0,1,0,1
41027765,1256.1011628396882,1290,XM3,XM3,23,103095,1598,5,4,0,0,1,1,1,1,1,1,1,0,1,0,0,0,0,0,1,0,1,0,0,0,0,1,0,0,0,1,1,0
41524908,916.1401938066147,1420,그랜저,그랜저 IG,27,142205,2359,5,7,8,0,1,1,1,1,1,1,1,1,1,1,0,0,0,0,0,0,1,0,0,0,0,0,1,0,0,1,0,1
41138753,892.2058141984411,260,로체,로체 이노베이션,36,123851,1998,5,18,15,0,0,1,0,0,0,0,0,0,1,0,1,0,0,0,0,1,0,0,0,0,0,1,0,0,0,1,0,1
41014565,1121.333920626105,1299,카니발,더 뉴 카니발,85,180489,2199,9,8,4,1,1,1,1,1,1,1,1,1,1,0,1,0,0,0,0,0,0,0,1,0,0,0,0,1,0,1,1,0
41521114,659.0006532807237,559,모닝,올 뉴 모닝,42,80776,998,5,15,3,1,0,1,1,1,1,1,1,0,1,0,1,0,0,0,0,0,1,0,0,0,0,1,0,0,0,1,0,1
41491436,910.4589389790043,960,제네시스,제네시스 DH,81,154138,3342,5,12,8,0,1,1,1,1,1,1,1,1,1,1,0,0,0,0,0,0,1,0,0,0,0,0,1,0,0,1,0,1
41451428,778.9139391480519,750,코란도,코란도 투리스모,92,52971,1998,9,12,1,1,0,1,1,1,1,1,1,0,1,0,0,0,1,0,0,0,0,0,1,0,0,0,0,1,0,1,1,0
41145182,529.273314565499,830,올란도,올란도,77,57559,1998,7,13,3,1,0,1,1,1,1,1,1,0,1,0,0,0,0,1,0,1,0,0,0,0,0,1,0,0,0,1,1,0
41370852,1262.8915334685064,1000,코나,코나,91,179091,1582,5,8,0,0,0,1,1,0,1,1,1,0,1,1,0,0,0,0,0,0,0,0,1,0,0,1,0,0,0,1,1,0
40031559,1319.6151889790042,1685,QM6,더 뉴 QM6,17,66374,1997,5,5,15,0,1,1,1,1,1,1,1,1,1,0,0,0,0,0,1,0,1,0,0,0,0,0,0,1,0,1,1,0
41607501,930.193512170366,800,쏘나타,LF 쏘나타,57,149701,1999,5,11,4,0,0,1,1,0,1,1,1,0,1,1,0,0,0,0,0,0,1,0,0,0,0,0,0,1,0,1,0,1
41532266,1027.800505582473,920,투싼,올 뉴 투싼,101,188657,1685,5,9,4,0,0,1,1,1,1,1,1,1,1,1,0,0,0,0,0,0,0,0,1,0,0,1,0,0,0,1,1,0
40607191,529.273314565499,999,올란도,올란도,77,77060,1598,7,11,3,0,0,1,1,0,1,1,1,0,1,0,0,0,0,1,0,0,0,0,1,0,0,0,0,1,0,1,1,0
39274863,916.1401938066147,459,그랜저,그랜저 HG,27,185114,2359,5,14,0,0,0,1,1,1,1,1,1,0,1,1,0,0,0,0,0,0,1,0,0,0,0,1,0,0,0,1,0,1
41276870,936.9062313760018,1440,아반떼,아반떼 (CN7),62,65010,1598,5,5,2,0,0,1,0,1,1,0,1,1,1,1,0,0,0,0,0,0,1,0,0,0,0,1,0,0,0,1,0,1
37453893,928.4206454774875,899,아반떼,아반떼 AD,62,116411,1591,5,9,8,0,0,1,1,0,1,1,1,0,1,1,0,0,0,0,0,0,1,0,0,0,0,0,0,0,1,1,0,1
41557754,1013.7211628396882,450,스포티지,스포티지 R,55,180608,1995,5,15,2,1,0,1,0,1,1,1,1,1,1,0,1,0,0,0,0,0,0,0,1,0,0,0,0,1,0,1,1,0
37196546,1153.1834208815528,750,카니발,카니발 R,85,312226,2199,6,13,2,0,0,0,1,0,0,1,0,0,1,0,1,0,0,0,0,0,0,0,1,0,0,1,0,0,0,1,1,0
41410272,1014.8324651358752,1660,투싼,올 뉴 투싼,101,97534,1591,5,6,5,0,0,1,1,1,1,1,1,1,1,1,0,0,0,0,0,0,1,0,0,0,0,1,0,0,0,1,1,0
41337247,968.6868564277833,1530,쏘나타,쏘나타 (DN8),57,119556,1999,5,7,8,0,1,1,1,1,1,1,1,1,1,1,0,0,0,0,0,0,1,0,0,0,0,0,1,0,0,1,0,1
40672167,868.079571411459,1580,K3,더 뉴 K3 2세대,10,53284,1598,5,5,10,0,0,1,1,1,1,1,1,1,1,0,1,0,0,0,0,0,1,0,0,0,0,0,0,1,0,1,0,1
41302056,521.1936913921791,540,스파크,더 넥스트 스파크,54,94624,999,5,9,8,0,0,1,1,0,0,0,1,0,1,0,0,0,0,1,0,0,1,0,0,0,0,0,0,1,0,1,0,1
41324854,699.989762412874,520,모닝,더 뉴 모닝,42,108768,998,5,11,11,0,0,1,1,0,0,1,1,0,1,0,1,0,0,0,0,0,1,0,0,0,0,0,0,1,0,1,0,1
41069138,704.8228682442713,800,모닝,올 뉴 모닝 (JA),42,74040,998,5,8,10,0,0,1,1,0,1,1,1,0,1,0,1,0,0,0,0,0,1,0,0,0,0,1,0,0,0,1,0,1
41529248,913.4740083520242,750,K9,K9,14,152218,3342,5,12,2,0,1,1,1,1,1,1,1,1,1,0,1,0,0,0,0,0,1,0,0,0,0,0,1,0,0,1,0,1
41524425,970.8411733726565,1190,티볼리,티볼리 아머,105,69493,1597,5,7,2,0,0,0,1,0,1,1,1,0,1,0,0,0,1,0,0,0,1,0,0,0,0,1,0,0,0,1,1,0
41279786,1084.4388555279147,1490,카니발,더 뉴 카니발,85,148930,2199,9,8,0,0,1,1,1,1,1,1,1,1,1,0,1,0,0,0,0,0,0,0,1,0,0,0,0,1,0,1,1,0
41316862,699.989762412874,520,모닝,올 뉴 모닝,42,85632,998,5,12,13,0,0,1,1,1,1,1,1,0,1,0,1,0,0,0,0,0,1,0,0,0,0,1,0,0,0,1,0,1
41639589,930.193512170366,470,쏘나타,YF 쏘나타,57,58565,1998,5,16,9,0,0,1,1,1,1,1,1,0,1,1,0,0,0,0,0,0,1,0,0,0,0,1,0,0,0,1,0,1
40582841,930.193512170366,387,쏘나타,쏘나타 하이브리드,57,185139,1999,5,15,0,0,0,1,1,1,1,0,1,1,1,1,0,0,0,0,0,0,0,1,0,0,0,0,0,1,0,1,0,1
41586900,809.9140873524058,870,SM6,SM6,20,57011,1618,5,10,3,0,1,1,1,1,1,0,1,0,1,0,0,0,0,0,1,0,1,0,0,0,0,0,0,1,0,1,0,1
41474497,1012.2538228903043,960,스타렉스,그랜드 스타렉스,50,87932,2497,12,10,2,0,0,1,1,0,0,1,1,0,1,1,0,0,0,0,0,0,0,0,1,0,0,0,0,1,0,1,1,0
41292269,539.6756970784525,340,스파크,스파크,54,105594,995,5,12,2,0,0,1,1,0,0,1,1,0,1,0,0,0,0,1,0,0,1,0,0,0,0,0,0,0,1,1,0,1
40520809,793.5123984456893,1050,코란도,더 뉴 코란도 스포츠,92,128570,2157,5,9,4,0,0,1,1,0,1,1,1,0,1,0,0,0,1,0,0,0,0,0,1,0,0,0,0,1,0,1,1,0
41583253,802.5490122794023,830,트랙스,더 뉴 트랙스,103,132737,1362,5,8,0,1,0,1,1,0,1,0,1,0,1,0,0,0,0,1,0,0,1,0,0,0,0,1,0,0,0,1,1,0
41625818,935.928526081858,790,그랜저,그랜저 HG,27,71456,2999,5,15,10,1,1,1,1,1,1,1,1,1,1,1,0,0,0,0,0,0,1,0,0,0,0,0,1,0,0,1,0,1
41195258,402.80707679553126,169,SM5,뉴SM5(신형),19,163840,1998,5,16,13,0,0,0,0,0,0,0,1,0,1,0,0,0,0,0,1,0,1,0,0,0,0,1,0,0,0,1,0,1
41317334,870.010476653311,380,제네시스,제네시스,81,255999,3342,5,14,6,0,0,1,1,1,1,1,1,1,1,1,0,0,0,0,0,0,1,0,0,0,0,0,0,1,0,1,0,1
41651329,1109.432724427458,1120,넥쏘,넥쏘,28,176344,111,5,6,7,1,1,1,1,1,1,1,1,1,1,1,0,0,0,0,0,0,0,0,0,0,1,0,0,1,0,1,1,0
41611949,539.6756970784525,920,스파크,더 뉴 스파크,54,18333,999,5,6,7,0,0,1,1,1,1,0,1,0,1,0,0,0,0,1,0,0,1,0,0,0,0,0,0,0,1,1,0,1
41145491,532.6342390295486,650,올란도,올란도,77,110520,1998,7,10,2,0,0,1,1,0,1,0,1,0,1,0,0,0,0,1,0,1,0,0,0,0,0,0,0,0,1,1,1,0
41546838,1050.1398208359376,619,투싼,뉴 투싼 ix,101,130394,2000,5,12,11,0,0,1,1,1,1,1,1,0,1,1,0,0,0,0,0,0,0,0,1,0,0,0,0,1,0,1,1,0
41324537,1012.2538228903043,460,스타렉스,그랜드 스타렉스,50,247404,2497,5,15,11,0,0,1,1,0,0,1,1,0,1,1,0,0,0,0,0,0,0,0,1,0,0,0,0,1,0,1,1,0
41259067,854.7325583622192,220,오피러스,뉴오피러스,76,193926,2656,5,18,13,0,1,1,1,1,1,1,1,1,1,0,1,0,0,0,0,1,0,0,0,0,0,0,1,0,0,1,0,1
41384400,731.2047804071187,1090,에쿠스,에쿠스(신형),73,191757,5038,4,11,8,0,1,1,1,1,1,1,1,1,1,1,0,0,0,0,0,0,1,0,0,0,0,0,1,0,0,1,0,1
41099548,916.1401938066147,1390,그랜저,그랜저 IG,27,128830,2999,5,8,3,0,0,1,1,1,1,1,1,1,1,1,0,0,0,0,0,1,0,0,0,0,0,0,1,0,0,1,0,1
41247874,950.3037718506688,1149,쏘나타,쏘나타 뉴 라이즈,57,109843,1999,5,9,7,0,0,1,1,1,1,0,1,0,1,1,0,0,0,0,0,1,0,0,0,0,0,1,0,0,0,1,0,1
39530031,1051.6974101665487,1370,싼타페,싼타페 더 프라임,56,100199,1995,5,8,5,0,0,1,1,1,1,1,1,1,1,1,0,0,0,0,0,0,0,0,1,0,0,0,0,1,0,1,1,0
41528719,1199.5502626446585,1100,베뉴,베뉴,45,35112,1598,5,7,17,0,0,1,1,0,0,1,1,0,1,1,0,0,0,0,0,0,1,0,0,0,0,1,0,0,0,1,1,0
40871728,817.7357216322383,440,말리부,말리부,40,124268,1956,5,12,6,0,0,1,1,1,1,0,1,0,1,0,0,0,0,1,0,0,0,0,1,0,0,1,0,0,0,1,0,1
41465137,936.9062313760018,330,아반떼,더 뉴 아반떼,62,189710,1591,5,13,6,0,0,1,0,1,0,0,1,0,1,1,0,0,0,0,0,0,1,0,0,0,0,1,0,0,0,1,0,1
41355654,1266.4080669370128,1570,EQ900,EQ900,0,173748,3778,5,10,8,0,1,1,1,1,1,1,1,1,1,0,0,1,0,0,0,0,1,0,0,0,0,0,0,1,0,1,0,1
41619563,473.05967855859427,470,크루즈,어메이징 뉴 크루즈,95,92902,1796,5,11,3,0,0,1,1,1,1,1,1,0,1,0,0,0,0,1,0,0,1,0,0,0,0,1,0,0,0,1,0,1
40917995,1022.9393169370128,1420,모하비,모하비,43,87659,2959,7,11,2,0,1,1,1,1,1,1,1,1,1,0,1,0,0,0,0,0,0,0,1,0,0,0,1,0,0,1,1,0
41259513,845.8008944920679,690,K5,더 뉴 K5,11,133009,1999,5,13,4,0,0,1,1,1,1,1,1,0,1,0,1,0,0,0,0,0,1,0,0,0,0,0,1,0,0,1,0,1
41020904,793.5123984456893,1449,코란도,뷰티풀 코란도,92,87801,1497,5,5,11,0,0,1,1,1,1,1,1,1,1,0,0,0,1,0,0,0,1,0,0,0,0,0,0,0,1,1,1,0
41562941,1251.1196295251596,1058,코나,코나,91,163524,1591,5,9,1,0,0,1,1,0,1,1,1,0,1,1,0,0,0,0,0,0,1,0,0,0,0,0,0,0,1,1,1,0
41604692,950.3037718506688,880,쏘나타,LF 쏘나타,57,120497,1999,5,9,6,0,0,1,1,0,1,1,1,0,1,1,0,0,0,0,0,0,1,0,0,0,0,0,0,1,0,1,0,1
41424488,1301.2282984354893,1390,QM6,더 뉴 QM6,17,115845,1998,5,5,5,0,1,1,1,1,1,1,1,1,1,0,0,0,0,0,1,1,0,0,0,0,0,0,1,0,0,1,1,0
41582625,804.849667793527,660,SM6,SM6,20,143542,1997,5,10,1,0,0,1,1,1,1,1,1,0,1,0,0,0,0,0,1,0,1,0,0,0,0,0,1,0,0,1,0,1
40081646,1051.6974101665487,800,싼타페,싼타페 DM,56,137031,1995,5,13,10,0,0,1,1,1,1,1,1,1,1,1,0,0,0,0,0,0,0,0,1,0,0,1,0,0,0,1,1,0
41645475,941.3889022900747,990,쏘나타,LF 쏘나타 하이브리드,57,123910,1999,5,11,2,0,0,1,1,1,1,1,1,0,1,1,0,0,0,0,0,0,0,1,0,0,0,1,0,0,0,1,0,1
41315202,1319.6151889790042,1149,QM6,QM6,17,120300,1997,5,8,0,0,1,1,1,1,1,1,1,1,1,0,0,0,0,0,1,0,1,0,0,0,0,1,0,0,0,1,1,0
40333929,943.9179347406766,1180,아반떼,아반떼 (CN7),62,130129,1598,5,6,12,0,0,1,1,0,1,1,1,0,1,1,0,0,0,0,0,0,1,0,0,0,0,1,0,0,0,1,0,1
41622369,1153.1834208815528,1050,카니발,올 뉴 카니발,85,196983,2199,7,8,3,1,1,1,1,1,1,1,1,1,1,0,1,0,0,0,0,0,0,0,1,0,0,1,0,0,0,1,1,0
41470140,1072.7523168570258,420,싼타페,싼타페 CM,56,91930,2188,7,18,15,1,1,1,1,1,1,1,1,0,1,1,0,0,0,0,0,0,0,0,1,0,0,1,0,0,0,1,1,0
40998893,856.0406977686312,980,베라크루즈,베라크루즈,46,223097,2959,7,13,7,0,1,1,1,1,1,1,1,1,1,1,0,0,0,0,0,0,0,0,1,0,0,0,0,1,0,1,1,0
41099365,963.6518467963097,1450,티볼리,티볼리 에어,105,19739,1497,5,5,2,0,0,1,1,0,1,1,1,0,1,0,0,0,1,0,0,0,1,0,0,0,0,1,0,0,0,1,1,0
41126522,845.8008944920679,859,K5,더 뉴 K5,11,53573,1999,5,13,0,0,0,1,1,1,1,1,1,0,1,0,1,0,0,0,0,1,0,0,0,0,0,0,0,0,1,1,0,1
40736547,817.7357216322383,235,말리부,말리부,40,251739,1956,5,12,18,1,0,1,1,1,1,1,1,0,1,0,0,0,0,1,0,0,0,0,1,0,0,1,0,0,0,1,0,1
41179538,711.2411628396882,525,QM3,QM3,15,93601,1461,5,11,4,0,0,1,1,1,1,1,1,0,1,0,0,0,0,0,1,0,0,0,1,0,0,0,0,0,1,1,1,0
41550867,856.0406977686312,800,베라크루즈,베라크루즈,46,178287,2959,7,16,6,1,1,1,1,1,1,1,1,0,1,1,0,0,0,0,0,0,0,0,1,0,0,0,0,1,0,1,1,0
41583308,930.193512170366,1370,쏘나타,LF 쏘나타 하이브리드,57,76374,1999,5,11,4,0,0,1,1,1,1,1,1,1,1,1,0,0,0,0,0,0,0,1,0,0,0,1,0,0,0,1,0,1
41571670,793.2511181150848,1330,K3,올 뉴 K3,10,54369,1598,5,8,4,0,0,1,1,0,1,1,1,1,1,0,1,0,0,0,0,0,1,0,0,0,0,0,0,0,1,1,0,1
41531040,804.849667793527,599,SM6,SM6,20,194349,1997,5,10,6,1,0,1,1,1,1,1,1,1,1,0,0,0,0,0,1,0,1,0,0,0,0,1,0,0,0,1,0,1
41643511,831.0491350121001,660,코란도,더 뉴 코란도 스포츠,92,295296,2157,5,10,8,0,0,1,0,1,1,1,1,1,1,0,0,0,1,0,0,0,0,0,1,0,0,1,0,0,0,1,1,0
41305774,952.3521370538434,1250,K7,올 뉴 K7,12,107274,2359,5,10,0,0,1,1,1,1,1,1,1,1,1,0,1,0,0,0,0,0,1,0,0,0,0,0,1,0,0,1,0,1
41593690,834.6416492713101,220,윈스톰,윈스톰,78,206439,1991,7,17,12,1,0,1,1,1,0,1,1,0,1,0,0,0,0,1,0,0,0,0,1,0,0,1,0,0,0,1,1,0
41198787,731.3465116724439,350,에쿠스,에쿠스(신형),73,288653,3778,5,14,7,1,1,1,1,1,1,0,1,1,1,1,0,0,0,0,0,0,1,0,0,0,0,0,1,0,0,1,0,1
41100256,1051.6974101665487,1430,싼타페,싼타페 더 프라임,56,91315,1995,5,10,3,0,0,1,1,1,1,1,1,1,1,1,0,0,0,0,0,0,0,0,1,0,0,0,0,1,0,1,1,0
40865718,389.9312687325189,690,SM5,SM5 노바,19,81453,1998,5,11,5,0,0,1,1,1,1,1,1,0,1,0,0,0,0,0,1,1,0,0,0,0,0,0,0,1,0,1,0,1
40877728,816.6985223123376,650,트랙스,더 뉴 트랙스,103,109881,1598,5,6,6,0,0,1,0,0,0,0,0,0,0,0,0,0,0,1,0,0,0,0,1,0,0,0,1,0,0,1,1,0
41452962,532.6342390295486,659,올란도,올란도,77,79891,1998,7,13,6,1,0,1,1,1,1,1,1,0,1,0,0,0,0,1,0,1,0,0,0,0,0,1,0,0,0,1,1,0
41008815,1051.6974101665487,1055,싼타페,싼타페 더 프라임,56,159555,1995,5,10,4,0,0,1,1,1,1,1,1,0,1,1,0,0,0,0,0,0,0,0,1,0,0,1,0,0,0,1,1,0
41190340,1013.7211628396882,1390,스포티지,스포티지 더 볼드,55,99993,1995,5,7,2,0,0,1,1,1,1,1,1,1,1,0,1,0,0,0,0,0,0,0,1,0,0,0,1,0,0,1,1,0
41507053,1079.3476259860029,950,싼타페,싼타페 DM,56,104188,1995,5,11,18,0,1,1,1,1,1,1,1,1,1,1,0,0,0,0,0,0,0,0,1,0,0,0,0,1,0,1,1,0
41584919,819.4078380887734,630,SM6,SM6,20,145864,1997,5,10,1,0,1,1,1,1,1,1,1,0,1,0,0,0,0,0,1,0,1,0,0,0,0,1,0,0,0,1,0,1
40156519,905.6914320771383,430,그랜저,그랜저 HG,27,235425,2999,5,14,6,0,0,1,1,1,1,1,1,1,1,1,0,0,0,0,0,0,1,0,0,0,0,0,1,0,0,1,0,1
41651631,968.6868564277833,340,쏘나타,쏘나타 하이브리드,57,241533,1999,5,13,4,0,0,1,1,1,1,1,1,0,1,1,0,0,0,0,0,0,0,1,0,0,0,1,0,0,0,1,0,1
41215773,784.2548451653676,250,액티언,액티언,71,245555,1998,5,17,11,1,0,1,1,0,0,0,1,0,1,0,0,0,1,0,0,0,0,0,1,0,0,1,0,0,0,1,1,0
40918535,535.0819292958388,359,스파크,스파크,54,88545,995,5,13,0,0,0,1,1,0,0,0,1,0,1,0,0,0,0,1,0,0,1,0,0,0,0,0,0,0,1,1,0,1
41601444,809.9140873524058,940,SM6,SM6,20,101109,1618,5,10,0,0,1,1,1,1,1,1,1,1,1,0,0,0,0,0,1,0,1,0,0,0,0,0,1,0,0,1,0,1
39293419,867.4613543331805,1050,제네시스,제네시스 DH,81,193341,3342,5,11,1,1,1,1,1,1,1,1,1,1,1,1,0,0,0,0,0,0,1,0,0,0,0,0,1,0,0,1,0,1
41255220,905.6914320771383,550,그랜저,그랜저,27,194303,1997,5,34,17,0,0,0,1,0,0,0,0,0,0,1,0,0,0,0,0,0,1,0,0,0,0,0,0,1,0,1,0,1
40653800,511.37274562236945,579,스파크,더 넥스트 스파크,54,87165,999,5,10,7,0,0,1,1,0,0,0,1,0,1,0,0,0,0,1,0,0,1,0,0,0,0,0,0,0,1,1,0,1
41585000,914.7325583622192,1180,스토닉,스토닉,52,113135,1582,5,8,1,1,0,1,1,1,1,1,1,0,1,0,1,0,0,0,0,0,0,0,1,0,0,1,0,0,0,1,1,0
41189761,1035.2811628396882,1000,스포티지,스포티지 4세대,55,141350,1685,5,10,3,0,0,1,1,0,1,1,1,1,1,0,1,0,0,0,0,0,0,0,1,0,0,0,0,0,1,1,1,0
41512278,804.849667793527,730,SM6,SM6,20,133099,1997,5,9,6,0,1,1,1,1,1,0,1,1,1,0,0,0,0,0,1,0,1,0,0,0,0,1,0,0,0,1,0,1
41309623,535.2976053661823,560,올란도,올란도,77,127911,1598,7,9,4,0,0,1,1,0,1,1,1,0,1,0,0,0,0,1,0,0,0,0,1,0,0,1,0,0,0,1,1,0
41495180,813.3482474056841,330,말리부,말리부,40,140400,1998,5,12,2,1,0,1,1,1,0,1,1,0,1,0,0,0,0,1,0,0,1,0,0,0,0,0,1,0,0,1,0,1
41503265,950.3037718506688,1450,쏘나타,쏘나타 뉴 라이즈,57,45737,1999,5,9,6,0,1,1,1,1,1,1,1,1,1,1,0,0,0,0,0,0,1,0,0,0,0,0,0,0,1,1,0,1
40743248,807.4456798684994,850,SM6,SM6,20,60242,1997,5,10,2,0,0,1,1,1,1,1,1,0,1,0,0,0,0,0,1,0,1,0,0,0,0,0,0,1,0,1,0,1
41243088,936.2255262529029,1130,아반떼,아반떼 AD,62,106327,1591,5,9,7,0,0,1,1,0,1,1,1,0,1,1,0,0,0,0,0,0,1,0,0,0,0,0,0,1,0,1,0,1
41264695,907.2378156501135,950,그랜저,그랜저 HG,27,16036,2999,5,13,2,0,0,1,1,1,1,1,1,1,1,1,0,0,0,0,0,0,1,0,0,0,0,0,1,0,0,1,0,1
40916970,1063.6126404216627,950,싼타페,싼타페 더 프라임,56,157565,1995,5,11,10,0,0,1,1,1,1,1,1,1,1,1,0,0,0,0,0,0,0,0,1,0,0,0,0,1,0,1,1,0
41624700,1259.5072485972,69,G80,G80 (RG3),5,60366,2497,5,2,2,0,1,1,1,1,1,1,1,1,1,0,0,1,0,0,0,0,1,0,0,0,0,0,1,0,0,1,0,1
40587026,818.3774225826837,580,임팔라,임팔라,80,129333,2457,5,10,6,1,1,1,1,1,1,1,1,1,1,0,0,0,0,1,0,0,1,0,0,0,0,0,1,0,0,1,0,1
40714091,868.079571411459,580,K3,더 뉴 K3,10,130184,1591,5,10,12,0,0,1,1,1,0,1,1,0,1,0,1,0,0,0,0,0,1,0,0,0,0,1,0,0,0,1,0,1
41344101,867.4613543331805,999,제네시스,제네시스 DH,81,140068,3342,5,11,9,1,1,1,1,1,1,1,1,1,1,1,0,0,0,0,0,0,1,0,0,0,0,1,0,0,0,1,0,1
41369117,930.193512170366,1479,쏘나타,쏘나타 (DN8),57,82798,1999,5,7,12,0,1,1,1,1,1,1,1,1,1,1,0,0,0,0,0,0,1,0,0,0,0,0,1,0,0,1,0,1
41631452,704.8228682442713,1350,모닝,모닝 어반 (JA),42,62594,998,5,5,0,1,0,1,1,1,1,1,1,1,1,0,1,0,0,0,0,0,1,0,0,0,0,1,0,0,0,1,0,1
40728840,867.4613543331805,530,제네시스,제네시스,81,172204,3342,5,15,5,0,1,1,1,1,1,1,1,1,1,1,0,0,0,0,0,0,1,0,0,0,0,0,0,1,0,1,0,1
41170764,820.6996852780783,779,SM6,SM6,20,140586,1997,5,10,7,1,1,1,1,1,1,1,1,1,1,0,0,0,0,0,1,0,1,0,0,0,0,1,0,0,0,1,0,1
41420522,1268.500618531749,1660,렉스턴,렉스턴 스포츠 칸,35,126182,2157,5,6,1,0,0,1,1,0,1,1,1,1,1,0,0,0,1,0,0,0,0,0,1,0,0,0,0,1,0,1,1,0
41651475,511.37274562236945,830,스파크,더 뉴 스파크,54,33410,999,5,6,6,0,0,1,1,0,1,0,1,0,1,0,0,0,0,1,0,0,1,0,0,0,0,0,0,1,0,1,0,1
41518535,1244.946731648438,1560,G80,G80,5,119517,3342,5,9,4,0,1,1,1,1,1,1,1,1,1,0,0,1,0,0,0,0,1,0,0,0,0,0,1,0,0,1,0,1
41654717,1234.4350592827248,374,코나,코나 (SX2),91,7,1598,5,1,2,0,1,1,1,0,1,0,1,1,1,1,0,0,0,0,0,0,1,0,0,0,0,1,0,0,0,1,1,0
41174831,1014.8324651358752,1320,투싼,올 뉴 투싼,101,100858,1598,5,8,4,0,0,1,1,1,1,1,1,0,1,1,0,0,0,0,0,0,0,0,1,0,0,0,0,1,0,1,1,0
41580225,473.05967855859427,590,크루즈,어메이징 뉴 크루즈,95,25867,1796,5,10,4,0,0,1,1,0,0,0,1,0,1,0,0,0,0,1,0,0,1,0,0,0,0,0,0,1,0,1,0,1
41273291,970.8411733726565,750,티볼리,티볼리,105,90199,1597,5,11,1,0,0,1,1,0,1,1,1,0,1,0,0,0,1,0,0,0,0,0,1,0,0,0,0,1,0,1,1,0
41535822,819.4078380887734,770,SM6,SM6,20,97233,1618,5,10,6,1,1,1,1,1,1,1,1,1,1,0,0,0,0,0,1,0,1,0,0,0,0,1,0,0,0,1,0,1
41322206,1017.5881784987009,1550,스팅어,스팅어,53,141318,1998,5,9,3,0,1,1,1,1,1,1,1,1,1,0,1,0,0,0,0,0,1,0,0,0,0,0,1,0,0,1,0,1
41472184,992.8099193332274,1370,스타렉스,더 뉴 그랜드 스타렉스,50,99424,2497,3,7,8,0,0,1,1,0,0,1,1,0,1,1,0,0,0,0,0,0,0,0,1,0,0,1,0,0,0,1,1,0
41546272,802.5490122794023,920,트랙스,더 뉴 트랙스,103,56549,1362,5,8,3,0,0,1,1,0,1,1,1,0,1,0,0,0,0,1,0,0,1,0,0,0,0,0,0,1,0,1,1,0
41459378,968.6868564277833,1220,쏘나타,LF 쏘나타,57,53008,1999,5,10,3,0,0,1,1,0,1,1,1,0,1,1,0,0,0,0,0,0,1,0,0,0,0,0,0,1,0,1,0,1
41510785,397.0685256503341,170,SM5,뉴SM5 플래티넘,19,191400,1998,5,11,18,0,0,1,1,1,0,1,1,0,1,0,0,0,0,0,1,1,0,0,0,0,0,0,0,0,1,1,0,1
41016894,819.4078380887734,950,SM6,SM6,20,70684,1997,5,10,2,0,0,1,1,1,1,1,1,0,1,0,0,0,0,0,1,0,1,0,0,0,0,1,0,0,0,1,0,1
41225617,1124.3844256766104,1200,카니발,더 뉴 카니발,85,150830,2199,9,8,9,0,1,1,1,0,1,0,1,1,1,0,1,0,0,0,0,0,0,0,1,0,0,0,1,0,0,1,1,0
40179998,540.7524225826838,399,아베오,아베오 해치백,63,95714,1598,5,13,3,0,0,1,1,0,0,0,1,0,0,0,0,0,0,1,0,0,1,0,0,0,0,1,0,0,0,1,0,1
39657112,1247.4949211722349,1240,렉스턴,G4 렉스턴,35,163230,2157,5,9,2,0,1,1,1,1,1,0,1,1,1,0,0,0,1,0,0,0,0,0,1,0,0,1,0,0,0,1,1,0
41392830,804.849667793527,990,SM6,SM6,20,76565,1618,5,10,2,0,0,0,0,0,0,0,0,0,0,0,0,0,0,0,1,0,1,0,0,0,0,0,0,1,0,1,0,1
40041696,1256.1011628396882,1220,XM3,XM3,23,66136,1332,5,6,14,0,1,1,1,1,1,1,1,0,1,0,0,0,0,0,1,0,1,0,0,0,0,1,0,0,0,1,1,0
41463834,930.193512170366,1550,쏘나타,쏘나타 (DN8),57,88326,1999,5,6,4,0,0,1,1,1,1,1,1,0,1,1,0,0,0,0,0,1,0,0,0,0,0,0,0,0,1,1,0,1
41284224,992.8099193332274,1529,스타렉스,그랜드 스타렉스,50,91080,2497,11,13,6,0,0,1,1,1,1,0,1,1,1,1,0,0,0,0,0,0,0,0,1,0,0,0,1,0,0,1,1,0
41067852,814.5976259860029,370,말리부,말리부,40,219947,1998,5,12,0,0,1,1,1,1,1,0,1,0,1,0,0,0,0,1,0,0,1,0,0,0,0,0,0,0,1,1,0,1
40866414,916.1401938066147,1250,그랜저,그랜저 IG,27,130320,2999,5,8,6,0,0,1,1,1,1,1,1,1,1,1,0,0,0,0,0,1,0,0,0,0,0,0,0,1,0,1,0,1
41478948,916.1401938066147,699,그랜저,그랜저 IG,27,367789,2999,5,9,14,0,1,1,1,1,1,1,1,1,1,1,0,0,0,0,0,1,0,0,0,0,0,0,1,0,0,1,0,1
40265527,529.273314565499,580,올란도,올란도,77,127418,1998,7,9,11,0,0,0,1,0,0,0,0,0,1,0,0,0,0,1,0,1,0,0,0,0,0,0,0,1,0,1,1,0
41627718,570.8143169370128,390,QM5,QM5 네오,16,112823,1998,5,11,6,0,0,0,1,0,0,1,1,0,1,0,0,0,0,0,1,0,1,0,0,0,0,1,0,0,0,1,1,0
41436149,963.6518467963097,880,티볼리,티볼리 에어,105,110742,1597,5,8,2,1,0,1,1,0,1,1,1,0,1,0,0,0,1,0,0,0,0,0,1,0,0,1,0,0,0,1,1,0
41241965,952.3521370538434,859,K7,더 뉴 K7,12,111554,2999,5,12,6,0,0,1,1,1,1,1,1,0,1,0,1,0,0,0,0,1,0,0,0,0,0,1,0,0,0,1,0,1
40705215,967.6269960460112,1090,티볼리,티볼리 아머,105,76153,1597,5,8,11,0,1,1,1,0,1,1,1,1,1,0,0,0,1,0,0,0,1,0,0,0,0,0,0,1,0,1,1,0
41593158,822.9294020283487,699,K5,K5,11,68415,1999,5,13,2,0,0,1,1,1,0,1,1,0,1,0,1,0,0,0,0,0,1,0,0,0,0,0,1,0,0,1,0,1
39847259,992.8099193332274,899,스타렉스,그랜드 스타렉스,50,143779,2497,5,11,2,0,0,1,1,0,0,1,0,0,1,1,0,0,0,0,0,0,0,0,1,0,0,0,1,0,0,1,1,0
41177231,793.5123984456893,1280,코란도,뷰티풀 코란도,92,91252,1497,5,7,2,0,0,1,1,0,1,0,1,0,1,0,0,0,1,0,0,0,1,0,0,0,0,0,1,0,0,1,1,0
40355267,535.0819292958388,270,스파크,스파크,54,123830,995,5,12,14,0,0,1,1,0,0,1,1,0,1,0,0,0,0,1,0,0,1,0,0,0,0,0,0,0,1,1,0,1
41437991,830.7441133874026,1370,코란도,뷰티풀 코란도,92,53099,1497,5,6,3,0,0,1,1,0,1,1,1,0,1,0,0,0,1,0,0,0,1,0,0,0,0,0,1,0,0,1,1,0
41062407,970.8411733726565,1190,티볼리,티볼리 에어,105,91741,1497,5,5,0,0,0,1,1,0,0,1,0,0,0,0,0,0,1,0,0,0,1,0,0,0,0,1,0,0,0,1,1,0
40749378,532.6342390295486,510,올란도,올란도,77,136750,1998,7,12,5,0,0,1,1,0,1,1,1,0,1,0,0,0,0,1,0,1,0,0,0,0,0,0,0,1,0,1,1,0
41576450,1259.5072485972,1329,G80,G80,5,186764,3342,5,9,7,0,1,1,1,1,1,1,1,1,1,0,0,1,0,0,0,0,1,0,0,0,0,0,1,0,0,1,0,1
41232490,511.37274562236945,490,스파크,더 넥스트 스파크,54,91970,999,5,10,0,0,0,1,0,0,0,0,0,0,0,0,0,0,0,1,0,0,1,0,0,0,0,1,0,0,0,1,0,1
40734481,529.273314565499,560,올란도,올란도,77,123601,1998,7,11,1,0,0,1,0,0,1,1,1,0,1,0,0,0,0,1,0,0,0,0,1,0,0,0,0,0,1,1,1,0
41553694,1024.6264535496102,790,스포티지,스포티지 R,55,79942,1995,5,14,2,0,1,1,1,1,1,1,1,0,1,0,1,0,0,0,0,0,0,0,1,0,0,0,0,0,1,1,1,0
41111324,963.6518467963097,1350,티볼리,베리 뉴 티볼리,105,36497,1497,5,7,0,0,0,1,0,0,0,1,1,1,1,0,0,0,1,0,0,0,1,0,0,0,0,0,1,0,0,1,1,0
40797356,1392.238226774805,1580,캐스퍼,캐스퍼,88,50891,998,4,4,2,0,0,1,1,1,1,1,1,1,1,1,0,0,0,0,0,0,1,0,0,0,0,1,0,0,0,1,0,1
41568572,969.3889001833381,799,티볼리,티볼리,105,57426,1597,5,11,2,0,0,0,0,0,0,0,0,0,0,0,0,0,1,0,0,0,1,0,0,0,0,1,0,0,0,1,1,0
41568711,936.2255262529029,660,아반떼,더 뉴 아반떼,62,84013,1591,5,12,3,0,0,1,0,1,1,0,1,0,1,1,0,0,0,0,0,0,1,0,0,0,0,1,0,0,0,1,0,1
41582972,1319.6151889790042,1549,QM6,더 뉴 QM6,17,133658,1998,5,5,0,1,1,1,1,1,1,1,1,1,1,0,0,0,0,0,1,1,0,0,0,0,0,0,1,0,0,1,1,0
41478474,870.010476653311,550,제네시스,제네시스,81,165278,3342,5,14,9,0,1,1,1,1,1,1,1,1,1,1,0,0,0,0,0,0,1,0,0,0,0,0,1,0,0,1,0,1
41602794,809.9140873524058,799,SM6,SM6,20,163429,1998,5,7,0,0,1,1,1,1,1,1,1,1,1,0,0,0,0,0,1,1,0,0,0,0,0,0,1,0,0,1,0,1
41622990,778.9139391480519,950,코란도,코란도 스포츠,92,36798,1998,5,12,9,0,0,1,1,1,0,1,1,0,1,0,0,0,1,0,0,0,0,0,1,0,0,0,1,0,0,1,1,0
41653921,943.9179347406766,1620,아반떼,더 뉴 아반떼 (CN7),62,36698,1598,5,3,0,0,1,1,1,0,0,0,0,0,1,1,0,0,0,0,0,0,1,0,0,0,0,0,0,1,0,1,0,1
41605397,1301.2282984354893,930,QM6,QM6,17,114344,1997,5,9,10,0,0,1,1,1,1,0,1,1,1,0,0,0,0,0,1,0,1,0,0,0,0,0,0,1,0,1,1,0
41627693,1138.5330669370128,1510,맥스크루즈,더 뉴 맥스크루즈,41,128108,2199,7,10,2,0,1,1,1,1,1,1,1,1,1,1,0,0,0,0,0,0,0,0,1,0,0,1,0,0,0,1,1,0
41604792,928.4206454774875,1690,아반떼,아반떼 (CN7),62,98655,1598,5,4,2,0,1,1,1,1,1,1,1,1,1,1,0,0,0,0,0,0,1,0,0,0,0,1,0,0,0,1,0,1
41485681,928.4206454774875,1690,아반떼,아반떼 (CN7),62,74035,1598,5,5,8,0,1,1,1,1,1,1,1,1,1,1,0,0,0,0,0,0,1,0,0,0,0,0,0,1,0,1,0,1
41594282,1050.1398208359376,1550,투싼,올 뉴 투싼,101,70696,1598,5,6,8,0,0,1,1,1,1,1,1,1,1,1,0,0,0,0,0,0,0,0,1,0,0,0,0,0,1,1,1,0
41417053,1259.5072485972,1250,G80,G80,5,156200,3342,5,9,2,0,1,1,1,1,1,1,1,1,1,0,0,1,0,0,0,0,1,0,0,0,0,0,1,0,0,1,0,1
41317231,532.6342390295486,329,올란도,올란도,77,159218,1998,7,14,3,0,0,1,1,0,0,1,1,0,1,0,0,0,0,1,0,0,0,0,1,0,0,0,0,1,0,1,1,0
41573526,923.0393528184499,850,그랜저,그랜저 HG,27,29804,2359,5,12,5,0,0,1,1,1,1,1,1,0,1,1,0,0,0,0,0,0,1,0,0,0,0,0,1,0,0,1,0,1
39899343,845.8008944920679,630,K5,K5 하이브리드,11,140734,1999,5,12,8,0,1,1,1,1,1,1,1,0,1,0,1,0,0,0,0,0,0,1,0,0,0,0,0,1,0,1,0,1
40644378,1236.8774225826837,1470,트레일블레이저,트레일블레이저,104,125559,1341,5,6,1,0,0,1,1,1,1,1,1,0,1,0,0,0,0,1,0,0,1,0,0,0,0,1,0,0,0,1,1,0
41356467,950.3037718506688,1270,쏘나타,쏘나타 (DN8),57,137843,1999,5,7,4,0,1,1,1,1,1,1,1,1,1,1,0,0,0,0,0,0,1,0,0,0,0,1,0,0,0,1,0,1
41367713,923.0393528184499,499,그랜저,그랜저 HG,27,117343,2359,5,15,8,1,0,1,1,1,1,1,1,0,1,1,0,0,0,0,0,0,1,0,0,0,0,0,0,0,1,1,0,1
41316774,1387.528585305339,1599,캐스퍼,캐스퍼,88,28956,998,4,4,2,0,0,1,1,1,1,1,1,1,1,1,0,0,0,0,0,0,1,0,0,0,0,1,0,0,0,1,0,1
41277035,941.3889022900747,1070,쏘나타,LF 쏘나타,57,109564,1999,5,10,2,1,0,1,1,0,1,1,1,0,1,1,0,0,0,0,0,0,1,0,0,0,0,0,0,1,0,1,0,1
41647634,916.1401938066147,950,그랜저,그랜저 HG,27,101664,2999,5,13,3,0,1,1,1,1,1,1,1,1,1,1,0,0,0,0,0,1,0,0,0,0,0,1,0,0,0,1,0,1
41637581,1037.3051417342533,1070,투싼,올 뉴 투싼,101,135864,1685,5,10,2,0,0,1,1,1,1,1,1,0,1,1,0,0,0,0,0,0,0,0,1,0,0,1,0,0,0,1,1,0
41636361,830.7441133874026,365,코란도,뉴코란도 C,92,169510,1998,5,12,3,1,0,1,1,1,1,1,1,1,1,0,0,0,1,0,0,0,0,0,1,0,0,0,0,1,0,1,1,0
41611599,935.928526081858,590,그랜저,그랜저 HG,27,213413,2999,5,11,8,0,1,1,1,1,1,1,1,1,1,1,0,0,0,0,0,1,0,0,0,0,0,0,1,0,0,1,0,1
41572524,529.273314565499,490,올란도,올란도,77,103719,1998,7,11,8,0,0,1,1,1,1,0,1,0,1,0,0,0,0,1,0,0,0,0,1,0,0,1,0,0,0,1,1,0
40724740,807.4456798684994,1000,SM6,SM6,20,43790,1997,5,10,1,1,0,1,1,1,1,1,1,1,1,0,0,0,0,0,1,0,1,0,0,0,0,0,0,1,0,1,0,1
40720177,935.928526081858,530,그랜저,그랜저 HG,27,162535,2999,5,15,1,0,1,1,1,1,1,1,1,1,1,1,0,0,0,0,0,0,1,0,0,0,0,0,1,0,0,1,0,1
41419401,822.7686047328136,1629,i30,i30 (PD),24,22830,1591,5,6,7,0,1,1,1,1,1,1,1,1,1,1,0,0,0,0,0,0,1,0,0,0,0,1,0,0,0,1,0,1
41171805,539.6756970784525,799,스파크,더 뉴 스파크,54,57143,999,5,8,2,0,0,1,1,1,1,0,1,0,1,0,0,0,0,1,0,0,1,0,0,0,0,0,0,1,0,1,0,1
41365617,768.0397857057295,1340,트랙스,더 뉴 트랙스,103,33948,1362,5,7,0,0,0,1,1,0,1,1,1,0,1,0,0,0,0,1,0,0,1,0,0,0,0,1,0,0,0,1,1,0
41526129,807.4456798684994,690,SM6,SM6,20,154135,1998,5,10,4,1,1,1,1,1,1,1,1,0,1,0,0,0,0,0,1,1,0,0,0,0,0,1,0,0,0,1,0,1
41173355,825.9607559160171,430,제네시스 쿠페,제네시스 쿠페,82,160521,1998,4,15,15,0,1,1,0,1,1,1,1,0,1,1,0,0,0,0,0,0,1,0,0,0,0,0,0,1,0,1,0,1
41059862,402.80707679553126,579,SM5,SM5 노바,19,130970,1998,5,8,5,0,0,1,1,1,1,1,1,1,1,0,0,0,0,0,1,0,1,0,0,0,0,1,0,0,0,1,0,1
41467060,778.9139391480519,1450,코란도,뷰티풀 코란도,92,79769,1597,5,6,4,0,0,1,1,1,1,0,1,1,1,0,0,0,1,0,0,0,0,0,1,0,0,1,0,0,0,1,1,0
40400514,575.8143169370128,299,QM5,뉴QM5,16,126301,1995,5,14,3,0,0,0,1,0,0,0,1,0,0,0,0,0,0,0,1,0,0,0,1,0,0,0,1,0,0,1,1,0
41567392,635.3109081424859,690,SM7,SM7 노바,21,84936,2495,5,10,6,0,1,1,1,1,1,1,1,1,1,0,0,0,0,0,1,0,1,0,0,0,0,0,0,1,0,1,0,1
41403221,905.6914320771383,1590,그랜저,그랜저 IG 하이브리드,27,150265,2359,5,9,5,0,1,1,1,1,1,1,1,1,1,1,0,0,0,0,0,0,0,1,0,0,0,0,0,1,0,1,0,1
41624756,809.9140873524058,459,SM6,SM6,20,143993,1997,5,10,2,1,1,1,1,1,1,1,1,1,1,0,0,0,0,0,1,0,1,0,0,0,0,1,0,0,0,1,0,1
39928513,1013.7211628396882,1590,스포티지,스포티지 더 볼드,55,86150,1995,5,8,0,0,0,1,1,1,1,1,1,1,1,0,1,0,0,0,0,0,0,0,1,0,0,1,0,0,0,1,1,0
41500920,963.6518467963097,1130,티볼리,티볼리 아머,105,99893,1597,5,9,2,0,0,0,0,0,0,0,0,0,0,0,0,0,1,0,0,0,0,0,1,0,0,1,0,0,0,1,1,0
41501135,969.3889001833381,1220,티볼리,티볼리 에어,105,66078,1597,5,8,0,0,1,1,1,1,1,1,1,0,1,0,0,0,1,0,0,0,1,0,0,0,0,1,0,0,0,1,1,0
41455842,907.2378156501135,1099,그랜저,그랜저 IG,27,189087,2359,5,9,1,0,1,1,1,1,1,1,1,1,1,1,0,0,0,0,0,0,1,0,0,0,0,0,1,0,0,1,0,1
41268225,800.0418365153032,790,트랙스,더 뉴 트랙스,103,95032,1362,5,8,14,0,0,1,1,0,1,1,1,0,1,0,0,0,0,1,0,0,1,0,0,0,0,0,0,1,0,1,1,0
41433784,1057.082523447645,1690,싼타페,싼타페 TM,56,145348,1995,5,8,3,1,0,1,1,1,1,1,1,1,1,1,0,0,0,0,0,0,0,0,1,0,0,0,0,0,1,1,1,0
41470770,1072.7523168570258,890,싼타페,싼타페 DM,56,78922,2199,7,14,14,1,0,1,1,1,1,1,1,1,1,1,0,0,0,0,0,0,0,0,1,0,0,0,0,1,0,1,1,0
39222848,553.7149246371913,299,올란도,올란도,77,126951,1998,7,15,16,0,0,1,1,0,0,1,1,0,1,0,0,0,0,1,0,0,0,0,1,0,0,0,0,1,0,1,1,0
41556496,804.849667793527,930,SM6,SM6,20,74068,1997,5,10,2,1,0,1,1,1,1,1,1,1,1,0,0,0,0,0,1,0,1,0,0,0,0,1,0,0,0,1,0,1
41380523,760.3828753088075,370,에쿠스,에쿠스(신형),73,243516,3778,5,14,10,0,1,1,1,1,1,1,1,1,1,1,0,0,0,0,0,0,1,0,0,0,0,0,1,0,0,1,0,1
39920927,1035.3350952116489,1390,쏘렌토,올 뉴 쏘렌토,58,79329,1995,5,11,2,0,1,1,1,1,1,1,1,1,1,0,1,0,0,0,0,0,0,0,1,0,0,0,0,1,0,1,1,0
41435679,923.0393528184499,625,그랜저,그랜저 HG,27,94783,2999,5,11,2,0,0,1,1,1,1,0,1,1,1,1,0,0,0,0,0,0,1,0,0,0,0,0,1,0,0,1,0,1
40921558,923.0393528184499,1520,그랜저,그랜저 IG,27,106341,2359,5,7,0,0,1,1,1,1,1,1,1,1,1,1,0,0,0,0,0,0,1,0,0,0,0,0,1,0,0,1,0,1
41632062,1172.8618172554513,1300,쏘렌토,올 뉴 쏘렌토,58,139262,1995,7,11,2,0,1,1,1,1,1,1,1,1,1,0,1,0,0,0,0,0,0,0,1,0,0,0,0,1,0,1,1,0
41112632,736.7033647230726,450,QM3,QM3,15,151274,1461,5,11,2,0,0,0,0,0,0,0,0,0,0,0,0,0,0,0,1,0,0,0,1,0,0,1,0,0,0,1,1,0
41615358,962.3768750735256,870,티볼리,티볼리 아머,105,62813,1597,5,9,3,0,0,1,1,0,1,1,1,0,1,0,0,0,1,0,0,0,0,0,1,0,0,1,0,0,0,1,1,0
40843274,910.4589389790043,1299,제네시스,제네시스 DH,81,99841,3778,5,12,1,0,1,1,1,1,1,1,1,1,1,1,0,0,0,0,0,0,1,0,0,0,0,0,1,0,0,1,0,1
40963457,445.5898375614303,450,SM3,SM3 네오,18,102267,1598,5,9,4,0,0,1,1,0,0,1,1,0,1,0,0,0,0,0,1,0,1,0,0,0,0,0,0,1,0,1,0,1
41286738,1247.4949211722349,1650,렉스턴,렉스턴 스포츠,35,28378,2157,5,6,2,0,0,1,1,0,1,1,1,0,1,0,0,0,1,0,0,0,0,0,1,0,0,1,0,0,0,1,1,0
41612930,941.3889022900747,1690,쏘나타,쏘나타 (DN8),57,74441,1598,5,6,2,0,1,1,1,0,1,0,1,0,1,1,0,0,0,0,0,0,1,0,0,0,0,1,0,0,0,1,0,1
41647339,947.3443649473054,730,아반떼,더 뉴 아반떼,62,22826,1591,5,12,14,0,0,1,0,1,0,0,1,0,1,1,0,0,0,0,0,0,1,0,0,0,0,0,0,1,0,1,0,1
40846730,833.2990788440546,650,코란도,코란도 스포츠,92,115997,1998,5,12,3,0,0,1,1,1,0,1,1,0,1,0,0,0,1,0,0,0,0,0,1,0,0,0,0,1,0,1,1,0
41293726,764.0587856658007,530,체어맨,뉴체어맨 W,84,176804,3598,5,12,4,0,1,1,1,1,1,1,1,1,1,0,0,0,1,0,0,0,1,0,0,0,0,0,1,0,0,1,0,1
41069289,963.6518467963097,1030,티볼리,티볼리 아머,105,46699,1597,5,8,10,1,0,1,1,0,1,1,1,1,1,0,0,0,1,0,0,0,1,0,0,0,0,0,0,0,1,1,1,0
41561989,819.4078380887734,950,SM6,SM6,20,125070,1998,5,10,0,1,1,1,1,1,1,1,1,1,1,0,0,0,0,0,1,1,0,0,0,0,0,0,0,1,0,1,0,1
41392271,1010.3075581570316,770,스타렉스,그랜드 스타렉스,50,246743,2497,11,15,5,1,0,1,1,1,0,1,1,0,1,1,0,0,0,0,0,0,0,0,1,0,0,0,1,0,0,1,1,0
38912474,483.19448616103887,290,SM3,뉴SM3,18,58284,1598,5,17,2,0,0,1,0,1,1,0,1,0,0,0,0,0,0,0,1,0,1,0,0,0,0,0,0,0,1,1,0,1
41207886,487.46355435797625,220,크루즈,크루즈,95,102719,1598,5,15,23,1,0,1,1,0,0,1,1,0,0,0,0,0,0,1,0,0,1,0,0,0,0,0,0,1,0,1,0,1
41511243,1138.5330669370128,1580,맥스크루즈,더 뉴 맥스크루즈,41,141127,2199,7,10,4,0,1,1,1,1,1,1,1,1,1,1,0,0,0,0,0,0,0,0,1,0,0,0,0,0,1,1,1,0
41094413,1012.2538228903043,1530,스타렉스,더 뉴 그랜드 스타렉스,50,117792,2497,5,5,1,0,0,1,0,0,0,0,1,1,1,1,0,0,0,0,0,0,0,0,1,0,0,0,0,1,0,1,1,0
40983151,1044.7093024696712,1450,니로,더 뉴 니로,29,136847,1580,5,5,0,0,0,1,1,1,0,1,0,0,1,0,1,0,0,0,0,0,0,1,0,0,0,0,0,1,0,1,1,0
41584640,987.5738331607303,780,스타렉스,그랜드 스타렉스,50,163121,2497,12,12,9,0,0,1,0,0,0,0,1,0,1,1,0,0,0,0,0,0,0,0,1,0,0,0,0,1,0,1,1,0
40553995,817.7357216322383,799,말리부,올 뉴 말리부,40,105599,1490,5,10,16,1,1,1,1,1,1,1,1,1,1,0,0,0,0,1,0,0,1,0,0,0,0,0,1,0,0,1,0,1
41617163,1037.3051417342533,829,투싼,올 뉴 투싼,101,124167,1685,5,10,1,0,0,1,1,0,0,1,1,0,1,1,0,0,0,0,0,0,0,0,1,0,0,0,0,1,0,1,1,0
41393779,1027.800505582473,1170,투싼,올 뉴 투싼,101,107390,1995,5,10,7,0,0,1,1,1,1,1,1,1,1,1,0,0,0,0,0,0,0,0,1,0,0,1,0,0,0,1,1,0
40921824,923.0393528184499,630,그랜저,그랜저 HG,27,146523,2359,5,13,9,0,1,1,1,1,1,0,1,0,1,1,0,0,0,0,0,0,1,0,0,0,0,0,0,1,0,1,0,1
41271346,963.6518467963097,1690,티볼리,베리 뉴 티볼리,105,36207,1497,5,5,3,1,1,1,1,1,1,1,1,1,1,0,0,0,1,0,0,0,1,0,0,0,0,1,0,0,0,1,1,0
41449590,874.0501334751542,1030,레이,더 뉴 레이,34,12453,998,2,6,1,0,0,1,0,0,0,0,1,0,1,0,1,0,0,0,0,0,1,0,0,0,0,1,0,0,0,1,0,1
40760870,1197.9504285254952,1490,G70,G70,4,165733,2199,5,8,12,1,1,1,1,1,1,1,1,1,1,0,0,1,0,0,0,0,0,0,1,0,0,0,0,1,0,1,0,1
41638324,1014.8324651358752,400,투싼,투싼 ix,101,168190,1995,5,17,8,0,0,1,0,0,0,1,1,0,1,1,0,0,0,0,0,0,0,0,1,0,0,0,0,1,0,1,1,0
39585881,535.0819292958388,299,스파크,스파크,54,64747,995,5,14,14,0,0,1,1,1,0,1,1,0,1,0,0,0,0,1,0,0,1,0,0,0,0,1,0,0,0,1,0,1
41610943,928.4206454774875,550,아반떼,아반떼 MD,62,102493,1591,5,14,15,1,0,1,1,1,1,1,1,0,1,1,0,0,0,0,0,0,1,0,0,0,0,1,0,0,0,1,0,1
41522696,1392.238226774805,1430,캐스퍼,캐스퍼,88,24800,998,4,3,0,0,0,1,1,0,1,1,1,1,1,1,0,0,0,0,0,0,1,0,0,0,0,0,0,0,1,1,0,1
41537492,389.9312687325189,250,SM5,뉴SM5 플래티넘,19,105684,1998,5,12,19,0,0,0,1,0,0,0,1,0,1,0,0,0,0,0,1,0,1,0,0,0,0,1,0,0,0,1,0,1
41624221,1244.0155609115354,1450,코나,코나,91,134965,1591,5,6,7,1,0,1,1,0,1,0,1,0,1,1,0,0,0,0,0,0,1,0,0,0,0,1,0,0,0,1,1,0
40698274,535.0819292958388,220,스파크,스파크,54,85382,995,5,14,8,0,0,1,0,1,0,0,1,0,1,0,0,0,0,1,0,0,1,0,0,0,0,0,1,0,0,1,0,1
41137901,1259.5072485972,1580,G80,G80,5,154315,3342,5,9,6,1,1,1,1,1,1,1,1,1,1,0,0,1,0,0,0,0,1,0,0,0,0,0,1,0,0,1,0,1
41338680,807.4456798684994,400,SM6,SM6,20,286585,1998,5,8,2,0,0,1,1,1,0,1,1,0,1,0,0,0,0,0,1,1,0,0,0,0,0,0,0,1,0,1,0,1
41528238,923.0393528184499,1070,그랜저,그랜저 IG,27,137440,2359,5,10,15,0,0,1,1,1,1,1,1,1,1,1,0,0,0,0,0,0,1,0,0,0,0,0,0,1,0,1,0,1
39707990,1124.9346253774313,1350,쏘렌토,올 뉴 쏘렌토,58,132993,2199,7,12,3,0,1,1,1,1,1,1,1,1,1,0,1,0,0,0,0,0,0,0,1,0,0,0,0,1,0,1,1,0
41485793,1023.4311157213216,369,K7,더 프레스티지 K7,12,224831,2999,5,15,17,1,1,1,1,1,1,1,1,1,1,0,1,0,0,0,0,1,0,0,0,0,0,0,1,0,0,1,0,1
41641900,943.9179347406766,490,아반떼,더 뉴 아반떼,62,175286,1582,5,12,0,0,0,1,1,1,1,1,1,0,1,1,0,0,0,0,0,0,0,0,1,0,0,1,0,0,0,1,0,1
41638331,930.193512170366,1699,쏘나타,쏘나타 (DN8),57,73247,1999,5,7,2,0,1,1,1,1,1,1,1,0,1,1,0,0,0,0,0,1,0,0,0,0,0,1,0,0,0,1,0,1
40748267,652.8728432898197,550,캡티바,캡티바,90,137135,1998,7,12,0,0,0,1,1,1,1,1,1,0,1,0,0,0,0,1,0,0,0,0,1,0,0,1,0,0,0,1,1,0
41595767,987.5738331607303,720,스타렉스,그랜드 스타렉스,50,66771,2497,12,15,2,0,0,0,0,0,0,0,1,0,1,1,0,0,0,0,0,0,0,0,1,0,0,0,0,1,0,1,1,0
41584088,780.500937773942,1159,K5,K5 2세대,11,104529,1999,5,11,0,1,1,1,1,1,1,1,1,1,1,0,1,0,0,0,0,0,1,0,0,0,0,1,0,0,0,1,0,1
41435820,659.0006532807237,499,모닝,올 뉴 모닝,42,38471,998,5,14,5,0,0,1,1,0,0,1,1,0,1,0,1,0,0,0,0,0,1,0,0,0,0,1,0,0,0,1,0,1
41601012,1050.1398208359376,1090,투싼,올 뉴 투싼,101,171169,1995,5,9,2,0,0,1,1,0,1,1,1,0,1,1,0,0,0,0,0,0,0,0,1,0,0,1,0,0,0,1,1,0
41399657,962.3768750735256,1290,티볼리,티볼리 에어,105,91012,1497,5,4,4,0,0,1,1,0,1,0,1,1,1,0,0,0,1,0,0,0,1,0,0,0,0,1,0,0,0,1,1,0
40275587,390.5605814198441,270,SM5,뉴SM5 플래티넘,19,188204,1461,5,12,9,0,0,1,0,1,1,0,1,0,1,0,0,0,0,0,1,0,0,0,1,0,0,0,0,1,0,1,0,1
41601942,814.4268981028265,1390,말리부,올 뉴 말리부,40,49903,1490,5,9,0,0,1,1,1,1,1,1,1,1,1,0,0,0,0,1,0,0,1,0,0,0,0,1,0,0,0,1,0,1
41275731,969.3889001833381,650,티볼리,티볼리,105,128489,1597,5,9,7,0,0,0,1,0,0,1,0,0,0,0,0,0,1,0,0,0,1,0,0,0,0,0,0,0,1,1,1,0
39852868,928.4206454774875,850,아반떼,아반떼 AD,62,97979,1582,5,10,2,1,0,1,1,0,1,1,1,0,1,1,0,0,0,0,0,0,0,0,1,0,0,0,0,1,0,1,0,1
41106264,969.3889001833381,990,티볼리,티볼리 에어,105,71060,1597,5,8,5,1,1,1,1,0,1,0,1,0,1,0,0,0,1,0,0,0,1,0,0,0,0,0,1,0,0,1,1,0
41529113,1251.1196295251596,1460,코나,코나,91,77414,1591,5,9,6,1,1,1,1,1,1,1,1,1,1,1,0,0,0,0,0,0,1,0,0,0,0,1,0,0,0,1,1,0
40943475,830.7441133874026,490,코란도,코란도 스포츠,92,130260,1998,5,13,5,0,0,1,1,0,0,0,1,0,1,0,0,0,1,0,0,0,0,0,1,0,0,0,0,1,0,1,1,0
41562994,886.0914963836809,490,제네시스,제네시스,81,147424,3342,5,14,6,1,0,1,1,1,1,1,1,0,1,1,0,0,0,0,0,0,1,0,0,0,0,0,0,1,0,1,0,1
41450662,989.3890878449547,1269,볼트,볼트 EV,48,171446,174,5,7,0,0,1,1,1,1,1,0,1,0,1,0,0,0,0,1,0,0,0,0,0,1,0,1,0,0,0,1,0,1
40992614,896.2163622137289,990,벨로스터,벨로스터 (JS),47,121021,1591,4,8,2,0,0,0,0,0,0,0,0,0,0,1,0,0,0,0,0,0,1,0,0,0,0,0,0,0,1,1,0,1
41336053,1247.4949211722349,1200,렉스턴,렉스턴 스포츠,35,203410,2157,5,8,3,0,0,1,1,1,1,1,1,0,1,0,0,0,1,0,0,0,0,0,1,0,0,0,0,1,0,1,1,0
41603791,1387.528585305339,1199,캐스퍼,캐스퍼,88,110919,998,4,4,1,0,0,1,1,1,1,1,1,1,1,1,0,0,0,0,0,0,1,0,0,0,0,0,0,0,1,1,0,1
41412979,1259.5072485972,1680,G80,G80,5,71942,3342,5,10,8,0,1,1,1,1,1,1,1,1,1,0,0,1,0,0,0,0,1,0,0,0,0,0,0,1,0,1,0,1
41435750,809.9140873524058,1150,SM6,SM6,20,59303,1998,5,9,0,0,1,1,1,1,1,1,1,1,1,0,0,0,0,0,1,1,0,0,0,0,0,0,0,1,0,1,0,1
40704425,970.8411733726565,560,티볼리,티볼리 아머,105,191898,1597,5,8,11,0,0,1,1,0,1,1,1,0,1,0,0,0,1,0,0,0,0,0,1,0,0,0,1,0,0,1,1,0
41588640,802.5490122794023,1049,트랙스,더 뉴 트랙스,103,48854,1362,5,8,0,0,0,1,1,0,1,0,1,0,1,0,0,0,0,1,0,0,1,0,0,0,0,1,0,0,0,1,1,0
40518652,855.9619243526355,649,K3,더 뉴 K3,10,80825,1582,5,10,21,0,0,1,1,1,0,1,1,0,1,0,1,0,0,0,0,0,0,0,1,0,0,0,0,1,0,1,0,1
41181377,1153.1834208815528,499,카니발,카니발 R,85,61756,2199,11,16,2,0,0,1,1,1,0,1,1,0,1,0,1,0,0,0,0,0,0,0,1,0,0,0,0,1,0,1,1,0
39588114,867.4613543331805,1250,제네시스,제네시스 DH,81,103821,3342,5,12,15,0,1,1,1,1,1,1,1,1,1,1,0,0,0,0,0,0,1,0,0,0,0,0,1,0,0,1,0,1
41469269,950.3037718506688,1680,쏘나타,쏘나타 (DN8),57,62016,1999,5,7,2,0,1,1,1,1,1,1,1,0,1,1,0,0,0,0,0,1,0,0,0,0,0,1,0,0,0,1,0,1
40635481,1072.7523168570258,350,싼타페,싼타페 CM,56,193515,1995,7,17,2,0,0,1,1,1,0,1,1,0,1,1,0,0,0,0,0,0,0,0,1,0,0,0,0,1,0,1,1,0
41311451,816.6985223123376,490,트랙스,트랙스,103,145677,1598,5,11,2,1,0,1,1,0,0,1,1,0,1,0,0,0,0,1,0,0,0,0,1,0,0,1,0,0,0,1,1,0
41649609,907.2378156501135,990,그랜저,그랜저 HG,27,43619,2359,5,12,4,0,0,1,1,1,1,1,1,0,1,1,0,0,0,0,0,0,1,0,0,0,0,0,0,1,0,1,0,1
40868379,817.29454516165,320,말리부,말리부,40,130892,1956,5,12,10,0,0,1,1,1,1,1,1,0,1,0,0,0,0,1,0,0,0,0,1,0,0,1,0,0,0,1,0,1
39966112,916.1401938066147,1480,그랜저,그랜저 IG,27,153563,2359,5,9,2,1,1,1,1,1,1,1,1,1,1,1,0,0,0,0,0,0,1,0,0,0,0,0,1,0,0,1,0,1
40161339,935.928526081858,549,그랜저,그랜저 HG 하이브리드,27,219636,2359,5,12,20,0,0,1,1,1,1,1,1,0,1,1,0,0,0,0,0,0,0,1,0,0,0,1,0,0,0,1,0,1
40596220,856.7751313223292,640,K3,더 뉴 K3,10,83994,1591,5,9,6,0,0,0,1,0,0,1,0,0,0,0,1,0,0,0,0,0,1,0,0,0,0,0,0,1,0,1,0,1
41330900,526.5779521455554,750,스파크,더 뉴 스파크,54,90698,999,5,8,3,0,0,1,1,1,1,1,1,0,1,0,0,0,0,1,0,0,1,0,0,0,0,0,1,0,0,1,0,1
40643916,969.3889001833381,680,티볼리,티볼리 에어,105,157664,1597,5,10,14,0,0,1,1,0,1,1,1,0,1,0,0,0,1,0,0,0,0,0,1,0,0,0,0,0,1,1,1,0
41322411,817.7357216322383,300,말리부,말리부,40,129010,1998,5,13,9,0,0,1,1,1,0,0,1,0,1,0,0,0,0,1,0,0,1,0,0,0,0,1,0,0,0,1,0,1
41578828,1267.2919662178983,1220,XM3,XM3,23,117251,1598,5,6,6,0,1,1,1,1,1,1,1,0,1,0,0,0,0,0,1,0,1,0,0,0,0,1,0,0,0,1,1,0
41558916,936.9062313760018,1540,아반떼,더 뉴 아반떼 AD,62,30232,1598,5,7,0,0,0,1,1,1,1,1,1,1,1,1,0,0,0,0,0,0,1,0,0,0,0,0,0,1,0,1,0,1
41594787,579.7070223918512,450,엑센트,엑센트(신형),74,195395,1582,5,12,3,0,0,1,1,0,0,1,1,0,1,1,0,0,0,0,0,0,0,0,1,0,0,0,1,0,0,1,0,1
41601653,916.1401938066147,850,그랜저,그랜저 HG,27,102594,2359,5,11,10,0,0,1,1,1,1,1,1,0,1,1,0,0,0,0,0,0,1,0,0,0,0,0,1,0,0,1,0,1
39448643,1084.4388555279147,1550,카니발,올 뉴 카니발,85,114954,2199,9,11,3,0,1,1,1,1,1,1,1,1,1,0,1,0,0,0,0,0,0,0,1,0,0,1,0,0,0,1,1,0
41515305,1010.3075581570316,900,스타렉스,더 뉴 그랜드 스타렉스,50,217849,2497,5,8,5,0,0,1,0,0,0,0,1,1,1,1,0,0,0,0,0,0,0,0,1,0,0,0,0,1,0,1,1,0
41635874,539.6756970784525,520,스파크,더 넥스트 스파크,54,132040,999,5,11,12,1,0,1,1,1,1,0,1,0,1,0,0,0,0,1,0,0,1,0,0,0,0,0,0,0,1,1,0,1
41628357,943.9179347406766,850,아반떼,더 뉴 아반떼,62,74187,1591,5,12,3,0,0,1,1,1,1,1,1,0,1,1,0,0,0,0,0,0,1,0,0,0,0,1,0,0,0,1,0,1
41601403,1304.167236686122,1640,QM6,더 뉴 QM6,17,86278,1997,5,5,0,0,1,1,1,1,1,1,1,0,1,0,0,0,0,0,1,0,1,0,0,0,0,1,0,0,0,1,1,0
38920389,936.9062313760018,870,아반떼,아반떼 AD,62,129898,1591,5,10,7,0,0,1,0,0,1,0,1,0,1,1,0,0,0,0,0,0,1,0,0,0,0,0,0,1,0,1,0,1
41236361,1027.800505582473,1050,투싼,올 뉴 투싼,101,166966,1685,5,9,10,0,0,1,1,1,1,1,1,1,1,1,0,0,0,0,0,0,0,0,1,0,0,1,0,0,0,1,1,0
41502547,977.230670900442,580,쏘나타,쏘나타 하이브리드,57,139352,1999,5,12,1,0,0,1,1,1,1,1,1,0,1,1,0,0,0,0,0,0,0,1,0,0,0,1,0,0,0,1,0,1
41557539,1005.1859527579388,1640,투싼,올 뉴 투싼,101,110402,1995,5,6,1,0,0,1,1,1,1,1,1,1,1,1,0,0,0,0,0,0,0,0,1,0,0,0,0,1,0,1,1,0
41627148,977.230670900442,610,쏘나타,LF 쏘나타,57,143424,1999,5,12,5,0,0,1,1,1,1,1,1,1,1,1,0,0,0,0,0,0,1,0,0,0,0,0,0,0,1,1,0,1
40042382,916.1401938066147,599,그랜저,그랜저 HG 하이브리드,27,196837,2359,5,12,13,0,0,1,1,1,1,1,1,1,1,1,0,0,0,0,0,0,0,1,0,0,0,0,0,1,0,1,0,1
41528522,390.5605814198441,350,SM5,뉴SM5 플래티넘,19,170785,1998,5,12,11,0,0,1,0,1,1,1,1,0,1,0,0,0,0,0,1,0,1,0,0,0,0,0,1,0,0,1,0,1
41380367,833.2990788440546,1670,코란도,뷰티풀 코란도,92,59897,1497,5,7,1,0,1,1,1,0,1,1,1,1,1,0,0,0,1,0,0,0,1,0,0,0,0,0,0,1,0,1,1,0
41317805,967.6269960460112,990,티볼리,티볼리 아머,105,84557,1597,5,9,2,0,1,1,1,0,1,1,1,1,1,0,0,0,1,0,0,0,1,0,0,0,0,0,0,1,0,1,1,0
41363723,930.193512170366,880,쏘나타,쏘나타 뉴 라이즈,57,150589,1999,5,9,2,0,0,1,1,1,1,1,1,0,1,1,0,0,0,0,0,0,1,0,0,0,0,0,1,0,0,1,0,1
41621600,936.2255262529029,580,아반떼,더 뉴 아반떼,62,193347,1591,5,11,1,0,0,1,1,1,1,1,1,0,1,1,0,0,0,0,0,0,1,0,0,0,0,0,0,1,0,1,0,1
41571833,1210.4595446246751,1190,XM3,XM3,23,122442,1332,5,6,7,0,1,1,1,1,1,1,1,0,1,0,0,0,0,0,1,0,1,0,0,0,0,1,0,0,0,1,1,0
40801422,963.6518467963097,899,티볼리,티볼리 아머,105,64143,1597,5,7,4,0,0,1,1,0,1,1,1,0,1,0,0,0,1,0,0,0,0,0,1,0,0,1,0,0,0,1,1,0
40961262,800.0418365153032,550,트랙스,트랙스,103,83269,1362,5,10,9,0,0,0,1,0,0,1,0,0,0,0,0,0,0,1,0,0,1,0,0,0,0,1,0,0,0,1,1,0
41631722,935.928526081858,570,그랜저,그랜저 HG,27,162721,2199,5,11,8,0,0,1,1,1,1,1,1,0,1,1,0,0,0,0,0,0,0,0,1,0,0,0,1,0,0,1,0,1
41646079,1240.6033095126206,1480,G80,G80,5,138562,3342,5,9,4,0,1,1,1,1,1,1,1,1,1,0,0,1,0,0,0,0,1,0,0,0,0,0,1,0,0,1,0,1
41396237,1319.6151889790042,1100,QM6,QM6,17,143066,1997,5,8,1,0,1,1,1,1,1,1,1,1,1,0,0,0,0,0,1,0,1,0,0,0,0,0,0,1,0,1,1,0
40885858,941.3889022900747,650,쏘나타,쏘나타 하이브리드,57,139912,1999,5,12,8,0,0,1,1,1,1,1,1,0,1,1,0,0,0,0,0,0,0,1,0,0,0,1,0,0,0,1,0,1
41512015,1216.6792949027229,1680,EQ900,EQ900,0,170734,3778,5,10,11,0,1,1,1,1,1,1,1,1,1,0,0,1,0,0,0,0,1,0,0,0,0,0,1,0,0,1,0,1
41215412,1267.2919662178983,1320,XM3,XM3,23,76488,1598,5,5,1,0,1,1,1,1,1,0,1,0,1,0,0,0,0,0,1,0,1,0,0,0,0,1,0,0,0,1,1,0
41606252,855.9619243526355,480,K3,K3,10,108424,1591,5,12,6,0,0,0,1,0,0,1,1,0,1,0,1,0,0,0,0,0,1,0,0,0,0,0,0,1,0,1,0,1
40817555,1319.6151889790042,1460,QM6,더 뉴 QM6,17,63672,1997,5,4,18,0,1,1,1,1,1,1,1,0,1,0,0,0,0,0,1,0,1,0,0,0,0,1,0,0,0,1,1,0
41601621,816.6985223123376,750,트랙스,트랙스,103,62003,1598,5,10,1,0,0,1,1,0,0,1,1,0,1,0,0,0,0,1,0,0,0,0,1,0,0,1,0,0,0,1,1,0
40876488,907.2378156501135,399,그랜저,그랜저 HG,27,189337,2359,5,14,5,0,0,1,1,1,1,1,1,0,1,1,0,0,0,0,0,0,1,0,0,0,0,0,1,0,0,1,0,1
41638978,930.193512170366,1650,쏘나타,쏘나타 (DN8),57,127063,1999,5,5,2,0,1,1,1,1,1,1,1,1,1,1,0,0,0,0,0,0,1,0,0,0,0,0,0,1,0,1,0,1
41632586,1389.3158649586906,1620,캐스퍼,캐스퍼,88,35135,998,4,5,1,0,0,1,1,1,1,1,1,1,1,1,0,0,0,0,0,0,1,0,0,0,0,0,0,0,1,1,0,1
37375493,575.8143169370128,320,QM5,QM5,16,212746,1995,5,15,2,1,0,1,1,1,1,1,1,0,1,0,0,0,0,0,1,0,0,0,1,0,0,1,0,0,0,1,1,0
41419625,943.9179347406766,1490,아반떼,아반떼 (CN7),62,53496,1598,5,6,4,0,0,1,1,1,1,1,0,0,1,1,0,0,0,0,0,0,1,0,0,0,0,1,0,0,0,1,0,1
40646675,736.7033647230726,620,QM3,QM3,15,110547,1461,5,11,6,0,0,1,1,1,1,1,1,0,1,0,0,0,0,0,1,0,0,0,1,0,0,1,0,0,0,1,1,0
41627696,941.3889022900747,950,쏘나타,LF 쏘나타,57,138061,1999,5,10,1,0,0,1,1,1,1,1,1,0,1,1,0,0,0,0,0,0,1,0,0,0,0,0,1,0,0,1,0,1
41430824,1387.528585305339,1539,캐스퍼,캐스퍼,88,52964,998,4,4,0,1,0,1,1,1,1,1,1,1,1,1,0,0,0,0,0,0,1,0,0,0,0,0,0,0,1,1,0,1
41014862,967.6269960460112,940,티볼리,티볼리 에어,105,57594,1597,5,10,3,0,1,1,1,1,1,1,1,0,1,0,0,0,1,0,0,0,0,0,1,0,0,0,1,0,0,1,1,0
40915965,390.557300432829,490,SM5,뉴SM5 플래티넘,19,72684,1998,5,13,6,0,1,1,1,1,1,1,1,0,1,0,0,0,0,0,1,0,1,0,0,0,0,0,0,1,0,1,0,1
41646991,402.80707679553126,250,SM5,뉴SM5(신형),19,126074,1998,5,16,8,1,0,1,1,1,1,1,1,0,1,0,0,0,0,0,1,0,1,0,0,0,0,1,0,0,0,1,0,1
41199512,819.4078380887734,570,SM6,SM6,20,100425,1997,5,10,2,1,0,1,1,1,1,1,1,0,1,0,0,0,0,0,1,0,1,0,0,0,0,0,0,0,1,1,0,1
41647006,764.0587856658007,759,체어맨,뉴체어맨 W,84,138219,3598,5,11,2,0,0,1,1,1,1,1,1,1,1,0,0,0,1,0,0,0,1,0,0,0,0,0,1,0,0,1,0,1
39976535,582.3662791811096,260,아베오,아베오 세단,63,108870,1598,5,12,2,0,0,1,1,0,0,1,1,0,1,0,0,0,0,1,0,0,1,0,0,0,0,1,0,0,0,1,0,1
40891226,1015.1390064538368,1449,아이오닉,아이오닉 일렉트릭,65,64446,78,5,9,2,0,1,1,1,1,1,1,1,1,1,1,0,0,0,0,0,0,0,0,0,1,0,0,0,0,1,1,0,1
41476923,967.6269960460112,990,티볼리,티볼리 아머,105,58310,1597,5,8,1,0,0,1,0,0,1,1,1,0,1,0,0,0,1,0,0,0,1,0,0,0,0,0,0,0,1,1,1,0
41427977,1057.082523447645,1190,싼타페,싼타페 더 프라임,56,119634,1995,7,11,0,0,0,1,0,1,1,0,1,1,1,1,0,0,0,0,0,0,0,0,1,0,0,0,0,1,0,1,1,0
41438669,831.0491350121001,1320,코란도,뷰티풀 코란도,92,122704,1597,5,4,5,0,0,1,1,0,0,0,0,0,1,0,0,0,1,0,0,0,0,0,1,0,0,0,0,1,0,1,1,0
40852438,950.3037718506688,790,쏘나타,LF 쏘나타,57,154535,1999,5,11,12,0,0,1,1,1,1,1,1,1,1,1,0,0,0,0,0,0,1,0,0,0,0,0,1,0,0,1,0,1
41544955,1105.0460061732351,1630,베뉴,베뉴,45,40345,1598,5,6,5,0,1,1,1,1,1,1,1,0,1,1,0,0,0,0,0,0,1,0,0,0,0,0,0,0,1,1,1,0
40999001,963.6518467963097,1340,티볼리,베리 뉴 티볼리,105,55650,1497,5,6,2,0,0,1,1,0,1,0,1,0,1,0,0,0,1,0,0,0,1,0,0,0,0,1,0,0,0,1,1,0
41312125,1309.1947392425673,1059,QM6,QM6,17,120066,1995,5,8,8,1,1,1,1,1,1,1,1,1,1,0,0,0,0,0,1,0,0,0,1,0,0,0,0,0,1,1,1,0
41632931,950.3037718506688,1350,쏘나타,쏘나타 뉴 라이즈,57,65687,1999,5,9,0,0,0,1,1,1,1,1,1,0,1,1,0,0,0,0,0,1,0,0,0,0,0,1,0,0,0,1,0,1
41574110,907.2378156501135,1690,그랜저,그랜저 IG,27,81590,2359,5,7,2,0,0,1,1,1,1,1,1,1,1,1,0,0,0,0,0,0,1,0,0,0,0,0,1,0,0,1,0,1
40643779,817.29454516165,1040,말리부,올 뉴 말리부,40,84374,1998,5,8,3,0,0,1,1,1,1,1,1,1,1,0,0,0,0,1,0,0,1,0,0,0,0,1,0,0,0,1,0,1
41653063,988.0567474787636,990,스타렉스,그랜드 스타렉스,50,179101,2497,12,10,4,0,0,1,1,0,0,1,1,0,1,1,0,0,0,0,0,0,0,0,1,0,0,0,0,1,0,1,1,0
41143337,935.928526081858,1330,그랜저,그랜저 IG,27,144743,2999,5,9,6,0,0,1,1,1,1,1,1,1,1,1,0,0,0,0,0,0,1,0,0,0,0,0,0,1,0,1,0,1
41588142,723.7884711060512,550,QM3,QM3,15,83245,1461,5,11,4,0,0,1,0,1,1,0,1,0,1,0,0,0,0,0,1,0,0,0,1,0,0,1,0,0,0,1,1,0
41445091,535.0819292958388,590,스파크,더 넥스트 스파크,54,110495,999,5,11,0,1,0,1,1,0,0,0,1,0,1,0,0,0,0,1,0,0,1,0,0,0,0,0,0,0,1,1,0,1
41468883,635.3109081424859,670,SM7,SM7 노바,21,102352,1998,5,10,1,1,1,1,1,1,1,0,1,1,1,0,0,0,0,0,1,1,0,0,0,0,0,0,1,0,0,1,0,1
40803845,986.97541951879,729,K7,올 뉴 K7,12,184365,2359,5,10,7,0,0,1,1,1,1,1,1,1,1,0,1,0,0,0,0,0,1,0,0,0,0,1,0,0,0,1,0,1
41602581,659.0006532807237,480,모닝,올 뉴 모닝,42,105177,998,5,13,10,1,0,1,1,0,1,0,1,0,1,0,1,0,0,0,0,0,1,0,0,0,0,1,0,0,0,1,0,1
41159023,1247.5118753613704,1320,XM3,XM3,23,44479,1598,5,6,1,0,1,1,1,1,1,0,1,0,1,0,0,0,0,0,1,0,1,0,0,0,0,1,0,0,0,1,1,0
41624190,1182.1609548412846,1640,G70,G70,4,96147,1998,5,9,3,0,1,1,1,1,1,1,1,1,1,0,0,1,0,0,0,0,1,0,0,0,0,0,0,1,0,1,0,1
41002003,487.41627910745245,530,크루즈,어메이징 뉴 크루즈,95,87849,1796,5,10,9,1,0,1,1,1,1,1,1,0,1,0,0,0,0,1,0,0,1,0,0,0,0,1,0,0,0,1,0,1
40957072,992.8099193332274,1120,스타렉스,그랜드 스타렉스,50,129525,2497,5,10,6,0,0,1,1,0,0,0,1,0,1,1,0,0,0,0,0,0,0,0,1,0,0,0,1,0,0,1,1,0
38107721,1153.1834208815528,1650,카니발,올 뉴 카니발,85,142888,2199,9,10,6,0,1,1,1,1,1,1,1,1,1,0,1,0,0,0,0,0,0,0,1,0,0,0,1,0,0,1,1,0
41611929,719.0411628396882,430,QM3,QM3,15,125806,1461,5,11,8,0,0,1,1,1,1,0,1,0,1,0,0,0,0,0,1,0,0,0,1,0,0,1,0,0,0,1,1,0
40080987,539.6756970784525,650,스파크,더 넥스트 스파크,54,62166,999,5,10,3,0,0,1,1,1,1,1,1,0,1,0,0,0,0,1,0,0,1,0,0,0,0,1,0,0,0,1,0,1
39464019,760.3828753088075,350,에쿠스,에쿠스(신형),73,198315,3778,5,17,11,0,1,1,1,1,1,1,1,0,1,1,0,0,0,0,0,0,1,0,0,0,0,0,1,0,0,1,0,1
41486705,1057.082523447645,1290,싼타페,싼타페 더 프라임,56,139927,1995,5,10,4,0,1,1,1,1,1,1,1,1,1,1,0,0,0,0,0,0,0,0,1,0,0,1,0,0,0,1,1,0
41406572,884.6571584685064,8,레이,더 뉴 레이,34,50653,998,2,5,2,0,0,1,0,0,0,0,0,0,1,0,1,0,0,0,0,0,1,0,0,0,0,1,0,0,0,1,0,1
41488559,778.9139391480519,1350,코란도,코란도 투리스모,92,99978,2157,9,10,4,0,1,1,1,1,1,1,1,0,1,0,0,0,1,0,0,0,0,0,1,0,0,0,1,0,0,1,1,0
41506668,916.1401938066147,1450,그랜저,그랜저 IG,27,114118,2999,5,9,1,0,0,1,1,1,1,1,1,1,1,1,0,0,0,0,0,0,1,0,0,0,0,0,0,1,0,1,0,1
39462049,1010.3075581570316,1120,스타렉스,그랜드 스타렉스,50,127884,2497,3,9,23,0,0,1,0,0,0,1,1,0,1,1,0,0,0,0,0,0,0,0,1,0,0,0,0,1,0,1,1,0
41493099,935.928526081858,599,그랜저,그랜저 HG,27,112161,2999,5,15,5,0,1,1,1,1,1,1,1,1,1,1,0,0,0,0,0,0,1,0,0,0,0,0,1,0,0,1,0,1
41588539,916.1401938066147,1650,그랜저,그랜저 IG,27,152599,3342,5,7,0,0,1,1,1,1,1,1,1,1,1,1,0,0,0,0,0,0,1,0,0,0,0,1,0,0,0,1,0,1
41648269,938.3563612932006,829,쏘울,올 뉴 쏘울,59,104915,1582,5,12,4,1,0,1,1,0,1,1,1,0,1,0,1,0,0,0,0,0,0,0,1,0,0,1,0,0,0,1,0,1
41363986,535.0819292958388,530,스파크,더 넥스트 스파크,54,60800,999,5,9,5,0,0,1,0,0,0,1,1,0,1,0,0,0,0,1,0,0,1,0,0,0,0,1,0,0,0,1,0,1
41625242,1072.7523168570258,230,싼타페,싼타페 CM,56,138690,2188,7,19,14,0,0,0,0,0,0,0,1,0,0,1,0,0,0,0,0,0,0,0,1,0,0,1,0,0,0,1,1,0
41553850,1301.1905814198442,1220,QM6,더 뉴 QM6,17,142121,1998,5,7,3,0,0,1,1,1,1,1,1,1,1,0,0,0,0,0,1,1,0,0,0,0,0,1,0,0,0,1,1,0
40697441,710.7898672846007,180,라세티,라세티 프리미어,33,139078,1598,5,17,4,0,0,1,1,1,1,1,1,0,1,0,0,0,0,1,0,0,1,0,0,0,0,0,0,1,0,1,0,1
41276633,1379.3008305997773,1470,캐스퍼,캐스퍼,88,81366,998,4,4,0,0,0,1,1,1,1,1,1,1,1,1,0,0,0,0,0,0,1,0,0,0,0,0,0,0,1,1,0,1
41349557,1304.167236686122,1520,QM6,더 뉴 QM6,17,56211,1997,5,7,0,0,1,1,1,1,1,0,1,0,1,0,0,0,0,0,1,0,1,0,0,0,0,0,1,0,0,1,1,0
39650569,852.0527265859381,650,K3,K3,10,112562,1582,5,12,4,0,0,1,1,1,1,1,1,0,1,0,1,0,0,0,0,0,0,0,1,0,0,1,0,0,0,1,0,1
41642616,855.5577089623855,850,i30,i30 (PD),24,119128,1353,5,9,15,0,0,0,1,0,0,1,1,0,1,1,0,0,0,0,0,0,1,0,0,0,0,1,0,0,0,1,0,1
41631577,1059.139935930497,880,모하비,모하비,43,134561,2959,7,14,0,1,1,1,1,1,1,1,1,1,1,0,1,0,0,0,0,0,0,0,1,0,0,0,0,1,0,1,1,0
41489284,467.5515672751364,250,크루즈,크루즈,95,99786,1796,5,13,11,1,0,1,1,0,0,1,1,0,1,0,0,0,0,1,0,0,1,0,0,0,0,0,1,0,0,1,0,1
41641717,936.9062313760018,1050,아반떼,아반떼 AD,62,99446,1591,5,9,4,0,0,1,1,0,1,1,1,0,1,1,0,0,0,0,0,0,1,0,0,0,0,1,0,0,0,1,0,1
41375760,1264.805265999821,1620,렉스턴,렉스턴 스포츠,35,75046,2157,5,7,7,1,1,1,0,0,1,1,1,0,1,0,0,0,1,0,0,0,0,0,1,0,0,0,0,0,1,1,1,0
40865263,1247.4949211722349,1250,렉스턴,G4 렉스턴,35,177131,2157,5,9,2,1,1,1,1,1,1,0,1,1,1,0,0,0,1,0,0,0,0,0,1,0,0,1,0,0,0,1,1,0
41611744,1063.6126404216627,960,싼타페,싼타페 더 프라임,56,167039,1995,5,10,5,0,0,1,1,1,1,1,1,1,1,1,0,0,0,0,0,0,0,0,1,0,0,0,0,1,0,1,1,0
41452807,947.3443649473054,620,아반떼,아반떼 MD,62,99674,1591,5,15,3,1,0,1,1,1,1,1,1,0,1,1,0,0,0,0,0,0,1,0,0,0,0,1,0,0,0,1,0,1
41124542,811.0980067611623,249,제네시스 쿠페,제네시스 쿠페,82,190744,1998,4,17,13,1,0,0,0,0,1,1,1,0,1,1,0,0,0,0,0,0,1,0,0,0,0,0,0,1,0,1,0,1
40351716,880.2213244404137,690,레이,레이,34,101396,998,5,13,8,0,0,1,1,1,1,1,1,0,1,0,1,0,0,0,0,0,1,0,0,0,0,0,0,1,0,1,0,1
41571312,651.2405814198441,730,모닝,더 뉴 모닝,42,79170,998,5,11,0,0,0,1,1,0,1,0,1,0,1,0,1,0,0,0,0,0,1,0,0,0,0,1,0,0,0,1,0,1
41562087,672.6380015602682,940,모닝,올 뉴 모닝 (JA),42,34793,998,5,7,10,0,0,1,1,1,1,0,1,0,1,0,1,0,0,0,0,0,1,0,0,0,0,1,0,0,0,1,0,1
41505903,653.1887112913419,380,SM7,SM7 노바,21,220538,1998,5,9,6,0,0,1,1,1,1,1,1,0,1,0,0,0,0,0,1,1,0,0,0,0,0,0,0,1,0,1,0,1
41517208,1005.1859527579388,1000,투싼,올 뉴 투싼,101,137663,1685,5,9,2,0,1,1,0,1,1,0,1,1,1,1,0,0,0,0,0,0,0,0,1,0,0,1,0,0,0,1,1,0
41658867,659.0006532807237,288,모닝,더 뉴 모닝 (JA),42,1,998,5,0,2,0,0,1,1,1,1,0,1,1,1,0,1,0,0,0,0,0,1,0,0,0,0,1,0,0,0,1,0,1
39711233,1301.1905814198442,1650,QM6,더 뉴 QM6,17,42808,1998,5,5,10,0,1,1,1,1,1,1,1,1,1,0,0,0,0,0,1,1,0,0,0,0,0,0,0,1,0,1,1,0
40939394,804.849667793527,1090,SM6,SM6,20,96595,1997,5,9,7,1,1,1,1,1,1,1,1,1,1,0,0,0,0,0,1,0,1,0,0,0,0,0,1,0,0,1,0,1
41619527,595.2633974775831,399,알페온,알페온,70,56487,2384,5,16,6,0,0,1,1,1,1,1,1,0,1,0,0,0,0,1,0,0,1,0,0,0,0,0,1,0,0,1,0,1
41634964,923.0393528184499,620,그랜저,그랜저 HG 하이브리드,27,170576,2359,5,12,1,0,0,1,1,1,1,1,1,0,1,1,0,0,0,0,0,0,0,1,0,0,0,0,1,0,0,1,0,1
41573855,923.0393528184499,390,그랜저,그랜저 HG,27,277270,2999,5,14,6,0,1,1,1,1,1,1,1,1,1,1,0,0,0,0,0,1,0,0,0,0,0,0,0,0,1,1,0,1
41324522,793.5123984456893,850,코란도,코란도 투리스모,92,93953,2157,9,9,5,0,0,1,1,1,1,1,1,1,1,0,0,0,1,0,0,0,0,0,1,0,0,0,0,1,0,1,1,0
41511119,814.4268981028265,680,말리부,올 뉴 말리부,40,125902,1490,5,10,11,0,0,1,1,1,1,0,1,1,1,0,0,0,0,1,0,0,1,0,0,0,0,1,0,0,0,1,0,1
41621923,1247.5118753613704,890,XM3,XM3,23,125855,1598,5,6,9,0,1,1,1,1,1,0,1,0,1,0,0,0,0,0,1,0,1,0,0,0,0,1,0,0,0,1,1,0
40748462,991.4253131532465,1090,모하비,모하비,43,179501,2959,7,12,3,1,1,1,1,1,1,1,1,1,1,0,1,0,0,0,0,0,0,0,1,0,0,0,1,0,0,1,1,0
41655901,1279.2441861207396,1280,EQ900,EQ900,0,180778,3778,5,10,5,0,1,1,1,1,1,1,1,1,1,0,0,1,0,0,0,0,1,0,0,0,0,0,1,0,0,1,0,1
41655034,1390.1913990791177,1111,캐스퍼,캐스퍼,88,11111,998,4,2,2,0,0,1,0,0,0,0,0,0,0,1,0,0,0,0,0,0,1,0,0,0,0,0,0,0,1,1,0,1
41069991,987.5738331607303,1499,스타렉스,더 뉴 그랜드 스타렉스,50,137251,2497,3,6,1,0,0,1,0,0,0,0,1,0,1,1,0,0,0,0,0,0,0,0,1,0,0,0,0,1,0,1,1,0
41538574,808.5048451653676,439,포르테,포르테,109,59742,1591,5,14,3,0,0,1,1,0,0,1,1,0,1,0,1,0,0,0,0,0,1,0,0,0,0,0,0,1,0,1,0,1
40709524,950.3037718506688,1600,쏘나타,쏘나타 (DN8),57,90015,1999,5,5,12,0,1,1,1,1,1,1,1,1,1,1,0,0,0,0,0,0,1,0,0,0,0,0,0,1,0,1,0,1
41653846,967.5024225826837,730,벨로스터,벨로스터,47,119102,1591,4,12,2,1,0,1,1,1,1,1,1,0,1,1,0,0,0,0,0,0,1,0,0,0,0,0,0,0,1,1,0,1
41488266,390.557300432829,350,SM5,뉴SM5 플래티넘,19,119022,1998,5,13,4,0,0,1,1,1,1,0,1,0,1,0,0,0,0,0,1,0,1,0,0,0,0,0,1,0,0,1,0,1
41039941,880.2213244404137,950,레이,레이,34,109232,998,5,10,9,0,0,1,1,1,1,1,1,0,1,0,1,0,0,0,0,0,1,0,0,0,0,1,0,0,0,1,0,1
41430387,778.9139391480519,1240,코란도,뷰티풀 코란도,92,134718,1497,5,6,4,0,1,1,1,0,1,1,1,1,1,0,0,0,1,0,0,0,1,0,0,0,0,0,0,0,1,1,1,0
41620883,855.9619243526355,699,K3,K3,10,111591,1591,5,12,1,0,0,1,1,1,1,1,1,1,1,0,1,0,0,0,0,0,1,0,0,0,0,1,0,0,0,1,0,1
41259450,1084.4388555279147,445,카니발,카니발 R,85,175144,2199,9,15,9,1,0,1,1,1,0,1,1,0,1,0,1,0,0,0,0,0,0,0,1,0,0,1,0,0,0,1,1,0
41216840,390.557300432829,490,SM5,SM5 노바,19,90749,1998,5,11,10,0,0,1,1,1,1,1,1,0,1,0,0,0,0,0,1,1,0,0,0,0,0,1,0,0,0,1,0,1
41539402,905.6914320771383,699,그랜저,그랜저 HG,27,199606,2999,5,11,7,0,1,1,1,1,1,1,1,1,1,1,0,0,0,0,0,1,0,0,0,0,0,0,0,1,0,1,0,1
41639836,1307.3450904664935,580,렉스턴,렉스턴 W,35,138200,1998,7,13,2,0,0,1,1,1,1,1,1,0,1,0,0,0,1,0,0,0,0,0,1,0,0,1,0,0,0,1,1,0
39793712,511.37274562236945,380,스파크,스파크,54,82425,995,5,12,8,0,0,1,1,0,0,0,1,0,1,0,0,0,0,1,0,0,1,0,0,0,0,1,0,0,0,1,0,1
41609653,833.2990788440546,270,코란도,뉴코란도 C,92,157000,1998,5,13,1,1,0,1,1,1,1,1,1,0,1,0,0,0,1,0,0,0,0,0,1,0,0,1,0,0,0,1,1,0
38901868,892.2058141984411,570,아카디아,아카디아,69,194171,3206,5,30,0,0,0,0,0,1,0,0,0,0,1,0,0,0,0,1,0,0,1,0,0,0,0,0,1,0,0,1,0,1
41156084,802.5490122794023,1050,트랙스,더 뉴 트랙스,103,52014,1598,5,9,7,1,0,1,1,0,1,0,1,0,1,0,0,0,0,1,0,0,0,0,1,0,0,0,0,1,0,1,1,0
41218323,1304.167236686122,1400,QM6,더 뉴 QM6,17,90518,1997,5,6,1,0,1,1,1,1,1,1,1,1,1,0,0,0,0,0,1,0,1,0,0,0,0,0,1,0,0,1,1,0
41618153,1240.6033095126206,1050,G80,G80,5,210000,3342,5,8,2,0,1,1,1,1,1,1,1,1,1,0,0,1,0,0,0,0,1,0,0,0,0,0,1,0,0,1,0,1
40721490,910.4589389790043,250,제네시스,제네시스,81,302601,3342,5,14,9,0,0,1,1,1,1,1,1,0,1,1,0,0,0,0,0,0,1,0,0,0,0,0,0,1,0,1,0,1
41408884,539.6756970784525,700,스파크,더 뉴 스파크,54,109722,999,5,8,3,1,0,1,1,1,1,0,1,0,1,0,0,0,0,1,0,0,1,0,0,0,0,1,0,0,0,1,0,1
40789371,936.2255262529029,360,아반떼,아반떼 MD,62,121309,1591,5,14,10,0,0,1,1,1,1,1,1,0,0,1,0,0,0,0,0,0,1,0,0,0,0,0,0,1,0,1,0,1
41369983,935.928526081858,620,그랜저,그랜저 HG,27,110031,2359,5,12,8,0,0,1,1,1,1,1,1,0,1,1,0,0,0,0,0,0,1,0,0,0,0,0,0,1,0,1,0,1
41025619,817.29454516165,1200,말리부,올 뉴 말리부,40,65837,1490,5,8,1,0,0,1,1,1,1,0,1,1,1,0,0,0,0,1,0,0,1,0,0,0,0,1,0,0,0,1,0,1
41260662,793.2511181150848,720,K3,더 뉴 K3,10,87320,1591,5,10,2,0,0,0,0,0,0,0,0,0,0,0,1,0,0,0,0,0,1,0,0,0,0,0,0,1,0,1,0,1
41353640,1390.1913990791177,1529,캐스퍼,캐스퍼,88,26484,998,4,4,9,0,0,1,1,1,1,1,1,1,1,1,0,0,0,0,0,0,1,0,0,0,0,1,0,0,0,1,0,1
41627917,1063.6126404216627,1420,싼타페,싼타페 더 프라임,56,56799,1995,7,10,5,1,0,1,1,1,1,1,1,1,1,1,0,0,0,0,0,0,0,0,1,0,0,0,0,1,0,1,1,0
41116272,1072.7523168570258,1060,싼타페,싼타페 DM,56,148915,1995,5,12,2,0,1,1,1,1,1,1,1,1,1,1,0,0,0,0,0,0,0,0,1,0,0,0,0,0,1,1,1,0
41114018,819.4078380887734,800,SM6,SM6,20,122041,1998,5,8,8,0,0,1,1,1,1,1,1,0,1,0,0,0,0,0,1,1,0,0,0,0,0,0,0,1,0,1,0,1
41376407,930.193512170366,960,쏘나타,LF 쏘나타,57,114683,1999,5,9,3,0,0,1,1,1,1,1,1,0,1,1,0,0,0,0,0,0,1,0,0,0,0,0,0,1,0,1,0,1
41314119,764.0587856658007,400,체어맨,체어맨 H 뉴 클래식,84,105589,2799,5,14,2,0,0,1,1,1,1,1,1,1,1,0,0,0,1,0,0,0,1,0,0,0,0,0,1,0,0,1,0,1
40450366,800.0418365153032,1030,트랙스,더 뉴 트랙스,103,101992,1362,5,8,7,0,0,1,1,0,1,0,1,0,1,0,0,0,0,1,0,0,1,0,0,0,0,0,1,0,0,1,1,0
41061538,397.0685256503341,170,SM5,뉴SM5 플래티넘,19,245257,1998,5,13,6,0,0,1,0,1,0,0,1,0,1,0,0,0,0,0,1,1,0,0,0,0,0,1,0,0,0,1,0,1
41374459,526.5779521455554,400,스파크,더 넥스트 스파크,54,112302,999,5,10,2,0,0,1,1,0,1,1,1,0,1,0,0,0,0,1,0,0,1,0,0,0,0,0,0,0,1,1,0,1
41063954,941.3889022900747,327,쏘나타,YF 쏘나타,57,138641,1998,5,17,0,0,0,1,0,1,1,0,1,0,1,1,0,0,0,0,0,1,0,0,0,0,0,0,0,1,0,1,0,1
39164653,907.2378156501135,199,그랜저,그랜저 뉴 럭셔리,27,243146,2359,5,17,9,0,0,0,1,1,0,1,1,0,1,1,0,0,0,0,0,0,1,0,0,0,0,0,0,1,0,1,0,1
40526448,991.4253131532465,1350,모하비,더 뉴 모하비,43,119547,2959,5,9,13,0,1,1,1,1,1,1,1,1,1,0,1,0,0,0,0,0,0,0,1,0,0,0,0,1,0,1,1,0
41524586,1268.500618531749,1510,렉스턴,렉스턴 스포츠,35,117232,2157,5,6,4,0,1,1,1,1,1,1,1,1,1,0,0,0,1,0,0,0,0,0,1,0,0,0,0,0,1,1,1,0
40726046,963.6518467963097,600,티볼리,티볼리,105,130246,1597,5,11,0,0,0,1,1,0,1,0,1,0,1,0,0,0,1,0,0,0,0,0,1,0,0,1,0,0,0,1,1,0
40073127,1051.6974101665487,1050,싼타페,싼타페 DM,56,141851,1995,7,12,7,0,1,1,1,1,1,1,1,1,1,1,0,0,0,0,0,0,0,0,1,0,0,0,0,0,1,1,1,0
41661007,1051.6974101665487,1460,싼타페,싼타페 더 프라임,56,123815,1995,5,9,7,1,1,1,1,1,1,1,1,1,1,1,0,0,0,0,0,0,0,0,1,0,0,0,0,0,1,1,1,0
40769262,907.2378156501135,1180,그랜저,그랜저 HG,27,54843,2359,5,10,5,0,0,1,1,1,1,1,1,0,1,1,0,0,0,0,0,0,1,0,0,0,0,0,1,0,0,1,0,1
41259511,819.4078380887734,570,SM6,SM6,20,140855,1998,5,10,2,0,0,1,1,1,1,1,1,0,1,0,0,0,0,0,1,1,0,0,0,0,0,1,0,0,0,1,0,1
41572657,539.6756970784525,750,스파크,더 뉴 스파크,54,99227,999,5,7,2,0,0,1,1,1,1,0,1,0,1,0,0,0,0,1,0,0,1,0,0,0,0,1,0,0,0,1,0,1
40889677,875.1505814198441,470,제네시스,제네시스,81,133030,3778,5,18,7,1,1,1,1,1,1,1,1,1,1,1,0,0,0,0,0,0,1,0,0,0,0,0,1,0,0,1,0,1
41510891,817.29454516165,400,말리부,말리부,40,152813,1956,5,11,5,1,0,1,1,1,1,1,1,0,1,0,0,0,0,1,0,0,0,0,1,0,0,1,0,0,0,1,0,1
41487333,905.6914320771383,1089,그랜저,그랜저 HG,27,26375,2359,5,12,8,0,0,1,1,1,1,1,1,0,1,1,0,0,0,0,0,0,1,0,0,0,0,0,0,1,0,1,0,1
41081120,1005.1859527579388,1190,투싼,올 뉴 투싼,101,125247,1685,5,9,2,0,0,1,1,1,1,1,1,0,1,1,0,0,0,0,0,0,0,0,1,0,0,0,0,1,0,1,1,0
41301430,916.1401938066147,720,그랜저,그랜저 HG,27,103694,2359,5,10,20,0,0,1,1,1,1,1,1,1,1,1,0,0,0,0,0,0,1,0,0,0,0,0,1,0,0,1,0,1
41293740,521.1936913921791,610,스파크,더 넥스트 스파크,54,90260,999,5,10,1,0,0,1,1,1,1,1,1,0,1,0,0,0,0,1,0,0,1,0,0,0,0,0,0,1,0,1,0,1
41433537,739.1470101417436,71,G90,G90 (RS4),6,130970,3470,5,4,0,0,1,1,1,1,1,1,1,1,1,0,0,1,0,0,0,0,1,0,0,0,0,0,1,0,0,1,0,1
40609605,537.623042265147,270,올란도,올란도,77,146581,1998,7,14,8,1,0,1,0,1,1,0,1,0,1,0,0,0,0,1,0,0,0,0,1,0,0,0,0,1,0,1,1,0
41097290,1010.3075581570316,870,스타렉스,그랜드 스타렉스,50,157279,2497,3,9,8,0,0,1,1,0,0,0,1,0,1,1,0,0,0,0,0,0,0,0,1,0,0,0,0,1,0,1,1,0
40283811,588.7951083442899,320,QM5,뉴QM5,16,188343,1995,5,13,11,0,1,1,1,1,1,1,1,0,1,0,0,0,0,0,1,0,0,0,1,0,0,1,0,0,0,1,1,0
41221066,1001.0863434464768,1100,스포티지,스포티지 4세대,55,110084,1995,5,10,3,0,0,1,0,0,1,0,1,0,1,0,1,0,0,0,0,0,0,0,1,0,0,0,1,0,0,1,1,0
41279352,813.3482474056841,620,말리부,올 뉴 말리부,40,140896,1490,5,9,8,0,0,1,1,1,1,0,1,0,1,0,0,0,0,1,0,0,1,0,0,0,0,0,1,0,0,1,0,1
41228887,820.6996852780783,599,SM6,SM6,20,69209,1997,5,10,22,0,0,1,1,1,1,1,1,0,1,0,0,0,0,0,1,0,1,0,0,0,0,0,1,0,0,1,0,1
40609834,870.8774225826837,600,임팔라,임팔라,80,142875,2457,5,10,8,1,1,1,1,1,1,0,1,1,1,0,0,0,0,1,0,0,1,0,0,0,0,0,1,0,0,1,0,1
41326300,1198.965116369793,324,베뉴,베뉴,45,3,1598,5,1,2,0,1,1,1,1,1,1,1,1,1,1,0,0,0,0,0,0,1,0,0,0,0,1,0,0,0,1,1,0
41487929,1010.3075581570316,1050,스타렉스,그랜드 스타렉스,50,120966,2497,15,10,10,0,0,1,1,0,0,1,1,0,1,1,0,0,0,0,0,0,0,0,1,0,0,0,0,0,1,1,1,0
41394404,987.5738331607303,1200,스타렉스,그랜드 스타렉스,50,93471,2497,11,11,2,0,0,1,0,0,0,0,1,1,1,1,0,0,0,0,0,0,0,0,1,0,0,0,1,0,0,1,1,0
41112678,778.9139391480519,1340,코란도,뷰티풀 코란도,92,71300,1497,5,6,2,0,0,1,1,1,1,0,1,1,1,0,0,0,1,0,0,0,1,0,0,0,0,0,1,0,0,1,1,0
41167823,928.4206454774875,1450,아반떼,아반떼 (CN7),62,79087,1598,5,6,5,0,0,1,1,1,1,1,1,1,1,1,0,0,0,0,0,0,1,0,0,0,0,0,0,0,1,1,0,1
41382397,977.230670900442,1659,쏘나타,쏘나타 하이브리드 (DN8),57,114717,1999,5,5,2,0,1,1,1,1,1,1,1,1,1,1,0,0,0,0,0,0,0,1,0,0,0,0,1,0,0,1,0,1
41319091,1153.1834208815528,1490,카니발,올 뉴 카니발,85,168339,3342,7,11,7,0,1,1,1,1,1,1,1,1,1,0,1,0,0,0,0,0,1,0,0,0,0,0,1,0,0,1,1,0
41206550,521.1936913921791,290,스파크,스파크,54,76058,995,5,15,2,0,0,1,1,0,0,0,1,0,1,0,0,0,0,1,0,0,1,0,0,0,0,0,0,0,1,1,0,1
40976165,468.8263197140382,370,SM3,뉴SM3,18,102672,1598,5,13,12,0,0,1,1,1,1,1,1,0,1,0,0,0,0,0,1,0,1,0,0,0,0,0,0,1,0,1,0,1
41499082,1037.3051417342533,499,투싼,투싼 ix,101,138887,1995,5,14,4,0,0,1,1,1,1,0,1,1,1,1,0,0,0,0,0,0,0,0,1,0,0,1,0,0,0,1,1,0
40976821,793.5123984456893,1650,코란도,뷰티풀 코란도,92,35140,1497,5,5,1,0,0,1,1,1,1,1,1,1,1,0,0,0,1,0,0,0,1,0,0,0,0,1,0,0,0,1,1,0
41382974,936.9062313760018,350,아반떼,아반떼 MD,62,178371,1591,5,15,11,1,0,1,1,1,0,1,1,0,1,1,0,0,0,0,0,0,1,0,0,0,0,1,0,0,0,0,0,1
41626908,1063.6126404216627,1290,싼타페,싼타페 더 프라임,56,89451,1995,5,9,17,0,0,1,1,0,0,1,1,0,1,1,0,0,0,0,0,0,0,0,1,0,0,0,0,1,0,1,1,0
41620063,579.7070223918512,580,엑센트,엑센트(신형),74,121347,1368,5,11,6,0,0,1,1,0,0,1,1,0,1,1,0,0,0,0,0,0,1,0,0,0,0,0,0,1,0,1,0,1
41341906,930.193512170366,1400,쏘나타,쏘나타 (DN8),57,110904,1999,5,7,0,0,0,1,1,1,1,1,1,0,1,1,0,0,0,0,0,1,0,0,0,0,0,0,1,0,0,1,0,1
41372455,923.0393528184499,330,그랜저,그랜저 HG,27,200151,2359,5,15,2,0,0,1,1,1,1,1,1,0,1,1,0,0,0,0,0,0,1,0,0,0,0,0,1,0,0,1,0,1
41277376,1079.3476259860029,450,싼타페,싼타페 CM,56,130759,1995,7,16,8,0,0,1,1,0,0,1,1,0,1,1,0,0,0,0,0,0,0,0,1,0,0,0,0,1,0,1,1,0
41155037,969.3889001833381,890,티볼리,티볼리 에어,105,122405,1597,5,10,9,0,0,1,1,0,1,1,1,0,1,0,0,0,1,0,0,0,0,0,1,0,0,1,0,0,0,1,1,0
41287182,570.8143169370128,440,QM5,QM5 네오,16,155448,1998,5,10,0,0,0,1,1,1,1,1,1,0,1,0,0,0,0,0,1,0,1,0,0,0,0,0,0,1,0,1,1,0
40980211,402.80707679553126,290,SM5,뉴SM5(신형),19,91242,1998,5,16,5,1,0,1,1,1,1,1,1,0,1,0,0,0,0,0,1,0,1,0,0,0,0,0,1,0,0,1,0,1
41591263,814.5976259860029,470,말리부,올 뉴 말리부,40,178575,1490,5,9,13,0,0,1,1,0,1,0,1,0,1,0,0,0,0,1,0,0,1,0,0,0,0,0,0,0,1,1,0,1
40602948,1012.2538228903043,699,스타렉스,그랜드 스타렉스,50,131329,2497,11,14,17,0,0,1,0,0,0,0,1,0,1,1,0,0,0,0,0,0,0,0,1,0,0,0,0,1,0,1,1,0
41305683,1236.8774225826837,1250,트레일블레이저,트레일블레이저,104,72045,1341,5,6,2,0,0,1,0,1,1,0,1,1,1,0,0,0,0,1,0,0,1,0,0,0,0,0,0,1,0,1,1,0
41242801,1105.0460061732351,1250,베뉴,베뉴,45,95010,1598,5,7,0,0,0,1,1,0,1,0,1,0,1,1,0,0,0,0,0,0,1,0,0,0,0,0,0,1,0,1,1,0
41232364,814.5976259860029,1120,말리부,올 뉴 말리부,40,52851,1998,5,10,6,0,0,1,0,1,1,1,1,0,1,0,0,0,0,1,0,0,1,0,0,0,0,0,0,1,0,1,0,1
41301693,916.1401938066147,550,그랜저,그랜저 HG,27,172402,2359,5,10,10,0,0,1,1,1,1,0,1,0,1,1,0,0,0,0,0,0,1,0,0,0,0,0,1,0,0,1,0,1
41591153,1121.333920626105,339,카니발,카니발 R,85,166960,2199,11,14,6,0,0,1,0,0,0,0,1,0,1,0,1,0,0,0,0,0,0,0,1,0,0,1,0,0,0,1,1,0
41324395,970.8411733726565,830,티볼리,티볼리,105,62425,1597,5,11,7,0,1,1,1,1,1,1,1,1,1,0,0,0,1,0,0,0,1,0,0,0,0,0,0,0,1,1,1,0
40871312,916.1401938066147,450,그랜저,그랜저 뉴 럭셔리,27,46354,2656,5,18,12,0,0,1,1,1,0,1,1,0,1,1,0,0,0,0,0,0,1,0,0,0,0,0,0,1,0,1,0,1
41508280,967.5024225826837,590,벨로스터,벨로스터,47,55659,1591,4,15,1,0,0,1,1,0,1,1,1,0,0,1,0,0,0,0,0,0,1,0,0,0,0,1,0,0,0,1,0,1
40928003,822.9294020283487,670,K5,더 뉴 K5,11,177462,1999,5,13,6,0,1,1,1,1,1,1,1,1,1,0,1,0,0,0,0,0,1,0,0,0,0,0,1,0,0,1,0,1
41430564,473.05967855859427,479,크루즈,어메이징 뉴 크루즈,95,108249,1362,5,10,4,0,0,1,1,0,1,1,1,0,1,0,0,0,0,1,0,0,1,0,0,0,0,0,0,1,0,1,0,1
41495899,487.41627910745245,230,크루즈,크루즈,95,193221,1998,5,12,2,1,0,1,1,0,1,1,1,0,1,0,0,0,0,1,0,0,0,0,1,0,0,0,1,0,0,1,0,1
41575226,988.0567474787636,1230,스타렉스,그랜드 스타렉스,50,87879,2359,5,10,8,0,0,1,1,0,0,1,1,0,1,1,0,0,0,0,0,1,0,0,0,0,0,0,1,0,0,1,1,0
41491938,935.928526081858,420,그랜저,그랜저 HG,27,273937,2199,5,12,4,0,0,1,1,1,1,1,1,0,1,1,0,0,0,0,0,0,0,0,1,0,0,0,1,0,0,1,0,1
41633470,1012.2538228903043,1050,스타렉스,그랜드 스타렉스,50,121146,2497,11,12,3,1,0,1,1,1,0,1,1,1,1,1,0,0,0,0,0,0,0,0,1,0,0,0,1,0,0,1,1,0
41537125,1037.3051417342533,1350,투싼,올 뉴 투싼,101,81272,1995,5,10,1,0,0,1,1,1,1,1,1,0,1,1,0,0,0,0,0,0,0,0,1,0,0,0,0,1,0,1,1,0
41564305,813.3482474056841,649,말리부,올 뉴 말리부,40,191047,1998,5,9,2,1,1,1,1,1,1,1,1,1,1,0,0,0,0,1,0,0,1,0,0,0,0,0,1,0,0,1,0,1
40920652,815.5577089623855,1190,i30,i30 (PD),24,100815,1353,5,8,3,0,1,1,1,1,1,1,1,0,1,1,0,0,0,0,0,0,1,0,0,0,0,0,0,1,0,1,0,1
41603780,880.2213244404137,699,레이,레이,34,136591,998,5,12,7,0,0,1,1,1,1,1,1,0,1,0,1,0,0,0,0,0,1,0,0,0,0,1,0,0,0,1,0,1
41566609,967.6269960460112,1250,티볼리,티볼리 에어,105,61716,1497,5,6,14,0,1,1,1,0,1,1,1,1,1,0,0,0,1,0,0,0,1,0,0,0,0,1,0,0,0,1,1,0
41047149,814.4268981028265,798,말리부,올 뉴 말리부,40,115438,1998,5,9,11,0,1,1,1,1,1,1,1,1,1,0,0,0,0,1,0,0,1,0,0,0,0,1,0,0,0,1,0,1
40272585,833.2990788440546,1530,코란도,뷰티풀 코란도,92,105069,1497,5,7,1,0,1,1,1,1,1,1,1,1,1,0,0,0,1,0,0,0,1,0,0,0,0,1,0,0,0,1,1,0
41539639,793.5123984456893,1480,코란도,뷰티풀 코란도,92,71900,1597,5,5,0,0,0,1,1,1,1,1,1,1,1,0,0,0,1,0,0,0,0,0,1,0,0,1,0,0,0,1,1,0
41472611,968.6868564277833,619,쏘나타,LF 쏘나타,57,181137,1685,5,11,0,0,1,1,1,1,1,1,1,1,1,1,0,0,0,0,0,0,0,0,1,0,0,1,0,0,0,1,0,1
41121752,1079.3476259860029,1060,싼타페,싼타페 DM,56,107446,1995,5,13,6,0,0,1,1,1,1,1,1,1,1,1,0,0,0,0,0,0,0,0,1,0,0,0,0,1,0,1,1,0
41469290,969.3889001833381,850,티볼리,티볼리,105,82221,1597,5,9,2,0,0,0,0,0,0,0,0,0,0,0,0,0,1,0,0,0,1,0,0,0,0,1,0,0,0,1,1,0
41120994,967.6269960460112,890,티볼리,티볼리,105,69909,1597,5,10,3,0,1,1,1,1,1,1,1,1,1,0,0,0,1,0,0,0,1,0,0,0,0,1,0,0,0,1,1,0
41529296,745.5429339988009,189,라세티,라세티 프리미어,33,100819,1796,5,16,5,1,0,1,1,1,1,1,1,0,1,0,0,0,0,1,0,0,1,0,0,0,0,0,0,1,0,1,0,1
41531226,1124.3844256766104,1490,카니발,올 뉴 카니발,85,79955,2199,7,11,2,1,1,1,1,1,1,1,1,1,1,0,1,0,0,0,0,0,0,0,1,0,0,1,0,0,0,1,1,0
41399999,1234.4350592827248,1520,코나,더 뉴 코나,91,164741,1999,5,5,2,0,0,1,1,1,1,1,1,1,1,1,0,0,0,0,0,0,1,0,0,0,0,0,1,0,0,1,1,0
41164418,930.193512170366,1699,쏘나타,쏘나타 (DN8),57,73131,1999,5,7,5,0,1,1,1,1,1,1,1,0,1,1,0,0,0,0,0,0,1,0,0,0,0,1,0,0,0,1,0,1
41334089,833.2990788440546,470,코란도,뉴코란도 C,92,127095,2157,5,10,8,0,0,0,0,0,1,0,1,0,1,0,0,0,1,0,0,0,0,0,1,0,0,0,0,1,0,1,1,0
41600925,1035.3350952116489,1130,쏘렌토,올 뉴 쏘렌토,58,152603,1995,5,10,3,0,1,1,1,1,1,1,1,1,1,0,1,0,0,0,0,0,0,0,1,0,0,0,0,1,0,1,1,0
41147794,963.6518467963097,1120,티볼리,베리 뉴 티볼리,105,93468,1497,5,5,6,0,0,1,1,0,1,0,1,0,1,0,0,0,1,0,0,0,1,0,0,0,0,0,0,1,0,1,1,0
40893495,1057.082523447645,990,싼타페,싼타페 더 프라임,56,247409,1995,5,11,2,0,1,1,1,1,1,1,1,1,1,1,0,0,0,0,0,0,0,0,1,0,0,0,1,0,0,1,1,0
41615291,1257.2352713994803,1499,EQ900,EQ900,0,168302,3342,5,10,2,0,1,1,1,1,1,1,1,1,1,0,0,1,0,0,0,0,1,0,0,0,0,0,1,0,0,1,0,1
41593788,910.4589389790043,790,제네시스,제네시스 DH,81,231209,3778,5,11,9,0,1,1,1,1,1,1,1,1,1,1,0,0,0,0,0,0,1,0,0,0,0,0,1,0,0,1,0,1
40419930,444.45152312654096,280,SM3,SM3 네오,18,72277,1598,5,12,10,0,0,0,1,1,1,1,1,0,0,0,0,0,0,0,1,0,1,0,0,0,0,0,0,0,1,1,0,1
41474079,1240.6033095126206,1099,G80,G80,5,264954,3342,5,9,2,1,1,1,1,1,1,1,1,1,1,0,0,1,0,0,0,1,0,0,0,0,0,0,0,1,0,1,0,1
40632953,390.5605814198441,329,SM5,SM5 노바,19,115273,1461,5,11,2,0,0,1,1,1,1,1,1,0,1,0,0,0,0,0,1,0,0,0,1,0,0,0,0,1,0,1,0,1
41403857,971.0556916833899,580,쏘울,올 뉴 쏘울,59,144939,1591,5,12,4,1,0,1,1,1,1,1,1,0,1,0,1,0,0,0,0,0,1,0,0,0,0,0,1,0,0,1,0,1
40456777,1035.3350952116489,1450,쏘렌토,더 뉴 쏘렌토,58,110007,1995,7,8,8,0,1,1,1,1,1,1,1,1,1,0,1,0,0,0,0,0,0,0,1,0,0,1,0,0,0,1,1,0
41084418,1253.701162839688,1299,XM3,XM3,23,88690,1598,5,4,14,0,1,1,1,1,1,1,1,0,1,0,0,0,0,0,1,0,1,0,0,0,0,1,0,0,0,1,1,0
40462893,817.7357216322383,255,말리부,말리부,40,182853,1998,5,14,2,0,0,0,0,0,0,0,0,0,0,0,0,0,0,1,0,0,1,0,0,0,0,0,1,0,0,1,0,1
41341882,535.0819292958388,690,스파크,더 뉴 스파크,54,37152,999,5,7,2,0,0,0,1,0,0,1,0,0,0,0,0,0,0,1,0,0,1,0,0,0,0,1,0,0,0,1,0,1
41377034,950.3037718506688,1690,쏘나타,쏘나타 뉴 라이즈,57,27368,1999,5,7,0,0,1,1,1,0,1,1,1,1,1,1,0,0,0,0,0,0,1,0,0,0,0,1,0,0,0,1,0,1
41302137,626.3422304996457,230,SM7,All New SM7,21,163726,2495,5,14,7,0,1,1,1,1,1,1,1,0,1,0,0,0,0,0,1,0,1,0,0,0,0,1,0,0,0,1,0,1
40811475,935.928526081858,1450,그랜저,더 뉴 그랜저 IG,27,159589,3342,5,6,2,0,1,1,1,1,1,1,1,1,1,1,0,0,0,0,0,0,1,0,0,0,0,0,1,0,0,1,0,1
41250931,793.5123984456893,500,코란도,코란도 스포츠,92,130944,1998,5,14,2,0,0,1,1,0,0,1,1,0,0,0,0,0,1,0,0,0,0,0,1,0,0,0,0,1,0,1,1,0
41178934,930.193512170366,1570,쏘나타,쏘나타 (DN8),57,114683,1999,5,7,14,1,1,1,1,0,1,1,1,0,1,1,0,0,0,0,0,0,1,0,0,0,0,1,0,0,0,1,0,1
38595641,1304.167236686122,1630,QM6,더 뉴 QM6,17,102152,1998,5,7,0,0,1,1,1,1,1,1,1,1,1,0,0,0,0,0,1,1,0,0,0,0,0,1,0,0,0,1,1,0
41134517,539.6756970784525,740,스파크,더 뉴 스파크,54,41657,999,5,5,16,0,0,1,1,1,1,0,1,0,1,0,0,0,0,1,0,0,1,0,0,0,0,1,0,0,0,1,0,1
41475223,936.9062313760018,750,아반떼,아반떼 AD,62,77876,1591,5,9,20,0,0,1,1,0,1,1,1,0,1,1,0,0,0,0,0,0,1,0,0,0,0,0,0,1,0,1,0,1
41617224,905.6914320771383,369,그랜저,그랜저 HG,27,147665,2999,5,14,15,0,0,0,1,0,0,1,0,0,1,1,0,0,0,0,0,1,0,0,0,0,0,0,0,1,0,1,0,1
41458456,970.8411733726565,1230,티볼리,베리 뉴 티볼리,105,47744,1497,5,7,14,0,1,1,1,0,1,1,1,1,1,0,0,0,1,0,0,0,1,0,0,0,0,1,0,0,0,1,1,0
40453266,1063.6126404216627,900,싼타페,싼타페 DM,56,205503,1995,5,12,10,0,1,1,1,1,1,1,1,1,1,1,0,0,0,0,0,0,0,0,1,0,0,0,0,1,0,1,1,0
40928431,905.6914320771383,1500,그랜저,그랜저 IG,27,127812,2999,5,8,9,0,1,1,1,1,1,1,1,1,1,1,0,0,0,0,0,0,1,0,0,0,0,0,0,1,0,1,0,1
41128329,532.6342390295486,700,올란도,올란도,77,104156,1998,7,12,2,0,0,1,1,1,1,1,1,0,1,0,0,0,0,1,0,1,0,0,0,0,0,0,1,0,0,1,1,0
41638518,793.2511181150848,1390,K3,더 뉴 K3 2세대,10,120033,1598,5,5,3,0,0,1,1,1,1,1,1,0,1,0,1,0,0,0,0,0,1,0,0,0,0,0,0,1,0,1,0,1
39468055,1138.5330669370128,1299,맥스크루즈,더 뉴 맥스크루즈,41,98626,2199,6,9,10,0,1,1,1,1,1,1,1,1,1,1,0,0,0,0,0,0,0,0,1,0,0,0,0,0,1,1,1,0
41360013,1072.7523168570258,1380,싼타페,싼타페 TM,56,160604,1995,5,8,11,0,0,1,1,1,1,1,1,1,1,1,0,0,0,0,0,0,0,0,1,0,0,0,0,1,0,1,1,0
41570748,1050.1398208359376,530,투싼,투싼 ix,101,141421,1995,5,14,2,0,0,1,0,1,1,0,1,0,1,1,0,0,0,0,0,0,0,0,1,0,0,0,0,1,0,1,1,0
41606419,916.1401938066147,599,그랜저,그랜저 HG,27,122497,2999,5,15,7,1,1,1,1,1,1,1,1,1,1,1,0,0,0,0,0,0,1,0,0,0,0,0,1,0,0,1,0,1
41646018,1244.0155609115354,1649,코나,코나 일렉트릭,91,140613,180,5,7,5,0,1,1,1,1,1,1,1,1,1,1,0,0,0,0,0,0,0,0,0,1,0,1,0,0,0,1,1,0
40169122,1124.3844256766104,320,카니발,카니발 R,85,199214,2199,11,13,10,0,0,1,1,0,0,0,1,0,1,0,1,0,0,0,0,0,0,0,1,0,0,0,1,0,0,1,1,0
40816831,483.19448616103887,299,SM3,뉴SM3,18,127688,1598,5,13,3,1,0,1,1,1,1,1,1,0,1,0,0,0,0,0,1,0,1,0,0,0,0,1,0,0,0,1,0,1
41577436,1051.6974101665487,1490,싼타페,싼타페 더 프라임,56,102915,1995,5,10,5,0,1,1,1,1,1,1,1,1,1,1,0,0,0,0,0,0,0,0,1,0,0,1,0,0,0,1,1,0
41359322,535.2976053661823,490,올란도,올란도,77,170140,1598,7,9,4,0,0,1,1,0,1,1,1,0,1,0,0,0,0,1,0,0,0,0,1,0,0,0,0,1,0,1,1,0
40085607,802.5490122794023,600,트랙스,트랙스,103,113818,1598,5,11,4,1,0,1,1,0,0,1,1,0,1,0,0,0,0,1,0,0,0,0,1,0,0,0,1,0,0,1,1,0
41033458,977.230670900442,430,쏘나타,쏘나타 더 브릴리언트,57,192315,1999,5,13,6,0,0,1,1,0,1,1,0,0,1,1,0,0,0,0,0,1,0,0,0,0,0,1,0,0,0,1,0,1
41450911,1389.3158649586906,1600,캐스퍼,캐스퍼,88,23186,998,4,2,0,0,0,1,1,1,1,1,1,1,1,1,0,0,0,0,0,0,1,0,0,0,0,0,0,0,1,1,0,1
41476370,917.6449336423003,1690,벨로스터,벨로스터 (JS),47,78241,1998,4,6,0,0,1,1,1,1,1,0,1,1,1,1,0,0,0,0,0,0,1,0,0,0,0,0,0,1,0,0,0,1
40319580,1010.3075581570316,729,스타렉스,그랜드 스타렉스,50,234226,2497,3,9,6,0,0,1,1,0,0,1,1,0,1,1,0,0,0,0,0,0,0,0,1,0,0,0,0,1,0,1,1,0
41614562,723.7828753088075,650,에쿠스,에쿠스(신형),73,254479,5038,5,12,22,0,1,1,1,1,1,0,1,1,1,1,0,0,0,0,0,0,1,0,0,0,0,0,1,0,0,1,0,1
41274805,830.7441133874026,750,코란도,코란도 스포츠,92,71941,1998,5,10,2,0,0,1,1,0,1,1,1,0,1,0,0,0,1,0,0,0,0,0,1,0,0,0,0,0,1,1,1,0
41471308,874.0501334751542,880,레이,더 뉴 레이,34,72864,998,5,6,2,0,0,1,0,0,0,0,0,0,1,0,1,0,0,0,0,0,1,0,0,0,0,1,0,0,0,1,0,1
41290337,389.9312687325189,200,SM5,뉴SM5(신형),19,142576,1998,5,16,3,0,0,1,1,1,1,1,1,0,1,0,0,0,0,0,1,0,1,0,0,0,0,0,1,0,0,1,0,1
41584590,1051.6974101665487,850,싼타페,싼타페 DM,56,155158,1995,5,12,1,0,0,1,1,1,1,1,1,1,1,1,0,0,0,0,0,0,0,0,1,0,0,1,0,0,0,1,1,0
41235523,928.4206454774875,990,아반떼,더 뉴 아반떼 AD,62,140041,1598,5,7,7,0,0,1,1,1,1,1,1,0,1,1,0,0,0,0,0,0,1,0,0,0,0,1,0,0,0,1,0,1
41615876,1072.7523168570258,900,싼타페,싼타페 DM,56,151656,1995,5,13,4,1,0,1,1,1,1,1,1,1,1,1,0,0,0,0,0,0,0,0,1,0,0,1,0,0,0,1,1,0
41499076,1079.3476259860029,330,싼타페,싼타페 CM,56,226929,1991,7,18,3,0,0,1,0,1,0,0,1,0,1,1,0,0,0,0,0,0,0,0,1,0,0,0,0,1,0,1,1,0
41258324,962.3768750735256,980,티볼리,베리 뉴 티볼리,105,113139,1597,5,6,12,0,1,1,1,1,1,1,1,1,1,0,0,0,1,0,0,0,0,0,1,0,0,1,0,0,0,1,1,0
41633008,539.6756970784525,189,스파크,스파크,54,149874,995,5,14,4,0,0,1,0,0,0,0,1,0,1,0,0,0,0,1,0,0,1,0,0,0,0,0,0,1,0,0,0,1
41459964,1390.1913990791177,1380,캐스퍼,캐스퍼,88,17536,998,4,4,0,0,0,1,1,1,1,1,0,0,0,1,0,0,0,0,0,0,1,0,0,0,0,0,0,1,0,1,0,1
39360915,1012.2538228903043,1599,스타렉스,더 뉴 그랜드 스타렉스,50,134644,2359,12,8,2,0,0,1,1,0,0,1,1,0,1,1,0,0,0,0,0,1,0,0,0,0,0,0,0,0,1,1,1,0
41604004,1064.9571882720186,959,아이오닉,아이오닉 하이브리드,65,92106,1580,5,10,6,0,0,1,1,1,1,1,1,1,1,1,0,0,0,0,0,0,0,1,0,0,0,0,0,1,0,1,0,1
40692666,816.6985223123376,1330,트랙스,더 뉴 트랙스,103,68143,1362,5,6,1,0,0,1,1,0,1,0,1,0,1,0,0,0,0,1,0,0,1,0,0,0,0,1,0,0,0,1,1,0
41361047,535.2976053661823,300,올란도,올란도,77,184236,1998,7,15,4,0,0,1,1,1,1,1,1,0,0,0,0,0,0,1,0,1,0,0,0,0,0,0,0,1,0,1,1,0
41265748,1014.8324651358752,1020,투싼,올 뉴 투싼,101,116559,1685,5,10,2,0,1,1,1,1,1,1,1,0,1,1,0,0,0,0,0,0,0,0,1,0,0,0,0,1,0,1,1,0
41598416,1012.2538228903043,1230,스타렉스,그랜드 스타렉스,50,87813,2497,5,10,6,0,0,1,1,0,0,1,1,0,1,1,0,0,0,0,0,0,0,0,1,0,0,0,0,1,0,1,1,0
41589088,659.0006532807237,1590,모닝,모닝 어반 (JA),42,7852,998,5,3,0,0,0,1,1,1,1,1,1,1,1,0,1,0,0,0,0,0,1,0,0,0,0,1,0,0,0,1,0,1
41619526,778.9139391480519,920,코란도,코란도 투리스모,92,114208,1998,11,12,1,0,0,1,1,1,1,1,1,0,1,0,0,0,1,0,0,0,0,0,1,0,0,0,1,0,0,1,1,0
41439115,487.46355435797625,399,크루즈,어메이징 뉴 크루즈,95,124965,1362,5,11,8,0,0,1,1,0,1,1,1,0,1,0,0,0,0,1,0,0,1,0,0,0,0,1,0,0,0,1,0,1
41602514,923.0393528184499,450,그랜저,그랜저 HG,27,207040,2199,5,12,19,0,1,1,1,1,1,1,1,1,1,1,0,0,0,0,0,0,0,0,1,0,0,0,1,0,0,1,0,1
41452307,1301.2282984354893,1290,QM6,QM6,17,97037,1995,5,10,3,1,1,1,1,1,1,1,1,1,1,0,0,0,0,0,1,0,0,0,1,0,0,1,0,0,0,1,1,0
41598697,962.3768750735256,899,티볼리,베리 뉴 티볼리,105,124054,1497,5,7,9,0,0,1,1,0,1,1,1,0,1,0,0,0,1,0,0,0,1,0,0,0,0,1,0,0,0,1,1,0
41065577,987.5738331607303,1150,스타렉스,그랜드 스타렉스,50,79146,2497,12,13,2,1,0,1,1,1,0,1,1,1,1,1,0,0,0,0,0,0,0,0,1,0,0,0,0,0,1,1,1,0
40443192,848.803876132294,570,라보,뉴 라보,32,80682,796,2,9,2,0,0,0,0,0,0,0,0,0,1,0,0,0,0,1,0,1,0,0,0,0,0,1,0,0,0,0,1,0
40952730,814.4268981028265,1390,말리부,올 뉴 말리부,40,56617,1998,5,8,3,1,1,1,1,1,1,1,1,1,1,0,0,0,0,1,0,0,1,0,0,0,0,0,1,0,0,1,0,1
41377547,950.3037718506688,930,쏘나타,LF 쏘나타,57,130341,1999,5,12,10,0,0,1,1,1,1,1,1,0,1,1,0,0,0,0,0,0,1,0,0,0,0,1,0,0,0,1,0,1
41420779,916.1401938066147,690,그랜저,그랜저 IG,27,327774,2999,5,9,12,0,0,1,1,0,0,1,1,0,1,1,0,0,0,0,0,1,0,0,0,0,0,0,0,1,0,1,0,1
41323282,967.5024225826837,35,벨로스터,벨로스터 (JS),47,44752,1998,4,4,9,1,1,1,1,1,1,1,1,1,1,1,0,0,0,0,0,0,1,0,0,0,0,0,0,0,1,1,0,1
41238402,1005.1859527579388,1190,투싼,올 뉴 투싼,101,155356,1995,5,10,15,1,1,1,1,1,1,1,1,1,1,1,0,0,0,0,0,0,0,0,1,0,0,1,0,0,0,1,1,0
41634549,1256.1011628396882,1230,XM3,XM3,23,63748,1598,5,4,17,0,1,1,1,1,1,1,1,1,1,0,0,0,0,0,1,0,1,0,0,0,0,1,0,0,0,1,1,0
41631598,1257.9607752264587,1480,G80,G80,5,113497,3342,5,9,4,0,1,1,1,1,1,1,1,1,1,0,0,1,0,0,0,0,1,0,0,0,0,0,0,1,0,1,0,1
41406297,968.6868564277833,420,쏘나타,쏘나타 더 브릴리언트,57,122051,1999,5,13,8,0,0,1,1,0,0,1,1,0,0,1,0,0,0,0,0,0,1,0,0,0,0,0,0,1,0,1,0,1
40493084,535.0819292958388,660,스파크,더 뉴 스파크,54,46829,999,2,6,1,0,0,1,1,0,0,1,0,0,0,0,0,0,0,1,0,0,1,0,0,0,0,1,0,0,0,1,0,1
39462530,930.193512170366,1030,쏘나타,쏘나타 뉴 라이즈,57,105664,1999,5,9,2,0,0,1,1,0,1,1,1,0,1,1,0,0,0,0,0,1,0,0,0,0,0,1,0,0,0,1,0,1
41609097,822.9294020283487,490,K5,K5,11,100777,1998,5,16,8,0,0,1,1,1,1,1,1,0,1,0,1,0,0,0,0,1,0,0,0,0,0,0,1,0,0,1,0,1
41508160,1251.1196295251596,1250,코나,코나,91,115336,1582,5,8,0,1,0,1,1,1,1,1,1,1,1,1,0,0,0,0,0,0,0,0,1,0,0,0,0,1,0,1,1,0
41475111,936.9062313760018,1610,아반떼,아반떼 (CN7),62,62547,1598,5,4,11,0,0,1,1,1,1,1,1,1,1,1,0,0,0,0,0,0,1,0,0,0,0,1,0,0,0,1,0,1
40837827,778.9139391480519,1699,코란도,뷰티풀 코란도,92,43064,1497,5,6,0,0,0,1,1,1,1,1,1,1,1,0,0,0,1,0,0,0,1,0,0,0,0,1,0,0,0,1,1,0
40996424,809.9140873524058,630,SM6,SM6,20,136726,1618,5,10,2,0,0,1,1,1,1,1,1,0,1,0,0,0,0,0,1,0,1,0,0,0,0,1,0,0,0,1,0,1
41623259,880.2213244404137,630,레이,레이,34,100426,998,5,14,0,0,0,1,1,0,0,1,1,0,1,0,1,0,0,0,0,0,1,0,0,0,0,0,0,1,0,1,0,1
39306775,839.932724427458,780,라보,뉴 라보,32,40536,796,2,11,0,0,0,0,0,0,0,0,0,0,0,0,0,0,0,1,0,1,0,0,0,0,0,1,0,0,0,0,1,0
41433931,1035.2811628396882,910,스포티지,스포티지 4세대,55,192203,1995,5,11,2,0,1,1,1,0,1,1,1,1,1,0,1,0,0,0,0,0,0,0,1,0,0,1,0,0,0,1,1,0
40940388,553.7149246371913,420,올란도,올란도,77,158268,1998,7,13,6,0,0,1,1,1,1,1,1,0,1,0,0,0,0,1,0,1,0,0,0,0,0,0,0,1,0,1,1,0
41146905,816.6985223123376,830,트랙스,더 뉴 트랙스,103,114057,1598,5,6,0,0,0,1,1,0,1,1,1,0,1,0,0,0,0,1,0,0,0,0,1,0,0,1,0,0,0,1,1,0
41464860,967.5024225826837,700,벨로스터,더 뉴 벨로스터,47,83979,1591,4,11,6,1,0,1,1,1,1,1,1,1,1,1,0,0,0,0,0,0,1,0,0,0,0,0,0,0,1,1,0,1
41595131,928.4206454774875,599,아반떼,아반떼 MD,62,58374,1591,5,14,7,0,0,1,1,1,1,1,1,0,1,1,0,0,0,0,0,0,1,0,0,0,0,0,0,1,0,1,0,1
41341339,1084.4388555279147,1390,카니발,올 뉴 카니발,85,121887,3342,9,10,4,0,1,1,1,1,1,1,1,1,1,0,1,0,0,0,0,0,1,0,0,0,0,1,0,0,0,1,1,0
41454163,840.0955669370128,1230,베라크루즈,베라크루즈,46,131282,2959,7,13,2,0,1,1,1,1,1,1,1,1,1,1,0,0,0,0,0,0,0,0,1,0,0,0,0,1,0,1,1,0
41572053,907.2378156501135,700,그랜저,그랜저 HG,27,95140,2359,5,13,2,1,0,1,1,1,1,1,1,0,1,1,0,0,0,0,0,0,1,0,0,0,0,0,1,0,0,1,0,1
40516152,833.2990788440546,319,코란도,뉴코란도 C,92,121479,1998,5,12,2,0,0,0,0,0,0,0,0,0,0,0,0,0,1,0,0,0,0,0,1,0,0,1,0,0,0,1,1,0
41522769,1010.3075581570316,730,스타렉스,그랜드 스타렉스,50,160755,2497,3,12,0,0,0,1,0,0,0,0,0,0,1,1,0,0,0,0,0,0,0,0,1,0,0,0,0,1,0,1,1,0
41411474,817.29454516165,1150,말리부,올 뉴 말리부,40,81591,1998,5,9,5,1,1,1,1,1,1,1,1,1,1,0,0,0,0,1,0,0,1,0,0,0,0,1,0,0,0,1,0,1
41533248,1064.9571882720186,1595,아이오닉,더 뉴 아이오닉 일렉트릭,65,89300,120,5,6,2,0,0,1,1,1,1,1,1,0,1,1,0,0,0,0,0,0,0,0,0,1,0,1,0,0,0,1,0,1
41652147,930.193512170366,580,쏘나타,쏘나타 더 브릴리언트,57,161317,1999,5,12,2,0,1,1,1,1,1,1,1,1,1,1,0,0,0,0,0,0,1,0,0,0,0,1,0,0,0,1,0,1
40660109,626.3422304996457,1049,SM7,SM7 노바,21,93491,3498,5,9,9,0,1,1,1,1,1,0,1,1,1,0,0,0,0,0,1,0,1,0,0,0,0,0,0,1,0,1,0,1
41585099,936.9062313760018,1080,아반떼,아반떼 AD,62,94530,1591,5,8,9,0,0,1,1,0,1,1,1,0,1,1,0,0,0,0,0,0,1,0,0,0,0,1,0,0,0,1,0,1
41151549,487.41627910745245,270,크루즈,크루즈,95,97590,1796,5,15,15,0,0,1,1,0,0,0,1,0,1,0,0,0,0,1,0,0,1,0,0,0,0,0,0,1,0,1,0,1
41548795,653.1887112913419,550,SM7,SM7 노바,21,117477,1998,5,11,14,0,0,1,1,1,1,1,1,0,1,0,0,0,0,0,1,1,0,0,0,0,0,0,0,1,0,1,0,1
40971122,963.6518467963097,1530,티볼리,베리 뉴 티볼리,105,53959,1497,5,4,2,0,0,0,0,0,0,0,0,0,0,0,0,0,1,0,0,0,1,0,0,0,0,1,0,0,0,1,1,0
41075872,856.0406977686312,450,베라크루즈,베라크루즈,46,253874,2959,7,17,1,1,0,1,1,1,0,1,1,0,1,1,0,0,0,0,0,0,0,0,1,0,0,0,0,1,0,1,1,0
40301928,814.4268981028265,950,말리부,올 뉴 말리부,40,119725,1490,5,10,2,0,1,1,1,1,1,1,1,1,1,0,0,0,0,1,0,0,1,0,0,0,0,1,0,0,0,1,0,1
40693273,535.0819292958388,220,스파크,스파크,54,146358,995,5,14,3,0,0,1,0,0,0,0,1,0,1,0,0,0,0,1,0,0,1,0,0,0,0,0,0,0,1,1,0,1
41467265,987.5738331607303,730,스타렉스,그랜드 스타렉스,50,176766,2497,12,13,11,0,0,1,1,1,0,1,1,1,1,1,0,0,0,0,0,0,0,0,1,0,0,0,0,1,0,1,1,0
41517888,968.6868564277833,1360,쏘나타,쏘나타 (DN8),57,131000,1999,5,6,0,0,0,1,1,1,1,1,1,0,1,1,0,0,0,0,0,1,0,0,0,0,0,1,0,0,0,1,0,1
41160117,1072.7523168570258,269,싼타페,싼타페 CM,56,224384,1991,7,18,2,1,0,1,1,1,0,1,1,0,1,1,0,0,0,0,0,0,0,0,1,0,0,1,0,0,0,1,1,0
40814625,539.6756970784525,299,스파크,스파크,54,115261,995,5,13,2,0,0,1,1,0,0,1,1,0,1,0,0,0,0,1,0,0,1,0,0,0,0,0,0,0,1,1,0,1
41418239,935.928526081858,485,그랜저,그랜저 HG,27,178549,2359,5,13,6,0,0,1,1,1,1,1,1,0,1,1,0,0,0,0,0,0,1,0,0,0,0,0,1,0,0,1,0,1
41649143,969.3889001833381,1000,티볼리,티볼리,105,42761,1597,5,11,2,0,0,1,1,1,1,1,1,0,1,0,0,0,1,0,0,0,1,0,0,0,0,1,0,0,0,1,1,0
41385861,521.1936913921791,440,스파크,더 넥스트 스파크,54,164697,999,5,10,2,0,0,1,0,0,0,0,1,0,1,0,0,0,0,1,0,0,1,0,0,0,0,1,0,0,0,0,0,1
41530765,947.3443649473054,1469,아반떼,아반떼 (CN7),62,126790,1598,5,4,1,0,0,1,1,1,1,1,1,1,1,1,0,0,0,0,0,0,1,0,0,0,0,1,0,0,0,1,0,1
41275501,793.2511181150848,1080,K3,올 뉴 K3,10,109763,1598,5,6,7,0,0,1,1,1,1,1,1,1,1,0,1,0,0,0,0,0,1,0,0,0,0,0,0,1,0,1,0,1
41397348,988.0567474787636,1120,스타렉스,그랜드 스타렉스,50,103480,2497,11,12,0,0,0,1,1,1,0,1,1,1,1,1,0,0,0,0,0,0,0,0,1,0,0,0,0,1,0,1,1,0
41560022,880.2213244404137,530,레이,레이,34,91370,998,5,14,1,0,0,1,1,0,0,1,1,0,1,0,1,0,0,0,0,0,1,0,0,0,0,0,0,0,1,1,0,1
41648846,1010.3075581570316,1230,스타렉스,그랜드 스타렉스,50,102658,2497,12,10,2,0,0,1,1,0,0,1,1,0,1,1,0,0,0,0,0,0,0,0,1,0,0,0,0,1,0,1,1,0
40606722,970.8411733726565,650,티볼리,티볼리,105,76739,1597,5,9,17,0,1,1,1,1,1,0,1,0,1,0,0,0,1,0,0,0,1,0,0,0,0,1,0,0,0,1,1,0
41169186,390.557300432829,360,SM5,뉴SM5 플래티넘,19,177462,1998,5,11,3,0,1,1,0,1,0,0,1,0,1,0,0,0,0,0,1,1,0,0,0,0,0,0,0,0,1,1,0,1
40973749,1379.3008305997773,1439,캐스퍼,캐스퍼,88,68561,998,4,5,9,0,0,1,1,1,1,1,1,1,1,1,0,0,0,0,0,0,1,0,0,0,0,1,0,0,0,1,0,1
41265432,987.5738331607303,700,스타렉스,그랜드 스타렉스,50,198364,2497,12,12,6,0,0,1,0,1,0,0,1,1,1,1,0,0,0,0,0,0,0,0,1,0,0,0,0,1,0,1,1,0
40811037,402.80707679553126,190,SM5,뉴SM5(신형),19,160123,1998,5,16,7,1,0,1,1,1,1,1,1,0,1,0,0,0,0,0,1,0,1,0,0,0,0,1,0,0,0,1,0,1
38401220,793.2511181150848,920,K3,올 뉴 K3,10,75600,1598,5,8,5,0,0,0,0,0,0,0,0,0,0,0,1,0,0,0,0,0,1,0,0,0,0,1,0,0,0,1,0,1
41033727,723.7828753088075,890,에쿠스,에쿠스(신형),73,207925,5038,4,13,6,0,1,1,1,1,1,0,1,1,1,1,0,0,0,0,0,0,1,0,0,0,0,0,1,0,0,1,0,1
41106963,780.500937773942,990,K5,K5 2세대,11,89075,1591,5,11,3,1,0,1,0,1,1,0,1,0,1,0,1,0,0,0,0,0,1,0,0,0,0,1,0,0,0,1,0,1
40953778,814.4268981028265,830,말리부,올 뉴 말리부,40,56763,1490,5,8,19,0,0,1,1,1,1,0,1,0,1,0,0,0,0,1,0,0,1,0,0,0,0,1,0,0,0,1,0,1
41389208,986.97541951879,630,K7,더 뉴 K7,12,140872,2999,5,14,3,0,1,1,1,1,1,1,1,1,1,0,1,0,0,0,0,0,1,0,0,0,0,0,1,0,0,1,0,1
41273837,847.0020764994432,1050,베라크루즈,베라크루즈,46,213792,2959,7,14,5,1,1,1,1,1,1,1,1,1,1,1,0,0,0,0,0,0,0,0,1,0,0,1,0,0,0,1,1,0
40781845,532.6342390295486,720,올란도,올란도,77,130889,1998,7,9,1,0,0,1,1,0,1,1,1,0,1,0,0,0,0,1,0,1,0,0,0,0,0,0,0,1,0,1,1,0
41306956,659.0006532807237,1690,모닝,더 뉴 모닝 (JA),42,15686,998,5,3,2,0,1,1,1,1,1,1,1,1,1,0,1,0,0,0,0,0,1,0,0,0,0,1,0,0,0,1,0,1
41445025,1153.1834208815528,780,카니발,올 뉴 카니발,85,198720,2199,9,10,1,0,1,1,1,1,1,1,1,1,1,0,1,0,0,0,0,0,0,0,1,0,0,0,0,1,0,1,1,0
40996893,928.4206454774875,1090,아반떼,아반떼 AD,62,94385,1591,5,8,4,0,0,1,1,0,1,0,1,0,1,1,0,0,0,0,0,0,1,0,0,0,0,1,0,0,0,1,0,1
41621943,935.928526081858,1490,그랜저,그랜저 IG,27,196534,2199,5,8,6,1,1,1,1,1,1,1,1,1,1,1,0,0,0,0,0,0,0,0,1,0,0,1,0,0,0,1,0,1
41495682,865.3714811570742,980,아슬란,아슬란,64,97201,2999,5,11,5,0,1,1,1,1,1,1,1,1,1,1,0,0,0,0,0,0,1,0,0,0,0,0,1,0,0,1,0,1
41620196,907.2378156501135,750,그랜저,그랜저 HG,27,69988,2359,5,14,2,1,0,1,1,1,1,1,1,0,1,1,0,0,0,0,0,0,1,0,0,0,0,0,0,0,1,1,0,1
41634110,800.0418365153032,999,트랙스,트랙스,103,133990,1362,5,11,2,0,0,0,0,0,0,0,0,0,0,0,0,0,0,1,0,0,1,0,0,0,0,1,0,0,0,1,1,0
41075010,659.0006532807237,478,모닝,올 뉴 모닝,42,87239,998,5,14,7,0,0,1,1,1,1,1,1,0,1,0,1,0,0,0,0,0,1,0,0,0,0,1,0,0,0,1,0,1
41561379,977.230670900442,950,쏘나타,쏘나타 뉴 라이즈,57,136355,1999,5,7,7,0,0,1,1,1,1,1,1,1,1,1,0,0,0,0,0,0,1,0,0,0,0,1,0,0,0,1,0,1
40787185,987.5738331607303,1350,스타렉스,그랜드 스타렉스,50,58194,2497,3,12,0,0,0,1,0,0,0,0,1,0,1,1,0,0,0,0,0,0,0,0,1,0,0,0,0,1,0,1,1,0
40985186,1192.3813152408418,1120,맥스크루즈,맥스크루즈,41,202089,2199,7,11,3,1,1,1,1,1,1,1,1,1,1,1,0,0,0,0,0,0,0,0,1,0,0,0,0,1,0,1,1,0
40984029,768.0397857057295,880,트랙스,더 뉴 트랙스,103,95573,1362,5,8,2,0,0,1,1,0,1,0,1,0,1,0,0,0,0,1,0,0,1,0,0,0,0,0,1,0,0,1,1,0
41548193,1256.713002151279,1530,코나,코나,91,93184,1582,5,8,2,0,1,1,1,1,1,0,1,1,1,1,0,0,0,0,0,0,0,0,1,0,0,1,0,0,0,1,1,0
41659414,1122.21175713316,1400,카니발,올 뉴 카니발,85,119993,2199,9,9,8,0,1,1,1,1,1,1,1,1,1,0,1,0,0,0,0,0,0,0,1,0,0,0,1,0,0,1,1,0
40465202,910.4589389790043,450,제네시스,제네시스,81,190849,3778,5,13,2,1,1,1,1,1,1,1,1,1,1,1,0,0,0,0,0,0,1,0,0,0,0,0,1,0,0,1,0,1
39966695,905.6914320771383,1520,그랜저,그랜저 IG,27,157786,2999,5,9,6,0,1,1,1,1,1,1,1,1,1,1,0,0,0,0,0,1,0,0,0,0,0,0,0,1,0,1,0,1
41632706,950.3037718506688,999,쏘나타,쏘나타 뉴 라이즈,57,118686,1999,5,9,1,0,0,1,1,0,1,0,1,0,1,1,0,0,0,0,0,1,0,0,0,0,0,1,0,0,0,1,0,1
41006132,809.9140873524058,419,SM6,SM6,20,179796,1998,5,10,16,0,0,1,1,1,1,1,1,0,1,0,0,0,0,0,1,1,0,0,0,0,0,1,0,0,0,1,0,1
41533625,1023.2941085597921,450,K7,더 뉴 K7,12,184589,2359,5,13,7,0,1,1,1,1,1,1,1,0,1,0,1,0,0,0,0,0,1,0,0,0,0,0,0,1,0,1,0,1
41659189,1005.1859527579388,1250,투싼,올 뉴 투싼,101,56576,1685,5,8,1,0,0,1,1,0,1,1,1,0,1,1,0,0,0,0,0,0,0,0,1,0,0,0,0,1,0,1,1,0
41415528,916.1401938066147,780,그랜저,그랜저 HG,27,85718,2359,5,15,0,1,0,1,1,1,1,1,1,0,1,1,0,0,0,0,0,0,1,0,0,0,0,0,1,0,0,1,0,1
41496748,923.0393528184499,470,그랜저,그랜저 HG,27,164354,2999,5,14,15,0,1,1,1,1,1,1,1,1,1,1,0,0,0,0,0,0,1,0,0,0,0,0,1,0,0,1,0,1
41414624,830.7441133874026,1660,코란도,뷰티풀 코란도,92,49564,1497,5,6,0,0,0,1,1,1,1,1,1,1,1,0,0,0,1,0,0,0,1,0,0,0,0,1,0,0,0,1,1,0
41652252,916.1401938066147,1350,그랜저,그랜저 IG,27,141946,2999,5,9,2,0,0,1,1,1,1,1,1,1,1,1,0,0,0,0,0,0,1,0,0,0,0,0,1,0,0,1,0,1
41281711,1035.3350952116489,1699,쏘렌토,더 뉴 쏘렌토,58,110949,2199,5,8,9,0,1,1,1,1,1,1,1,1,1,0,1,0,0,0,0,0,0,0,1,0,0,0,0,1,0,1,1,0
40880373,675.9280793327559,630,캡티바,캡티바,90,148103,2231,5,11,8,1,0,1,1,1,1,1,1,0,1,0,0,0,0,1,0,0,0,0,1,0,0,0,0,1,0,1,1,0
41212130,1057.082523447645,630,싼타페,싼타페 DM,56,328379,1995,7,13,2,0,0,1,1,0,0,1,1,0,1,1,0,0,0,0,0,0,0,0,1,0,0,0,0,1,0,1,1,0
41613838,833.2990788440546,390,코란도,코란도 투리스모,92,164947,1998,11,11,13,0,0,1,0,0,0,0,1,0,1,0,0,0,1,0,0,0,0,0,1,0,0,0,0,0,1,1,1,0
41646359,867.5160324543092,1080,레이,더 뉴 기아 레이 EV,34,4550,400,4,3,2,0,0,1,1,1,1,1,1,1,1,0,1,0,0,0,0,0,0,0,0,1,0,1,0,0,0,1,0,1
41564882,511.37274562236945,660,스파크,더 넥스트 스파크,54,73073,999,5,10,2,0,0,1,1,0,0,1,1,0,1,0,0,0,0,1,0,0,1,0,0,0,0,1,0,0,0,1,0,1
41369178,1051.6974101665487,950,싼타페,싼타페 DM,56,156812,1995,5,11,2,0,0,0,0,0,0,0,0,0,0,1,0,0,0,0,0,0,0,0,1,0,0,0,1,0,0,1,1,0
41391746,935.928526081858,575,그랜저,그랜저 HG,27,178993,2999,5,15,19,1,1,1,1,1,1,1,1,1,1,1,0,0,0,0,0,0,1,0,0,0,0,0,1,0,0,1,0,1
41397176,968.6868564277833,430,쏘나타,YF 쏘나타,57,125213,1999,5,15,2,0,0,1,0,0,0,0,0,0,1,1,0,0,0,0,0,1,0,0,0,0,0,0,0,1,0,1,0,1
41166001,988.0567474787636,1270,스타렉스,더 뉴 그랜드 스타렉스,50,156222,2497,3,8,4,0,0,1,1,0,0,1,1,0,1,1,0,0,0,0,0,0,0,0,1,0,0,0,0,1,0,1,1,0
41184690,814.4268981028265,699,말리부,올 뉴 말리부,40,98536,1998,5,10,10,0,1,1,1,1,1,1,1,1,1,0,0,0,0,1,0,0,1,0,0,0,0,1,0,0,0,1,0,1
41548406,1279.2441861207396,1190,EQ900,EQ900,0,237163,3778,4,9,26,1,1,1,1,1,1,1,1,1,1,0,0,1,0,0,0,0,1,0,0,0,0,0,0,1,0,1,0,1
41271016,1072.7523168570258,1138,싼타페,싼타페 더 프라임,56,176065,1995,5,9,10,0,1,1,1,1,1,1,1,1,1,1,0,0,0,0,0,0,0,0,1,0,0,1,0,0,0,1,1,0
41643492,936.2255262529029,990,아반떼,아반떼 AD,62,70285,1591,5,10,0,0,0,1,1,1,0,1,1,0,1,1,0,0,0,0,0,0,1,0,0,0,0,0,0,1,0,1,0,1
41597227,833.2990788440546,1600,코란도,뷰티풀 코란도,92,106262,1597,5,7,2,1,1,1,1,1,1,1,1,1,1,0,0,0,1,0,0,0,0,0,1,0,0,1,0,0,0,1,1,0
41630727,1256.5223711085262,1690,렉스턴,렉스턴 스포츠 칸,35,139243,2157,5,5,1,0,1,1,1,0,1,1,1,1,1,0,0,0,1,0,0,0,0,0,1,0,0,0,1,0,0,1,1,0
41458009,770.6286338740257,379,카렌스,뉴카렌스,86,48457,1998,7,17,2,0,0,0,0,0,0,1,1,0,1,0,1,0,0,0,0,1,0,0,0,0,0,0,0,1,0,1,1,0
41628860,905.6914320771383,1620,그랜저,그랜저 IG,27,105561,2359,5,7,5,1,0,1,1,1,1,1,1,1,1,1,0,0,0,0,0,0,1,0,0,0,0,0,1,0,0,1,0,1
41462168,1247.4949211722349,1580,렉스턴,G4 렉스턴,35,149843,2157,5,8,0,0,1,1,1,1,1,1,1,1,1,0,0,0,1,0,0,0,0,0,1,0,0,0,1,0,0,1,1,0
41663342,699.989762412874,369,모닝,더 뉴 모닝,42,123587,998,2,10,0,0,0,0,0,0,0,0,0,0,0,0,1,0,0,0,0,0,1,0,0,0,0,1,0,0,0,1,0,1
41225462,947.3443649473054,1550,아반떼,아반떼 (CN7),62,60675,1598,5,6,2,0,0,1,1,1,1,1,1,1,1,1,0,0,0,0,0,0,1,0,0,0,0,0,0,1,0,1,0,1
41604541,886.0914963836809,1180,제네시스,제네시스 DH,81,89747,3342,5,10,10,0,1,1,1,1,1,1,1,1,1,1,0,0,0,0,0,0,1,0,0,0,0,0,1,0,0,1,0,1
41201952,947.3443649473054,1170,아반떼,아반떼 AD,62,80936,1591,5,8,1,0,0,1,1,0,1,1,1,0,1,1,0,0,0,0,0,0,1,0,0,0,0,0,0,1,0,1,0,1
41606682,1026.1187870977335,750,스포티지,더 뉴 스포티지 R,55,104950,1995,5,12,6,0,0,1,1,0,1,1,1,0,1,0,1,0,0,0,0,0,0,0,1,0,0,1,0,0,0,1,1,0
41379365,526.5779521455554,450,스파크,더 넥스트 스파크,54,111329,999,5,9,4,0,0,1,1,0,1,1,1,0,1,0,0,0,0,1,0,0,1,0,0,0,0,1,0,0,0,1,0,1
41361166,886.0914963836809,999,제네시스,제네시스 DH,81,164629,3342,5,10,3,0,1,1,1,1,1,1,1,1,1,1,0,0,0,0,0,0,1,0,0,0,0,0,1,0,0,1,0,1
41466978,1014.8324651358752,1030,투싼,올 뉴 투싼,101,85142,1995,5,10,0,0,0,1,0,0,0,0,0,0,1,1,0,0,0,0,0,0,0,0,1,0,0,0,0,1,0,0,1,0
41412431,936.9062313760018,1550,아반떼,아반떼 (CN7),62,111106,1598,5,6,0,0,0,1,1,1,1,1,1,1,1,1,0,0,0,0,0,0,1,0,0,0,0,0,0,1,0,1,0,1
41656763,1063.6126404216627,1190,싼타페,싼타페 더 프라임,56,189638,1995,5,10,2,0,1,1,1,1,1,1,1,1,1,1,0,0,0,0,0,0,0,0,1,0,0,0,0,1,0,1,1,0
41589499,802.5490122794023,280,트랙스,트랙스,103,214465,1598,5,11,1,0,0,1,1,0,0,1,1,0,1,0,0,0,0,1,0,0,0,0,1,0,0,1,0,0,0,1,1,0
41570878,813.56774530367,960,임팔라,임팔라,80,152505,3564,5,10,1,0,1,1,1,1,1,0,1,1,1,0,0,0,0,1,0,0,1,0,0,0,0,0,0,1,0,1,0,1
41487726,521.1936913921791,499,스파크,더 넥스트 스파크,54,61952,999,5,10,3,0,0,1,1,0,0,1,1,0,1,0,0,0,0,1,0,0,1,0,0,0,0,1,0,0,0,1,0,1
40124597,1031.8286148688874,1400,아이오닉,아이오닉 일렉트릭,65,126250,78,5,8,4,0,1,1,1,1,1,1,1,1,1,1,0,0,0,0,0,0,0,0,0,1,0,1,0,0,0,1,0,1
40726314,817.7357216322383,770,말리부,더 뉴 말리부,40,65176,1341,5,7,18,0,0,1,1,1,1,0,1,0,1,0,0,0,0,1,0,0,1,0,0,0,0,0,0,1,0,1,0,1
41448603,935.928526081858,260,그랜저,그랜저 뉴 럭셔리,27,196815,2656,5,17,2,0,0,1,1,1,0,1,1,0,1,1,0,0,0,0,0,1,0,0,0,0,0,0,1,0,0,1,0,1
40391671,833.2990788440546,1080,코란도,더 뉴 코란도 스포츠,92,84733,2157,5,9,0,0,0,1,1,1,0,0,1,0,1,0,0,0,1,0,0,0,0,0,1,0,0,0,0,0,1,0,1,0
41641000,987.5738331607303,1080,스타렉스,그랜드 스타렉스,50,185917,2497,12,11,0,0,0,1,1,0,0,1,1,1,1,1,0,0,0,0,0,0,0,0,1,0,0,0,0,1,0,1,1,0
41208915,935.928526081858,830,그랜저,그랜저 HG,27,99738,2359,5,13,3,1,1,1,1,1,1,1,1,1,1,1,0,0,0,0,0,0,1,0,0,0,0,1,0,0,0,1,0,1
40601486,1023.2941085597921,390,K7,더 프레스티지 K7,12,186997,2359,5,14,11,0,0,1,1,1,1,1,1,0,1,0,1,0,0,0,0,0,1,0,0,0,0,1,0,0,0,1,0,1
41563398,813.3482474056841,350,말리부,올 뉴 말리부,40,205727,1490,5,9,2,0,0,1,0,0,1,0,1,0,1,0,0,0,0,1,0,0,1,0,0,0,0,0,0,1,0,1,0,1
41249246,1136.8451653676004,1500,셀토스,셀토스,49,49754,1591,5,6,2,1,1,1,1,1,1,1,1,1,1,0,1,0,0,0,0,0,1,0,0,0,0,0,1,0,0,1,1,0
41651676,967.6269960460112,550,티볼리,티볼리 아머,105,153411,1597,5,7,2,0,1,1,1,0,1,1,1,1,1,0,0,0,1,0,0,0,0,0,1,0,0,1,0,0,0,1,1,0
41552721,390.5605814198441,200,SM5,SM5 뉴 임프레션,19,145698,1998,5,17,1,0,1,1,1,1,0,0,1,0,1,0,0,0,0,0,1,0,1,0,0,0,0,0,1,0,0,1,0,1
40872431,535.0819292958388,299,스파크,스파크,54,174400,995,5,14,7,0,0,1,0,0,0,0,1,0,1,0,0,0,0,1,0,0,1,0,0,0,0,0,0,1,0,1,0,1
41642641,870.010476653311,585,제네시스,제네시스,81,147611,3342,5,14,9,1,1,1,1,1,1,1,1,1,1,1,0,0,0,0,0,0,1,0,0,0,0,0,0,1,0,1,0,1
40113849,389.9312687325189,170,SM5,뉴SM5(신형),19,201730,1998,5,16,8,0,0,1,1,1,1,1,1,0,1,0,0,0,0,0,1,0,1,0,0,0,0,0,0,1,0,1,0,1
40059215,807.4456798684994,730,SM6,SM6,20,78390,1997,5,10,0,1,0,1,1,1,1,1,1,0,1,0,0,0,0,0,1,0,1,0,0,0,0,0,1,0,0,1,0,1
39754399,768.0397857057295,850,트랙스,더 뉴 트랙스,103,56798,1598,5,8,19,0,0,1,1,0,1,0,1,0,1,0,0,0,0,1,0,0,0,0,1,0,0,0,0,1,0,1,1,0
41650898,1057.082523447645,1060,싼타페,싼타페 더 프라임,56,173748,1995,5,10,2,0,0,1,1,1,1,1,1,1,1,1,0,0,0,0,0,0,0,0,1,0,0,0,0,1,0,1,1,0
41519550,923.0393528184499,1250,그랜저,그랜저 IG,27,166609,2999,5,9,0,0,1,1,1,1,1,1,1,1,1,1,0,0,0,0,0,0,1,0,0,0,0,0,0,0,1,1,0,1
41655604,923.0393528184499,730,그랜저,그랜저 HG,27,101682,2359,5,11,9,0,0,1,1,1,1,1,1,0,1,1,0,0,0,0,0,0,1,0,0,0,0,0,1,0,0,1,0,1
41323395,941.3889022900747,498,쏘나타,YF 쏘나타,57,103200,1998,5,15,3,0,0,1,1,1,1,1,1,0,1,1,0,0,0,0,0,0,1,0,0,0,0,0,0,1,0,1,0,1
41455447,467.5515672751364,350,크루즈,어메이징 뉴 크루즈,95,131649,1796,5,10,7,0,0,0,1,0,0,0,0,0,1,0,0,0,0,1,0,0,1,0,0,0,0,0,0,1,0,1,0,1
41586217,865.3714811570742,749,아슬란,아슬란,64,172887,2999,5,11,2,1,1,1,1,1,1,1,1,1,1,1,0,0,0,0,0,0,1,0,0,0,0,1,0,0,0,1,0,1
41647084,1063.6126404216627,1030,싼타페,싼타페 DM,56,98789,1995,5,13,4,0,1,1,1,1,1,1,1,1,1,1,0,0,0,0,0,0,0,0,1,0,0,0,0,1,0,1,1,0
41626256,977.230670900442,1590,쏘나타,쏘나타 (DN8),57,55646,1999,5,7,7,0,1,1,1,1,1,1,1,0,1,1,0,0,0,0,0,0,1,0,0,0,0,0,1,0,0,1,0,1
41537090,526.5779521455554,930,스파크,더 뉴 스파크,54,44660,999,5,7,2,0,0,1,1,0,1,1,1,0,1,0,0,0,0,1,0,0,1,0,0,0,0,1,0,0,0,1,0,1
41261342,469.43562524615083,299,크루즈,크루즈,95,134962,1796,5,13,0,1,0,1,1,1,1,1,1,0,1,0,0,0,0,1,0,0,1,0,0,0,0,0,1,0,0,1,0,1
41494836,936.2255262529029,549,아반떼,더 뉴 아반떼,62,87611,1591,5,12,17,0,0,1,1,1,0,1,1,0,1,1,0,0,0,0,0,0,1,0,0,0,0,1,0,0,0,1,0,1
41292706,907.2378156501135,985,그랜저,그랜저 IG,27,197221,2199,5,9,5,1,0,1,1,1,1,1,1,1,1,1,0,0,0,0,0,0,0,0,1,0,0,0,1,0,0,1,0,1
40796520,521.1936913921791,740,스파크,더 뉴 스파크,54,71590,999,5,8,0,0,0,1,1,0,1,0,1,0,1,0,0,0,0,1,0,0,1,0,0,0,0,1,0,0,0,1,0,1
41563207,1152.7810078880227,1290,셀토스,셀토스,49,120503,1598,5,6,2,0,0,1,1,0,1,0,1,0,1,0,1,0,0,0,0,0,0,0,1,0,0,1,0,0,0,1,1,0
41453389,905.6914320771383,580,그랜저,그랜저 HG,27,208208,2359,5,11,2,0,0,1,1,1,1,0,1,0,1,1,0,0,0,0,0,0,1,0,0,0,0,0,1,0,0,1,0,1
41569721,880.2213244404137,1450,레이,더 뉴 기아 레이,34,26321,998,5,3,10,0,0,1,1,0,1,1,1,1,1,0,1,0,0,0,0,0,1,0,0,0,0,1,0,0,0,1,0,1
41395428,884.6571584685064,799,레이,더 뉴 레이,34,66905,998,2,5,2,0,0,1,1,0,0,0,0,0,1,0,1,0,0,0,0,0,1,0,0,0,0,1,0,0,0,1,0,1
41577058,822.9294020283487,250,K5,K5,11,236087,1998,5,15,13,1,0,0,1,1,0,0,1,0,1,0,1,0,0,0,0,1,0,0,0,0,0,1,0,0,0,1,0,1
41049032,635.3109081424859,320,SM7,All New SM7,21,186584,2495,5,12,5,1,0,1,1,1,1,1,1,0,1,0,0,0,0,0,1,0,1,0,0,0,0,0,1,0,0,1,0,1
40951481,626.3422304996457,350,SM7,All New SM7,21,165757,2495,5,15,7,0,1,1,1,1,1,1,1,0,1,0,0,0,0,0,1,0,1,0,0,0,0,1,0,0,0,1,0,1
41010239,928.4206454774875,1190,아반떼,더 뉴 아반떼 AD,62,88148,1598,5,7,2,0,0,1,1,1,1,1,1,0,1,1,0,0,0,0,0,0,1,0,0,0,0,0,0,1,0,1,0,1
41615298,672.6380015602682,600,모닝,올 뉴 모닝,42,33763,998,5,13,1,1,0,1,0,0,1,0,1,0,1,0,1,0,0,0,0,0,1,0,0,0,0,1,0,0,0,1,0,1
41292869,943.9179347406766,1590,아반떼,아반떼 (CN7),62,73862,1598,5,5,8,0,0,1,1,1,1,1,1,1,1,1,0,0,0,0,0,0,1,0,0,0,0,0,0,1,0,1,0,1
40151235,793.5123984456893,330,코란도,코란도 C,92,171004,1998,5,14,11,0,0,1,1,1,1,1,1,0,1,0,0,0,1,0,0,0,0,0,1,0,0,0,0,1,0,1,1,0
41561774,941.3889022900747,710,쏘나타,LF 쏘나타,57,140609,1685,5,10,8,0,0,1,1,1,1,1,1,0,1,1,0,0,0,0,0,0,0,0,1,0,0,1,0,0,0,1,0,1
41638943,390.557300432829,320,SM5,뉴SM5 플래티넘,19,140273,1998,5,13,2,0,0,1,0,1,1,0,1,0,1,0,0,0,0,0,1,1,0,0,0,0,0,1,0,0,0,1,0,1
41418243,833.2990788440546,699,코란도,더 뉴 코란도 스포츠,92,177917,2157,5,9,9,0,0,1,1,0,1,1,1,0,1,0,0,0,1,0,0,0,0,0,1,0,0,0,0,1,0,1,1,0
41608168,511.37274562236945,333,스파크,스파크,54,115885,995,5,11,2,0,0,0,0,0,0,0,0,0,0,0,0,0,0,1,0,0,1,0,0,0,0,0,1,0,0,1,0,1
41648584,1319.6151889790042,980,QM6,QM6,17,165481,1995,5,9,1,1,1,1,1,1,1,1,1,1,1,0,0,0,0,0,1,0,0,0,1,0,0,1,0,0,0,1,1,0
41332207,487.46355435797625,399,크루즈,크루즈,95,52932,1796,5,12,16,0,0,1,1,0,0,1,1,0,0,0,0,0,0,1,0,0,1,0,0,0,0,0,0,0,1,1,0,1
39848059,892.2058141984411,389,엑셀,엑셀,75,170822,1468,5,32,2,0,0,0,1,0,0,1,0,0,0,1,0,0,0,0,0,0,1,0,0,0,0,0,0,1,0,1,0,1
41556316,820.6996852780783,609,SM6,SM6,20,114894,1997,5,10,6,0,0,1,1,1,1,0,1,0,1,0,0,0,0,0,1,0,1,0,0,0,0,1,0,0,0,1,0,1
41279197,870.010476653311,760,제네시스,제네시스 DH,81,260099,3778,5,11,4,1,1,1,1,1,1,1,1,1,1,1,0,0,0,0,0,0,1,0,0,0,0,0,0,1,0,1,0,1
41534003,968.6868564277833,1290,쏘나타,쏘나타 (DN8),57,124343,1999,5,7,20,0,1,1,1,1,1,1,1,0,1,1,0,0,0,0,0,0,1,0,0,0,0,1,0,0,0,1,0,1
39878467,941.3889022900747,1350,쏘나타,LF 쏘나타,57,45387,1999,5,11,5,0,0,1,1,1,1,1,1,1,1,1,0,0,0,0,0,1,0,0,0,0,0,1,0,0,0,1,0,1
41530875,814.5976259860029,1200,말리부,더 뉴 말리부,40,69104,1341,5,7,1,0,0,1,1,1,1,0,0,0,1,0,0,0,0,1,0,0,1,0,0,0,0,0,0,1,0,1,0,1
41133642,1244.946731648438,1550,G80,G80,5,114844,3342,5,8,10,1,1,1,1,1,1,1,1,1,1,0,0,1,0,0,0,0,1,0,0,0,0,0,1,0,0,1,0,1
41487532,914.7325583622192,970,스토닉,스토닉,52,134069,1368,5,8,2,1,0,1,1,1,1,1,1,0,1,0,1,0,0,0,0,0,1,0,0,0,0,0,0,0,1,1,1,0
41351654,928.4206454774875,650,아반떼,아반떼 AD,62,156492,1591,5,10,2,0,0,0,0,0,0,0,0,0,0,1,0,0,0,0,0,1,0,0,0,0,0,1,0,0,0,1,0,1
41263352,967.6269960460112,1520,티볼리,베리 뉴 티볼리,105,51753,1497,5,4,2,0,1,1,1,0,1,1,1,1,1,0,0,0,1,0,0,0,1,0,0,0,0,1,0,0,0,1,1,0
40961654,1266.4080669370128,1650,EQ900,EQ900,0,157451,3342,5,10,1,0,1,1,1,1,1,1,1,1,1,0,0,1,0,0,0,0,1,0,0,0,0,0,1,0,0,1,0,1
41493696,809.9140873524058,890,SM6,SM6,20,71507,1998,5,10,2,0,0,1,1,1,1,1,1,0,1,0,0,0,0,0,1,1,0,0,0,0,0,1,0,0,0,1,0,1
40991695,800.0418365153032,670,트랙스,더 뉴 트랙스,103,101795,1362,5,8,2,0,0,1,1,0,1,0,1,0,1,0,0,0,0,1,0,0,1,0,0,0,0,0,0,1,0,1,1,0
40879140,535.0819292958388,200,스파크,스파크,54,107158,995,5,12,2,0,0,1,0,0,0,0,1,0,1,0,0,0,0,1,0,0,1,0,0,0,0,1,0,0,0,1,0,1
41247379,992.8099193332274,1695,스타렉스,더 뉴 그랜드 스타렉스,50,88298,2497,5,6,3,0,0,1,1,0,0,0,1,1,1,1,0,0,0,0,0,0,0,0,1,0,0,0,0,1,0,1,1,0
40329963,804.849667793527,650,SM6,SM6,20,137196,1998,5,10,2,0,0,1,1,1,1,1,1,0,1,0,0,0,0,0,1,1,0,0,0,0,0,0,0,1,0,1,0,1
41484452,935.928526081858,1670,그랜저,그랜저 IG 하이브리드,27,147255,2359,5,8,0,0,1,1,1,1,1,1,1,1,1,1,0,0,0,0,0,0,0,1,0,0,0,0,1,0,0,1,0,1
41601317,1026.1187870977335,1150,스포티지,스포티지 4세대,55,110135,1685,5,10,5,1,1,1,1,1,1,1,1,1,1,0,1,0,0,0,0,0,0,0,1,0,0,1,0,0,0,1,1,0
41299724,591.0966224282002,249,엑센트,엑센트(신형),74,181554,1582,5,14,8,0,0,1,0,0,0,0,0,0,1,1,0,0,0,0,0,0,0,0,1,0,0,1,0,0,0,1,0,1
41557331,539.6756970784525,670,스파크,더 넥스트 스파크,54,99885,999,5,8,1,0,0,1,0,0,1,0,1,0,1,0,0,0,0,1,0,0,1,0,0,0,0,0,0,1,0,1,0,1
40217953,1304.167236686122,1390,QM6,QM6,17,68591,1997,5,7,2,0,0,1,1,1,1,1,1,0,1,0,0,0,0,0,1,0,1,0,0,0,0,0,0,1,0,1,1,0
41144032,987.5738331607303,880,스타렉스,그랜드 스타렉스,50,122102,2497,3,10,2,0,0,1,1,0,0,1,1,0,1,1,0,0,0,0,0,0,0,0,1,0,0,0,0,1,0,0,1,0
41377623,854.7325583622192,470,오피러스,오피러스 프리미엄,76,58189,3342,5,16,0,0,1,1,1,1,1,1,1,0,1,0,1,0,0,0,0,0,1,0,0,0,0,0,0,1,0,1,0,1
41135874,511.37274562236945,750,스파크,더 뉴 스파크,54,64923,999,5,8,2,0,0,1,1,0,1,1,1,0,1,0,0,0,0,1,0,0,1,0,0,0,0,0,1,0,0,1,0,1
40425344,390.5605814198441,240,SM5,뉴SM5 플래티넘,19,158465,1998,5,13,14,0,0,1,0,1,1,0,1,0,1,0,0,0,0,0,1,0,1,0,0,0,0,0,1,0,0,1,0,1
41339752,1072.7523168570258,1690,싼타페,싼타페 TM,56,154813,1995,5,7,3,0,0,1,1,1,1,1,1,1,1,1,0,0,0,0,0,0,0,0,1,0,0,1,0,0,0,1,1,0
41458721,930.193512170366,1520,쏘나타,쏘나타 뉴 라이즈,57,42605,1999,5,7,0,1,0,1,1,0,1,1,1,0,1,1,0,0,0,0,0,0,1,0,0,0,0,0,0,1,0,1,0,1
39619964,988.0567474787636,880,스타렉스,그랜드 스타렉스,50,111284,2497,12,11,6,0,0,1,1,0,0,0,1,0,1,1,0,0,0,0,0,0,0,0,1,0,0,0,0,0,1,1,1,0
41287900,1307.3450904664935,1200,렉스턴,렉스턴 스포츠,35,172069,2157,5,8,5,0,0,1,1,0,1,0,1,0,1,0,0,0,1,0,0,0,0,0,1,0,0,0,0,1,0,1,1,0
41404416,535.2976053661823,690,올란도,올란도,77,119245,1998,7,9,15,0,0,1,1,0,0,1,1,0,1,0,0,0,0,1,0,1,0,0,0,0,0,1,0,0,0,1,1,0
41409731,987.5738331607303,1670,스타렉스,더 뉴 그랜드 스타렉스,50,108599,2497,12,8,5,0,0,1,1,0,0,1,1,1,1,1,0,0,0,0,0,0,0,0,1,0,0,0,0,1,0,1,1,0
41166368,635.3109081424859,290,SM7,SM7 New Art,21,101769,2349,5,17,20,0,1,1,1,1,0,1,1,0,1,0,0,0,0,0,1,0,1,0,0,0,0,1,0,0,0,1,0,1
41546538,672.6380015602682,279,모닝,올 뉴 모닝,42,149373,998,5,14,10,0,0,1,0,0,0,0,1,0,1,0,1,0,0,0,0,0,0,1,0,0,0,0,0,1,0,1,0,1
41005622,389.9312687325189,180,SM5,뉴SM5(신형),19,162732,1998,5,16,17,0,0,1,1,1,1,0,1,0,1,0,0,0,0,0,1,0,1,0,0,0,0,1,0,0,0,1,0,1
39973500,1153.1834208815528,1120,카니발,더 뉴 카니발,85,160559,2199,9,8,3,0,0,1,1,1,1,1,1,1,1,0,1,0,0,0,0,0,0,0,1,0,0,0,1,0,0,1,1,0
41445882,963.6518467963097,599,티볼리,티볼리,105,171816,1597,5,11,0,0,1,1,1,1,1,1,1,1,1,0,0,0,1,0,0,0,0,0,1,0,0,1,0,0,0,1,1,0
40903328,793.5123984456893,1550,코란도,뷰티풀 코란도,92,35323,1497,5,6,2,0,0,1,1,1,1,1,1,1,1,0,0,0,1,0,0,0,1,0,0,0,0,1,0,0,0,1,1,0
39996453,1035.3350952116489,1430,쏘렌토,더 뉴 쏘렌토,58,128084,1995,7,9,9,0,0,1,1,1,1,1,1,1,1,0,1,0,0,0,0,0,0,0,1,0,0,0,1,0,0,1,1,0
41227450,764.3921189991339,579,체어맨,뉴체어맨 W,84,109005,3199,5,13,8,0,0,1,1,1,1,1,1,0,1,0,0,0,1,0,0,0,1,0,0,0,0,0,1,0,0,1,0,1
41612998,968.6868564277833,1129,쏘나타,쏘나타 뉴 라이즈 하이브리드,57,164483,1999,5,8,6,0,1,1,1,1,1,1,1,0,1,1,0,0,0,0,0,0,0,1,0,0,0,0,0,1,0,1,0,1
40397674,833.2990788440546,799,코란도,코란도 스포츠,92,120591,1998,5,11,0,0,0,1,1,1,1,1,1,0,1,0,0,0,1,0,0,0,0,0,1,0,0,0,0,1,0,1,1,0
41650535,970.8411733726565,1280,티볼리,베리 뉴 티볼리,105,76004,1597,5,6,3,0,0,1,1,0,1,0,1,0,1,0,0,0,1,0,0,0,0,0,1,0,0,1,0,0,0,1,1,0
41583286,928.4206454774875,1350,아반떼,더 뉴 아반떼 AD,62,76890,1598,5,7,7,1,1,1,1,1,1,1,1,1,1,1,0,0,0,0,0,0,1,0,0,0,0,0,1,0,0,1,0,1
41174192,675.9280793327559,790,캡티바,캡티바,90,98568,1956,5,10,0,1,0,1,1,1,1,1,1,0,1,0,0,0,0,1,0,0,0,0,1,0,0,0,0,1,0,1,1,0
40015759,817.29454516165,310,말리부,말리부,40,150022,1998,5,14,2,0,0,1,1,1,1,1,1,0,1,0,0,0,0,1,0,0,1,0,0,0,0,0,1,0,0,1,0,1
41634760,1027.800505582473,1429,투싼,올 뉴 투싼,101,174969,1591,5,8,7,0,1,1,1,1,1,1,1,1,1,1,0,0,0,0,0,0,1,0,0,0,0,1,0,0,0,1,1,0
41537042,526.5779521455554,220,스파크,스파크,54,141895,995,5,13,15,0,0,1,0,0,0,0,1,0,0,0,0,0,0,1,0,0,1,0,0,0,0,0,0,0,1,1,0,1
41638354,760.3828753088075,595,에쿠스,에쿠스(신형),73,191999,5038,4,15,2,0,1,1,1,1,1,1,1,1,1,1,0,0,0,0,0,0,1,0,0,0,0,0,1,0,0,1,0,1
41619123,1072.7523168570258,1299,싼타페,싼타페 더 프라임,56,150000,1995,5,9,0,1,1,1,1,1,1,1,1,1,1,1,0,0,0,0,0,0,0,0,1,0,0,1,0,0,0,1,1,0
41550313,1262.8915334685064,1350,코나,코나,91,26629,1591,5,7,4,0,0,1,1,0,1,1,0,0,0,1,0,0,0,0,0,0,1,0,0,0,0,0,0,1,0,1,1,0
40952928,526.5779521455554,295,스파크,스파크,54,113498,995,5,14,8,0,0,1,0,1,0,0,1,0,1,0,0,0,0,1,0,0,1,0,0,0,0,0,1,0,0,1,0,1
41334333,970.8411733726565,890,티볼리,티볼리 아머,105,105526,1597,5,8,1,1,0,1,1,0,1,1,1,0,1,0,0,0,1,0,0,0,1,0,0,0,0,0,0,0,1,1,1,0
39625775,1268.500618531749,1640,렉스턴,렉스턴 스포츠,35,75439,2157,5,5,5,0,0,1,1,0,1,1,1,0,1,0,0,0,1,0,0,0,0,0,1,0,0,0,0,1,0,1,1,0
41106418,1172.8618172554513,1080,쏘렌토,올 뉴 쏘렌토,58,180560,1995,5,10,23,0,1,1,1,1,1,1,1,1,1,0,1,0,0,0,0,0,0,0,1,0,0,1,0,0,0,1,1,0
41589275,1012.2538228903043,630,스타렉스,그랜드 스타렉스,50,202807,2497,5,13,16,0,0,1,1,0,0,1,1,0,1,1,0,0,0,0,0,0,0,0,1,0,0,0,0,1,0,1,1,0
40769328,1013.7211628396882,1480,스포티지,스포티지 4세대,55,91656,1995,5,10,2,0,0,1,1,1,1,1,1,1,1,0,1,0,0,0,0,0,0,0,1,0,0,0,0,1,0,1,1,0
39525092,817.7357216322383,439,말리부,말리부,40,132019,1998,5,11,12,0,0,1,1,1,1,1,1,0,1,0,0,0,0,1,0,0,1,0,0,0,0,1,0,0,0,1,0,1
40646861,814.5976259860029,1220,말리부,더 뉴 말리부,40,124560,1998,5,7,2,0,1,1,1,1,1,1,1,1,1,0,0,0,0,1,0,0,1,0,0,0,0,0,1,0,0,1,0,1
40888463,977.230670900442,1670,쏘나타,쏘나타 (DN8),57,34823,1598,5,5,11,0,1,1,1,1,1,1,1,1,1,1,0,0,0,0,0,0,1,0,0,0,0,0,1,0,0,1,0,1
41537134,868.079571411459,680,K3,K3,10,111292,1591,5,12,7,0,0,1,1,1,1,1,1,0,1,0,1,0,0,0,0,0,1,0,0,0,0,1,0,0,0,1,0,1
38735686,814.4268981028265,520,말리부,말리부,40,106364,1956,5,11,17,1,0,1,1,1,1,1,1,0,1,0,0,0,0,1,0,0,0,0,1,0,0,0,0,1,0,1,0,1
41467989,977.230670900442,390,쏘나타,YF 쏘나타,57,88234,1998,5,16,2,0,0,1,1,0,0,0,1,0,1,1,0,0,0,0,0,0,1,0,0,0,0,1,0,0,0,1,0,1
40272700,718.6029070992206,999,체어맨,뉴체어맨 W,84,99908,4966,5,12,12,0,1,1,1,1,1,1,1,1,1,0,0,0,1,0,0,0,1,0,0,0,0,0,1,0,0,1,0,1
41167006,955.8451653676005,1190,이쿼녹스,이쿼녹스,79,92084,1598,5,8,5,0,1,1,1,1,1,1,1,1,1,0,0,0,0,1,0,0,0,0,1,0,0,1,0,0,0,1,1,0
41323712,916.1401938066147,480,그랜저,그랜저 뉴 럭셔리,27,55053,2656,5,17,12,0,0,1,1,1,0,1,1,0,1,1,0,0,0,0,0,0,1,0,0,0,0,0,1,0,0,1,0,1
41644755,521.1936913921791,420,스파크,스파크,54,41310,995,5,12,3,0,0,1,1,0,0,0,1,0,1,0,0,0,0,1,0,0,1,0,0,0,0,0,0,0,1,1,0,1
41355538,609.8286148688875,250,알페온,알페온,70,142676,2997,5,16,8,1,1,1,1,1,1,1,1,1,1,0,0,0,0,1,0,0,1,0,0,0,0,0,1,0,0,1,0,1
41639276,955.8451653676005,1050,이쿼녹스,이쿼녹스,79,125373,1598,5,8,1,0,1,1,1,1,1,0,1,0,1,0,0,0,0,1,0,0,0,0,1,0,0,0,1,0,0,1,1,0
41206360,963.6518467963097,799,티볼리,티볼리,105,53541,1597,5,10,6,0,0,1,1,0,1,1,1,0,1,0,0,0,1,0,0,0,1,0,0,0,0,0,0,0,1,1,1,0
41585901,1379.3008305997773,1590,캐스퍼,캐스퍼,88,30957,998,4,5,2,0,0,1,1,1,1,1,1,1,1,1,0,0,0,0,0,0,1,0,0,0,0,0,0,0,1,1,0,1
39377852,1247.4949211722349,899,렉스턴,렉스턴 W,35,35819,1998,7,12,18,0,0,1,1,1,1,1,1,0,1,0,0,0,1,0,0,0,0,0,1,0,0,0,0,1,0,1,1,0
41624380,833.2990788440546,1490,코란도,뷰티풀 코란도,92,56721,1597,5,7,3,0,1,1,1,0,1,1,1,1,1,0,0,0,1,0,0,0,0,0,1,0,0,0,0,1,0,1,1,0
41375552,793.2511181150848,650,K3,더 뉴 K3,10,187557,1591,5,10,2,0,1,1,1,1,1,1,1,0,1,0,1,0,0,0,0,0,1,0,0,0,0,1,0,0,0,1,0,1
41597359,521.1936913921791,390,스파크,스파크,54,13084,995,5,14,0,0,0,1,1,0,0,1,1,0,1,0,0,0,0,1,0,0,1,0,0,0,0,0,0,0,1,1,0,1
40966342,817.7357216322383,890,말리부,올 뉴 말리부,40,87379,1490,5,9,2,1,1,1,1,1,1,1,1,1,1,0,0,0,0,1,0,0,1,0,0,0,0,0,0,0,1,1,0,1
41210204,1309.1947392425673,940,QM6,QM6,17,163662,1995,5,9,1,0,1,1,1,1,1,0,1,1,1,0,0,0,0,0,1,0,0,0,1,0,0,0,0,1,0,1,1,0
40501551,535.0819292958388,690,스파크,더 뉴 스파크,54,31516,999,2,6,1,0,0,1,1,0,0,1,0,0,0,0,0,0,0,1,0,0,1,0,0,0,0,1,0,0,0,1,0,1
41614862,1017.5881784987009,1570,스팅어,스팅어,53,138712,3342,5,8,18,1,1,1,1,1,1,1,1,1,1,0,1,0,0,0,0,0,1,0,0,0,0,0,0,0,1,1,0,1
41194788,675.9280793327559,660,캡티바,캡티바,90,143179,1956,5,9,1,0,0,1,1,1,1,0,1,0,1,0,0,0,0,1,0,0,0,0,1,0,0,0,1,0,0,1,1,0
37593360,529.273314565499,359,올란도,올란도,77,150068,1998,7,12,6,0,0,0,1,0,0,1,0,0,0,0,0,0,0,1,0,0,0,0,1,0,0,0,0,1,0,1,1,0
40860878,930.193512170366,335,쏘나타,쏘나타 하이브리드,57,195527,1999,5,14,2,1,1,1,1,1,1,1,1,1,1,1,0,0,0,0,0,0,0,1,0,0,0,0,0,1,0,1,0,1
41489309,653.1887112913419,350,SM7,All New SM7,21,128826,2495,5,12,4,0,0,1,1,1,1,1,1,0,1,0,0,0,0,0,1,0,1,0,0,0,0,0,0,1,0,1,0,1
41165220,1121.333920626105,1490,카니발,올 뉴 카니발,85,157051,2199,9,10,1,0,1,1,1,1,1,1,1,1,1,0,1,0,0,0,0,0,0,0,1,0,0,0,1,0,0,1,1,0
40824981,888.0529070992204,900,아슬란,아슬란,64,145777,3342,5,11,6,0,1,1,1,1,1,1,1,1,1,1,0,0,0,0,0,0,1,0,0,0,0,0,1,0,0,1,0,1
41316216,582.3662791811096,330,아베오,아베오 세단,63,87825,1362,5,10,5,0,0,1,1,0,0,1,1,0,1,0,0,0,0,1,0,0,1,0,0,0,0,0,0,1,0,1,0,1
40978106,868.079571411459,480,K3,K3,10,121844,1591,5,14,15,1,0,1,1,1,1,1,1,0,1,0,1,0,0,0,0,0,1,0,0,0,0,1,0,0,0,1,0,1
41211943,535.2976053661823,500,올란도,올란도,77,145888,1998,7,11,15,1,0,1,1,1,1,1,1,0,1,0,0,0,0,1,0,0,0,0,1,0,0,1,0,0,0,1,1,0
41353377,553.7149246371913,540,올란도,올란도,77,141679,1998,7,11,8,0,0,1,1,1,1,0,1,0,1,0,0,0,0,1,0,1,0,0,0,0,0,1,0,0,0,1,1,0
40227452,987.5738331607303,950,스타렉스,그랜드 스타렉스,50,54028,2497,5,10,2,0,0,1,1,0,0,1,1,0,1,1,0,0,0,0,0,0,0,0,1,0,0,0,0,1,0,0,1,0
41341800,526.5779521455554,530,스파크,더 넥스트 스파크,54,106417,999,5,10,4,0,0,1,0,0,0,0,1,0,1,0,0,0,0,1,0,0,1,0,0,0,0,1,0,0,0,1,0,1
41654781,1234.4350592827248,374,코나,코나 (SX2),91,7,1598,5,0,2,0,1,1,1,0,1,0,1,1,1,1,0,0,0,0,0,0,1,0,0,0,0,1,0,0,0,1,1,0
41623087,830.0406977686312,900,임팔라,임팔라,80,138373,2457,5,11,2,1,1,1,1,1,1,1,1,1,1,0,0,0,0,1,0,0,1,0,0,0,0,1,0,0,0,1,0,1
41296841,389.9312687325189,660,SM5,뉴SM5 플래티넘,19,44456,1998,5,13,10,0,0,1,1,0,0,1,1,0,1,0,0,0,0,0,1,1,0,0,0,0,0,1,0,0,0,1,0,1
41506634,804.849667793527,690,SM6,SM6,20,132904,1997,5,10,0,0,0,1,1,1,1,0,1,1,1,0,0,0,0,0,1,0,1,0,0,0,0,0,0,1,0,1,0,1
41232934,807.4456798684994,949,SM6,SM6,20,79535,1998,5,8,2,1,1,1,1,1,1,0,1,1,1,0,0,0,0,0,1,1,0,0,0,0,0,0,0,0,1,1,0,1
41636599,1210.4595446246751,1299,XM3,XM3,23,97914,1332,5,6,5,0,1,1,1,1,1,1,1,0,1,0,0,0,0,0,1,0,1,0,0,0,0,0,0,1,0,1,1,0
41347129,731.2047804071187,490,에쿠스,에쿠스(신형),73,283386,3778,5,12,17,0,1,1,1,1,1,1,1,1,1,1,0,0,0,0,0,0,1,0,0,0,0,0,1,0,0,1,0,1
41659902,833.2990788440546,470,코란도,코란도 스포츠,92,207035,1998,5,11,15,0,0,1,1,0,0,1,1,0,1,0,0,0,1,0,0,0,0,0,1,0,0,1,0,0,0,1,1,0
41206838,1268.500618531749,1330,렉스턴,G4 렉스턴,35,142772,2157,7,8,12,0,1,1,1,1,1,1,1,1,1,0,0,0,1,0,0,0,0,0,1,0,0,1,0,0,0,1,1,0
41599750,1124.9346253774313,1350,쏘렌토,올 뉴 쏘렌토,58,137754,1995,5,10,14,1,1,1,1,1,1,1,1,1,1,0,1,0,0,0,0,0,0,0,1,0,0,1,0,0,0,1,1,0
41624826,1044.7093024696712,1490,니로,니로 플러스,29,174748,180,5,3,5,0,1,1,1,1,1,1,1,1,1,0,1,0,0,0,0,0,0,0,0,1,0,0,0,1,0,1,1,0
40921655,537.623042265147,399,올란도,올란도,77,105880,1998,7,15,4,1,0,1,1,1,1,1,1,0,1,0,0,0,0,1,0,0,0,0,1,0,0,0,0,1,0,1,1,0
41203495,526.5779521455554,350,스파크,더 넥스트 스파크,54,115730,999,5,11,2,0,0,1,0,0,1,0,1,0,1,0,0,0,0,1,0,0,1,0,0,0,0,0,0,0,1,1,0,1
41042291,815.5577089623855,1150,i30,i30 (PD),24,61183,1353,5,9,1,0,0,1,1,0,1,1,1,1,1,1,0,0,0,0,0,0,1,0,0,0,0,0,0,0,1,1,0,1
40845930,884.6571584685064,420,레이,레이,34,100993,998,2,9,2,0,0,0,1,0,0,0,0,0,1,0,1,0,0,0,0,0,1,0,0,0,0,1,0,0,0,1,0,1
41588163,905.6914320771383,750,그랜저,그랜저 HG,27,65782,2359,5,14,3,0,0,1,0,1,1,0,1,0,1,1,0,0,0,0,0,0,1,0,0,0,0,0,1,0,0,1,0,1
41649969,1307.3450904664935,1079,렉스턴,렉스턴 스포츠,35,204158,2157,5,8,2,0,0,1,1,1,1,1,1,0,1,0,0,0,1,0,0,0,0,0,1,0,0,0,0,1,0,1,1,0
41161657,923.0393528184499,1650,그랜저,그랜저 하이브리드 (GN7),27,54178,1598,5,3,1,0,1,1,1,1,1,1,1,1,1,1,0,0,0,0,0,0,0,1,0,0,0,0,1,0,0,1,0,1
41604380,977.230670900442,1500,쏘나타,쏘나타 뉴 라이즈,57,151704,1999,5,8,2,0,0,1,1,1,1,1,1,1,1,1,0,0,0,0,0,1,0,0,0,0,0,0,0,1,0,1,0,1
41612034,930.193512170366,1600,쏘나타,쏘나타 (DN8),57,116745,1598,5,5,4,0,1,1,1,1,1,1,1,0,1,1,0,0,0,0,0,0,1,0,0,0,0,0,0,1,0,1,0,1
41435432,916.1401938066147,530,그랜저,그랜저 HG,27,128185,2359,5,14,8,0,0,1,1,1,1,1,1,0,1,1,0,0,0,0,0,0,1,0,0,0,0,1,0,0,0,1,0,1
41104580,817.29454516165,870,말리부,더 뉴 말리부,40,105808,1998,5,7,20,0,1,1,1,1,1,1,1,1,1,0,0,0,0,1,0,0,1,0,0,0,0,0,1,0,0,1,0,1
39195589,588.7951083442899,300,QM5,QM5,16,113323,2488,5,17,11,0,0,1,0,1,1,1,1,0,1,0,0,0,0,0,1,0,1,0,0,0,0,0,0,1,0,1,1,0
41453587,875.1505814198441,299,제네시스,제네시스,81,203795,3342,5,15,8,0,0,1,1,1,1,1,1,0,1,1,0,0,0,0,0,0,1,0,0,0,0,0,1,0,0,1,0,1
40368601,855.9619243526355,529,K3,K3 쿱,10,128098,1591,5,11,2,0,1,1,1,1,1,1,1,1,1,0,1,0,0,0,0,0,1,0,0,0,0,0,1,0,0,1,0,1
41553228,1012.2778089395711,1020,K7,올 뉴 K7,12,176617,3342,5,9,0,1,1,1,1,1,1,1,1,1,1,0,1,0,0,0,0,0,1,0,0,0,0,0,0,0,1,1,0,1
40367911,890.5529070992204,850,아슬란,아슬란,64,167228,2999,5,10,4,1,1,1,1,1,1,1,1,1,1,1,0,0,0,0,0,0,1,0,0,0,0,0,1,0,0,1,0,1
41583874,860.8083271607874,790,베라크루즈,베라크루즈,46,242098,2959,7,14,4,0,1,1,1,1,1,1,1,1,1,1,0,0,0,0,0,0,0,0,1,0,0,1,0,0,0,1,1,0
40544401,748.3294020283487,930,K5,더 뉴 K5,11,85773,1999,5,11,4,1,0,1,1,1,1,1,1,0,1,0,1,0,0,0,0,1,0,0,0,0,0,1,0,0,0,1,0,1
41085700,1084.4388555279147,1590,카니발,올 뉴 카니발,85,23456,2199,9,9,2,0,0,1,0,0,1,0,1,1,1,0,1,0,0,0,0,0,0,0,1,0,0,0,1,0,0,1,1,0
41357559,1012.2538228903043,1550,스타렉스,더 뉴 그랜드 스타렉스,50,90423,2497,5,7,5,0,0,1,1,0,0,1,1,1,1,1,0,0,0,0,0,0,0,0,1,0,0,0,1,0,0,1,1,0
39701055,390.557300432829,300,SM5,뉴SM5 플래티넘,19,105024,1461,5,12,6,0,0,1,1,1,1,1,1,0,1,0,0,0,0,0,1,0,0,0,1,0,0,0,0,1,0,1,0,1
40184984,809.9140873524058,890,SM6,SM6,20,67058,1997,5,10,8,0,0,1,1,1,1,1,1,1,1,0,0,0,0,0,1,0,1,0,0,0,0,0,1,0,0,1,0,1
41529340,817.29454516165,1290,말리부,더 뉴 말리부,40,56354,1341,5,7,0,0,0,1,1,1,1,0,1,0,1,0,0,0,0,1,0,0,1,0,0,0,0,0,0,0,1,1,0,1
41392722,592.4795248257481,430,엑센트,엑센트(신형),74,83193,1396,5,14,3,0,0,1,1,0,0,1,1,0,1,1,0,0,0,0,0,0,1,0,0,0,0,0,0,1,0,1,0,1
41536011,704.8228682442713,300,모닝,올 뉴 모닝,42,123677,998,5,15,8,0,0,1,0,0,0,0,1,0,1,0,1,0,0,0,0,0,0,1,0,0,0,0,0,0,1,1,0,1
41434519,928.4206454774875,1590,아반떼,아반떼 (CN7),62,34035,1598,5,5,5,0,0,1,1,1,1,1,1,1,1,1,0,0,0,0,0,0,1,0,0,0,0,0,0,0,1,1,0,1
41564437,521.1936913921791,630,스파크,더 넥스트 스파크,54,44742,999,5,11,0,0,0,1,1,0,0,1,1,0,1,0,0,0,0,1,0,0,1,0,0,0,0,1,0,0,0,1,0,1
41206923,977.230670900442,580,쏘나타,쏘나타 더 브릴리언트,57,174974,1999,5,13,7,1,0,1,1,0,1,1,1,0,1,1,0,0,0,0,0,1,0,0,0,0,0,1,0,0,0,1,0,1
41410107,1105.0460061732351,1390,베뉴,베뉴,45,37041,1598,5,5,15,0,1,1,1,1,1,1,1,1,1,1,0,0,0,0,0,0,1,0,0,0,0,1,0,0,0,1,1,0
41565313,768.0397857057295,880,트랙스,더 뉴 트랙스,103,91279,1362,5,9,1,0,0,1,1,0,1,0,1,0,1,0,0,0,0,1,0,0,1,0,0,0,0,0,0,1,0,1,1,0
41487349,1169.5159469138403,1449,맥스크루즈,더 뉴 맥스크루즈,41,126216,2199,7,9,2,0,1,1,1,1,1,1,1,1,1,1,0,0,0,0,0,0,0,0,1,0,0,0,0,1,0,1,1,0
41647124,967.6269960460112,1078,티볼리,티볼리 에어,105,65482,1597,5,7,2,0,0,1,1,0,1,1,1,0,1,0,0,0,1,0,0,0,0,0,1,0,0,1,0,0,0,1,1,0
41460175,977.230670900442,700,쏘나타,LF 쏘나타,57,121081,1685,5,10,7,1,0,1,1,1,1,1,1,0,1,1,0,0,0,0,0,0,0,0,1,0,0,0,1,0,0,1,0,1
41597087,814.4268981028265,359,말리부,올 뉴 말리부,40,189513,1490,5,9,19,0,0,1,1,0,1,0,1,0,1,0,0,0,0,1,0,0,1,0,0,0,0,0,0,1,0,1,0,1
40050851,947.3443649473054,450,아반떼,아반떼 HD,62,62131,1591,5,17,8,0,0,0,1,1,0,1,1,0,1,1,0,0,0,0,0,0,1,0,0,0,0,1,0,0,0,1,0,1
39478147,813.3482474056841,570,말리부,말리부,40,94389,1998,5,11,4,0,0,1,1,1,1,1,1,0,1,0,0,0,0,1,0,0,1,0,0,0,0,0,0,1,0,1,0,1
41521683,952.3521370538434,1150,K7,올 뉴 K7,12,149802,2999,5,8,6,0,1,1,1,1,1,1,1,1,1,0,1,0,0,0,0,0,1,0,0,0,0,0,0,1,0,1,0,1
41612572,1234.4350592827248,1690,코나,코나,91,62769,1591,5,7,3,0,1,1,1,1,1,1,1,1,1,1,0,0,0,0,0,0,1,0,0,0,0,0,0,1,0,1,1,0
41489164,936.2255262529029,360,아반떼,아반떼 MD,62,163238,1591,5,16,16,0,0,1,1,1,0,1,1,0,0,1,0,0,0,0,0,0,1,0,0,0,0,0,0,1,0,1,0,1
41508622,1037.3051417342533,1399,투싼,올 뉴 투싼,101,162000,1591,5,8,2,0,0,1,1,0,1,1,1,0,1,1,0,0,0,0,0,0,1,0,0,0,0,1,0,0,0,1,1,0
41050755,1122.21175713316,1320,카니발,올 뉴 카니발,85,67896,2199,11,11,1,1,0,1,1,1,1,1,1,1,1,0,1,0,0,0,0,0,0,0,1,0,0,0,1,0,0,1,1,0
41589418,943.9179347406766,379,아반떼,아반떼 MD,62,181305,1591,5,16,11,1,1,1,1,1,1,1,1,0,1,1,0,0,0,0,0,0,1,0,0,0,0,1,0,0,0,1,0,1
41539334,855.8451653676005,500,아슬란,아슬란,64,189287,3342,5,12,26,0,1,1,1,1,1,1,1,1,1,1,0,0,0,0,0,0,1,0,0,0,0,0,1,0,0,1,0,1
41500553,870.010476653311,1400,제네시스,제네시스 DH,81,119381,3342,5,10,2,1,1,1,1,1,1,1,1,1,1,1,0,0,0,0,0,0,1,0,0,0,0,0,0,1,0,1,0,1
41119280,930.193512170366,580,쏘나타,쏘나타 하이브리드,57,118390,1999,5,13,4,0,0,1,1,1,1,1,1,1,1,1,0,0,0,0,0,0,0,1,0,0,0,0,1,0,0,1,0,1
41487649,1254.859911523067,1390,G70,G70,4,171444,1998,5,9,6,0,1,1,1,1,1,1,1,1,1,0,0,1,0,0,0,0,1,0,0,0,0,0,0,1,0,1,0,1
40297659,800.0418365153032,615,트랙스,트랙스,103,92394,1362,5,11,11,1,0,1,1,0,0,0,1,0,1,0,0,0,0,1,0,0,1,0,0,0,0,1,0,0,0,1,1,0
40871647,968.6868564277833,1050,쏘나타,LF 쏘나타 하이브리드,57,71047,1999,5,10,18,0,1,1,1,1,1,1,1,1,1,1,0,0,0,0,0,0,0,1,0,0,0,0,0,1,0,1,0,1
41398647,1153.1834208815528,1050,카니발,올 뉴 카니발,85,119441,2199,9,10,7,0,0,1,1,1,1,1,1,1,1,0,1,0,0,0,0,0,0,0,1,0,0,0,1,0,0,1,1,0
41635302,1023.2941085597921,1290,K7,올 뉴 K7,12,88753,2359,5,10,6,1,1,1,1,1,1,1,1,1,1,0,1,0,0,0,0,0,1,0,0,0,0,1,0,0,0,1,0,1
40951526,389.9312687325189,579,SM5,SM5 노바,19,135482,1998,5,10,8,1,1,1,1,1,1,1,1,0,1,0,0,0,0,0,1,0,1,0,0,0,0,0,1,0,0,1,0,1
41126581,1121.333920626105,1020,카니발,더 뉴 카니발,85,188147,2199,9,8,2,0,0,1,1,1,1,1,1,1,1,0,1,0,0,0,0,0,0,0,1,0,0,0,1,0,0,1,1,0
40880262,970.8411733726565,600,티볼리,티볼리 에어,105,168421,1597,5,8,4,0,0,1,1,0,1,1,1,0,1,0,0,0,1,0,0,0,0,0,1,0,0,1,0,0,0,1,1,0
41551696,855.9619243526355,1150,K3,올 뉴 K3,10,60373,1598,5,8,4,0,0,1,1,0,1,1,1,1,1,0,1,0,0,0,0,0,1,0,0,0,0,0,0,0,1,1,0,1
41412588,870.010476653311,750,제네시스,제네시스 DH,81,214256,3342,5,10,3,0,1,1,1,1,1,1,1,1,1,1,0,0,0,0,0,0,1,0,0,0,0,0,1,0,0,1,0,1
40770203,748.3294020283487,1550,K5,K5 3세대,11,81220,1999,5,5,8,0,1,1,1,0,1,1,1,0,1,0,1,0,0,0,0,0,1,0,0,0,0,1,0,0,0,1,0,1
41131356,814.4268981028265,269,말리부,말리부,40,178297,1956,5,12,2,0,0,1,1,1,1,0,1,0,1,0,0,0,0,1,0,0,0,0,1,0,0,0,1,0,0,1,0,1
41515125,941.3889022900747,1534,쏘나타,쏘나타 (DN8),57,145698,1999,5,3,12,0,1,1,1,1,1,1,1,1,1,1,0,0,0,0,0,1,0,0,0,0,0,1,0,0,0,1,0,1
41628187,936.2255262529029,1640,아반떼,아반떼 (CN7),62,95000,1598,5,4,2,0,0,1,1,1,1,1,1,1,1,1,0,0,0,0,0,0,1,0,0,0,0,0,0,1,0,1,0,1
41536471,1105.0460061732351,1240,베뉴,베뉴,45,97973,1598,5,7,7,0,0,1,1,1,1,1,1,0,1,1,0,0,0,0,0,0,1,0,0,0,0,0,0,0,1,1,1,0
41575507,839.932724427458,620,라보,뉴 라보,32,23478,796,2,9,0,0,0,0,0,0,0,0,0,0,0,0,0,0,0,1,0,1,0,0,0,0,0,0,0,0,1,0,1,0
41407483,695.8857730579066,310,프라이드,올 뉴 프라이드,110,131467,1396,5,14,6,0,0,1,1,0,0,1,1,0,1,0,1,0,0,0,0,0,1,0,0,0,0,1,0,0,0,1,0,1
40865313,1037.3051417342533,1030,투싼,올 뉴 투싼,101,98204,1685,5,10,5,1,0,1,1,0,0,1,0,0,0,1,0,0,0,0,0,0,0,0,1,0,0,1,0,0,0,1,1,0
41129903,910.4589389790043,760,제네시스,제네시스 DH,81,199407,3342,5,11,1,0,1,1,1,1,1,1,1,1,1,1,0,0,0,0,0,0,1,0,0,0,0,0,0,1,0,1,0,1
41533598,977.230670900442,370,쏘나타,쏘나타 더 브릴리언트,57,127307,1999,5,12,20,0,0,1,1,1,0,1,1,0,0,1,0,0,0,0,0,0,1,0,0,0,0,0,1,0,0,1,0,1
41443784,874.0501334751542,8,레이,더 뉴 레이,34,35071,998,2,4,2,0,0,1,0,0,0,0,0,0,0,0,1,0,0,0,0,0,1,0,0,0,0,1,0,0,0,1,0,1
41609742,1301.1905814198442,1460,QM6,더 뉴 QM6,17,108781,1998,5,4,1,0,1,1,0,1,1,0,1,0,1,0,0,0,0,0,1,1,0,0,0,0,0,0,1,0,0,1,1,0
41065278,814.4268981028265,240,말리부,말리부,40,154887,1998,5,14,24,1,0,1,0,1,1,0,1,0,1,0,0,0,0,1,0,0,1,0,0,0,0,0,0,1,0,1,0,1
41168595,969.3889001833381,990,티볼리,티볼리,105,62349,1597,5,11,5,0,1,1,1,1,1,1,1,1,1,0,0,0,1,0,0,0,1,0,0,0,0,0,0,0,1,1,1,0
41189539,1084.4388555279147,1380,카니발,올 뉴 카니발,85,114997,2199,7,10,12,0,1,1,1,1,1,1,1,1,1,0,1,0,0,0,0,0,0,0,1,0,0,0,1,0,0,1,1,0
41430773,1153.1834208815528,850,카니발,올 뉴 카니발,85,311414,2199,9,11,12,0,1,1,1,1,1,1,1,1,1,0,1,0,0,0,0,0,0,0,1,0,0,0,1,0,0,1,1,0
41115530,1122.21175713316,1480,카니발,더 뉴 카니발,85,97988,2199,9,7,2,0,0,1,1,1,1,1,1,1,1,0,1,0,0,0,0,0,0,0,1,0,0,1,0,0,0,1,1,0
40789627,916.1401938066147,750,그랜저,그랜저 HG,27,127226,2999,5,12,7,1,0,1,1,1,1,1,1,1,1,1,0,0,0,0,0,0,1,0,0,0,0,0,0,1,0,1,0,1
40614057,521.1936913921791,399,스파크,스파크,54,50173,995,5,12,1,0,0,1,1,0,0,1,0,0,0,0,0,0,0,1,0,0,1,0,0,0,0,0,1,0,0,1,0,1
41229326,748.3294020283487,550,K5,K5,11,138692,1998,5,14,14,1,1,1,1,1,1,1,1,1,1,0,1,0,0,0,0,0,1,0,0,0,0,1,0,0,0,1,0,1
41356024,1132.3567142575616,1080,맥스크루즈,맥스크루즈,41,161214,2199,6,11,6,1,0,1,1,1,1,1,1,1,1,1,0,0,0,0,0,0,0,0,1,0,0,0,0,0,1,1,1,0
41175240,833.2990788440546,215,코란도,코란도 C,92,160649,1998,5,14,10,0,0,0,1,0,0,0,0,0,0,0,0,0,1,0,0,0,0,0,1,0,0,0,0,1,0,0,1,0
41209489,1153.1834208815528,540,카니발,카니발 R,85,158453,2199,9,13,5,1,0,1,0,1,0,1,1,0,1,0,1,0,0,0,0,0,0,0,1,0,0,0,0,1,0,1,1,0
41512622,884.6571584685064,1130,레이,더 뉴 레이,34,68792,998,5,8,5,0,0,1,1,1,1,1,1,0,1,0,1,0,0,0,0,0,1,0,0,0,0,1,0,0,0,1,0,1
40998613,991.4253131532465,1699,모하비,더 뉴 모하비,43,156786,2959,7,8,8,1,1,1,1,1,1,1,1,1,1,0,1,0,0,0,0,0,0,0,1,0,0,0,1,0,0,1,1,0
38270989,539.6756970784525,169,스파크,스파크,54,83482,995,5,15,2,0,0,1,0,0,0,0,1,0,1,0,0,0,0,1,0,0,1,0,0,0,0,1,0,0,0,1,0,1
41461375,794.2714669994003,520,제네시스 쿠페,제네시스 쿠페,82,105949,1998,4,16,11,1,1,1,1,1,1,1,1,0,1,1,0,0,0,0,0,0,1,0,0,0,0,1,0,0,0,1,0,1
41196463,804.849667793527,780,SM6,SM6,20,57650,1997,5,10,4,0,1,1,1,1,1,1,1,0,1,0,0,0,0,0,1,0,1,0,0,0,0,0,0,1,0,1,0,1
41260257,591.8553779580085,345,엑센트,엑센트(신형),74,150224,1591,5,15,6,0,0,1,0,1,1,0,1,0,1,1,0,0,0,0,0,0,1,0,0,0,0,1,0,0,0,1,0,1
41471632,1122.21175713316,1250,카니발,올 뉴 카니발,85,220960,3342,9,9,4,0,1,1,1,1,1,1,1,1,1,0,1,0,0,0,0,0,1,0,0,0,0,0,1,0,0,1,1,0
41589682,963.6518467963097,1470,티볼리,티볼리 에어,105,74686,1497,5,5,0,0,1,1,1,0,1,1,1,1,1,0,0,0,1,0,0,0,1,0,0,0,0,1,0,0,0,1,1,0
41298183,1010.3075581570316,1550,스타렉스,그랜드 스타렉스,50,28047,2497,11,11,0,0,0,1,1,0,0,1,1,1,1,1,0,0,0,0,0,0,0,0,1,0,0,0,0,1,0,1,1,0
40695452,820.6996852780783,530,SM6,SM6,20,138169,1997,5,10,5,0,0,1,1,1,1,0,1,0,1,0,0,0,0,0,1,0,1,0,0,0,0,0,1,0,0,1,0,1
41565703,1023.2941085597921,1490,K7,올 뉴 K7,12,93549,2359,5,10,6,1,1,1,1,1,1,1,1,1,1,0,1,0,0,0,0,0,1,0,0,0,0,0,1,0,0,1,0,1
41481059,1390.1913990791177,1580,캐스퍼,캐스퍼,88,42921,998,4,4,1,1,0,1,1,1,1,1,1,1,1,1,0,0,0,0,0,0,1,0,0,0,0,0,0,0,1,1,0,1
41660359,704.8228682442713,290,모닝,올 뉴 모닝,42,198182,998,5,15,18,0,0,1,0,0,0,0,1,0,1,0,1,0,0,0,0,0,1,0,0,0,0,0,0,1,0,1,0,1
40048731,445.5898375614303,270,SM3,SM3 네오,18,122833,1598,5,12,12,0,0,1,1,1,1,1,1,0,1,0,0,0,0,0,1,0,1,0,0,0,0,1,0,0,0,1,0,1
41660175,1257.2352713994803,1299,EQ900,EQ900,0,266936,3778,5,8,6,0,1,1,1,1,1,1,1,1,1,0,0,1,0,0,0,0,1,0,0,0,0,0,1,0,0,1,0,1
41642828,711.2411628396882,720,QM3,QM3,15,87372,1461,5,9,2,0,0,1,0,1,1,0,1,0,1,0,0,0,0,0,1,0,0,0,1,0,0,1,0,0,0,1,1,0
41559523,640.0624110609065,480,SM7,SM7 노바,21,148033,1998,5,11,12,0,0,1,1,1,1,1,1,0,1,0,0,0,0,0,1,1,0,0,0,0,0,0,1,0,0,1,0,1
41654927,1012.2538228903043,1120,스타렉스,더 뉴 그랜드 스타렉스,50,240019,2497,9,8,2,0,0,0,0,0,0,0,0,0,0,1,0,0,0,0,0,0,0,0,1,0,0,0,0,1,0,1,1,0
41530467,487.41627910745245,340,크루즈,크루즈,95,123341,1796,5,12,5,1,0,1,1,1,1,0,1,0,1,0,0,0,0,1,0,0,1,0,0,0,0,1,0,0,0,1,0,1
41540227,511.37274562236945,690,스파크,더 뉴 스파크,54,72789,999,5,6,6,0,0,1,1,0,0,0,0,0,0,0,0,0,0,1,0,0,1,0,0,0,0,1,0,0,0,1,0,1
41505769,1023.2941085597921,1590,K7,K7 프리미어,12,144904,2497,5,7,25,0,1,1,1,1,1,1,1,1,1,0,1,0,0,0,0,0,1,0,0,0,0,0,1,0,0,1,0,1
41550025,967.6269960460112,870,티볼리,티볼리 에어,105,126334,1597,5,10,5,1,1,1,1,1,1,1,1,0,1,0,0,0,1,0,0,0,1,0,0,0,0,0,0,0,1,1,1,0
41648731,575.8143169370128,899,QM5,QM5 네오,16,46911,1998,5,10,2,1,0,1,1,1,1,1,1,0,1,0,0,0,0,0,1,0,1,0,0,0,0,1,0,0,0,1,1,0
41480847,895.5676356997402,629,레이,더 뉴 레이,34,144871,998,2,6,2,0,0,0,0,0,0,0,0,0,0,0,1,0,0,0,0,0,1,0,0,0,0,1,0,0,0,1,0,1
41480544,916.1401938066147,430,그랜저,그랜저 HG,27,210509,2999,5,15,9,0,1,1,1,1,1,1,1,1,1,1,0,0,0,0,0,0,1,0,0,0,0,0,1,0,0,1,0,1
41500177,950.3037718506688,1170,쏘나타,LF 쏘나타 하이브리드,57,93637,1999,5,10,9,1,1,1,1,1,1,1,1,1,1,1,0,0,0,0,0,0,0,1,0,0,0,1,0,0,0,1,0,1
41278039,1301.1905814198442,899,QM6,QM6,17,162717,1995,5,7,2,0,0,1,1,1,1,1,1,1,1,0,0,0,0,0,1,0,0,0,1,0,0,0,1,0,0,1,1,0
40889449,529.273314565499,490,올란도,올란도,77,151202,1998,7,12,1,1,0,1,1,0,1,1,1,0,1,0,0,0,0,1,0,0,0,0,1,0,0,0,0,0,1,1,1,0
41159381,969.3889001833381,1550,티볼리,베리 뉴 티볼리,105,62391,1497,5,4,5,0,1,1,1,1,1,1,1,1,1,0,0,0,1,0,0,0,1,0,0,0,0,1,0,0,0,1,1,0
41596446,778.9139391480519,1250,코란도,코란도 투리스모,92,122510,2157,9,8,0,0,0,1,1,1,1,1,1,1,1,0,0,0,1,0,0,0,0,0,1,0,0,1,0,0,0,1,1,0
41351643,941.3889022900747,830,쏘나타,쏘나타 뉴 라이즈,57,135172,1999,5,8,2,0,0,1,1,0,1,0,1,0,1,1,0,0,0,0,0,0,1,0,0,0,0,1,0,0,0,1,0,1
41437732,688.901938066147,360,캡티바,캡티바,90,167383,1998,7,13,3,0,0,1,1,1,1,1,1,0,1,0,0,0,0,1,0,0,0,0,1,0,0,0,0,1,0,1,1,0
41446574,1240.6033095126206,1680,G80,G80,5,111230,3342,5,7,7,1,1,1,1,1,1,1,1,1,1,0,0,1,0,0,0,0,1,0,0,0,0,0,1,0,0,1,0,1
41636410,1192.3813152408418,1290,맥스크루즈,더 뉴 맥스크루즈,41,172981,2199,6,10,1,0,1,1,1,1,1,1,1,1,1,1,0,0,0,0,0,0,0,0,1,0,0,0,0,0,1,1,1,0
41089864,566.8948540847747,750,엑센트,엑센트(신형),74,68057,1368,5,9,8,0,0,1,1,0,1,1,1,0,1,1,0,0,0,0,0,0,1,0,0,0,0,0,0,1,0,1,0,1
41353683,390.5605814198441,299,SM5,뉴SM5 플래티넘,19,118019,1998,5,12,9,0,0,1,1,1,0,1,1,0,1,0,0,0,0,0,1,1,0,0,0,0,0,0,0,1,0,1,0,1
41444121,947.3443649473054,1500,아반떼,아반떼 (CN7),62,45216,1591,5,6,12,0,0,1,1,1,1,1,1,0,1,1,0,0,0,0,0,1,0,0,0,0,0,0,0,1,0,1,0,1
41473560,1301.2282984354893,1100,QM6,QM6,17,105272,1997,5,9,2,0,0,1,1,1,1,0,1,1,1,0,0,0,0,0,1,0,1,0,0,0,0,0,0,1,0,1,1,0
39819505,830.7441133874026,1640,코란도,뷰티풀 코란도,92,37020,1497,5,6,4,0,0,1,1,1,1,1,1,1,1,0,0,0,1,0,0,0,1,0,0,0,0,0,1,0,0,1,1,0
41341973,390.557300432829,820,SM5,SM5 노바,19,47359,1998,5,8,4,0,0,1,1,1,1,1,1,1,1,0,0,0,0,0,1,0,1,0,0,0,0,1,0,0,0,1,0,1
40972143,1251.1196295251596,1090,코나,코나,91,130132,1591,5,8,7,0,1,1,1,1,1,1,1,1,1,1,0,0,0,0,0,0,1,0,0,0,0,0,0,0,1,1,1,0
41587385,1014.8324651358752,1150,투싼,올 뉴 투싼,101,151724,1995,5,10,13,0,0,1,1,1,1,1,1,0,1,1,0,0,0,0,0,0,0,0,1,0,0,0,0,1,0,1,1,0
41557932,813.3482474056841,850,말리부,올 뉴 말리부,40,154718,1998,5,9,2,1,1,1,1,1,1,1,1,1,1,0,0,0,0,1,0,0,1,0,0,0,0,1,0,0,0,1,0,1
40759982,936.9062313760018,880,아반떼,아반떼 AD,62,125060,1582,5,8,2,0,0,1,1,0,1,1,1,0,1,1,0,0,0,0,0,0,0,0,1,0,0,1,0,0,0,1,0,1
40881407,793.5123984456893,460,코란도,코란도 투리스모,92,147031,1998,9,12,9,0,0,1,1,0,1,1,1,0,1,0,0,0,1,0,0,0,0,0,1,0,0,0,0,1,0,1,1,0
41353342,916.1401938066147,820,그랜저,그랜저 HG,27,70521,2359,5,13,9,0,0,1,1,1,1,1,1,0,1,1,0,0,0,0,0,0,1,0,0,0,0,0,1,0,0,1,0,1
41647822,1079.3476259860029,1200,싼타페,싼타페 더 프라임,56,172325,1995,5,9,2,0,1,1,1,1,1,1,1,1,1,1,0,0,0,0,0,0,0,0,1,0,0,1,0,0,0,1,1,0
39416988,1307.3450904664935,1430,렉스턴,G4 렉스턴,35,134684,2157,5,9,3,0,1,1,1,1,1,0,1,1,1,0,0,0,1,0,0,0,0,0,1,0,0,1,0,0,0,1,1,0
41536701,1234.4350592827248,840,코나,코나,91,172874,1591,5,8,20,0,0,1,1,0,1,1,1,0,1,1,0,0,0,0,0,0,1,0,0,0,0,1,0,0,0,1,1,0
41638801,880.2213244404137,1520,레이,더 뉴 기아 레이,34,62233,998,5,4,0,0,1,1,1,1,1,1,1,1,1,0,1,0,0,0,0,0,1,0,0,0,0,0,0,1,0,1,0,1
41653244,820.6996852780783,1200,SM6,더 뉴 SM6,20,109096,1998,5,2,3,0,1,1,1,1,1,0,1,0,1,0,0,0,0,0,1,1,0,0,0,0,0,0,0,1,0,1,0,1
41395707,813.3482474056841,590,말리부,말리부,40,71620,1998,5,11,4,0,0,1,1,1,1,1,1,0,1,0,0,0,0,1,0,0,1,0,0,0,0,0,1,0,0,1,0,1
41069391,943.9179347406766,390,아반떼,아반떼 MD,62,90941,1591,5,16,10,0,0,1,1,1,0,1,1,0,0,1,0,0,0,0,0,0,1,0,0,0,0,1,0,0,0,1,0,1
41636993,804.849667793527,1260,SM6,SM6,20,73077,1997,5,7,0,0,1,1,1,1,1,1,1,1,1,0,0,0,0,0,1,0,1,0,0,0,0,0,0,1,0,1,0,1
41292876,970.8411733726565,1190,티볼리,베리 뉴 티볼리,105,94404,1497,5,5,1,0,1,1,1,0,1,1,1,1,1,0,0,0,1,0,0,0,1,0,0,0,0,0,0,0,1,1,1,0
41307023,1169.5159469138403,1140,맥스크루즈,맥스크루즈,41,158224,2199,7,11,6,1,1,1,1,1,1,1,1,1,1,1,0,0,0,0,0,0,0,0,1,0,0,0,0,1,0,1,1,0
41538368,1063.6126404216627,1060,싼타페,싼타페 DM,56,96101,1995,5,14,8,1,1,1,1,1,1,1,1,1,1,1,0,0,0,0,0,0,0,0,1,0,0,1,0,0,0,1,1,0
40917527,1168.5529070992204,1389,셀토스,셀토스,49,141586,1598,5,5,0,0,0,1,0,0,1,0,1,0,1,0,1,0,0,0,0,0,0,0,1,0,0,0,0,0,1,1,1,0
41632817,1234.4350592827248,1630,코나,코나,91,60644,1582,5,8,0,0,1,1,1,1,1,1,1,1,1,1,0,0,0,0,0,0,0,0,1,0,0,1,0,0,0,1,1,0
41503088,468.8263197140382,320,SM3,뉴SM3,18,102504,1598,5,15,15,0,0,1,1,1,1,1,1,0,1,0,0,0,0,0,1,0,1,0,0,0,0,0,0,1,0,1,0,1
38977190,935.00215340683,800,벨로스터,더 뉴 벨로스터,47,63972,1591,4,11,6,1,0,1,1,1,1,1,1,0,1,1,0,0,0,0,0,0,1,0,0,0,0,0,0,0,1,1,0,1
41589702,977.230670900442,399,쏘나타,LF 쏘나타,57,219494,1999,5,11,5,0,0,1,0,0,0,0,0,0,1,1,0,0,0,0,0,1,0,0,0,0,0,0,0,1,0,1,0,1
41516968,943.9179347406766,550,아반떼,아반떼 MD,62,159754,1591,5,15,2,0,0,1,1,1,0,1,1,0,0,1,0,0,0,0,0,0,1,0,0,0,0,1,0,0,0,1,0,1
39484326,928.4206454774875,799,아반떼,아반떼 AD,62,62622,1591,5,10,2,0,0,1,1,0,1,1,0,0,0,1,0,0,0,0,0,0,1,0,0,0,0,1,0,0,0,1,0,1
41510256,962.3768750735256,930,티볼리,티볼리,105,66154,1597,5,11,0,0,1,1,1,1,1,1,1,1,1,0,0,0,1,0,0,0,0,0,1,0,0,0,0,1,0,1,1,0
40386751,1051.6974101665487,855,싼타페,싼타페 DM,56,172381,1995,5,13,13,0,1,1,1,1,1,1,1,1,1,1,0,0,0,0,0,0,0,0,1,0,0,1,0,0,0,1,1,0
41470234,1152.7810078880227,1450,셀토스,셀토스,49,137713,1591,5,6,0,0,1,1,1,1,1,1,1,1,1,0,1,0,0,0,0,0,1,0,0,0,0,0,0,1,0,1,1,0
41568250,952.3521370538434,1179,K7,올 뉴 K7,12,81658,2999,5,10,4,0,0,1,1,1,1,1,1,0,1,0,1,0,0,0,0,1,0,0,0,0,0,0,0,0,1,1,0,1
41073893,935.928526081858,1270,그랜저,그랜저 IG,27,159844,2999,5,10,2,0,1,1,1,1,1,1,1,1,1,1,0,0,0,0,0,0,1,0,0,0,0,0,1,0,0,1,0,1
40950810,892.2058141984411,1450,조에,조에,83,62526,156,5,5,0,0,1,1,1,1,1,1,1,0,1,0,0,0,0,0,1,0,0,0,0,1,0,1,0,0,0,1,0,1
41306034,814.5976259860029,690,말리부,올 뉴 말리부,40,159033,1490,5,10,2,1,0,1,1,1,1,0,1,0,1,0,0,0,0,1,0,0,1,0,0,0,0,1,0,0,0,1,0,1
41600501,1153.1834208815528,672,카니발,더 뉴 카니발 4세대,85,80633,2151,9,2,2,0,0,0,0,0,0,0,0,0,0,0,1,0,0,0,0,0,0,0,1,0,0,1,0,0,0,1,1,0
41541071,936.9062313760018,1250,아반떼,아반떼 AD,62,46079,1591,5,8,4,0,0,1,1,0,1,1,1,0,1,1,0,0,0,0,0,0,1,0,0,0,0,1,0,0,0,1,0,1
41642789,936.2255262529029,1250,아반떼,아반떼 AD,62,83865,1591,5,8,0,0,0,1,1,0,1,1,1,0,1,1,0,0,0,0,0,0,1,0,0,0,0,1,0,0,0,1,0,1
40748398,1015.1390064538368,1250,아이오닉,아이오닉 일렉트릭,65,145638,78,5,8,2,1,1,1,1,1,1,1,1,1,1,1,0,0,0,0,0,0,0,0,0,1,0,0,0,1,0,1,0,1
41471529,780.500937773942,1690,K5,K5 3세대,11,80868,1999,5,6,7,0,1,1,1,1,1,1,1,1,1,0,1,0,0,0,0,0,1,0,0,0,0,0,0,1,0,1,0,1
40554930,804.849667793527,970,SM6,SM6,20,31098,1997,5,10,3,0,0,1,1,1,1,1,1,0,1,0,0,0,0,0,1,0,1,0,0,0,0,0,0,1,0,1,0,1
40958027,842.1279070156255,550,K5,K5 하이브리드,11,151030,1999,5,12,10,0,0,1,1,1,1,0,1,1,1,0,1,0,0,0,0,0,0,1,0,0,0,0,1,0,0,1,0,1
41635483,916.1401938066147,870,그랜저,그랜저 HG,27,115702,2199,5,10,2,0,0,1,1,1,1,1,1,1,1,1,0,0,0,0,0,0,0,0,1,0,0,0,1,0,0,1,0,1
41463482,988.0567474787636,860,스타렉스,그랜드 스타렉스,50,110226,2497,11,12,4,0,0,1,1,1,0,0,1,1,1,1,0,0,0,0,0,0,0,0,1,0,0,0,1,0,0,1,1,0
41569140,1010.3075581570316,370,스타렉스,그랜드 스타렉스,50,242438,2497,5,15,14,0,0,1,1,0,0,1,1,0,1,1,0,0,0,0,0,0,0,0,1,0,0,0,0,1,0,1,1,0
41333607,1247.4949211722349,1420,렉스턴,렉스턴 스포츠,35,100971,2157,5,7,0,0,1,1,1,1,1,1,1,1,1,0,0,0,1,0,0,0,0,0,1,0,0,0,1,0,0,1,1,0
41404080,389.9312687325189,320,SM5,뉴SM5 플래티넘,19,112695,1998,5,13,3,0,0,1,0,1,1,0,1,0,1,0,0,0,0,0,1,0,1,0,0,0,0,0,0,1,0,1,0,1
41626784,907.2378156501135,1150,그랜저,그랜저 IG,27,178572,2199,5,9,6,0,1,1,1,1,1,1,1,1,1,1,0,0,0,0,0,0,0,0,1,0,0,0,0,0,1,1,0,1
41259364,626.3422304996457,699,SM7,SM7 노바,21,82278,1998,5,10,22,0,1,1,1,1,1,1,1,1,1,0,0,0,0,0,1,1,0,0,0,0,0,1,0,0,0,1,0,1
40969196,831.0491350121001,780,코란도,뉴 스타일 코란도 C,92,65514,2157,5,8,12,0,0,1,1,0,1,1,1,1,1,0,0,0,1,0,0,0,0,0,1,0,0,1,0,0,0,1,1,0
40891067,844.638125514679,980,베라크루즈,베라크루즈,46,109509,2959,7,15,6,1,1,1,1,1,1,1,1,0,1,1,0,0,0,0,0,0,0,0,1,0,0,0,0,1,0,1,1,0
40806057,895.5676356997402,1190,레이,더 뉴 레이,34,48964,998,5,8,2,0,0,0,0,0,0,0,0,0,0,0,1,0,0,0,0,0,1,0,0,0,0,1,0,0,0,1,0,1
41266533,969.3889001833381,1050,티볼리,티볼리 에어,105,82893,1597,5,7,4,0,0,1,1,0,1,1,1,0,1,0,0,0,1,0,0,0,0,0,1,0,0,1,0,0,0,1,1,0
41186908,875.1505814198441,1210,제네시스,제네시스 DH,81,196586,3778,5,11,7,1,1,1,1,1,1,1,1,1,1,1,0,0,0,0,0,0,1,0,0,0,0,0,1,0,0,1,0,1
39292290,1055.403876132294,1199,니로,니로,29,146937,1580,5,10,2,1,1,1,1,1,1,1,1,1,1,0,1,0,0,0,0,0,0,1,0,0,0,0,0,0,1,1,1,0
41297665,529.273314565499,380,올란도,올란도,77,96952,1998,7,14,8,1,0,1,1,0,1,0,1,0,1,0,0,0,0,1,0,0,0,0,1,0,0,1,0,0,0,1,1,0
41656438,943.9179347406766,930,아반떼,아반떼 AD,62,82215,1591,5,9,13,0,0,1,1,0,1,1,1,0,1,1,0,0,0,0,0,0,1,0,0,0,0,1,0,0,0,1,0,1
41245767,816.6985223123376,449,트랙스,트랙스,103,138413,1362,5,12,6,1,0,1,1,0,0,0,1,0,1,0,0,0,0,1,0,0,1,0,0,0,0,1,0,0,0,1,1,0
41212133,967.6269960460112,1050,티볼리,티볼리,105,27112,1597,5,9,3,0,0,1,1,0,1,0,1,0,1,0,0,0,1,0,0,0,1,0,0,0,0,0,0,0,1,1,1,0
41622774,1247.4949211722349,399,렉스턴,렉스턴 W,35,188975,1998,7,14,4,1,0,1,0,1,1,0,1,0,1,0,0,0,1,0,0,0,0,0,1,0,0,0,0,1,0,1,1,0
41275530,483.19448616103887,200,SM3,뉴SM3,18,142652,1598,5,15,23,0,0,0,0,1,1,0,1,0,1,0,0,0,0,0,1,0,1,0,0,0,0,0,1,0,0,1,0,1
39952464,811.0980067611623,580,제네시스 쿠페,제네시스 쿠페,82,93074,1998,4,16,7,1,1,1,0,1,1,1,1,0,1,1,0,0,0,0,0,0,1,0,0,0,0,1,0,0,0,1,0,1
41207790,1307.3450904664935,590,렉스턴,렉스턴 W,35,230421,2157,7,10,4,0,1,1,1,1,1,1,1,1,1,0,0,0,1,0,0,0,0,0,1,0,0,0,1,0,0,1,1,0
41635340,1256.1011628396882,1577,XM3,XM3,23,123084,1332,5,4,8,0,1,1,1,1,1,1,1,1,1,0,0,0,0,0,1,0,1,0,0,0,0,1,0,0,0,1,1,0
41647141,809.9140873524058,579,SM6,SM6,20,140439,1997,5,10,2,0,0,1,1,1,1,1,1,0,1,0,0,0,0,0,1,0,1,0,0,0,0,0,0,1,0,1,0,1
40318764,916.1401938066147,670,그랜저,그랜저 HG,27,69331,2999,5,14,8,0,0,1,1,1,1,1,1,1,1,1,0,0,0,0,0,0,1,0,0,0,0,0,0,1,0,1,0,1
40733270,1251.1196295251596,1590,코나,더 뉴 코나,91,105795,1999,5,4,2,0,0,1,1,1,1,1,1,0,1,1,0,0,0,0,0,0,1,0,0,0,0,1,0,0,0,1,1,0
41178296,807.4456798684994,999,SM6,SM6,20,109094,1998,5,9,3,0,0,1,1,1,1,1,1,0,1,0,0,0,0,0,1,1,0,0,0,0,0,0,0,1,0,1,0,1
41240948,1244.946731648438,1590,G80,G80,5,91421,3342,5,9,13,0,1,1,1,1,1,1,1,1,1,0,0,1,0,0,0,0,1,0,0,0,0,0,0,1,0,1,0,1
38727651,1153.1834208815528,1329,카니발,올 뉴 카니발,85,128127,2199,7,10,5,1,1,1,1,1,1,1,1,1,1,0,1,0,0,0,0,0,0,0,1,0,0,0,1,0,0,1,1,0
39647958,1027.800505582473,830,투싼,뉴 투싼 ix,101,97131,1995,5,12,11,0,0,1,1,1,1,1,1,1,1,1,0,0,0,0,0,0,0,0,1,0,0,0,0,1,0,1,1,0
41382628,723.7828753088075,600,에쿠스,에쿠스(신형),73,211708,3778,5,14,10,0,1,1,1,1,1,1,1,1,1,1,0,0,0,0,0,0,1,0,0,0,0,0,1,0,0,1,0,1
41467664,1124.3844256766104,790,카니발,올 뉴 카니발,85,229459,2199,9,9,0,0,0,1,1,0,1,1,1,1,1,0,1,0,0,0,0,0,0,0,1,0,0,1,0,0,0,1,1,0
41427725,1132.3567142575616,1499,맥스크루즈,더 뉴 맥스크루즈,41,166101,3342,6,10,2,0,0,0,0,0,0,0,0,0,0,1,0,0,0,0,0,0,1,0,0,0,0,0,1,0,0,1,1,0
41569090,943.9179347406766,530,아반떼,아반떼 MD,62,93129,1591,5,13,1,0,0,1,1,1,0,1,1,0,1,1,0,0,0,0,0,0,1,0,0,0,0,0,0,1,0,1,0,1
39027048,923.0393528184499,320,그랜저,더 럭셔리 그랜저,27,262880,2656,5,17,11,0,0,1,1,1,1,0,1,0,1,1,0,0,0,0,0,1,0,0,0,0,0,0,1,0,0,1,0,1
41490755,640.0624110609065,420,SM7,SM7 노바,21,148956,2495,5,12,14,1,0,1,1,1,1,0,1,0,1,0,0,0,0,0,1,0,1,0,0,0,0,0,0,1,0,1,0,1
41173222,987.5738331607303,633,스타렉스,그랜드 스타렉스,50,194879,2497,5,9,2,0,0,1,1,0,0,1,1,0,1,1,0,0,0,0,0,0,0,0,1,0,0,0,0,0,1,1,1,0
41493816,967.6269960460112,899,티볼리,베리 뉴 티볼리,105,143471,1497,5,7,8,0,0,1,1,0,1,1,1,0,1,0,0,0,1,0,0,0,1,0,0,0,0,1,0,0,0,1,1,0
41577048,907.2378156501135,579,그랜저,그랜저 HG,27,179466,2359,5,11,2,0,0,1,1,1,1,1,1,0,1,1,0,0,0,0,0,0,1,0,0,0,0,0,1,0,0,1,0,1
41339681,831.0491350121001,399,코란도,코란도 스포츠,92,158279,1998,5,14,12,1,0,1,1,1,0,1,1,0,1,0,0,0,1,0,0,0,0,0,1,0,0,0,1,0,0,1,1,0
41478768,923.0393528184499,740,그랜저,그랜저 HG,27,180264,2359,5,9,2,0,0,1,1,1,1,1,1,1,1,1,0,0,0,0,0,0,1,0,0,0,0,0,1,0,0,1,0,1
41657713,1005.1859527579388,1480,투싼,올 뉴 투싼,101,110124,1598,5,7,3,0,0,1,1,1,1,1,1,1,1,1,0,0,0,0,0,0,0,0,1,0,0,1,0,0,0,1,1,0
41652006,1012.2538228903043,899,스타렉스,그랜드 스타렉스,50,210000,2497,12,12,12,0,0,1,1,0,0,1,1,0,1,1,0,0,0,0,0,0,0,0,1,0,0,1,0,0,0,1,1,0
41548098,1050.1398208359376,1550,투싼,올 뉴 투싼,101,31875,1598,5,7,16,0,0,1,1,1,1,1,1,0,1,1,0,0,0,0,0,0,0,0,1,0,0,0,1,0,0,1,1,0
41058175,967.6269960460112,470,티볼리,티볼리,105,180532,1597,5,11,16,0,0,1,1,0,1,1,1,0,1,0,0,0,1,0,0,0,0,0,1,0,0,1,0,0,0,1,1,0
41433223,962.3768750735256,550,티볼리,티볼리 에어,105,183071,1597,5,9,5,1,0,1,1,0,1,1,1,0,1,0,0,0,1,0,0,0,0,0,1,0,0,1,0,0,0,1,1,0
41366916,635.3109081424859,1099,SM7,SM7 노바,21,87535,3498,5,10,13,1,1,1,1,1,1,1,1,1,1,0,0,0,0,0,1,0,1,0,0,0,0,0,1,0,0,1,0,1
39815813,802.5490122794023,430,트랙스,트랙스,103,141097,1362,5,11,14,1,0,1,1,0,0,1,1,0,1,0,0,0,0,1,0,0,1,0,0,0,0,1,0,0,0,1,1,0
41133611,969.3889001833381,930,티볼리,티볼리,105,54140,1597,5,11,1,0,0,1,1,1,1,1,1,0,1,0,0,0,1,0,0,0,1,0,0,0,0,1,0,0,0,1,1,0
41531472,905.6914320771383,1600,그랜저,그랜저 IG,27,87073,2359,5,8,1,0,0,1,1,1,1,1,1,1,1,1,0,0,0,0,0,0,1,0,0,0,0,0,0,1,0,1,0,1
41286194,651.2405814198441,815,모닝,올 뉴 모닝 (JA),42,72155,998,5,9,2,0,0,0,0,0,0,0,0,0,0,0,1,0,0,0,0,0,1,0,0,0,0,1,0,0,0,1,0,1
41642414,947.3443649473054,330,아반떼,아반떼 MD,62,176781,1591,5,16,7,1,0,1,1,1,1,1,1,0,1,1,0,0,0,0,0,0,1,0,0,0,0,1,0,0,0,1,0,1
40563306,444.45152312654096,540,SM3,SM3 네오,18,62099,1598,5,8,4,0,0,0,1,0,0,1,0,0,1,0,0,0,0,0,1,0,1,0,0,0,0,0,1,0,0,1,0,1
40939359,968.6868564277833,699,쏘나타,LF 쏘나타 하이브리드,57,199638,1999,5,11,4,1,0,1,1,1,1,1,1,0,1,1,0,0,0,0,0,0,0,1,0,0,0,0,0,1,0,1,0,1
41650602,778.9139391480519,1390,코란도,코란도 스포츠,92,69669,1998,5,12,0,0,0,1,1,1,1,0,1,0,1,0,0,0,1,0,0,0,0,0,1,0,0,0,0,0,1,1,1,0
41534729,1247.4949211722349,1630,렉스턴,렉스턴 스포츠,35,103100,2157,5,8,6,0,1,1,1,1,1,1,1,1,1,0,0,0,1,0,0,0,0,0,1,0,0,0,0,0,1,1,1,0
41597959,651.2405814198441,1390,모닝,모닝 어반 (JA),42,14596,998,5,5,0,0,0,1,0,0,1,0,1,1,1,0,1,0,0,0,0,0,1,0,0,0,0,1,0,0,0,1,0,1
41594361,820.6996852780783,599,SM6,SM6,20,170664,1997,5,10,5,0,0,1,1,1,1,1,1,1,1,0,0,0,0,0,1,0,1,0,0,0,0,0,0,1,0,1,0,1
41501584,802.5490122794023,399,트랙스,트랙스,103,189326,1362,5,12,3,0,0,0,0,0,0,0,1,0,1,0,0,0,0,1,0,0,1,0,0,0,0,1,0,0,0,1,1,0
41630918,1037.3051417342533,430,투싼,투싼 ix,101,209609,1995,5,13,4,0,0,1,1,1,1,1,1,0,1,1,0,0,0,0,0,0,0,0,1,0,0,0,0,1,0,1,1,0
41174174,1253.701162839688,1320,XM3,XM3,23,51702,1598,5,5,0,0,1,1,1,0,1,1,1,0,1,0,0,0,0,0,1,0,1,0,0,0,0,1,0,0,0,1,1,0
41602626,830.7441133874026,480,코란도,뉴코란도 C,92,104551,1998,5,11,13,0,0,1,1,1,1,1,1,1,1,0,0,0,1,0,0,0,0,0,1,0,0,1,0,0,0,1,1,0
41218906,833.2990788440546,550,코란도,코란도 투리스모,92,177452,2157,9,11,1,1,1,1,1,1,1,1,1,0,1,0,0,0,1,0,0,0,0,0,1,0,0,0,0,0,1,1,1,0
41618828,592.4795248257481,430,엑센트,엑센트(신형),74,135000,1582,5,12,16,0,0,1,1,0,0,1,1,0,1,1,0,0,0,0,0,0,0,0,1,0,0,0,0,1,0,1,0,1
41384971,793.5123984456893,1080,코란도,코란도 투리스모,92,143291,2157,9,10,1,0,1,1,1,1,1,1,1,0,1,0,0,0,1,0,0,0,0,0,1,0,0,1,0,0,0,1,1,0
41356027,936.2255262529029,790,아반떼,아반떼 AD,62,164961,1591,5,10,4,0,1,1,1,1,1,0,1,0,1,1,0,0,0,0,0,0,1,0,0,0,0,0,0,0,1,1,0,1
40803066,970.8411733726565,950,티볼리,티볼리 에어,105,85934,1597,5,8,10,0,0,1,1,0,1,1,1,0,1,0,0,0,1,0,0,0,1,0,0,0,0,1,0,0,0,1,1,0
41380141,529.273314565499,450,올란도,올란도,77,155574,1998,7,13,4,0,0,1,1,1,1,1,1,0,1,0,0,0,0,1,0,1,0,0,0,0,0,0,0,0,1,1,1,0
41256146,947.3443649473054,1350,아반떼,더 뉴 아반떼 AD,62,85749,1598,5,7,7,1,1,1,1,1,1,1,1,0,1,1,0,0,0,0,0,0,1,0,0,0,0,0,1,0,0,1,0,1
41525699,1319.6151889790042,1510,QM6,더 뉴 QM6,17,102331,1997,5,6,2,0,1,1,1,1,1,1,1,1,1,0,0,0,0,0,1,0,1,0,0,0,0,1,0,0,0,1,1,0
40528761,640.0624110609065,650,SM7,SM7 노바,21,162245,2495,5,10,2,1,1,1,1,1,1,1,1,1,1,0,0,0,0,0,1,0,1,0,0,0,0,1,0,0,0,1,0,1
40713453,831.0491350121001,530,코란도,뉴코란도 C,92,81583,1998,5,12,2,0,0,1,1,1,1,1,1,0,1,0,0,0,1,0,0,0,0,0,1,0,0,0,0,1,0,1,1,0
41573542,1301.1905814198442,1290,QM6,더 뉴 QM6,17,119581,1997,5,6,2,1,1,1,1,1,1,1,1,1,1,0,0,0,0,0,1,0,1,0,0,0,0,1,0,0,0,1,1,0
41529859,511.37274562236945,350,스파크,스파크,54,59216,995,5,13,16,0,0,1,1,0,0,1,1,0,1,0,0,0,0,1,0,0,1,0,0,0,0,0,0,1,0,1,0,1
41467827,936.9062313760018,1559,아반떼,아반떼 (CN7),62,115204,1598,5,4,8,0,0,1,1,1,1,1,1,1,1,1,0,0,0,0,0,0,1,0,0,0,0,1,0,0,0,1,0,1
41216505,820.6996852780783,580,SM6,SM6,20,118157,1618,5,9,14,0,0,1,1,1,1,1,1,0,1,0,0,0,0,0,1,0,1,0,0,0,0,1,0,0,0,1,0,1
41110599,860.8083271607874,750,베라크루즈,베라크루즈,46,109607,2959,7,14,12,0,1,1,0,1,1,0,1,1,1,1,0,0,0,0,0,0,0,0,1,0,0,0,0,1,0,1,1,0
41182090,660.2276819994972,750,캡티바,캡티바,90,107002,1956,5,10,2,0,0,0,0,0,0,0,0,0,0,0,0,0,0,1,0,0,0,0,1,0,0,1,0,0,0,1,1,0
38020327,969.3889001833381,650,티볼리,티볼리 에어,105,120313,1597,5,10,2,0,0,1,1,0,1,1,1,0,1,0,0,0,1,0,0,0,0,0,1,0,0,1,0,0,0,1,1,0
40899433,1035.3350952116489,1299,쏘렌토,더 뉴 쏘렌토,58,172582,1995,5,9,2,0,0,1,1,0,0,1,1,0,1,0,1,0,0,0,0,0,0,0,1,0,0,1,0,0,0,1,1,0
41534447,992.8099193332274,520,스타렉스,그랜드 스타렉스,50,293224,2497,3,9,7,0,0,1,0,0,0,0,1,0,1,1,0,0,0,0,0,0,0,0,1,0,0,0,0,1,0,1,1,0
41032154,814.4268981028265,1350,말리부,올 뉴 말리부,40,33574,1490,5,9,3,0,1,1,1,1,1,1,1,1,1,0,0,0,0,1,0,0,1,0,0,0,0,0,0,1,0,1,0,1
41565589,970.8411733726565,559,티볼리,티볼리,105,162775,1597,5,11,4,0,0,1,1,1,1,0,1,1,1,0,0,0,1,0,0,0,1,0,0,0,0,1,0,0,0,1,1,0
41371963,977.230670900442,850,쏘나타,LF 쏘나타,57,140221,1999,5,11,2,1,0,1,1,1,1,1,1,1,1,1,0,0,0,0,0,0,1,0,0,0,0,1,0,0,0,1,0,1
41265702,469.43562524615083,490,크루즈,크루즈,95,83150,1362,5,12,0,0,0,1,1,0,1,1,1,0,1,0,0,0,0,1,0,0,1,0,0,0,0,1,0,0,0,1,0,1
40053255,800.0418365153032,850,트랙스,트랙스,103,61292,1598,5,10,8,1,0,1,1,0,0,1,1,0,1,0,0,0,0,1,0,0,0,0,1,0,0,1,0,0,0,1,1,0
41659134,672.6380015602682,390,모닝,올 뉴 모닝,42,145943,998,5,14,10,0,0,1,1,0,1,0,1,0,1,0,1,0,0,0,0,0,1,0,0,0,0,1,0,0,0,1,0,1
41566355,928.4206454774875,1550,아반떼,아반떼 (CN7),62,106092,1598,5,6,11,0,1,1,1,1,1,1,1,1,1,1,0,0,0,0,0,0,1,0,0,0,0,0,1,0,0,1,0,1
41065320,963.6518467963097,1320,티볼리,베리 뉴 티볼리,105,89183,1497,5,6,4,0,0,1,1,0,1,1,1,1,1,0,0,0,1,0,0,0,1,0,0,0,0,0,0,0,1,1,1,0
39897329,1023.4311157213216,1490,K7,K7 프리미어,12,115426,2497,5,6,34,0,1,1,1,1,1,1,1,1,1,0,1,0,0,0,0,0,1,0,0,0,0,0,0,1,0,1,0,1
41527897,1182.1609548412846,1690,G70,G70,4,146433,2199,5,8,9,1,1,1,1,1,1,1,1,1,1,0,0,1,0,0,0,0,0,0,1,0,0,0,0,0,1,1,0,1
41443412,936.2255262529029,1389,아반떼,아반떼 (CN7),62,118743,1598,5,5,10,0,0,1,1,1,1,1,1,1,1,1,0,0,0,0,0,0,1,0,0,0,0,1,0,0,0,1,0,1
41344692,1247.5118753613704,1630,XM3,XM3,23,28042,1598,5,5,1,0,1,1,1,1,1,0,1,0,1,0,0,0,0,0,1,0,1,0,0,0,0,1,0,0,0,1,1,0
41589359,1063.6126404216627,1670,싼타페,싼타페 TM,56,129729,1995,5,8,5,1,1,1,1,1,1,1,1,1,1,1,0,0,0,0,0,0,0,0,1,0,0,0,0,1,0,1,1,0
41653116,952.3521370538434,999,K7,올 뉴 K7,12,187377,2199,5,9,2,0,0,0,0,0,0,0,0,0,0,0,1,0,0,0,0,0,0,0,1,0,0,0,0,0,1,1,0,1
40977631,764.0587856658007,519,체어맨,뉴체어맨 W,84,137696,3598,5,15,19,0,1,1,1,1,1,1,1,1,1,0,0,0,1,0,0,0,1,0,0,0,0,0,1,0,0,1,0,1
41656817,1240.6033095126206,1350,G80,G80,5,179299,3342,5,9,4,0,1,1,1,1,1,1,1,1,1,0,0,1,0,0,0,0,1,0,0,0,0,0,1,0,0,1,0,1
41404182,968.6868564277833,840,쏘나타,LF 쏘나타,57,107620,1999,5,10,8,0,0,1,1,1,1,1,1,1,1,1,0,0,0,0,0,0,1,0,0,0,0,0,0,1,0,1,0,1
41303074,1301.2282984354893,1690,QM6,더 뉴 QM6,17,39946,1998,5,6,3,0,1,1,1,1,1,1,1,0,1,0,0,0,0,0,1,1,0,0,0,0,0,1,0,0,0,1,1,0
41165896,1256.5223711085262,1590,렉스턴,렉스턴 스포츠,35,70667,2157,5,8,0,0,1,1,1,1,1,1,1,1,1,0,0,0,1,0,0,0,0,0,1,0,0,0,0,0,1,1,1,0
40850226,907.2378156501135,650,그랜저,그랜저 HG,27,165523,2359,5,11,12,0,0,1,1,1,1,1,1,0,1,1,0,0,0,0,0,0,1,0,0,0,0,1,0,0,0,1,0,1
41213945,1103.8161338740256,1690,넥쏘,넥쏘,28,42591,0,5,3,2,0,1,1,1,1,1,1,1,1,1,1,0,0,0,0,0,0,0,0,0,0,1,0,0,1,0,1,1,0
41461697,875.1505814198441,1190,제네시스,제네시스 DH,81,165691,3342,5,11,4,1,1,1,1,1,1,1,1,1,1,1,0,0,0,0,0,0,1,0,0,0,0,0,1,0,0,1,0,1
40696805,935.928526081858,1690,그랜저,그랜저 IG,27,106468,2359,5,8,3,0,1,1,1,1,1,1,1,1,1,1,0,0,0,0,0,0,1,0,0,0,0,0,0,1,0,1,0,1
41319204,1264.805265999821,1399,렉스턴,G4 렉스턴,35,105837,2157,7,8,2,0,1,1,1,0,1,1,1,1,1,0,0,0,1,0,0,0,0,0,1,0,0,0,0,0,1,1,1,0
41557453,1256.5223711085262,1390,렉스턴,렉스턴 스포츠,35,63464,2157,5,7,3,0,0,1,0,0,1,0,1,0,1,0,0,0,1,0,0,0,0,0,1,0,0,0,0,1,0,1,1,0
41658628,941.3889022900747,1590,쏘나타,쏘나타 (DN8),57,53219,1999,5,7,2,0,1,1,1,1,1,1,1,0,1,1,0,0,0,0,0,0,1,0,0,0,0,0,1,0,0,1,0,1
41607015,935.928526081858,530,그랜저,그랜저 HG,27,165462,2359,5,13,2,0,1,1,1,1,1,1,1,0,1,1,0,0,0,0,0,0,1,0,0,0,0,0,1,0,0,1,0,1
41632411,1244.0155609115354,1380,코나,코나,91,44647,1591,5,8,3,0,0,1,1,0,1,1,1,1,1,1,0,0,0,0,0,0,1,0,0,0,0,0,0,0,1,1,1,0
41500188,970.8411733726565,599,티볼리,티볼리,105,138925,1597,5,10,14,1,0,1,0,0,1,1,1,0,1,0,0,0,1,0,0,0,1,0,0,0,0,0,1,0,0,1,1,0
40803648,809.9140873524058,777,SM6,SM6,20,143517,1461,5,10,16,0,0,1,1,1,1,0,1,1,1,0,0,0,0,0,1,0,0,0,1,0,0,1,0,0,0,1,0,1
41104892,483.19448616103887,320,SM3,SM3 네오,18,96314,1598,5,12,4,0,0,1,1,0,0,1,1,0,0,0,0,0,0,0,1,0,1,0,0,0,0,0,1,0,0,1,0,1
41016490,1192.3813152408418,1190,맥스크루즈,맥스크루즈,41,111111,2199,7,12,0,1,1,1,1,1,1,1,1,1,1,1,0,0,0,0,0,0,0,0,1,0,0,0,0,1,0,1,1,0
41625348,487.46355435797625,550,크루즈,올 뉴 크루즈,95,144497,1399,5,9,12,0,0,1,1,1,1,0,1,0,1,0,0,0,0,1,0,0,1,0,0,0,0,0,0,1,0,1,0,1
41584150,1309.1947392425673,1450,QM6,더 뉴 QM6,17,84771,1998,5,6,2,0,1,1,1,1,1,1,1,1,1,0,0,0,0,0,1,1,0,0,0,0,0,1,0,0,0,1,1,0
41563108,526.5779521455554,470,스파크,더 넥스트 스파크,54,120824,999,5,10,5,0,0,1,1,0,0,0,1,0,1,0,0,0,0,1,0,0,1,0,0,0,0,1,0,0,0,1,0,1
41506429,833.2990788440546,1290,코란도,뷰티풀 코란도,92,68241,1597,5,7,4,0,1,1,1,0,1,1,1,1,1,0,0,0,1,0,0,0,0,0,1,0,0,1,0,0,0,1,1,0
41277077,651.8405852253035,970,캡티바,캡티바,90,92171,1956,5,10,0,0,0,1,1,1,1,0,1,0,1,0,0,0,0,1,0,0,0,0,1,0,0,0,0,1,0,1,1,0
40919049,916.1401938066147,790,그랜저,그랜저 HG,27,102942,2359,5,13,2,0,0,0,0,0,0,0,0,0,0,1,0,0,0,0,0,0,1,0,0,0,0,1,0,0,0,1,0,1
41641025,1307.3450904664935,1650,렉스턴,렉스턴 스포츠,35,83188,2157,5,7,2,0,0,0,0,0,0,0,0,0,0,0,0,0,1,0,0,0,0,0,1,0,0,0,0,0,1,1,1,0
41658857,936.2255262529029,1200,아반떼,아반떼 AD,62,56950,1591,5,8,3,0,0,1,1,0,1,1,1,0,1,1,0,0,0,0,0,0,1,0,0,0,0,1,0,0,0,1,0,1
39605191,941.3889022900747,1090,쏘나타,쏘나타 뉴 라이즈,57,111510,1685,5,9,2,0,0,1,1,0,1,1,1,0,1,1,0,0,0,0,0,0,0,0,1,0,0,0,1,0,0,1,0,1
41223164,672.6380015602682,1220,모닝,모닝 어반 (JA),42,26257,998,5,4,4,0,0,1,1,0,1,1,1,1,1,0,1,0,0,0,0,0,1,0,0,0,0,1,0,0,0,1,0,1
41563742,784.3381784987009,249,액티언,액티언 스포츠,71,127083,1998,5,20,2,0,0,0,0,0,0,0,0,0,0,0,0,0,1,0,0,0,0,0,1,0,0,0,0,1,0,1,1,0
41498862,778.9139391480519,540,코란도,코란도 스포츠,92,196503,1998,5,11,11,1,0,1,1,1,1,1,1,0,1,0,0,0,1,0,0,0,0,0,1,0,0,0,0,1,0,1,1,0
41650470,1236.8774225826837,1650,트레일블레이저,트레일블레이저,104,84277,1341,5,5,0,0,1,1,1,1,1,0,1,0,1,0,0,0,0,1,0,0,1,0,0,0,0,1,0,0,0,1,1,0
40059572,1138.5330669370128,1250,맥스크루즈,맥스크루즈,41,112109,2199,7,11,5,0,1,1,1,1,1,1,1,1,1,1,0,0,0,0,0,0,0,0,1,0,0,1,0,0,0,1,1,0
41494469,936.9062313760018,400,아반떼,아반떼 MD,62,99759,1591,5,14,6,0,0,1,1,1,0,1,1,0,1,1,0,0,0,0,0,0,1,0,0,0,0,0,0,1,0,1,0,1
38747660,804.849667793527,590,SM6,SM6,20,149981,1998,5,10,6,0,0,1,1,1,1,0,1,0,1,0,0,0,0,0,1,1,0,0,0,0,0,0,1,0,0,1,0,1
39350622,987.5738331607303,1190,스타렉스,더 뉴 그랜드 스타렉스,50,156435,2497,3,7,0,0,0,1,1,0,0,1,1,0,1,1,0,0,0,0,0,0,0,0,1,0,0,0,0,1,0,1,1,0
41630757,1051.6974101665487,1450,싼타페,싼타페 더 프라임,56,136144,1995,5,8,0,0,1,1,1,1,1,1,1,1,1,1,0,0,0,0,0,0,0,0,1,0,0,0,0,1,0,1,1,0
40978655,1301.1905814198442,1500,QM6,더 뉴 QM6,17,51437,1997,5,7,2,0,1,1,1,1,1,1,1,1,1,0,0,0,0,0,1,0,1,0,0,0,0,0,0,1,0,1,1,0
40041767,938.3563612932006,629,쏘울,올 뉴 쏘울,59,130645,1591,5,12,2,0,0,1,1,0,0,1,0,0,1,0,1,0,0,0,0,0,1,0,0,0,0,1,0,0,0,1,0,1
40080385,780.500937773942,500,K5,K5,11,138567,1998,5,16,4,1,1,1,0,1,1,1,1,1,1,0,1,0,0,0,0,0,1,0,0,0,0,0,1,0,0,1,0,1
41492286,734.8122924754482,1070,i40,더 뉴 i40,25,141309,1999,5,11,4,0,1,1,1,1,1,1,1,1,1,1,0,0,0,0,0,0,1,0,0,0,0,0,0,1,0,1,0,1
41064711,397.0685256503341,230,SM5,SM5 뉴 임프레션,19,156839,1998,5,18,12,0,0,1,1,1,1,1,1,0,1,0,0,0,0,0,1,0,1,0,0,0,0,0,1,0,0,1,0,1
41265047,1319.6151889790042,1100,QM6,QM6,17,102343,1995,5,10,1,0,1,1,1,1,1,1,1,1,1,0,0,0,0,0,1,0,0,0,1,0,0,0,1,0,0,1,1,0
41567827,532.6342390295486,630,올란도,올란도,77,130166,1598,7,11,0,0,0,1,1,0,1,0,1,0,1,0,0,0,0,1,0,0,0,0,1,0,0,0,1,0,0,1,1,0
39043233,928.4206454774875,729,아반떼,아반떼 AD,62,149129,1591,5,10,4,0,0,1,1,1,0,1,1,0,1,1,0,0,0,0,0,0,1,0,0,0,0,1,0,0,0,1,0,1
40893799,752.5036338740257,940,카렌스,더 뉴 카렌스,86,152954,1999,7,8,2,0,0,1,1,0,0,1,1,0,1,0,1,0,0,0,0,1,0,0,0,0,0,0,0,1,0,1,1,0
41015854,1027.800505582473,1690,투싼,올 뉴 투싼,101,90254,1995,5,8,1,0,0,1,1,1,1,1,1,1,1,1,0,0,0,0,0,0,0,0,1,0,0,1,0,0,0,1,1,0
41609748,935.928526081858,689,그랜저,그랜저 HG,27,249500,2999,5,10,6,1,1,1,1,1,1,1,1,1,1,1,0,0,0,0,0,1,0,0,0,0,0,1,0,0,0,1,0,1
41222683,930.193512170366,680,쏘나타,LF 쏘나타,57,155222,1685,5,11,4,0,0,1,1,1,1,1,1,1,1,1,0,0,0,0,0,0,0,0,1,0,0,1,0,0,0,1,0,1
41093657,947.3443649473054,1650,아반떼,아반떼 (CN7),62,99307,1598,5,6,2,0,0,0,0,0,0,0,0,0,0,1,0,0,0,0,0,0,1,0,0,0,0,0,0,1,0,1,0,1
41176151,923.0393528184499,790,그랜저,그랜저 HG,27,74017,2359,5,11,9,0,0,1,1,1,1,1,1,0,1,1,0,0,0,0,0,0,1,0,0,0,0,0,0,1,0,1,0,1
41054973,1153.1834208815528,340,카니발,카니발 R,85,143976,2199,11,13,6,0,0,1,1,1,0,1,1,0,1,0,1,0,0,0,0,0,0,0,1,0,0,0,0,0,1,1,1,0
41417046,987.5738331607303,687,스타렉스,그랜드 스타렉스,50,162895,2497,4,9,0,0,0,1,0,1,0,0,0,0,1,1,0,0,0,0,0,0,0,0,1,0,0,0,0,1,0,1,1,0
41401023,1216.6792949027229,1600,EQ900,EQ900,0,226850,5038,5,8,8,1,1,1,1,1,1,1,1,1,1,0,0,1,0,0,0,0,1,0,0,0,0,0,0,1,0,1,0,1
41594911,1057.082523447645,1050,싼타페,싼타페 더 프라임,56,202985,1995,5,9,2,0,1,1,1,1,1,1,1,1,1,1,0,0,0,0,0,0,0,0,1,0,0,0,0,1,0,1,1,0
40670793,988.0567474787636,1320,스타렉스,그랜드 스타렉스,50,57891,2497,5,10,6,0,0,1,1,0,0,1,1,1,1,1,0,0,0,0,0,0,0,0,1,0,0,0,0,1,0,1,1,0
41627413,950.3037718506688,1520,쏘나타,쏘나타 (DN8),57,105305,1999,5,6,17,0,1,1,1,1,1,1,1,1,1,1,0,0,0,0,0,0,1,0,0,0,0,1,0,0,0,1,0,1
41454539,539.6756970784525,450,스파크,더 넥스트 스파크,54,122444,999,5,10,0,0,0,1,1,0,1,0,1,0,1,0,0,0,0,1,0,0,1,0,0,0,0,0,0,1,0,1,0,1
41515268,539.6756970784525,710,스파크,더 넥스트 스파크,54,62239,999,5,9,1,0,0,1,1,1,1,0,1,0,1,0,0,0,0,1,0,0,1,0,0,0,0,0,0,1,0,1,0,1
41546944,768.0397857057295,580,트랙스,트랙스,103,110141,1362,5,11,3,1,0,1,1,0,0,1,1,0,1,0,0,0,0,1,0,0,1,0,0,0,0,1,0,0,0,1,1,0
41565987,1050.1398208359376,339,투싼,투싼,101,115730,1991,5,17,2,1,0,1,0,1,0,0,1,0,1,1,0,0,0,0,0,0,0,0,1,0,0,0,1,0,0,1,1,0
41279686,1001.0863434464768,700,스포티지,스포티지 R,55,105582,1995,5,13,13,0,1,1,1,1,1,1,1,1,1,0,1,0,0,0,0,0,0,0,1,0,0,1,0,0,0,1,1,0
41502937,950.3037718506688,790,쏘나타,LF 쏘나타,57,189664,1999,5,11,1,0,0,1,1,1,1,1,1,0,1,1,0,0,0,0,0,1,0,0,0,0,0,1,0,0,0,1,0,1
41180173,487.41627910745245,390,크루즈,어메이징 뉴 크루즈,95,79075,1796,5,11,14,0,0,1,1,0,0,1,1,0,0,0,0,0,0,1,0,0,1,0,0,0,0,1,0,0,0,1,0,1
40761317,1044.2984497031264,1200,모하비,모하비,43,94664,2959,7,12,5,0,1,1,1,1,1,1,1,1,1,0,1,0,0,0,0,0,0,0,1,0,0,0,0,0,1,1,1,0
41650901,936.9062313760018,1690,아반떼,아반떼 (CN7),62,74205,1598,5,3,13,1,1,1,1,1,1,1,1,1,1,1,0,0,0,0,0,0,1,0,0,0,0,1,0,0,0,1,0,1
41423107,731.0503877135434,420,i40,i40 살룬,25,170347,1685,5,13,0,0,0,1,0,1,1,0,1,0,1,1,0,0,0,0,0,0,0,0,1,0,0,1,0,0,0,1,0,1
41494483,962.3768750735256,1250,티볼리,티볼리 아머,105,54283,1597,5,8,4,0,1,1,1,0,1,1,1,1,1,0,0,0,1,0,0,0,1,0,0,0,0,1,0,0,0,1,1,0
41603269,943.9179347406766,1250,아반떼,아반떼 AD,62,80044,1591,5,8,4,0,0,1,1,0,1,1,1,0,1,1,0,0,0,0,0,0,1,0,0,0,0,1,0,0,0,1,0,1
41604222,1122.21175713316,624,카니발,카니발 4세대,85,87663,2151,9,3,2,0,1,1,1,0,1,0,1,1,1,0,1,0,0,0,0,0,0,0,1,0,0,1,0,0,0,1,1,0
41637258,1273.33407874339,730,G80,G80,5,306081,3342,5,9,2,0,1,1,1,1,1,1,1,1,1,0,0,1,0,0,0,0,1,0,0,0,0,0,1,0,0,1,0,1
39331791,930.193512170366,1280,쏘나타,LF 쏘나타,57,34775,1999,5,10,23,0,0,1,1,1,1,1,1,0,1,1,0,0,0,0,0,0,1,0,0,0,0,0,0,1,0,1,0,1
40538757,595.2633974775831,290,알페온,알페온,70,159750,2997,5,15,4,0,1,1,1,1,1,1,1,1,1,0,0,0,0,1,0,0,1,0,0,0,0,1,0,0,0,1,0,1
41322509,582.3662791811096,269,아베오,아베오 해치백,63,137904,1598,5,13,3,0,0,1,1,0,0,1,1,0,1,0,0,0,0,1,0,0,1,0,0,0,0,0,0,0,1,1,0,1
41059263,988.0567474787636,790,스타렉스,그랜드 스타렉스,50,264532,2359,3,16,17,0,0,0,1,0,0,1,1,0,1,1,0,0,0,0,0,1,0,0,0,0,0,1,0,0,0,1,1,0
41624628,910.4589389790043,1050,제네시스,제네시스 DH,81,178673,3778,5,11,4,0,1,1,1,1,1,1,1,1,1,1,0,0,0,0,0,0,1,0,0,0,0,0,1,0,0,1,0,1
40815997,1035.3350952116489,1680,쏘렌토,더 뉴 쏘렌토,58,114783,1995,5,7,2,0,0,1,1,1,1,1,1,1,1,0,1,0,0,0,0,0,0,0,1,0,0,0,0,1,0,1,1,0
39828342,963.6518467963097,699,티볼리,티볼리,105,173332,1597,5,11,2,1,1,1,1,1,1,1,1,1,1,0,0,0,1,0,0,0,1,0,0,0,0,1,0,0,0,1,1,0
40539796,535.2976053661823,390,올란도,올란도,77,62000,1998,7,15,2,0,0,1,0,0,0,0,1,0,0,0,0,0,0,1,0,0,0,0,1,0,0,0,0,1,0,1,1,0
39792795,910.1871038167646,555,에스페로,에스페로,72,247404,1498,5,30,2,0,0,0,0,0,0,0,0,0,0,0,0,0,0,1,0,0,1,0,0,0,0,1,0,0,0,1,0,1
39509950,1084.4388555279147,1650,카니발,더 뉴 카니발,85,127041,2199,9,8,7,1,1,1,1,1,1,1,1,1,1,0,1,0,0,0,0,0,0,0,1,0,0,0,1,0,0,1,1,0
40556894,905.6914320771383,1280,그랜저,그랜저 IG,27,153643,2359,5,9,8,1,1,1,1,1,1,1,1,1,1,1,0,0,0,0,0,0,1,0,0,0,0,1,0,0,0,1,0,1
41178618,793.5123984456893,690,코란도,코란도 스포츠,92,99492,1998,5,11,8,0,0,1,1,1,1,1,1,0,1,0,0,0,1,0,0,0,0,0,1,0,0,1,0,0,0,1,1,0
41636833,1256.5223711085262,1500,렉스턴,렉스턴 스포츠,35,108333,2157,5,8,1,0,0,1,0,1,1,0,1,0,1,0,0,0,1,0,0,0,0,0,1,0,0,0,0,1,0,1,1,0
41644160,819.4078380887734,749,SM6,SM6,20,113233,1997,5,8,9,0,1,1,1,1,1,1,1,1,1,0,0,0,0,0,1,0,1,0,0,0,0,0,0,1,0,1,0,1
41470683,1014.8324651358752,1390,투싼,올 뉴 투싼,101,86395,1598,5,8,5,0,0,1,1,1,1,1,1,0,1,1,0,0,0,0,0,0,0,0,1,0,0,0,0,1,0,1,1,0
39655858,793.5123984456893,800,코란도,코란도 투리스모,92,98821,2157,9,10,1,0,1,1,1,1,1,1,1,0,1,0,0,0,1,0,0,0,0,0,1,0,0,1,0,0,0,1,1,0
41080649,814.4268981028265,1690,말리부,더 뉴 말리부,40,35878,1998,5,5,0,0,0,1,1,1,1,1,1,0,1,0,0,0,0,1,0,0,1,0,0,0,0,0,1,0,0,1,0,1
40759293,845.8008944920679,599,K5,더 뉴 K5,11,113172,1999,5,12,20,0,0,1,1,1,1,1,1,1,1,0,1,0,0,0,0,0,1,0,0,0,0,0,1,0,0,1,0,1
40856641,780.500937773942,380,K5,K5 하이브리드,11,202058,1999,5,13,5,0,0,1,1,1,1,1,1,1,1,0,1,0,0,0,0,0,0,1,0,0,0,1,0,0,0,1,0,1
41202016,911.6143412213561,710,K9,K9,14,182013,3342,5,14,11,0,1,1,1,1,1,1,1,1,1,0,1,0,0,0,0,0,1,0,0,0,0,0,1,0,0,1,0,1
41467170,1024.6264535496102,850,스포티지,스포티지 R,55,189303,1998,5,14,1,1,1,1,1,1,1,1,1,1,1,0,1,0,0,0,0,0,1,0,0,0,0,1,0,0,0,1,1,0
41545762,910.4589389790043,729,제네시스,제네시스 DH,81,257376,3342,5,12,4,0,1,1,1,1,1,1,1,1,1,1,0,0,0,0,0,0,1,0,0,0,0,0,1,0,0,1,0,1
41170843,967.6269960460112,820,티볼리,티볼리 에어,105,74702,1597,5,10,5,0,0,1,0,0,1,1,1,0,1,0,0,0,1,0,0,0,0,0,1,0,0,1,0,0,0,1,1,0
41422881,807.4456798684994,990,SM6,SM6,20,60558,1997,5,7,7,0,0,1,1,1,1,1,1,0,1,0,0,0,0,0,1,0,1,0,0,0,0,0,0,1,0,1,0,1
41448918,1024.6264535496102,790,스포티지,더 뉴 스포티지 R,55,156746,1995,5,13,3,1,1,1,1,1,1,1,1,1,1,0,1,0,0,0,0,0,0,0,1,0,0,1,0,0,0,1,1,0
38387143,553.7149246371913,410,올란도,올란도,77,116267,1998,7,15,3,0,0,1,0,1,1,1,1,0,1,0,0,0,0,1,0,0,0,0,1,0,0,0,0,1,0,1,1,0
41548113,830.7441133874026,1190,코란도,뷰티풀 코란도,92,112084,1597,5,7,1,1,1,1,1,1,1,1,1,1,1,0,0,0,1,0,0,0,0,0,1,0,0,0,0,0,1,1,1,0
41596349,1121.333920626105,1450,카니발,올 뉴 카니발,85,120682,2199,9,9,15,0,1,1,1,1,1,1,1,1,1,0,1,0,0,0,0,0,0,0,1,0,0,1,0,0,0,1,1,0
40921302,987.5738331607303,550,스타렉스,그랜드 스타렉스,50,272090,2497,5,11,7,0,0,1,0,0,0,0,1,0,1,1,0,0,0,0,0,0,0,0,1,0,0,1,0,0,0,1,1,0
41453591,1023.4311157213216,1499,K7,올 뉴 K7,12,128695,3342,5,7,2,0,1,1,1,1,1,1,1,1,1,0,1,0,0,0,0,0,1,0,0,0,0,0,1,0,0,1,0,1
41602793,728.1911338740257,100,G90,G90 (RS4),6,37173,3470,5,4,5,1,1,1,1,1,1,1,1,1,1,0,0,1,0,0,0,0,1,0,0,0,0,0,1,0,0,1,0,1
40568857,800.0418365153032,390,트랙스,트랙스,103,109306,1362,5,13,2,1,0,1,1,0,0,0,1,0,1,0,0,0,0,1,0,0,1,0,0,0,0,0,1,0,0,1,1,0
41114475,1023.4311157213216,1120,K7,올 뉴 K7,12,160550,3342,5,9,5,1,1,1,1,1,1,1,1,1,1,0,1,0,0,0,0,0,1,0,0,0,0,0,1,0,0,1,0,1
41389333,1304.167236686122,1180,QM6,QM6,17,65015,1995,5,9,6,1,0,1,1,1,1,0,1,1,1,0,0,0,0,0,1,0,0,0,1,0,0,1,0,0,0,1,1,0
41628763,1005.1859527579388,1650,투싼,올 뉴 투싼,101,86797,1995,5,8,1,1,0,1,1,1,1,1,1,1,1,1,0,0,0,0,0,0,0,0,1,0,0,1,0,0,0,1,1,0
40421776,804.849667793527,550,SM6,SM6,20,102579,1997,5,10,15,0,0,1,1,1,1,1,1,0,1,0,0,0,0,0,1,0,1,0,0,0,0,1,0,0,0,1,0,1
41542782,867.4613543331805,750,제네시스,제네시스 DH,81,189142,3342,5,12,36,1,1,1,1,1,1,1,1,1,1,1,0,0,0,0,0,0,1,0,0,0,0,0,1,0,0,1,0,1
41268979,1301.2282984354893,870,QM6,QM6,17,159208,1995,5,9,10,1,0,1,1,1,1,0,1,1,1,0,0,0,0,0,1,0,0,0,1,0,0,1,0,0,0,1,1,0
41191369,970.8411733726565,650,티볼리,티볼리,105,189058,1597,5,10,1,0,1,1,1,1,1,0,1,1,1,0,0,0,1,0,0,0,1,0,0,0,0,1,0,0,0,1,1,0
41647195,699.989762412874,270,모닝,뉴모닝,42,107458,999,5,16,9,0,0,1,1,0,0,1,1,0,1,0,1,0,0,0,0,0,1,0,0,0,0,1,0,0,0,1,0,1
41302885,390.5605814198441,200,SM5,SM5 뉴 임프레션,19,183689,1998,5,17,9,0,1,1,1,1,1,1,1,0,1,0,0,0,0,0,1,0,1,0,0,0,0,1,0,0,0,1,0,1
41563406,833.2990788440546,699,코란도,코란도 투리스모,92,266308,2157,9,9,3,0,1,1,1,1,1,0,1,1,1,0,0,0,1,0,0,0,0,0,1,0,0,1,0,0,0,1,1,0
41619339,817.7357216322383,860,말리부,더 뉴 말리부,40,175583,1341,5,7,2,0,1,1,1,1,1,0,1,1,1,0,0,0,0,1,0,0,1,0,0,0,0,1,0,0,0,1,0,1
39354924,839.932724427458,690,라보,뉴 라보,32,60326,796,2,8,10,0,0,0,0,0,0,0,0,0,0,0,0,0,0,1,0,1,0,0,0,0,0,1,0,0,0,0,1,0
41487946,809.9140873524058,899,SM6,SM6,20,68332,1997,5,10,4,1,0,1,1,1,1,0,1,0,1,0,0,0,0,0,1,0,1,0,0,0,0,0,1,0,0,1,0,1
41059134,935.928526081858,1220,그랜저,그랜저 HG,27,58768,2999,5,10,4,0,0,1,1,1,1,1,1,1,1,1,0,0,0,0,0,1,0,0,0,0,0,0,1,0,0,1,0,1
41560557,847.0020764994432,650,베라크루즈,베라크루즈,46,106800,2959,7,15,4,0,1,1,1,1,0,1,1,0,1,1,0,0,0,0,0,0,0,0,1,0,0,0,0,1,0,1,1,0
40538478,592.4795248257481,420,엑센트,엑센트(신형),74,125026,1582,5,12,5,0,0,1,1,0,0,1,0,0,1,1,0,0,0,0,0,0,0,0,1,0,0,0,0,1,0,1,0,1
41559123,1266.4080669370128,799,EQ900,EQ900,0,341750,3778,5,8,10,0,1,1,1,1,1,1,1,1,1,0,0,1,0,0,0,0,1,0,0,0,0,0,1,0,0,1,0,1
41028966,817.7357216322383,999,말리부,더 뉴 말리부,40,112751,1341,5,7,9,0,0,1,1,1,1,1,1,1,1,0,0,0,0,1,0,0,1,0,0,0,0,0,1,0,0,1,0,1
41592976,907.2378156501135,720,그랜저,그랜저 HG,27,148455,2359,5,11,10,1,1,1,1,1,1,1,1,1,1,1,0,0,0,0,0,0,1,0,0,0,0,1,0,0,0,1,0,1
41593774,886.0914963836809,490,제네시스,제네시스,81,152268,3778,5,17,4,1,1,1,1,1,1,0,1,1,1,1,0,0,0,0,0,0,1,0,0,0,0,0,0,1,0,1,0,1
41536521,1247.4949211722349,1399,렉스턴,렉스턴 스포츠,35,137930,2157,5,8,6,0,0,1,1,1,1,1,1,0,1,0,0,0,1,0,0,0,0,0,1,0,0,0,1,0,0,1,1,0
40274288,533.309928537862,230,아베오,아베오 해치백,63,86026,1598,5,15,20,1,0,1,1,0,0,1,1,0,1,0,0,0,0,1,0,0,1,0,0,0,0,0,0,0,1,1,0,1
40532796,930.193512170366,900,쏘나타,LF 쏘나타,57,135360,1999,5,12,8,0,1,1,1,1,1,1,1,1,1,1,0,0,0,0,0,0,1,0,0,0,0,0,0,1,0,1,0,1
41288116,936.9062313760018,399,아반떼,아반떼 MD,62,95935,1591,5,15,5,0,0,1,1,1,0,1,1,0,0,1,0,0,0,0,0,0,1,0,0,0,0,0,0,1,0,1,0,1
41493450,950.3037718506688,480,쏘나타,쏘나타 더 브릴리언트,57,142075,1999,5,14,8,0,0,1,0,1,1,0,1,0,1,1,0,0,0,0,0,0,1,0,0,0,0,0,1,0,0,1,0,1
40588565,444.45152312654096,450,SM3,SM3 네오,18,94437,1598,5,12,16,1,0,1,1,1,1,1,1,0,1,0,0,0,0,0,1,0,1,0,0,0,0,0,0,1,0,1,0,1
40787827,467.5515672751364,390,크루즈,어메이징 뉴 크루즈,95,122874,1362,5,11,17,1,0,1,1,1,1,1,1,0,1,0,0,0,0,1,0,0,1,0,0,0,0,1,0,0,0,1,0,1
41649757,1262.8915334685064,1250,코나,코나,91,127474,1582,5,8,0,0,0,1,1,1,1,1,1,1,1,1,0,0,0,0,0,0,0,0,1,0,0,1,0,0,0,1,1,0
40508806,455.50858679976017,320,SM3,SM3 네오,18,125752,1598,5,11,2,0,0,1,1,1,1,1,1,0,1,0,0,0,0,0,1,0,1,0,0,0,0,0,0,1,0,1,0,1
41495486,1253.701162839688,1680,XM3,XM3,23,24078,1332,5,5,0,0,1,1,1,1,1,0,1,0,1,0,0,0,0,0,1,0,1,0,0,0,0,0,0,1,0,1,1,0
41571551,511.37274562236945,699,스파크,더 뉴 스파크,54,94173,999,5,8,6,0,0,1,0,0,1,1,1,0,1,0,0,0,0,1,0,0,1,0,0,0,0,0,0,1,0,1,0,1
38425351,467.5515672751364,250,크루즈,크루즈,95,178206,1796,5,14,9,1,0,1,0,1,1,0,1,0,1,0,0,0,0,1,0,0,1,0,0,0,0,0,1,0,0,1,0,1
41302171,592.4795248257481,250,엑센트,엑센트(신형),74,213646,1582,5,14,13,1,0,1,1,0,1,1,1,0,1,1,0,0,0,0,0,0,0,0,1,0,0,1,0,0,0,1,0,1
41486163,880.2213244404137,1550,레이,더 뉴 레이,34,29080,998,5,4,0,0,0,1,1,1,1,1,1,0,1,0,1,0,0,0,0,0,1,0,0,0,0,0,1,0,0,1,0,1
41529336,1390.1913990791177,1320,캐스퍼,캐스퍼,88,32122,998,4,4,2,0,0,1,1,0,0,0,0,0,0,1,0,0,0,0,0,0,1,0,0,0,0,1,0,0,0,1,0,1
41576539,1256.713002151279,1490,코나,코나,91,61879,1591,5,9,1,1,1,1,1,0,1,1,1,0,1,1,0,0,0,0,0,0,1,0,0,0,0,1,0,0,0,1,1,0
40973177,1051.6974101665487,329,싼타페,싼타페 CM,56,218492,1995,7,16,2,0,0,1,1,1,0,1,1,0,1,1,0,0,0,0,0,0,0,0,1,0,0,1,0,0,0,1,1,0
41385295,928.4206454774875,1590,아반떼,아반떼 (CN7),62,69733,1598,5,6,3,0,0,1,1,1,1,1,1,1,1,1,0,0,0,0,0,0,1,0,0,0,0,1,0,0,0,1,0,1
38234119,653.1887112913419,330,SM7,All New SM7,21,135623,2495,5,15,15,1,1,1,1,1,1,1,1,0,1,0,0,0,0,0,1,0,1,0,0,0,0,0,0,1,0,1,0,1
41636514,923.0393528184499,1400,그랜저,그랜저 IG,27,151602,2999,5,9,16,1,1,1,1,1,1,1,1,1,1,1,0,0,0,0,0,1,0,0,0,0,0,0,0,1,0,1,0,1
41513872,719.0411628396882,999,QM3,QM3,15,126173,1461,5,11,19,0,0,1,1,1,1,1,1,0,1,0,0,0,0,0,1,0,0,0,1,0,0,0,1,0,0,1,1,0
39174119,535.2976053661823,530,올란도,올란도,77,97357,1998,7,12,17,0,0,1,0,0,0,0,1,0,0,0,0,0,0,1,0,0,0,0,1,0,0,0,0,1,0,1,1,0
41219148,967.6269960460112,740,티볼리,티볼리,105,49011,1597,5,11,2,0,0,0,1,0,0,1,0,0,0,0,0,0,1,0,0,0,1,0,0,0,0,0,1,0,0,1,1,0
41583349,1050.1398208359376,670,투싼,투싼 ix,101,70472,1995,5,15,2,1,0,1,1,1,1,1,1,0,1,1,0,0,0,0,0,0,0,0,1,0,0,1,0,0,0,1,1,0
41470582,817.29454516165,630,말리부,올 뉴 말리부,40,150570,1490,5,10,10,0,1,1,1,1,1,0,1,1,1,0,0,0,0,1,0,0,1,0,0,0,0,1,0,0,0,1,0,1
41100970,1057.082523447645,299,싼타페,싼타페 CM,56,197187,1995,7,15,16,0,0,1,1,1,0,1,1,0,1,1,0,0,0,0,0,0,0,0,1,0,0,0,0,1,0,1,1,0
40095312,880.2213244404137,780,레이,레이,34,76766,998,5,14,3,0,0,1,1,1,1,0,1,0,1,0,1,0,0,0,0,0,1,0,0,0,0,0,0,1,0,1,0,1
41352778,511.37274562236945,399,스파크,더 뉴 스파크,54,146840,999,2,8,3,0,0,0,0,0,0,0,0,0,0,0,0,0,0,1,0,0,1,0,0,0,0,1,0,0,0,1,0,1
40553707,1301.1905814198442,1120,QM6,QM6,17,145319,1995,5,7,4,1,1,1,1,1,1,1,1,1,1,0,0,0,0,0,1,0,0,0,1,0,0,1,0,0,0,1,1,0
41652489,688.901938066147,400,캡티바,캡티바,90,161045,1998,7,12,1,0,0,1,1,1,1,1,1,0,1,0,0,0,0,1,0,0,0,0,1,0,0,1,0,0,0,1,1,0
40170064,833.2990788440546,650,코란도,뉴코란도,92,75694,2874,2,21,1,0,0,0,0,0,0,0,1,0,0,0,0,0,1,0,0,0,0,0,1,0,0,1,0,0,0,1,1,0
40840823,699.989762412874,280,모닝,올 뉴 모닝,42,79981,998,5,15,2,0,0,1,1,1,1,1,1,0,1,0,1,0,0,0,0,0,1,0,0,0,0,1,0,0,0,1,0,1
41021653,905.6914320771383,970,그랜저,그랜저 HG,27,107175,2359,5,12,6,1,1,1,1,1,1,1,1,0,1,1,0,0,0,0,0,0,1,0,0,0,0,1,0,0,0,1,0,1
41189841,907.2378156501135,890,그랜저,그랜저 HG,27,150942,2359,5,10,5,1,1,1,1,1,1,1,1,0,1,1,0,0,0,0,0,0,1,0,0,0,0,1,0,0,0,1,0,1
41026603,1136.8451653676004,1660,셀토스,셀토스,49,89798,1591,5,7,0,0,1,1,1,1,1,1,1,1,1,0,1,0,0,0,0,0,1,0,0,0,0,1,0,0,0,1,1,0
41042385,1024.6264535496102,659,스포티지,스포티지 R,55,92046,1995,5,15,2,0,0,1,1,1,1,0,1,0,1,0,1,0,0,0,0,0,0,0,1,0,0,0,0,1,0,1,1,0
41485649,936.9062313760018,550,아반떼,더 뉴 아반떼,62,54196,1591,5,13,2,0,0,1,0,0,0,0,0,0,1,1,0,0,0,0,0,0,1,0,0,0,0,0,0,1,0,0,0,1
41586928,1024.6264535496102,1090,스포티지,스포티지 4세대,55,176478,1995,5,9,3,1,1,1,1,1,1,1,1,1,1,0,1,0,0,0,0,0,0,0,1,0,0,0,0,0,1,1,1,0
41651126,1013.7211628396882,650,스포티지,스포티지 R,55,80218,1995,5,14,12,1,1,1,1,1,1,1,1,1,1,0,1,0,0,0,0,0,0,0,1,0,0,0,0,1,0,1,1,0
41189906,1160.0663916769165,750,맥스크루즈,맥스크루즈,41,239669,2199,6,13,1,0,1,1,1,1,1,1,1,1,1,1,0,0,0,0,0,0,0,0,1,0,0,0,0,0,1,1,1,0
41274728,1010.3075581570316,1240,스타렉스,그랜드 스타렉스,50,101103,2497,5,9,2,0,0,1,1,0,0,1,1,0,1,1,0,0,0,0,0,0,0,0,1,0,0,0,0,1,0,1,1,0
41542232,1023.4311157213216,550,K7,K7 하이브리드,12,186461,2359,5,12,12,0,0,1,1,1,1,1,1,1,1,0,1,0,0,0,0,0,0,1,0,0,0,0,0,1,0,1,0,1
41625207,968.6868564277833,1390,쏘나타,쏘나타 뉴 라이즈,57,74580,1999,5,8,8,0,0,1,1,1,1,1,1,1,1,1,0,0,0,0,0,1,0,0,0,0,0,1,0,0,0,1,0,1
41053054,855.9619243526355,1660,K3,더 뉴 K3 2세대,10,75079,1598,5,4,3,0,0,1,1,0,1,1,1,0,1,0,1,0,0,0,0,0,1,0,0,0,0,1,0,0,0,1,0,1
40982957,817.29454516165,1090,말리부,더 뉴 말리부,40,114336,1998,5,7,7,0,0,1,1,1,1,1,1,0,1,0,0,0,0,1,0,0,1,0,0,0,0,0,1,0,0,1,0,1
39769302,1301.1905814198442,1649,QM6,더 뉴 QM6,17,91844,1998,5,4,0,0,1,1,1,1,1,1,1,1,1,0,0,0,0,0,1,1,0,0,0,0,0,0,0,1,0,1,1,0
41492553,897.00342011673,1150,K9,K9,14,141688,3778,5,13,8,1,1,1,1,1,1,1,1,1,1,0,1,0,0,0,0,0,1,0,0,0,0,0,1,0,0,1,0,1
40107447,992.8099193332274,1450,스타렉스,그랜드 스타렉스,50,121180,2497,11,12,0,0,0,0,0,1,0,0,1,1,1,1,0,0,0,0,0,0,0,0,1,0,0,0,1,0,0,1,1,0
41561014,880.2213244404137,990,레이,더 뉴 레이,34,82002,998,5,7,4,0,0,1,1,0,0,1,1,0,1,0,1,0,0,0,0,0,1,0,0,0,0,1,0,0,0,1,0,1
41184846,1301.2282984354893,1650,QM6,더 뉴 QM6,17,62733,1998,5,7,5,0,1,1,1,1,1,1,1,1,1,0,0,0,0,0,1,1,0,0,0,0,0,0,1,0,0,1,1,0
41517429,935.928526081858,1170,그랜저,그랜저 IG,27,100558,2999,5,9,3,0,0,1,1,1,1,1,1,0,1,1,0,0,0,0,0,0,1,0,0,0,0,0,1,0,0,1,0,1
41515599,473.05967855859427,450,크루즈,어메이징 뉴 크루즈,95,112635,1362,5,11,4,1,0,1,1,1,1,1,1,0,1,0,0,0,0,1,0,0,1,0,0,0,0,1,0,0,0,1,0,1
41326037,804.849667793527,908,SM6,SM6,20,99825,1618,5,10,6,1,1,1,1,1,1,1,1,1,1,0,0,0,0,0,1,0,1,0,0,0,0,1,0,0,0,1,0,1
40774518,1084.4388555279147,1320,카니발,올 뉴 카니발,85,135909,2199,9,10,1,1,1,1,1,1,1,1,1,1,1,0,1,0,0,0,0,0,0,0,1,0,0,1,0,0,0,1,1,0
41132961,870.010476653311,1240,제네시스,제네시스 DH,81,131787,3342,5,11,7,1,1,1,1,1,1,1,1,1,1,1,0,0,0,0,0,0,1,0,0,0,0,0,0,1,0,1,0,1
41267408,936.2255262529029,1299,아반떼,아반떼 (CN7),62,21336,1598,5,6,19,0,0,1,1,1,1,1,1,1,1,1,0,0,0,0,0,0,1,0,0,0,0,0,0,0,1,1,0,1
38261140,831.0491350121001,650,코란도,코란도 투리스모,92,82255,1998,5,12,5,1,0,1,1,1,1,1,1,0,1,0,0,0,1,0,0,0,0,0,1,0,0,1,0,0,0,1,1,0
41466116,809.9140873524058,1370,SM6,더 뉴 SM6,20,85362,1332,5,6,7,0,1,1,1,1,1,1,1,1,1,0,0,0,0,0,1,0,1,0,0,0,0,1,0,0,0,1,0,1
40543567,793.2511181150848,1620,K3,더 뉴 K3 2세대,10,56048,1598,5,5,2,0,0,1,1,1,1,1,1,0,1,0,1,0,0,0,0,0,1,0,0,0,0,1,0,0,0,1,0,1
41064532,521.1936913921791,700,스파크,더 뉴 스파크,54,126019,999,5,7,6,1,0,1,1,0,1,0,1,0,1,0,0,0,0,1,0,0,1,0,0,0,0,0,0,1,0,0,0,1
40251713,467.5515672751364,290,크루즈,크루즈,95,135282,1796,5,12,4,1,0,1,1,1,1,0,1,0,1,0,0,0,0,1,0,0,1,0,0,0,0,1,0,0,0,1,0,1
41161825,1301.2282984354893,1150,QM6,더 뉴 QM6,17,113337,1997,5,6,1,0,1,1,1,1,1,1,1,0,1,0,0,0,0,0,1,0,1,0,0,0,0,0,0,1,0,1,1,0
38349721,455.50858679976017,140,SM3,뉴SM3,18,172129,1598,5,16,10,0,0,1,0,1,0,0,1,0,1,0,0,0,0,0,1,0,1,0,0,0,0,0,0,1,0,1,0,1
41161404,736.7033647230726,820,QM3,뉴QM3,15,136921,1461,5,7,1,1,1,1,1,1,1,1,1,0,1,0,0,0,0,0,1,0,0,0,1,0,0,0,0,0,1,1,1,0
41620447,1389.3158649586906,1520,캐스퍼,캐스퍼,88,29390,998,4,2,0,0,0,1,1,0,1,1,1,1,1,1,0,0,0,0,0,0,1,0,0,0,0,1,0,0,0,1,0,1
41061865,606.532831881436,220,마티즈,마티즈 크리에이티브,39,100329,995,5,15,1,0,0,1,0,0,0,0,1,0,1,0,0,0,0,1,0,0,1,0,0,0,0,0,0,0,1,0,0,1
41654003,963.6518467963097,1220,티볼리,베리 뉴 티볼리,105,105039,1497,5,7,1,0,0,1,1,0,1,1,1,1,1,0,0,0,1,0,0,0,1,0,0,0,0,1,0,0,0,1,1,0
40457284,793.5123984456893,1580,코란도,뷰티풀 코란도,92,46218,1597,5,6,3,0,0,1,1,1,1,1,1,1,1,0,0,0,1,0,0,0,0,0,1,0,0,0,0,1,0,1,1,0
40947341,397.0685256503341,270,SM5,뉴SM5 플래티넘,19,184946,1998,5,12,7,0,0,1,1,1,1,1,1,0,1,0,0,0,0,0,1,0,1,0,0,0,0,0,0,1,0,1,0,1
40815048,950.3037718506688,419,쏘나타,YF 쏘나타,57,107619,1998,5,17,0,1,0,1,1,1,1,1,1,0,1,1,0,0,0,0,0,0,1,0,0,0,0,1,0,0,0,1,0,1
40656836,526.5779521455554,510,스파크,더 넥스트 스파크,54,113244,999,5,11,4,0,0,1,1,0,1,1,1,0,1,0,0,0,0,1,0,0,1,0,0,0,0,1,0,0,0,1,0,1
41137445,800.0418365153032,1280,트랙스,더 뉴 트랙스,103,37318,1362,5,8,0,0,0,1,1,0,1,0,1,0,1,0,0,0,0,1,0,0,1,0,0,0,0,0,0,1,0,1,1,0
40902991,1122.21175713316,890,카니발,더 뉴 카니발,85,216909,2199,9,8,7,1,0,1,1,1,1,1,1,1,1,0,1,0,0,0,0,0,0,0,1,0,0,0,1,0,0,1,1,0
41494878,1072.7523168570258,980,싼타페,싼타페 DM,56,144551,1995,5,13,12,1,1,1,1,1,1,1,1,1,1,1,0,0,0,0,0,0,0,0,1,0,0,1,0,0,0,1,1,0
40387870,1024.6264535496102,580,스포티지,스포티지 R,55,188619,1995,5,13,2,0,0,1,1,1,1,1,1,1,1,0,1,0,0,0,0,0,0,0,1,0,0,1,0,0,0,1,1,0
41307062,947.3443649473054,660,아반떼,더 뉴 아반떼,62,110639,1591,5,11,4,0,0,1,1,1,0,1,1,0,1,1,0,0,0,0,0,0,1,0,0,0,0,0,0,1,0,1,0,1
40172931,1273.33407874339,879,G80,G80,5,277972,3342,5,10,9,0,1,1,1,1,1,1,1,1,1,0,0,1,0,0,0,0,1,0,0,0,0,0,0,1,0,1,0,1
41565669,780.500937773942,970,K5,K5 2세대,11,60994,1999,5,10,11,0,0,1,1,1,1,1,1,0,1,0,1,0,0,0,0,0,1,0,0,0,0,0,0,0,1,1,0,1
41650252,1240.6033095126206,990,G80,G80,5,264449,3342,5,10,3,0,1,1,1,1,1,1,1,1,1,0,0,1,0,0,0,0,1,0,0,0,0,0,1,0,0,1,0,1
40758923,991.4253131532465,1220,모하비,모하비,43,138908,2959,7,11,1,1,1,1,1,1,1,0,1,1,1,0,1,0,0,0,0,0,0,0,1,0,0,0,1,0,0,1,1,0
41088588,1309.1947392425673,1410,QM6,QM6,17,76060,1997,5,8,2,1,1,1,1,1,1,1,1,1,1,0,0,0,0,0,1,0,1,0,0,0,0,0,0,1,0,1,1,0
39377547,830.7441133874026,350,코란도,코란도 투리스모,92,180525,1998,11,13,2,1,0,1,0,0,0,1,1,0,1,0,0,0,1,0,0,0,0,0,1,0,0,0,1,0,0,1,1,0
40958662,1273.33407874339,1130,G80,G80,5,213018,3342,5,10,2,0,0,0,0,0,0,0,0,0,0,0,0,1,0,0,0,0,1,0,0,0,0,0,1,0,0,1,0,1
41606708,748.3294020283487,1590,K5,K5 3세대,11,76023,1999,5,5,11,0,1,1,1,1,1,1,1,1,1,0,1,0,0,0,0,1,0,0,0,0,0,1,0,0,0,1,0,1
40233893,1124.3844256766104,919,카니발,올 뉴 카니발,85,135044,2199,11,11,1,0,0,1,0,1,1,0,1,1,1,0,1,0,0,0,0,0,0,0,1,0,0,0,0,1,0,1,1,0
41445332,943.9179347406766,1570,아반떼,아반떼 하이브리드 (CN7),62,73658,1580,5,5,3,0,0,1,0,1,1,0,1,1,1,1,0,0,0,0,0,0,0,1,0,0,0,0,0,1,0,1,0,1
41132098,1027.800505582473,419,투싼,투싼 ix,101,218904,1995,5,15,6,0,0,1,1,1,1,1,1,1,1,1,0,0,0,0,0,0,0,0,1,0,0,0,0,1,0,1,1,0
41462186,1253.701162839688,1480,XM3,XM3,23,51898,1598,5,5,2,0,1,1,1,1,1,0,1,0,1,0,0,0,0,0,1,0,1,0,0,0,0,1,0,0,0,1,1,0
41522009,936.9062313760018,355,아반떼,아반떼 MD,62,179233,1591,5,16,10,1,0,1,1,1,1,1,1,0,1,1,0,0,0,0,0,0,1,0,0,0,0,0,0,1,0,1,0,1
41652981,941.3889022900747,490,쏘나타,YF 쏘나타,57,163014,1999,5,14,6,1,0,1,1,1,1,1,1,0,1,1,0,0,0,0,0,0,1,0,0,0,0,0,0,1,0,1,0,1
41569504,445.5898375614303,299,SM3,SM3 네오,18,176620,1598,5,11,12,0,0,1,1,0,0,1,1,0,0,0,0,0,0,0,1,0,1,0,0,0,0,0,0,1,0,1,0,1
40986037,695.8857730579066,390,프라이드,프라이드,110,78764,1323,5,29,5,0,0,0,0,0,0,0,0,0,0,0,1,0,0,0,0,0,1,0,0,0,0,0,0,0,1,1,0,1
41389622,943.9179347406766,730,아반떼,더 뉴 아반떼,62,136556,1591,5,12,2,0,0,1,1,1,1,1,1,0,1,1,0,0,0,0,0,0,1,0,0,0,0,0,0,1,0,1,0,1
40876626,802.5490122794023,1120,트랙스,더 뉴 트랙스,103,42716,1362,5,6,2,1,0,1,1,0,1,0,1,0,1,0,0,0,0,1,0,0,1,0,0,0,0,0,1,0,0,1,1,0
41647405,1264.805265999821,1234,렉스턴,렉스턴 스포츠,35,232456,2157,5,8,0,0,1,1,1,1,1,1,1,1,1,0,0,0,1,0,0,0,0,0,1,0,0,0,1,0,0,1,1,0
41394929,830.7441133874026,290,코란도,코란도 투리스모,92,294381,2157,9,9,2,0,0,1,1,1,1,1,1,1,1,0,0,0,1,0,0,0,0,0,1,0,0,1,0,0,0,1,1,0
41350318,916.1401938066147,530,그랜저,그랜저 HG,27,172329,2359,5,13,14,0,0,1,1,1,1,1,1,0,1,1,0,0,0,0,0,0,1,0,0,0,0,0,1,0,0,1,0,1
40936840,967.6269960460112,670,티볼리,티볼리,105,126753,1597,5,10,8,0,1,1,1,1,1,1,1,1,1,0,0,0,1,0,0,0,1,0,0,0,0,0,0,0,1,1,1,0
41330538,1301.2282984354893,1140,QM6,QM6,17,109586,1997,5,9,4,1,1,1,1,1,1,1,1,1,1,0,0,0,0,0,1,0,1,0,0,0,0,0,0,0,1,1,1,0
41514205,905.6914320771383,850,그랜저,그랜저 HG 하이브리드,27,155058,2359,5,10,4,0,0,1,1,1,1,1,1,0,1,1,0,0,0,0,0,0,0,1,0,0,0,0,1,0,0,1,0,1
41365463,1023.2941085597921,940,K7,올 뉴 K7,12,179123,2359,5,9,4,0,1,1,1,1,1,1,1,1,1,0,1,0,0,0,0,0,1,0,0,0,0,1,0,0,0,1,0,1
41535729,1273.33407874339,37,G80,G80 (RG3),5,75204,2497,5,5,2,0,1,1,1,1,1,1,1,1,1,0,0,1,0,0,0,0,1,0,0,0,0,0,0,0,1,1,0,1
41358042,804.849667793527,890,SM6,SM6,20,100318,1997,5,10,2,0,0,0,0,0,0,0,0,0,0,0,0,0,0,0,1,0,1,0,0,0,0,0,0,1,0,1,0,1
40606768,1010.3075581570316,840,스타렉스,그랜드 스타렉스,50,107139,2497,11,13,6,0,0,1,0,1,0,0,1,1,1,1,0,0,0,0,0,0,0,0,1,0,0,0,0,1,0,1,1,0
40859237,526.5779521455554,250,스파크,스파크,54,158903,995,5,12,3,0,0,1,0,0,0,0,1,0,1,0,0,0,0,1,0,0,1,0,0,0,0,1,0,0,0,1,0,1
41385300,947.3443649473054,1030,아반떼,아반떼 AD,62,118555,1591,5,9,13,0,1,1,1,1,1,1,1,0,1,1,0,0,0,0,0,0,1,0,0,0,0,1,0,0,0,1,0,1
41368370,936.9062313760018,780,아반떼,아반떼 AD,62,158288,1591,5,10,14,0,1,1,1,1,1,1,1,1,1,1,0,0,0,0,0,0,1,0,0,0,0,1,0,0,0,1,0,1
41459330,1234.4350592827248,1460,코나,코나,91,53108,1591,5,6,0,0,0,1,1,1,1,1,1,0,1,1,0,0,0,0,0,0,1,0,0,0,0,0,0,0,1,1,1,0
41422305,1186.5352713994803,1290,베뉴,베뉴,45,102227,1598,5,7,0,0,0,1,1,1,1,0,1,0,1,1,0,0,0,0,0,0,1,0,0,0,0,0,0,0,1,1,1,0
41331044,928.4206454774875,390,아반떼,아반떼 하이브리드,62,111286,1591,5,17,6,0,0,1,1,1,0,1,1,0,0,1,0,0,0,0,0,0,0,1,0,0,0,0,0,1,0,1,0,1
39733185,553.7149246371913,280,올란도,올란도,77,131205,1998,7,13,3,0,0,1,1,0,1,1,1,0,1,0,0,0,0,1,0,0,0,0,1,0,0,0,0,0,1,1,1,0
41465680,952.3521370538434,1639,K7,올 뉴 K7 하이브리드,12,93423,2359,5,9,9,0,1,1,1,1,1,1,1,1,1,0,1,0,0,0,0,0,0,1,0,0,0,0,0,1,0,1,0,1
40838690,402.80707679553126,360,SM5,SM5 노바,19,128868,1998,5,11,22,1,0,1,1,1,1,1,1,0,1,0,0,0,0,0,1,0,1,0,0,0,0,0,1,0,0,1,0,1
41564485,892.2058141984411,1,GV60,GV60,7,93200,1,5,4,2,0,1,1,1,1,1,1,1,1,1,0,0,1,0,0,0,0,0,0,0,1,0,1,0,0,0,1,1,0
41164953,963.6518467963097,779,티볼리,티볼리 에어,105,138435,1597,5,10,2,0,1,1,1,1,1,1,1,1,1,0,0,0,1,0,0,0,1,0,0,0,0,1,0,0,0,1,1,0
41121085,963.6518467963097,899,티볼리,티볼리 에어,105,84511,1597,5,10,14,1,1,1,1,1,1,1,1,1,1,0,0,0,1,0,0,0,0,0,1,0,0,1,0,0,0,1,1,0
41640475,1064.9571882720186,799,아이오닉,아이오닉 하이브리드,65,170015,1580,5,8,3,0,1,1,1,1,1,1,1,0,1,1,0,0,0,0,0,0,0,1,0,0,0,1,0,0,0,1,0,1
41415937,591.8553779580085,420,엑센트,엑센트(신형),74,266516,1582,5,13,0,1,0,1,1,0,0,0,1,0,1,1,0,0,0,0,0,0,0,0,1,0,0,0,0,1,0,0,0,1
41330273,719.0411628396882,900,QM3,뉴QM3,15,104288,1461,5,7,1,1,1,1,1,1,1,1,1,0,1,0,0,0,0,0,1,0,0,0,1,0,0,1,0,0,0,1,1,0
41451262,936.2255262529029,620,아반떼,더 뉴 아반떼,62,65074,1591,5,13,20,0,0,1,1,1,1,1,1,0,1,1,0,0,0,0,0,0,1,0,0,0,0,0,0,1,0,1,0,1
40297149,704.8228682442713,219,모닝,뉴모닝,42,107069,999,5,18,10,0,0,0,1,0,0,0,1,0,1,0,1,0,0,0,0,0,1,0,0,0,0,0,0,0,1,1,0,1
40738340,905.6914320771383,749,그랜저,그랜저 HG,27,137058,2999,5,12,6,0,1,1,1,1,1,1,1,1,1,1,0,0,0,0,0,0,1,0,0,0,0,0,1,0,0,1,0,1
41478280,1012.2538228903043,700,스타렉스,그랜드 스타렉스,50,123980,2497,3,12,7,0,0,1,0,0,0,0,1,0,0,1,0,0,0,0,0,0,0,0,1,0,0,1,0,0,0,1,1,0
40974813,570.8143169370128,499,QM5,QM5 네오,16,106109,1995,5,11,4,0,0,1,1,1,1,1,1,0,1,0,0,0,0,0,1,0,0,0,1,0,0,0,0,1,0,1,1,0
41322256,928.4206454774875,1350,아반떼,더 뉴 아반떼 AD,62,75609,1598,5,7,0,0,0,1,1,1,1,1,1,0,1,1,0,0,0,0,0,0,1,0,0,0,0,1,0,0,0,1,0,1
40191718,808.6038761322941,1070,라보,뉴 라보,32,20210,800,2,13,0,0,0,0,0,0,0,0,0,0,0,0,0,0,0,1,0,1,0,0,0,0,0,1,0,0,0,0,1,0
41527698,793.5123984456893,430,코란도,코란도 투리스모,92,223331,1998,9,11,0,0,0,1,1,1,1,1,1,0,1,0,0,0,1,0,0,0,0,0,1,0,0,0,0,1,0,1,1,0
41571788,535.0819292958388,495,스파크,더 넥스트 스파크,54,88096,999,5,9,16,0,0,1,1,0,0,1,1,0,1,0,0,0,0,1,0,0,1,0,0,0,0,0,0,1,0,1,0,1
36905492,1023.2941085597921,550,K7,더 프레스티지 K7,12,136965,2999,5,14,2,0,0,1,1,1,1,1,1,1,1,0,1,0,0,0,0,1,0,0,0,0,0,0,1,0,0,1,0,1
41211001,778.9139391480519,690,코란도,코란도 스포츠,92,50268,1998,5,13,4,0,0,1,1,1,0,1,1,0,1,0,0,0,1,0,0,0,0,0,1,0,0,0,0,1,0,1,1,0
41587026,822.0881784987009,75,GV80,GV80,9,41456,2497,5,3,1,0,1,1,1,1,1,1,1,1,1,0,0,1,0,0,0,0,1,0,0,0,0,0,1,0,0,1,1,0
41313901,986.97541951879,1630,K7,K7 프리미어,12,150881,2497,5,7,1,0,1,1,1,1,1,1,1,1,1,0,1,0,0,0,0,0,1,0,0,0,0,0,1,0,0,1,0,1
41649613,910.4589389790043,1090,제네시스,제네시스 DH,81,169608,3342,5,10,2,1,1,1,1,1,1,1,1,1,1,1,0,0,0,0,0,0,1,0,0,0,0,0,1,0,0,1,0,1
41173651,723.7828753088075,990,에쿠스,에쿠스(신형),73,193623,3778,4,12,17,0,1,1,1,1,1,1,1,1,1,1,0,0,0,0,0,0,1,0,0,0,0,0,1,0,0,1,0,1
41102602,511.37274562236945,450,스파크,더 넥스트 스파크,54,129400,999,5,11,8,0,1,1,0,1,0,0,1,0,1,0,0,0,0,1,0,0,1,0,0,0,0,0,0,0,1,1,0,1
40865039,1149.5032301102449,1450,셀토스,셀토스,49,124159,1598,5,5,1,0,0,1,0,0,1,0,1,0,1,0,1,0,0,0,0,0,0,0,1,0,0,1,0,0,0,1,1,0
38756415,988.0567474787636,1330,스타렉스,그랜드 스타렉스,50,59617,2497,12,10,2,0,0,1,1,0,0,1,1,0,1,1,0,0,0,0,0,0,0,0,1,0,0,0,0,0,1,1,1,0
41011886,987.5738331607303,1490,스타렉스,그랜드 스타렉스,50,68662,2497,5,9,5,0,0,1,1,0,0,1,1,0,1,1,0,0,0,0,0,0,0,0,1,0,0,0,0,1,0,1,1,0
40194795,778.9139391480519,390,코란도,뉴코란도 C,92,177820,1998,5,12,8,0,0,1,1,1,1,0,1,0,1,0,0,0,1,0,0,0,0,0,1,0,0,0,0,0,1,1,1,0
41377396,936.9062313760018,1520,아반떼,아반떼 (CN7),62,86372,1598,5,5,1,0,0,1,1,1,1,1,1,0,1,1,0,0,0,0,0,0,1,0,0,0,0,1,0,0,0,1,0,1
41281225,987.5738331607303,1360,스타렉스,더 뉴 그랜드 스타렉스,50,113175,2497,12,8,5,0,0,1,1,0,0,1,1,0,1,1,0,0,0,0,0,0,0,0,1,0,0,0,0,0,1,1,1,0
41309181,802.5490122794023,950,트랙스,더 뉴 트랙스,103,87036,1362,5,7,2,0,0,1,1,0,1,1,1,0,1,0,0,0,0,1,0,0,1,0,0,0,0,1,0,0,0,1,1,0
41659658,941.3889022900747,510,쏘나타,쏘나타 하이브리드,57,130917,1999,5,12,8,0,1,1,1,1,1,1,1,1,1,1,0,0,0,0,0,0,0,1,0,0,0,1,0,0,0,1,0,1
40953077,537.623042265147,520,올란도,올란도,77,115889,1598,7,10,2,1,0,1,1,0,1,1,1,0,1,0,0,0,0,1,0,0,0,0,1,0,0,1,0,0,0,1,1,0
41562514,533.309928537862,419,아베오,아베오 해치백,63,103666,1362,5,11,2,0,0,1,1,0,0,0,1,0,1,0,0,0,0,1,0,0,1,0,0,0,0,1,0,0,0,1,0,1
41380260,855.9619243526355,680,K3,더 뉴 K3,10,103541,1591,5,9,8,0,0,1,0,0,0,0,1,0,1,0,1,0,0,0,0,0,1,0,0,0,0,0,1,0,0,1,0,1
41586584,830.7441133874026,490,코란도,코란도 투리스모,92,236973,2157,9,11,10,0,1,1,1,1,1,0,1,0,1,0,0,0,1,0,0,0,0,0,1,0,0,0,1,0,0,1,1,0
41647892,1014.8324651358752,960,투싼,올 뉴 투싼,101,117826,1685,5,10,5,0,0,1,1,1,1,1,1,1,1,1,0,0,0,0,0,0,0,0,1,0,0,0,0,1,0,1,1,0
41609350,793.2511181150848,1480,K3,올 뉴 K3,10,76181,1598,5,6,0,0,0,1,0,0,1,0,1,1,1,0,1,0,0,0,0,0,1,0,0,0,0,1,0,0,0,1,0,1
41390507,592.4795248257481,290,엑센트,엑센트(신형),74,170077,1582,5,14,1,0,0,1,1,0,0,1,1,0,1,1,0,0,0,0,0,0,0,0,1,0,0,0,0,1,0,1,0,1
41381147,521.1936913921791,720,스파크,더 뉴 스파크,54,56699,999,5,7,2,0,0,1,0,0,0,0,1,0,1,0,0,0,0,1,0,0,1,0,0,0,0,1,0,0,0,1,0,1
40895637,699.989762412874,790,모닝,모닝 어반 (JA),42,23941,998,2,5,1,0,0,1,1,0,1,1,1,0,1,0,1,0,0,0,0,0,1,0,0,0,0,1,0,0,0,1,0,1
39698584,521.1936913921791,870,스파크,더 뉴 스파크,54,38843,999,5,5,2,0,0,1,1,0,1,0,1,0,1,0,0,0,0,1,0,0,1,0,0,0,0,1,0,0,0,1,0,1
41586097,916.1401938066147,490,그랜저,그랜저 HG 하이브리드,27,203935,2359,5,12,8,0,0,1,1,1,1,1,1,0,1,1,0,0,0,0,0,0,0,1,0,0,0,0,0,1,0,1,0,1
41476421,947.3443649473054,1450,아반떼,아반떼 (CN7),62,52579,1598,5,5,8,0,0,1,1,1,1,1,0,0,1,1,0,0,0,0,0,0,1,0,0,0,0,1,0,0,0,1,0,1
40406909,991.4253131532465,950,모하비,모하비,43,195075,2959,7,13,1,1,1,1,1,1,1,1,1,1,1,0,1,0,0,0,0,0,0,0,1,0,0,1,0,0,0,1,1,0
41638258,842.1279070156255,659,K5,K5,11,79126,1999,5,14,1,1,0,1,1,1,1,1,1,0,1,0,1,0,0,0,0,0,1,0,0,0,0,0,0,1,0,1,0,1
41259148,521.1936913921791,577,스파크,더 넥스트 스파크,54,68669,999,5,11,8,0,0,1,1,0,1,0,1,0,1,0,0,0,0,1,0,0,1,0,0,0,0,0,0,0,1,1,0,1
41254008,988.0567474787636,890,스타렉스,그랜드 스타렉스,50,154993,2497,3,10,7,0,0,1,1,0,0,1,1,0,1,1,0,0,0,0,0,0,0,0,1,0,0,0,0,1,0,1,1,0
41594337,969.3889001833381,1120,티볼리,티볼리 에어,105,54950,1597,5,7,0,1,0,1,1,0,1,0,1,0,1,0,0,0,1,0,0,0,0,0,1,0,0,1,0,0,0,1,1,0
41367311,988.0567474787636,600,스타렉스,그랜드 스타렉스,50,133617,2497,5,17,0,0,0,1,0,0,0,0,1,0,1,1,0,0,0,0,0,0,0,0,1,0,0,0,0,1,0,1,1,0
40841888,923.0393528184499,880,그랜저,그랜저 HG,27,143950,2359,5,10,2,1,1,1,1,1,1,1,1,1,1,1,0,0,0,0,0,0,1,0,0,0,0,1,0,0,0,1,0,1
41314860,963.6518467963097,490,티볼리,티볼리,105,170422,1597,5,11,12,1,1,1,1,1,1,0,1,1,1,0,0,0,1,0,0,0,0,0,1,0,0,0,1,0,0,1,1,0
41322042,916.1401938066147,1370,그랜저,그랜저 IG,27,148918,2359,5,8,7,0,1,1,1,1,1,1,1,1,1,1,0,0,0,0,0,0,1,0,0,0,0,0,1,0,0,1,0,1
41642816,1387.528585305339,1499,캐스퍼,캐스퍼,88,78170,998,4,4,8,0,0,1,1,1,1,1,1,1,1,1,0,0,0,0,0,0,1,0,0,0,0,1,0,0,0,1,0,1
41043876,935.928526081858,899,그랜저,그랜저 HG,27,35186,2359,5,11,8,0,0,1,1,1,1,1,1,0,1,1,0,0,0,0,0,0,1,0,0,0,0,0,0,1,0,1,0,1
41324565,970.8411733726565,1130,티볼리,베리 뉴 티볼리,105,61140,1497,5,6,1,0,0,1,0,0,0,0,0,0,0,0,0,0,1,0,0,0,1,0,0,0,0,0,1,0,0,1,1,0
41637652,532.6342390295486,280,올란도,올란도,77,171518,1998,7,15,0,0,0,1,1,0,0,1,1,0,0,0,0,0,0,1,0,0,0,0,1,0,0,1,0,0,0,1,1,0
40315639,1247.4949211722349,1530,렉스턴,렉스턴 스포츠,35,108833,2157,5,8,5,0,1,1,1,1,1,1,1,1,1,0,0,0,1,0,0,0,0,0,1,0,0,0,0,1,0,1,1,0
41633094,566.8948540847747,550,엑센트,엑센트(신형),74,113577,1582,5,10,6,0,0,1,1,0,0,1,1,0,1,1,0,0,0,0,0,0,0,0,1,0,0,1,0,0,0,1,0,1
41649738,1010.3075581570316,590,스타렉스,그랜드 스타렉스,50,109243,2497,15,11,31,0,0,1,1,0,0,0,1,0,1,1,0,0,0,0,0,0,0,0,1,0,0,0,0,0,1,1,1,0
39707963,1051.6974101665487,950,싼타페,싼타페 DM,56,135103,1995,5,12,7,0,0,1,1,1,1,1,1,1,1,1,0,0,0,0,0,0,0,0,1,0,0,0,0,1,0,1,1,0
40460877,905.6914320771383,850,그랜저,그랜저 HG,27,155934,2199,5,11,10,1,1,1,1,1,1,1,1,1,1,1,0,0,0,0,0,0,0,0,1,0,0,0,1,0,0,1,0,1
41640748,1387.528585305339,1330,캐스퍼,캐스퍼,88,52171,998,4,4,0,0,0,1,0,0,1,0,1,1,1,1,0,0,0,0,0,0,1,0,0,0,0,1,0,0,0,1,0,1
39711083,814.4268981028265,670,말리부,올 뉴 말리부,40,140264,1490,5,9,8,0,0,1,1,1,1,0,1,0,1,0,0,0,0,1,0,0,1,0,0,0,0,0,0,0,1,1,0,1
40730205,570.8143169370128,470,QM5,QM5 네오,16,76828,1998,5,12,2,0,0,1,1,1,1,1,1,0,1,0,0,0,0,0,1,0,1,0,0,0,0,0,0,1,0,1,1,0
41637867,1256.713002151279,1580,코나,더 뉴 코나 하이브리드,91,78617,1580,5,4,4,0,0,1,1,1,1,1,1,0,1,1,0,0,0,0,0,0,0,1,0,0,0,1,0,0,0,1,1,0
41488676,916.1401938066147,850,그랜저,그랜저 HG,27,132063,2359,5,12,2,0,0,0,0,0,0,0,0,0,0,1,0,0,0,0,0,0,1,0,0,0,0,1,0,0,0,1,0,1
41126781,936.2255262529029,799,아반떼,아반떼 AD,62,90091,1582,5,11,2,0,0,1,1,1,1,1,1,0,1,1,0,0,0,0,0,0,0,0,1,0,0,1,0,0,0,1,0,1
41245438,962.3768750735256,690,티볼리,티볼리 아머,105,180465,1597,5,9,4,0,0,1,1,0,1,1,1,0,1,0,0,0,1,0,0,0,1,0,0,0,0,1,0,0,0,1,1,0
41067747,962.3768750735256,1300,티볼리,베리 뉴 티볼리,105,39229,1497,5,5,1,0,0,1,1,0,0,0,0,0,0,0,0,0,1,0,0,0,1,0,0,0,0,0,0,0,1,1,1,0
39925508,892.2058141984411,399,테라칸,테라칸,99,216119,2902,7,23,3,1,0,1,0,1,0,0,1,0,1,1,0,0,0,0,0,0,0,0,1,0,0,1,0,0,0,1,1,0
41532051,766.3121647680316,480,오피러스,오피러스 프리미엄,76,134157,2656,5,16,4,0,0,1,0,1,1,1,1,1,1,0,1,0,0,0,0,0,1,0,0,0,0,1,0,0,0,1,0,1
41596032,923.0393528184499,490,그랜저,그랜저 HG,27,206626,2999,5,15,3,1,1,1,1,1,1,1,1,1,1,1,0,0,0,0,0,0,1,0,0,0,0,0,1,0,0,1,0,1
40895608,811.0980067611623,599,제네시스 쿠페,제네시스 쿠페,82,112947,3778,4,16,2,1,1,1,0,1,1,1,1,0,1,1,0,0,0,0,0,0,1,0,0,0,0,0,0,1,0,1,0,1
39667666,905.6914320771383,1050,그랜저,그랜저 HG,27,66336,2359,5,10,6,0,0,1,1,1,1,1,1,1,1,1,0,0,0,0,0,0,1,0,0,0,0,0,1,0,0,1,0,1
41234221,969.3889001833381,1250,티볼리,베리 뉴 티볼리,105,102011,1597,5,5,5,0,0,1,0,0,1,0,1,0,1,0,0,0,1,0,0,0,0,0,1,0,0,1,0,0,0,1,1,0
41331551,787.1137560564567,1200,트랙스,더 뉴 트랙스,103,21307,1362,5,7,3,0,0,1,1,0,1,1,1,0,1,0,0,0,0,1,0,0,1,0,0,0,0,0,1,0,0,1,1,0
41631032,916.1401938066147,590,그랜저,그랜저 HG,27,137268,2359,5,12,3,0,0,1,1,1,1,1,1,0,1,1,0,0,0,0,0,0,1,0,0,0,0,0,1,0,0,1,0,1
41471539,814.4268981028265,450,말리부,말리부,40,80978,1998,5,12,6,0,0,1,0,1,1,1,1,0,1,0,0,0,0,1,0,0,1,0,0,0,0,1,0,0,0,1,0,1
41638144,988.0567474787636,949,스타렉스,그랜드 스타렉스,50,194666,2497,12,12,7,1,0,1,1,1,0,1,1,1,1,1,0,0,0,0,0,0,0,0,1,0,0,0,1,0,0,1,1,0
41626259,819.4078380887734,1040,SM6,더 뉴 SM6,20,73907,1332,5,6,12,0,1,1,0,1,0,0,1,0,1,0,0,0,0,0,1,0,1,0,0,0,0,0,1,0,0,1,0,1
41236540,923.0393528184499,680,그랜저,그랜저 HG,27,138940,2359,5,11,1,1,0,1,1,1,1,1,1,0,1,1,0,0,0,0,0,0,1,0,0,0,0,0,1,0,0,1,0,1
41632207,1273.33407874339,1090,G80,G80,5,159741,3342,5,9,2,0,1,1,1,1,1,1,1,1,1,0,0,1,0,0,0,0,1,0,0,0,0,0,1,0,0,1,0,1
41606236,699.989762412874,520,모닝,더 뉴 모닝,42,126791,998,5,11,20,0,0,1,1,1,1,1,1,0,1,0,1,0,0,0,0,0,1,0,0,0,0,0,0,0,1,1,0,1
40994193,970.8411733726565,489,티볼리,티볼리,105,166471,1597,5,11,16,1,0,1,1,1,1,1,1,1,1,0,0,0,1,0,0,0,1,0,0,0,0,1,0,0,0,1,1,0
41241668,1079.3476259860029,1460,싼타페,싼타페 더 프라임,56,82411,1995,5,10,1,0,1,1,1,1,1,1,1,1,1,1,0,0,0,0,0,0,0,0,1,0,0,0,1,0,0,1,1,0
41569840,950.3037718506688,369,쏘나타,YF 쏘나타,57,148487,1999,5,15,29,0,0,1,1,0,1,1,1,1,1,1,0,0,0,0,0,1,0,0,0,0,0,0,1,0,0,1,0,1
35553176,702.4010571269893,1290,에쿠스,에쿠스(신형),73,124730,3778,5,12,2,0,1,1,1,1,1,1,1,1,1,1,0,0,0,0,0,0,1,0,0,0,0,0,0,1,0,1,0,1
41250833,923.0393528184499,720,그랜저,그랜저 HG,27,146056,2359,5,12,3,0,1,1,1,1,1,1,1,1,1,1,0,0,0,0,0,0,1,0,0,0,0,0,1,0,0,1,0,1
41484859,968.6868564277833,280,쏘나타,NF 쏘나타 트랜스폼,57,258792,1998,5,18,8,1,0,1,1,1,0,1,1,0,1,1,0,0,0,0,0,1,0,0,0,0,0,0,0,1,0,1,0,1
41494176,870.010476653311,950,제네시스,제네시스 DH,81,203432,3342,5,11,2,0,1,1,1,1,1,1,1,1,1,1,0,0,0,0,0,0,1,0,0,0,0,0,1,0,0,1,0,1
40916509,1012.2778089395711,989,K7,올 뉴 K7,12,184261,2199,5,9,0,0,1,1,1,1,1,1,1,1,1,0,1,0,0,0,0,0,0,0,1,0,0,0,1,0,0,1,0,1
40521853,970.8411733726565,550,티볼리,티볼리 에어,105,178551,1597,5,10,14,0,0,1,1,0,1,1,1,0,1,0,0,0,1,0,0,0,0,0,1,0,0,0,0,0,1,1,1,0
41444290,952.3521370538434,960,K7,올 뉴 K7,12,184396,2199,5,9,11,0,1,1,1,1,1,1,1,1,1,0,1,0,0,0,0,0,0,0,1,0,0,1,0,0,0,1,0,1
41508876,734.8122924754482,470,i40,i40,25,176515,1999,5,14,6,1,0,1,1,1,1,1,1,0,1,1,0,0,0,0,0,0,1,0,0,0,0,0,0,1,0,1,0,1
41484392,483.19448616103887,580,SM3,SM3 네오,18,69788,1598,5,12,6,1,0,1,1,1,1,1,1,0,1,0,0,0,0,0,1,0,1,0,0,0,0,0,0,1,0,1,0,1
41638529,855.9619243526355,1390,K3,더 뉴 K3 2세대,10,131157,1598,5,5,5,0,0,1,1,1,1,1,1,0,1,0,1,0,0,0,0,0,1,0,0,0,0,0,0,1,0,1,0,1
40962001,830.7441133874026,870,코란도,코란도 투리스모,92,99871,2157,9,10,0,1,0,1,1,1,1,0,1,0,1,0,0,0,1,0,0,0,0,0,1,0,0,0,0,1,0,1,1,0
41460031,833.2990788440546,450,코란도,코란도 스포츠,92,254580,1998,5,14,4,1,0,1,1,1,0,0,1,0,1,0,0,0,1,0,0,0,0,0,1,0,0,0,0,0,1,1,1,0
41377456,968.6868564277833,899,쏘나타,LF 쏘나타,57,146944,1685,5,10,2,1,1,1,1,1,1,1,1,1,1,1,0,0,0,0,0,0,0,0,1,0,0,0,0,1,0,1,0,1
40956337,943.9179347406766,640,아반떼,아반떼 MD,62,52628,1591,5,13,12,1,0,1,1,1,1,1,1,0,1,1,0,0,0,0,0,0,1,0,0,0,0,1,0,0,0,1,0,1
40799408,1301.2282984354893,1580,QM6,더 뉴 QM6,17,96206,1998,5,6,2,0,1,1,1,1,1,1,1,1,1,0,0,0,0,0,1,1,0,0,0,0,0,1,0,0,0,1,1,0
38858149,1023.4311157213216,480,K7,K7,12,186599,2656,5,15,2,0,1,1,1,1,1,1,1,1,1,0,1,0,0,0,0,0,1,0,0,0,0,0,1,0,0,1,0,1
40885406,804.849667793527,650,SM6,SM6,20,121258,1997,5,10,9,1,0,1,1,1,1,1,1,1,1,0,0,0,0,0,1,0,1,0,0,0,0,1,0,0,0,1,0,1
41391344,923.0393528184499,1330,그랜저,그랜저 IG,27,109645,2199,5,10,11,1,1,1,1,1,1,1,1,1,1,1,0,0,0,0,0,0,0,0,1,0,0,0,1,0,0,1,0,1
41025645,802.5490122794023,850,트랙스,더 뉴 트랙스,103,76358,1598,5,9,9,0,1,1,1,0,1,0,1,0,1,0,0,0,0,1,0,0,0,0,1,0,0,1,0,0,0,1,1,0
41474990,1057.082523447645,999,싼타페,싼타페 더 프라임,56,204478,1995,5,10,3,0,0,1,0,1,1,0,1,0,1,1,0,0,0,0,0,0,0,0,1,0,0,1,0,0,0,1,1,0
41235412,1012.2538228903043,790,스타렉스,그랜드 스타렉스,50,145291,2497,11,13,7,0,0,1,1,1,0,1,1,1,1,1,0,0,0,0,0,0,0,0,1,0,0,0,0,1,0,1,1,0
41528626,895.5676356997402,324,레이,더 뉴 기아 레이,34,1,998,5,1,2,0,0,1,1,1,1,0,1,1,1,0,1,0,0,0,0,0,1,0,0,0,0,1,0,0,0,1,0,1
41573691,910.4589389790043,1190,제네시스,제네시스 DH,81,52652,3342,5,11,18,0,1,1,1,1,1,1,1,1,1,1,0,0,0,0,0,0,1,0,0,0,0,0,0,1,0,1,0,1
41186096,813.56774530367,869,임팔라,임팔라,80,55870,3564,5,11,7,0,1,1,1,1,1,1,1,1,1,0,0,0,0,1,0,0,1,0,0,0,0,0,1,0,0,1,0,1
41018716,969.3889001833381,1080,티볼리,티볼리 아머,105,51224,1597,5,8,0,0,0,1,1,0,1,1,1,0,1,0,0,0,1,0,0,0,1,0,0,0,0,0,0,0,1,1,1,0
41322832,651.2405814198441,1150,모닝,모닝 어반 (JA),42,15700,998,5,5,4,0,0,1,1,1,1,1,1,1,1,0,1,0,0,0,0,0,1,0,0,0,0,1,0,0,0,1,0,1
41379605,390.557300432829,269,SM5,뉴SM5(신형),19,103335,1998,5,15,6,1,0,1,1,1,1,1,1,0,1,0,0,0,0,0,1,0,1,0,0,0,0,0,0,1,0,1,0,1
41512182,591.0966224282002,470,엑센트,엑센트(신형),74,108110,1582,5,14,2,0,0,1,0,0,0,0,1,0,1,1,0,0,0,0,0,0,0,0,1,0,0,1,0,0,0,1,0,1
40944798,967.6269960460112,830,티볼리,티볼리,105,84690,1597,5,11,2,0,0,1,1,0,1,1,1,0,1,0,0,0,1,0,0,0,0,0,1,0,0,1,0,0,0,1,1,0
41182542,867.4613543331805,750,제네시스,제네시스 DH,81,195089,3342,5,11,14,0,1,1,1,1,1,1,1,1,1,1,0,0,0,0,0,0,1,0,0,0,0,0,1,0,0,1,0,1
41639038,813.3482474056841,950,말리부,더 뉴 말리부,40,153847,1341,5,7,2,0,1,1,1,1,1,1,1,1,1,0,0,0,0,1,0,0,1,0,0,0,0,0,1,0,0,1,0,1
41197967,816.6985223123376,620,트랙스,트랙스,103,111024,1598,5,10,0,0,0,1,1,0,0,1,1,0,1,0,0,0,0,1,0,0,0,0,1,0,0,1,0,0,0,1,1,0
40664411,916.1401938066147,1390,그랜저,그랜저 IG,27,148201,2359,5,7,4,0,0,1,1,1,1,1,1,1,1,1,0,0,0,0,0,0,1,0,0,0,0,0,1,0,0,1,0,1
41564458,704.8228682442713,340,모닝,올 뉴 모닝,42,115106,998,5,14,10,0,0,0,0,0,0,0,0,0,0,0,1,0,0,0,0,0,1,0,0,0,0,1,0,0,0,1,0,1
41622656,1027.800505582473,1529,투싼,올 뉴 투싼,101,96343,1995,5,8,2,0,0,1,1,1,1,1,1,0,1,1,0,0,0,0,0,0,0,0,1,0,0,0,0,1,0,1,1,0
41500114,935.928526081858,990,그랜저,그랜저 HG,27,140046,2999,5,10,5,0,0,1,1,1,1,1,1,0,1,1,0,0,0,0,0,1,0,0,0,0,0,0,1,0,0,1,0,1
39545522,875.1505814198441,699,제네시스,제네시스 DH,81,211174,3342,5,11,15,0,1,1,1,1,1,1,1,1,1,1,0,0,0,0,0,0,1,0,0,0,0,0,0,1,0,1,0,1
41584639,943.9179347406766,400,아반떼,아반떼 MD,62,115162,1591,5,15,1,1,0,1,1,1,0,1,1,0,1,1,0,0,0,0,0,0,1,0,0,0,0,0,1,0,0,1,0,1
41363727,539.6756970784525,330,스파크,스파크,54,77000,995,5,14,2,0,0,1,1,0,0,1,1,0,1,0,0,0,0,1,0,0,1,0,0,0,0,1,0,0,0,1,0,1
41296058,813.3482474056841,1680,말리부,더 뉴 말리부,40,68955,1998,5,6,0,0,1,1,1,1,1,0,1,1,1,0,0,0,0,1,0,0,1,0,0,0,0,0,1,0,0,1,0,1
41551092,847.0020764994432,590,베라크루즈,베라크루즈,46,199541,2959,7,18,11,1,1,1,1,1,1,0,1,0,1,1,0,0,0,0,0,0,0,0,1,0,0,0,1,0,0,1,1,0
40525086,445.5898375614303,690,SM3,SM3 네오,18,87821,1598,5,8,0,0,0,1,1,1,1,1,1,0,1,0,0,0,0,0,1,0,1,0,0,0,0,0,0,1,0,1,0,1
41285644,529.273314565499,250,올란도,올란도,77,191905,1998,7,14,16,0,0,1,0,1,1,0,1,0,1,0,0,0,0,1,0,0,0,0,1,0,0,0,0,0,1,1,1,0
41426297,962.3768750735256,1090,티볼리,베리 뉴 티볼리,105,120757,1497,5,6,1,0,0,1,1,0,1,0,1,0,1,0,0,0,1,0,0,0,1,0,0,0,0,1,0,0,0,1,1,0
41583408,967.6269960460112,1330,티볼리,베리 뉴 티볼리,105,73105,1497,5,6,2,0,0,1,1,0,1,1,1,0,1,0,0,0,1,0,0,0,1,0,0,0,0,1,0,0,0,1,1,0
41273102,591.8553779580085,320,엑센트,엑센트(신형),74,153608,1399,5,13,11,0,0,1,0,0,0,0,1,0,1,1,0,0,0,0,0,0,1,0,0,0,0,1,0,0,0,1,0,1
41569408,928.4206454774875,1250,아반떼,아반떼 AD,62,40572,1591,5,10,1,0,0,1,1,1,1,1,1,0,1,1,0,0,0,0,0,0,1,0,0,0,0,1,0,0,0,1,0,1
41408312,389.9312687325189,280,SM5,뉴SM5(신형),19,165475,1998,5,15,13,1,0,1,1,1,1,0,1,0,1,0,0,0,0,0,1,0,1,0,0,0,0,0,1,0,0,1,0,1
41120147,748.0023256793763,1080,제네시스 쿠페,더 뉴 제네시스 쿠페,82,174412,3778,4,14,2,1,1,1,0,1,1,1,1,0,1,1,0,0,0,0,0,0,1,0,0,0,0,0,1,0,0,1,0,1
41478957,941.3889022900747,950,쏘나타,쏘나타 뉴 라이즈,57,68350,1999,5,9,6,0,0,1,1,1,1,1,1,0,1,1,0,0,0,0,0,1,0,0,0,0,0,0,0,1,0,1,0,1
39148507,575.8143169370128,340,QM5,QM5 네오,16,161856,1995,5,12,2,0,0,1,0,1,1,0,1,0,1,0,0,0,0,0,1,0,0,0,1,0,0,0,0,1,0,1,1,0
41450601,935.928526081858,689,그랜저,그랜저 HG,27,218300,1999,5,12,2,1,1,1,1,1,1,1,1,1,1,1,0,0,0,0,0,0,0,0,1,0,0,1,0,0,0,1,0,1
41662520,905.6914320771383,1500,그랜저,그랜저 IG,27,78976,2359,5,9,7,0,0,1,1,1,1,1,1,1,1,1,0,0,0,0,0,0,1,0,0,0,0,0,1,0,0,1,0,1
40264494,778.9139391480519,490,코란도,코란도 투리스모,92,82853,1998,11,13,12,1,0,1,1,1,1,1,1,0,1,0,0,0,1,0,0,0,0,0,1,0,0,0,0,1,0,1,1,0
41433757,635.3109081424859,170,SM7,SM7 New Art,21,205062,2349,5,16,2,1,1,1,1,1,1,0,1,0,1,0,0,0,0,0,1,0,1,0,0,0,0,1,0,0,0,1,0,1
40963155,923.0393528184499,870,그랜저,그랜저 HG,27,163167,2199,5,11,4,1,1,1,1,1,1,1,1,1,1,1,0,0,0,0,0,0,0,0,1,0,0,1,0,0,0,1,0,1
41527633,723.7884711060512,630,QM3,QM3,15,58393,1461,5,11,0,0,0,1,1,1,1,0,1,0,1,0,0,0,0,0,1,0,0,0,1,0,0,0,0,0,1,1,1,0
40609217,831.0491350121001,275,코란도,코란도 C,92,109097,1998,5,15,6,0,0,1,0,1,1,0,1,0,1,0,0,0,1,0,0,0,0,0,1,0,0,0,0,1,0,1,1,0
41640511,725.8774225826837,600,i40,더 뉴 i40,25,203034,1685,5,11,10,1,0,1,1,1,1,1,1,1,1,1,0,0,0,0,0,0,0,0,1,0,0,0,0,0,1,1,0,1
41650545,1037.3051417342533,999,투싼,올 뉴 투싼,101,159250,1685,5,9,0,0,0,1,1,1,1,1,1,0,1,1,0,0,0,0,0,0,0,0,1,0,0,0,0,1,0,1,1,0
40931198,526.5779521455554,580,스파크,더 넥스트 스파크,54,99834,999,5,10,5,1,0,1,1,1,1,0,1,0,1,0,0,0,0,1,0,0,1,0,0,0,0,0,0,0,1,1,0,1
41531385,521.1936913921791,700,스파크,더 뉴 스파크,54,121381,999,5,6,4,0,0,1,1,0,0,1,1,0,1,0,0,0,0,1,0,0,1,0,0,0,0,1,0,0,0,1,0,1
41410531,576.7830669370128,350,QM5,뉴QM5,16,127237,1995,5,14,2,0,0,1,1,1,1,1,1,0,1,0,0,0,0,0,1,0,0,0,1,0,0,0,0,1,0,1,1,0
41414786,830.7441133874026,1220,코란도,뷰티풀 코란도,92,105331,1497,5,6,6,0,1,1,1,0,1,1,1,1,1,0,0,0,1,0,0,0,1,0,0,0,0,0,0,0,1,1,1,0
41365593,1301.2282984354893,1370,QM6,QM6,17,110200,1997,5,8,0,1,1,1,1,1,1,1,1,1,1,0,0,0,0,0,1,0,1,0,0,0,0,0,0,1,0,1,1,0
40643860,539.6756970784525,520,스파크,더 넥스트 스파크,54,88723,999,5,10,3,0,0,1,0,1,0,0,1,0,1,0,0,0,0,1,0,0,1,0,0,0,0,1,0,0,0,1,0,1
41501090,986.97541951879,1620,K7,올 뉴 K7,12,68594,2999,5,8,9,0,1,1,1,1,1,1,1,1,1,0,1,0,0,0,0,0,1,0,0,0,0,0,1,0,0,1,0,1
41268664,1241.9551496183053,1600,G70,G70,4,111800,1998,5,7,13,1,1,1,1,1,1,1,1,1,1,0,0,1,0,0,0,0,1,0,0,0,0,1,0,0,0,1,0,1
41503257,880.2213244404137,1299,레이,더 뉴 기아 레이,34,38505,998,2,2,0,0,0,1,0,0,1,0,1,0,1,0,1,0,0,0,0,0,1,0,0,0,0,0,1,0,0,1,0,1
41112615,963.6518467963097,910,티볼리,티볼리,105,71265,1597,5,11,5,0,0,1,1,1,1,0,1,1,1,0,0,0,1,0,0,0,1,0,0,0,0,1,0,0,0,1,1,0
41507191,1079.3476259860029,1550,싼타페,싼타페 더 프라임,56,103643,1995,5,9,1,0,1,1,1,1,1,1,1,1,1,1,0,0,0,0,0,0,0,0,1,0,0,0,0,0,1,1,1,0
40778514,535.2976053661823,399,올란도,올란도,77,136390,1998,7,12,2,0,0,1,1,0,1,1,1,0,0,0,0,0,0,1,0,0,0,0,1,0,0,1,0,0,0,1,1,0
41430707,723.7828753088075,779,에쿠스,에쿠스(신형),73,123615,5038,4,14,4,0,1,1,1,1,1,1,1,1,1,1,0,0,0,0,0,0,1,0,0,0,0,0,1,0,0,1,0,1
40721477,802.5490122794023,720,트랙스,더 뉴 트랙스,103,82479,1362,5,10,7,0,0,1,1,0,1,0,1,0,1,0,0,0,0,1,0,0,1,0,0,0,0,0,0,1,0,1,1,0
41593066,521.1936913921791,550,스파크,더 넥스트 스파크,54,104987,999,5,11,1,1,0,1,1,1,1,0,1,0,1,0,0,0,0,1,0,0,1,0,0,0,0,1,0,0,0,1,0,1
41535970,526.5779521455554,720,스파크,더 넥스트 스파크,54,56552,999,5,10,3,1,0,1,1,1,1,0,1,0,1,0,0,0,0,1,0,0,1,0,0,0,0,1,0,0,0,1,0,1
41008600,936.2255262529029,940,아반떼,아반떼 AD,62,154425,1591,5,9,6,0,1,1,1,1,1,1,1,1,1,1,0,0,0,0,0,0,1,0,0,0,0,0,0,1,0,1,0,1
41102120,521.1936913921791,725,스파크,더 뉴 스파크,54,29163,999,2,6,0,0,0,1,1,0,0,1,0,0,0,0,0,0,0,1,0,0,1,0,0,0,0,1,0,0,0,1,0,1
41249176,1390.1913990791177,1584,캐스퍼,더 뉴 캐스퍼,88,4,998,4,1,2,0,0,1,1,1,1,1,1,1,1,1,0,0,0,0,0,0,1,0,0,0,0,1,0,0,0,1,0,1
41456828,1301.2282984354893,1320,QM6,QM6,17,67359,1997,5,8,10,1,1,1,1,1,1,1,1,1,1,0,0,0,0,0,1,0,1,0,0,0,0,1,0,0,0,1,1,0
40973954,487.41627910745245,170,크루즈,크루즈,95,190588,1796,5,14,0,1,0,1,1,0,0,1,1,0,1,0,0,0,0,1,0,0,1,0,0,0,0,0,0,0,1,1,0,1
41093259,787.1137560564567,540,트랙스,트랙스,103,140532,1598,5,10,2,0,0,1,1,0,0,1,1,0,1,0,0,0,0,1,0,0,0,0,1,0,0,1,0,0,0,1,1,0
41451504,702.4010571269893,970,에쿠스,에쿠스(신형),73,120294,5038,5,15,3,0,1,1,1,1,1,1,1,1,1,1,0,0,0,0,0,0,1,0,0,0,0,1,0,0,0,1,0,1
41564531,1024.6264535496102,1590,스포티지,스포티지 더 볼드,55,105767,1598,5,7,2,0,0,1,1,0,1,0,1,1,1,0,1,0,0,0,0,0,0,0,1,0,0,1,0,0,0,1,1,0
41617307,856.0406977686312,899,베라크루즈,베라크루즈,46,256455,2959,7,11,0,0,1,1,1,1,1,1,1,1,1,1,0,0,0,0,0,0,0,0,1,0,0,0,0,1,0,1,1,0
41588094,1051.6974101665487,950,싼타페,싼타페 DM,56,178000,1995,7,12,2,0,1,1,1,1,1,1,1,1,1,1,0,0,0,0,0,0,0,0,1,0,0,0,1,0,0,1,1,0
41480243,672.6380015602682,599,모닝,올 뉴 모닝,42,95833,998,5,12,0,0,0,1,1,0,1,1,1,0,1,0,1,0,0,0,0,0,1,0,0,0,0,1,0,0,0,1,0,1
41647312,870.010476653311,1690,제네시스,제네시스 DH,81,28125,3342,5,10,4,0,1,1,1,1,1,1,1,1,1,1,0,0,0,0,0,0,1,0,0,0,0,0,0,1,0,1,0,1
41650103,1001.0863434464768,1330,스포티지,스포티지 더 볼드,55,123949,1598,5,7,1,0,1,1,0,0,1,0,1,1,1,0,1,0,0,0,0,0,0,0,1,0,0,0,0,1,0,1,1,0
41587457,928.4206454774875,835,아반떼,아반떼 AD,62,155391,1591,5,8,2,0,0,1,1,0,1,1,1,0,1,1,0,0,0,0,0,0,1,0,0,0,0,1,0,0,0,1,0,1
41537293,535.0819292958388,455,스파크,더 넥스트 스파크,54,132277,999,5,10,10,0,0,1,1,0,0,1,1,0,1,0,0,0,0,1,0,0,1,0,0,0,0,1,0,0,0,1,0,1
41415435,1014.8324651358752,450,투싼,투싼 ix,101,161467,1995,5,14,2,0,0,1,0,0,0,0,1,0,1,1,0,0,0,0,0,0,0,0,1,0,0,0,0,1,0,1,1,0
41616329,930.193512170366,729,쏘나타,쏘나타 뉴 라이즈,57,181398,1999,5,8,0,0,0,1,1,0,1,1,1,0,1,1,0,0,0,0,0,0,1,0,0,0,0,1,0,0,0,1,0,1
39020951,923.0393528184499,690,그랜저,그랜저 HG,27,131089,2359,5,11,4,0,0,1,1,1,1,1,1,0,1,1,0,0,0,0,0,0,1,0,0,0,0,0,0,1,0,1,0,1
41168234,397.0685256503341,389,SM5,SM5 노바,19,186572,1998,5,11,9,0,0,1,1,1,0,1,1,1,1,0,0,0,0,0,1,1,0,0,0,0,0,1,0,0,0,1,0,1
41492724,1256.5223711085262,590,렉스턴,렉스턴 W,35,163091,2157,5,11,5,0,0,1,1,1,1,1,1,1,1,0,0,0,1,0,0,0,0,0,1,0,0,1,0,0,0,1,1,0
41220890,923.0393528184499,670,그랜저,그랜저 HG,27,98782,2999,5,13,14,0,1,1,1,1,1,1,1,1,1,1,0,0,0,0,0,0,1,0,0,0,0,1,0,0,0,1,0,1
41506245,1122.21175713316,715,카니발,올 뉴 카니발,85,307866,2199,7,10,6,0,1,1,1,1,1,1,1,1,1,0,1,0,0,0,0,0,0,0,1,0,0,0,1,0,0,1,1,0
40843673,1152.9770278532783,1300,쏘렌토,올 뉴 쏘렌토,58,130198,1995,5,10,6,0,1,1,1,1,1,1,1,1,1,0,1,0,0,0,0,0,0,0,1,0,0,1,0,0,0,1,1,0
41394008,1259.5072485972,1680,G80,G80,5,207144,2199,5,8,30,1,1,1,1,1,1,1,1,1,1,0,0,1,0,0,0,0,0,0,1,0,0,1,0,0,0,1,0,1
40253573,892.2058141984411,1500,프레스토,프레스토,111,67811,1468,5,37,2,0,0,0,0,0,0,0,0,0,0,1,0,0,0,0,0,0,1,0,0,0,0,0,0,1,0,0,0,1
41257830,1072.7523168570258,1247,싼타페,싼타페 더 프라임,56,101557,1995,5,11,2,0,0,1,1,1,1,1,1,0,1,1,0,0,0,0,0,0,0,0,1,0,0,1,0,0,0,1,1,0
41515310,535.2976053661823,350,올란도,올란도,77,189702,1998,7,13,2,0,0,1,1,1,1,1,1,0,1,0,0,0,0,1,0,1,0,0,0,0,0,0,0,1,0,1,1,0
41551261,402.80707679553126,390,SM5,뉴SM5 플래티넘,19,61001,1998,5,13,4,1,0,1,1,1,1,1,1,0,1,0,0,0,0,0,1,0,1,0,0,0,0,0,1,0,0,1,0,1
39781874,1001.0863434464768,899,스포티지,더 뉴 스포티지 R,55,114972,1995,5,12,5,1,0,1,1,1,1,1,1,0,1,0,1,0,0,0,0,0,0,0,1,0,0,1,0,0,0,1,1,0
41365796,1005.1859527579388,1140,투싼,올 뉴 투싼,101,124812,1995,5,11,4,0,0,1,1,1,1,1,1,0,1,1,0,0,0,0,0,0,0,0,1,0,0,0,0,1,0,1,1,0
40925795,1023.4311157213216,299,K7,K7,12,204456,3470,5,16,2,0,0,0,0,0,0,0,0,0,0,0,1,0,0,0,0,0,1,0,0,0,0,1,0,0,0,1,0,1
40376175,672.6380015602682,890,모닝,모닝 어반 (JA),42,38535,998,5,6,4,0,0,1,1,0,1,0,0,0,0,0,1,0,0,0,0,0,1,0,0,0,0,0,0,1,0,1,0,1
41280292,886.0914963836809,980,제네시스,제네시스 DH,81,164326,3342,5,11,4,0,1,1,1,1,1,1,1,1,1,1,0,0,0,0,0,0,1,0,0,0,0,0,1,0,0,1,0,1
40977405,967.6269960460112,1130,티볼리,티볼리 아머,105,46903,1597,5,9,1,0,1,1,1,0,1,1,1,1,1,0,0,0,1,0,0,0,1,0,0,0,0,0,0,0,1,1,1,0
41409200,1109.432724427458,1599,넥쏘,넥쏘,28,94511,0,5,6,2,1,1,1,1,1,1,1,1,1,1,1,0,0,0,0,0,0,0,0,0,0,1,1,0,0,0,1,1,0
41038440,1012.2538228903043,960,스타렉스,그랜드 스타렉스,50,142473,2497,12,10,6,0,0,1,0,0,0,0,1,0,1,1,0,0,0,0,0,0,0,0,1,0,0,0,0,1,0,1,1,0
40636660,467.5515672751364,550,크루즈,어메이징 뉴 크루즈,95,43679,1362,5,11,3,0,0,1,1,0,0,1,1,0,1,0,0,0,0,1,0,0,1,0,0,0,0,0,0,1,0,1,0,1
41630623,941.3889022900747,750,쏘나타,쏘나타 더 브릴리언트,57,93976,1999,5,13,5,1,0,1,1,1,1,1,1,0,1,1,0,0,0,0,0,0,1,0,0,0,0,1,0,0,0,1,0,1
41507511,1124.9346253774313,799,쏘렌토,뉴 쏘렌토 R,58,113048,1995,7,13,1,0,0,1,0,1,1,1,1,1,1,0,1,0,0,0,0,0,0,0,1,0,0,0,0,1,0,1,1,0
41591466,930.193512170366,1090,쏘나타,쏘나타 뉴 라이즈,57,129919,1591,5,9,0,1,1,1,1,1,1,0,1,0,1,1,0,0,0,0,0,0,1,0,0,0,0,0,1,0,0,1,0,1
41507283,928.4206454774875,420,아반떼,아반떼 MD,62,102549,1591,5,16,10,0,0,1,0,1,1,0,1,0,1,1,0,0,0,0,0,0,1,0,0,0,0,1,0,0,0,1,0,1
41607453,910.4589389790043,460,제네시스,제네시스,81,113420,3342,5,17,2,0,0,1,1,1,0,1,1,0,1,1,0,0,0,0,0,0,1,0,0,0,0,0,1,0,0,1,0,1
41602140,539.6756970784525,300,스파크,스파크,54,70580,995,5,13,7,0,0,1,1,0,0,1,1,0,1,0,0,0,0,1,0,0,1,0,0,0,0,0,0,0,1,1,0,1
41607291,540.7524225826838,349,아베오,아베오 세단,63,83802,1362,5,10,6,1,0,1,1,0,0,1,1,0,1,0,0,0,0,1,0,0,1,0,0,0,0,0,1,0,0,1,0,1
41233202,718.6029070992206,590,체어맨,뉴체어맨 W,84,243810,4966,5,15,10,0,1,1,1,1,1,1,1,1,1,0,0,0,1,0,0,0,0,1,0,0,0,0,1,0,0,1,0,1
40409875,892.2058141984411,195,티코,티코,106,149813,796,5,29,19,0,0,0,0,0,0,0,0,0,0,0,0,0,0,1,0,0,1,0,0,0,0,0,0,0,1,1,0,1
41615650,936.9062313760018,1180,아반떼,아반떼 AD,62,72872,1591,5,9,0,0,0,1,1,0,1,1,1,0,1,1,0,0,0,0,0,0,1,0,0,0,0,0,0,1,0,1,0,1
41358199,592.4795248257481,490,엑센트,엑센트(신형),74,134255,1582,5,13,9,0,0,1,0,0,0,0,1,0,1,1,0,0,0,0,0,0,0,0,1,0,0,0,1,0,0,1,0,1
40432672,704.8228682442713,560,모닝,더 뉴 모닝,42,102643,998,5,10,11,0,0,1,1,0,0,1,1,0,1,0,1,0,0,0,0,0,1,0,0,0,0,1,0,0,0,1,0,1
41430893,816.6985223123376,750,트랙스,더 뉴 트랙스,103,147556,1362,5,9,1,1,0,1,1,0,1,0,1,0,1,0,0,0,0,1,0,0,1,0,0,0,0,1,0,0,0,1,1,0
41433074,1254.859911523067,1339,G70,G70,4,177561,3342,5,9,10,0,1,1,1,1,1,1,1,1,1,0,0,1,0,0,0,0,1,0,0,0,0,0,0,1,0,1,0,1
41560802,936.2255262529029,1039,아반떼,더 뉴 아반떼 AD,62,121082,1598,5,8,4,0,0,1,1,1,1,1,1,0,1,1,0,0,0,0,0,0,1,0,0,0,0,0,0,0,1,1,0,1
40485320,1264.805265999821,840,렉스턴,렉스턴 W,35,122254,2157,5,11,1,0,0,1,1,1,1,0,1,1,1,0,0,0,1,0,0,0,0,0,1,0,0,0,0,1,0,1,1,0
41128987,936.9062313760018,425,아반떼,아반떼 MD,62,93331,1591,5,16,9,1,0,1,1,1,1,1,1,0,0,1,0,0,0,0,0,0,1,0,0,0,0,0,1,0,0,0,0,1
41393363,1257.9607752264587,1490,G80,G80,5,130790,3342,5,8,4,0,1,1,1,1,1,1,1,1,1,0,0,1,0,0,0,0,1,0,0,0,0,0,0,1,0,1,0,1
41143110,809.9140873524058,599,SM6,SM6,20,180517,1998,5,10,6,1,1,1,1,1,1,1,1,0,1,0,0,0,0,0,1,1,0,0,0,0,0,0,0,1,0,1,0,1
41620243,874.0501334751542,1550,레이,더 뉴 기아 레이,34,49499,998,5,4,1,0,0,1,1,1,1,1,1,1,1,0,1,0,0,0,0,0,1,0,0,0,0,1,0,0,0,1,0,1
41199694,1079.3476259860029,920,싼타페,싼타페 DM,56,148215,1995,7,12,3,0,1,1,1,1,1,1,1,1,1,1,0,0,0,0,0,0,0,0,1,0,0,1,0,0,0,1,1,0
41619936,768.0397857057295,930,트랙스,더 뉴 트랙스,103,85169,1362,5,8,3,1,0,1,1,0,1,0,1,0,1,0,0,0,0,1,0,0,1,0,0,0,0,1,0,0,0,1,1,0
40927827,699.989762412874,240,모닝,뉴모닝,42,97250,999,5,17,11,0,0,1,1,0,0,0,1,0,1,0,1,0,0,0,0,0,1,0,0,0,0,0,1,0,0,1,0,1
41597731,487.41627910745245,470,크루즈,크루즈,95,50009,1796,5,13,3,0,0,1,0,0,0,0,1,0,1,0,0,0,0,1,0,0,1,0,0,0,0,0,0,1,0,1,0,1
41512817,736.7033647230726,850,QM3,QM3,15,32525,1461,5,10,2,0,0,1,1,1,1,0,1,0,0,0,0,0,0,0,1,0,0,0,1,0,0,0,0,1,0,1,1,0
41525140,1050.1398208359376,880,투싼,올 뉴 투싼,101,133046,1685,5,11,1,0,0,1,1,0,0,0,1,0,1,1,0,0,0,0,0,0,0,0,1,0,0,1,0,0,0,1,1,0
41408857,816.6985223123376,670,트랙스,트랙스,103,141931,1362,5,10,2,1,0,1,1,0,0,1,1,0,1,0,0,0,0,1,0,0,1,0,0,0,0,1,0,0,0,1,1,0
39656498,1084.4388555279147,950,카니발,올 뉴 카니발,85,246677,2199,7,9,8,0,1,1,1,1,1,1,1,1,1,0,1,0,0,0,0,0,0,0,1,0,0,1,0,0,0,1,1,0
41619650,947.3443649473054,700,아반떼,더 뉴 아반떼,62,94187,1591,5,12,3,0,0,1,1,1,1,1,1,0,1,1,0,0,0,0,0,0,1,0,0,0,0,0,0,1,0,1,0,1
41523977,1244.946731648438,1599,G80,G80,5,49107,3342,5,9,21,1,1,1,1,1,1,1,1,1,1,0,0,1,0,0,0,0,1,0,0,0,0,0,0,1,0,1,0,1
41179648,970.8411733726565,689,티볼리,티볼리,105,106735,1597,5,11,6,1,0,1,1,0,1,1,1,0,1,0,0,0,1,0,0,0,0,0,1,0,0,1,0,0,0,1,1,0
41651473,992.8099193332274,900,스타렉스,그랜드 스타렉스,50,222714,2497,5,9,0,0,0,1,1,0,0,1,1,1,1,1,0,0,0,0,0,0,0,0,1,0,0,0,0,0,1,1,1,0
41399095,907.2378156501135,870,그랜저,그랜저 HG 하이브리드,27,157459,2359,5,10,1,0,0,1,1,1,1,1,1,1,1,1,0,0,0,0,0,0,0,1,0,0,0,0,1,0,0,1,0,1
41573452,988.0567474787636,749,스타렉스,그랜드 스타렉스,50,178498,2497,5,10,3,0,0,1,0,0,0,0,1,0,1,1,0,0,0,0,0,0,0,0,1,0,0,0,0,1,0,1,1,0
41633988,390.5605814198441,440,SM5,뉴SM5 플래티넘,19,107015,1998,5,13,2,0,1,1,1,1,1,1,1,0,1,0,0,0,0,0,1,0,1,0,0,0,0,0,1,0,0,1,0,1
41027728,535.0819292958388,290,스파크,스파크,54,120073,995,5,13,2,0,0,1,1,0,0,0,1,0,1,0,0,0,0,1,0,1,0,0,0,0,0,0,0,0,1,1,0,1
41416176,1301.2282984354893,1350,QM6,더 뉴 QM6,17,127980,1997,5,6,5,0,0,1,1,1,1,1,1,0,1,0,0,0,0,0,1,0,1,0,0,0,0,1,0,0,0,1,1,0
41653733,870.8774225826837,470,임팔라,임팔라,80,146350,2457,5,11,11,1,1,1,1,1,1,1,1,1,1,0,0,0,0,1,0,0,1,0,0,0,0,1,0,0,0,1,0,1
41652435,967.6269960460112,980,티볼리,티볼리 아머,105,81435,1597,5,8,7,0,0,1,1,0,1,1,1,0,1,0,0,0,1,0,0,0,0,0,1,0,0,1,0,0,0,1,1,0
40935917,780.500937773942,375,K5,K5,11,167501,1998,5,15,15,0,1,1,1,1,1,1,1,1,1,0,1,0,0,0,0,0,1,0,0,0,0,0,1,0,0,1,0,1
41639825,844.638125514679,770,베라크루즈,베라크루즈,46,99065,2959,7,14,1,1,1,1,1,1,1,1,1,0,1,1,0,0,0,0,0,0,0,0,1,0,0,0,0,1,0,1,1,0
41589944,390.557300432829,190,SM5,뉴SM5(신형),19,103038,1998,5,16,2,1,1,1,1,1,1,1,1,0,1,0,0,0,0,0,1,0,1,0,0,0,0,1,0,0,0,1,0,1
41055633,672.6380015602682,519,모닝,더 뉴 모닝,42,90797,998,5,11,2,0,0,1,1,0,1,1,1,0,1,0,1,0,0,0,0,0,1,0,0,0,0,0,0,0,1,1,0,1
41553050,841.0048451653676,450,다마스,뉴 다마스,30,72468,796,2,16,0,0,0,0,0,0,0,0,0,0,1,0,0,0,0,1,0,1,0,0,0,0,0,1,0,0,0,0,1,0
40782966,389.9312687325189,329,SM5,SM5 노바,19,126680,1998,5,11,16,0,0,1,1,0,0,1,1,0,1,0,0,0,0,0,1,1,0,0,0,0,0,0,1,0,0,1,0,1
41491179,1050.1398208359376,999,투싼,올 뉴 투싼,101,229947,1685,5,11,18,0,0,1,1,1,1,1,1,0,1,1,0,0,0,0,0,0,0,0,1,0,0,1,0,0,0,1,1,0
41364752,928.4206454774875,499,아반떼,아반떼 MD,62,93000,1591,5,15,2,1,1,1,1,1,1,1,1,0,1,1,0,0,0,0,0,0,1,0,0,0,0,1,0,0,0,1,0,1
40629836,1304.167236686122,1599,QM6,QM6,17,94620,1997,5,7,2,1,1,1,1,1,1,1,1,1,1,0,0,0,0,0,1,0,1,0,0,0,0,1,0,0,0,1,1,0
41254574,962.3768750735256,820,티볼리,티볼리 에어,105,120197,1597,5,9,3,0,0,1,1,0,1,1,1,0,1,0,0,0,1,0,0,0,0,0,1,0,0,0,0,0,1,1,1,0
40299435,1234.4350592827248,1239,코나,코나,91,72959,1591,5,8,13,1,0,1,1,0,1,1,1,1,1,1,0,0,0,0,0,0,1,0,0,0,0,1,0,0,0,1,1,0
41258085,1198.965116369793,1350,베뉴,베뉴,45,88643,1598,5,7,14,0,1,1,1,1,1,1,1,0,1,1,0,0,0,0,0,0,1,0,0,0,0,1,0,0,0,1,1,0
41638908,1256.5223711085262,1450,렉스턴,렉스턴 스포츠,35,141897,2157,5,7,2,1,1,1,1,1,1,1,1,1,1,0,0,0,1,0,0,0,0,0,1,0,0,0,0,1,0,1,1,0
41273103,729.8786338740257,73,G90,G90 (RS4),6,25675,3470,5,2,0,0,1,1,1,1,1,1,1,1,1,0,0,1,0,0,0,0,1,0,0,0,0,1,0,0,0,1,0,1
40991660,672.6380015602682,510,모닝,올 뉴 모닝 (JA),42,171398,998,5,9,2,0,0,1,0,0,1,0,1,0,1,0,1,0,0,0,0,0,1,0,0,0,0,0,1,0,0,1,0,1
41621851,968.6868564277833,300,쏘나타,쏘나타 더 브릴리언트,57,278530,1999,5,13,11,0,0,1,1,0,1,0,0,0,1,1,0,0,0,0,0,1,0,0,0,0,0,0,0,1,0,1,0,1
41554081,402.80707679553126,230,SM5,뉴SM5(신형),19,132744,1998,5,15,8,1,0,1,1,1,1,1,1,0,1,0,0,0,0,0,1,0,1,0,0,0,0,1,0,0,0,1,0,1
41026506,583.2714669994004,510,알페온,알페온,70,91502,2384,5,12,7,0,1,1,1,1,1,1,1,1,1,0,0,0,0,1,0,0,1,0,0,0,0,0,0,1,0,1,0,1
41467233,723.7828753088075,875,에쿠스,에쿠스(신형),73,94151,3778,5,14,7,0,1,1,1,1,1,1,1,1,1,1,0,0,0,0,0,0,1,0,0,0,0,0,1,0,0,1,0,1
41566277,1057.082523447645,1429,싼타페,싼타페 더 프라임,56,147209,2199,5,10,1,1,1,1,1,1,1,1,1,1,1,1,0,0,0,0,0,0,0,0,1,0,0,0,0,1,0,1,1,0
41596698,1234.4350592827248,1620,코나,코나,91,96391,1591,5,7,2,1,1,1,1,1,1,1,1,1,1,1,0,0,0,0,0,0,1,0,0,0,0,0,1,0,0,1,1,0
37272611,731.3465116724439,699,에쿠스,에쿠스(신형),73,120087,3778,5,14,4,0,1,1,1,1,1,1,1,1,1,1,0,0,0,0,0,0,1,0,0,0,0,0,1,0,0,1,0,1
41476936,905.6914320771383,1590,그랜저,그랜저 IG,27,131958,2359,5,9,1,0,1,1,1,1,1,1,1,1,1,1,0,0,0,0,0,0,1,0,0,0,0,0,1,0,0,1,0,1
41275740,1319.6151889790042,1390,QM6,QM6,17,77686,1995,5,8,1,0,1,1,1,1,1,1,1,1,1,0,0,0,0,0,1,0,0,0,1,0,0,0,0,1,0,1,1,0
41178295,935.928526081858,1150,그랜저,그랜저 IG,27,191406,2999,5,9,2,1,0,1,1,1,1,1,1,1,1,1,0,0,0,0,0,1,0,0,0,0,0,0,1,0,0,1,0,1
41467295,702.4010571269893,1230,에쿠스,에쿠스(신형),73,118406,5038,4,11,4,0,1,1,1,1,1,1,1,1,1,1,0,0,0,0,0,0,1,0,0,0,0,0,0,1,0,1,0,1
41557835,947.3443649473054,1570,아반떼,아반떼 (CN7),62,40196,1598,5,4,5,0,0,1,1,1,1,1,1,1,1,1,0,0,0,0,0,0,1,0,0,0,0,0,0,1,0,1,0,1
41624528,936.9062313760018,480,아반떼,아반떼 MD,62,136232,1591,5,14,8,1,0,1,1,1,1,0,1,0,0,1,0,0,0,0,0,0,1,0,0,0,0,1,0,0,0,1,0,1
39132818,943.9179347406766,730,아반떼,아반떼 AD,62,123935,1591,5,9,11,0,0,1,0,0,1,0,1,0,1,1,0,0,0,0,0,0,1,0,0,0,0,0,0,0,1,1,0,1
41594250,943.9179347406766,360,아반떼,아반떼 MD,62,110137,1591,5,13,20,0,0,1,1,1,0,1,1,0,1,1,0,0,0,0,0,0,1,0,0,0,0,0,0,1,0,1,0,1
41656623,935.928526081858,1390,그랜저,그랜저 IG,27,122632,2359,5,8,2,1,0,1,1,1,1,1,1,1,1,1,0,0,0,0,0,0,1,0,0,0,0,0,1,0,0,1,0,1
41494480,935.928526081858,590,그랜저,그랜저 HG,27,143968,2359,5,13,4,0,1,1,1,1,1,1,1,0,1,1,0,0,0,0,0,0,1,0,0,0,0,0,1,0,0,1,0,1
41306487,969.3889001833381,589,티볼리,티볼리,105,132886,1597,5,11,6,0,0,1,1,1,1,1,1,0,1,0,0,0,1,0,0,0,1,0,0,0,0,1,0,0,0,1,1,0
41555907,907.2378156501135,1400,그랜저,그랜저 IG,27,152397,3342,5,8,5,0,1,1,1,1,1,1,1,1,1,1,0,0,0,0,0,0,1,0,0,0,0,0,0,1,0,1,0,1
41594694,1027.800505582473,1130,투싼,올 뉴 투싼,101,76312,1685,5,9,2,0,0,1,1,0,1,1,1,0,1,1,0,0,0,0,0,0,0,0,1,0,0,1,0,0,0,1,1,0
41516096,1268.500618531749,350,렉스턴,렉스턴 W,35,310182,1998,7,14,4,1,0,1,0,1,1,0,1,0,1,0,0,0,1,0,0,0,0,0,1,0,0,0,0,1,0,1,1,0
41632837,923.0393528184499,1230,그랜저,그랜저 HG,27,110245,2999,5,10,10,1,1,1,1,1,1,1,1,1,1,1,0,0,0,0,0,1,0,0,0,0,0,1,0,0,0,1,0,1
41243179,1390.1913990791177,1219,캐스퍼,캐스퍼,88,83387,998,4,5,11,0,0,1,1,1,1,1,1,1,1,1,0,0,0,0,0,0,1,0,0,0,0,1,0,0,0,1,0,1
41556672,1254.1390064538368,1490,G70,G70,4,146388,2199,5,8,2,0,1,1,1,1,1,1,1,0,1,0,0,1,0,0,0,0,0,0,1,0,0,0,0,0,1,1,0,1
41044476,793.5123984456893,460,코란도,코란도 스포츠,92,161188,1998,5,14,4,0,0,1,0,1,0,0,1,0,1,0,0,0,1,0,0,0,0,0,1,0,0,0,0,1,0,1,1,0
41528058,895.5676356997402,560,레이,레이,34,138769,998,5,10,8,0,0,1,0,0,0,0,1,0,1,0,1,0,0,0,0,0,1,0,0,0,0,1,0,0,0,1,0,1
41541664,1259.5072485972,1430,G80,G80,5,161577,3342,5,8,12,0,1,1,1,1,1,1,1,1,1,0,0,1,0,0,0,0,1,0,0,0,0,0,0,1,0,1,0,1
41020132,1236.8774225826837,1580,트레일블레이저,트레일블레이저,104,49675,1341,5,6,1,1,1,1,1,1,1,0,1,0,1,0,0,0,0,1,0,0,1,0,0,0,0,1,0,0,0,1,1,0
41445361,1010.3075581570316,1099,스타렉스,그랜드 스타렉스,50,159926,2497,4,12,6,0,0,1,0,0,0,0,0,0,1,1,0,0,0,0,0,0,0,0,1,0,0,0,0,1,0,1,1,0
41088923,1027.800505582473,1450,투싼,올 뉴 투싼,101,102142,1591,5,10,10,0,1,1,1,1,1,1,1,1,1,1,0,0,0,0,0,0,1,0,0,0,0,0,1,0,0,1,1,0
41064339,809.9140873524058,800,SM6,SM6,20,97124,1998,5,9,17,0,0,1,1,1,1,1,1,0,1,0,0,0,0,0,1,1,0,0,0,0,0,0,0,1,0,1,0,1
41576546,935.928526081858,490,그랜저,그랜저 HG,27,257546,2199,5,12,8,0,1,1,1,1,1,1,1,1,1,1,0,0,0,0,0,0,0,0,1,0,0,0,0,1,0,1,0,1
41202002,817.29454516165,330,말리부,말리부,40,132795,1956,5,11,13,1,0,1,1,1,1,0,1,0,1,0,0,0,0,1,0,0,0,0,1,0,0,0,1,0,0,1,0,1
41364584,469.43562524615083,680,크루즈,올 뉴 크루즈,95,57106,1399,5,9,8,0,0,1,1,1,1,0,1,0,1,0,0,0,0,1,0,0,1,0,0,0,0,0,0,1,0,1,0,1
41406318,867.5160324543092,940,레이,더 뉴 레이,34,38266,998,2,5,3,0,0,1,1,0,0,1,1,0,0,0,1,0,0,0,0,0,1,0,0,0,0,1,0,0,0,1,0,1
39851995,804.849667793527,725,SM6,SM6,20,114409,1997,5,10,8,0,1,1,1,1,1,1,1,0,1,0,0,0,0,0,1,0,1,0,0,0,0,0,0,1,0,1,0,1
41004372,1240.6033095126206,1660,G80,G80,5,160929,3342,5,9,11,1,1,1,1,1,1,1,1,1,1,0,0,1,0,0,0,0,1,0,0,0,0,1,0,0,0,1,0,1
41470530,1244.946731648438,1050,G80,G80,5,236347,3342,5,10,3,0,1,1,1,1,1,1,1,1,1,0,0,1,0,0,0,0,1,0,0,0,0,0,1,0,0,1,0,1
41192315,526.5779521455554,590,스파크,더 넥스트 스파크,54,87325,999,5,8,0,0,0,1,1,0,1,1,1,0,1,0,0,0,0,1,0,0,1,0,0,0,0,0,0,0,1,1,0,1
40918305,1301.1905814198442,1030,QM6,QM6,17,88662,1995,5,9,2,1,0,1,1,1,1,1,1,0,1,0,0,0,0,0,1,0,0,0,1,0,0,1,0,0,0,1,1,0
40712016,1072.7523168570258,889,싼타페,싼타페 DM,56,176740,1995,7,14,5,0,0,1,1,1,1,1,1,1,1,1,0,0,0,0,0,0,0,0,1,0,0,1,0,0,0,1,1,0
41642943,535.0819292958388,490,스파크,더 넥스트 스파크,54,74060,999,5,10,14,0,0,1,1,0,0,1,1,0,1,0,0,0,0,1,0,0,1,0,0,0,0,0,0,0,1,1,0,1
41641527,817.29454516165,230,말리부,말리부,40,160642,1998,5,14,13,0,0,1,0,1,1,0,1,0,1,0,0,0,0,1,0,0,1,0,0,0,0,0,0,1,0,1,0,1
41611664,1240.6033095126206,1390,G80,G80,5,119890,3342,5,10,2,0,1,1,1,1,1,1,1,1,1,0,0,1,0,0,0,0,1,0,0,0,0,0,1,0,0,1,0,1
41561466,935.00215340683,1470,벨로스터,벨로스터 (JS),47,127688,1998,4,7,0,0,1,1,1,1,1,1,1,1,1,1,0,0,0,0,0,0,1,0,0,0,0,0,0,0,1,0,0,1
41392649,1182.1609548412846,1600,G70,G70,4,102760,1998,5,8,13,0,1,1,1,1,1,1,1,1,1,0,0,1,0,0,0,0,1,0,0,0,0,0,0,0,1,1,0,1
41577254,1307.3450904664935,980,렉스턴,렉스턴 W,35,94636,2157,5,11,2,1,1,1,1,1,1,1,1,1,1,0,0,0,1,0,0,0,0,0,1,0,0,1,0,0,0,1,1,0
41407853,817.7357216322383,1100,말리부,올 뉴 말리부,40,90900,1998,5,8,4,1,1,1,1,1,1,1,1,1,1,0,0,0,0,1,0,0,1,0,0,0,0,0,0,0,1,1,0,1
41552497,916.1401938066147,390,그랜저,그랜저 HG,27,190514,2999,5,15,2,1,0,1,1,1,1,1,1,1,1,1,0,0,0,0,0,0,1,0,0,0,0,0,1,0,0,1,0,1
40878353,793.5123984456893,870,코란도,더 뉴 코란도 스포츠,92,96134,2157,5,9,13,0,0,1,1,1,0,1,1,0,1,0,0,0,1,0,0,0,0,0,1,0,0,0,0,0,1,0,1,0
40875829,731.3503539993221,750,i40,i40 살룬,25,117574,1685,5,13,0,1,1,1,1,1,1,1,1,1,1,1,0,0,0,0,0,0,0,0,1,0,0,1,0,0,0,1,0,1
41265313,817.29454516165,1250,말리부,더 뉴 말리부,40,90938,1998,5,7,2,0,0,1,1,1,1,1,1,0,1,0,0,0,0,1,0,0,1,0,0,0,0,1,0,0,0,1,0,1
41375227,1027.800505582473,1550,투싼,올 뉴 투싼,101,114328,1591,5,8,8,0,1,1,1,1,1,1,1,1,1,1,0,0,0,0,0,0,1,0,0,0,0,0,0,1,0,1,1,0
41610554,1240.6033095126206,999,G80,G80,5,233089,3342,5,10,2,1,1,1,1,1,1,1,1,1,1,0,0,1,0,0,0,0,1,0,0,0,0,0,0,1,0,1,0,1
41055730,535.0819292958388,520,스파크,더 넥스트 스파크,54,52332,999,5,11,1,0,0,0,1,0,0,1,0,0,0,0,0,0,0,1,0,0,1,0,0,0,0,1,0,0,0,1,0,1
40409120,861.2387142343771,1500,K9,더 K9,14,219177,3778,5,8,6,0,1,1,1,1,1,1,1,1,1,0,1,0,0,0,0,0,1,0,0,0,0,0,0,1,0,1,0,1
39730433,635.3109081424859,850,SM7,SM7 노바,21,53240,1998,5,10,15,1,1,1,1,1,1,1,1,1,1,0,0,0,0,0,1,1,0,0,0,0,0,1,0,0,0,1,0,1
41042963,952.3521370538434,1090,K7,올 뉴 K7,12,175840,3342,5,9,13,1,1,1,1,1,1,1,1,1,1,0,1,0,0,0,0,0,1,0,0,0,0,0,1,0,0,1,0,1
41593506,651.8405852253035,570,캡티바,캡티바,90,74955,1998,7,13,2,0,0,1,1,1,1,1,1,0,1,0,0,0,0,1,0,0,0,0,1,0,0,1,0,0,0,1,1,0
41654790,905.6914320771383,369,그랜저,그랜저 HG,27,172338,2359,5,15,17,0,0,1,1,1,1,0,1,0,1,1,0,0,0,0,0,0,1,0,0,0,0,0,1,0,0,1,0,1
41541620,908.4660109218778,689,클리오,클리오,96,117452,1461,5,7,2,0,1,1,1,1,1,1,1,0,1,0,0,0,0,0,1,0,0,0,1,0,0,1,0,0,0,1,0,1
41602492,923.0393528184499,550,그랜저,그랜저 HG,27,246419,2199,5,11,3,0,0,1,1,1,1,1,1,0,1,1,0,0,0,0,0,0,0,0,1,0,0,1,0,0,0,1,0,1
39998723,818.3774225826837,840,임팔라,임팔라,80,109142,3564,5,11,8,1,1,1,1,1,1,0,1,1,1,0,0,0,0,1,0,0,1,0,0,0,0,1,0,0,0,1,0,1
41274720,970.8411733726565,1290,티볼리,베리 뉴 티볼리,105,95273,1497,5,4,10,0,1,1,1,1,1,1,1,1,1,0,0,0,1,0,0,0,1,0,0,0,0,1,0,0,0,1,1,0
41642347,819.4078380887734,370,SM6,SM6,20,209305,1998,5,10,3,0,0,1,1,1,1,0,1,0,1,0,0,0,0,0,1,1,0,0,0,0,0,0,0,0,1,1,0,1
41257441,831.0491350121001,790,코란도,코란도 투리스모,92,113365,2157,9,10,2,0,0,1,1,1,1,1,1,0,1,0,0,0,1,0,0,0,0,0,1,0,0,1,0,0,0,1,1,0
40303694,704.8228682442713,235,모닝,뉴모닝,42,133918,999,5,16,3,0,0,1,0,0,0,0,1,0,1,0,1,0,0,0,0,0,1,0,0,0,0,0,0,1,0,1,0,1
41477002,1027.800505582473,489,투싼,투싼 ix,101,169070,1995,5,15,2,0,0,1,0,1,1,0,1,0,1,1,0,0,0,0,0,0,0,0,1,0,0,0,0,1,0,1,1,0
41548620,802.5490122794023,800,트랙스,더 뉴 트랙스,103,80461,1362,5,8,6,0,0,1,1,0,1,1,1,0,1,0,0,0,0,1,0,0,1,0,0,0,0,0,0,1,0,1,1,0
41502586,947.3443649473054,799,아반떼,아반떼 AD,62,108978,1591,5,9,1,0,0,1,0,0,0,0,0,0,1,1,0,0,0,0,0,0,1,0,0,0,0,1,0,0,0,1,0,1
41637504,884.5529070992204,580,아슬란,아슬란,64,227258,2999,5,11,0,0,1,1,1,1,1,1,1,1,1,1,0,0,0,0,0,0,1,0,0,0,0,0,1,0,0,1,0,1
41616010,529.273314565499,290,올란도,올란도,77,197432,1998,7,12,15,0,0,1,0,0,1,0,1,0,1,0,0,0,0,1,0,0,0,0,1,0,0,1,0,0,0,1,1,0
41171172,905.6914320771383,479,그랜저,그랜저 HG,27,140075,2999,5,15,12,1,1,1,1,1,1,1,1,1,1,1,0,0,0,0,0,0,1,0,0,0,0,0,0,1,0,1,0,1
41477543,1309.1947392425673,1500,QM6,더 뉴 QM6,17,85436,1998,5,5,0,0,1,1,1,1,1,1,1,0,1,0,0,0,0,0,1,1,0,0,0,0,0,1,0,0,0,1,1,0
41025949,820.6996852780783,735,SM6,SM6,20,96666,1997,5,10,8,1,1,1,1,1,1,0,1,0,1,0,0,0,0,0,1,0,1,0,0,0,0,0,1,0,0,1,0,1
40082391,1035.3350952116489,1050,쏘렌토,올 뉴 쏘렌토,58,200408,1995,5,11,17,0,0,1,1,1,1,1,1,1,1,0,1,0,0,0,0,0,0,0,1,0,0,1,0,0,0,1,1,0
41652176,936.2255262529029,690,아반떼,더 뉴 아반떼,62,90971,1591,5,12,6,0,0,1,1,1,1,1,1,0,1,1,0,0,0,0,0,0,1,0,0,0,0,0,0,1,0,1,0,1
40962046,521.1936913921791,500,스파크,더 넥스트 스파크,54,80282,999,5,8,12,0,0,1,1,0,0,1,1,0,1,0,0,0,0,1,0,0,1,0,0,0,0,1,0,0,0,0,0,1
40749033,963.6518467963097,680,티볼리,티볼리 에어,105,134607,1597,5,10,6,0,1,1,1,1,1,1,1,0,1,0,0,0,1,0,0,0,0,0,1,0,0,0,0,0,1,1,1,0
41250451,1379.3008305997773,1620,캐스퍼,캐스퍼,88,21308,998,4,4,1,0,0,1,1,1,1,1,1,1,1,1,0,0,0,0,0,0,1,0,0,0,0,0,0,0,1,1,0,1
40583784,923.0393528184499,880,그랜저,그랜저 HG,27,122091,2999,5,11,1,0,0,1,1,1,1,1,1,0,1,1,0,0,0,0,0,1,0,0,0,0,0,0,1,0,0,1,0,1
41214787,487.46355435797625,599,크루즈,어메이징 뉴 크루즈,95,94083,1362,5,11,14,0,0,1,1,1,1,1,1,0,1,0,0,0,0,1,0,0,1,0,0,0,0,1,0,0,0,1,0,1
41658048,804.849667793527,675,SM6,SM6,20,102054,1997,5,10,10,0,0,1,1,1,1,1,1,0,1,0,0,0,0,0,1,0,1,0,0,0,0,0,0,1,0,1,0,1
41500716,928.4206454774875,370,아반떼,아반떼 MD,62,134069,1591,5,15,10,0,0,1,0,1,1,0,1,0,1,1,0,0,0,0,0,0,1,0,0,0,0,0,0,1,0,1,0,1
41570230,936.9062313760018,440,아반떼,아반떼 MD,62,145786,1591,5,15,3,0,0,1,0,1,1,0,1,0,1,1,0,0,0,0,0,0,1,0,0,0,0,0,0,1,0,1,0,1
41564247,1260.2163622137289,1499,트레일블레이저,트레일블레이저,104,141488,1341,5,6,4,1,1,1,1,1,1,0,1,1,1,0,0,0,0,1,0,0,1,0,0,0,0,1,0,0,0,1,1,0
41574606,1012.2538228903043,550,스타렉스,그랜드 스타렉스,50,208285,2359,12,16,11,0,0,0,1,0,0,1,1,0,1,1,0,0,0,0,0,1,0,0,0,0,0,0,0,1,0,1,1,0
41185804,537.623042265147,630,올란도,올란도,77,73724,1998,7,12,5,0,0,1,1,0,0,1,1,0,1,0,0,0,0,1,0,1,0,0,0,0,0,0,0,1,0,1,1,0
41237592,817.29454516165,1190,말리부,올 뉴 말리부,40,91485,1998,5,8,8,1,1,1,1,1,1,1,1,1,1,0,0,0,0,1,0,0,1,0,0,0,0,1,0,0,0,1,0,1
41084182,819.4078380887734,1480,SM6,더 뉴 SM6,20,52392,1332,5,5,2,0,1,1,1,1,1,1,1,0,1,0,0,0,0,0,1,0,1,0,0,0,0,0,1,0,0,1,0,1
41429923,1379.3008305997773,1480,캐스퍼,캐스퍼,88,83131,998,4,4,2,1,0,1,1,1,1,1,1,1,1,1,0,0,0,0,0,0,1,0,0,0,0,0,0,0,1,1,0,1
41068593,1301.1905814198442,1100,QM6,QM6,17,104373,1995,5,9,7,0,1,1,1,1,1,1,1,1,1,0,0,0,0,0,1,0,0,0,1,0,0,1,0,0,0,1,1,0
40901568,652.8728432898197,499,캡티바,캡티바,90,135942,1998,7,12,2,1,0,1,1,1,1,1,1,0,1,0,0,0,0,1,0,0,0,0,1,0,0,0,0,1,0,1,1,0
41573917,1319.6151889790042,1090,QM6,QM6,17,111643,1995,5,9,0,1,1,1,1,1,1,0,1,1,1,0,0,0,0,0,1,0,0,0,1,0,0,1,0,0,0,1,1,0
41635384,807.4456798684994,580,SM6,SM6,20,176239,1998,5,10,2,0,0,1,1,1,1,1,1,0,1,0,0,0,0,0,1,1,0,0,0,0,0,1,0,0,0,1,0,1
40935329,704.8228682442713,970,모닝,올 뉴 모닝 (JA),42,35676,998,5,8,1,0,0,1,1,0,1,0,1,0,1,0,1,0,0,0,0,0,1,0,0,0,0,1,0,0,0,1,0,1
41420216,814.5976259860029,440,말리부,말리부,40,91108,1998,5,12,1,0,0,1,1,1,1,1,1,0,1,0,0,0,0,1,0,0,1,0,0,0,0,1,0,0,0,1,0,1
41296874,780.500937773942,940,K5,K5 2세대,11,119824,1999,5,10,2,0,0,1,1,0,1,1,1,0,1,0,1,0,0,0,0,1,0,0,0,0,0,0,0,1,0,1,0,1
40768892,814.4268981028265,770,말리부,올 뉴 말리부,40,138254,1490,5,8,5,0,0,1,1,1,1,0,1,0,1,0,0,0,0,1,0,0,1,0,0,0,0,0,0,1,0,1,0,1
41555834,1247.5118753613704,1450,XM3,XM3,23,52000,1332,5,6,0,0,1,1,1,1,1,1,1,1,1,0,0,0,0,0,1,0,1,0,0,0,0,0,1,0,0,1,1,0
41371164,963.6518467963097,740,티볼리,티볼리 에어,105,76827,1597,5,10,3,0,0,1,0,0,1,0,1,0,1,0,0,0,1,0,0,0,0,0,1,0,0,0,0,1,0,1,1,0
40867410,651.2405814198441,780,모닝,모닝 어반 (JA),42,40285,998,2,5,1,0,0,1,0,0,0,0,0,0,0,0,1,0,0,0,0,0,1,0,0,0,0,1,0,0,0,1,0,1
41461602,1023.2941085597921,1230,K7,올 뉴 K7,12,138482,2359,5,9,6,1,1,1,1,1,1,1,1,1,1,0,1,0,0,0,0,0,1,0,0,0,0,0,1,0,0,1,0,1
41453650,793.5123984456893,530,코란도,코란도 스포츠,92,112355,1998,5,13,2,0,0,0,0,0,0,0,0,0,0,0,0,0,1,0,0,0,0,0,1,0,0,0,0,1,0,1,1,0
41331526,483.19448616103887,270,SM3,뉴SM3,18,184802,1598,5,15,23,0,0,1,0,1,1,0,1,0,1,0,0,0,0,0,1,0,1,0,0,0,0,0,0,1,0,1,0,1
41402410,694.7399022097059,299,프라이드,올 뉴 프라이드,110,153410,1591,5,13,5,0,0,1,0,1,0,0,1,0,1,0,1,0,0,0,0,0,1,0,0,0,0,0,0,1,0,1,0,1
40861201,526.5779521455554,620,스파크,더 넥스트 스파크,54,67770,999,5,9,2,1,0,1,1,0,1,0,1,0,1,0,0,0,0,1,0,0,1,0,0,0,0,0,1,0,0,1,0,1
41635283,905.6914320771383,450,그랜저,더 럭셔리 그랜저,27,79292,2656,5,16,7,0,0,1,1,1,0,1,1,0,1,1,0,0,0,0,0,1,0,0,0,0,0,0,0,1,0,1,0,1
41246331,455.50858679976017,550,SM3,SM3 네오,18,116097,1598,5,11,2,0,0,0,0,0,0,0,0,0,0,0,0,0,0,0,1,0,1,0,0,0,0,1,0,0,0,1,0,1
41470541,814.4268981028265,450,말리부,올 뉴 말리부,40,168378,1490,5,9,17,0,0,1,1,0,1,0,0,0,0,0,0,0,0,1,0,0,1,0,0,0,0,0,0,0,1,1,0,1
41085479,1037.3051417342533,640,투싼,투싼 ix,101,122522,1995,5,14,6,1,0,1,1,1,1,1,1,0,1,1,0,0,0,0,0,0,0,0,1,0,0,1,0,0,0,1,1,0
41509006,1247.5118753613704,1240,XM3,XM3,23,100338,1598,5,6,3,0,1,1,1,1,1,1,1,0,1,0,0,0,0,0,1,0,1,0,0,0,0,1,0,0,0,1,1,0
40160638,1057.082523447645,1169,싼타페,싼타페 DM,56,127183,2199,7,11,4,0,1,1,1,1,1,1,1,1,1,1,0,0,0,0,0,0,0,0,1,0,0,1,0,0,0,1,1,0
41501595,1103.8161338740256,1680,넥쏘,넥쏘,28,64257,0,5,7,0,1,1,1,1,1,1,1,1,1,1,1,0,0,0,0,0,0,0,0,0,0,1,0,0,1,0,1,1,0
41281093,455.50858679976017,490,SM3,SM3 네오,18,109030,1461,5,10,0,0,0,1,1,1,1,0,1,0,1,0,0,0,0,0,1,0,0,0,1,0,0,0,0,1,0,1,0,1
41098039,943.9179347406766,1290,아반떼,더 뉴 아반떼 AD,62,92356,1598,5,7,2,0,0,1,1,1,1,1,1,0,1,1,0,0,0,0,0,0,1,0,0,0,0,1,0,0,0,1,0,1
41647466,1005.1859527579388,1070,투싼,올 뉴 투싼,101,143344,1995,5,9,7,0,0,1,1,0,1,0,1,0,1,1,0,0,0,0,0,0,0,0,1,0,0,1,0,0,0,1,1,0
41399733,539.6756970784525,250,스파크,스파크,54,43279,995,5,14,1,0,0,1,0,0,0,1,0,0,0,0,0,0,0,1,0,0,1,0,0,0,0,0,0,1,0,1,0,1
41455538,1001.0863434464768,1530,스포티지,스포티지 더 볼드,55,118884,1995,5,7,13,1,1,1,1,1,1,1,1,1,1,0,1,0,0,0,0,0,0,0,1,0,0,1,0,0,0,1,1,0
41544765,468.8263197140382,290,SM3,뉴SM3,18,124786,1598,5,17,7,0,0,1,0,1,0,1,1,0,1,0,0,0,0,0,1,0,1,0,0,0,0,0,0,1,0,1,0,1
41026279,535.0819292958388,600,스파크,더 넥스트 스파크,54,73438,999,5,11,2,1,0,1,1,0,1,0,1,0,1,0,0,0,0,1,0,0,1,0,0,0,0,1,0,0,0,1,0,1
41057953,1035.3350952116489,1150,쏘렌토,올 뉴 쏘렌토,58,80082,1995,7,12,2,0,0,1,1,1,1,1,1,1,1,0,1,0,0,0,0,0,0,0,1,0,0,0,0,1,0,1,1,0
41542850,1304.167236686122,1439,QM6,더 뉴 QM6,17,87655,1998,5,5,7,0,1,1,1,1,1,1,1,0,1,0,0,0,0,0,1,1,0,0,0,0,0,0,0,1,0,1,1,0
41446876,950.3037718506688,670,쏘나타,LF 쏘나타 하이브리드,57,233926,1999,5,10,10,0,0,1,1,1,1,1,1,1,1,1,0,0,0,0,0,0,0,1,0,0,0,1,0,0,0,1,0,1
40610257,825.9607559160171,590,제네시스 쿠페,제네시스 쿠페,82,118652,3778,4,17,2,1,0,1,1,1,1,1,1,0,1,1,0,0,0,0,0,0,1,0,0,0,0,0,0,1,0,1,0,1
39033615,936.2255262529029,739,아반떼,아반떼 AD,62,143803,1591,5,10,4,0,0,1,1,1,0,0,1,0,1,1,0,0,0,0,0,0,1,0,0,0,0,1,0,0,0,1,0,1
41455481,875.1505814198441,490,제네시스,제네시스,81,210537,3342,5,13,2,0,0,1,1,1,1,1,1,1,1,1,0,0,0,0,0,0,1,0,0,0,0,0,1,0,0,1,0,1
41513719,842.1279070156255,870,K5,더 뉴 K5 2세대,11,227526,1999,5,7,8,0,0,1,1,0,0,1,1,0,1,0,1,0,0,0,0,0,1,0,0,0,0,1,0,0,0,1,0,1
41083829,1065.7898672846009,1350,캡처,캡처,89,116008,1332,5,6,4,0,1,1,1,1,1,1,1,0,1,0,0,0,0,0,1,0,1,0,0,0,0,1,0,0,0,1,1,0
41638238,804.849667793527,1150,SM6,SM6,20,37987,1997,5,8,0,0,1,1,1,1,1,1,1,0,1,0,0,0,0,0,1,0,1,0,0,0,0,1,0,0,0,1,0,1
40066880,582.3662791811096,180,아베오,아베오 세단,63,154688,1598,5,15,14,0,0,1,1,0,0,1,1,0,1,0,0,0,0,1,0,0,1,0,0,0,0,0,1,0,0,0,0,1
41492416,1301.2282984354893,1670,QM6,더 뉴 QM6,17,107183,1998,5,4,0,0,1,1,1,1,1,1,1,1,1,0,0,0,0,0,1,1,0,0,0,0,0,1,0,0,0,1,1,0
41241432,1124.3844256766104,1559,카니발,올 뉴 카니발,85,97521,3342,9,9,0,1,1,1,1,1,1,1,1,1,1,0,1,0,0,0,0,0,1,0,0,0,0,0,0,1,0,1,1,0
41653650,936.9062313760018,1650,아반떼,아반떼 (CN7),62,106890,1598,5,6,2,0,0,1,1,1,1,1,1,1,1,1,0,0,0,0,0,0,1,0,0,0,0,0,1,0,0,1,0,1
41250909,977.230670900442,630,쏘나타,쏘나타 뉴 라이즈,57,234762,1999,5,7,6,0,0,1,1,0,1,0,1,0,1,1,0,0,0,0,0,1,0,0,0,0,0,1,0,0,0,1,0,1
40855588,467.5515672751364,230,크루즈,크루즈,95,147366,1598,5,14,2,0,0,1,0,0,0,0,1,0,1,0,0,0,0,1,0,0,1,0,0,0,0,0,1,0,0,1,0,1
40642919,969.3889001833381,740,티볼리,티볼리,105,98804,1597,5,11,13,0,1,1,1,1,1,0,1,1,1,0,0,0,1,0,0,0,1,0,0,0,0,1,0,0,0,1,1,0
41220003,817.29454516165,1039,말리부,올 뉴 말리부,40,82566,1998,5,10,2,1,1,1,1,1,1,1,1,1,1,0,0,0,0,1,0,0,1,0,0,0,0,0,1,0,0,1,0,1
41479716,968.6868564277833,810,쏘나타,LF 쏘나타,57,111186,1685,5,11,8,0,0,1,1,1,1,1,1,0,1,1,0,0,0,0,0,0,0,0,1,0,0,1,0,0,0,1,0,1
41510399,986.97541951879,1480,K7,K7 프리미어,12,135920,2497,5,6,2,0,1,1,1,1,1,1,1,1,1,0,1,0,0,0,0,0,1,0,0,0,0,1,0,0,0,1,0,1
41557020,968.6868564277833,619,쏘나타,LF 쏘나타,57,188100,1999,5,9,2,0,0,0,0,0,0,0,0,0,0,1,0,0,0,0,0,1,0,0,0,0,0,1,0,0,0,1,0,1
40708833,699.989762412874,470,모닝,올 뉴 모닝,42,110109,998,5,12,2,0,0,0,0,0,0,0,0,0,0,0,1,0,0,0,0,0,1,0,0,0,0,1,0,0,0,1,0,1
40840618,1234.4350592827248,1410,코나,코나,91,72693,1591,5,8,5,0,0,1,1,0,1,1,1,0,1,1,0,0,0,0,0,0,1,0,0,0,0,1,0,0,0,1,1,0
41632241,943.9179347406766,1690,아반떼,아반떼 (CN7),62,46398,1598,5,5,8,0,0,1,1,1,1,1,1,1,1,1,0,0,0,0,0,0,1,0,0,0,0,1,0,0,0,1,0,1
41294616,521.1936913921791,330,스파크,스파크,54,79303,995,5,13,6,0,0,1,1,0,0,1,1,0,0,0,0,0,0,1,0,0,1,0,0,0,0,1,0,0,0,1,0,1
41654060,813.3482474056841,1580,말리부,더 뉴 말리부,40,57766,1341,5,6,0,0,0,1,1,1,1,1,1,1,1,0,0,0,0,1,0,0,1,0,0,0,0,0,0,1,0,1,0,1
40671792,583.2714669994004,380,알페온,알페온,70,122655,2997,5,11,6,0,1,1,1,1,1,0,1,1,1,0,0,0,0,1,0,0,1,0,0,0,0,0,1,0,0,1,0,1
41646071,936.9062313760018,1250,아반떼,아반떼 AD,62,110810,1591,5,8,1,0,1,1,1,1,1,1,1,1,1,1,0,0,0,0,0,0,1,0,0,0,0,0,1,0,0,1,0,1
40877776,535.2976053661823,680,올란도,올란도,77,129205,1998,7,10,4,0,0,1,1,1,1,1,1,0,1,0,0,0,0,1,0,1,0,0,0,0,0,0,0,1,0,1,1,0
41606985,1240.6033095126206,1500,G80,G80,5,166659,3342,5,8,3,1,1,1,1,1,1,1,1,1,1,0,0,1,0,0,0,0,1,0,0,0,0,0,1,0,0,1,0,1
41293039,962.3768750735256,949,티볼리,베리 뉴 티볼리,105,100166,1597,5,7,1,0,0,1,1,0,1,0,1,0,1,0,0,0,1,0,0,0,0,0,1,0,0,1,0,0,0,1,1,0
41156099,390.557300432829,550,SM5,SM5 노바,19,116008,1998,5,10,2,0,1,1,1,1,1,0,1,0,1,0,0,0,0,0,1,0,1,0,0,0,0,1,0,0,0,1,0,1
41367000,930.193512170366,1270,쏘나타,쏘나타 (DN8),57,115605,1999,5,7,2,0,0,1,1,1,1,1,1,0,1,1,0,0,0,0,0,1,0,0,0,0,0,1,0,0,0,1,0,1
41544906,1010.3075581570316,650,스타렉스,그랜드 스타렉스,50,216377,2497,5,9,0,0,0,1,1,0,0,1,0,0,1,1,0,0,0,0,0,0,0,0,1,0,0,0,0,1,0,1,1,0
41558275,874.2614126660892,1590,벨로스터,벨로스터 (JS),47,116351,1998,4,7,0,1,1,1,1,1,1,1,1,1,1,1,0,0,0,0,0,0,1,0,0,0,0,0,0,1,0,0,0,1
41094155,930.193512170366,1430,쏘나타,쏘나타 뉴 라이즈,57,84685,1999,5,9,5,0,1,1,1,1,1,1,1,1,1,1,0,0,0,0,0,0,1,0,0,0,0,0,0,1,0,1,0,1
38684558,626.3422304996457,899,SM7,SM7 노바,21,77881,1998,5,7,11,0,1,1,1,1,1,1,1,1,1,0,0,0,0,0,1,1,0,0,0,0,0,0,0,1,0,1,0,1
41295940,1044.2984497031264,550,모하비,모하비,43,273058,2959,7,14,11,1,1,1,1,1,1,1,1,1,1,0,1,0,0,0,0,0,0,0,1,0,0,0,1,0,0,1,1,0
40062399,935.00215340683,349,벨로스터,벨로스터,47,148141,1591,4,15,17,1,0,1,1,1,1,1,1,0,1,1,0,0,0,0,0,0,1,0,0,0,0,0,0,0,1,1,0,1
41502276,1244.946731648438,1650,G80,G80,5,105992,3342,5,8,0,0,1,1,1,1,1,1,1,1,1,0,0,1,0,0,0,0,1,0,0,0,0,0,1,0,0,1,0,1
41641815,947.3443649473054,329,아반떼,아반떼 MD,62,135623,1591,5,15,0,0,0,1,1,1,1,1,1,0,1,1,0,0,0,0,0,0,1,0,0,0,0,0,0,1,0,1,0,1
41290346,814.4268981028265,920,말리부,올 뉴 말리부,40,95871,1796,5,9,12,1,0,1,0,1,1,1,1,0,1,0,0,0,0,1,0,0,0,1,0,0,0,1,0,0,0,1,0,1
41278085,390.5605814198441,320,SM5,뉴SM5(신형),19,78738,1998,5,16,7,0,0,1,1,1,1,1,1,0,1,0,0,0,0,0,1,0,1,0,0,0,0,1,0,0,0,1,0,1
41652781,1057.082523447645,950,싼타페,싼타페 DM,56,155154,1995,5,12,11,1,1,1,1,1,1,1,1,1,1,1,0,0,0,0,0,0,0,0,1,0,0,1,0,0,0,1,1,0
41551037,923.0393528184499,1050,그랜저,그랜저 IG,27,185966,2999,5,9,4,0,0,1,1,1,1,1,1,1,1,1,0,0,0,0,0,0,1,0,0,0,0,0,1,0,0,1,0,1
37691108,609.8286148688875,299,알페온,알페온,70,191279,2384,5,15,4,1,1,1,1,1,1,1,1,0,1,0,0,0,0,1,0,0,1,0,0,0,0,0,1,0,0,1,0,1
41533189,1055.9445965873183,1250,니로,니로,29,118746,1580,5,8,0,0,0,1,1,1,1,1,1,1,1,0,1,0,0,0,0,0,0,1,0,0,0,1,0,0,0,1,1,0
41224091,962.3768750735256,970,티볼리,티볼리,105,61597,1597,5,10,2,0,1,1,1,1,1,1,1,1,1,0,0,0,1,0,0,0,1,0,0,0,0,1,0,0,0,1,1,0
39106298,444.45152312654096,395,SM3,SM3 네오,18,54299,1598,5,12,4,0,0,1,1,0,0,0,1,0,1,0,0,0,0,0,1,0,1,0,0,0,0,1,0,0,0,1,0,1
40373775,977.230670900442,420,쏘나타,YF 쏘나타,57,70895,1998,5,17,3,0,0,1,0,0,0,0,1,0,0,1,0,0,0,0,0,0,1,0,0,0,0,0,1,0,0,0,0,1
41380035,483.19448616103887,350,SM3,뉴SM3,18,82587,1598,5,13,8,0,0,1,1,1,0,1,1,0,1,0,0,0,0,0,1,0,1,0,0,0,0,0,0,1,0,1,0,1
41563297,819.4078380887734,960,SM6,더 뉴 SM6,20,177718,1998,5,5,10,0,1,1,1,1,1,1,1,1,1,0,0,0,0,0,1,1,0,0,0,0,0,1,0,0,0,1,0,1
40274529,653.1887112913419,870,SM7,SM7 노바,21,119892,1998,5,7,0,0,0,1,1,1,1,1,1,1,1,0,0,0,0,0,1,1,0,0,0,0,0,0,0,1,0,1,0,1
41147283,962.3768750735256,1550,티볼리,베리 뉴 티볼리,105,59176,1497,5,7,1,0,1,1,1,1,1,1,1,1,1,0,0,0,1,0,0,0,1,0,0,0,0,1,0,0,0,1,1,0
41568515,1010.3075581570316,1440,스타렉스,그랜드 스타렉스,50,53013,2497,5,9,8,0,0,1,1,0,0,0,0,0,0,1,0,0,0,0,0,0,0,0,1,0,0,0,0,0,1,1,1,0
41341843,1319.6151889790042,1600,QM6,QM6,17,51986,1997,5,7,0,1,1,1,1,1,1,1,1,1,1,0,0,0,0,0,1,0,1,0,0,0,0,0,0,1,0,1,1,0
41474167,916.1401938066147,550,그랜저,그랜저 HG,27,162929,2999,5,14,2,1,1,1,1,1,1,1,1,1,1,1,0,0,0,0,0,0,1,0,0,0,0,0,1,0,0,1,0,1
40804808,845.8008944920679,499,K5,더 뉴 K5,11,236499,1999,5,12,13,0,0,1,1,1,1,1,1,0,1,0,1,0,0,0,0,1,0,0,0,0,0,0,0,1,0,1,0,1
40548980,935.928526081858,299,그랜저,그랜저 HG,27,184684,2359,5,15,18,0,0,1,0,1,1,0,1,0,1,1,0,0,0,0,0,0,1,0,0,0,0,0,1,0,0,1,0,1
41319609,390.557300432829,350,SM5,SM5 노바,19,126239,1461,5,11,2,0,1,1,1,1,1,0,1,0,1,0,0,0,0,0,1,0,0,0,1,0,0,0,0,0,1,1,0,1
41254653,930.193512170366,1200,쏘나타,LF 쏘나타,57,129168,1999,5,10,6,0,1,1,1,1,1,0,1,1,1,1,0,0,0,0,0,0,1,0,0,0,0,0,1,0,0,1,0,1
41166610,389.9312687325189,190,SM5,SM5 뉴 임프레션,19,147760,1998,5,18,15,1,0,1,0,1,1,0,1,0,1,0,0,0,0,0,1,0,1,0,0,0,0,1,0,0,0,1,0,1
41015134,1309.1947392425673,1599,QM6,더 뉴 QM6,17,104342,1998,5,5,5,0,0,1,1,1,1,1,1,1,1,0,0,0,0,0,1,1,0,0,0,0,0,1,0,0,0,1,1,0
41658694,880.2213244404137,324,레이,더 뉴 기아 레이,34,8,998,5,0,2,0,0,1,1,1,1,0,1,1,1,0,1,0,0,0,0,0,1,0,0,0,0,1,0,0,0,1,0,1
41360441,936.9062313760018,695,아반떼,아반떼 AD,62,142318,1591,5,10,8,0,0,1,1,1,0,1,1,0,1,1,0,0,0,0,0,0,1,0,0,0,0,0,0,1,0,1,0,1
41465323,943.9179347406766,450,아반떼,아반떼 MD,62,158414,1591,5,15,9,0,0,1,1,1,0,0,1,0,1,1,0,0,0,0,0,0,1,0,0,0,0,1,0,0,0,1,0,1
41561548,1387.528585305339,1590,캐스퍼,캐스퍼,88,20285,998,4,2,1,0,0,1,1,0,1,1,1,1,1,1,0,0,0,0,0,0,1,0,0,0,0,1,0,0,0,1,0,1
41443892,935.928526081858,949,그랜저,그랜저 HG,27,178412,2199,5,11,0,0,1,1,1,1,1,1,1,1,1,1,0,0,0,0,0,0,0,0,1,0,0,1,0,0,0,1,0,1
41241968,892.2058141984411,390,마르샤,마르샤,37,90278,1997,5,29,7,0,0,0,0,1,0,0,0,0,0,1,0,0,0,0,0,0,1,0,0,0,0,0,1,0,0,1,0,1
41434216,731.2047804071187,750,에쿠스,에쿠스(신형),73,230043,3778,5,13,9,1,1,1,1,1,1,1,1,1,1,1,0,0,0,0,0,0,1,0,0,0,0,0,1,0,0,1,0,1
41093844,831.0491350121001,380,코란도,뉴코란도 C,92,94368,2157,5,11,2,0,0,0,0,0,0,0,0,0,0,0,0,0,1,0,0,0,0,0,1,0,0,0,1,0,0,1,1,0
41652893,1307.3450904664935,1570,렉스턴,렉스턴 스포츠,35,131183,2157,5,6,2,1,1,1,1,0,1,1,1,0,1,0,0,0,1,0,0,0,0,0,1,0,0,0,0,1,0,1,1,0
41583068,936.9062313760018,720,아반떼,더 뉴 아반떼,62,118773,1591,5,13,3,0,0,1,1,1,0,1,1,0,1,1,0,0,0,0,0,0,1,0,0,0,0,1,0,0,0,1,0,1
41325155,845.8008944920679,500,K5,K5,11,189544,1999,5,14,2,0,0,1,1,0,0,1,0,0,1,0,1,0,0,0,0,1,0,0,0,0,0,0,0,1,0,1,0,1
41094350,521.1936913921791,280,스파크,스파크,54,96983,995,5,14,10,0,0,1,1,1,0,1,1,0,1,0,0,0,0,1,0,0,1,0,0,0,0,0,0,0,1,1,0,1
40534804,956.8451653676005,850,쏘울,올 뉴 쏘울,59,111567,1591,5,11,12,0,0,1,1,1,1,1,1,0,1,0,1,0,0,0,0,0,1,0,0,0,0,1,0,0,0,1,0,1
41290369,860.8083271607874,539,베라크루즈,베라크루즈,46,188595,2959,7,17,5,1,1,1,1,1,0,1,1,0,1,1,0,0,0,0,0,0,0,0,1,0,0,0,1,0,0,1,1,0
40656403,537.623042265147,579,올란도,올란도,77,128449,1598,7,11,1,0,0,1,1,0,1,0,1,0,1,0,0,0,0,1,0,0,0,0,1,0,0,1,0,0,0,1,1,0
41258187,487.46355435797625,280,크루즈,크루즈,95,133558,1598,5,15,10,1,0,1,1,1,0,1,1,0,1,0,0,0,0,1,0,0,1,0,0,0,0,0,0,1,0,1,0,1
40842813,969.3889001833381,1070,티볼리,티볼리 아머,105,66592,1597,5,9,0,0,1,1,1,0,1,1,1,1,1,0,0,0,1,0,0,0,1,0,0,0,0,0,0,0,1,1,1,0
41612369,1307.3450904664935,1390,렉스턴,G4 렉스턴,35,130969,2157,5,8,9,0,1,1,1,0,1,1,1,1,1,0,0,0,1,0,0,0,0,0,1,0,0,1,0,0,0,1,1,0
38349931,1268.500618531749,1670,렉스턴,G4 렉스턴,35,93678,2157,5,9,11,1,1,1,1,1,1,1,1,1,1,0,0,0,1,0,0,0,0,0,1,0,0,0,1,0,0,1,1,0
41217478,928.4206454774875,649,아반떼,아반떼 AD,62,154063,1591,5,11,8,0,0,1,1,1,1,0,1,0,1,1,0,0,0,0,0,0,1,0,0,0,0,0,0,0,1,1,0,1
41444460,967.6269960460112,960,티볼리,티볼리,105,44369,1597,5,10,2,0,0,1,1,0,1,1,1,0,1,0,0,0,1,0,0,0,1,0,0,0,0,1,0,0,0,1,1,0
39028073,833.2990788440546,290,코란도,뉴코란도 C,92,124234,1998,5,12,2,1,0,1,1,1,1,1,1,0,1,0,0,0,1,0,0,0,0,0,1,0,0,1,0,0,0,1,1,0
40860396,1152.9770278532783,450,쏘렌토,쏘렌토 R,58,175896,1995,7,17,6,1,0,1,0,1,1,0,1,1,1,0,1,0,0,0,0,0,0,0,1,0,0,0,1,0,0,1,1,0
40765172,814.4268981028265,830,말리부,올 뉴 말리부,40,110630,1490,5,9,10,0,1,1,1,1,1,1,1,1,1,0,0,0,0,1,0,0,1,0,0,0,0,1,0,0,0,1,0,1
41308840,936.9062313760018,1360,아반떼,더 뉴 아반떼 AD,62,29928,1598,5,7,4,0,0,1,1,0,1,0,1,0,1,1,0,0,0,0,0,0,1,0,0,0,0,0,0,0,1,1,0,1
41238041,952.3521370538434,1080,K7,올 뉴 K7,12,131094,2359,5,9,8,0,1,1,1,1,1,1,1,1,1,0,1,0,0,0,0,0,1,0,0,0,0,0,0,1,0,1,0,1
40751551,699.3612958560294,140,마티즈,All New 마티즈,39,142890,796,5,18,6,0,0,1,0,0,0,0,1,0,1,0,0,0,0,1,0,0,1,0,0,0,0,0,1,0,0,1,0,1
41120765,833.2990788440546,1690,코란도,뷰티풀 코란도,92,70028,1497,5,4,0,0,1,1,1,1,1,1,1,1,1,0,0,0,1,0,0,0,1,0,0,0,0,0,1,0,0,1,1,0
41552750,992.8099193332274,350,스타렉스,스타렉스 점보,50,237952,2476,9,20,8,0,0,1,0,0,0,0,1,0,1,1,0,0,0,0,0,0,0,0,1,0,0,0,1,0,0,1,1,0
41350846,1035.3350952116489,1550,쏘렌토,더 뉴 쏘렌토,58,169145,1995,5,7,2,0,1,1,1,1,1,1,1,1,1,0,1,0,0,0,0,0,0,0,1,0,0,0,1,0,0,1,1,0
41199545,800.0418365153032,1098,트랙스,더 뉴 트랙스,103,37815,1362,5,9,4,0,0,1,1,0,1,0,1,0,1,0,0,0,0,1,0,0,1,0,0,0,0,0,0,1,0,1,1,0
40495593,1058.4373105210614,879,아이오닉,아이오닉 하이브리드,65,163461,1580,5,10,5,0,1,1,1,1,1,1,1,1,1,1,0,0,0,0,0,0,0,1,0,0,0,0,0,1,0,1,0,1
39181819,813.3482474056841,409,말리부,말리부,40,173920,1998,5,11,2,1,0,1,1,1,1,0,1,0,1,0,0,0,0,1,0,0,1,0,0,0,0,0,1,0,0,1,0,1
41579529,1257.9607752264587,1499,G80,G80,5,162406,3342,5,9,5,0,1,1,1,1,1,1,1,1,1,0,0,1,0,0,0,0,1,0,0,0,0,0,0,1,0,1,0,1
41107993,1273.33407874339,1350,G80,G80,5,172848,3342,5,9,3,0,1,1,1,1,1,1,1,1,1,0,0,1,0,0,0,0,1,0,0,0,0,0,1,0,0,1,0,1
40693259,535.2976053661823,390,올란도,올란도,77,106895,1998,7,13,3,0,0,1,1,0,1,1,1,0,1,0,0,0,0,1,0,0,0,0,1,0,0,0,0,1,0,1,1,0
38684630,1267.2919662178983,1090,XM3,XM3,23,107852,1598,5,6,0,0,1,1,1,0,1,1,1,0,1,0,0,0,0,0,1,0,1,0,0,0,0,0,0,1,0,1,1,0
41636016,1050.1398208359376,990,투싼,올 뉴 투싼,101,152534,1685,5,11,4,0,1,1,1,1,1,1,1,1,1,1,0,0,0,0,0,0,0,0,1,0,0,1,0,0,0,1,1,0
41627604,1309.1947392425673,1590,QM6,더 뉴 QM6,17,106575,1997,5,6,1,0,1,1,1,1,1,1,1,1,1,0,0,0,0,0,1,0,1,0,0,0,0,0,0,1,0,1,1,0
41020373,816.6985223123376,840,트랙스,더 뉴 트랙스,103,88755,1362,5,7,4,0,0,1,1,0,1,0,1,0,1,0,0,0,0,1,0,0,1,0,0,0,0,0,0,0,1,1,1,0
41562988,1262.8915334685064,1098,코나,코나,91,149839,1582,5,7,3,0,1,1,1,1,1,1,1,1,1,1,0,0,0,0,0,0,0,0,1,0,0,0,0,0,1,1,1,0
41509234,1122.21175713316,690,카니발,올 뉴 카니발,85,223817,2199,9,12,6,0,1,1,1,1,1,1,1,1,1,0,1,0,0,0,0,0,0,0,1,0,0,0,1,0,0,1,1,0
41387355,1257.9607752264587,1600,G80,G80,5,104647,3342,5,8,6,0,1,1,1,1,1,1,1,1,1,0,0,1,0,0,0,0,1,0,0,0,0,0,0,0,1,1,0,1
40749475,905.6914320771383,1630,그랜저,그랜저 IG 하이브리드,27,171856,2359,5,8,2,1,1,1,1,1,1,1,1,1,1,1,0,0,0,0,0,0,0,1,0,0,0,1,0,0,0,1,0,1
41610964,867.4613543331805,1650,제네시스,제네시스 DH,81,108390,3342,5,11,1,1,1,1,1,1,1,1,1,1,1,1,0,0,0,0,0,0,1,0,0,0,0,0,0,0,1,1,0,1
41651370,402.80707679553126,250,SM5,뉴SM5(신형),19,190087,1998,5,15,15,0,0,1,1,1,1,1,1,0,1,0,0,0,0,0,1,0,1,0,0,0,0,0,1,0,0,1,0,1
41253436,397.0685256503341,239,SM5,뉴SM5(신형),19,127914,1998,5,16,9,1,0,1,1,1,1,1,1,0,1,0,0,0,0,0,1,0,1,0,0,0,0,1,0,0,0,1,0,1
41576073,1244.946731648438,1350,G80,G80,5,112943,3342,5,8,2,0,1,1,1,1,1,1,1,1,1,0,0,1,0,0,0,0,1,0,0,0,0,0,1,0,0,1,0,1
40793069,455.50858679976017,520,SM3,SM3 네오,18,115480,1598,5,9,0,0,0,1,1,1,1,0,1,0,1,0,0,0,0,0,1,0,1,0,0,0,0,1,0,0,0,1,0,1
41065205,814.5976259860029,520,말리부,말리부,40,113435,1998,5,11,5,0,0,1,1,1,1,1,1,0,1,0,0,0,0,1,0,0,1,0,0,0,0,0,1,0,0,1,0,1
41612738,1005.1859527579388,1400,투싼,올 뉴 투싼,101,160408,1598,5,7,9,0,1,1,1,1,1,1,1,1,1,1,0,0,0,0,0,0,0,0,1,0,0,0,0,1,0,1,1,0
40292061,787.1137560564567,810,트랙스,더 뉴 트랙스,103,82884,1362,5,8,0,0,0,1,1,0,1,1,1,0,1,0,0,0,0,1,0,0,1,0,0,0,0,0,1,0,0,1,1,0
41069512,1379.3008305997773,1450,캐스퍼,캐스퍼,88,35215,998,4,4,1,0,0,1,0,0,1,0,1,1,1,1,0,0,0,0,0,0,1,0,0,0,0,0,0,0,1,1,0,1
41457800,886.0914963836809,1380,제네시스,제네시스 DH,81,112591,3342,5,11,2,0,1,1,1,1,1,1,1,1,1,1,0,0,0,0,0,0,1,0,0,0,0,0,1,0,0,1,0,1
41622450,659.0006532807237,1120,모닝,모닝 어반 (JA),42,50607,998,5,5,4,0,0,1,1,1,1,1,1,1,1,0,1,0,0,0,0,0,1,0,0,0,0,1,0,0,0,1,0,1
41241819,907.2378156501135,380,그랜저,그랜저 HG,27,177295,2999,5,15,18,0,1,1,1,1,1,1,1,1,1,1,0,0,0,0,0,0,1,0,0,0,0,0,1,0,0,1,0,1
41511506,1210.4595446246751,1070,XM3,XM3,23,78433,1598,5,6,19,0,1,1,1,0,1,1,1,0,1,0,0,0,0,0,1,0,1,0,0,0,0,1,0,0,0,1,1,0
41368150,986.97541951879,1450,K7,올 뉴 K7,12,124690,2199,5,7,0,0,1,1,1,1,1,1,1,1,1,0,1,0,0,0,0,0,0,0,1,0,0,1,0,0,0,1,0,1
41586873,910.4589389790043,690,제네시스,제네시스,81,117303,3342,5,15,2,0,1,1,1,1,1,1,1,1,1,1,0,0,0,0,0,0,1,0,0,0,0,0,1,0,0,1,0,1
41106989,970.8411733726565,1280,티볼리,베리 뉴 티볼리,105,109208,1497,5,7,0,0,1,1,1,0,1,1,1,1,1,0,0,0,1,0,0,0,1,0,0,0,0,1,0,0,0,1,1,0
40560952,969.3889001833381,1350,티볼리,베리 뉴 티볼리,105,67749,1497,5,5,0,0,0,1,1,0,1,1,1,0,1,0,0,0,1,0,0,0,1,0,0,0,0,1,0,0,0,1,1,0
38639305,736.7033647230726,420,QM3,QM3,15,98998,1461,5,12,16,0,0,1,1,1,1,1,1,0,0,0,0,0,0,0,1,0,0,0,1,0,0,0,0,1,0,1,1,0
41593920,537.623042265147,250,올란도,올란도,77,158909,1998,7,15,2,1,0,1,1,1,1,0,1,0,1,0,0,0,0,1,0,0,0,0,1,0,0,1,0,0,0,1,1,0
39028958,870.010476653311,1130,제네시스,제네시스 DH,81,149733,3342,5,12,10,1,1,1,1,1,1,1,1,1,1,1,0,0,0,0,0,0,1,0,0,0,0,0,1,0,0,1,0,1
41435549,875.1505814198441,1190,제네시스,제네시스 DH,81,160555,3342,5,11,2,0,1,1,1,1,1,1,1,1,1,1,0,0,0,0,0,0,1,0,0,0,0,0,1,0,0,1,0,1
40872899,1264.805265999821,1320,렉스턴,렉스턴 스포츠,35,123236,2157,5,7,0,0,0,1,1,0,1,1,1,0,1,0,0,0,1,0,0,0,0,0,1,0,0,0,0,1,0,1,1,0
41496322,868.079571411459,629,K3,K3,10,142236,1591,5,11,1,0,0,1,1,1,1,1,1,0,1,0,1,0,0,0,0,0,1,0,0,0,0,1,0,0,0,1,0,1
41253541,1301.2282984354893,1590,QM6,더 뉴 QM6,17,67941,1998,5,7,7,0,1,1,1,1,1,1,1,1,1,0,0,0,0,0,1,1,0,0,0,0,0,1,0,0,0,1,1,0
41587003,936.2255262529029,1040,아반떼,아반떼 AD,62,95281,1591,5,10,4,0,0,1,1,1,1,1,1,0,1,1,0,0,0,0,0,0,1,0,0,0,0,1,0,0,0,1,0,1
41580697,988.0567474787636,470,스타렉스,그랜드 스타렉스,50,120000,2497,5,16,2,0,0,1,0,0,0,0,0,0,1,1,0,0,0,0,0,0,0,0,1,0,0,0,1,0,0,1,1,0
41408697,1319.6151889790042,1080,QM6,QM6,17,101569,1995,5,9,6,1,0,1,1,1,1,1,1,0,1,0,0,0,0,0,1,0,0,0,1,0,0,1,0,0,0,1,1,0
41417789,840.0955669370128,880,베라크루즈,베라크루즈,46,146020,2959,7,14,2,0,1,1,1,1,1,1,1,1,1,1,0,0,0,0,0,0,0,0,1,0,0,0,1,0,0,1,1,0
41449620,817.29454516165,619,말리부,올 뉴 말리부,40,137394,1998,5,9,4,1,0,1,0,1,1,0,1,0,1,0,0,0,0,1,0,0,1,0,0,0,0,0,1,0,0,1,0,1
41549567,950.3037718506688,950,쏘나타,LF 쏘나타,57,155506,1591,5,10,4,0,1,1,1,1,1,1,1,1,1,1,0,0,0,0,0,0,1,0,0,0,0,1,0,0,0,1,0,1
41628506,802.5490122794023,1450,트랙스,더 뉴 트랙스,103,26543,1399,5,5,0,0,0,1,1,0,1,0,1,0,1,0,0,0,0,1,0,0,1,0,0,0,0,1,0,0,0,1,1,0
41576245,1109.432724427458,1450,넥쏘,넥쏘,28,111787,0,5,7,6,1,1,1,1,1,1,1,1,1,1,1,0,0,0,0,0,0,0,0,0,0,1,0,0,1,0,1,1,0
41135752,675.9280793327559,590,캡티바,캡티바,90,193413,1956,7,8,0,1,0,1,1,1,1,0,1,0,1,0,0,0,0,1,0,0,0,0,1,0,0,0,1,0,0,1,1,0
40856679,1059.139935930497,1190,모하비,모하비,43,155324,2959,7,12,0,1,1,1,1,1,1,1,1,1,1,0,1,0,0,0,0,0,0,0,1,0,0,0,1,0,0,1,1,0
39873008,402.80707679553126,430,SM5,SM5 노바,19,197671,1998,5,8,3,0,0,1,1,1,1,1,1,1,1,0,0,0,0,0,1,0,1,0,0,0,0,1,0,0,0,1,0,1
41515189,930.193512170366,1399,쏘나타,쏘나타 (DN8),57,106258,1999,5,7,1,0,0,1,1,1,1,1,1,0,1,1,0,0,0,0,0,1,0,0,0,0,0,1,0,0,0,1,0,1
41431594,1072.7523168570258,1480,싼타페,싼타페 더 프라임,56,133401,1995,5,9,1,0,1,1,1,1,1,1,1,1,1,1,0,0,0,0,0,0,0,0,1,0,0,0,0,0,1,1,1,0
41275059,967.6269960460112,800,티볼리,티볼리,105,75816,1597,5,10,2,0,0,1,1,0,1,1,1,0,1,0,0,0,1,0,0,0,1,0,0,0,0,1,0,0,0,1,1,0
41596041,539.6756970784525,465,스파크,더 넥스트 스파크,54,41647,999,5,10,2,0,0,0,0,0,0,0,0,0,1,0,0,0,0,1,0,0,1,0,0,0,0,0,0,1,0,1,0,1
41486938,390.5605814198441,490,SM5,SM5 노바,19,111965,1998,5,9,12,0,0,1,1,1,1,1,1,1,1,0,0,0,0,0,1,0,1,0,0,0,0,1,0,0,0,1,0,1
41179566,1244.0155609115354,1100,코나,코나,91,113358,1591,5,8,14,0,0,1,1,1,1,1,1,1,1,1,0,0,0,0,0,0,1,0,0,0,0,1,0,0,0,1,1,0
41415898,1063.6126404216627,220,싼타페,싼타페 CM,56,127945,2188,7,20,5,1,0,1,0,1,0,0,1,0,1,1,0,0,0,0,0,0,0,0,1,0,0,0,0,0,1,1,1,0
41503941,962.3768750735256,720,티볼리,티볼리,105,102574,1597,5,11,8,0,0,1,1,1,1,1,1,1,1,0,0,0,1,0,0,0,1,0,0,0,0,0,0,0,1,1,1,0
41480371,935.928526081858,850,그랜저,그랜저 HG,27,112877,2999,5,13,2,0,1,1,1,1,1,1,1,1,1,1,0,0,0,0,0,0,1,0,0,0,0,0,1,0,0,1,0,1
40488078,962.3768750735256,740,티볼리,티볼리,105,125183,1597,5,10,11,0,1,1,1,1,1,1,1,1,1,0,0,0,1,0,0,0,1,0,0,0,0,1,0,0,0,1,1,0
41605344,970.8411733726565,620,티볼리,티볼리,105,152101,1597,5,11,12,0,0,1,1,1,1,0,1,1,1,0,0,0,1,0,0,0,1,0,0,0,0,0,0,1,0,1,1,0
41202393,970.8411733726565,1160,티볼리,베리 뉴 티볼리,105,55733,1497,5,5,2,0,0,0,0,0,0,0,0,0,0,0,0,0,1,0,0,0,1,0,0,0,0,1,0,0,0,1,1,0
41100918,529.273314565499,599,올란도,올란도,77,129951,1998,7,11,5,0,0,1,1,0,1,1,1,0,1,0,0,0,0,1,0,1,0,0,0,0,0,1,0,0,0,1,1,0
41477314,884.6571584685064,600,레이,레이,34,104621,998,5,13,1,0,0,1,1,0,0,1,1,0,1,0,1,0,0,0,0,0,1,0,0,0,0,1,0,0,0,1,0,1
41458582,1256.713002151279,1388,코나,더 뉴 코나 하이브리드,91,162903,1580,5,5,3,0,0,1,1,1,1,1,1,0,1,1,0,0,0,0,0,0,0,1,0,0,0,1,0,0,0,1,1,0
41368446,653.1887112913419,349,SM7,All New SM7,21,98487,2495,5,13,2,0,1,1,1,1,1,1,1,0,1,0,0,0,0,0,1,0,1,0,0,0,0,0,0,1,0,1,0,1
41367740,870.010476653311,950,제네시스,제네시스 DH,81,137066,3342,5,12,5,1,1,1,1,1,1,1,1,1,1,1,0,0,0,0,0,0,1,0,0,0,0,0,0,1,0,1,0,1
39723165,907.2378156501135,1050,그랜저,그랜저 IG,27,197843,2999,5,9,9,0,0,1,1,1,1,1,1,1,1,1,0,0,0,0,0,0,1,0,0,0,0,0,0,1,0,1,0,1
41194974,916.1401938066147,1599,그랜저,그랜저 IG,27,106426,2359,5,9,8,1,0,1,1,1,1,1,1,1,1,1,0,0,0,0,0,0,1,0,0,0,0,0,1,0,0,1,0,1
41206163,817.7357216322383,1150,말리부,올 뉴 말리부,40,27298,1490,5,9,3,1,0,1,1,0,1,1,1,0,1,0,0,0,0,1,0,0,1,0,0,0,0,1,0,0,0,1,0,1
41240561,1244.0155609115354,1449,코나,코나,91,88518,1591,5,8,2,0,0,1,1,1,1,1,1,1,1,1,0,0,0,0,0,0,1,0,0,0,0,1,0,0,0,1,1,0
41607613,455.50858679976017,499,SM3,SM3 네오,18,102801,1598,5,11,14,1,0,1,1,1,1,1,1,0,1,0,0,0,0,0,1,0,1,0,0,0,0,1,0,0,0,1,0,1
41589605,1309.1947392425673,1050,QM6,QM6,17,128342,1995,5,9,1,0,1,1,1,1,1,1,1,1,1,0,0,0,0,0,1,0,0,0,1,0,0,1,0,0,0,1,1,0
41613784,719.0411628396882,479,QM3,QM3,15,203379,1461,5,10,4,0,0,1,1,1,1,1,1,0,1,0,0,0,0,0,1,0,0,0,1,0,0,1,0,0,0,1,1,0
40733063,588.7951083442899,450,QM5,뉴QM5,16,138070,1998,5,13,2,0,0,1,1,1,1,1,1,0,1,0,0,0,0,0,1,0,1,0,0,0,0,0,1,0,0,1,1,0
41241339,390.5605814198441,630,SM5,SM5 노바,19,72326,1998,5,9,6,0,0,1,1,0,1,1,1,0,1,0,0,0,0,0,1,0,1,0,0,0,0,1,0,0,0,1,0,1
41550780,968.6868564277833,1499,쏘나타,쏘나타 (DN8),57,102069,1999,5,4,2,0,0,1,1,0,1,1,1,1,1,1,0,0,0,0,0,1,0,0,0,0,0,1,0,0,0,1,0,1
41473416,802.5490122794023,420,트랙스,트랙스,103,162957,1598,5,10,0,1,0,1,1,0,0,0,1,0,1,0,0,0,0,1,0,0,0,0,1,0,0,1,0,0,0,1,1,0
38935586,535.0819292958388,235,스파크,스파크,54,113646,995,5,15,14,0,0,1,0,0,0,1,0,0,0,0,0,0,0,1,0,0,1,0,0,0,0,1,0,0,0,0,0,1
41501964,1256.5223711085262,1699,렉스턴,렉스턴 스포츠 칸,35,94942,2157,5,7,1,0,0,1,1,1,1,1,1,1,1,0,0,0,1,0,0,0,0,0,1,0,0,0,0,1,0,1,1,0
40920031,1037.3051417342533,1620,투싼,올 뉴 투싼,101,95399,1995,5,8,1,1,1,1,1,1,1,1,1,1,1,1,0,0,0,0,0,0,0,0,1,0,0,0,0,0,1,1,1,0
41640599,943.9179347406766,1199,아반떼,아반떼 (CN7),62,116691,1598,5,5,7,0,0,1,1,0,1,1,1,0,1,1,0,0,0,0,0,0,1,0,0,0,0,1,0,0,0,1,0,1
41453484,1389.3158649586906,1460,캐스퍼,캐스퍼,88,15935,998,4,3,4,0,0,1,1,0,0,1,0,0,0,1,0,0,0,0,0,0,1,0,0,0,0,1,0,0,0,1,0,1
41479974,817.7357216322383,400,말리부,말리부,40,184052,1956,5,12,11,0,0,1,1,1,1,1,1,0,1,0,0,0,0,1,0,0,0,0,1,0,0,0,0,1,0,1,0,1
41204847,947.3443649473054,329,아반떼,아반떼 MD,62,148161,1591,5,14,1,0,0,1,1,1,1,1,1,0,1,1,0,0,0,0,0,0,1,0,0,0,0,0,0,1,0,1,0,1
41246184,1309.1947392425673,1690,QM6,더 뉴 QM6,17,44476,1997,5,6,2,0,1,1,1,1,1,0,1,1,1,0,0,0,0,0,1,0,1,0,0,0,0,1,0,0,0,1,1,0
41628905,830.7441133874026,590,코란도,뉴코란도 C,92,124464,1998,5,11,6,1,0,1,1,1,1,1,1,0,1,0,0,0,1,0,0,0,0,0,1,0,0,1,0,0,0,1,1,0
41232538,936.9062313760018,530,아반떼,더 뉴 아반떼,62,149832,1591,5,12,2,0,0,1,0,1,0,0,1,0,1,1,0,0,0,0,0,0,1,0,0,0,0,0,0,1,0,1,0,1
41626392,969.3889001833381,880,티볼리,티볼리 아머,105,71827,1597,5,7,7,0,0,1,1,0,1,1,1,0,1,0,0,0,1,0,0,0,1,0,0,0,0,1,0,0,0,1,1,0
41570371,988.0567474787636,890,스타렉스,더 뉴 그랜드 스타렉스,50,265201,2497,3,8,1,0,0,1,1,0,0,1,1,1,1,1,0,0,0,0,0,0,0,0,1,0,0,0,0,1,0,1,1,0
41122559,468.8263197140382,290,SM3,뉴SM3,18,128230,1598,5,14,0,0,0,1,1,1,1,1,1,0,1,0,0,0,0,0,1,0,1,0,0,0,0,1,0,0,0,1,0,1
41586672,817.7357216322383,1249,말리부,더 뉴 말리부,40,128700,1341,5,5,4,0,1,1,1,1,1,1,1,1,1,0,0,0,0,1,0,0,1,0,0,0,0,0,0,0,1,1,0,1
41174877,830.7441133874026,1570,코란도,뷰티풀 코란도,92,86895,1497,5,6,0,0,0,1,1,1,1,1,1,1,1,0,0,0,1,0,0,0,1,0,0,0,0,0,0,1,0,1,1,0
40593388,820.6996852780783,699,SM6,SM6,20,126063,1997,5,10,5,0,0,1,1,1,1,1,1,0,1,0,0,0,0,0,1,0,1,0,0,0,0,0,0,1,0,1,0,1
41278031,529.273314565499,420,올란도,올란도,77,181758,1598,7,10,2,0,0,1,0,0,0,0,1,0,0,0,0,0,0,1,0,0,0,0,1,0,0,0,0,1,0,1,1,0
41375989,1390.1913990791177,1180,캐스퍼,캐스퍼,88,63245,998,4,4,0,0,0,1,0,0,0,0,0,0,0,1,0,0,0,0,0,0,1,0,0,0,0,1,0,0,0,1,0,1
40799919,1121.333920626105,1690,카니발,더 뉴 카니발,85,145076,2199,9,8,1,1,1,1,1,1,1,1,1,1,1,0,1,0,0,0,0,0,0,0,1,0,0,1,0,0,0,1,1,0
41639035,916.1401938066147,1690,그랜저,그랜저 IG,27,66892,2999,5,7,9,0,0,1,1,1,1,1,1,1,1,1,0,0,0,0,0,1,0,0,0,0,0,0,1,0,0,1,0,1
39471360,780.500937773942,850,K5,K5 하이브리드,11,68989,1999,5,14,4,0,0,1,1,1,1,1,1,0,1,0,1,0,0,0,0,0,0,1,0,0,0,1,0,0,0,1,0,1
41153873,1304.167236686122,1310,QM6,QM6,17,66207,1995,5,9,4,1,1,1,1,1,1,1,1,1,1,0,0,0,0,0,1,0,0,0,1,0,0,0,0,1,0,1,1,0
41106072,988.0567474787636,480,스타렉스,그랜드 스타렉스,50,283042,2497,5,16,7,0,0,1,1,0,0,0,1,0,0,1,0,0,0,0,0,0,0,0,1,0,0,0,0,1,0,1,1,0
40784069,987.5738331607303,619,스타렉스,그랜드 스타렉스,50,203142,2497,5,13,17,0,0,1,0,0,0,0,1,1,1,1,0,0,0,0,0,0,0,0,1,0,0,0,0,1,0,1,1,0
41190736,1234.4350592827248,1490,코나,코나 일렉트릭,91,149633,180,5,7,2,0,1,1,1,1,1,1,1,1,1,1,0,0,0,0,0,0,0,0,0,1,0,0,0,1,0,1,1,0
40773550,905.6914320771383,900,그랜저,그랜저 IG,27,191601,2999,5,9,2,0,0,0,0,0,0,0,0,0,0,1,0,0,0,0,0,1,0,0,0,0,0,0,0,1,0,1,0,1
41297258,936.9062313760018,470,아반떼,아반떼 HD,62,74656,1591,5,17,0,1,0,1,1,1,0,1,1,0,0,1,0,0,0,0,0,0,1,0,0,0,0,0,0,1,0,1,0,1
40763590,539.6756970784525,190,스파크,스파크,54,97213,995,5,14,4,0,0,1,0,0,0,0,0,0,0,0,0,0,0,1,0,0,1,0,0,0,0,0,0,1,0,0,0,1
41208566,947.3443649473054,630,아반떼,아반떼 AD,62,193280,1591,5,10,7,0,0,1,1,1,1,1,1,0,1,1,0,0,0,0,0,0,1,0,0,0,0,0,1,0,0,1,0,1
41365295,652.8728432898197,840,캡티바,캡티바,90,65589,1956,7,10,6,0,0,1,1,1,0,0,1,0,1,0,0,0,0,1,0,0,0,0,1,0,0,0,0,1,0,1,1,0
38285857,930.193512170366,950,쏘나타,LF 쏘나타,57,140321,1999,5,10,15,0,0,1,1,1,1,1,1,1,1,1,0,0,0,0,0,0,1,0,0,0,0,1,0,0,0,1,0,1
41168944,813.3482474056841,459,말리부,말리부,40,146032,1956,5,11,6,1,0,1,1,1,1,0,1,0,1,0,0,0,0,1,0,0,0,0,1,0,0,0,0,1,0,1,0,1
41466550,1257.9607752264587,1490,G80,G80,5,182913,3342,5,10,8,1,0,1,1,1,1,1,1,1,1,0,0,1,0,0,0,0,1,0,0,0,0,0,0,1,0,1,0,1
40893171,962.3768750735256,530,티볼리,티볼리 아머,105,192021,1597,5,9,4,0,0,1,1,0,1,1,1,0,1,0,0,0,1,0,0,0,0,0,1,0,0,1,0,0,0,1,1,0
41496386,923.0393528184499,430,그랜저,그랜저 HG,27,179531,2999,5,15,9,0,1,1,1,1,1,1,1,1,1,1,0,0,0,0,0,0,1,0,0,0,0,0,0,1,0,1,0,1
41532800,1319.6151889790042,1650,QM6,QM6,17,62526,1997,5,8,2,1,1,1,1,1,1,1,1,1,1,0,0,0,0,0,1,0,1,0,0,0,0,0,0,1,0,1,1,0
41487878,1309.1947392425673,940,QM6,QM6,17,77711,1995,5,9,0,0,0,1,1,1,0,1,1,0,1,0,0,0,0,0,1,0,0,0,1,0,0,0,0,0,1,1,1,0
41530448,553.7149246371913,299,올란도,올란도,77,259290,1998,7,12,2,0,0,1,1,1,1,1,1,0,1,0,0,0,0,1,0,1,0,0,0,0,0,0,0,1,0,1,1,0
41489130,1390.1913990791177,1480,캐스퍼,캐스퍼,88,16437,998,4,3,2,0,0,1,1,1,1,1,1,1,1,1,0,0,0,0,0,0,1,0,0,0,0,1,0,0,0,1,0,1
41436321,916.1401938066147,990,그랜저,그랜저 IG,27,199733,2359,5,9,1,0,0,1,1,1,1,1,1,1,1,1,0,0,0,0,0,0,1,0,0,0,0,0,1,0,0,1,0,1
41543513,936.9062313760018,630,아반떼,아반떼 MD,62,74981,1591,5,13,0,0,0,1,1,1,1,0,1,0,1,1,0,0,0,0,0,0,1,0,0,0,0,0,0,1,0,1,0,1
41555480,935.928526081858,650,그랜저,그랜저 HG 하이브리드,27,202131,2359,5,12,2,0,0,1,1,1,1,1,1,0,1,1,0,0,0,0,0,0,0,1,0,0,0,0,1,0,0,1,0,1
41271366,1014.8324651358752,1499,투싼,올 뉴 투싼,101,107431,1995,5,7,3,0,0,1,1,1,1,1,1,0,1,1,0,0,0,0,0,0,0,0,1,0,0,0,0,1,0,1,1,0
41322037,591.0966224282002,480,엑센트,엑센트(신형),74,77516,1399,5,14,13,0,0,1,1,0,0,1,1,0,1,1,0,0,0,0,0,0,1,0,0,0,0,0,0,1,0,1,0,1
41527569,659.0006532807237,529,모닝,더 뉴 모닝,42,64930,998,5,10,6,0,0,1,0,0,0,0,1,0,1,0,1,0,0,0,0,0,1,0,0,0,0,1,0,0,0,1,0,1
41310117,483.19448616103887,440,SM3,SM3 네오,18,95014,1598,5,8,20,0,0,1,0,1,1,0,1,0,1,0,0,0,0,0,1,0,1,0,0,0,0,1,0,0,0,1,0,1
41407775,923.0393528184499,1199,그랜저,그랜저 HG,27,129966,2999,5,11,2,1,1,1,1,1,1,1,1,1,1,1,0,0,0,0,0,1,0,0,0,0,0,1,0,0,0,1,0,1
40354601,467.5515672751364,850,크루즈,올 뉴 크루즈,95,50538,1399,5,9,7,1,0,1,1,1,1,1,1,0,1,0,0,0,0,1,0,0,1,0,0,0,0,1,0,0,0,1,0,1
41546797,938.3563612932006,1620,쏘울,쏘울 부스터 EV,59,146612,180,5,7,3,0,1,1,1,1,1,1,1,1,1,0,1,0,0,0,0,0,0,0,0,1,0,0,0,0,1,1,0,1
41524355,1024.6264535496102,1320,스포티지,스포티지 4세대,55,94277,1995,5,10,14,1,0,1,1,0,1,1,1,1,1,0,1,0,0,0,0,0,0,0,1,0,0,0,0,0,1,1,1,0
41649703,1390.1913990791177,1490,캐스퍼,캐스퍼,88,33331,998,4,5,0,0,0,1,1,1,1,1,1,1,1,1,0,0,0,0,0,0,1,0,0,0,0,1,0,0,0,1,0,1
41507864,635.3109081424859,650,SM7,SM7 노바,21,153576,2495,5,10,0,1,1,1,1,1,1,1,1,1,1,0,0,0,0,0,1,0,1,0,0,0,0,0,0,1,0,1,0,1
41400663,886.0914963836809,520,제네시스,제네시스,81,91204,3342,5,16,2,0,0,0,1,1,0,1,1,0,1,1,0,0,0,0,0,0,1,0,0,0,0,0,0,1,0,1,0,1
41485571,1247.5118753613704,1359,XM3,XM3,23,93748,1332,5,6,0,0,1,1,1,1,1,1,1,1,1,0,0,0,0,0,1,0,1,0,0,0,0,1,0,0,0,1,1,0
41448266,592.4795248257481,730,엑센트,엑센트(신형),74,54673,1368,5,12,1,0,0,1,1,0,1,1,1,0,1,1,0,0,0,0,0,0,1,0,0,0,0,0,0,1,0,1,0,1
41037259,1392.238226774805,1480,캐스퍼,캐스퍼,88,72997,998,4,4,6,0,0,1,1,1,1,1,1,1,1,1,0,0,0,0,0,0,1,0,0,0,0,1,0,0,0,1,0,1
41460407,699.989762412874,580,모닝,올 뉴 모닝 (JA),42,114641,998,2,8,11,0,0,0,0,0,0,0,0,0,0,0,1,0,0,0,0,0,1,0,0,0,0,1,0,0,0,1,0,1
41592077,535.0819292958388,450,스파크,더 넥스트 스파크,54,84002,999,5,10,2,0,0,0,1,0,0,0,0,0,1,0,0,0,0,1,0,0,1,0,0,0,0,1,0,0,0,1,0,1
41646917,553.7149246371913,570,올란도,올란도,77,138383,1998,7,9,2,0,0,1,1,0,1,1,1,0,1,0,0,0,0,1,0,1,0,0,0,0,0,0,0,1,0,1,1,0
41145834,768.0397857057295,1110,트랙스,더 뉴 트랙스,103,44252,1362,5,7,8,1,0,1,1,0,1,0,1,0,1,0,0,0,0,1,0,0,1,0,0,0,0,1,0,0,0,1,1,0
41458058,905.6914320771383,1050,그랜저,그랜저 IG,27,179142,2999,5,9,7,0,0,1,1,1,1,1,1,1,1,1,0,0,0,0,0,0,1,0,0,0,0,0,1,0,0,1,0,1
41052781,1301.1905814198442,1569,QM6,더 뉴 QM6,17,32833,1998,5,6,2,0,0,0,0,0,0,0,0,0,0,0,0,0,0,0,1,1,0,0,0,0,0,1,0,0,0,1,1,0
41489675,1160.0663916769165,1330,맥스크루즈,맥스크루즈,41,127166,2199,6,12,3,1,1,1,1,1,1,1,1,1,1,1,0,0,0,0,0,0,0,0,1,0,0,1,0,0,0,1,1,0
41377464,511.37274562236945,490,스파크,더 넥스트 스파크,54,104330,999,5,10,3,0,0,1,1,0,1,0,1,0,1,0,0,0,0,1,0,0,1,0,0,0,0,1,0,0,0,1,0,1
41313054,967.6269960460112,1250,티볼리,티볼리 아머,105,25713,1597,5,9,0,0,1,1,1,1,1,1,1,1,1,0,0,0,1,0,0,0,1,0,0,0,0,1,0,0,0,1,1,0
41111619,793.5123984456893,430,코란도,뉴코란도 C,92,140204,1998,5,11,3,1,0,1,0,1,1,0,1,0,1,0,0,0,1,0,0,0,0,0,1,0,0,1,0,0,0,1,1,0
41258360,1124.3844256766104,1470,카니발,더 뉴 카니발,85,182724,2199,9,7,2,0,1,1,1,1,1,1,1,1,1,0,1,0,0,0,0,0,0,0,1,0,0,0,1,0,0,1,1,0
41267841,455.50858679976017,240,SM3,뉴SM3,18,130960,1598,5,16,2,0,0,1,0,0,0,1,0,0,1,0,0,0,0,0,1,0,1,0,0,0,0,1,0,0,0,1,0,1
41332950,1192.3813152408418,1220,맥스크루즈,맥스크루즈,41,102967,2199,7,11,2,0,1,1,1,1,1,1,1,1,1,1,0,0,0,0,0,0,0,0,1,0,0,0,0,1,0,1,1,0
41014597,928.4206454774875,1030,아반떼,아반떼 AD,62,92452,1591,5,10,1,0,0,1,1,0,1,1,1,0,1,1,0,0,0,0,0,0,1,0,0,0,0,1,0,0,0,1,0,1
39698363,704.8228682442713,330,모닝,올 뉴 모닝,42,114531,998,5,15,1,0,0,1,1,0,0,1,1,0,1,0,1,0,0,0,0,0,1,0,0,0,0,0,0,0,1,1,0,1
41516308,390.557300432829,300,SM5,뉴SM5 플래티넘,19,169547,1998,5,13,12,1,1,1,1,1,1,1,1,0,1,0,0,0,0,0,1,0,1,0,0,0,0,1,0,0,0,1,0,1
41402197,935.928526081858,870,그랜저,그랜저 IG,27,235755,2359,5,7,7,0,0,1,1,1,1,1,1,0,1,1,0,0,0,0,0,0,1,0,0,0,0,0,1,0,0,1,0,1
41630888,967.6269960460112,1070,티볼리,티볼리 에어,105,158556,1597,5,7,8,0,1,1,1,1,1,1,1,1,1,0,0,0,1,0,0,0,0,1,0,0,0,1,0,0,0,1,1,0
41133324,1307.3450904664935,1419,렉스턴,렉스턴 스포츠,35,116562,2157,5,8,8,0,0,1,1,1,1,1,1,0,1,0,0,0,1,0,0,0,0,0,1,0,0,1,0,0,0,1,1,0
41658714,704.8228682442713,288,모닝,더 뉴 모닝 (JA),42,5,998,5,0,2,0,0,1,1,1,1,0,1,1,1,0,1,0,0,0,0,0,1,0,0,0,0,1,0,0,0,1,0,1
41025357,1257.9607752264587,1530,G80,G80,5,112278,3342,5,9,5,0,1,1,1,1,1,1,1,1,1,0,0,1,0,0,0,0,1,0,0,0,0,0,1,0,0,1,0,1
41416788,1309.1947392425673,1590,QM6,QM6,17,35429,1997,5,7,2,1,1,1,1,1,1,1,1,1,1,0,0,0,0,0,1,0,1,0,0,0,0,1,0,0,0,1,1,0
40998763,819.4078380887734,420,SM6,SM6,20,183499,1998,5,9,12,0,0,1,1,1,0,0,1,0,1,0,0,0,0,0,1,1,0,0,0,0,0,0,1,0,0,1,0,1
41604861,907.2378156501135,650,그랜저,그랜저 HG,27,151718,2359,5,13,0,1,1,1,1,1,1,1,1,1,1,1,0,0,0,0,0,0,1,0,0,0,0,0,1,0,0,1,0,1
41651426,892.2058141984411,550,갤로퍼,갤로퍼 2,26,150448,2972,9,27,13,0,0,0,0,0,0,0,0,0,0,1,0,0,0,0,0,1,0,0,0,0,0,0,0,1,0,1,1,0
41408660,992.8099193332274,1190,스타렉스,그랜드 스타렉스,50,119088,2497,11,11,14,0,0,1,0,0,0,0,1,0,1,1,0,0,0,0,0,0,0,0,1,0,0,0,0,1,0,1,1,0
41650889,764.3921189991339,775,체어맨,뉴체어맨 W,84,76580,3199,5,11,12,0,0,1,1,1,1,1,1,1,1,0,0,0,1,0,0,0,1,0,0,0,0,0,1,0,0,1,0,1
41575087,930.193512170366,1050,쏘나타,쏘나타 뉴 라이즈,57,125900,1685,5,9,6,0,0,1,1,1,1,1,1,0,1,1,0,0,0,0,0,0,0,0,1,0,0,0,0,1,0,1,0,1
41613752,930.193512170366,970,쏘나타,LF 쏘나타,57,122664,1999,5,11,2,0,0,1,1,1,1,1,1,0,1,1,0,0,0,0,0,0,1,0,0,0,0,0,0,1,0,1,0,1
41355273,1309.1947392425673,1380,QM6,더 뉴 QM6,17,118347,1998,5,5,1,0,1,1,1,1,1,1,1,1,1,0,0,0,0,0,1,1,0,0,0,0,0,1,0,0,0,1,1,0
41221877,907.2378156501135,1279,그랜저,그랜저 IG,27,171823,2359,5,9,8,1,1,1,1,1,1,1,1,1,1,1,0,0,0,0,0,0,1,0,0,0,0,0,1,0,0,1,0,1
41477384,1387.528585305339,1360,캐스퍼,캐스퍼,88,73656,998,4,3,0,0,0,1,0,0,1,0,1,1,1,1,0,0,0,0,0,0,1,0,0,0,0,0,0,1,0,1,0,1
41042942,651.8405852253035,440,캡티바,캡티바,90,122490,1998,7,12,10,1,0,1,1,1,1,1,1,0,1,0,0,0,0,1,0,0,0,0,1,0,0,0,0,1,0,1,1,0
41587219,910.4589389790043,1020,제네시스,제네시스 DH,81,159249,3778,5,11,0,0,1,1,1,1,1,1,1,1,1,1,0,0,0,0,0,0,1,0,0,0,0,0,1,0,0,1,0,1
41606494,915.8857730579066,1050,K9,더 뉴 K9,14,166633,3342,5,11,3,0,1,1,1,1,1,1,1,1,1,0,1,0,0,0,0,0,1,0,0,0,0,0,1,0,0,1,0,1
40190290,819.4078380887734,630,SM6,SM6,20,156828,1997,5,10,1,0,0,1,1,1,1,0,1,0,1,0,0,0,0,0,1,0,1,0,0,0,0,0,0,1,0,1,0,1
41085573,511.37274562236945,720,스파크,더 뉴 스파크,54,41718,999,5,6,7,0,0,1,1,0,1,1,1,0,1,0,0,0,0,1,0,0,1,0,0,0,0,0,0,0,1,1,0,1
41286186,807.4456798684994,1100,SM6,SM6,20,71750,1997,5,8,4,0,1,1,1,1,1,1,1,1,1,0,0,0,0,0,1,0,1,0,0,0,0,1,0,0,0,1,0,1
41415934,1392.238226774805,1340,캐스퍼,캐스퍼,88,103857,998,4,4,2,0,0,1,1,1,1,1,1,1,1,1,0,0,0,0,0,0,1,0,0,0,0,1,0,0,0,1,0,1
41430234,928.4206454774875,1050,아반떼,아반떼 AD,62,145323,1591,5,9,0,0,0,1,1,0,1,1,1,0,1,1,0,0,0,0,0,0,1,0,0,0,0,0,0,1,0,1,0,1
41333884,970.8411733726565,750,티볼리,티볼리 에어,105,121017,1597,5,10,4,1,0,1,1,0,1,1,1,0,1,0,0,0,1,0,0,0,0,0,1,0,0,1,0,0,0,1,1,0
41304382,1307.3450904664935,1450,렉스턴,렉스턴 스포츠,35,101208,2157,5,8,3,0,1,1,1,0,1,0,1,1,1,0,0,0,1,0,0,0,0,0,1,0,0,1,0,0,0,1,1,0
41583379,1031.8286148688874,1200,아이오닉,아이오닉 일렉트릭,65,125735,78,5,9,2,0,1,1,1,1,1,1,1,1,1,1,0,0,0,0,0,0,0,0,0,1,0,0,0,0,1,1,0,1
41509028,807.4456798684994,699,SM6,SM6,20,188980,1997,5,9,1,1,0,1,1,1,1,1,1,1,1,0,0,0,0,0,1,0,1,0,0,0,0,1,0,0,0,1,0,1
39543451,402.80707679553126,309,SM5,뉴SM5 플래티넘,19,153735,1998,5,14,11,0,1,1,1,1,1,1,1,0,1,0,0,0,0,0,1,0,1,0,0,0,0,0,1,0,0,1,0,1
41597799,748.0023256793763,1600,제네시스 쿠페,더 뉴 제네시스 쿠페,82,140573,3778,4,13,4,1,1,1,1,1,1,1,1,0,1,1,0,0,0,0,0,0,1,0,0,0,0,1,0,0,0,1,0,1
41474106,847.0020764994432,750,베라크루즈,베라크루즈,46,257750,2959,7,11,18,0,1,1,1,1,1,1,1,1,1,1,0,0,0,0,0,0,0,0,1,0,0,0,0,1,0,1,1,0
40966864,1160.0663916769165,1650,맥스크루즈,더 뉴 맥스크루즈,41,111130,3342,7,11,0,0,1,1,1,1,1,1,1,1,1,1,0,0,0,0,0,0,1,0,0,0,0,0,0,0,1,1,1,0
41206230,591.0966224282002,620,엑센트,엑센트(신형),74,75906,1368,5,12,12,0,0,1,1,0,1,1,1,0,1,1,0,0,0,0,0,0,1,0,0,0,0,1,0,0,0,1,0,1
41508261,947.3443649473054,750,아반떼,더 뉴 아반떼,62,77520,1582,5,13,8,0,0,1,1,1,1,1,1,0,1,1,0,0,0,0,0,0,0,0,1,0,0,1,0,0,0,1,0,1
41093649,831.0491350121001,380,코란도,뉴코란도 C,92,186953,1998,5,12,1,1,0,1,1,1,1,1,1,0,1,0,0,0,1,0,0,0,0,0,1,0,0,1,0,0,0,1,1,0
41544840,588.7951083442899,370,QM5,뉴QM5,16,138555,1995,5,12,0,0,0,1,1,1,1,1,1,0,1,0,0,0,0,0,1,0,0,0,1,0,0,0,1,0,0,1,1,0
41495101,787.1137560564567,670,트랙스,더 뉴 트랙스,103,129950,1362,5,9,8,1,0,1,1,0,1,0,1,0,1,0,0,0,0,1,0,0,1,0,0,0,0,0,1,0,0,1,1,0
41382376,1037.3051417342533,1299,투싼,올 뉴 투싼,101,69223,1685,5,9,1,0,1,1,0,1,1,0,1,1,1,1,0,0,0,0,0,0,0,0,1,0,0,0,1,0,0,1,1,0
40999494,455.50858679976017,290,SM3,뉴SM3,18,111877,1598,5,16,7,1,0,1,1,1,1,0,1,0,1,0,0,0,0,0,1,0,1,0,0,0,0,1,0,0,0,1,0,1
41599875,815.5577089623855,570,i30,i30(신형),24,96246,1591,5,14,2,1,1,1,1,1,1,1,1,0,1,1,0,0,0,0,0,0,1,0,0,0,0,1,0,0,0,1,0,1
41545519,1390.1913990791177,1090,캐스퍼,캐스퍼,88,46102,998,2,4,0,0,0,1,0,0,0,0,0,0,0,1,0,0,0,0,0,0,1,0,0,0,0,1,0,0,0,1,0,1
41513693,941.3889022900747,1490,쏘나타,쏘나타 (DN8),57,71105,1999,5,7,4,1,1,1,1,1,1,1,1,1,1,1,0,0,0,0,0,0,1,0,0,0,0,0,0,0,1,1,0,1
40098908,1044.2984497031264,1130,모하비,모하비,43,166483,2959,7,11,6,1,1,1,1,1,1,1,1,1,1,0,1,0,0,0,0,0,0,0,1,0,0,1,0,0,0,1,1,0
41201928,582.3662791811096,250,아베오,아베오 세단,63,153060,1598,5,13,6,0,0,1,1,0,0,0,1,0,1,0,0,0,0,1,0,0,1,0,0,0,0,1,0,0,0,1,0,1
39356222,967.6269960460112,888,티볼리,티볼리 에어,105,77943,1597,5,7,14,0,1,1,1,1,1,1,1,1,1,0,0,0,1,0,0,0,1,0,0,0,0,0,0,0,1,1,1,0
41208933,444.45152312654096,899,SM3,SM3 네오,18,18240,1598,5,10,2,0,0,0,0,0,0,0,0,0,0,0,0,0,0,0,1,0,1,0,0,0,0,1,0,0,0,1,0,1
41036229,1319.6151889790042,1230,QM6,QM6,17,83740,1995,5,10,0,0,1,1,1,1,1,1,1,1,1,0,0,0,0,0,1,0,0,0,1,0,0,0,0,1,0,1,1,0
41476915,1251.1196295251596,1380,코나,코나,91,101260,1591,5,9,3,0,1,1,1,1,1,1,1,1,1,1,0,0,0,0,0,0,1,0,0,0,0,0,1,0,0,1,1,0
41138137,1264.805265999821,1640,렉스턴,렉스턴 스포츠,35,67150,2157,5,7,1,0,1,1,1,1,1,1,1,1,1,0,0,0,1,0,0,0,0,0,1,0,0,0,0,1,0,1,1,0
41385565,907.2378156501135,1050,그랜저,그랜저 HG 하이브리드,27,100260,2359,5,11,4,0,0,1,1,1,1,0,1,0,1,1,0,0,0,0,0,0,0,1,0,0,0,0,0,1,0,1,0,1
41585425,923.0393528184499,1350,그랜저,그랜저 IG,27,65733,2359,5,8,13,0,0,1,1,1,1,1,1,1,1,1,0,0,0,0,0,0,1,0,0,0,0,0,0,1,0,1,0,1
41660425,1024.6264535496102,612,스포티지,스포티지 5세대,55,41276,1999,5,3,2,0,1,1,0,0,0,0,0,0,1,0,1,0,0,0,0,1,0,0,0,0,0,1,0,0,0,1,1,0
41288998,521.1936913921791,750,스파크,더 뉴 스파크,54,86721,999,5,8,2,0,0,1,1,0,1,1,1,0,1,0,0,0,0,1,0,0,1,0,0,0,0,0,1,0,0,1,0,1
40869304,842.1279070156255,820,K5,더 뉴 K5,11,50755,1999,5,12,4,1,0,1,1,1,1,1,1,0,1,0,1,0,0,0,0,0,1,0,0,0,0,1,0,0,0,1,0,1
41569956,1063.6126404216627,1380,싼타페,싼타페 더 프라임,56,108819,1995,5,11,2,0,1,1,1,1,1,1,1,1,1,1,0,0,0,0,0,0,0,0,1,0,0,0,1,0,0,1,1,0
40546884,521.1936913921791,590,스파크,더 넥스트 스파크,54,81749,999,5,10,10,0,0,1,1,1,0,0,1,0,1,0,0,0,0,1,0,0,1,0,0,0,0,0,0,1,0,1,0,1
41525574,1051.6974101665487,990,싼타페,싼타페 DM,56,138542,1995,5,11,11,1,0,1,1,1,1,1,1,1,1,1,0,0,0,0,0,0,0,0,1,0,0,1,0,0,0,1,1,0
40661653,1072.7523168570258,1420,싼타페,싼타페 더 프라임,56,117267,1995,5,10,2,0,1,1,1,1,1,1,1,1,1,1,0,0,0,0,0,0,0,0,1,0,0,1,0,0,0,1,1,0
41485627,1072.7523168570258,1190,싼타페,싼타페 DM,56,128841,2199,7,11,2,0,0,1,1,1,1,1,1,1,1,1,0,0,0,0,0,0,0,0,1,0,0,0,0,1,0,1,1,0
41190080,910.4589389790043,1099,제네시스,제네시스 DH,81,125750,3342,5,11,4,0,1,1,1,1,1,1,1,1,1,1,0,0,0,0,0,0,1,0,0,0,0,0,0,1,0,1,0,1
41511372,1014.8324651358752,980,투싼,올 뉴 투싼,101,181342,1995,5,10,7,0,1,1,1,1,1,1,1,1,1,1,0,0,0,0,0,0,0,0,1,0,0,1,0,0,0,1,1,0
41115650,532.6342390295486,690,올란도,올란도,77,101881,1598,7,10,3,1,0,1,1,1,1,1,1,0,1,0,0,0,0,1,0,0,0,0,1,0,0,0,0,1,0,1,1,0
41519402,833.2990788440546,515,코란도,뉴코란도 C,92,131620,2157,5,11,0,1,1,1,1,1,1,1,1,0,1,0,0,0,1,0,0,0,0,0,1,0,0,1,0,0,0,1,1,0
41069612,539.6756970784525,380,스파크,스파크,54,52384,995,5,12,3,0,0,1,1,0,0,0,1,0,1,0,0,0,0,1,0,0,1,0,0,0,0,0,0,0,1,1,0,1
41583916,928.4206454774875,1390,아반떼,더 뉴 아반떼 AD,62,87212,1598,5,6,1,0,0,1,1,1,1,1,1,0,1,1,0,0,0,0,0,0,1,0,0,0,0,1,0,0,0,1,0,1
41594888,977.230670900442,1699,쏘나타,쏘나타 하이브리드 (DN8),57,123814,1999,5,6,4,0,1,1,1,1,1,1,1,1,1,1,0,0,0,0,0,0,0,1,0,0,0,1,0,0,0,1,0,1
41328418,1122.21175713316,1650,카니발,올 뉴 카니발,85,61788,2199,9,10,0,0,1,1,1,1,1,1,1,1,1,0,1,0,0,0,0,0,0,0,1,0,0,1,0,0,0,1,1,0
41545916,936.9062313760018,840,아반떼,아반떼 AD,62,151995,1591,5,11,4,0,0,1,0,1,0,0,1,0,1,1,0,0,0,0,0,0,1,0,0,0,0,0,0,1,0,1,0,1
41381940,1072.7523168570258,1430,싼타페,싼타페 더 프라임,56,106533,1995,5,9,5,0,0,1,1,1,1,1,1,1,1,1,0,0,0,0,0,0,0,0,1,0,0,0,0,0,1,1,1,0
41626664,962.3768750735256,770,티볼리,티볼리,105,101826,1597,5,9,12,0,0,1,1,0,1,0,1,0,1,0,0,0,1,0,0,0,1,0,0,0,0,1,0,0,0,1,1,0
41352718,536.9253131532466,280,아베오,아베오 해치백,63,99751,1598,5,12,4,0,0,1,0,0,0,0,1,0,0,0,0,0,0,1,0,0,1,0,0,0,0,1,0,0,0,1,0,1
41270154,967.6269960460112,1390,티볼리,베리 뉴 티볼리,105,94186,1497,5,4,2,0,1,1,1,1,1,1,1,1,1,0,0,0,1,0,0,0,1,0,0,0,0,1,0,0,0,1,1,0
41531476,1057.082523447645,1250,싼타페,싼타페 DM,56,111137,1995,5,11,1,1,1,1,1,1,1,1,1,1,1,1,0,0,0,0,0,0,0,0,1,0,0,1,0,0,0,1,1,0
41168936,816.6985223123376,620,트랙스,더 뉴 트랙스,103,131454,1598,5,10,9,1,0,1,1,0,1,0,1,0,1,0,0,0,0,1,0,0,0,0,1,0,0,1,0,0,0,1,1,0
41126808,817.7357216322383,880,말리부,올 뉴 말리부,40,105390,1998,5,9,6,1,1,1,1,1,1,1,1,1,1,0,0,0,0,1,0,0,1,0,0,0,0,1,0,0,0,1,0,1
41539687,770.6286338740257,520,카렌스,올 뉴 카렌스,86,237775,1999,7,13,7,1,1,1,1,1,1,1,1,0,1,0,1,0,0,0,0,1,0,0,0,0,0,1,0,0,0,1,1,0
41547475,886.0914963836809,1070,제네시스,제네시스 DH,81,146076,3342,5,11,2,0,1,1,1,1,1,1,1,1,1,1,0,0,0,0,0,0,1,0,0,0,0,0,1,0,0,1,0,1
41445905,967.6269960460112,680,티볼리,티볼리,105,154628,1597,5,11,6,0,1,1,1,1,1,0,1,1,1,0,0,0,1,0,0,0,1,0,0,0,0,0,0,0,1,1,1,0
41011915,521.1936913921791,320,스파크,스파크,54,100402,995,5,13,4,0,0,1,0,0,0,0,1,0,1,0,0,0,0,1,0,0,1,0,0,0,0,0,0,0,1,1,0,1
41619415,768.0397857057295,950,트랙스,더 뉴 트랙스,103,43102,1598,5,8,0,0,0,1,1,0,1,1,1,0,1,0,0,0,0,1,0,0,0,0,1,0,0,0,1,0,0,1,1,0
39646622,761.3483900763234,730,제네시스 쿠페,제네시스 쿠페,82,111838,3778,4,17,11,1,1,1,1,1,1,1,1,0,1,1,0,0,0,0,0,0,1,0,0,0,0,0,0,1,0,1,0,1
41568319,1013.7211628396882,1399,스포티지,스포티지 4세대,55,75273,1685,5,9,3,1,1,1,1,1,1,1,1,1,1,0,1,0,0,0,0,0,0,0,1,0,0,1,0,0,0,1,1,0
38463348,923.0393528184499,650,그랜저,그랜저 HG,27,86565,2359,5,14,12,0,0,1,1,1,1,0,1,0,1,1,0,0,0,0,0,0,1,0,0,0,0,0,0,1,0,1,0,1
41583156,936.9062313760018,999,아반떼,아반떼 AD,62,100826,1591,5,10,2,0,0,0,0,0,0,0,0,0,0,1,0,0,0,0,0,0,1,0,0,0,0,1,0,0,0,1,0,1
41571454,930.193512170366,990,쏘나타,LF 쏘나타,57,125678,1999,5,10,6,0,0,1,1,1,1,1,1,0,1,1,0,0,0,0,0,1,0,0,0,0,0,1,0,0,0,1,0,1
41648672,813.3482474056841,900,말리부,올 뉴 말리부,40,118055,1490,5,10,1,0,0,1,1,1,1,0,1,1,1,0,0,0,0,1,0,0,1,0,0,0,0,1,0,0,0,1,0,1
41461997,1023.4311157213216,899,K7,더 뉴 K7,12,80249,2359,5,12,8,1,0,1,1,1,1,1,1,1,1,0,1,0,0,0,0,0,1,0,0,0,0,1,0,0,0,1,0,1
41565602,1216.6792949027229,1650,EQ900,EQ900,0,219910,3778,5,10,2,1,1,1,1,1,1,1,1,1,1,0,0,1,0,0,0,0,1,0,0,0,0,0,1,0,0,1,0,1
41458865,1023.2941085597921,650,K7,올 뉴 K7,12,209831,2199,5,9,28,0,1,1,1,1,1,1,1,1,1,0,1,0,0,0,0,0,0,0,1,0,0,0,0,1,0,1,0,1
41633719,947.3443649473054,999,아반떼,아반떼 AD,62,105102,1591,5,9,4,0,0,1,1,0,1,1,1,0,1,1,0,0,0,0,0,0,1,0,0,0,0,1,0,0,0,1,0,1
41296750,875.1505814198441,1350,제네시스,제네시스 DH,81,17241,3342,5,11,14,0,1,1,1,1,1,1,1,1,1,1,0,0,0,0,0,0,1,0,0,0,0,0,0,0,1,1,0,1
41594134,814.4268981028265,1490,말리부,더 뉴 말리부,40,58394,1341,5,6,1,0,1,1,1,1,1,1,1,1,1,0,0,0,0,1,0,0,1,0,0,0,0,1,0,0,0,1,0,1
41261306,539.6756970784525,349,스파크,더 넥스트 스파크,54,142319,999,5,10,10,0,0,1,1,0,0,1,1,0,1,0,0,0,0,1,0,0,1,0,0,0,0,0,0,1,0,1,0,1
41219175,1132.3567142575616,1500,맥스크루즈,더 뉴 맥스크루즈,41,104054,2199,7,10,9,0,1,1,1,1,1,1,1,1,1,1,0,0,0,0,0,0,0,0,1,0,0,0,0,1,0,1,1,0
41572681,941.3889022900747,1550,쏘나타,쏘나타 하이브리드 (DN8),57,157305,1999,5,6,0,0,1,1,1,1,1,1,1,1,1,1,0,0,0,0,0,0,0,1,0,0,0,0,1,0,0,1,0,1
41500719,930.193512170366,1449,쏘나타,쏘나타 (DN8),57,76778,1999,5,5,8,0,0,1,1,1,1,1,1,1,1,1,0,0,0,0,0,1,0,0,0,0,0,0,1,0,0,1,0,1
41061839,820.6996852780783,699,SM6,SM6,20,102477,1997,5,10,8,0,1,1,1,1,1,0,1,0,1,0,0,0,0,0,1,0,1,0,0,0,0,1,0,0,0,1,0,1
41614852,1010.3075581570316,790,스타렉스,그랜드 스타렉스,50,79819,2497,5,17,7,0,0,1,1,0,0,0,1,0,1,1,0,0,0,0,0,0,0,0,1,0,0,1,0,0,0,1,1,0
41641993,905.6914320771383,600,그랜저,그랜저 HG,27,174280,2999,5,13,2,0,1,1,1,1,1,1,1,1,1,1,0,0,0,0,0,0,1,0,0,0,0,0,1,0,0,1,0,1
41454414,389.9312687325189,190,SM5,뉴SM5(신형),19,127888,1998,5,16,12,0,0,1,1,1,1,1,1,0,1,0,0,0,0,0,1,0,1,0,0,0,0,1,0,0,0,1,0,1
40886601,1256.5223711085262,1649,렉스턴,렉스턴 스포츠,35,108641,2157,5,8,3,0,1,1,1,1,1,1,1,1,1,0,0,0,1,0,0,0,0,0,1,0,0,1,0,0,0,1,1,0
41568718,855.8451653676005,1050,아슬란,아슬란,64,90118,3342,5,11,2,0,1,1,1,1,1,1,1,1,1,1,0,0,0,0,0,0,1,0,0,0,0,0,1,0,0,1,0,1
41526106,1160.0663916769165,1090,맥스크루즈,맥스크루즈,41,135873,2199,6,13,0,1,0,1,1,1,1,1,1,1,1,1,0,0,0,0,0,0,0,0,1,0,0,0,0,1,0,1,1,0
40877498,1084.4388555279147,1570,카니발,더 뉴 카니발,85,157179,2199,9,8,7,0,1,1,1,1,1,1,1,1,1,0,1,0,0,0,0,0,0,0,1,0,0,0,1,0,0,1,1,0
40376841,1023.2941085597921,550,K7,더 뉴 K7,12,128415,2999,5,12,11,0,1,1,1,1,1,1,1,1,1,0,1,0,0,0,0,0,1,0,0,0,0,0,1,0,0,1,0,1
41590966,1109.432724427458,1330,넥쏘,넥쏘,28,145037,0,5,8,1,1,1,1,1,1,1,1,1,1,1,1,0,0,0,0,0,0,0,0,0,0,1,1,0,0,0,1,1,0
41640647,1121.333920626105,1392,카니발,카니발 4세대,85,46187,2151,9,3,2,0,1,1,1,1,1,0,1,1,1,0,1,0,0,0,0,0,0,0,1,0,0,1,0,0,0,1,1,0
41415760,868.079571411459,570,K3,K3,10,102048,1591,5,11,14,0,0,1,1,1,0,1,1,0,1,0,1,0,0,0,0,0,1,0,0,0,0,1,0,0,0,1,0,1
41484403,967.6269960460112,890,티볼리,티볼리,105,98165,1597,5,9,3,0,0,1,1,0,1,1,1,0,1,0,0,0,1,0,0,0,1,0,0,0,0,0,0,0,1,1,1,0
41287940,1050.1398208359376,740,투싼,뉴 투싼 ix,101,135706,1995,5,13,2,0,0,1,1,1,1,1,1,1,1,1,0,0,0,0,0,0,0,0,1,0,0,0,0,1,0,1,1,0
41279559,575.8143169370128,300,QM5,QM5 네오,16,171439,1995,5,12,4,0,1,1,1,1,1,1,1,0,1,0,0,0,0,0,1,0,0,0,1,0,0,0,0,1,0,1,1,0
41424289,511.37274562236945,770,스파크,더 뉴 스파크,54,81324,999,5,7,3,0,0,1,1,0,1,0,1,0,1,0,0,0,0,1,0,0,1,0,0,0,0,0,1,0,0,1,0,1
41220746,807.4456798684994,820,SM6,SM6,20,78953,1998,5,10,4,0,0,1,1,1,1,1,1,0,1,0,0,0,0,0,1,1,0,0,0,0,0,0,0,1,0,1,0,1
41563148,1023.2941085597921,1550,K7,올 뉴 K7,12,82757,2359,5,9,2,1,1,1,1,1,1,1,1,1,1,0,1,0,0,0,0,0,1,0,0,0,0,0,1,0,0,1,0,1
40782618,1121.333920626105,780,카니발,올 뉴 카니발,85,188374,2199,9,11,3,0,0,1,1,1,1,1,1,1,1,0,1,0,0,0,0,0,0,0,1,0,0,0,0,1,0,1,1,0
41502959,1079.3476259860029,1090,싼타페,싼타페 DM,56,113323,1995,5,13,2,0,1,1,1,1,1,1,1,1,1,1,0,0,0,0,0,0,0,0,1,0,0,0,1,0,0,1,1,0
41430038,967.6269960460112,999,티볼리,티볼리,105,90882,1597,5,11,2,0,0,1,1,1,1,1,1,1,1,0,0,0,1,0,0,0,1,0,0,0,0,1,0,0,0,1,1,0
41641471,1050.1398208359376,1120,투싼,올 뉴 투싼,101,148147,1685,5,8,2,0,0,1,1,0,1,1,1,0,1,1,0,0,0,0,0,0,0,0,1,0,0,0,0,1,0,1,1,0
40337549,731.3465116724439,850,에쿠스,에쿠스(신형),73,179523,3778,5,11,2,0,1,1,1,1,1,1,1,1,1,1,0,0,0,0,0,0,1,0,0,0,0,0,0,1,0,1,0,1
41603031,987.5738331607303,1450,스타렉스,더 뉴 그랜드 스타렉스,50,147265,2497,5,7,1,0,0,1,1,0,0,1,1,1,1,1,0,0,0,0,0,0,0,0,1,0,0,1,0,0,0,1,1,0
41488207,935.00215340683,620,벨로스터,더 뉴 벨로스터,47,105045,1591,4,10,6,1,0,1,1,1,1,1,1,1,1,1,0,0,0,0,0,0,1,0,0,0,0,0,0,0,1,1,0,1
41465164,1010.3075581570316,950,스타렉스,그랜드 스타렉스,50,86919,2497,3,13,8,0,0,1,0,0,0,0,1,0,1,1,0,0,0,0,0,0,0,0,1,0,0,0,0,1,0,1,1,0
41276852,822.7686047328136,709,i30,i30(신형),24,47253,1591,5,13,2,0,0,1,1,1,1,1,1,0,1,1,0,0,0,0,0,0,1,0,0,0,0,0,0,1,0,1,0,1
41590061,1273.33407874339,1650,G80,G80,5,157500,3342,5,8,5,0,1,1,1,1,1,1,1,1,1,0,0,1,0,0,0,0,1,0,0,0,0,0,0,1,0,1,0,1
41189848,867.4613543331805,560,제네시스,제네시스,81,149329,3342,5,14,2,0,0,1,1,1,1,1,1,0,1,1,0,0,0,0,0,0,1,0,0,0,0,0,0,1,0,1,0,1
39161604,928.4206454774875,729,아반떼,아반떼 AD,62,136558,1591,5,10,6,0,0,1,1,1,0,0,1,0,1,1,0,0,0,0,0,0,1,0,0,0,0,1,0,0,0,1,0,1
41650491,778.9139391480519,650,코란도,뉴코란도 C,92,110063,2157,5,10,1,0,0,1,1,0,1,1,1,1,1,0,0,0,1,0,0,0,0,0,1,0,0,0,0,1,0,1,1,0
41231704,988.0567474787636,880,스타렉스,그랜드 스타렉스,50,208148,2497,12,9,10,1,0,1,1,1,0,1,1,1,1,1,0,0,0,0,0,0,0,0,1,0,0,0,0,0,1,1,1,0
41560066,1319.6151889790042,1000,QM6,QM6,17,154911,1995,5,9,2,1,1,1,1,1,1,1,1,1,1,0,0,0,0,0,1,0,0,0,1,0,0,0,0,1,0,1,1,0
41577352,987.5738331607303,1050,스타렉스,그랜드 스타렉스,50,89000,2500,12,9,0,0,0,1,0,1,0,0,1,1,1,1,0,0,0,0,0,0,0,0,1,0,0,0,0,0,1,1,1,0
41250197,539.6756970784525,425,스파크,스파크,54,86647,995,5,12,9,0,0,1,1,0,0,1,1,0,1,0,0,0,0,1,0,0,1,0,0,0,0,1,0,0,0,1,0,1
40979419,445.5898375614303,240,SM3,뉴SM3,18,192757,1598,5,14,1,0,0,1,1,1,1,1,1,0,1,0,0,0,0,0,1,0,1,0,0,0,0,0,0,1,0,1,0,1
41488443,1273.33407874339,1690,G80,G80,5,180467,2199,5,7,4,0,1,1,1,1,1,1,1,1,1,0,0,1,0,0,0,0,0,0,1,0,0,0,0,1,0,1,0,1
41497497,526.5779521455554,370,스파크,스파크,54,57352,995,5,12,0,0,0,1,0,0,0,0,1,0,1,0,0,0,0,1,0,0,1,0,0,0,0,0,0,0,1,1,0,1
41010863,807.4456798684994,980,SM6,SM6,20,60266,1997,5,10,5,1,0,1,1,1,1,1,1,0,1,0,0,0,0,0,1,0,1,0,0,0,0,1,0,0,0,1,0,1
41346130,672.6380015602682,550,모닝,더 뉴 모닝,42,92543,998,5,10,12,0,0,1,0,0,1,0,1,0,1,0,1,0,0,0,0,0,1,0,0,0,0,1,0,0,0,1,0,1
41518870,1024.6264535496102,1379,스포티지,스포티지 4세대,55,115292,1685,5,10,4,1,1,1,1,1,1,1,1,1,1,0,1,0,0,0,0,0,0,0,1,0,0,0,1,0,0,1,1,0
41302600,968.6868564277833,395,쏘나타,쏘나타 하이브리드,57,153376,1999,5,14,0,1,0,1,1,1,1,1,1,0,1,1,0,0,0,0,0,0,0,1,0,0,0,1,0,0,0,1,0,1
41490275,1247.4949211722349,1430,렉스턴,렉스턴 스포츠 칸,35,195784,2157,5,6,2,0,0,0,0,0,0,0,0,0,0,0,0,0,1,0,0,0,0,0,1,0,0,1,0,0,0,1,1,0
40322885,1319.6151889790042,1150,QM6,더 뉴 QM6,17,149871,1998,5,5,2,0,1,1,1,1,1,1,1,0,1,0,0,0,0,0,1,1,0,0,0,0,0,0,0,1,0,1,1,0
41479105,1307.3450904664935,1450,렉스턴,G4 렉스턴,35,154745,2157,5,9,4,1,1,1,1,1,1,1,1,1,1,0,0,0,1,0,0,0,0,0,1,0,0,0,0,0,1,1,1,0
41589343,928.4206454774875,1120,아반떼,아반떼 AD,62,47071,1591,5,10,0,0,0,1,1,1,1,1,1,0,1,1,0,0,0,0,0,0,1,0,0,0,0,0,0,1,0,1,0,1
41064789,804.849667793527,729,SM6,SM6,20,78131,1997,5,10,8,0,0,1,1,1,1,1,1,0,1,0,0,0,0,0,1,0,1,0,0,0,0,0,1,0,0,1,0,1
41564608,874.0501334751542,570,레이,레이,34,123550,998,5,13,2,0,0,0,0,0,0,0,0,0,0,0,1,0,0,0,0,0,1,0,0,0,0,0,0,1,0,1,0,1
40433967,907.2378156501135,990,그랜저,그랜저 HG,27,86534,2359,5,11,7,1,1,1,1,1,1,1,1,1,1,1,0,0,0,0,0,0,1,0,0,0,0,0,0,1,0,1,0,1
38558514,813.3482474056841,990,말리부,올 뉴 말리부,40,18433,1490,5,9,8,0,0,1,1,1,1,0,1,0,1,0,0,0,0,1,0,0,1,0,0,0,0,1,0,0,0,1,0,1
41570714,816.6985223123376,299,트랙스,트랙스,103,138833,1362,5,12,13,0,0,1,1,0,0,1,1,0,1,0,0,0,0,1,0,0,1,0,0,0,0,0,0,1,0,1,1,0
41644069,1012.2778089395711,329,K7,더 프레스티지 K7,12,278396,2999,5,14,11,1,1,1,1,1,1,1,1,1,1,0,1,0,0,0,0,1,0,0,0,0,0,1,0,0,0,1,0,1
41417070,1024.6264535496102,550,스포티지,더 뉴 스포티지 R,55,130370,1995,5,12,18,0,0,1,0,1,1,0,1,0,1,0,1,0,0,0,0,0,0,0,1,0,0,0,0,1,0,1,1,0
40978363,675.9280793327559,650,캡티바,캡티바,90,98875,1998,7,12,0,1,0,1,1,1,1,0,1,0,0,0,0,0,0,1,0,0,0,0,1,0,0,0,1,0,0,1,1,0
41322461,511.37274562236945,870,스파크,더 뉴 스파크,54,67854,999,5,7,2,0,0,1,1,1,1,1,1,0,1,0,0,0,0,1,0,0,1,0,0,0,0,1,0,0,0,1,0,1
41390807,892.2058141984411,25,K8,K8,13,83732,2497,5,5,2,0,1,1,1,1,1,1,1,1,1,0,1,0,0,0,0,0,1,0,0,0,0,0,0,1,0,1,0,1
41576250,847.0020764994432,478,베라크루즈,베라크루즈,46,184813,2959,7,17,1,1,1,1,0,1,1,0,1,0,1,1,0,0,0,0,0,0,0,0,1,0,0,0,1,0,0,1,1,0
41645500,895.5676356997402,1260,레이,더 뉴 레이,34,131295,998,5,8,5,0,0,1,1,1,1,1,1,0,1,0,1,0,0,0,0,1,0,0,0,0,0,0,0,1,0,1,0,1
41603578,511.37274562236945,520,스파크,더 넥스트 스파크,54,120000,999,5,10,1,0,0,1,1,1,1,0,1,0,1,0,0,0,0,1,0,0,1,0,0,0,0,0,1,0,0,1,0,1
41615057,521.1936913921791,1150,스파크,더 뉴 스파크,54,31889,999,5,4,2,0,0,1,1,1,1,0,1,0,1,0,0,0,0,1,0,0,1,0,0,0,0,1,0,0,0,1,0,1
40642739,535.0819292958388,770,스파크,더 뉴 스파크,54,74539,999,5,8,0,0,0,1,1,0,1,1,1,0,1,0,0,0,0,1,0,0,1,0,0,0,0,0,0,1,0,1,0,1
40940586,1055.403876132294,1090,니로,니로,29,135604,1580,5,10,6,0,0,1,1,1,1,1,1,1,1,0,1,0,0,0,0,0,0,1,0,0,0,1,0,0,0,1,1,0
41487473,950.3037718506688,1395,쏘나타,쏘나타 뉴 라이즈,57,66872,1999,5,9,11,1,1,1,1,1,1,1,1,0,1,1,0,0,0,0,0,0,1,0,0,0,0,0,0,1,0,1,0,1
41312908,1012.2538228903043,1480,스타렉스,더 뉴 그랜드 스타렉스,50,77266,2497,3,7,11,0,0,1,0,0,0,0,1,0,1,1,0,0,0,0,0,0,0,0,1,0,0,0,0,1,0,1,1,0
41656759,970.8411733726565,570,티볼리,티볼리,105,151416,1597,5,11,6,0,0,1,1,1,1,1,1,1,1,0,0,0,1,0,0,0,1,0,0,0,0,0,0,1,0,1,1,0
41661138,731.2047804071187,699,에쿠스,에쿠스(신형),73,155000,5038,5,15,2,0,1,1,1,1,1,1,1,1,1,1,0,0,0,0,0,0,1,0,0,0,0,0,1,0,0,1,0,1
41349585,1122.21175713316,1150,카니발,올 뉴 카니발,85,108804,2199,9,10,6,0,0,1,1,1,1,1,1,1,1,0,1,0,0,0,0,0,0,0,1,0,0,0,0,1,0,1,1,0
41605661,1379.3008305997773,1630,캐스퍼,캐스퍼,88,54224,998,4,5,3,0,0,1,1,1,1,1,1,1,1,1,0,0,0,0,0,0,1,0,0,0,0,0,0,0,1,1,0,1
41597754,526.5779521455554,640,스파크,더 넥스트 스파크,54,57225,999,5,11,2,0,0,1,0,1,0,0,1,0,1,0,0,0,0,1,0,0,1,0,0,0,0,1,0,0,0,1,0,1
41307420,535.0819292958388,250,스파크,스파크,54,90032,995,5,13,6,0,0,0,0,0,0,0,0,0,0,0,0,0,0,1,0,0,1,0,0,0,0,1,0,0,0,0,0,1
41578223,1051.6974101665487,1659,싼타페,싼타페 TM,56,161359,2199,7,8,3,0,0,1,1,1,1,1,1,1,1,1,0,0,0,0,0,0,0,0,1,0,0,1,0,0,0,1,1,0
41555381,731.2047804071187,975,에쿠스,에쿠스(신형),73,150031,3778,5,12,11,0,1,1,1,1,1,1,1,1,1,1,0,0,0,0,0,0,1,0,0,0,0,0,1,0,0,1,0,1
41510935,807.4456798684994,1060,SM6,SM6,20,59258,1997,5,9,0,0,0,1,1,1,1,1,1,1,1,0,0,0,0,0,1,0,1,0,0,0,0,0,0,0,1,1,0,1
41236595,704.8228682442713,370,모닝,올 뉴 모닝,42,83323,998,5,12,14,0,0,0,1,0,0,0,0,0,0,0,1,0,0,0,0,0,1,0,0,0,0,1,0,0,0,1,0,1
40845745,553.7149246371913,550,올란도,올란도,77,147242,1598,7,10,2,0,0,1,0,1,1,0,1,0,1,0,0,0,0,1,0,0,0,0,1,0,0,0,0,1,0,1,1,0
41365937,952.3521370538434,1111,K7,올 뉴 K7,12,145112,3342,5,10,5,0,1,1,1,1,1,1,1,1,1,0,1,0,0,0,0,0,1,0,0,0,0,0,1,0,0,1,0,1
41562190,814.4268981028265,1090,말리부,올 뉴 말리부,40,80597,1998,5,9,5,0,1,1,1,1,1,1,1,1,1,0,0,0,0,1,0,0,1,0,0,0,0,0,0,1,0,1,0,1
39635264,907.2378156501135,1650,그랜저,그랜저 IG,27,102374,2999,5,9,11,0,1,1,1,1,1,1,1,1,1,1,0,0,0,0,0,0,1,0,0,0,0,0,0,1,0,1,0,1
41267219,1229.585755916017,1320,트레일블레이저,트레일블레이저,104,72504,1341,5,5,15,0,1,1,1,1,1,0,1,1,1,0,0,0,0,1,0,0,1,0,0,0,0,1,0,0,0,1,1,0
41388270,950.3037718506688,870,쏘나타,쏘나타 뉴 라이즈,57,178593,1999,5,9,7,0,0,1,1,1,1,1,1,0,1,1,0,0,0,0,0,0,1,0,0,0,0,0,1,0,0,1,0,1
41496991,800.0418365153032,970,트랙스,더 뉴 트랙스,103,79072,1362,5,7,1,0,0,1,1,0,1,1,1,0,1,0,0,0,0,1,0,0,1,0,0,0,0,1,0,0,0,1,1,0
41515854,1057.082523447645,1170,싼타페,싼타페 더 프라임,56,162874,2199,7,10,8,0,1,1,1,1,1,1,1,1,1,1,0,0,0,0,0,0,0,0,1,0,0,0,0,1,0,1,1,0
40925201,967.6269960460112,1340,티볼리,베리 뉴 티볼리,105,31162,1497,5,5,6,0,0,1,1,0,1,1,1,1,1,0,0,0,1,0,0,0,1,0,0,0,0,1,0,0,0,1,1,0
38157072,1010.3075581570316,1350,스타렉스,더 뉴 그랜드 스타렉스,50,118505,2497,3,8,6,0,0,1,0,0,0,0,1,0,1,1,0,0,0,0,0,0,0,0,1,0,0,1,0,0,0,1,1,0
41508116,886.0914963836809,499,제네시스,제네시스,81,182182,3342,5,14,9,0,1,1,1,1,1,1,1,1,1,1,0,0,0,0,0,0,1,0,0,0,0,0,1,0,0,1,0,1
41122208,526.5779521455554,330,스파크,스파크,54,121898,995,5,14,2,0,0,1,1,0,0,1,1,0,1,0,0,0,0,1,0,1,0,0,0,0,0,1,0,0,0,1,0,1
41650890,833.2990788440546,750,코란도,뉴 스타일 코란도 C,92,136227,2157,5,9,3,0,0,1,1,1,1,1,1,1,1,0,0,0,1,0,0,0,0,0,1,0,0,0,1,0,0,1,1,0
40995915,1253.701162839688,1199,XM3,XM3,23,84639,1598,5,4,14,0,1,1,1,1,1,1,1,0,1,0,0,0,0,0,1,0,1,0,0,0,0,1,0,0,0,1,1,0
40508241,813.3482474056841,1520,말리부,더 뉴 말리부,40,46908,1341,5,6,1,0,0,1,1,1,1,1,1,1,1,0,0,0,0,1,0,0,1,0,0,0,0,0,0,1,0,1,0,1
41330500,886.0914963836809,1249,제네시스,제네시스 DH,81,101050,3342,5,10,2,0,1,1,1,1,1,1,1,1,1,1,0,0,0,0,0,0,1,0,0,0,0,0,0,1,0,1,0,1
41217526,1132.3567142575616,1550,맥스크루즈,더 뉴 맥스크루즈,41,137459,3342,7,10,1,1,1,1,1,1,1,1,1,1,1,1,0,0,0,0,0,0,1,0,0,0,0,0,0,0,1,1,1,0
41322423,833.2990788440546,450,코란도,코란도 스포츠,92,169070,1998,5,11,5,0,0,1,1,0,0,1,1,0,1,0,0,0,1,0,0,0,0,0,1,0,0,0,0,1,0,1,1,0
41637610,761.0027686659243,590,i40,i40,25,124708,1999,5,14,7,1,1,1,1,1,1,1,1,1,1,1,0,0,0,0,0,0,1,0,0,0,0,1,0,0,0,1,0,1
41389403,1005.1859527579388,1250,투싼,올 뉴 투싼,101,124957,1995,5,8,2,0,0,1,1,1,1,1,1,1,1,1,0,0,0,0,0,0,0,0,1,0,0,0,0,1,0,1,1,0
41552103,1084.4388555279147,1180,카니발,올 뉴 카니발,85,190574,2199,9,9,0,1,0,1,1,1,1,1,1,1,1,0,1,0,0,0,0,0,0,0,1,0,0,1,0,0,0,1,1,0
41593079,1390.1913990791177,1470,캐스퍼,캐스퍼,88,53482,998,4,3,0,0,0,1,0,0,1,0,1,1,1,1,0,0,0,0,0,0,1,0,0,0,0,1,0,0,0,1,0,1
41567717,967.6269960460112,490,티볼리,티볼리,105,188604,1597,5,11,6,0,1,1,1,1,1,1,1,1,1,0,0,0,1,0,0,0,0,0,1,0,0,0,0,0,1,1,1,0
41006500,886.0914963836809,560,제네시스,제네시스,81,129262,3342,5,15,11,0,1,1,1,1,1,1,1,1,1,1,0,0,0,0,0,0,1,0,0,0,0,0,0,1,0,1,0,1
41512795,928.4206454774875,600,아반떼,아반떼 MD,62,103029,1591,5,13,5,0,0,1,1,1,1,1,1,0,1,1,0,0,0,0,0,0,1,0,0,0,0,0,0,1,0,1,0,1
41241017,817.29454516165,1620,말리부,더 뉴 말리부,40,74261,1998,5,6,7,0,1,1,1,1,1,1,1,1,1,0,0,0,0,1,0,0,1,0,0,0,0,0,1,0,0,1,0,1
41629014,809.9140873524058,690,SM6,SM6,20,115603,1997,5,9,11,1,0,1,1,1,1,1,1,0,1,0,0,0,0,0,1,0,1,0,0,0,0,0,0,1,0,1,0,1
40635044,923.0393528184499,1099,그랜저,그랜저 IG,27,169390,2999,5,10,8,0,0,1,1,1,1,1,1,1,1,1,0,0,0,0,0,0,1,0,0,0,0,0,1,0,0,1,0,1
41340883,1197.9504285254952,1560,G70,G70,4,131818,1998,5,8,6,1,1,1,1,1,1,1,1,1,1,0,0,1,0,0,0,0,1,0,0,0,0,0,0,1,0,1,0,1
40841110,930.193512170366,890,쏘나타,LF 쏘나타,57,30258,1999,5,11,6,0,0,1,1,1,1,1,1,0,1,1,0,0,0,0,0,0,1,0,0,0,0,0,0,1,0,1,0,1
41188258,1012.2538228903043,820,스타렉스,그랜드 스타렉스,50,166936,2497,5,11,5,0,0,1,1,0,0,1,1,0,1,1,0,0,0,0,0,0,0,0,1,0,0,0,0,1,0,1,1,0
41598481,977.230670900442,920,쏘나타,LF 쏘나타,57,126958,1999,5,10,8,0,0,1,1,1,1,1,1,0,1,1,0,0,0,0,0,0,1,0,0,0,0,0,1,0,0,1,0,1
41499480,1304.167236686122,1650,QM6,더 뉴 QM6,17,59106,1998,2,3,2,0,1,1,1,1,1,0,1,1,1,0,0,0,0,0,1,1,0,0,0,0,0,0,0,1,0,1,1,0
41602904,1079.3476259860029,830,싼타페,싼타페 DM,56,180638,2199,7,13,6,0,0,1,1,1,1,1,1,1,1,1,0,0,0,0,0,0,0,0,1,0,0,0,0,0,1,1,1,0
41533837,886.0914963836809,1350,제네시스,제네시스 DH,81,133563,3342,5,11,7,0,1,1,1,1,1,1,1,1,1,1,0,0,0,0,0,0,1,0,0,0,0,0,0,1,0,1,0,1
41657760,868.079571411459,550,K3,K3,10,124032,1591,5,11,20,0,0,1,1,1,1,1,1,0,1,0,1,0,0,0,0,0,1,0,0,0,0,1,0,0,0,1,0,1
41143427,930.193512170366,860,쏘나타,LF 쏘나타,57,102408,1999,5,12,9,0,0,1,1,1,1,1,1,0,1,1,0,0,0,0,0,0,1,0,0,0,0,0,0,1,0,1,0,1
41299177,1001.0863434464768,1485,스포티지,스포티지 더 볼드,55,85112,1995,5,8,4,0,0,1,1,0,1,0,1,1,1,0,1,0,0,0,0,0,0,0,1,0,0,0,0,1,0,1,1,0
41128643,535.2976053661823,470,올란도,올란도,77,164201,1998,7,12,7,0,0,1,1,1,1,1,1,0,1,0,0,0,0,1,0,1,0,0,0,0,0,0,0,0,1,1,1,0
41295376,787.1137560564567,890,트랙스,더 뉴 트랙스,103,69772,1362,5,8,13,0,0,1,1,0,1,1,1,0,1,0,0,0,0,1,0,0,1,0,0,0,0,0,1,0,0,1,1,0
40523150,469.43562524615083,280,크루즈,크루즈,95,119653,1796,5,14,2,0,0,1,1,0,0,1,0,0,0,0,0,0,0,1,0,0,1,0,0,0,0,0,0,1,0,1,0,1
41438096,1257.2352713994803,1380,EQ900,EQ900,0,160605,3778,5,10,13,0,1,1,1,1,1,1,1,1,1,0,0,1,0,0,0,0,1,0,0,0,0,0,0,1,0,1,0,1
41630965,967.6269960460112,960,티볼리,베리 뉴 티볼리,105,116281,1597,5,6,0,0,0,1,1,0,1,1,1,0,1,0,0,0,1,0,0,0,0,0,1,0,0,0,0,1,0,1,1,0
41142059,511.37274562236945,330,스파크,스파크,54,82850,995,5,13,6,0,0,1,1,0,0,1,1,0,1,0,0,0,0,1,0,0,1,0,0,0,0,0,0,1,0,1,0,1
41631260,487.41627910745245,289,크루즈,크루즈,95,108313,1796,5,13,2,0,0,0,0,0,0,0,0,0,0,0,0,0,0,1,0,0,1,0,0,0,0,0,0,1,0,1,0,1
41655652,967.6269960460112,1250,티볼리,티볼리 아머,105,21680,1597,5,8,4,0,0,1,1,0,1,1,1,0,1,0,0,0,1,0,0,0,0,0,1,0,0,1,0,0,0,1,1,0
41345928,969.3889001833381,790,티볼리,티볼리 아머,105,105262,1597,5,8,1,0,0,1,0,0,1,0,1,0,1,0,0,0,1,0,0,0,0,0,1,0,0,0,0,0,1,1,1,0
41507397,675.9280793327559,349,캡티바,캡티바,90,146027,1998,7,14,2,1,0,1,1,1,0,0,1,0,1,0,0,0,0,1,0,0,0,0,1,0,0,1,0,0,0,1,1,0
41634251,780.500937773942,490,K5,K5 하이브리드,11,158371,1999,5,13,7,1,0,1,1,1,1,0,1,0,1,0,1,0,0,0,0,0,0,1,0,0,0,1,0,0,0,1,0,1
40388788,1124.3844256766104,690,카니발,올 뉴 카니발,85,230136,2199,9,11,8,0,0,1,1,1,1,1,1,1,1,0,1,0,0,0,0,0,0,0,1,0,0,0,1,0,0,1,1,0
41586727,473.05967855859427,220,크루즈,크루즈,95,119382,1598,5,15,9,0,0,1,1,0,0,0,1,0,1,0,0,0,0,1,0,0,1,0,0,0,0,0,0,1,0,1,0,1
41028815,987.5738331607303,750,스타렉스,그랜드 스타렉스,50,172883,2497,5,12,14,0,0,1,1,0,0,1,1,0,1,1,0,0,0,0,0,0,0,0,1,0,0,0,0,1,0,1,1,0
41587821,831.0491350121001,530,코란도,뉴코란도 C,92,88133,1998,5,12,2,1,0,1,1,1,1,1,1,1,1,0,0,0,1,0,0,0,0,0,1,0,0,1,0,0,0,1,1,0
40835986,778.9139391480519,1070,코란도,더 뉴 코란도 스포츠,92,129000,2157,5,9,4,0,0,1,1,1,1,1,1,0,1,0,0,0,1,0,0,0,0,0,1,0,0,1,0,0,0,1,1,0
41360183,962.3768750735256,720,티볼리,티볼리 에어,105,127619,1597,5,10,11,1,0,1,1,0,1,1,1,0,1,0,0,0,1,0,0,0,0,0,1,0,0,0,0,0,1,1,1,0
41421209,511.37274562236945,590,스파크,더 넥스트 스파크,54,118376,999,5,10,6,0,0,1,1,1,1,0,1,0,1,0,0,0,0,1,0,0,1,0,0,0,0,0,0,1,0,1,0,1
39247119,402.80707679553126,350,SM5,뉴SM5(신형),19,98193,1998,5,15,7,0,0,1,1,1,1,1,1,0,1,0,0,0,0,0,1,0,1,0,0,0,0,1,0,0,0,1,0,1
41652251,1005.1859527579388,980,투싼,올 뉴 투싼,101,139423,1685,5,10,8,0,0,1,1,1,1,1,1,0,1,1,0,0,0,0,0,0,0,0,1,0,0,0,0,1,0,1,1,0
41231528,1037.3051417342533,1420,투싼,올 뉴 투싼,101,77630,1995,5,9,14,0,0,1,1,1,1,1,1,1,1,1,0,0,0,0,0,0,0,0,1,0,0,0,1,0,0,1,1,0
41218893,539.6756970784525,750,스파크,더 뉴 스파크,54,97410,999,5,7,1,0,0,1,1,1,1,0,1,0,1,0,0,0,0,1,0,0,1,0,0,0,0,1,0,0,0,1,0,1
41613965,1005.1859527579388,455,투싼,투싼 ix,101,176212,1995,5,16,16,1,0,1,0,1,1,0,1,1,1,1,0,0,0,0,0,0,0,0,1,0,0,1,0,0,0,1,1,0
41418914,397.0685256503341,620,SM5,SM5 노바,19,70968,1998,5,7,11,0,0,1,1,1,1,1,1,1,1,0,0,0,0,0,1,0,1,0,0,0,0,0,1,0,0,1,0,1
39267565,651.2405814198441,450,모닝,올 뉴 모닝,42,84339,998,5,13,13,0,0,1,0,0,0,0,1,0,1,0,1,0,0,0,0,0,1,0,0,0,0,0,0,1,0,1,0,1
40649054,800.0418365153032,899,트랙스,더 뉴 트랙스,103,60805,1598,5,7,6,0,0,1,1,0,1,1,1,0,1,0,0,0,0,1,0,0,0,0,1,0,0,1,0,0,0,1,1,0
41020456,822.7686047328136,699,i30,i30(신형),24,75156,1591,5,13,2,0,0,1,1,1,1,1,1,0,1,1,0,0,0,0,0,0,1,0,0,0,0,0,0,1,0,1,0,1
41645692,870.8774225826837,790,임팔라,임팔라,80,85512,2457,5,11,0,0,1,1,1,1,1,0,1,1,1,0,0,0,0,1,0,0,1,0,0,0,0,0,1,0,0,1,0,1
41171644,947.3443649473054,1200,아반떼,더 뉴 아반떼 AD,62,93654,1598,5,8,10,1,1,1,1,1,1,1,1,1,1,1,0,0,0,0,0,0,1,0,0,0,0,0,1,0,0,1,0,1
40000605,989.5293758939163,830,이쿼녹스,이쿼녹스,79,128482,1598,5,8,2,0,0,1,0,0,1,0,0,0,0,0,0,0,0,1,0,0,0,0,1,0,0,0,0,1,0,1,1,0
41346252,1050.1398208359376,970,투싼,뉴 투싼 ix,101,87824,1995,5,12,2,0,0,1,1,0,1,1,1,0,1,1,0,0,0,0,0,0,0,0,1,0,0,0,0,1,0,1,1,0
41241496,704.8228682442713,780,모닝,올 뉴 모닝 (JA),42,112317,998,5,8,4,0,0,1,1,1,1,1,1,0,1,0,1,0,0,0,0,0,1,0,0,0,0,1,0,0,0,1,0,1
40941427,1251.1196295251596,1150,코나,코나,91,151302,1591,5,8,0,0,1,1,1,1,1,1,1,1,1,1,0,0,0,0,0,0,1,0,0,0,0,0,0,0,1,1,1,0
41575540,1051.6974101665487,390,싼타페,싼타페 CM,56,132740,1991,7,17,14,1,0,1,1,1,0,0,1,0,1,1,0,0,0,0,0,0,0,0,1,0,0,1,0,0,0,1,1,0
41591217,977.230670900442,1090,쏘나타,LF 쏘나타 하이브리드,57,130003,1999,5,10,1,0,1,1,1,1,1,1,1,1,1,1,0,0,0,0,0,0,0,1,0,0,0,1,0,0,0,1,0,1
41529333,1259.5072485972,35,G80,G80 (RG3),5,98670,2497,5,5,2,0,1,1,1,1,1,1,1,1,1,0,0,1,0,0,0,0,1,0,0,0,0,0,0,1,0,1,0,1
41064676,787.1137560564567,980,트랙스,더 뉴 트랙스,103,103501,1598,5,6,7,0,0,1,1,0,1,0,1,0,1,0,0,0,0,1,0,0,0,0,1,0,0,1,0,0,0,1,1,0
41530289,875.1505814198441,1290,제네시스,제네시스 DH,81,103626,3342,5,11,2,0,1,1,1,1,1,1,1,1,1,1,0,0,0,0,0,0,1,0,0,0,0,0,1,0,0,1,0,1
41061323,1014.8324651358752,1130,투싼,올 뉴 투싼,101,115565,1685,5,11,4,0,0,1,1,1,1,1,1,1,1,1,0,0,0,0,0,0,0,0,1,0,0,1,0,0,0,1,1,0
41655763,659.0006532807237,580,모닝,올 뉴 모닝 (JA),42,201511,998,5,9,0,0,0,1,1,1,0,1,1,0,1,0,1,0,0,0,0,1,0,0,0,0,0,0,0,1,0,1,0,1
39791143,814.5976259860029,550,말리부,올 뉴 말리부,40,139164,1490,5,9,11,0,0,1,1,1,1,0,1,0,1,0,0,0,0,1,0,0,1,0,0,0,0,0,0,0,1,1,0,1
40556372,988.0567474787636,600,스타렉스,그랜드 스타렉스,50,194537,2497,5,13,4,0,0,1,1,0,0,1,1,0,1,1,0,0,0,0,0,0,0,0,1,0,0,0,0,1,0,1,1,0
41606458,936.2255262529029,1030,아반떼,아반떼 AD,62,82486,1591,5,11,13,1,0,1,1,1,1,1,1,0,1,1,0,0,0,0,0,0,1,0,0,0,0,0,0,1,0,1,0,1
40399445,809.9140873524058,650,SM6,SM6,20,132797,1997,5,10,7,0,1,1,1,1,1,0,1,0,1,0,0,0,0,0,1,0,1,0,0,0,0,1,0,0,0,1,0,1
40555820,868.079571411459,690,K3,더 뉴 K3,10,80668,1591,5,10,25,0,0,1,1,1,1,1,1,0,1,0,1,0,0,0,0,0,1,0,0,0,0,0,1,0,0,1,0,1
41628726,1257.9607752264587,42,G80,G80 (RG3),5,128283,3470,5,4,2,0,1,1,1,1,1,1,1,1,1,0,0,1,0,0,0,0,1,0,0,0,0,0,0,1,0,1,0,1
40794525,1121.333920626105,950,카니발,올 뉴 카니발,85,223927,2199,9,11,2,1,1,1,1,1,1,1,1,1,1,0,1,0,0,0,0,0,0,0,1,0,0,0,0,1,0,1,1,0
41421869,923.0393528184499,1120,그랜저,그랜저 HG,27,113173,2199,5,11,7,0,1,1,1,1,1,1,1,1,1,1,0,0,0,0,0,0,0,0,1,0,0,1,0,0,0,1,0,1
41236944,963.6518467963097,570,티볼리,티볼리,105,141160,1597,5,10,13,0,0,1,0,1,1,0,1,0,1,0,0,0,1,0,0,0,1,0,0,0,0,1,0,0,0,1,1,0
41173515,817.7357216322383,1340,말리부,더 뉴 말리부,40,56610,1341,5,6,1,0,1,1,1,1,1,0,0,0,1,0,0,0,0,1,0,0,1,0,0,0,0,0,0,0,1,1,0,1
41449864,817.7357216322383,320,말리부,말리부,40,153230,1998,5,11,2,0,0,1,1,1,1,0,1,0,1,0,0,0,0,1,0,0,1,0,0,0,0,0,1,0,0,1,0,1
41429118,968.6868564277833,750,쏘나타,LF 쏘나타,57,154961,1999,5,10,11,0,0,1,1,0,1,1,1,0,1,1,0,0,0,0,0,0,1,0,0,0,0,0,1,0,0,1,0,1
41537128,1122.21175713316,1100,카니발,올 뉴 카니발,85,147128,2199,9,8,4,0,0,1,1,1,1,1,1,1,1,0,1,0,0,0,0,0,0,0,1,0,0,1,0,0,0,1,1,0
41134810,672.6380015602682,499,모닝,더 뉴 모닝,42,55447,998,5,10,8,0,0,1,0,0,0,0,1,0,1,0,1,0,0,0,0,0,1,0,0,0,0,0,0,1,0,1,0,1
41146767,814.5976259860029,700,말리부,올 뉴 말리부,40,129250,1490,5,10,9,0,0,1,1,1,1,0,1,0,1,0,0,0,0,1,0,0,1,0,0,0,0,1,0,0,0,1,0,1
39506263,626.3422304996457,309,SM7,All New SM7,21,141210,2495,5,15,11,0,1,1,1,1,1,1,1,0,1,0,0,0,0,0,1,0,1,0,0,0,0,0,1,0,0,1,0,1
40409430,843.6423256793764,660,임팔라,임팔라,80,136805,2457,5,10,2,0,1,1,1,1,1,0,1,1,1,0,0,0,0,1,0,0,1,0,0,0,0,0,1,0,0,1,0,1
40476037,905.6914320771383,770,그랜저,그랜저 HG,27,146257,2999,5,13,5,1,1,1,1,1,1,1,1,1,1,1,0,0,0,0,0,1,0,0,0,0,0,0,1,0,0,1,0,1
41576195,1229.585755916017,1600,트레일블레이저,트레일블레이저,104,89895,1341,5,6,9,0,0,1,1,1,1,0,1,1,1,0,0,0,0,1,0,0,1,0,0,0,0,0,0,0,1,1,1,0
41605060,839.4157979994624,730,i30,i30(신형),24,46766,1591,5,14,0,0,1,1,1,1,1,1,1,0,1,1,0,0,0,0,0,0,1,0,0,0,0,1,0,0,0,1,0,1
41402065,576.7830669370128,469,QM5,QM5 네오,16,160539,1995,5,11,0,0,1,1,0,1,1,0,1,0,1,0,0,0,0,0,1,0,0,0,1,0,0,1,0,0,0,1,1,0
41375256,977.230670900442,540,쏘나타,쏘나타 더 브릴리언트,57,119041,1999,5,14,13,0,0,1,1,0,1,1,1,0,1,1,0,0,0,0,0,0,1,0,0,0,0,0,0,1,0,1,0,1
41643663,916.1401938066147,349,그랜저,그랜저 HG,27,170293,2999,5,15,9,0,0,1,1,1,1,1,1,1,1,1,0,0,0,0,0,0,1,0,0,0,0,0,1,0,0,1,0,1
41594084,968.6868564277833,1650,쏘나타,쏘나타 (DN8),57,68218,1999,5,5,8,1,1,1,1,1,1,1,1,1,1,1,0,0,0,0,0,1,0,0,0,0,0,0,1,0,0,1,0,1
39570471,397.0685256503341,220,SM5,SM5 뉴 임프레션,19,187358,1998,5,19,1,0,0,1,0,1,1,0,1,0,1,0,0,0,0,0,1,0,1,0,0,0,0,0,0,1,0,1,0,1
41441117,1234.4350592827248,1550,코나,더 뉴 코나,91,182778,1598,5,5,2,1,1,1,1,1,1,1,1,1,1,1,0,0,0,0,0,0,1,0,0,0,0,0,0,0,1,1,1,0
40330525,537.623042265147,740,올란도,올란도,77,125120,1998,7,9,4,0,0,1,1,1,1,1,1,0,1,0,0,0,0,1,0,1,0,0,0,0,0,1,0,0,0,1,1,0
41591739,807.4456798684994,470,SM6,SM6,20,162954,1997,5,10,8,0,0,1,1,1,1,1,1,0,1,0,0,0,0,0,1,0,1,0,0,0,0,0,0,1,0,1,0,1
41290359,802.5490122794023,369,트랙스,트랙스,103,150660,1362,5,13,5,1,0,1,1,0,0,0,1,0,1,0,0,0,0,1,0,0,1,0,0,0,0,1,0,0,0,1,1,0
41583367,1058.4373105210614,1099,아이오닉,더 뉴 아이오닉 하이브리드,65,248568,1580,5,6,0,0,1,1,1,1,1,1,1,1,1,1,0,0,0,0,0,0,0,1,0,0,0,1,0,0,0,1,0,1
41622756,923.0393528184499,999,그랜저,그랜저 HG,27,101733,2999,5,14,4,0,1,1,1,1,1,1,1,1,1,1,0,0,0,0,0,0,1,0,0,0,0,0,1,0,0,1,0,1
41409457,800.0418365153032,830,트랙스,더 뉴 트랙스,103,130163,1362,5,7,2,0,0,0,0,0,0,0,0,0,0,0,0,0,0,1,0,0,1,0,0,0,0,0,1,0,0,1,1,0
41530363,977.230670900442,700,쏘나타,LF 쏘나타,57,127862,1999,5,12,6,0,0,1,1,0,0,1,1,0,1,1,0,0,0,0,0,0,1,0,0,0,0,0,0,1,0,1,0,1
41497330,402.80707679553126,380,SM5,뉴SM5(신형),19,53015,1998,5,16,1,1,0,1,1,1,1,1,1,0,1,0,0,0,0,0,1,0,1,0,0,0,0,1,0,0,0,1,0,1
41541420,1057.082523447645,1500,싼타페,싼타페 더 프라임,56,151741,1995,5,10,2,1,1,1,1,1,1,0,1,1,1,1,0,0,0,0,0,0,0,0,1,0,0,1,0,0,0,1,1,0
41474075,597.2940892493505,300,알페온,알페온,70,132356,2384,5,14,7,0,1,1,1,1,1,1,1,0,1,0,0,0,0,1,0,0,1,0,0,0,0,0,1,0,0,1,0,1
41560216,1387.528585305339,1590,캐스퍼,캐스퍼,88,17295,998,4,3,2,0,0,1,1,1,1,1,1,1,1,1,0,0,0,0,0,0,1,0,0,0,0,1,0,0,0,1,0,1
41621383,731.2047804071187,739,에쿠스,에쿠스(신형),73,172300,5038,4,13,2,1,1,1,1,1,1,1,1,1,1,1,0,0,0,0,0,0,1,0,0,0,0,0,1,0,0,1,0,1
41111113,867.4613543331805,700,제네시스,제네시스,81,117868,3342,5,14,8,1,1,1,1,1,1,1,1,1,1,1,0,0,0,0,0,0,1,0,0,0,0,0,1,0,0,1,0,1
41636869,800.0418365153032,700,트랙스,더 뉴 트랙스,103,124065,1598,5,9,3,0,0,1,1,0,1,0,1,0,1,0,0,0,0,1,0,0,0,0,1,0,0,0,1,0,0,1,1,0
41069045,521.1936913921791,610,스파크,더 넥스트 스파크,54,99122,999,5,8,2,0,0,1,1,1,1,0,1,0,1,0,0,0,0,1,0,0,1,0,0,0,0,1,0,0,0,1,0,1
41537478,923.0393528184499,720,그랜저,그랜저 HG,27,112541,2359,5,13,4,1,1,1,1,1,1,1,1,1,1,1,0,0,0,0,0,0,1,0,0,0,0,1,0,0,0,1,0,1
41554586,1244.946731648438,1270,G80,G80,5,225029,3342,5,10,15,0,1,1,1,1,1,1,1,1,1,0,0,1,0,0,0,1,0,0,0,0,0,0,1,0,0,1,0,1
40322737,723.7884711060512,490,QM3,QM3,15,117097,1461,5,13,2,0,0,0,0,0,0,0,0,0,0,0,0,0,0,0,1,0,0,0,1,0,0,0,1,0,0,1,1,0
41261511,916.1401938066147,540,그랜저,그랜저 HG,27,121980,2999,5,15,4,0,0,1,1,1,1,1,1,1,1,1,0,0,0,0,0,0,1,0,0,0,0,0,1,0,0,1,0,1
41508038,817.7357216322383,1250,말리부,더 뉴 말리부,40,86186,1341,5,6,8,0,1,1,1,1,1,1,1,1,1,0,0,0,0,1,0,0,1,0,0,0,0,1,0,0,0,1,0,1
41613182,468.8263197140382,540,SM3,SM3 네오,18,44874,1598,5,11,3,0,0,1,1,0,0,1,1,0,1,0,0,0,0,0,1,0,1,0,0,0,0,0,0,1,0,1,0,1
41551845,833.2990788440546,1250,코란도,뷰티풀 코란도,92,121465,1497,5,6,0,0,0,1,1,0,1,1,1,0,1,0,0,0,1,0,0,0,1,0,0,0,0,1,0,0,0,1,1,0
41613213,1024.6264535496102,1490,스포티지,스포티지 4세대,55,127518,1995,5,10,3,1,1,1,1,1,1,1,1,1,1,0,1,0,0,0,0,0,0,0,1,0,0,0,0,0,1,1,1,0
41476265,930.193512170366,1530,쏘나타,쏘나타 (DN8),57,76794,1999,5,5,13,0,1,1,1,1,1,1,1,0,1,1,0,0,0,0,0,0,1,0,0,0,0,1,0,0,0,1,0,1
41133882,905.6914320771383,750,그랜저,그랜저 HG,27,52437,2359,5,14,7,0,0,1,1,1,1,1,1,0,1,1,0,0,0,0,0,0,1,0,0,0,0,0,0,1,0,1,0,1
41579179,855.5577089623855,490,i30,i30,24,74661,1591,5,15,3,0,0,1,1,1,0,0,1,0,0,1,0,0,0,0,0,0,1,0,0,0,0,0,0,1,0,1,0,1
41624711,1274.1449336423004,1690,트레일블레이저,트레일블레이저,104,72348,1341,5,6,1,0,1,1,1,1,1,0,1,0,1,0,0,0,0,1,0,0,1,0,0,0,0,1,0,0,0,1,1,0
41517808,1037.3051417342533,352,투싼,더 뉴 투싼 (NX4),101,6,1598,5,0,2,0,1,1,1,0,1,0,1,0,1,1,0,0,0,0,0,0,1,0,0,0,0,1,0,0,0,1,1,0
41419266,1251.1196295251596,736,코나,코나 (SX2),91,5,1598,5,0,2,0,1,1,1,0,1,0,1,1,1,1,0,0,0,0,0,0,1,0,0,0,0,1,0,0,0,1,1,0
40050721,968.6868564277833,1020,쏘나타,LF 쏘나타,57,62556,1999,5,12,7,0,0,1,1,1,1,1,1,0,1,1,0,0,0,0,0,0,1,0,0,0,0,0,1,0,0,1,0,1
41538752,830.7441133874026,450,코란도,코란도 스포츠,92,142529,1998,5,12,14,0,0,1,1,1,0,1,1,0,1,0,0,0,1,0,0,0,0,0,1,0,0,0,0,1,0,1,1,0
41569035,947.3443649473054,1599,아반떼,아반떼 (CN7),62,99635,1598,5,4,13,0,0,1,1,1,1,1,1,1,1,1,0,0,0,0,0,0,1,0,0,0,0,0,0,1,0,1,0,1
41565380,1079.3476259860029,1680,싼타페,싼타페 더 프라임,56,77671,1995,7,9,7,0,1,1,1,1,1,1,1,1,1,1,0,0,0,0,0,0,0,0,1,0,0,0,0,0,1,1,1,0
41182468,521.1936913921791,280,스파크,스파크,54,100191,995,5,14,10,0,0,1,1,1,0,1,1,0,1,0,0,0,0,1,0,0,1,0,0,0,0,1,0,0,0,1,0,1
41492100,830.7441133874026,390,코란도,뉴 스타일 코란도 C,92,244550,2157,5,8,0,0,0,1,0,0,1,0,1,1,1,0,0,0,1,0,0,0,0,0,1,0,0,0,0,1,0,1,1,0
41460354,988.0567474787636,250,스타렉스,스타렉스,50,184495,2476,9,21,2,0,0,0,0,0,0,0,0,0,1,1,0,0,0,0,0,0,0,0,1,0,0,0,0,1,0,1,1,0
41259521,704.8228682442713,350,모닝,더 뉴 모닝,42,125101,998,5,11,28,0,0,0,0,0,0,0,0,0,0,0,1,0,0,0,0,0,1,0,0,0,0,1,0,0,0,1,0,1
40149952,1319.6151889790042,1150,QM6,QM6,17,129031,1997,5,8,7,1,1,1,1,1,1,1,1,1,1,0,0,0,0,0,1,0,1,0,0,0,0,1,0,0,0,1,1,0
41126294,1172.8618172554513,680,쏘렌토,쏘렌토 R,58,139790,1995,7,15,3,0,1,1,1,1,1,1,1,1,1,0,1,0,0,0,0,0,0,0,1,0,0,0,0,1,0,1,1,0
41183308,720.4474668211502,640,QM3,QM3,15,90188,1461,5,11,2,0,0,1,1,1,1,0,1,0,0,0,0,0,0,0,1,0,0,0,1,0,0,1,0,0,0,1,1,0
41340046,1152.9770278532783,1470,쏘렌토,더 뉴 쏘렌토,58,184016,2199,7,9,0,0,1,1,1,1,1,1,1,1,1,0,1,0,0,0,0,0,0,0,1,0,0,0,1,0,0,1,1,0
41172342,843.6423256793764,750,임팔라,임팔라,80,103947,2457,5,10,2,0,1,1,1,1,1,0,1,1,1,0,0,0,0,1,0,0,1,0,0,0,0,0,1,0,0,1,0,1
40838916,831.0491350121001,398,코란도,뉴코란도 C,92,202769,1998,5,12,4,1,0,1,1,1,1,0,1,0,1,0,0,0,1,0,0,0,0,0,1,0,0,0,0,1,0,1,1,0
37280163,868.079571411459,929,K3,더 뉴 K3,10,75669,1591,5,10,6,0,0,1,1,1,1,1,1,0,1,0,1,0,0,0,0,0,1,0,0,0,0,1,0,0,0,1,0,1
41633661,1012.2538228903043,890,스타렉스,그랜드 스타렉스,50,180354,2497,12,11,3,0,0,1,1,0,0,1,1,0,1,1,0,0,0,0,0,0,0,0,1,0,0,0,0,1,0,1,1,0
41557891,1027.800505582473,1699,투싼,올 뉴 투싼,101,29016,1591,5,7,0,0,0,0,0,1,1,0,1,1,1,1,0,0,0,0,0,0,1,0,0,0,0,1,0,0,0,1,1,0
40058892,923.0393528184499,1398,그랜저,그랜저 IG,27,157536,2359,5,8,2,0,1,1,1,1,1,1,1,1,1,1,0,0,0,0,0,0,1,0,0,0,0,0,1,0,0,1,0,1
40428582,1053.6268169370128,650,모하비,모하비,43,91208,2959,7,18,17,1,1,1,1,1,1,1,1,0,1,0,1,0,0,0,0,0,0,0,1,0,0,0,0,1,0,1,1,0
40849473,830.7441133874026,300,코란도,뉴코란도 C,92,137945,1998,5,12,16,0,0,1,1,1,1,1,1,1,1,0,0,0,1,0,0,0,0,0,1,0,0,0,0,1,0,1,1,0
41466023,910.4589389790043,530,제네시스,제네시스,81,181436,3342,5,13,10,0,0,1,1,1,1,1,1,1,1,1,0,0,0,0,0,0,1,0,0,0,0,0,1,0,0,1,0,1
41630815,591.8553779580085,550,엑센트,엑센트(신형),74,63132,1399,5,14,2,0,0,1,1,0,0,1,1,0,1,1,0,0,0,0,0,0,1,0,0,0,0,0,0,1,0,1,0,1
41648360,591.0966224282002,550,엑센트,엑센트(신형),74,90219,1399,5,15,2,0,0,1,1,0,0,1,1,0,1,1,0,0,0,0,0,0,1,0,0,0,0,0,0,1,0,1,0,1
41651501,968.6868564277833,327,쏘나타,YF 쏘나타,57,143928,1998,5,16,5,1,0,1,1,1,0,1,1,0,1,1,0,0,0,0,0,0,1,0,0,0,0,1,0,0,0,1,0,1
41604102,970.8411733726565,499,티볼리,티볼리,105,166685,1597,5,11,14,0,0,1,1,0,1,1,1,0,1,0,0,0,1,0,0,0,0,0,1,0,0,1,0,0,0,1,1,0
41380773,987.5738331607303,1150,스타렉스,그랜드 스타렉스,50,121204,2497,12,11,0,0,0,1,1,0,0,1,1,0,1,1,0,0,0,0,0,0,0,0,1,0,0,1,0,0,0,1,1,0
41333885,905.6914320771383,599,그랜저,그랜저 HG,27,165185,2359,5,10,8,0,0,1,1,1,1,1,1,1,1,1,0,0,0,0,0,0,1,0,0,0,0,0,1,0,0,1,0,1
41192480,839.4157979994624,990,i30,i30 (PD),24,146314,1582,5,9,3,1,1,1,1,1,1,1,1,1,1,1,0,0,0,0,0,0,0,0,1,0,0,0,0,0,1,1,0,1
41057031,1084.4388555279147,890,카니발,올 뉴 카니발,85,106945,2199,11,12,19,0,0,1,1,1,1,1,1,1,1,0,1,0,0,0,0,0,0,0,1,0,0,0,0,1,0,1,1,0
40728358,1035.3350952116489,890,쏘렌토,뉴 쏘렌토 R,58,127782,1995,5,13,3,0,1,1,1,1,1,1,1,1,1,0,1,0,0,0,0,0,0,0,1,0,0,1,0,0,0,1,1,0
41492058,936.2255262529029,1150,아반떼,더 뉴 아반떼 AD,62,126576,1598,5,7,5,0,0,1,1,0,1,1,1,0,1,1,0,0,0,0,0,0,1,0,0,0,0,1,0,0,0,1,0,1
41581626,1063.6126404216627,900,싼타페,싼타페 더 프라임,56,240320,1995,5,11,4,0,1,1,1,1,1,0,1,1,1,1,0,0,0,0,0,0,0,0,1,0,0,0,0,1,0,1,1,0
41567107,1251.1196295251596,1450,코나,코나 일렉트릭,91,156206,180,5,8,0,0,0,1,1,1,1,1,1,0,1,1,0,0,0,0,0,0,0,0,0,1,0,1,0,0,0,1,1,0
38644690,778.9139391480519,1499,코란도,뷰티풀 코란도,92,72261,1597,5,7,2,0,1,1,1,0,1,1,1,1,1,0,0,0,1,0,0,0,0,0,1,0,0,0,1,0,0,1,1,0
41395505,487.41627910745245,430,크루즈,어메이징 뉴 크루즈,95,75641,1362,5,10,14,0,0,1,1,0,0,0,1,0,1,0,0,0,0,1,0,0,1,0,0,0,0,0,0,1,0,1,0,1
41482931,802.5490122794023,500,트랙스,트랙스,103,109653,1598,5,10,1,1,0,1,1,0,0,0,1,0,1,0,0,0,0,1,0,0,0,0,1,0,0,1,0,0,0,1,1,0
40936039,609.8286148688875,300,알페온,알페온,70,141875,2997,5,15,14,1,1,1,1,1,1,1,1,1,1,0,0,0,0,1,0,0,1,0,0,0,0,0,0,1,0,1,0,1
40419143,532.6342390295486,260,올란도,올란도,77,185210,1998,7,12,14,0,0,1,0,0,0,0,1,0,0,0,0,0,0,1,0,1,0,0,0,0,0,0,0,1,0,1,1,0
41557410,923.0393528184499,1299,그랜저,그랜저 IG,27,100335,2999,5,10,1,0,0,1,1,1,1,1,1,0,1,1,0,0,0,0,0,0,1,0,0,0,0,0,0,1,0,1,0,1
40843227,905.6914320771383,1199,그랜저,그랜저 IG 하이브리드,27,215148,2359,5,9,6,1,1,1,1,1,1,1,1,1,1,1,0,0,0,0,0,0,0,1,0,0,0,1,0,0,0,1,0,1
41504694,1166.5206719253486,1350,베뉴,베뉴,45,45943,1598,5,6,1,0,0,1,0,0,1,0,1,0,1,1,0,0,0,0,0,0,1,0,0,0,0,0,0,0,1,1,1,0
41472667,1027.800505582473,580,투싼,투싼 ix,101,100623,1995,5,15,0,1,0,1,0,1,1,0,1,0,1,1,0,0,0,0,0,0,0,0,1,0,0,1,0,0,0,1,1,0
40585364,390.557300432829,199,SM5,뉴SM5(신형),19,194782,1998,5,15,1,0,0,1,1,1,0,1,1,0,1,0,0,0,0,0,1,1,0,0,0,0,0,0,0,1,0,1,0,1
41333332,672.6380015602682,450,모닝,올 뉴 모닝,42,87092,998,5,13,2,0,0,1,1,0,0,1,1,0,1,0,1,0,0,0,0,0,1,0,0,0,0,0,0,1,0,1,0,1
41583615,521.1936913921791,910,스파크,더 뉴 스파크,54,73991,999,5,7,0,0,0,1,1,1,1,0,1,0,1,0,0,0,0,1,0,0,1,0,0,0,0,1,0,0,0,1,0,1
41549305,793.5123984456893,1050,코란도,뷰티풀 코란도,92,193122,1597,5,5,1,0,0,1,1,1,1,1,1,1,1,0,0,0,1,0,0,0,0,0,1,0,0,1,0,0,0,1,1,0
40642971,928.4206454774875,390,아반떼,아반떼 MD,62,90580,1591,5,16,10,0,0,1,0,1,0,0,1,0,0,1,0,0,0,0,0,0,1,0,0,0,0,0,0,1,0,1,0,1
40509891,941.3889022900747,1499,쏘나타,쏘나타 하이브리드 (DN8),57,88386,1999,5,5,14,0,1,1,1,1,1,0,1,0,1,1,0,0,0,0,0,0,0,1,0,0,0,0,1,0,0,1,0,1
41197583,928.4206454774875,450,아반떼,아반떼 HD,62,26461,1591,5,17,13,0,0,1,1,1,0,1,1,0,0,1,0,0,0,0,0,0,1,0,0,0,0,0,0,1,0,1,0,1
40575821,1023.2941085597921,710,K7,K7 하이브리드,12,102380,2359,5,12,24,0,0,1,1,1,1,1,1,1,1,0,1,0,0,0,0,0,0,1,0,0,0,1,0,0,0,1,0,1
41266477,719.0411628396882,710,QM3,QM3,15,60659,1461,5,10,2,0,0,0,0,0,0,0,0,0,0,0,0,0,0,0,1,0,0,0,1,0,0,0,0,1,0,1,1,0
41110895,537.623042265147,499,올란도,올란도,77,133330,1998,7,11,10,0,0,1,1,1,1,1,1,0,1,0,0,0,0,1,0,0,0,0,1,0,0,1,0,0,0,1,1,0
41504119,943.9179347406766,690,아반떼,아반떼 AD,62,160284,1582,5,11,13,0,0,1,1,0,0,1,1,0,1,1,0,0,0,0,0,0,0,0,1,0,0,0,0,1,0,1,0,1
41564142,930.193512170366,970,쏘나타,LF 쏘나타,57,112916,1999,5,12,9,1,1,1,1,1,1,1,1,0,1,1,0,0,0,0,0,0,1,0,0,0,0,1,0,0,0,1,0,1
41365684,1084.4388555279147,950,카니발,올 뉴 카니발,85,178189,2199,9,8,21,1,0,1,1,1,1,1,1,1,1,0,1,0,0,0,0,0,0,0,1,0,0,0,1,0,0,1,1,0
41016730,1122.21175713316,590,카니발,카니발 R,85,106414,2199,9,14,12,1,0,1,1,1,0,1,1,0,1,0,1,0,0,0,0,0,0,0,1,0,0,1,0,0,0,1,1,0
41008111,539.6756970784525,420,스파크,더 넥스트 스파크,54,149187,999,5,10,11,0,0,1,0,0,0,0,1,0,1,0,0,0,0,1,0,0,1,0,0,0,0,0,0,1,0,1,0,1
41390302,1014.8324651358752,1280,투싼,올 뉴 투싼,101,73468,1995,5,10,12,1,0,1,1,1,1,1,1,1,1,1,0,0,0,0,0,0,0,0,1,0,0,1,0,0,0,1,1,0
40823327,947.3443649473054,830,아반떼,아반떼 AD,62,107734,1582,5,11,6,0,1,1,1,1,1,1,1,1,1,1,0,0,0,0,0,0,0,0,1,0,0,0,1,0,0,1,0,1
41655733,1210.4595446246751,1690,XM3,XM3,23,29481,1332,5,6,0,0,1,1,1,1,1,1,1,0,1,0,0,0,0,0,1,0,1,0,0,0,0,0,0,1,0,1,1,0
41175916,943.9179347406766,1680,아반떼,아반떼 (CN7),62,60062,1598,5,4,9,0,0,1,1,1,1,1,1,1,1,1,0,0,0,0,0,0,1,0,0,0,0,1,0,0,0,1,0,1
41473119,1079.3476259860029,820,싼타페,싼타페 (MX5),56,57348,1598,7,2,2,1,1,1,1,1,1,1,1,1,1,1,0,0,0,0,0,0,0,1,0,0,0,1,0,0,0,1,1,0
41187940,592.4795248257481,680,엑센트,엑센트(신형),74,22584,1591,5,11,11,0,0,1,1,1,1,1,1,0,1,1,0,0,0,0,0,0,1,0,0,0,0,1,0,0,0,1,0,1
41282327,532.6342390295486,499,올란도,올란도,77,90587,1998,7,14,0,1,0,1,0,1,1,0,1,0,1,0,0,0,0,1,0,0,0,0,1,0,0,0,0,1,0,1,1,0
41503909,963.6518467963097,1290,티볼리,베리 뉴 티볼리,105,76794,1597,5,6,6,0,1,1,1,1,1,1,1,1,1,0,0,0,1,0,0,0,0,0,1,0,0,0,0,0,1,1,1,0
40136218,539.6756970784525,230,스파크,스파크,54,104361,995,5,15,13,0,0,1,1,0,0,1,1,0,1,0,0,0,0,1,0,0,1,0,0,0,0,0,0,0,1,1,0,1
41524709,723.7828753088075,1090,에쿠스,에쿠스(신형),73,93834,3778,5,12,1,0,1,1,1,1,1,1,1,1,1,1,0,0,0,0,0,0,1,0,0,0,0,0,1,0,0,1,0,1
41042492,807.4456798684994,390,SM6,SM6,20,176794,1998,5,10,6,0,0,0,1,1,0,0,1,0,1,0,0,0,0,0,1,1,0,0,0,0,0,0,0,1,0,1,0,1
41517345,831.0491350121001,650,코란도,코란도 스포츠,92,157302,1998,5,11,0,0,0,1,1,1,0,1,1,0,1,0,0,0,1,0,0,0,0,0,1,0,0,0,0,1,0,1,1,0
41140796,473.05967855859427,155,크루즈,크루즈,95,129546,1598,5,15,23,0,0,1,1,1,0,0,1,0,0,0,0,0,0,1,0,0,1,0,0,0,0,0,0,1,0,1,0,1
41320230,936.2255262529029,470,아반떼,더 뉴 아반떼,62,158167,1591,5,13,2,0,0,1,1,0,0,1,0,0,0,1,0,0,0,0,0,0,1,0,0,0,0,1,0,0,0,1,0,1
41530044,540.7524225826838,320,아베오,아베오 세단,63,94955,1362,5,11,21,0,0,1,1,0,0,1,1,0,1,0,0,0,0,1,0,0,1,0,0,0,0,0,0,1,0,1,0,1
39941343,651.2405814198441,355,모닝,올 뉴 모닝,42,145603,998,5,12,6,0,0,1,0,0,0,0,1,0,1,0,1,0,0,0,0,0,1,0,0,0,0,1,0,0,0,1,0,1
41122252,1051.6974101665487,890,싼타페,싼타페 DM,56,185234,1995,7,11,10,0,0,1,1,1,1,1,1,1,1,1,0,0,0,0,0,0,0,0,1,0,0,0,0,0,1,1,1,0
41578436,699.989762412874,199,모닝,올 뉴 모닝,42,163037,998,2,14,2,0,0,0,0,0,0,0,0,0,0,0,1,0,0,0,0,0,1,0,0,0,0,0,0,0,1,1,0,1
40635121,553.7149246371913,430,올란도,올란도,77,181455,1998,7,12,16,0,0,1,1,0,1,1,1,0,1,0,0,0,0,1,0,0,0,0,1,0,0,0,0,0,1,1,1,0
40962874,831.0491350121001,900,코란도,뉴 스타일 코란도 C,92,99995,2157,5,9,6,0,1,1,1,1,1,1,1,1,1,0,0,0,1,0,0,0,0,0,1,0,0,1,0,0,0,1,1,0
41338063,521.1936913921791,350,스파크,스파크,54,86183,995,5,13,2,0,0,1,0,0,0,1,1,0,1,0,0,0,0,1,0,0,1,0,0,0,0,1,0,0,0,1,0,1
40397807,820.6996852780783,775,SM6,SM6,20,160447,1998,5,7,2,0,1,1,1,1,1,1,1,0,1,0,0,0,0,0,1,0,1,0,0,0,0,1,0,0,0,1,0,1
41223239,511.37274562236945,700,스파크,더 뉴 스파크,54,105979,999,5,8,1,1,0,1,1,1,1,0,1,0,1,0,0,0,0,1,0,0,1,0,0,0,0,0,0,0,1,1,0,1
41652244,936.9062313760018,1290,아반떼,아반떼 (CN7),62,82268,1598,5,6,0,0,0,1,1,1,1,1,0,0,0,1,0,0,0,0,0,0,1,0,0,0,0,0,0,1,0,1,0,1
41458713,1027.800505582473,660,투싼,투싼 ix,101,144480,1995,5,14,0,0,0,1,1,1,1,1,1,1,1,1,0,0,0,0,0,0,0,0,1,0,0,1,0,0,0,1,1,0
40855459,1010.3075581570316,699,스타렉스,그랜드 스타렉스,50,54748,2497,12,14,4,0,0,1,1,0,0,1,1,0,1,1,0,0,0,0,0,0,0,0,1,0,0,0,0,1,0,0,1,0
41057727,539.6756970784525,230,스파크,스파크,54,159145,995,5,14,11,0,0,1,1,1,0,1,1,0,1,0,0,0,0,1,0,1,0,0,0,0,0,1,0,0,0,1,0,1
41138548,390.557300432829,350,SM5,뉴SM5 플래티넘,19,158035,1998,5,13,9,0,1,1,1,1,1,1,1,0,1,0,0,0,0,0,1,1,0,0,0,0,0,1,0,0,0,1,0,1
41599467,916.1401938066147,469,그랜저,그랜저 HG,27,167735,2359,5,13,0,1,0,1,1,1,1,1,1,0,1,1,0,0,0,0,0,0,1,0,0,0,0,0,1,0,0,1,0,1
41547969,967.6269960460112,820,티볼리,티볼리,105,67454,1597,5,11,2,0,0,1,1,0,1,1,1,0,1,0,0,0,1,0,0,0,0,0,1,0,0,1,0,0,0,1,1,0
40988526,588.7951083442899,450,QM5,QM5 네오,16,160993,1998,5,12,5,0,1,1,1,1,1,1,1,0,1,0,0,0,0,0,1,0,1,0,0,0,0,0,0,1,0,1,1,0
41389625,1309.1947392425673,1660,QM6,더 뉴 QM6,17,86279,1998,5,5,0,0,1,1,1,1,1,1,1,1,1,0,0,0,0,0,1,1,0,0,0,0,0,0,0,1,0,1,1,0
40879495,963.6518467963097,1230,티볼리,티볼리 아머,105,55281,1597,5,8,0,1,1,1,1,0,1,1,1,1,1,0,0,0,1,0,0,0,0,0,1,0,0,1,0,0,0,1,1,0
41659538,469.43562524615083,390,크루즈,크루즈,95,58768,1796,5,14,2,0,0,1,1,0,0,1,1,0,1,0,0,0,0,1,0,0,1,0,0,0,0,1,0,0,0,1,0,1
41616649,802.5490122794023,1090,트랙스,더 뉴 트랙스,103,93405,1362,5,7,3,1,0,1,1,0,1,0,1,0,1,0,0,0,0,1,0,0,1,0,0,0,0,0,1,0,0,1,1,0
41658037,943.9179347406766,490,아반떼,아반떼 MD,62,115564,1591,5,14,6,0,0,1,1,1,1,1,1,0,1,1,0,0,0,0,0,0,1,0,0,0,0,0,1,0,0,1,0,1
41302379,537.623042265147,430,올란도,올란도,77,193276,1998,7,11,6,0,0,1,0,1,1,0,1,0,1,0,0,0,0,1,0,1,0,0,0,0,0,1,0,0,0,1,1,0
41036090,895.5676356997402,499,레이,레이,34,109757,998,5,14,10,0,0,1,1,0,0,0,1,0,1,0,1,0,0,0,0,0,1,0,0,0,0,1,0,0,0,1,0,1
41615725,819.4078380887734,408,SM6,더 뉴 SM6,20,83537,1332,5,4,2,0,1,1,0,1,0,0,1,0,1,0,0,0,0,0,1,0,1,0,0,0,0,0,1,0,0,1,0,1
41030729,970.8411733726565,1150,티볼리,티볼리 에어,105,63831,1597,5,9,4,0,0,1,0,0,1,0,1,1,1,0,0,0,1,0,0,0,1,0,0,0,0,1,0,0,0,1,1,0
41323731,1124.3844256766104,1590,카니발,더 뉴 카니발,85,136327,2199,9,8,4,0,1,1,1,1,1,1,1,1,1,0,1,0,0,0,0,0,0,0,1,0,0,1,0,0,0,1,1,0
41537014,884.691660068428,350,i30,i30,24,30230,1591,5,19,7,0,0,0,0,1,0,0,1,0,0,1,0,0,0,0,0,0,1,0,0,0,0,0,1,0,0,1,0,1
41644738,962.3768750735256,990,티볼리,티볼리 에어,105,75497,1597,5,9,7,1,1,1,1,1,1,1,1,0,1,0,0,0,1,0,0,0,1,0,0,0,0,1,0,0,0,1,1,0
41630900,896.2163622137289,750,벨로스터,벨로스터,47,33220,1591,4,12,3,1,0,1,1,1,1,1,1,0,1,1,0,0,0,0,0,0,1,0,0,0,0,0,0,0,1,1,0,1
41582789,833.2990788440546,625,코란도,코란도 투리스모,92,104951,1998,11,13,2,1,0,1,1,1,1,1,1,0,1,0,0,0,1,0,0,0,0,0,1,0,0,0,1,0,0,1,1,0
41279901,923.0393528184499,820,그랜저,그랜저 HG,27,160111,2999,5,10,8,0,0,1,1,1,1,1,1,1,1,1,0,0,0,0,0,0,1,0,0,0,0,0,1,0,0,1,0,1
41201872,967.6269960460112,850,티볼리,티볼리,105,104196,1597,5,11,2,0,1,1,1,1,1,0,1,1,1,0,0,0,1,0,0,0,1,0,0,0,0,1,0,0,0,1,1,0
41103505,1257.9607752264587,1170,G80,G80,5,207586,3342,5,9,2,0,0,0,0,0,0,0,0,0,0,0,0,1,0,0,0,0,1,0,0,0,0,0,0,1,0,1,0,1
41635366,977.230670900442,400,쏘나타,쏘나타 하이브리드,57,145962,1999,5,14,7,0,1,1,1,1,1,1,1,1,1,1,0,0,0,0,0,0,0,1,0,0,0,0,0,1,0,1,0,1
41234097,1124.3844256766104,1650,카니발,올 뉴 카니발,85,76366,3342,9,10,16,0,1,1,1,1,1,1,1,1,1,0,1,0,0,0,0,0,1,0,0,0,0,1,0,0,0,1,1,0
40696960,814.5976259860029,657,말리부,올 뉴 말리부,40,183657,1998,5,9,8,1,1,1,1,1,1,1,1,1,1,0,0,0,0,1,0,0,1,0,0,0,0,0,1,0,0,1,0,1
41661003,1390.1913990791177,1310,캐스퍼,캐스퍼,88,19856,998,4,4,2,0,0,1,0,0,0,0,0,0,0,1,0,0,0,0,0,0,1,0,0,0,0,1,0,0,0,1,0,1
41245491,884.6571584685064,980,레이,더 뉴 레이,34,98903,998,5,6,5,0,0,1,0,0,1,0,1,0,1,0,1,0,0,0,0,0,1,0,0,0,0,0,0,0,1,1,0,1
40591552,816.6985223123376,850,트랙스,더 뉴 트랙스,103,109172,1362,5,8,10,1,0,1,1,0,1,0,1,0,1,0,0,0,0,1,0,0,1,0,0,0,0,0,1,0,0,1,1,0
41556200,389.9312687325189,370,SM5,SM5,19,129125,2495,5,24,17,0,0,0,0,1,0,0,1,0,1,0,0,0,0,0,1,0,1,0,0,0,0,1,0,0,0,1,0,1
41446493,884.6571584685064,1010,레이,더 뉴 레이,34,82215,998,5,5,7,0,0,1,0,0,0,0,1,0,0,0,1,0,0,0,0,0,1,0,0,0,0,1,0,0,0,1,0,1
39543383,1256.5223711085262,1620,렉스턴,G4 렉스턴,35,91358,2157,7,8,3,0,1,1,1,0,1,1,1,1,1,0,0,0,1,0,0,0,0,0,1,0,0,0,1,0,0,1,1,0
41475118,535.0819292958388,800,스파크,더 뉴 스파크,54,51318,999,5,6,0,0,0,1,1,1,1,0,1,0,1,0,0,0,0,1,0,0,1,0,0,0,0,0,0,0,1,1,0,1
41658471,943.9179347406766,1190,아반떼,아반떼 AD,62,67724,1591,5,9,10,0,0,1,1,1,1,1,1,1,1,1,0,0,0,0,0,0,1,0,0,0,0,1,0,0,0,1,0,1
41439966,907.2378156501135,480,그랜저,그랜저 HG,27,205088,2999,5,10,12,0,0,1,1,1,1,1,1,0,1,1,0,0,0,0,0,1,0,0,0,0,0,0,1,0,0,1,0,1
41466566,930.193512170366,950,쏘나타,LF 쏘나타,57,145225,1685,5,11,1,1,1,1,1,1,1,1,1,1,1,1,0,0,0,0,0,0,0,0,1,0,0,1,0,0,0,1,0,1
40305874,793.2511181150848,590,K3,더 뉴 K3,10,197322,1591,5,10,3,0,0,1,1,1,0,1,1,0,1,0,1,0,0,0,0,0,1,0,0,0,0,1,0,0,0,1,0,1
41417782,521.1936913921791,440,스파크,더 넥스트 스파크,54,108693,999,5,9,11,0,0,1,0,0,0,0,0,0,0,0,0,0,0,1,0,0,1,0,0,0,0,1,0,0,0,0,0,1
41631367,1005.1859527579388,1450,투싼,올 뉴 투싼,101,149749,1995,5,9,7,1,1,1,1,1,1,1,1,1,1,1,0,0,0,0,0,0,0,0,1,0,0,1,0,0,0,1,1,0
41621102,1072.7523168570258,1195,싼타페,싼타페 더 프라임,56,119131,1995,5,10,7,0,0,1,1,1,1,1,1,1,1,1,0,0,0,0,0,0,0,0,1,0,0,1,0,0,0,1,1,0
40974044,780.500937773942,560,K5,더 뉴 K5,11,189325,1999,5,13,8,0,1,1,1,1,1,1,1,1,1,0,1,0,0,0,0,0,1,0,0,0,0,0,1,0,0,1,0,1
41496685,1027.800505582473,1550,투싼,올 뉴 투싼,101,98263,1995,5,7,6,0,0,1,1,1,1,1,1,0,1,1,0,0,0,0,0,0,0,0,1,0,0,1,0,0,0,1,1,0
41098395,967.6269960460112,1490,티볼리,베리 뉴 티볼리,105,88714,1497,5,4,0,0,1,1,1,1,1,1,1,1,1,0,0,0,1,0,0,0,1,0,0,0,0,1,0,0,0,1,1,0
41634931,800.0418365153032,950,트랙스,더 뉴 트랙스,103,81716,1362,5,8,4,0,0,1,1,0,1,1,1,0,1,0,0,0,0,1,0,0,1,0,0,0,0,0,0,1,0,1,1,0
40384518,532.6342390295486,380,올란도,올란도,77,150288,1998,7,13,7,0,0,0,0,0,0,0,0,0,0,0,0,0,0,1,0,0,0,0,1,0,0,0,1,0,0,1,1,0
41542755,963.6518467963097,920,티볼리,티볼리 아머,105,108953,1597,5,8,1,0,0,1,1,0,1,1,1,0,1,0,0,0,1,0,0,0,1,0,0,0,0,1,0,0,0,1,1,0
41296409,1244.946731648438,1170,G80,G80,5,174234,3342,5,10,6,0,1,1,1,1,1,1,1,1,1,0,0,1,0,0,0,0,1,0,0,0,0,0,0,1,0,1,0,1
40432088,444.45152312654096,267,SM3,뉴SM3,18,118792,1598,5,13,5,0,0,0,1,0,0,1,1,0,0,0,0,0,0,0,1,0,1,0,0,0,0,1,0,0,0,1,0,1
41212618,1122.21175713316,1559,카니발,올 뉴 카니발,85,160257,2199,9,10,6,0,1,1,1,1,1,0,1,1,1,0,1,0,0,0,0,0,0,0,1,0,0,1,0,0,0,1,1,0
41385533,739.1470101417436,72,G90,G90 (RS4),6,90702,3470,5,4,2,1,1,1,1,1,1,1,1,1,1,0,0,1,0,0,0,0,1,0,0,0,0,0,0,1,0,1,0,1
41414949,943.9179347406766,340,아반떼,아반떼 MD,62,177974,1591,5,16,17,1,0,1,0,1,1,0,1,0,1,1,0,0,0,0,0,0,1,0,0,0,0,0,0,1,0,1,0,1
40952747,952.3521370538434,920,K7,올 뉴 K7,12,213878,2999,5,7,7,0,1,1,1,1,1,1,1,1,1,0,1,0,0,0,0,0,1,0,0,0,0,0,1,0,0,1,0,1
41657896,1072.7523168570258,850,싼타페,싼타페 DM,56,163000,1995,5,12,2,0,0,1,1,1,1,1,1,1,1,1,0,0,0,0,0,0,0,0,1,0,0,1,0,0,0,1,1,0
41060308,511.37274562236945,820,스파크,더 넥스트 스파크,54,46677,999,5,8,1,0,0,1,1,1,1,1,1,0,1,0,0,0,0,1,0,0,1,0,0,0,0,1,0,0,0,1,0,1
41647589,1027.800505582473,1350,투싼,올 뉴 투싼,101,70513,1598,5,8,2,0,0,1,1,0,0,0,0,0,1,1,0,0,0,0,0,0,0,0,1,0,0,0,0,1,0,1,1,0
41461854,905.6914320771383,590,그랜저,그랜저 HG,27,151805,2359,5,12,2,0,0,1,1,1,1,1,1,1,1,1,0,0,0,0,0,0,1,0,0,0,0,0,0,1,0,1,0,1
41635526,1050.1398208359376,1490,투싼,올 뉴 투싼,101,133949,1995,5,8,5,0,1,1,1,1,1,1,1,1,1,1,0,0,0,0,0,0,0,0,1,0,0,0,0,1,0,1,1,0
41417465,1149.5032301102449,1370,셀토스,셀토스,49,114382,1598,5,6,7,0,1,1,1,0,1,0,1,1,1,0,1,0,0,0,0,0,0,0,1,0,0,0,0,0,1,1,1,0
41570454,947.3443649473054,758,아반떼,더 뉴 아반떼 AD,62,183895,1591,5,7,6,0,0,1,0,0,1,0,1,0,1,1,0,0,0,0,0,1,0,0,0,0,0,0,0,1,0,1,0,1
41610120,905.6914320771383,450,그랜저,그랜저 HG,27,105038,2999,5,12,17,0,0,1,1,1,1,1,1,1,1,1,0,0,0,0,0,0,1,0,0,0,0,0,1,0,0,1,0,1
41639711,699.989762412874,1270,모닝,모닝 어반 (JA),42,35895,998,5,4,3,0,0,1,1,1,1,1,1,1,1,0,1,0,0,0,0,0,1,0,0,0,0,1,0,0,0,1,0,1
41042809,1051.6974101665487,1050,싼타페,싼타페 DM,56,92088,1995,7,12,2,0,0,1,1,0,1,1,1,0,1,1,0,0,0,0,0,0,0,0,1,0,0,1,0,0,0,1,1,0
41651083,950.3037718506688,450,쏘나타,YF 쏘나타,57,115160,1999,5,15,4,0,0,1,1,1,1,1,1,1,1,1,0,0,0,0,0,1,0,0,0,0,0,0,0,1,0,1,0,1
41500485,842.1279070156255,490,K5,K5,11,125224,1999,5,14,5,1,1,1,1,1,1,1,1,0,1,0,1,0,0,0,0,0,1,0,0,0,0,1,0,0,0,1,0,1
41645601,1389.3158649586906,1390,캐스퍼,캐스퍼,88,46213,998,4,3,4,0,0,1,1,1,1,1,1,1,1,1,0,0,0,0,0,0,1,0,0,0,0,1,0,0,0,1,0,1
40971198,969.3889001833381,590,티볼리,티볼리 에어,105,150259,1597,5,8,0,0,0,1,1,0,1,1,1,0,1,0,0,0,1,0,0,0,1,0,0,0,0,0,0,0,1,1,1,0
41130716,886.0914963836809,650,제네시스,제네시스,81,113159,3342,5,14,1,0,0,1,1,1,1,1,1,1,1,1,0,0,0,0,0,0,1,0,0,0,0,0,1,0,0,1,0,1
40965650,1122.21175713316,1490,카니발,올 뉴 카니발,85,183267,2199,9,10,0,0,1,1,1,1,1,1,1,1,1,0,1,0,0,0,0,0,0,0,1,0,0,0,1,0,0,1,1,0
40707499,1057.082523447645,1050,싼타페,싼타페 DM,56,135223,1995,5,11,2,0,1,1,1,1,1,1,1,1,1,1,0,0,0,0,0,0,0,0,1,0,0,0,0,0,1,1,1,0
41568536,813.3482474056841,560,말리부,올 뉴 말리부,40,183936,1998,5,10,6,1,1,1,1,1,1,0,1,0,1,0,0,0,0,1,0,0,1,0,0,0,0,0,0,1,0,1,0,1
41199493,1260.2163622137289,1430,트레일블레이저,트레일블레이저,104,51444,1198,5,6,2,0,1,1,1,0,1,0,1,0,1,0,0,0,0,1,0,0,1,0,0,0,0,0,1,0,0,1,1,0
40668724,923.0393528184499,490,그랜저,그랜저 HG,27,181136,2359,5,12,2,0,0,1,1,1,1,1,1,0,1,1,0,0,0,0,0,0,1,0,0,0,0,0,1,0,0,1,0,1
41368225,947.3443649473054,1649,아반떼,아반떼 (CN7),62,100580,1598,5,5,10,1,1,1,1,1,1,1,1,1,1,1,0,0,0,0,0,0,1,0,0,0,0,0,0,1,0,1,0,1
41514092,943.9179347406766,1150,아반떼,아반떼 AD,62,63033,1591,5,9,0,0,0,1,1,0,1,1,1,0,1,1,0,0,0,0,0,0,1,0,0,0,0,0,0,1,0,1,0,1
41292147,787.1137560564567,960,트랙스,더 뉴 트랙스,103,79353,1362,5,9,3,1,0,1,1,0,1,0,1,0,1,0,0,0,0,1,0,0,1,0,0,0,0,0,0,1,0,1,1,0
41552735,390.5605814198441,220,SM5,SM5 뉴 임프레션,19,172321,1998,5,17,4,0,1,1,0,1,0,0,1,0,1,0,0,0,0,0,1,0,1,0,0,0,0,1,0,0,0,1,0,1
40759771,963.6518467963097,550,티볼리,티볼리,105,150417,1597,5,11,2,0,0,0,0,0,0,0,0,0,0,0,0,0,1,0,0,0,1,0,0,0,0,1,0,0,0,1,1,0
41641758,591.0966224282002,550,엑센트,엑센트(신형),74,113057,1368,5,12,2,0,0,1,1,0,1,1,1,0,1,1,0,0,0,0,0,0,1,0,0,0,0,0,0,1,0,1,0,1
40666889,521.1936913921791,290,스파크,스파크,54,95260,995,5,14,12,0,0,1,1,1,0,1,1,0,1,0,0,0,0,1,0,0,1,0,0,0,0,1,0,0,0,1,0,1
41534018,802.5490122794023,950,트랙스,더 뉴 트랙스,103,54740,1362,5,9,10,0,0,1,1,0,1,0,1,0,1,0,0,0,0,1,0,0,1,0,0,0,0,1,0,0,0,1,1,0
41137151,1307.3450904664935,1320,렉스턴,렉스턴 스포츠,35,157518,2157,5,8,3,1,1,1,1,1,1,0,1,1,1,0,0,0,1,0,0,0,0,0,1,0,0,0,1,0,0,1,1,0
40961149,941.3889022900747,1570,쏘나타,쏘나타 (DN8),57,40228,1999,5,6,3,0,0,1,1,0,0,0,1,0,1,1,0,0,0,0,0,0,1,0,0,0,0,0,1,0,0,1,0,1
41238498,916.1401938066147,1130,그랜저,그랜저 HG,27,56288,2359,5,10,2,0,0,1,1,1,1,1,1,1,1,1,0,0,0,0,0,0,1,0,0,0,0,0,1,0,0,1,0,1
41602473,649.9029070992206,400,프라이드,올 뉴 프라이드,110,126849,1591,5,13,1,0,0,1,1,1,0,1,1,0,1,0,1,0,0,0,0,0,1,0,0,0,0,1,0,0,0,1,0,1
41613888,977.230670900442,950,쏘나타,LF 쏘나타,57,159762,1685,5,11,1,1,1,1,1,1,1,1,1,1,1,1,0,0,0,0,0,0,0,0,1,0,0,0,0,0,1,1,0,1
39901707,1301.1905814198442,1570,QM6,더 뉴 QM6,17,49682,1997,5,6,3,0,0,1,1,1,1,0,1,1,1,0,0,0,0,0,1,0,1,0,0,0,0,0,1,0,0,1,1,0
41450315,916.1401938066147,41,그랜저,그랜저 (GN7),27,39146,3470,5,3,0,0,1,1,1,1,1,1,1,1,1,1,0,0,0,0,0,0,1,0,0,0,0,0,0,1,0,1,0,1
41459130,886.0914963836809,799,제네시스,제네시스 DH,81,209119,3778,5,12,2,0,1,1,1,1,1,1,1,1,1,1,0,0,0,0,0,0,1,0,0,0,0,0,1,0,0,1,0,1
41050327,943.9179347406766,680,아반떼,아반떼 MD,62,35791,1591,5,15,1,0,0,1,1,0,0,1,0,0,0,1,0,0,0,0,0,0,1,0,0,0,0,1,0,0,0,1,0,1
40452097,455.50858679976017,580,SM3,SM3 네오,18,114014,1598,5,10,3,0,0,1,1,1,1,0,1,0,1,0,0,0,0,0,1,0,1,0,0,0,0,0,0,1,0,1,0,1
41538597,814.4268981028265,1430,말리부,더 뉴 말리부,40,30704,1341,5,7,0,0,0,1,1,1,1,0,1,0,1,0,0,0,0,1,0,0,1,0,0,0,0,0,1,0,0,1,0,1
41390656,1390.1913990791177,1240,캐스퍼,캐스퍼,88,31372,998,4,4,0,0,0,1,0,0,0,0,0,0,1,1,0,0,0,0,0,0,1,0,0,0,0,1,0,0,0,1,0,1
41344461,986.97541951879,1259,K7,더 뉴 K7,12,65761,2359,5,10,1,1,1,1,1,1,1,1,1,1,1,0,1,0,0,0,0,0,1,0,0,0,0,1,0,0,0,1,0,1
41584802,820.6996852780783,880,SM6,SM6,20,78647,1997,5,10,4,1,0,1,1,1,1,1,1,0,1,0,0,0,0,0,1,0,1,0,0,0,0,1,0,0,0,1,0,1
40333148,1210.4595446246751,1490,XM3,XM3,23,40900,1332,5,6,2,0,1,1,1,1,1,1,1,1,1,0,0,0,0,0,1,0,1,0,0,0,0,0,0,0,1,1,1,0
41527050,521.1936913921791,680,스파크,더 뉴 스파크,54,103216,999,5,7,1,0,0,1,0,0,1,0,1,0,1,0,0,0,0,1,0,0,1,0,0,0,0,0,0,1,0,1,0,1
41377192,1253.701162839688,1420,XM3,XM3,23,59564,1332,5,6,0,0,1,1,1,1,1,1,1,1,1,0,0,0,0,0,1,0,1,0,0,0,0,1,0,0,0,1,1,0
41163444,1027.800505582473,468,투싼,더 뉴 투싼 (NX4),101,6,1598,5,1,2,0,1,1,1,1,1,1,1,1,1,1,0,0,0,0,0,0,1,0,0,0,0,1,0,0,0,1,1,0
41643453,905.6914320771383,1299,그랜저,그랜저 IG,27,118000,2199,5,9,2,0,0,1,1,1,1,1,1,0,1,1,0,0,0,0,0,0,0,0,1,0,0,0,0,1,0,1,0,1
41464727,539.6756970784525,450,스파크,스파크,54,89272,995,5,15,2,0,0,0,0,0,0,0,0,0,0,0,0,0,0,1,0,0,1,0,0,0,0,1,0,0,0,1,0,1
41409453,950.3037718506688,1280,쏘나타,쏘나타 뉴 라이즈,57,102767,1999,5,9,6,0,1,1,1,1,1,1,1,1,1,1,0,0,0,0,0,0,1,0,0,0,0,1,0,0,0,1,0,1
40450399,1063.6126404216627,1200,싼타페,싼타페 DM,56,100055,1995,5,12,0,0,1,1,1,1,1,1,1,1,1,1,0,0,0,0,0,0,0,0,1,0,0,0,0,0,1,1,1,0
41596162,930.193512170366,530,쏘나타,쏘나타 더 브릴리언트,57,116355,1999,5,14,2,0,0,0,0,0,0,0,0,0,0,1,0,0,0,0,0,0,1,0,0,0,0,1,0,0,0,1,0,1
41355659,807.4456798684994,890,SM6,SM6,20,92697,1998,5,7,1,0,0,1,1,1,1,1,1,0,1,0,0,0,0,0,1,1,0,0,0,0,0,0,0,1,0,1,0,1
41515103,1014.8324651358752,1480,투싼,올 뉴 투싼,101,97163,1598,5,7,0,0,1,1,1,1,1,1,1,0,1,1,0,0,0,0,0,0,0,0,1,0,0,1,0,0,0,1,1,0
39708010,1063.6126404216627,1100,싼타페,싼타페 더 프라임,56,131469,1995,5,10,2,0,0,1,1,1,1,1,1,0,1,1,0,0,0,0,0,0,0,0,1,0,0,0,0,1,0,1,1,0
41649858,761.0027686659243,590,i40,i40 살룬,25,97282,1999,5,14,0,1,0,1,1,1,1,1,1,0,1,1,0,0,0,0,0,0,1,0,0,0,0,0,0,1,0,1,0,1
41591587,831.0491350121001,950,코란도,더 뉴 코란도 스포츠,92,133524,2157,5,9,0,0,0,1,1,1,1,1,1,1,1,0,0,0,1,0,0,0,0,0,1,0,0,0,0,1,0,1,1,0
41148858,833.2990788440546,429,코란도,뉴코란도 C,92,154648,1998,5,13,2,1,0,1,1,1,1,1,1,1,1,0,0,0,1,0,0,0,0,0,1,0,0,1,0,0,0,1,1,0
41643240,1229.585755916017,1430,트레일블레이저,트레일블레이저,104,121042,1341,5,5,0,0,1,1,1,1,1,0,1,1,1,0,0,0,0,1,0,0,1,0,0,0,0,0,1,0,0,1,1,0
41126697,1057.082523447645,1299,싼타페,싼타페 더 프라임,56,138393,1995,5,10,6,0,1,1,1,1,1,1,1,1,1,1,0,0,0,0,0,0,0,0,1,0,0,1,0,0,0,1,1,0
41613433,1389.3158649586906,1390,캐스퍼,캐스퍼,88,32706,998,4,4,0,0,0,1,1,1,1,1,0,0,0,1,0,0,0,0,0,0,1,0,0,0,0,1,0,0,0,1,0,1
40965401,1247.5118753613704,1310,XM3,XM3,23,64527,1598,5,5,2,0,1,1,1,0,1,1,1,0,1,0,0,0,0,0,1,0,1,0,0,0,0,1,0,0,0,1,1,0
41461876,943.9179347406766,1550,아반떼,아반떼 하이브리드 (CN7),62,95490,1580,5,5,2,0,0,0,0,0,0,0,0,0,0,1,0,0,0,0,0,0,0,1,0,0,0,1,0,0,0,1,0,1
41660886,1379.3008305997773,999,캐스퍼,캐스퍼,88,59985,998,4,4,10,0,0,1,1,1,1,1,1,1,1,1,0,0,0,0,0,0,1,0,0,0,0,1,0,0,0,1,0,1
38557652,831.0961947258555,259,윈스톰,윈스톰 맥스,78,166263,1991,5,18,6,1,0,1,0,0,0,0,1,0,1,0,0,0,0,1,0,0,0,0,1,0,0,0,0,1,0,1,1,0
41225049,1301.2282984354893,1590,QM6,더 뉴 QM6,17,86945,1998,5,5,1,0,1,1,1,1,1,1,1,1,1,0,0,0,0,0,1,1,0,0,0,0,0,0,0,1,0,1,1,0
41303182,539.6756970784525,370,스파크,스파크,54,76597,995,5,11,11,0,0,1,1,0,0,1,1,0,1,0,0,0,0,1,0,0,1,0,0,0,0,0,0,1,0,1,0,1
41467769,963.6518467963097,1269,티볼리,티볼리 에어,105,106365,1497,5,4,0,1,1,1,1,1,1,1,1,1,1,0,0,0,1,0,0,0,1,0,0,0,0,0,0,1,0,1,1,0
41046058,468.8263197140382,250,SM3,뉴SM3,18,133576,1598,5,15,5,0,0,1,0,1,0,0,1,0,0,0,0,0,0,0,1,0,1,0,0,0,0,1,0,0,0,1,0,1
40653637,390.5605814198441,299,SM5,뉴SM5 플래티넘,19,156372,1998,5,12,2,1,0,1,1,1,1,0,1,0,1,0,0,0,0,0,1,0,1,0,0,0,0,0,0,1,0,1,0,1
41237128,539.6756970784525,250,스파크,스파크,54,154133,995,5,12,2,0,0,1,1,0,0,1,0,0,0,0,0,0,0,1,0,0,1,0,0,0,0,0,0,0,1,1,0,1
41560176,813.3482474056841,970,말리부,올 뉴 말리부,40,119312,1490,5,8,7,0,1,1,1,1,1,1,1,1,1,0,0,0,0,1,0,0,1,0,0,0,0,0,1,0,0,1,0,1
40941683,962.3768750735256,990,티볼리,티볼리,105,64504,1597,5,10,4,0,1,1,1,1,1,1,1,1,1,0,0,0,1,0,0,0,1,0,0,0,0,0,0,0,1,1,1,0
41625652,928.4206454774875,395,아반떼,아반떼 MD,62,162647,1591,5,15,13,0,0,1,1,1,0,1,1,0,0,1,0,0,0,0,0,1,0,0,0,0,0,0,0,1,0,0,0,1
41270475,1301.1905814198442,1699,QM6,더 뉴 QM6,17,100808,1998,5,5,1,0,1,1,1,1,1,1,1,1,1,0,0,0,0,0,1,1,0,0,0,0,0,1,0,0,0,1,1,0
41554224,952.3521370538434,1450,K7,K7 프리미어,12,63791,2497,5,7,20,0,1,1,1,1,1,1,1,1,1,0,1,0,0,0,0,0,1,0,0,0,0,1,0,0,0,1,0,1
41145274,487.46355435797625,459,크루즈,어메이징 뉴 크루즈,95,127675,1796,5,10,2,0,0,1,1,0,0,1,1,0,1,0,0,0,0,1,0,0,1,0,0,0,0,1,0,0,0,1,0,1
41620200,970.8411733726565,1030,티볼리,베리 뉴 티볼리,105,107819,1497,5,7,3,0,0,1,1,0,1,0,1,1,1,0,0,0,1,0,0,0,1,0,0,0,0,0,0,1,0,1,1,0
40931175,1304.167236686122,1200,QM6,QM6,17,78862,1997,5,9,5,1,1,1,1,1,1,1,1,0,1,0,0,0,0,0,1,0,1,0,0,0,0,0,0,1,0,1,1,0
40556409,814.4268981028265,690,말리부,올 뉴 말리부,40,70269,1490,5,10,9,0,0,1,1,0,1,0,0,0,1,0,0,0,0,1,0,0,1,0,0,0,0,0,0,0,1,1,0,1
39365311,1257.2352713994803,1570,EQ900,EQ900,0,192372,3778,5,10,11,0,1,1,1,1,1,1,1,1,1,0,0,1,0,0,0,0,1,0,0,0,0,0,1,0,0,1,0,1
41287082,923.0393528184499,690,그랜저,그랜저 HG,27,163776,2359,5,12,0,0,0,1,1,1,1,1,1,0,1,1,0,0,0,0,0,0,1,0,0,0,0,0,0,1,0,1,0,1
41330310,1172.8618172554513,630,쏘렌토,쏘렌토 R,58,123869,2199,7,15,0,1,0,1,1,1,1,1,1,1,1,0,1,0,0,0,0,0,0,0,1,0,0,1,0,0,0,1,1,0
41588695,813.56774530367,1130,임팔라,임팔라,80,37186,2457,5,10,1,0,1,1,1,1,1,0,1,1,1,0,0,0,0,1,0,0,1,0,0,0,0,0,1,0,0,1,0,1
41583342,970.8411733726565,1200,티볼리,티볼리 아머,105,64152,1597,5,9,0,0,1,1,1,0,1,0,1,1,1,0,0,0,1,0,0,0,1,0,0,0,0,0,0,0,1,1,1,0
38432225,935.928526081858,1429,그랜저,그랜저 IG,27,154166,3342,5,8,5,0,1,1,1,1,1,1,1,1,1,1,0,0,0,0,0,0,1,0,0,0,0,0,1,0,0,1,0,1
41180419,1301.1905814198442,1270,QM6,QM6,17,78510,1997,5,7,3,1,0,1,1,1,1,1,1,0,1,0,0,0,0,0,1,0,1,0,0,0,0,0,0,1,0,1,1,0
41038300,833.2990788440546,549,코란도,뉴코란도 C,92,87038,1998,5,12,16,1,0,1,1,1,1,0,1,0,1,0,0,0,1,0,0,0,0,0,1,0,0,1,0,0,0,1,1,0
41260045,787.1137560564567,720,트랙스,더 뉴 트랙스,103,55975,1362,5,9,3,0,0,0,0,0,0,0,0,0,0,0,0,0,0,1,0,0,1,0,0,0,0,1,0,0,0,1,1,0
41630881,720.4474668211502,430,QM3,QM3,15,122231,1461,5,12,4,0,0,1,1,1,1,1,1,0,1,0,0,0,0,0,1,0,0,0,1,0,0,0,0,1,0,1,1,0
41351314,947.3443649473054,1100,아반떼,아반떼 AD,62,84194,1591,5,10,6,0,0,1,1,1,1,1,1,0,1,1,0,0,0,0,0,0,1,0,0,0,0,1,0,0,0,1,0,1
39650420,870.0052856349465,1236,EV6,EV6,3,40000,2000,5,4,2,0,1,1,1,1,1,1,1,1,1,0,1,0,0,0,0,0,0,0,0,1,0,1,0,0,0,1,0,1
41390359,907.2378156501135,1490,그랜저,그랜저 IG,27,116562,2999,5,7,1,0,0,1,1,1,1,1,1,1,1,1,0,0,0,0,0,1,0,0,0,0,0,0,1,0,0,1,0,1
41244438,967.5024225826837,760,벨로스터,더 뉴 벨로스터,47,92687,1591,4,11,4,0,1,1,1,1,1,1,1,1,1,1,0,0,0,0,0,0,1,0,0,0,0,0,1,0,0,1,0,1
41578552,813.3482474056841,350,말리부,말리부,40,113051,1998,5,13,2,0,0,1,1,1,0,1,1,0,1,0,0,0,0,1,0,0,1,0,0,0,0,1,0,0,0,1,0,1
41045132,833.2990788440546,680,코란도,뉴코란도 C,92,95822,1998,5,12,0,0,0,1,1,1,1,1,1,1,1,0,0,0,1,0,0,0,0,0,1,0,0,0,0,1,0,1,1,0
41562751,822.0881784987009,94,GV80,GV80,9,47220,2497,5,3,0,0,1,1,1,1,1,1,1,1,1,0,0,1,0,0,0,0,1,0,0,0,0,1,0,0,0,1,1,0
41504281,1010.3075581570316,1039,스타렉스,더 뉴 그랜드 스타렉스,50,164463,2497,3,8,4,0,0,1,1,0,0,1,0,0,1,1,0,0,0,0,0,0,0,0,1,0,0,0,0,1,0,1,1,0
41613445,731.0503877135434,1120,i40,더 뉴 i40 살룬,25,72840,1999,5,11,2,1,1,1,1,1,1,1,1,1,1,1,0,0,0,0,0,0,1,0,0,0,0,1,0,0,0,1,0,1
40647855,626.3422304996457,690,SM7,SM7 노바,21,107955,1998,5,11,3,0,1,1,0,1,1,1,1,1,1,0,0,0,0,0,1,1,0,0,0,0,0,0,1,0,0,1,0,1
41115109,699.3612958560294,190,마티즈,마티즈 크리에이티브,39,97036,995,5,16,0,0,0,1,0,0,0,0,0,0,0,0,0,0,0,1,0,0,1,0,0,0,0,1,0,0,0,1,0,1
40514013,711.2411628396882,489,QM3,QM3,15,99508,1461,5,11,8,0,0,1,1,1,1,0,1,0,0,0,0,0,0,0,1,0,0,0,1,0,0,1,0,0,0,1,1,0
41557386,928.4206454774875,570,아반떼,아반떼 MD,62,90082,1591,5,15,0,0,0,1,1,1,1,1,1,0,0,1,0,0,0,0,0,0,1,0,0,0,0,1,0,0,0,1,0,1
41569990,916.1401938066147,770,그랜저,그랜저 HG,27,104860,2359,5,12,11,1,1,1,1,1,1,1,1,0,1,1,0,0,0,0,0,0,1,0,0,0,0,0,1,0,0,1,0,1
41468303,1273.33407874339,1300,G80,G80,5,228531,3778,5,9,17,0,1,1,1,1,1,1,1,1,1,0,0,1,0,0,0,0,1,0,0,0,0,0,0,0,1,1,0,1
40578244,672.6380015602682,210,모닝,뉴모닝,42,141557,999,5,17,14,0,0,0,0,0,0,0,0,0,1,0,1,0,0,0,0,1,0,0,0,0,0,1,0,0,0,1,0,1
41632924,910.4589389790043,240,제네시스,제네시스,81,244819,3342,5,16,21,0,0,1,1,1,1,1,1,0,1,1,0,0,0,0,0,0,1,0,0,0,0,0,1,0,0,1,0,1
41461910,992.8099193332274,1089,스타렉스,그랜드 스타렉스,50,179109,2497,12,9,3,0,0,1,1,0,0,1,1,0,1,1,0,0,0,0,0,0,0,0,1,0,0,0,0,1,0,1,1,0
41166429,907.2378156501135,1520,그랜저,그랜저 IG 하이브리드,27,142931,2359,5,8,8,1,1,1,1,1,1,1,1,1,1,1,0,0,0,0,0,0,0,1,0,0,0,0,1,0,0,1,0,1
41512457,820.6996852780783,499,SM6,SM6,20,155289,1997,5,10,1,1,0,1,1,1,1,0,1,0,1,0,0,0,0,0,1,0,1,0,0,0,0,0,0,1,0,1,0,1
41644125,778.9139391480519,330,코란도,코란도 C,92,149888,1998,5,13,2,1,0,1,1,1,1,1,1,0,1,0,0,0,1,0,0,0,0,0,1,0,0,0,0,1,0,1,1,0
41652212,1072.7523168570258,830,싼타페,싼타페 DM,56,181282,1995,5,13,8,0,1,1,1,1,1,1,1,1,1,1,0,0,0,0,0,0,0,0,1,0,0,1,0,0,0,1,1,0
41324385,813.3482474056841,770,말리부,올 뉴 말리부,40,138416,1998,5,10,3,0,1,1,1,1,1,1,1,1,1,0,0,0,0,1,0,0,1,0,0,0,0,1,0,0,0,1,0,1
40254206,1160.0663916769165,1490,맥스크루즈,더 뉴 맥스크루즈,41,118613,2199,7,11,0,0,1,1,1,1,1,1,1,1,1,1,0,0,0,0,0,0,0,0,1,0,0,0,0,0,1,1,1,0
39642501,390.557300432829,370,SM5,뉴SM5 플래티넘,19,151493,1618,5,13,5,1,1,1,1,1,1,1,1,0,1,0,0,0,0,0,1,0,1,0,0,0,0,0,0,1,0,1,0,1
41413305,1259.5072485972,1390,G80,G80,5,198719,3342,5,8,2,1,1,1,1,1,1,1,1,1,1,0,0,1,0,0,0,0,1,0,0,0,0,0,1,0,0,1,0,1
38430132,731.3465116724439,879,에쿠스,에쿠스(신형),73,170111,3778,5,11,19,0,1,1,1,1,1,1,1,1,1,1,0,0,0,0,0,0,1,0,0,0,0,0,1,0,0,1,0,1
41494079,1001.0863434464768,1570,스포티지,스포티지 더 볼드,55,117245,1995,5,8,3,1,1,1,1,1,1,1,1,1,1,0,1,0,0,0,0,0,0,0,1,0,0,1,0,0,0,1,1,0
41444904,943.9179347406766,400,아반떼,아반떼 HD,62,45678,1591,5,18,2,0,0,0,0,1,0,0,1,0,0,1,0,0,0,0,0,0,1,0,0,0,0,0,0,1,0,1,0,1
41623587,723.7828753088075,490,에쿠스,에쿠스(신형),73,240559,3778,5,14,2,0,1,1,1,1,1,1,1,1,1,1,0,0,0,0,0,0,1,0,0,0,0,0,1,0,0,1,0,1
41062547,804.849667793527,850,SM6,SM6,20,34324,1997,5,9,8,0,0,1,1,1,1,1,1,0,1,0,0,0,0,0,1,0,1,0,0,0,0,0,0,1,0,1,0,1
41568668,907.2378156501135,1520,그랜저,더 뉴 그랜저 IG,27,154561,2999,5,6,10,0,1,1,1,1,1,1,0,0,1,1,0,0,0,0,0,1,0,0,0,0,0,1,0,0,0,1,0,1
40613036,1057.082523447645,1160,싼타페,싼타페 더 프라임,56,122870,1995,5,10,8,0,0,1,1,1,1,1,1,1,1,1,0,0,0,0,0,0,0,0,1,0,0,1,0,0,0,1,1,0
41605013,817.29454516165,1030,말리부,올 뉴 말리부,40,43745,1490,5,9,4,1,0,1,0,1,1,0,1,0,1,0,0,0,0,1,0,0,1,0,0,0,0,1,0,0,0,1,0,1
41648699,930.193512170366,1650,쏘나타,LF 쏘나타 하이브리드,57,74209,1999,5,11,1,1,1,1,1,1,1,1,1,1,1,1,0,0,0,0,0,0,0,1,0,0,0,1,0,0,0,1,0,1
41637120,936.9062313760018,780,아반떼,아반떼 AD,62,145890,1591,5,9,5,0,0,1,1,0,1,1,1,0,1,1,0,0,0,0,0,0,1,0,0,0,0,1,0,0,0,1,0,1
40542702,1057.082523447645,1250,싼타페,싼타페 더 프라임,56,157979,1995,5,11,5,0,1,1,1,1,1,1,1,1,1,1,0,0,0,0,0,0,0,0,1,0,0,1,0,0,0,1,1,0
41377087,1257.9607752264587,1670,G80,G80,5,139642,3342,5,9,4,0,1,1,1,1,1,1,1,1,1,0,0,1,0,0,0,0,1,0,0,0,0,0,0,1,0,1,0,1
41282444,1301.1905814198442,1220,QM6,더 뉴 QM6,17,153475,1998,5,7,1,0,1,1,1,1,1,1,1,1,1,0,0,0,0,0,1,1,0,0,0,0,0,0,0,1,0,1,1,0
41624197,1247.4949211722349,1250,렉스턴,렉스턴 스포츠,35,163016,2157,5,8,0,0,0,1,1,1,1,1,1,0,1,0,0,0,1,0,0,0,0,0,1,0,0,0,1,0,0,1,1,0
41472893,875.1505814198441,1144,제네시스,제네시스 DH,81,120943,3342,5,10,13,0,1,1,1,1,1,1,1,1,1,1,0,0,0,0,0,0,1,0,0,0,0,0,1,0,0,1,0,1
41586664,936.9062313760018,1133,아반떼,더 뉴 아반떼 AD,62,125016,1598,5,8,11,0,1,1,1,1,1,1,1,1,1,1,0,0,0,0,0,0,1,0,0,0,0,1,0,0,0,1,0,1
40557031,936.9062313760018,990,아반떼,아반떼 AD,62,105200,1591,5,9,1,0,1,1,1,1,1,1,1,1,1,1,0,0,0,0,0,0,1,0,0,0,0,0,1,0,0,1,0,1
41359667,923.0393528184499,1699,그랜저,더 뉴 그랜저 IG,27,161975,2999,5,6,0,0,1,1,1,1,1,1,1,1,1,1,0,0,0,0,0,1,0,0,0,0,0,1,0,0,0,1,0,1
41464305,1234.4350592827248,1250,코나,코나,91,93796,1591,5,6,1,0,1,1,1,0,1,0,0,0,1,1,0,0,0,0,0,0,1,0,0,0,0,1,0,0,0,1,1,0
41613277,1050.1398208359376,439,투싼,투싼 ix,101,197402,1995,5,14,6,1,0,1,1,1,1,1,1,1,1,1,0,0,0,0,0,0,0,0,1,0,0,0,0,1,0,1,1,0
41619458,977.230670900442,480,쏘나타,YF 쏘나타,57,91699,1998,5,16,2,0,0,1,0,1,0,1,1,0,1,1,0,0,0,0,0,0,1,0,0,0,0,0,0,1,0,1,0,1
41649454,830.7441133874026,289,코란도,코란도 스포츠,92,239052,1998,5,13,12,0,0,1,0,0,0,0,1,0,0,0,0,0,1,0,0,0,0,0,1,0,0,0,0,1,0,1,1,0
41484056,852.0527265859381,900,K3,올 뉴 K3,10,140273,1598,5,8,7,0,0,1,1,0,1,1,1,1,1,0,1,0,0,0,0,0,1,0,0,0,0,1,0,0,0,1,0,1
41533278,936.2255262529029,550,아반떼,더 뉴 아반떼,62,117012,1591,5,12,7,0,0,1,1,0,0,1,0,0,1,1,0,0,0,0,0,0,1,0,0,0,0,1,0,0,0,1,0,1
40965631,539.6756970784525,540,스파크,더 넥스트 스파크,54,104106,999,5,11,7,1,0,1,1,1,1,0,1,0,1,0,0,0,0,1,0,0,1,0,0,0,0,0,0,1,0,1,0,1
41094798,592.4795248257481,520,엑센트,엑센트(신형),74,125910,1582,5,12,2,0,0,1,1,0,0,1,0,0,1,1,0,0,0,0,0,0,0,0,1,0,0,1,0,0,0,1,0,1
41505539,1084.4388555279147,1030,카니발,올 뉴 카니발,85,123349,2199,9,10,2,0,0,1,1,1,1,1,1,1,1,0,1,0,0,0,0,0,0,0,1,0,0,1,0,0,0,1,1,0
41606095,1014.8324651358752,950,투싼,올 뉴 투싼,101,99411,1685,5,10,0,0,0,1,0,0,0,0,1,0,1,1,0,0,0,0,0,0,0,0,1,0,0,0,0,1,0,1,1,0
41607097,935.928526081858,1650,그랜저,그랜저 IG,27,108136,2359,5,9,1,1,0,1,1,1,1,1,1,1,1,1,0,0,0,0,0,0,1,0,0,0,0,1,0,0,0,1,0,1
41571360,402.80707679553126,250,SM5,뉴SM5 플래티넘,19,164184,1998,5,13,7,0,0,1,1,1,1,1,1,0,1,0,0,0,0,0,1,0,1,0,0,0,0,0,1,0,0,1,0,1
41603850,526.5779521455554,550,스파크,더 넥스트 스파크,54,110191,999,5,8,6,0,0,1,0,0,0,0,1,0,1,0,0,0,0,1,0,0,1,0,0,0,0,1,0,0,0,1,0,1
41620571,947.3443649473054,1030,아반떼,더 뉴 아반떼 AD,62,102373,1598,5,7,7,0,0,1,1,1,1,1,1,0,1,1,0,0,0,0,0,0,1,0,0,0,0,1,0,0,0,1,0,1
41339780,483.19448616103887,270,SM3,뉴SM3,18,48887,1598,5,15,11,0,0,1,1,0,0,1,0,0,0,0,0,0,0,0,1,0,1,0,0,0,0,0,0,1,0,1,0,1
41640487,923.4598310894919,648,EV6,EV6,3,106448,111,5,4,2,0,1,1,1,1,1,1,1,1,1,0,1,0,0,0,0,0,0,0,0,1,0,1,0,0,0,1,0,1
40132138,390.557300432829,250,SM5,뉴SM5 플래티넘,19,133196,1998,5,13,13,1,0,1,0,1,1,0,1,0,1,0,0,0,0,0,1,0,1,0,0,0,0,0,1,0,0,1,0,1
41600918,936.2255262529029,749,아반떼,더 뉴 아반떼,62,83244,1591,5,12,5,0,0,1,1,1,1,1,1,1,1,1,0,0,0,0,0,0,1,0,0,0,0,0,0,1,0,1,0,1
41651257,748.0023256793763,390,제네시스 쿠페,제네시스 쿠페,82,106359,1998,4,17,2,1,1,1,1,1,1,0,1,0,1,1,0,0,0,0,0,0,1,0,0,0,0,0,0,1,0,1,0,1
41652543,930.193512170366,450,쏘나타,YF 쏘나타,57,176375,1999,5,14,6,0,0,1,1,1,1,1,1,0,1,1,0,0,0,0,0,0,1,0,0,0,0,0,1,0,0,1,0,1
39529107,943.9179347406766,880,아반떼,아반떼 AD,62,73860,1591,5,9,2,0,0,1,1,0,1,1,1,0,1,1,0,0,0,0,0,0,1,0,0,0,0,1,0,0,0,1,0,1
41638316,928.4206454774875,1030,아반떼,아반떼 AD,62,104281,1591,5,10,1,0,0,1,1,1,1,1,1,0,1,1,0,0,0,0,0,0,1,0,0,0,0,1,0,0,0,1,0,1
41551320,1005.1859527579388,850,투싼,올 뉴 투싼,101,193245,1685,5,10,10,0,0,1,1,1,1,1,1,0,1,1,0,0,0,0,0,0,0,0,1,0,0,1,0,0,0,1,1,0
41496267,867.4613543331805,580,제네시스,제네시스,81,160998,3342,5,14,5,1,1,1,1,1,1,1,1,1,1,1,0,0,0,0,0,0,1,0,0,0,0,1,0,0,0,1,0,1
40994681,814.4268981028265,1050,말리부,올 뉴 말리부,40,56293,1490,5,9,1,1,0,1,1,1,1,0,1,0,1,0,0,0,0,1,0,0,1,0,0,0,0,1,0,0,0,1,0,1
41410290,1061.403876132294,1550,볼트,볼트 EV,48,42411,174,5,7,4,0,1,1,1,1,1,0,1,0,1,0,0,0,0,1,0,0,0,0,0,1,0,0,0,0,1,1,0,1
38362963,640.0624110609065,750,SM7,SM7 노바,21,126877,1998,5,7,3,0,0,1,1,1,1,1,1,0,1,0,0,0,0,0,1,1,0,0,0,0,0,0,1,0,0,1,0,1
41052697,813.3482474056841,1050,말리부,올 뉴 말리부,40,55964,1998,5,10,5,0,1,1,1,1,1,0,1,0,1,0,0,0,0,1,0,0,1,0,0,0,0,0,1,0,0,1,0,1
40859249,526.5779521455554,230,스파크,스파크,54,125913,995,5,14,0,0,0,1,0,1,0,0,1,0,1,0,0,0,0,1,0,0,1,0,0,0,0,0,0,0,1,1,0,1
41515324,529.273314565499,450,올란도,올란도,77,154609,1998,7,11,6,0,0,1,0,1,1,0,1,0,1,0,0,0,0,1,0,0,0,0,1,0,0,0,0,0,1,1,1,0
41608439,814.5976259860029,620,말리부,올 뉴 말리부,40,91315,1998,5,9,16,0,0,1,1,1,1,0,1,0,1,0,0,0,0,1,0,0,1,0,0,0,0,0,1,0,0,1,0,1
40608166,397.0685256503341,240,SM5,뉴SM5 플래티넘,19,192584,1998,5,13,12,0,0,1,1,1,0,1,1,0,1,0,0,0,0,0,1,1,0,0,0,0,0,0,1,0,0,1,0,1
41574469,1063.6126404216627,820,싼타페,싼타페 DM,56,169747,1995,5,14,5,1,1,1,1,1,1,1,1,1,1,1,0,0,0,0,0,0,0,0,1,0,0,0,0,1,0,1,1,0
41232279,986.97541951879,1499,K7,올 뉴 K7 하이브리드,12,168909,2359,5,8,2,1,1,1,1,1,1,1,1,1,1,0,1,0,0,0,0,0,0,1,0,0,0,0,0,1,0,1,0,1
41436277,1063.6126404216627,700,싼타페,싼타페 DM,56,193390,2199,7,13,3,0,0,1,1,1,1,1,1,1,1,1,0,0,0,0,0,0,0,0,1,0,0,0,0,1,0,1,1,0
41572174,817.7357216322383,1150,말리부,더 뉴 말리부,40,102743,1341,5,7,7,0,1,1,1,1,1,1,1,1,1,0,0,0,0,1,0,0,1,0,0,0,0,0,0,0,1,1,0,1
40317549,576.7830669370128,290,QM5,QM5,16,99034,1995,5,18,0,1,0,1,0,1,1,0,1,0,1,0,0,0,0,0,1,0,0,0,1,0,0,0,1,0,0,1,1,0
40771708,1247.5118753613704,1199,XM3,XM3,23,39752,1332,5,6,11,0,1,1,1,1,1,1,1,0,1,0,0,0,0,0,1,0,1,0,0,0,0,0,0,1,0,1,1,0
41233880,1262.8915334685064,1230,코나,코나,91,127240,1582,5,7,3,0,0,1,1,1,1,1,1,0,1,1,0,0,0,0,0,0,0,0,1,0,0,0,0,1,0,1,1,0
41543957,1027.800505582473,910,투싼,올 뉴 투싼,101,138584,1685,5,10,11,1,0,1,1,1,1,1,1,1,1,1,0,0,0,0,0,0,0,0,1,0,0,1,0,0,0,1,1,0
41542953,962.3768750735256,700,티볼리,티볼리,105,107124,1597,5,11,14,0,0,1,1,1,1,1,1,0,1,0,0,0,1,0,0,0,1,0,0,0,0,0,0,0,1,1,1,0
41130725,473.05967855859427,580,크루즈,올 뉴 크루즈,95,88164,1399,5,9,7,0,0,1,1,0,1,0,1,0,1,0,0,0,0,1,0,0,1,0,0,0,0,0,0,1,0,1,0,1
40644249,1059.139935930497,1059,모하비,모하비,43,99591,2959,7,13,5,0,1,1,1,1,1,1,1,0,1,0,1,0,0,0,0,0,0,0,1,0,0,0,1,0,0,1,1,0
41620453,1122.21175713316,880,카니발,올 뉴 카니발,85,193508,2199,9,11,3,1,0,1,1,1,1,1,1,1,1,0,1,0,0,0,0,0,0,0,1,0,0,0,1,0,0,1,1,0
41548539,1015.1390064538368,890,아이오닉,아이오닉 하이브리드,65,165510,1580,5,10,7,1,1,1,1,1,1,1,1,1,1,1,0,0,0,0,0,0,0,1,0,0,0,1,0,0,0,1,0,1
41055850,969.3889001833381,1170,티볼리,티볼리 에어,105,70772,1597,5,10,0,0,1,1,1,1,1,1,1,1,1,0,0,0,1,0,0,0,0,0,1,0,0,1,0,0,0,1,1,0
41386308,923.0393528184499,1550,그랜저,그랜저 IG,27,106640,2359,5,9,3,1,0,1,1,1,1,1,1,1,1,1,0,0,0,0,0,0,1,0,0,0,0,0,1,0,0,1,0,1
40694334,1152.9770278532783,750,쏘렌토,뉴 쏘렌토 R,58,150237,1995,5,13,9,0,0,1,1,1,1,1,1,1,1,0,1,0,0,0,0,0,0,0,1,0,0,0,0,1,0,1,1,0
41389551,935.928526081858,750,그랜저,그랜저 HG,27,152542,2999,5,12,2,0,0,1,1,1,1,0,1,1,1,1,0,0,0,0,0,0,1,0,0,0,0,1,0,0,0,1,0,1
41484159,1247.4949211722349,1550,렉스턴,G4 렉스턴,35,164946,2157,7,8,2,0,1,1,1,1,1,1,1,1,1,0,0,0,1,0,0,0,0,0,1,0,0,1,0,0,0,1,1,0
41166615,1035.3350952116489,1399,쏘렌토,올 뉴 쏘렌토,58,117665,1995,5,10,4,0,1,1,1,1,1,1,1,1,1,0,1,0,0,0,0,0,0,0,1,0,0,0,1,0,0,1,1,0
40810146,977.230670900442,390,쏘나타,YF 쏘나타,57,168388,1999,5,14,2,0,0,1,1,1,1,1,1,0,1,1,0,0,0,0,0,0,1,0,0,0,0,1,0,0,0,1,0,1
40991524,813.3482474056841,700,말리부,올 뉴 말리부,40,91342,1998,5,10,25,1,1,1,1,1,1,1,1,1,1,0,0,0,0,1,0,0,1,0,0,0,0,0,1,0,0,1,0,1
41619822,923.0393528184499,500,그랜저,그랜저 HG,27,185472,2999,5,13,0,0,1,1,1,1,1,1,1,1,1,1,0,0,0,0,0,0,1,0,0,0,0,0,1,0,0,1,0,1
41530686,1072.7523168570258,730,싼타페,싼타페 DM,56,189292,1995,5,13,12,0,0,1,1,1,1,1,1,1,1,1,0,0,0,0,0,0,0,0,1,0,0,0,0,1,0,1,1,0
41656655,852.0527265859381,380,K3,K3,10,201946,1582,5,11,8,0,0,1,1,1,0,1,1,0,1,0,1,0,0,0,0,0,0,0,1,0,0,1,0,0,0,1,0,1
41106211,553.7149246371913,230,올란도,올란도,77,251192,1998,7,13,2,0,0,1,1,0,1,1,1,0,1,0,0,0,0,1,0,1,0,0,0,0,0,0,0,1,0,1,1,0
41055970,652.8728432898197,599,캡티바,캡티바,90,60231,2231,7,13,12,1,0,1,1,1,1,1,1,0,1,0,0,0,0,1,0,0,0,0,1,0,0,1,0,0,0,1,1,0
40202994,1121.333920626105,1420,카니발,올 뉴 카니발,85,102762,2199,9,10,11,1,1,1,1,1,1,1,1,1,1,0,1,0,0,0,0,0,0,0,1,0,0,1,0,0,0,1,1,0
39729076,731.0503877135434,379,i40,i40,25,189263,1999,5,14,8,0,0,1,1,0,1,1,1,0,1,1,0,0,0,0,0,0,1,0,0,0,0,0,0,1,0,1,0,1
40101880,521.1936913921791,270,스파크,스파크,54,74829,995,5,13,2,0,0,1,0,0,0,0,1,0,1,0,0,0,0,1,0,0,1,0,0,0,0,0,0,0,1,1,0,1
41423637,923.0393528184499,650,그랜저,그랜저 HG,27,168934,2999,5,12,19,1,0,1,1,1,1,1,1,0,1,1,0,0,0,0,0,1,0,0,0,0,0,1,0,0,0,1,0,1
41461327,535.0819292958388,490,스파크,더 넥스트 스파크,54,117228,999,5,10,3,0,0,1,1,0,1,1,1,0,1,0,0,0,0,1,0,0,1,0,0,0,0,1,0,0,0,1,0,1
41493231,1389.3158649586906,1690,캐스퍼,캐스퍼,88,41006,998,4,4,0,0,0,1,1,1,1,1,1,1,1,1,0,0,0,0,0,0,1,0,0,0,0,0,0,0,1,1,0,1
41041849,969.3889001833381,1099,티볼리,베리 뉴 티볼리,105,102849,1497,5,7,2,0,1,1,1,0,1,1,1,1,1,0,0,0,1,0,0,0,1,0,0,0,0,0,0,0,1,1,1,0
41457157,989.5293758939163,1120,이쿼녹스,이쿼녹스,79,117685,1598,5,8,3,0,1,1,1,1,1,1,1,1,1,0,0,0,0,1,0,0,0,0,1,0,0,1,0,0,0,1,1,0
41599964,804.849667793527,739,SM6,SM6,20,51006,1997,5,10,9,0,0,1,1,1,1,1,1,0,1,0,0,0,0,0,1,0,1,0,0,0,0,0,0,1,0,1,0,1
41647623,1244.946731648438,699,G80,G80,5,246221,3342,5,10,2,0,1,1,1,1,1,1,1,1,1,0,0,1,0,0,0,0,1,0,0,0,0,0,1,0,0,1,0,1
41383192,928.4206454774875,1429,아반떼,아반떼 (CN7),62,108149,1591,5,5,3,0,0,1,1,1,1,1,1,1,1,1,0,0,0,0,0,1,0,0,0,0,0,1,0,0,0,1,0,1
41394636,941.3889022900747,1530,쏘나타,쏘나타 (DN8),57,96337,1999,5,7,1,0,1,1,1,1,1,1,1,0,1,1,0,0,0,0,0,0,1,0,0,0,0,0,0,0,1,1,0,1
41643769,935.928526081858,680,그랜저,그랜저 HG,27,76824,2359,5,15,6,1,0,1,1,1,1,1,1,0,1,1,0,0,0,0,0,0,1,0,0,0,0,1,0,0,0,1,0,1
41316600,970.8411733726565,590,티볼리,티볼리 에어,105,156494,1597,5,10,7,0,1,1,1,1,1,1,1,1,1,0,0,0,1,0,0,0,0,0,1,0,0,0,0,0,1,1,1,0
41623928,930.193512170366,880,쏘나타,LF 쏘나타,57,170934,1999,5,10,2,0,0,1,1,1,1,1,1,0,1,1,0,0,0,0,0,1,0,0,0,0,0,0,0,1,0,1,0,1
41570582,916.1401938066147,1680,그랜저,그랜저 IG 하이브리드,27,107574,2359,5,9,1,0,1,1,1,1,1,1,1,1,1,1,0,0,0,0,0,0,0,1,0,0,0,0,0,0,1,1,0,1
41624264,748.3294020283487,510,K5,K5 하이브리드,11,91109,1999,5,14,11,0,0,1,1,1,1,1,1,0,1,0,1,0,0,0,0,0,0,1,0,0,0,0,0,1,0,1,0,1
40995597,526.5779521455554,220,스파크,스파크,54,122065,995,5,13,15,0,0,1,0,0,0,0,1,0,0,0,0,0,0,1,0,0,1,0,0,0,0,0,0,0,1,1,0,1
41321671,389.9312687325189,270,SM5,뉴SM5 플래티넘,19,135240,1998,5,13,18,0,0,0,1,0,0,1,1,0,1,0,0,0,0,0,1,0,1,0,0,0,0,1,0,0,0,1,0,1
41569959,947.3443649473054,830,아반떼,아반떼 AD,62,93529,1591,5,9,14,0,0,1,1,0,1,1,1,0,1,1,0,0,0,0,0,0,1,0,0,0,0,1,0,0,0,1,0,1
41602615,935.928526081858,370,그랜저,그랜저 HG,27,178526,2359,5,15,16,1,0,1,1,1,1,1,1,0,1,1,0,0,0,0,0,0,1,0,0,0,0,0,1,0,0,1,0,1
40710399,817.29454516165,1100,말리부,더 뉴 말리부,40,75494,1998,5,7,9,0,0,1,1,1,1,1,1,1,1,0,0,0,0,1,0,0,1,0,0,0,0,0,1,0,0,1,0,1
40554101,833.2990788440546,280,코란도,뉴코란도 C,92,142166,1998,5,12,2,0,0,1,1,1,1,1,1,1,1,0,0,0,1,0,0,0,0,0,1,0,0,1,0,0,0,1,1,0
40886180,1057.082523447645,390,싼타페,싼타페 CM,56,146134,1995,7,17,19,1,0,1,0,1,0,0,1,0,1,1,0,0,0,0,0,0,0,0,1,0,0,1,0,0,0,1,1,0
41382890,723.7884711060512,600,QM3,QM3,15,124831,1461,5,11,6,0,0,1,1,1,1,1,1,0,0,0,0,0,0,0,1,0,0,0,1,0,0,0,0,0,1,1,1,0
41573883,988.0567474787636,1555,스타렉스,그랜드 스타렉스,50,167945,2497,12,9,8,0,0,1,1,0,0,1,1,0,1,1,0,0,0,0,0,0,0,0,1,0,0,0,0,1,0,1,1,0
41471243,793.5123984456893,1290,코란도,뷰티풀 코란도,92,143225,1597,5,7,2,1,1,1,1,1,1,1,1,1,1,0,0,0,1,0,0,0,0,0,1,0,0,0,0,0,1,1,1,0
41297662,793.5123984456893,1439,코란도,뷰티풀 코란도,92,94586,1497,5,6,1,0,0,1,1,1,1,1,1,1,1,0,0,0,1,0,0,0,1,0,0,0,0,1,0,0,0,1,1,0
41490375,923.0393528184499,599,그랜저,그랜저 HG,27,131763,3342,5,14,11,1,1,1,1,1,1,1,1,1,1,1,0,0,0,0,0,0,1,0,0,0,0,0,1,0,0,1,0,1
41054962,936.2255262529029,299,아반떼,아반떼 MD,62,173939,1591,5,14,13,0,0,1,0,1,1,0,1,0,0,1,0,0,0,0,0,0,1,0,0,0,0,0,0,1,0,1,0,1
41495129,987.5738331607303,799,스타렉스,그랜드 스타렉스,50,147284,2497,12,13,5,0,0,1,1,0,0,1,1,0,1,1,0,0,0,0,0,0,0,0,1,0,0,0,0,1,0,1,1,0
41256799,1055.403876132294,1690,니로,더 뉴 니로,29,16526,1580,5,5,13,0,0,1,1,1,1,0,1,0,1,0,1,0,0,0,0,0,0,1,0,0,0,0,0,1,0,1,1,0
40734671,1084.4388555279147,1590,카니발,더 뉴 카니발,85,169102,2199,9,8,3,1,1,1,1,1,1,1,1,1,1,0,1,0,0,0,0,0,0,0,1,0,0,0,1,0,0,1,1,0
41241999,963.6518467963097,680,티볼리,티볼리,105,109825,1597,5,11,10,1,0,1,1,1,1,1,1,0,1,0,0,0,1,0,0,0,1,0,0,0,0,0,0,0,1,1,1,0
41134920,1134.213586420232,1670,셀토스,셀토스,49,96149,1591,5,6,11,0,1,1,1,1,1,1,1,1,1,0,1,0,0,0,0,0,1,0,0,0,0,1,0,0,0,1,1,0
41474860,1121.333920626105,890,카니발,올 뉴 카니발,85,182484,2199,9,10,2,1,1,1,1,1,1,1,1,1,1,0,1,0,0,0,0,0,0,0,1,0,0,1,0,0,0,1,1,0
40715801,930.193512170366,1050,쏘나타,쏘나타 뉴 라이즈,57,145559,1999,5,9,1,0,0,1,1,1,1,1,1,1,1,1,0,0,0,0,0,1,0,0,0,0,0,0,1,0,0,1,0,1
41410054,1012.2538228903043,790,스타렉스,그랜드 스타렉스,50,119496,2497,11,15,2,1,0,1,1,1,0,0,1,0,1,1,0,0,0,0,0,0,0,0,1,0,0,0,0,1,0,1,1,0
41624463,511.37274562236945,850,스파크,더 뉴 스파크,54,34951,999,5,7,6,0,0,1,0,0,1,1,1,0,1,0,0,0,0,1,0,0,1,0,0,0,0,0,0,1,0,1,0,1
41501247,930.193512170366,1450,쏘나타,쏘나타 뉴 라이즈,57,63447,1999,5,9,4,0,0,1,1,1,1,1,1,1,1,1,0,0,0,0,0,0,1,0,0,0,0,0,1,0,0,1,0,1
41061116,1056.3121647680316,1599,스팅어,스팅어,53,122948,3342,5,8,10,1,1,1,1,1,1,1,1,1,1,0,1,0,0,0,0,0,1,0,0,0,0,0,0,0,1,1,0,1
41266266,402.80707679553126,429,SM5,뉴SM5 플래티넘,19,150057,1998,5,13,4,0,1,1,1,1,1,1,1,0,1,0,0,0,0,0,1,1,0,0,0,0,0,0,0,1,0,1,0,1
41296567,947.3443649473054,980,아반떼,아반떼 AD,62,71915,1591,5,9,12,0,0,1,1,0,1,1,1,0,1,1,0,0,0,0,0,0,1,0,0,0,0,0,0,1,0,1,0,1
40972963,1247.4949211722349,1680,렉스턴,G4 렉스턴,35,102448,2157,5,9,1,1,1,1,1,1,1,1,1,1,1,0,0,0,1,0,0,0,0,0,1,0,0,0,0,1,0,1,1,0
41631885,1379.3008305997773,1599,캐스퍼,캐스퍼,88,62587,998,4,3,0,0,0,1,1,1,1,1,1,1,1,1,0,0,0,0,0,0,1,0,0,0,0,1,0,0,0,1,0,1
41476154,923.0393528184499,1650,그랜저,그랜저 IG 하이브리드,27,129240,2359,5,9,1,0,1,1,1,1,1,1,1,1,1,1,0,0,0,0,0,0,0,1,0,0,0,0,0,1,0,1,0,1
41626055,672.6380015602682,570,모닝,올 뉴 모닝,42,98552,998,5,13,6,1,0,1,1,1,1,0,1,0,1,0,1,0,0,0,0,0,1,0,0,0,0,0,1,0,0,1,0,1
40812788,794.2714669994003,599,제네시스 쿠페,제네시스 쿠페,82,77043,1998,4,15,10,1,1,1,1,1,1,1,1,0,1,1,0,0,0,0,0,0,1,0,0,0,0,1,0,0,0,1,0,1
41567418,930.193512170366,990,쏘나타,LF 쏘나타,57,140620,1999,5,10,1,0,0,1,1,0,1,1,1,0,1,1,0,0,0,0,0,0,1,0,0,0,0,0,0,1,0,1,0,1
40821065,521.1936913921791,350,스파크,더 넥스트 스파크,54,90619,999,5,10,2,0,0,1,1,0,1,0,1,0,1,0,0,0,0,1,0,0,1,0,0,0,0,1,0,0,0,1,0,1
41428547,1216.6792949027229,1590,EQ900,EQ900,0,220866,3342,5,9,16,0,0,1,1,1,1,1,1,1,1,0,0,1,0,0,0,1,0,0,0,0,0,0,1,0,0,1,0,1
41146989,895.5676356997402,999,레이,더 뉴 레이,34,111890,998,2,5,0,0,0,1,1,0,0,1,0,0,0,0,1,0,0,0,0,0,1,0,0,0,0,1,0,0,0,1,0,1
41424479,768.0397857057295,770,트랙스,더 뉴 트랙스,103,102000,1598,5,6,6,0,0,1,1,0,1,0,1,0,1,0,0,0,0,1,0,0,0,0,1,0,0,0,1,0,0,1,1,0
40994302,1005.1859527579388,1190,투싼,올 뉴 투싼,101,113637,1995,5,9,6,0,0,1,1,0,1,1,1,0,1,1,0,0,0,0,0,0,0,0,1,0,0,0,0,1,0,1,1,0
36800906,576.7830669370128,329,QM5,뉴QM5,16,193113,1995,5,13,3,0,0,1,1,1,1,0,1,0,1,0,0,0,0,0,1,0,0,0,1,0,0,0,0,0,1,1,1,0
41218795,807.4456798684994,870,SM6,SM6,20,68271,1998,5,7,3,0,0,1,1,1,0,1,1,0,0,0,0,0,0,0,1,0,1,0,0,0,0,0,1,0,0,1,0,1
41511399,1229.585755916017,1680,트레일블레이저,트레일블레이저,104,69468,1341,5,4,3,0,1,1,1,1,1,0,0,0,1,0,0,0,0,1,0,0,1,0,0,0,0,0,1,0,0,1,1,0
40129001,969.3889001833381,699,티볼리,티볼리,105,77131,1597,5,11,4,0,0,1,1,0,1,1,1,0,1,0,0,0,1,0,0,0,0,0,1,0,0,0,0,1,0,1,1,0
41078420,936.9062313760018,630,아반떼,아반떼 AD,62,151844,1582,5,11,8,0,0,1,1,1,1,1,1,0,1,1,0,0,0,0,0,0,0,0,1,0,0,1,0,0,0,1,0,1
39881525,1084.4388555279147,1390,카니발,올 뉴 카니발,85,181975,2199,9,10,2,0,1,1,1,1,1,1,1,1,1,0,1,0,0,0,0,0,0,0,1,0,0,1,0,0,0,1,1,0
40666758,660.2276819994972,400,캡티바,캡티바,90,136127,1998,7,12,2,0,0,1,1,1,1,1,1,0,1,0,0,0,0,1,0,0,0,0,1,0,0,1,0,0,0,1,1,0
41616948,786.1911338740257,250,카렌스,뉴카렌스,86,178659,1998,7,18,2,0,0,0,1,0,0,1,1,0,1,0,1,0,0,0,0,1,0,0,0,0,0,0,1,0,0,1,1,0
41604810,910.4589389790043,329,제네시스,제네시스,81,228323,3342,5,14,11,0,1,1,1,1,1,1,1,1,1,1,0,0,0,0,0,0,1,0,0,0,0,0,0,1,0,1,0,1
41551339,868.079571411459,1599,K3,올 뉴 K3,10,37801,1598,5,5,2,0,0,0,0,0,0,0,0,0,0,0,1,0,0,0,0,0,1,0,0,0,0,1,0,0,0,1,0,1
40819804,848.803876132294,547,라보,뉴 라보,32,78685,796,2,8,1,0,0,0,0,0,0,0,0,0,0,0,0,0,0,1,0,1,0,0,0,0,0,1,0,0,0,0,1,0
41155798,628.8786338740257,190,마티즈,마티즈 크리에이티브,39,119504,995,5,17,4,0,0,1,0,0,0,0,1,0,1,0,0,0,0,1,0,0,1,0,0,0,0,1,0,0,0,1,0,1
41342317,723.7884711060512,520,QM3,QM3,15,125178,1461,5,12,7,0,0,1,1,1,1,1,1,0,0,0,0,0,0,0,1,0,0,0,1,0,0,1,0,0,0,1,1,0
41120566,967.6269960460112,870,티볼리,티볼리,105,81447,1597,5,11,1,1,1,1,1,1,1,1,1,1,1,0,0,0,1,0,0,0,0,0,1,0,0,1,0,0,0,1,1,0
41381928,1319.6151889790042,1450,QM6,QM6,17,56825,1995,5,9,0,1,1,1,1,1,1,1,1,1,1,0,0,0,0,0,1,0,0,0,1,0,0,1,0,0,0,1,1,0
41651602,1301.1905814198442,1430,QM6,QM6,17,55866,1995,5,7,6,0,1,1,1,1,1,1,1,1,1,0,0,0,0,0,1,0,0,0,1,0,0,0,1,0,0,1,1,0
41571678,967.6269960460112,1010,티볼리,티볼리 에어,105,87904,1597,5,10,2,1,1,1,1,1,1,1,1,0,1,0,0,0,1,0,0,0,0,0,1,0,0,1,0,0,0,1,1,0
39893609,467.5515672751364,690,크루즈,어메이징 뉴 크루즈,95,35148,1362,5,10,2,1,0,1,1,0,1,1,1,0,1,0,0,0,0,1,0,0,1,0,0,0,0,1,0,0,0,1,0,1
41592418,992.8099193332274,995,스타렉스,그랜드 스타렉스,50,167169,2497,5,10,2,0,0,0,0,0,0,0,0,0,0,1,0,0,0,0,0,0,0,0,1,0,0,0,0,1,0,1,1,0
41210437,511.37274562236945,850,스파크,더 넥스트 스파크,54,31420,999,5,8,3,0,0,1,1,1,1,0,1,0,1,0,0,0,0,1,0,0,1,0,0,0,0,0,0,1,0,1,0,1
41612393,833.2990788440546,620,코란도,코란도 스포츠,92,169253,1998,5,10,4,0,0,1,0,0,1,0,1,0,1,0,0,0,1,0,0,0,0,0,1,0,0,0,0,1,0,1,1,0
40891966,992.8099193332274,990,스타렉스,그랜드 스타렉스,50,145286,2497,12,13,2,0,0,1,0,0,0,0,1,1,1,1,0,0,0,0,0,0,0,0,1,0,0,0,0,1,0,1,1,0
41644122,1216.6792949027229,1290,EQ900,EQ900,0,182105,3342,5,10,16,0,1,1,1,1,1,1,1,1,1,0,0,1,0,0,0,0,1,0,0,0,0,0,1,0,0,1,0,1
41547453,487.41627910745245,380,크루즈,크루즈,95,71389,1796,5,13,6,1,0,1,1,1,1,0,1,0,1,0,0,0,0,1,0,0,1,0,0,0,0,1,0,0,0,1,0,1
41640329,1084.4388555279147,1580,카니발,올 뉴 카니발,85,90090,2199,9,8,0,0,1,1,1,1,1,1,1,1,1,0,1,0,0,0,0,0,0,0,1,0,0,0,1,0,0,1,1,0
41467739,1122.21175713316,1420,카니발,올 뉴 카니발,85,125998,2199,9,9,4,0,1,1,1,1,1,1,1,1,1,0,1,0,0,0,0,0,0,0,1,0,0,0,1,0,0,1,1,0
41142337,390.557300432829,239,SM5,SM5 뉴 임프레션,19,78651,1998,5,18,12,0,1,1,1,1,1,1,1,0,1,0,0,0,0,0,1,0,1,0,0,0,0,0,0,1,0,1,0,1
41444616,731.3465116724439,470,에쿠스,에쿠스(신형),73,179685,3778,5,15,10,0,1,1,1,1,1,1,1,1,1,1,0,0,0,0,0,0,1,0,0,0,0,0,1,0,0,1,0,1
41332152,535.0819292958388,250,스파크,스파크,54,118929,1000,5,15,8,0,0,0,0,0,0,0,0,0,0,0,0,0,0,1,0,0,1,0,0,0,0,0,1,0,0,1,0,1
41059531,802.5490122794023,550,트랙스,트랙스,103,75662,1362,5,13,10,1,0,1,1,0,0,0,1,0,1,0,0,0,0,1,0,0,1,0,0,0,0,0,0,1,0,1,1,0
41026798,793.5123984456893,1670,코란도,뷰티풀 코란도,92,83807,1497,5,6,4,0,0,1,1,1,1,1,1,0,1,0,0,0,1,0,0,0,1,0,0,0,0,1,0,0,0,1,1,0
40977048,626.3422304996457,430,SM7,SM7 노바,21,167307,2495,5,11,12,0,1,1,1,1,1,1,1,1,1,0,0,0,0,0,1,0,1,0,0,0,0,0,1,0,0,1,0,1
41028706,986.97541951879,790,K7,올 뉴 K7 하이브리드,12,203993,2359,5,9,9,0,0,1,1,1,1,1,1,1,1,0,1,0,0,0,0,0,0,1,0,0,0,0,0,1,0,1,0,1
41077038,816.6985223123376,360,트랙스,트랙스,103,125010,1362,5,13,9,0,0,1,1,0,0,1,1,0,1,0,0,0,0,1,0,0,1,0,0,0,0,0,1,0,0,1,1,0
41355144,390.557300432829,280,SM5,뉴SM5(신형),19,101973,1998,5,16,2,0,0,0,0,0,0,0,0,0,0,0,0,0,0,0,1,0,1,0,0,0,0,0,0,1,0,1,0,1
40666997,817.29454516165,590,말리부,올 뉴 말리부,40,184558,1998,5,10,6,1,1,1,1,1,1,1,1,1,1,0,0,0,0,1,0,0,1,0,0,0,0,0,1,0,0,1,0,1
41259849,725.2975377637889,899,카렌스,더 뉴 카렌스,86,118379,1999,7,10,11,0,0,1,1,0,1,1,1,1,1,0,1,0,0,0,0,1,0,0,0,0,0,1,0,0,0,1,1,0
41450496,778.9139391480519,1480,코란도,뷰티풀 코란도,92,81198,1497,5,5,2,0,0,1,1,1,1,1,1,1,1,0,0,0,1,0,0,0,1,0,0,0,0,1,0,0,0,1,1,0
41229532,813.3482474056841,900,말리부,올 뉴 말리부,40,87642,1490,5,9,5,0,0,1,1,1,1,0,1,1,1,0,0,0,0,1,0,0,1,0,0,0,0,1,0,0,0,1,0,1
41487134,1079.3476259860029,1200,싼타페,싼타페 더 프라임,56,118622,1995,5,10,1,0,1,1,1,1,1,0,1,1,1,1,0,0,0,0,0,0,0,0,1,0,0,1,0,0,0,1,1,0
41176505,936.9062313760018,1190,아반떼,아반떼 AD,62,79289,1591,5,10,6,0,1,1,1,1,1,1,1,1,1,1,0,0,0,0,0,0,1,0,0,0,0,0,0,1,0,1,0,1
41652312,539.6756970784525,590,스파크,더 넥스트 스파크,54,72418,999,5,10,0,0,0,1,0,1,0,0,1,0,1,0,0,0,0,1,0,0,1,0,0,0,0,1,0,0,0,1,0,1
41410847,811.0980067611623,480,제네시스 쿠페,제네시스 쿠페,82,137578,1998,4,16,4,1,1,1,0,1,1,1,1,0,1,1,0,0,0,0,0,0,1,0,0,0,0,0,0,1,0,1,0,1
41381050,884.6571584685064,1340,레이,더 뉴 레이,34,46423,998,5,6,6,0,0,1,1,1,1,1,1,0,1,0,1,0,0,0,0,0,1,0,0,0,0,0,1,0,0,1,0,1
41529815,1051.6974101665487,990,싼타페,싼타페 DM,56,170391,1995,5,11,21,1,1,1,1,1,1,1,1,1,1,1,0,0,0,0,0,0,0,0,1,0,0,1,0,0,0,1,1,0
41580681,936.9062313760018,1060,아반떼,아반떼 AD,62,74922,1591,5,9,4,0,0,1,1,0,1,1,1,0,1,1,0,0,0,0,0,0,1,0,0,0,0,0,0,1,0,1,0,1
39872642,535.2976053661823,660,올란도,올란도,77,71830,1998,7,10,8,0,0,1,1,0,1,1,1,0,1,0,0,0,0,1,0,1,0,0,0,0,0,1,0,0,0,1,1,0
41623169,1027.800505582473,1440,투싼,더 뉴 투싼 하이브리드 (NX4),101,4365,1598,5,1,2,0,1,1,1,1,1,1,1,1,1,1,0,0,0,0,0,0,0,1,0,0,0,0,0,1,0,1,1,0
38882308,553.7149246371913,390,올란도,올란도,77,147562,1998,7,11,7,0,0,0,1,0,0,1,0,0,0,0,0,0,0,1,0,1,0,0,0,0,0,0,0,1,0,1,1,0
39683293,1172.8618172554513,1620,쏘렌토,올 뉴 쏘렌토,58,80094,1995,5,10,16,0,1,1,1,1,1,1,1,1,1,0,1,0,0,0,0,0,0,0,1,0,0,1,0,0,0,1,1,0
40350742,1309.1947392425673,1150,QM6,QM6,17,108129,1995,5,9,5,1,1,1,1,1,1,1,1,1,1,0,0,0,0,0,1,0,0,0,1,0,0,1,0,0,0,1,1,0
40884132,1307.3450904664935,590,렉스턴,렉스턴 W,35,172144,1998,7,13,4,1,1,1,1,1,1,1,1,0,1,0,0,0,1,0,0,0,0,0,1,0,0,0,1,0,0,1,1,0
41245178,529.273314565499,380,올란도,올란도,77,204515,1998,7,12,0,0,0,1,1,0,1,1,1,0,1,0,0,0,0,1,0,0,0,0,1,0,0,0,0,1,0,1,1,0
41528473,813.3482474056841,1150,말리부,올 뉴 말리부,40,28924,1490,5,9,1,0,0,1,1,0,1,0,1,0,1,0,0,0,0,1,0,0,1,0,0,0,0,1,0,0,0,1,0,1
41360812,1279.2441861207396,1450,EQ900,EQ900,0,251263,3342,5,10,12,0,1,1,1,1,1,1,1,1,1,0,0,1,0,0,0,0,1,0,0,0,0,0,0,1,0,1,0,1
41619692,1005.1859527579388,1290,투싼,올 뉴 투싼,101,186538,1598,5,7,12,1,0,1,1,1,1,1,1,1,1,1,0,0,0,0,0,0,0,0,1,0,0,1,0,0,0,1,1,0
41366048,935.928526081858,1350,그랜저,그랜저 IG,27,126027,2999,5,8,13,0,1,1,1,1,1,1,1,1,1,1,0,0,0,0,0,0,1,0,0,0,0,0,0,1,0,1,0,1
41584629,1379.3008305997773,1650,캐스퍼,캐스퍼,88,30618,998,4,3,8,0,0,1,1,1,1,1,1,1,1,1,0,0,0,0,0,0,1,0,0,0,0,0,0,0,1,1,0,1
41442987,833.2990788440546,575,코란도,뉴코란도 C,92,89541,1998,5,13,3,1,0,1,1,1,1,1,1,0,1,0,0,0,1,0,0,0,0,0,1,0,0,1,0,0,0,1,1,0
41637930,1079.3476259860029,770,싼타페,싼타페 DM,56,189881,1995,5,11,17,1,0,1,1,1,1,1,1,1,1,1,0,0,0,0,0,0,0,0,1,0,0,0,0,1,0,1,1,0
41454481,597.2940892493505,280,알페온,알페온,70,130344,2384,5,15,11,1,0,1,1,1,1,0,1,0,1,0,0,0,0,1,0,0,1,0,0,0,0,0,1,0,0,1,0,1
40648835,591.8553779580085,350,엑센트,엑센트(신형),74,154850,1399,5,13,11,0,0,1,0,0,0,0,0,0,1,1,0,0,0,0,0,0,1,0,0,0,0,0,0,1,0,1,0,1
41560780,760.3828753088075,677,에쿠스,에쿠스(신형),73,170676,3778,5,12,11,0,1,1,1,1,1,1,1,1,1,1,0,0,0,0,0,0,1,0,0,0,0,0,1,0,0,1,0,1
41567883,1027.800505582473,300,투싼,투싼,101,142741,1991,5,20,13,0,0,1,0,1,0,0,1,0,1,1,0,0,0,0,0,0,0,0,1,0,0,1,0,0,0,1,1,0
41592059,856.0406977686312,970,베라크루즈,베라크루즈,46,235573,2959,7,13,4,0,1,1,1,1,1,1,1,1,1,1,0,0,0,0,0,0,0,0,1,0,0,0,1,0,0,1,1,0
40620667,704.8228682442713,470,모닝,더 뉴 모닝,42,68557,998,5,11,12,0,0,0,0,0,0,0,0,0,0,0,1,0,0,0,0,0,1,0,0,0,0,0,0,1,0,1,0,1
