매물ID,제조사,모델,현재가격,차량연령,주행거리_km,연료,색상,지역,변속기,배기량,차급,좌석수,상사명,압류건수,저당건수,보험이력공개여부,보험이력건수,성능점검유형,옵션_기본코드 개수,옵션_선택코드 개수,옵션_튜닝코드 개수,옵션_기타개수,주요옵션_선루프,주요옵션_헤드램프 (LED),주요옵션_주차감지센서,주요옵션_후방카메라,주요옵션_자동에어컨,주요옵션_스마트키,주요옵션_내비게이션,주요옵션_열선시트,주요옵션_통풍시트,주요옵션_가죽시트,교환_개수,판금_개수,부식_여부,교환_여부,판금_여부,외판수리_여부,보험이력_여부,사고종합_여부
41039835,0,78,3690,3,93138,3,17,1,1,1598,1,7,732,0,0,1,0,1,49,6,0,0,1,1,1,1,1,1,1,1,1,1,0,0,0,0,0,0,0,0
41646550,0,3,3850,3,57202,5,2,8,1,111,6,5,267,0,0,1,0,1,47,5,0,0,1,1,1,1,1,1,1,1,1,1,0,0,0,0,0,0,0,0
41560900,0,57,1599,6,102058,4,2,1,1,2199,0,9,972,0,0,1,0,1,40,1,0,0,1,0,1,1,0,1,0,1,1,1,0,0,0,0,0,0,0,0
41534991,0,95,3360,3,35678,1,22,1,1,3470,0,7,636,0,0,1,0,1,48,7,0,0,1,1,1,1,1,1,1,1,1,1,0,0,0,0,0,0,0,0
40925596,0,68,4190,5,22425,4,1,1,1,2959,1,5,727,0,0,1,0,1,47,3,0,0,0,1,1,1,1,1,1,1,1,1,0,0,0,0,0,0,0,0
41399309,0,39,490,11,191328,1,2,8,1,2359,3,5,144,0,0,1,11,1,39,2,0,0,0,0,1,1,1,1,1,1,1,1,2,0,0,1,0,1,1,1
41277239,0,68,3990,3,86932,4,17,1,1,2959,1,6,234,0,0,1,0,1,47,1,0,0,1,1,1,1,1,1,1,1,1,1,0,0,0,0,0,0,0,0
41539338,0,74,2990,4,15356,4,19,13,1,1998,1,5,745,0,0,1,0,1,44,3,0,0,0,1,1,1,1,1,1,1,1,1,0,0,0,0,0,0,0,0
41479916,0,95,3430,3,45850,4,22,1,1,2151,0,9,732,0,0,1,2,1,49,8,0,0,1,1,1,1,1,1,1,1,1,1,1,1,0,1,1,1,1,1
41530778,0,56,4190,2,21382,1,17,8,1,2497,1,6,133,0,0,1,0,1,50,5,0,0,0,1,1,1,1,1,1,1,1,1,0,0,0,0,0,0,0,0
41516567,0,86,900,9,184823,1,2,1,1,2359,3,5,153,0,0,1,4,1,42,1,0,0,1,1,1,1,1,1,1,1,1,1,2,0,0,1,0,1,1,1
40310580,0,86,1330,10,60118,1,17,5,1,2359,3,5,309,0,0,1,1,1,43,5,3,0,1,0,1,1,1,1,1,1,1,1,1,0,0,1,0,1,1,1
41433049,0,64,590,13,160418,1,2,1,1,998,2,5,864,0,0,1,1,1,27,3,0,0,0,0,1,0,1,1,0,1,0,1,1,2,0,1,1,1,1,1
40324931,0,64,699,10,108457,1,21,8,1,998,2,5,110,0,0,1,0,1,24,1,0,0,0,0,1,0,0,1,0,1,0,1,0,0,0,0,0,0,0,0
41415478,0,12,2190,3,73349,3,22,1,1,1999,7,5,478,0,0,1,0,1,37,2,0,0,0,1,1,1,1,1,0,1,1,1,0,0,0,0,0,0,0,0
41579911,0,64,420,14,180262,1,18,1,1,998,2,5,732,0,0,0,0,1,14,0,0,0,0,0,0,1,0,0,0,0,0,0,0,3,0,0,1,1,0,1
41441831,0,58,4550,2,22015,4,2,13,1,2151,0,9,968,0,0,1,0,1,51,8,0,0,1,1,1,1,1,1,1,1,1,1,0,0,0,0,0,0,0,0
41522007,0,44,1479,3,41880,1,2,5,1,998,2,5,299,0,0,1,0,1,27,1,1,0,0,0,1,1,0,1,0,1,1,1,1,0,0,1,0,1,0,1
41643591,0,7,380,14,170035,1,11,6,1,1998,7,5,197,0,0,1,0,1,25,0,0,0,0,0,1,1,1,0,1,1,0,1,2,0,0,1,0,1,0,1
41618428,0,86,1249,10,132330,1,22,6,1,3342,3,5,895,0,0,1,4,1,52,4,5,0,1,0,1,1,1,1,1,1,1,1,0,0,0,0,0,0,1,1
41564200,0,16,790,10,168238,3,2,1,1,2359,3,5,567,0,0,1,2,1,39,0,0,0,0,0,1,1,1,1,1,1,1,1,1,1,0,1,1,1,1,1
41561699,0,55,1530,8,89894,4,22,8,1,2199,1,7,109,0,0,1,3,1,39,3,0,0,0,1,1,1,1,1,1,1,1,1,4,2,0,1,1,1,1,1
40025698,0,47,660,5,75048,1,22,6,1,998,2,2,308,0,0,1,3,1,12,0,0,0,0,0,1,0,0,0,0,0,0,0,3,1,0,1,1,1,1,1
41480011,0,74,2400,4,49626,4,22,1,1,1998,1,5,732,0,0,1,3,1,38,4,0,0,0,1,1,1,1,1,1,1,1,1,0,1,0,0,1,1,1,1
41513095,0,64,679,9,78550,1,18,6,1,998,2,2,895,0,0,0,0,1,12,0,1,0,0,0,0,0,0,0,0,0,0,0,0,0,0,0,0,0,0,0
41576848,0,74,1999,4,82160,4,22,1,1,1998,1,5,10,0,0,1,3,1,38,4,0,0,0,1,1,1,1,1,1,1,1,1,4,2,0,1,1,1,1,1
41633485,0,18,3390,2,26915,3,2,5,1,1598,3,5,816,0,0,1,0,1,45,4,1,0,0,1,1,1,1,1,1,1,1,1,0,0,0,0,0,0,0,0
41644989,0,13,440,16,163196,1,2,8,1,2656,3,5,254,0,0,1,6,1,44,0,0,1,0,0,1,1,1,1,1,1,1,1,1,2,0,1,1,1,1,1
41583493,0,95,3390,3,55310,4,22,8,1,2151,0,7,135,0,0,1,1,1,50,5,0,0,1,1,1,1,1,1,1,1,1,1,1,1,0,1,1,1,1,1
41626055,0,88,570,12,98552,1,2,1,1,998,2,5,685,0,0,1,4,1,28,5,0,0,1,0,1,1,1,1,0,1,0,1,1,0,0,1,0,1,1,1
41574936,0,88,277,13,95315,1,21,5,1,998,2,5,833,0,0,1,11,1,17,1,0,0,0,0,1,0,0,0,0,1,0,1,0,0,0,0,0,0,1,1
41581488,0,57,1550,7,132062,4,2,5,1,2199,0,7,907,0,0,1,7,1,44,5,0,0,1,1,1,1,1,1,0,1,1,1,5,2,0,1,1,1,1,1
41590032,0,5,520,11,83765,1,14,7,1,1591,6,5,879,0,0,1,2,1,26,0,0,0,0,0,1,1,1,0,1,1,0,1,2,0,0,1,0,1,1,1
41116194,0,88,420,14,80500,1,18,5,1,998,2,5,722,0,0,1,0,1,17,0,0,0,0,0,1,0,0,0,0,1,0,1,2,0,0,1,0,1,0,1
41631262,0,78,2480,5,74290,4,1,13,1,2151,1,7,968,0,0,1,0,1,43,4,0,0,0,1,1,1,1,1,1,1,1,1,0,0,0,0,0,0,0,0
40930456,0,78,3190,3,80730,4,17,8,1,2151,1,5,326,0,0,1,0,1,43,2,0,0,0,1,1,1,1,1,1,1,1,1,0,0,0,0,0,0,0,0
41553078,0,90,890,10,191051,4,17,6,1,1995,1,5,197,0,0,1,1,1,28,0,0,0,0,0,1,1,0,1,0,1,0,1,0,0,0,0,0,0,1,1
39169201,0,8,859,8,136832,0,19,5,1,1999,7,5,797,0,0,1,2,1,32,0,0,1,1,0,1,1,0,1,1,1,0,1,2,0,0,1,0,1,1,1
41648181,0,95,2970,3,69664,4,22,1,1,2151,0,9,732,0,0,1,1,1,48,7,0,0,0,1,1,1,1,1,1,1,1,1,1,0,0,1,0,1,1,1
41566426,0,9,1850,4,47182,1,17,8,1,1999,7,5,492,0,0,1,7,1,41,3,0,0,0,1,1,1,1,1,1,1,1,1,6,2,0,1,1,1,1,1
41601531,0,14,2340,6,58577,1,22,5,1,2497,3,5,500,0,0,1,2,1,48,3,0,0,0,1,1,1,1,1,1,1,1,1,1,0,0,1,0,1,1,1
41359587,0,64,399,13,170516,1,14,8,1,998,2,2,535,0,0,1,5,1,13,0,0,2,0,0,0,1,0,0,1,0,0,0,2,1,0,1,1,1,1,1
41615817,0,95,2930,5,54463,4,21,7,1,2151,0,7,731,0,0,1,0,1,47,4,0,0,0,1,1,1,1,1,1,1,1,1,1,0,0,1,0,1,0,1
41101297,0,12,1839,6,88976,3,17,1,1,1999,7,5,82,0,0,1,2,1,47,4,0,0,1,1,1,1,1,1,1,1,1,1,5,0,0,1,0,1,1,1
41011379,0,28,1270,8,69389,3,17,5,1,1580,1,5,299,0,0,1,0,1,33,0,0,0,0,0,1,1,1,1,1,1,1,1,0,0,0,0,0,0,0,0
41588732,0,87,1300,8,151551,3,2,5,1,2359,3,5,522,0,0,1,0,1,42,0,0,0,0,1,1,1,1,1,1,1,1,1,3,0,0,1,0,1,0,1
41513717,0,47,1000,5,65830,1,19,1,1,998,2,5,859,0,0,1,2,1,20,1,0,0,0,0,1,0,0,1,0,1,0,1,0,1,0,0,1,1,1,1
41357341,0,92,1299,10,125053,1,22,5,1,3342,0,9,299,0,0,0,0,1,45,1,6,0,0,0,1,1,1,1,1,1,1,1,1,0,0,1,0,1,0,1
40975605,0,14,2250,6,61987,1,19,1,1,2497,3,5,845,0,0,1,1,1,49,5,0,0,1,1,1,1,1,1,1,1,1,1,1,1,0,1,1,1,1,1
41294322,0,50,1500,9,160780,4,17,8,1,2959,1,5,337,0,0,1,4,1,43,2,0,0,1,0,1,1,1,1,1,1,1,1,1,1,0,1,1,1,1,1
39880098,0,50,1157,9,203002,4,2,8,1,2959,1,5,337,0,0,1,9,1,42,0,0,0,0,0,1,1,1,1,1,1,1,1,0,1,0,0,1,1,1,1
40366720,0,89,550,8,72964,1,14,1,0,998,2,2,843,0,0,1,0,1,11,1,0,0,0,0,0,0,0,0,0,0,0,0,0,0,0,0,0,0,0,0
40902522,0,77,1750,7,103411,1,19,7,1,1999,1,5,324,0,0,1,0,1,37,1,0,0,0,1,1,1,0,1,1,1,1,1,0,0,0,0,0,0,0,0
40876092,0,68,4880,4,35271,4,2,1,1,2959,1,6,727,0,0,1,0,1,49,3,0,0,1,1,1,1,1,1,1,1,1,1,0,0,0,0,0,0,0,0
39064239,0,71,1690,8,101333,1,2,10,1,1998,7,5,28,0,0,1,4,1,47,2,0,0,1,1,1,1,1,1,1,1,1,1,0,0,0,0,0,0,1,1
41183344,0,78,2990,4,32461,3,17,1,1,1598,1,7,932,0,0,1,0,1,43,2,0,0,0,1,1,1,1,1,1,1,1,1,0,0,0,0,0,0,0,0
41183321,0,95,2720,4,75251,4,2,1,1,2151,0,9,10,0,0,1,1,1,40,4,0,0,0,1,1,1,1,1,1,1,1,1,1,0,0,1,0,1,1,1
40894434,0,74,2380,4,57752,1,22,10,1,1598,1,5,101,0,0,1,3,1,38,4,0,0,0,1,1,1,1,1,1,1,1,1,0,0,0,0,0,0,1,1
41165111,0,78,1990,4,129865,4,22,6,1,2151,1,5,993,0,0,1,0,1,33,3,0,0,0,1,1,1,1,1,1,1,0,1,4,0,0,1,0,1,0,1
41120902,0,92,1190,8,148398,4,22,8,1,2199,0,9,251,0,0,1,3,1,40,3,0,0,1,0,1,1,1,1,1,1,1,1,0,1,0,0,1,1,1,1
41244318,0,9,2730,3,36738,1,2,1,1,1598,7,5,662,0,0,1,1,1,46,5,0,0,1,1,1,1,1,1,1,1,1,1,0,0,0,0,0,0,1,1
41086304,0,68,2650,6,145318,4,2,1,1,2959,1,7,717,0,0,1,0,1,47,0,0,0,0,1,1,1,1,1,1,1,1,1,0,0,0,0,0,0,0,0
41078286,0,58,4790,2,12276,4,2,1,1,2151,0,7,802,0,0,1,1,1,52,7,0,0,1,1,1,1,1,1,1,1,1,1,0,0,0,0,0,0,1,1
41265623,0,62,2500,4,77952,3,22,8,1,1580,1,5,683,0,0,1,1,1,44,8,0,0,0,1,1,1,1,1,1,1,1,1,1,0,0,1,0,1,1,1
41232260,0,51,2700,3,50718,1,22,1,1,1598,1,5,859,0,0,1,2,1,42,4,0,0,0,1,1,1,1,1,1,1,1,1,0,0,0,0,0,0,1,1
41232193,0,78,3730,5,61581,3,22,1,1,1598,1,5,859,0,0,1,0,1,49,6,0,0,1,1,1,1,1,1,1,1,1,1,0,0,0,0,0,0,0,0
41290047,0,78,3199,5,55928,3,19,1,1,2151,1,7,331,0,0,1,0,1,49,0,0,1,1,1,1,1,1,1,1,1,1,1,0,0,0,0,0,0,0,0
41216402,0,50,1740,8,144668,4,2,13,1,2959,1,7,934,0,0,1,5,1,46,4,0,0,1,0,1,1,1,1,1,1,1,1,2,0,0,1,0,1,1,1
41219514,0,66,1299,4,38005,1,22,1,1,998,2,5,718,0,0,1,3,1,32,2,0,0,0,0,1,1,1,1,1,1,1,1,0,0,0,0,0,0,1,1
41214210,0,88,358,13,147136,1,17,13,1,998,2,5,509,0,0,1,3,1,23,3,0,0,0,0,1,1,0,0,1,1,0,1,0,0,0,0,0,0,1,1
41214161,0,15,1970,6,139295,3,22,1,1,2359,3,5,87,0,0,1,5,1,48,3,0,0,0,1,1,1,1,1,1,1,1,1,2,0,0,1,0,1,1,1
41282392,0,92,850,11,175625,4,2,1,1,2199,0,9,567,0,0,1,6,1,43,0,0,0,0,0,1,1,1,1,1,1,1,1,3,0,0,1,0,1,1,1
41306042,0,31,3150,7,51540,1,2,2,1,3778,3,5,463,0,0,1,3,1,56,1,0,0,1,1,1,1,1,1,1,1,1,1,0,0,0,0,0,0,1,1
41285001,0,55,1850,6,122836,4,22,1,1,1995,1,5,470,0,0,1,3,1,46,3,0,0,1,1,1,1,1,1,1,1,1,1,3,0,0,1,0,1,1,1
41291849,0,77,1620,6,78326,4,2,1,1,1598,1,5,331,0,0,1,0,1,34,2,0,0,0,0,1,1,1,1,1,1,1,1,0,0,0,0,0,0,0,0
41480594,0,95,4350,4,33109,1,22,10,1,3470,0,9,147,0,0,1,3,1,47,0,0,1,0,1,1,1,1,1,1,1,1,1,0,0,0,0,0,0,1,1
41323494,0,74,2680,4,60876,1,2,10,1,1598,1,5,702,0,0,1,2,1,45,5,0,0,1,1,1,1,1,1,1,1,1,1,0,0,0,0,0,0,1,1
41273062,0,58,4220,2,41007,3,22,1,1,1598,0,9,495,0,0,1,0,1,47,5,0,0,1,1,1,1,1,1,1,1,1,1,0,0,0,0,0,0,0,0
41269620,0,95,2980,5,93577,4,22,5,1,2151,0,9,684,0,0,1,0,1,48,6,0,0,0,1,1,1,1,1,1,1,1,1,0,0,0,0,0,0,0,0
41450231,0,36,1980,7,11100,1,17,8,1,1591,7,5,14,0,0,1,0,1,46,3,0,0,1,1,1,1,1,1,1,1,1,1,0,0,0,0,0,0,0,0
41457872,0,57,1350,7,131120,4,17,1,1,2199,0,9,491,0,0,1,3,1,41,2,0,0,0,0,1,1,1,1,1,1,1,1,1,0,0,1,0,1,1,1
41397394,0,47,8899,4,64695,1,22,1,1,998,2,5,640,0,0,1,1,1,24,1,0,0,0,0,1,1,0,1,1,1,0,0,0,0,0,0,0,0,1,1
41368129,0,9,1599,6,122229,0,2,1,1,1999,7,5,874,0,0,1,0,1,38,3,0,0,0,1,1,1,1,1,1,1,1,1,0,0,0,0,0,0,0,0
41360019,0,78,2690,4,67137,3,17,10,1,1598,1,7,788,0,0,1,0,1,43,2,0,0,0,1,1,1,1,1,1,1,1,1,3,0,0,1,0,1,0,1
41343438,0,69,1680,6,74661,4,19,8,1,1598,1,5,915,0,0,1,5,1,40,3,0,0,1,1,1,1,1,1,1,1,1,1,2,0,0,1,0,1,1,1
41325701,0,74,2920,4,24706,1,2,1,1,1598,1,5,12,0,0,1,3,1,47,3,0,0,1,1,1,1,1,1,1,1,1,1,0,1,0,0,1,1,1,1
41325389,0,3,3490,3,25905,5,17,1,1,111,6,5,234,0,0,1,0,1,41,1,0,0,0,1,1,1,1,1,1,1,1,1,0,0,0,0,0,0,0,0
41321233,0,14,1430,5,140452,0,14,1,1,2999,3,5,461,0,0,1,2,1,29,1,0,0,0,1,1,1,1,1,1,1,0,1,1,0,0,1,0,1,1,1
41567297,0,59,1290,8,71469,0,22,8,1,1999,0,7,41,0,0,1,6,1,38,2,0,0,0,0,1,1,1,1,1,1,1,1,0,0,0,0,0,0,1,1
41557454,0,9,2290,5,77943,1,22,5,1,1999,7,5,929,0,0,1,0,1,45,7,0,0,1,1,1,1,1,1,1,1,1,1,0,0,0,0,0,0,0,0
41566326,0,10,500,14,136184,3,22,10,1,1999,7,5,787,0,0,1,7,1,32,1,0,0,0,0,1,1,1,1,0,1,0,1,2,0,0,1,0,1,1,1
41322597,0,56,4190,2,44945,1,2,1,1,2497,1,7,570,0,0,1,0,1,51,7,0,0,1,1,1,1,1,1,1,1,1,1,0,0,0,0,0,0,0,0
41321593,0,78,2730,4,52284,4,2,1,1,2151,1,6,920,0,0,1,0,1,43,4,0,0,0,1,1,1,1,1,1,1,1,1,0,1,0,0,1,1,0,1
41550648,0,70,900,8,123927,4,17,10,1,1582,1,5,686,0,0,1,4,1,30,2,0,0,0,0,1,1,0,1,1,1,0,1,0,1,0,0,1,1,1,1
41520750,0,78,2580,4,90273,4,17,1,1,2151,1,5,640,0,0,1,0,1,42,1,0,0,0,1,1,1,1,1,1,1,1,1,0,0,0,0,0,0,0,0
41607635,0,78,3420,5,59283,4,22,1,1,2151,1,5,811,0,0,1,1,1,48,3,0,0,1,1,1,1,1,1,1,1,1,1,0,1,0,0,1,1,1,1
41608967,0,78,2600,5,112993,4,19,7,1,2151,1,5,684,0,0,1,0,1,48,4,0,0,1,1,1,1,1,1,1,1,1,1,0,2,0,0,1,1,0,1
41543722,0,55,1690,8,144444,4,19,8,1,2199,1,5,185,0,0,1,1,1,46,2,0,0,0,1,1,1,1,1,1,1,1,1,0,1,0,0,1,1,1,1
41486346,0,56,4700,2,32563,3,2,1,1,1598,1,5,447,0,0,1,0,1,50,4,0,0,0,1,1,1,1,1,1,1,1,1,0,0,0,0,0,0,0,0
41619939,0,58,3590,1,30751,1,22,1,1,3470,0,7,668,0,0,1,2,1,47,0,0,0,0,1,1,1,1,1,1,1,1,1,0,0,0,0,0,0,1,1
41619608,0,44,1880,1,5041,1,18,13,1,998,2,5,320,0,0,1,0,1,35,3,0,0,0,0,1,1,1,1,1,1,1,1,0,0,0,0,0,0,0,0
41631096,0,33,639,9,130526,4,14,1,1,1582,6,5,927,0,0,1,2,1,31,3,0,0,0,0,1,1,1,1,1,1,0,1,0,1,0,0,1,1,1,1
41606317,0,73,820,10,171532,4,2,1,1,1685,1,5,584,0,0,1,2,1,32,1,0,0,0,0,1,1,1,1,1,1,0,1,0,0,0,0,0,0,1,1
41427445,0,69,1870,3,83942,1,22,8,1,1591,1,5,679,0,0,1,1,1,28,2,0,0,0,0,1,1,1,1,1,1,0,1,0,0,0,0,0,0,1,1
41603809,0,68,4660,3,63948,4,22,8,1,2959,1,5,680,0,0,1,0,1,47,4,0,0,1,1,1,1,1,1,1,1,1,1,0,0,0,0,0,0,0,0
41083782,0,95,8888,3,80159,1,2,8,1,3470,0,7,680,0,0,1,0,1,47,2,0,0,0,1,1,1,1,1,1,1,1,1,0,0,0,0,0,0,0,0
41584169,0,34,2580,4,9865,1,22,8,1,1598,6,5,194,0,0,1,0,1,33,1,0,0,0,0,1,1,1,1,1,1,1,1,0,0,0,0,0,0,0,0
41578256,0,49,1620,0,124,1,18,8,1,998,2,5,266,0,0,1,0,1,28,3,0,0,0,0,1,1,1,1,1,0,0,0,0,0,0,0,0,0,0,0
41553507,0,78,3280,3,64643,1,2,1,1,2497,1,5,208,0,0,1,1,1,47,1,0,0,1,1,1,1,1,1,1,1,1,1,0,0,0,0,0,0,1,1
41534754,0,47,1350,5,24653,1,22,5,1,998,2,5,912,0,0,1,0,1,30,3,0,0,0,0,1,1,1,1,1,1,0,1,0,0,0,0,0,0,0,0
41531357,0,64,620,13,106466,1,22,5,1,998,2,5,975,0,0,1,6,1,22,0,0,0,0,0,1,1,0,0,1,1,0,1,1,1,0,1,1,1,1,1
41621000,0,69,1730,4,98547,4,22,1,1,1598,1,5,173,0,0,1,0,1,37,4,0,0,0,1,1,1,1,1,1,1,1,1,2,1,0,1,1,1,0,1
41626386,0,34,9999,4,42832,1,22,1,1,1598,6,5,920,0,0,1,0,0,32,3,0,0,0,0,1,1,1,1,1,1,0,1,0,0,0,0,0,0,0,0
41646532,0,74,2490,4,83678,1,22,1,1,1598,1,5,470,0,0,1,1,1,45,1,0,0,0,1,1,1,1,1,1,1,1,1,0,0,0,0,0,0,1,1
41625772,0,5,640,12,102904,1,2,1,1,1591,6,5,479,0,0,1,1,1,33,4,0,0,1,0,1,1,1,1,1,1,1,1,2,0,0,1,0,1,1,1
41456166,0,69,2190,4,65443,1,22,1,1,1591,1,5,177,0,0,1,0,1,44,5,0,0,1,1,1,1,1,1,1,1,1,1,0,0,0,0,0,0,0,0
41587596,0,69,2220,4,28647,1,22,1,1,1591,1,5,230,0,0,1,0,1,41,3,0,0,0,1,1,1,1,1,1,1,1,1,0,0,0,0,0,0,0,0
41486984,0,69,2450,4,64217,1,17,10,1,1591,1,5,232,0,0,1,1,1,42,6,0,0,1,1,1,1,1,1,1,1,1,1,0,0,0,0,0,0,1,1
41478299,0,78,2580,4,69508,1,17,8,1,2497,1,6,482,0,0,1,0,1,43,4,0,0,0,1,1,1,1,1,1,1,1,1,0,0,0,0,0,0,0,0
41484182,0,47,960,5,109780,1,21,1,1,998,2,5,640,0,0,1,0,1,23,1,0,0,0,0,1,1,0,1,1,1,0,1,0,0,0,0,0,0,0,0
41587876,0,58,4450,2,37225,4,2,1,1,2151,0,7,570,0,0,1,1,1,51,5,0,0,0,1,1,1,1,1,1,1,1,1,0,0,0,0,0,0,1,1
41567976,0,62,3260,1,25248,3,17,1,1,1580,1,5,521,0,0,1,0,1,45,3,0,0,0,1,1,1,1,1,1,1,1,1,0,0,0,0,0,0,0,0
41559549,0,0,4190,0,4967,5,22,8,1,237,1,5,18,0,0,1,0,1,47,5,0,0,0,1,1,1,1,1,1,1,1,1,0,0,0,0,0,0,0,0
41552732,0,8,730,10,161360,1,11,7,1,1999,7,5,333,0,0,1,5,1,22,0,0,0,0,0,1,1,0,0,0,1,0,1,0,0,0,0,0,0,1,1
41541794,0,34,1259,4,145729,1,22,8,1,1598,6,5,486,0,0,1,0,1,33,1,0,0,0,0,1,1,1,1,1,1,1,1,0,0,0,0,0,0,0,0
40961671,0,9,1740,5,84382,1,2,10,1,1999,7,5,943,0,0,1,4,1,38,2,0,0,0,1,1,1,1,1,1,1,1,1,0,0,0,0,0,0,1,1
40937074,0,74,2390,4,98807,1,22,1,1,1598,1,5,896,0,0,1,0,1,41,5,0,0,0,1,1,1,1,1,1,1,1,1,0,0,0,0,0,0,0,0
40979194,0,78,3190,3,74334,3,17,1,1,1598,1,7,161,0,0,1,0,1,43,2,0,0,0,1,1,1,1,1,1,1,1,1,0,0,0,0,0,0,0,0
40891241,0,77,1150,7,114063,4,14,7,1,1995,1,5,333,0,0,1,7,1,31,2,0,1,0,0,1,0,0,0,1,1,1,1,3,1,0,1,1,1,1,1
40918490,0,68,5120,4,45212,4,22,1,1,2959,1,6,55,0,0,1,0,1,49,4,0,0,1,1,1,1,1,1,1,1,1,1,0,0,0,0,0,0,0,0
40925408,0,92,1350,9,97783,4,17,13,1,2199,0,9,757,0,0,1,1,1,37,0,0,0,0,0,1,1,1,1,1,1,1,1,0,0,0,0,0,0,1,1
40669509,0,38,2830,2,21835,3,11,1,1,1999,7,5,874,0,0,1,0,1,41,2,0,0,0,1,1,1,1,1,1,1,1,1,0,0,0,0,0,0,0,0
41433854,0,73,1490,8,99488,4,22,8,1,1995,1,5,450,0,0,1,0,1,38,4,0,0,1,0,1,1,1,1,1,1,1,1,0,1,0,0,1,1,0,1
41407469,0,78,3350,5,63047,4,2,1,1,2151,1,5,175,0,0,1,1,1,48,4,0,0,0,1,1,1,1,1,1,1,1,1,0,0,0,0,0,0,1,1
41404804,0,17,1620,4,122694,0,17,1,1,3470,3,5,504,0,0,1,2,1,38,1,0,0,0,1,1,1,1,1,1,1,1,1,2,0,0,1,0,1,1,1
41386320,0,36,1270,7,142870,1,22,5,1,1999,7,5,684,0,0,1,1,1,38,2,0,0,0,1,1,1,1,1,1,1,1,1,0,0,0,0,0,0,1,1
41155848,0,92,1460,11,89624,4,22,10,1,2199,0,9,366,0,0,1,0,1,44,2,0,1,1,0,1,1,1,1,1,1,1,1,0,0,0,0,0,0,0,0
41151022,0,58,3620,1,49011,4,22,1,1,2151,0,9,212,0,0,1,1,1,46,2,0,0,0,1,1,1,1,1,1,1,1,1,0,0,0,0,0,0,1,1
41149062,0,85,1450,6,67572,1,22,6,1,1598,6,5,35,0,0,1,1,1,32,1,0,0,0,0,1,1,1,1,1,1,1,1,0,0,0,0,0,0,1,1
41142305,0,78,2650,4,25982,4,17,10,1,2151,1,7,438,0,0,1,0,1,30,1,0,0,0,1,1,1,0,1,0,1,0,1,0,0,0,0,0,0,0,0
41122014,0,95,1850,5,178451,4,2,1,1,2151,0,9,718,0,0,1,1,1,38,3,0,0,0,1,1,1,1,1,1,1,1,1,0,0,0,0,0,0,1,1
41102597,0,50,1990,8,127913,4,2,5,1,2959,1,7,593,0,0,1,3,1,46,4,0,0,1,0,1,1,1,1,1,1,1,1,0,0,0,0,0,0,1,1
41246655,0,95,3220,3,67368,4,21,4,1,2151,0,9,682,0,0,1,0,1,46,2,0,0,0,1,1,1,1,1,1,1,1,1,0,0,0,0,0,0,0,0
40962524,0,68,3790,5,53136,4,2,1,1,2959,1,7,488,0,0,1,0,1,48,2,0,0,1,1,1,1,1,1,1,1,1,1,0,0,0,0,0,0,0,0
41243729,0,7,550,13,133240,1,22,1,1,1999,7,5,776,0,0,1,1,1,33,2,0,0,0,0,1,1,1,1,1,1,0,1,0,0,0,0,0,0,1,1
41243523,0,58,4250,2,40008,4,22,8,1,2151,0,7,200,0,0,1,0,1,49,4,0,0,0,1,1,1,1,1,1,1,1,1,0,0,0,0,0,0,0,0
41198126,0,56,4030,2,14929,3,22,8,1,1598,1,5,111,0,0,1,0,1,47,4,0,0,0,1,1,1,1,1,1,1,1,1,0,0,0,0,0,0,0,0
40963298,0,9,2379,6,73755,1,17,7,1,1999,7,5,600,0,0,1,0,1,46,3,0,0,0,1,1,1,1,1,1,1,1,1,0,0,0,0,0,0,0,0
40972229,0,95,3990,4,37725,1,2,1,1,3470,0,9,920,0,0,1,0,1,50,2,0,0,0,1,1,1,1,1,1,1,1,1,0,0,0,0,0,0,0,0
41455223,0,14,1680,6,113872,1,2,8,1,2497,3,5,267,0,0,1,3,1,43,0,0,0,0,1,1,1,1,1,1,1,1,1,0,0,0,0,0,0,1,1
41018151,0,86,1330,9,143004,1,22,5,1,2359,3,5,494,0,0,1,1,1,47,3,0,0,1,1,1,1,1,1,1,1,1,1,0,0,0,0,0,0,1,1
41534420,0,9,1870,4,85742,0,2,1,1,1999,7,5,619,0,0,1,0,1,35,1,0,0,0,1,1,1,1,1,1,1,1,1,0,2,0,0,1,1,0,1
41429351,0,57,1600,7,138780,4,22,1,1,2199,0,7,799,0,0,1,5,1,42,3,0,0,0,1,1,1,1,1,1,1,1,1,1,0,0,1,0,1,1,1
41636734,0,85,1190,7,87943,1,17,1,1,1598,6,5,477,0,0,1,0,1,29,1,0,0,0,0,1,1,0,0,1,1,1,1,0,0,0,0,0,0,0,0
41295382,0,7,487,14,152825,0,22,5,1,1999,7,5,950,0,0,1,0,1,19,0,0,0,0,0,0,1,0,0,1,1,0,1,0,0,0,0,0,0,0,0
41658864,0,95,2100,5,163008,4,22,1,1,2151,0,9,523,0,0,1,0,1,41,8,0,0,0,1,1,1,1,1,1,1,1,1,0,0,0,0,0,0,0,0
41528724,0,88,490,11,62728,1,18,1,1,998,2,5,212,0,0,1,4,1,16,2,0,0,0,0,1,0,0,0,0,1,0,1,1,0,0,1,0,1,1,1
41152902,0,47,970,5,39085,1,22,1,1,998,2,2,253,0,0,1,1,1,20,0,0,0,0,0,1,1,0,1,1,1,0,1,0,0,0,0,0,0,1,1
41530678,0,78,3750,5,42113,1,17,1,1,2497,1,6,549,0,0,1,0,1,48,4,0,0,0,1,1,1,1,1,1,1,1,1,0,0,0,0,0,0,0,0
41622362,0,44,1150,3,54885,1,17,5,1,998,2,5,684,0,0,1,4,1,28,4,0,0,0,0,1,1,1,1,1,0,0,0,5,2,0,1,1,1,1,1
41057953,0,90,1150,11,80082,4,17,5,1,1995,1,7,401,0,0,1,0,1,38,1,0,0,0,0,1,1,1,1,1,1,1,1,0,0,0,0,0,0,0,0
41444177,0,73,1250,8,141452,4,22,1,1,1995,1,5,920,0,0,1,1,1,39,4,0,0,0,0,1,1,1,1,1,1,1,1,0,0,0,0,0,0,1,1
41367586,0,74,2790,4,44340,1,2,1,1,1598,1,5,478,0,0,1,0,1,45,2,0,0,1,1,1,1,1,1,1,1,1,1,1,0,0,1,0,1,0,1
41611284,0,95,2199,5,74848,4,22,8,1,2151,0,9,492,0,0,1,0,1,37,4,0,0,0,1,1,1,1,1,1,1,1,1,4,2,0,1,1,1,0,1
41515591,0,57,1690,6,123622,4,17,1,1,2199,0,9,920,0,0,1,2,1,41,1,0,0,0,0,1,1,1,1,1,1,1,1,2,3,0,1,1,1,1,1
41581696,0,88,439,11,159619,1,18,6,1,998,2,5,895,0,0,0,0,1,24,1,1,0,1,0,1,1,0,1,1,1,0,1,0,0,0,0,0,0,0,0
41597380,0,69,1650,3,53186,1,2,8,1,1591,1,5,492,0,0,1,3,1,20,0,0,0,0,0,1,0,0,0,0,0,0,0,6,1,0,1,1,1,1,1
41469845,0,71,1470,7,113328,1,8,1,1,1998,7,5,793,0,0,1,6,1,45,0,0,0,0,1,1,1,1,1,1,1,1,1,0,1,0,0,1,1,1,1
41598544,0,92,850,11,182518,4,17,7,1,2199,0,9,278,0,0,1,8,1,37,1,0,0,1,0,1,1,1,1,1,1,1,1,4,0,0,1,0,1,1,1
41357448,0,96,380,12,248746,4,2,6,1,2199,0,9,197,0,0,1,0,1,28,0,0,0,1,0,1,1,1,0,0,1,0,1,2,0,0,1,0,1,0,1
41632132,0,77,1690,7,97969,1,22,1,1,1999,1,5,920,0,0,1,1,1,39,2,0,0,0,1,1,1,1,1,1,1,1,1,2,0,0,1,0,1,1,1
41542323,0,64,690,10,88268,1,22,8,1,998,2,5,172,0,0,1,3,1,31,2,0,0,0,0,1,1,1,1,1,1,0,1,4,2,0,1,1,1,1,1
41565714,0,39,420,13,197255,0,17,6,1,2999,3,5,197,0,0,1,0,1,31,0,0,0,0,0,1,0,1,0,0,1,1,1,1,1,0,1,1,1,0,1
41617166,0,39,640,13,140925,1,2,5,1,2359,3,5,722,0,0,1,0,0,42,3,0,0,1,0,1,1,1,1,1,1,1,1,0,0,0,0,0,0,0,0
41572420,0,39,450,12,236104,0,2,1,1,2999,3,5,920,0,0,1,5,1,34,0,0,0,0,0,1,1,1,1,1,1,0,1,0,5,0,0,1,1,1,1
41635559,0,64,698,10,160591,1,2,5,1,998,2,5,750,0,0,1,6,1,28,1,0,0,0,0,1,1,0,1,1,1,0,1,3,0,0,1,0,1,1,1
41564318,0,95,3389,3,30278,1,22,5,1,3470,0,9,715,0,0,1,0,1,45,4,2,0,0,1,1,1,1,1,1,1,1,1,0,0,0,0,0,0,0,0
41478037,0,85,1340,7,95889,1,22,1,1,1598,6,5,479,0,0,1,2,1,41,5,0,0,1,1,1,1,1,1,1,1,1,1,1,1,0,1,1,1,1,1
41515497,0,9,1820,6,60797,1,22,1,1,1598,7,5,920,0,0,1,1,1,44,5,0,0,0,1,1,1,1,1,1,1,1,1,5,1,0,1,1,1,1,1
40957078,0,74,2570,4,70176,4,17,8,1,1998,1,5,326,0,0,1,0,1,43,2,0,0,0,1,1,1,1,1,1,1,1,1,0,0,0,0,0,0,0,0
41256396,0,74,3079,3,28685,1,22,5,1,1598,1,5,715,0,0,1,0,1,45,3,2,0,0,1,1,1,1,1,1,1,1,1,0,0,0,0,0,0,0,0
41444539,0,78,2770,3,89186,1,22,1,1,2497,1,6,815,0,0,1,3,1,48,7,0,0,0,1,1,1,1,1,1,1,1,1,2,0,0,1,0,1,1,1
41618505,0,67,820,11,238931,4,2,6,1,2959,1,7,895,0,0,1,0,1,44,1,0,0,1,0,1,1,1,1,1,1,1,1,1,1,0,1,1,1,0,1
41621941,0,31,1830,7,196745,1,2,7,1,3778,3,5,804,0,0,1,11,1,56,1,0,0,0,1,1,1,1,1,1,1,1,1,3,0,0,1,0,1,1,1
41378676,0,5,470,13,140284,1,22,6,1,1591,6,5,895,0,0,1,0,1,31,0,3,0,0,0,1,1,1,1,1,1,0,1,3,0,0,1,0,1,0,1
41410021,0,74,2490,4,104917,1,22,6,1,1598,1,5,895,0,0,1,3,1,46,7,0,0,1,1,1,1,1,1,1,1,1,1,3,1,0,1,1,1,1,1
41559615,0,64,499,13,143066,1,10,5,1,998,2,5,833,0,0,1,6,1,26,2,0,0,0,0,1,1,0,0,1,1,0,1,1,1,0,1,1,1,1,1
41596618,0,94,440,14,124018,1,11,2,1,1396,4,5,155,0,0,1,9,1,25,1,0,0,0,0,1,1,0,0,1,1,0,1,2,0,0,1,0,1,1,1
41586468,0,92,690,10,249171,4,22,5,1,2199,0,9,471,0,0,1,2,1,38,1,0,0,0,0,1,1,1,1,1,1,1,1,1,0,0,1,0,1,1,1
41342160,0,57,1590,7,78928,4,22,1,1,2199,0,9,732,0,0,1,3,1,39,1,0,0,0,0,1,1,1,1,1,1,1,1,1,1,0,1,1,1,1,1
41285365,0,57,1990,6,81305,4,22,8,1,2199,0,9,172,0,0,1,1,1,44,5,0,0,0,1,1,1,1,1,1,1,1,1,1,0,0,1,0,1,1,1
41651126,0,76,650,13,80218,4,11,6,1,1995,1,5,197,0,0,1,0,1,38,2,0,0,1,0,1,1,1,1,1,1,1,1,6,0,0,1,0,1,0,1
41511876,0,9,1650,4,108628,1,17,1,1,1598,7,5,920,0,0,1,4,1,41,3,0,0,0,1,1,1,1,1,0,1,1,1,4,0,0,1,0,1,1,1
41094100,0,47,537,7,131099,1,22,8,1,998,2,2,337,0,0,1,0,1,15,1,0,1,0,0,1,0,0,0,0,0,0,1,3,1,0,1,1,1,0,1
41573289,0,28,860,9,188255,3,2,1,1,1580,1,5,792,0,0,1,4,1,34,2,0,0,0,0,1,1,1,1,1,1,1,1,0,2,0,0,1,1,1,1
40987938,0,71,1880,7,90424,1,19,1,1,1998,7,5,732,0,0,1,2,1,47,3,0,0,0,1,1,1,1,1,1,1,1,1,3,0,0,1,0,1,1,1
41637075,0,89,870,8,27324,1,18,7,1,998,2,5,204,0,0,1,4,1,27,1,0,0,0,0,1,1,0,1,1,1,0,1,1,0,0,1,0,1,1,1
41302193,0,48,690,10,80392,1,22,1,1,998,2,5,76,0,0,1,0,1,29,2,0,1,0,0,1,1,0,1,1,1,0,1,0,0,0,0,0,0,0,0
41366708,0,95,2990,5,83538,4,22,1,1,2151,0,9,76,0,0,1,0,1,48,6,0,0,0,1,1,1,1,1,1,1,1,1,0,0,0,0,0,0,0,0
41325392,0,68,3440,5,88638,4,22,1,1,2959,1,6,76,0,0,1,0,1,49,3,0,0,1,1,1,1,1,1,1,1,1,1,0,0,0,0,0,0,0,0
41515040,0,78,3490,3,24715,1,22,1,1,2497,1,6,76,0,0,1,0,1,49,7,0,0,1,1,1,1,1,1,1,1,1,1,0,0,0,0,0,0,0,0
41515072,0,47,899,4,98823,1,22,1,1,998,2,2,76,0,0,1,0,1,17,0,0,0,0,0,1,0,0,0,0,1,0,1,0,0,0,0,0,0,0,0
41257556,0,74,2740,4,55196,1,22,1,1,1598,1,5,76,0,0,1,3,1,44,4,0,0,0,1,1,1,1,1,1,1,1,1,0,1,0,0,1,1,1,1
41408366,0,95,2590,5,86970,4,2,1,1,2151,0,9,76,0,0,1,0,1,38,3,0,0,0,1,1,1,1,1,1,1,1,1,0,0,0,0,0,0,0,0
41427723,0,95,2850,5,88563,4,2,6,1,2151,0,9,169,0,0,1,1,1,45,3,0,0,0,1,1,1,1,1,1,1,1,1,0,0,0,0,0,0,1,1
41566018,0,95,2550,5,126917,4,22,6,1,2151,0,9,169,0,0,1,1,1,45,6,0,0,1,1,1,1,1,1,1,1,1,1,0,0,0,0,0,0,1,1
41497181,0,9,2150,5,122154,1,22,6,1,1598,7,5,169,0,0,1,4,1,47,6,0,0,1,1,1,1,1,1,1,1,1,1,0,0,0,0,0,0,1,1
41517378,0,55,1790,7,145212,4,22,6,1,2199,1,5,169,0,0,1,1,1,48,3,0,0,0,1,1,1,1,1,1,1,1,1,0,0,0,0,0,0,1,1
40811152,0,92,1090,9,174614,4,2,7,1,2199,0,7,64,0,0,1,2,1,44,2,0,0,1,0,1,1,1,1,1,1,1,1,0,1,0,0,1,1,1,1
41150418,0,97,4490,0,7273,1,14,7,1,2497,8,5,64,0,0,1,0,1,45,0,0,9,1,1,1,1,1,1,1,1,1,1,0,0,0,0,0,0,0,0
41652718,0,47,1590,4,23355,1,18,7,1,998,2,5,64,0,0,1,0,1,31,3,0,0,0,0,1,1,1,1,1,1,0,1,0,0,0,0,0,0,0,0
41631980,0,95,3590,3,37670,1,22,7,1,3470,0,7,64,0,0,1,0,1,50,6,0,0,1,1,1,1,1,1,1,1,1,1,0,0,0,0,0,0,0,0
41075188,0,31,2390,7,90316,1,2,7,1,3342,3,5,64,0,0,1,0,1,49,1,0,0,0,1,1,1,1,1,1,1,1,1,0,0,0,0,0,0,0,0
41434746,0,31,2890,6,66146,1,22,7,1,3778,3,5,64,0,0,1,0,1,49,1,0,0,0,1,1,1,1,1,1,1,1,1,0,0,0,0,0,0,0,0
41052080,0,74,2990,4,26640,4,14,7,1,1998,1,5,64,0,0,1,0,1,45,3,0,0,0,1,1,1,1,1,1,1,1,1,0,0,0,0,0,0,0,0
41159334,0,12,2430,4,52159,3,19,6,1,1999,7,5,758,0,0,1,0,1,46,4,0,0,0,1,1,1,1,1,1,1,1,1,1,0,0,1,0,1,0,1
41384843,0,95,3150,5,114881,1,2,1,1,3470,0,7,716,0,0,1,4,1,48,2,0,0,0,1,1,1,1,1,1,1,1,1,0,0,0,0,0,0,1,1
41555465,0,95,3099,4,95168,4,22,1,1,2151,0,9,716,0,0,1,1,1,50,8,0,0,1,1,1,1,1,1,1,1,1,1,0,0,0,0,0,0,1,1
40975713,0,82,1599,6,61357,1,8,13,1,1591,6,5,239,0,0,1,0,1,39,0,0,0,0,1,1,1,1,1,0,1,1,1,0,0,0,0,0,0,0,0
40981104,0,56,3940,2,30479,4,17,1,1,2151,1,5,776,0,0,1,0,1,49,2,0,0,0,1,1,1,1,1,1,1,1,1,0,0,0,0,0,0,0,0
41338353,0,74,2790,4,74977,4,22,1,1,1998,1,5,9,0,0,1,6,1,46,3,0,0,0,1,1,1,1,1,1,1,1,1,0,5,0,0,1,1,1,1
41652771,0,95,2850,5,80324,4,2,1,1,2151,0,9,887,0,0,1,1,1,47,7,0,0,0,1,1,1,1,1,1,1,1,1,0,0,0,0,0,0,1,1
41632912,0,47,1400,7,15486,1,22,7,1,998,2,5,684,0,0,1,0,1,30,2,0,0,0,0,1,1,1,1,1,1,0,1,0,0,0,0,0,0,0,0
41660341,0,74,2050,4,95837,4,17,1,1,1998,1,5,890,0,0,1,0,1,38,2,0,0,0,1,1,1,1,1,1,1,1,1,1,0,0,1,0,1,0,1
41631046,0,89,999,7,31094,1,22,1,1,998,2,5,922,0,0,1,2,1,29,0,0,0,0,0,1,1,0,1,1,1,0,1,2,0,0,1,0,1,1,1
41601447,0,76,820,13,82618,4,2,1,1,1995,1,5,490,0,0,1,1,1,32,0,0,0,0,0,1,1,1,1,1,1,0,1,0,0,0,0,0,0,1,1
41464190,0,92,1740,9,123592,4,22,5,1,2199,0,9,558,0,0,1,0,1,40,2,0,0,0,0,1,1,1,1,1,1,1,1,0,0,0,0,0,0,0,0
41444069,0,78,2680,4,77805,4,22,1,1,2151,1,6,10,0,0,1,0,1,43,5,0,0,0,1,1,1,1,1,1,1,1,1,0,0,0,0,0,0,0,0
41450235,0,95,2860,5,141626,4,2,10,1,2151,0,7,101,0,0,1,0,1,49,6,0,0,1,1,1,1,1,1,1,1,1,1,0,0,0,0,0,0,0,0
41662209,0,95,3090,5,26833,4,2,10,1,2151,0,9,686,0,0,1,0,1,44,3,0,0,0,1,1,1,1,1,1,1,1,1,0,0,0,0,0,0,0,0
41658263,0,37,2250,1,66868,0,22,1,1,1999,7,5,887,0,0,1,2,1,39,4,0,0,0,1,1,1,0,1,1,1,1,1,1,0,0,1,0,1,1,1
41286004,0,14,2050,6,62571,1,19,1,1,2497,3,5,208,0,0,1,4,1,49,5,0,0,1,1,1,1,1,1,1,1,1,1,0,0,0,0,0,0,1,1
41340216,0,69,2220,3,38660,1,22,1,1,1591,1,5,572,0,0,1,0,1,38,1,0,0,0,1,1,1,0,1,0,1,1,1,0,0,0,0,0,0,0,0
41350192,0,85,1039,7,133172,1,22,1,1,1598,6,5,822,0,0,1,2,1,38,4,0,1,0,1,1,1,1,1,1,1,1,1,4,0,0,1,0,1,1,1
41432486,0,38,3190,2,26440,3,2,1,1,1999,7,5,631,0,0,1,1,1,45,3,0,0,0,1,1,1,1,1,1,1,1,1,0,0,0,0,0,0,1,1
41399493,0,74,1899,4,101766,4,17,8,1,1998,1,5,486,0,0,1,0,1,33,2,0,0,0,1,1,1,1,1,1,1,0,1,0,0,0,0,0,0,0,0
41648443,0,47,1490,4,20612,1,22,1,1,998,2,5,732,0,0,1,0,1,29,2,0,0,0,0,1,1,0,1,0,1,0,1,0,0,0,0,0,0,0,0
41250041,0,92,1840,8,85554,4,22,1,1,2199,0,7,859,0,0,1,1,1,42,1,0,0,0,0,1,1,1,1,1,1,1,1,0,0,0,0,0,0,1,1
41297943,0,57,2080,7,162538,4,22,1,1,2199,0,7,636,0,0,1,3,1,44,1,0,0,0,1,1,1,1,1,1,1,1,1,0,0,0,0,0,0,1,1
41406116,0,51,2750,3,18183,1,19,1,1,1598,1,5,208,0,0,1,0,1,47,5,0,0,0,1,1,1,1,1,1,1,1,1,0,0,0,0,0,0,0,0
41406300,0,34,1720,4,65780,1,17,1,1,1598,6,5,640,0,0,1,0,1,30,3,0,0,0,0,1,1,1,1,1,1,0,1,0,0,0,0,0,0,0,0
41410755,0,9,1850,5,65843,1,2,1,1,1598,7,5,883,0,0,1,1,1,39,2,0,0,0,1,1,1,1,1,1,1,1,1,2,0,0,1,0,1,1,1
41384687,0,71,2330,7,67079,1,22,8,1,3342,7,5,195,0,0,1,3,1,49,0,0,0,0,1,1,1,1,1,1,1,1,1,1,0,0,1,0,1,1,1
41383237,0,56,5190,0,5852,1,2,1,1,2497,1,5,55,0,0,1,0,1,51,5,0,1,1,1,1,1,1,1,1,1,1,1,0,0,0,0,0,0,0,0
38286776,0,33,1020,9,63225,1,22,1,1,1591,6,5,626,0,0,1,6,1,28,1,0,0,0,0,1,1,1,0,0,1,0,1,3,0,0,1,0,1,1,1
41416240,0,36,1749,7,60369,1,2,13,1,1999,7,5,817,0,0,1,1,1,43,4,0,0,1,1,1,1,1,1,1,1,1,1,0,0,0,0,0,0,1,1
41398893,0,88,350,14,141203,1,11,1,1,998,2,5,932,0,0,1,2,1,23,2,0,0,0,0,1,1,0,0,1,1,0,1,0,0,0,0,0,0,1,1
40815759,0,9,1850,5,83179,1,2,1,1,1598,7,5,79,0,0,1,5,1,41,3,0,0,1,1,1,1,1,1,1,1,1,1,2,0,0,1,0,1,1,1
41649498,0,74,3550,2,23420,1,22,10,1,1598,1,5,746,0,0,1,0,1,47,6,0,0,1,1,1,1,1,1,1,1,1,1,0,0,0,0,0,0,0,0
41647132,0,9,2190,6,105956,1,17,1,1,1598,7,5,83,0,0,1,1,1,47,8,0,0,1,1,1,1,1,1,1,1,1,1,0,0,0,0,0,0,1,1
41658778,0,47,1290,7,36238,1,18,8,1,998,2,5,172,0,0,1,1,1,30,2,0,0,0,0,1,1,1,1,1,1,0,1,0,0,0,0,0,0,1,1
41623529,0,88,555,14,131153,1,22,6,1,998,2,5,237,0,0,1,4,1,24,3,0,0,0,0,1,1,1,0,1,1,0,1,2,0,0,1,0,1,1,1
41535000,0,85,1130,7,125016,1,19,1,1,1598,6,5,572,0,0,1,6,1,34,2,0,0,0,1,1,1,0,1,1,1,1,1,1,2,0,1,1,1,1,1
40547815,0,73,1020,10,102790,4,22,8,1,1995,1,5,269,0,0,1,1,1,30,2,0,0,0,0,1,1,0,1,1,1,0,1,1,0,0,1,0,1,1,1
40802637,0,16,650,11,160230,3,17,8,1,2359,3,5,556,0,1,1,0,1,34,1,0,0,1,0,1,1,1,1,0,1,0,1,0,0,0,0,0,0,0,0
40819417,0,78,2490,5,65065,4,19,1,1,2151,1,5,79,0,0,1,0,1,44,4,0,0,0,1,1,1,1,1,1,1,1,1,0,0,0,0,0,0,0,0
40717166,0,64,630,13,80403,1,21,10,1,998,2,5,375,0,0,1,3,1,27,2,0,0,0,0,1,1,1,1,0,1,0,1,0,1,0,0,1,1,1,1
41285342,0,51,2650,2,34953,1,17,6,1,1598,1,5,46,0,0,1,0,1,41,4,0,0,0,1,1,1,1,1,1,1,1,1,0,0,0,0,0,0,0,0
41261244,0,95,2880,5,76969,1,2,5,1,3470,0,7,719,0,0,1,2,1,47,6,0,0,0,1,1,1,1,1,1,1,1,1,1,0,0,1,0,1,1,1
41279460,0,69,2200,4,18339,1,19,10,1,1591,1,5,912,0,0,1,0,1,41,4,0,0,0,1,1,1,1,1,1,1,1,1,0,0,0,0,0,0,0,0
41274735,0,51,3040,2,30455,1,22,8,1,1999,1,5,450,0,0,1,0,1,42,3,0,0,0,1,1,1,1,1,1,1,1,1,0,0,0,0,0,0,0,0
41288420,0,95,4490,3,47939,4,22,1,1,2151,0,9,119,0,0,1,0,1,50,3,0,0,0,1,1,1,1,1,1,1,1,1,0,0,0,0,0,0,0,0
41247816,0,64,540,10,157546,1,22,1,1,998,2,2,22,0,0,1,1,1,14,0,0,1,0,0,1,1,0,0,1,0,0,0,0,0,0,0,0,0,1,1
41245045,0,18,3260,3,20090,3,17,1,1,1598,3,5,457,0,0,0,0,1,50,3,0,0,0,1,1,1,1,1,1,1,1,1,0,0,0,0,0,0,0,0
41469678,0,69,1999,4,72851,1,22,8,1,1591,1,5,482,0,0,1,0,1,37,3,0,0,0,0,1,1,1,1,1,1,1,1,0,0,0,0,0,0,0,0
41435157,0,64,690,13,100264,1,17,7,1,998,2,5,825,0,0,1,7,1,25,1,0,0,0,0,1,1,0,0,1,1,0,1,1,0,0,1,0,1,1,1
41476605,0,78,2930,5,128553,3,17,1,1,1598,1,7,577,0,0,1,1,1,48,5,0,0,0,1,1,1,1,1,1,1,1,1,0,0,0,0,0,0,1,1
41471442,0,56,3999,2,20454,3,2,8,1,1598,1,5,535,0,0,1,4,1,48,1,0,0,0,1,1,1,1,1,1,1,1,1,0,0,0,0,0,0,1,1
41454946,0,17,2580,4,118381,1,14,8,1,3470,3,5,683,0,0,1,0,1,53,5,0,0,1,1,1,1,1,1,1,1,1,1,0,3,0,0,1,1,0,1
41425198,0,62,3450,1,11206,3,22,8,1,1580,1,5,109,0,0,1,1,1,45,5,0,0,0,1,1,1,1,1,1,1,1,1,0,0,0,0,0,0,1,1
41158898,0,57,2080,7,117660,4,22,7,1,2199,0,7,908,0,0,1,0,1,45,3,0,0,0,1,1,1,1,1,1,1,1,1,0,0,0,0,0,0,0,0
41085946,0,88,999,11,135688,1,18,1,1,998,2,5,325,0,0,1,0,1,26,2,0,0,0,0,1,1,1,0,1,1,0,1,0,0,0,0,0,0,0,0
41033801,0,78,3590,3,41421,4,22,7,1,2151,1,5,333,0,0,1,1,1,49,6,0,0,1,1,1,1,1,1,1,1,1,1,0,0,0,0,0,0,1,1
40996628,0,18,3180,4,58754,3,22,10,1,1598,3,5,912,0,0,1,2,1,52,8,0,0,1,1,1,1,1,1,1,1,1,1,0,0,0,0,0,0,1,1
41043405,0,9,2240,5,40214,1,17,1,1,1598,7,5,12,0,0,1,0,1,41,4,0,0,0,1,1,1,1,1,1,1,1,1,0,0,0,0,0,0,0,0
40977367,0,95,2670,4,96960,4,22,8,1,2151,0,9,116,0,0,1,0,1,39,4,0,0,0,1,1,1,1,1,1,1,1,1,0,0,0,0,0,0,0,0
41557822,0,69,2090,6,52678,1,22,10,1,1591,1,5,688,0,0,1,1,1,37,2,0,0,1,1,1,1,0,1,0,1,1,1,0,0,0,0,0,0,1,1
41558817,0,95,3900,5,71895,4,2,1,1,2151,0,9,732,0,0,1,1,1,48,2,0,0,0,1,1,1,1,1,1,1,1,1,0,0,0,0,0,0,1,1
41542146,0,74,2990,3,60026,1,17,6,1,1598,1,5,183,0,0,1,0,1,45,2,0,1,0,1,1,1,1,1,1,1,1,1,0,0,0,0,0,0,0,0
41483834,0,75,2730,3,118327,3,2,1,1,1598,1,5,10,0,0,1,2,1,47,4,0,0,1,1,1,1,1,1,1,1,1,1,0,1,0,0,1,1,1,1
41517428,0,74,2860,3,68036,1,22,1,1,1598,1,5,12,0,0,1,1,1,46,2,0,0,0,1,1,1,1,1,1,1,1,1,0,0,0,0,0,0,1,1
41504385,0,86,1620,9,82927,1,2,1,1,2359,3,5,175,0,0,1,1,1,49,3,0,0,0,1,1,1,1,1,1,1,1,1,0,0,0,0,0,0,1,1
41510687,0,95,2990,5,89341,4,2,1,1,2151,0,9,431,0,0,1,0,1,48,6,0,0,0,1,1,1,1,1,1,1,1,1,0,0,0,0,0,0,0,0
41587253,0,85,1330,7,63312,1,17,1,1,1598,6,5,12,0,0,1,2,1,31,3,0,0,0,0,1,1,1,1,1,1,1,1,1,0,0,1,0,1,1,1
41585366,0,64,999,10,56968,1,2,13,1,998,2,5,877,0,0,1,4,1,30,4,0,0,0,0,1,1,1,1,1,1,0,1,0,0,0,0,0,0,1,1
41562265,0,29,1349,6,166618,5,22,1,1,180,1,5,704,0,0,1,4,1,39,2,0,0,0,1,1,1,1,1,1,1,1,1,0,0,0,0,0,0,1,1
41575960,0,45,2050,1,47327,5,2,10,1,133,2,4,666,0,0,1,0,1,35,1,0,0,0,0,1,1,1,1,1,1,1,1,0,0,0,0,0,0,0,0
41568309,0,77,1580,7,130479,4,22,10,1,1995,1,5,963,0,0,1,6,1,43,5,0,0,1,1,1,1,1,1,1,1,1,1,0,0,0,0,0,0,1,1
41564048,0,37,3270,1,10157,1,14,10,1,1598,7,5,912,0,0,1,0,1,46,2,0,0,0,1,1,1,1,1,1,1,1,1,0,0,0,0,0,0,0,0
41610345,0,67,1080,12,126030,4,22,8,1,2959,1,7,251,0,0,1,0,1,44,2,0,0,1,0,1,1,1,1,1,1,1,1,0,0,0,0,0,0,0,0
41611279,0,55,1980,8,82067,4,17,5,1,2199,1,7,684,0,0,1,1,1,44,5,0,0,0,1,1,1,1,1,1,1,1,1,1,0,0,1,0,1,1,1
41610060,0,85,1250,7,64556,1,22,8,1,1598,6,5,269,0,0,1,6,1,30,3,0,0,0,0,1,1,0,1,1,1,1,1,0,0,0,0,0,0,1,1
41606545,0,95,2960,3,72437,1,2,1,1,3470,0,9,922,0,0,1,0,1,48,7,0,0,1,1,1,1,1,1,1,1,1,1,0,0,0,0,0,0,0,0
41604741,0,75,2990,2,41630,3,2,1,1,1598,1,5,776,0,0,1,0,1,44,3,0,0,0,1,1,1,1,1,1,1,1,1,1,0,0,1,0,1,0,1
41606293,0,7,475,15,168023,1,22,2,1,1998,7,5,663,0,0,1,8,1,39,5,0,0,1,0,1,1,1,1,1,1,1,1,1,6,0,1,1,1,1,1
41588365,0,49,1860,1,9489,1,22,1,1,998,2,5,633,0,0,1,0,1,35,3,0,0,0,1,1,1,1,1,1,1,1,1,0,0,0,0,0,0,0,0
41597046,0,47,950,8,106317,1,21,1,1,998,2,5,874,0,0,1,4,1,30,2,0,0,0,0,1,1,1,1,1,1,0,1,1,0,0,1,0,1,1,1
41619325,0,17,1890,4,145252,0,2,1,1,3470,3,5,22,0,0,1,0,1,39,4,0,0,1,1,1,1,1,1,1,1,1,1,1,1,0,1,1,1,0,1
41606297,0,92,1650,10,102446,4,2,7,1,2199,0,9,48,0,0,1,3,1,44,0,0,0,0,0,1,1,1,1,1,1,1,1,3,0,0,1,0,1,1,1
41604709,0,95,3300,5,96793,1,2,1,1,3470,0,9,890,0,0,1,1,1,49,1,0,0,0,1,1,1,1,1,1,1,1,1,0,0,0,0,0,0,1,1
41651537,0,56,3490,2,49449,4,17,10,1,2151,1,5,438,0,0,1,0,0,41,0,0,0,0,1,1,1,1,1,1,1,1,1,0,0,0,0,0,0,0,0
41654658,0,34,1960,3,85586,1,22,10,1,1598,6,5,100,0,0,1,7,1,40,1,0,0,0,1,1,1,1,1,1,1,1,1,2,1,0,1,1,1,1,1
41584390,0,75,2850,4,54875,3,22,5,1,1598,1,5,684,0,0,1,1,1,39,5,0,0,0,1,1,1,1,1,1,1,1,1,0,0,0,0,0,0,1,1
41565746,0,66,1100,4,113203,1,3,10,1,998,2,5,924,0,0,1,0,1,33,2,0,0,0,0,1,1,1,1,1,1,1,1,0,0,0,0,0,0,0,0
41632685,0,64,750,12,62508,1,2,8,1,998,2,5,172,0,0,1,3,1,25,3,0,0,0,0,1,1,0,1,0,1,0,1,0,1,0,0,1,1,1,1
41616652,0,95,3090,3,48431,1,17,10,1,3470,0,9,100,0,0,1,1,1,47,5,0,0,0,1,1,1,1,1,1,1,1,1,0,0,0,0,0,0,1,1
41427499,0,18,2220,4,127168,3,14,8,1,1598,3,5,680,0,0,1,2,1,43,1,0,0,0,1,1,1,1,1,1,1,1,1,2,0,0,1,0,1,1,1
41550793,0,78,3140,3,80048,3,22,8,1,1598,1,5,679,0,0,1,1,1,48,4,0,0,1,1,1,1,1,1,1,1,1,1,1,0,0,1,0,1,1,1
41658240,0,95,3640,4,37882,1,2,8,1,3470,0,9,679,0,0,1,1,1,49,5,0,0,0,1,1,1,1,1,1,1,1,1,0,3,0,0,1,1,1,1
41147834,0,68,3490,4,104871,4,2,1,1,2959,1,5,165,0,0,1,0,1,47,1,0,0,0,1,1,1,1,1,1,1,1,1,0,0,0,0,0,0,0,0
41495531,0,36,1750,7,56041,1,2,1,1,1999,7,5,165,0,0,1,1,1,42,3,0,0,0,1,1,1,1,1,1,1,1,1,0,0,0,0,0,0,1,1
41656923,0,39,680,13,182533,1,2,1,1,2999,3,5,824,0,0,1,6,1,41,0,0,0,0,0,1,1,1,1,1,1,1,1,1,0,0,1,0,1,1,1
41590083,0,13,450,15,118522,1,2,7,1,2656,3,5,204,0,0,1,0,1,34,2,0,0,1,0,1,1,1,1,1,1,0,1,0,0,0,0,0,0,0,0
41047309,0,92,1050,10,195059,4,2,7,1,2199,0,7,64,0,0,1,1,1,43,1,0,0,1,0,1,1,1,1,1,1,1,1,1,0,0,1,0,1,1,1
41399113,0,14,1390,6,238025,1,2,7,1,2497,3,5,64,0,0,1,0,1,48,3,0,0,0,1,1,1,1,1,1,1,1,1,0,2,0,0,1,1,0,1
41595295,0,66,1200,4,47340,1,2,5,1,998,2,5,738,0,0,1,2,1,29,1,0,0,0,0,1,1,1,1,1,1,1,1,0,0,0,0,0,0,1,1
41486890,0,95,3290,5,67631,1,2,5,1,3470,0,9,738,0,0,1,0,1,49,2,0,0,0,1,1,1,1,1,1,1,1,1,0,0,0,0,0,0,0,0
41408873,0,52,3350,1,6946,1,2,1,1,1598,1,5,360,0,0,1,0,1,37,0,0,1,0,1,1,1,1,1,1,1,1,1,0,0,0,0,0,0,0,0
41156070,0,34,1499,4,84226,1,17,1,1,1598,6,5,360,0,0,1,5,1,33,1,0,0,0,0,1,1,1,1,1,1,1,1,0,0,0,0,0,0,1,1
40825671,0,68,3590,5,85449,4,14,7,1,2959,1,7,49,0,0,1,1,1,48,3,0,0,1,1,1,1,1,1,1,1,1,1,0,0,0,0,0,0,1,1
41633612,0,72,3090,5,44503,1,22,7,1,3342,7,5,49,0,0,1,1,1,45,0,0,0,0,1,1,1,1,1,1,1,1,1,0,0,0,0,0,0,1,1
41304484,0,86,1190,9,169620,1,22,5,1,3342,3,5,719,0,0,1,2,1,52,4,0,0,1,1,1,1,1,1,1,1,1,1,0,0,0,0,0,0,1,1
41276469,0,92,990,10,185283,4,22,12,1,2199,0,9,355,0,0,1,1,1,39,2,0,0,0,0,1,1,1,1,1,1,1,1,0,0,0,0,0,0,1,1
41657315,0,44,1770,3,13001,1,18,8,1,998,2,5,150,0,0,1,0,1,34,3,0,0,0,0,1,1,1,1,1,1,1,1,0,0,0,0,0,0,0,0
41647369,0,49,1900,1,26868,1,22,5,1,998,2,5,684,0,0,1,0,1,36,3,0,0,1,1,1,1,1,1,1,1,1,1,0,0,0,0,0,0,0,0
41635954,0,95,3390,4,110675,1,2,7,1,3470,0,9,909,0,0,1,0,1,50,2,0,0,0,1,1,1,1,1,1,1,1,1,0,0,0,0,0,0,0,0
41653813,0,66,1480,5,23771,1,22,7,1,998,2,5,140,0,0,1,0,0,33,3,0,0,0,0,1,1,1,1,1,1,1,1,0,0,0,0,0,0,0,0
41635672,0,3,3950,3,59532,5,22,1,1,111,6,5,10,0,0,1,5,1,42,3,0,0,1,1,1,1,1,1,1,1,0,0,0,0,0,0,0,0,1,1
41466166,0,86,1300,7,116097,1,17,10,1,2359,3,5,740,0,0,1,2,1,48,2,0,0,0,1,1,1,1,1,1,1,1,1,1,0,0,1,0,1,1,1
41526660,0,95,4680,3,48253,1,2,1,1,3470,0,9,570,0,0,1,3,1,49,0,0,0,0,1,1,1,1,1,1,1,1,1,0,0,0,0,0,0,1,1
41421807,0,14,1999,6,105295,1,22,1,1,2497,3,5,10,0,0,1,2,1,46,1,0,0,0,1,1,1,1,1,1,1,1,1,1,1,0,1,1,1,1,1
41425394,0,46,1730,5,54901,3,11,10,1,1580,1,5,686,0,0,1,1,1,27,1,0,0,0,0,1,1,1,1,1,1,0,1,0,1,0,0,1,1,1,1
41416680,0,88,510,11,120042,1,18,8,1,998,2,5,160,0,0,1,3,1,26,2,0,0,0,0,1,1,1,1,0,1,0,1,0,0,0,0,0,0,1,1
41391399,0,78,2550,5,129918,1,22,1,1,2497,1,5,326,0,0,1,0,1,48,5,0,0,0,1,1,1,1,1,1,1,1,1,1,1,0,1,1,1,0,1
41400913,0,9,1880,6,125527,1,22,7,1,1598,7,5,48,0,0,1,6,1,42,5,0,0,0,1,1,1,1,1,1,1,1,1,1,0,0,1,0,1,1,1
41382432,0,18,2350,4,97983,3,2,8,1,1598,3,5,683,0,0,1,1,1,43,1,0,0,0,1,1,1,1,1,1,1,1,1,1,2,0,1,1,1,1,1
41358874,0,39,890,12,108043,1,22,13,1,2999,3,5,757,0,0,1,2,1,41,0,0,0,0,0,1,1,1,1,1,1,1,1,1,0,0,1,0,1,1,1
41374029,0,43,2799,4,134516,1,2,1,1,3778,3,5,704,0,0,1,1,1,48,0,0,0,0,1,1,1,1,1,1,1,1,1,1,0,0,1,0,1,1,1
40833198,0,69,2090,4,99821,1,22,10,1,1591,1,5,912,0,0,1,0,1,44,5,0,0,1,1,1,1,1,1,1,1,1,1,0,0,0,0,0,0,0,0
40989014,0,46,1570,4,121594,3,17,1,1,1580,1,5,972,0,0,1,0,1,30,3,0,0,0,0,1,1,1,1,1,1,0,1,0,0,0,0,0,0,0,0
41242698,0,56,4150,1,13671,4,22,1,1,2151,1,5,22,0,0,1,1,1,48,4,0,0,1,1,1,1,1,1,1,1,1,1,0,0,0,0,0,0,1,1
41189232,0,57,1190,7,143310,4,2,10,1,2199,0,9,300,0,0,1,5,1,40,2,0,0,1,0,1,1,1,1,1,1,1,1,4,0,0,1,0,1,1,1
41241679,0,78,3000,5,70259,3,22,1,1,1598,1,5,859,0,0,1,0,1,44,4,0,1,1,1,1,1,1,1,1,1,1,1,0,0,0,0,0,0,0,0
41133778,0,95,4170,3,43202,1,22,1,1,3470,0,9,732,0,0,1,2,1,50,3,0,0,0,1,1,1,1,1,1,1,1,1,0,0,0,0,0,0,1,1
41184085,0,85,1170,7,100594,1,22,1,1,1598,6,5,326,0,0,1,0,1,30,2,0,0,0,0,1,1,0,1,0,1,1,1,0,0,0,0,0,0,0,0
41627330,0,14,2340,6,83868,1,22,7,1,2497,3,5,510,0,0,1,2,1,48,4,0,0,1,1,1,1,1,1,1,1,1,1,0,0,0,0,0,0,1,1
41625409,0,31,3450,5,44358,1,2,10,1,3778,3,5,686,0,0,1,0,1,53,4,0,0,1,1,1,1,1,1,1,1,1,1,0,0,0,0,0,0,0,0
41572315,0,14,2390,6,45711,1,2,10,1,2999,3,5,698,0,0,1,3,1,47,3,0,0,0,1,1,1,1,1,1,1,1,1,1,0,0,1,0,1,1,1
41632176,0,92,1470,10,175336,4,22,5,1,2199,0,9,629,0,0,1,3,0,46,1,0,0,0,0,1,1,1,1,1,1,1,1,0,0,0,0,0,0,1,1
41617149,0,95,2920,5,77376,4,22,7,1,2151,0,9,587,0,0,1,2,1,49,7,0,0,1,1,1,1,1,1,1,1,1,1,1,0,0,1,0,1,1,1
41632115,0,58,3790,2,27989,1,17,1,1,3470,0,7,572,0,0,1,0,1,49,4,0,0,1,1,1,1,1,1,1,1,1,1,0,3,0,0,1,1,0,1
41650477,0,44,1650,3,46261,1,2,13,1,998,2,5,720,0,0,1,1,0,34,3,0,0,0,0,1,1,1,1,1,1,1,1,0,0,0,0,0,0,1,1
41345803,0,74,9999,4,34648,1,22,1,1,1598,1,5,854,0,0,1,0,1,44,3,0,0,0,1,1,1,1,1,1,1,1,1,0,0,0,0,0,0,0,0
41301964,0,34,1299,4,102538,1,22,13,1,1598,6,5,947,0,0,1,4,1,32,4,0,0,0,0,1,1,1,1,1,1,0,1,3,1,0,1,1,1,1,1
41314706,0,64,830,11,82132,1,23,8,1,998,2,5,170,0,0,1,1,1,29,0,0,0,0,0,1,1,1,1,1,1,0,1,1,0,0,1,0,1,1,1
41267650,0,74,2270,4,65094,4,17,1,1,1998,1,5,678,0,0,1,0,1,37,1,0,0,0,1,1,1,1,1,1,1,1,1,0,0,0,0,0,0,0,0
41256948,0,95,4180,3,13087,4,22,1,1,2151,0,9,208,0,0,1,1,1,49,9,0,0,1,1,1,1,1,1,1,1,1,1,0,0,0,0,0,0,1,1
41272744,0,12,2550,5,57317,3,2,10,1,1999,7,5,100,0,0,1,1,1,47,4,0,0,1,1,1,1,1,1,1,1,1,1,0,0,0,0,0,0,1,1
40815942,0,92,970,10,174093,4,17,4,1,2199,0,9,105,0,0,1,5,1,44,1,0,0,1,0,1,1,1,1,1,1,1,1,1,1,0,1,1,1,1,1
40869904,0,97,5380,0,6043,1,2,1,1,2497,8,5,441,0,0,1,0,1,46,0,0,4,1,1,1,1,1,1,1,1,1,1,0,0,0,0,0,0,0,0
41253451,0,95,2170,3,131339,4,22,1,1,2151,0,9,718,0,0,1,0,1,39,4,0,0,0,1,1,1,1,1,1,1,1,1,0,0,0,0,0,0,0,0
41241635,0,18,3090,4,90981,3,2,1,1,1598,3,5,22,0,0,1,4,1,50,6,0,0,0,1,1,1,1,1,1,1,1,1,0,0,0,0,0,0,1,1
41184849,0,95,4000,3,41650,1,2,8,1,3470,0,7,37,0,0,1,0,1,45,0,2,0,0,1,1,1,1,1,1,1,1,1,0,0,0,0,0,0,0,0
41282167,0,90,920,10,129377,4,17,1,1,1995,1,5,488,0,0,1,10,1,31,1,0,0,0,0,1,1,1,1,1,1,0,1,1,5,0,1,1,1,1,1
41304467,0,78,3150,3,12551,1,22,1,1,2497,1,5,69,0,0,1,3,1,47,4,0,0,0,1,1,1,1,1,1,1,1,1,2,0,0,1,0,1,1,1
41652478,0,92,700,11,203951,4,2,1,1,2199,0,9,903,0,0,1,11,1,44,1,0,0,1,0,1,1,1,1,1,1,1,1,2,0,0,1,0,1,1,1
41530495,0,89,980,8,52511,1,17,5,1,998,2,5,684,0,0,1,0,1,30,4,0,0,0,0,1,1,1,1,1,1,0,1,0,0,0,0,0,0,0,0
41565599,0,14,2050,6,86473,1,2,1,1,2497,3,5,326,0,0,1,1,1,48,4,0,0,0,1,1,1,1,1,1,1,1,1,0,0,0,0,0,0,1,1
41545764,0,79,460,16,158977,4,14,1,1,2199,1,7,1007,0,0,1,3,1,29,0,0,0,0,0,1,0,1,0,1,1,1,1,1,4,0,1,1,1,1,1
41525301,0,46,2020,6,36460,3,17,8,1,1580,1,5,683,0,0,1,0,1,34,3,0,0,0,0,1,1,1,1,1,1,0,1,0,0,0,0,0,0,0,0
41498346,0,64,490,9,128277,1,10,10,1,998,2,5,28,0,0,1,3,1,18,1,0,0,0,0,1,0,0,0,0,1,0,1,0,0,0,0,0,0,1,1
41660941,0,75,2890,2,60549,3,22,1,1,1598,1,5,470,0,0,1,9,1,45,4,0,0,0,1,1,1,1,1,1,1,1,1,6,0,0,1,0,1,1,1
41443863,0,73,1580,8,66263,4,19,1,1,1995,1,5,724,0,0,1,0,1,36,1,0,0,0,0,1,1,1,1,1,1,1,1,0,0,0,0,0,0,0,0
41496453,0,73,1599,9,38967,4,19,5,1,1995,1,5,873,0,0,1,5,1,33,3,0,0,0,0,1,1,0,1,1,1,1,1,1,0,0,1,0,1,1,1
41661124,0,66,1380,3,24238,1,22,1,1,998,2,5,173,0,0,1,0,1,27,2,0,0,0,0,1,1,0,1,0,1,1,1,1,0,0,1,0,1,0,1
41643488,0,29,1280,4,259152,5,22,10,1,180,1,5,228,0,0,1,1,1,41,0,0,4,0,1,1,1,1,1,1,1,1,1,0,0,0,0,0,0,1,1
41654902,0,95,2890,5,92293,4,2,2,1,2151,0,9,348,0,0,1,2,1,48,5,0,0,0,1,1,1,1,1,1,1,1,1,1,0,0,1,0,1,1,1
41543190,0,90,1270,11,151601,4,22,1,1,1995,1,5,379,0,0,1,4,1,48,3,0,0,1,0,1,1,1,1,1,1,1,1,2,0,0,1,0,1,1,1
41658436,0,57,1210,7,131289,4,2,10,1,2199,0,9,28,0,0,1,7,1,36,4,0,0,1,0,1,1,1,1,1,1,1,1,0,0,0,0,0,0,1,1
41404450,0,95,2690,3,60922,4,22,1,1,2151,0,11,478,0,0,1,0,1,40,0,0,1,0,1,1,1,1,1,1,1,1,1,0,1,0,0,1,1,0,1
41404714,0,17,2690,4,82249,1,2,1,1,2497,3,5,678,0,0,0,0,0,51,6,0,0,0,0,0,0,0,0,0,0,0,0,0,0,0,0,0,0,0,0
41415563,0,95,2590,4,73139,1,19,1,1,3470,0,9,457,0,0,1,0,1,48,8,0,0,0,1,1,1,1,1,1,1,1,1,2,4,0,1,1,1,0,1
41396899,0,78,3200,3,33644,1,17,1,1,2497,1,5,9,0,0,1,3,1,48,4,0,0,1,1,1,1,1,1,1,1,1,1,1,0,0,1,0,1,1,1
41394385,0,9,1650,5,63170,0,2,1,1,1999,7,5,685,0,0,1,1,1,29,4,0,0,1,1,1,1,0,1,0,1,0,1,0,1,0,0,1,1,1,1
41385640,0,95,4260,3,78795,4,22,5,1,2151,0,9,386,0,0,1,1,1,49,3,0,0,0,1,1,1,1,1,1,1,1,1,0,0,0,0,0,0,1,1
41375901,0,55,1530,8,112010,4,17,5,1,2199,1,7,529,0,0,1,0,1,44,5,0,0,0,1,1,1,1,1,1,1,1,1,3,0,0,1,0,1,0,1
41379841,0,85,1470,5,59090,1,2,1,1,1598,6,5,667,0,0,1,3,1,37,5,0,0,0,0,1,1,1,1,1,1,1,1,2,1,0,1,1,1,1,1
41378776,0,48,720,10,68715,1,17,1,1,998,2,5,377,0,0,1,2,1,28,1,0,1,0,0,1,1,0,1,1,1,0,1,1,0,0,1,0,1,1,1
41384919,0,64,720,13,178779,2,22,1,1,998,2,5,896,0,0,1,3,1,27,1,0,0,0,0,1,0,1,1,0,1,0,1,1,0,0,1,0,1,1,1
41376979,0,78,2740,5,48616,4,17,5,1,2151,1,6,719,0,0,1,2,1,46,3,0,0,0,1,1,1,1,1,1,1,1,1,0,0,0,0,0,0,1,1
41348154,0,22,189,19,192276,4,21,1,1,2902,0,11,518,0,0,1,2,1,25,0,0,0,1,0,1,0,1,0,0,1,0,1,0,0,0,0,0,0,1,1
41359457,0,95,2540,5,143126,4,2,10,1,2151,0,9,242,0,0,1,0,1,48,6,0,0,1,1,1,1,1,1,1,1,1,1,0,0,0,0,0,0,0,0
40880758,0,93,550,10,176908,0,14,1,1,1999,0,7,403,0,0,1,0,1,21,1,0,2,0,0,1,1,0,0,0,1,0,1,0,0,0,0,0,0,0,0
40925980,0,74,2740,4,40569,1,2,1,1,1598,1,5,517,0,0,1,4,1,46,3,0,0,1,1,1,1,1,1,1,1,1,1,0,0,0,0,0,0,1,1
40919179,0,74,2650,4,71602,1,22,1,1,1598,1,5,517,0,0,1,1,1,45,6,0,0,1,1,1,1,1,1,1,1,1,1,1,0,0,1,0,1,1,1
41157471,0,88,490,13,80800,1,18,5,1,998,2,5,684,0,0,1,0,1,25,4,0,0,0,0,1,1,1,1,0,1,0,1,0,0,0,0,0,0,0,0
41154247,0,58,3622,1,2000,1,2,1,1,3470,0,9,314,0,0,1,0,0,50,4,1,0,0,1,1,1,1,1,1,1,1,1,0,0,0,0,0,0,0,0
41138518,0,88,520,14,85073,1,18,6,1,998,2,5,183,0,0,1,7,1,25,2,0,0,0,0,1,1,0,1,1,1,0,1,3,0,0,1,0,1,1,1
41113400,0,47,1170,5,40596,1,18,4,1,998,2,5,421,0,0,1,2,1,26,1,0,0,0,0,1,1,0,1,0,1,0,1,2,2,0,1,1,1,1,1
41077213,0,36,1390,7,25783,1,17,2,1,1999,7,5,181,0,0,1,10,1,42,3,0,0,0,1,1,1,1,1,1,1,1,1,3,0,0,1,0,1,1,1
41107093,0,57,2890,7,94792,1,2,8,1,3342,0,9,250,0,0,1,2,1,48,0,0,0,0,1,1,1,1,1,1,1,1,1,0,0,0,0,0,0,1,1
41073198,0,58,5760,0,4000,3,2,8,1,1598,0,9,314,0,0,1,0,0,53,2,0,0,0,1,1,1,1,1,1,1,1,1,0,0,0,0,0,0,0,0
41046781,0,31,2499,5,110558,1,22,1,1,3778,3,5,10,0,0,1,1,1,49,0,0,0,0,1,1,1,1,1,1,1,1,1,0,0,0,0,0,0,1,1
41026750,0,67,1050,11,168279,4,17,1,1,2959,1,7,90,0,0,1,7,1,43,1,0,0,1,0,1,1,1,1,1,1,1,1,2,1,0,1,1,1,1,1
41012359,0,68,4450,4,49226,4,22,14,1,2959,1,6,416,0,0,1,0,1,49,3,0,0,1,1,1,1,1,1,1,1,1,1,0,0,0,0,0,0,0,0
41025019,0,12,2650,3,16314,3,11,1,1,1999,7,5,685,0,0,1,0,1,45,4,0,0,0,1,1,1,1,1,1,1,1,1,0,0,0,0,0,0,0,0
40940906,0,85,1750,6,39753,1,22,5,1,1598,6,5,771,0,0,1,1,1,40,4,0,0,0,1,1,1,1,1,1,1,1,1,0,0,0,0,0,0,1,1
41332070,0,18,2040,4,146370,3,2,1,1,1598,3,5,87,0,0,1,1,1,40,1,0,0,0,1,1,1,1,1,1,1,1,1,0,0,0,0,0,0,1,1
41339537,0,92,1550,8,156128,4,22,1,1,2199,0,9,898,0,0,1,3,1,39,3,0,0,0,0,1,1,1,1,1,1,1,1,0,1,0,0,1,1,1,1
41341419,0,95,3650,5,32000,4,22,7,1,2151,0,9,984,0,0,1,0,1,47,6,0,0,0,1,1,1,1,1,1,1,1,1,0,0,0,0,0,0,0,0
41336407,0,3,3150,4,52911,5,18,1,1,111,6,5,932,0,0,1,1,1,46,4,0,0,1,1,1,1,1,1,1,1,1,1,0,0,0,0,0,0,1,1
41252341,0,51,2270,2,54966,1,22,1,1,1598,1,5,964,0,0,1,0,1,37,2,0,0,0,0,1,1,1,1,1,1,1,1,0,2,0,0,1,1,0,1
41245002,0,5,670,11,140330,1,22,5,1,1591,6,5,546,0,0,1,3,1,33,3,0,0,1,0,1,1,1,1,1,1,0,1,1,0,0,1,0,1,1,1
41244515,0,78,3380,4,90493,3,22,4,1,1598,1,5,682,0,0,1,0,1,49,7,0,0,1,1,1,1,1,1,1,1,1,1,0,0,0,0,0,0,0,0
41238322,0,85,1160,7,46105,1,22,10,1,1598,6,5,102,0,0,1,1,1,27,3,0,0,0,0,1,1,0,1,1,1,0,1,0,0,0,0,0,0,1,1
41235603,0,55,1199,8,182514,4,22,4,1,2199,1,5,59,0,0,1,8,1,39,2,0,1,0,0,1,0,1,1,0,1,1,1,4,1,0,1,1,1,1,1
41227454,0,69,1950,4,59526,1,22,6,1,1591,1,5,970,0,0,1,0,1,34,5,0,0,0,1,1,1,1,1,1,1,0,1,0,0,0,0,0,0,0,0
41175393,0,58,4320,1,32158,1,22,5,1,3470,0,7,684,0,0,1,0,1,51,8,0,0,0,1,1,1,1,1,1,1,1,1,0,0,0,0,0,0,0,0
41199351,0,51,1960,3,65885,1,22,10,1,1598,1,5,686,0,0,1,2,1,36,2,0,0,0,0,1,1,1,1,1,1,1,1,0,0,0,0,0,0,1,1
41102826,0,78,4100,3,48429,3,22,7,1,1598,1,5,729,0,0,1,0,1,48,4,0,0,0,1,1,1,1,1,1,1,1,1,0,0,0,0,0,0,0,0
40929397,0,95,4429,3,37685,4,22,1,1,2151,0,7,414,0,0,1,0,1,50,8,0,0,1,1,1,1,1,1,1,1,1,1,0,0,0,0,0,0,0,0
41026714,0,74,2460,3,98371,4,17,1,1,1998,1,5,10,0,0,1,4,1,34,4,0,0,0,1,1,1,1,1,1,1,0,1,2,0,0,1,0,1,1,1
41026637,0,9,1799,5,56845,1,22,1,1,1598,7,5,10,0,0,1,10,1,41,6,0,0,1,1,1,1,1,1,1,1,1,1,8,1,0,1,1,1,1,1
41026425,0,74,2850,4,36393,1,22,5,1,1598,1,5,808,0,0,1,0,1,43,3,0,0,0,1,1,1,1,1,1,1,1,1,0,0,0,0,0,0,0,0
41322295,0,17,2480,3,54812,0,22,13,1,3470,3,5,434,0,0,1,0,1,44,4,0,0,1,1,1,1,1,1,1,1,1,1,5,2,0,1,1,1,0,1
41339634,0,99,499,13,72993,1,22,5,1,1591,5,5,614,0,0,1,5,1,30,2,0,0,1,1,1,1,0,1,1,1,0,1,1,1,0,1,1,1,1,1
41306129,0,51,2150,2,27726,1,17,10,1,1598,1,5,639,0,0,1,0,1,31,2,0,0,0,0,1,1,1,1,1,1,0,1,0,0,0,0,0,0,0,0
41281374,0,92,998,10,197949,4,22,4,1,2199,0,7,59,0,0,1,5,1,44,2,0,0,0,0,1,1,1,1,1,1,1,1,1,0,0,1,0,1,1,1
41254255,0,78,2950,4,50862,4,22,8,1,2151,1,5,262,0,0,1,1,1,47,3,0,0,0,1,1,1,1,1,1,1,1,1,1,0,0,1,0,1,1,1
41249047,0,89,950,6,40871,1,18,4,1,998,2,5,526,0,0,1,3,1,28,1,0,0,0,0,1,1,0,1,0,1,0,1,0,0,0,0,0,0,1,1
41247649,0,49,1560,1,26370,1,22,1,1,998,2,5,964,0,0,1,0,1,31,2,0,0,0,0,1,1,1,1,1,1,1,1,0,0,0,0,0,0,0,0
37397180,0,94,590,13,80261,1,22,5,1,1591,4,5,991,0,0,1,2,1,28,0,0,0,0,0,1,1,1,1,1,1,0,1,0,0,0,0,0,0,1,1
39292889,0,56,2440,2,15526,3,22,1,1,1598,1,6,521,0,0,1,1,1,49,6,0,0,1,1,1,1,1,1,1,1,1,1,0,1,0,0,1,1,1,1
39792939,0,53,2150,1,1600,3,22,1,1,1598,1,5,314,0,0,1,0,0,44,0,0,1,1,1,1,1,1,1,1,1,1,1,0,0,0,0,0,0,0,0
39867775,0,93,777,10,164029,0,22,13,1,1999,0,7,285,0,0,1,2,1,30,0,0,1,0,0,1,0,1,1,0,1,1,1,0,0,0,0,0,0,1,1
39879935,0,67,990,11,215298,4,22,14,1,2959,1,7,416,0,0,1,2,1,43,2,0,0,1,0,1,1,1,1,1,1,1,1,0,0,0,0,0,0,1,1
40430414,0,7,549,15,114912,1,22,1,1,1998,7,5,799,0,0,1,7,1,36,3,0,1,1,0,1,1,1,1,0,1,1,1,0,0,0,0,0,0,1,1
38910938,0,31,2500,7,72095,1,22,1,1,3342,3,5,681,0,0,1,3,1,50,0,0,0,0,1,1,1,1,1,1,1,1,1,6,0,0,1,0,1,1,1
40315117,0,16,690,12,140202,3,22,5,1,2359,3,5,346,0,0,1,5,1,39,0,0,0,0,0,1,1,1,1,1,1,1,1,2,2,0,1,1,1,1,1
41404830,0,57,820,7,188525,4,2,1,1,2199,0,9,504,0,0,1,10,1,33,1,0,0,0,1,1,1,0,1,0,1,1,1,6,0,0,1,0,1,1,1
41400171,0,73,950,9,206583,4,22,10,1,1995,1,5,1002,0,0,1,5,1,39,4,0,0,0,0,1,1,1,1,1,1,1,1,2,1,0,1,1,1,1,1
41413749,0,64,790,12,100552,1,2,7,1,998,2,5,580,0,0,1,3,1,28,3,0,0,0,0,1,1,1,1,1,1,0,1,4,0,0,1,0,1,1,1
41394423,0,56,4590,1,10842,3,17,1,1,1598,1,5,161,0,0,1,0,1,50,4,0,0,0,1,1,1,1,1,1,1,1,1,0,0,0,0,0,0,0,0
41383588,0,74,2000,4,133359,1,17,1,1,1598,1,5,431,0,0,1,0,1,38,2,0,0,0,1,1,1,1,1,1,1,1,1,0,0,0,0,0,0,0,0
41359651,0,74,2520,4,58505,4,17,1,1,1998,1,5,640,0,0,1,0,1,33,2,0,0,0,1,1,1,1,1,1,1,0,1,0,0,0,0,0,0,0,0
38836535,0,71,1499,8,135164,1,2,5,1,1998,7,5,609,0,0,1,4,1,49,4,0,0,1,1,1,1,1,1,1,1,1,1,2,1,0,1,1,1,1,1
40525019,0,95,3380,5,58435,1,2,6,1,3470,0,9,46,0,0,0,0,1,49,2,0,0,0,1,1,1,1,1,1,1,1,1,0,0,0,0,0,0,0,0
40631158,0,33,630,10,172245,4,22,1,1,1582,6,5,426,0,0,1,10,1,39,4,0,0,1,0,1,1,1,1,1,1,1,1,2,0,0,1,0,1,1,1
40710409,0,47,599,5,138089,1,22,5,1,998,2,2,957,0,0,1,1,1,12,0,0,0,0,0,1,0,0,0,0,0,0,0,2,0,0,1,0,1,1,1
40614142,0,35,399,12,179174,1,11,5,1,1999,7,5,775,0,0,1,11,1,28,0,0,0,0,0,1,1,1,1,1,1,0,1,5,0,0,1,0,1,1,1
41554641,0,19,880,12,103019,1,2,5,1,3342,3,5,722,0,0,1,3,1,47,1,0,0,0,0,1,1,1,1,1,1,1,1,0,0,0,0,0,0,1,1
41544675,0,35,400,12,199580,0,22,10,1,1999,7,5,476,0,0,1,2,1,19,0,0,0,0,0,1,1,0,1,1,0,0,1,0,0,0,0,0,0,1,1
41539704,0,57,2520,7,63051,4,22,5,1,2199,0,7,684,0,0,1,0,1,46,3,0,0,0,1,1,1,1,1,1,1,1,1,0,0,0,0,0,0,0,0
41527561,0,89,1100,6,46766,1,22,8,1,998,2,5,142,0,0,1,2,1,31,3,0,0,0,0,1,1,1,1,1,1,0,1,0,0,0,0,0,0,1,1
41542757,0,92,849,8,260777,4,17,1,1,2199,0,9,704,0,0,1,2,1,46,3,0,0,1,0,1,1,1,1,1,1,1,1,1,0,0,1,0,1,1,1
41534926,0,90,890,10,169921,4,14,10,1,1995,1,7,28,0,0,1,4,1,37,1,0,0,0,0,1,1,1,1,1,1,1,1,0,0,0,0,0,0,1,1
41459828,0,9,1670,6,116611,1,22,1,1,1999,7,5,10,0,0,1,1,1,38,4,0,0,0,1,1,1,1,1,1,1,1,1,1,0,0,1,0,1,1,1
41459280,0,92,1530,9,100645,4,17,5,1,2199,0,7,684,0,0,1,4,1,47,3,0,1,1,0,1,1,1,1,1,1,1,1,1,0,0,1,0,1,1,1
41454858,0,68,4690,2,23271,4,4,1,1,2959,1,6,619,0,0,1,2,1,47,1,0,0,0,1,1,1,1,1,1,1,1,1,1,0,0,1,0,1,1,1
41458763,0,95,3900,5,74592,4,2,10,1,2151,0,9,765,0,0,1,0,1,48,2,0,0,0,1,1,1,1,1,1,1,1,1,0,0,0,0,0,0,0,0
41457106,0,9,2050,5,92861,1,22,1,1,1999,7,5,922,0,0,1,1,1,40,1,0,0,0,1,1,1,1,1,1,1,1,1,0,0,0,0,0,0,1,1
41464751,0,62,2550,2,43195,3,22,10,1,1580,1,5,164,0,0,1,3,1,42,0,0,0,0,1,1,1,1,1,1,1,1,1,2,0,0,1,0,1,1,1
41444070,0,62,2520,4,81867,3,2,1,1,1580,1,5,685,0,0,1,0,1,47,6,0,0,1,1,1,1,1,1,1,1,1,1,0,0,0,0,0,0,0,0
41440341,0,43,3520,4,106747,1,2,7,1,3342,3,5,684,0,0,1,5,1,54,2,0,0,0,1,1,1,1,1,1,1,1,1,2,0,0,1,0,1,1,1
41431380,0,77,1420,7,154571,1,22,1,1,1999,1,5,695,0,0,1,2,1,35,1,0,0,0,0,1,1,0,1,1,1,1,1,0,0,0,0,0,0,1,1
41424591,0,47,790,8,107229,1,2,10,1,998,2,5,28,0,0,1,6,1,30,2,0,0,0,0,1,1,1,1,1,1,0,1,0,0,0,0,0,0,1,1
41421794,0,55,2199,6,58150,4,2,1,1,1995,1,5,10,0,0,1,3,1,45,2,0,0,0,1,1,1,1,1,1,1,1,1,1,0,0,1,0,1,1,1
41420113,0,73,1240,8,101207,4,2,7,1,1995,1,5,66,0,0,1,1,0,23,1,0,0,0,0,1,1,0,0,1,0,0,1,0,0,0,0,0,0,1,1
41512248,0,47,820,4,42233,1,22,1,1,998,2,2,9,0,0,1,1,1,13,0,0,0,0,0,1,0,0,0,0,0,0,0,0,0,0,0,0,0,1,1
41525484,0,90,1299,10,133178,4,2,5,1,1995,1,5,829,0,0,1,7,1,42,1,0,0,0,0,1,1,1,1,1,1,1,1,0,2,0,0,1,1,1,1
41513468,0,44,1680,3,14537,1,2,7,1,998,2,5,47,0,0,1,3,1,34,3,0,1,0,0,1,1,1,1,1,1,1,1,1,1,0,1,1,1,1,1
41508001,0,50,1650,9,123985,4,11,6,1,2959,1,7,270,0,0,1,3,1,46,3,0,0,1,0,1,1,1,1,1,1,1,1,0,0,0,0,0,0,1,1
41504102,0,95,2590,5,112802,4,17,4,1,2151,0,9,268,0,0,1,2,1,48,4,0,0,0,1,1,1,1,1,1,1,1,1,2,0,0,1,0,1,1,1
41504084,0,44,950,3,105051,1,22,10,1,998,2,2,884,0,0,1,3,1,19,0,0,0,0,0,1,0,0,1,0,1,0,1,3,1,0,1,1,1,1,1
41501473,0,5,350,11,138788,4,2,1,1,1582,6,5,1003,0,0,1,6,1,28,0,0,0,0,0,1,1,1,1,1,1,0,1,0,0,0,0,0,0,1,1
41491451,0,18,2850,4,86447,3,2,1,1,1598,3,5,161,0,0,1,2,1,49,3,0,0,0,1,1,1,1,1,1,1,1,1,0,0,0,0,0,0,1,1
41498267,0,17,2600,4,61231,1,22,10,1,2497,3,5,102,0,0,1,0,1,45,2,0,0,1,1,1,1,1,1,1,1,1,1,0,0,0,0,0,0,0,0
41594509,0,18,3699,2,30395,3,2,1,1,1598,3,5,10,0,0,1,0,1,49,4,0,0,0,1,1,1,1,1,1,1,1,1,0,0,0,0,0,0,0,0
41587393,0,23,590,12,246562,4,22,5,1,1995,1,5,957,0,0,1,1,1,39,2,0,0,0,0,1,1,1,1,1,1,1,1,0,0,0,0,0,0,1,1
41586114,0,92,1650,9,59854,4,22,5,1,2199,0,9,629,0,0,1,2,1,42,4,0,0,0,0,1,1,1,1,1,1,1,1,1,0,0,1,0,1,1,1
41584554,0,95,2170,5,129844,4,22,1,1,2151,0,9,1006,0,0,1,1,1,39,4,0,0,0,1,1,1,1,1,1,1,1,1,0,1,0,0,1,1,1,1
41583577,0,9,1650,3,114544,0,11,1,1,1999,7,5,9,0,0,1,1,1,28,2,0,0,0,1,1,1,0,1,0,1,0,1,0,0,0,0,0,0,1,1
41578589,0,9,2350,5,40806,1,22,1,1,1999,7,5,883,0,0,1,0,1,43,7,0,0,0,1,1,1,1,1,1,1,1,1,0,0,0,0,0,0,0,0
41576800,0,78,2830,3,102834,3,22,1,1,1598,1,5,10,0,0,1,2,1,44,3,0,0,0,1,1,1,1,1,1,1,1,1,1,0,0,1,0,1,1,1
41575021,0,72,3290,3,108129,1,8,5,1,3342,7,5,926,0,0,1,3,1,49,4,0,0,1,1,1,1,1,1,1,1,1,1,0,0,0,0,0,0,1,1
41569215,0,92,1050,10,151348,4,17,1,1,2199,0,9,712,0,0,1,2,1,47,3,0,0,1,0,1,1,1,1,1,1,1,1,0,0,0,0,0,0,1,1
41565751,0,9,3850,4,28844,1,17,8,1,1999,7,5,194,0,0,1,0,1,44,6,0,0,0,1,1,1,1,1,1,1,1,1,0,0,0,0,0,0,0,0
41593924,0,3,3190,4,49143,5,18,10,1,111,6,5,700,0,0,1,3,1,46,4,0,0,1,1,1,1,1,1,1,1,1,1,2,0,0,1,0,1,1,1
41573977,0,64,630,14,85555,1,18,6,1,998,2,5,237,0,0,1,3,1,26,1,0,0,0,0,1,1,1,1,1,1,0,1,2,0,0,1,0,1,1,1
41573612,0,74,3480,2,41187,1,22,1,1,1598,1,5,502,0,0,1,0,1,47,5,0,0,1,1,1,1,1,1,1,1,1,1,0,0,0,0,0,0,0,0
41568703,0,48,540,10,98937,1,18,1,1,998,2,5,918,0,0,1,3,1,28,1,0,0,0,0,1,1,0,1,1,1,0,1,3,1,0,1,1,1,1,1
41556277,0,57,1420,6,133826,4,22,10,1,2199,0,9,28,0,0,1,4,1,42,3,0,0,0,1,1,1,1,1,1,1,1,1,0,0,0,0,0,0,1,1
41534246,0,78,3420,5,42165,4,17,2,1,2151,1,5,979,0,0,1,0,1,47,3,0,0,0,1,1,1,1,1,1,1,1,1,0,0,0,0,0,0,0,0
41536643,0,74,2750,4,38978,4,22,8,1,1998,1,5,188,0,0,1,1,1,44,4,0,0,0,1,1,1,1,1,1,1,1,1,0,2,0,0,1,1,1,1
41596643,0,93,420,12,194457,0,19,10,1,1999,0,7,820,0,0,1,9,1,25,0,0,0,0,0,1,0,0,0,0,1,0,1,5,1,0,1,1,1,1,1
41596298,0,43,2750,4,171424,1,19,1,1,3778,3,5,890,0,0,1,0,1,49,2,0,0,0,1,1,1,1,1,1,1,1,1,0,1,0,0,1,1,0,1
41589534,0,90,850,10,175509,4,22,10,1,1995,1,5,769,0,0,1,5,0,37,2,0,0,0,0,1,1,1,1,1,1,1,1,0,0,0,0,0,0,1,1
41596479,0,96,499,13,143903,4,2,5,1,2199,0,11,317,0,0,1,4,1,27,0,0,0,1,0,1,0,1,0,0,1,0,1,1,1,0,1,1,1,1,1
41470972,0,95,2890,5,132307,4,2,5,1,2151,0,7,842,0,0,1,0,1,48,3,0,0,0,1,1,1,1,1,1,1,1,1,0,0,0,0,0,0,0,0
41472825,0,78,3250,4,53650,3,22,1,1,1598,1,6,922,0,0,1,0,1,43,3,0,0,0,1,1,1,1,1,1,1,1,1,0,0,0,0,0,0,0,0
41462256,0,9,2290,5,56237,1,17,13,1,1598,7,5,745,0,0,1,0,1,39,3,0,0,0,1,1,1,1,1,1,1,1,1,0,0,0,0,0,0,0,0
41463053,0,92,1290,10,135097,4,2,1,1,2199,0,9,636,0,0,1,2,1,42,2,0,0,1,0,1,1,1,1,1,1,1,1,0,0,0,0,0,0,1,1
41464056,0,32,3192,1,20309,5,17,1,1,0,7,5,314,0,0,0,0,0,41,2,0,0,0,1,1,1,1,1,1,1,1,1,0,0,0,0,0,0,0,0
41463790,0,69,2310,3,50286,1,22,1,1,1591,1,5,502,0,0,1,1,1,44,6,0,0,1,1,1,1,1,1,1,1,1,1,0,0,0,0,0,0,1,1
41455903,0,24,159,17,159091,0,17,1,1,999,2,5,897,0,0,1,5,1,11,0,0,0,0,0,1,0,0,0,0,1,0,1,3,0,0,1,0,1,1,1
41436248,0,88,468,14,87403,1,19,13,1,998,2,5,509,0,0,1,2,1,23,2,0,0,0,0,1,1,0,1,0,1,0,1,0,0,0,0,0,0,1,1
41516820,0,95,3600,3,22490,4,19,5,1,2151,0,11,329,0,0,1,0,1,47,4,0,0,0,1,1,1,1,1,1,1,1,1,0,0,0,0,0,0,0,0
41508706,0,9,1750,6,100767,1,22,1,1,1999,7,5,151,0,0,1,3,1,44,3,0,0,0,1,1,1,1,1,1,1,1,1,2,0,0,1,0,1,1,1
41507784,0,92,950,10,152302,4,22,9,1,2199,0,9,373,0,0,1,7,1,41,3,0,0,0,0,1,1,1,1,1,1,1,1,4,0,0,1,0,1,1,1
41502246,0,17,2050,4,108858,1,2,1,1,2497,3,5,619,0,0,1,0,1,40,1,0,0,0,1,1,1,1,1,1,1,1,1,0,1,0,0,1,1,0,1
41492050,0,69,2350,4,84640,1,22,10,1,1591,1,5,686,0,0,1,0,1,43,5,0,0,1,1,1,1,1,1,1,1,1,1,0,1,0,0,1,1,0,1
41483020,0,88,488,14,106848,1,18,13,1,998,2,5,509,0,0,1,3,1,28,4,0,0,0,0,1,1,1,1,1,1,0,1,1,0,0,1,0,1,1,1
41475450,0,78,2790,4,72943,1,22,1,1,2497,1,5,245,0,0,1,1,1,47,4,0,0,0,1,1,1,1,1,1,1,1,1,0,0,0,0,0,0,1,1
41556343,0,68,4490,5,52501,4,2,1,1,2959,1,6,23,0,0,1,2,1,48,3,0,0,1,1,1,1,1,1,1,1,1,1,0,0,0,0,0,0,1,1
41562188,0,80,540,14,112866,1,18,10,1,1591,6,5,164,0,0,1,9,1,30,2,0,0,1,0,1,1,1,1,1,1,0,1,3,0,0,1,0,1,1,1
41552602,0,62,2980,4,23229,3,22,12,1,1580,1,5,178,0,0,1,0,1,42,2,0,0,0,1,1,1,1,1,1,1,1,1,0,0,0,0,0,0,0,0
41473811,0,64,610,10,179436,2,22,1,1,998,2,5,886,0,0,1,3,1,29,0,0,0,0,0,1,1,1,1,1,1,0,1,4,3,0,1,1,1,1,1
41459362,0,90,1390,9,125313,4,2,10,1,2199,1,7,677,0,0,1,7,1,46,4,0,1,1,0,1,1,1,1,1,1,1,1,1,0,0,1,0,1,1,1
41457875,0,88,360,14,33494,1,11,5,1,998,2,5,866,0,0,1,6,1,15,2,0,0,0,0,1,0,0,0,0,1,0,1,0,0,0,0,0,0,1,1
41454785,0,57,1750,7,118739,4,17,8,1,2199,0,9,415,0,1,1,3,1,47,3,0,0,1,1,1,1,1,1,1,1,1,1,0,2,0,0,1,1,1,1
41438882,0,86,1099,10,122506,1,2,4,1,3342,3,5,526,0,0,1,2,1,43,0,0,0,0,0,1,1,1,1,1,1,1,1,0,0,0,0,0,0,1,1
41446154,0,78,3250,4,68153,1,17,8,1,2497,1,5,41,0,0,1,0,1,48,2,0,0,0,1,1,1,1,1,1,1,1,1,0,0,0,0,0,0,0,0
41457079,0,90,1500,11,93770,4,22,1,1,2199,1,5,732,0,0,1,1,1,46,4,0,0,1,0,1,1,1,1,1,1,1,1,0,0,0,0,0,0,1,1
41444517,0,97,4150,0,10059,1,17,8,1,2497,8,5,256,0,0,1,0,1,42,0,0,1,0,1,1,1,1,1,1,1,1,1,0,0,0,0,0,0,0,0
41608571,0,43,3650,4,132228,1,2,1,1,3342,3,5,678,0,0,1,1,1,49,0,0,0,0,1,1,1,1,1,1,1,1,1,1,1,0,1,1,1,1,1
41608092,0,23,659,13,181798,4,22,1,1,1995,1,5,518,0,0,1,8,1,38,4,0,0,1,0,1,1,1,1,1,1,1,1,4,0,0,1,0,1,1,1
41656313,0,74,9999,2,80210,4,22,1,1,1998,1,5,453,0,0,1,0,1,38,4,0,0,0,1,1,1,1,1,1,1,1,1,0,0,0,0,0,0,0,0
41658753,0,44,324,0,7,1,22,8,1,998,2,5,314,0,0,1,0,0,28,1,0,0,0,0,1,1,1,1,0,1,1,1,0,0,0,0,0,0,0,0
41658781,0,49,288,0,7,1,22,8,1,998,2,5,314,0,0,0,0,0,29,1,0,0,0,0,1,1,1,1,0,1,1,1,0,0,0,0,0,0,0,0
41656500,0,33,690,10,91890,1,19,8,1,1591,6,5,258,0,0,1,3,1,26,2,0,0,0,0,1,1,0,0,1,1,0,1,0,0,0,0,0,0,1,1
41642657,0,92,1880,8,121334,1,2,1,1,3342,0,9,835,0,0,0,0,0,46,0,0,0,0,0,0,0,0,0,0,0,0,0,0,0,0,0,0,0,0,0
41655874,0,31,2550,6,39386,1,2,12,1,3342,3,5,565,0,0,1,4,1,50,0,0,0,0,1,1,1,1,1,1,1,1,1,8,0,0,1,0,1,1,1
41641728,0,57,1390,7,73177,4,2,5,1,2199,0,9,25,0,0,1,2,1,33,1,0,0,0,0,1,1,0,1,0,1,1,1,1,0,0,1,0,1,1,1
41653055,0,77,1880,4,77159,4,22,1,1,1598,1,5,883,0,0,1,0,1,39,2,0,0,0,0,1,1,1,1,1,1,1,1,0,0,0,0,0,0,0,0
41515862,0,53,5150,0,1861,3,14,10,1,1598,1,5,912,0,0,1,0,1,48,0,0,1,1,1,1,1,1,1,1,1,1,1,0,0,0,0,0,0,0,0
41507277,0,8,950,10,120920,1,22,4,1,1999,7,5,421,0,0,1,3,1,33,4,0,0,0,0,1,1,1,1,1,1,0,1,2,1,0,1,1,1,1,1
41505880,0,3,1990,4,205223,5,22,6,1,111,6,5,925,0,0,1,0,1,36,1,0,0,0,1,1,1,1,1,1,1,1,1,0,0,0,0,0,0,0,0
41515157,0,12,1699,4,125931,3,2,1,1,1999,7,5,205,0,0,1,1,1,40,2,0,0,0,1,1,1,1,1,1,1,1,1,0,1,0,0,1,1,1,1
41516483,0,35,450,12,212460,0,22,1,1,1999,7,5,61,0,0,1,9,1,25,0,0,0,0,0,1,0,1,1,0,1,0,1,2,1,0,1,1,1,1,1
41492120,0,68,3180,5,37227,4,2,1,1,2959,1,7,158,0,0,1,1,1,43,1,0,0,0,1,1,1,1,1,1,1,1,1,1,0,0,1,0,1,1,1
41483683,0,94,320,14,139746,1,22,1,1,1591,4,5,504,0,0,1,6,1,25,0,0,0,0,0,1,1,1,0,0,1,0,1,2,1,0,1,1,1,1,1
41558825,0,58,7550,1,13859,1,2,5,1,3470,0,4,796,0,0,1,0,1,52,1,0,0,0,1,1,1,1,1,1,1,1,1,0,0,0,0,0,0,0,0
41611289,0,46,2430,4,45110,3,22,12,1,1580,1,5,178,0,0,1,0,1,43,3,0,0,0,1,1,1,1,1,1,1,1,1,0,0,0,0,0,0,0,0
41614546,0,39,9999,11,188804,0,22,1,1,2999,3,5,641,0,0,1,2,1,44,0,0,1,0,0,1,1,1,1,1,1,1,1,3,2,0,1,1,1,1,1
41614055,0,7,320,15,191192,0,22,10,1,1998,7,5,228,0,0,1,7,1,17,0,0,0,0,0,0,1,0,0,1,0,0,1,7,1,0,1,1,1,1,1
41607506,0,77,7777,4,76987,4,19,1,1,1598,1,5,343,0,0,1,0,1,41,3,0,0,0,1,1,1,1,1,1,1,1,1,1,0,0,1,0,1,0,1
41602530,0,89,1090,6,52990,1,2,1,1,998,2,5,685,0,0,1,0,1,29,3,0,0,1,0,1,0,1,1,0,1,0,1,0,0,0,0,0,0,0,0
41601601,0,89,869,9,95980,1,22,13,1,998,2,5,990,0,0,1,3,1,30,3,0,0,0,0,1,1,1,1,1,1,0,1,0,0,0,0,0,0,1,1
41606896,0,64,760,12,123525,1,19,1,1,998,2,5,626,0,0,1,7,1,30,4,0,0,0,0,1,1,1,1,1,1,0,1,3,0,0,1,0,1,1,1
41597830,0,78,3700,3,54877,3,22,2,1,1598,1,5,994,0,0,1,0,1,48,5,0,0,1,1,1,1,1,1,1,1,1,1,0,0,0,0,0,0,0,0
41647531,0,89,1050,8,46931,1,18,7,1,998,2,5,600,0,0,1,1,1,30,4,0,0,0,0,1,1,1,1,1,1,0,1,0,0,0,0,0,0,1,1
41652064,0,85,1290,5,81100,1,22,1,1,1598,6,5,454,0,0,1,1,1,35,1,0,0,0,0,1,1,1,1,1,1,1,1,0,3,0,0,1,1,1,1
41639801,0,55,2199,6,89518,1,17,13,1,1998,1,5,817,0,0,1,0,0,48,0,0,0,0,1,1,1,1,1,1,1,1,1,0,0,0,0,0,0,0,0
41566936,0,67,560,16,244384,4,11,12,1,2959,1,7,635,0,0,1,8,1,42,0,0,0,1,0,1,1,1,1,1,1,1,1,1,4,0,1,1,1,1,1
41546953,0,78,2490,5,62959,4,17,7,1,2151,1,6,19,0,0,1,1,1,43,3,0,0,0,1,1,1,1,1,1,1,1,1,1,0,0,1,0,1,1,1
41541938,0,38,2790,2,47711,3,17,6,1,1999,7,5,183,0,0,1,1,1,41,2,0,0,0,1,1,1,1,1,1,1,1,1,3,0,0,1,0,1,1,1
41526670,0,64,599,10,84689,1,18,5,1,998,2,5,604,0,0,1,2,1,19,0,0,0,0,0,1,1,0,0,1,0,0,0,3,1,0,1,1,1,1,1
41569664,0,69,1790,4,87634,1,22,10,1,1591,1,5,753,0,0,1,2,1,32,4,0,0,0,0,1,1,1,1,1,1,0,1,0,0,0,0,0,0,1,1
41592117,0,55,2340,6,137942,1,22,1,1,1998,1,5,997,0,0,1,2,1,49,1,0,0,1,1,1,1,1,1,1,1,1,1,0,0,0,0,0,0,1,1
41577726,0,34,2300,2,59373,1,22,1,1,1598,6,5,876,0,0,1,0,1,33,1,0,0,0,0,1,1,1,1,1,1,1,1,0,0,0,0,0,0,0,0
41573523,0,47,950,4,37479,1,22,1,1,998,2,2,640,0,0,1,1,1,16,0,0,1,0,0,1,1,0,0,1,1,0,0,0,0,0,0,0,0,1,1
41573518,0,47,850,4,77619,1,22,1,1,998,2,2,640,0,0,1,3,1,17,0,0,0,0,0,1,1,0,0,1,1,0,0,1,0,0,1,0,1,1,1
41573439,0,90,1400,10,135823,4,22,5,1,1995,1,5,684,0,0,1,1,1,43,4,0,0,1,0,1,1,1,1,1,1,1,1,0,0,0,0,0,0,1,1
41569948,0,49,1450,2,47344,1,18,1,1,998,2,5,523,0,0,1,0,1,30,3,0,0,0,0,1,1,0,1,0,1,1,1,0,0,0,0,0,0,0,0
41628761,0,78,3120,5,126658,3,22,5,1,1598,1,5,684,0,0,1,1,1,49,6,0,0,1,1,1,1,1,1,1,1,1,1,0,0,0,0,0,0,1,1
41632434,0,73,1650,8,44394,4,22,8,1,1685,1,5,825,0,0,1,2,1,40,6,0,0,1,0,1,1,1,1,1,1,1,1,0,0,0,0,0,0,1,1
41621072,0,74,2670,4,20669,4,17,1,1,1998,1,5,572,0,0,1,0,1,38,3,0,0,0,1,1,1,1,1,1,1,1,1,0,0,0,0,0,0,0,0
41616368,0,75,3000,2,35083,3,22,10,1,1598,1,5,101,0,0,1,2,1,44,3,0,0,0,1,1,1,1,1,1,1,1,1,0,0,0,0,0,0,1,1
41328807,0,90,990,11,171021,4,22,14,1,1995,1,7,964,0,0,1,5,1,39,3,0,1,0,0,1,1,1,1,1,1,1,1,0,0,0,0,0,0,1,1
41323084,0,36,890,7,181139,0,22,14,1,1999,7,5,964,0,0,1,0,1,28,4,0,0,0,0,1,1,0,1,1,1,0,1,0,0,0,0,0,0,0,0
41587911,0,58,4190,2,16733,3,22,5,1,1598,0,9,563,0,0,1,0,1,44,2,0,0,0,1,1,1,1,1,1,1,1,1,0,0,0,0,0,0,0,0
41526387,0,58,4550,2,22733,3,22,5,1,1598,0,7,563,0,0,1,0,1,48,4,0,0,0,1,1,1,1,1,1,1,1,1,0,0,0,0,0,0,0,0
41606033,0,8,670,10,165929,0,22,5,1,1999,7,5,553,0,0,1,0,1,23,0,1,1,0,0,1,1,1,1,1,1,0,1,0,0,0,0,0,0,0,0
41605463,0,57,1360,7,85893,4,22,5,1,2199,0,9,553,0,0,0,0,1,40,3,1,1,1,0,1,1,1,1,1,1,1,1,0,0,0,0,0,0,0,0
41595266,0,92,790,10,160797,4,2,5,1,2199,0,9,553,0,0,1,0,1,40,3,1,1,1,0,1,1,1,1,1,1,1,1,3,0,0,1,0,1,0,1
41209201,0,67,1050,14,136576,4,17,9,1,2959,1,7,913,0,0,1,2,1,44,1,0,0,1,0,1,1,1,1,1,1,1,1,1,0,0,1,0,1,1,1
40963669,0,23,830,13,146458,4,17,9,1,1995,1,5,913,0,0,1,1,1,37,1,0,0,0,0,1,1,1,1,1,1,1,1,0,0,0,0,0,0,1,1
41478167,0,89,860,9,60590,1,11,9,1,998,2,5,913,0,0,1,3,1,30,3,0,0,0,0,1,1,1,1,1,1,0,1,0,0,0,0,0,0,1,1
41510646,0,8,1250,10,116325,1,22,5,1,1998,7,5,707,0,0,1,2,1,45,4,0,0,1,0,1,1,1,1,1,1,1,1,0,1,0,0,1,1,1,1
41056292,0,33,670,10,144536,4,19,5,1,1582,6,5,707,0,0,1,8,1,39,0,0,0,0,0,1,1,1,1,1,1,1,1,0,1,0,0,1,1,1,1
41542556,0,9,1630,4,92420,1,2,6,1,1999,7,5,371,0,0,1,4,1,39,1,0,0,0,1,1,1,1,1,1,1,1,1,5,0,0,1,0,1,1,1
41623257,0,64,480,13,117659,1,15,6,1,998,2,5,371,0,0,1,8,1,21,0,0,0,0,0,1,1,0,0,1,1,0,1,4,0,0,1,0,1,1,1
41498137,0,95,2850,3,78875,4,22,6,1,2151,0,9,371,0,0,1,2,1,45,3,0,0,0,1,1,1,1,1,1,1,1,1,3,0,0,1,0,1,1,1
41515055,0,58,4260,1,18451,4,22,1,1,2151,0,7,872,0,0,1,0,1,49,3,0,0,1,1,1,1,1,1,1,1,1,1,0,0,0,0,0,0,0,0
41570004,0,95,3120,3,54743,4,2,1,1,2151,0,9,872,0,0,1,1,1,45,3,0,0,0,1,1,1,1,1,1,1,1,1,0,0,0,0,0,0,1,1
40950713,0,69,1399,6,139912,4,22,5,1,1598,1,5,222,0,0,1,0,1,35,3,0,0,0,0,1,1,1,1,1,1,1,1,0,0,0,0,0,0,0,0
41631256,0,78,2950,5,116372,3,17,5,1,1598,1,6,222,0,0,1,1,1,49,5,0,0,1,1,1,1,1,1,1,1,1,1,0,0,0,0,0,0,1,1
41275718,0,72,3330,3,81021,1,22,1,1,2497,7,5,69,0,0,1,4,1,49,4,0,0,1,1,1,1,1,1,1,1,1,1,0,0,0,0,0,0,1,1
41303338,0,86,950,9,152187,1,17,1,1,2359,3,5,61,0,0,1,7,1,48,2,0,0,0,1,1,1,1,1,1,1,1,1,0,3,0,0,1,1,1,1
41622507,0,62,2880,4,55848,3,17,12,1,1580,1,5,395,0,0,1,1,1,46,4,0,0,0,1,1,1,1,1,1,1,1,1,1,0,0,1,0,1,1,1
41298698,0,48,590,10,136722,2,22,12,1,998,2,5,395,0,0,1,3,1,13,1,0,0,0,0,0,0,0,0,0,0,0,0,1,0,0,1,0,1,1,1
41486839,0,11,1590,8,64540,3,11,12,1,1999,7,5,395,0,0,1,2,1,37,2,0,0,0,0,1,1,1,1,1,1,1,1,1,0,0,1,0,1,1,1
40811110,0,86,1650,9,61026,1,2,9,1,2359,3,5,401,0,0,1,2,1,46,1,0,0,0,1,1,1,1,1,1,1,1,1,0,0,0,0,0,0,1,1
40915977,0,78,2430,5,91072,4,22,1,1,2151,1,7,561,0,0,1,0,1,43,5,0,1,0,1,1,1,1,1,1,1,1,1,0,1,0,0,1,1,0,1
41627589,0,47,1240,5,40236,1,9,13,1,998,2,5,315,0,0,1,0,1,25,0,0,0,0,0,1,1,0,1,1,1,0,1,0,0,0,0,0,0,0,0
41552984,0,88,299,14,119188,1,2,4,1,998,2,5,59,0,0,1,4,1,18,1,0,0,0,0,1,1,0,0,1,1,0,1,2,2,0,1,1,1,1,1
40485915,0,4,5750,2,50342,5,22,4,1,180,1,7,59,0,0,1,2,1,52,5,0,0,1,1,1,1,1,1,1,1,1,1,0,0,0,0,0,0,1,1
41502492,0,56,4920,0,38,3,22,4,1,1598,1,5,59,0,0,1,0,1,49,3,0,0,0,1,1,1,1,1,1,1,1,1,0,0,0,0,0,0,0,0
41583466,0,14,2100,6,52277,1,2,4,1,2497,3,5,59,0,0,1,0,1,47,1,0,0,0,1,1,1,1,1,1,1,1,1,0,0,0,0,0,0,0,0
41406575,0,58,5050,1,19226,4,2,4,1,2151,0,7,59,0,0,1,1,1,51,6,0,0,0,1,1,1,1,1,1,1,1,1,0,0,0,0,0,0,1,1
41133284,0,95,3770,3,93330,1,22,8,1,3470,0,9,171,0,0,1,2,1,48,0,0,1,0,1,1,1,1,1,1,1,1,1,1,0,0,1,0,1,1,1
40944808,0,95,4490,3,45419,1,2,8,1,3470,0,9,171,0,0,1,1,1,50,0,0,0,0,1,1,1,1,1,1,1,1,1,0,1,0,0,1,1,1,1
39850859,0,95,3790,4,88039,1,2,8,1,3470,0,7,171,0,0,1,0,1,50,0,0,1,0,1,1,1,1,1,1,1,1,1,0,3,0,0,1,1,0,1
41526516,0,95,4000,4,86750,1,19,8,1,3470,0,9,171,0,0,1,0,1,50,0,0,2,0,1,1,1,1,1,1,1,1,1,0,0,0,0,0,0,0,0
41642059,0,36,1120,7,152182,1,17,1,1,1999,7,5,403,0,0,1,1,0,35,2,0,1,0,1,1,1,1,1,1,1,1,1,0,0,0,0,0,0,1,1
41579586,0,62,2150,3,121949,3,4,7,1,1580,1,5,684,0,0,1,2,1,41,4,0,0,0,0,1,1,1,1,1,1,1,1,0,0,0,0,0,0,1,1
41592645,0,92,1590,10,53006,4,17,1,1,2199,0,11,885,0,0,1,1,1,44,1,0,0,1,0,1,1,1,1,1,1,1,1,0,0,0,0,0,0,1,1
41642511,0,44,1350,3,36877,1,22,7,1,998,2,5,684,0,0,1,5,1,34,3,0,0,0,0,1,1,1,1,1,1,1,1,6,2,0,1,1,1,1,1
41628808,0,95,2029,4,143031,4,22,8,1,2151,0,9,486,0,0,1,1,1,38,2,0,0,0,1,1,1,1,1,1,1,1,1,0,0,0,0,0,0,1,1
41634905,0,69,1850,6,59848,1,22,10,1,1591,1,5,851,0,0,1,2,1,43,4,0,0,0,1,1,1,1,1,1,1,1,1,3,0,0,1,0,1,1,1
41639736,0,24,290,16,70002,1,3,1,1,999,2,5,340,0,0,1,9,1,13,0,0,0,0,0,1,0,0,0,0,1,0,1,1,0,0,1,0,1,1,1
41639780,0,95,3760,4,98153,1,2,7,1,3470,0,4,684,0,0,1,1,1,50,2,0,0,0,1,1,1,1,1,1,1,1,1,0,0,0,0,0,0,1,1
41608145,0,57,2050,7,117814,4,17,1,1,2199,0,7,158,0,0,1,0,1,46,3,0,0,1,1,1,1,1,1,1,1,1,1,0,0,0,0,0,0,0,0
41602288,0,5,340,12,141446,4,14,10,1,1582,6,5,28,0,0,0,0,1,30,3,0,0,0,0,1,1,1,1,1,1,0,1,5,1,0,1,1,1,0,1
41609331,0,78,2850,4,36948,3,17,1,1,1598,1,5,133,0,0,1,0,1,42,0,0,0,0,1,1,1,1,1,0,1,1,1,1,0,0,1,0,1,0,1
41600722,0,23,890,12,137606,4,17,1,1,1995,1,7,861,0,0,1,5,1,36,1,0,0,0,0,1,1,1,1,1,1,1,1,0,0,0,0,0,0,1,1
41592927,0,47,559,8,213649,1,22,1,1,998,2,5,946,0,0,1,2,1,24,0,0,0,0,0,1,1,0,0,1,1,0,1,3,0,0,1,0,1,1,1
41413670,0,88,425,12,61886,1,15,10,1,998,2,5,660,0,0,1,1,1,18,1,0,0,0,0,1,0,0,0,0,1,0,1,0,3,0,0,1,1,1,1
41400855,0,54,770,12,149386,4,22,5,1,1995,1,5,730,0,0,1,0,1,37,2,0,0,1,0,1,1,1,1,1,1,1,1,1,0,0,1,0,1,0,1
41389056,0,95,3050,4,48266,4,17,8,1,2151,0,9,825,0,0,1,0,1,45,2,0,0,0,1,1,1,1,1,1,1,1,1,0,0,0,0,0,0,0,0
41381258,0,95,3450,5,50175,4,22,5,1,2151,0,7,569,0,0,1,1,1,47,4,0,0,0,1,1,1,1,1,1,1,1,1,0,0,0,0,0,0,1,1
41381072,0,78,2430,4,127278,3,22,1,1,1598,1,5,776,0,0,1,2,1,43,2,0,0,0,1,1,1,1,1,1,1,1,1,1,0,0,1,0,1,1,1
41344052,0,1,1064,0,5600,5,2,8,1,1,6,5,314,0,0,1,0,0,35,0,0,0,0,1,1,1,1,1,1,1,0,1,0,0,0,0,0,0,0,0
40824081,0,72,9999,5,54283,1,19,5,1,3342,7,5,25,0,0,1,2,1,49,4,0,0,1,1,1,1,1,1,1,1,1,1,2,0,0,1,0,1,1,1
40869205,0,47,999,6,127589,1,19,13,1,998,2,5,285,0,0,1,2,1,25,0,0,0,0,0,1,1,0,1,0,1,0,1,1,1,0,1,1,1,1,1
41453544,0,95,1880,5,165212,4,11,5,1,2151,0,9,576,0,0,1,4,1,34,1,0,0,0,1,1,1,0,1,0,1,1,1,3,0,0,1,0,1,1,1
41467365,0,12,2410,3,55505,3,22,5,1,1999,7,5,238,0,0,1,0,1,41,2,0,0,0,1,1,1,1,1,1,1,1,1,0,0,0,0,0,0,0,0
41471375,0,74,3150,4,10019,1,22,1,1,1598,1,5,502,0,0,1,0,1,45,7,0,0,1,1,1,1,1,1,1,1,1,1,0,0,0,0,0,0,0,0
41401016,0,36,880,7,162858,0,2,7,1,1999,7,5,484,0,0,1,2,1,28,3,0,0,0,0,1,1,0,1,1,1,0,1,0,0,0,0,0,0,1,1
41404279,0,95,4280,4,35977,1,2,8,1,3470,0,4,482,0,0,1,2,1,50,2,0,0,0,1,1,1,1,1,1,1,1,1,0,0,0,0,0,0,1,1
41060496,0,56,4350,1,8366,1,22,10,1,2497,1,5,639,0,0,1,1,1,51,4,0,0,1,1,1,1,1,1,1,1,1,1,0,0,0,0,0,0,1,1
40890854,0,76,590,14,132926,4,22,1,1,1995,1,5,175,0,0,1,7,1,31,0,0,1,0,0,1,1,1,1,0,1,0,1,0,4,0,0,1,1,1,1
41028259,0,78,2150,4,183125,4,2,1,1,2151,1,5,927,0,0,1,4,1,48,4,0,0,1,1,1,1,1,1,1,1,1,1,1,1,0,1,1,1,1,1
41553084,0,31,2649,5,104466,1,2,2,1,3778,3,5,979,0,0,1,1,1,49,1,0,0,0,1,1,1,1,1,1,1,1,1,0,1,0,0,1,1,1,1
41542393,0,78,3050,3,60631,4,17,7,1,2151,1,5,734,0,0,1,1,1,43,2,0,0,0,1,1,1,1,1,1,1,1,1,1,0,0,1,0,1,1,1
41397446,0,31,3020,7,101314,1,22,5,1,3778,3,5,684,0,0,1,0,1,56,1,0,0,1,1,1,1,1,1,1,1,1,1,0,0,0,0,0,0,0,0
41388971,0,98,320,15,101609,1,11,1,1,1591,6,5,704,0,0,1,3,1,27,0,0,0,0,0,1,1,1,1,1,1,0,1,0,0,0,0,0,0,1,1
41384410,0,78,2690,5,88316,4,22,10,1,2151,1,6,788,0,0,1,4,1,48,3,0,0,0,1,1,1,1,1,1,1,1,1,4,1,0,1,1,1,1,1
41383407,0,9,2300,5,62566,1,2,5,1,1598,7,5,25,0,0,1,5,1,47,5,0,0,1,1,1,1,1,1,1,1,1,1,1,0,0,1,0,1,1,1
41401833,0,49,1830,0,2638,1,22,10,1,998,2,5,912,0,0,1,0,1,35,5,0,0,0,1,1,1,1,1,1,1,1,1,0,0,0,0,0,0,0,0
41382234,0,88,360,12,107607,1,11,4,1,998,2,5,236,0,0,1,5,1,23,2,0,0,0,0,1,1,0,0,1,1,0,1,5,0,0,1,0,1,1,1
41430209,0,4,5900,2,51551,5,22,1,1,180,1,7,498,0,0,1,1,1,52,5,0,0,1,1,1,1,1,1,1,1,1,1,1,0,0,1,0,1,1,1
41430103,0,74,2620,4,25665,4,17,1,1,1998,1,5,640,0,0,1,0,1,37,1,0,0,0,1,1,1,1,1,1,1,1,1,0,0,0,0,0,0,0,0
41368980,0,95,3100,5,25805,1,22,1,1,3470,0,9,919,0,0,1,3,1,44,1,0,0,0,1,1,1,1,1,1,1,1,1,0,0,0,0,0,0,1,1
41423309,0,86,1190,9,132950,1,2,5,1,3342,3,5,628,0,0,1,1,1,48,1,0,0,0,1,1,1,1,1,1,1,1,1,0,0,0,0,0,0,1,1
41406063,0,92,950,8,106789,4,2,8,1,2199,0,9,243,0,0,1,5,1,28,0,0,0,0,0,1,1,0,0,1,1,0,1,4,0,0,1,0,1,1,1
41408230,0,21,3355,0,3952,5,2,6,1,177,0,2,928,0,0,1,0,1,38,0,0,1,0,1,1,1,1,1,1,1,1,1,3,4,0,1,1,1,0,1
41405254,0,68,3700,2,28922,4,22,2,1,2959,1,6,496,0,0,1,2,1,47,2,0,0,0,1,1,1,1,1,1,1,1,0,7,0,0,1,0,1,1,1
41596051,0,86,1850,7,76746,1,17,1,1,2359,3,5,570,0,0,1,0,1,50,6,0,0,1,1,1,1,1,1,1,1,1,1,0,0,0,0,0,0,0,0
41586720,0,58,4099,1,33055,1,13,1,1,3470,0,7,9,0,0,1,0,1,50,2,0,0,0,1,1,1,1,1,1,1,1,1,0,0,0,0,0,0,0,0
41551704,0,47,920,4,44812,1,22,1,1,998,2,2,640,0,0,1,0,1,16,0,0,0,0,0,1,1,0,0,1,1,0,1,0,0,0,0,0,0,0,0
41544147,0,60,590,10,91644,1,17,1,1,1396,4,5,719,0,0,1,5,1,22,0,0,0,0,0,1,0,0,0,0,1,0,1,3,0,0,1,0,1,1,1
41524680,0,39,650,11,128471,1,22,1,1,2359,3,5,780,0,0,1,5,1,40,3,0,0,1,0,1,1,1,1,1,1,1,1,4,2,0,1,1,1,1,1
41616434,0,47,1080,8,51254,1,2,10,1,998,2,5,101,0,0,1,1,1,28,1,0,0,0,0,1,1,0,1,1,1,0,1,1,0,0,1,0,1,1,1
40921652,0,68,3500,5,67900,4,2,2,1,2959,1,5,475,0,0,1,0,1,48,3,0,0,1,1,1,1,1,1,1,1,1,1,0,0,0,0,0,0,0,0
40386970,0,88,390,12,137943,1,15,6,1,998,2,5,183,0,0,1,7,1,23,1,0,0,0,0,1,1,0,1,1,1,0,1,4,1,0,1,1,1,1,1
40235885,0,56,2660,1,1650,3,22,8,1,1598,1,5,314,0,0,1,0,0,48,0,2,1,0,0,1,1,1,1,1,1,1,1,0,0,0,0,0,0,0,0
40649708,0,98,250,15,194008,1,22,12,1,1591,6,5,710,0,0,1,1,1,20,1,0,0,0,0,1,0,0,0,0,1,0,1,0,0,0,0,0,0,1,1
40520696,0,47,950,8,101483,1,22,10,1,998,2,5,980,0,0,1,0,1,28,2,0,0,0,0,1,1,0,1,1,1,0,1,3,2,0,1,1,1,0,1
39922646,0,92,899,10,206503,4,2,5,1,2199,0,7,609,0,0,1,0,1,43,1,0,0,1,0,1,1,1,1,1,1,1,1,0,0,0,0,0,0,0,0
41227441,0,36,1140,7,45293,1,19,1,1,1999,7,5,277,0,0,1,6,1,32,2,0,0,1,0,1,1,0,1,0,1,0,1,3,1,0,1,1,1,1,1
41226971,0,78,2685,4,75541,1,22,13,1,2497,1,5,611,0,0,1,1,1,42,2,0,0,0,1,1,1,1,1,1,1,1,1,0,0,0,0,0,0,1,1
41100838,0,95,3500,5,97220,1,2,1,1,3470,0,9,343,0,0,1,0,1,48,0,0,1,0,1,1,1,1,1,1,1,1,1,0,0,0,0,0,0,0,0
41079391,0,99,250,16,176912,1,2,2,1,1591,5,5,562,0,0,1,9,1,27,1,0,0,1,0,1,1,1,1,1,1,0,1,1,1,0,1,1,1,1,1
41160543,0,17,2220,4,91355,0,2,10,1,3470,3,5,686,0,0,1,2,1,46,3,0,0,1,1,1,1,1,1,1,1,1,1,1,2,0,1,1,1,1,1
41236492,0,74,2450,4,66235,4,17,10,1,1998,1,5,438,0,0,1,0,1,37,1,0,0,0,1,1,1,1,1,1,1,1,1,0,0,0,0,0,0,0,0
41130736,0,48,550,10,138525,1,17,7,1,998,2,5,543,0,0,1,2,1,28,2,0,0,0,0,1,0,1,1,0,1,0,1,1,0,0,1,0,1,1,1
41366897,0,95,2480,3,129462,4,22,8,1,2151,0,9,75,0,0,1,0,1,40,5,0,0,0,1,1,1,1,1,1,1,1,1,0,0,0,0,0,0,0,0
41356584,0,44,1395,3,72568,1,18,5,1,998,2,5,25,0,0,1,0,1,30,1,0,0,0,0,1,1,1,1,1,1,1,1,1,0,0,1,0,1,0,1
41366719,0,5,669,11,62759,1,14,7,1,1591,6,5,248,0,0,1,3,1,31,4,0,0,0,0,1,1,1,1,1,1,0,1,1,0,0,1,0,1,1,1
41350611,0,5,520,11,131262,1,22,4,1,1591,6,5,412,0,0,1,5,1,28,3,0,0,0,0,1,1,1,0,1,1,0,1,0,0,0,0,0,0,1,1
41323734,0,95,2750,4,134161,4,17,13,1,2151,0,7,20,0,0,1,1,1,48,4,0,0,0,1,1,1,1,1,1,1,1,1,0,0,0,0,0,0,1,1
41270911,0,82,1500,7,48814,1,2,1,1,1591,6,5,199,0,0,1,1,1,41,2,0,0,1,1,1,1,1,1,0,1,1,1,0,0,0,0,0,0,1,1
41261709,0,68,3600,5,43934,4,2,1,1,2959,1,7,519,0,0,1,0,1,46,0,0,0,0,1,1,1,1,1,1,1,1,1,0,1,0,0,1,1,0,1
41384928,0,64,790,10,110159,1,13,5,1,998,2,5,651,0,0,1,0,1,30,1,0,0,0,0,1,1,0,1,1,1,0,1,0,0,0,0,0,0,0,0
41383089,0,88,439,12,135006,1,22,1,1,998,2,5,762,0,0,1,4,1,25,2,0,0,0,0,1,0,1,1,1,1,0,1,2,0,0,1,0,1,1,1
41371461,0,36,1200,7,90169,0,22,1,1,1999,7,5,890,0,0,1,1,1,32,2,0,0,1,0,1,1,0,1,1,1,1,1,0,2,0,0,1,1,1,1
41429725,0,95,2680,5,94790,4,22,4,1,2151,0,9,682,0,0,1,3,1,45,4,0,0,0,1,1,1,1,1,1,1,1,1,0,0,0,0,0,0,1,1
41423054,0,92,1730,8,54363,1,22,1,1,3342,0,9,521,0,0,1,4,1,44,2,0,0,0,0,1,1,1,1,1,1,1,1,5,2,0,1,1,1,1,1
41486907,0,92,1150,10,117106,4,8,1,1,2199,0,9,478,0,0,1,4,1,45,1,0,0,0,0,1,1,1,1,1,1,1,1,0,0,0,0,0,0,1,1
41486649,0,95,2300,4,106893,4,2,10,1,2151,0,9,28,0,0,1,0,1,38,2,0,0,0,1,1,1,1,1,1,1,1,1,0,0,0,0,0,0,0,0
41483247,0,68,3090,4,50002,4,22,1,1,2959,1,5,920,0,0,1,3,1,43,1,0,0,0,1,1,1,1,1,1,1,1,1,4,0,0,1,0,1,1,1
41480466,0,47,429,8,170611,1,19,1,1,998,2,2,903,0,0,1,6,1,17,0,0,0,0,0,1,1,0,0,1,0,0,1,1,0,0,1,0,1,1,1
41457980,0,9,1990,6,84224,1,2,5,1,1598,7,5,873,0,0,1,1,1,38,3,0,0,0,1,1,1,1,1,1,1,1,1,0,0,0,0,0,0,1,1
41436287,0,17,2530,4,40116,1,2,8,1,2497,3,5,70,0,0,1,1,1,49,3,0,0,0,1,1,1,1,1,1,1,1,1,1,0,0,1,0,1,1,1
41514161,0,93,350,12,223718,4,22,5,1,1685,0,5,937,0,0,1,8,0,33,1,0,0,1,0,1,1,1,1,0,1,1,1,0,0,0,0,0,0,1,1
41531908,0,78,3500,3,73130,3,22,4,1,1598,1,6,682,0,0,1,1,1,49,7,0,0,1,1,1,1,1,1,1,1,1,1,0,0,0,0,0,0,1,1
41542683,0,78,3099,3,97125,3,22,10,1,1598,1,5,746,0,0,1,1,1,47,2,0,0,0,1,1,1,1,1,1,1,1,1,3,0,0,1,0,1,1,1
41470666,0,47,870,5,74716,1,22,1,1,998,2,2,792,0,0,1,0,1,16,0,0,0,0,0,1,0,0,0,0,1,0,1,0,0,0,0,0,0,0,0
41487286,0,74,2699,4,34905,1,17,8,1,1598,1,5,336,0,0,1,3,1,41,5,0,0,0,1,1,1,1,1,1,1,1,1,0,0,0,0,0,0,1,1
41613062,0,68,2870,6,130013,4,2,4,1,2959,1,6,105,0,0,1,2,1,48,1,0,0,0,1,1,1,1,1,1,1,1,1,0,0,0,0,0,0,1,1
41611761,0,48,360,10,128541,1,22,10,1,998,2,2,1004,0,0,1,1,1,10,1,0,0,0,0,0,0,0,0,0,0,0,0,0,0,0,0,0,0,1,1
41615092,0,73,830,10,168784,4,2,10,1,1685,1,5,28,0,0,1,1,1,36,2,0,0,0,0,1,1,0,1,1,1,1,1,0,0,0,0,0,0,1,1
41650161,0,47,890,8,80089,1,22,8,1,998,2,5,36,0,0,1,0,1,22,1,0,1,0,0,1,1,0,0,0,1,0,1,0,0,0,0,0,0,0,0
41650357,0,47,599,5,145164,1,18,4,1,998,2,2,526,0,0,1,2,1,16,0,0,0,0,0,1,0,0,0,0,1,0,1,5,0,0,1,0,1,1,1
41651666,0,43,2840,4,118533,1,17,1,1,3342,3,5,10,0,0,1,0,0,46,0,0,1,0,1,1,1,1,1,1,1,1,1,0,0,0,0,0,0,0,0
41643906,0,67,1380,11,112309,4,2,5,1,2959,1,7,974,0,0,1,4,1,44,1,0,0,1,0,1,1,1,1,1,1,1,1,0,0,0,0,0,0,1,1
41632130,0,74,3150,3,19537,1,2,1,1,1598,1,5,202,0,0,1,1,1,47,3,0,0,1,1,1,1,1,1,1,1,1,1,0,0,0,0,0,0,1,1
41634476,0,44,1870,1,7724,1,2,13,1,998,2,5,320,0,0,1,0,1,35,3,0,0,0,0,1,1,1,1,1,1,1,1,0,0,0,0,0,0,0,0
41623301,0,48,480,10,120583,1,18,1,1,998,2,5,131,0,0,1,7,1,21,2,0,0,0,0,1,0,0,0,0,1,0,1,3,3,0,1,1,1,1,1
41625018,0,8,890,10,123337,1,22,10,1,1999,7,5,28,0,0,1,3,1,32,2,0,0,0,0,1,1,1,1,1,1,0,1,0,0,0,0,0,0,1,1
41614173,0,73,1370,8,68865,4,22,1,1,1685,1,5,570,0,0,1,1,1,32,1,0,0,0,0,1,1,1,1,1,1,0,1,0,0,0,0,0,0,1,1
41603917,0,51,2850,2,28128,1,2,7,1,1598,1,5,684,0,0,1,0,1,45,3,0,0,0,1,1,1,1,1,1,1,1,1,0,0,0,0,0,0,0,0
41603324,0,74,2920,3,26548,1,22,1,1,1598,1,5,12,0,0,1,2,1,45,1,0,0,0,1,1,1,1,1,1,1,1,1,0,0,0,0,0,0,1,1
41597493,0,28,1480,8,135603,3,22,4,1,1580,1,5,105,0,0,1,0,0,41,4,0,0,0,1,1,1,1,1,1,1,1,1,0,0,0,0,0,0,0,0
41660651,0,18,8888,3,113382,3,11,1,1,1598,3,5,156,0,0,1,0,0,51,5,0,0,0,1,1,1,1,1,1,1,1,1,0,0,0,0,0,0,0,0
41586237,0,58,4920,2,29918,3,2,2,1,1598,0,7,513,0,0,1,1,1,52,7,0,0,1,1,1,1,1,1,1,1,1,1,2,0,0,1,0,1,1,1
41575136,0,95,3860,3,48007,4,2,8,1,2151,0,9,133,0,0,1,2,1,49,8,0,0,1,1,1,1,1,1,1,1,1,1,0,0,0,0,0,0,1,1
41569732,0,7,600,14,142666,1,2,1,1,1998,7,5,403,0,0,1,3,0,41,4,0,0,1,0,1,1,1,1,1,1,1,1,0,0,0,0,0,0,1,1
41623452,0,34,2170,4,48514,1,22,12,1,1598,6,5,4,0,0,1,2,1,41,3,0,0,1,1,1,1,1,1,1,1,1,1,2,0,0,1,0,1,1,1
41583534,0,86,1659,7,99183,1,2,13,1,2359,3,5,311,0,0,1,2,1,47,1,0,0,0,1,1,1,1,1,1,1,1,1,0,0,0,0,0,0,1,1
41570799,0,64,570,13,141126,1,2,10,1,998,2,5,884,0,0,1,6,1,30,1,0,0,0,0,1,1,1,1,1,1,0,1,3,0,0,1,0,1,1,1
41472537,0,67,930,11,166044,4,2,5,1,2959,1,7,684,0,0,1,8,1,40,2,0,0,1,0,1,1,1,1,1,1,1,1,0,0,0,0,0,0,1,1
41507702,0,74,2570,4,49953,1,22,5,1,1598,1,5,754,0,0,1,3,1,44,3,0,0,0,1,1,1,1,1,1,1,1,1,3,0,0,1,0,1,1,1
41566168,0,56,3700,1,8039,1,22,8,1,2497,1,5,267,0,0,1,0,1,47,3,0,0,0,1,1,1,1,1,1,1,1,1,0,0,0,0,0,0,0,0
41498728,0,78,2140,5,134237,4,2,7,1,2151,1,5,684,0,0,1,3,1,42,1,0,0,0,1,1,1,1,1,1,1,1,1,0,1,0,0,1,1,1,1
41486248,0,95,3949,5,45570,1,22,1,1,3470,0,9,363,0,0,1,0,1,49,3,0,0,0,1,1,1,1,1,1,1,1,1,0,0,0,0,0,0,0,0
41613865,0,74,2620,4,64141,1,17,1,1,1598,1,5,29,0,0,1,2,1,45,5,0,0,0,1,1,1,1,1,1,1,1,1,5,1,0,1,1,1,1,1
41610567,0,5,350,12,184721,4,19,1,1,1582,6,5,886,0,0,1,8,1,29,0,0,0,0,0,1,1,1,1,1,1,0,1,2,2,0,1,1,1,1,1
41625401,0,39,540,12,167547,1,2,10,1,2359,3,5,28,0,0,1,3,1,42,5,0,0,1,0,1,1,1,1,1,1,1,1,0,0,0,0,0,0,1,1
41611931,0,79,679,16,165716,0,11,13,1,2656,1,7,611,0,0,1,6,1,26,1,0,0,1,0,1,1,1,0,1,1,1,1,0,1,0,0,1,1,1,1
41606344,0,8,899,10,141798,0,22,5,1,1999,7,5,775,0,0,1,6,1,36,0,0,1,0,0,1,1,1,1,1,1,1,1,3,1,0,1,1,1,1,1
41596738,0,92,1150,11,167913,4,22,5,1,2199,0,9,330,0,0,1,6,1,44,1,0,0,1,0,1,1,1,1,1,1,1,1,2,0,0,1,0,1,1,1
41596575,0,76,999,14,167012,4,14,7,1,1995,1,5,966,0,0,1,12,1,29,1,0,0,1,0,1,1,1,1,1,1,0,1,1,1,0,1,1,1,1,1
41648621,0,93,590,12,158974,0,19,10,1,1999,0,7,617,0,0,1,13,1,30,1,0,0,1,0,1,0,1,1,0,1,1,1,6,2,0,1,1,1,1,1
41641380,0,95,2229,5,113237,4,17,1,1,2151,0,9,402,0,0,1,0,1,38,4,0,1,0,1,1,1,1,1,0,1,1,1,2,0,0,1,0,1,0,1
41647664,0,64,560,13,77112,1,21,11,1,998,2,5,696,0,0,1,13,1,19,2,0,0,0,0,1,1,0,0,1,0,0,1,0,0,0,0,0,0,1,1
41638714,0,90,1390,9,188094,4,22,1,1,1995,1,7,504,0,0,1,3,1,46,2,0,0,0,0,1,1,1,1,1,1,1,1,0,0,0,0,0,0,1,1
41627129,0,86,1310,10,47440,1,22,10,1,2359,3,5,28,0,0,1,4,1,39,1,0,0,1,0,1,1,1,1,1,1,1,1,0,0,0,0,0,0,1,1
41647566,0,92,1150,10,132637,4,17,10,1,2199,0,9,940,0,0,1,3,1,47,3,0,0,1,0,1,1,1,1,1,1,1,1,0,0,0,0,0,0,1,1
41640583,0,68,3730,5,71101,4,2,5,1,2959,1,6,708,0,0,1,0,1,49,3,0,0,1,1,1,1,1,1,1,1,1,1,0,0,0,0,0,0,0,0
40553324,0,96,550,16,154011,4,22,9,1,2199,0,11,913,0,0,1,6,1,24,1,0,0,1,0,1,1,1,0,1,1,0,1,1,0,0,1,0,1,1,1
41157271,0,39,550,13,181174,1,2,9,1,2359,3,5,913,0,0,1,1,1,38,0,0,0,0,0,1,1,1,1,1,1,0,1,1,0,0,1,0,1,1,1
41259560,0,79,430,14,227642,4,11,5,1,1995,1,7,707,0,0,1,9,1,36,0,0,0,0,0,1,1,1,1,1,1,1,1,2,0,0,1,0,1,1,1
41660882,0,86,615,10,358686,4,17,5,1,2199,3,5,386,0,0,1,3,1,38,0,0,0,0,0,1,1,1,1,1,1,1,1,1,0,0,1,0,1,1,1
41627419,0,78,2050,5,192365,4,2,10,1,2151,1,5,639,0,0,1,0,1,47,2,0,0,0,1,1,1,1,1,1,1,1,1,0,0,0,0,0,0,0,0
41571628,0,14,1880,6,67913,1,22,5,1,2497,3,5,25,0,0,1,0,1,41,1,0,0,0,1,1,1,1,1,0,1,1,1,0,1,0,0,1,1,0,1
41566462,0,47,750,7,159679,1,18,8,1,998,2,5,227,0,0,1,0,0,29,2,0,0,0,0,1,1,0,1,1,1,0,1,0,0,0,0,0,0,0,0
41619323,0,57,2350,7,51164,1,2,8,1,3342,0,9,275,0,0,1,4,1,45,0,0,0,0,1,1,1,1,1,1,1,1,1,2,2,0,1,1,1,1,1
41504804,0,85,22,5,61036,1,22,1,1,1598,6,5,247,0,0,1,7,1,39,4,0,0,1,1,1,1,1,1,1,1,1,1,4,2,0,1,1,1,1,1
41496364,0,26,270,18,124079,4,11,8,1,2902,0,9,539,0,0,1,15,1,17,0,0,0,0,0,1,1,0,0,1,1,0,1,7,4,0,1,1,1,1,1
41500904,0,95,2190,5,141043,4,22,14,1,2151,0,9,186,0,0,1,0,1,37,2,0,0,0,1,1,1,1,1,1,1,1,1,1,0,0,1,0,1,0,1
41383116,0,8,950,10,85633,4,19,2,1,1685,7,5,348,0,0,1,5,1,42,2,0,0,0,0,1,1,1,1,1,1,1,1,1,0,0,1,0,1,1,1
41348525,0,77,1629,6,69660,4,17,1,1,1995,1,5,296,0,0,1,0,0,43,2,0,0,0,1,1,1,1,1,1,1,1,1,0,0,0,0,0,0,0,0
41346907,0,64,650,12,110137,1,8,1,1,998,2,5,62,0,0,1,0,1,23,2,0,0,0,0,1,0,0,1,0,1,0,1,0,0,0,0,0,0,0,0
41621266,0,77,2390,6,51827,1,22,5,1,1999,1,5,771,0,0,1,10,1,42,2,0,0,0,1,1,1,1,1,1,1,1,1,0,0,0,0,0,0,1,1
41470020,0,78,2590,4,129045,4,2,10,1,2151,1,5,789,0,0,1,0,1,42,1,0,0,0,1,1,1,1,1,1,1,1,1,0,0,0,0,0,0,0,0
41611368,0,44,1360,3,48279,1,21,8,1,998,2,5,452,0,0,1,2,1,27,0,0,0,0,0,1,1,0,1,1,1,1,1,0,0,0,0,0,0,1,1
41374607,0,14,2150,6,129828,1,2,5,1,2999,3,5,517,0,0,1,6,1,50,6,0,0,1,1,1,1,1,1,1,1,1,1,1,0,0,1,0,1,1,1
41308174,0,50,1700,8,105207,4,2,1,1,2959,1,7,404,0,0,1,6,1,43,0,0,0,0,0,1,1,1,1,1,1,1,1,3,2,0,1,1,1,1,1
41245397,0,74,2320,3,30296,4,14,1,1,1998,1,5,453,0,0,1,0,1,30,1,0,0,0,1,1,1,0,1,0,1,0,1,0,0,0,0,0,0,0,0
41420723,0,34,1350,3,105504,1,22,1,1,1598,6,5,9,0,0,1,2,1,33,1,0,0,0,0,1,1,1,1,1,1,1,1,4,0,0,1,0,1,1,1
41409209,0,89,599,9,86184,1,22,7,1,998,2,5,86,0,0,1,7,1,27,2,0,0,0,0,1,1,0,1,1,1,0,1,5,0,0,1,0,1,1,1
41420256,0,55,1750,6,87230,4,19,2,1,1995,1,5,181,0,0,1,2,1,45,2,0,0,0,1,1,1,1,1,1,1,1,1,2,0,0,1,0,1,1,1
41420261,0,95,2750,5,70589,4,22,5,1,2151,0,9,808,0,0,1,0,1,38,5,0,0,0,1,1,1,1,1,1,1,1,1,0,0,0,0,0,0,0,0
41404283,0,78,3090,5,97664,3,22,10,1,1598,1,5,125,0,0,1,0,1,48,3,0,0,1,1,1,1,1,1,1,1,1,1,0,0,0,0,0,0,0,0
41397616,0,67,499,14,266341,4,11,1,1,2959,1,7,26,0,0,1,3,1,43,1,0,1,1,0,1,1,1,1,0,1,1,1,4,9,0,1,1,1,1,1
41428262,0,24,190,16,105481,1,14,1,1,999,2,5,114,0,0,1,8,1,12,0,0,0,0,0,1,0,0,0,0,1,0,1,5,0,0,1,0,1,1,1
41507086,0,5,500,12,119090,1,22,4,1,1591,6,5,236,0,0,1,7,1,29,2,0,0,0,0,1,1,1,1,1,1,0,1,4,1,0,1,1,1,1,1
41405576,0,47,1150,4,88673,1,22,1,1,998,2,5,454,0,0,1,0,1,26,1,0,0,0,0,1,1,0,1,1,1,0,1,0,0,0,0,0,0,0,0
41387210,0,48,599,10,38470,1,18,1,1,998,2,5,296,0,0,1,7,0,25,1,0,0,0,0,1,0,0,1,0,1,0,1,0,0,0,0,0,0,1,1
41483586,0,96,330,12,180809,4,2,1,1,2199,0,11,504,0,0,1,3,1,19,1,0,2,0,0,1,1,0,0,1,0,0,1,0,0,0,0,0,0,1,1
41476799,0,62,1790,3,123086,3,19,6,1,1580,1,5,905,0,0,1,0,1,31,2,1,0,0,0,1,1,1,1,1,1,0,1,0,1,0,0,1,1,0,1
41480387,0,50,1540,8,180953,4,2,8,1,2959,1,7,257,0,0,1,2,1,43,4,0,0,1,0,1,1,1,1,1,1,1,1,0,0,0,0,0,0,1,1
41471666,0,88,333,11,196808,1,18,7,1,998,2,5,303,0,0,1,8,1,18,2,0,0,0,0,1,1,0,0,1,1,0,1,2,0,0,1,0,1,1,1
41466271,0,61,370,14,199343,0,22,1,1,2999,3,5,704,0,0,1,10,1,35,0,0,0,0,0,1,1,1,0,1,1,1,1,4,1,0,1,1,1,1,1
40975336,0,56,2715,0,2620,3,2,8,1,1598,1,5,314,0,0,1,0,0,48,5,0,0,0,1,1,1,1,1,1,1,1,1,0,0,0,0,0,0,0,0
41015843,0,78,9999,5,56388,4,19,13,1,2151,1,5,869,0,0,1,0,1,42,1,0,0,0,1,1,1,1,1,1,1,1,1,1,0,0,1,0,1,0,1
41140726,0,78,2370,3,146462,4,22,1,1,2151,1,5,353,0,0,1,5,1,47,3,0,0,0,1,1,1,1,1,1,1,1,1,1,1,0,1,1,1,1,1
40409120,0,31,1500,7,219177,1,17,5,1,3778,3,5,609,0,0,1,6,1,49,0,0,0,0,1,1,1,1,1,1,1,1,1,0,0,0,0,0,0,1,1
41509806,0,37,3049,2,36518,1,17,1,1,1999,7,5,205,0,0,1,2,1,45,4,0,0,1,1,1,1,1,1,1,1,1,1,0,1,0,0,1,1,1,1
41586917,0,40,2700,1,10000,1,2,1,1,2497,3,5,314,0,0,1,0,0,47,0,0,0,0,1,1,1,1,1,1,1,1,1,0,0,0,0,0,0,0,0
41621540,0,78,2620,5,171750,3,17,1,1,1598,1,5,517,0,0,1,2,1,48,3,0,0,1,1,1,1,1,1,1,1,1,1,0,0,0,0,0,0,1,1
41606850,0,18,3270,3,72782,3,2,5,1,1598,3,5,973,0,0,1,0,1,51,5,0,0,0,1,1,1,1,1,1,1,1,1,0,0,0,0,0,0,0,0
41480452,0,78,3230,4,69945,1,22,13,1,2497,1,6,745,0,0,1,0,1,49,7,0,0,1,1,1,1,1,1,1,1,1,1,0,0,0,0,0,0,0,0
41574016,0,87,1559,8,130150,3,17,5,1,2359,3,5,759,0,0,1,3,1,50,5,0,0,1,1,1,1,1,1,1,1,1,1,3,0,0,1,0,1,1,1
41648271,0,58,4980,1,7454,3,22,7,1,1598,0,9,814,0,0,1,0,1,46,3,0,0,0,1,1,1,1,1,1,1,1,1,0,0,0,0,0,0,0,0
41455917,0,90,1199,11,165870,4,11,6,1,2199,1,5,895,0,0,1,0,1,43,1,1,0,1,0,1,0,1,1,0,1,1,1,0,0,0,0,0,0,0,0
41536158,0,9,2020,4,157380,0,17,1,1,1999,7,5,10,0,0,1,4,1,27,2,0,0,0,1,1,0,0,1,0,1,0,1,4,0,0,1,0,1,1,1
41185045,0,9,2450,5,37941,1,22,8,1,1598,7,5,326,0,0,1,0,1,41,4,0,0,0,1,1,1,1,1,1,1,1,1,0,0,0,0,0,0,0,0
41127458,0,37,3499,1,4574,1,17,5,1,1598,7,5,715,0,0,1,0,1,46,3,1,0,0,1,1,1,1,1,1,1,1,1,0,0,0,0,0,0,0,0
41584448,0,86,920,10,100365,1,2,13,1,2359,3,5,968,0,0,1,0,1,38,0,0,0,0,0,1,1,1,1,1,1,1,1,4,2,0,1,1,1,0,1
41404195,0,69,1670,6,61233,1,17,1,1,1591,1,5,920,0,0,1,4,1,42,4,0,0,1,1,1,1,1,1,1,1,1,1,4,0,0,1,0,1,1,1
41563705,0,7,540,14,138542,0,22,6,1,1998,7,5,197,0,0,1,0,1,20,0,0,0,1,0,0,1,1,0,0,1,0,1,2,1,0,1,1,1,0,1
41157163,0,57,1150,7,149353,4,22,1,1,2199,0,9,478,0,0,1,0,1,32,2,0,0,0,0,1,1,0,1,1,1,1,1,1,3,0,1,1,1,0,1
41310338,0,82,1330,7,127575,1,2,6,1,1591,6,5,197,0,0,1,0,1,40,2,0,0,0,1,1,1,1,1,1,1,1,1,0,0,0,0,0,0,0,0
41624805,0,74,2070,4,143686,4,22,1,1,1998,1,5,815,0,0,1,1,1,44,3,0,0,0,1,1,1,1,1,1,1,1,1,1,0,0,1,0,1,1,1
41465939,0,36,1169,7,61962,1,22,5,1,1999,7,5,590,0,0,1,0,1,33,3,2,1,0,1,1,1,1,1,1,1,0,1,0,0,0,0,0,0,0,0
41588292,0,95,2090,5,80167,4,22,1,1,2151,0,11,692,0,0,1,0,1,35,2,0,0,0,1,1,1,0,1,0,1,1,1,2,1,0,1,1,1,0,1
41651249,0,86,1310,9,142898,1,2,6,1,2359,3,5,650,0,0,1,0,1,50,6,1,0,1,1,1,1,1,1,1,1,1,1,0,0,0,0,0,0,0,0
41451084,0,47,1030,5,43298,1,10,1,1,998,2,5,859,0,0,1,5,1,19,1,0,0,0,0,1,0,0,1,0,1,0,1,3,1,0,1,1,1,1,1
41500229,0,44,1060,3,63433,1,17,1,1,998,2,2,10,0,0,1,7,1,28,0,0,1,0,0,1,1,1,1,1,1,0,1,6,1,0,1,1,1,1,1
41645500,0,47,1260,8,131295,0,14,1,1,998,2,5,22,0,0,1,3,1,30,1,0,1,0,0,1,1,1,1,1,1,0,1,0,2,0,0,1,1,1,1
41619964,0,47,880,4,89515,1,22,1,1,998,2,2,859,0,0,1,1,1,12,0,0,0,0,0,1,0,0,0,0,0,0,0,1,1,0,1,1,1,1,1
40536143,0,5,520,13,115161,1,22,8,1,1591,6,5,176,0,0,1,3,1,27,2,0,0,0,0,1,0,1,1,0,1,0,1,2,1,0,1,1,1,1,1
41263483,0,75,2899,4,37037,3,2,1,1,1598,1,5,82,0,0,1,0,1,44,4,0,0,0,1,1,1,1,1,1,1,1,1,1,0,0,1,0,1,0,1
41622996,0,86,1290,9,48370,1,2,2,1,2359,3,5,279,0,0,1,18,1,39,1,0,0,0,0,1,1,1,1,1,1,1,1,4,1,0,1,1,1,1,1
41616042,0,44,1100,3,107907,1,22,1,1,998,2,2,793,0,0,1,0,1,24,4,0,0,0,0,1,0,1,1,1,0,0,0,0,0,0,0,0,0,0,0
41227808,0,9,2930,3,33913,1,22,13,1,1598,7,5,968,0,0,1,0,1,47,6,0,0,1,1,1,1,1,1,1,1,1,1,0,0,0,0,0,0,0,0
41656076,0,7,590,14,155060,1,22,6,1,1999,7,5,197,0,0,1,0,1,41,4,0,0,1,0,1,1,1,1,1,1,1,1,2,0,0,1,0,1,0,1
41363655,0,92,1129,10,123046,4,11,5,1,2199,0,9,299,0,0,1,0,1,39,2,1,0,1,0,1,1,1,1,1,1,1,1,0,0,0,0,0,0,0,0
41567476,0,95,2940,3,28500,4,13,1,1,2151,0,11,920,0,0,1,12,1,47,4,0,0,0,1,1,1,1,1,1,1,1,1,4,3,0,1,1,1,1,1
41375398,0,92,1399,10,90176,1,17,8,1,3342,0,7,535,0,0,1,1,1,46,3,0,0,1,0,1,1,1,1,1,1,1,1,1,1,0,1,1,1,1,1
41148289,0,90,990,11,158118,4,22,1,1,1995,1,5,793,0,0,1,8,1,38,1,0,0,0,0,1,1,1,1,1,1,1,1,1,3,0,1,1,1,1,1
40941651,0,95,2990,3,101785,4,2,6,1,2151,0,9,270,0,0,1,1,1,46,4,0,0,0,1,1,1,1,1,1,1,1,1,0,0,0,0,0,0,1,1
41374559,0,95,2520,4,77308,4,22,8,1,2151,0,9,680,0,0,1,0,1,39,4,0,0,0,1,1,1,1,1,1,1,1,1,1,1,0,1,1,1,0,1
41380998,0,58,4520,2,26688,3,22,1,1,1598,0,9,930,0,0,1,0,1,48,2,0,0,0,1,1,1,1,1,1,1,1,1,0,0,0,0,0,0,0,0
41408305,0,58,4390,0,8459,1,2,1,1,3470,0,7,579,0,0,1,0,1,48,3,0,0,0,1,1,1,1,1,1,1,1,1,0,0,0,0,0,0,0,0
41483159,0,55,1650,8,112365,4,2,1,1,2199,1,5,930,0,0,1,2,1,41,1,0,0,0,0,1,1,1,1,1,1,1,1,1,1,0,1,1,1,1,1
40779184,0,58,9999,2,26781,1,17,1,1,3470,0,7,930,0,0,1,1,1,49,1,0,0,0,1,1,1,1,1,1,1,1,1,0,0,0,0,0,0,1,1
41342101,0,41,4030,1,38414,3,22,1,1,1598,3,5,579,0,0,1,0,1,49,1,0,0,0,1,1,1,1,1,1,1,1,1,0,0,0,0,0,0,0,0
41606413,0,18,2930,4,32845,3,19,1,1,1598,3,5,156,0,0,1,0,1,44,2,0,0,0,1,1,1,1,1,1,1,1,1,0,0,0,0,0,0,0,0
41608323,0,23,800,12,107132,4,17,10,1,1995,1,5,263,0,0,1,2,1,35,1,0,0,0,0,1,1,1,1,1,1,1,1,0,0,0,0,0,0,1,1
41381002,0,68,3600,5,80064,4,2,1,1,2959,1,7,930,0,0,1,4,1,48,2,0,0,1,1,1,1,1,1,1,1,1,1,0,0,0,0,0,0,1,1
41398193,0,56,4190,2,31583,1,22,1,1,2497,1,6,579,0,0,1,0,1,51,8,0,0,1,1,1,1,1,1,1,1,1,1,0,1,0,0,1,1,0,1
41387800,0,58,4300,1,24782,4,2,1,1,2151,0,7,930,0,0,1,0,1,49,3,0,0,0,1,1,1,1,1,1,1,1,1,0,0,0,0,0,0,0,0
41482981,0,90,1380,10,151377,4,17,1,1,2199,1,7,930,0,0,1,1,1,48,4,0,0,0,0,1,1,1,1,1,1,1,1,0,1,0,0,1,1,1,1
41459777,0,46,2280,6,11876,3,19,1,1,1580,1,5,930,0,0,1,0,1,42,1,0,0,0,1,1,1,1,1,1,1,1,1,0,0,0,0,0,0,0,0
41259985,0,12,9999,3,64613,3,2,8,1,1999,7,5,679,0,0,1,1,1,46,4,0,0,0,1,1,1,1,1,1,1,1,1,1,0,0,1,0,1,1,1
39955475,0,48,520,10,112465,1,18,5,1,998,2,5,339,0,0,1,2,1,24,0,0,0,0,0,1,0,0,1,0,1,0,1,1,0,0,1,0,1,1,1
41352925,0,14,1499,6,149129,1,17,1,1,2497,3,5,557,0,0,1,2,1,48,3,0,0,0,1,1,1,1,1,1,1,1,1,1,0,0,1,0,1,1,1
41598988,0,7,350,13,200436,0,11,12,1,2000,7,5,351,0,0,1,0,1,14,0,0,0,0,0,1,1,0,0,1,0,0,1,2,0,0,1,0,1,0,1
41640785,0,34,1910,3,43736,1,22,8,1,1598,6,5,680,0,0,1,1,1,35,2,0,0,0,0,1,1,1,1,1,1,1,1,1,1,0,1,1,1,1,1
41529060,0,35,750,11,75153,1,22,6,1,1999,7,5,132,0,0,1,0,1,33,2,1,0,0,0,1,1,1,1,1,1,1,1,1,0,0,1,0,1,0,1
41371335,0,92,1820,8,100918,4,2,8,1,2199,0,9,231,0,0,1,2,1,46,0,0,0,0,0,1,1,1,1,1,1,1,1,0,0,0,0,0,0,1,1
41613509,0,95,3850,3,6828,1,22,8,1,3470,0,9,231,0,0,1,0,1,48,7,0,0,0,1,1,1,1,1,1,1,1,1,0,0,0,0,0,0,0,0
41551242,0,78,3170,3,45630,1,22,8,1,2497,1,5,680,0,0,1,0,1,48,4,0,0,0,1,1,1,1,1,1,1,1,1,1,1,0,1,1,1,0,1
41504975,0,97,4320,0,20377,1,22,8,1,2497,8,5,231,0,0,1,0,1,43,0,0,3,0,1,1,1,1,1,1,1,1,1,0,0,0,0,0,0,0,0
41534161,0,75,3420,3,28489,3,22,1,1,1598,1,5,156,0,0,1,0,1,47,6,0,0,1,1,1,1,1,1,1,1,1,1,0,1,0,0,1,1,0,1
41514147,0,68,3850,5,41387,4,2,8,1,2959,1,5,231,0,0,1,0,1,46,1,0,0,0,1,1,1,1,1,1,1,1,1,0,0,0,0,0,0,0,0
41504968,0,78,3320,5,82384,3,17,8,1,1598,1,7,231,0,0,1,0,1,47,3,0,0,0,1,1,1,1,1,1,1,1,1,0,0,0,0,0,0,0,0
41316896,0,58,5390,1,37405,1,2,8,1,3470,0,9,231,0,0,1,0,1,51,2,0,0,0,1,1,1,1,1,1,1,1,1,0,0,0,0,0,0,0,0
41351502,0,95,2220,5,105109,4,2,1,1,2151,0,9,809,0,0,1,3,1,38,3,0,0,0,1,1,1,1,1,1,1,1,1,1,0,0,1,0,1,1,1
41398416,0,3,3760,4,32467,5,22,8,1,111,6,5,231,0,0,1,0,1,46,3,0,0,0,1,1,1,1,1,1,1,1,1,0,0,0,0,0,0,0,0
41409468,0,78,3220,5,86909,3,17,8,1,1598,1,6,231,0,0,1,0,1,48,4,0,0,1,1,1,1,1,1,1,1,1,1,0,0,0,0,0,0,0,0
41430779,0,78,3630,3,51534,1,22,8,1,2497,1,5,231,0,0,1,1,1,47,3,0,0,0,1,1,1,1,1,1,1,1,1,0,0,0,0,0,0,1,1
41609744,0,62,2220,4,80828,3,17,8,1,1580,1,5,680,0,0,1,1,1,38,2,0,0,0,0,1,1,1,1,1,1,1,1,0,2,0,0,1,1,1,1
41356023,0,95,2450,3,87227,4,22,8,1,2151,0,9,680,0,0,1,1,1,38,2,0,0,0,1,1,1,1,1,1,1,1,1,1,1,0,1,1,1,1,1
41611529,0,34,1340,4,76970,1,11,8,1,1598,6,5,679,0,0,1,0,1,28,1,0,0,0,0,1,1,0,1,1,1,0,1,1,0,0,1,0,1,0,1
41213169,0,38,3150,1,5185,3,2,1,1,1999,7,5,886,0,0,1,0,1,41,1,0,0,0,1,1,1,1,1,1,1,1,1,0,0,0,0,0,0,0,0
39729325,0,58,8200,1,2001,3,22,7,1,1598,0,4,909,0,0,1,0,1,49,2,0,0,0,1,1,1,1,1,1,1,1,1,0,0,0,0,0,0,0,0
41356726,0,28,1470,9,90024,3,19,1,1,1580,1,5,87,0,0,1,0,1,38,3,0,0,0,0,1,1,1,1,1,1,1,1,0,0,0,0,0,0,0,0
41498619,0,78,2990,4,45638,1,22,8,1,2497,1,7,680,0,0,1,0,1,47,4,0,0,0,1,1,1,1,1,1,1,1,1,0,2,0,0,1,1,0,1
41148281,0,78,2799,5,114400,1,19,1,1,2497,1,6,716,0,0,1,6,1,49,6,0,0,1,1,1,1,1,1,1,1,1,1,1,1,0,1,1,1,1,1
41616043,0,95,4250,4,50704,1,22,8,1,3470,0,9,36,0,0,1,0,1,49,0,3,0,0,1,1,1,1,1,1,1,1,1,0,2,0,0,1,1,0,1
41178527,0,78,2699,4,80648,3,19,1,1,1598,1,5,894,0,0,1,1,1,43,3,0,0,0,1,1,1,1,1,1,1,1,1,2,1,0,1,1,1,1,1
41295863,0,7,499,13,140293,1,17,7,1,1999,7,5,473,0,0,1,1,1,36,1,0,0,0,0,1,1,1,1,1,1,1,1,0,0,0,0,0,0,1,1
41336147,0,69,1599,6,84044,4,22,5,1,1598,1,5,361,0,0,1,4,1,37,4,0,0,0,0,1,1,1,1,1,1,1,1,1,0,0,1,0,1,1,1
41102762,0,95,2450,5,99702,4,22,1,1,2151,0,9,768,0,0,1,1,1,37,3,0,0,0,1,1,1,1,1,1,1,1,1,0,0,0,0,0,0,1,1
41422875,0,85,1280,6,48577,1,17,1,1,1598,6,5,768,0,0,1,1,1,27,4,0,0,0,0,1,1,0,1,0,1,0,1,1,1,0,1,1,1,1,1
41407989,0,34,1680,4,55047,1,19,1,1,1598,6,5,768,0,0,1,1,1,39,0,0,1,0,1,1,1,1,1,1,1,1,1,1,1,0,1,1,1,1,1
41643517,0,0,3870,1,25890,5,22,1,1,237,1,5,768,0,0,1,2,1,48,8,0,0,1,1,1,1,1,1,1,1,1,1,1,1,0,1,1,1,1,1
41647271,0,47,1140,4,68474,1,22,1,1,998,2,5,768,0,0,1,0,1,20,1,0,0,0,0,1,1,0,0,0,0,0,0,0,0,0,0,0,0,0,0
41647226,0,85,1180,6,72722,1,19,1,1,1598,6,5,768,0,0,1,5,1,27,2,0,0,0,0,1,1,0,1,1,1,0,1,3,1,0,1,1,1,1,1
41659021,0,9,2150,4,25289,0,22,1,1,1999,7,5,768,0,0,1,0,1,38,3,0,0,0,1,1,1,1,1,1,1,1,1,1,1,0,1,1,1,0,1
40991994,0,95,2850,3,60764,4,22,1,1,2151,0,9,768,0,0,1,0,1,38,4,0,0,0,1,1,1,1,1,1,1,1,1,0,0,0,0,0,0,0,0
41126738,0,95,3250,5,74340,4,22,1,1,2151,0,9,768,0,0,1,1,1,48,6,0,0,0,1,1,1,1,1,1,1,1,1,0,2,0,0,1,1,1,1
41368001,0,46,1980,5,22633,3,11,1,1,1580,1,5,768,0,0,1,0,1,29,3,0,0,0,0,1,1,1,1,1,1,0,1,0,0,0,0,0,0,0,0
41325343,0,45,1899,2,10421,5,22,1,1,133,2,4,768,0,0,1,0,1,29,1,0,0,0,0,1,1,1,1,1,1,1,1,0,0,0,0,0,0,0,0
41591781,0,34,2080,2,16711,1,17,1,1,1598,6,5,768,0,0,1,0,1,33,0,0,0,0,0,1,1,1,1,1,1,1,1,1,1,0,1,1,1,0,1
41119696,0,95,2650,5,125650,4,22,1,1,2151,0,9,768,0,0,1,1,1,48,8,0,0,1,1,1,1,1,1,1,1,1,1,1,0,0,1,0,1,1,1
40591211,0,72,2950,5,40738,1,22,1,1,2497,7,5,768,0,0,1,3,1,49,4,0,0,1,1,1,1,1,1,1,1,1,1,1,1,0,1,1,1,1,1
40828484,0,12,2130,6,92558,3,2,1,1,1999,7,5,578,0,0,1,1,1,44,5,0,0,0,1,1,1,1,1,1,1,1,1,0,0,0,0,0,0,1,1
41187455,0,9,2750,3,27931,1,17,1,1,1598,7,5,578,0,0,1,0,1,44,4,0,0,0,1,1,1,1,1,1,1,1,1,0,0,0,0,0,0,0,0
41535079,0,78,3190,4,118241,3,2,1,1,1598,1,6,578,0,0,1,1,1,48,3,0,0,1,1,1,1,1,1,1,1,1,1,0,0,0,0,0,0,1,1
41057634,0,9,2800,4,31481,1,2,1,1,1598,7,5,578,0,0,1,0,1,47,5,0,0,1,1,1,1,1,1,1,1,1,1,1,0,0,1,0,1,0,1
41613255,0,95,2599,4,126332,4,22,1,1,2151,0,9,325,0,0,1,0,1,40,5,0,0,0,1,1,1,1,1,1,1,1,1,0,1,0,0,1,1,0,1
41568247,0,17,2099,3,125033,0,2,1,1,3470,3,5,419,0,0,1,2,1,49,3,0,0,0,1,1,1,1,1,1,1,1,1,0,0,0,0,0,0,1,1
41585240,0,31,3450,6,43648,1,2,1,1,3778,3,5,419,0,0,1,0,1,57,3,0,0,1,1,1,1,1,1,1,1,1,1,0,0,0,0,0,0,0,0
41387720,0,95,3950,3,30636,4,22,1,1,2151,0,9,325,0,0,1,0,1,49,7,0,0,0,1,1,1,1,1,1,1,1,1,0,0,0,0,0,0,0,0
41173079,0,68,3609,5,73485,4,1,1,1,2959,1,5,939,0,0,1,0,1,47,4,0,0,1,0,1,1,1,1,1,1,1,1,0,0,0,0,0,0,0,0
39740343,0,95,3770,4,35086,1,2,1,1,3470,0,9,419,0,0,1,1,1,47,0,0,0,0,1,1,1,1,1,1,1,1,1,0,0,0,0,0,0,1,1
41612554,0,4,5530,2,28094,5,22,1,1,180,1,7,419,0,0,1,0,1,51,2,0,0,0,1,1,1,1,1,1,1,1,1,0,0,0,0,0,0,0,0
41480873,0,32,4150,1,68661,5,19,1,1,120,7,5,419,0,0,1,0,1,48,7,0,0,1,1,1,1,1,1,1,1,1,1,0,0,0,0,0,0,0,0
41554715,0,14,2499,6,65811,1,22,5,1,2497,3,5,361,0,0,1,4,1,49,5,0,0,1,1,1,1,1,1,1,1,1,1,0,0,0,0,0,0,1,1
41546077,0,58,9999,1,9917,4,11,1,1,2151,0,9,900,0,0,1,0,1,52,7,0,0,1,1,1,1,1,1,1,1,1,1,0,0,0,0,0,0,0,0
41518809,0,57,2109,7,138156,1,2,1,1,3342,0,9,939,0,0,1,1,1,47,0,0,1,0,1,1,1,1,1,1,1,1,1,0,0,0,0,0,0,1,1
41575761,0,56,4790,2,23915,3,22,1,1,1598,1,7,900,0,0,1,0,1,50,7,0,0,1,1,1,1,1,1,1,1,1,1,0,0,0,0,0,0,0,0
41568124,0,57,1680,6,123053,4,22,1,1,2199,0,9,920,0,0,1,3,1,43,4,0,0,0,1,1,1,1,1,1,1,1,1,0,0,0,0,0,0,1,1
41550892,0,79,649,14,155366,4,2,1,1,1995,1,7,325,0,0,1,2,1,37,1,0,0,1,0,1,1,1,1,0,1,1,1,0,0,0,0,0,0,1,1
41541435,0,74,2030,3,28582,1,2,8,1,1598,1,5,680,0,0,1,1,1,25,1,0,0,0,1,1,0,0,0,0,0,0,1,0,1,0,0,1,1,1,1
41507766,0,56,5990,0,7688,3,22,1,1,1598,1,6,900,0,0,1,0,1,51,9,0,0,1,1,1,1,1,1,1,1,1,1,0,0,0,0,0,0,0,0
41498637,0,18,2420,4,73310,3,17,8,1,1598,3,5,680,0,0,1,1,1,45,2,0,0,0,1,1,1,1,1,1,1,1,1,0,3,0,0,1,1,1,1
41498621,0,74,3420,4,25320,1,19,8,1,1598,1,5,680,0,0,1,0,1,46,3,0,0,0,1,1,1,1,1,1,1,1,1,0,0,0,0,0,0,0,0
41499311,0,56,9999,1,19511,3,22,1,1,1598,1,6,900,0,0,1,0,1,51,6,0,0,1,1,1,1,1,1,1,1,1,1,0,0,0,0,0,0,0,0
41411246,0,76,850,14,86129,1,22,1,1,1998,1,5,419,0,0,1,0,1,37,0,0,0,1,0,1,1,1,1,0,1,1,1,0,0,0,0,0,0,0,0
41636213,0,55,1620,8,126959,4,22,1,1,2199,1,5,557,0,0,1,7,1,37,1,0,0,0,1,1,1,1,1,1,1,1,1,4,0,0,1,0,1,1,1
40973877,0,93,559,11,138952,0,11,1,1,1999,0,7,894,0,0,1,7,1,23,1,0,0,0,0,1,1,0,0,1,1,0,1,7,2,0,1,1,1,1,1
41235250,0,57,2680,7,103020,1,22,8,1,3342,0,9,36,0,0,1,0,1,48,0,2,0,0,1,1,1,1,1,1,1,1,1,0,0,0,0,0,0,0,0
41553772,0,29,1999,6,54280,5,22,1,1,180,1,5,211,0,0,1,0,1,35,2,0,0,0,0,1,1,1,1,0,1,1,1,0,0,0,0,0,0,0,0
41142233,0,47,1199,5,55093,1,22,1,1,998,2,5,894,0,0,1,1,1,30,3,1,3,0,0,1,1,1,1,1,1,0,1,2,1,0,1,1,1,1,1
41545439,0,95,3699,4,61532,4,22,1,1,2151,0,7,211,0,0,1,1,1,48,6,0,1,0,1,1,1,1,1,1,1,1,1,0,1,0,0,1,1,1,1
41538944,0,92,1299,9,81197,4,2,1,1,2199,0,9,211,0,0,1,0,1,39,2,0,0,1,0,1,1,1,1,1,1,1,1,0,0,0,0,0,0,0,0
41338362,0,44,1099,3,20052,1,22,1,1,998,2,5,894,0,0,1,1,1,22,0,0,0,0,0,1,1,0,0,1,1,0,0,4,2,0,1,1,1,1,1
41456641,0,95,3790,5,101700,1,22,8,1,3470,0,9,36,0,0,1,1,1,49,0,4,0,0,1,1,1,1,1,1,1,1,1,1,1,0,1,1,1,1,1
41450673,0,35,540,11,162692,1,2,1,1,1999,7,5,445,0,0,1,8,0,35,1,0,0,0,0,1,1,1,1,1,1,1,1,0,0,0,0,0,0,1,1
41595011,0,73,1060,8,167091,4,22,1,1,1685,1,5,445,0,0,1,4,1,35,3,0,0,1,0,1,1,1,1,1,1,0,1,2,2,0,1,1,1,1,1
41557715,0,88,460,11,78772,1,21,1,1,998,2,5,445,0,0,1,3,0,22,0,0,0,0,0,1,1,0,1,0,1,0,1,0,0,0,0,0,0,1,1
41458136,0,74,2830,3,42189,4,22,4,1,1998,1,5,21,0,0,1,0,1,43,3,0,0,0,1,1,1,1,1,1,1,1,1,0,0,0,0,0,0,0,0
41260833,0,78,3520,4,83250,3,22,4,1,1598,1,5,21,0,0,1,1,1,49,6,0,0,1,1,1,1,1,1,1,1,1,1,0,0,0,0,0,0,1,1
41616722,0,69,1720,4,47958,1,22,4,1,1591,1,5,21,0,0,1,2,1,29,3,0,0,0,0,1,1,1,1,1,1,0,1,0,0,0,0,0,0,1,1
41624487,0,9,1690,6,90699,1,22,8,1,1999,7,5,659,0,0,1,7,1,39,5,0,0,1,1,1,1,1,1,1,1,1,1,0,0,0,0,0,0,1,1
41305945,0,100,990,34,196409,1,8,1,0,1323,4,5,952,0,0,1,2,1,8,0,0,0,0,0,0,0,0,0,0,1,0,1,0,0,0,0,0,0,1,1
41285990,0,50,1350,9,190550,4,2,11,1,2959,1,5,541,0,0,1,2,1,39,0,0,0,0,0,1,1,1,1,1,1,1,1,3,0,0,1,0,1,1,1
41250719,0,58,3299,2,25946,1,13,1,1,3470,0,9,894,0,0,1,0,1,47,4,0,0,1,1,1,1,1,1,1,1,1,1,4,1,0,1,1,1,0,1
41585037,0,44,998,3,69780,1,22,1,1,998,2,2,894,0,0,1,0,1,16,0,0,0,0,0,1,1,0,0,1,0,0,0,0,0,0,0,0,0,0,0
41385010,0,95,2499,4,61483,4,22,1,1,2151,0,11,894,0,0,1,0,1,36,0,0,1,0,1,1,1,0,1,1,1,1,1,2,0,0,1,0,1,0,1
41081406,0,57,1470,7,121672,4,2,5,1,2199,0,9,427,0,0,1,6,1,43,1,0,0,0,1,1,1,1,1,1,1,1,1,1,1,0,1,1,1,1,1
41492036,0,1,4290,0,557,5,13,5,1,150,6,5,427,0,0,1,0,1,45,0,0,0,0,1,1,1,1,1,1,1,1,1,0,0,0,0,0,0,0,0
41624467,0,88,480,14,118841,1,17,5,1,998,2,5,427,0,0,1,5,1,30,6,0,0,1,0,1,1,1,1,1,1,0,1,2,0,0,1,0,1,1,1
41587693,0,92,1099,10,116066,4,22,1,1,2199,0,9,894,0,0,1,5,1,41,2,0,0,1,0,1,1,1,1,1,1,1,1,1,2,0,1,1,1,1,1
41462245,0,95,3080,5,74477,4,22,5,1,2151,0,7,427,0,0,1,1,1,46,1,0,0,0,1,1,1,1,1,1,1,1,1,0,0,0,0,0,0,1,1
41430386,0,29,1670,4,140419,5,14,8,1,180,1,5,915,0,0,1,0,1,43,2,0,0,0,1,1,1,1,1,1,1,1,1,0,0,0,0,0,0,0,0
41547427,0,24,299,16,90616,1,22,1,1,999,2,5,325,0,0,1,0,1,17,0,0,0,0,0,1,1,0,0,1,1,0,1,1,0,0,1,0,1,0,1
41655750,0,69,2150,6,42303,1,22,5,1,1591,1,5,427,0,0,1,1,1,41,3,0,0,0,1,1,1,1,1,1,1,1,1,0,0,0,0,0,0,1,1
41570292,0,3,3190,4,59565,5,17,5,1,111,6,5,427,0,0,1,2,1,45,0,0,0,0,1,1,1,1,1,1,1,1,1,0,0,0,0,0,0,1,1
41536002,0,95,2990,5,73374,1,2,1,1,3470,0,7,900,0,0,1,1,1,48,5,0,0,1,1,1,1,1,1,1,1,1,1,0,0,0,0,0,0,1,1
41531029,0,44,1190,3,30308,1,22,5,1,998,2,2,427,0,0,1,0,1,20,0,0,0,0,0,1,1,0,1,0,0,0,1,0,0,0,0,0,0,0,0
39358443,0,92,1790,8,70415,4,22,0,1,2199,0,7,465,0,0,1,2,1,39,3,0,0,0,0,1,1,1,1,1,1,1,1,0,0,0,0,0,0,1,1
41535766,0,95,2690,5,117463,4,14,13,1,2151,0,9,959,0,0,1,2,1,48,5,0,0,1,1,1,1,1,1,1,1,1,1,0,0,0,0,0,0,1,1
41535681,0,85,1340,7,69312,1,22,13,1,1598,6,5,959,0,0,1,0,1,39,2,0,0,0,0,1,1,1,1,1,1,1,1,0,0,0,0,0,0,0,0
41612914,0,46,2240,4,48630,3,17,8,1,1580,1,5,680,0,0,1,0,1,44,3,0,0,1,1,1,1,1,1,1,1,1,1,0,0,0,0,0,0,0,0
41461537,0,95,2970,4,112418,4,22,8,1,2151,0,9,679,0,0,1,0,1,49,4,0,0,1,1,1,1,1,1,1,1,1,1,0,0,0,0,0,0,0,0
41633082,0,95,8888,4,55839,4,22,8,1,2151,0,9,680,0,0,1,2,1,50,3,0,0,0,1,1,1,1,1,1,1,1,1,0,1,0,0,1,1,1,1
41583983,0,73,850,8,212275,4,19,1,1,1685,1,5,445,0,0,1,2,1,30,0,0,0,0,0,1,0,1,1,0,1,0,1,0,0,0,0,0,0,1,1
41442880,0,46,1390,6,181685,3,19,1,1,1580,1,5,445,0,0,1,0,1,40,0,0,0,0,1,1,1,1,1,1,1,1,1,0,1,0,0,1,1,0,1
41619318,0,73,760,10,227489,4,22,1,1,1685,1,5,445,0,0,1,1,0,35,3,0,0,0,0,1,1,1,1,1,1,0,1,0,0,0,0,0,0,1,1
41474334,0,92,890,9,177502,4,22,12,1,2199,0,9,4,0,0,1,4,1,38,2,0,0,0,0,1,1,1,1,1,1,1,1,5,0,0,1,0,1,1,1
41066260,0,90,1690,9,77994,4,22,1,1,1995,1,5,76,0,0,1,0,1,47,2,0,0,0,0,1,1,1,1,1,1,1,1,0,0,0,0,0,0,0,0
41297040,0,9,2090,6,58002,1,17,1,1,1999,7,5,76,0,0,1,2,1,40,2,0,0,0,1,1,1,1,1,1,1,1,1,1,2,0,1,1,1,1,1
41299194,0,43,5550,3,36774,1,2,4,1,3778,3,5,21,0,0,1,5,1,56,2,0,0,0,1,1,1,1,1,1,1,1,1,0,0,0,0,0,0,1,1
41449934,0,1,4499,0,7487,5,22,4,1,237,6,5,21,0,0,1,1,1,46,0,0,1,0,1,1,1,1,1,1,1,1,1,0,0,0,0,0,0,1,1
41267310,0,43,6090,1,45301,1,2,4,1,3778,3,5,21,0,0,1,0,1,56,2,0,0,0,1,1,1,1,1,1,1,1,1,0,0,0,0,0,0,0,0
41583898,0,95,3090,5,71728,1,22,4,1,3470,0,7,21,0,0,1,2,1,50,5,0,0,1,1,1,1,1,1,1,1,1,1,0,0,0,0,0,0,1,1
41191145,0,53,4290,1,2760,3,19,4,1,1598,1,5,21,0,0,0,0,1,47,0,0,1,0,1,1,1,1,1,1,1,1,1,0,0,0,0,0,0,0,0
41195245,0,51,2770,1,20528,1,22,4,1,1598,1,5,21,0,0,1,0,1,38,4,0,0,0,0,1,1,1,1,1,1,1,1,0,0,0,0,0,0,0,0
41396877,0,89,980,8,52090,0,18,4,1,998,2,5,21,0,0,1,4,1,27,3,0,0,0,0,1,1,0,1,1,1,0,1,4,0,0,1,0,1,1,1
41584577,0,57,1680,7,131628,4,11,4,1,2199,0,9,21,0,0,1,0,1,46,1,0,0,0,1,1,1,1,1,1,1,1,1,0,0,0,0,0,0,0,0
41659333,0,78,3550,3,72876,3,22,4,1,1598,1,5,21,0,0,1,0,1,48,5,0,0,0,1,1,1,1,1,1,1,1,1,0,0,0,0,0,0,0,0
41615050,0,40,4220,1,10657,1,22,4,1,2497,3,5,21,0,0,1,0,1,50,0,0,1,0,1,1,1,1,1,1,1,1,1,0,0,0,0,0,0,0,0
41406133,0,50,2070,7,120122,4,2,0,1,2959,1,7,465,0,0,1,2,1,45,3,0,0,0,0,1,1,1,1,1,1,1,1,0,0,0,0,0,0,1,1
41115053,0,85,1230,7,62752,1,14,0,1,1598,6,5,465,0,0,1,4,1,23,2,0,0,0,0,1,1,0,0,0,1,0,1,1,0,0,1,0,1,1,1
41357197,0,79,580,15,168701,4,11,0,1,1995,1,7,465,0,0,1,4,1,34,1,0,0,1,0,1,1,1,1,1,1,1,1,1,0,0,1,0,1,1,1
41115994,0,88,430,11,138046,1,22,0,1,998,2,5,465,0,0,1,11,1,14,1,0,0,0,0,1,1,0,0,1,0,0,0,0,0,0,0,0,0,1,1
41625162,0,90,1280,11,151881,4,17,0,1,2199,1,7,465,0,0,1,3,0,43,1,0,0,0,0,1,1,1,1,1,1,1,1,0,0,0,0,0,0,1,1
41637872,0,51,2120,3,35731,1,17,8,1,1999,1,5,679,0,0,1,0,1,29,1,0,0,0,0,1,1,0,1,0,1,0,1,0,2,0,0,1,1,0,1
41612945,0,51,9999,2,22682,1,22,8,1,1999,1,5,680,0,0,1,1,1,29,2,0,0,0,0,1,1,0,1,0,1,0,1,1,0,0,1,0,1,1,1
41591947,0,56,3990,2,24351,3,22,8,1,1598,1,5,679,0,0,1,0,1,45,6,0,0,1,1,1,1,1,1,1,1,1,1,0,0,0,0,0,0,0,0
41624661,0,51,2110,2,26851,1,22,8,1,1598,1,5,680,0,0,1,0,1,32,4,0,0,0,0,1,1,1,1,1,1,0,1,0,0,0,0,0,0,0,0
38372187,0,86,1599,8,38978,1,22,1,1,2359,3,5,894,0,0,1,0,1,49,2,0,0,0,1,1,1,1,1,1,1,1,1,4,2,0,1,1,1,0,1
41622335,0,34,1250,4,79233,1,22,1,1,1598,6,5,894,0,0,1,0,1,32,4,0,0,0,0,1,1,1,1,1,1,0,1,6,0,0,1,0,1,0,1
41649413,0,69,1780,3,85519,1,17,1,1,1591,1,5,894,0,0,1,3,1,40,2,0,0,0,1,1,1,1,1,1,1,1,1,2,0,0,1,0,1,1,1
41382309,0,18,3150,4,50634,3,2,8,1,1598,3,5,680,0,0,1,3,1,51,7,0,0,1,1,1,1,1,1,1,1,1,1,1,1,0,1,1,1,1,1
41591471,0,57,1490,6,148538,4,2,5,1,2199,0,9,427,0,0,1,1,1,44,3,0,0,0,1,1,1,1,1,1,1,1,1,0,0,0,0,0,0,1,1
41508484,0,78,3400,4,42731,3,17,7,1,1598,1,5,804,0,0,1,0,1,42,0,0,0,0,1,1,1,1,1,0,1,1,1,0,0,0,0,0,0,0,0
41595027,0,18,3450,4,22351,3,2,7,1,1598,3,5,804,0,0,1,0,1,45,0,0,0,0,1,1,1,1,1,1,1,1,1,0,0,0,0,0,0,0,0
41533642,0,11,1190,10,118652,3,2,1,1,1999,7,5,578,0,0,1,3,1,39,5,0,0,1,0,1,1,1,1,1,1,1,1,0,1,0,0,1,1,1,1
41572526,0,46,1690,6,118168,3,2,1,1,1580,1,5,578,0,0,1,1,1,38,3,0,0,0,1,1,1,1,1,1,1,1,1,1,0,0,1,0,1,1,1
40877192,0,5,370,11,199616,4,17,4,1,1582,6,5,21,0,0,1,2,1,26,0,0,0,0,0,1,0,1,0,0,1,0,1,0,0,0,0,0,0,1,1
39374974,0,48,660,10,96412,2,18,4,1,998,2,5,21,0,0,1,2,1,27,1,0,0,0,0,1,1,0,1,1,1,0,1,1,1,0,1,1,1,1,1
41553913,0,31,2350,7,134137,1,2,1,1,3342,3,5,567,0,0,1,1,1,53,2,0,0,0,1,1,1,1,1,1,1,1,1,0,0,0,0,0,0,1,1
41598432,0,78,2600,5,138373,4,22,1,1,2151,1,6,567,0,0,1,0,1,48,6,0,0,1,1,1,1,1,1,1,1,1,1,0,0,0,0,0,0,0,0
41619834,0,77,1499,7,166655,4,22,1,1,1995,1,5,567,0,0,1,0,1,44,3,0,0,0,1,1,1,1,1,1,1,1,1,0,0,0,0,0,0,0,0
41638846,0,51,1900,3,82258,1,22,1,1,1598,1,5,567,0,0,1,0,1,30,3,0,0,0,0,1,1,0,1,0,1,0,1,0,0,0,0,0,0,0,0
40644903,0,66,1099,5,19541,1,8,1,1,998,2,5,894,0,0,1,3,1,34,4,0,0,1,0,1,1,1,1,1,1,1,1,0,2,0,0,1,1,1,1
41498613,0,78,3530,3,86482,3,17,8,1,1598,1,5,679,0,0,1,2,1,47,1,0,0,0,1,1,1,1,1,1,1,1,1,0,0,0,0,0,0,1,1
41591917,0,95,2480,5,87366,4,21,8,1,2151,0,9,680,0,0,1,2,1,38,3,0,0,0,1,1,1,1,1,1,1,1,1,2,0,0,1,0,1,1,1
41605352,0,78,3420,3,38522,1,2,1,1,2497,1,6,156,0,0,1,0,1,48,4,0,0,0,1,1,1,1,1,1,1,1,1,0,0,0,0,0,0,0,0
41645969,0,78,2970,4,74814,3,19,8,1,1598,1,6,680,0,0,1,1,1,44,5,0,0,1,1,1,1,1,1,1,1,1,1,1,3,0,1,1,1,1,1
41641395,0,95,3090,5,68101,4,2,8,1,2151,0,9,680,0,0,1,0,1,46,4,0,0,0,1,1,1,1,1,1,1,1,1,0,0,0,0,0,0,0,0
40918927,0,79,480,15,180589,4,17,5,1,2199,1,7,468,0,0,1,4,1,34,1,0,0,1,0,1,1,1,1,1,1,1,1,0,0,0,0,0,0,1,1
41517171,0,97,5299,0,3912,1,9,5,1,2497,8,5,468,0,0,1,0,1,46,0,0,1,1,1,1,1,1,1,1,1,1,1,0,0,0,0,0,0,0,0
41258308,0,28,1530,8,104370,3,19,5,1,1580,1,5,468,0,0,1,3,1,40,4,0,0,1,1,1,1,1,1,1,1,1,1,0,0,0,0,0,0,1,1
41645711,0,75,2990,3,54860,3,22,1,1,1598,1,5,527,0,0,1,0,1,45,5,0,0,0,1,1,1,1,1,1,1,1,1,0,0,0,0,0,0,0,0
41270852,0,49,1590,2,17030,1,17,1,1,998,2,5,527,0,0,1,0,1,32,5,0,0,0,1,1,1,1,1,1,1,1,1,0,0,0,0,0,0,0,0
40969179,0,71,1940,7,87370,1,8,6,1,3342,7,5,603,0,0,1,10,1,49,1,0,0,0,1,1,1,1,1,1,1,1,1,1,0,0,1,0,1,1,1
41526220,0,17,1650,4,222540,0,17,6,1,3470,3,5,503,0,0,1,0,1,41,2,1,0,0,1,1,1,1,1,1,1,1,1,0,0,0,0,0,0,0,0
41373529,0,29,1370,7,182320,5,22,6,1,0,1,5,503,0,0,1,0,1,38,3,1,0,0,0,1,1,1,1,1,1,1,1,0,0,0,0,0,0,0,0
41363454,0,8,760,10,173350,1,2,6,1,1999,7,5,503,0,0,1,0,1,32,2,1,0,0,0,1,1,1,1,1,1,0,1,1,0,0,1,0,1,0,1
41618658,0,18,2330,4,133450,3,2,6,1,1598,3,5,503,0,0,1,0,1,47,3,1,0,0,1,1,1,1,1,1,1,1,1,0,0,0,0,0,0,0,0
41582551,0,90,950,11,203010,4,2,6,1,1995,1,5,503,0,0,1,0,1,45,1,0,0,0,0,1,1,1,1,1,1,1,1,1,0,0,1,0,1,0,1
41601547,0,78,3333,3,22904,1,22,2,1,2497,1,5,552,0,0,1,0,1,47,5,0,0,0,1,1,1,1,1,1,1,1,1,0,0,0,0,0,0,0,0
41625112,0,29,2350,4,26024,5,11,2,1,180,1,5,552,0,0,1,0,1,43,2,0,0,0,1,1,1,1,1,1,1,1,1,0,0,0,0,0,0,0,0
41652136,0,4,6130,2,20243,5,22,2,1,180,1,6,552,0,0,1,2,1,52,2,0,0,0,1,1,1,1,1,1,1,1,1,0,0,0,0,0,0,1,1
41299148,0,68,3270,5,118069,4,2,1,1,2959,1,6,38,0,0,1,1,1,49,2,0,0,1,1,1,1,1,1,1,1,1,1,0,0,0,0,0,0,1,1
41637072,0,71,1900,8,112783,1,2,1,1,3342,7,5,38,0,0,1,5,1,49,1,0,0,1,1,1,1,1,1,1,1,1,1,0,0,0,0,0,0,1,1
41658367,0,71,2250,7,66965,1,19,1,1,1998,7,5,38,0,0,1,5,1,49,5,0,0,1,1,1,1,1,1,1,1,1,1,1,0,0,1,0,1,1,1
41605020,0,9,2250,5,38108,1,2,1,1,1598,7,5,38,0,0,1,4,1,45,4,0,0,0,1,1,1,1,1,1,1,1,1,3,1,0,1,1,1,1,1
41145816,0,68,3390,6,86729,4,2,1,1,2959,1,6,133,0,0,1,1,1,49,2,0,0,1,1,1,1,1,1,1,1,1,1,0,0,0,0,0,0,1,1
41444632,0,74,2590,3,91116,4,22,1,1,1998,1,5,133,0,0,1,3,1,46,4,0,0,1,1,1,1,1,1,1,1,1,1,2,2,0,1,1,1,1,1
41037521,0,69,1850,5,46288,1,22,1,1,1591,1,5,133,0,0,1,5,1,40,3,0,0,1,1,1,1,1,1,1,1,1,1,2,2,0,1,1,1,1,1
41578913,0,89,790,8,36043,1,22,8,1,998,2,5,274,0,0,1,2,1,23,0,2,0,0,0,1,0,0,1,0,1,0,1,0,0,0,0,0,0,1,1
41314398,0,36,1050,7,156850,1,2,1,1,1999,7,5,133,0,0,1,0,1,42,3,0,0,0,1,1,1,1,1,1,1,1,1,3,5,0,1,1,1,0,1
41515292,0,40,3766,1,45959,1,2,5,1,2497,3,5,159,0,0,1,7,1,53,0,0,1,1,1,1,1,1,1,1,1,1,1,4,3,0,1,1,1,1,1
41525592,0,47,699,7,73184,1,22,4,1,998,2,2,65,0,0,1,3,1,15,1,0,0,0,0,1,0,0,0,0,0,0,1,3,2,0,1,1,1,1,1
41374972,0,95,2980,3,14356,1,2,8,1,3470,0,9,680,0,0,1,0,1,45,3,0,0,0,1,1,1,1,1,1,1,1,1,0,0,0,0,0,0,0,0
41616852,0,95,9999,4,59170,4,22,8,1,2151,0,9,679,0,0,1,0,1,50,7,0,0,1,1,1,1,1,1,1,1,1,1,0,0,0,0,0,0,0,0
40947165,0,9,2320,5,71384,1,17,1,1,1598,7,5,165,0,0,1,2,1,47,6,0,0,1,1,1,1,1,1,1,1,1,1,1,1,0,1,1,1,1,1
40920334,0,58,6400,1,5482,4,14,8,1,2151,0,9,220,0,0,1,0,1,50,5,0,0,1,1,1,1,1,1,1,1,1,1,0,0,0,0,0,0,0,0
41130511,0,14,2350,6,85992,1,2,1,1,2497,3,5,165,0,0,1,4,1,48,4,0,0,1,1,1,1,1,1,1,1,1,1,0,0,0,0,0,0,1,1
41167331,0,58,6650,1,3768,4,2,8,1,2151,0,7,220,0,0,1,0,1,52,7,0,0,1,1,1,1,1,1,1,1,1,1,0,0,0,0,0,0,0,0
41077006,0,58,6550,1,5074,4,14,8,1,2151,0,7,220,0,0,1,0,1,52,6,0,0,1,1,1,1,1,1,1,1,1,1,0,0,0,0,0,0,0,0
41018811,0,12,2100,6,136051,3,19,1,1,1999,7,5,165,0,0,1,2,1,46,4,0,0,1,1,1,1,1,1,1,1,1,1,0,0,0,0,0,0,1,1
40756590,0,92,1580,8,57219,4,22,7,1,2199,0,9,804,0,0,1,0,1,35,2,0,0,0,0,1,1,1,1,1,1,1,1,0,0,0,0,0,0,0,0
41603146,0,69,2130,6,46713,1,22,5,1,1591,1,5,637,0,0,1,2,1,41,3,0,0,0,1,1,1,1,1,1,1,1,1,0,0,0,0,0,0,1,1
41647538,0,78,3150,3,90751,4,22,5,1,2151,1,5,637,0,0,1,0,1,48,4,0,0,0,1,1,1,1,1,1,1,1,1,0,0,0,0,0,0,0,0
41545005,0,89,900,9,38497,1,18,5,1,998,2,5,981,0,0,1,0,1,28,1,0,0,0,0,1,1,0,1,1,1,0,1,0,0,0,0,0,0,0,0
41068158,0,95,2770,3,75520,4,17,7,1,2151,0,9,47,0,0,1,0,1,39,3,0,0,0,1,1,1,1,1,1,1,1,1,0,0,0,0,0,0,0,0
41649698,0,9,9990,4,29186,1,2,7,1,1999,7,5,47,0,0,1,0,0,39,1,0,0,0,1,1,1,1,1,1,1,1,1,0,0,0,0,0,0,0,0
41534899,0,63,2440,2,116429,5,17,7,1,180,1,5,904,0,0,1,3,1,47,6,0,0,1,1,1,1,1,1,1,1,1,1,0,1,0,0,1,1,1,1
41027670,0,54,780,12,165859,4,19,1,1,1995,1,5,780,0,0,1,1,1,37,1,0,0,0,0,1,1,1,1,1,1,1,1,2,0,0,1,0,1,1,1
41640728,0,77,1940,7,85519,1,19,1,1,1999,1,5,780,0,0,1,0,1,44,3,0,0,1,1,1,1,1,1,0,1,1,1,0,0,0,0,0,0,0,0
41499843,0,73,1080,10,88213,4,19,1,1,1685,1,5,780,0,0,1,2,1,34,1,0,0,0,0,1,1,0,1,0,1,1,1,0,0,0,0,0,0,1,1
41435592,0,69,1880,4,88428,1,22,1,1,1591,1,5,780,0,0,1,3,1,39,3,0,0,0,1,1,1,1,1,1,1,1,1,0,0,0,0,0,0,1,1
41145711,0,53,4220,1,7372,3,17,7,1,1598,1,5,646,0,0,1,0,1,47,0,0,1,0,1,1,1,1,1,1,1,1,1,0,0,0,0,0,0,0,0
41277225,0,58,5520,1,6685,4,2,7,1,2151,0,9,646,0,0,1,0,1,51,7,0,1,1,1,1,1,1,1,1,1,1,1,0,0,0,0,0,0,0,0
41342328,0,58,5520,1,5439,4,14,7,1,2151,0,7,646,0,0,1,0,1,51,6,0,0,1,1,1,1,1,1,1,1,1,1,0,0,0,0,0,0,0,0
41574604,0,88,380,13,107465,1,18,1,1,998,2,5,824,0,0,1,1,1,14,2,0,2,0,0,0,1,0,0,1,0,0,1,0,0,0,0,0,0,1,1
41574571,0,74,2700,2,45563,4,22,1,1,1998,1,5,824,0,0,1,0,1,39,5,0,0,0,1,1,1,1,1,1,1,1,1,0,0,0,0,0,0,0,0
41460372,0,14,2150,6,70340,1,2,1,1,2497,3,5,824,0,0,1,1,1,46,3,0,0,0,1,1,1,1,1,1,1,1,1,0,1,0,0,1,1,1,1
41602969,0,48,450,10,149784,1,11,1,1,998,2,5,824,0,0,1,2,1,23,2,0,1,0,0,1,1,0,0,1,1,0,1,0,1,0,0,1,1,1,1
41412683,0,78,2890,4,89758,3,17,5,1,1598,1,5,159,0,0,1,0,1,44,3,0,0,1,1,1,1,1,1,1,1,1,1,0,0,0,0,0,0,0,0
41466436,0,86,1470,8,91141,1,2,5,1,2999,3,5,159,0,0,1,1,1,47,1,0,0,0,1,1,1,1,1,1,1,1,1,0,0,0,0,0,0,1,1
41458767,0,95,2380,5,44229,1,22,5,1,3470,0,9,159,0,0,1,1,1,34,2,0,0,0,1,1,1,0,1,0,1,1,1,0,0,0,0,0,0,1,1
41506948,0,85,1130,5,106891,1,19,5,1,1598,6,5,159,0,0,1,3,1,35,2,0,0,0,0,1,1,1,1,1,1,1,1,2,0,0,1,0,1,1,1
41515057,0,41,4070,0,15441,3,17,5,1,1598,3,5,159,0,0,1,1,1,50,5,0,0,0,1,1,1,1,1,1,1,1,1,2,0,0,1,0,1,1,1
41515095,0,9,2670,3,50125,1,22,5,1,1598,7,5,159,0,0,1,3,1,45,3,0,0,0,1,1,1,1,1,1,1,1,1,0,0,0,0,0,0,1,1
41542682,0,92,820,11,286690,4,22,5,1,2199,0,9,159,0,0,1,1,1,46,4,0,0,1,0,1,1,1,1,1,1,1,1,1,0,0,1,0,1,1,1
41356039,0,92,1339,10,98287,4,17,5,1,2199,0,7,159,0,0,1,1,1,36,1,0,0,1,0,1,1,1,1,0,1,1,1,0,0,0,0,0,0,1,1
41610543,0,55,2130,6,64240,4,19,5,1,2199,1,5,159,0,0,1,3,1,42,1,0,0,0,1,1,1,1,1,1,1,1,1,0,0,0,0,0,0,1,1
41610556,0,89,895,8,93352,1,22,5,1,998,2,5,159,0,0,1,1,1,30,4,0,0,0,0,1,1,1,1,1,1,0,1,0,0,0,0,0,0,1,1
41630762,0,55,1550,8,154314,4,22,5,1,2199,1,5,159,0,0,1,2,1,48,4,0,0,0,1,1,1,1,1,1,1,1,1,0,0,0,0,0,0,1,1
41338636,0,74,2630,4,70468,1,19,5,1,1598,1,5,159,0,0,1,1,1,45,3,0,0,0,1,1,1,1,1,1,1,1,1,0,0,0,0,0,0,1,1
41412706,0,18,2899,4,46181,3,17,5,1,1598,3,5,159,0,0,1,2,1,45,4,0,0,0,1,1,1,1,1,1,1,1,1,0,0,0,0,0,0,1,1
41303606,0,95,2550,5,131369,1,22,5,1,3470,0,7,159,0,0,1,1,1,48,6,0,0,0,1,1,1,1,1,1,1,1,1,0,0,0,0,0,0,1,1
41451061,0,68,3490,5,115084,4,2,5,1,2959,1,6,159,0,0,1,0,1,48,3,0,0,1,1,1,1,1,1,1,1,1,1,0,0,0,0,0,0,0,0
41419869,0,90,1640,9,80062,4,22,5,1,1995,1,5,159,0,0,1,3,1,46,2,0,0,0,0,1,1,1,1,1,1,1,1,0,1,0,0,1,1,1,1
41542691,0,88,450,13,78043,1,11,5,1,998,2,5,159,0,0,1,2,1,26,2,0,0,0,0,1,1,0,1,1,1,0,1,0,1,0,0,1,1,1,1
41583741,0,72,1950,5,143172,1,22,5,1,2497,7,5,159,0,0,1,5,1,46,2,0,0,0,1,1,1,1,1,1,1,1,1,4,0,0,1,0,1,1,1
41583765,0,46,1830,6,94959,3,22,5,1,1580,1,5,159,0,0,1,2,1,38,3,0,0,0,0,1,1,1,1,0,1,1,1,0,0,0,0,0,0,1,1
41575185,0,75,3150,4,52716,3,2,5,1,1598,1,5,159,0,0,1,0,1,47,3,0,0,1,1,1,1,1,1,1,1,1,1,0,0,0,0,0,0,0,0
41477755,0,69,2050,6,68855,1,22,1,1,1591,1,5,165,0,0,1,0,1,43,5,0,0,0,1,1,1,1,1,1,1,1,1,0,0,0,0,0,0,0,0
41369789,0,47,870,5,82157,1,22,7,1,998,2,2,30,0,0,1,0,1,14,0,0,0,0,0,1,1,0,0,0,0,0,1,0,0,0,0,0,0,0,0
41601620,0,44,1080,3,67989,1,22,7,1,998,2,2,30,0,0,1,0,1,14,0,0,0,0,0,1,1,0,0,0,0,0,0,0,0,0,0,0,0,0,0
41516492,0,47,890,4,62616,1,22,7,1,998,2,2,30,0,0,1,0,1,14,0,0,0,0,0,1,1,0,0,0,0,0,1,0,0,0,0,0,0,0,0
41658871,0,74,2660,4,73021,4,22,7,1,1998,1,5,30,0,0,1,0,1,37,2,0,0,0,1,1,1,1,1,1,1,1,1,0,0,0,0,0,0,0,0
41401168,0,86,1550,8,94553,0,2,9,1,2999,3,5,780,0,0,1,0,1,43,5,0,0,1,1,1,1,1,1,1,1,1,1,0,0,0,0,0,0,0,0
41587865,0,33,999,10,28992,4,11,9,1,1582,6,5,780,0,0,1,0,1,32,2,0,0,0,0,1,1,1,1,1,1,0,1,0,0,0,0,0,0,0,0
41636420,0,67,850,12,177967,4,22,9,1,2959,1,7,780,0,0,1,1,1,43,1,0,0,1,0,1,1,1,1,0,1,1,1,0,0,0,0,0,0,1,1
41502761,0,66,1280,5,35557,1,2,9,1,998,2,5,780,0,0,1,1,1,31,5,0,0,0,0,1,1,1,1,1,1,1,1,0,0,0,0,0,0,1,1
41587904,0,89,930,6,77767,1,18,9,1,998,2,5,780,0,0,1,0,1,29,0,0,0,0,0,1,1,0,1,1,1,0,1,0,0,0,0,0,0,0,0
41587878,0,78,3450,5,18015,1,17,9,1,2497,1,5,780,0,0,1,0,1,48,4,0,0,1,1,1,1,1,1,1,1,1,1,0,0,0,0,0,0,0,0
41341773,0,14,2449,6,49343,1,22,8,1,2497,3,5,907,0,0,1,1,1,46,2,0,0,0,1,1,1,1,1,1,1,1,1,0,0,0,0,0,0,1,1
41551462,0,95,3160,3,65956,4,2,7,1,2151,0,9,127,0,0,1,0,1,46,4,0,0,0,1,1,1,1,1,1,1,1,1,0,0,0,0,0,0,0,0
41592542,0,73,1600,8,90730,4,2,8,1,1995,1,5,85,0,0,1,1,1,39,3,0,0,0,0,1,1,1,1,1,1,1,1,0,0,0,0,0,0,1,1
41592556,0,95,3700,3,31194,4,2,8,1,2151,0,9,85,0,0,1,0,1,47,6,0,0,1,1,1,1,1,1,1,1,1,1,0,0,0,0,0,0,0,0
41611597,0,78,3150,4,83016,3,22,7,1,1598,1,6,127,0,0,1,2,1,47,5,0,0,0,1,1,1,1,1,1,1,1,1,1,0,0,1,0,1,1,1
41645737,0,50,1799,9,98957,4,17,7,1,2959,1,7,394,0,0,1,1,1,43,2,0,0,0,0,1,1,1,1,1,1,1,1,0,0,0,0,0,0,1,1
41647752,0,9,2470,6,73967,1,17,1,1,1999,7,5,502,0,0,1,2,1,47,7,0,0,1,1,1,1,1,1,1,1,1,1,1,0,0,1,0,1,1,1
41554010,0,92,1390,8,113405,4,22,5,1,2199,0,9,651,0,0,1,2,1,42,3,0,0,0,0,1,1,1,1,1,1,1,1,1,0,0,1,0,1,1,1
41446914,0,51,2600,3,27358,1,17,1,1,1598,1,5,733,0,0,1,1,1,45,4,0,0,1,1,1,1,1,1,1,1,1,1,0,0,0,0,0,0,1,1
41536430,0,78,3549,3,43458,4,22,8,1,2151,1,5,907,0,0,1,0,1,49,6,0,0,1,1,1,1,1,1,1,1,1,1,0,0,0,0,0,0,0,0
41594155,0,78,2680,5,82651,4,22,7,1,2151,1,7,127,0,0,1,1,1,47,4,0,0,0,1,1,1,1,1,1,1,1,1,0,0,0,0,0,0,1,1
41606971,0,78,3499,3,58872,3,22,8,1,1598,1,6,85,0,0,1,0,1,47,5,0,0,0,1,1,1,1,1,1,1,1,1,0,0,0,0,0,0,0,0
41626218,0,66,1569,3,21158,1,18,1,1,998,2,5,83,0,0,1,1,1,33,3,0,0,0,0,1,1,1,1,1,1,1,1,0,1,0,0,1,1,1,1
41382673,0,38,2420,2,27850,3,22,8,1,1999,7,5,680,0,0,1,0,1,36,1,0,0,0,1,1,1,1,1,1,1,1,1,0,0,0,0,0,0,0,0
41619224,0,74,2720,4,54812,1,2,8,1,1598,1,5,680,0,0,1,1,1,46,3,0,0,1,1,1,1,1,1,1,1,1,1,0,0,0,0,0,0,1,1
41377645,0,18,3060,4,51816,3,17,8,1,1598,3,5,680,0,0,1,1,1,46,2,0,0,0,1,1,1,1,1,1,1,1,1,0,2,0,0,1,1,1,1
41550981,0,78,3090,4,37262,3,22,8,1,1598,1,6,680,0,0,1,2,1,43,3,0,0,0,1,1,1,1,1,1,1,1,1,1,2,0,1,1,1,1,1
41610974,0,74,2090,4,143285,4,2,1,1,1998,1,5,669,0,0,1,0,1,45,4,0,0,1,1,1,1,1,1,1,1,1,1,0,0,0,0,0,0,0,0
41647705,0,78,3190,5,88211,3,2,1,1,1598,1,5,669,0,0,1,3,1,49,6,0,0,1,1,1,1,1,1,1,1,1,1,1,0,0,1,0,1,1,1
41389344,0,78,3199,4,99583,3,22,1,1,1598,1,5,716,0,0,1,1,1,48,2,0,0,0,1,1,1,1,1,1,1,1,1,0,0,0,0,0,0,1,1
40924470,0,68,3049,5,167295,4,2,1,1,2959,1,6,716,0,0,1,0,1,49,4,0,0,1,1,1,1,1,1,1,1,1,1,0,1,0,0,1,1,0,1
40925033,0,74,2549,4,58220,4,11,1,1,1998,1,5,716,0,0,1,1,1,33,2,0,0,0,1,1,1,1,1,1,1,0,1,0,0,0,0,0,0,1,1
40926579,0,78,2699,4,100289,3,17,1,1,1598,1,5,716,0,0,1,0,1,47,2,0,0,0,1,1,1,1,1,1,1,1,1,1,0,0,1,0,1,0,1
40920566,0,74,2799,3,40669,1,22,1,1,1598,1,5,716,0,0,1,0,1,43,3,0,0,0,1,1,1,1,1,1,1,1,1,0,0,0,0,0,0,0,0
40883367,0,78,2199,4,152093,4,2,1,1,2151,1,5,716,0,0,1,1,1,42,1,0,0,0,1,1,1,1,1,1,1,1,1,0,0,0,0,0,0,1,1
40991645,0,78,3199,4,94701,3,17,1,1,1598,1,5,716,0,0,1,0,1,44,2,0,0,0,1,1,1,1,1,1,1,1,1,0,0,0,0,0,0,0,0
41368109,0,95,2599,3,72914,4,2,1,1,2151,0,9,716,0,0,1,1,1,39,3,0,0,0,1,1,1,1,1,1,1,1,1,0,0,0,0,0,0,1,1
41392336,0,78,2649,5,116157,3,22,1,1,1598,1,5,716,0,0,1,2,1,44,4,0,0,0,1,1,1,1,1,1,1,1,1,3,0,0,1,0,1,1,1
41643842,0,85,930,7,173258,1,22,1,1,1598,6,5,716,0,0,1,3,1,33,3,0,0,0,0,1,1,1,1,1,1,1,1,0,1,0,0,1,1,1,1
41458638,0,57,2150,6,139424,4,22,1,1,2199,0,7,704,0,0,1,5,1,47,1,0,0,0,1,1,1,1,1,1,1,1,1,4,0,0,1,0,1,1,1
41466370,0,78,2390,5,126201,4,22,1,1,2151,1,5,704,0,0,1,0,1,43,4,0,0,0,1,1,1,1,1,1,1,1,1,0,0,0,0,0,0,0,0
41601128,0,95,4930,4,23691,1,2,1,1,3470,0,9,38,0,0,1,0,1,48,0,0,1,0,1,1,1,1,1,1,1,1,1,0,0,0,0,0,0,0,0
41610944,0,3,3850,4,55560,5,17,1,1,111,6,5,38,0,0,1,1,1,47,4,0,0,1,1,1,1,1,1,1,1,1,1,0,0,0,0,0,0,1,1
41231864,0,95,2830,5,78243,4,2,1,1,2151,0,9,704,0,0,1,0,1,48,5,0,0,0,1,1,1,1,1,1,1,1,1,2,0,0,1,0,1,0,1
41145004,0,68,4470,4,60716,4,2,1,1,2959,1,6,38,0,0,1,0,1,49,3,0,0,1,1,1,1,1,1,1,1,1,1,0,0,0,0,0,0,0,0
41050915,0,95,2700,5,273683,4,2,8,1,2151,0,9,220,0,0,1,1,1,48,2,0,1,0,1,1,1,1,1,1,1,1,1,1,0,0,1,0,1,1,1
41307634,0,24,280,17,54309,1,22,6,1,999,2,5,451,0,0,1,1,1,13,0,0,0,0,0,1,1,0,0,1,1,0,1,0,0,0,0,0,0,1,1
41647244,0,88,370,14,56777,1,18,4,1,998,2,5,40,0,0,1,11,1,16,1,0,0,0,0,1,1,0,0,1,1,0,1,2,0,0,1,0,1,1,1
41602259,0,5,540,13,122768,1,22,4,1,1591,6,5,40,0,0,1,5,1,29,1,0,0,0,0,1,1,1,1,1,1,0,1,0,1,0,0,1,1,1,1
41508042,0,7,370,13,167042,0,14,4,1,1999,7,5,40,0,0,1,4,1,18,0,0,0,0,0,1,1,0,0,1,0,0,1,2,1,0,1,1,1,1,1
41584803,0,64,600,14,113129,1,10,4,1,998,2,5,40,0,0,1,1,1,28,1,0,0,0,0,1,1,1,1,1,1,0,1,0,0,0,0,0,0,1,1
41652365,0,35,550,11,101049,0,17,4,1,1999,7,5,40,0,0,1,5,1,18,0,0,0,0,0,1,1,0,1,1,0,0,1,0,0,0,0,0,0,1,1
41470191,0,58,7650,1,14335,3,2,8,1,1598,0,9,44,0,0,1,0,1,46,0,0,3,0,1,1,1,1,1,1,1,1,1,0,0,0,0,0,0,0,0
41200466,0,78,2650,5,157723,1,19,4,1,2497,1,7,166,0,0,1,4,1,49,6,0,0,1,1,1,1,1,1,1,1,1,1,0,0,0,0,0,0,1,1
41251147,0,98,429,15,64272,1,22,7,1,1591,6,5,499,0,0,1,7,1,26,0,0,0,0,0,1,1,0,1,1,1,0,1,0,1,0,0,1,1,1,1
41508506,0,98,299,14,106740,1,17,7,0,1591,6,5,499,0,0,1,3,1,19,0,0,0,0,0,1,0,0,0,0,1,0,1,0,1,0,0,1,1,1,1
41613998,0,79,539,14,167896,4,11,7,1,1995,1,7,499,0,0,1,6,1,36,0,0,0,0,0,1,1,1,1,1,1,1,1,0,0,0,0,0,0,1,1
41578110,0,96,439,14,136295,4,11,7,1,2199,0,9,499,0,0,1,0,1,28,1,0,0,0,0,1,1,1,0,1,1,0,1,0,0,0,0,0,0,0,0
41241828,0,86,998,10,154673,1,2,7,1,3342,3,5,499,0,0,1,2,1,47,0,0,0,0,0,1,1,1,1,1,1,1,1,0,0,0,0,0,0,1,1
41477903,0,78,4180,5,12050,3,19,8,1,1598,1,6,275,0,0,1,0,1,49,6,0,0,1,1,1,1,1,1,1,1,1,1,0,0,0,0,0,0,0,0
40960959,0,78,3350,4,46063,3,22,8,1,1598,1,6,275,0,0,1,4,1,43,4,0,0,0,1,1,1,1,1,1,1,1,1,0,0,0,0,0,0,1,1
41058974,0,75,3280,4,36432,3,2,8,1,1598,1,5,275,0,0,1,0,1,47,2,0,0,1,1,1,1,1,1,1,1,1,1,0,0,0,0,0,0,0,0
41650746,0,98,390,15,105292,1,11,7,1,1591,6,5,97,0,0,1,0,1,27,2,0,0,0,0,1,1,1,1,1,1,0,1,0,0,0,0,0,0,0,0
41442108,0,47,920,5,134493,1,22,12,1,998,2,5,738,0,0,1,0,1,23,0,0,0,0,0,1,0,0,1,0,1,0,1,0,0,0,0,0,0,0,0
41301093,0,85,1280,7,60025,1,22,12,1,1598,6,5,738,0,0,1,0,1,36,4,0,0,0,1,1,1,0,1,1,1,1,1,2,1,0,1,1,1,0,1
40797099,0,88,440,11,125572,1,2,12,1,998,2,5,738,0,0,1,0,1,23,1,0,0,0,0,1,1,0,1,1,1,0,1,1,1,0,1,1,1,0,1
41558837,0,44,1480,2,4098,1,22,7,1,998,2,5,394,0,0,1,0,1,34,3,0,0,0,0,1,1,1,1,1,1,1,1,5,4,0,1,1,1,0,1
40959883,0,56,3899,2,33305,1,2,14,1,2497,1,5,431,0,0,1,2,1,49,3,0,0,0,1,1,1,1,1,1,1,1,1,1,0,0,1,0,1,1,1
41354023,0,86,1140,8,111077,1,17,7,1,2359,3,5,420,0,0,1,2,1,48,2,0,0,0,1,1,1,1,1,1,1,1,1,3,3,0,1,1,1,1,1
41462609,0,95,2790,5,100809,4,2,1,1,2151,0,9,578,0,0,1,2,1,48,7,0,0,1,1,1,1,1,1,1,1,1,1,0,0,0,0,0,0,1,1
41475015,0,9,2799,3,26323,1,22,14,1,1598,7,5,431,0,0,1,1,1,46,4,0,0,1,1,1,1,1,1,1,1,1,1,0,0,0,0,0,0,1,1
41475037,0,35,599,12,130749,1,2,14,1,1999,7,5,431,0,0,1,3,1,31,1,0,1,0,0,1,1,1,1,1,1,0,1,0,0,0,0,0,0,1,1
41475785,0,44,1980,0,22,1,2,1,1,998,2,5,764,0,0,1,0,1,32,1,0,0,0,0,1,1,1,1,1,1,1,1,0,0,0,0,0,0,0,0
41475048,0,34,1850,2,71823,1,22,14,1,1598,6,5,431,0,0,1,2,1,36,4,0,0,0,1,1,1,1,1,1,1,1,1,0,0,0,0,0,0,1,1
41088924,0,92,1150,10,154518,4,2,14,1,2199,0,9,448,0,0,1,15,1,40,2,0,1,0,0,1,1,1,1,1,1,1,1,0,0,0,0,0,0,1,1
40955885,0,68,5400,3,50972,4,2,14,1,2959,1,7,431,0,0,1,0,1,48,3,0,0,1,1,1,1,1,1,1,1,1,1,0,0,0,0,0,0,0,0
41271926,0,95,2799,3,66969,1,21,14,1,3470,0,9,431,0,0,1,0,1,40,5,0,1,0,1,1,1,1,1,1,1,1,1,0,0,0,0,0,0,0,0
41383017,0,3,3450,3,58126,5,22,7,1,111,6,5,394,0,0,1,1,1,47,6,0,0,1,1,1,1,1,1,1,1,1,1,2,0,0,1,0,1,1,1
41390066,0,7,530,15,76424,1,17,7,1,1998,7,5,460,0,0,1,0,1,30,0,0,0,0,0,1,1,1,1,1,1,0,1,2,2,0,1,1,1,0,1
41454530,0,5,590,12,123006,1,22,10,1,1591,6,5,281,0,0,1,4,1,28,0,0,0,0,0,1,1,1,1,1,1,0,1,2,4,0,1,1,1,1,1
41439679,0,78,2850,4,92570,1,17,10,1,2497,1,7,281,0,0,1,2,1,47,6,0,0,0,1,1,1,1,1,1,1,1,1,0,1,0,0,1,1,1,1
41502360,0,49,288,0,1,1,22,5,1,998,2,5,314,0,0,1,0,0,29,1,0,0,0,0,1,1,1,1,0,1,1,1,0,0,0,0,0,0,0,0
41498490,0,90,999,10,170630,4,2,14,1,2199,1,7,431,0,0,1,5,1,38,3,0,0,0,0,1,1,1,1,1,1,1,1,2,1,0,1,1,1,1,1
41498582,0,95,2050,5,160838,4,22,14,1,2151,0,9,431,0,0,1,2,1,38,3,0,0,0,1,1,1,1,1,1,1,1,1,0,0,0,0,0,0,1,1
41495116,0,37,9999,2,33779,0,2,14,1,1999,7,5,431,0,0,1,2,1,35,0,0,0,0,1,1,1,0,1,1,1,1,1,0,0,0,0,0,0,1,1
41544993,0,88,490,11,141852,1,18,5,1,998,2,5,651,0,0,1,2,1,27,2,0,0,0,0,1,1,1,1,1,1,0,1,1,0,0,1,0,1,1,1
41605718,0,77,1650,7,114751,4,19,14,1,1995,1,5,431,0,0,1,1,1,41,4,0,0,0,1,1,1,1,1,1,1,1,1,0,0,0,0,0,0,1,1
41609400,0,92,900,11,157166,4,22,1,1,2199,0,9,733,0,0,1,4,1,39,2,0,0,1,0,1,1,1,1,1,1,1,1,1,0,0,1,0,1,1,1
41525703,0,74,2290,4,114199,4,22,1,1,1998,1,5,893,0,0,1,4,1,45,6,0,0,0,1,1,1,1,1,1,1,1,1,0,1,0,0,1,1,1,1
41280860,0,56,3200,2,75812,1,17,1,1,2497,1,6,586,0,0,1,0,1,46,2,0,0,0,1,1,1,1,1,1,1,1,1,0,0,0,0,0,0,0,0
40997638,0,95,2600,4,102072,4,2,1,1,2151,0,9,586,0,0,1,2,1,39,3,0,0,0,1,1,1,1,1,1,1,1,1,1,1,0,1,1,1,1,1
41503523,0,51,2500,3,55457,1,22,1,1,1598,1,5,586,0,0,1,0,1,42,3,0,0,0,1,1,1,1,1,1,1,1,1,0,0,0,0,0,0,0,0
41191415,0,68,3490,5,82451,4,2,1,1,2959,1,6,586,0,0,1,2,1,48,0,0,0,0,1,1,1,1,1,1,1,1,1,0,0,0,0,0,0,1,1
40737161,0,54,820,12,127432,4,17,1,1,1995,1,5,586,0,0,1,1,1,31,2,0,0,0,0,1,1,1,1,1,1,1,1,1,0,0,1,0,1,1,1
40327084,0,86,1470,10,69732,1,2,1,1,3342,3,5,586,0,0,1,3,1,44,1,0,0,0,0,1,1,1,1,1,1,1,1,0,0,0,0,0,0,1,1
40283571,0,51,2800,3,35866,1,17,1,1,1591,1,5,586,0,0,1,0,1,42,2,0,0,0,1,1,1,1,1,1,1,1,1,0,0,0,0,0,0,0,0
40148373,0,69,2150,5,73990,1,2,1,1,1591,1,5,586,0,0,1,0,1,42,5,0,0,1,1,1,1,1,1,1,1,1,1,0,0,0,0,0,0,0,0
41652080,0,45,2079,2,15231,5,22,8,1,133,2,4,111,0,0,1,1,1,34,0,0,0,0,0,1,1,1,1,1,1,1,1,0,0,0,0,0,0,1,1
41632464,0,45,2470,0,4001,5,2,8,1,133,2,4,111,0,0,1,0,1,36,0,0,0,0,0,1,1,1,1,1,1,1,1,0,0,0,0,0,0,0,0
41614767,0,95,3299,3,50924,1,22,1,1,3470,0,9,469,0,0,1,0,1,49,7,0,0,0,1,1,1,1,1,1,1,1,1,0,0,0,0,0,0,0,0
39616352,0,17,1949,4,145632,0,17,1,1,3470,3,5,716,0,0,1,0,1,42,3,0,0,1,1,1,1,1,1,1,1,1,1,0,0,0,0,0,0,0,0
41306598,0,78,3790,3,18919,3,22,8,1,1598,1,5,180,0,0,1,0,1,48,3,0,0,0,1,1,1,1,1,1,1,1,1,0,0,0,0,0,0,0,0
41295126,0,48,460,10,68137,1,18,8,1,998,2,2,180,0,0,1,1,1,12,1,0,0,0,0,0,0,0,0,0,0,0,0,0,0,0,0,0,0,1,1
39940586,0,56,4320,2,20229,3,17,1,1,1598,1,5,83,0,0,1,0,1,50,3,0,0,0,1,1,1,1,1,1,1,1,1,0,0,0,0,0,0,0,0
41268631,0,89,740,9,126221,1,18,1,1,998,2,5,245,0,0,1,4,1,25,2,0,0,0,0,1,1,0,1,1,0,0,1,1,0,0,1,0,1,1,1
41296074,0,44,1270,3,29782,1,22,1,1,998,2,2,10,0,0,1,0,1,13,0,0,0,0,0,1,0,0,0,0,0,0,0,0,0,0,0,0,0,0,0
41192014,0,95,2830,3,61068,4,22,1,1,2151,0,9,457,0,0,1,0,1,44,2,0,0,1,1,1,1,1,1,0,1,1,1,0,0,0,0,0,0,0,0
40894698,0,68,3200,5,97733,4,22,1,1,2959,1,7,743,0,0,1,1,1,48,1,0,0,1,1,1,1,1,1,1,1,1,1,0,0,0,0,0,0,1,1
41236114,0,95,3130,3,105248,4,22,1,1,2151,0,7,457,0,0,1,1,1,47,4,0,0,0,1,1,1,1,1,1,1,1,1,0,1,0,0,1,1,1,1
41534485,0,92,1050,10,177689,4,17,1,1,2199,0,7,835,0,0,1,7,1,40,3,0,0,1,0,1,1,1,1,1,1,1,1,0,1,0,0,1,1,1,1
41506867,0,78,3250,4,46263,3,22,1,1,1598,1,6,364,0,0,1,0,1,43,3,0,0,1,1,1,1,1,1,0,1,1,1,0,0,0,0,0,0,0,0
41503116,0,95,4350,3,30327,1,2,8,1,3470,0,9,257,0,0,1,2,1,48,0,0,1,0,1,1,1,1,1,1,1,1,1,0,0,0,0,0,0,1,1
41480434,0,78,2540,5,99516,4,22,10,1,2151,1,5,28,0,0,1,1,1,46,2,0,0,0,1,1,1,1,1,1,1,1,1,0,0,0,0,0,0,1,1
41468309,0,36,1500,7,54869,1,11,1,1,1999,7,5,419,0,0,1,6,1,44,1,0,0,0,1,1,1,1,1,1,1,1,1,1,0,0,1,0,1,1,1
41461789,0,92,1550,8,67653,4,2,7,1,2199,0,9,543,0,0,1,1,1,43,0,0,0,0,0,1,1,1,1,1,1,1,1,0,0,0,0,0,0,1,1
41451200,0,75,3250,4,32757,3,19,5,1,1598,1,5,11,0,0,1,0,1,47,3,0,0,1,1,1,1,1,1,1,1,1,1,0,0,0,0,0,0,0,0
41416078,0,69,1990,4,48688,1,17,1,1,1591,1,5,457,0,0,1,1,1,37,1,0,0,0,1,1,1,1,1,1,1,1,1,0,2,0,0,1,1,1,1
41424541,0,31,2550,7,108966,1,19,1,1,3778,3,5,447,0,0,1,2,1,50,1,0,0,1,1,1,1,1,1,1,1,1,1,0,1,0,0,1,1,1,1
41398205,0,34,2850,4,13562,1,22,12,1,1598,6,5,178,0,0,1,0,1,39,1,0,0,0,1,1,1,1,1,1,1,1,1,0,0,0,0,0,0,0,0
41396914,0,17,3160,4,37949,1,19,1,1,2497,3,5,932,0,0,1,0,1,51,8,0,0,1,1,1,1,1,1,1,1,1,1,0,0,0,0,0,0,0,0
41378826,0,58,4250,2,11210,4,19,1,1,2151,0,9,521,0,0,1,2,1,51,8,0,0,1,1,1,1,1,1,1,1,1,1,2,0,0,1,0,1,1,1
41311593,0,78,3390,3,21010,3,22,1,1,1598,1,5,364,0,0,1,1,1,43,3,0,0,0,1,1,1,1,1,0,1,1,1,0,0,0,0,0,0,1,1
41475733,0,4,6290,2,39926,5,17,1,1,180,1,7,61,0,0,1,2,1,51,1,0,1,0,1,1,1,1,1,1,1,1,1,0,0,0,0,0,0,1,1
41492251,0,73,1490,8,105305,1,22,8,1,1999,1,5,182,0,0,1,3,1,35,5,0,0,1,0,1,1,0,1,1,1,1,1,0,1,0,0,1,1,1,1
41479685,0,43,4560,3,52335,1,2,8,1,3778,3,5,967,0,0,1,0,1,56,2,0,0,0,1,1,1,1,1,1,1,1,1,0,0,0,0,0,0,0,0
41470363,0,69,2140,4,48392,4,22,1,1,1598,1,5,9,0,0,1,0,1,32,4,0,0,0,0,1,1,1,1,1,1,0,1,0,0,0,0,0,0,0,0
41461007,0,57,2550,7,67428,1,2,10,1,3342,0,9,444,0,0,1,2,1,46,0,0,0,0,1,1,1,1,1,1,1,1,1,1,0,0,1,0,1,1,1
41459142,0,74,2599,4,72832,1,22,1,1,1598,1,5,919,0,0,1,3,1,46,3,0,0,1,1,1,1,1,1,1,1,1,1,2,0,0,1,0,1,1,1
41449977,0,35,990,12,36635,1,22,8,1,1999,7,5,182,0,0,1,0,1,34,3,0,0,1,0,1,1,1,1,1,1,0,1,0,0,0,0,0,0,0,0
41373787,0,75,3150,4,49660,3,22,1,1,1598,1,5,364,0,0,1,0,1,46,3,0,0,0,1,1,1,1,1,1,1,1,1,0,0,0,0,0,0,0,0
41568578,0,86,1090,10,112775,1,19,1,1,3342,3,5,733,0,0,1,2,1,48,2,0,0,1,0,1,1,1,1,1,1,1,1,0,1,0,0,1,1,1,1
41393585,0,34,1428,4,99984,1,22,1,1,1598,6,5,288,0,0,1,1,1,33,1,0,0,0,0,1,1,1,1,1,1,1,1,0,2,0,0,1,1,1,1
41355958,0,95,2720,3,120879,4,2,1,1,2151,0,9,457,0,0,1,0,1,44,1,0,0,0,1,1,1,1,1,1,1,1,1,0,1,0,0,1,1,0,1
41346118,0,43,4500,3,80377,1,2,1,1,3342,3,5,457,0,0,1,1,1,56,2,0,0,0,1,1,1,1,1,1,1,1,1,0,0,0,0,0,0,1,1
41551539,0,95,3149,5,53870,4,22,8,1,2151,0,9,336,0,0,1,0,1,45,3,0,0,0,1,1,1,1,1,1,1,1,1,0,0,0,0,0,0,0,0
41650203,0,66,1570,4,30080,1,22,12,1,998,2,5,854,0,0,1,0,1,33,2,0,0,0,0,1,1,1,1,1,1,1,1,0,0,0,0,0,0,0,0
41636027,0,86,1150,10,124570,1,17,7,1,2359,3,5,615,0,0,1,3,1,41,3,0,0,1,0,1,1,1,1,1,1,1,1,2,0,0,1,0,1,1,1
41584917,0,57,2750,7,63742,4,22,12,1,2199,0,9,178,0,0,1,0,1,47,2,0,0,0,1,1,1,1,1,1,1,1,1,0,0,0,0,0,0,0,0
41588328,0,78,3150,4,30282,3,22,8,1,1598,1,5,182,0,0,1,1,1,43,4,0,0,0,1,1,1,1,1,1,1,1,1,0,1,0,0,1,1,1,1
41583982,0,78,3799,3,47991,3,17,13,1,1598,1,6,745,0,0,1,2,1,49,6,0,0,1,1,1,1,1,1,1,1,1,1,0,0,0,0,0,0,1,1
41588322,0,78,3490,4,46096,4,19,8,1,2151,1,6,182,0,0,1,3,1,49,5,0,0,1,1,1,1,1,1,1,1,1,1,2,0,0,1,0,1,1,1
41578022,0,3,3630,3,67038,5,2,1,1,111,6,5,10,0,0,1,5,1,47,4,0,0,1,1,1,1,1,1,1,1,1,1,1,0,0,1,0,1,1,1
41576046,0,17,2530,4,51206,1,2,8,1,3470,3,5,967,0,0,1,0,1,47,3,0,0,0,1,1,1,1,1,1,1,1,1,0,0,0,0,0,0,0,0
41595098,0,85,1480,7,59596,1,22,8,1,1598,6,5,90,0,0,1,1,1,35,4,0,0,0,0,1,1,1,1,1,1,1,1,0,1,0,0,1,1,1,1
41597269,0,57,1770,7,103093,1,2,1,1,3342,0,9,447,0,0,1,0,1,46,2,0,0,0,1,1,1,1,1,1,1,1,1,0,0,0,0,0,0,0,0
41593259,0,86,1850,10,39059,1,22,5,1,3342,3,5,695,0,0,1,0,1,51,4,0,0,1,0,1,1,1,1,1,1,1,1,0,0,0,0,0,0,0,0
41597708,0,38,3350,2,8923,3,17,1,1,1999,7,5,531,0,0,1,1,1,45,1,0,0,0,1,1,1,1,1,1,1,1,1,0,0,0,0,0,0,1,1
41584362,0,3,3340,4,71157,5,18,6,1,111,6,5,93,0,0,1,0,1,46,2,0,0,0,1,1,1,1,1,1,1,1,1,0,0,0,0,0,0,0,0
41625108,0,14,1599,6,141924,1,2,7,1,2497,3,5,599,0,0,1,2,1,44,1,0,0,1,1,1,1,1,1,1,1,1,1,0,0,0,0,0,0,1,1
41620356,0,78,2650,4,90263,4,17,1,1,2151,1,5,946,0,0,1,0,1,42,1,0,0,0,1,1,1,1,1,1,1,1,1,0,1,0,0,1,1,0,1
41619294,0,56,4400,2,20987,1,2,1,1,2497,1,6,479,0,0,1,0,1,51,7,0,0,1,1,1,1,1,1,1,1,1,1,0,0,0,0,0,0,0,0
41611113,0,95,3290,3,52626,1,22,10,1,3470,0,7,444,0,0,1,1,1,49,5,0,0,0,1,1,1,1,1,1,1,1,1,0,0,0,0,0,0,1,1
41619358,0,92,1390,9,99779,4,2,8,1,2199,0,9,581,0,0,1,1,1,42,0,0,0,0,0,1,1,1,1,1,1,1,1,0,0,0,0,0,0,1,1
41601194,0,75,3120,4,47983,3,22,5,1,1598,1,5,238,0,0,1,0,1,46,4,0,0,0,1,1,1,1,1,1,1,1,1,0,0,0,0,0,0,0,0
41616199,0,68,3350,6,60885,4,22,10,1,2959,1,5,347,0,0,1,0,1,48,3,0,0,1,1,1,1,1,1,1,1,1,1,0,0,0,0,0,0,0,0
41599769,0,33,960,9,45218,1,19,10,1,1591,6,5,444,0,0,1,0,1,28,0,0,0,0,0,1,1,1,0,1,1,0,1,0,0,0,0,0,0,0,0
41593305,0,95,2079,4,132890,4,2,8,1,2151,0,9,486,0,0,1,1,1,39,3,0,0,0,1,1,1,1,1,1,1,1,1,1,0,0,1,0,1,1,1
41590395,0,62,2700,0,18604,3,22,1,1,1580,1,5,890,0,0,1,0,1,35,3,0,0,0,0,1,1,1,1,1,1,0,1,0,0,0,0,0,0,0,0
41636003,0,92,1150,8,169846,4,17,1,1,2199,0,9,919,0,0,1,0,1,44,0,0,0,0,0,1,1,1,1,1,1,1,1,1,0,0,1,0,1,0,1
41586314,0,44,2070,0,937,1,22,8,1,998,2,5,240,0,0,1,0,1,35,2,0,0,0,0,1,1,1,1,1,1,1,1,0,0,0,0,0,0,0,0
41571312,0,48,730,10,79170,1,18,7,1,998,2,5,154,0,0,1,0,1,27,1,0,0,0,0,1,1,0,1,0,1,0,1,0,0,0,0,0,0,0,0
41656321,0,28,1100,8,153119,3,22,1,1,1580,1,5,887,0,0,1,1,1,34,4,0,0,0,0,1,1,1,1,1,1,1,1,0,0,0,0,0,0,1,1
41646800,0,75,3300,4,34116,3,17,1,1,1598,1,5,364,0,0,1,0,1,47,3,0,0,1,1,1,1,1,1,1,1,1,1,0,0,0,0,0,0,0,0
41647329,0,32,4350,1,19376,5,2,1,1,120,7,5,10,0,0,1,0,1,48,4,0,0,1,1,1,1,1,1,1,1,1,1,0,1,0,0,1,1,0,1
41544999,0,52,2859,0,32994,0,22,5,1,1999,1,5,483,0,0,1,0,1,33,1,0,0,0,1,1,1,1,1,0,1,0,1,0,0,0,0,0,0,0,0
41544430,0,62,2790,3,97069,3,2,7,1,1580,1,5,734,0,0,1,0,1,44,3,0,0,1,1,1,1,1,1,1,1,1,1,1,0,0,1,0,1,0,1
41543243,0,78,3490,5,32294,3,2,8,1,1598,1,6,182,0,0,1,0,1,48,4,0,0,0,1,1,1,1,1,1,1,1,1,0,0,0,0,0,0,0,0
41535016,0,73,990,10,128040,4,17,1,1,1685,1,5,62,0,0,1,1,1,34,1,0,0,0,0,1,1,0,1,1,1,1,1,0,0,0,0,0,0,1,1
41534773,0,95,3190,4,38443,1,17,1,1,3470,0,9,692,0,0,1,2,1,48,4,0,0,0,1,1,1,1,1,1,1,1,1,0,1,0,0,1,1,1,1
41536520,0,95,2700,5,105536,4,2,1,1,2151,0,9,431,0,0,1,4,1,47,4,0,0,0,1,1,1,1,1,1,1,1,1,1,0,0,1,0,1,1,1
41531969,0,44,1690,3,32994,1,18,5,1,998,2,5,684,0,0,1,1,1,34,3,0,0,0,0,1,1,1,1,1,1,1,1,0,0,0,0,0,0,1,1
41587930,0,57,1830,6,61742,1,2,10,1,3342,0,9,629,0,0,1,0,1,40,1,0,0,0,0,1,1,0,1,0,1,1,1,0,0,0,0,0,0,0,0
41603685,0,51,3790,3,45834,1,22,12,1,1999,1,5,854,0,0,1,0,1,43,4,0,0,0,1,1,1,1,1,1,1,1,1,0,0,0,0,0,0,0,0
41639191,0,69,2050,5,62862,1,22,10,1,1591,1,5,347,0,0,1,3,1,41,4,0,0,0,1,1,1,1,1,1,1,1,1,0,0,0,0,0,0,1,1
41655516,0,86,1620,10,77095,1,22,8,1,2359,3,5,256,0,0,1,1,1,50,7,0,0,1,0,1,1,1,1,1,1,1,1,0,0,0,0,0,0,1,1
41528677,0,74,2850,2,13025,1,2,1,1,1598,1,5,521,0,0,1,1,1,46,1,0,0,0,1,1,1,1,1,1,1,1,1,0,2,0,0,1,1,1,1
41530909,0,68,3900,4,115724,4,2,1,1,2959,1,5,478,0,0,1,1,1,48,2,0,0,1,1,1,1,1,1,1,1,1,1,0,0,0,0,0,0,1,1
41615335,0,92,1690,8,52232,4,22,10,1,2199,0,9,347,0,0,1,0,1,41,1,0,0,0,0,1,1,1,1,1,1,1,1,0,0,0,0,0,0,0,0
41601626,0,9,2190,5,42011,1,17,1,1,1999,7,5,457,0,0,1,1,1,39,4,0,0,0,1,1,1,1,1,1,1,1,1,1,0,0,1,0,1,1,1
41592063,0,12,2220,5,62946,3,2,8,1,1999,7,5,638,0,0,1,2,1,45,3,0,0,0,1,1,1,1,1,1,1,1,1,1,0,0,1,0,1,1,1
41584231,0,95,3350,3,22945,1,17,10,1,3470,0,9,444,0,0,1,1,1,47,3,0,0,0,1,1,1,1,1,1,1,1,1,0,0,0,0,0,0,1,1
41621669,0,58,4780,1,37443,3,22,1,1,1598,0,9,175,0,0,1,0,1,50,7,0,0,0,1,1,1,1,1,1,1,1,1,0,0,0,0,0,0,0,0
41253667,0,34,2370,2,2682,1,17,12,1,1598,6,5,854,0,0,1,0,1,29,2,0,0,0,0,1,1,1,1,1,1,0,1,0,0,0,0,0,0,0,0
41262881,0,8,1140,10,52332,1,2,6,1,1591,7,5,93,0,0,1,3,1,32,1,0,0,0,0,1,1,1,1,1,1,0,1,0,1,0,0,1,1,1,1
41158848,0,69,2240,4,13307,1,22,1,1,1591,1,5,457,0,0,1,0,1,39,2,0,0,0,1,1,1,1,1,1,1,1,1,0,0,0,0,0,0,0,0
41223419,0,38,3550,1,2146,3,22,1,1,1999,7,5,457,0,0,1,0,1,48,6,0,0,1,1,1,1,1,1,1,1,1,1,0,1,0,0,1,1,0,1
41405833,0,12,2650,3,68245,3,22,1,1,1999,7,5,10,0,0,1,2,1,45,2,0,0,0,1,1,1,1,1,1,1,1,1,1,0,0,1,0,1,1,1
41191895,0,74,2399,4,110245,4,17,8,1,1998,1,5,336,0,0,1,1,1,44,2,0,0,0,1,1,1,1,1,1,1,1,1,0,0,0,0,0,0,1,1
41143948,0,9,2440,5,50748,1,17,12,1,1999,7,5,854,0,0,1,0,1,38,2,0,0,0,1,1,1,1,1,1,1,1,1,0,0,0,0,0,0,0,0
41148798,0,9,3050,3,36182,1,22,8,1,1598,7,5,111,0,0,1,0,1,47,6,0,0,1,1,1,1,1,1,1,1,1,1,0,0,0,0,0,0,0,0
41123884,0,78,4880,3,8392,3,22,12,1,1598,1,6,854,0,0,0,0,1,49,7,0,0,1,1,1,1,1,1,1,1,1,1,0,0,0,0,0,0,0,0
40988701,0,68,3590,4,62938,4,14,8,1,2959,1,7,103,0,1,1,0,1,47,1,0,0,0,1,1,1,1,1,1,1,1,1,0,0,0,0,0,0,0,0
40853383,0,95,2450,5,99475,4,22,1,1,2151,0,9,521,0,0,1,1,1,44,3,0,0,0,1,1,1,1,1,1,1,1,1,0,0,0,0,0,0,1,1
40989399,0,47,1540,4,6855,1,17,12,1,998,2,5,854,0,0,1,0,1,30,2,0,1,0,1,1,1,0,1,0,1,0,1,0,0,0,0,0,0,0,0
40949909,0,78,3350,5,69851,3,22,8,1,1598,1,5,91,0,0,1,0,1,49,7,0,0,1,1,1,1,1,1,1,1,1,1,0,0,0,0,0,0,0,0
41344753,0,9,2800,5,25994,1,17,12,1,1999,7,5,178,0,0,1,0,1,42,4,0,0,1,1,1,1,1,1,1,1,1,1,0,0,0,0,0,0,0,0
41235238,0,51,2300,3,31820,1,22,1,1,1598,1,5,692,0,0,1,0,1,34,1,0,0,0,0,1,1,0,1,0,1,1,1,0,0,0,0,0,0,0,0
41146641,0,12,2680,4,20005,3,17,8,1,1999,7,5,111,0,0,1,0,1,42,3,0,0,1,1,1,1,1,1,1,1,1,1,0,0,0,0,0,0,0,0
41104976,0,78,2890,5,65303,4,17,14,1,2151,1,5,416,0,0,1,4,1,48,3,0,0,0,1,1,1,1,1,1,1,1,1,1,0,0,1,0,1,1,1
41007480,0,86,1700,8,74437,4,22,8,1,2199,3,5,111,0,0,1,2,1,45,1,0,0,1,1,1,1,1,1,1,1,1,1,0,2,0,0,1,1,1,1
40572036,0,56,4150,2,38600,3,17,1,1,1598,1,5,470,0,0,1,0,1,48,1,0,0,0,1,1,1,1,1,1,1,1,1,0,0,0,0,0,0,0,0
41084820,0,95,2240,5,129277,4,2,1,1,2151,0,9,157,0,0,1,2,1,38,3,0,0,0,1,1,1,1,1,1,1,1,1,0,2,0,0,1,1,1,1
41054378,0,18,2299,4,128656,3,2,1,1,1598,3,5,480,0,0,1,1,1,43,0,0,0,0,1,1,1,1,1,1,1,1,1,0,0,0,0,0,0,1,1
41039805,0,86,1690,8,76611,1,2,8,1,2359,3,5,111,0,0,1,1,1,48,2,0,0,1,1,1,1,1,1,1,1,1,1,0,0,0,0,0,0,1,1
40828716,0,66,1410,3,19171,1,11,1,1,998,2,5,55,0,0,1,0,1,33,1,0,0,0,0,1,1,1,1,1,1,1,1,0,0,0,0,0,0,0,0
41526590,0,14,1999,6,112858,0,2,7,1,2999,3,5,48,0,0,1,5,1,47,4,0,0,1,1,1,1,1,1,1,1,1,1,2,0,0,1,0,1,1,1
41506817,0,57,1439,7,161416,4,22,1,1,2199,0,9,946,0,0,1,0,1,41,4,0,0,1,1,1,1,1,1,1,1,1,1,0,1,0,0,1,1,0,1
41515833,0,14,2050,6,94098,0,2,7,1,2999,3,5,615,0,0,1,1,1,41,2,0,0,0,1,1,1,1,1,1,1,1,1,0,0,0,0,0,0,1,1
41509619,0,47,880,4,70562,1,22,1,1,998,2,2,640,0,0,1,1,1,17,0,0,0,0,0,1,1,0,0,1,1,0,0,0,0,0,0,0,0,1,1
41502222,0,78,3650,3,24497,3,22,1,1,1598,1,5,364,0,0,1,1,1,47,4,0,0,0,1,1,1,1,1,1,1,1,1,0,0,0,0,0,0,1,1
41559640,0,37,3350,0,3923,1,22,10,1,1598,7,5,375,0,0,1,0,1,43,4,0,0,0,1,1,1,1,1,1,1,1,1,0,0,0,0,0,0,0,0
41556814,0,51,4650,3,15073,1,22,12,1,1999,1,5,178,0,0,1,0,1,47,7,0,0,0,1,1,1,1,1,1,1,1,1,0,0,0,0,0,0,0,0
41454423,0,68,4190,3,63428,4,22,1,1,2959,1,6,431,0,0,1,1,1,49,4,0,0,1,1,1,1,1,1,1,1,1,1,0,0,0,0,0,0,1,1
41447030,0,78,3030,3,43983,1,22,7,1,2497,1,5,684,0,0,1,0,1,47,4,0,0,0,1,1,1,1,1,1,1,1,1,0,0,0,0,0,0,0,0
41434602,0,73,1050,10,91522,4,22,10,1,1685,1,5,444,0,0,1,3,1,33,2,0,0,0,0,1,1,1,1,1,1,0,1,0,0,0,0,0,0,1,1
41419521,0,75,3490,2,9291,3,22,10,1,1598,1,5,444,0,0,1,1,1,45,4,0,0,0,1,1,1,1,1,1,1,1,1,0,0,0,0,0,0,1,1
41412003,0,55,2470,6,52012,1,22,10,1,1998,1,5,474,0,0,1,5,1,50,3,0,0,1,1,1,1,1,1,1,1,1,1,2,0,0,1,0,1,1,1
41466085,0,78,3200,4,33808,1,22,1,1,2497,1,5,364,0,0,1,0,1,47,4,0,0,0,1,1,1,1,1,1,1,1,1,0,0,0,0,0,0,0,0
41451023,0,48,450,10,69525,1,14,1,1,998,2,2,920,0,0,1,4,1,10,1,0,1,0,0,0,0,0,0,0,0,0,0,2,0,0,1,0,1,1,1
41528636,0,58,4970,2,29890,3,17,10,1,1598,0,9,912,0,0,1,0,1,51,6,0,0,1,1,1,1,1,1,1,1,1,1,0,0,0,0,0,0,0,0
41527007,0,68,3530,5,83242,4,2,1,1,2959,1,5,10,0,0,1,2,1,48,1,0,0,1,1,1,1,1,1,1,1,1,1,0,0,0,0,0,0,1,1
41517488,0,92,1430,8,111364,4,17,5,1,2199,0,9,719,0,0,1,4,1,43,0,0,0,0,0,1,1,1,1,1,1,1,1,0,0,0,0,0,0,1,1
41530459,0,69,3550,4,87893,4,17,12,1,1598,1,5,178,0,0,1,0,1,42,3,0,0,0,1,1,1,1,1,1,1,1,1,0,0,0,0,0,0,0,0
41377397,0,95,3330,3,47039,1,22,1,1,3470,0,9,457,0,0,1,0,1,50,9,0,0,1,1,1,1,1,1,1,1,1,1,1,3,0,1,1,1,0,1
41367105,0,95,3540,3,15732,1,22,1,1,3470,0,9,9,0,0,1,2,1,49,7,0,0,0,1,1,1,1,1,1,1,1,1,0,0,0,0,0,0,1,1
41426898,0,5,500,12,133801,1,11,1,1,1591,6,5,480,0,0,1,3,1,33,2,0,0,0,0,1,1,1,1,1,1,0,1,0,0,0,0,0,0,1,1
41487900,0,9,2730,3,57490,1,17,8,1,1598,7,5,683,0,0,1,0,1,47,5,0,0,1,1,1,1,1,1,1,1,1,1,0,1,0,0,1,1,0,1
41455132,0,34,2540,4,50776,1,22,12,1,1598,6,5,854,0,0,1,1,1,40,1,0,0,0,1,1,1,1,1,1,1,1,1,0,0,0,0,0,0,1,1
41455754,0,92,1350,9,103335,4,2,6,1,2199,0,9,538,0,0,1,4,1,40,2,0,0,0,0,1,1,1,1,1,1,1,1,0,0,0,0,0,0,1,1
41386264,0,34,2180,4,47309,1,22,1,1,1591,6,5,10,0,0,1,1,1,41,4,0,0,1,1,1,1,1,1,1,1,1,1,1,0,0,1,0,1,1,1
41385955,0,74,3059,4,50029,1,22,2,1,1598,1,5,979,0,0,1,3,1,46,3,0,0,0,1,1,1,1,1,1,1,1,1,1,0,0,1,0,1,1,1
41376960,0,57,1990,7,104165,4,2,1,1,2199,0,7,717,0,0,1,1,1,45,2,0,0,0,1,1,1,1,1,1,1,1,1,0,0,0,0,0,0,1,1
41375914,0,77,1499,7,169621,4,14,1,1,1598,1,5,919,0,0,1,0,1,45,3,0,0,1,1,1,1,1,1,1,1,1,1,0,0,0,0,0,0,0,0
41506300,0,55,1999,6,95265,4,2,1,1,1995,1,7,480,0,0,1,1,1,41,1,0,0,0,1,1,1,1,1,1,1,1,1,0,0,0,0,0,0,1,1
41558134,0,34,2490,4,58233,1,22,13,1,1598,6,5,745,0,0,1,0,1,40,2,0,0,0,1,1,1,1,1,1,1,1,1,0,0,0,0,0,0,0,0
41498609,0,75,3120,3,40311,3,2,8,1,1598,1,5,679,0,0,1,0,1,44,3,0,0,0,1,1,1,1,1,1,1,1,1,0,0,0,0,0,0,0,0
41619227,0,78,2380,4,76796,1,2,8,1,2497,1,5,680,0,0,1,0,1,33,2,0,0,0,1,1,1,1,1,1,1,0,1,0,0,0,0,0,0,0,0
41619238,0,69,2550,3,25576,1,22,8,1,1591,1,5,680,0,0,1,0,1,40,4,0,0,0,1,1,1,1,1,1,1,1,1,0,0,0,0,0,0,0,0
41428854,0,31,2990,7,74477,1,2,1,1,3342,3,5,398,0,0,1,0,1,50,0,0,0,0,1,1,1,1,1,1,1,1,1,0,0,0,0,0,0,0,0
41185567,0,51,2599,1,9330,1,22,8,1,1598,1,5,39,0,0,1,0,1,39,4,0,0,0,0,1,1,1,1,1,1,1,1,0,0,0,0,0,0,0,0
41365145,0,51,2799,3,34095,1,22,8,1,1598,1,5,39,0,0,1,0,1,48,7,0,0,1,1,1,1,1,1,1,1,1,1,0,0,0,0,0,0,0,0
41552397,0,95,3745,3,32202,1,22,5,1,3470,0,7,283,0,0,1,0,1,50,8,0,0,1,1,1,1,1,1,1,1,1,1,0,0,0,0,0,0,0,0
41553928,0,95,3745,3,36026,1,22,5,1,3470,0,7,283,0,0,1,0,1,51,8,0,0,1,1,1,1,1,1,1,1,1,1,0,0,0,0,0,0,0,0
40031183,0,8,899,8,97989,1,2,7,1,1999,7,5,429,0,0,1,1,1,28,0,0,0,0,0,1,1,0,0,1,1,0,1,0,1,0,0,1,1,1,1
40957774,0,78,3099,3,52158,4,22,1,1,2151,1,5,667,0,0,1,0,1,44,5,0,0,1,1,1,1,1,1,1,1,1,1,0,0,0,0,0,0,0,0
41436975,0,12,2150,4,101502,3,2,1,1,1999,7,5,667,0,0,1,0,1,43,4,0,0,0,1,1,1,1,1,1,1,1,1,0,0,0,0,0,0,0,0
41437029,0,68,3799,4,97152,4,2,1,1,2959,1,7,667,0,0,1,2,1,48,3,0,0,1,1,1,1,1,1,1,1,1,1,0,0,0,0,0,0,1,1
41619735,0,71,1690,7,81384,1,22,1,1,1998,7,5,667,0,0,1,11,1,47,2,0,0,1,1,1,1,1,1,1,1,1,1,4,0,0,1,0,1,1,1
41634068,0,18,2950,4,94482,3,2,1,1,1598,3,5,667,0,0,1,0,1,52,6,0,0,1,1,1,1,1,1,1,1,1,1,0,0,0,0,0,0,0,0
41633711,0,14,1699,6,136398,1,2,1,1,2497,3,5,667,0,0,1,2,1,45,2,0,0,0,1,1,1,1,1,1,1,1,1,0,0,0,0,0,0,1,1
41641313,0,17,2850,2,45659,1,2,1,1,2497,3,5,667,0,0,1,2,1,48,2,0,0,0,1,1,1,1,1,1,1,1,1,0,0,0,0,0,0,1,1
41455319,0,57,1970,7,92464,4,22,7,1,2199,0,9,302,0,0,1,0,1,46,3,0,0,0,1,1,1,1,1,1,1,1,1,0,0,0,0,0,0,0,0
41578651,0,92,990,8,211272,4,2,4,1,2199,0,9,166,0,0,1,0,1,45,1,0,0,1,0,1,1,1,1,1,1,1,1,0,0,0,0,0,0,0,0
41385596,0,9,1980,6,71794,1,17,1,1,1999,7,5,92,0,0,1,1,1,41,2,0,0,0,1,1,1,1,1,1,1,1,1,0,0,0,0,0,0,1,1
41392119,0,88,460,14,57287,1,18,6,1,998,2,5,564,0,0,1,3,1,17,1,0,0,0,0,1,1,0,0,0,1,0,1,0,0,0,0,0,0,1,1
41315564,0,88,388,14,72717,1,22,6,1,998,2,5,564,0,0,1,2,1,17,2,0,0,0,0,1,1,0,0,1,1,0,1,0,0,0,0,0,0,1,1
41511377,0,8,1250,9,83414,0,22,6,1,1999,7,5,564,0,0,1,6,1,41,0,0,1,0,1,1,1,1,1,1,1,1,1,2,0,0,1,0,1,1,1
41199705,0,86,1390,9,85751,1,17,1,1,2359,3,5,90,0,0,1,5,1,46,1,0,0,0,1,1,1,1,1,1,1,1,1,0,0,0,0,0,0,1,1
41585247,0,6,499,12,112356,1,22,6,1,1591,5,5,409,0,0,1,5,1,29,6,0,0,1,0,1,1,1,1,1,1,0,1,2,0,0,1,0,1,1,1
40507918,0,80,350,14,105846,1,18,6,0,1591,6,5,409,0,0,1,11,1,13,1,0,0,0,0,0,0,0,0,0,0,0,0,1,0,0,1,0,1,1,1
41258152,0,44,1990,0,26,1,22,1,1,998,2,5,586,0,0,1,0,1,33,2,0,0,0,0,1,1,1,1,1,1,1,1,0,0,0,0,0,0,0,0
41078312,0,95,2050,5,173731,4,22,1,1,2151,0,9,586,0,0,1,1,1,38,4,0,0,0,1,1,1,1,1,1,1,1,1,0,0,0,0,0,0,1,1
40976020,0,92,850,9,297405,4,2,1,1,2199,0,9,586,0,0,1,3,1,44,1,0,0,0,0,1,1,1,1,1,1,1,1,0,0,0,0,0,0,1,1
41487347,0,38,3130,2,30357,3,11,9,1,1999,7,5,653,0,0,1,2,1,45,3,0,0,1,1,1,1,1,1,1,1,1,1,3,1,0,1,1,1,1,1
37710150,0,5,680,11,53173,1,22,1,1,1591,6,5,619,0,0,1,5,1,28,2,0,0,0,0,1,1,1,0,1,1,0,1,1,2,0,1,1,1,1,1
40804131,0,27,350,13,174315,0,11,4,1,1998,0,7,961,0,0,1,3,1,19,0,0,0,0,0,1,0,0,0,0,1,0,1,5,4,0,1,1,1,1,1
40134943,0,86,1199,9,147051,0,22,1,1,2999,3,5,886,0,0,1,1,1,37,0,0,3,1,0,1,1,1,1,1,1,0,1,0,0,0,0,0,0,1,1
39570289,0,36,1110,7,105278,1,17,7,1,1999,7,5,986,0,0,1,2,1,29,0,0,0,0,0,1,1,0,1,0,1,0,1,1,1,0,1,1,1,1,1
39509364,0,47,680,8,168517,1,18,5,1,998,2,5,295,0,0,1,1,1,23,0,0,0,0,0,1,1,0,0,1,1,0,1,0,0,0,0,0,0,1,1
41289858,0,88,399,11,88573,1,17,4,1,998,2,5,59,0,0,1,3,1,15,1,0,0,0,0,1,0,0,0,0,1,0,1,4,0,0,1,0,1,1,1
41268200,0,92,1349,9,94737,1,22,5,1,3342,0,9,834,0,0,1,3,0,46,4,0,0,1,0,1,1,1,1,1,1,1,1,0,0,0,0,0,0,1,1
41236797,0,64,290,9,296028,1,21,1,1,998,2,2,206,0,0,1,1,1,12,0,0,0,0,0,0,0,0,0,0,0,0,1,1,0,0,1,0,1,1,1
41102996,0,92,1330,8,165501,4,22,5,1,2199,0,9,418,0,0,1,2,1,46,3,0,0,1,0,1,1,1,1,1,1,1,1,0,0,0,0,0,0,1,1
41064859,0,90,1180,10,129222,4,2,5,1,1995,1,5,418,0,0,1,13,1,42,2,0,0,0,0,1,1,1,1,1,1,1,1,0,0,0,0,0,0,1,1
41023187,0,40,4440,1,25763,1,2,8,1,3470,3,5,452,0,0,1,0,1,48,0,0,1,0,1,1,1,1,1,1,1,1,1,0,0,0,0,0,0,0,0
40680315,0,47,1160,7,49051,1,21,5,1,998,2,5,276,0,0,1,0,1,29,2,0,0,0,0,1,1,1,1,1,1,0,1,1,0,0,1,0,1,0,1
41306449,0,67,949,14,124814,4,11,5,1,2959,1,7,834,0,0,1,5,1,44,0,0,0,1,0,1,1,1,1,1,1,1,1,1,0,0,1,0,1,1,1
41275515,0,31,2164,5,185015,1,2,1,1,3778,3,5,704,0,0,1,2,1,53,3,0,0,0,1,1,1,1,1,1,1,1,1,0,0,0,0,0,0,1,1
41276778,0,95,2660,5,58000,4,22,8,1,2151,0,9,452,0,0,1,2,1,43,2,0,0,0,1,1,1,1,1,1,1,1,1,0,0,0,0,0,0,1,1
41557925,0,47,1350,5,44066,1,22,5,1,998,2,5,522,0,0,1,1,1,30,2,0,0,0,0,1,1,1,1,1,1,0,1,0,0,0,0,0,0,1,1
41509620,0,9,1999,6,52083,1,22,5,1,1999,7,5,525,0,0,1,3,1,42,5,0,0,0,1,1,1,1,1,1,1,1,1,4,1,0,1,1,1,1,1
41373724,0,92,959,8,187832,4,2,1,1,2199,0,9,480,0,0,1,7,1,37,3,0,0,1,1,1,1,1,1,1,1,1,1,0,0,0,0,0,0,1,1
41370868,0,95,2860,5,65777,4,22,12,1,2151,0,9,489,0,0,1,1,1,43,2,0,0,0,1,1,1,1,1,1,1,1,1,1,1,0,1,1,1,1,1
41492998,0,92,1250,10,109229,4,22,8,1,2199,0,9,392,0,0,1,5,1,43,1,0,0,0,0,1,1,1,1,1,1,1,1,0,1,0,0,1,1,1,1
41473700,0,9,1850,5,74251,1,22,0,1,1999,7,5,497,0,0,1,0,1,37,4,0,1,0,1,1,1,1,1,0,1,1,1,0,0,0,0,0,0,0,0
41494404,0,66,1350,5,37137,1,22,10,1,998,2,5,916,0,1,1,0,1,31,3,0,0,0,0,1,1,1,1,1,1,1,1,0,0,0,0,0,0,0,0
41425454,0,55,1850,7,84329,4,11,10,1,1995,1,5,444,0,0,1,1,1,41,1,0,0,0,1,1,1,1,1,1,1,1,1,1,0,0,1,0,1,1,1
41576150,0,36,1289,7,128193,1,22,7,1,1999,7,5,781,0,0,1,4,1,41,3,0,0,0,1,1,1,1,1,1,1,1,1,0,0,0,0,0,0,1,1
41575363,0,71,1390,7,126602,1,8,5,1,1998,7,5,566,0,0,1,3,1,45,0,0,0,0,1,1,1,1,1,1,1,1,1,1,0,0,1,0,1,1,1
41571280,0,58,1932,2,42000,1,2,1,1,3470,0,9,314,0,0,1,1,0,45,2,0,0,0,1,1,1,1,1,1,1,1,1,0,0,0,0,0,0,1,1
41565502,0,93,459,12,243608,0,11,1,1,1999,0,7,480,0,0,1,6,1,31,0,0,0,0,0,1,1,1,1,1,1,1,1,0,0,0,0,0,0,1,1
41558180,0,57,1590,6,150692,1,2,10,1,3342,0,9,347,0,0,1,0,1,41,0,0,1,0,1,1,1,1,1,1,1,1,1,1,0,0,1,0,1,0,1
41602750,0,74,2290,2,14634,1,22,7,1,1598,1,5,312,0,0,1,0,1,46,3,0,0,0,1,1,1,1,1,1,1,1,1,11,2,0,1,1,1,0,1
41601328,0,73,1270,9,130097,4,19,10,1,1995,1,5,844,0,0,1,4,1,41,5,0,0,1,0,1,1,1,1,1,1,1,1,0,0,0,0,0,0,1,1
41596660,0,86,1380,8,79382,1,2,10,1,2359,3,5,347,0,0,1,8,1,49,3,0,0,1,1,1,1,1,1,1,1,1,1,4,1,0,1,1,1,1,1
41614975,0,58,2636,2,21000,3,22,10,1,1598,0,9,314,0,0,1,0,0,49,5,1,0,0,0,1,1,1,1,1,1,1,1,0,0,0,0,0,0,0,0
41614846,0,69,1650,6,117696,1,19,1,1,1591,1,5,919,0,0,1,4,0,40,3,0,0,1,1,1,1,1,1,1,1,1,1,0,0,0,0,0,0,1,1
41585891,0,78,4070,5,40906,3,2,8,1,1598,1,6,392,0,0,1,0,1,49,4,0,0,1,1,1,1,1,1,1,1,1,1,0,0,0,0,0,0,0,0
41621382,0,92,970,10,174411,4,22,8,1,2199,0,9,392,0,0,1,2,1,40,3,0,0,1,0,1,1,1,1,1,1,1,1,0,0,0,0,0,0,1,1
41503792,0,56,4650,2,18063,3,17,1,1,1598,1,5,362,0,0,1,1,1,50,4,0,0,0,1,1,1,1,1,1,1,1,1,0,0,0,0,0,0,1,1
41650027,0,31,1650,7,231815,1,2,10,1,3342,3,5,703,0,0,1,2,1,49,1,0,0,0,1,1,1,1,1,1,1,1,1,0,0,0,0,0,0,1,1
41644311,0,5,630,11,70454,1,22,10,1,1591,6,5,698,0,0,1,1,1,22,1,0,0,0,0,1,1,0,0,1,0,0,1,0,1,0,0,1,1,1,1
41643657,0,9,2150,3,42749,1,22,5,1,1999,7,5,931,0,0,1,0,0,33,4,0,0,0,1,1,1,1,1,1,1,0,1,0,0,0,0,0,0,0,0
41641631,0,33,610,8,130254,1,22,1,1,1591,6,5,862,0,0,1,5,0,25,3,0,0,0,0,1,1,0,0,1,1,0,1,0,0,0,0,0,0,1,1
41641148,0,47,470,8,192423,1,18,1,1,998,2,2,491,0,0,1,1,1,17,1,0,0,0,0,1,0,0,0,1,0,0,1,0,0,0,0,0,0,1,1
41632393,0,48,399,10,172422,2,22,7,1,998,2,5,305,0,0,1,2,1,17,1,0,0,0,0,1,1,0,0,1,0,0,0,2,2,0,1,1,1,1,1
41626170,0,78,3280,5,92361,3,22,1,1,1598,1,7,835,0,0,1,2,1,48,6,0,0,0,1,1,1,1,1,1,1,1,1,1,0,0,1,0,1,1,1
41645213,0,95,2890,5,79454,4,22,10,1,2151,0,9,444,0,0,1,3,1,48,4,0,0,0,1,1,1,1,1,1,1,1,1,2,1,0,1,1,1,1,1
41536766,0,95,2490,4,85544,4,22,1,1,2151,0,9,922,0,0,1,0,1,36,1,0,0,0,1,1,1,0,1,0,1,1,1,0,0,0,0,0,0,0,0
41491310,0,58,6750,2,37853,1,2,5,1,3470,0,9,926,0,0,1,0,1,51,0,0,0,0,1,1,1,1,1,1,1,1,1,0,0,0,0,0,0,0,0
41501861,0,95,3430,3,44261,4,22,6,1,2151,0,9,520,0,0,1,2,1,48,7,0,0,1,1,1,1,1,1,1,1,1,1,0,0,0,0,0,0,1,1
41474343,0,12,2249,4,108336,3,2,1,1,1999,7,5,946,0,0,1,0,1,46,4,0,0,0,1,1,1,1,1,1,1,1,1,0,0,0,0,0,0,0,0
41489864,0,95,3790,3,42501,4,22,5,1,2151,0,7,840,0,0,1,0,1,49,8,0,0,1,1,1,1,1,1,1,1,1,1,0,0,0,0,0,0,0,0
41477904,0,78,4050,3,46302,3,22,1,1,1598,1,6,687,0,0,1,0,1,49,8,0,0,1,1,1,1,1,1,1,1,1,1,0,0,0,0,0,0,0,0
41469286,0,90,1490,11,94497,4,2,8,1,1995,1,5,250,0,0,1,1,1,46,2,0,0,1,0,1,1,1,1,1,1,1,1,1,0,0,1,0,1,1,1
41476851,0,68,4190,5,58281,4,2,1,1,2959,1,7,811,0,0,1,1,1,48,2,0,0,1,1,1,1,1,1,1,1,1,1,0,0,0,0,0,0,1,1
41468502,0,29,2250,5,68538,5,22,7,1,180,1,5,825,0,0,1,0,1,42,5,0,0,0,1,1,1,1,1,1,1,1,1,0,0,0,0,0,0,0,0
41641543,0,14,2380,6,61991,1,2,12,1,2497,3,5,178,0,0,1,0,1,46,2,0,0,0,1,1,1,1,1,1,1,1,1,0,0,0,0,0,0,0,0
41640991,0,90,1290,10,84543,4,22,10,1,1995,1,5,28,0,0,1,3,1,37,1,0,0,0,0,1,1,1,1,1,1,1,1,3,0,0,1,0,1,1,1
41639561,0,51,2490,1,10786,1,22,8,1,1598,1,5,777,0,0,1,1,1,37,2,0,0,0,0,1,1,1,1,1,1,1,1,0,0,0,0,0,0,1,1
41621551,0,32,4890,1,15801,5,19,5,1,120,7,5,695,0,0,1,0,1,48,6,0,0,1,1,1,1,1,1,1,1,1,1,0,0,0,0,0,0,0,0
41358359,0,73,1230,8,80015,4,22,2,1,1685,1,5,463,0,0,1,4,1,35,3,0,0,0,0,1,1,1,1,1,1,1,1,1,0,0,1,0,1,1,1
41615326,0,36,1650,7,31480,1,22,10,1,1999,7,5,773,0,0,1,2,1,38,2,0,0,0,1,1,1,1,1,1,1,1,1,0,4,0,0,1,1,1,1
41614182,0,95,2990,5,171150,1,2,8,1,3470,0,9,256,0,0,1,0,1,49,0,0,0,0,1,1,1,1,1,1,1,1,1,0,0,0,0,0,0,0,0
41649967,0,69,2230,4,44933,1,22,8,1,1591,1,5,121,0,0,1,0,1,41,4,0,0,0,1,1,1,1,1,1,1,1,1,0,0,0,0,0,0,0,0
41644472,0,95,3790,4,74321,4,22,1,1,3470,0,9,67,0,0,1,0,1,50,0,0,7,0,1,1,1,1,1,1,1,1,1,0,0,0,0,0,0,0,0
41633257,0,92,1500,8,173390,4,22,5,1,2199,0,9,546,0,0,1,1,1,43,1,0,0,0,0,1,1,1,1,1,1,1,1,0,0,0,0,0,0,1,1
41623629,0,88,555,14,98787,1,18,6,1,998,2,5,237,0,0,1,2,1,20,2,0,0,0,0,1,1,0,0,1,1,0,1,0,0,0,0,0,0,1,1
41632861,0,51,3160,0,1222,1,22,1,1,1598,1,5,631,0,0,1,0,1,46,3,0,0,1,1,1,1,1,1,1,1,1,1,0,0,0,0,0,0,0,0
41660036,0,92,990,10,179253,4,22,1,1,2199,0,7,470,0,0,1,6,1,42,2,0,0,1,0,1,1,1,1,1,1,1,1,0,1,0,0,1,1,1,1
41563637,0,95,3950,3,67185,1,22,1,1,3470,0,7,633,0,0,1,2,1,48,3,0,0,0,1,1,1,1,1,1,1,1,1,0,0,0,0,0,0,1,1
41547185,0,57,1920,7,122417,4,22,1,1,2199,0,9,823,0,0,1,3,1,46,2,0,0,0,1,1,1,1,1,1,1,1,1,0,0,0,0,0,0,1,1
41546151,0,51,2500,3,74665,1,22,5,1,1598,1,5,651,0,0,1,1,1,45,6,0,0,1,1,1,1,1,1,1,1,1,1,1,0,0,1,0,1,1,1
41658769,0,78,3150,4,54901,1,2,5,1,2497,1,5,238,0,0,1,0,1,47,3,0,0,0,1,1,1,1,1,1,1,1,1,0,0,0,0,0,0,0,0
41656884,0,56,4240,2,23838,3,22,8,1,1598,1,6,923,0,0,1,0,1,49,6,0,0,0,1,1,1,1,1,1,1,1,1,0,0,0,0,0,0,0,0
41260822,0,95,2180,5,103088,4,2,1,1,2151,0,9,619,0,0,1,1,1,37,1,0,0,0,1,1,1,1,1,1,1,1,1,0,0,0,0,0,0,1,1
41244670,0,31,2120,7,119026,1,2,1,1,3778,3,5,120,0,0,1,1,1,49,1,0,0,0,1,1,1,1,1,1,1,1,1,0,0,0,0,0,0,1,1
41265508,0,58,4360,2,19312,4,22,1,1,2151,0,9,691,0,0,1,0,1,46,3,0,0,0,1,1,1,1,1,1,1,1,1,0,0,0,0,0,0,0,0
41238817,0,12,2880,3,49612,3,22,1,1,1999,7,5,919,0,0,1,0,1,46,5,0,0,0,1,1,1,1,1,1,1,1,1,0,0,0,0,0,0,0,0
41064549,0,15,2690,5,47743,3,19,1,1,2359,3,5,9,0,0,1,0,1,49,5,0,0,0,1,1,1,1,1,1,1,1,1,0,0,0,0,0,0,0,0
41026768,0,36,1189,7,125612,0,22,13,1,1999,7,5,285,0,0,1,2,1,31,2,0,1,1,0,1,1,0,1,1,1,1,1,0,1,0,0,1,1,1,1
40813518,0,74,2240,4,118117,1,22,13,1,1598,1,5,299,0,0,1,0,1,39,5,0,0,1,1,1,1,1,1,1,1,1,1,0,0,0,0,0,0,0,0
39826854,0,94,590,12,78019,1,22,5,1,1591,4,5,569,0,0,1,2,1,30,0,0,0,0,0,1,1,1,1,1,1,0,1,0,0,0,0,0,0,1,1
41370184,0,14,2090,6,94360,4,22,1,1,2199,3,5,874,0,0,1,1,1,47,2,0,0,0,1,1,1,1,1,1,1,1,1,0,0,0,0,0,0,1,1
41360616,0,57,2350,7,123687,4,2,1,1,2199,0,7,521,0,0,1,0,1,46,0,0,0,0,1,1,1,1,1,1,1,1,1,0,0,0,0,0,0,0,0
41360696,0,66,1290,4,62086,1,22,1,1,998,2,5,971,0,0,1,4,1,33,3,0,0,0,0,1,1,1,1,1,1,1,1,1,0,0,1,0,1,1,1
41241759,0,58,3890,1,33580,4,2,1,1,2151,0,9,691,0,0,1,2,1,45,1,0,0,0,1,1,1,1,1,1,1,1,1,0,0,0,0,0,0,1,1
41241595,0,5,580,11,124061,1,22,14,1,1591,6,5,52,0,0,1,2,1,20,2,0,0,0,0,1,0,0,0,0,0,0,1,0,0,0,0,0,0,1,1
41225866,0,51,2870,1,9449,1,22,1,1,1598,1,5,867,0,0,1,0,1,44,5,0,0,0,1,1,1,1,1,1,1,1,1,0,0,0,0,0,0,0,0
41129047,0,95,2630,4,64872,4,22,1,1,2151,0,9,685,0,0,1,0,1,39,4,0,0,0,1,1,1,1,1,1,1,1,1,0,0,0,0,0,0,0,0
41052797,0,74,2640,4,90272,4,22,1,1,1998,1,5,426,0,0,1,4,1,44,2,0,0,0,1,1,1,1,1,1,1,1,1,1,0,0,1,0,1,1,1
41047523,0,68,4170,3,69490,4,2,1,1,2959,1,5,146,0,0,1,0,1,47,1,0,0,0,1,1,1,1,1,1,1,1,1,0,0,0,0,0,0,0,0
41073673,0,89,650,9,126927,1,22,8,1,998,2,5,735,0,0,1,1,1,27,2,0,0,0,0,1,1,0,1,1,1,0,1,0,0,0,0,0,0,1,1
41450335,0,50,1330,8,134424,4,2,1,1,2959,1,5,426,0,0,1,4,1,38,2,0,0,0,0,1,1,1,1,1,1,1,1,2,0,0,1,0,1,1,1
41436493,0,78,3220,4,62770,1,22,10,1,2497,1,6,15,0,0,1,0,1,46,2,0,0,0,1,1,1,1,1,1,1,1,1,0,0,0,0,0,0,0,0
41444468,0,43,5299,1,26843,1,19,10,1,3778,3,5,700,0,0,1,0,1,50,2,0,0,0,1,1,1,1,1,1,1,1,1,0,0,0,0,0,0,0,0
41428776,0,44,1520,3,24630,1,18,13,1,998,2,5,286,0,0,1,0,1,25,1,0,0,0,0,1,0,0,1,0,1,1,1,0,0,0,0,0,0,0,0
41427353,0,74,2140,3,107584,4,11,1,1,1998,1,5,678,0,0,1,1,1,28,1,0,0,0,1,1,0,0,1,0,1,0,1,0,0,0,0,0,0,1,1
41428727,0,75,2890,4,79721,3,2,1,1,1598,1,5,883,0,0,1,2,1,47,2,0,0,1,1,1,1,1,1,1,1,1,1,1,0,0,1,0,1,1,1
41588824,0,44,1730,2,18928,1,22,1,1,998,2,5,830,0,0,1,0,1,33,2,0,0,0,0,1,1,1,1,1,1,1,1,0,0,0,0,0,0,0,0
41576440,0,85,1350,7,81904,1,22,1,1,1598,6,5,175,0,0,1,1,1,32,2,0,0,0,0,1,1,1,1,1,1,1,1,0,0,0,0,0,0,1,1
41554730,0,86,1690,7,64292,1,2,1,1,2359,3,5,920,0,0,1,5,1,44,0,0,0,0,1,1,1,1,1,1,1,1,1,0,0,0,0,0,0,1,1
41552506,0,56,3730,2,40107,1,17,7,1,2497,1,5,825,0,0,1,2,1,49,2,0,0,0,1,1,1,1,1,1,1,1,1,0,0,0,0,0,0,1,1
41283487,0,12,9999,3,54550,3,2,8,1,1999,7,5,679,0,0,1,0,1,46,4,0,0,0,1,1,1,1,1,1,1,1,1,0,0,0,0,0,0,0,0
41612899,0,44,1350,3,38356,1,22,8,1,998,2,2,680,0,0,1,0,1,27,4,0,0,0,0,1,1,1,1,1,1,0,1,0,1,0,0,1,1,0,1
41283468,0,62,9999,4,40259,3,5,8,1,1580,1,5,679,0,0,1,6,1,44,3,0,0,0,1,1,1,1,1,1,1,1,1,0,2,0,0,1,1,1,1
41637855,0,95,3280,3,60820,4,2,8,1,2151,0,9,679,0,0,1,0,1,47,6,0,0,0,1,1,1,1,1,1,1,1,1,0,1,0,0,1,1,0,1
41575774,0,18,9999,4,110819,3,17,1,1,1598,3,5,156,0,0,1,0,1,48,2,0,0,0,1,1,1,1,1,1,1,1,1,0,0,0,0,0,0,0,0
41541457,0,69,1950,3,45605,1,22,8,1,1591,1,5,679,0,0,1,0,1,33,2,0,0,0,0,1,1,1,1,1,1,1,1,0,0,0,0,0,0,0,0
41637852,0,95,3800,3,62895,1,2,8,1,3470,0,9,680,0,0,1,1,1,50,2,0,0,0,1,1,1,1,1,1,1,1,1,0,2,0,0,1,1,1,1
41541451,0,95,3300,3,80712,4,22,8,1,2151,0,9,679,0,0,1,0,1,46,5,0,0,0,1,1,1,1,1,1,1,1,1,0,0,0,0,0,0,0,0
41550767,0,56,4260,2,28398,3,22,8,1,1598,1,6,679,0,0,1,1,1,49,5,0,0,1,1,1,1,1,1,1,1,1,1,0,1,0,0,1,1,1,1
40142577,0,93,380,12,252714,4,17,13,1,1685,0,5,341,0,0,1,1,1,23,0,0,0,0,0,1,1,0,0,0,1,0,1,0,0,0,0,0,0,1,1
40668502,0,42,1470,9,148852,1,2,8,1,3778,3,5,392,0,0,1,3,1,52,0,0,0,0,1,1,1,1,1,1,1,1,1,0,0,0,0,0,0,1,1
41026782,0,95,2899,5,110206,4,2,13,1,2151,0,9,285,0,0,1,0,1,47,5,0,0,1,1,1,1,1,1,1,1,1,1,2,0,0,1,0,1,0,1
41025124,0,78,2779,3,81496,3,22,1,1,1598,1,7,480,0,0,1,2,1,47,4,0,0,0,1,1,1,1,1,1,1,1,1,0,0,0,0,0,0,1,1
41019615,0,92,779,10,235603,4,22,5,1,2199,0,9,834,0,0,1,0,1,39,2,0,0,0,0,1,1,1,1,1,1,1,1,0,0,0,0,0,0,0,0
41262663,0,64,680,12,123943,1,18,7,1,998,2,5,104,0,0,1,6,1,23,0,0,0,0,0,1,1,0,1,1,1,0,1,0,0,0,0,0,0,1,1
41130857,0,40,3570,1,11821,1,14,8,1,2497,3,5,456,0,0,1,0,1,48,0,0,1,0,1,1,1,1,1,1,1,1,1,0,0,0,0,0,0,0,0
41124165,0,64,650,13,69218,1,8,1,1,998,2,5,976,0,0,1,4,1,30,1,0,0,0,0,1,1,1,1,1,1,0,1,5,0,0,1,0,1,1,1
41057342,0,9,9999,6,42272,1,22,1,1,1598,7,5,306,0,0,1,2,1,46,8,0,0,1,0,1,1,1,1,1,1,1,1,0,1,0,0,1,1,1,1
41238257,0,56,4099,1,5031,1,22,8,1,2497,1,7,70,0,0,1,0,1,48,2,0,0,0,1,1,1,1,1,1,1,1,1,0,0,0,0,0,0,0,0
41237632,0,74,2180,4,88898,1,2,1,1,1598,1,5,454,0,0,1,2,1,45,4,0,0,1,1,1,1,1,1,1,1,1,1,2,3,0,1,1,1,1,1
41398279,0,88,450,11,155452,1,18,5,1,998,2,5,715,0,0,1,0,1,26,2,0,0,0,0,1,1,1,0,1,1,0,1,0,0,0,0,0,0,0,0
38667654,0,42,1190,11,106598,1,17,1,1,5038,3,5,888,0,0,1,3,1,56,1,0,0,1,1,1,1,1,1,1,1,1,1,0,0,0,0,0,0,1,1
38733016,0,35,790,11,100205,1,11,5,1,1999,7,5,991,0,0,1,3,1,37,2,0,0,1,0,1,1,1,1,1,1,1,1,2,1,0,1,1,1,1,1
40553553,0,58,5550,2,22970,1,22,1,1,3470,0,9,782,0,0,1,0,1,52,3,0,0,0,1,1,1,1,1,1,1,1,1,0,0,0,0,0,0,0,0
40788732,0,88,329,14,123974,1,18,5,1,998,2,5,331,0,0,0,0,1,20,3,0,0,0,0,1,0,0,0,0,1,0,1,1,1,0,1,1,1,0,1
40789795,0,35,419,11,168526,1,2,10,1,1999,7,5,617,0,0,1,6,1,31,1,0,2,0,0,1,1,1,1,1,1,0,1,2,0,0,1,0,1,1,1
40850264,0,51,2390,3,89739,1,22,10,1,1598,1,5,444,0,0,1,3,1,45,6,0,0,0,1,1,1,1,1,1,1,1,1,3,0,0,1,0,1,1,1
41547841,0,75,2590,3,45469,3,17,10,1,1598,1,5,788,0,0,1,2,1,43,3,0,0,0,1,1,1,1,1,1,1,1,1,5,0,0,1,0,1,1,1
41550929,0,68,3700,4,93184,4,2,4,1,2959,1,5,682,0,0,1,0,1,46,0,0,0,0,1,1,1,1,1,1,1,1,1,0,1,0,0,1,1,0,1
41500442,0,88,410,11,103136,1,8,1,1,998,2,5,736,0,0,1,9,1,24,2,0,0,0,0,1,0,1,1,0,1,0,1,4,1,0,1,1,1,1,1
41495063,0,74,2180,4,83831,1,22,7,1,1598,1,5,684,0,0,1,2,1,34,4,0,0,0,1,1,1,1,1,1,1,0,1,0,0,0,0,0,0,1,1
41468612,0,95,3550,3,58780,4,22,1,1,2151,0,9,419,0,0,1,0,1,49,7,0,0,0,1,1,1,1,1,1,1,1,1,0,0,0,0,0,0,0,0
41322782,0,17,2700,4,88901,1,2,6,1,2497,3,5,237,0,0,1,0,1,49,4,0,1,0,1,1,1,1,1,1,1,1,1,0,0,0,0,0,0,0,0
40388788,0,92,690,10,230136,4,2,6,1,2199,0,9,270,0,0,1,4,1,36,2,0,0,0,0,1,1,1,1,1,1,1,1,2,0,0,1,0,1,1,1
40340785,0,58,3100,2,105292,2,22,1,1,3470,0,7,900,0,0,1,1,1,49,0,0,0,0,1,1,1,1,1,1,1,1,1,4,1,0,1,1,1,1,1
40333177,0,92,995,10,169701,4,17,2,1,2199,0,9,595,0,0,1,3,1,42,3,0,0,1,0,1,1,1,1,1,1,1,1,0,0,0,0,0,0,1,1
39938251,0,67,490,18,238513,4,22,10,1,2959,1,7,788,0,0,0,0,1,22,0,0,5,0,0,1,1,0,1,1,1,0,1,1,3,0,1,1,1,0,1
39995305,0,17,2300,4,49620,1,19,1,1,2497,3,5,634,0,0,1,1,1,50,6,0,0,1,1,1,1,1,1,1,1,1,1,0,0,0,0,0,0,1,1
40212857,0,17,3174,4,69000,0,2,1,1,3470,3,5,314,0,0,0,0,0,34,3,3,0,0,1,1,1,1,1,1,1,0,1,0,0,0,0,0,0,0,0
39942379,0,57,1820,7,84604,4,2,1,1,2199,0,7,130,0,0,1,8,1,43,1,0,0,0,1,1,1,1,1,1,1,1,1,2,1,0,1,1,1,1,1
39897329,0,14,1490,6,115426,1,17,2,1,2497,3,5,99,0,0,1,15,1,47,3,0,0,0,1,1,1,1,1,1,1,1,1,9,1,0,1,1,1,1,1
40277077,0,90,930,10,145791,4,11,1,1,1995,1,5,55,0,0,1,8,1,31,1,0,0,0,0,1,1,1,1,1,1,0,1,7,0,0,1,0,1,1,1
39553964,0,86,1450,9,97768,1,22,8,1,2359,3,5,648,0,0,1,0,1,42,1,0,0,0,1,1,1,1,1,1,1,1,1,0,0,0,0,0,0,0,0
39340221,0,96,620,13,169205,4,2,1,1,2199,0,9,533,0,0,1,11,1,29,0,0,0,0,0,1,1,1,0,1,1,0,1,0,0,0,0,0,0,1,1
39542030,0,95,4000,3,57106,1,2,1,1,3470,0,7,210,0,0,1,0,1,50,2,0,0,0,1,1,1,1,1,1,1,1,1,0,0,0,0,0,0,0,0
38678569,0,69,1770,6,53015,1,19,10,1,1591,1,5,924,0,0,1,3,1,44,5,0,0,1,1,1,1,1,1,1,1,1,1,4,1,0,1,1,1,1,1
40807060,0,88,420,14,91057,1,22,2,1,998,2,5,857,0,0,1,3,1,23,2,0,0,0,0,1,1,0,1,1,1,0,1,1,0,0,1,0,1,1,1
40787573,0,75,2640,2,56766,3,22,1,1,1598,1,5,601,0,0,1,4,1,46,1,0,0,1,1,1,1,1,1,1,1,1,1,7,4,0,1,1,1,1,1
40811706,0,74,2275,4,110743,1,22,10,1,1598,1,5,753,0,0,1,0,1,39,5,0,0,1,1,1,1,1,1,1,1,1,1,0,0,0,0,0,0,0,0
40762480,0,55,1700,8,102138,4,2,10,1,2199,1,5,721,0,0,1,2,1,46,1,0,0,0,1,1,1,1,1,1,1,1,1,0,0,0,0,0,0,1,1
40797980,0,78,2990,5,64184,3,19,8,1,1598,1,5,103,0,1,1,0,1,48,0,0,2,1,1,1,1,1,1,1,1,1,1,0,0,0,0,0,0,0,0
40748462,0,67,1090,12,179501,4,2,5,1,2959,1,7,593,0,0,1,3,1,44,1,0,0,1,0,1,1,1,1,1,1,1,1,0,0,0,0,0,0,1,1
40745720,0,88,420,14,127605,2,18,5,1,998,2,5,430,0,0,1,7,1,28,4,0,0,0,0,1,1,0,1,1,1,0,1,4,1,0,1,1,1,1,1
40212999,0,40,4066,1,3500,0,22,1,1,3470,3,5,314,0,0,0,0,0,48,0,3,0,1,1,1,1,1,1,1,1,1,1,0,0,0,0,0,0,0,0
39892185,0,8,790,9,170732,0,22,7,1,1999,7,5,1000,0,0,1,5,1,25,0,0,2,0,0,1,1,0,1,0,1,0,1,2,0,0,1,0,1,1,1
39465740,0,92,1460,9,100117,4,2,10,1,2199,0,7,1002,0,0,1,5,1,46,3,0,0,1,0,1,1,1,1,1,1,1,1,0,0,0,0,0,0,1,1
39369186,0,41,4280,1,3866,3,22,5,1,1598,3,5,597,0,0,1,0,1,48,3,0,0,0,1,1,1,1,1,1,1,1,1,0,0,0,0,0,0,0,0
40806057,0,47,1200,8,48964,1,22,13,1,998,2,5,720,0,0,1,1,1,30,3,0,0,0,0,1,1,1,1,1,1,0,1,0,0,0,0,0,0,1,1
40812825,0,55,1650,7,122872,4,17,7,1,1995,1,5,140,0,0,1,1,1,41,2,0,0,0,1,1,1,1,1,1,1,1,1,1,0,0,1,0,1,1,1
40798032,0,68,4250,5,58804,4,22,13,1,2959,1,7,870,0,0,0,0,1,47,2,0,0,0,1,1,1,1,1,1,1,1,1,0,0,0,0,0,0,0,0
40805332,0,56,4160,2,19108,3,22,8,1,1598,1,5,126,0,0,1,0,1,50,4,0,0,0,1,1,1,1,1,1,1,1,1,0,0,0,0,0,0,0,0
41588558,0,1,3890,0,6539,5,13,1,1,237,6,5,69,0,0,1,3,1,44,0,0,1,0,1,1,1,1,1,1,1,1,1,3,3,0,1,1,1,1,1
41650255,0,86,980,10,142626,1,19,7,1,3342,3,5,462,0,0,1,3,1,44,1,0,0,0,0,1,1,1,1,1,1,1,1,3,0,0,1,0,1,1,1
41660458,0,74,612,2,41276,0,22,8,1,1999,1,5,314,0,0,1,0,0,26,2,0,0,0,1,1,0,0,0,0,0,0,1,0,0,0,0,0,0,0,0
41660250,0,9,1750,6,210660,1,17,10,1,1999,7,5,218,0,0,1,0,1,48,5,0,1,1,1,1,1,1,1,1,1,1,1,0,0,0,0,0,0,0,0
41658694,0,44,324,0,8,1,22,8,1,998,2,5,314,0,0,1,0,0,28,1,0,0,0,0,1,1,1,1,0,1,1,1,0,0,0,0,0,0,0,0
41647129,0,74,2599,4,81847,4,2,1,1,1998,1,5,9,0,0,1,1,1,43,3,0,0,0,1,1,1,1,1,1,1,1,1,0,0,0,0,0,0,1,1
41640647,0,95,1392,3,46187,4,22,1,1,2151,0,9,314,0,0,1,0,0,43,2,0,0,0,1,1,1,1,1,0,1,1,1,0,0,0,0,0,0,0,0
41640339,0,74,2390,4,139941,4,2,10,1,1998,1,5,639,0,0,1,2,1,47,2,0,0,1,1,1,1,1,1,1,1,1,1,1,0,0,1,0,1,1,1
41639692,0,78,3230,4,52807,3,22,7,1,1598,1,5,684,0,0,1,2,1,47,4,0,0,0,1,1,1,1,1,1,1,1,1,0,0,0,0,0,0,1,1
41631348,0,44,1740,3,13586,1,22,5,1,998,2,5,596,0,0,1,0,1,34,3,0,0,0,0,1,1,1,1,1,1,1,1,0,0,0,0,0,0,0,0
41624826,0,30,1550,2,174748,5,11,1,1,180,1,5,461,0,0,1,0,1,40,2,0,0,0,1,1,1,1,1,1,1,1,1,2,1,0,1,1,1,0,1
41621820,0,9,2290,5,29633,1,22,5,1,1999,7,5,839,0,0,1,1,1,39,3,0,0,0,1,1,1,1,1,1,1,1,1,0,0,0,0,0,0,1,1
41616948,0,27,250,18,178659,0,2,1,1,1998,0,7,903,0,0,1,2,1,19,0,0,0,0,0,0,1,0,0,1,1,0,1,0,0,0,0,0,0,1,1
41607479,0,3,2950,4,91349,5,2,1,1,111,6,5,343,0,0,1,0,1,46,1,0,0,0,1,1,1,1,1,1,1,1,1,0,0,0,0,0,0,0,0
41606252,0,5,480,12,108424,1,14,12,1,1591,6,5,355,0,0,1,4,1,22,0,0,1,0,0,0,1,0,0,1,1,0,1,1,0,0,1,0,1,1,1
41606708,0,9,1590,5,76023,0,22,4,1,1999,7,5,268,0,0,1,5,1,37,4,0,0,0,1,1,1,1,1,1,1,1,1,3,0,0,1,0,1,1,1
41605089,0,17,2480,4,35814,1,2,1,1,2497,3,5,922,0,0,1,0,1,38,0,0,0,0,1,1,1,1,1,0,1,1,1,0,0,0,0,0,0,0,0
41604849,0,86,990,9,159297,1,17,14,1,3342,3,5,472,0,0,1,7,1,50,1,0,0,0,1,1,1,1,1,1,1,1,1,2,0,0,1,0,1,1,1
41604593,0,37,3080,2,25632,1,17,1,1,1999,7,5,246,0,0,1,0,1,41,2,0,0,0,1,1,1,1,1,1,1,1,1,0,0,0,0,0,0,0,0
41592422,0,14,2790,6,48735,1,2,5,1,2999,3,5,569,0,0,1,1,1,50,6,0,0,1,1,1,1,1,1,1,1,1,1,0,0,0,0,0,0,1,1
41593109,0,12,1750,6,102426,3,17,1,1,1999,7,5,453,0,0,1,0,1,38,2,0,0,0,1,1,1,1,1,1,1,1,1,0,0,0,0,0,0,0,0
41626836,0,69,1900,3,45444,1,22,1,1,1591,1,5,156,0,0,1,0,1,28,2,0,0,0,0,1,1,1,1,1,1,0,1,0,1,0,0,1,1,0,1
41626333,0,14,2150,6,148102,1,22,1,1,2497,3,5,235,0,0,1,3,1,49,6,0,0,1,1,1,1,1,1,1,1,1,1,0,0,0,0,0,0,1,1
41603780,0,64,699,12,136591,1,22,1,1,998,2,5,874,0,0,1,3,1,30,1,0,0,0,0,1,1,1,1,1,1,0,1,2,0,0,1,0,1,1,1
41626229,0,95,2330,5,90586,4,22,1,1,2151,0,9,619,0,0,1,2,1,38,5,0,0,0,1,1,1,1,1,1,1,1,1,0,1,0,0,1,1,1,1
41645832,0,72,7777,5,77400,1,8,1,1,2497,7,5,732,0,0,1,2,1,49,4,0,0,1,1,1,1,1,1,1,1,1,1,0,0,0,0,0,0,1,1
40991660,0,89,510,9,171398,1,2,1,1,998,2,5,504,0,0,1,2,1,24,1,0,0,0,0,1,0,0,1,0,1,0,1,0,0,0,0,0,0,1,1
40991567,0,58,3200,1,73369,4,22,1,1,2151,0,9,883,0,0,1,0,1,46,3,0,0,0,1,1,1,1,1,1,1,1,1,0,3,0,0,1,1,0,1
41460956,0,78,2900,4,107492,4,22,7,1,2151,1,6,734,0,0,1,0,1,47,4,0,0,0,1,1,1,1,1,1,1,1,1,0,0,0,0,0,0,0,0
41501382,0,78,2850,5,62440,3,22,1,1,1598,1,5,82,0,0,1,3,1,43,2,0,0,0,1,1,1,1,1,1,1,1,1,1,1,0,1,1,1,1,1
41395617,0,56,4350,2,55362,1,22,4,1,2497,1,6,526,0,0,1,0,1,50,7,0,0,1,1,1,1,1,1,1,1,1,1,0,0,0,0,0,0,0,0
41400619,0,95,3020,5,84287,1,22,1,1,3470,0,7,208,0,0,1,0,1,50,7,0,0,1,1,1,1,1,1,1,1,1,1,0,0,0,0,0,0,0,0
41453998,0,95,7777,5,120060,4,2,1,1,2151,0,9,156,0,0,1,4,1,46,3,0,0,0,1,1,1,1,1,1,1,1,1,1,0,0,1,0,1,1,1
41416822,0,36,1019,7,153950,1,22,1,1,1591,7,5,799,0,0,1,4,1,32,1,0,0,0,1,1,1,0,1,0,1,0,1,2,0,0,1,0,1,1,1
41384548,0,50,1420,8,152712,4,19,8,1,2959,1,7,90,0,0,1,2,1,40,1,0,0,0,0,1,1,1,1,1,1,1,1,1,0,0,1,0,1,1,1
40916802,0,78,2899,5,74342,4,2,1,1,2151,1,5,920,0,0,1,0,1,48,4,0,0,1,1,1,1,1,1,1,1,1,1,0,0,0,0,0,0,0,0
40916991,0,78,2299,5,142456,4,2,1,1,2151,1,5,920,0,0,1,3,1,49,6,0,0,1,1,1,1,1,1,1,1,1,1,1,0,0,1,0,1,1,1
41389208,0,39,630,13,140872,1,2,7,1,2999,3,5,615,0,0,1,3,1,41,0,0,0,0,0,1,1,1,1,1,1,1,1,0,0,0,0,0,0,1,1
40881989,0,15,2399,6,97672,3,2,1,1,2359,3,5,882,0,0,1,2,1,49,5,0,0,0,1,1,1,1,1,1,1,1,1,0,0,0,0,0,0,1,1
40870847,0,88,440,11,101710,1,18,10,1,998,2,5,721,0,0,1,3,1,20,0,0,0,0,0,1,0,0,0,0,1,0,1,0,0,0,0,0,0,1,1
40877498,0,57,1570,7,157179,4,2,5,1,2199,0,9,418,0,0,1,5,1,46,2,0,0,0,1,1,1,1,1,1,1,1,1,1,0,0,1,0,1,1,1
40869304,0,35,880,12,50755,1,22,5,1,1999,7,5,684,0,0,1,4,1,32,3,0,0,1,0,1,1,1,1,1,1,0,1,0,0,0,0,0,0,1,1
40867410,0,66,780,5,40285,1,22,13,1,998,2,2,757,0,0,1,1,1,14,0,0,0,0,0,1,0,0,0,0,0,0,0,0,0,0,0,0,0,1,1
40853315,0,69,2500,3,57368,1,17,1,1,1591,1,5,636,0,0,1,0,1,40,2,0,0,0,1,1,1,1,1,1,1,1,1,0,0,0,0,0,0,0,0
40823772,0,31,1650,7,247551,1,2,9,1,3778,3,5,794,0,0,1,6,1,50,0,0,0,0,1,1,1,1,1,1,1,1,1,4,0,0,1,0,1,1,1
40864841,0,74,2450,4,108452,4,22,10,1,1998,1,5,789,0,0,1,0,1,38,3,0,0,0,1,1,1,1,1,1,1,1,1,0,0,0,0,0,0,0,0
40815018,0,32,3790,1,51756,5,22,10,1,120,7,5,921,0,0,1,0,1,47,1,0,0,0,1,1,1,1,1,1,1,1,1,1,0,0,1,0,1,0,1
41126581,0,57,1020,7,188147,4,2,10,1,2199,0,9,102,0,0,1,0,1,34,2,0,0,0,0,1,1,1,1,1,1,1,1,1,0,0,1,0,1,0,1
41132059,0,74,2650,4,45421,4,2,8,1,1998,1,5,683,0,0,1,2,1,43,4,0,0,0,1,1,1,1,1,1,1,1,1,0,0,0,0,0,0,1,1
41129354,0,95,2599,5,130181,1,22,6,1,3470,0,7,983,0,0,1,1,1,46,4,0,0,0,1,1,1,1,1,1,1,1,1,0,0,0,0,0,0,1,1
41126294,0,79,680,15,139790,4,17,1,1,1995,1,7,55,0,0,1,3,1,37,0,0,2,0,0,1,1,1,1,1,1,1,1,0,0,0,0,0,0,1,1
41056302,0,64,480,14,163178,1,4,1,1,998,2,5,631,0,0,1,7,1,25,1,0,0,0,0,1,1,0,0,1,1,0,1,3,0,0,1,0,1,1,1
41120524,0,74,2050,4,79888,4,11,10,1,1998,1,5,438,0,0,1,2,1,28,1,0,0,0,1,1,0,0,1,0,1,0,1,0,0,0,0,0,0,1,1
41091159,0,41,3206,0,759,3,2,8,1,1598,3,5,314,0,0,1,0,0,47,0,0,0,0,1,1,1,1,1,1,1,1,1,0,0,0,0,0,0,0,0
40996162,0,72,1690,5,169277,1,22,5,1,2497,7,5,614,0,0,0,0,1,48,3,0,0,0,1,1,1,1,1,1,1,1,1,1,1,0,1,1,1,0,1
40943698,0,31,1930,7,154901,1,17,6,1,3778,3,5,417,0,0,1,1,1,49,0,0,0,0,1,1,1,1,1,1,1,1,1,0,0,0,0,0,0,1,1
40937064,0,74,3200,2,11981,1,22,1,1,1598,1,5,34,0,0,1,0,1,45,2,0,0,0,1,1,1,1,1,1,1,1,1,0,0,0,0,0,0,0,0
40934909,0,68,4140,5,41728,4,2,5,1,2959,1,7,323,0,0,1,0,1,48,4,0,0,1,1,1,1,1,1,1,1,1,1,0,0,0,0,0,0,0,0
40923034,0,68,3740,5,85832,4,2,5,1,2959,1,7,323,0,0,1,0,1,48,4,0,0,1,1,1,1,1,1,1,1,1,1,0,0,0,0,0,0,0,0
40922936,0,9,1860,5,112332,1,2,10,1,1598,7,5,912,0,0,1,3,1,41,3,0,1,0,1,1,1,1,1,1,1,1,1,1,0,0,1,0,1,1,1
40922604,0,69,2090,4,94096,1,22,10,1,1591,1,5,789,0,0,1,0,1,40,2,0,0,0,1,1,1,1,1,1,1,1,1,0,0,0,0,0,0,0,0
41223921,0,74,2980,3,50067,1,22,1,1,1598,1,5,117,0,0,1,0,1,46,2,0,0,0,1,1,1,1,1,1,1,1,1,0,0,0,0,0,0,0,0
41228980,0,75,2710,4,50003,3,17,10,1,1598,1,5,788,0,0,1,4,1,39,3,0,0,0,1,1,1,1,1,1,1,1,1,5,0,0,1,0,1,1,1
41201825,0,5,640,12,113260,4,19,1,1,1582,6,5,544,0,0,1,0,1,37,5,0,0,1,0,1,1,1,1,1,1,1,1,0,0,0,0,0,0,0,0
40544710,0,31,3280,5,54471,1,2,14,1,3778,3,5,416,0,0,1,2,1,49,1,0,0,0,1,1,1,1,1,1,1,1,1,0,0,0,0,0,0,1,1
40672167,0,34,1580,4,53284,1,17,2,1,1598,6,5,938,0,0,1,4,1,33,1,0,0,0,0,1,1,1,1,1,1,1,1,3,0,0,1,0,1,1,1
40504163,0,88,390,13,156365,2,17,5,1,998,2,5,442,0,0,1,0,1,20,2,0,0,0,0,1,0,0,0,0,1,0,1,1,1,0,1,1,1,0,1
40487503,0,7,550,14,99339,1,22,8,1,1998,7,5,349,0,0,1,7,1,27,2,0,0,0,0,1,1,1,1,1,1,0,1,1,0,0,1,0,1,1,1
40478085,0,44,1440,3,23884,1,18,1,1,998,2,5,570,0,0,1,2,0,34,3,0,0,0,0,1,1,1,1,1,1,1,1,0,0,0,0,0,0,1,1
40429977,0,5,580,12,88654,1,19,8,1,1591,6,5,349,0,0,1,5,1,28,1,0,1,1,0,1,1,1,0,1,1,0,1,0,3,0,0,1,1,1,1
40902344,0,74,2399,4,90926,1,22,8,1,1598,1,5,262,0,0,1,1,1,42,1,0,0,0,1,1,1,1,1,0,1,1,1,0,0,0,0,0,0,1,1
40905698,0,86,1450,7,95126,1,2,8,1,2359,3,5,262,0,0,1,9,1,48,3,0,0,1,1,1,1,1,1,1,1,1,1,1,0,0,1,0,1,1,1
41010419,0,14,1800,6,149881,0,2,1,1,2999,3,5,114,0,0,1,0,1,44,1,0,0,0,1,1,1,1,1,1,1,1,1,0,0,0,0,0,0,0,0
40983151,0,46,1450,4,136847,3,17,8,1,1580,1,5,415,0,1,1,0,1,26,1,0,0,0,0,1,1,1,0,1,0,0,1,0,0,0,0,0,0,0,0
40927827,0,24,240,17,97250,1,2,1,1,999,2,5,115,0,0,1,7,1,12,0,0,0,0,0,1,1,0,0,0,1,0,1,2,0,0,1,0,1,1,1
40927266,0,85,950,7,110764,1,22,1,1,1598,6,5,861,0,0,1,4,1,35,2,0,0,0,0,1,1,0,1,1,1,1,1,4,2,0,1,1,1,1,1
41225612,0,75,3440,2,20867,3,22,1,1,1598,1,5,117,0,0,1,0,1,46,3,0,0,0,1,1,1,1,1,1,1,1,1,0,0,0,0,0,0,0,0
41214988,0,86,990,10,95603,1,17,1,1,3342,3,5,601,0,0,1,5,1,44,3,0,1,1,0,1,1,1,1,1,1,1,1,4,1,0,1,1,1,1,1
41226664,0,47,1350,5,34771,1,22,13,1,998,2,5,485,0,0,1,2,1,31,5,0,0,0,0,1,1,1,1,1,1,0,1,0,0,0,0,0,0,1,1
41223935,0,9,2050,5,91109,1,17,10,1,1999,7,5,949,0,0,1,0,1,45,2,0,0,0,1,1,1,1,1,1,1,1,1,0,0,0,0,0,0,0,0
41198017,0,78,2888,5,84713,4,22,1,1,2151,1,7,498,0,0,1,2,1,48,6,0,0,1,1,1,1,1,1,1,1,1,1,0,0,0,0,0,0,1,1
41179333,0,58,3599,1,15992,4,2,1,1,2151,0,9,874,0,0,1,0,1,39,1,0,0,0,1,1,1,1,1,1,1,1,1,0,0,0,0,0,0,0,0
41285519,0,95,3790,3,36681,1,2,1,1,3470,0,9,245,0,0,1,3,1,49,2,0,1,0,1,1,1,1,1,1,1,1,1,3,1,0,1,1,1,1,1
41285761,0,88,520,11,64825,1,8,10,1,998,2,5,554,0,0,1,3,1,26,3,0,0,0,0,1,1,1,0,1,1,0,1,0,1,0,0,1,1,1,1
41287992,0,95,3750,3,60757,4,2,1,1,2151,0,9,636,0,0,1,0,1,50,8,0,0,1,1,1,1,1,1,1,1,1,1,0,0,0,0,0,0,0,0
41280597,0,74,2330,4,56087,1,22,1,1,1598,1,5,454,0,0,1,1,1,39,5,0,0,1,1,1,1,1,1,1,1,1,1,2,0,0,1,0,1,1,1
41279786,0,57,1490,7,148930,4,17,1,1,2199,0,9,431,0,0,1,0,1,46,1,0,0,0,1,1,1,1,1,1,1,1,1,0,0,0,0,0,0,0,0
41279398,0,31,1990,6,131744,1,2,1,1,3778,3,5,636,0,0,1,6,1,49,0,0,0,0,1,1,1,1,1,1,1,1,1,1,0,0,1,0,1,1,1
41278672,0,9,1750,5,76499,1,19,8,1,1999,7,5,258,0,0,1,0,1,33,3,0,0,0,1,1,1,1,1,1,1,0,1,0,0,0,0,0,0,0,0
41262574,0,74,2330,3,65756,1,22,1,1,1598,1,5,454,0,0,1,0,1,38,2,0,0,0,1,1,1,1,1,1,1,1,1,0,0,0,0,0,0,0,0
41255383,0,95,2870,4,78371,4,22,1,1,2151,0,9,930,0,0,1,1,1,44,1,0,0,0,1,1,1,1,1,1,1,1,1,1,2,0,1,1,1,1,1
41254216,0,68,4390,4,43223,4,2,1,1,2959,1,5,502,0,0,1,0,1,48,3,0,0,1,1,1,1,1,1,1,1,1,1,0,0,0,0,0,0,0,0
41246902,0,74,2300,4,109082,1,22,1,1,1598,1,5,198,0,0,1,3,1,45,2,0,0,0,1,1,1,1,1,1,1,1,1,3,2,0,1,1,1,1,1
41233473,0,9,2070,6,76884,1,17,7,1,1598,7,5,908,0,0,1,3,1,42,4,0,0,0,1,1,1,1,1,1,1,1,1,0,0,0,0,0,0,1,1
41237871,0,3,2550,4,133589,5,22,4,1,111,6,5,105,0,0,1,0,1,40,2,0,0,1,1,1,1,1,1,1,1,1,1,0,0,0,0,0,0,0,0
41191199,0,68,3550,2,73081,4,2,10,1,2959,1,5,215,0,0,1,0,1,48,2,0,0,1,1,1,1,1,1,1,1,1,1,9,1,0,1,1,1,0,1
41189741,0,74,2880,4,81943,1,2,1,1,1598,1,5,502,0,0,1,0,1,47,5,0,0,1,1,1,1,1,1,1,1,1,1,0,0,0,0,0,0,0,0
41186958,0,68,4170,5,41445,4,2,1,1,2959,1,5,655,0,0,1,0,1,47,1,0,0,0,1,1,1,1,1,1,1,1,1,0,0,0,0,0,0,0,0
41182313,0,68,4390,4,61244,4,2,14,1,2959,1,7,52,0,0,1,5,1,48,3,0,0,1,1,1,1,1,1,1,1,1,1,0,1,0,0,1,1,1,1
41285504,0,57,1290,7,164276,4,2,1,1,2199,0,9,245,0,0,1,1,1,39,1,0,0,0,0,1,1,1,1,1,1,1,1,0,4,0,0,1,1,1,1
41279686,0,76,700,13,105582,4,22,8,1,1995,1,5,933,0,0,1,11,1,34,0,0,1,0,0,1,1,1,1,1,1,1,1,0,2,0,0,1,1,1,1
41270882,0,92,799,8,199046,4,2,1,1,2199,0,9,995,0,0,1,8,1,35,2,0,0,0,0,1,1,1,1,1,1,1,1,2,1,0,1,1,1,1,1
41275501,0,85,1080,5,109763,1,17,1,1,1598,6,5,577,0,0,1,3,1,35,2,0,0,0,0,1,1,1,1,1,1,1,1,2,0,0,1,0,1,1,1
40919055,0,95,2450,3,112705,4,2,10,1,2151,0,9,281,0,0,1,0,1,39,3,0,0,0,1,1,1,1,1,1,1,1,1,0,0,0,0,0,0,0,0
40893201,0,68,5990,4,22541,4,2,1,1,2959,1,5,55,0,0,1,0,1,48,2,0,0,1,1,1,1,1,1,1,1,1,1,0,0,0,0,0,0,0,0
40879900,0,67,950,13,88030,4,11,1,1,2959,1,7,447,0,0,1,3,1,42,1,0,1,1,0,1,0,1,0,1,1,1,1,1,0,0,1,0,1,1,1
40877765,0,9,2270,6,64228,1,22,3,1,1598,7,5,657,0,0,1,3,1,47,9,0,0,1,1,1,1,1,1,1,1,1,1,0,0,0,0,0,0,1,1
40705255,0,37,2400,1,10000,1,2,10,1,1999,7,5,314,0,0,1,0,0,35,3,0,0,0,1,1,1,0,1,1,1,1,1,0,0,0,0,0,0,0,0
40648090,0,41,4950,1,6215,3,17,1,1,1598,3,5,235,0,0,1,0,1,52,6,0,0,1,1,1,1,1,1,1,1,1,1,0,0,0,0,0,0,0,0
40578244,0,24,210,16,141557,0,22,13,1,999,2,5,728,0,0,1,6,1,8,0,0,0,0,0,0,0,0,0,0,0,0,1,4,0,0,1,0,1,1,1
40813283,0,75,2880,4,98469,3,22,6,1,1598,1,5,983,0,0,1,1,1,47,4,0,0,1,1,1,1,1,1,1,1,1,1,1,0,0,1,0,1,1,1
40916505,0,72,2900,4,49871,1,22,5,1,2497,7,5,684,0,0,1,4,1,49,4,0,0,1,1,1,1,1,1,1,1,1,1,2,0,0,1,0,1,1,1
40893691,0,68,2700,5,125705,4,2,10,1,2959,1,5,694,0,0,1,1,1,48,2,0,0,1,1,1,1,1,1,1,1,1,1,1,0,0,1,0,1,1,1
40865039,0,69,1450,4,124159,4,22,10,1,1598,1,5,789,0,0,1,1,1,24,1,0,0,0,0,1,0,0,1,0,1,0,1,0,0,0,0,0,0,1,1
41088256,0,17,2520,4,70162,1,4,1,1,2497,3,5,498,0,0,1,4,1,51,6,0,0,0,1,1,1,1,1,1,1,1,1,3,2,0,1,1,1,1,1
40853194,0,74,2650,4,66537,1,2,8,1,1598,1,5,256,0,0,1,5,1,45,1,0,0,0,1,1,1,1,1,1,1,1,1,1,0,0,1,0,1,1,1
40989417,0,58,4750,1,15157,4,22,1,1,2151,0,7,886,0,0,1,2,1,51,6,0,0,0,1,1,1,1,1,1,1,1,1,0,2,0,0,1,1,1,1
41085700,0,92,1590,8,23456,4,2,8,1,2199,0,9,256,0,0,1,2,1,31,0,0,0,0,0,1,0,0,1,0,1,1,1,0,0,0,0,0,0,1,1
40453855,0,72,3360,3,26846,1,8,10,1,2497,7,5,912,0,0,1,0,1,46,2,0,0,0,1,1,1,1,1,1,1,1,1,0,0,0,0,0,0,0,0
40883744,0,68,3860,5,55842,4,2,1,1,2959,1,6,502,0,0,1,1,1,49,4,0,0,1,1,1,1,1,1,1,1,1,1,0,0,0,0,0,0,1,1
40877324,0,81,1020,8,74582,5,22,10,1,80,6,5,57,0,0,1,3,1,26,0,0,0,0,0,1,1,1,1,0,1,0,0,0,0,0,0,0,0,1,1
40866908,0,62,2570,4,39390,3,5,1,1,1580,1,5,972,0,0,1,0,1,37,1,0,0,0,0,1,1,1,1,1,1,1,1,0,0,0,0,0,0,0,0
40095312,0,64,780,13,76766,1,17,1,1,998,2,5,799,0,0,1,1,1,28,1,0,0,0,0,1,1,1,1,0,1,0,1,1,0,0,1,0,1,1,1
39931669,0,15,1770,6,108498,3,17,1,1,2359,3,5,619,0,0,1,6,1,40,0,0,0,0,1,1,1,1,1,1,1,1,1,3,1,0,1,1,1,1,1
40666209,0,95,3980,4,79152,1,2,7,1,3470,0,4,163,0,0,1,3,1,50,2,0,0,0,1,1,1,1,1,1,1,1,1,0,0,0,0,0,0,1,1
41302564,0,95,2270,5,172044,4,17,1,1,2151,0,9,920,0,0,1,1,1,47,4,0,0,0,1,1,1,1,1,1,1,1,1,1,0,0,1,0,1,1,1
41275306,0,56,3490,2,39171,1,5,1,1,2497,1,5,920,0,0,1,1,1,47,0,0,0,0,1,1,1,1,1,1,1,1,1,0,0,0,0,0,0,1,1
41284802,0,76,550,14,114399,4,22,1,1,1995,1,5,920,0,0,1,5,1,35,0,0,0,0,0,1,1,1,1,1,1,1,1,2,0,0,1,0,1,1,1
41285698,0,3,3210,4,99217,5,22,1,1,111,6,5,502,0,0,1,0,1,45,2,0,0,0,1,1,1,1,1,1,1,1,1,0,0,0,0,0,0,0,0
40738127,0,8,970,8,102352,4,22,1,1,1685,7,5,920,0,0,1,1,1,32,2,0,0,0,0,1,1,0,1,1,1,0,1,0,1,0,0,1,1,1,1
41272698,0,95,2640,3,85141,4,2,10,1,2151,0,9,100,0,0,1,1,1,38,2,0,0,0,1,1,1,1,1,1,1,1,1,1,0,0,1,0,1,1,1
41131457,0,69,2040,5,55912,1,22,10,1,1591,1,5,322,0,0,1,0,1,39,3,0,0,0,1,1,1,1,1,1,1,1,1,1,0,0,1,0,1,0,1
41126332,0,56,5880,0,45,4,22,8,1,2151,1,5,256,0,0,1,0,1,50,3,0,0,1,1,1,1,1,1,1,1,1,1,0,0,0,0,0,0,0,0
41249833,0,95,2300,4,65003,4,2,1,1,2151,0,9,662,0,0,1,0,1,32,0,0,0,0,1,1,1,0,1,0,1,1,1,0,0,0,0,0,0,0,0
41218593,0,95,3390,4,47791,4,2,8,1,2151,0,9,257,0,0,1,0,1,50,5,0,0,1,1,1,1,1,1,1,1,1,1,0,0,0,0,0,0,0,0
41224798,0,9,2290,6,33667,1,17,7,1,1999,7,5,684,0,0,1,0,1,46,3,0,0,0,1,1,1,1,1,1,1,1,1,0,1,0,0,1,1,0,1
41222906,0,68,5299,2,13500,4,2,8,1,2959,1,6,266,0,0,1,0,1,49,3,0,0,1,1,1,1,1,1,1,1,1,1,0,0,0,0,0,0,0,0
41315181,0,95,2200,5,100520,4,2,10,1,2151,0,9,28,0,0,1,1,1,37,2,0,0,0,1,1,1,1,1,1,1,1,1,2,0,0,1,0,1,1,1
41307658,0,9,1930,6,109628,1,22,7,1,1598,7,5,615,0,0,1,6,1,45,7,0,0,1,1,1,1,1,1,1,1,1,1,2,0,0,1,0,1,1,1
41283842,0,74,2850,4,57269,1,2,10,1,1598,1,5,101,0,0,1,1,1,47,3,0,0,1,1,1,1,1,1,1,1,1,1,0,0,0,0,0,0,1,1
41242589,0,3,3630,3,71444,5,22,1,1,111,6,5,502,0,0,1,1,1,46,4,0,0,0,1,1,1,1,1,1,1,1,1,0,0,0,0,0,0,1,1
40989943,0,62,3330,1,8110,3,22,8,1,1580,1,5,80,0,0,1,0,1,46,3,0,0,0,1,1,1,1,1,1,1,1,1,0,0,0,0,0,0,0,0
40928003,0,35,670,12,177462,1,2,1,1,1999,7,5,115,0,0,1,6,1,37,2,0,0,0,0,1,1,1,1,1,1,1,1,0,0,0,0,0,0,1,1
40917527,0,69,1389,4,141586,4,19,13,1,1598,1,5,299,0,0,1,0,1,24,1,0,0,0,0,1,0,0,1,0,1,0,1,0,0,0,0,0,0,0,0
40923298,0,95,2850,3,92222,4,2,6,1,2151,0,9,993,0,0,1,1,1,46,4,0,0,1,1,1,1,1,1,1,1,1,1,0,0,0,0,0,0,1,1
40368601,0,6,529,11,128098,1,2,8,1,1591,5,5,229,0,0,1,4,1,37,2,0,0,0,0,1,1,1,1,1,1,1,1,0,0,0,0,0,0,1,1
40892121,0,68,5790,2,42212,4,2,14,1,2959,1,5,290,0,0,1,0,1,48,2,0,0,1,1,1,1,1,1,1,1,1,1,0,0,0,0,0,0,0,0
41148168,0,56,4199,1,5028,1,4,8,1,2497,1,6,39,0,0,1,0,1,50,5,0,0,0,1,1,1,1,1,1,1,1,1,0,0,0,0,0,0,0,0
40005027,0,29,1890,5,60040,5,22,1,1,180,1,5,676,0,0,1,0,1,42,3,0,0,0,1,1,1,1,1,1,1,1,1,0,0,0,0,0,0,0,0
41598509,0,95,3450,4,74383,4,22,8,1,2151,0,9,150,0,0,1,1,1,50,9,0,0,1,1,1,1,1,1,1,1,1,1,0,2,0,0,1,1,1,1
41587773,0,50,1530,9,167042,4,22,13,1,2959,1,7,869,0,0,1,3,1,46,5,0,0,1,0,1,1,1,1,1,1,1,1,0,0,0,0,0,0,1,1
41585621,0,86,1750,9,79471,1,22,1,1,3342,3,5,208,0,0,1,0,1,50,1,0,0,1,1,1,1,1,1,1,1,1,1,0,0,0,0,0,0,0,0
41587168,0,69,2290,4,40694,1,22,7,1,1591,1,5,825,0,0,1,0,1,42,3,0,0,0,1,1,1,1,1,1,1,1,1,0,0,0,0,0,0,0,0
41583047,0,47,1290,7,64543,1,18,7,1,998,2,5,600,0,0,1,1,1,30,3,0,0,0,0,1,1,1,1,1,1,0,1,0,0,0,0,0,0,1,1
41552861,0,18,3290,3,30752,3,2,1,1,1598,3,5,457,0,0,1,2,1,50,4,0,0,0,1,1,1,1,1,1,1,1,1,2,0,0,1,0,1,1,1
41524355,0,73,1320,10,94277,4,19,1,1,1995,1,5,478,0,0,1,7,1,35,3,0,0,1,0,1,1,0,1,1,1,1,1,2,3,0,1,1,1,1,1
41499844,0,77,1440,6,125966,4,22,1,1,1995,1,5,920,0,0,1,1,1,25,0,0,0,0,0,1,0,0,1,1,0,0,1,2,0,0,1,0,1,1,1
41466147,0,18,2790,4,50362,3,2,8,1,1598,3,5,482,0,0,1,3,1,45,4,0,0,1,1,1,1,1,1,1,1,1,1,0,1,0,0,1,1,1,1
41470343,0,86,1850,8,73195,1,2,5,1,3342,3,5,307,0,0,1,4,1,52,4,0,0,1,1,1,1,1,1,1,1,1,1,1,0,0,1,0,1,1,1
41404786,0,58,5090,1,2839,4,2,1,1,2151,0,9,920,0,0,1,0,1,50,5,0,0,1,1,1,1,1,1,1,1,1,1,0,0,0,0,0,0,0,0
41395428,0,47,799,5,66905,1,22,13,1,998,2,2,365,0,0,1,2,1,13,0,0,0,0,0,1,1,0,0,0,0,0,1,0,0,0,0,0,0,1,1
41418785,0,9,1520,6,154311,1,22,1,1,1999,7,5,478,0,0,1,11,1,38,4,0,0,0,1,1,1,1,1,1,1,1,1,2,0,0,1,0,1,1,1
41415919,0,64,730,13,127435,1,22,5,1,998,2,5,975,0,0,1,1,1,30,1,0,0,0,0,1,1,1,1,1,1,0,1,2,0,0,1,0,1,1,1
41637842,0,95,2450,4,90533,4,17,8,1,2151,0,9,680,0,0,1,1,1,38,2,0,0,0,1,1,1,1,1,1,1,1,1,1,1,0,1,1,1,1,1
41557376,0,95,3050,3,30732,4,22,1,1,2151,0,9,208,0,0,1,0,1,40,5,0,0,0,1,1,1,1,1,1,1,1,1,0,0,0,0,0,0,0,0
41544725,0,14,2170,6,109049,0,19,6,1,2999,3,5,993,0,0,1,3,1,48,4,0,0,0,1,1,1,1,1,1,1,1,1,1,0,0,1,0,1,1,1
41533049,0,78,2980,5,127598,1,22,7,1,2497,1,5,697,0,0,1,0,1,47,2,0,0,0,1,1,1,1,1,1,1,1,1,0,0,0,0,0,0,0,0
41531922,0,78,9999,4,120874,3,22,10,1,1598,1,5,232,0,0,1,1,1,43,2,0,0,0,1,1,1,1,1,1,1,1,1,0,0,0,0,0,0,1,1
41313901,0,14,1630,6,150881,1,2,1,1,2497,3,5,898,0,0,1,1,1,49,4,0,0,0,1,1,1,1,1,1,1,1,1,0,0,0,0,0,0,1,1
41302551,0,87,1710,8,86638,3,22,10,1,2359,3,5,385,0,0,1,3,1,46,1,0,0,0,1,1,1,1,1,1,1,1,1,2,0,0,1,0,1,1,1
41298571,0,71,2050,8,89224,1,8,1,1,1998,7,5,845,0,0,1,11,1,49,5,0,0,1,1,1,1,1,1,1,1,1,1,1,3,0,1,1,1,1,1
41296684,0,61,690,14,81421,1,2,7,1,2359,3,5,443,0,0,1,2,1,35,0,0,0,0,0,1,1,1,1,1,1,1,1,0,0,0,0,0,0,1,1
41494128,0,95,2199,5,197181,4,2,8,1,2151,0,7,486,0,0,1,0,1,48,2,0,0,0,1,1,1,1,1,1,1,1,1,0,0,0,0,0,0,0,0
41483380,0,32,4600,1,14606,5,17,1,1,120,7,5,521,0,0,1,0,1,47,0,0,0,0,1,1,1,1,1,1,1,1,1,0,0,0,0,0,0,0,0
41414703,0,56,3890,2,57754,3,22,10,1,1598,1,5,709,0,0,1,1,1,51,6,0,0,1,1,1,1,1,1,1,1,1,1,0,0,0,0,0,0,1,1
41392984,0,78,2820,5,46318,4,17,1,1,2151,1,5,245,0,0,1,0,1,42,1,0,0,0,1,1,1,1,1,1,1,1,1,0,0,0,0,0,0,0,0
41327423,0,44,1300,3,21601,1,22,1,1,998,2,5,995,0,0,1,2,1,30,0,0,0,0,0,1,1,0,1,1,1,1,1,5,6,0,1,1,1,1,1
41546538,0,88,279,13,149373,2,17,1,1,998,2,5,897,0,0,1,4,1,20,2,0,0,0,0,1,0,0,0,0,1,0,1,2,2,0,1,1,1,1,1
41543232,0,18,3190,4,61486,3,17,8,1,1598,3,5,683,0,0,1,2,1,52,7,0,0,1,1,1,1,1,1,1,1,1,1,3,2,0,1,1,1,1,1
41542973,0,18,8888,4,55225,3,22,8,1,1598,3,5,680,0,0,1,0,1,46,4,0,0,0,1,1,1,1,1,1,1,1,1,3,1,0,1,1,1,0,1
41368491,0,54,720,12,127694,4,2,13,1,1995,1,5,515,0,0,1,7,1,30,1,0,0,0,0,1,1,1,1,1,1,0,1,2,1,0,1,1,1,1,1
41338173,0,78,2760,5,108954,4,22,1,1,2151,1,5,578,0,0,1,2,1,49,7,0,0,1,1,1,1,1,1,1,1,1,1,0,2,0,0,1,1,1,1
41583567,0,44,1350,2,54975,1,2,1,1,998,2,2,9,0,0,1,1,1,26,0,0,2,0,0,1,1,1,1,1,1,0,1,1,0,0,1,0,1,1,1
41577058,0,7,250,15,236087,0,22,1,1,1998,7,5,667,0,0,1,8,1,21,0,0,2,1,0,0,1,1,0,0,1,0,1,2,1,0,1,1,1,1,1
41585000,0,70,1180,8,113135,4,22,8,1,1582,1,5,50,0,0,1,0,1,33,1,0,0,1,0,1,1,1,1,1,1,0,1,0,1,0,0,1,1,0,1
41567618,0,14,2590,5,35122,1,2,1,1,2497,3,5,23,0,0,1,2,1,49,4,0,0,1,1,1,1,1,1,1,1,1,1,1,1,0,1,1,1,1,1
40888682,0,96,480,12,141444,4,22,1,1,2199,0,9,920,0,0,1,4,1,26,1,0,0,0,0,1,0,1,0,0,1,0,1,3,2,0,1,1,1,1,1
40920665,0,35,550,11,161916,0,22,8,1,1999,7,5,280,0,0,1,4,1,17,0,0,0,0,0,1,1,0,1,0,0,0,1,1,1,0,1,1,1,1,1
40917995,0,67,1440,11,87659,4,2,1,1,2959,1,7,570,0,0,1,2,1,43,0,0,0,0,0,1,1,1,1,1,1,1,1,0,0,0,0,0,0,1,1
41566961,0,68,3250,5,109466,4,2,5,1,2959,1,6,675,0,0,1,3,1,49,2,0,0,1,1,1,1,1,1,1,1,1,1,0,0,0,0,0,0,1,1
41571670,0,85,1330,7,54369,1,19,10,1,1598,6,5,686,0,0,1,3,1,32,4,0,0,0,0,1,1,0,1,1,1,1,1,0,1,0,0,1,1,1,1
41628445,0,17,3190,4,52396,1,22,1,1,2497,3,5,920,0,0,1,0,1,51,6,0,0,1,1,1,1,1,1,1,1,1,1,0,0,0,0,0,0,0,0
41639575,0,95,4890,3,30879,1,22,7,1,3470,0,4,684,0,0,1,0,1,49,2,0,0,0,1,1,1,1,1,1,1,1,1,0,0,0,0,0,0,0,0
41615298,0,88,600,13,33763,1,18,8,1,998,2,5,63,0,0,1,1,1,24,3,0,0,1,0,1,0,0,1,0,1,0,1,0,0,0,0,0,0,1,1
41328418,0,92,1650,10,61788,4,22,1,1,2199,0,9,920,0,0,1,0,1,43,1,0,0,0,0,1,1,1,1,1,1,1,1,0,0,0,0,0,0,0,0
41322234,0,82,1190,7,124254,1,17,1,1,1591,6,5,835,0,0,1,0,1,37,4,0,0,0,1,1,1,1,1,1,1,1,1,1,2,0,1,1,1,0,1
41195086,0,78,3400,3,47965,4,17,1,1,2151,1,5,874,0,0,1,3,1,48,4,0,0,0,1,1,1,1,1,1,1,1,1,1,0,0,1,0,1,1,1
41156500,0,56,4000,2,15168,1,17,10,1,2497,1,5,621,0,0,1,0,1,49,3,0,0,0,1,1,1,1,1,1,1,1,1,0,0,0,0,0,0,0,0
41158303,0,55,2349,7,75452,4,22,1,1,2199,1,7,882,0,0,1,1,1,49,5,0,0,1,1,1,1,1,1,1,1,1,1,1,0,0,1,0,1,1,1
41145672,0,9,2090,5,39777,1,17,1,1,1598,7,5,9,0,0,1,0,1,39,2,0,0,0,1,1,1,1,1,1,1,1,1,0,0,0,0,0,0,0,0
41518198,0,56,4220,2,29664,1,2,4,1,2497,1,6,526,0,0,1,0,1,50,6,0,1,0,1,1,1,1,1,1,1,1,1,0,0,0,0,0,0,0,0
41495524,0,44,2040,1,6572,1,22,7,1,998,2,5,814,0,0,1,0,1,35,3,0,0,0,0,1,1,1,1,1,1,1,1,0,0,0,0,0,0,0,0
41585767,0,77,1830,6,49637,4,22,1,1,1598,1,5,572,0,0,1,1,1,38,1,0,0,0,0,1,1,1,1,1,1,1,1,1,0,0,1,0,1,1,1
41620797,0,9,3480,3,38404,1,17,8,1,1999,7,5,194,0,0,1,1,1,40,3,0,0,0,1,1,1,1,1,1,1,1,1,0,0,0,0,0,0,1,1
41602106,0,48,600,10,83087,1,8,6,1,998,2,5,237,0,0,1,6,1,27,2,0,0,0,0,1,1,0,1,1,1,0,1,1,0,0,1,0,1,1,1
41599337,0,74,2580,4,65388,4,17,1,1,1998,1,5,620,0,0,1,4,1,44,3,0,0,0,1,1,1,1,1,1,1,1,1,1,0,0,1,0,1,1,1
41606104,0,68,2750,6,108027,4,17,7,1,2959,1,6,333,0,0,1,8,1,48,0,0,0,0,1,1,1,1,1,1,1,1,1,6,0,0,1,0,1,1,1
41592876,0,75,3390,2,39107,3,22,10,1,1598,1,5,769,0,0,1,1,0,45,1,0,0,0,1,1,1,1,1,1,1,1,1,0,0,0,0,0,0,1,1
41596293,0,75,2699,4,97085,3,22,4,1,1598,1,5,631,0,0,1,4,1,47,5,0,0,1,1,1,1,1,1,1,1,1,1,1,0,0,1,0,1,1,1
41589626,0,71,1950,8,85732,1,7,1,1,3342,7,5,570,0,0,1,0,1,49,1,0,0,0,1,1,1,1,1,1,1,1,1,0,0,0,0,0,0,0,0
41660053,0,56,4470,1,4122,3,22,8,1,1598,1,5,680,0,0,1,0,1,47,1,0,0,0,1,1,1,1,1,1,1,1,1,0,0,0,0,0,0,0,0
41642258,0,3,3300,4,40641,5,2,1,1,111,6,5,776,0,0,1,0,1,46,1,0,0,0,1,1,1,1,1,1,1,1,1,0,0,0,0,0,0,0,0
41620964,0,9,2190,6,52294,1,19,1,1,1999,7,5,616,0,0,1,5,1,47,7,0,0,1,1,1,1,1,1,1,1,1,1,1,0,0,1,0,1,1,1
41639711,0,66,1270,4,35895,1,22,7,1,998,2,5,684,0,0,1,3,1,32,3,0,0,0,0,1,1,1,1,1,1,1,1,0,0,0,0,0,0,1,1
41650860,0,40,4290,0,1397,1,17,1,1,2497,3,5,158,0,0,1,0,1,51,0,0,4,0,1,1,1,1,1,1,1,1,1,0,0,0,0,0,0,0,0
41649428,0,44,1780,2,31458,1,22,8,1,998,2,5,250,0,0,1,0,0,33,2,0,0,0,0,1,1,1,1,1,1,1,1,0,0,0,0,0,0,0,0
39596658,0,78,2720,5,78698,3,22,10,1,1598,1,5,788,0,0,1,16,1,44,4,0,0,0,1,1,1,1,1,1,1,1,1,4,1,0,1,1,1,1,1
40720689,0,81,840,8,121350,5,22,1,1,80,6,5,958,0,0,1,3,1,25,0,0,1,0,0,1,0,1,1,0,1,0,0,0,1,0,0,1,1,1,1
40708833,0,88,470,11,110109,1,18,10,1,998,2,5,787,0,0,1,0,1,23,2,0,0,0,0,1,0,0,1,0,1,0,1,0,0,0,0,0,0,0,0
41019260,0,95,3090,3,60233,4,22,1,1,2151,0,9,9,0,0,1,5,1,46,4,0,0,0,1,1,1,1,1,1,1,1,1,1,2,0,1,1,1,1,1
41179665,0,74,2220,4,121035,4,22,1,1,1998,1,5,640,0,0,1,0,1,37,2,0,0,0,1,1,1,1,1,1,1,1,1,0,0,0,0,0,0,0,0
41143443,0,74,2070,3,115089,4,22,1,1,1998,1,5,640,0,0,1,0,1,38,2,0,0,0,1,1,1,1,1,1,1,1,1,0,0,0,0,0,0,0,0
40562069,0,46,2040,6,88050,3,19,1,1,1580,1,5,157,0,0,1,4,1,43,2,0,0,1,1,1,1,1,1,1,1,1,1,1,0,0,1,0,1,1,1
41161964,0,12,2750,3,45157,3,17,1,1,1999,7,5,919,0,0,1,1,1,46,4,0,0,1,1,1,1,1,1,1,1,1,1,0,0,0,0,0,0,1,1
41175728,0,78,2980,4,70752,4,17,1,1,2151,1,5,640,0,0,1,1,1,42,1,0,0,0,1,1,1,1,1,1,1,1,1,0,0,0,0,0,0,1,1
41164735,0,77,1200,6,110281,4,22,8,1,1598,1,5,683,0,0,1,1,1,34,2,0,0,0,0,1,1,1,1,1,1,1,1,1,0,0,1,0,1,1,1
41146989,0,47,999,5,111890,1,22,8,1,998,2,2,258,0,0,1,0,1,14,0,0,0,0,0,1,1,0,0,1,0,0,0,0,0,0,0,0,0,0,0
40756304,0,74,2550,4,98544,1,22,1,1,1598,1,5,704,0,0,0,0,1,46,4,0,0,1,1,1,1,1,1,1,1,1,1,1,0,0,1,0,1,0,1
41085090,0,78,3790,5,40161,3,2,1,1,1598,1,5,732,0,0,1,0,1,46,0,0,0,0,1,1,1,1,1,1,1,1,1,0,0,0,0,0,0,0,0
41094385,0,16,750,12,112282,3,22,6,1,2359,3,5,606,0,0,1,2,1,40,0,0,1,0,0,1,1,1,1,1,1,1,1,0,0,0,0,0,0,1,1
41042963,0,86,1090,9,175840,1,2,14,1,3342,3,5,416,0,0,1,8,1,52,4,0,0,1,1,1,1,1,1,1,1,1,1,2,1,0,1,1,1,1,1
40555324,0,30,2280,3,24562,5,17,1,1,111,1,5,157,0,0,1,0,1,37,1,0,0,0,1,1,1,1,1,1,1,1,1,0,0,0,0,0,0,0,0
40966290,0,69,1920,4,58905,1,2,13,1,1591,1,5,720,0,0,1,3,1,39,2,0,0,0,1,1,1,0,1,0,1,1,1,1,0,0,1,0,1,1,1
41145673,0,3,3360,3,48830,5,2,8,1,111,6,5,683,0,0,1,3,1,45,0,0,0,0,1,1,1,1,1,1,1,1,1,0,2,0,0,1,1,1,1
41136787,0,74,2000,4,89997,4,14,8,1,1998,1,5,683,0,0,1,0,1,33,2,0,0,0,1,1,1,1,1,1,1,0,1,0,3,0,0,1,1,0,1
41113072,0,95,3000,3,67746,4,22,8,1,2151,0,9,683,0,0,1,1,1,46,5,0,0,0,1,1,1,1,1,1,1,1,1,1,0,0,1,0,1,1,1
41309572,0,46,1820,4,78036,3,22,1,1,1580,1,5,396,0,0,1,1,1,28,1,0,0,0,0,1,1,1,1,0,1,0,1,0,0,0,0,0,0,1,1
41304141,0,95,2599,5,63931,4,22,4,1,2151,0,9,105,0,0,1,0,1,37,3,0,0,0,1,1,1,1,1,1,1,1,1,0,0,0,0,0,0,0,0
41303859,0,78,3380,3,56127,3,22,1,1,1598,1,5,199,0,0,1,0,1,47,4,0,0,0,1,1,1,1,1,1,1,1,1,1,0,0,1,0,1,0,1
41183336,0,95,3690,4,104374,4,22,8,1,2151,0,9,761,0,0,1,1,1,50,3,0,0,0,1,1,1,1,1,1,1,1,1,0,0,0,0,0,0,1,1
41543340,0,12,9999,3,95735,3,14,1,1,1999,7,5,156,0,0,1,1,1,42,3,0,0,0,1,1,1,1,1,1,1,1,1,0,0,0,0,0,0,1,1
41527129,0,78,2990,4,69680,3,17,1,1,1598,1,7,876,0,0,1,0,1,43,2,0,0,0,1,1,1,1,1,1,1,1,1,1,0,0,1,0,1,0,1
41526180,0,71,1870,8,93357,1,22,7,1,3342,7,5,425,0,0,1,2,1,50,2,0,0,1,1,1,1,1,1,1,1,1,1,1,0,0,1,0,1,1,1
41504231,0,55,2366,7,38220,4,22,8,1,2199,1,5,257,0,0,1,1,1,46,1,0,1,0,1,1,1,1,1,1,1,1,1,0,0,0,0,0,0,1,1
41476535,0,57,2050,6,79983,4,22,1,1,2199,0,9,88,0,0,1,0,1,43,3,0,0,0,0,1,1,1,1,1,1,1,1,0,0,0,0,0,0,0,0
41470234,0,69,1499,6,137713,1,17,5,1,1591,1,5,466,0,0,1,0,1,39,2,0,0,0,1,1,1,1,1,1,1,1,1,0,0,0,0,0,0,0,0
41417465,0,69,1390,5,114382,4,19,1,1,1598,1,5,158,0,0,1,3,1,35,0,0,0,0,1,1,1,0,1,0,1,1,1,1,2,0,1,1,1,1,1
41400531,0,92,1330,11,103633,4,17,4,1,2199,0,9,105,0,0,1,0,1,47,3,0,0,1,1,1,1,1,1,1,1,1,1,0,0,0,0,0,0,0,0
41375743,0,68,3330,6,98720,4,22,1,1,2959,1,7,502,0,0,1,0,1,48,3,0,0,1,1,1,1,1,1,1,1,1,1,0,0,0,0,0,0,0,0
41384944,0,44,1720,2,42094,1,19,1,1,998,2,5,377,0,0,1,0,1,34,3,0,0,0,0,1,1,1,1,1,1,1,1,0,0,0,0,0,0,0,0
41537134,0,5,680,12,111292,1,22,1,1,1591,6,5,541,0,0,1,3,1,32,4,0,0,0,0,1,1,1,1,1,1,0,1,2,0,0,1,0,1,1,1
41486935,0,57,2420,7,98794,4,22,1,1,2199,0,7,119,0,0,1,5,1,46,0,0,0,0,1,1,1,1,1,1,1,1,1,1,1,0,1,1,1,1,1
41406935,0,95,2990,3,93759,4,17,9,1,2151,0,9,661,0,0,1,0,1,50,6,0,0,1,1,1,1,1,1,1,1,1,1,0,0,0,0,0,0,0,0
41551339,0,85,1599,5,37801,1,22,1,1,1598,6,5,10,0,0,1,2,1,35,1,0,0,0,0,1,1,1,1,1,1,1,1,0,1,0,0,1,1,1,1
41363334,0,75,2690,4,107112,3,22,8,1,1598,1,5,415,0,0,1,0,1,45,1,0,0,0,1,1,1,1,1,1,1,1,1,0,0,0,0,0,0,0,0
41337297,0,18,2899,4,99705,3,2,7,1,1598,3,5,749,0,0,1,0,1,50,4,0,0,0,1,1,1,1,1,1,1,1,1,0,0,0,0,0,0,0,0
41309255,0,47,770,4,93267,1,22,1,1,998,2,2,958,0,0,1,0,1,17,0,0,0,0,0,1,1,0,1,0,1,0,0,1,0,0,1,0,1,0,1
41252910,0,78,3929,3,11192,3,22,1,1,1598,1,5,898,0,0,1,0,1,48,5,0,0,1,1,1,1,1,1,1,1,1,1,0,0,0,0,0,0,0,0
41619251,0,34,1580,4,45695,1,22,8,1,1598,6,5,679,0,0,1,0,1,29,2,0,0,0,0,1,1,1,1,1,1,0,1,0,0,0,0,0,0,0,0
41627430,0,47,1370,5,58823,1,18,7,1,998,2,5,587,0,0,1,0,1,31,4,0,0,0,0,1,1,1,1,1,1,0,1,0,0,0,0,0,0,0,0
41550570,0,86,2345,8,112378,1,2,1,1,3342,3,5,636,0,0,1,1,1,52,4,0,0,1,1,1,1,1,1,1,1,1,1,0,0,0,0,0,0,1,1
41111199,0,95,2390,4,85938,4,2,1,1,2151,0,9,732,0,0,1,1,1,38,3,0,0,0,1,1,1,1,1,1,1,1,1,1,0,0,1,0,1,1,1
41382785,0,48,610,10,111244,1,22,1,1,998,2,5,685,0,0,1,3,1,30,3,0,0,0,0,1,1,1,1,1,1,0,1,0,0,0,0,0,0,1,1
41335522,0,58,3100,2,22669,4,22,1,1,2151,0,9,454,0,0,1,2,1,38,1,0,0,0,1,1,1,1,1,1,1,1,1,0,2,0,0,1,1,1,1
41293676,0,74,2590,4,100459,1,2,7,1,1598,1,5,587,0,0,1,1,1,45,4,0,0,0,1,1,1,1,1,1,1,1,1,0,0,0,0,0,0,1,1
41293486,0,89,920,9,35244,1,18,10,1,998,2,5,444,0,0,1,4,1,27,2,0,0,0,0,1,1,0,1,1,1,0,1,0,0,0,0,0,0,1,1
41294947,0,9,2640,3,35628,1,2,8,1,1598,7,5,683,0,0,1,0,1,42,3,0,0,0,1,1,1,1,1,1,1,1,1,2,1,0,1,1,1,0,1
41253393,0,43,2890,4,192662,1,2,7,1,3778,3,5,145,0,0,1,5,1,55,0,0,0,0,1,1,1,1,1,1,1,1,1,1,0,0,1,0,1,1,1
41256465,0,88,610,11,83737,1,18,7,1,998,2,5,140,0,0,1,4,1,19,2,0,0,0,0,1,1,0,0,1,1,0,1,0,0,0,0,0,0,1,1
41031239,0,95,3230,5,43384,4,22,1,1,2151,0,9,920,0,0,1,0,1,44,1,0,0,0,1,1,1,1,1,1,1,1,1,0,0,0,0,0,0,0,0
41016730,0,96,590,13,106414,4,22,1,1,2199,0,9,893,0,0,1,4,1,29,3,0,0,1,0,1,1,1,0,1,1,0,1,4,0,0,1,0,1,1,1
41150398,0,36,1080,7,158469,1,19,1,1,1999,7,5,875,0,0,1,5,1,42,3,0,0,0,1,1,1,1,1,1,1,1,1,2,0,0,1,0,1,1,1
41144903,0,9,1600,6,82646,1,22,1,1,1999,7,5,927,0,0,1,4,1,45,9,0,0,1,1,1,1,1,1,1,1,1,1,7,5,0,1,1,1,1,1
41134920,0,69,1670,5,96149,1,22,2,1,1591,1,5,181,0,0,1,1,1,39,3,0,0,0,1,1,1,1,1,1,1,1,1,5,0,0,1,0,1,1,1
41125277,0,3,3440,3,38432,5,2,1,1,111,6,5,457,0,0,1,2,1,45,0,0,0,0,1,1,1,1,1,1,1,1,1,0,3,0,0,1,1,1,1
41106963,0,8,990,10,89075,1,22,1,1,1591,7,5,431,0,0,1,1,1,30,2,0,0,1,0,1,0,1,1,0,1,0,1,1,0,0,1,0,1,1,1
41088518,0,9,2240,6,89488,1,17,1,1,1598,7,5,919,0,0,1,4,1,47,6,0,0,1,1,1,1,1,1,1,1,1,1,0,0,0,0,0,0,1,1
41091663,0,95,4950,5,44855,1,2,1,1,3470,0,9,272,0,0,1,3,1,46,0,0,1,0,1,1,1,1,1,1,1,1,1,0,0,0,0,0,0,1,1
41241955,0,95,2250,5,122904,4,2,5,1,2151,0,9,684,0,0,1,3,1,44,3,0,0,0,1,1,1,1,1,1,1,1,1,1,0,0,1,0,1,1,1
41199593,0,95,2420,3,83895,4,11,4,1,2151,0,9,682,0,0,1,0,1,38,2,0,0,0,1,1,1,1,1,1,1,1,1,0,0,0,0,0,0,0,0
41209489,0,96,540,13,158453,4,11,5,1,2199,0,9,566,0,0,1,3,1,29,3,0,0,1,0,1,0,1,0,1,1,0,1,1,0,0,1,0,1,1,1
41203545,0,74,2450,4,83119,4,22,10,1,1998,1,5,438,0,0,1,0,1,44,3,0,0,0,1,1,1,1,1,1,1,1,1,0,0,0,0,0,0,0,0
41186934,0,95,2500,3,117943,1,2,1,1,3470,0,9,495,0,0,1,2,1,47,5,0,1,0,1,1,1,1,1,1,1,1,1,0,0,0,0,0,0,1,1
41183483,0,95,2580,3,73311,4,22,8,1,2151,0,9,683,0,0,1,0,1,38,3,0,0,0,1,1,1,1,1,1,1,1,1,0,0,0,0,0,0,0,0
41185943,0,42,1380,11,122010,1,2,1,1,5038,3,5,776,0,0,1,1,1,55,0,0,0,0,1,1,1,1,1,1,1,1,1,2,0,0,1,0,1,1,1
41170754,0,18,3450,3,65339,3,22,5,1,1598,3,5,942,0,0,1,1,1,51,5,0,0,0,1,1,1,1,1,1,1,1,1,0,0,0,0,0,0,1,1
41481777,0,95,653,3,24000,1,2,8,1,3470,0,7,314,0,0,1,0,0,50,0,0,0,0,1,1,1,1,1,1,1,1,1,0,0,0,0,0,0,0,0
41466328,0,8,1050,9,107999,1,22,12,1,1999,7,5,974,0,0,1,5,1,34,3,0,0,0,1,1,1,1,1,1,1,0,1,1,0,0,1,0,1,1,1
41471219,0,74,2249,4,38792,4,17,1,1,1998,1,5,9,0,0,1,1,1,41,4,0,0,0,1,1,1,1,1,1,1,1,1,6,1,0,1,1,1,1,1
41467170,0,76,850,13,189303,1,22,10,1,1998,1,5,639,0,0,1,1,1,40,2,0,0,1,0,1,1,1,1,1,1,1,1,0,0,0,0,0,0,1,1
41486163,0,47,1550,4,29080,1,2,7,1,998,2,5,814,0,0,1,0,1,31,3,0,0,0,0,1,1,1,1,1,1,0,1,0,0,0,0,0,0,0,0
41475034,0,63,2150,3,95903,5,22,10,1,180,1,5,666,0,0,1,0,1,34,1,0,0,0,0,1,1,1,1,1,1,1,1,0,0,0,0,0,0,0,0
41465413,0,78,2790,4,76562,3,22,7,1,1598,1,5,684,0,0,1,0,1,43,3,0,0,0,1,1,1,1,1,1,1,1,1,0,0,0,0,0,0,0,0
41459758,0,95,2550,5,117062,4,22,1,1,2151,0,9,717,0,0,1,1,1,45,5,0,0,0,1,1,1,1,1,1,1,1,1,0,0,0,0,0,0,1,1
41448882,0,9,2550,5,26080,1,17,5,1,1598,7,5,763,0,0,1,0,1,44,5,0,0,0,1,1,1,1,1,1,1,1,1,0,0,0,0,0,0,0,0
41444636,0,9,2190,6,85599,1,2,7,1,1598,7,5,599,0,0,1,0,1,41,4,0,0,1,1,1,1,1,1,1,1,1,1,0,0,0,0,0,0,0,0
41440501,0,74,2680,4,76092,4,22,13,1,1998,1,5,422,0,0,1,2,1,44,7,0,0,0,1,1,1,1,1,1,1,1,1,1,0,0,1,0,1,1,1
41136404,0,35,690,12,54595,1,11,1,1,1999,7,5,885,0,0,1,3,1,31,1,0,0,0,0,1,1,1,1,1,1,1,1,1,0,0,1,0,1,1,1
41125834,0,78,2920,5,85280,3,17,2,1,1598,1,5,345,0,0,1,5,1,47,3,0,0,0,1,1,1,1,1,1,1,1,1,4,0,0,1,0,1,1,1
41125477,0,95,3170,5,99602,1,22,13,1,3470,0,9,286,0,0,1,1,1,49,3,0,0,0,1,1,1,1,1,1,1,1,1,0,0,0,0,0,0,1,1
41120468,0,48,730,10,55155,1,17,1,1,998,2,5,714,0,0,1,5,1,28,1,0,1,0,0,1,1,0,1,1,1,0,1,0,0,0,0,0,0,1,1
41109535,0,14,1950,6,70520,1,17,1,1,2497,3,5,68,0,0,1,1,1,43,1,0,0,0,1,1,1,1,1,1,1,1,1,1,0,0,1,0,1,1,1
41097824,0,64,639,13,110032,1,21,7,1,998,2,5,84,0,0,1,5,1,30,2,0,0,0,0,1,1,1,1,1,1,0,1,8,1,0,1,1,1,1,1
41097149,0,97,4750,0,12464,1,17,1,1,2497,8,5,10,0,0,1,0,1,46,0,0,1,1,1,1,1,1,1,1,1,1,1,0,0,0,0,0,0,0,0
41096135,0,17,2850,3,69200,1,17,8,1,2497,3,5,683,0,0,1,1,1,52,7,0,0,1,1,1,1,1,1,1,1,1,1,1,0,0,1,0,1,1,1
40635902,0,92,970,11,186243,4,22,1,1,2199,0,9,714,0,0,1,2,1,44,3,0,2,0,0,1,1,1,1,1,1,1,1,0,0,0,0,0,0,1,1
40613593,0,92,899,10,278107,4,22,7,1,2199,0,9,1000,0,0,1,4,1,44,2,0,0,1,0,1,1,1,1,1,1,1,1,0,1,0,0,1,1,1,1
40703679,0,72,2970,4,95028,1,8,8,1,2497,7,5,413,0,0,1,4,1,48,4,0,0,1,1,1,1,1,1,1,1,1,1,2,2,0,1,1,1,1,1
40765395,0,25,320,19,237839,1,22,8,1,3342,3,5,108,0,0,1,6,1,37,0,0,2,1,0,1,1,1,0,1,1,0,1,1,1,0,1,1,1,1,1
41452852,0,95,2760,5,116342,4,2,10,1,2151,0,9,665,0,0,1,0,1,48,5,0,0,0,1,1,1,1,1,1,1,1,1,0,0,0,0,0,0,0,0
41449590,0,47,1030,5,12453,1,22,7,1,998,2,2,734,0,0,1,1,1,17,1,0,0,0,0,1,0,0,0,0,1,0,1,0,0,0,0,0,0,1,1
41444909,0,95,3150,3,83680,1,22,12,1,3470,0,9,178,0,0,1,0,1,50,9,0,0,1,1,1,1,1,1,1,1,1,1,0,0,0,0,0,0,0,0
41440633,0,49,288,0,5,1,22,8,1,998,2,5,314,0,0,0,0,0,30,1,0,0,0,0,1,1,1,1,1,1,1,1,0,0,0,0,0,0,0,0
41431758,0,95,2630,4,75672,4,2,10,1,2151,0,9,686,0,0,1,0,1,43,0,0,0,0,1,1,1,1,1,0,1,1,1,0,0,0,0,0,0,0,0
41413034,0,75,2450,3,118246,3,22,1,1,1598,1,5,173,0,0,1,3,1,44,3,0,0,0,1,1,1,1,1,1,1,1,1,0,0,0,0,0,0,1,1
41410753,0,92,1040,10,177713,4,2,7,1,2199,0,9,615,0,0,1,1,1,44,1,0,0,1,0,1,1,1,1,1,1,1,1,0,0,0,0,0,0,1,1
41087712,0,95,3199,5,57195,4,22,3,1,2151,0,9,657,0,0,1,0,1,49,7,0,0,1,1,1,1,1,1,1,1,1,1,0,0,0,0,0,0,0,0
41249246,0,69,1500,6,49754,1,2,1,1,1591,1,5,60,0,0,1,6,1,44,5,0,0,1,1,1,1,1,1,1,1,1,1,0,0,0,0,0,0,1,1
41240529,0,9,2760,4,30008,1,22,1,1,1598,7,5,502,0,0,1,0,1,45,3,0,0,0,1,1,1,1,1,1,1,1,1,0,0,0,0,0,0,0,0
41212375,0,5,570,11,128090,1,19,1,1,1591,6,5,999,0,0,1,4,1,27,1,0,0,0,0,1,1,1,1,1,1,0,1,3,1,0,1,1,1,1,1
41206017,0,66,1180,5,37840,1,22,10,1,998,2,5,921,0,0,1,1,1,25,0,0,0,0,0,1,1,0,1,1,1,1,1,0,0,0,0,0,0,1,1
41174430,0,68,4280,3,82528,4,22,1,1,2959,1,5,951,0,0,1,2,1,48,4,0,0,1,1,1,1,1,1,1,1,1,1,0,0,0,0,0,0,1,1
41171780,0,9,2020,6,90145,1,17,1,1,1598,7,5,919,0,0,1,0,1,44,6,0,0,0,1,1,1,1,1,1,1,1,1,0,0,0,0,0,0,0,0
37596730,0,9,2200,6,24852,1,22,1,1,1598,7,5,431,0,0,0,0,1,44,10,0,0,1,1,1,1,1,1,1,1,1,1,0,0,0,0,0,0,0,0
37993030,0,31,3090,7,44713,1,17,10,1,3342,3,5,980,0,0,1,7,1,50,2,0,0,0,1,1,1,1,1,1,1,1,1,1,0,0,1,0,1,1,1
38792784,0,46,1770,6,91629,3,22,10,1,1580,1,5,28,0,0,1,3,1,32,2,0,0,0,0,1,1,1,1,1,1,0,1,1,0,0,1,0,1,1,1
38624419,0,86,1320,10,58473,1,22,7,1,2359,3,5,53,0,0,1,4,1,41,2,0,0,0,0,1,1,1,1,1,1,1,1,1,2,0,1,1,1,1,1
39267565,0,88,450,12,84339,1,11,11,1,998,2,5,290,0,0,1,3,1,18,0,0,0,0,0,1,0,0,0,0,1,0,1,5,0,0,1,0,1,1,1
38790465,0,31,2390,7,118954,1,2,1,1,3342,3,5,636,0,0,1,1,1,53,0,0,1,0,1,1,1,1,1,1,1,1,1,0,0,0,0,0,0,1,1
39781874,0,54,990,12,114972,4,22,1,1,1995,1,5,823,0,0,1,4,1,31,1,0,0,1,0,1,1,1,1,1,1,0,1,0,1,0,0,1,1,1,1
41064808,0,9,2380,4,62304,1,2,1,1,1598,7,5,732,0,0,1,1,1,45,4,0,0,1,1,1,1,1,1,1,1,1,1,0,0,0,0,0,0,1,1
41051181,0,78,3130,3,5586,1,2,10,1,2497,1,5,694,0,0,1,0,1,43,2,0,0,0,1,1,1,1,1,1,1,1,1,0,0,0,0,0,0,0,0
41053051,0,74,2580,3,64862,4,22,7,1,1998,1,5,684,0,0,1,2,1,46,5,0,0,0,1,1,1,1,1,1,1,1,1,2,0,0,1,0,1,1,1
41037028,0,78,2950,5,50865,4,22,1,1,2151,1,5,478,0,0,1,1,1,47,4,0,0,0,1,1,1,1,1,1,1,1,1,1,0,0,1,0,1,1,1
41250419,0,95,2370,5,156105,4,22,1,1,2151,0,9,585,0,0,1,2,1,49,7,0,0,1,1,1,1,1,1,1,1,1,1,1,1,0,1,1,1,1,1
41297336,0,68,3200,5,104091,4,17,13,1,2959,1,6,239,0,0,1,4,1,48,1,0,0,1,1,1,1,1,1,1,1,1,1,0,0,0,0,0,0,1,1
41569721,0,44,1450,3,26321,1,22,2,1,998,2,5,397,0,0,1,3,1,28,1,0,2,0,0,1,1,0,1,1,1,1,1,3,1,0,1,1,1,1,1
41559376,0,62,2860,4,27589,3,22,1,1,1580,1,5,173,0,0,1,0,1,41,1,0,0,0,1,1,1,1,1,1,1,1,1,0,0,0,0,0,0,0,0
41603626,0,89,930,9,71006,1,22,13,1,998,2,5,870,0,0,1,0,1,30,3,0,0,0,0,1,1,1,1,1,1,0,1,0,0,0,0,0,0,0,0
41570346,0,64,520,14,155435,1,11,4,1,998,2,5,7,0,0,1,4,0,24,0,0,0,0,0,1,1,0,0,1,1,0,1,0,0,0,0,0,0,1,1
41537411,0,72,3050,5,65631,1,8,1,1,2497,7,5,235,0,0,1,2,1,49,3,0,0,1,1,1,1,1,1,1,1,1,1,0,0,0,0,0,0,1,1
41536011,0,88,300,14,123677,2,8,2,1,998,2,5,562,0,0,1,0,1,15,2,0,0,0,0,1,0,0,0,0,1,0,1,4,0,0,1,0,1,0,1
41529380,0,95,2600,5,82397,4,2,1,1,2151,0,9,431,0,0,1,0,1,44,2,0,0,0,1,1,1,1,1,1,1,1,1,0,0,0,0,0,0,0,0
41530444,0,78,2500,5,215037,3,17,5,1,1598,1,5,508,0,0,1,0,1,48,4,0,0,0,1,1,1,1,1,1,1,1,1,0,0,0,0,0,0,0,0
41528965,0,57,1280,7,143509,4,22,8,1,2199,0,9,94,0,0,1,4,1,36,5,0,0,1,0,1,1,1,1,1,1,1,1,0,1,0,0,1,1,1,1
41527722,0,62,9999,0,2607,3,2,1,1,1580,1,5,867,0,0,1,0,1,45,0,0,1,1,1,1,1,1,1,1,1,1,1,0,0,0,0,0,0,0,0
41528626,0,44,324,0,1,1,22,8,1,998,2,5,314,0,0,1,0,0,28,1,0,0,0,0,1,1,1,1,0,1,1,1,0,0,0,0,0,0,0,0
41524663,0,95,3940,3,36024,4,2,12,1,2151,0,9,854,0,0,1,0,1,50,8,0,0,1,1,1,1,1,1,1,1,1,1,0,0,0,0,0,0,0,0
41524990,0,44,1730,2,33301,1,2,7,1,998,2,5,697,0,0,1,0,1,34,3,0,0,0,0,1,1,1,1,1,1,1,1,0,0,0,0,0,0,0,0
41514387,0,86,1650,8,54550,1,22,1,1,2359,3,5,31,0,0,1,0,1,49,3,0,0,1,1,1,1,1,1,1,1,1,1,3,4,0,1,1,1,0,1
41537742,0,90,1570,9,112871,4,17,1,1,1995,1,7,848,0,0,1,1,1,44,3,0,0,0,0,1,1,1,1,1,1,1,1,0,0,0,0,0,0,1,1
41534033,0,78,2690,4,72290,4,19,1,1,2151,1,7,470,0,0,1,0,1,43,3,0,0,0,1,1,1,1,1,1,1,1,1,0,0,0,0,0,0,0,0
41518870,0,73,1270,9,115292,4,2,1,1,1685,1,5,799,0,0,1,4,1,41,3,0,0,1,0,1,1,1,1,1,1,1,1,0,0,0,0,0,0,1,1
41509234,0,92,690,11,223817,4,2,1,1,2199,0,9,570,0,0,1,4,1,39,2,0,0,0,0,1,1,1,1,1,1,1,1,1,0,0,1,0,1,1,1
41498805,0,69,1650,6,97449,4,17,4,1,1598,1,5,689,0,0,1,0,1,41,6,0,0,0,1,1,1,1,1,1,1,1,1,0,0,0,0,0,0,0,0
41494679,0,78,3390,5,78689,4,22,1,1,2151,1,6,790,0,0,1,1,1,49,8,0,0,1,1,1,1,1,1,1,1,1,1,0,0,0,0,0,0,1,1
41364222,0,78,3530,5,70161,3,22,5,1,1598,1,7,880,0,0,1,0,1,48,8,2,0,1,1,1,1,1,1,1,1,1,1,0,0,0,0,0,0,0,0
41350422,0,47,1370,4,49520,1,22,8,1,998,2,5,142,0,0,1,2,1,30,2,0,1,0,0,1,1,1,1,1,1,0,1,1,1,0,1,1,1,1,1
41340068,0,57,1650,7,91639,4,11,10,1,2199,0,9,772,0,0,1,3,1,42,0,0,0,0,1,1,1,1,1,1,1,1,1,0,1,0,0,1,1,1,1
41553694,0,76,790,13,79942,4,1,1,1,1995,1,5,910,0,0,1,0,0,34,1,0,0,0,0,1,1,1,1,1,1,0,1,0,0,0,0,0,0,0,0
41570334,0,47,970,4,55193,1,22,4,1,998,2,5,13,0,0,1,1,1,21,1,0,1,0,0,1,1,0,0,1,0,0,0,0,0,0,0,0,0,1,1
41159468,0,72,2990,5,50722,1,22,1,1,2497,7,5,457,0,0,1,1,1,49,4,0,0,1,1,1,1,1,1,1,1,1,1,0,0,0,0,0,0,1,1
41158509,0,56,4000,2,39161,4,17,2,1,2151,1,5,475,0,0,1,0,1,41,0,0,0,0,1,1,1,1,1,1,1,1,1,0,0,0,0,0,0,0,0
41165220,0,92,1490,10,157051,4,2,7,1,2199,0,9,324,0,0,1,1,1,42,0,0,0,0,0,1,1,1,1,1,1,1,1,0,0,0,0,0,0,1,1
41061116,0,71,1599,7,122948,1,8,1,1,3342,7,5,886,0,0,1,8,1,50,1,0,0,1,1,1,1,1,1,1,1,1,1,1,0,0,1,0,1,1,1
41058118,0,6,590,11,124396,1,22,10,1,1591,5,5,438,0,0,1,2,1,32,3,0,0,1,0,1,1,1,1,1,1,0,1,1,0,0,1,0,1,1,1
41056481,0,95,2130,5,170990,4,2,1,1,2151,0,7,941,0,0,1,2,1,48,5,0,0,1,1,1,1,1,1,1,1,1,1,4,0,0,1,0,1,1,1
41050755,0,92,1320,10,67896,4,2,2,1,2199,0,11,979,0,0,1,1,1,39,1,0,0,1,0,1,1,1,1,1,1,1,1,0,0,0,0,0,0,1,1
41052832,0,95,3190,4,77628,4,22,13,1,2151,0,9,947,0,0,1,1,1,48,4,0,0,0,1,1,1,1,1,1,1,1,1,0,0,0,0,0,0,1,1
41036305,0,34,1490,3,94503,1,22,1,1,1598,6,5,920,0,0,1,2,1,35,2,0,0,0,0,1,1,1,1,1,1,1,1,2,0,0,1,0,1,1,1
41039941,0,64,950,10,109232,1,22,7,1,998,2,5,748,0,0,1,7,1,31,2,0,0,0,0,1,1,1,1,1,1,0,1,1,0,0,1,0,1,1,1
41034048,0,77,1530,5,117506,4,11,4,1,1598,1,5,105,0,0,1,3,1,28,1,0,1,0,0,1,1,0,1,1,0,0,1,1,0,0,1,0,1,1,1
41043186,0,9,2100,5,47882,1,2,1,1,1598,7,5,883,0,0,1,0,1,42,3,0,0,0,1,1,1,1,1,1,1,1,1,0,0,0,0,0,0,0,0
41038647,0,9,1880,6,93035,1,19,6,1,1598,7,5,901,0,0,1,6,1,43,5,1,0,1,1,1,1,1,1,1,1,1,1,1,0,0,1,0,1,1,1
41025955,0,67,1290,11,137553,4,17,1,1,2959,1,7,831,0,0,1,0,1,44,1,0,0,1,0,1,1,1,1,1,1,1,1,0,0,0,0,0,0,0,0
41066618,0,9,1570,6,91010,1,17,2,1,1999,7,5,513,0,0,1,3,1,39,2,0,0,0,1,1,1,1,1,1,1,1,1,2,0,0,1,0,1,1,1
41070254,0,74,3150,4,17799,1,22,1,1,1598,1,5,502,0,0,1,0,1,47,7,0,0,1,1,1,1,1,1,1,1,1,1,0,0,0,0,0,0,0,0
40951441,0,31,2850,7,78176,1,17,7,1,3342,3,5,615,0,0,1,1,1,56,0,0,0,0,1,1,1,1,1,1,1,1,1,0,0,0,0,0,0,1,1
40974044,0,35,560,12,189325,1,2,10,1,1999,7,5,147,0,0,1,4,1,37,2,0,0,0,0,1,1,1,1,1,1,1,1,2,0,0,1,0,1,1,1
40974938,0,48,780,10,81399,1,22,13,1,998,2,5,757,0,0,1,1,1,27,1,0,0,0,0,1,1,0,1,1,1,0,1,0,0,0,0,0,0,1,1
40983887,0,75,3300,3,75010,3,2,1,1,1598,1,5,157,0,0,1,3,1,46,3,0,0,0,1,1,1,1,1,1,1,1,1,0,0,0,0,0,0,1,1
41427524,0,78,3360,3,34590,1,22,8,1,2497,1,5,680,0,0,1,0,1,46,2,0,0,0,1,1,1,1,1,1,1,1,1,0,0,0,0,0,0,0,0
41350782,0,39,810,12,58437,1,17,9,1,2359,3,5,528,0,0,1,1,1,38,0,0,0,0,0,1,1,1,1,1,1,0,1,0,0,0,0,0,0,1,1
41260662,0,33,720,10,87320,1,17,4,1,1591,6,5,217,0,0,1,2,1,24,2,0,0,0,0,1,1,0,0,0,1,0,1,0,1,0,0,1,1,1,1
40655251,0,73,1380,8,52270,4,11,4,1,1995,1,5,217,0,0,1,2,1,29,1,0,0,0,0,1,1,0,1,1,1,0,1,0,0,0,0,0,0,1,1
41123801,0,95,2630,5,81647,4,19,4,1,2151,0,9,217,0,0,1,0,1,44,2,0,0,0,1,1,1,1,1,1,1,1,1,0,0,0,0,0,0,0,0
41265671,0,5,630,11,67661,1,17,4,1,1591,6,5,217,0,0,1,2,1,22,1,0,1,0,0,1,1,0,0,1,0,0,1,2,0,0,1,0,1,1,1
41610729,0,28,790,9,169559,3,19,8,1,1580,1,5,807,0,0,1,4,1,30,3,0,0,0,0,1,1,1,1,1,1,0,1,0,0,0,0,0,0,1,1
41225134,0,72,2920,4,42521,1,22,1,1,2497,7,5,588,0,0,1,2,1,47,1,0,0,0,1,1,1,1,1,1,1,1,1,1,0,0,1,0,1,1,1
41052751,0,9,2270,5,67946,1,2,1,1,1598,7,5,588,0,0,1,0,1,42,4,0,0,1,1,1,1,1,1,1,1,1,1,0,0,0,0,0,0,0,0
40350722,0,57,2320,7,124067,1,2,1,1,3342,0,9,673,0,0,1,5,1,47,0,0,0,0,1,1,1,1,1,1,1,1,1,0,0,0,0,0,0,1,1
41189782,0,12,2070,3,59024,3,22,1,1,1999,7,5,524,0,0,0,0,1,33,1,0,0,0,1,1,1,1,1,1,1,0,1,0,0,0,0,0,0,0,0
41636680,0,12,2430,4,94993,3,22,1,1,1999,7,5,524,0,0,1,3,1,47,6,0,0,1,1,1,1,1,1,1,1,1,1,2,0,0,1,0,1,1,1
41396381,0,17,2630,4,34083,1,17,2,1,2497,3,5,855,0,0,1,6,1,44,2,0,0,0,1,1,1,1,1,1,1,1,1,0,0,0,0,0,0,1,1
41624762,0,95,2399,5,102746,4,2,7,1,2151,0,9,856,0,0,1,4,1,38,4,0,0,0,1,1,1,1,1,1,1,1,1,1,0,0,1,0,1,1,1
41564458,0,88,340,13,115106,1,18,7,1,998,2,5,856,0,0,1,5,1,10,1,0,0,0,0,0,0,0,0,0,0,0,0,1,3,0,1,1,1,1,1
40951484,0,95,2399,5,91812,4,22,7,1,2151,0,9,856,0,0,1,4,1,37,4,0,0,0,1,1,1,1,1,1,1,1,1,0,1,0,0,1,1,1,1
40656148,0,9,2250,5,41345,1,22,1,1,1999,7,5,678,0,0,1,1,1,40,2,0,0,0,1,1,1,1,1,1,1,1,1,0,1,0,0,1,1,1,1
41053054,0,34,1660,4,75079,1,22,13,1,1598,6,5,515,0,0,1,1,1,30,3,0,0,0,0,1,1,0,1,1,1,0,1,1,0,0,1,0,1,1,1
40929953,0,8,1030,8,134889,1,2,1,1,1999,7,5,920,0,0,1,2,1,42,1,0,0,0,1,1,1,1,1,1,1,1,1,0,2,0,0,1,1,1,1
40921081,0,50,1930,9,79806,4,2,13,1,2959,1,5,947,0,0,1,3,1,44,1,0,0,0,0,1,1,1,1,1,1,1,1,0,0,0,0,0,0,1,1
40917220,0,95,3140,5,40427,1,2,10,1,3470,0,9,57,0,0,1,4,1,48,6,0,0,0,1,1,1,1,1,1,1,1,1,0,0,0,0,0,0,1,1
40770203,0,9,1550,5,81220,1,22,10,1,1999,7,5,242,0,0,1,3,1,31,2,0,0,0,1,1,1,0,1,1,1,0,1,2,1,0,1,1,1,1,1
40759207,0,9,2050,6,110204,1,22,10,1,1598,7,5,949,0,0,1,3,1,46,4,0,1,0,1,1,1,1,1,1,1,1,1,0,0,0,0,0,0,1,1
41624860,0,57,2630,6,33127,1,22,8,1,3342,0,7,690,0,0,1,1,1,46,4,0,0,1,1,1,1,1,1,1,1,1,1,0,0,0,0,0,0,1,1
41460971,0,47,970,5,50831,1,21,10,1,998,2,2,978,0,0,1,0,1,18,0,0,1,0,0,1,1,0,0,1,0,0,1,0,0,0,0,0,0,0,0
41508714,0,17,2430,3,61457,1,2,1,1,2497,3,5,640,0,0,1,0,1,44,0,0,0,0,1,1,1,1,1,1,1,1,1,0,0,0,0,0,0,0,0
41323692,0,71,1990,6,116025,1,8,10,1,3342,7,5,101,0,0,1,10,1,49,0,0,0,0,1,1,1,1,1,1,1,1,1,1,0,0,1,0,1,1,1
40995630,0,95,2420,5,111436,4,2,1,1,2151,0,9,523,0,0,1,0,1,44,2,0,0,0,1,1,1,1,1,1,1,1,1,0,0,0,0,0,0,0,0
40989215,0,74,2860,4,71172,1,17,1,1,1598,1,5,502,0,0,1,0,1,47,6,0,0,1,1,1,1,1,1,1,1,1,1,0,0,0,0,0,0,0,0
41417474,0,68,4350,3,43957,4,2,10,1,2959,1,7,912,0,0,1,0,1,48,3,0,0,1,1,1,1,1,1,1,1,1,1,0,0,0,0,0,0,0,0
41597555,0,57,2370,7,105117,4,22,1,1,2199,0,9,578,0,0,1,3,1,47,1,0,0,0,1,1,1,1,1,1,1,1,1,0,0,0,0,0,0,1,1
41355199,0,56,3320,0,7200,3,22,1,1,1598,1,6,314,0,0,1,0,0,47,5,0,0,0,1,1,1,1,1,1,1,1,1,0,0,0,0,0,0,0,0
40931583,0,95,9999,4,55235,4,17,5,1,2151,0,9,873,0,0,1,1,1,38,1,0,0,0,1,1,1,1,1,1,1,1,1,2,0,0,1,0,1,1,1
40916509,0,86,989,9,184261,4,2,10,1,2199,3,5,863,0,0,0,0,1,46,1,0,0,0,1,1,1,1,1,1,1,1,1,0,0,0,0,0,0,0,0
40649387,0,72,2630,5,65478,1,22,5,1,3342,7,5,796,0,0,1,5,1,47,1,0,0,0,1,1,1,1,1,1,1,1,1,2,0,0,1,0,1,1,1
41322832,0,66,1150,5,15700,1,18,13,1,998,2,5,720,0,0,1,0,1,31,3,0,0,0,0,1,1,1,1,1,1,1,1,2,0,0,1,0,1,0,1
41640965,0,64,630,13,131309,1,19,1,1,998,2,5,27,0,0,1,2,1,30,2,0,0,0,0,1,1,1,1,1,1,0,1,0,0,0,0,0,0,1,1
41640607,0,55,2690,6,83551,4,22,1,1,2199,1,7,31,0,0,1,2,1,50,5,0,0,1,1,1,1,1,1,1,1,1,1,0,3,0,0,1,1,1,1
41637874,0,18,2410,4,81883,3,22,8,1,1598,3,5,679,0,0,1,0,1,43,0,0,0,0,1,1,1,1,1,1,1,1,1,1,1,0,1,1,1,0,1
41622154,0,14,2359,6,43812,1,2,1,1,2999,3,5,571,0,0,1,0,1,47,2,0,0,0,1,1,1,1,1,1,1,1,1,0,0,0,0,0,0,0,0
41609350,0,85,1480,5,76181,1,22,1,1,1598,6,5,9,0,0,1,0,1,31,0,0,0,0,0,1,0,0,1,0,1,1,1,0,0,0,0,0,0,0,0
41638801,0,44,1520,3,62233,1,17,1,1,998,2,5,570,0,0,1,0,1,31,2,0,0,0,1,1,1,1,1,1,1,1,1,0,0,0,0,0,0,0,0
41638518,0,34,1390,4,120033,1,17,6,1,1598,6,5,970,0,0,1,3,1,29,2,0,0,0,0,1,1,1,1,1,1,0,1,0,0,0,0,0,0,1,1
41659134,0,88,390,14,145943,1,18,9,1,998,2,5,661,0,0,1,6,0,25,2,0,0,0,0,1,1,0,1,0,1,0,1,0,0,0,0,0,0,1,1
41652523,0,14,1900,6,86179,1,19,1,1,2497,3,5,719,0,0,1,2,1,44,2,0,0,0,1,1,1,1,1,1,1,1,1,0,0,0,0,0,0,1,1
41649466,0,73,1150,10,156965,4,22,1,1,1995,1,5,306,0,0,1,0,1,33,1,0,0,0,0,1,1,0,1,0,1,1,1,0,0,0,0,0,0,0,0
41642872,0,69,1530,4,119582,4,22,1,1,1598,1,5,619,0,0,1,3,1,33,1,0,0,0,1,1,1,0,1,1,1,1,1,0,2,0,0,1,1,1,1
41658178,0,44,1290,3,58859,1,18,8,1,998,2,5,141,0,0,1,0,1,23,2,0,1,0,0,1,1,0,1,0,1,1,1,0,0,0,0,0,0,0,0
41603512,0,74,2399,4,96987,4,22,1,1,1998,1,5,678,0,0,1,1,1,41,5,0,0,0,1,1,1,1,1,1,1,1,1,4,0,0,1,0,1,1,1
41588628,0,78,2980,4,50412,4,17,1,1,2151,1,5,920,0,0,1,1,1,48,3,0,0,1,1,1,1,1,1,1,1,1,1,0,0,0,0,0,0,1,1
41585372,0,67,1119,12,154479,4,22,5,1,2959,1,7,744,0,0,1,2,1,44,2,0,0,1,0,1,1,1,1,1,1,1,1,1,0,0,1,0,1,1,1
41577857,0,72,4230,3,41123,1,19,5,1,3342,7,5,744,0,0,1,3,1,48,3,0,0,0,1,1,1,1,1,1,1,1,1,0,0,0,0,0,0,1,1
41586984,0,49,1730,2,16700,1,22,1,1,998,2,5,437,0,0,1,1,1,35,5,0,0,1,1,1,1,1,1,1,1,1,1,0,0,0,0,0,0,1,1
41575392,0,74,3190,2,11586,1,17,1,1,1598,1,5,457,0,0,1,1,1,46,2,0,0,0,1,1,1,1,1,1,1,1,1,1,0,0,1,0,1,1,1
41604603,0,86,1650,7,81289,1,17,1,1,2359,3,5,717,0,0,1,0,1,50,5,0,0,1,1,1,1,1,1,1,1,1,1,0,1,0,0,1,1,0,1
41634301,0,49,1630,2,23985,1,18,8,1,998,2,5,907,0,0,1,0,1,33,5,0,0,0,0,1,1,1,1,1,1,1,1,0,0,0,0,0,0,0,0
41641211,0,50,2150,7,85804,4,2,1,1,2959,1,7,79,0,0,1,0,1,45,6,0,0,1,0,1,1,1,1,1,1,1,1,0,0,0,0,0,0,0,0
41643674,0,62,2250,3,61631,3,22,7,1,1580,1,5,684,0,0,1,0,1,37,1,0,0,0,0,1,1,1,1,1,1,1,1,0,1,0,0,1,1,0,1
40989405,0,68,3790,5,50352,4,2,7,1,2959,1,7,145,0,0,1,1,1,46,2,0,0,0,1,1,1,1,1,1,1,1,1,0,0,0,0,0,0,1,1
41346579,0,78,2620,5,73806,4,17,8,1,2151,1,5,41,0,0,1,0,1,40,1,0,1,1,1,1,1,0,1,0,1,1,1,0,0,0,0,0,0,0,0
41323468,0,58,3250,2,21731,4,22,10,1,2151,0,9,438,0,0,1,0,1,38,1,0,0,0,1,1,1,1,1,1,1,1,1,0,0,0,0,0,0,0,0
41313468,0,55,2130,7,93108,4,22,1,1,1995,1,5,271,0,0,1,7,0,50,6,0,0,1,1,1,1,1,1,1,1,1,1,0,0,0,0,0,0,1,1
41316511,0,78,2850,5,115649,3,22,8,1,1598,1,5,256,0,0,1,1,1,44,2,0,0,0,1,1,1,1,1,1,1,1,1,1,0,0,1,0,1,1,1
41321940,0,75,2648,4,110976,3,22,10,1,1598,1,5,881,0,0,1,3,1,47,4,0,0,1,1,1,1,1,1,1,1,1,1,1,0,0,1,0,1,1,1
41266985,0,78,2750,5,105942,3,17,1,1,1598,1,7,920,0,0,1,4,1,48,6,0,0,0,1,1,1,1,1,1,1,1,1,0,0,0,0,0,0,1,1
41266383,0,74,2480,4,65316,1,17,1,1,1598,1,5,480,0,0,1,4,1,46,7,0,0,1,1,1,1,1,1,1,1,1,1,4,1,0,1,1,1,1,1
41236476,0,74,2550,3,53980,4,22,10,1,1998,1,5,438,0,0,1,0,1,38,2,0,0,0,1,1,1,1,1,1,1,1,1,0,0,0,0,0,0,0,0
41537391,0,38,3550,2,10901,3,14,1,1,1999,7,5,10,0,0,1,1,1,48,5,0,0,1,1,1,1,1,1,1,1,1,1,0,0,0,0,0,0,1,1
41517031,0,69,1890,6,55176,1,16,7,1,1591,1,5,387,0,0,1,4,1,37,2,0,0,0,1,1,1,1,1,1,1,1,1,1,0,0,1,0,1,1,1
41503967,0,17,2999,3,61030,1,22,1,1,2497,3,5,208,0,0,1,0,1,47,4,0,0,1,1,1,1,1,1,1,1,1,1,0,0,0,0,0,0,0,0
41432108,0,95,4130,3,79977,4,2,1,1,2151,0,7,457,0,0,1,0,1,50,2,0,0,0,1,1,1,1,1,1,1,1,1,0,0,0,0,0,0,0,0
41612601,0,72,2740,5,80252,1,17,2,1,2497,7,5,934,0,0,1,1,1,48,3,0,0,0,1,1,1,1,1,1,1,1,1,0,0,0,0,0,0,1,1
41609130,0,77,1799,5,81009,4,19,5,1,1995,1,5,596,0,0,1,0,1,40,2,0,0,0,1,1,1,1,1,1,1,1,1,0,0,0,0,0,0,0,0
41593884,0,75,3199,3,21004,3,19,1,1,1598,1,5,9,0,0,1,2,1,45,6,0,0,0,1,1,1,1,1,1,1,1,1,0,1,0,0,1,1,1,1
41420713,0,55,1790,8,76868,4,19,8,1,2199,1,7,103,0,0,1,0,1,46,3,0,0,1,1,1,1,1,1,1,1,1,1,3,0,0,1,0,1,0,1
41344697,0,78,2710,5,67583,4,17,10,1,2151,1,6,102,0,0,1,3,1,48,7,0,0,0,1,1,1,1,1,1,1,1,1,0,0,0,0,0,0,1,1
41317189,0,68,3580,5,68371,4,22,7,1,2959,1,5,127,0,0,1,2,1,46,1,0,0,0,1,1,1,1,1,1,1,1,1,0,0,0,0,0,0,1,1
41324599,0,57,2230,7,83574,4,22,7,1,2199,0,9,600,0,0,1,1,1,46,2,0,0,0,1,1,1,1,1,1,1,1,1,0,0,0,0,0,0,1,1
41302950,0,58,4790,1,9625,4,2,13,1,2151,0,7,745,0,0,1,0,1,51,3,0,0,0,1,1,1,1,1,1,1,1,1,0,0,0,0,0,0,0,0
41305774,0,86,1250,10,107274,1,2,13,1,2359,3,5,757,0,0,1,0,1,44,2,0,0,0,0,1,1,1,1,1,1,1,1,0,0,0,0,0,0,0,0
41284992,0,14,1999,6,114942,1,2,1,1,2999,3,5,946,0,0,1,0,1,43,1,0,0,0,1,1,1,1,1,1,1,1,1,0,0,0,0,0,0,0,0
41556752,0,86,1599,8,65073,1,2,8,1,2359,3,5,907,0,0,1,0,1,47,1,0,0,0,1,1,1,1,1,1,1,1,1,0,1,0,0,1,1,0,1
41551847,0,58,3390,2,50735,4,22,1,1,2151,0,9,874,0,0,1,1,1,41,3,0,0,0,1,1,1,1,1,1,1,1,1,0,0,0,0,0,0,1,1
41544275,0,92,1050,10,119214,4,22,8,1,2199,0,9,250,0,0,1,6,1,35,2,0,0,0,0,1,1,0,1,1,1,1,1,0,4,0,0,1,1,1,1
41555916,0,47,1150,8,75065,1,22,8,1,998,2,5,280,0,0,1,2,1,29,1,0,0,0,0,1,1,0,1,1,1,0,1,0,0,0,0,0,0,1,1
41553228,0,86,1040,9,176617,1,19,1,1,3342,3,5,146,0,0,1,0,1,49,1,0,0,1,1,1,1,1,1,1,1,1,1,0,0,0,0,0,0,0,0
41496322,0,5,629,11,142236,1,22,1,1,1591,6,5,799,0,0,1,1,1,31,0,0,0,0,0,1,1,1,1,1,1,0,1,0,0,0,0,0,0,1,1
41461214,0,95,2700,5,83713,4,22,8,1,2151,0,9,680,0,0,1,0,1,44,2,0,0,0,1,1,1,1,1,1,1,1,1,1,5,0,1,1,1,0,1
41500668,0,38,3530,0,4234,3,14,4,1,1999,7,5,354,0,0,1,0,1,43,3,0,0,0,1,1,1,1,1,1,1,1,1,0,0,0,0,0,0,0,0
41425621,0,86,1799,7,46550,1,17,8,1,2359,3,5,907,0,0,1,1,1,47,1,0,0,0,1,1,1,1,1,1,1,1,1,0,0,0,0,0,0,1,1
41605618,0,18,3590,4,55469,3,22,1,1,1598,3,5,22,0,0,1,0,1,51,7,0,0,1,1,1,1,1,1,1,1,1,1,0,0,0,0,0,0,0,0
41571946,0,57,2400,7,55622,1,22,8,1,3342,0,7,85,0,0,1,2,1,46,4,0,0,1,1,1,1,1,1,1,1,1,1,0,0,0,0,0,0,1,1
41640535,0,33,599,10,149785,1,22,10,1,1591,6,5,203,0,0,1,2,1,29,2,0,0,0,0,1,1,1,1,1,1,0,1,0,0,0,0,0,0,1,1
41233499,0,57,2250,6,33025,4,17,1,1,2199,0,7,920,0,0,1,1,1,41,2,0,0,0,1,1,1,1,1,1,1,1,1,0,0,0,0,0,0,1,1
41232017,0,34,2760,4,18902,1,22,8,1,1598,6,5,194,0,0,1,1,1,40,2,0,0,1,1,1,1,1,1,1,1,1,1,0,0,0,0,0,0,1,1
41223117,0,12,2280,5,92798,3,2,1,1,1999,7,5,859,0,0,1,0,1,44,4,0,0,1,1,1,1,1,1,1,1,1,1,0,0,0,0,0,0,0,0
41226208,0,57,1630,6,118343,4,11,1,1,2199,0,9,859,0,0,1,3,1,41,1,0,0,0,0,1,1,1,1,1,1,1,1,0,0,0,0,0,0,1,1
41208575,0,38,3425,2,15177,3,22,5,1,1999,7,5,597,0,0,1,0,1,48,6,0,0,1,1,1,1,1,1,1,1,1,1,0,0,0,0,0,0,0,0
41220799,0,74,2870,2,31746,4,17,1,1,1998,1,5,495,0,0,1,1,1,37,2,0,0,0,1,1,1,1,1,1,1,1,1,0,0,0,0,0,0,1,1
41222254,0,95,2499,5,100668,4,2,8,1,2151,0,9,262,0,0,1,1,1,44,1,0,0,0,1,1,1,1,1,1,1,1,1,0,0,0,0,0,0,1,1
41217422,0,12,2440,6,43079,3,19,8,1,1999,7,5,141,0,0,1,1,1,43,5,0,0,1,1,1,1,1,1,1,1,1,1,0,0,0,0,0,0,1,1
41193206,0,97,4880,0,7385,1,22,8,1,2497,8,5,200,0,0,1,0,1,44,0,0,1,0,1,1,1,1,1,1,1,1,1,0,0,0,0,0,0,0,0
41186630,0,62,1960,4,145860,3,5,10,1,1580,1,5,242,0,0,1,1,1,44,3,0,0,0,1,1,1,1,1,1,1,1,1,0,0,0,0,0,0,1,1
40925897,0,73,1690,8,22652,4,22,10,1,1685,1,5,375,0,0,1,0,1,41,7,0,0,1,0,1,1,1,1,1,1,1,1,0,1,0,0,1,1,0,1
40902649,0,32,3820,1,17338,5,22,1,1,120,7,5,678,0,0,1,0,1,41,1,0,0,0,1,1,1,1,1,1,1,1,1,0,0,0,0,0,0,0,0
40899433,0,55,1299,8,172582,4,22,1,1,1995,1,5,9,0,0,1,2,1,27,1,0,0,0,0,1,1,0,0,1,1,0,1,0,0,0,0,0,0,1,1
40901405,0,43,4290,3,24085,1,2,5,1,3778,3,5,593,0,0,1,2,1,49,0,0,0,0,1,1,1,1,1,1,1,1,1,0,0,0,0,0,0,1,1
40799340,0,85,1550,5,54248,1,22,10,1,1598,6,5,665,0,0,1,2,1,37,3,0,0,0,0,1,1,1,1,1,1,1,1,0,0,0,0,0,0,1,1
40756289,0,95,2680,3,71864,4,22,1,1,2151,0,9,495,0,0,1,3,1,38,3,0,0,0,1,1,1,1,1,1,1,1,1,0,0,0,0,0,0,1,1
40866565,0,68,3950,3,91121,4,2,1,1,2959,1,7,403,0,0,1,0,0,47,2,0,0,0,1,1,1,1,1,1,1,1,1,0,0,0,0,0,0,0,0
40856679,0,67,1190,12,155324,4,2,5,1,2959,1,7,593,0,0,1,0,1,44,1,0,0,1,0,1,1,1,1,1,1,1,1,0,0,0,0,0,0,0,0
40881077,0,74,2320,4,84320,4,22,1,1,1998,1,5,640,0,0,1,0,1,37,2,0,0,0,1,1,1,1,1,1,1,1,1,0,0,0,0,0,0,0,0
40824565,0,57,2699,7,42344,4,22,5,1,2199,0,9,378,0,0,1,3,1,41,1,0,0,0,1,1,1,1,1,1,1,1,1,0,0,0,0,0,0,1,1
40873540,0,78,2450,4,124601,3,19,1,1,1598,1,5,570,0,0,1,0,1,42,0,0,0,0,1,1,1,1,1,0,1,1,1,0,0,0,0,0,0,0,0
41156419,0,78,3200,4,56009,4,22,8,1,2151,1,5,683,0,0,1,1,1,48,3,0,0,1,1,1,1,1,1,1,1,1,1,0,1,0,0,1,1,1,1
41145615,0,95,4290,3,13132,1,2,10,1,3470,0,9,700,0,0,1,1,1,50,0,0,0,0,1,1,1,1,1,1,1,1,1,1,0,0,1,0,1,1,1
41125193,0,18,2860,4,43042,3,2,8,1,1598,3,5,683,0,0,1,1,1,46,2,0,0,0,1,1,1,1,1,1,1,1,1,2,0,0,1,0,1,1,1
41075010,0,88,478,13,87239,1,22,13,1,998,2,5,509,0,0,1,3,1,26,3,0,0,0,0,1,1,1,1,1,1,0,1,2,0,0,1,0,1,1,1
41222102,0,97,4930,0,18494,1,2,8,1,2497,8,5,231,0,0,1,0,1,46,0,0,1,1,1,1,1,1,1,1,1,1,1,0,0,0,0,0,0,0,0
41221498,0,78,3130,4,50362,1,22,8,1,2497,1,7,121,0,0,1,2,1,47,4,0,0,0,1,1,1,1,1,1,1,1,1,0,0,0,0,0,0,1,1
41218733,0,46,2230,4,63799,3,17,8,1,1580,1,5,415,0,1,1,0,1,42,1,0,0,0,1,1,1,1,1,1,1,1,1,0,0,0,0,0,0,0,0
41189541,0,68,3250,5,93135,4,2,10,1,2959,1,5,15,0,0,1,3,1,48,2,0,0,1,1,1,1,1,1,1,1,1,1,0,0,0,0,0,0,1,1
41188994,0,47,959,7,111851,1,18,1,1,998,2,5,762,0,0,1,1,1,29,3,0,0,0,0,1,1,0,1,1,1,0,1,0,0,0,0,0,0,1,1
41196200,0,95,2349,5,169727,4,22,1,1,2151,0,9,955,0,0,1,2,1,47,5,0,0,1,1,1,1,1,1,1,1,1,1,1,0,0,1,0,1,1,1
41192502,0,74,2579,3,33709,1,14,1,1,1598,1,5,822,0,0,1,5,1,45,5,0,0,0,1,1,1,1,1,1,1,1,1,5,0,0,1,0,1,1,1
41132102,0,34,2500,3,30382,1,17,10,1,1591,6,5,912,0,0,1,0,1,41,4,0,0,1,1,1,1,1,1,1,1,1,1,0,0,0,0,0,0,0,0
41110571,0,3,3380,3,44563,5,2,8,1,111,6,5,683,0,0,1,5,1,45,0,0,0,0,1,1,1,1,1,1,1,1,1,0,1,0,0,1,1,1,1
41113209,0,90,1640,10,82138,4,2,7,1,2199,1,5,319,0,0,1,0,1,47,2,0,0,0,0,1,1,1,1,1,1,1,1,0,0,0,0,0,0,0,0
41085220,0,38,3080,2,37768,3,2,8,1,1999,7,5,256,0,0,1,4,1,47,4,0,0,0,1,1,1,1,1,1,1,1,1,2,2,0,1,1,1,1,1
39509950,0,57,1650,7,127041,4,2,7,1,2199,0,9,192,0,0,1,3,1,44,2,0,0,1,1,1,1,1,1,1,1,1,1,2,0,0,1,0,1,1,1
36905492,0,61,550,14,136965,0,2,4,1,2999,3,5,106,0,0,1,12,0,31,0,0,0,0,0,1,1,1,1,1,1,1,1,0,0,0,0,0,0,1,1
39129494,0,68,2690,5,41900,4,2,8,1,2959,1,6,581,0,0,0,0,0,48,4,0,0,1,1,1,1,1,1,1,1,1,1,0,0,0,0,0,0,0,0
38764432,0,31,2090,6,189353,1,22,5,1,3778,3,5,439,0,0,1,1,1,51,0,0,0,0,1,1,1,1,1,1,1,1,1,1,0,0,1,0,1,1,1
38405673,0,64,670,11,153763,1,18,1,1,998,2,5,495,0,0,1,2,1,23,0,0,0,0,0,1,1,0,1,0,1,0,1,1,0,0,1,0,1,1,1
38401220,0,85,890,7,75600,1,22,1,1,1598,6,5,87,0,0,1,0,1,18,0,1,0,0,0,0,0,0,0,0,0,0,0,2,1,0,1,1,1,0,1
40328456,0,88,480,12,74322,1,22,1,1,998,2,5,999,0,0,1,2,1,15,1,0,0,0,0,1,0,0,0,0,1,0,1,2,0,0,1,0,1,1,1
40032308,0,92,750,10,264704,4,2,6,1,2199,0,9,209,0,0,1,3,1,43,0,0,0,0,0,1,1,1,1,1,1,1,1,1,0,0,1,0,1,1,1
39973503,0,95,3699,5,63105,1,22,5,1,3470,0,9,676,0,0,1,3,1,49,3,0,1,0,1,1,1,1,1,1,1,1,1,0,0,0,0,0,0,1,1
39971912,0,7,520,14,87217,1,2,1,1,1998,7,5,861,0,0,1,4,1,33,1,0,0,0,0,1,0,1,1,0,1,0,1,0,1,0,0,1,1,1,1
40213357,0,78,3343,5,110000,4,17,1,1,2151,1,5,314,0,0,0,0,0,42,1,3,0,0,1,1,1,1,1,1,1,1,1,0,0,0,0,0,0,0,0
39941343,0,88,355,11,145603,1,18,7,1,998,2,5,906,0,0,1,3,1,20,1,0,0,0,0,1,0,0,0,0,1,0,1,1,1,0,1,1,1,1,1
41614216,0,76,620,14,186172,4,22,5,1,1995,1,5,610,0,0,1,0,1,34,1,1,0,1,0,1,1,1,1,1,1,0,1,0,0,0,0,0,0,0,0
41606681,0,70,1190,7,79842,1,19,8,1,1368,1,5,392,0,0,1,5,1,35,2,0,0,1,0,1,1,1,1,0,1,1,1,0,0,0,0,0,0,1,1
41603988,0,18,2690,2,114092,3,22,5,1,1598,3,5,511,0,0,1,1,1,46,1,0,0,0,1,1,1,1,1,1,1,1,1,0,0,0,0,0,0,1,1
40213405,0,56,3650,1,5000,4,22,1,1,2151,1,5,314,0,0,0,0,0,42,1,3,0,0,1,1,1,1,1,1,1,1,1,0,0,0,0,0,0,0,0
40227676,0,40,4066,1,1700,0,22,1,1,3470,3,5,314,0,0,0,0,0,48,0,3,0,1,1,1,1,1,1,1,1,1,1,0,0,0,0,0,0,0,0
40213631,0,58,3963,2,28000,4,22,1,1,2151,0,9,314,0,0,0,0,0,39,3,3,0,0,1,1,1,1,1,1,1,1,1,0,0,0,0,0,0,0,0
40240874,0,17,3174,4,73000,0,2,1,1,3470,3,5,314,0,0,0,0,0,36,4,1,0,1,1,1,1,1,1,1,1,1,1,0,0,0,0,0,0,0,0
40098908,0,67,1130,11,166483,4,22,5,1,2959,1,7,370,0,0,1,6,1,44,2,0,0,1,0,1,1,1,1,1,1,1,1,0,0,0,0,0,0,1,1
40098308,0,92,979,11,125192,4,11,10,1,2199,0,11,863,0,0,1,5,1,41,2,0,0,1,0,1,1,1,1,1,1,1,1,1,1,0,1,1,1,1,1
40092314,0,87,1220,9,153868,3,2,1,1,2359,3,5,447,0,0,1,4,1,46,3,0,0,0,1,1,1,1,1,1,1,1,1,0,0,0,0,0,0,1,1
39921765,0,39,750,13,130687,1,2,14,1,2359,3,5,416,0,0,1,7,1,39,1,0,0,1,0,1,1,1,1,1,1,0,1,2,0,0,1,0,1,1,1
39656498,0,92,950,9,246677,4,22,7,1,2199,0,7,827,0,0,1,4,1,41,1,0,0,0,0,1,1,1,1,1,1,1,1,2,0,0,1,0,1,1,1
39614551,0,55,1990,8,73316,4,17,5,1,2199,1,5,865,0,0,1,4,1,47,3,0,0,0,1,1,1,1,1,1,1,1,1,0,1,0,0,1,1,1,1
41316869,0,44,2390,3,22175,1,22,10,1,998,2,2,164,0,0,1,0,1,16,0,0,0,0,0,1,1,0,0,1,0,0,0,0,0,0,0,0,0,0,0
41284776,0,71,1390,8,137855,1,22,1,1,1998,7,5,1007,0,0,1,5,1,48,2,0,0,0,1,1,1,1,1,1,1,1,1,4,3,0,1,1,1,1,1
41281711,0,55,1699,7,110949,4,17,7,1,2199,1,5,48,0,0,1,3,1,45,1,0,0,0,1,1,1,1,1,1,1,1,1,3,0,0,1,0,1,1,1
41539687,0,93,539,12,237775,0,22,1,1,1999,0,7,903,0,0,1,3,1,37,1,0,1,1,1,1,1,1,1,1,1,0,1,2,0,0,1,0,1,1,1
41502595,0,35,700,11,86273,1,2,4,1,1999,7,5,986,0,0,1,4,1,37,2,0,0,1,0,1,1,1,1,1,1,1,1,4,0,0,1,0,1,1,1
41347946,0,18,2640,4,76721,3,17,1,1,1598,3,5,453,0,0,1,1,1,46,2,0,0,0,1,1,1,1,1,1,1,1,1,0,0,0,0,0,0,1,1
41594088,0,75,3650,3,8067,3,22,10,1,1598,1,5,826,0,0,1,0,0,47,4,0,0,1,1,1,1,1,1,1,1,1,1,0,0,0,0,0,0,0,0
41596944,0,7,480,15,123019,1,11,1,1,1998,7,5,583,0,0,1,4,1,26,0,0,0,0,0,1,1,1,0,1,1,0,1,0,1,0,0,1,1,1,1
41312213,0,73,1280,10,52413,4,22,8,1,1685,1,5,18,0,0,1,3,1,38,4,0,1,1,0,1,1,0,1,1,1,1,1,2,0,0,1,0,1,1,1
41312054,0,95,3539,3,29967,4,17,5,1,2151,0,9,989,0,0,1,2,1,47,3,0,0,0,1,1,1,1,1,1,1,1,1,0,0,0,0,0,0,1,1
41286194,0,89,815,9,72155,1,18,5,1,998,2,5,418,0,0,1,1,1,27,1,0,0,0,0,1,1,0,1,1,1,0,1,0,0,0,0,0,0,1,1
41286058,0,92,1549,10,186603,4,2,5,1,2199,0,7,629,0,0,1,1,1,45,0,0,0,0,0,1,1,1,1,1,1,1,1,0,0,0,0,0,0,1,1
41275871,0,98,280,16,121871,1,2,5,1,1591,6,5,1005,0,0,1,4,1,24,0,0,0,0,0,1,1,0,1,1,1,0,1,6,0,0,1,0,1,1,1
41279514,0,44,1120,3,91560,1,2,5,1,998,2,2,25,0,0,1,0,1,28,0,0,1,0,0,1,1,1,1,1,1,0,1,1,0,0,1,0,1,0,1
41534806,0,78,2350,5,106371,4,1,5,1,2151,1,5,609,0,0,1,1,1,44,3,0,0,1,1,1,1,1,1,1,1,1,1,1,0,0,1,0,1,1,1
41471316,0,64,790,11,114258,2,22,1,1,998,2,5,318,0,0,1,2,1,30,1,0,0,0,0,1,1,1,1,1,1,0,1,0,0,0,0,0,0,1,1
41548740,0,10,490,13,92175,3,2,4,1,1999,7,5,6,0,0,1,7,1,29,0,0,0,0,0,1,1,1,1,1,1,0,1,8,0,0,1,0,1,1,1
41653416,0,74,2290,2,139037,0,17,1,1,1999,1,5,461,0,0,1,4,1,46,1,0,0,0,1,1,1,1,1,1,1,1,1,8,0,0,1,0,1,1,1
41650658,0,66,1080,5,58773,1,2,1,1,998,2,5,848,0,0,1,2,1,30,2,0,0,0,0,1,1,1,1,1,1,1,1,0,0,0,0,0,0,1,1
40366911,0,48,480,10,98484,1,22,1,1,998,2,2,640,0,0,1,3,1,15,1,0,1,0,0,0,1,0,0,1,1,0,0,0,1,0,0,1,1,1,1
39899343,0,10,630,12,140734,3,11,1,1,1999,7,5,115,0,0,1,8,1,34,2,0,0,0,0,1,1,1,1,1,1,0,1,0,0,0,0,0,0,1,1
41108022,0,9,2780,5,28715,1,2,1,1,1598,7,5,578,0,0,1,1,1,47,8,0,0,1,1,1,1,1,1,1,1,1,1,0,0,0,0,0,0,1,1
40458710,0,74,3050,3,55662,1,22,1,1,1598,1,5,502,0,0,1,1,1,45,3,0,0,1,1,1,1,1,1,1,1,1,1,0,0,0,0,0,0,1,1
40667946,0,95,3570,3,79691,4,2,1,1,2151,0,7,235,0,0,1,0,1,49,3,0,0,1,1,1,1,1,1,1,1,1,1,0,0,0,0,0,0,0,0
39972140,0,18,2879,3,62543,3,2,10,1,1598,3,5,263,0,0,1,0,1,46,1,0,0,0,1,1,1,1,1,1,1,1,1,0,0,0,0,0,0,0,0
39498509,0,36,1099,7,123238,0,22,13,1,1999,7,5,285,0,0,1,1,1,28,4,0,0,0,0,1,1,0,1,1,1,0,1,2,0,0,1,0,1,1,1
41433367,0,46,1750,6,116993,3,22,1,1,1580,1,5,578,0,0,1,0,1,42,2,0,0,0,1,1,1,1,1,1,1,1,1,0,0,0,0,0,0,0,0
41385442,0,71,1750,7,83267,1,8,1,1,1998,7,5,578,0,0,1,2,1,42,4,0,0,1,1,1,1,1,1,1,1,1,1,0,0,0,0,0,0,1,1
41577856,0,95,3460,3,55480,1,22,7,1,3470,0,7,191,0,0,1,2,1,49,7,0,0,0,1,1,1,1,1,1,1,1,1,2,0,0,1,0,1,1,1
41576904,0,57,1880,7,92272,4,22,2,1,2199,0,9,152,0,0,1,6,1,46,3,0,0,0,1,1,1,1,1,1,1,1,1,2,0,0,1,0,1,1,1
41554717,0,74,2780,3,37789,4,2,5,1,1998,1,5,313,0,0,1,0,1,33,1,0,0,0,1,1,0,0,1,0,1,1,1,1,0,0,1,0,1,0,1
41640487,0,3,648,4,106448,5,22,8,1,111,6,5,314,0,0,1,0,0,45,0,0,0,0,1,1,1,1,1,1,1,1,1,0,0,0,0,0,0,0,0
40883927,0,88,200,11,179018,1,8,10,1,998,2,2,232,0,0,1,7,1,9,1,0,0,0,0,0,0,0,0,0,0,0,0,2,0,0,1,0,1,1,1
40874529,0,97,1830,0,2475,1,20,8,1,2497,8,5,314,0,0,1,0,0,44,0,0,0,0,0,1,1,1,1,1,1,1,1,0,0,0,0,0,0,0,0
40873965,0,92,909,11,178048,4,11,2,1,2199,0,9,181,0,0,1,7,1,45,3,0,0,1,0,1,1,1,1,1,1,1,1,1,1,0,1,1,1,1,1
40867628,0,86,780,10,176080,0,22,10,1,2999,3,5,963,0,0,1,2,1,36,0,0,0,0,1,1,1,1,1,1,1,0,1,0,0,0,0,0,0,1,1
40866859,0,28,1220,9,127973,3,19,1,1,1580,1,5,991,0,0,1,4,1,38,3,0,0,0,0,1,1,1,1,1,1,1,1,2,0,0,1,0,1,1,1
40856641,0,10,380,13,202058,3,22,1,1,1999,7,5,224,0,0,1,5,1,37,1,0,0,0,0,1,1,1,1,1,1,1,1,0,0,0,0,0,0,1,1
40843673,0,90,1300,10,130198,4,22,5,1,1995,1,5,307,0,0,1,4,1,40,2,0,0,0,1,1,1,1,1,1,1,1,1,1,0,0,1,0,1,1,1
40802385,0,31,2340,7,113564,1,22,1,1,3342,3,5,133,0,0,1,7,1,51,2,0,0,0,1,1,1,1,1,1,1,1,1,0,0,0,0,0,0,1,1
40799919,0,57,1690,7,145076,4,22,5,1,2199,0,9,771,0,0,1,1,1,48,3,0,0,1,1,1,1,1,1,1,1,1,1,0,0,0,0,0,0,1,1
41190340,0,77,1390,7,99993,4,2,14,1,1995,1,5,442,0,0,1,3,1,34,1,0,1,0,0,1,1,1,1,1,1,1,1,0,0,0,0,0,0,1,1
41265318,0,89,1030,8,69131,1,22,5,1,998,2,5,389,0,0,1,0,1,30,4,0,0,0,0,1,1,1,1,1,1,0,1,0,0,0,0,0,0,0,0
41009576,0,9,1790,5,71338,1,2,1,1,1598,7,5,883,0,0,1,2,1,46,5,0,0,0,1,1,1,1,1,1,1,1,1,3,0,0,1,0,1,1,1
40986037,0,100,390,29,78764,1,4,1,1,1323,4,5,245,0,0,1,0,1,0,0,0,0,0,0,0,0,0,0,0,0,0,0,1,3,0,1,1,1,0,1
40923549,0,64,550,10,158010,1,8,10,1,998,2,5,291,0,0,1,1,1,26,1,0,0,0,0,1,1,0,1,1,1,0,1,1,1,0,1,1,1,1,1
41213324,0,75,2990,3,78535,3,17,10,1,1598,1,5,700,0,0,1,2,1,46,3,0,0,0,1,1,1,1,1,1,1,1,1,2,0,0,1,0,1,1,1
40537187,0,5,580,11,86443,1,22,9,1,1591,6,5,390,0,0,1,9,1,28,2,0,0,0,0,1,1,1,0,1,1,0,1,0,0,0,0,0,0,1,1
40518652,0,33,649,10,80825,4,14,1,1,1582,6,5,9,0,0,1,7,1,28,1,0,0,0,0,1,1,1,0,1,1,0,1,5,4,0,1,1,1,1,1
40428582,0,67,650,18,91208,4,14,10,1,2959,1,7,921,0,0,1,12,1,37,0,0,0,1,0,1,1,1,1,1,1,0,1,2,1,0,1,1,1,1,1
40387870,0,76,580,13,188619,4,22,7,1,1995,1,5,191,0,0,1,2,1,32,1,0,0,0,0,1,1,1,1,1,1,1,1,0,0,0,0,0,0,1,1
40376841,0,39,550,12,128415,1,2,4,1,2999,3,5,59,0,0,1,4,1,41,0,0,0,0,0,1,1,1,1,1,1,1,1,2,3,0,1,1,1,1,1
41240868,0,47,1090,7,59654,1,18,5,1,998,2,5,383,0,0,1,4,1,29,2,0,0,0,0,1,1,0,1,1,1,0,1,0,0,0,0,0,0,1,1
41319060,0,88,350,12,141760,1,18,1,1,998,2,5,42,0,0,1,3,1,18,1,0,0,0,0,1,0,0,0,0,1,0,1,2,3,0,1,1,1,1,1
41322983,0,14,1595,6,114496,1,2,5,1,2497,3,5,25,0,0,1,1,1,38,0,0,0,0,1,1,1,1,1,1,1,1,1,0,0,0,0,0,0,1,1
41315153,0,95,2050,5,170096,1,19,10,1,3470,0,9,385,0,0,1,2,1,44,3,0,0,0,1,1,1,1,1,1,1,1,1,4,0,0,1,0,1,1,1
41263002,0,72,3680,5,66284,1,22,8,1,3342,7,5,32,0,0,1,0,1,49,4,0,0,1,1,1,1,1,1,1,1,1,1,0,0,0,0,0,0,0,0
41250765,0,31,1900,6,191829,1,7,10,1,3778,3,5,943,0,0,1,2,1,51,1,0,0,0,1,1,1,1,1,1,1,1,1,0,0,0,0,0,0,1,1
41232963,0,78,2740,5,120577,3,22,1,1,1598,1,5,930,0,0,1,3,1,48,4,0,0,0,1,1,1,1,1,1,1,1,1,2,1,0,1,1,1,1,1
41325766,0,31,1980,6,145976,1,2,5,1,3778,3,5,25,0,0,1,5,1,50,1,0,0,1,1,1,1,1,1,1,1,1,1,0,0,0,0,0,0,1,1
41322712,0,17,2990,3,74561,1,17,5,1,2497,3,5,389,0,0,1,1,1,51,5,0,0,1,1,1,1,1,1,1,1,1,1,0,0,0,0,0,0,1,1
41325155,0,7,500,14,189544,0,11,1,1,1999,7,5,570,0,0,1,0,1,17,0,0,0,0,0,1,1,0,0,1,0,0,1,1,0,0,1,0,1,0,1
41159238,0,88,325,12,154197,1,21,4,1,998,2,5,105,0,0,1,2,1,16,2,0,0,0,0,1,0,0,0,0,1,0,1,0,0,0,0,0,0,1,1
41134810,0,48,499,10,55447,1,11,8,1,998,2,5,39,0,0,1,2,1,20,2,0,0,0,0,1,0,0,0,0,1,0,1,2,2,0,1,1,1,1,1
41274795,0,74,2890,4,13169,1,22,1,1,1598,1,5,695,0,0,1,2,1,45,1,0,0,0,1,1,1,1,1,1,1,1,1,0,0,0,0,0,0,1,1
41262040,0,37,3200,2,14481,1,14,9,1,1598,7,5,653,0,0,1,5,1,48,6,0,0,1,1,1,1,1,1,1,1,1,1,0,1,0,0,1,1,1,1
41120364,0,95,2400,5,94424,4,22,1,1,2151,0,9,806,0,0,1,2,1,37,3,0,0,0,1,1,1,1,1,1,1,1,1,1,3,0,1,1,1,1,1
41075040,0,67,950,11,162545,4,22,10,1,2959,1,7,639,0,0,1,2,1,44,1,0,0,1,0,1,1,1,1,1,1,1,1,0,0,0,0,0,0,1,1
40761317,0,67,1200,12,94664,4,1,10,1,2959,1,7,700,0,0,1,3,1,43,0,0,0,0,0,1,1,1,1,1,1,1,1,1,0,0,1,0,1,1,1
40681882,0,96,360,13,218409,4,2,1,1,2199,0,11,793,0,0,1,4,1,34,0,0,0,1,0,1,1,1,1,1,1,0,1,3,0,0,1,0,1,1,1
40526448,0,50,1350,9,119547,4,17,7,1,2959,1,5,446,0,0,1,9,1,38,1,0,0,0,0,1,1,1,1,1,1,1,1,2,0,0,1,0,1,1,1
40458218,0,13,470,15,171557,1,2,5,1,3470,3,5,432,0,0,1,5,1,40,1,0,0,1,0,1,1,1,1,1,1,1,1,0,0,0,0,0,0,1,1
40899723,0,18,2490,3,95252,3,22,1,1,1598,3,5,9,0,0,1,0,1,41,2,0,0,0,1,1,1,1,1,1,1,1,1,0,0,0,0,0,0,0,0
40886130,0,57,9999,6,151984,4,22,10,1,2199,0,9,242,0,0,1,0,1,41,2,0,0,0,0,1,1,1,1,1,1,1,1,1,0,0,1,0,1,0,1
40895637,0,66,790,5,23941,1,22,1,1,998,2,2,253,0,0,1,1,1,22,0,0,0,0,0,1,1,0,1,1,1,0,1,0,0,0,0,0,0,1,1
40797015,0,50,1380,9,130861,4,11,1,1,2959,1,5,133,0,0,1,4,1,38,2,0,0,0,0,1,1,1,1,1,1,1,1,0,1,0,0,1,1,1,1
40589333,0,97,5440,0,59,1,1,8,1,2497,8,5,821,0,0,1,0,1,46,0,0,1,1,1,1,1,1,1,1,1,1,1,0,0,0,0,0,0,0,0
40611608,0,69,1950,4,43464,1,22,1,1,1591,1,5,732,0,0,1,0,1,33,2,0,0,0,0,1,1,1,1,1,1,1,1,0,0,0,0,0,0,0,0
40577999,0,58,6490,2,36209,3,22,1,1,1598,0,9,883,0,0,1,0,1,49,0,0,0,0,1,1,1,1,1,1,1,1,1,0,0,0,0,0,0,0,0
41069138,0,89,810,8,74040,1,22,6,1,998,2,5,606,0,0,1,6,1,27,2,0,0,0,0,1,1,0,1,1,1,0,1,2,0,0,1,0,1,1,1
41069214,0,78,3850,4,59794,3,2,1,1,1598,1,5,23,0,0,1,0,1,48,2,0,0,0,1,1,1,1,1,1,1,1,1,0,0,0,0,0,0,0,0
41019566,0,82,1620,5,73505,1,22,8,1,1591,6,5,256,0,0,1,1,1,41,1,0,0,0,1,1,1,1,1,1,1,1,1,1,0,0,1,0,1,1,1
41014649,0,78,3470,3,32940,3,17,8,1,1598,1,5,683,0,0,1,0,1,47,2,0,0,0,1,1,1,1,1,1,1,1,1,0,0,0,0,0,0,0,0
40733951,0,92,1299,9,143052,4,2,1,1,2199,0,9,762,0,0,1,1,1,44,1,0,1,1,0,1,1,1,1,1,1,1,1,2,0,0,1,0,1,1,1
41164439,0,95,2340,5,160607,4,17,1,1,2151,0,9,920,0,0,1,0,1,50,7,0,1,1,1,1,1,1,1,1,1,1,1,0,2,0,0,1,1,0,1
41038370,0,95,2580,4,63132,4,22,1,1,2151,0,9,633,0,0,1,1,1,39,3,0,0,0,1,1,1,1,1,1,1,1,1,1,0,0,1,0,1,1,1
41184995,0,78,2940,3,67625,4,22,1,1,2151,1,5,253,0,0,1,0,1,42,2,0,0,0,1,1,1,1,1,1,1,1,1,0,0,0,0,0,0,0,0
41182238,0,69,2260,4,44137,1,17,1,1,1591,1,5,62,0,0,1,0,1,41,3,0,0,0,1,1,1,1,1,1,1,1,1,0,0,0,0,0,0,0,0
41175702,0,78,2999,5,85346,3,2,1,1,1598,1,7,874,0,0,1,0,1,47,2,0,0,0,1,1,1,1,1,1,1,1,1,0,0,0,0,0,0,0,0
41146920,0,14,2199,6,98583,1,22,1,1,2497,3,5,828,0,0,1,1,1,49,5,0,0,1,1,1,1,1,1,1,1,1,1,0,0,0,0,0,0,1,1
41102776,0,56,4150,2,12670,3,22,1,1,1598,1,5,124,0,0,1,0,1,50,3,0,0,1,1,1,1,1,1,1,1,1,1,0,0,0,0,0,0,0,0
41088478,0,78,2900,4,76649,3,2,10,1,1598,1,5,943,0,0,1,4,1,47,3,0,0,0,1,1,1,1,1,1,1,1,1,1,0,0,1,0,1,1,1
41168267,0,9,2250,6,86948,1,2,7,1,1591,7,5,860,0,0,1,1,1,47,6,0,0,1,1,1,1,1,1,1,1,1,1,0,0,0,0,0,0,1,1
41165423,0,9,1800,6,41211,1,17,13,1,1999,7,5,869,0,0,1,0,1,38,3,0,0,0,1,1,1,1,1,1,1,1,1,0,0,0,0,0,0,0,0
41308046,0,3,3240,4,80561,5,19,1,1,111,6,5,987,0,0,1,1,1,47,3,0,0,1,1,1,1,1,1,1,1,1,1,0,0,0,0,0,0,1,1
41322206,0,71,1550,8,141318,1,2,1,1,1998,7,5,678,0,0,1,3,1,47,1,0,0,0,1,1,1,1,1,1,1,1,1,0,0,0,0,0,0,1,1
41293306,0,12,2450,3,78491,3,19,1,1,1999,7,5,478,0,0,1,0,1,45,3,0,0,1,1,1,1,1,1,1,1,1,1,0,0,0,0,0,0,0,0
41209970,0,9,2420,6,43659,1,17,7,1,1598,7,5,982,0,0,1,0,1,46,4,0,0,0,1,1,1,1,1,1,1,1,1,0,0,0,0,0,0,0,0
41261317,0,78,4299,3,29572,3,22,8,1,1598,1,6,123,0,0,1,0,1,49,8,0,0,1,1,1,1,1,1,1,1,1,1,0,0,0,0,0,0,0,0
41253387,0,78,3550,3,16921,1,22,1,1,2497,1,5,544,0,0,1,1,1,47,3,0,0,0,1,1,1,1,1,1,1,1,1,0,0,0,0,0,0,1,1
41203053,0,77,1800,6,86133,4,22,1,1,1995,1,5,845,0,0,1,0,1,40,4,0,0,0,1,1,1,1,1,1,1,1,1,0,1,0,0,1,1,0,1
41077137,0,56,3740,2,39885,1,2,1,1,2497,1,5,776,0,0,1,0,1,49,4,0,0,0,1,1,1,1,1,1,1,1,1,0,0,0,0,0,0,0,0
41014138,0,68,4380,4,39714,4,2,1,1,2959,1,6,447,0,0,1,1,1,48,3,0,0,1,1,1,1,1,1,1,1,1,1,0,0,0,0,0,0,1,1
40958027,0,10,550,12,151030,3,2,8,1,1999,7,5,556,0,0,1,8,1,33,1,0,0,0,0,1,1,1,1,0,1,1,1,0,2,0,0,1,1,1,1
40953881,0,95,4430,5,64168,4,2,6,1,2151,0,9,113,0,0,1,0,1,44,0,0,0,0,1,1,1,1,1,1,1,1,1,0,0,0,0,0,0,0,0
40852340,0,95,3800,4,73051,4,22,1,1,2151,0,9,886,0,0,1,1,1,48,5,0,0,0,1,1,1,1,1,1,1,1,1,0,0,0,0,0,0,1,1
40728358,0,23,890,12,127782,4,22,5,1,1995,1,5,593,0,0,1,3,1,37,3,0,0,0,0,1,1,1,1,1,1,1,1,0,0,0,0,0,0,1,1
41534171,0,94,440,14,159356,1,22,1,1,1591,4,5,570,0,0,1,0,1,30,3,0,0,1,0,1,1,1,1,1,1,0,1,1,1,0,1,1,1,0,1
41535467,0,9,1880,4,64635,0,2,1,1,1999,7,5,619,0,0,1,2,1,35,1,0,0,0,1,1,1,1,1,1,1,1,1,2,0,0,1,0,1,1,1
41517580,0,95,3640,3,31729,4,22,1,1,2151,0,9,271,0,0,1,0,1,48,6,0,0,1,1,1,1,1,1,1,1,1,1,0,0,0,0,0,0,0,0
41421780,0,14,2080,5,75122,1,2,1,1,2497,3,5,10,0,0,1,1,1,48,5,0,1,1,1,1,1,1,1,1,1,1,1,4,2,0,1,1,1,1,1
41375556,0,57,2430,7,59991,4,22,1,1,2199,0,9,502,0,0,1,0,1,47,3,0,0,1,1,1,1,1,1,1,1,1,1,0,0,0,0,0,0,0,0
41408331,0,92,1050,9,130744,4,2,1,1,2199,0,9,230,0,0,1,4,1,36,1,0,1,0,1,1,1,1,1,1,1,1,1,2,2,0,1,1,1,1,1
41368672,0,47,850,5,70818,1,22,1,1,998,2,2,958,0,0,1,1,1,17,0,0,0,0,0,1,1,0,1,0,1,0,0,0,0,0,0,0,0,1,1
41368858,0,68,3550,6,53897,4,2,1,1,2959,1,6,920,0,0,1,1,1,49,2,0,0,1,1,1,1,1,1,1,1,1,1,0,0,0,0,0,0,1,1
41234097,0,92,1650,10,76366,1,22,1,1,3342,0,9,932,0,0,1,13,1,46,2,0,0,0,0,1,1,1,1,1,1,1,1,0,3,0,0,1,1,1,1
41333515,0,95,3150,5,60905,4,22,8,1,2151,0,9,72,0,1,1,1,1,49,7,0,0,1,1,1,1,1,1,1,1,1,1,0,0,0,0,0,0,1,1
41508630,0,44,1749,3,20621,1,22,8,1,998,2,5,907,0,0,1,0,1,34,3,0,0,0,0,1,1,1,1,1,1,1,1,0,0,0,0,0,0,0,0
41556839,0,52,3070,1,14506,1,17,1,1,1598,1,5,636,0,0,1,0,1,47,3,0,0,0,1,1,1,1,1,1,1,1,1,0,0,0,0,0,0,0,0
41621151,0,57,1890,7,70957,1,22,13,1,3342,0,9,869,0,0,1,0,1,42,1,0,0,0,1,1,1,1,1,1,1,1,1,0,0,0,0,0,0,0,0
41533625,0,39,450,13,184589,1,11,5,1,2359,3,5,597,0,0,1,7,1,38,0,0,0,0,0,1,1,1,1,1,1,0,1,0,0,0,0,0,0,1,1
41459442,0,95,3290,5,48145,4,2,10,1,2151,0,7,164,0,0,1,1,1,47,3,0,0,0,1,1,1,1,1,1,1,1,1,0,0,0,0,0,0,1,1
41437166,0,56,4680,2,21158,3,22,8,1,1598,1,7,256,0,0,1,0,1,50,5,0,0,1,1,1,1,1,1,1,1,1,1,0,0,0,0,0,0,0,0
41435682,0,39,620,13,154644,1,2,1,1,2999,3,5,955,0,0,1,12,1,43,1,0,0,0,0,1,1,1,1,1,1,1,1,0,5,0,0,1,1,1,1
41567798,0,77,1930,7,67346,1,22,6,1,1999,1,5,113,0,0,1,3,1,32,1,0,0,0,0,1,1,0,1,1,1,1,1,0,0,0,0,0,0,1,1
41487993,0,78,2450,5,88039,1,19,10,1,2497,1,7,686,0,0,1,3,1,43,4,0,0,0,1,1,1,1,1,1,1,1,1,1,0,0,1,0,1,1,1
41474191,0,57,2039,6,59686,4,2,1,1,2199,0,9,858,0,0,1,0,1,44,0,0,0,0,1,1,1,1,1,1,1,1,1,0,0,0,0,0,0,0,0
41453591,0,86,1499,7,128695,1,2,1,1,3342,3,5,723,0,0,1,2,1,50,3,0,0,0,1,1,1,1,1,1,1,1,1,0,0,0,0,0,0,1,1
41625577,0,95,3270,3,50742,1,22,1,1,3470,0,9,732,0,0,1,1,1,46,7,0,0,0,1,1,1,1,1,1,1,1,1,0,0,0,0,0,0,1,1
41393987,0,55,2370,6,54921,4,17,1,1,1995,1,7,655,0,0,1,1,1,47,4,0,0,1,1,1,1,1,1,1,1,1,1,0,0,0,0,0,0,1,1
41381474,0,74,3020,2,36221,1,17,8,1,1598,1,5,680,0,0,1,1,1,46,6,0,0,1,1,1,1,1,1,1,1,1,1,2,1,0,1,1,1,1,1
41427463,0,74,2890,2,25315,1,14,8,1,1598,1,5,679,0,0,1,1,1,45,3,0,0,0,1,1,1,1,1,1,1,1,1,1,0,0,1,0,1,1,1
41603413,0,95,2620,3,61175,1,22,1,1,3470,0,9,156,0,0,1,0,1,39,4,0,0,0,1,1,1,1,1,1,1,1,1,0,0,0,0,0,0,0,0
41498632,0,95,2870,4,115780,4,22,8,1,2151,0,9,680,0,0,1,1,1,49,5,0,0,1,1,1,1,1,1,1,1,1,1,0,0,0,0,0,0,1,1
41166358,0,44,1549,3,22575,1,22,13,1,998,2,5,383,0,0,1,3,1,26,0,0,0,0,0,1,1,0,1,1,1,1,1,0,1,0,0,1,1,1,1
41145819,0,74,2120,3,102118,4,22,1,1,1998,1,5,640,0,0,1,0,1,38,2,0,0,0,1,1,1,1,1,1,1,1,1,0,0,0,0,0,0,0,0
41115431,0,74,2390,2,43754,1,17,10,1,1598,1,5,788,0,0,1,1,1,35,1,1,2,0,1,1,1,0,1,1,1,1,1,5,0,0,1,0,1,1,1
41310512,0,64,690,10,69054,1,18,13,1,998,2,5,299,0,0,1,9,1,25,1,0,0,0,0,1,1,0,1,1,1,0,1,6,0,0,1,0,1,1,1
41259067,0,25,220,17,193926,0,2,3,1,2656,3,5,592,0,0,1,5,1,34,0,0,0,0,0,1,1,1,1,1,1,1,1,1,6,0,1,1,1,1,1
41299177,0,77,1485,7,85112,4,17,8,1,1995,1,5,51,0,0,1,4,1,33,0,0,0,0,0,1,1,0,1,0,1,1,1,0,0,0,0,0,0,1,1
41240989,0,69,1830,3,97948,1,22,1,1,1591,1,5,393,0,0,1,1,1,41,3,0,0,0,1,1,1,1,1,1,1,1,1,0,2,0,0,1,1,1,1
41251758,0,58,6850,1,60,3,18,1,1,1598,0,9,314,0,0,0,0,0,51,0,1,1,0,1,1,1,1,1,1,1,1,1,0,0,0,0,0,0,0,0
41237964,0,75,2790,2,46918,3,21,1,1,1598,1,5,454,0,0,1,3,1,39,1,0,0,0,1,1,1,1,1,1,1,1,1,0,1,0,0,1,1,1,1
41187427,0,95,3250,3,99176,4,22,1,1,2151,0,9,457,0,0,1,1,1,48,6,0,0,0,1,1,1,1,1,1,1,1,1,0,2,0,0,1,1,1,1
40917870,0,9,2050,6,55742,1,22,10,1,1999,7,5,765,0,0,1,2,1,47,7,0,0,1,1,1,1,1,1,1,1,1,1,1,2,0,1,1,1,1,1
40951552,0,78,1890,5,195151,4,2,10,1,2151,1,5,820,0,0,1,1,1,47,4,0,0,0,1,1,1,1,1,1,1,1,1,0,0,0,0,0,0,1,1
40774518,0,92,1320,9,135909,4,22,13,1,2199,0,9,485,0,0,1,1,1,44,3,0,0,1,0,1,1,1,1,1,1,1,1,0,0,0,0,0,0,1,1
41085315,0,58,6950,2,27656,3,2,1,1,1598,0,9,578,0,0,1,2,1,51,0,0,0,0,1,1,1,1,1,1,1,1,1,0,0,0,0,0,0,1,1
41071847,0,74,2490,2,33530,1,2,1,1,1598,1,5,997,0,0,1,6,1,46,2,0,1,1,1,1,1,1,1,1,1,1,1,6,0,0,1,0,1,1,1
41461617,0,86,1199,9,169145,4,2,1,1,2199,3,5,225,0,0,1,9,1,50,4,0,0,1,1,1,1,1,1,1,1,1,1,1,4,0,1,1,1,1,1
41461600,0,95,3199,5,32734,4,19,1,1,2151,0,9,1,0,0,1,1,1,48,8,0,0,1,1,1,1,1,1,1,1,1,1,2,0,0,1,0,1,1,1
41467664,0,92,790,9,229459,4,22,5,1,2199,0,9,950,0,0,1,0,1,33,1,0,0,0,0,1,1,0,1,1,1,1,1,0,0,0,0,0,0,0,0
41398634,0,9,2690,3,67110,1,17,2,1,1598,7,5,674,0,0,1,0,1,44,6,0,0,0,1,1,1,1,1,1,1,1,1,0,0,0,0,0,0,0,0
41391639,0,92,1290,10,232893,1,2,10,1,3342,0,9,647,0,0,1,9,1,47,0,0,0,0,0,1,1,1,1,1,1,1,1,0,0,0,0,0,0,1,1
41371231,0,95,2430,4,102428,1,2,10,1,3470,0,9,682,0,0,1,2,1,46,3,0,0,0,1,1,1,1,1,1,1,1,1,2,0,0,1,0,1,1,1
41530623,0,92,1650,9,95138,4,22,8,1,2199,0,7,915,0,0,1,3,1,41,2,0,0,1,0,1,1,1,1,1,1,1,1,0,0,0,0,0,0,1,1
41552362,0,57,950,7,204614,4,22,1,1,2199,0,9,12,0,0,1,0,1,35,3,0,0,0,0,1,1,1,1,1,1,1,1,0,1,0,0,1,1,0,1
41509653,0,78,2430,4,82802,4,17,10,1,2151,1,5,788,0,0,1,0,1,42,1,0,0,0,1,1,1,1,1,1,1,1,1,4,0,0,1,0,1,0,1
41630822,0,92,740,11,207497,4,22,5,1,2199,0,9,466,0,0,1,4,1,39,3,0,0,0,0,1,1,1,1,1,1,1,1,1,0,0,1,0,1,1,1
41005266,0,74,2599,4,97082,1,2,8,1,1598,1,5,803,0,0,1,0,1,46,2,0,0,1,1,1,1,1,1,1,1,1,1,0,0,0,0,0,0,0,0
41005335,0,96,250,13,229833,4,22,1,1,2199,0,11,850,0,0,1,3,1,24,1,0,0,0,0,1,1,0,0,1,1,0,1,1,0,0,1,0,1,1,1
40965961,0,95,3090,5,50256,4,2,10,1,2151,0,7,739,0,0,1,3,1,48,4,0,0,0,1,1,1,1,1,1,1,1,1,2,0,0,1,0,1,1,1
40971143,0,17,2350,2,28361,1,2,6,1,2497,3,5,925,0,0,1,0,1,39,2,0,0,0,1,1,1,1,1,1,1,1,1,4,0,0,1,0,1,0,1
40969716,0,17,3550,3,7742,1,2,6,1,2497,3,5,970,0,0,1,0,1,50,4,0,0,0,1,1,1,1,1,1,1,1,1,0,0,0,0,0,0,0,0
40965650,0,92,1490,10,183267,4,2,13,1,2199,0,9,383,0,0,1,0,1,41,0,0,0,0,0,1,1,1,1,1,1,1,1,0,0,0,0,0,0,0,0
40601486,0,61,390,14,186997,1,22,10,1,2359,3,5,28,0,0,1,5,1,29,0,0,0,0,0,1,1,1,1,1,1,0,1,3,0,0,1,0,1,1,1
40555820,0,33,690,10,80668,1,2,12,1,1591,6,5,5,0,0,1,9,1,30,2,0,0,0,0,1,1,1,1,1,1,0,1,7,2,0,1,1,1,1,1
40972344,0,95,2650,5,97100,4,2,13,1,2151,0,7,612,0,0,1,2,1,46,2,0,0,0,1,1,1,1,1,1,1,1,1,3,1,0,1,1,1,1,1
40928034,0,58,4350,2,14561,4,22,8,1,2151,0,9,256,0,0,1,0,1,48,6,0,0,1,1,1,1,1,1,1,1,1,1,0,0,0,0,0,0,0,0
41315012,0,95,2800,3,46711,1,22,8,1,3470,0,9,803,0,0,1,1,1,40,6,0,0,0,1,1,1,1,1,1,1,1,1,0,0,0,0,0,0,1,1
41309124,0,88,370,11,170856,1,18,7,1,998,2,5,289,0,0,1,2,1,26,2,0,0,0,0,1,1,1,1,1,1,0,1,4,0,0,1,0,1,1,1
41260317,0,57,1950,7,77750,1,22,6,1,3342,0,9,983,0,0,0,0,1,46,3,0,0,0,1,1,1,1,1,1,1,1,1,2,0,0,1,0,1,0,1
41247031,0,12,2230,3,53505,3,19,7,1,1999,7,5,684,0,0,1,0,1,40,3,0,0,0,1,1,1,1,1,1,1,1,1,0,1,0,0,1,1,0,1
41238041,0,86,1080,9,131094,1,17,1,1,2359,3,5,187,0,0,1,3,1,47,2,0,0,0,1,1,1,1,1,1,1,1,1,2,1,0,1,1,1,1,1
41460896,0,58,4699,2,25762,3,22,6,1,1598,0,9,270,0,0,1,0,1,49,5,0,1,1,1,1,1,1,1,1,1,1,1,0,0,0,0,0,0,0,0
41434647,0,95,3159,4,96728,4,22,6,1,2151,0,9,270,0,0,1,1,1,49,7,0,0,0,1,1,1,1,1,1,1,1,1,0,0,0,0,0,0,1,1
41430773,0,92,890,10,311414,4,2,1,1,2199,0,9,941,0,0,1,12,1,41,0,0,0,0,0,1,1,1,1,1,1,1,1,0,0,0,0,0,0,1,1
41439049,0,96,260,14,203877,4,2,1,1,2199,0,11,903,0,0,1,8,1,30,1,0,0,1,0,1,1,1,0,1,1,0,1,2,0,0,1,0,1,1,1
41394224,0,8,570,10,198683,4,22,2,1,1685,7,5,513,0,0,1,7,1,40,4,0,0,0,0,1,1,1,1,1,1,1,1,3,2,0,1,1,1,1,1
41032176,0,86,899,10,151463,1,22,1,1,2359,3,5,847,0,0,1,8,1,39,1,0,0,1,0,1,1,1,1,1,1,1,1,0,0,0,0,0,0,1,1
41028706,0,87,790,9,203993,3,17,1,1,2359,3,5,212,0,0,1,6,1,40,1,0,0,0,0,1,1,1,1,1,1,1,1,1,1,0,1,1,1,1,1
40169122,0,96,320,13,199214,4,2,8,1,2199,0,11,435,0,0,1,5,1,22,1,0,0,0,0,1,1,0,0,0,1,0,1,2,1,0,1,1,1,1,1
40253201,0,92,1890,10,46288,4,2,9,1,2199,0,9,627,0,0,1,4,1,47,0,0,0,0,0,1,1,1,1,1,1,1,1,4,0,0,1,0,1,1,1
40142493,0,5,499,13,139510,1,22,1,1,1591,6,5,625,0,0,1,6,1,31,3,0,0,0,0,1,1,1,1,1,1,0,1,5,0,0,1,0,1,1,1
39710343,0,92,980,8,231915,4,22,1,1,2199,0,9,900,0,0,1,1,1,36,1,0,0,0,0,1,1,1,1,1,1,1,1,2,1,0,1,1,1,1,1
40709908,0,47,9999,7,69748,1,22,10,1,998,2,5,101,0,0,1,1,1,27,0,0,0,0,0,1,0,0,1,1,1,0,1,2,2,0,1,1,1,1,1
40717590,0,56,4690,2,26534,3,2,7,1,1598,1,5,697,0,0,1,1,1,51,4,0,0,1,1,1,1,1,1,1,1,1,1,0,0,0,0,0,0,1,1
40660962,0,69,1919,3,76868,1,22,1,1,1591,1,5,197,0,0,0,0,1,40,2,0,0,0,1,1,1,1,1,1,1,1,1,2,1,0,1,1,1,0,1
40195667,0,5,350,12,151791,1,11,4,1,1591,6,5,985,0,0,1,5,1,26,0,0,1,0,0,1,1,1,0,1,1,0,1,2,2,0,1,1,1,1,1
41518290,0,92,790,10,184115,4,22,1,1,2199,0,9,618,0,0,1,1,1,35,1,0,0,0,0,1,1,0,1,1,1,1,1,0,5,0,0,1,1,1,1
41510399,0,14,1480,6,135920,1,22,10,1,2497,3,5,284,0,0,1,2,0,38,0,0,0,0,1,1,1,1,1,1,1,1,1,0,0,0,0,0,0,1,1
41512695,0,95,2240,5,107626,4,21,1,1,2151,0,9,158,0,0,1,0,1,44,2,0,0,0,1,1,1,1,1,1,1,1,1,0,2,0,0,1,1,0,1
41512154,0,78,3460,4,28033,4,22,1,1,2151,1,5,736,0,0,1,0,1,42,2,0,0,0,1,1,1,1,1,1,1,1,1,0,0,0,0,0,0,0,0
39583538,0,67,1070,11,188451,4,17,4,1,2959,1,7,996,0,0,1,3,1,44,1,0,0,1,0,1,1,1,1,1,1,1,1,1,0,0,1,0,1,1,1
39383198,0,58,3671,2,20000,1,22,8,1,3470,0,9,314,0,0,1,0,0,51,9,0,0,0,1,1,1,1,1,1,1,1,1,0,0,0,0,0,0,0,0
39361181,0,96,320,13,255232,4,2,5,1,2199,0,11,747,0,0,1,3,1,30,0,0,0,1,0,1,1,1,0,1,1,0,1,0,0,0,0,0,0,1,1
39263397,0,92,1190,10,117306,4,22,8,1,2199,0,9,392,0,0,1,3,1,39,2,0,0,0,0,1,1,1,1,1,1,1,1,0,0,0,0,0,0,1,1
38611708,0,92,1750,10,83631,4,2,1,1,2199,0,9,43,0,0,1,3,1,41,0,0,0,0,0,1,1,1,1,1,1,1,1,0,0,0,0,0,0,1,1
38662425,0,96,350,14,198821,4,2,14,1,2199,0,9,416,0,0,1,9,1,28,2,0,0,0,0,1,1,1,0,1,1,0,1,2,2,1,1,1,1,1,1
38107721,0,92,1650,9,142888,4,2,5,1,2199,0,9,944,0,0,1,6,1,48,0,0,0,0,0,1,1,1,1,1,1,1,1,0,0,0,0,0,0,1,1
40945971,0,18,3130,4,41512,3,2,7,1,1598,3,5,216,0,0,1,2,1,51,7,0,0,1,1,1,1,1,1,1,1,1,1,1,0,0,1,0,1,1,1
40758252,0,9,1650,6,130492,1,2,1,1,1598,7,5,948,0,0,1,2,1,39,3,0,1,0,1,1,1,1,1,0,1,1,1,0,0,0,0,0,0,1,1
40762275,0,60,550,9,127244,1,11,12,1,1591,4,5,5,0,0,1,7,1,26,0,0,0,0,0,1,0,0,1,0,1,0,1,6,1,0,1,1,1,1,1
41096111,0,75,2950,4,71756,3,2,13,1,1598,1,5,612,0,0,1,0,1,46,2,0,0,1,1,1,1,1,1,1,1,1,1,1,0,0,1,0,1,0,1
41057031,0,92,890,11,106945,4,11,10,1,2199,0,11,889,0,0,1,8,1,38,1,0,0,0,0,1,1,1,1,1,1,1,1,5,1,0,1,1,1,1,1
41033431,0,55,2270,6,44657,1,11,1,1,1998,1,5,353,0,0,1,1,1,45,2,0,0,0,1,1,1,1,1,1,1,1,1,0,0,0,0,0,0,1,1
41602882,0,11,990,8,141278,3,2,7,1,1999,7,5,289,0,0,1,11,1,37,2,0,0,0,0,1,1,1,1,1,1,1,1,2,0,0,1,0,1,1,1
41341754,0,56,3650,2,26072,4,17,1,1,2151,1,5,875,0,0,1,0,1,41,0,0,0,0,1,1,1,1,1,1,1,1,1,0,0,0,0,0,0,0,0
41632062,0,90,1300,10,139262,4,17,1,1,1995,1,7,875,0,0,1,2,1,46,2,0,0,0,0,1,1,1,1,1,1,1,1,0,0,0,0,0,0,1,1
41512562,0,69,1890,4,109408,1,22,1,1,1591,1,5,875,0,0,1,1,1,40,2,0,0,0,1,1,1,1,1,1,1,1,1,0,0,0,0,0,0,1,1
41464829,0,51,2480,3,54675,1,22,1,1,1598,1,5,875,0,0,1,1,1,43,5,0,0,1,1,1,1,1,1,1,1,1,1,0,1,0,0,1,1,1,1
41563180,0,50,1800,8,117239,4,2,1,1,2959,1,5,875,0,0,1,5,1,44,1,0,0,0,0,1,1,1,1,1,1,1,1,0,0,0,0,0,0,1,1
41519709,0,56,3730,2,35551,1,17,1,1,2497,1,6,875,0,0,1,0,1,48,2,0,0,0,1,1,1,1,1,1,1,1,1,0,0,0,0,0,0,0,0
41440155,0,51,2550,3,59041,1,17,1,1,1598,1,5,875,0,0,1,1,1,45,4,0,0,0,1,1,1,1,1,1,1,1,1,0,0,0,0,0,0,1,1
41623430,0,14,2180,6,70744,1,2,1,1,2497,3,5,875,0,0,1,4,1,44,3,0,0,0,1,1,1,1,1,1,1,1,1,0,0,0,0,0,0,1,1
41563148,0,86,1550,9,82757,1,2,1,1,2359,3,5,875,0,0,1,2,1,48,4,0,0,1,1,1,1,1,1,1,1,1,1,0,0,0,0,0,0,1,1
41589676,0,33,990,8,114545,1,22,1,1,1591,6,5,875,0,0,1,0,1,30,2,0,0,0,0,1,1,0,1,1,1,0,1,0,0,0,0,0,0,0,0
41589339,0,69,1770,4,87029,1,2,1,1,1591,1,5,875,0,0,1,2,1,32,4,0,0,0,0,1,1,1,1,1,1,0,1,0,1,0,0,1,1,1,1
41650978,0,78,3290,3,25030,1,17,1,1,2497,1,5,875,0,0,1,2,1,47,3,0,0,0,1,1,1,1,1,1,1,1,1,0,0,0,0,0,0,1,1
41651045,0,95,2780,5,119653,4,17,1,1,2151,0,9,875,0,0,1,1,1,48,5,0,0,0,1,1,1,1,1,1,1,1,1,0,0,0,0,0,0,1,1
41651067,0,55,2050,7,81352,4,2,1,1,2199,1,5,875,0,0,1,0,1,43,3,0,0,0,1,1,1,1,1,1,1,1,1,0,0,0,0,0,0,0,0
41632044,0,50,1400,9,160109,4,22,1,1,2959,1,5,875,0,0,1,1,1,43,2,0,0,1,0,1,1,1,1,1,1,1,1,0,0,0,0,0,0,1,1
40918027,0,68,3250,5,53366,4,17,7,1,2959,1,5,902,0,0,1,1,1,47,0,0,0,0,1,1,1,1,1,1,1,1,1,0,0,0,0,0,0,1,1
41170142,0,74,2650,4,40196,1,22,7,1,1598,1,5,902,0,0,1,0,1,39,5,0,0,1,1,1,1,1,1,1,1,1,1,0,0,0,0,0,0,0,0
41574595,0,95,3140,5,94359,4,2,7,1,2151,0,7,462,0,0,1,1,1,48,3,0,0,0,1,1,1,1,1,1,1,1,1,0,0,0,0,0,0,1,1
41646820,0,58,4350,1,18765,1,2,1,1,3470,0,7,174,0,0,1,0,1,51,6,0,0,0,1,1,1,1,1,1,1,1,1,0,0,0,0,0,0,0,0
41401628,0,95,2970,3,111181,4,22,1,1,2151,0,9,467,0,0,1,4,1,49,6,0,0,0,1,1,1,1,1,1,1,1,1,0,0,0,0,0,0,1,1
41548589,0,12,2850,3,1129,3,2,1,1,1999,7,5,380,0,0,1,0,1,44,4,0,0,0,1,1,1,1,1,1,1,1,1,0,0,0,0,0,0,0,0
41049516,0,31,2550,6,109004,1,2,1,1,3342,3,5,380,0,0,1,2,1,50,1,0,0,0,1,1,1,1,1,1,1,1,1,0,2,0,0,1,1,1,1
41310659,0,58,4650,1,30199,4,22,1,1,2151,0,7,380,0,0,1,0,1,52,7,0,0,1,1,1,1,1,1,1,1,1,1,0,0,0,0,0,0,0,0
41544123,0,97,4820,0,8626,1,17,1,1,2497,8,5,380,0,0,1,0,1,45,0,0,1,1,1,1,1,1,1,1,1,1,1,0,0,0,0,0,0,0,0
41218446,0,40,4350,1,5359,1,22,1,1,2497,3,5,380,0,0,1,0,1,52,0,0,5,0,1,1,1,1,1,1,1,1,1,0,0,0,0,0,0,0,0
41234581,0,56,4350,2,52826,3,22,7,1,1598,1,6,770,0,0,1,1,1,51,7,0,0,1,1,1,1,1,1,1,1,1,1,0,0,0,0,0,0,1,1
41475169,0,9,2099,6,50998,1,22,1,1,1999,7,5,853,0,0,1,0,1,42,1,0,0,0,1,1,1,1,1,0,1,1,1,0,0,0,0,0,0,0,0
41573934,0,95,2120,5,108324,4,2,1,1,2151,0,9,853,0,0,1,2,1,38,3,0,0,0,1,1,1,1,1,1,1,1,1,1,1,0,1,1,1,1,1
40973448,0,94,550,12,104355,1,22,1,1,1591,4,5,853,0,0,1,2,1,28,1,0,0,0,0,1,0,1,1,0,1,0,1,0,0,0,0,0,0,1,1
41568319,0,73,1399,8,75273,4,22,1,1,1685,1,5,853,0,0,1,3,1,40,6,0,0,1,0,1,1,1,1,1,1,1,1,0,0,0,0,0,0,1,1
41652613,0,36,1520,7,102042,1,19,1,1,1999,7,5,853,0,0,1,1,1,45,2,0,0,1,1,1,1,1,1,1,1,1,1,0,1,0,0,1,1,1,1
41652623,0,48,570,10,92538,1,17,1,1,998,2,5,853,0,0,1,3,1,25,1,0,0,0,0,1,0,0,1,0,1,0,1,1,2,0,1,1,1,1,1
41620618,0,67,1399,12,73475,4,2,1,1,2959,1,7,853,0,0,1,1,1,44,1,0,0,1,0,1,1,1,1,1,1,1,1,0,0,0,0,0,0,1,1
40769328,0,73,1480,9,91656,4,17,1,1,1995,1,5,396,0,0,1,3,1,35,1,0,0,0,0,1,1,1,1,1,1,1,1,0,0,0,0,0,0,1,1
40643677,0,61,450,14,132697,1,22,10,1,2359,3,5,591,0,0,1,5,1,37,1,0,0,1,0,1,1,1,1,1,1,1,1,2,0,0,1,0,1,1,1
40644396,0,92,940,11,167787,4,2,5,1,2199,0,9,439,0,0,1,3,1,39,1,0,0,0,0,1,1,1,1,1,1,1,1,0,1,0,0,1,1,1,1
40202994,0,92,1420,10,102762,4,22,1,1,2199,0,9,811,0,0,1,7,1,45,3,0,0,1,0,1,1,1,1,1,1,1,1,2,0,0,1,0,1,1,1
40351716,0,64,690,13,101396,1,17,5,1,998,2,5,310,0,0,1,6,1,30,3,0,0,0,0,1,1,1,1,1,1,0,1,1,0,0,1,0,1,1,1
40575821,0,16,710,12,102380,3,22,1,1,2359,3,5,852,0,0,1,13,1,39,0,0,0,0,0,1,1,1,1,1,1,1,1,5,1,0,1,1,1,1,1
40513495,0,7,460,13,189390,0,22,1,1,1999,7,5,570,0,0,1,4,1,22,0,0,0,1,0,1,0,1,1,0,1,0,1,2,6,0,1,1,1,1,1
40080385,0,7,500,15,138567,1,2,10,1,1998,7,5,884,0,0,1,4,1,37,3,0,0,1,0,1,0,1,1,1,1,1,1,0,0,0,0,0,0,1,1
41393493,0,14,1340,6,163050,1,2,10,1,2497,3,5,677,0,0,1,3,1,38,0,0,1,0,1,1,1,1,1,1,1,1,1,1,1,0,1,1,1,1,1
41385220,0,24,230,16,114858,1,17,5,1,999,2,5,642,0,0,1,6,1,14,0,0,0,0,0,1,0,0,0,0,1,0,1,0,0,0,0,0,0,1,1
41314644,0,58,3030,2,34030,4,22,1,1,2151,0,9,454,0,0,1,0,1,38,1,0,0,0,1,1,1,1,1,1,1,1,1,0,0,0,0,0,0,0,0
41114475,0,86,1120,9,160550,1,2,5,1,3342,3,5,785,0,0,1,0,1,51,4,0,0,1,1,1,1,1,1,1,1,1,1,2,1,0,1,1,1,0,1
41635086,0,71,1800,8,113338,1,22,7,1,3342,7,5,615,0,0,1,3,1,50,2,0,0,1,1,1,1,1,1,1,1,1,1,4,0,0,1,0,1,1,1
41620247,0,39,720,11,110092,1,2,8,1,2359,3,5,349,0,0,1,2,1,38,0,0,0,0,0,1,1,1,1,1,1,1,1,0,2,0,0,1,1,1,1
40535882,0,17,2099,4,90169,1,22,1,1,2497,3,5,678,0,0,1,5,1,43,0,0,0,0,1,1,1,1,1,1,1,1,1,5,0,0,1,0,1,1,1
40519752,0,95,3380,3,79260,4,22,7,1,2151,0,9,443,0,0,1,1,1,46,4,0,0,0,1,1,1,1,1,1,1,1,1,0,0,0,0,0,0,1,1
41415760,0,5,570,11,102048,1,22,1,1,1591,6,5,768,0,0,1,8,1,30,3,0,0,0,0,1,1,1,0,1,1,0,1,2,2,0,1,1,1,1,1
41325303,0,67,850,12,198271,4,2,1,1,2959,1,7,695,0,0,1,3,1,44,1,0,0,1,0,1,1,1,1,1,1,1,1,0,0,0,0,0,0,1,1
41323463,0,69,1540,6,68582,4,22,7,1,1598,1,5,137,0,0,1,0,1,34,0,0,0,0,1,1,1,0,1,0,1,1,1,2,1,0,1,1,1,0,1
41317361,0,78,3800,3,27859,3,22,5,1,1598,1,5,713,0,0,1,0,1,49,4,0,0,1,1,1,1,1,1,1,1,1,1,0,0,0,0,0,0,0,0
41316862,0,88,520,11,85632,1,18,7,1,998,2,5,594,0,0,1,5,1,26,2,0,0,0,0,1,1,1,1,1,1,0,1,4,0,0,1,0,1,1,1
41558956,0,9,1680,6,123652,1,2,1,1,1598,7,5,886,0,0,1,5,1,40,5,0,0,0,1,1,1,1,1,1,1,1,1,0,2,0,0,1,1,1,1
41554224,0,14,1450,6,63791,1,22,1,1,2497,3,5,71,0,0,1,6,1,48,3,0,0,0,1,1,1,1,1,1,1,1,1,6,2,0,1,1,1,1,1
41534388,0,95,3350,5,68353,4,22,5,1,2151,0,7,713,0,0,1,0,1,49,5,0,0,1,1,1,1,1,1,1,1,1,1,0,0,0,0,0,0,0,0
41222645,0,43,4380,3,53623,1,2,7,1,3778,3,5,223,0,0,1,1,1,48,0,0,0,0,1,1,1,1,1,1,1,1,1,0,0,0,0,0,0,1,1
41202016,0,19,710,13,182013,1,2,12,1,3342,3,5,766,0,0,1,9,1,46,1,0,0,0,1,1,1,1,1,1,1,1,1,1,0,0,1,0,1,1,1
41190946,0,84,350,15,143999,1,2,1,1,3342,3,5,488,0,0,1,3,1,32,0,0,0,0,0,1,1,1,1,1,1,0,1,0,1,0,0,1,1,1,1
41286044,0,62,1549,4,199363,3,22,1,1,1580,1,5,521,0,0,1,0,1,34,4,0,0,0,0,1,1,1,1,1,1,0,1,0,0,0,0,0,0,0,0
41286031,0,74,2049,4,105408,1,22,1,1,1598,1,5,521,0,0,1,3,1,34,4,0,0,0,1,1,1,1,1,1,1,0,1,2,0,0,1,0,1,1,1
41643166,0,84,350,16,174175,1,11,1,1,2656,3,5,655,0,0,1,4,1,28,0,0,1,0,0,1,1,1,0,1,1,0,1,0,0,0,0,0,0,1,1
41619554,0,33,800,10,81152,1,22,13,1,1591,6,5,411,0,0,1,3,1,31,3,0,0,0,0,1,1,1,1,1,1,0,1,3,0,0,1,0,1,1,1
41617641,0,92,1290,10,146461,4,17,5,1,2199,0,9,435,0,0,1,0,1,40,2,1,0,1,0,1,1,1,1,1,1,1,1,0,0,0,0,0,0,0,0
41660425,0,74,612,2,41276,0,22,8,1,1999,1,5,314,0,0,1,0,0,26,2,0,0,0,1,1,0,0,0,0,0,0,1,0,0,0,0,0,0,0,0
41495347,0,36,890,7,177164,0,22,3,1,1999,7,5,842,0,0,1,1,1,31,2,0,0,0,0,1,1,0,1,1,1,1,1,0,0,0,0,0,0,1,1
41440541,0,49,288,0,5,1,22,6,1,998,2,5,314,0,0,1,0,0,30,1,0,0,0,0,1,1,1,1,1,1,1,1,0,0,0,0,0,0,0,0
41603180,0,88,480,14,95345,1,11,5,1,998,2,5,316,0,0,1,1,1,26,3,0,0,0,0,1,1,0,1,1,1,0,1,0,0,0,0,0,0,1,1
41602072,0,55,1839,8,107350,4,17,10,1,2199,1,5,273,0,0,1,3,1,44,4,0,0,1,0,1,1,1,1,1,1,1,1,0,0,0,0,0,0,1,1
41586928,0,73,1090,9,176478,4,19,10,1,1995,1,5,1002,0,0,1,3,1,38,3,0,0,1,0,1,1,1,1,1,1,1,1,0,0,0,0,0,0,1,1
41584600,0,66,1600,4,27353,1,22,7,1,998,2,5,207,0,0,1,1,1,33,2,0,0,0,0,1,1,1,1,1,1,1,1,0,0,0,0,0,0,1,1
41575100,0,68,3100,6,107767,4,2,1,1,2959,1,7,480,0,0,1,0,1,48,2,0,0,1,1,1,1,1,1,1,1,1,1,0,0,0,0,0,0,0,0
41650413,0,5,580,13,88363,1,2,1,1,1591,6,5,886,0,0,1,2,1,32,1,0,0,0,0,1,1,1,1,1,1,0,1,7,0,0,1,0,1,1,1
41295745,0,99,540,13,102477,1,22,1,1,1591,5,5,42,0,0,1,11,1,28,2,0,0,1,0,1,1,1,1,1,1,0,1,1,5,0,1,1,1,1,1
41295006,0,76,459,15,201424,4,11,3,1,1995,1,5,505,0,0,1,7,1,28,0,0,0,0,0,1,1,1,1,1,1,0,1,2,0,0,1,0,1,1,1
41547273,0,35,750,11,133231,1,22,4,1,1999,7,5,236,0,0,1,3,1,31,3,0,0,1,0,1,1,1,1,1,1,0,1,1,2,0,1,1,1,1,1
41590753,0,86,1099,10,123035,0,2,1,1,2999,3,5,38,0,0,1,0,1,36,0,0,1,1,0,1,1,1,1,1,1,0,1,1,0,0,1,0,1,0,1
41589630,0,27,400,14,74974,0,11,12,1,1998,0,7,542,0,0,1,6,1,15,0,0,0,0,0,1,0,0,0,0,1,0,1,6,1,0,1,1,1,1,1
41588998,0,86,1110,9,99895,1,22,1,1,2359,3,5,695,0,0,1,3,1,47,2,0,0,1,1,1,1,1,1,1,1,1,1,4,0,0,1,0,1,1,1
41653116,0,86,999,9,187377,4,19,1,1,2199,3,5,165,0,0,1,3,1,48,2,0,0,0,1,1,1,1,1,1,1,1,1,1,1,0,1,1,1,1,1
41514235,0,90,1499,10,77480,4,17,5,1,1995,1,5,317,0,0,1,2,1,42,1,0,0,0,0,1,1,1,1,1,1,1,1,0,0,0,0,0,0,1,1
41614483,0,57,2500,7,67735,4,2,1,1,2199,0,7,414,0,0,1,1,1,47,3,0,0,1,1,1,1,1,1,1,1,1,1,0,0,0,0,0,0,1,1
41595918,0,77,1699,7,75943,4,19,5,1,1995,1,5,715,0,0,1,2,1,43,1,0,0,0,1,1,1,1,1,1,1,1,1,0,0,0,0,0,0,1,1
41188057,0,56,4590,2,12653,3,22,5,1,1598,1,5,628,0,0,1,0,1,51,7,0,0,1,1,1,1,1,1,1,1,1,1,0,0,0,0,0,0,0,0
41156081,0,58,4230,2,17846,4,22,2,1,2151,0,7,552,0,0,1,1,1,51,6,0,0,0,1,1,1,1,1,1,1,1,1,3,1,0,1,1,1,1,1
41138753,0,65,260,17,123851,0,22,9,1,1998,7,5,350,0,0,1,11,1,14,0,0,0,0,0,1,0,0,0,0,0,0,1,1,2,0,1,1,1,1,1
41121473,0,78,2280,5,156238,4,22,1,1,2151,1,5,133,0,0,1,1,1,47,2,0,0,0,1,1,1,1,1,1,1,1,1,1,0,0,1,0,1,1,1
41119082,0,17,2150,4,134070,1,17,12,1,2497,3,5,399,0,0,1,1,1,49,6,0,0,0,1,1,1,1,1,1,1,1,1,3,0,0,1,0,1,1,1
41276074,0,89,699,9,69769,1,18,13,1,998,2,5,315,0,0,1,14,1,26,1,0,0,0,0,1,1,0,1,1,1,0,1,7,0,0,1,0,1,1,1
41276569,0,90,890,10,216714,4,11,10,1,2199,1,7,617,0,0,1,5,1,37,2,0,0,0,0,1,1,1,1,1,1,1,1,4,0,0,1,0,1,1,1
41268716,0,32,3880,1,52695,5,22,8,1,120,7,5,392,0,0,1,0,1,47,1,0,0,0,1,1,1,1,1,1,1,1,1,0,0,0,0,0,0,0,0
41265583,0,74,2470,4,70801,1,22,5,1,1598,1,5,25,0,0,1,3,1,44,5,0,0,0,1,1,1,1,1,1,1,1,1,1,0,0,1,0,1,1,1
41260980,0,78,3999,4,31796,4,17,5,1,2151,1,7,992,0,0,1,0,1,49,5,1,0,1,1,1,1,1,1,1,1,1,1,0,0,0,0,0,0,0,0
41258360,0,57,1470,7,182724,4,2,5,1,2199,0,9,418,0,0,1,2,1,46,2,0,0,0,1,1,1,1,1,1,1,1,1,0,0,0,0,0,0,1,1
41257222,0,49,1870,2,18201,1,22,5,1,998,2,5,389,0,0,1,0,1,35,5,0,0,1,1,1,1,1,1,1,1,1,1,0,0,0,0,0,0,0,0
41248015,0,66,1240,4,58670,1,22,4,1,998,2,5,624,0,0,1,3,1,32,2,0,0,0,0,1,1,1,1,1,1,1,1,1,0,0,1,0,1,1,1
40972544,0,8,1230,10,75264,1,19,1,1,1999,7,5,795,0,0,1,0,1,42,1,0,0,0,0,1,1,1,1,1,1,1,1,0,1,0,0,1,1,0,1
40925795,0,13,299,16,204456,1,22,1,1,3470,3,5,874,0,0,1,1,1,43,1,0,0,0,0,1,1,1,1,1,1,1,1,1,0,0,1,0,1,1,1
40893799,0,59,940,8,152954,0,11,5,1,1999,0,7,383,0,0,0,0,1,27,1,0,0,0,0,1,1,0,0,1,1,0,1,1,0,0,1,0,1,0,1
40889125,0,78,3190,5,68530,4,2,7,1,2151,1,6,443,0,0,1,0,1,48,5,0,0,0,1,1,1,1,1,1,1,1,1,0,0,0,0,0,0,0,0
40872915,0,17,2970,3,65670,1,2,10,1,2497,3,5,639,0,0,1,1,1,50,2,0,0,0,1,1,1,1,1,1,1,1,1,2,0,0,1,0,1,1,1
41013818,0,58,5150,2,89116,4,2,5,1,2151,0,9,581,0,0,1,1,1,51,2,0,0,0,1,1,1,1,1,1,1,1,1,0,0,0,0,0,0,1,1
40987894,0,86,1150,10,153295,1,2,1,1,3342,3,5,886,0,0,1,2,1,49,5,0,0,0,0,1,1,1,1,1,1,1,1,0,0,0,0,0,0,1,1
40928893,0,78,2350,4,108301,1,22,10,1,2497,1,7,753,0,0,1,5,1,33,2,0,0,0,1,1,1,1,1,1,1,0,1,0,0,0,0,0,0,1,1
40901495,0,9,1999,5,12021,1,2,1,1,1999,7,5,886,0,0,1,1,1,39,2,0,0,0,1,1,1,1,1,1,1,1,1,3,3,0,1,1,1,1,1
41236595,0,88,320,11,83323,1,18,4,1,998,2,5,105,0,0,1,9,1,11,1,0,0,0,0,0,1,0,0,0,0,0,0,1,3,0,1,1,1,1,1
41423491,0,17,2040,4,98425,1,2,1,1,2497,3,5,158,0,0,1,1,1,41,2,0,0,0,1,1,1,1,1,1,1,1,1,1,0,0,1,0,1,1,1
41233262,0,95,2399,5,141244,4,22,1,1,2151,0,9,737,0,0,1,3,1,46,5,0,0,1,1,1,1,1,1,1,1,1,1,2,0,0,1,0,1,1,1
41233547,0,18,2730,4,81824,3,2,1,1,1598,3,5,643,0,0,1,1,1,46,1,0,0,0,1,1,1,1,1,1,1,1,1,1,0,0,1,0,1,1,1
41229326,0,7,550,14,138692,1,22,5,1,1998,7,5,418,0,0,1,9,1,41,5,0,0,1,0,1,1,1,1,1,1,1,1,2,1,0,1,1,1,1,1
41207357,0,68,4380,4,55214,4,2,1,1,2959,1,6,930,0,0,1,0,1,49,2,0,0,1,1,1,1,1,1,1,1,1,1,0,2,0,0,1,1,0,1
41123872,0,95,3550,3,34489,4,22,10,1,2151,0,9,639,0,0,1,5,1,47,5,0,0,1,1,1,1,1,1,1,1,1,1,1,0,0,1,0,1,1,1
40406909,0,67,950,12,195075,4,22,1,1,2959,1,7,379,0,0,1,1,1,44,2,0,0,1,0,1,1,1,1,1,1,1,1,0,0,0,0,0,0,1,1
40050817,0,31,3150,5,54270,1,2,7,1,3342,3,5,73,0,0,1,3,1,50,0,0,0,0,1,1,1,1,1,1,1,1,1,0,0,0,0,0,0,1,1
39886519,0,86,1250,10,90172,1,22,14,1,3342,3,5,118,0,0,1,3,1,43,2,0,2,1,0,0,1,1,1,1,1,1,1,2,1,0,1,1,1,1,1
39980960,0,39,670,11,198333,0,2,10,1,2999,3,5,639,0,0,1,12,1,45,0,0,1,0,0,1,1,1,1,1,1,1,1,6,0,0,1,0,1,1,1
39973500,0,57,1120,7,160559,4,2,10,1,2199,0,9,569,0,0,1,1,1,34,1,0,0,0,0,1,1,1,1,1,1,1,1,0,2,0,0,1,1,1,1
39520852,0,13,379,16,158560,0,17,5,1,2656,3,5,331,0,0,0,0,1,28,0,0,0,0,0,1,1,1,1,1,1,0,1,4,1,0,1,1,1,0,1
39881525,0,92,1390,10,181975,4,22,5,1,2199,0,9,937,0,0,1,7,0,46,1,0,0,0,0,1,1,1,1,1,1,1,1,0,0,0,0,0,0,1,1
40784864,0,95,2960,3,72161,1,22,12,1,3470,0,9,713,0,0,0,0,1,47,5,0,0,0,1,1,1,1,1,1,1,1,1,3,0,0,1,0,1,0,1
40794525,0,92,950,10,223927,4,17,1,1,2199,0,9,531,0,0,1,1,0,46,2,0,0,1,0,1,1,1,1,1,1,1,1,0,0,0,0,0,0,1,1
40782618,0,92,780,10,188374,4,11,13,1,2199,0,9,299,0,0,1,3,1,38,0,0,0,0,0,1,1,1,1,1,1,1,1,0,0,0,0,0,0,1,1
40758140,0,34,1790,3,18429,1,2,5,1,1598,6,5,560,0,0,1,1,1,35,1,0,0,0,0,1,1,1,1,1,1,1,1,3,0,0,1,0,1,1,1
40761861,0,9,1799,6,68539,1,17,1,1,1999,7,5,480,0,0,1,10,1,47,7,0,0,1,1,1,1,1,1,1,1,1,1,5,2,0,1,1,1,1,1
40870176,0,78,2590,4,65429,1,2,14,1,2497,1,5,964,0,0,1,0,1,42,0,0,0,0,1,1,1,1,1,1,1,1,1,4,0,0,1,0,1,0,1
40860396,0,79,450,16,175896,4,2,10,1,1995,1,7,884,0,0,1,2,1,31,1,0,0,1,0,1,0,1,1,0,1,1,1,2,0,0,1,0,1,1,1
40853593,0,78,3390,5,66152,1,17,7,1,2497,1,5,443,0,0,1,1,1,48,4,0,0,0,1,1,1,1,1,1,1,1,1,0,0,0,0,0,0,1,1
40811381,0,64,530,9,119307,1,22,1,1,998,2,2,230,0,0,1,4,1,10,0,0,0,0,0,0,0,0,0,0,0,0,0,3,4,0,1,1,1,1,1
38858149,0,13,480,15,186599,1,2,1,1,2656,3,5,876,0,0,1,0,1,44,1,0,0,0,0,1,1,1,1,1,1,1,1,1,0,0,1,0,1,0,1
38435318,0,60,660,11,40744,1,22,1,1,1396,4,5,640,0,0,1,2,1,27,1,0,0,0,0,1,1,0,0,1,1,0,1,0,1,0,0,1,1,1,1
40544401,0,35,930,11,85773,0,22,7,1,1999,7,5,443,0,0,1,3,1,27,0,0,0,1,0,1,1,1,1,1,1,0,1,0,1,0,0,1,1,1,1
40531450,0,56,4450,2,27081,3,22,8,1,1598,1,5,133,0,0,1,1,1,51,6,0,0,1,1,1,1,1,1,1,1,1,1,0,0,0,0,0,0,1,1
40498980,0,89,790,9,54594,1,18,0,1,998,2,5,871,0,0,1,2,1,27,1,0,0,0,0,1,1,0,1,1,1,0,1,0,0,0,0,0,0,1,1
40456777,0,55,1450,7,110007,4,22,10,1,1995,1,7,101,0,0,1,1,1,37,4,0,0,0,1,1,1,1,1,1,1,1,1,2,3,0,1,1,1,1,1
40431342,0,75,2699,3,14215,3,17,5,1,1598,1,5,614,0,0,0,0,1,47,3,0,0,1,1,1,1,1,1,1,1,1,1,6,1,0,1,1,1,0,1
40379667,0,31,2190,7,108560,1,17,1,1,3778,3,5,230,0,0,1,0,1,46,1,0,0,0,1,1,1,1,1,1,1,1,1,0,0,0,0,0,0,0,0
40371676,0,57,1850,7,81029,4,11,12,1,2199,0,9,5,0,0,1,5,1,44,1,0,0,0,1,1,1,1,1,1,1,1,1,5,0,0,1,0,1,1,1
39920927,0,90,1390,10,79329,4,17,1,1,1995,1,5,958,0,0,1,1,1,42,2,0,0,0,0,1,1,1,1,1,1,1,1,0,1,0,0,1,1,1,1
39650420,0,3,1236,4,40000,5,22,7,1,2000,6,5,314,0,0,1,1,0,36,3,0,0,0,1,1,1,1,1,1,1,1,1,0,0,0,0,0,0,1,1
40409681,0,16,599,11,200828,3,22,5,1,2359,3,5,866,0,0,1,3,1,40,1,0,0,1,0,1,1,1,1,1,1,1,1,1,0,0,1,0,1,1,1
40432672,0,48,560,10,102643,1,18,7,1,998,2,5,729,0,0,1,5,1,22,1,0,0,0,0,1,1,0,0,1,1,0,1,3,0,0,1,0,1,1,1
40462781,0,76,750,13,126039,4,17,9,1,1995,1,5,794,0,0,1,1,1,33,0,0,0,0,0,1,1,1,1,1,1,0,1,2,0,0,1,0,1,1,1
40707815,0,74,2499,4,84094,1,2,10,1,1598,1,5,863,0,0,1,5,1,46,2,0,0,0,1,1,1,1,1,1,1,1,1,4,0,0,1,0,1,1,1
40719050,0,7,9999,13,168195,0,17,7,1,1999,7,5,443,0,0,1,6,1,18,0,0,0,0,0,1,1,0,0,1,0,0,1,2,1,0,1,1,1,1,1
38280706,0,5,630,12,66093,1,22,1,1,1591,6,5,328,0,0,1,6,1,30,3,0,0,0,0,1,1,1,1,1,1,0,1,6,2,0,1,1,1,1,1
40644704,0,31,2850,7,82165,1,2,5,1,3342,3,5,329,0,0,1,6,1,58,2,0,0,1,1,1,1,1,1,1,1,1,1,0,0,0,0,0,0,1,1
40620667,0,48,470,10,68557,1,11,1,1,998,2,5,54,0,0,1,9,1,13,1,0,0,0,0,0,0,0,0,0,0,0,0,1,1,0,1,1,1,1,1
40967084,0,52,2537,1,9000,1,22,8,1,1598,1,5,314,0,0,1,0,0,48,0,0,0,1,1,1,1,1,1,1,1,1,1,0,0,0,0,0,0,0,0
40947320,0,17,2550,4,83790,1,4,1,1,2497,3,5,454,0,0,1,2,1,51,6,0,0,0,1,1,1,1,1,1,1,1,1,0,0,0,0,0,0,1,1
40952747,0,86,920,7,213878,1,2,7,1,2999,3,5,216,0,0,1,4,1,44,0,0,0,0,1,1,1,1,1,1,1,1,1,1,1,0,1,1,1,1,1
40937738,0,44,324,0,7,1,22,6,1,998,2,5,314,0,0,1,0,0,27,1,0,0,0,0,1,1,1,1,0,1,1,1,0,0,0,0,0,0,0,0
40844652,0,74,9999,4,121691,4,17,1,1,1998,1,5,716,0,0,1,1,1,37,1,0,0,0,1,1,1,1,1,1,1,1,1,3,0,0,1,0,1,1,1
37196546,0,96,750,12,312226,4,22,4,1,2199,0,6,3,0,0,1,2,1,17,0,0,0,0,0,0,1,0,0,1,0,0,1,0,0,0,0,0,0,1,1
40596220,0,33,640,9,83994,1,11,9,1,1591,6,5,962,0,0,1,4,1,20,0,0,0,0,0,0,1,0,0,1,0,0,0,1,0,0,1,0,1,1,1
40252807,0,90,1390,11,100358,4,17,7,1,1995,1,5,443,0,0,1,7,1,39,1,0,0,0,0,1,1,1,1,1,1,1,1,1,0,0,1,0,1,1,1
40734671,0,57,1590,7,169102,4,2,1,1,2199,0,9,886,0,0,1,3,1,47,3,0,0,1,1,1,1,1,1,1,1,1,1,0,0,0,0,0,0,1,1
40145217,0,14,1900,6,65268,1,2,14,1,2497,3,5,292,0,0,1,0,1,47,1,0,0,0,1,1,1,1,1,1,1,1,1,4,1,0,1,1,1,0,1
40041405,0,10,750,11,173504,3,22,6,1,1999,7,5,408,0,0,1,3,1,40,2,0,0,1,0,1,1,1,1,1,1,1,1,1,0,0,1,0,1,1,1
39448643,0,92,1550,11,114954,4,22,7,1,2199,0,9,143,0,0,0,0,1,40,1,0,0,0,0,1,1,1,1,1,1,1,1,0,3,0,0,1,1,0,1
40190164,0,101,260,16,129820,1,22,1,1,1599,4,5,783,0,0,1,4,1,19,0,0,1,0,0,1,1,1,0,1,1,0,1,3,4,0,1,1,1,1,1
40239544,0,41,4150,1,15125,3,18,5,1,1598,3,5,437,0,0,1,0,1,50,4,0,0,0,1,1,1,1,1,1,1,1,1,0,0,0,0,0,0,0,0
41149630,0,9,1950,6,92539,1,22,2,1,1598,7,5,801,0,0,1,3,1,45,6,0,0,1,1,1,1,1,1,1,1,1,1,3,0,0,1,0,1,1,1
41138610,0,73,1380,8,91790,4,19,6,1,1995,1,5,35,0,0,1,1,1,30,1,0,1,0,1,1,1,0,1,1,1,0,1,0,2,0,0,1,1,1,1
41106418,0,90,1050,10,180560,4,22,12,1,1995,1,5,298,0,0,1,9,1,47,3,0,0,0,0,1,1,1,1,1,1,1,1,7,0,0,1,0,1,1,1
41330310,0,79,630,15,123869,4,22,1,1,2199,1,7,493,0,0,1,0,1,34,2,0,0,1,0,1,1,1,1,1,1,1,1,0,0,0,0,0,0,0,0
41250380,0,64,350,13,149189,1,14,1,1,998,2,5,850,0,0,1,5,1,21,1,0,0,0,0,1,1,0,0,0,1,0,1,5,1,0,1,1,1,1,1
41244620,0,95,2850,5,54850,4,17,8,1,2151,0,9,803,0,0,1,3,1,45,4,0,0,1,1,1,1,1,1,1,1,1,1,0,2,0,0,1,1,1,1
41206240,0,47,1300,5,31063,1,17,7,1,998,2,5,986,0,0,1,8,1,30,2,0,0,0,0,1,1,1,1,1,1,0,1,1,0,0,1,0,1,1,1
41187489,0,56,3580,2,41640,3,22,1,1,1598,1,5,38,0,0,1,4,1,42,3,0,0,0,1,1,1,1,1,1,1,1,1,2,0,0,1,0,1,1,1
41430740,0,36,1199,7,157331,1,22,5,1,1999,7,5,866,0,0,1,8,1,40,4,0,0,1,1,1,1,1,1,1,1,1,1,1,0,0,1,0,1,1,1
41417070,0,54,550,12,130370,4,11,13,1,1995,1,5,20,0,0,0,0,1,27,0,0,0,0,0,1,0,1,1,0,1,0,1,9,0,0,1,0,1,0,1
41416362,0,74,2750,3,61748,4,22,1,1,1998,1,5,478,0,0,1,3,1,45,1,0,0,0,1,1,1,1,1,1,1,1,1,1,0,0,1,0,1,1,1
41377623,0,84,470,16,58189,1,11,10,1,3342,3,5,514,0,0,1,0,1,35,0,0,0,0,0,1,1,1,1,1,1,0,1,0,0,0,0,0,0,0,0
41370089,0,95,3050,5,112177,1,22,1,1,3470,0,7,87,0,0,1,2,1,47,1,0,0,0,1,1,1,1,1,1,1,1,1,4,2,0,1,1,1,1,1
41373130,0,3,2740,4,127331,5,19,6,1,111,6,5,270,0,0,1,0,1,46,4,0,0,1,1,1,1,1,1,1,1,1,1,0,0,0,0,0,0,0,0
41340214,0,58,3130,2,22718,4,22,1,1,2151,0,9,454,0,0,1,0,1,38,1,0,0,0,1,1,1,1,1,1,1,1,1,0,0,0,0,0,0,0,0
41519875,0,56,3800,2,29584,3,22,8,1,1598,1,5,63,0,0,1,2,1,43,4,0,0,0,1,1,1,1,1,1,1,1,1,0,1,0,0,1,1,1,1
41439774,0,95,3490,3,31999,1,17,8,1,3470,0,9,267,0,0,1,0,1,50,8,0,0,1,1,1,1,1,1,1,1,1,1,0,0,0,0,0,0,0,0
41510565,0,59,930,8,169797,0,17,7,1,1999,0,7,425,0,0,1,1,1,31,0,0,0,0,0,1,1,0,1,1,1,1,1,0,0,0,0,0,0,1,1
41478472,0,69,1819,4,96829,1,22,1,1,1591,1,5,695,0,0,1,0,1,43,4,0,0,0,1,1,1,1,1,1,1,1,1,0,0,0,0,0,0,0,0
41470836,0,44,1620,3,42462,1,18,7,1,998,2,5,400,0,0,1,1,1,34,3,0,0,0,0,1,1,1,1,1,1,1,1,1,1,0,1,1,1,1,1
41466140,0,78,2200,4,130810,4,22,10,1,2151,1,5,921,0,0,1,0,1,33,2,0,0,0,1,1,1,1,1,1,1,0,1,0,0,0,0,0,0,0,0
41466829,0,37,2280,2,60107,1,22,1,1,1999,7,5,945,0,0,1,3,1,38,4,0,0,0,1,1,1,1,1,1,1,1,1,3,2,0,1,1,1,1,1
41332418,0,68,3290,5,46397,4,22,1,1,2959,1,6,1007,0,0,1,2,1,49,3,0,0,1,1,1,1,1,1,1,1,1,1,4,2,0,1,1,1,1,1
41306956,0,49,1690,2,15686,1,18,6,1,998,2,5,169,0,0,1,1,1,34,3,0,0,0,1,1,1,1,1,1,1,1,1,0,1,0,0,1,1,1,1
41241784,0,95,3550,4,46072,1,22,8,1,3470,0,9,803,0,0,1,1,1,50,3,0,0,0,1,1,1,1,1,1,1,1,1,2,3,0,1,1,1,1,1
41179647,0,42,720,11,162944,1,2,10,1,3342,3,5,1002,0,0,1,6,1,44,0,0,0,0,0,1,1,1,1,1,1,1,1,5,2,0,1,1,1,1,1
41036090,0,64,499,14,109757,1,18,10,1,998,2,5,789,0,0,1,2,1,23,0,0,0,0,0,1,1,0,0,0,1,0,1,4,0,0,1,0,1,1,1
41010302,0,95,2875,3,58854,4,22,10,1,2151,0,9,753,0,0,1,0,1,38,3,0,0,0,1,1,1,1,1,1,1,1,1,1,0,0,1,0,1,0,1
41375150,0,44,1510,3,5254,1,22,13,1,998,2,5,521,0,0,1,1,1,24,3,0,0,0,0,1,1,0,1,1,1,1,1,0,2,0,0,1,1,1,1
41343008,0,58,3150,2,21886,4,22,1,1,2151,0,9,454,0,0,1,0,1,38,1,0,0,0,1,1,1,1,1,1,1,1,1,0,0,0,0,0,0,0,0
41340046,0,55,1470,8,184016,4,2,1,1,2199,1,7,130,0,0,1,0,1,47,3,0,0,0,1,1,1,1,1,1,1,1,1,0,0,0,0,0,0,0,0
41444290,0,86,960,9,184396,4,22,8,1,2199,3,5,415,0,1,1,3,1,41,0,0,0,0,1,1,1,1,1,1,1,1,1,4,0,0,1,0,1,1,1
41441424,0,97,4170,1,4000,1,17,8,1,2497,8,5,314,0,0,1,0,0,41,0,2,3,0,1,1,1,1,1,1,1,1,1,0,0,0,0,0,0,0,0
41569946,0,88,545,11,92629,1,18,5,1,998,2,5,1001,0,0,1,3,1,26,2,0,0,0,0,1,1,1,0,1,1,0,1,1,0,0,1,0,1,1,1
41552363,0,31,2550,7,67704,1,2,1,1,3778,3,5,165,0,0,1,2,1,49,0,0,0,0,1,1,1,1,1,1,1,1,1,3,2,0,1,1,1,1,1
41533657,0,8,1020,10,111483,0,22,1,1,1999,7,5,570,0,0,1,4,1,32,0,0,0,1,0,1,1,0,1,1,1,0,1,0,2,0,0,1,1,1,1
41445599,0,90,1290,10,132388,4,17,14,1,2199,1,7,416,0,0,1,0,1,34,2,0,0,0,0,1,1,1,1,0,1,1,1,0,0,0,0,0,0,0,0
41245491,0,47,980,6,98903,1,4,7,1,998,2,5,550,0,0,1,1,1,23,0,0,0,0,0,1,0,0,1,0,1,0,1,2,0,0,1,0,1,1,1
41321899,0,78,2849,5,83306,4,2,1,1,2151,1,6,704,0,0,1,1,1,49,7,0,0,1,1,1,1,1,1,1,1,1,1,2,3,0,1,1,1,1,1
41255095,0,47,1399,4,21120,1,2,1,1,998,2,5,205,0,0,1,2,1,28,2,0,0,0,0,1,1,0,1,0,1,0,1,0,0,0,0,0,0,1,1
41365937,0,86,1111,10,145112,1,2,13,1,3342,3,5,365,0,0,1,3,1,47,0,0,0,0,0,1,1,1,1,1,1,1,1,1,0,0,1,0,1,1,1
41374621,0,86,940,10,167408,1,17,13,1,2359,3,5,299,0,0,1,0,1,43,1,0,0,0,0,1,1,1,1,1,1,1,1,0,0,0,0,0,0,0,0
41384612,0,14,2440,6,63676,1,17,7,1,2999,3,5,400,0,0,1,3,1,48,4,0,0,1,1,1,1,1,1,1,1,1,1,0,1,0,0,1,1,1,1
41038014,0,69,2490,3,24419,1,22,7,1,1591,1,5,863,0,0,1,0,1,40,3,0,0,0,1,1,1,1,1,1,1,1,1,0,0,0,0,0,0,0,0
41142260,0,95,3450,3,49615,4,22,1,1,2151,0,9,502,0,0,1,3,1,47,2,0,0,0,1,1,1,1,1,1,1,1,1,2,0,0,1,0,1,1,1
39155220,0,17,2580,4,58250,0,2,1,1,3470,3,5,972,0,0,1,0,1,46,1,0,0,0,1,1,1,1,1,1,1,1,1,0,0,0,0,0,0,0,0
40827282,0,92,1480,8,120488,4,17,1,1,2199,0,9,523,0,0,1,3,1,45,2,0,0,1,0,1,1,1,1,1,1,1,1,0,0,0,0,0,0,1,1
40939718,0,56,4390,2,47197,4,2,7,1,2151,1,5,19,0,0,1,3,1,50,6,0,0,1,1,1,1,1,1,1,1,1,1,1,0,0,1,0,1,1,1
41000376,0,78,3790,4,21068,3,22,1,1,1598,1,7,733,0,0,1,0,1,49,4,0,0,1,1,1,1,1,1,1,1,1,1,0,0,0,0,0,0,0,0
40780507,0,39,899,11,122964,1,22,13,1,2359,3,5,285,0,0,1,3,1,45,5,0,0,1,0,1,1,1,1,1,1,1,1,0,0,0,0,0,0,1,1
41116483,0,95,3450,5,74754,4,22,1,1,2151,0,7,502,0,0,1,1,1,48,5,0,0,0,1,1,1,1,1,1,1,1,1,0,0,0,0,0,0,1,1
41213367,0,74,3300,4,37834,4,2,1,1,1998,1,5,210,0,0,1,1,1,45,6,0,0,1,1,1,1,1,1,1,1,1,1,0,0,0,0,0,0,1,1
41557868,0,61,9999,14,82654,1,22,1,1,2359,3,5,502,0,0,1,2,1,32,1,0,0,0,0,1,1,1,1,1,1,0,1,0,1,0,0,1,1,1,1
41568541,0,46,1850,5,72306,3,17,1,1,1580,1,5,173,0,0,1,3,1,29,1,0,0,0,0,1,1,1,1,1,1,0,1,0,0,0,0,0,0,1,1
41564426,0,37,3200,2,6135,1,17,1,1,1598,7,5,717,0,0,1,3,1,48,3,0,0,1,1,1,1,1,1,1,1,1,1,1,2,0,1,1,1,1,1
41593366,0,78,3150,5,77841,3,22,10,1,1598,1,7,773,0,0,1,0,1,48,6,0,0,0,1,1,1,1,1,1,1,1,1,0,0,0,0,0,0,0,0
41584794,0,78,3770,3,33986,3,22,4,1,1598,1,5,526,0,0,1,1,1,48,5,0,0,0,1,1,1,1,1,1,1,1,1,0,0,0,0,0,0,1,1
41596256,0,89,740,8,85358,1,22,10,1,998,2,5,589,0,0,1,6,1,24,2,0,0,0,0,1,1,0,0,1,1,0,1,1,1,0,1,1,1,1,1
41588600,0,85,1440,6,74402,1,22,10,1,1598,6,5,164,0,0,1,1,1,35,4,0,0,0,0,1,1,1,1,1,1,1,1,1,0,0,1,0,1,1,1
41589160,0,74,2190,4,109543,1,22,1,1,1598,1,5,158,0,0,1,4,1,44,3,0,0,0,1,1,1,1,1,1,1,1,1,1,0,0,1,0,1,1,1
41585356,0,95,9999,3,78703,4,22,1,1,2151,0,9,362,0,0,1,0,1,47,6,0,0,1,1,1,1,1,1,1,1,1,1,0,2,0,0,1,1,0,1
41565118,0,3,2780,4,109217,5,2,7,1,111,6,5,734,0,0,1,1,1,46,1,0,0,0,1,1,1,1,1,1,1,1,1,0,0,0,0,0,0,1,1
41489734,0,78,3340,5,71272,1,22,1,1,2497,1,7,235,0,0,1,2,1,47,3,0,0,0,1,1,1,1,1,1,1,1,1,0,0,0,0,0,0,1,1
41488112,0,95,2850,3,41848,4,22,1,1,2151,0,9,619,0,0,1,0,1,38,3,0,0,0,1,1,1,1,1,1,1,1,1,0,0,0,0,0,0,0,0
41502972,0,57,1290,7,156145,4,17,1,1,2199,0,9,714,0,0,1,5,0,44,4,0,0,1,1,1,1,1,1,1,1,1,1,0,0,0,0,0,0,1,1
41507511,0,23,799,12,113048,4,11,10,1,1995,1,7,578,0,0,1,1,1,32,1,0,0,0,0,1,0,1,1,1,1,1,1,0,0,0,0,0,0,1,1
41499300,0,68,3899,5,34592,4,22,10,1,2959,1,6,746,0,0,1,0,1,49,5,0,0,1,1,1,1,1,1,1,1,1,1,0,0,0,0,0,0,0,0
41527551,0,38,3350,2,10353,3,17,1,1,1999,7,5,306,0,0,1,0,1,47,3,0,0,0,1,1,1,1,1,1,1,1,1,0,0,0,0,0,0,0,0
41407346,0,95,2880,3,47470,4,22,1,1,2151,0,9,10,0,0,1,3,1,40,5,0,0,0,1,1,1,1,1,1,1,1,1,1,2,0,1,1,1,1,1
41433187,0,95,3090,5,45320,4,22,1,1,2151,0,9,501,0,0,1,0,1,44,4,0,0,0,1,1,1,1,1,1,1,1,1,0,0,0,0,0,0,0,0
41470162,0,18,2750,2,120950,3,2,1,1,1598,3,5,9,0,0,1,1,1,49,3,0,0,0,1,1,1,1,1,1,1,1,1,0,0,0,0,0,0,1,1
41413376,0,58,3460,2,30465,1,2,1,1,3470,0,9,10,0,0,1,0,1,45,1,0,0,0,1,1,1,1,1,1,1,1,1,0,0,0,0,0,0,0,0
41415439,0,58,3650,1,36209,4,22,1,1,2151,0,9,540,0,0,1,1,1,45,2,0,0,0,1,1,1,1,1,1,1,1,1,0,0,0,0,0,0,1,1
41428141,0,95,2090,5,167386,4,22,8,1,2151,0,9,149,0,0,1,1,1,46,5,0,0,0,1,1,1,1,1,1,1,1,1,0,1,0,0,1,1,1,1
41470663,0,9,1920,5,91022,1,17,1,1,1999,7,5,861,0,0,1,0,1,40,1,0,0,0,1,1,1,1,1,1,1,1,1,0,0,0,0,0,0,0,0
41468375,0,95,3290,5,59698,1,2,1,1,3470,0,7,477,0,0,1,2,1,49,2,0,0,0,1,1,1,1,1,1,1,1,1,1,3,0,1,1,1,1,1
41575585,0,40,2750,1,83865,0,2,1,1,3470,3,5,461,0,0,1,0,1,46,0,0,1,0,1,1,1,1,1,1,1,1,1,0,0,0,0,0,0,0,0
41626001,0,17,2670,4,86558,1,19,1,1,2497,3,5,874,0,0,1,0,1,46,4,0,0,0,1,1,1,1,1,1,1,1,1,0,0,0,0,0,0,0,0
41563635,0,9,2000,6,72742,1,22,10,1,1999,7,5,100,0,0,1,3,1,42,5,0,1,0,1,1,1,1,1,1,1,1,1,0,0,0,0,0,0,1,1
41654508,0,14,2600,6,51553,1,22,1,1,2999,3,5,79,0,0,1,0,1,49,5,0,0,0,1,1,1,1,1,1,1,1,1,0,0,0,0,0,0,0,0
41642093,0,34,9000,2,17810,1,22,1,1,1598,6,5,670,0,0,1,0,1,41,2,0,0,1,1,1,1,1,1,1,1,1,1,0,0,0,0,0,0,0,0
41639400,0,86,1300,9,128191,0,2,1,1,2999,3,5,670,0,0,1,3,1,39,3,0,0,1,1,1,1,1,1,0,1,1,1,0,1,0,0,1,1,1,1
41635302,0,86,1290,10,88753,1,22,7,1,2359,3,5,804,0,0,1,2,1,41,3,0,0,1,0,1,1,1,1,1,1,1,1,2,0,0,1,0,1,1,1
41658504,0,37,3720,2,8364,1,22,1,1,1598,7,5,306,0,0,1,0,1,48,6,0,0,1,1,1,1,1,1,1,1,1,1,0,0,0,0,0,0,0,0
41654128,0,44,1730,3,25747,1,2,8,1,998,2,5,172,0,0,1,1,1,34,3,0,0,0,0,1,1,1,1,1,1,1,1,0,0,0,0,0,0,1,1
41649440,0,69,1249,4,164331,4,22,8,1,1598,1,5,486,0,0,1,0,1,35,3,0,0,0,0,1,1,1,1,1,1,1,1,0,0,0,0,0,0,0,0
41639037,0,78,2990,5,43599,4,17,13,1,2151,1,5,720,0,0,1,1,0,46,2,0,0,0,1,1,1,1,1,1,1,1,1,0,0,0,0,0,0,1,1
41566912,0,62,2820,4,77283,3,22,1,1,1580,1,5,920,0,0,1,1,1,47,7,0,0,1,1,1,1,1,1,1,1,1,1,0,1,0,0,1,1,1,1
41535871,0,9,9999,3,31053,1,22,1,1,1999,7,5,9,0,0,1,0,1,42,4,0,0,1,1,1,1,1,1,1,1,1,1,0,0,0,0,0,0,0,0
41547313,0,58,4350,2,63074,3,22,1,1,1598,0,7,662,0,0,1,0,1,50,2,0,0,0,1,1,1,1,1,1,1,1,1,0,0,0,0,0,0,0,0
41614862,0,71,1570,8,138712,1,8,1,1,3342,7,5,359,0,0,1,10,1,49,2,0,1,1,1,1,1,1,1,1,1,1,1,4,0,0,1,0,1,1,1
41611556,0,88,380,11,108904,1,18,4,1,998,2,5,682,0,0,1,2,1,18,1,0,0,0,0,1,1,0,0,1,1,0,1,0,0,0,0,0,0,1,1
41621694,0,89,820,7,51657,1,18,1,1,998,2,5,175,0,0,1,5,1,29,2,0,0,0,0,1,1,1,1,1,1,0,1,5,0,0,1,0,1,1,1
41614303,0,95,2590,5,110672,4,2,1,1,2151,0,9,362,0,0,1,5,1,50,8,0,0,1,1,1,1,1,1,1,1,1,1,0,1,0,0,1,1,1,1
41596340,0,0,3860,0,16927,5,22,5,1,237,1,5,975,0,0,1,0,1,37,3,0,0,0,1,1,1,1,1,1,1,0,1,0,0,0,0,0,0,0,0
41603347,0,9,2620,4,41561,1,2,1,1,1598,7,5,12,0,0,1,0,1,45,6,0,0,0,1,1,1,1,1,1,1,1,1,0,0,0,0,0,0,0,0
41592076,0,89,930,9,40105,1,2,1,1,998,2,5,997,0,0,0,0,1,30,4,0,1,0,0,1,1,1,1,1,1,0,1,0,0,0,0,0,0,0,0
41517027,0,56,4250,2,16079,1,2,12,1,2497,1,5,178,0,0,1,0,1,50,4,0,0,0,1,1,1,1,1,1,1,1,1,0,0,0,0,0,0,0,0
41621213,0,90,1690,10,82390,4,17,5,1,2199,1,7,596,0,0,0,0,0,48,4,0,0,0,0,0,0,0,0,0,0,0,0,0,0,0,0,0,0,0,0
41531895,0,66,1660,3,16910,1,22,8,1,998,2,5,194,0,0,1,0,1,33,3,0,0,0,0,1,1,1,1,1,1,1,1,0,0,0,0,0,0,0,0
41459776,0,74,2350,4,46181,1,22,8,1,1598,1,5,680,0,0,1,0,1,41,1,0,0,0,1,1,1,1,1,0,1,1,1,0,0,0,0,0,0,0,0
41528896,0,61,390,14,164720,1,2,1,1,2359,3,5,818,0,0,0,0,1,30,0,0,0,0,0,1,1,1,1,0,1,0,1,0,0,0,0,0,0,0,0
41471529,0,9,1690,6,80868,1,17,1,1,1999,7,5,818,0,0,1,3,1,37,1,0,0,0,1,1,1,1,1,1,1,1,1,1,2,0,1,1,1,1,1
41422402,0,47,1340,4,31115,1,20,1,1,998,2,5,818,0,0,1,0,1,27,1,0,0,0,0,1,0,1,1,0,1,0,1,0,0,0,0,0,0,0,0
41405465,0,95,2780,3,32208,1,17,7,1,3470,0,9,726,0,0,1,1,1,34,1,0,0,0,1,1,1,0,1,0,1,1,1,0,0,0,0,0,0,1,1
40962103,0,95,2400,4,142534,4,22,1,1,2151,0,9,601,0,0,1,1,1,43,3,0,0,0,1,1,1,1,1,0,1,1,1,0,0,0,0,0,0,1,1
41612438,0,78,2780,3,42064,1,17,1,1,2497,1,6,601,0,0,1,1,1,41,1,0,0,0,1,1,1,1,1,0,1,1,1,1,0,0,1,0,1,1,1
41566897,0,78,3580,3,82572,4,22,1,1,2151,1,5,601,0,0,1,0,1,49,6,0,0,1,1,1,1,1,1,1,1,1,1,0,0,0,0,0,0,0,0
41640329,0,92,1580,8,90090,4,2,7,1,2199,0,9,420,0,0,1,0,1,42,2,0,0,0,0,1,1,1,1,1,1,1,1,0,0,0,0,0,0,0,0
41533189,0,28,1250,8,118746,3,22,7,1,1580,1,5,420,0,0,1,0,1,32,2,0,0,0,0,1,1,1,1,1,1,1,1,0,0,0,0,0,0,0,0
41312449,0,55,1650,6,161614,4,22,7,1,1995,1,5,45,0,0,1,2,1,37,2,0,0,0,0,1,1,1,1,1,1,1,1,0,0,0,0,0,0,1,1
41477314,0,64,600,13,104621,1,18,7,1,998,2,5,45,0,0,1,1,1,24,1,0,0,0,0,1,1,0,0,1,1,0,1,0,0,0,0,0,0,1,1
41565988,0,62,1950,2,131549,3,22,7,1,1580,1,5,45,0,0,1,0,1,43,2,0,0,0,1,1,1,1,1,1,1,1,1,0,0,0,0,0,0,0,0
41018424,0,77,1780,7,52657,4,2,7,1,1995,1,5,45,0,0,1,2,1,36,2,0,0,0,1,1,1,0,1,0,1,1,1,0,0,0,0,0,0,1,1
41103117,0,55,2550,6,62315,4,22,7,1,2199,1,7,45,0,0,1,0,1,45,4,0,0,0,1,1,1,1,1,1,1,1,1,0,0,0,0,0,0,0,0
41636533,0,74,2700,2,61737,0,22,7,1,1999,1,5,45,0,0,1,2,1,43,2,0,0,0,1,1,1,1,1,1,1,1,1,1,0,0,1,0,1,1,1
40815997,0,55,1680,6,114783,4,17,7,1,1995,1,5,45,0,0,1,1,1,37,1,0,0,0,0,1,1,1,1,1,1,1,1,0,0,0,0,0,0,1,1
40758923,0,67,1220,11,138908,4,2,4,1,2959,1,7,65,0,0,1,1,1,43,1,0,1,1,0,1,1,1,1,0,1,1,1,0,0,0,0,0,0,1,1
41601849,0,95,3570,3,43003,1,22,4,1,3470,0,7,65,0,0,1,0,1,49,7,0,0,0,1,1,1,1,1,1,1,1,1,0,0,0,0,0,0,0,0
41466813,0,56,4290,2,46900,3,2,4,1,1598,1,5,65,0,0,1,0,1,51,6,0,0,1,1,1,1,1,1,1,1,1,1,0,0,0,0,0,0,0,0
40889532,0,95,2170,5,167305,4,19,4,1,2151,0,7,65,0,0,1,0,1,45,1,0,0,0,1,1,1,1,1,1,1,1,1,0,0,0,0,0,0,0,0
41525868,0,95,2630,5,109744,4,22,1,1,2151,0,9,597,0,0,1,0,1,45,5,0,0,1,1,1,1,1,1,1,1,1,1,1,1,0,1,1,1,0,1
41659758,0,58,3890,2,38914,3,22,4,1,1598,0,9,65,0,0,1,0,1,42,6,0,0,0,1,1,1,1,1,1,1,1,1,0,0,0,0,0,0,0,0
41398223,0,68,3120,5,68345,4,2,4,1,2959,1,5,65,0,0,1,2,1,44,2,0,0,1,1,1,1,1,1,1,1,1,1,0,0,0,0,0,0,1,1
41633495,0,86,1790,9,54977,0,2,4,1,2999,3,5,65,0,0,1,5,1,49,0,0,1,0,1,1,1,1,1,1,1,1,1,0,0,0,0,0,0,1,1
41402303,0,94,330,14,100742,1,11,5,1,1591,4,5,484,0,0,0,0,1,25,1,0,0,0,0,1,0,1,1,0,1,0,1,2,0,0,1,0,1,0,1
41663342,0,48,369,10,123587,1,22,5,1,998,2,2,484,0,0,1,0,1,12,1,0,0,0,0,0,0,0,0,0,0,0,0,0,0,0,0,0,0,0,0
41402410,0,94,299,12,153410,1,11,5,1,1591,4,5,484,0,0,1,1,1,26,0,0,0,0,0,1,0,1,0,0,1,0,1,2,0,0,1,0,1,1,1
41265677,0,93,670,11,66304,4,14,1,1,1685,0,5,853,0,0,1,2,1,22,1,0,0,0,0,1,1,0,0,1,1,0,1,0,0,0,0,0,0,1,1
40852007,0,78,4350,3,21347,3,2,1,1,1598,1,6,667,0,0,1,0,1,48,4,0,0,0,1,1,1,1,1,1,1,1,1,0,0,0,0,0,0,0,0
40922035,0,78,3450,4,49084,3,22,1,1,1598,1,5,667,0,0,1,1,1,45,1,0,0,0,1,1,1,1,1,0,1,1,1,0,0,0,0,0,0,1,1
41225617,0,57,1200,7,150830,4,2,1,1,2199,0,9,616,0,0,1,5,1,38,1,0,0,0,1,1,1,0,1,0,1,1,1,1,2,0,1,1,1,1,1
41371676,0,57,1730,7,169715,4,2,1,1,2199,0,7,699,0,0,1,7,1,43,0,0,0,0,1,1,1,1,1,1,1,1,1,1,0,0,1,0,1,1,1
41350846,0,55,1550,6,169145,4,2,8,1,1995,1,5,41,0,0,1,7,1,42,1,0,0,0,1,1,1,1,1,1,1,1,1,0,0,0,0,0,0,1,1
41329546,0,95,2850,4,90400,4,22,8,1,2151,0,9,41,0,0,1,1,1,49,7,0,0,1,1,1,1,1,1,1,1,1,1,1,1,0,1,1,1,1,1
41285599,0,57,2050,7,99772,4,2,7,1,2199,0,9,909,0,0,1,1,1,46,1,0,0,0,1,1,1,1,1,1,1,1,1,0,0,0,0,0,0,1,1
41279561,0,68,3450,6,57047,4,2,10,1,2959,1,6,769,0,0,1,0,1,49,2,0,0,1,1,1,1,1,1,1,1,1,1,0,0,0,0,0,0,0,0
41260691,0,85,1580,6,49231,1,2,8,1,1598,6,5,261,0,0,1,1,1,38,1,0,0,0,1,1,1,1,1,1,1,1,1,0,0,0,0,0,0,1,1
41232279,0,87,1499,8,168909,3,17,13,1,2359,3,5,285,0,0,1,2,1,49,2,0,0,1,1,1,1,1,1,1,1,1,1,0,0,0,0,0,0,1,1
40763587,0,5,649,13,83504,1,22,1,1,1591,6,5,570,0,0,1,0,1,34,3,0,1,1,0,1,1,1,1,1,1,0,1,0,0,0,0,0,0,0,0
40586813,0,58,4150,1,19508,1,2,8,1,3470,0,9,39,0,0,1,0,1,50,7,0,0,1,1,1,1,1,1,1,1,1,1,0,0,0,0,0,0,0,0
40563074,0,12,2099,6,59576,3,2,2,1,1999,7,5,979,0,0,1,4,1,38,3,0,0,0,1,1,1,1,1,1,1,1,1,0,0,0,0,0,0,1,1
39996453,0,55,1430,8,128084,4,2,1,1,1995,1,7,727,0,0,1,7,1,36,1,0,0,0,0,1,1,1,1,1,1,1,1,1,0,0,1,0,1,1,1
41063070,0,46,1790,6,101116,3,17,10,1,1580,1,5,100,0,0,1,3,1,43,3,0,0,1,1,1,1,1,1,1,1,1,1,0,0,0,0,0,0,1,1
40979415,0,95,2450,3,144959,1,22,1,1,3470,0,9,631,0,0,1,0,1,46,4,0,0,0,1,1,1,1,1,1,1,1,1,1,0,0,1,0,1,0,1
39921149,0,57,2177,7,151506,1,2,8,1,3342,0,9,255,0,0,1,5,1,49,0,0,0,0,1,1,1,1,1,1,1,1,1,0,0,0,0,0,0,1,1
40543567,0,34,1620,4,56048,1,22,1,1,1598,6,5,157,0,0,1,0,1,29,2,0,0,0,0,1,1,1,1,1,1,0,1,0,2,0,0,1,1,0,1
41287003,0,69,1970,5,85774,1,22,10,1,1591,1,5,686,0,0,1,2,1,40,4,0,0,1,1,1,1,1,1,1,1,1,1,0,0,0,0,0,0,1,1
41422261,0,57,1330,7,140871,4,22,8,1,2199,0,9,261,0,0,1,6,1,40,2,0,0,1,0,1,1,1,1,1,1,1,1,2,0,0,1,0,1,1,1
41422077,0,58,5220,1,11454,3,11,1,1,1598,0,9,83,0,0,1,1,1,49,6,0,1,0,1,1,1,1,1,1,1,1,1,0,1,0,0,1,1,1,1
40803137,0,18,3590,3,23966,3,22,1,1,1598,3,5,23,0,0,1,4,1,50,5,0,0,1,1,1,1,1,1,1,1,1,1,0,0,0,0,0,0,1,1
40637952,0,75,9999,4,44919,3,19,10,1,1598,1,5,101,0,0,1,0,1,44,4,0,0,0,1,1,1,1,1,1,1,1,1,1,0,0,1,0,1,0,1
41223089,0,78,3350,5,60281,3,2,1,1,1598,1,5,806,0,0,1,0,1,49,3,0,0,1,1,1,1,1,1,1,1,1,1,0,0,0,0,0,0,0,0
41498631,0,17,2530,4,70357,1,2,8,1,3470,3,5,680,0,0,1,0,1,48,0,0,0,1,1,1,1,1,1,1,1,1,1,0,0,0,0,0,0,0,0
41516883,0,78,3830,3,42380,3,17,1,1,1598,1,5,156,0,0,1,0,1,48,4,0,0,0,1,1,1,1,1,1,1,1,1,0,0,0,0,0,0,0,0
41653008,0,54,799,11,123990,4,22,5,1,1995,1,5,878,0,0,1,0,1,39,1,1,0,0,0,1,1,1,1,1,1,1,1,7,0,0,1,0,1,0,1
41649981,0,57,1289,7,147498,4,22,1,1,2199,0,9,695,0,0,1,2,1,37,5,0,0,1,1,1,1,1,1,1,1,1,1,0,0,0,0,0,0,1,1
41642702,0,44,1599,2,9237,1,2,13,1,998,2,5,990,0,0,1,2,1,34,3,0,0,0,0,1,1,1,1,1,1,1,1,2,1,0,1,1,1,1,1
41641332,0,43,3450,4,94430,1,2,1,1,3778,3,5,922,0,0,1,1,1,49,2,0,0,0,1,1,1,1,1,1,1,1,1,1,0,0,1,0,1,1,1
41595243,0,43,3820,3,58315,1,17,1,1,3778,3,5,893,0,0,1,4,1,51,4,0,0,1,1,1,1,1,1,1,1,1,1,1,0,0,1,0,1,1,1
41580871,0,86,1490,9,110500,4,22,5,1,2199,3,5,602,0,0,1,0,1,49,2,0,0,1,1,1,1,1,1,1,1,1,1,1,0,0,1,0,1,0,1
41578436,0,88,199,14,163037,1,21,1,1,998,2,2,314,0,0,0,0,0,7,1,0,0,0,0,0,0,0,0,0,0,0,0,0,0,0,0,0,0,0,0
41529573,0,9,2750,4,54115,1,2,2,1,1999,7,5,475,0,0,1,0,0,41,2,0,0,0,1,1,1,1,1,1,1,1,1,0,0,0,0,0,0,0,0
41528563,0,95,2350,5,157922,4,2,1,1,2151,0,9,667,0,0,1,2,1,48,5,0,0,0,1,1,1,1,1,1,1,1,1,1,1,0,1,1,1,1,1
41537128,0,92,1100,8,147128,4,22,10,1,2199,0,9,682,0,0,1,2,1,35,1,0,0,0,0,1,1,1,1,1,1,1,1,1,0,0,1,0,1,1,1
41541363,0,58,4120,0,2900,3,11,8,1,1598,0,9,314,0,0,1,0,0,50,6,0,0,1,1,1,1,1,1,1,1,1,1,0,0,0,0,0,0,0,0
41542075,0,47,1050,5,62840,1,18,1,1,998,2,5,968,0,0,1,7,1,29,3,0,0,0,0,1,1,1,1,0,1,0,1,6,3,0,1,1,1,1,1
41544027,0,95,2590,5,64893,4,22,10,1,2151,0,9,980,0,0,1,0,1,37,3,0,0,0,1,1,1,1,1,1,1,1,1,0,0,0,0,0,0,0,0
41546370,0,95,3280,3,33337,1,22,1,1,3470,0,7,835,0,0,1,1,1,49,5,0,0,0,1,1,1,1,1,1,1,1,1,1,1,0,1,1,1,1,1
41558627,0,85,1353,6,101295,1,19,5,1,1598,6,5,344,0,0,1,1,1,35,4,0,0,0,0,1,1,1,1,1,1,1,1,0,0,0,0,0,0,1,1
41561817,0,5,570,13,127647,1,2,4,1,1591,6,5,526,0,0,1,7,1,27,0,0,1,0,0,1,1,1,1,1,1,0,1,3,1,0,1,1,1,1,1
41569365,0,85,1200,7,119744,1,22,10,1,1598,6,5,232,0,0,1,2,1,37,4,0,0,0,1,1,1,0,1,1,1,1,1,0,0,0,0,0,0,1,1
41479001,0,90,840,11,181407,4,17,1,1,1995,1,5,524,0,0,1,9,1,45,1,0,0,0,0,1,1,1,1,1,1,1,1,6,0,0,1,0,1,1,1
41621618,0,95,2350,3,89941,1,2,1,1,3470,0,9,742,0,0,1,2,1,38,2,0,0,0,1,1,1,1,1,1,1,1,1,3,2,0,1,1,1,1,1
41615089,0,95,2480,4,93378,4,2,5,1,2151,0,9,358,0,0,1,5,1,39,5,0,0,0,1,1,1,1,1,1,1,1,1,4,0,0,1,0,1,1,1
41604222,0,95,624,3,87663,4,22,1,1,2151,0,9,314,0,0,1,0,0,34,3,0,0,0,1,1,1,0,1,0,1,1,1,0,0,0,0,0,0,0,0
41467739,0,92,1420,8,125998,4,2,1,1,2199,0,9,379,0,0,1,2,1,45,2,0,0,0,0,1,1,1,1,1,1,1,1,1,0,0,1,0,1,1,1
41474860,0,92,890,9,182484,4,22,13,1,2199,0,9,521,0,0,1,2,1,42,5,0,0,1,0,1,1,1,1,1,1,1,1,0,0,0,0,0,0,1,1
41485793,0,61,369,14,224831,0,2,7,1,2999,3,5,587,0,0,1,13,1,41,0,0,3,1,0,1,1,1,1,1,1,1,1,1,2,0,1,1,1,1,1
41518291,0,55,1950,7,88217,4,22,5,1,2199,1,7,25,0,0,1,2,1,47,3,0,0,1,1,1,1,1,1,1,1,1,1,1,0,0,1,0,1,1,1
41513104,0,39,799,11,92420,1,2,7,1,2359,3,5,781,0,0,1,4,1,38,0,0,0,0,0,1,1,1,1,1,1,1,1,1,0,0,1,0,1,1,1
41505769,0,14,1590,6,144904,1,2,1,1,2497,3,5,636,0,0,1,7,1,48,4,0,0,0,1,1,1,1,1,1,1,1,1,7,4,0,1,1,1,1,1
41631744,0,7,430,13,248999,0,22,3,1,1999,7,5,622,0,0,1,4,1,23,0,0,0,1,0,1,0,1,0,0,1,0,1,1,0,0,1,0,1,1,1
41633499,0,9,1550,4,110917,1,2,1,1,1999,7,5,407,0,0,1,1,1,40,2,0,0,0,1,1,1,1,1,1,1,1,1,2,4,0,1,1,1,1,1
41633183,0,9,1450,5,190361,1,22,10,1,1999,7,5,300,0,0,1,1,1,41,3,0,0,0,1,1,1,1,1,1,1,1,1,4,0,0,1,0,1,1,1
41527869,0,52,3890,1,11442,1,22,5,1,1598,1,5,630,0,0,1,2,1,47,4,0,0,0,1,1,1,1,1,1,1,1,1,0,0,0,0,0,0,1,1
41527328,0,78,2720,5,59738,4,17,1,1,2151,1,6,886,0,0,1,7,1,46,1,0,0,0,1,1,1,1,1,1,1,1,1,3,1,0,1,1,1,1,1
41532051,0,84,480,16,134157,1,22,1,1,2656,3,5,55,0,0,1,4,1,35,0,0,1,0,0,1,0,1,1,1,1,1,1,0,0,0,0,0,0,1,1
41561014,0,47,990,7,82002,1,22,10,1,998,2,5,569,0,0,1,2,1,25,1,0,2,0,0,1,1,0,0,1,1,0,1,0,2,0,0,1,1,1,1
41567922,0,78,3780,5,74059,3,22,1,1,1598,1,5,353,0,0,1,0,1,48,3,0,0,1,1,1,1,1,1,1,1,1,1,0,0,0,0,0,0,0,0
41329847,0,90,1499,10,153827,4,17,5,1,2199,1,5,344,0,0,1,1,1,49,3,0,0,0,0,1,1,1,1,1,1,1,1,0,0,0,0,0,0,1,1
41359727,0,74,2850,4,71019,4,17,5,1,1998,1,5,842,0,0,1,0,1,46,5,0,0,1,1,1,1,1,1,1,1,1,1,0,0,0,0,0,0,0,0
41351736,0,69,1599,6,127996,1,19,7,1,1591,1,5,48,0,0,1,2,1,44,5,0,0,1,1,1,1,1,1,1,1,1,1,1,0,0,1,0,1,1,1
41358923,0,14,1990,6,93790,0,17,5,1,2999,3,5,656,0,0,1,1,1,46,3,0,0,0,1,1,1,1,1,1,1,1,1,0,0,0,0,0,0,1,1
41375552,0,33,680,9,187557,1,22,6,1,1591,6,5,606,0,0,1,2,1,29,2,0,0,0,0,1,1,1,1,1,1,0,1,0,0,0,0,0,0,1,1
41392068,0,55,1849,7,101437,4,2,2,1,1995,1,5,979,0,0,1,4,1,45,2,0,0,0,1,1,1,1,1,1,1,1,1,1,0,0,1,0,1,1,1
41392128,0,95,3049,4,61324,4,22,1,1,2151,0,9,364,0,0,1,2,1,49,8,0,0,1,1,1,1,1,1,1,1,1,1,2,0,0,1,0,1,1,1
41408483,0,78,3250,5,85468,3,22,8,1,1598,1,5,301,0,0,1,1,1,48,0,0,1,0,1,1,1,1,1,1,1,1,1,0,0,0,0,0,0,1,1
41033473,0,47,680,8,85539,1,18,5,1,998,2,2,295,0,0,1,3,1,13,0,0,0,0,0,1,0,0,0,0,0,0,0,3,1,0,1,1,1,1,1
41238244,0,68,3999,5,68915,4,2,8,1,2959,1,7,70,0,0,1,1,1,48,2,0,0,1,1,1,1,1,1,1,1,1,1,0,0,0,0,0,0,1,1
41417847,0,47,815,4,76012,1,22,13,1,998,2,2,365,0,0,1,0,1,14,0,0,0,0,0,1,1,0,0,0,0,0,1,0,0,0,0,0,0,0,0
41103858,0,9,2650,5,52623,1,22,5,1,1598,7,5,942,0,0,1,2,1,47,7,0,0,1,1,1,1,1,1,1,1,1,1,0,0,0,0,0,0,1,1
41519222,0,14,2350,6,72300,1,22,8,1,2497,3,5,189,0,0,1,1,1,50,6,0,0,1,1,1,1,1,1,1,1,1,1,0,0,0,0,0,0,1,1
41512511,0,43,4999,4,37420,1,2,1,1,3778,3,5,167,0,0,1,0,1,51,5,0,0,1,1,1,1,1,1,1,1,1,1,0,0,0,0,0,0,0,0
41513295,0,56,4450,2,39704,3,22,1,1,1598,1,6,120,0,0,1,0,1,51,6,0,0,1,1,1,1,1,1,1,1,1,1,0,0,0,0,0,0,0,0
41503257,0,44,1299,2,38505,1,2,6,1,998,2,2,417,0,0,1,0,1,21,0,0,1,0,0,1,0,0,1,0,1,0,1,0,0,0,0,0,0,0,0
41565789,0,95,3040,5,46112,4,2,10,1,2151,0,9,263,0,0,1,2,1,45,4,0,0,0,1,1,1,1,1,1,1,1,1,1,0,0,1,0,1,1,1
41571579,0,17,3280,2,29125,1,17,1,1,2497,3,5,502,0,0,1,0,1,49,3,0,0,0,1,1,1,1,1,1,1,1,1,0,0,0,0,0,0,0,0
41644113,0,18,3280,4,57470,3,2,1,1,1598,3,5,241,0,0,1,0,1,51,6,0,0,0,1,1,1,1,1,1,1,1,1,0,0,0,0,0,0,0,0
41631570,0,12,2560,3,56081,3,2,1,1,1999,7,5,87,0,0,1,2,1,44,4,0,0,0,1,1,1,1,1,1,1,1,1,1,0,0,1,0,1,1,1
41635165,0,74,2790,2,32600,1,22,1,1,1598,1,5,502,0,0,1,1,1,46,4,0,0,1,1,1,1,1,1,1,1,1,1,2,1,0,1,1,1,1,1
41623351,0,78,2650,5,134160,4,17,8,1,2151,1,5,556,0,0,1,0,1,49,6,0,0,1,1,1,1,1,1,1,1,1,1,0,0,0,0,0,0,0,0
41651710,0,44,1270,3,21617,1,22,1,1,998,2,2,10,0,0,1,1,0,13,0,0,0,0,0,1,0,0,0,0,0,0,0,0,0,0,0,0,0,1,1
41611594,0,95,3190,5,34543,4,2,10,1,2151,0,9,263,0,0,1,0,1,47,6,0,0,0,1,1,1,1,1,1,1,1,1,0,0,0,0,0,0,0,0
41605120,0,56,4650,0,8145,1,2,1,1,2497,1,5,55,0,0,1,0,1,51,5,0,0,1,1,1,1,1,1,1,1,1,1,0,0,0,0,0,0,0,0
41596924,0,85,1140,5,72811,1,22,1,1,1598,6,5,158,0,0,1,1,1,32,2,0,0,0,0,1,1,1,1,1,1,1,1,2,0,0,1,0,1,1,1
41590046,0,78,2439,3,120284,4,17,1,1,2151,1,5,9,0,0,1,1,1,43,3,0,0,1,1,1,1,1,1,1,1,1,1,1,0,0,1,0,1,1,1
41646997,0,74,2599,4,98913,4,2,1,1,1998,1,5,9,0,0,1,1,0,44,3,0,0,0,1,1,1,1,1,1,1,1,1,0,0,0,0,0,0,1,1
41647649,0,95,3290,4,147850,4,2,8,1,2151,0,7,486,0,0,1,5,1,50,2,0,0,0,1,1,1,1,1,1,1,1,1,0,0,0,0,0,0,1,1
41643219,0,57,1850,7,139381,4,22,5,1,2199,0,9,632,0,0,1,0,1,47,4,0,0,1,1,1,1,1,1,1,1,1,1,0,0,0,0,0,0,0,0
41650844,0,92,1780,10,21428,4,17,8,1,2199,0,9,280,0,0,1,1,1,43,0,0,0,0,0,1,1,1,1,1,1,1,1,0,0,0,0,0,0,1,1
41635823,0,55,2130,6,100365,4,2,1,1,1995,1,5,208,0,0,1,0,1,45,2,0,0,0,1,1,1,1,1,1,1,1,1,0,0,0,0,0,0,0,0
41593754,0,90,1690,10,79617,4,22,8,1,1995,1,7,450,0,0,1,0,1,40,4,0,1,1,0,1,1,1,1,0,1,1,1,0,0,0,0,0,0,0,0
41624264,0,10,510,13,91109,3,14,10,1,1999,7,5,28,0,0,1,4,1,31,1,0,0,0,0,1,1,1,1,1,1,0,1,3,1,0,1,1,1,1,1
41599080,0,78,3550,3,38189,1,22,1,1,2497,1,6,208,0,0,1,0,1,48,5,0,0,0,1,1,1,1,1,1,1,1,1,0,0,0,0,0,0,0,0
41603748,0,78,2600,5,122244,4,17,2,1,2151,1,5,994,0,0,1,0,1,48,4,0,0,1,1,1,1,1,1,1,1,1,1,0,0,0,0,0,0,0,0
41586286,0,71,2270,8,95474,1,17,1,1,3342,7,5,806,0,0,1,0,1,50,2,0,0,1,1,1,1,1,1,1,1,1,1,0,0,0,0,0,0,0,0
41620243,0,44,1550,3,49499,1,22,1,1,998,2,5,9,0,0,1,1,0,31,2,0,0,0,0,1,1,1,1,1,1,1,1,0,0,0,0,0,0,1,1
41645819,0,77,1440,4,115537,4,22,10,1,1598,1,5,218,0,0,1,0,1,34,2,0,0,0,0,1,1,0,1,1,1,1,1,0,0,0,0,0,0,0,0
41631452,0,66,1350,4,62594,1,22,10,1,998,2,5,213,0,0,1,0,1,34,4,0,0,1,0,1,1,1,1,1,1,1,1,0,0,0,0,0,0,0,0
41549390,0,95,2690,5,114026,4,2,10,1,2151,0,9,263,0,0,1,1,1,47,4,0,0,0,1,1,1,1,1,1,1,1,1,0,0,0,0,0,0,1,1
41548412,0,3,2790,4,115421,5,14,10,1,111,6,5,218,0,0,1,1,1,46,2,0,1,0,1,1,1,1,1,1,1,1,1,0,0,0,0,0,0,1,1
41548058,0,56,4180,2,48366,3,22,8,1,1598,1,5,185,0,0,1,1,1,49,3,0,0,1,1,1,1,1,1,1,1,1,1,0,0,0,0,0,0,1,1
41619229,0,95,2520,4,66059,4,2,8,1,2151,0,9,680,0,0,1,3,1,38,2,0,0,0,1,1,1,1,1,1,1,1,1,2,0,0,1,0,1,1,1
41516812,0,58,6200,1,7251,1,13,10,1,3470,0,7,666,0,0,1,0,1,50,0,0,0,0,1,1,1,1,1,1,1,1,1,0,0,0,0,0,0,0,0
41513428,0,58,5480,2,13848,3,14,8,1,1598,0,7,240,0,0,1,0,1,52,7,0,0,1,1,1,1,1,1,1,1,1,1,0,0,0,0,0,0,0,0
41500485,0,7,490,13,125224,1,22,13,1,1999,7,5,947,0,0,1,3,1,36,3,0,1,1,1,1,1,1,1,1,1,0,1,1,0,0,1,0,1,1,1
41568250,0,86,1179,10,81658,0,19,10,1,2999,3,5,215,0,0,1,1,1,37,0,0,0,0,0,1,1,1,1,1,1,0,1,1,1,0,1,1,1,1,1
41560499,0,92,1120,9,158991,4,2,4,1,2199,0,9,682,0,0,1,2,1,46,3,0,0,0,0,1,1,1,1,1,1,1,1,0,0,0,0,0,0,1,1
41632274,0,78,3000,3,55827,1,17,1,1,2497,1,5,876,0,0,1,6,1,47,3,0,0,0,1,1,1,1,1,1,1,1,1,1,1,0,1,1,1,1,1
41636818,0,95,3420,3,44111,4,22,10,1,2151,0,9,263,0,0,1,1,1,46,6,0,0,0,1,1,1,1,1,1,1,1,1,0,0,0,0,0,0,1,1
41621098,0,95,3880,5,21416,1,2,13,1,3470,0,7,405,0,0,1,0,1,49,2,0,0,0,1,1,1,1,1,1,1,1,1,0,0,0,0,0,0,0,0
41658795,0,52,3950,0,1459,1,14,12,1,1598,1,5,178,0,0,1,0,1,47,2,0,0,0,1,1,1,1,1,1,1,1,1,0,0,0,0,0,0,0,0
41490207,0,17,2230,4,82301,0,17,6,1,3470,3,5,449,0,0,1,0,0,45,0,0,0,0,1,1,1,1,1,1,1,1,1,0,0,0,0,0,0,0,0
41505539,0,92,1030,9,123349,4,22,6,1,2199,0,9,449,0,0,1,9,0,35,2,0,0,0,0,1,1,1,1,1,1,1,1,0,0,0,0,0,0,1,1
41516588,0,69,1990,6,41000,1,22,2,1,1591,1,5,294,0,0,0,0,0,34,0,0,0,0,0,0,0,0,0,0,0,0,0,0,0,0,0,0,0,0,0
39650569,0,5,650,12,112562,4,22,12,1,1582,6,5,5,0,0,1,2,1,32,2,0,0,0,0,1,1,1,1,1,1,0,1,1,0,0,1,0,1,1,1
41365463,0,86,940,9,179123,1,22,12,1,2359,3,5,5,0,0,1,2,1,41,0,0,0,0,1,1,1,1,1,1,1,1,1,1,0,0,1,0,1,1,1
41547034,0,92,890,8,165185,4,2,12,1,2199,0,9,5,0,0,1,4,1,34,0,0,0,0,0,1,1,0,1,1,1,1,1,0,0,0,0,0,0,1,1
41588403,0,57,1850,7,90442,4,22,12,1,2199,0,9,5,0,0,1,1,1,44,2,0,0,0,1,1,1,1,1,1,1,1,1,0,0,0,0,0,0,1,1
41242308,0,31,2050,6,213975,1,2,7,1,3342,3,5,45,0,0,1,0,1,50,2,0,0,0,1,1,1,1,1,1,1,1,1,0,0,0,0,0,0,0,0
41636547,0,31,1800,5,203836,1,22,7,1,3778,3,5,45,0,0,1,2,1,49,0,0,0,0,1,1,1,1,1,1,1,1,1,0,1,0,0,1,1,1,1
39928513,0,77,1590,7,86150,4,22,1,1,1995,1,5,705,0,0,0,0,1,35,2,0,0,0,0,1,1,1,1,1,1,1,1,0,0,0,0,0,0,0,0
41557754,0,76,450,15,180608,4,11,4,1,1995,1,5,65,0,0,1,2,1,27,2,0,0,1,0,1,0,1,1,1,1,1,1,0,0,0,0,0,0,1,1
41602473,0,94,400,13,126849,1,22,1,1,1591,4,5,672,0,0,1,1,1,26,0,0,0,0,0,1,1,1,0,1,1,0,1,0,0,0,0,0,0,1,1
41398647,0,92,1050,9,119441,4,2,1,1,2199,0,9,672,0,0,1,4,1,35,2,0,0,0,0,1,1,1,1,1,1,1,1,1,1,0,1,1,1,1,1
41189539,0,92,1380,10,114997,4,2,1,1,2199,0,7,672,0,0,1,2,1,44,1,0,0,0,0,1,1,1,1,1,1,1,1,5,0,0,1,0,1,1,1
41622795,0,37,2900,2,39402,1,22,1,1,1999,7,5,893,0,0,1,0,1,41,2,0,0,0,1,1,1,1,1,1,1,1,1,1,0,0,1,0,1,0,1
41589088,0,66,1590,3,7852,1,18,1,1,998,2,5,893,0,0,1,0,1,33,1,0,0,0,0,1,1,1,1,1,1,1,1,0,0,0,0,0,0,0,0
41658349,0,37,2850,2,65171,1,22,1,1,1999,7,5,893,0,0,1,0,1,41,2,0,0,0,1,1,1,1,1,1,1,1,1,0,0,0,0,0,0,0,0
41606494,0,42,1050,11,166633,1,2,13,1,3342,3,5,512,0,0,1,3,1,47,0,0,0,0,0,1,1,1,1,1,1,1,1,0,0,0,0,0,0,1,1
41286260,0,96,629,12,148904,4,22,13,1,2199,0,9,512,0,0,1,3,1,27,1,0,0,0,0,1,1,1,0,0,1,0,1,1,0,0,1,0,1,1,1
41569174,0,90,1480,11,116359,4,22,8,1,1995,1,7,220,0,0,1,2,1,47,4,0,0,1,0,1,1,1,1,1,1,1,1,0,0,0,0,0,0,1,1
41213434,0,95,2860,3,107903,4,2,1,1,2151,0,7,10,0,0,1,0,1,48,4,0,0,0,1,1,1,1,1,1,1,1,1,0,0,0,0,0,0,0,0
41217501,0,46,1950,6,31361,3,17,1,1,1580,1,5,10,0,0,1,5,1,32,2,0,0,0,0,1,1,1,1,1,1,1,1,2,0,0,1,0,1,1,1
41223389,0,73,1190,10,104943,4,14,1,1,1995,1,5,619,0,0,1,17,1,29,1,0,0,0,0,1,1,0,1,1,1,0,1,0,1,0,0,1,1,1,1
41228312,0,95,3480,3,35892,4,22,10,1,2151,0,9,686,0,0,1,0,1,46,5,0,0,0,1,1,1,1,1,1,1,1,1,0,0,0,0,0,0,0,0
41288709,0,58,3780,2,46473,1,22,7,1,3470,0,7,756,0,0,1,0,1,47,3,0,0,0,1,1,1,1,1,1,1,1,1,0,0,0,0,0,0,0,0
41511078,0,56,4550,2,33459,3,22,4,1,1598,1,6,105,0,0,1,1,1,50,7,0,0,0,1,1,1,1,1,1,1,1,1,1,0,0,1,0,1,1,1
41511268,0,56,6700,0,141,3,22,1,1,1598,1,7,136,0,0,1,0,1,51,9,0,0,1,1,1,1,1,1,1,1,1,1,0,0,0,0,0,0,0,0
41502034,0,62,2130,4,102588,3,5,6,1,1580,1,5,538,0,0,1,0,1,38,2,0,0,0,0,1,1,1,1,1,1,1,1,0,0,0,0,0,0,0,0
41492553,0,19,1150,12,141688,1,2,7,1,3778,3,5,756,0,0,1,6,1,56,1,0,0,1,1,1,1,1,1,1,1,1,1,1,0,0,1,0,1,1,1
41576861,0,56,4640,2,5034,3,22,1,1,1598,1,6,124,0,0,1,0,1,50,5,0,0,1,1,1,1,1,1,1,1,1,1,0,0,0,0,0,0,0,0
41564531,0,77,1590,7,105767,4,22,1,1,1598,1,5,571,0,0,1,2,1,33,1,0,0,0,0,1,1,0,1,0,1,1,1,0,0,0,0,0,0,1,1
41564021,0,74,2650,3,42557,1,22,7,1,1598,1,5,734,0,0,1,3,1,39,3,0,0,0,1,1,1,1,1,1,1,1,1,1,1,0,1,1,1,1,1
41551785,0,18,3090,2,72572,3,17,1,1,1598,3,5,958,0,0,1,0,1,46,0,0,0,0,1,1,1,1,1,1,1,1,1,0,0,0,0,0,0,0,0
40789388,0,78,2990,5,97227,4,1,1,1,2151,1,5,478,0,0,1,3,1,47,3,0,0,0,1,1,1,1,1,1,1,1,1,0,0,0,0,0,0,1,1
41573886,0,58,3640,2,36225,4,22,1,1,2151,0,9,1006,0,0,1,0,1,42,6,0,0,0,1,1,1,1,1,1,1,1,1,0,0,0,0,0,0,0,0
41554330,0,9,1950,6,61551,1,2,1,1,1598,7,5,618,0,0,1,1,1,39,2,0,0,0,1,1,1,1,1,0,1,1,1,0,1,0,0,1,1,1,1
41649838,0,17,3280,4,29828,1,22,1,1,2497,3,5,372,0,0,1,1,1,52,7,0,0,1,1,1,1,1,1,1,1,1,1,0,0,0,0,0,0,1,1
41646830,0,78,3389,5,47740,3,19,1,1,1598,1,6,9,0,0,1,2,1,48,3,0,0,1,1,1,1,1,1,1,1,1,1,0,0,0,0,0,0,1,1
41652692,0,66,1450,3,15046,1,22,1,1,998,2,5,685,0,0,1,0,1,33,3,0,1,0,0,1,1,1,1,1,1,1,1,0,0,0,0,0,0,0,0
41638529,0,34,1390,4,131157,1,17,6,1,1598,6,5,970,0,0,1,5,1,29,2,0,0,0,0,1,1,1,1,1,1,0,1,0,0,0,0,0,0,1,1
41605318,0,74,3250,2,41117,4,22,7,1,1998,1,5,734,0,0,1,0,1,44,4,0,0,0,1,1,1,1,1,1,1,1,1,0,0,0,0,0,0,0,0
41584370,0,77,1920,6,80041,1,22,1,1,1999,1,5,208,0,0,1,0,1,39,3,0,0,0,0,1,1,1,1,1,1,1,1,0,0,0,0,0,0,0,0
41645618,0,5,500,11,184542,4,22,1,1,1582,6,5,10,0,0,1,5,0,29,2,0,0,0,0,1,1,1,0,0,1,0,1,0,0,0,0,0,0,1,1
41621331,0,73,1150,10,139796,4,22,1,1,1995,1,5,523,0,0,1,6,1,38,5,0,0,1,0,1,1,0,1,1,1,1,1,2,0,0,1,0,1,1,1
41621297,0,88,460,13,136639,1,17,1,1,998,2,5,570,0,0,1,3,1,26,2,0,0,0,0,1,1,0,1,1,1,0,1,1,0,0,1,0,1,1,1
40935329,0,89,970,8,35676,1,18,7,1,998,2,5,984,0,0,1,1,1,25,1,0,0,0,0,1,1,0,1,0,1,0,1,0,0,0,0,0,0,1,1
41093813,0,95,2380,5,156226,4,22,5,1,2151,0,9,516,0,0,1,0,1,45,4,0,0,1,1,1,1,1,1,1,1,1,1,0,0,0,0,0,0,0,0
41127162,0,69,2250,5,49984,1,22,1,1,1591,1,5,502,0,0,1,0,1,43,4,0,0,1,1,1,1,1,1,1,1,1,1,0,0,0,0,0,0,0,0
41114065,0,17,2550,4,54780,1,17,1,1,2497,3,5,325,0,0,1,2,1,48,3,0,0,0,1,1,1,1,1,1,1,1,1,0,2,0,0,1,1,1,1
41189787,0,75,2599,4,59059,3,22,1,1,1598,1,5,10,0,0,1,1,1,39,4,0,0,0,1,1,1,1,1,1,1,1,1,0,0,0,0,0,0,1,1
41184548,0,74,2999,2,13872,4,17,1,1,1998,1,5,10,0,0,1,1,1,37,2,0,0,0,1,1,1,1,1,1,1,1,1,0,0,0,0,0,0,1,1
41184689,0,95,2590,3,88737,1,2,1,1,3470,0,9,10,0,0,1,1,1,38,3,0,0,0,1,1,1,1,1,1,1,1,1,0,2,0,0,1,1,1,1
41198373,0,74,2499,4,27025,4,2,1,1,1998,1,5,10,0,0,1,0,1,37,1,0,0,0,1,1,1,1,1,1,1,1,1,1,0,0,1,0,1,0,1
41226275,0,55,2050,6,107250,4,22,5,1,2199,1,5,569,0,0,1,7,1,46,4,0,0,1,1,1,1,1,1,1,1,1,1,0,0,0,0,0,0,1,1
41258183,0,95,3750,3,85200,1,22,1,1,3470,0,9,9,0,0,1,1,1,50,3,0,0,0,1,1,1,1,1,1,1,1,1,0,0,0,0,0,0,1,1
41261247,0,78,4050,4,27742,3,17,1,1,1598,1,7,241,0,0,1,1,1,48,4,0,0,0,1,1,1,1,1,1,1,1,1,0,0,0,0,0,0,1,1
41266268,0,95,2550,5,129231,4,2,1,1,2151,0,9,920,0,0,1,1,1,49,5,0,0,0,1,1,1,1,1,1,1,1,1,0,4,0,0,1,1,1,1
41305357,0,78,2530,5,72006,4,22,10,1,2151,1,5,769,0,0,1,1,1,43,3,0,1,0,1,1,1,1,1,1,1,1,1,0,0,0,0,0,0,1,1
41293027,0,58,3370,2,26733,4,22,1,1,2151,0,9,809,0,0,1,0,1,38,1,0,0,0,1,1,1,1,1,1,1,1,1,0,0,0,0,0,0,0,0
41305423,0,69,2390,3,11606,1,22,8,1,1591,1,5,450,0,0,1,0,1,43,5,0,0,0,1,1,1,1,1,1,1,1,1,0,0,0,0,0,0,0,0
40926019,0,78,3750,4,79306,1,22,7,1,2497,1,6,756,0,0,1,0,1,48,4,0,0,0,1,1,1,1,1,1,1,1,1,0,0,0,0,0,0,0,0
40978106,0,5,480,13,121844,1,22,10,1,1591,6,5,147,0,0,1,7,1,29,3,0,0,1,0,1,1,1,1,1,1,0,1,4,0,0,1,0,1,1,1
41026603,0,69,1660,6,89798,1,22,5,1,1591,1,5,684,0,0,1,0,1,34,2,0,0,0,1,1,1,1,1,1,1,1,1,0,0,0,0,0,0,0,0
41475418,0,58,4750,2,17440,4,22,7,1,2151,0,9,756,0,0,1,0,1,49,6,0,0,0,1,1,1,1,1,1,1,1,1,0,0,0,0,0,0,0,0
41436544,0,58,3730,1,35279,4,22,10,1,2151,0,9,15,0,0,1,0,1,46,2,0,0,0,1,1,1,1,1,1,1,1,1,1,0,0,1,0,1,0,1
41358791,0,68,4320,4,61542,4,2,1,1,2959,1,7,173,0,0,1,1,1,48,3,0,0,1,1,1,1,1,1,1,1,1,1,1,0,0,1,0,1,1,1
41386479,0,88,399,13,106054,1,22,1,1,998,2,5,828,0,0,1,2,1,20,1,0,0,0,0,1,1,0,0,1,1,0,1,2,2,0,1,1,1,1,1
41396597,0,9,2690,5,52984,1,22,1,1,1598,7,5,685,0,0,1,2,1,47,9,0,0,1,1,1,1,1,1,1,1,1,1,0,0,0,0,0,0,1,1
41386069,0,78,2480,5,118434,4,22,1,1,2151,1,5,920,0,0,1,9,1,48,4,0,0,1,1,1,1,1,1,1,1,1,1,4,1,0,1,1,1,1,1
41400805,0,72,3450,4,85816,1,22,1,1,2497,7,5,806,0,0,1,1,1,48,0,0,0,1,1,1,1,1,1,1,1,1,1,0,0,0,0,0,0,1,1
41412982,0,90,1420,10,70455,4,22,1,1,1995,1,7,478,0,0,1,2,1,38,3,0,0,0,0,1,1,1,1,1,1,1,1,1,0,0,1,0,1,1,1
41412497,0,74,2590,3,91357,4,11,1,1,1998,1,5,678,0,0,1,0,1,37,1,0,0,0,1,1,0,1,1,1,1,1,1,0,0,0,0,0,0,0,0
41465366,0,57,9999,6,121809,4,2,1,1,2199,0,9,732,0,0,1,5,1,42,2,0,0,0,0,1,1,1,1,1,1,1,1,0,0,0,0,0,0,1,1
41446493,0,47,1010,4,82215,1,22,1,1,998,2,5,640,0,0,1,4,1,20,1,0,0,0,0,1,0,0,0,0,1,0,0,1,1,0,1,1,1,1,1
41438436,0,62,2200,3,77612,3,4,10,1,1580,1,5,686,0,0,1,0,1,37,1,0,0,0,0,1,1,1,1,1,1,1,1,0,0,0,0,0,0,0,0
41385163,0,78,3620,4,51599,3,22,1,1,1598,1,6,723,0,0,1,2,1,49,7,0,0,1,1,1,1,1,1,1,1,1,1,0,1,0,0,1,1,1,1
41399261,0,57,1950,6,50023,1,11,1,1,3342,0,11,340,0,0,1,0,1,39,1,0,0,0,0,1,1,1,1,1,1,1,1,0,0,0,0,0,0,0,0
41541452,0,69,2120,3,33817,1,22,8,1,1591,1,5,679,0,0,1,0,1,34,2,0,0,0,0,1,1,1,1,1,1,1,1,1,1,0,1,1,1,0,1
41544176,0,56,5880,0,6394,3,22,1,1,1598,1,5,208,0,0,1,0,1,50,6,0,0,1,1,1,1,1,1,1,1,1,1,0,0,0,0,0,0,0,0
41509198,0,95,3440,5,38489,4,17,1,1,2151,0,9,607,0,0,1,2,1,49,6,0,0,1,1,1,1,1,1,1,1,1,1,0,0,0,0,0,0,1,1
41512549,0,43,4030,4,112716,1,2,10,1,3778,3,5,789,0,0,1,2,1,56,2,0,0,0,1,1,1,1,1,1,1,1,1,0,0,0,0,0,0,1,1
41351797,0,9,2090,5,94637,1,2,1,1,1598,7,5,457,0,0,1,2,1,46,6,0,0,1,1,1,1,1,1,1,1,1,1,0,2,0,0,1,1,1,1
41606682,0,54,750,11,104950,4,22,1,1,1995,1,5,670,0,0,1,3,1,30,1,0,0,0,0,1,1,0,1,1,1,0,1,1,1,0,1,1,1,1,1
41602614,0,47,995,8,138318,1,18,5,1,998,2,5,107,0,0,1,0,1,30,2,0,0,0,0,1,1,1,1,1,1,0,1,0,0,0,0,0,0,0,0
41602068,0,15,2150,5,139837,3,19,7,1,2359,3,5,162,0,0,1,0,1,48,5,0,0,0,1,1,1,1,1,1,1,1,1,0,0,0,0,0,0,0,0
41605414,0,75,3200,3,20234,3,22,10,1,1598,1,5,686,0,0,1,0,1,44,4,0,0,0,1,1,1,1,1,1,1,1,1,0,0,0,0,0,0,0,0
41600925,0,90,1130,10,152603,4,17,8,1,1995,1,5,735,0,0,1,2,1,39,3,0,0,0,0,1,1,1,1,1,1,1,1,0,1,0,0,1,1,1,1
41589095,0,9,3150,4,11669,1,22,5,1,1999,7,5,658,0,0,1,3,1,41,3,0,0,0,1,1,1,1,1,1,1,1,1,1,0,0,1,0,1,1,1
41576760,0,17,1980,4,150915,0,14,4,1,3470,3,5,105,0,0,1,0,1,48,2,0,0,1,1,1,1,1,1,1,1,1,1,0,0,0,0,0,0,0,0
41639601,0,62,3340,3,23038,3,22,12,1,1580,1,5,178,0,0,1,0,1,44,3,0,0,0,1,1,1,1,1,1,1,1,1,0,0,0,0,0,0,0,0
41643015,0,56,4350,1,24208,3,17,7,1,1598,1,5,756,0,0,1,0,1,47,1,0,0,0,1,1,1,1,1,1,1,1,1,0,0,0,0,0,0,0,0
41630805,0,64,500,14,135405,1,6,10,1,998,2,5,28,0,0,1,3,1,27,2,0,0,0,0,1,1,0,0,1,1,0,1,0,0,0,0,0,0,1,1
41634508,0,95,3699,3,107550,1,22,1,1,3470,0,7,9,0,0,1,0,1,50,3,0,0,0,1,1,1,1,1,1,1,1,1,0,0,0,0,0,0,0,0
41636830,0,67,780,15,177817,4,17,1,1,2959,1,7,571,0,0,1,8,1,38,3,0,0,0,0,1,1,1,1,0,1,1,1,0,0,0,0,0,0,1,1
41622964,0,9,2150,4,37958,0,2,1,1,1999,7,5,9,0,0,1,0,1,34,1,0,0,0,1,1,1,1,1,1,1,1,1,0,0,0,0,0,0,0,0
41620453,0,92,880,10,193508,4,2,5,1,2199,0,9,684,0,0,1,3,1,40,2,0,0,1,0,1,1,1,1,1,1,1,1,0,0,0,0,0,0,1,1
41658579,0,3,2400,4,179633,5,18,1,1,111,6,5,461,0,0,1,0,0,45,0,0,0,0,1,1,1,1,1,1,1,1,1,0,0,0,0,0,0,0,0
41624861,0,73,1050,8,96400,4,17,7,1,1685,1,5,756,0,0,0,0,0,30,0,0,0,0,0,0,0,0,0,0,0,0,0,0,0,0,0,0,0,0,0
41631577,0,67,880,14,134561,4,11,1,1,2959,1,7,670,0,0,1,0,1,43,1,0,0,1,0,1,1,1,1,1,1,1,1,0,0,0,0,0,0,0,0
41225558,0,57,1450,6,139703,4,22,1,1,2199,0,9,133,0,0,1,2,1,35,3,0,0,0,0,1,1,1,1,1,1,1,1,0,1,0,0,1,1,1,1
41208414,0,58,4190,2,29967,4,17,5,1,2151,0,7,25,0,0,1,0,1,50,4,0,0,1,1,1,1,1,1,1,1,1,1,0,0,0,0,0,0,0,0
41123989,0,88,430,13,122867,1,11,4,1,998,2,5,105,0,0,1,5,1,18,1,0,0,0,0,1,1,0,0,1,1,0,1,2,1,0,1,1,1,1,1
41168263,0,95,2780,5,40365,4,2,8,1,2151,0,9,413,0,0,1,2,1,43,1,0,0,0,1,1,1,1,1,1,1,1,1,0,2,0,0,1,1,1,1
41042385,0,76,659,14,92046,4,11,5,1,1995,1,5,307,0,0,1,2,1,31,0,0,0,0,0,1,1,1,1,0,1,0,1,0,0,0,0,0,0,1,1
41050270,0,39,460,13,206131,1,2,5,1,2359,3,5,891,0,0,1,11,0,39,2,0,0,1,0,1,1,1,1,1,1,0,1,0,0,0,0,0,0,1,1
41370044,0,12,2270,5,50440,3,17,1,1,1999,7,5,976,0,0,1,3,1,46,6,0,0,0,1,1,1,1,1,1,1,1,1,6,1,0,1,1,1,1,1
41373473,0,78,2799,3,131233,3,22,1,1,1598,1,5,133,0,0,1,0,1,47,2,0,0,0,1,1,1,1,1,1,1,1,1,0,0,0,0,0,0,0,0
41349683,0,64,800,10,104889,1,18,1,1,998,2,5,952,0,0,1,4,1,30,4,0,1,0,0,1,1,1,1,1,1,0,1,3,2,0,1,1,1,1,1
41346130,0,48,599,10,92543,1,18,6,1,998,2,5,352,0,0,1,4,1,25,1,0,0,0,0,1,0,0,1,0,1,0,1,4,0,0,1,0,1,1,1
41339275,0,78,2720,5,86758,4,2,1,1,2151,1,5,922,0,0,1,0,1,44,4,0,0,1,1,1,1,1,1,1,1,1,1,0,0,0,0,0,0,0,0
41277106,0,95,2950,4,43049,4,22,8,1,2151,0,9,265,0,0,1,0,1,38,3,0,0,0,1,1,1,1,1,1,1,1,1,0,0,0,0,0,0,0,0
41430976,0,51,2420,3,12498,1,22,8,1,1598,1,5,256,0,0,1,3,1,38,4,0,0,0,0,1,1,1,1,1,1,1,1,0,0,0,0,0,0,1,1
41429784,0,92,1250,11,150853,4,2,7,1,2199,0,9,332,0,0,1,3,1,39,0,0,1,0,0,1,1,1,1,1,1,1,1,2,1,0,1,1,1,1,1
41431922,0,68,3290,5,60542,4,2,1,1,2959,1,5,98,0,0,1,8,1,47,2,0,0,0,1,1,1,1,1,1,1,1,1,0,0,0,0,0,0,1,1
41433031,0,17,2140,3,86345,1,2,1,1,2497,3,5,87,0,0,1,0,1,40,1,0,0,0,1,1,1,1,1,1,1,1,1,3,3,0,1,1,1,0,1
40925311,0,78,2550,4,105044,3,8,10,1,1598,1,5,410,0,0,1,9,1,49,5,0,0,1,1,1,1,1,1,1,1,1,1,7,1,0,1,1,1,1,1
40861372,0,41,3520,0,758,3,2,8,1,1598,3,5,314,0,0,1,0,0,49,0,0,0,1,1,1,1,1,1,1,1,1,1,0,0,0,0,0,0,0,0
40804966,0,9,1850,5,112935,1,2,10,1,1598,7,5,912,0,0,1,1,1,43,4,0,0,0,1,1,1,1,1,1,1,1,1,1,0,0,1,0,1,1,1
40243794,0,35,690,12,136315,1,22,9,1,1999,7,5,507,0,0,1,3,1,33,3,0,0,0,0,1,1,1,1,1,1,0,1,3,0,0,1,0,1,1,1
40202715,0,78,3390,5,54483,4,22,5,1,2151,1,6,321,0,0,1,1,1,48,7,0,0,0,1,1,1,1,1,1,1,1,1,0,0,0,0,0,0,1,1
40082391,0,90,1050,10,200408,4,22,7,1,1995,1,5,510,0,0,1,5,1,37,2,0,0,0,0,1,1,1,1,1,1,1,1,6,0,0,1,0,1,1,1
41217934,0,48,620,10,72192,1,18,8,1,998,2,5,392,0,0,1,4,1,27,0,0,0,0,0,1,1,0,1,1,1,0,1,2,0,0,1,0,1,1,1
40998613,0,50,1699,8,156786,4,2,5,1,2959,1,7,317,0,0,1,6,1,46,4,0,0,1,0,1,1,1,1,1,1,1,1,1,0,0,1,0,1,1,1
41365101,0,74,2690,3,49120,4,17,10,1,1998,1,5,789,0,0,1,0,1,38,1,0,0,0,1,1,1,1,1,1,1,1,1,0,0,0,0,0,0,0,0
40534804,0,91,850,10,111567,1,18,4,1,1591,6,5,128,0,0,1,6,1,28,0,0,0,0,0,1,1,1,1,1,1,0,1,3,0,0,1,0,1,1,1
40655525,0,7,620,13,142191,1,22,13,1,1999,7,5,433,0,0,1,8,1,41,5,0,1,1,0,1,1,1,1,1,1,1,1,1,0,0,1,0,1,1,1
40263111,0,48,490,10,152349,1,8,7,1,998,2,5,652,0,0,1,5,1,28,1,0,0,0,0,1,1,0,1,1,1,0,1,2,1,0,1,1,1,1,1
41228291,0,67,430,14,266565,4,11,7,1,2959,1,7,216,0,0,1,7,1,44,0,0,0,1,0,1,1,1,1,1,1,1,1,3,3,0,1,1,1,1,1
41274351,0,58,4069,0,3900,3,22,1,1,1598,0,9,314,0,0,1,1,0,52,5,1,1,0,1,1,1,1,1,1,1,1,1,0,0,0,0,0,0,1,1
41259450,0,96,460,15,175144,4,22,5,1,2199,0,9,544,0,0,1,6,1,29,3,0,0,1,0,1,1,1,0,1,1,0,1,1,1,0,1,1,1,1,1
41265598,0,74,2049,4,114822,1,22,1,1,1598,1,5,521,0,0,1,2,1,34,4,0,0,0,1,1,1,1,1,1,1,0,1,0,1,0,0,1,1,1,1
41424449,0,75,2800,3,93653,3,17,8,1,1598,1,5,803,0,0,1,1,1,46,1,0,0,0,1,1,1,1,1,1,1,1,1,0,0,0,0,0,0,1,1
40706785,0,89,890,6,85344,1,0,13,1,998,2,5,383,0,0,1,2,1,28,2,0,0,0,0,1,1,1,1,0,1,0,1,0,0,0,0,0,0,1,1
40410829,0,55,1490,8,150196,4,17,1,1,2199,1,5,112,0,0,1,1,1,41,1,0,0,0,0,1,1,1,1,1,1,1,1,0,0,0,0,0,0,1,1
40846373,0,95,4490,3,84801,4,22,1,1,2151,0,9,618,0,0,1,0,1,50,3,0,0,0,1,1,1,1,1,1,1,1,1,1,0,0,1,0,1,0,1
41637865,0,78,2620,4,108517,3,22,8,1,1598,1,5,679,0,0,1,0,1,44,4,0,0,1,1,1,1,1,1,1,1,1,1,0,0,0,0,0,0,0,0
41401295,0,98,330,16,123882,1,14,1,1,1591,6,5,570,0,0,1,3,1,21,0,0,0,0,0,1,0,0,1,1,1,0,0,0,3,0,0,1,1,1,1
41403857,0,91,580,12,144939,1,2,7,1,1591,6,5,706,0,0,1,0,1,29,0,0,0,1,0,1,1,1,1,1,1,0,1,1,2,0,1,1,1,0,1
41392426,0,17,2340,4,66720,1,17,1,1,2497,3,5,156,0,0,1,0,1,43,1,0,0,0,1,1,1,1,1,1,1,1,1,0,0,0,0,0,0,0,0
41386587,0,9,2439,6,32193,1,22,5,1,1598,7,5,873,0,0,1,0,1,43,7,0,0,1,1,1,1,1,1,1,1,1,1,0,0,0,0,0,0,0,0
41377514,0,57,2160,6,92239,4,2,10,1,2199,0,7,263,0,0,1,0,1,44,2,0,0,0,1,1,1,1,1,1,1,1,1,0,0,0,0,0,0,0,0
41483831,0,57,1770,7,131424,4,22,10,1,2199,0,9,263,0,0,1,3,1,46,2,0,0,0,1,1,1,1,1,1,1,1,1,0,0,0,0,0,0,1,1
41485626,0,62,2490,4,50384,3,4,1,1,1580,1,5,158,0,0,1,1,1,40,4,0,0,0,0,1,1,1,1,1,1,1,1,0,0,0,0,0,0,1,1
41478685,0,9,3150,3,43513,1,22,1,1,1598,7,5,502,0,0,1,1,1,46,3,0,0,1,1,1,1,1,1,1,1,1,1,0,0,0,0,0,0,1,1
41478129,0,92,1790,8,184278,4,2,8,1,2199,0,9,256,0,0,1,1,1,41,0,0,2,0,0,1,1,1,1,1,1,1,1,0,1,0,0,1,1,1,1
41456095,0,95,3249,4,77442,1,22,8,1,3470,0,9,111,0,0,1,2,1,50,3,0,0,0,1,1,1,1,1,1,1,1,1,1,2,0,1,1,1,1,1
41450909,0,56,4350,2,13895,3,22,8,1,1598,1,5,267,0,0,1,0,1,50,5,0,0,0,1,1,1,1,1,1,1,1,1,0,0,0,0,0,0,0,0
41406088,0,74,2850,4,35872,1,22,1,1,1598,1,5,717,0,0,1,0,1,46,2,0,0,0,1,1,1,1,1,1,1,1,1,0,0,0,0,0,0,0,0
41406318,0,47,940,4,38266,1,22,1,1,998,2,2,640,0,0,1,3,1,15,0,0,0,0,0,1,1,0,0,1,1,0,0,0,0,0,0,0,0,1,1
41385054,0,92,850,11,191027,4,22,1,1,2199,0,9,120,0,0,1,2,1,43,1,0,0,0,0,1,1,1,1,1,1,1,1,0,0,0,0,0,0,1,1
41380260,0,33,680,8,103541,1,2,5,1,1591,6,5,369,0,0,1,0,1,24,3,0,0,0,0,1,0,0,0,0,1,0,1,3,2,0,1,1,1,0,1
41375897,0,33,660,8,106294,1,19,4,1,1591,6,5,40,0,0,1,6,1,27,2,0,0,0,0,1,1,0,1,1,1,0,1,0,0,0,0,0,0,1,1
41487532,0,70,970,8,134069,1,19,10,1,1368,1,5,101,0,0,1,3,1,34,2,0,0,1,0,1,1,1,1,1,1,0,1,0,0,0,0,0,0,1,1
41488149,0,39,550,12,152871,1,2,10,1,2359,3,5,940,0,0,1,3,1,35,0,0,0,0,0,1,1,1,1,1,1,0,1,3,0,0,1,0,1,1,1
41471308,0,47,880,6,72864,1,22,13,1,998,2,5,869,0,0,1,1,1,18,0,0,0,0,0,1,0,0,0,0,0,0,1,0,1,0,0,1,1,1,1
41477970,0,86,1280,9,113156,1,22,1,1,2359,3,5,403,0,0,1,2,1,38,0,0,0,0,0,1,1,1,1,1,1,1,1,2,1,0,1,1,1,1,1
41475931,0,68,2790,6,157899,4,22,4,1,2959,1,6,105,0,0,1,0,1,48,2,0,0,0,1,1,1,1,1,1,1,1,1,0,0,0,0,0,0,0,0
41470438,0,95,2850,5,96788,4,22,1,1,2151,0,9,131,0,0,1,0,1,46,5,0,0,0,1,1,1,1,1,1,1,1,1,0,0,0,0,0,0,0,0
41466244,0,0,3920,0,20449,5,22,1,1,237,1,5,605,0,0,1,0,1,46,3,0,0,0,1,1,1,1,1,1,1,1,1,0,0,0,0,0,0,0,0
41462006,0,95,3140,5,39109,1,2,10,1,3470,0,9,263,0,0,1,0,1,49,4,0,0,0,1,1,1,1,1,1,1,1,1,0,0,0,0,0,0,0,0
41459405,0,24,180,18,90684,1,14,1,0,999,2,2,478,0,0,1,1,1,8,0,0,0,0,0,1,0,0,0,0,0,0,0,0,2,0,0,1,1,1,1
41439058,0,69,1270,5,160490,4,22,13,1,1598,1,5,521,0,0,1,1,1,35,3,0,0,0,0,1,1,1,1,1,1,1,1,1,1,0,1,1,1,1,1
41507321,0,92,750,10,216096,4,22,12,1,2199,0,9,654,0,0,1,7,1,40,3,0,0,1,0,1,1,1,1,1,1,1,1,0,0,0,0,0,0,1,1
41568255,0,89,698,9,108359,1,22,10,1,998,2,5,476,0,0,1,4,1,30,3,0,0,0,0,1,1,1,1,1,1,0,1,0,1,0,0,1,1,1,1
41558847,0,17,2890,2,59297,0,17,7,1,3470,3,5,73,0,0,1,0,1,45,1,0,0,0,1,1,1,1,1,1,1,1,1,0,0,0,0,0,0,0,0
41583766,0,78,2620,5,115490,4,22,3,1,2151,1,6,287,0,0,1,0,1,47,4,0,0,0,1,1,1,1,1,1,1,1,1,0,0,0,0,0,0,0,0
41575006,0,23,530,13,186152,4,11,5,1,1995,1,7,975,0,0,1,4,1,38,4,0,0,0,0,1,1,1,1,1,1,1,1,4,1,0,1,1,1,1,1
41566774,0,33,849,8,131122,1,22,1,1,1591,6,5,406,0,0,1,4,1,30,2,0,0,0,0,1,1,0,1,1,1,0,1,0,3,0,0,1,1,1,1
41560086,0,86,1099,9,191831,1,2,5,1,2359,3,5,609,0,0,1,3,1,49,3,0,0,0,1,1,1,1,1,1,1,1,1,0,0,0,0,0,0,1,1
41562087,0,89,940,7,34793,1,18,4,1,998,2,5,95,0,0,1,3,1,29,3,0,0,0,0,1,1,1,1,0,1,0,1,3,1,0,1,1,1,1,1
41433931,0,73,910,10,192203,4,22,10,1,1995,1,5,101,0,0,1,2,1,37,4,0,0,0,0,1,1,0,1,1,1,1,1,0,0,0,0,0,0,1,1
41509354,0,73,9999,8,142527,4,22,10,1,1995,1,5,28,0,0,0,0,1,31,1,0,0,0,0,1,1,0,1,1,1,1,1,3,1,0,1,1,1,0,1
41511625,0,69,2100,3,44382,1,19,1,1,1591,1,5,922,0,0,1,0,1,38,1,0,0,0,1,1,1,1,1,1,1,1,1,0,0,0,0,0,0,0,0
41509692,0,48,550,10,83165,1,21,1,1,998,2,5,736,0,0,1,2,1,25,2,0,0,0,0,1,0,0,1,0,1,0,1,1,2,0,1,1,1,1,1
41434045,0,14,1780,6,175000,1,2,5,1,2999,3,5,602,0,0,1,0,1,50,7,0,0,1,1,1,1,1,1,1,1,1,1,1,0,0,1,0,1,0,1
41542232,0,16,550,12,186461,3,17,1,1,2359,3,5,855,0,0,1,5,1,44,2,0,0,0,0,1,1,1,1,1,1,1,1,2,3,0,1,1,1,1,1
41533855,0,66,1430,3,18369,1,14,1,1,998,2,5,459,0,0,1,3,1,33,3,0,0,0,0,1,1,1,1,1,1,1,1,0,1,0,0,1,1,1,1
41529248,0,19,750,12,152218,1,2,5,1,3342,3,5,458,0,0,1,5,1,46,1,0,0,0,0,1,1,1,1,1,1,1,1,0,0,0,0,0,0,1,1
41551238,0,9,2420,4,68143,1,2,9,1,1598,7,5,653,0,0,1,0,1,46,4,0,0,1,1,1,1,1,1,1,1,1,1,3,0,0,1,0,1,0,1
41552103,0,92,1180,8,190574,4,22,12,1,2199,0,9,654,0,0,1,0,1,45,4,0,0,1,0,1,1,1,1,1,1,1,1,0,0,0,0,0,0,0,0
41615901,0,19,840,12,146186,1,2,7,1,3342,3,5,729,0,0,1,9,1,50,1,0,0,0,1,1,1,1,1,1,1,1,1,2,0,0,1,0,1,1,1
41550382,0,9,1650,5,14179,1,22,5,1,1999,7,5,11,0,0,1,2,1,29,1,0,0,0,1,1,1,0,0,1,1,0,1,2,0,0,1,0,1,1,1
41602370,0,62,3050,2,46771,3,22,5,1,1580,1,5,630,0,0,1,0,1,43,5,0,0,0,1,1,1,1,1,1,1,1,1,0,0,0,0,0,0,0,0
41590243,0,87,1099,9,214097,3,17,1,1,2359,3,5,704,0,0,1,4,1,46,2,0,0,1,1,1,1,1,1,1,1,1,1,0,0,0,0,0,0,1,1
41649944,0,95,2950,5,103431,4,22,10,1,2151,0,7,263,0,0,1,2,1,49,6,0,0,1,1,1,1,1,1,1,1,1,1,1,1,0,1,1,1,1,1
41644069,0,61,329,14,278396,0,22,1,1,2999,3,5,903,0,0,1,11,1,39,0,0,2,1,1,1,1,1,1,1,1,1,1,0,0,0,0,0,0,1,1
41642808,0,88,350,14,127038,1,18,4,1,998,2,5,59,0,0,1,10,1,21,2,0,0,0,0,1,1,0,1,0,1,0,1,5,0,0,1,0,1,1,1
41636101,0,95,2530,4,93221,4,22,10,1,2151,0,9,232,0,0,1,0,1,40,6,0,0,0,1,1,1,1,1,1,1,1,1,0,0,0,0,0,0,0,0
41627299,0,13,399,15,124344,1,9,7,1,2656,3,5,303,0,0,1,6,1,33,1,0,0,0,0,1,1,1,1,1,1,0,1,2,3,0,1,1,1,1,1
41603862,0,77,1950,5,106008,4,22,5,1,1995,1,5,329,0,0,1,0,1,40,3,0,0,0,1,1,1,1,1,1,1,1,1,0,0,0,0,0,0,0,0
41650946,0,86,1830,8,87358,1,22,5,1,2999,3,5,630,0,0,1,3,1,51,6,0,0,1,1,1,1,1,1,1,1,1,1,0,0,0,0,0,0,1,1
41647195,0,24,270,15,107458,1,22,5,1,999,2,5,2,0,0,1,5,1,16,0,0,0,0,0,1,1,0,0,1,1,0,1,2,0,0,1,0,1,1,1
41630916,0,95,2750,4,88202,4,17,5,1,2151,0,9,358,0,0,1,0,1,50,7,0,0,1,1,1,1,1,1,1,1,1,1,4,0,0,1,0,1,0,1
41660359,0,88,290,14,198182,1,11,9,1,998,2,5,832,0,0,1,4,1,15,2,0,0,0,0,1,0,0,0,0,1,0,1,7,0,0,1,0,1,1,1
41660951,0,43,5450,3,9259,1,2,10,1,3778,3,5,700,0,0,1,0,1,56,2,0,0,0,1,1,1,1,1,1,1,1,1,0,0,0,0,0,0,0,0
41661072,0,78,3130,5,42901,4,22,8,1,2151,1,6,233,0,0,1,2,1,48,5,0,0,0,1,1,1,1,1,1,1,1,1,1,0,0,1,0,1,1,1
41656655,0,5,380,11,201946,4,22,6,1,1582,6,5,953,0,0,1,4,0,28,1,0,0,0,0,1,1,1,0,1,1,0,1,0,0,0,0,0,0,1,1
40940586,0,28,1090,9,135604,3,22,7,1,1580,1,5,608,0,0,1,6,1,34,5,0,0,0,0,1,1,1,1,1,1,1,1,0,0,0,0,0,0,1,1
41348121,0,92,1290,10,71198,4,22,7,1,2199,0,11,608,0,0,1,1,1,36,2,0,0,0,0,1,1,1,1,1,1,1,1,0,0,0,0,0,0,1,1
41589264,0,56,4350,2,16172,3,17,1,1,1598,1,5,74,0,0,1,0,1,51,6,0,0,1,1,1,1,1,1,1,1,1,1,0,0,0,0,0,0,0,0
41629056,0,75,3730,2,8770,3,17,1,1,1598,1,5,74,0,0,1,0,1,47,4,0,0,1,1,1,1,1,1,1,1,1,1,0,0,0,0,0,0,0,0
41525306,0,58,5450,1,12931,3,2,1,1,1598,0,7,74,0,0,1,0,1,51,6,0,0,0,1,1,1,1,1,1,1,1,1,0,0,0,0,0,0,0,0
41601317,0,73,1150,10,110135,4,22,1,1,1685,1,5,886,0,0,1,3,1,39,4,0,0,1,0,1,1,1,1,1,1,1,1,1,0,0,1,0,1,1,1
41560432,0,5,499,11,160103,1,22,14,1,1591,6,5,537,0,0,1,1,1,34,5,0,0,1,0,1,1,1,1,1,1,0,1,0,0,0,0,0,0,1,1
40240126,0,88,409,11,127912,1,18,14,1,998,2,5,537,0,0,1,3,1,22,1,0,1,0,0,1,1,0,1,0,1,0,1,0,0,0,0,0,0,1,1
41656059,0,101,299,15,62085,1,17,14,1,1399,4,5,537,0,0,1,4,1,12,0,0,1,0,0,1,0,0,0,0,0,0,0,0,0,0,0,0,0,1,1
41055633,0,48,519,10,90797,1,19,14,1,998,2,5,537,0,0,1,14,1,27,2,0,0,0,0,1,1,0,1,1,1,0,1,0,0,0,0,0,0,1,1
40987986,0,7,399,15,152819,0,9,14,1,1998,7,5,537,0,0,1,4,1,19,0,0,0,0,0,0,1,1,0,1,1,0,1,0,0,0,0,0,0,1,1
41650103,0,77,1330,6,123949,4,17,1,1,1598,1,5,790,0,0,1,0,1,30,2,0,0,0,1,1,0,0,1,0,1,1,1,0,1,0,0,1,1,0,1
41568715,0,74,2800,4,30720,1,17,1,1,1598,1,5,790,0,0,1,0,1,45,0,0,0,0,1,1,1,1,1,1,1,1,1,3,0,0,1,0,1,0,1
41235003,0,95,2600,5,105555,4,22,1,1,2151,0,9,790,0,0,1,6,1,46,6,0,0,1,1,1,1,1,1,1,1,1,1,1,0,0,1,0,1,1,1
41590967,0,95,2470,5,80772,4,22,1,1,2151,0,9,859,0,0,1,0,1,38,3,0,0,0,1,1,1,1,1,1,1,1,1,0,0,0,0,0,0,0,0
41542199,0,95,2850,3,99158,1,22,1,1,3470,0,9,859,0,0,1,1,1,46,5,0,1,0,1,1,1,1,1,1,1,1,1,0,0,0,0,0,0,1,1
41583370,0,34,1490,4,109057,1,17,1,1,1598,6,5,859,0,0,1,1,1,38,4,0,0,0,1,1,1,1,1,1,1,1,1,0,1,0,0,1,1,1,1
41557379,0,95,2820,5,130152,1,17,1,1,3470,0,7,859,0,0,1,1,1,49,6,0,0,1,1,1,1,1,1,1,1,1,1,0,0,0,0,0,0,1,1
41513761,0,78,2270,5,61886,4,17,1,1,2151,1,5,859,0,0,1,4,1,32,1,0,0,0,1,1,1,1,1,1,1,0,1,1,2,0,1,1,1,1,1
41458902,0,38,3240,2,37507,3,19,1,1,1999,7,5,859,0,0,1,0,1,48,5,0,1,1,1,1,1,1,1,1,1,1,1,0,0,0,0,0,0,0,0
41451128,0,78,3080,4,61709,3,17,1,1,1598,1,7,859,0,0,1,1,1,43,1,0,0,0,1,1,1,1,1,1,1,1,1,1,0,0,1,0,1,1,1
41427218,0,74,2460,3,46471,1,17,1,1,1598,1,5,859,0,0,1,3,1,38,2,0,0,0,1,1,1,1,1,1,1,1,1,1,0,0,1,0,1,1,1
41506898,0,56,4290,2,45251,3,22,1,1,1598,1,6,859,0,0,1,1,1,51,8,0,0,1,1,1,1,1,1,1,1,1,1,0,0,0,0,0,0,1,1
41645553,0,77,1900,7,53929,4,19,1,1,1995,1,5,859,0,0,1,1,1,39,2,0,0,0,1,1,1,1,1,1,1,1,1,0,0,0,0,0,0,1,1
41627565,0,74,2440,4,52814,4,2,1,1,1998,1,5,859,0,0,1,1,1,37,1,0,0,0,1,1,1,1,1,1,1,1,1,0,0,0,0,0,0,1,1
41627637,0,41,3820,1,41678,3,2,1,1,1598,3,5,859,0,0,1,0,1,50,4,0,0,0,1,1,1,1,1,1,1,1,1,0,0,0,0,0,0,0,0
41571692,0,95,3060,5,96740,4,22,1,1,2151,0,7,859,0,0,1,0,1,48,5,0,0,0,1,1,1,1,1,1,1,1,1,0,0,0,0,0,0,0,0
41499051,0,78,2840,4,36579,3,17,1,1,1598,1,5,859,0,0,1,1,1,43,1,0,0,0,1,1,1,1,1,1,1,1,1,2,1,0,1,1,1,1,1
41380317,0,85,1510,7,74534,1,19,1,1,1598,6,5,859,0,0,1,2,1,38,2,0,0,0,1,1,1,1,1,1,1,1,1,0,0,0,0,0,0,1,1
41344368,0,28,1540,9,81712,3,19,1,1,1580,1,5,859,0,0,1,0,1,34,2,0,0,0,0,1,1,1,1,1,1,1,1,0,0,0,0,0,0,0,0
41620214,0,68,3710,5,64214,4,2,1,1,2959,1,5,859,0,0,1,0,1,47,1,0,0,0,1,1,1,1,1,1,1,1,1,0,0,0,0,0,0,0,0
41620082,0,12,2630,3,30675,3,2,1,1,1999,7,5,859,0,0,1,0,1,45,5,0,0,0,1,1,1,1,1,1,1,1,1,0,1,0,0,1,1,0,1
41654034,0,78,3350,3,58963,3,17,1,1,1598,1,5,859,0,0,1,2,1,46,2,0,0,0,1,1,1,1,1,1,1,1,1,0,0,0,0,0,0,1,1
41636871,0,78,3220,5,90349,3,22,1,1,1598,1,5,859,0,0,1,0,1,48,3,0,0,0,1,1,1,1,1,1,1,1,1,0,0,0,0,0,0,0,0
41610508,0,18,2860,4,66934,3,2,1,1,1598,3,5,859,0,0,1,3,1,44,2,0,0,0,1,1,1,1,1,1,1,1,1,0,1,0,0,1,1,1,1
41610411,0,78,3610,5,55716,3,17,1,1,1598,1,5,859,0,0,1,3,1,48,2,0,0,0,1,1,1,1,1,1,1,1,1,0,0,0,0,0,0,1,1
41499010,0,78,3020,5,44905,4,22,1,1,2151,1,5,859,0,0,1,0,1,47,5,0,0,0,1,1,1,1,1,1,1,1,1,0,1,0,0,1,1,0,1
41506863,0,68,3560,5,53866,4,2,1,1,2959,1,6,859,0,0,1,2,1,48,2,0,0,1,1,1,1,1,1,1,1,1,1,2,0,0,1,0,1,1,1
41499148,0,51,2560,2,26071,1,17,1,1,1598,1,5,859,0,0,1,1,1,42,2,0,0,0,1,1,1,1,1,1,1,1,1,0,2,0,0,1,1,1,1
41458867,0,95,3080,3,63600,4,2,1,1,2151,0,9,859,0,0,1,0,1,45,2,0,0,1,1,1,1,1,1,1,1,1,1,0,0,0,0,0,0,0,0
41458852,0,69,1780,4,111988,1,17,1,1,1591,1,5,859,0,0,1,0,1,40,2,0,0,0,1,1,1,1,1,1,1,1,1,0,0,0,0,0,0,0,0
41404527,0,66,1150,3,45678,1,2,1,1,998,2,5,859,0,0,1,0,1,23,0,0,0,0,0,1,0,0,1,0,1,1,1,2,1,0,1,1,1,0,1
41404613,0,48,710,10,81725,1,18,1,1,998,2,5,859,0,0,1,5,1,28,1,0,0,0,0,1,1,0,1,1,1,0,1,0,1,0,0,1,1,1,1
41380486,0,92,1800,8,73207,4,17,1,1,2199,0,9,859,0,0,1,0,1,43,0,0,0,0,0,1,1,1,1,1,1,1,1,0,0,0,0,0,0,0,0
41583269,0,55,1950,8,91035,4,2,1,1,2199,1,5,859,0,0,1,4,1,46,2,0,0,0,1,1,1,1,1,1,1,1,1,0,0,0,0,0,0,1,1
41275660,0,78,3230,5,89487,3,22,1,1,1598,1,5,859,0,0,1,3,1,48,4,0,0,1,1,1,1,1,1,1,1,1,1,0,0,0,0,0,0,1,1
41285151,0,74,3120,4,43074,1,2,1,1,1598,1,5,859,0,0,1,0,1,45,4,0,0,0,1,1,1,1,1,1,1,1,1,0,0,0,0,0,0,0,0
41275592,0,58,4640,1,20377,4,17,1,1,2151,0,9,859,0,0,1,0,1,50,5,0,0,0,1,1,1,1,1,1,1,1,1,0,0,0,0,0,0,0,0
41302761,0,9,2340,6,66850,1,17,1,1,1598,7,5,859,0,0,1,1,1,46,4,0,0,0,1,1,1,1,1,1,1,1,1,0,1,0,0,1,1,1,1
41372587,0,78,3340,5,41334,3,17,1,1,1598,1,7,859,0,0,1,2,1,48,0,0,0,0,1,1,1,1,1,1,1,1,1,0,0,0,0,0,0,1,1
41583214,0,55,2050,7,83527,4,2,1,1,2199,1,5,859,0,0,1,0,1,42,1,0,0,0,1,1,1,1,1,1,1,1,1,0,0,0,0,0,0,0,0
41583180,0,64,790,11,130910,1,21,1,1,998,2,5,859,0,0,1,3,1,27,1,0,0,0,0,1,1,1,1,0,1,0,1,0,0,0,0,0,0,1,1
41571784,0,73,1370,8,75818,4,22,1,1,1685,1,5,859,0,0,1,3,1,35,3,0,0,0,0,1,1,1,1,1,1,1,1,0,2,0,0,1,1,1,1
41571756,0,58,4100,2,34675,3,2,1,1,1598,0,9,859,0,0,1,0,1,46,3,0,0,0,1,1,1,1,1,1,1,1,1,0,0,0,0,0,0,0,0
41563814,0,95,3250,5,23566,4,22,1,1,2151,0,9,859,0,0,1,0,1,46,3,0,0,1,1,1,1,1,1,1,1,1,1,0,0,0,0,0,0,0,0
41563214,0,3,2650,4,122557,5,22,1,1,111,6,5,859,0,0,1,0,1,39,1,0,0,0,1,1,1,1,1,1,1,1,1,0,0,0,0,0,0,0,0
41563446,0,68,3200,5,90986,4,2,1,1,2959,1,7,859,0,0,1,1,1,48,1,0,0,1,1,1,1,1,1,1,1,1,1,0,0,0,0,0,0,1,1
41563254,0,66,1010,5,11515,1,18,1,1,998,2,5,859,0,0,1,1,1,19,2,0,0,0,0,1,0,0,0,0,0,0,0,0,0,0,0,0,0,1,1
41563284,0,66,810,5,19372,1,22,1,1,998,2,2,859,0,0,1,0,1,14,0,0,0,0,0,1,0,0,0,0,0,0,0,0,0,0,0,0,0,0,0
41542296,0,66,750,5,26873,1,22,1,1,998,2,2,859,0,0,1,1,1,14,0,0,0,0,0,1,0,0,0,0,0,0,0,0,0,0,0,0,0,1,1
41535753,0,57,1520,7,103302,4,22,1,1,2199,0,11,859,0,0,1,2,1,37,0,0,1,0,0,1,1,0,1,0,1,1,1,0,2,0,0,1,1,1,1
41636856,0,14,1860,6,127875,1,2,1,1,2999,3,5,859,0,0,1,0,1,48,3,0,0,0,1,1,1,1,1,1,1,1,1,0,0,0,0,0,0,0,0
41636920,0,9,2230,6,43588,1,17,1,1,1999,7,5,859,0,0,1,3,1,40,4,0,0,1,1,1,1,1,1,1,1,1,1,0,0,0,0,0,0,1,1
41513732,0,95,2670,4,84173,1,21,1,1,3470,0,9,859,0,0,1,0,1,43,1,0,0,1,1,1,1,1,1,0,1,1,1,0,0,0,0,0,0,0,0
41491534,0,47,1020,5,48899,1,21,1,1,998,2,5,859,0,0,1,0,1,20,1,0,0,0,0,1,0,0,1,0,1,0,1,0,0,0,0,0,0,0,0
41491446,0,95,2940,4,63386,4,2,1,1,2151,0,9,859,0,0,1,0,1,45,2,0,0,0,1,1,1,1,1,1,1,1,1,0,0,0,0,0,0,0,0
41491460,0,68,3050,5,105570,4,2,1,1,2959,1,5,859,0,0,1,1,1,48,1,0,0,1,1,1,1,1,1,1,1,1,1,0,0,0,0,0,0,1,1
41506910,0,56,4330,2,26937,3,22,1,1,1598,1,5,859,0,0,1,0,1,51,7,0,0,1,1,1,1,1,1,1,1,1,1,0,0,0,0,0,0,0,0
41477113,0,9,1900,6,51623,0,19,1,1,1999,7,5,859,0,0,1,0,1,38,4,0,0,0,1,1,1,1,1,1,1,1,1,0,0,0,0,0,0,0,0
41458878,0,95,2430,5,106516,4,2,1,1,2151,0,9,859,0,0,1,0,1,44,2,0,0,0,1,1,1,1,1,1,1,1,1,2,1,0,1,1,1,0,1
41458823,0,74,2450,4,106738,4,22,1,1,1998,1,5,859,0,0,1,1,1,43,3,0,0,0,1,1,1,1,1,1,1,1,1,1,0,0,1,0,1,1,1
41451072,0,18,3390,3,37203,3,17,1,1,1598,3,5,859,0,0,1,0,1,52,6,0,0,1,1,1,1,1,1,1,1,1,1,1,0,0,1,0,1,0,1
41427196,0,95,3240,5,54352,4,22,1,1,2151,0,9,859,0,0,1,2,1,46,4,0,1,0,1,1,1,1,1,1,1,1,1,0,0,0,0,0,0,1,1
41404331,0,92,1160,9,130071,4,17,1,1,2199,0,9,859,0,0,1,3,1,35,2,0,0,0,0,1,1,1,1,1,1,1,1,0,0,0,0,0,0,1,1
41404564,0,28,1470,8,93419,3,17,1,1,1580,1,5,859,0,0,1,2,1,32,1,0,0,0,0,1,1,1,1,1,1,1,1,0,1,0,0,1,1,1,1
41590876,0,92,1210,10,112712,4,17,1,1,2199,0,9,859,0,0,0,0,0,42,3,0,0,0,0,0,0,0,0,0,0,0,0,0,0,0,0,0,0,0,0
41591052,0,14,2210,6,59710,1,2,1,1,2497,3,5,859,0,0,1,3,1,46,1,0,1,0,1,1,1,1,1,1,1,1,1,0,1,0,0,1,1,1,1
41571807,0,8,1520,8,43807,1,2,1,1,1999,7,5,859,0,0,1,0,1,31,2,0,0,0,1,1,1,0,1,1,1,0,1,0,0,0,0,0,0,0,0
41563647,0,55,2150,7,91331,4,17,1,1,1995,1,5,859,0,0,1,3,1,46,2,0,0,0,1,1,1,1,1,1,1,1,1,0,0,0,0,0,0,1,1
41550226,0,73,1580,8,99528,4,2,1,1,1995,1,5,859,0,0,1,0,1,36,1,0,0,0,0,1,1,1,1,1,1,1,1,0,1,0,0,1,1,0,1
41557447,0,14,1830,6,126648,1,2,1,1,2999,3,5,859,0,0,1,0,1,47,1,0,0,0,1,1,1,1,1,1,1,1,1,0,1,0,0,1,1,0,1
41557401,0,14,1780,6,115594,1,17,1,1,2999,3,5,859,0,0,1,1,1,43,1,0,0,0,1,1,1,1,1,1,1,1,1,0,0,0,0,0,0,1,1
41550248,0,44,1710,3,30900,1,22,1,1,998,2,5,859,0,0,1,0,1,34,3,0,0,0,0,1,1,1,1,1,1,1,1,0,0,0,0,0,0,0,0
41550278,0,66,760,5,23161,1,22,1,1,998,2,2,859,0,0,1,0,1,14,0,0,0,0,0,1,0,0,0,0,0,0,0,0,0,0,0,0,0,0,0
41550257,0,18,3090,3,75646,3,17,1,1,1598,3,5,859,0,0,1,0,1,49,4,0,0,1,1,1,1,1,1,1,1,1,1,1,0,0,1,0,1,0,1
41636984,0,33,820,10,128126,1,2,1,1,1591,6,5,859,0,0,1,3,1,28,0,0,0,0,0,1,1,1,0,1,1,0,1,0,1,0,0,1,1,1,1
41636912,0,3,2430,4,127492,5,22,1,1,111,6,5,859,0,0,1,0,1,42,2,0,0,0,1,1,1,1,1,1,1,1,1,0,0,0,0,0,0,0,0
41636955,0,28,1530,9,111512,3,19,1,1,1580,1,5,859,0,0,1,1,1,41,5,0,0,1,0,1,1,1,1,1,1,1,1,0,0,0,0,0,0,1,1
41636888,0,57,2550,7,54155,1,22,1,1,3342,0,9,859,0,0,1,0,1,47,0,0,0,0,1,1,1,1,1,1,1,1,1,0,0,0,0,0,0,0,0
41265624,0,58,3900,2,53379,4,22,1,1,2151,0,9,859,0,0,1,1,1,47,3,0,0,0,1,1,1,1,1,1,1,1,1,0,0,0,0,0,0,1,1
41293823,0,56,4360,2,21071,3,22,1,1,1598,1,5,859,0,0,1,0,1,50,5,0,0,0,1,1,1,1,1,1,1,1,1,0,0,0,0,0,0,0,0
41275473,0,53,3830,1,14355,3,22,1,1,1598,1,5,859,0,0,1,0,1,44,0,0,0,0,1,1,1,1,1,1,1,1,1,0,0,0,0,0,0,0,0
41302683,0,88,660,11,80201,1,22,1,1,998,2,5,859,0,0,1,2,1,24,2,0,0,0,0,1,0,1,1,0,1,0,1,1,0,0,1,0,1,1,1
41311890,0,12,2100,5,62093,3,17,1,1,1999,7,5,859,0,0,1,4,1,41,4,0,0,0,1,1,1,1,1,1,1,1,1,1,0,0,1,0,1,1,1
41322247,0,86,1350,8,92330,1,2,1,1,2359,3,5,859,0,0,1,3,1,38,0,0,0,0,0,1,1,1,1,1,1,1,1,0,1,0,0,1,1,1,1
41353453,0,9,2210,4,114274,1,2,1,1,1598,7,5,859,0,0,1,1,1,43,5,0,1,0,1,1,1,1,1,1,1,1,1,0,1,0,0,1,1,1,1
41353494,0,54,920,10,130458,4,22,1,1,1995,1,5,859,0,0,1,7,1,29,0,0,0,0,0,1,1,0,1,0,1,0,1,1,0,0,1,0,1,1,1
41372620,0,75,3320,3,40979,3,2,1,1,1598,1,5,859,0,0,1,1,1,46,5,0,0,0,1,1,1,1,1,1,1,1,1,0,0,0,0,0,0,1,1
41627650,0,47,920,4,73788,1,22,1,1,998,2,2,859,0,0,1,0,1,14,0,0,0,0,0,1,0,0,0,0,0,0,1,0,0,0,0,0,0,0,0
41627548,0,73,1040,10,116831,4,22,1,1,1685,1,5,859,0,0,1,1,1,27,4,0,0,0,0,1,1,0,1,1,1,0,1,0,0,0,0,0,0,1,1
41620149,0,55,2260,7,74356,4,17,1,1,1995,1,5,859,0,0,1,1,1,46,1,0,0,0,1,1,1,1,1,1,1,1,1,0,0,0,0,0,0,1,1
41620135,0,89,870,7,107485,0,17,1,1,998,2,5,859,0,0,1,1,1,25,2,0,0,0,0,1,0,0,0,0,1,0,1,0,0,0,0,0,0,1,1
41620039,0,95,3090,3,44812,1,17,1,1,3470,0,9,859,0,0,1,0,1,45,2,0,0,0,1,1,1,1,1,1,1,1,1,0,0,0,0,0,0,0,0
41601496,0,47,820,4,105826,1,22,1,1,998,2,2,859,0,0,1,1,1,11,0,0,0,0,0,1,0,0,0,0,0,0,0,2,0,0,1,0,1,1,1
41601521,0,39,870,11,121324,1,22,1,1,2359,3,5,859,0,0,1,1,1,40,3,0,0,1,0,1,1,1,1,1,1,1,1,0,0,0,0,0,0,1,1
41591149,0,47,800,4,116360,1,22,1,1,998,2,2,859,0,0,1,0,1,13,0,0,0,0,0,1,0,0,0,0,0,0,0,0,0,0,0,0,0,0,0
41601481,0,78,2650,5,111479,3,17,1,1,1598,1,7,859,0,0,1,0,1,44,3,0,0,0,1,1,1,1,1,1,1,1,1,0,0,0,0,0,0,0,0
41653938,0,90,1370,10,118794,4,17,1,1,1995,1,5,859,0,0,1,0,1,38,2,0,0,0,0,1,1,1,1,1,1,1,1,0,0,0,0,0,0,0,0
41655527,0,78,2750,5,89792,4,17,1,1,2151,1,5,859,0,0,1,2,1,46,1,0,0,0,1,1,1,1,1,1,1,1,1,2,0,0,1,0,1,1,1
41654120,0,9,2170,6,41113,1,17,1,1,1999,7,5,859,0,0,1,1,1,39,1,0,0,0,1,1,1,1,1,1,1,1,1,0,0,0,0,0,0,1,1
41653950,0,95,3250,5,42650,1,2,1,1,3470,0,7,859,0,0,1,0,1,50,3,0,0,1,1,1,1,1,1,1,1,1,1,0,1,0,0,1,1,0,1
41653919,0,58,3770,2,53456,3,22,1,1,1598,0,9,859,0,0,1,4,1,45,3,0,0,0,1,1,1,1,1,1,1,1,1,1,1,0,1,1,1,1,1
41645322,0,74,2360,4,60647,4,2,1,1,1998,1,5,859,0,0,1,0,1,37,1,0,0,0,1,1,1,1,1,1,1,1,1,0,0,0,0,0,0,0,0
41645446,0,86,1330,9,142707,1,2,1,1,2359,3,5,859,0,0,1,1,1,51,5,0,0,1,1,1,1,1,1,1,1,1,1,0,0,0,0,0,0,1,1
41645357,0,69,2160,3,18332,1,22,1,1,1591,1,5,859,0,0,1,1,1,29,3,0,0,0,0,1,1,1,1,1,1,0,1,0,2,0,0,1,1,1,1
41524596,0,51,2830,1,31571,1,22,1,1,1598,1,5,859,0,0,1,0,1,45,5,0,0,0,1,1,1,1,1,1,1,1,1,0,0,0,0,0,0,0,0
41627533,0,95,2990,5,88221,4,2,1,1,2151,0,9,859,0,0,1,0,1,47,3,0,0,0,1,1,1,1,1,1,1,1,1,0,0,0,0,0,0,0,0
41627494,0,29,2200,5,56986,5,17,1,1,180,1,5,859,0,0,1,0,1,42,2,0,0,0,1,1,1,1,1,1,1,1,1,0,0,0,0,0,0,0,0
41627586,0,18,2720,4,80390,3,2,1,1,1598,3,5,859,0,0,0,0,0,47,4,0,0,0,0,0,0,0,0,0,0,0,0,0,0,0,0,0,0,0,0
41620012,0,66,1270,5,20815,1,22,1,1,998,2,5,859,0,0,1,0,1,26,0,0,0,0,0,1,1,0,1,1,1,1,1,0,0,0,0,0,0,0,0
41601534,0,78,2170,4,111517,4,17,1,1,2151,1,7,859,0,0,1,1,1,33,3,0,1,0,1,1,1,1,1,1,1,0,1,0,2,0,0,1,1,1,1
41601508,0,14,2090,6,111733,1,2,1,1,2497,3,5,859,0,0,1,4,1,47,4,0,0,0,1,1,1,1,1,1,1,1,1,0,0,0,0,0,0,1,1
41601461,0,74,2280,3,89122,4,22,1,1,1998,1,5,859,0,0,1,1,1,38,1,0,0,0,1,1,1,1,1,1,1,1,1,0,1,0,0,1,1,1,1
41645530,0,3,3170,4,58867,5,2,1,1,111,6,5,859,0,0,1,0,1,40,2,0,0,0,1,1,1,1,1,1,1,1,1,0,0,0,0,0,0,0,0
41645596,0,18,2990,4,43877,3,17,1,1,1598,3,5,859,0,0,1,0,1,47,3,0,0,0,1,1,1,1,1,1,1,1,1,1,0,0,1,0,1,0,1
41645520,0,9,2590,4,67389,1,22,1,1,1598,7,5,859,0,0,0,0,0,46,4,0,0,0,0,0,0,0,0,0,0,0,0,0,0,0,0,0,0,0,0
41606236,0,48,520,10,126791,1,8,2,1,998,2,5,960,0,0,1,10,1,30,3,0,0,0,0,1,1,1,1,1,1,0,1,5,0,0,1,0,1,1,1
41437442,0,9,1870,6,84590,1,17,2,1,1598,7,5,960,0,0,1,1,1,40,4,0,0,0,1,1,1,1,1,1,1,1,1,2,0,0,1,0,1,1,1
41460200,0,86,1730,9,82566,0,2,2,1,2999,3,5,960,0,0,1,4,1,50,2,0,0,0,1,1,1,1,1,1,1,1,1,0,0,0,0,0,0,1,1
40953965,0,67,899,13,191537,4,17,5,1,2959,1,7,791,0,0,1,4,1,44,1,0,0,1,0,1,1,1,1,1,1,1,1,0,0,0,0,0,0,1,1
41406378,0,88,399,13,143609,2,18,5,0,998,2,5,791,0,0,1,0,1,23,1,0,0,0,0,1,1,0,0,1,1,0,1,1,0,0,1,0,1,0,1
41554661,0,7,480,13,184039,0,2,5,1,1999,7,5,791,0,0,1,2,1,26,0,0,0,0,0,1,0,1,1,0,1,0,1,0,0,0,0,0,0,1,1
41603453,0,47,590,5,164060,1,22,5,1,998,2,2,791,0,0,1,0,1,15,0,0,0,0,0,1,1,0,0,1,0,0,0,0,0,0,0,0,0,0,0
40999124,0,67,799,11,246860,4,2,5,1,2959,1,7,791,0,0,1,4,1,40,1,0,0,1,0,1,1,1,1,1,1,1,1,1,0,0,1,0,1,1,1
40989670,0,95,2650,3,64874,4,22,1,1,2151,0,9,376,0,0,1,0,1,38,3,0,0,0,1,1,1,1,1,1,1,1,1,1,3,0,1,1,1,0,1
40737362,0,73,1690,9,47770,4,22,1,1,1685,1,5,376,0,0,1,0,1,41,4,0,0,1,0,1,1,1,1,1,1,1,1,0,0,0,0,0,0,0,0
41173540,0,86,1290,9,82717,1,17,1,1,2359,3,5,376,0,0,1,0,1,38,0,0,0,0,0,1,1,1,1,1,1,1,1,0,0,0,0,0,0,0,0
41506245,0,92,715,10,307866,4,2,5,1,2199,0,7,959,0,0,0,0,1,44,1,0,0,0,0,1,1,1,1,1,1,1,1,3,0,0,1,0,1,0,1
41333332,0,88,450,12,87092,1,17,14,1,998,2,5,442,0,0,1,5,1,19,1,0,1,0,0,1,1,0,0,1,1,0,1,0,0,0,0,0,0,1,1
41189761,0,73,1000,10,141350,4,19,12,1,1685,1,5,635,0,0,1,2,1,36,2,0,0,0,0,1,1,0,1,1,1,1,1,0,1,0,0,1,1,1,1
41511430,0,37,3499,1,5278,1,2,12,1,1598,7,5,635,0,0,1,0,1,47,1,0,0,0,1,1,1,1,1,1,1,1,1,0,0,0,0,0,0,0,0
40931364,0,74,2950,3,17417,1,17,12,1,1598,1,5,635,0,0,1,0,1,45,0,0,0,0,1,1,1,1,1,1,1,1,1,0,0,0,0,0,0,0,0
40931308,0,74,2750,3,48394,1,22,12,1,1598,1,5,635,0,0,1,2,1,45,3,0,0,0,1,1,1,1,1,1,1,1,1,0,1,0,0,1,1,1,1
41560022,0,64,530,14,91370,1,21,12,1,998,2,5,635,0,0,1,1,1,21,0,0,0,0,0,1,1,0,0,1,1,0,1,0,0,0,0,0,0,1,1
41304732,0,78,3090,3,103615,3,22,9,1,1598,1,5,244,0,0,1,0,1,47,4,0,0,0,1,1,1,1,1,1,1,1,1,0,0,0,0,0,0,0,0
41605582,0,87,1630,8,139830,3,17,9,1,2359,3,5,244,0,0,1,1,1,48,1,0,0,0,1,1,1,1,1,1,1,1,1,0,0,0,0,0,0,1,1
41448918,0,54,790,12,156746,4,22,9,1,1995,1,5,244,0,0,1,3,1,38,3,0,0,1,0,1,1,1,1,1,1,1,1,0,0,0,0,0,0,1,1
41608587,0,33,760,10,65840,1,2,1,1,1591,6,5,148,0,0,0,0,0,32,3,0,0,0,0,0,0,0,0,0,0,0,0,0,0,0,0,0,0,0,0
41613213,0,73,1490,9,127518,4,19,5,1,1995,1,5,323,0,0,1,3,1,41,5,0,0,1,0,1,1,1,1,1,1,1,1,0,0,0,0,0,0,1,1
41609358,0,58,6180,2,6782,3,22,10,1,1598,0,9,384,0,0,0,0,1,47,6,3,1,0,1,1,1,1,1,1,1,1,1,0,0,0,0,0,0,0,0
41603359,0,51,2630,2,43559,1,22,7,1,1598,1,5,982,0,0,1,1,1,43,4,0,0,0,1,1,1,1,1,1,1,1,1,0,0,0,0,0,0,1,1
41603216,0,64,730,13,67132,1,18,8,1,998,2,5,63,0,0,0,0,0,28,2,0,0,0,0,0,0,0,0,0,0,0,0,0,0,0,0,0,0,0,0
41602581,0,88,480,13,105177,1,22,10,1,998,2,5,884,0,0,1,8,1,25,4,0,1,1,0,1,1,0,1,0,1,0,1,1,0,0,1,0,1,1,1
41600501,0,58,672,2,80633,4,22,8,1,2151,0,9,314,0,0,0,0,0,39,1,0,0,0,0,0,0,0,0,0,0,0,0,0,0,0,0,0,0,0,0
41599750,0,90,1350,10,137754,4,22,10,1,1995,1,5,125,0,0,1,8,1,44,3,0,0,1,0,1,1,1,1,1,1,1,1,3,0,0,1,0,1,1,1
41649001,0,72,3080,5,104259,1,8,1,1,3342,7,5,478,0,0,1,0,0,49,4,0,0,1,1,1,1,1,1,1,1,1,1,0,0,0,0,0,0,0,0
41551409,0,17,2300,4,111372,1,2,10,1,3470,3,5,367,0,0,1,5,1,53,7,0,0,1,1,1,1,1,1,1,1,1,1,4,2,0,1,1,1,1,1
41564608,0,64,570,13,123550,1,17,1,1,998,2,5,38,0,0,0,0,1,27,2,0,0,0,0,1,1,0,0,1,1,0,1,0,0,0,0,0,0,0,0
41494079,0,77,1590,7,117245,4,22,10,1,1995,1,5,1002,0,0,1,1,1,39,3,0,0,1,1,1,1,1,1,1,1,1,1,1,0,0,1,0,1,1,1
41491620,0,70,9999,8,87387,4,22,3,1,1582,1,5,657,0,0,1,5,1,33,1,0,0,0,0,1,1,1,1,1,1,0,1,1,0,0,1,0,1,1,1
41462381,0,10,478,12,176922,3,22,5,1,1999,7,5,763,0,0,1,3,1,32,2,0,0,0,0,1,1,1,1,1,1,0,1,0,0,0,0,0,0,1,1
41537828,0,90,1040,10,216329,4,2,10,1,1995,1,5,1002,0,0,1,3,1,45,0,0,0,0,0,1,1,1,1,0,1,1,1,0,0,0,0,0,0,1,1
41531226,0,92,1490,10,79955,4,22,5,1,2199,0,7,784,0,0,1,0,1,45,3,0,0,1,0,1,1,1,1,1,1,1,1,1,0,0,1,0,1,0,1
41518767,0,47,850,5,139105,1,9,10,1,998,2,5,548,0,0,1,1,1,23,0,0,0,0,0,1,0,0,1,0,1,0,1,0,0,0,0,0,0,1,1
41502311,0,68,2499,5,157849,4,2,1,1,2959,1,6,335,0,0,1,2,1,49,2,0,0,1,1,1,1,1,1,1,1,1,1,2,0,0,1,0,1,1,1
41501948,0,68,2980,5,79757,4,2,1,1,2959,1,5,112,0,0,1,4,1,48,2,0,0,1,1,1,1,1,1,1,1,1,1,3,2,0,1,1,1,1,1
41496054,0,61,500,14,75976,1,14,4,1,2359,3,5,89,0,0,1,4,1,38,1,0,0,0,0,1,1,1,1,1,1,1,1,3,1,0,1,1,1,1,1
41549713,0,95,2750,5,93500,4,5,8,1,2151,0,9,314,0,0,1,1,0,43,0,0,0,0,1,1,1,1,1,1,1,1,1,0,0,0,0,0,0,1,1
41528727,0,44,324,0,1,1,22,10,1,998,2,5,314,0,0,1,0,0,28,1,0,0,0,0,1,1,1,1,0,1,1,1,0,0,0,0,0,0,0,0
41494515,0,62,2220,4,56419,3,22,8,1,1580,1,5,452,0,0,1,1,1,33,3,0,0,0,0,1,1,1,1,1,1,0,1,0,0,0,0,0,0,1,1
41485718,0,27,249,19,140336,0,22,1,1,1998,0,7,77,0,0,1,8,1,16,0,0,0,0,0,0,1,0,0,1,1,0,1,1,5,0,1,1,1,1,1
41471632,0,92,1250,9,220960,1,2,1,1,3342,0,9,570,0,0,1,4,1,48,0,0,0,0,0,1,1,1,1,1,1,1,1,0,0,0,0,0,0,1,1
41468470,0,78,2849,3,64873,3,17,1,1,1598,1,7,521,0,0,1,3,1,43,2,0,0,0,1,1,1,1,1,1,1,1,1,2,0,0,1,0,1,1,1
41458009,0,27,379,17,48457,0,11,5,1,1998,0,7,334,0,0,1,7,1,14,0,0,0,0,0,0,0,0,0,1,1,0,1,0,0,0,0,0,0,1,1
41446941,0,78,2499,5,85639,4,22,6,1,2151,1,6,778,0,0,1,2,1,47,6,0,0,0,1,1,1,1,1,1,1,1,1,5,1,0,1,1,1,1,1
41431031,0,39,630,13,106419,1,2,7,1,3342,3,5,827,0,0,1,6,1,48,3,0,0,1,0,1,1,1,1,1,1,1,1,6,0,0,1,0,1,1,1
41610606,0,77,2150,6,43026,1,22,8,1,1999,1,5,16,0,0,1,0,1,37,2,0,0,0,0,1,1,1,1,1,1,1,1,0,0,0,0,0,0,0,0
41597959,0,66,1390,4,14596,1,22,1,1,998,2,5,158,0,0,1,0,1,28,2,0,0,0,0,1,0,0,1,0,1,1,1,0,0,0,0,0,0,0,0
41591153,0,96,339,14,166960,4,22,1,1,2199,0,11,897,0,0,1,6,1,21,1,0,0,0,0,1,0,0,0,0,1,0,1,0,0,0,0,0,0,1,1
41596349,0,92,1450,9,120682,4,22,10,1,2199,0,9,28,0,0,1,5,1,40,2,0,0,0,0,1,1,1,1,1,1,1,1,5,0,0,1,0,1,1,1
41576989,0,89,1050,6,51201,1,18,3,1,998,2,5,837,0,0,1,3,0,31,3,0,0,0,0,1,1,1,1,1,1,0,1,0,0,0,0,0,0,1,1
41561121,0,53,5700,0,6,3,2,10,1,1598,1,5,327,0,0,1,0,1,47,4,0,0,1,1,1,1,1,1,1,1,1,1,0,0,0,0,0,0,0,0
41554698,0,14,1999,6,99760,4,2,4,1,2199,3,5,59,0,0,1,5,1,43,1,0,0,1,1,1,1,1,1,1,1,1,1,0,0,0,0,0,0,1,1
41551696,0,85,1150,7,60373,1,19,9,1,1598,6,5,56,0,0,1,0,1,30,3,0,0,0,0,1,1,0,1,1,1,1,1,2,0,0,1,0,1,0,1
41587397,0,18,2550,4,87361,3,2,7,1,1598,3,5,684,0,0,1,0,1,45,0,0,0,0,1,1,1,1,1,1,1,1,1,2,1,0,1,1,1,0,1
41219449,0,74,2850,4,45303,4,10,5,1,1998,1,5,816,0,0,1,1,1,45,1,0,0,1,1,1,1,1,1,1,1,1,1,1,0,0,1,0,1,1,1
41217792,0,9,2590,3,32901,1,17,5,1,1598,7,5,437,0,0,1,0,1,41,5,0,0,1,1,1,1,1,1,1,1,1,1,0,0,0,0,0,0,0,0
41241496,0,89,780,8,112317,1,18,13,1,998,2,5,383,0,0,1,2,1,30,3,0,0,0,0,1,1,1,1,1,1,0,1,1,0,0,1,0,1,1,1
41295653,0,90,1050,10,169508,4,2,1,1,1995,1,5,667,0,0,0,0,1,37,1,0,0,0,0,1,1,1,1,1,1,1,1,1,1,0,1,1,1,0,1
41005318,0,95,2590,3,59820,4,22,10,1,2151,0,9,101,0,0,1,3,1,39,5,0,1,0,1,1,1,1,1,1,1,1,1,1,1,0,1,1,1,1,1
41108686,0,31,2350,7,119189,1,2,5,1,3778,3,5,899,0,0,1,8,1,50,0,0,0,0,1,1,1,1,1,1,1,1,1,1,0,0,1,0,1,1,1
41140404,0,95,1980,5,101620,4,2,1,1,2151,0,9,158,0,0,1,9,1,37,2,0,0,0,1,1,1,1,1,1,1,1,1,8,2,0,1,1,1,1,1
41115530,0,57,1590,7,97988,4,22,8,1,2199,0,9,392,0,0,1,1,1,34,3,0,0,0,0,1,1,1,1,1,1,1,1,0,1,0,0,1,1,1,1
41216349,0,68,5299,3,49131,4,2,5,1,2959,1,7,708,0,0,1,0,1,48,3,0,0,1,1,1,1,1,1,1,1,1,1,0,0,0,0,0,0,0,0
41338793,0,50,1188,8,222766,4,22,13,1,2959,1,7,285,0,0,1,4,1,43,1,0,1,0,0,1,1,1,1,1,1,1,1,6,0,0,1,0,1,1,1
41380763,0,86,899,10,180770,1,1,13,1,3342,3,5,431,0,0,1,3,1,50,3,0,0,1,0,1,1,1,1,1,1,1,1,0,0,0,0,0,0,1,1
41381050,0,47,1340,5,46423,1,2,13,1,998,2,5,969,0,0,1,4,1,30,2,0,0,0,0,1,1,1,1,1,1,0,1,1,0,0,1,0,1,1,1
41357639,0,29,1830,5,99098,5,22,1,1,180,1,5,453,0,0,1,1,1,36,3,0,0,0,0,1,1,1,1,1,1,1,1,0,0,0,0,0,0,1,1
41404368,0,79,560,16,167019,4,12,6,1,2199,1,7,139,0,0,1,0,1,36,0,0,3,0,0,1,1,1,1,1,1,1,1,0,0,0,0,0,0,0,0
41351625,0,58,3220,2,16621,4,22,1,1,2151,0,9,454,0,0,1,0,1,38,1,0,0,0,1,1,1,1,1,1,1,1,1,0,0,0,0,0,0,0,0
41418938,0,58,4250,2,71708,3,22,1,1,1598,0,9,196,0,0,1,3,1,51,7,0,0,1,1,1,1,1,1,1,1,1,1,1,0,0,1,0,1,1,1
41424618,0,92,1320,11,172151,4,17,3,1,2199,0,9,534,0,0,1,7,1,41,3,0,0,1,0,1,1,1,1,1,1,1,1,1,1,0,1,1,1,1,1
41260308,0,78,3260,5,92329,3,22,1,1,1598,1,6,447,0,0,1,1,1,48,5,0,0,0,1,1,1,1,1,1,1,1,1,0,0,0,0,0,0,1,1
41261616,0,78,2580,4,100906,3,19,1,1,1598,1,5,798,0,0,1,4,0,44,2,0,0,0,1,1,1,1,1,1,1,1,1,0,0,0,0,0,0,1,1
41268321,0,3,1779,4,296643,5,22,1,1,111,6,5,704,0,0,1,0,1,36,0,0,0,0,1,1,1,1,1,1,1,1,1,1,1,0,1,1,1,0,1
41073960,0,58,4350,2,38946,1,2,8,1,3470,0,7,188,0,0,1,1,1,52,7,0,0,1,1,1,1,1,1,1,1,1,1,0,0,0,0,0,0,1,1
41194028,0,45,1995,2,44201,5,19,7,1,133,2,4,84,0,0,1,0,1,34,1,0,0,0,0,1,1,1,1,1,1,1,1,1,0,0,1,0,1,0,1
39409124,0,95,1316,3,60490,4,2,1,1,2151,0,9,521,0,0,1,1,1,46,4,0,0,0,1,1,1,1,1,1,1,1,1,0,0,0,0,0,0,1,1
38727651,0,92,1329,10,128127,4,2,13,1,2199,0,7,138,0,0,1,3,1,40,3,0,0,1,0,1,1,1,1,1,1,1,1,1,0,0,1,0,1,1,1
40195861,0,67,990,12,181611,4,2,7,1,2959,1,7,599,0,0,1,8,1,44,1,0,0,1,0,1,1,1,1,1,1,1,1,1,0,0,1,0,1,1,1
40840823,0,88,280,14,79981,1,22,1,1,998,2,5,737,0,0,0,0,1,29,5,0,0,0,0,1,1,1,1,1,1,0,1,0,0,0,0,0,0,0,0
40759293,0,35,599,11,113172,1,2,1,1,1999,7,5,193,0,0,1,10,1,36,0,0,0,0,0,1,1,1,1,1,1,1,1,4,2,0,1,1,1,1,1
40803845,0,86,729,10,184365,1,22,1,1,2359,3,5,822,0,0,1,5,1,38,0,0,0,0,0,1,1,1,1,1,1,1,1,1,0,0,1,0,1,1,1
40806054,0,31,2250,7,102475,1,2,10,1,3342,3,5,851,0,0,1,5,1,53,0,0,1,0,1,1,1,1,1,1,1,1,1,1,0,0,1,0,1,1,1
40831588,0,47,1050,5,25064,1,22,1,1,998,2,5,737,0,0,1,5,1,28,3,0,0,0,0,1,1,1,1,0,1,0,1,0,0,0,0,0,0,1,1
40832040,0,64,450,13,90041,1,22,1,1,998,2,5,737,0,0,1,4,1,20,3,0,0,0,0,1,0,0,0,0,1,0,1,0,0,0,0,0,0,1,1
40845930,0,64,420,9,100993,1,22,1,1,998,2,2,737,0,0,1,2,1,12,0,0,0,0,0,0,1,0,0,0,0,0,1,0,0,0,0,0,0,1,1
40861457,0,38,3140,0,845,3,2,8,1,1999,7,5,314,0,0,1,0,0,46,0,0,0,1,0,1,1,1,1,1,1,1,1,0,0,0,0,0,0,0,0
40929804,0,44,890,3,85455,1,22,5,1,998,2,2,747,0,0,1,6,1,23,0,0,0,0,0,1,0,0,1,0,1,0,1,2,1,0,1,1,1,1,1
41625219,0,64,700,9,87936,1,22,1,1,998,2,2,693,0,0,1,0,1,17,1,0,0,0,0,1,1,0,0,1,0,0,0,1,0,0,1,0,1,0,1
41622369,0,92,1100,8,196983,4,22,10,1,2199,0,7,367,0,0,1,2,1,42,5,0,0,1,0,1,1,1,1,1,1,1,1,0,1,0,0,1,1,1,1
41659587,0,19,499,13,218134,1,2,1,1,3342,3,5,518,0,0,1,4,1,44,2,0,0,0,0,1,1,1,1,1,1,1,1,0,0,0,0,0,0,1,1
41662500,0,9,2100,3,43400,0,22,8,1,1999,7,5,613,0,0,1,0,1,31,1,0,0,0,1,1,0,0,1,0,1,1,1,0,0,0,0,0,0,0,0
41657760,0,5,550,11,124032,1,22,1,1,1591,6,5,736,0,0,1,8,1,30,2,0,1,0,0,1,1,1,1,1,1,0,1,3,6,0,1,1,1,1,1
41654354,0,17,2320,3,76740,1,2,4,1,2497,3,5,166,0,0,1,2,1,48,3,0,0,0,1,1,1,1,1,1,1,1,1,0,0,0,0,0,0,1,1
41638066,0,15,1890,6,127264,3,22,5,1,2359,3,5,711,0,0,1,2,1,48,3,0,0,0,1,1,1,1,1,1,1,1,1,5,0,0,1,0,1,1,1
41638483,0,74,3050,4,27514,1,22,5,1,1598,1,5,956,0,0,1,1,1,46,2,0,0,1,1,1,1,1,1,1,1,1,1,0,0,0,0,0,0,1,1
41634251,0,10,570,13,158371,3,22,9,1,1999,7,5,440,0,0,1,6,1,31,2,0,0,1,0,1,1,1,1,0,1,0,1,0,1,0,0,1,1,1,1
41625519,0,10,360,14,214260,3,22,8,1,1999,7,5,51,0,0,1,14,1,34,1,0,0,0,0,1,1,1,1,1,1,0,1,4,0,0,1,0,1,1,1
41662544,0,86,1100,9,89500,0,2,8,1,2999,3,5,613,0,0,1,0,1,35,1,0,0,0,1,1,0,1,1,0,1,1,1,0,0,0,0,0,0,0,0
41658867,0,49,288,0,1,1,22,10,1,998,2,5,314,0,0,1,0,0,29,1,0,0,0,0,1,1,1,1,0,1,1,1,0,0,0,0,0,0,0,0
41658272,0,9,1900,3,66000,0,22,8,1,1999,7,5,613,0,0,1,0,0,32,1,0,0,0,1,1,0,1,1,0,1,1,1,0,0,0,0,0,0,0,0
41616690,0,62,3690,2,19730,3,22,13,1,1580,1,5,745,0,0,1,0,1,47,8,0,0,1,1,1,1,1,1,1,1,1,1,0,0,0,0,0,0,0,0
41622450,0,66,1120,5,50607,1,18,8,1,998,2,5,391,0,0,1,2,1,29,1,0,0,0,0,1,1,1,1,1,1,1,1,1,0,0,1,0,1,1,1
41610094,0,18,3390,3,27151,3,17,10,1,1598,3,5,700,0,0,1,0,1,51,5,0,0,0,1,1,1,1,1,1,1,1,1,0,0,0,0,0,0,0,0
41603211,0,95,2229,5,158742,4,17,1,1,2151,0,9,858,0,0,1,1,1,48,5,0,0,0,1,1,1,1,1,1,1,1,1,0,0,0,0,0,0,1,1
41596244,0,46,1930,6,42622,3,22,1,1,1580,1,5,208,0,0,1,1,1,34,4,0,0,0,0,1,1,1,1,1,1,1,1,0,0,0,0,0,0,1,1
41538039,0,58,4700,1,35304,3,17,1,1,1598,0,9,636,0,0,1,1,1,50,3,0,0,0,1,1,1,1,1,1,1,1,1,0,0,0,0,0,0,1,1
41660521,0,31,7777,5,122598,1,2,1,1,3342,3,5,158,0,0,1,0,0,56,4,0,0,1,1,1,1,1,1,1,1,1,1,0,0,0,0,0,0,0,0
41652166,0,69,2099,3,44511,1,22,1,1,1591,1,5,874,0,0,1,2,1,41,3,0,0,0,1,1,1,1,1,1,1,1,1,1,0,0,1,0,1,1,1
41447623,0,86,1400,7,145785,0,2,12,1,2999,3,5,598,0,0,1,5,1,38,2,0,0,0,0,1,1,1,1,1,1,1,1,0,0,0,0,0,0,1,1
41553372,0,78,3050,5,58632,4,22,1,1,2151,1,6,437,0,0,1,1,1,48,7,0,0,1,1,1,1,1,1,1,1,1,1,0,0,0,0,0,0,1,1
41550880,0,18,2930,3,36251,3,2,8,1,1598,3,5,680,0,0,1,3,1,46,1,0,0,0,1,1,1,1,1,1,1,1,1,0,2,0,0,1,1,1,1
41553520,0,18,2700,4,113167,3,17,1,1,1598,3,5,849,0,0,1,3,1,49,5,0,0,1,1,1,1,1,1,1,1,1,1,2,0,0,1,0,1,1,1
41546797,0,83,1650,7,146612,5,9,1,1,180,6,5,655,0,0,1,3,1,44,2,0,0,0,1,1,1,1,1,1,1,1,1,0,0,0,0,0,0,1,1
41623446,0,74,3270,4,41370,1,22,1,1,1598,1,5,372,0,0,1,0,1,47,5,0,0,1,1,1,1,1,1,1,1,1,1,0,0,0,0,0,0,0,0
41628464,0,78,3390,4,66066,3,22,5,1,1598,1,5,436,0,0,1,0,1,47,2,0,0,0,1,1,1,1,1,1,1,1,1,0,0,0,0,0,0,0,0
41633746,0,99,450,15,73760,1,2,1,1,1591,5,5,890,0,0,1,4,1,26,1,0,0,1,0,1,1,1,0,0,1,0,1,0,0,0,0,0,0,1,1
41620809,0,74,2630,4,19193,1,19,10,1,1598,1,5,924,0,0,1,2,1,46,2,0,0,0,1,1,1,1,1,1,1,1,1,1,0,0,1,0,1,1,1
41405087,0,3,3550,4,95622,5,22,1,1,111,6,5,717,0,0,1,1,1,46,2,0,0,1,1,1,1,1,1,1,1,1,0,0,0,0,0,0,0,1,1
41411892,0,5,679,13,52663,1,14,8,1,1591,6,5,532,0,0,1,1,1,29,0,0,0,0,0,1,1,1,1,1,1,0,1,0,0,0,0,0,0,1,1
41407483,0,94,310,14,131467,1,22,1,1,1396,4,5,426,0,0,1,5,1,21,2,0,0,0,0,1,1,0,0,1,1,0,1,0,1,0,0,1,1,1,1
41385886,0,15,2549,6,106437,3,22,1,1,2359,3,5,882,0,0,1,2,1,50,5,0,0,1,1,1,1,1,1,1,1,1,1,0,0,0,0,0,0,1,1
41375923,0,74,2999,4,39751,1,22,2,1,1598,1,5,979,0,0,1,7,1,44,5,0,0,0,1,1,1,1,1,1,1,1,1,1,1,0,1,1,1,1,1
41384697,0,3,3880,3,24022,5,22,1,1,111,6,5,173,0,0,1,0,1,47,3,0,0,1,1,1,1,1,1,1,1,1,1,0,1,0,0,1,1,0,1
41356083,0,31,1840,7,159433,1,2,10,1,3778,3,5,819,0,0,1,2,1,49,0,0,0,0,1,1,1,1,1,1,1,1,1,1,0,0,1,0,1,1,1
40231262,0,67,899,12,169209,4,11,7,1,2959,1,7,319,0,0,1,0,1,44,1,0,0,1,0,1,1,1,1,1,1,1,1,0,0,0,0,0,0,0,0
40930076,0,78,2690,4,70297,4,2,1,1,2151,1,5,9,0,0,1,1,1,43,2,0,0,0,1,1,1,1,1,1,1,1,1,0,0,0,0,0,0,1,1
40947253,0,95,2680,5,109954,4,2,1,1,2151,0,9,9,0,0,1,0,1,49,7,0,1,1,1,1,1,1,1,1,1,1,1,0,0,0,0,0,0,0,0
40958697,0,9,2290,5,58488,1,17,10,1,1598,7,5,100,0,0,1,1,1,45,3,0,1,0,1,1,1,1,1,1,1,1,1,1,0,0,1,0,1,1,1
41221066,0,73,1100,10,110084,4,2,1,1,1995,1,5,900,0,0,1,3,1,27,0,0,0,0,0,1,0,0,1,0,1,0,1,0,0,0,0,0,0,1,1
41224764,0,78,2880,4,79122,4,22,1,1,2151,1,5,640,0,0,1,2,1,42,1,0,0,0,1,1,1,1,1,1,1,1,1,0,0,0,0,0,0,1,1
41215540,0,68,2899,3,157214,4,17,1,1,2959,1,5,678,0,0,1,0,1,47,1,0,0,0,1,1,1,1,1,1,1,1,1,0,0,0,0,0,0,0,0
41169528,0,57,2370,6,54626,4,22,8,1,2199,0,9,690,0,0,1,1,1,46,2,0,0,0,1,1,1,1,1,1,1,1,1,0,1,0,0,1,1,1,1
41075548,0,78,2620,5,83625,4,22,1,1,2151,1,5,972,0,0,1,1,1,43,4,0,0,0,1,1,1,1,1,1,1,1,1,0,0,0,0,0,0,1,1
40898730,0,68,5890,3,51318,4,2,1,1,2959,1,5,636,0,0,1,0,1,48,3,0,0,1,1,1,1,1,1,1,1,1,1,0,0,0,0,0,0,0,0
41359114,0,95,2830,5,87737,4,22,10,1,2151,0,9,686,0,0,1,0,1,47,6,0,0,0,1,1,1,1,1,1,1,1,1,0,1,0,0,1,1,0,1
41341339,0,92,1390,9,121887,1,22,1,1,3342,0,9,478,0,0,1,4,1,46,3,0,0,0,0,1,1,1,1,1,1,1,1,0,0,0,0,0,0,1,1
41427334,0,95,8888,3,68573,1,22,8,1,3470,0,9,680,0,0,1,2,1,50,7,0,0,1,1,1,1,1,1,1,1,1,1,0,1,0,0,1,1,1,1
41415367,0,5,680,11,100801,1,22,1,1,1591,6,5,760,0,0,1,4,1,29,3,0,0,1,0,1,1,1,1,0,1,0,1,0,0,0,0,0,0,1,1
41415438,0,95,2999,4,48874,4,19,8,1,2151,0,9,250,0,0,1,0,1,38,2,0,0,0,1,1,1,1,1,1,1,1,1,0,0,0,0,0,0,0,0
41373695,0,96,9999,15,77945,4,22,1,1,2199,0,11,478,0,0,1,5,1,26,0,0,0,1,0,1,0,1,0,0,1,0,1,1,2,0,1,1,1,1,1
41431527,0,92,1249,9,148973,1,17,7,1,3342,0,7,48,0,0,1,4,1,43,1,0,0,0,0,1,1,1,1,1,1,1,1,2,0,0,1,0,1,1,1
41373880,0,68,3850,5,34335,4,22,10,1,2959,1,7,740,0,0,1,0,1,46,2,0,0,0,1,1,1,1,1,1,1,1,1,0,0,0,0,0,0,0,0
41365027,0,78,2860,3,64781,4,2,8,1,2151,1,5,680,0,0,1,0,1,43,3,0,0,1,1,1,1,1,1,1,1,1,1,1,2,0,1,1,1,0,1
41465613,0,57,1430,7,120271,4,2,10,1,2199,0,9,102,0,0,1,2,1,39,1,0,0,0,0,1,1,1,1,1,1,1,1,0,0,0,0,0,0,1,1
41437893,0,95,3550,3,49461,1,2,1,1,3470,0,7,573,0,0,1,1,1,50,5,0,0,0,1,1,1,1,1,1,1,1,1,0,0,0,0,0,0,1,1
41526704,0,5,690,13,83364,1,11,9,1,1591,6,5,661,0,0,1,5,1,35,2,0,0,0,0,1,1,1,1,1,1,0,1,0,0,0,0,0,0,1,1
41528085,0,17,1990,4,99178,0,2,1,1,3470,3,5,245,0,0,1,0,1,42,2,0,0,0,1,1,1,1,1,1,1,1,1,0,0,0,0,0,0,0,0
41528058,0,64,560,10,138769,1,18,10,1,998,2,5,1004,0,0,1,4,1,18,1,0,0,0,0,1,0,0,0,0,1,0,1,2,0,0,1,0,1,1,1
41516533,0,74,2890,4,36022,1,19,1,1,1598,1,5,158,0,0,1,0,1,46,2,0,0,0,1,1,1,1,1,1,1,1,1,0,0,0,0,0,0,0,0
41508492,0,69,1890,4,60314,1,22,1,1,1591,1,5,495,0,0,1,1,1,35,3,0,0,0,0,1,1,1,1,1,1,1,1,0,1,0,0,1,1,1,1
41501374,0,74,2750,4,109799,4,22,5,1,1998,1,5,374,0,0,1,1,1,40,6,0,0,1,1,1,1,1,1,1,1,1,1,0,0,0,0,0,0,1,1
41508732,0,95,3150,5,55687,1,2,9,1,3470,0,7,661,0,0,1,0,1,48,3,0,0,0,1,1,1,1,1,1,1,1,1,0,0,0,0,0,0,0,0
41213425,0,95,3150,5,79422,4,2,1,1,2151,0,7,362,0,0,1,1,1,49,4,0,0,0,1,1,1,1,1,1,1,1,1,0,1,0,0,1,1,1,1
41155557,0,9,2890,5,20644,1,2,8,1,1598,7,5,256,0,0,1,0,1,47,8,0,0,1,1,1,1,1,1,1,1,1,1,0,0,0,0,0,0,0,0
41139351,0,72,3250,4,49041,1,8,1,1,2497,7,5,79,0,0,1,0,1,46,2,0,0,1,1,1,1,1,1,1,1,1,1,0,0,0,0,0,0,0,0
41054973,0,96,340,13,143976,4,8,1,1,2199,0,11,478,0,0,1,3,1,29,0,0,0,0,0,1,1,1,0,1,1,0,1,1,1,0,1,1,1,1,1
41032180,0,54,870,10,106884,4,22,1,1,1995,1,5,359,0,0,1,7,1,36,3,0,0,1,0,1,1,0,1,1,1,1,1,1,0,0,1,0,1,1,1
41619230,0,95,2890,5,68405,4,22,8,1,2151,0,9,680,0,0,1,1,1,47,5,0,0,0,1,1,1,1,1,1,1,1,1,1,0,0,1,0,1,1,1
41658537,0,51,2050,3,67481,1,22,1,1,1598,1,5,704,0,0,1,0,1,36,1,0,0,0,0,1,1,1,1,1,1,1,1,0,0,0,0,0,0,0,0
41660745,0,95,9999,3,84995,4,19,1,1,2151,0,7,501,0,0,1,0,0,48,1,0,0,0,1,1,1,1,1,1,1,1,1,0,0,0,0,0,0,0,0
41647537,0,57,2050,6,125965,1,22,5,1,3342,0,9,834,0,0,1,1,1,48,4,0,0,1,1,1,1,1,1,1,1,1,1,0,0,0,0,0,0,1,1
41354996,0,58,3510,2,19916,1,14,1,1,3470,0,9,146,0,0,1,0,1,45,0,0,0,0,1,1,1,1,1,1,1,1,1,0,0,0,0,0,0,0,0
41341378,0,68,3080,5,98521,4,2,10,1,2959,1,6,218,0,0,1,3,1,49,2,0,0,1,1,1,1,1,1,1,1,1,1,0,0,0,0,0,0,1,1
41345067,0,55,1930,8,82241,4,17,5,1,1995,1,7,754,0,0,1,0,1,47,5,0,0,0,1,1,1,1,1,1,1,1,1,1,0,0,1,0,1,0,1
41258725,0,95,3130,5,117242,1,22,1,1,3470,0,7,678,0,0,1,0,1,49,1,0,0,0,1,1,1,1,1,1,1,1,1,0,2,0,0,1,1,0,1
41058238,0,57,1130,7,179386,4,22,1,1,2199,0,9,764,0,0,1,1,1,39,2,0,0,1,0,1,1,0,1,1,1,1,1,2,0,0,1,0,1,1,1
41520360,0,95,3450,4,86596,4,17,1,1,2151,0,7,717,0,0,1,0,1,49,6,0,0,0,1,1,1,1,1,1,1,1,1,0,0,0,0,0,0,0,0
41500660,0,55,2050,6,139527,4,2,4,1,2199,1,7,526,0,0,1,1,1,45,3,0,0,0,1,1,1,1,1,1,1,1,1,0,0,0,0,0,0,1,1
41504851,0,86,1360,10,94266,1,2,1,1,3342,3,5,208,0,0,1,0,1,49,1,0,0,0,0,1,1,1,1,1,1,1,1,0,0,0,0,0,0,0,0
41479593,0,95,3550,4,51537,4,22,1,1,2151,0,9,502,0,0,1,1,1,50,9,0,0,1,1,1,1,1,1,1,1,1,1,1,0,0,1,0,1,1,1
41467836,0,46,1670,6,96653,3,19,1,1,1580,1,5,441,0,0,1,2,1,37,4,0,0,0,0,1,1,1,1,1,1,1,1,0,0,0,0,0,0,1,1
41371816,0,47,1489,4,24588,1,22,7,1,998,2,5,190,0,0,1,2,1,31,3,0,0,0,0,1,1,1,1,1,1,0,1,0,0,0,0,0,0,1,1
41241432,0,92,1559,8,97521,1,11,7,1,3342,0,9,190,0,0,1,0,1,46,4,0,1,1,0,1,1,1,1,1,1,1,1,0,0,0,0,0,0,0,0
41582830,0,57,2630,6,50014,1,22,7,1,3342,0,9,190,0,0,1,3,1,48,2,0,0,0,1,1,1,1,1,1,1,1,1,0,0,0,0,0,0,1,1
40884728,0,96,460,14,127811,4,2,7,1,2199,0,11,190,0,0,1,6,1,22,1,0,0,0,0,1,1,0,0,1,1,0,1,0,1,0,0,1,1,1,1
41655936,0,51,2640,3,23412,1,22,7,1,1598,1,5,190,0,0,1,2,1,46,6,0,0,1,1,1,1,1,1,1,1,1,1,0,0,0,0,0,0,1,1
41655763,0,89,580,9,201511,0,17,7,1,998,2,5,608,0,0,1,0,1,26,3,0,0,0,0,1,1,1,0,1,1,0,1,0,0,0,0,0,0,0,0
41406721,0,10,530,14,186389,3,22,2,1,1999,7,5,201,0,0,1,4,1,35,2,0,0,1,0,1,1,1,1,1,1,0,1,0,0,0,0,0,0,1,1
41361727,0,92,1390,9,76243,4,17,2,1,2199,0,11,201,0,0,1,1,1,37,1,0,0,0,0,1,1,1,1,0,1,1,1,0,0,0,0,0,0,1,1
41445267,0,74,2160,4,117077,1,22,2,1,1598,1,5,201,0,0,1,0,1,38,3,0,0,1,1,1,1,1,1,1,1,1,1,0,0,0,0,0,0,0,0
41168253,0,95,2770,5,65878,4,2,1,1,2151,0,9,42,0,0,1,1,1,47,6,0,0,1,1,1,1,1,1,1,1,1,1,0,0,0,0,0,0,1,1
41608510,0,90,1090,11,85668,4,2,1,1,1995,1,5,42,0,0,1,5,1,32,0,0,0,0,0,1,1,0,1,1,1,0,1,0,0,0,0,0,0,1,1
41511551,0,58,4710,2,46605,3,2,1,1,1598,0,9,42,0,0,1,0,1,50,6,0,0,0,1,1,1,1,1,1,1,1,1,0,0,0,0,0,0,0,0
41443784,0,47,8,4,35071,1,22,1,1,998,2,2,247,0,0,1,1,1,11,0,0,0,0,0,1,0,0,0,0,0,0,0,0,0,0,0,0,0,1,1
41390807,0,17,25,4,83732,1,17,1,1,2497,3,5,247,0,0,1,1,1,44,1,0,0,0,1,1,1,1,1,1,1,1,1,0,0,0,0,0,0,1,1
41638377,0,56,28,2,12588,3,2,1,1,1598,1,5,247,0,0,1,0,1,41,0,0,0,0,1,1,1,1,1,1,1,1,1,0,0,0,0,0,0,0,0
41406572,0,47,8,4,50653,1,22,1,1,998,2,2,247,0,0,1,0,1,14,1,0,0,0,0,1,0,0,0,0,0,0,1,0,0,0,0,0,0,0,0
41607171,0,9,2800,3,43843,1,17,1,1,1598,7,5,0,0,0,1,0,1,46,3,0,0,1,1,1,1,1,1,1,1,1,1,0,0,0,0,0,0,0,0
40661808,0,14,2370,6,42841,1,17,1,1,2999,3,5,0,0,0,1,2,1,48,3,0,0,0,1,1,1,1,1,1,1,1,1,1,1,0,1,1,1,1,1
39707990,0,90,1350,11,132993,4,17,1,1,2199,1,7,0,0,0,1,1,1,47,3,0,0,0,0,1,1,1,1,1,1,1,1,1,0,0,1,0,1,1,1
40954102,0,18,2820,4,60348,3,2,1,1,1598,3,5,0,0,0,0,0,0,47,4,0,0,0,0,0,0,0,0,0,0,0,0,0,0,0,0,0,0,0,0
41491901,0,18,2770,4,90156,3,22,1,1,1598,3,5,0,0,0,1,1,1,49,5,0,0,0,1,1,1,1,1,1,1,1,1,0,0,0,0,0,0,1,1
41611948,0,92,1240,10,105611,4,22,1,1,2199,0,9,0,0,0,1,1,1,39,2,0,0,1,0,1,1,1,1,1,1,1,1,0,0,0,0,0,0,1,1
39292290,0,28,1199,9,146937,3,19,1,1,1580,1,5,0,0,0,1,0,1,39,3,0,0,1,0,1,1,1,1,1,1,1,1,0,2,0,0,1,1,0,1
41397890,0,84,350,16,175261,1,2,6,1,3342,3,5,451,0,0,1,2,1,33,0,0,0,0,0,1,1,1,1,1,1,0,1,0,0,0,0,0,0,1,1
41389407,0,92,2300,8,120463,4,2,6,1,2199,0,9,451,0,0,0,0,1,35,2,0,1,0,1,1,1,1,1,1,1,1,1,2,0,0,1,0,1,0,1
41386985,0,95,2930,5,53677,4,22,1,1,2151,0,9,782,0,0,1,0,1,47,5,0,0,0,1,1,1,1,1,1,1,1,1,0,0,0,0,0,0,0,0
41647331,0,69,2050,6,63447,1,22,1,1,1591,1,5,782,0,0,1,0,1,41,4,0,0,0,1,1,1,1,1,1,1,1,1,0,0,0,0,0,0,0,0
41535533,0,46,2290,4,56546,3,17,7,1,1580,1,5,464,0,0,1,0,1,43,2,0,0,0,1,1,1,1,1,1,1,1,1,0,0,0,0,0,0,0,0
41562497,0,9,1799,6,92865,1,17,1,1,1999,7,5,782,0,0,1,1,1,37,2,0,0,0,1,1,1,1,1,1,1,1,1,0,0,0,0,0,0,1,1
41577370,0,9,1899,6,134029,1,22,1,1,1598,7,5,782,0,0,1,1,1,46,5,0,0,0,1,1,1,1,1,1,1,1,1,0,0,0,0,0,0,1,1
41584715,0,57,1950,7,82662,4,2,7,1,2199,0,7,464,0,0,1,0,1,43,3,0,0,0,1,1,1,1,1,1,1,1,1,0,0,0,0,0,0,0,0
41602256,0,50,2090,9,77928,4,2,7,1,2959,1,7,464,0,0,1,0,1,45,2,0,0,0,0,1,1,1,1,1,1,1,1,0,0,0,0,0,0,0,0
41590747,0,31,2380,6,128795,1,2,1,1,3778,3,5,782,0,0,1,3,1,51,0,0,0,0,1,1,1,1,1,1,1,1,1,0,0,0,0,0,0,1,1
41646047,0,95,3950,3,43342,1,2,1,1,3470,0,9,782,0,0,1,0,1,47,6,0,0,0,1,1,1,1,1,1,1,1,1,0,0,0,0,0,0,0,0
41434532,0,95,3659,3,81349,4,22,12,1,2151,0,9,399,0,0,1,0,1,47,6,0,0,0,1,1,1,1,1,1,1,1,1,0,0,0,0,0,0,0,0
41465680,0,87,1639,9,93423,3,17,5,1,2359,3,5,427,0,0,1,6,1,48,4,1,7,0,1,1,1,1,1,1,1,1,1,1,1,0,1,1,1,1,1
41514152,0,86,1059,9,192970,4,17,5,1,2199,3,5,427,0,0,1,6,1,51,6,1,3,1,1,1,1,1,1,1,1,1,1,1,0,0,1,0,1,1,1
41660394,0,92,999,9,164326,4,22,5,1,2199,0,9,427,0,0,1,0,1,40,4,1,4,1,0,1,1,1,1,1,1,1,1,0,0,0,0,0,0,0,0
41613315,0,43,3850,4,73895,1,17,1,1,3778,3,5,836,0,0,1,1,1,49,2,0,0,0,1,1,1,1,1,1,1,1,1,0,0,0,0,0,0,1,1
41599503,0,44,2200,0,1624,1,22,1,1,998,2,5,836,0,0,1,0,1,35,2,0,0,0,0,1,1,1,1,1,1,1,1,0,0,0,0,0,0,0,0
41644969,0,50,2050,9,80665,4,2,1,1,2959,1,7,836,0,0,1,2,1,46,4,0,0,1,0,1,1,1,1,1,1,1,1,0,0,0,0,0,0,1,1
41448335,0,57,2000,6,104438,4,22,1,1,2199,0,9,836,0,0,1,4,1,45,4,0,0,0,1,1,1,1,1,1,1,1,1,0,0,0,0,0,0,1,1
41460284,0,14,2180,6,106337,0,22,12,1,2999,3,5,991,0,0,1,1,1,47,6,0,0,1,1,1,1,1,1,1,1,1,1,0,0,0,0,0,0,1,1
38678183,0,87,1880,8,98902,3,22,12,1,2359,3,5,991,0,0,1,5,1,49,3,0,0,0,1,1,1,1,1,1,1,1,1,0,0,0,0,0,0,1,1
41140589,0,17,2080,3,105750,0,17,12,1,3470,3,5,991,0,0,1,8,1,38,1,0,0,0,1,1,1,1,1,1,1,1,1,0,0,0,0,0,0,1,1
41229001,0,9,2350,3,69771,1,11,9,1,1598,7,5,481,0,0,1,1,1,42,4,0,0,0,1,1,1,1,1,1,1,1,1,0,0,0,0,0,0,1,1
41525195,0,55,1890,8,130690,4,2,9,1,2199,1,5,481,0,0,1,0,1,47,3,0,0,0,1,1,1,1,1,1,1,1,1,0,0,0,0,0,0,0,0
41258765,0,31,2650,7,62165,1,17,9,1,3778,3,5,481,0,0,1,3,1,49,0,0,0,0,1,1,1,1,1,1,1,1,1,0,0,0,0,0,0,1,1
41623259,0,64,630,14,100426,1,11,6,1,998,2,5,221,0,0,1,0,1,22,3,2,0,0,0,1,1,0,0,1,1,0,1,0,0,0,0,0,0,0,0
40825865,0,48,480,10,123534,1,22,6,1,998,2,5,221,0,0,1,0,1,23,1,1,0,0,0,1,1,0,0,1,1,0,1,0,0,0,0,0,0,0,0
41595851,0,95,3380,3,23055,1,19,6,1,3470,0,9,221,0,0,1,1,1,48,4,0,0,0,1,1,1,1,1,1,1,1,1,0,0,0,0,0,0,1,1
41518693,0,85,1230,7,60736,1,17,1,1,1598,6,5,828,0,0,1,1,1,29,3,0,0,0,0,1,0,0,1,0,1,1,1,0,0,0,0,0,0,1,1
41591931,0,17,2530,3,74058,1,17,8,1,2497,3,5,679,0,0,1,1,1,46,2,0,0,0,1,1,1,1,1,1,1,1,1,0,0,0,0,0,0,1,1
41367649,0,95,3550,3,30860,4,22,8,1,2151,0,9,680,0,0,1,0,1,49,5,0,0,0,1,1,1,1,1,1,1,1,1,0,0,0,0,0,0,0,0
41472717,0,78,2599,5,53851,4,22,1,1,2151,1,5,678,0,0,1,1,1,43,4,0,0,0,1,1,1,1,1,1,1,1,1,3,1,0,1,1,1,1,1
41470291,0,74,2100,3,117517,4,17,1,1,1998,1,5,245,0,0,1,0,1,38,1,0,0,0,1,1,1,1,1,1,1,1,1,1,0,0,1,0,1,0,1
41560612,0,50,2100,9,86023,4,22,1,1,2959,1,5,823,0,0,1,0,1,44,3,0,0,1,0,1,1,1,1,1,1,1,1,0,0,0,0,0,0,0,0
41552914,0,92,1290,8,168414,4,17,6,1,2199,0,7,134,0,0,1,2,1,44,1,0,0,0,0,1,1,1,1,1,1,1,1,0,0,0,0,0,0,1,1
41554225,0,55,1970,7,86883,4,1,10,1,2199,1,7,589,0,0,1,2,1,43,4,0,0,0,1,1,1,1,1,1,1,1,1,0,0,0,0,0,0,1,1
41534962,0,78,4200,3,30973,3,17,1,1,1598,1,5,521,0,0,1,0,1,48,2,0,0,1,1,1,1,1,1,1,1,1,1,0,0,0,0,0,0,0,0
41526130,0,3,3150,4,23057,5,19,10,1,111,6,5,700,0,0,1,0,1,36,0,0,0,0,1,1,1,1,1,1,1,1,1,0,0,0,0,0,0,0,0
41536309,0,95,2770,5,94054,4,2,5,1,2151,0,9,973,0,0,1,1,1,47,5,0,0,0,1,1,1,1,1,1,1,1,1,0,0,0,0,0,0,1,1
41101089,0,78,2699,5,85214,3,8,1,1,1598,1,5,10,0,0,1,2,1,48,4,0,0,0,1,1,1,1,1,1,1,1,1,1,0,0,1,0,1,1,1
41379045,0,72,3480,5,80156,1,17,10,1,3342,7,5,912,0,0,1,0,1,49,4,0,1,1,1,1,1,1,1,1,1,1,1,0,0,0,0,0,0,0,0
41393331,0,74,2480,3,15956,1,17,1,1,1598,1,5,457,0,0,1,0,1,29,3,0,0,0,1,1,0,0,1,0,1,0,1,0,0,0,0,0,0,0,0
41378853,0,73,1390,8,101829,4,19,1,1,1995,1,5,22,0,0,1,0,1,36,1,0,0,0,0,1,1,1,1,1,1,1,1,0,0,0,0,0,0,0,0
41361214,0,78,2759,5,97863,4,22,13,1,2151,1,6,138,0,0,1,3,1,48,7,0,0,1,1,1,1,1,1,1,1,1,1,3,0,0,1,0,1,1,1
41297574,0,68,5080,2,25992,4,2,10,1,2959,1,6,686,0,0,1,0,1,49,2,0,0,1,1,1,1,1,1,1,1,1,1,1,2,0,1,1,1,0,1
41627677,0,95,3090,3,12644,4,2,10,1,2151,0,9,686,0,0,1,0,1,38,2,0,0,0,1,1,1,1,1,1,1,1,1,0,0,0,0,0,0,0,0
41622416,0,40,3850,1,16254,1,17,1,1,2497,3,5,208,0,0,1,0,1,49,0,0,1,0,1,1,1,1,1,1,1,1,1,0,0,0,0,0,0,0,0
41609767,0,34,1670,3,41487,1,22,8,1,1598,6,5,679,0,0,1,3,1,29,2,0,0,0,0,1,1,1,1,1,1,0,1,0,0,0,0,0,0,1,1
41604159,0,85,1350,7,88555,1,17,10,1,1598,6,5,228,0,0,1,3,1,35,2,0,0,0,0,1,1,1,1,1,1,1,1,0,0,0,0,0,0,1,1
41586742,0,69,2170,5,30376,1,17,4,1,1591,1,5,526,0,0,1,1,1,39,2,0,0,0,1,1,1,1,1,1,1,1,1,0,0,0,0,0,0,1,1
41101518,0,39,890,11,158851,1,22,1,1,2359,3,5,571,0,0,1,0,1,39,2,0,0,1,0,1,1,1,1,1,1,1,1,0,0,0,0,0,0,0,0
41396009,0,86,980,9,160197,1,2,10,1,2359,3,5,213,0,0,1,5,1,45,2,0,0,0,0,1,1,1,1,1,1,1,1,1,1,0,1,1,1,1,1
41513378,0,68,3050,6,73359,4,2,10,1,2959,1,7,101,0,0,1,0,1,47,4,0,0,1,1,1,1,1,1,1,1,1,1,0,0,0,0,0,0,0,0
41474498,0,68,4280,4,35199,4,2,1,1,2959,1,6,920,0,0,1,1,1,48,1,0,0,1,1,1,1,1,1,1,1,1,1,0,1,0,0,1,1,1,1
41569741,0,73,1100,10,102356,4,2,7,1,1685,1,5,684,0,0,1,0,1,35,3,0,0,0,0,1,1,1,1,1,1,0,1,0,0,0,0,0,0,0,0
41595759,0,42,1390,11,132701,1,2,1,1,5038,3,5,616,0,0,1,0,1,55,0,0,0,0,1,1,1,1,1,1,1,1,1,0,0,0,0,0,0,0,0
41601598,0,74,3180,2,18429,0,22,5,1,1999,1,5,942,0,0,1,0,1,44,3,0,0,0,1,1,1,1,1,1,1,1,1,0,0,0,0,0,0,0,0
41586572,0,12,2350,5,100354,3,22,1,1,1999,7,5,835,0,0,1,0,1,46,7,0,0,0,1,1,1,1,1,1,1,1,1,0,0,0,0,0,0,0,0
41513577,0,85,1250,5,69734,1,22,1,1,1598,6,5,883,0,0,1,0,1,33,4,0,0,0,0,1,0,0,1,0,1,1,1,0,3,0,0,1,1,0,1
41511787,0,74,3190,3,56102,1,10,10,1,1598,1,5,665,0,0,1,2,1,47,3,0,0,1,1,1,1,1,1,1,1,1,1,0,0,0,0,0,0,1,1
41480984,0,57,1350,7,144560,4,22,6,1,2199,0,9,134,0,0,1,1,1,40,3,0,0,0,1,1,1,1,1,1,1,1,1,0,0,0,0,0,0,1,1
41463997,0,14,2390,6,42305,1,22,10,1,2497,3,5,291,0,0,1,2,1,48,3,0,0,1,1,1,1,1,1,1,1,1,1,0,0,0,0,0,0,1,1
41570058,0,95,3190,4,116541,4,22,5,1,2151,0,9,569,0,0,1,1,1,50,9,0,0,1,1,1,1,1,1,1,1,1,1,0,0,0,0,0,0,1,1
41550411,0,18,3680,3,46380,3,22,8,1,1598,3,5,122,0,0,1,0,1,52,4,0,0,1,1,1,1,1,1,1,1,1,1,0,0,0,0,0,0,0,0
41634042,0,68,3230,5,111590,4,2,5,1,2959,1,6,675,0,0,1,4,1,49,2,0,0,1,1,1,1,1,1,1,1,1,1,0,0,0,0,0,0,1,1
41624046,0,57,2720,6,52952,4,2,1,1,2199,0,9,377,0,0,1,0,1,48,1,0,0,0,1,1,1,1,1,1,1,1,1,2,0,0,1,0,1,0,1
41625589,0,36,1490,7,77716,1,2,10,1,1999,7,5,589,0,0,1,1,1,40,1,0,0,0,1,1,1,1,1,0,1,1,1,1,0,0,1,0,1,1,1
41129544,0,51,2750,2,10392,1,19,1,1,1598,1,5,954,0,0,1,1,1,43,3,0,0,0,1,1,1,1,1,1,1,1,1,0,1,0,0,1,1,1,1
41186238,0,77,1740,5,90867,4,22,1,1,1995,1,5,10,0,0,1,2,1,42,5,0,0,1,1,1,1,1,1,1,1,1,1,0,2,0,0,1,1,1,1
41085230,0,17,2340,3,73982,0,17,1,1,3470,3,5,10,0,0,1,1,1,43,3,0,0,0,1,1,1,1,1,1,1,0,1,0,0,0,0,0,0,1,1
41356837,0,95,2320,5,102044,4,2,1,1,2151,0,9,158,0,0,1,5,1,46,3,0,0,0,1,1,1,1,1,1,1,1,1,0,5,0,0,1,1,1,1
41295748,0,17,2240,4,92625,1,2,10,1,3470,3,5,686,0,0,1,0,1,47,2,0,0,0,1,1,1,1,1,1,1,1,1,0,0,0,0,0,0,0,0
41435551,0,55,1690,8,108343,4,22,10,1,1995,1,5,639,0,0,1,1,1,37,2,0,1,0,1,1,1,1,1,1,1,1,1,0,0,0,0,0,0,1,1
41441372,0,52,3270,1,28999,1,2,1,1,1598,1,5,874,0,0,0,0,0,41,0,0,1,0,0,0,0,0,0,0,0,0,0,0,0,0,0,0,0,0,0
41643535,0,18,2120,4,104401,3,22,1,1,1598,3,5,156,0,0,1,2,1,43,0,0,0,0,1,1,1,1,1,1,1,1,1,2,0,0,1,0,1,1,1
41652417,0,92,1680,8,92682,4,22,1,1,2199,0,9,678,0,0,1,1,1,42,1,0,0,0,0,1,1,1,1,1,1,1,1,0,0,0,0,0,0,1,1
41653609,0,73,1250,8,117641,4,22,10,1,1995,1,5,686,0,0,1,1,1,37,4,0,0,0,0,1,1,0,1,1,1,1,1,0,2,0,0,1,1,1,1
41626618,0,95,3690,3,31291,4,2,1,1,2151,0,9,732,0,0,1,0,1,49,5,0,0,0,1,1,1,1,1,1,1,1,1,0,0,0,0,0,0,0,0
41587615,0,68,4730,3,54068,4,2,1,1,2959,1,6,230,0,0,1,0,1,49,3,0,1,1,1,1,1,1,1,1,1,1,1,0,0,0,0,0,0,0,0
41651801,0,86,1299,9,125922,4,2,1,1,2199,3,5,802,0,0,1,1,1,39,0,0,0,0,1,1,1,1,1,0,1,1,1,0,0,0,0,0,0,1,1
41659205,0,8,1550,8,52756,1,22,1,1,1999,7,5,208,0,0,1,0,1,40,2,0,0,0,0,1,1,1,1,1,1,1,1,0,0,0,0,0,0,0,0
41168185,0,17,2450,4,14651,0,22,10,1,3470,3,5,589,0,0,1,0,1,39,4,0,0,1,1,1,1,1,1,1,1,1,1,0,0,0,0,0,0,0,0
41137519,0,78,2190,5,106718,4,19,1,1,2151,1,5,501,0,0,1,2,1,42,1,0,0,0,1,1,1,1,1,1,1,1,1,0,0,0,0,0,0,1,1
40895119,0,45,2090,2,33110,5,22,1,1,133,2,4,864,0,0,1,0,1,36,3,0,0,0,0,1,1,1,1,1,1,1,1,0,0,0,0,0,0,0,0
41260747,0,95,3290,3,40762,1,22,1,1,3470,0,7,9,0,0,1,2,1,50,8,0,0,1,1,1,1,1,1,1,1,1,1,2,0,0,1,0,1,1,1
41251197,0,75,3180,3,54252,3,17,6,1,1598,1,5,113,0,0,1,0,1,44,4,0,0,0,1,1,1,1,1,1,1,1,1,0,0,0,0,0,0,0,0
41456333,0,9,1790,5,49254,0,2,1,1,1999,7,5,161,0,0,1,0,1,26,1,0,0,0,1,1,0,0,1,0,1,0,1,0,0,0,0,0,0,0,0
41420384,0,78,2020,5,73590,4,22,1,1,2151,1,7,597,0,0,1,5,1,32,3,0,0,0,1,1,1,1,1,1,1,0,1,5,2,0,1,1,1,1,1
41191108,0,78,3590,3,41209,3,22,1,1,1598,1,5,636,0,0,1,0,1,47,3,0,0,0,1,1,1,1,1,1,1,1,1,0,0,0,0,0,0,0,0
41424780,0,18,3400,3,18741,3,17,10,1,1598,3,5,686,0,0,1,0,1,52,6,0,0,1,1,1,1,1,1,1,1,1,1,0,2,0,0,1,1,0,1
40758348,0,86,1150,9,140086,1,2,7,1,2359,3,5,868,0,0,1,1,1,38,0,0,0,0,0,1,1,1,1,1,1,1,1,0,1,0,0,1,1,1,1
40247829,0,92,1690,9,117956,1,2,6,1,3342,0,9,183,0,0,1,5,1,46,0,0,1,0,0,1,1,1,1,1,1,1,1,3,0,0,1,0,1,1,1
40703218,0,5,700,11,88772,1,2,9,1,1591,6,5,911,0,0,1,3,1,32,1,0,0,0,0,1,1,1,1,1,1,0,1,1,0,0,1,0,1,1,1
40661372,0,39,650,13,88975,1,11,8,1,2359,3,5,256,0,0,1,3,1,38,0,0,0,0,0,1,1,1,1,1,1,0,1,1,0,0,1,0,1,1,1
39989042,0,47,850,7,45946,1,22,8,1,998,2,2,63,0,0,1,1,1,14,1,0,1,0,0,1,0,0,0,0,0,0,1,0,0,0,0,0,0,1,1
41632003,0,92,999,9,170670,4,17,1,1,2199,0,11,230,0,0,0,0,0,38,1,0,0,0,0,0,0,0,0,0,0,0,0,0,0,0,0,0,0,0,0
40902991,0,57,890,7,216909,4,2,12,1,2199,0,9,988,0,0,1,4,1,36,3,0,0,1,0,1,1,1,1,1,1,1,1,1,1,0,1,1,1,1,1
40928294,0,78,3350,4,68045,3,22,5,1,1598,1,5,808,0,0,1,2,1,47,5,0,0,0,1,1,1,1,1,1,1,1,1,0,0,0,0,0,0,1,1
41235390,0,34,1490,4,26941,1,22,6,1,1598,6,5,925,0,0,1,0,1,37,1,0,0,0,1,1,0,1,1,1,1,1,1,2,8,0,1,1,1,0,1
41181446,0,92,1020,9,88487,4,11,1,1,2199,0,9,478,0,0,1,1,1,36,3,0,0,1,0,1,1,1,1,1,1,1,1,3,3,0,1,1,1,1,1
41212618,0,92,1559,9,160257,4,22,6,1,2199,0,9,270,0,0,1,2,1,40,1,0,0,0,0,1,1,1,1,0,1,1,1,2,0,0,1,0,1,1,1
39221540,0,57,1150,7,235143,4,22,1,1,2199,0,7,681,0,0,1,3,1,43,1,0,0,0,1,1,1,1,1,1,1,1,1,1,1,0,1,1,1,1,1
38543036,0,72,1320,3,25557,1,2,1,1,2497,7,5,521,0,0,1,0,1,41,2,0,0,0,1,1,1,1,1,1,1,1,1,0,0,0,0,0,0,0,0
40233893,0,92,919,10,135044,4,11,8,1,2199,0,11,133,0,0,1,1,1,36,0,0,0,0,0,1,0,1,1,0,1,1,1,0,0,0,0,0,0,1,1
40693353,0,77,1300,7,149147,4,17,5,1,1995,1,5,329,0,0,1,4,1,28,1,0,0,0,0,1,1,1,1,1,0,0,1,2,0,0,1,0,1,1,1
40798847,0,35,530,12,117293,0,11,10,1,1999,7,5,820,0,0,1,12,1,24,0,0,1,0,0,1,1,1,1,1,1,0,1,1,1,0,1,1,1,1,1
41242008,0,12,2150,5,94776,3,22,12,1,1999,7,5,654,0,0,1,1,1,45,7,0,0,1,1,1,1,1,1,1,1,1,1,0,1,0,0,1,1,1,1
41338216,0,71,1740,8,86484,1,17,1,1,1998,7,5,813,0,0,1,1,1,46,1,0,0,1,1,1,1,1,1,1,1,1,1,0,0,0,0,0,0,1,1
41292995,0,7,360,14,133060,1,17,1,1,1998,7,5,478,0,0,1,8,1,19,0,0,0,0,0,0,0,0,1,1,1,0,1,2,5,0,1,1,1,1,1
41291643,0,36,1590,7,85810,1,22,5,1,1999,7,5,656,0,0,1,1,1,35,4,0,0,0,1,1,1,1,1,1,1,0,1,1,0,0,1,0,1,1,1
41256799,0,46,1690,4,16526,3,17,6,1,1580,1,5,925,0,0,1,0,1,28,5,0,0,0,0,1,1,1,1,0,1,0,1,5,3,0,1,1,1,0,1
41253266,0,75,2850,4,60412,3,17,4,1,1598,1,5,582,0,0,1,4,1,47,7,0,0,1,1,1,1,1,1,1,1,1,1,3,0,0,1,0,1,1,1
41423486,0,78,1860,5,339346,4,2,1,1,2151,1,7,447,0,0,1,5,1,46,2,0,0,0,1,1,1,1,1,1,1,1,1,4,0,0,1,0,1,1,1
41432223,0,17,2120,4,75124,1,2,1,1,2497,3,5,158,0,0,1,3,1,40,1,0,0,0,1,1,1,1,1,1,1,1,1,0,2,0,0,1,1,1,1
41429688,0,58,4950,2,18714,3,2,5,1,1598,0,9,530,0,0,0,0,0,52,7,0,0,0,0,0,0,0,0,0,0,0,0,0,0,0,0,0,0,0,0
41122304,0,92,900,10,148360,4,11,6,1,2199,0,9,998,0,0,1,5,1,36,1,0,0,0,0,1,1,1,1,1,1,1,1,0,0,0,0,0,0,1,1
41114200,0,14,1899,6,92089,0,22,1,1,2999,3,5,779,0,0,1,7,1,47,2,0,0,0,1,1,1,1,1,1,1,1,1,2,0,0,1,0,1,1,1
41014565,0,57,1299,7,180489,4,11,1,1,2199,0,9,478,0,0,1,4,1,44,2,0,0,1,1,1,1,1,1,1,1,1,1,0,0,0,0,0,0,1,1
41396133,0,71,1799,6,83522,1,17,5,1,3342,7,5,744,0,0,1,6,1,49,0,0,0,0,1,1,1,1,1,1,1,1,1,3,3,0,1,1,1,1,1
41480847,0,47,629,5,144871,1,22,6,1,998,2,2,314,0,0,0,0,0,18,0,0,0,0,0,0,0,0,0,0,0,0,0,0,0,0,0,0,0,0,0
41484056,0,85,900,7,140273,1,22,4,1,1598,6,5,236,0,0,1,2,1,32,3,0,0,0,0,1,1,0,1,1,1,1,1,2,1,0,1,1,1,1,1
41477567,0,34,1700,4,96500,1,22,1,1,1591,6,5,362,0,0,1,8,0,40,3,0,0,0,1,1,1,1,1,1,1,1,1,0,0,0,0,0,0,1,1
41304417,0,95,2490,5,79208,4,2,1,1,2151,0,9,453,0,0,1,1,1,39,4,0,0,0,1,1,1,1,1,1,1,1,1,0,0,0,0,0,0,1,1
41259849,0,59,899,9,118379,0,22,1,1,1999,0,7,824,0,0,1,5,1,31,1,0,0,0,0,1,1,0,1,1,1,1,1,3,0,0,1,0,1,1,1
41260204,0,71,1780,8,117920,1,22,3,1,3342,7,5,592,0,0,1,8,1,50,2,0,0,1,1,1,1,1,1,1,1,1,1,2,2,0,1,1,1,1,1
41181377,0,96,499,16,61756,4,14,1,1,2199,0,11,478,0,0,1,2,1,22,1,0,0,0,0,1,1,1,0,1,1,0,1,0,0,0,0,0,0,1,1
41162677,0,95,2499,4,148146,4,22,10,1,2151,0,9,367,0,0,1,1,1,46,6,0,0,0,1,1,1,1,1,1,1,1,1,0,1,0,0,1,1,1,1
41160243,0,23,659,12,189035,4,22,5,1,1995,1,5,545,0,0,1,0,1,35,0,1,0,0,0,1,1,1,1,1,1,1,1,0,0,0,0,0,0,0,0
41366427,0,86,899,10,112404,0,22,1,1,2999,3,5,995,0,0,1,0,1,33,0,0,0,0,0,1,1,1,1,1,1,0,1,6,2,0,1,1,1,0,1
41365684,0,92,950,8,178189,4,2,5,1,2199,0,9,559,0,0,1,11,1,36,3,0,0,1,0,1,1,1,1,1,1,1,1,3,4,0,1,1,1,1,1
41368150,0,86,1450,7,124690,4,22,10,1,2199,3,5,810,0,0,1,0,1,49,3,0,0,0,1,1,1,1,1,1,1,1,1,0,0,0,0,0,0,0,0
41395600,0,74,1719,4,109526,1,22,1,1,1598,1,5,197,0,0,1,6,1,34,4,0,0,0,1,1,1,1,1,1,1,0,1,5,3,0,1,1,1,1,1
41387358,0,95,2480,5,157677,4,22,8,1,2151,0,9,252,0,0,1,2,1,48,5,0,0,0,1,1,1,1,1,1,1,1,1,1,0,0,1,0,1,1,1
41407439,0,78,3000,5,131527,3,22,5,1,1598,1,6,675,0,0,1,0,1,49,5,0,0,1,1,1,1,1,1,1,1,1,1,0,0,0,0,0,0,0,0
41401971,0,43,3890,3,73921,1,2,1,1,3778,3,5,453,0,0,1,0,1,48,0,0,0,0,1,1,1,1,1,1,1,1,1,0,0,0,0,0,0,0,0
41400830,0,68,3550,5,112542,4,2,11,1,2959,1,7,751,0,0,1,2,1,48,4,0,0,1,1,1,1,1,1,1,1,1,1,3,0,0,1,0,1,1,1
41458865,0,86,650,9,209831,4,17,1,1,2199,3,5,504,0,0,1,12,1,46,1,0,0,0,1,1,1,1,1,1,1,1,1,8,0,0,1,0,1,1,1
41566378,0,12,23,3,45393,3,22,10,1,1999,7,5,940,0,0,1,0,1,41,3,0,0,1,1,1,1,1,1,1,1,1,1,0,0,0,0,0,0,0,0
41563874,0,69,1920,6,79520,1,22,1,1,1591,1,5,764,0,0,1,0,1,39,2,0,0,0,1,1,1,1,1,1,1,1,1,0,0,0,0,0,0,0,0
41563207,0,69,1300,6,120503,4,22,8,1,1598,1,5,381,0,0,1,2,1,28,3,0,0,0,0,1,1,0,1,0,1,0,1,0,0,0,0,0,0,1,1
41562805,0,47,490,7,179940,1,22,10,1,998,2,2,702,0,0,1,5,1,14,0,0,0,0,0,1,0,0,0,0,0,0,1,3,0,0,1,0,1,1,1
41561589,0,95,3490,4,123532,4,22,1,1,2151,0,7,68,0,0,1,3,1,50,3,0,0,0,1,1,1,1,1,1,1,1,1,2,1,0,1,1,1,1,1
41554463,0,76,550,13,180158,4,14,8,1,1995,1,5,761,0,0,1,12,0,33,0,0,0,0,0,1,1,1,1,1,1,0,1,0,0,0,0,0,0,1,1
41546863,0,95,1990,5,198499,4,2,1,1,2151,0,7,836,0,0,1,2,1,46,3,0,0,0,1,1,1,1,1,1,1,1,1,3,1,0,1,1,1,1,1
41460407,0,89,580,8,114641,1,22,9,1,998,2,2,373,0,0,1,2,1,9,1,0,1,0,0,0,0,0,0,0,0,0,0,4,1,0,1,1,1,1,1
41449589,0,69,1804,6,53147,1,22,1,1,1591,1,5,247,0,0,1,0,1,44,5,0,0,1,1,1,1,1,1,1,1,1,1,3,0,0,1,0,1,0,1
41494839,0,66,1210,5,56882,1,22,7,1,998,2,5,324,0,0,1,0,1,29,1,0,0,1,0,1,1,0,1,1,1,1,1,0,0,0,0,0,0,0,0
41626686,0,74,2199,3,43906,4,17,1,1,1998,1,5,678,0,0,1,0,1,33,2,0,0,0,1,1,1,1,1,1,1,0,1,1,0,0,1,0,1,0,1
41613914,0,92,830,10,199062,4,17,1,1,2199,0,9,919,0,0,1,9,1,46,2,0,0,1,0,1,1,1,1,1,1,1,1,2,0,0,1,0,1,1,1
41620285,0,6,499,12,149334,1,22,13,1,1591,5,5,239,0,0,1,5,1,29,6,0,0,1,0,1,1,1,1,1,1,0,1,2,1,0,1,1,1,1,1
41658714,0,49,288,0,5,1,22,8,1,998,2,5,314,0,0,1,0,0,29,1,0,0,0,0,1,1,1,1,0,1,1,1,0,0,0,0,0,0,0,0
41652727,0,32,3399,1,65105,5,18,5,1,120,7,5,715,0,0,1,1,1,46,1,0,0,0,1,1,1,1,1,1,1,1,1,2,3,0,1,1,1,1,1
41648750,0,24,200,18,114016,1,11,6,1,999,2,5,237,0,0,1,1,1,17,0,0,0,0,0,1,1,1,0,1,1,0,1,0,0,0,0,0,0,1,1
41647618,0,90,1470,11,99767,4,22,5,1,1995,1,7,25,0,0,1,3,1,46,2,0,0,0,0,1,1,1,1,1,1,1,1,0,0,0,0,0,0,1,1
41646359,0,45,1080,2,4550,5,22,8,1,400,2,4,314,0,0,1,0,0,36,3,0,0,0,0,1,1,1,1,1,1,1,1,0,0,0,0,0,0,0,0
41606359,0,78,3190,3,85721,3,17,1,1,1598,1,5,768,0,0,1,1,1,48,3,0,0,0,1,1,1,1,1,1,1,1,1,3,0,0,1,0,1,1,1
41603870,0,14,1950,6,147081,1,2,5,1,2497,3,5,428,0,0,1,3,1,50,6,0,0,1,1,1,1,1,1,1,1,1,1,0,0,0,0,0,0,1,1
41601325,0,58,4390,1,17408,1,22,8,1,3470,0,9,259,0,0,1,2,1,50,7,0,0,1,1,1,1,1,1,1,1,1,1,0,0,0,0,0,0,1,1
41659414,0,92,1430,8,119993,4,2,6,1,2199,0,9,408,0,0,1,6,1,43,0,0,0,0,0,1,1,1,1,1,1,1,1,1,0,0,1,0,1,1,1
41657559,0,95,2650,5,99783,4,2,1,1,2151,0,9,151,0,0,1,0,1,48,5,0,0,0,1,1,1,1,1,1,1,1,1,1,0,0,1,0,1,0,1
41646358,0,95,1212,3,63277,1,2,8,1,3470,0,4,314,0,0,1,0,0,50,2,0,0,0,1,1,1,1,1,1,1,1,1,0,0,0,0,0,0,0,0
41642397,0,31,1650,6,205666,1,17,1,1,3778,3,5,210,0,0,1,8,1,49,0,0,0,0,1,1,1,1,1,1,1,1,1,1,0,0,1,0,1,1,1
41643814,0,71,1299,8,148537,1,8,1,1,3342,7,5,838,0,0,1,5,1,49,2,0,0,1,1,1,1,1,1,1,1,1,1,5,1,0,1,1,1,1,1
41603075,0,64,430,10,116402,1,21,1,1,998,2,2,547,0,0,1,6,1,15,0,0,1,0,0,0,1,0,0,1,0,0,0,0,0,0,0,0,0,1,1
41628778,0,66,1100,5,65286,1,9,1,1,998,2,5,892,0,0,1,4,1,30,4,0,0,0,0,1,1,1,1,1,1,1,1,1,0,0,1,0,1,1,1
41295633,0,67,720,16,133245,4,11,1,1,2959,1,7,547,0,0,1,2,1,39,4,0,0,1,0,1,1,1,1,1,1,1,1,0,0,0,0,0,0,1,1
41611089,0,77,1830,6,60168,4,17,7,1,1995,1,5,58,0,0,1,0,1,33,2,0,0,0,0,1,1,1,1,1,1,1,1,0,0,0,0,0,0,0,0
41497405,0,88,499,11,108383,1,21,8,1,998,2,5,91,0,0,1,6,1,24,1,0,1,0,0,1,1,0,1,1,1,0,1,1,2,0,1,1,1,1,1
40984068,0,68,4450,5,44805,4,2,8,1,2959,1,5,91,0,0,1,0,1,48,3,0,0,1,1,1,1,1,1,1,1,1,1,0,0,0,0,0,0,0,0
41084896,0,88,590,12,60357,1,18,1,1,998,2,5,783,0,0,1,8,1,27,4,0,0,0,0,1,1,1,1,1,1,0,1,0,2,0,0,1,1,1,1
41519759,0,50,2230,7,67450,4,17,1,1,2959,1,5,175,0,0,1,1,1,44,1,0,0,0,0,1,1,1,1,1,1,1,1,0,0,0,0,0,0,1,1
41458672,0,95,3390,3,71566,4,22,1,1,2151,0,9,470,0,0,1,1,1,47,4,0,0,0,1,1,1,1,1,1,1,1,1,0,0,0,0,0,0,1,1
41494635,0,44,1299,2,32671,1,2,6,1,998,2,2,417,0,0,1,0,1,23,0,0,1,0,0,1,1,0,1,0,1,0,1,0,0,0,0,0,0,0,0
41458634,0,9,2290,6,16402,1,22,1,1,1999,7,5,470,0,0,1,4,1,39,4,0,0,0,1,1,1,1,1,1,1,1,1,1,1,0,1,1,1,1,1
41412271,0,90,1290,10,142798,4,17,10,1,1995,1,5,291,0,0,1,1,1,46,1,0,0,0,0,1,1,1,1,1,1,1,1,1,0,0,1,0,1,1,1
41377899,0,17,2590,3,51386,1,2,4,1,3470,3,5,682,0,0,1,1,1,48,2,0,0,0,1,1,1,1,1,1,1,1,1,1,0,0,1,0,1,1,1
41382227,0,75,2780,3,46599,3,17,4,1,1598,1,5,682,0,0,1,0,1,42,3,0,0,0,1,1,1,1,1,1,1,1,1,0,0,0,0,0,0,0,0
41392029,0,58,3971,0,1500,1,14,1,1,3470,0,9,314,0,0,1,0,0,48,7,0,0,0,1,1,1,1,1,1,1,1,1,0,0,0,0,0,0,0,0
41371385,0,89,930,6,24747,1,18,1,1,998,2,5,61,0,0,1,6,1,26,1,0,0,0,0,1,0,0,1,0,1,0,1,6,3,0,1,1,1,1,1
41370883,0,47,650,8,117823,1,18,13,1,998,2,2,422,0,0,1,1,1,14,0,0,0,0,0,1,0,0,0,0,0,0,1,2,0,0,1,0,1,1,1
41304269,0,73,820,10,182132,4,2,4,1,1685,1,5,236,0,0,1,5,1,33,2,0,0,1,0,1,1,0,1,1,1,0,1,3,0,0,1,0,1,1,1
41287259,0,92,1059,11,138781,4,17,5,1,2199,0,9,334,0,0,1,3,1,45,3,0,0,1,0,1,1,1,1,1,1,1,1,3,3,0,1,1,1,1,1
41252127,0,88,370,13,80394,1,18,5,1,998,2,5,1005,0,0,1,7,1,19,1,0,0,0,0,1,1,0,0,1,1,0,1,4,0,0,1,0,1,1,1
41250343,0,56,4320,2,16968,3,22,13,1,1598,1,5,841,0,0,1,0,1,49,2,0,0,1,1,1,1,1,1,1,1,1,1,0,0,0,0,0,0,0,0
41228492,0,18,24,3,130997,3,2,1,1,1598,3,5,247,0,0,1,2,1,47,2,0,0,0,1,1,1,1,1,1,1,1,1,3,0,0,1,0,1,1,1
41242920,0,47,739,5,100995,1,22,5,1,998,2,2,767,0,0,1,0,1,19,0,0,0,0,0,1,1,0,0,1,1,0,1,1,0,0,1,0,1,0,1
41245750,0,88,490,13,51849,1,18,1,1,998,2,5,623,0,0,0,0,0,23,2,0,0,0,0,0,0,0,0,0,0,0,0,0,0,0,0,0,0,0,0
41243154,0,88,470,12,103519,1,18,1,1,998,2,5,623,0,0,1,2,1,26,3,0,1,0,0,1,1,1,0,1,1,0,1,2,0,0,1,0,1,1,1
41226421,0,47,1180,5,54122,1,22,1,1,998,2,5,883,0,0,1,1,1,31,4,0,0,0,0,1,1,1,1,1,1,0,1,3,0,0,1,0,1,1,1
41068815,0,44,1399,3,29424,1,17,7,1,998,2,5,96,0,0,1,4,1,33,2,0,0,0,0,1,1,1,1,1,1,1,1,5,1,0,1,1,1,1,1
41462637,0,7,570,13,148161,0,22,1,1,1999,7,5,893,0,0,1,1,1,18,0,0,0,0,0,1,1,0,0,1,1,0,1,0,2,0,0,1,1,1,1
41453483,0,47,699,8,180790,1,11,1,1,998,2,5,903,0,0,1,1,1,28,1,0,0,0,0,1,1,0,1,1,1,0,1,0,0,0,0,0,0,1,1
41459164,0,90,1000,11,185237,4,22,1,1,1995,1,5,919,0,0,1,2,1,44,3,0,0,0,0,1,1,1,1,1,1,1,1,1,0,0,1,0,1,1,1
41449512,0,67,700,12,181735,4,17,10,1,2959,1,7,787,0,0,1,1,1,44,1,0,0,1,0,1,1,1,1,1,1,1,1,1,0,0,1,0,1,1,1
41438067,0,90,1260,10,150924,4,17,1,1,1995,1,7,306,0,0,1,4,1,42,2,0,0,0,0,1,1,1,1,1,1,1,1,1,1,0,1,1,1,1,1
41444750,0,55,1630,6,150405,4,22,10,1,1995,1,5,347,0,0,1,4,1,34,0,0,0,0,0,1,0,0,1,0,1,1,1,0,0,0,0,0,0,1,1
41432621,0,69,1820,4,58827,1,22,10,1,1591,1,5,769,0,0,1,1,1,39,2,0,0,0,1,1,1,1,1,1,1,1,1,1,1,0,1,1,1,1,1
41428174,0,87,1330,7,166809,3,22,10,1,2359,3,5,786,0,0,1,6,1,47,2,0,0,1,1,1,1,1,1,0,1,1,1,3,0,0,1,0,1,1,1
41416058,0,58,3612,0,890,3,22,10,1,1598,0,9,314,0,0,0,0,0,43,6,0,0,0,1,1,1,1,1,1,1,1,1,0,0,0,0,0,0,0,0
41424124,0,57,2390,7,100065,4,22,10,1,2199,0,7,281,0,0,1,2,1,43,1,0,0,0,1,1,1,1,1,1,1,1,1,0,0,0,0,0,0,1,1
40916800,0,78,2299,5,195320,3,2,1,1,1598,1,5,521,0,0,1,1,1,44,2,0,0,0,1,1,1,1,1,1,1,1,1,0,0,0,0,0,0,1,1
40964901,0,92,650,11,214778,4,2,1,1,2199,0,9,523,0,0,1,11,1,38,1,0,0,0,0,1,1,1,1,1,1,1,1,3,0,0,1,0,1,1,1
40749892,0,88,450,13,58933,1,17,1,1,998,2,5,198,0,0,1,2,1,20,1,0,0,0,0,1,1,0,0,0,1,0,1,1,1,0,1,1,1,1,1
40098632,0,96,380,15,157875,4,14,1,1,2199,0,11,211,0,0,1,2,1,29,1,0,0,1,0,1,1,1,0,1,1,0,1,1,0,0,1,0,1,1,1
40554457,0,78,2259,5,129925,4,17,1,1,2151,1,7,293,0,0,1,3,1,48,6,0,0,0,1,1,1,1,1,1,1,1,1,2,4,0,1,1,1,1,1
40500179,0,13,300,15,173801,1,2,1,1,2656,3,5,1003,0,0,1,7,1,33,1,0,2,0,0,1,1,1,1,1,1,0,1,0,0,0,0,0,0,1,1
39748953,0,86,1150,9,112796,4,17,1,1,2199,3,5,24,0,0,1,5,1,41,0,0,0,0,1,1,1,1,1,1,1,1,1,1,1,0,1,1,1,1,1
41196122,0,95,3300,4,72000,4,2,8,1,2151,0,9,812,0,0,1,0,1,49,0,0,0,1,1,1,1,1,1,1,1,1,1,0,0,0,0,0,0,0,0
38291187,0,42,1350,10,198822,1,14,1,1,5038,3,5,31,0,0,1,5,1,55,0,0,0,0,1,1,1,1,1,1,1,1,1,0,0,0,0,0,0,1,1
40853110,0,19,660,12,213058,1,2,1,1,3342,3,5,224,0,0,1,3,1,47,0,0,0,0,0,1,1,1,1,1,1,1,1,4,0,0,1,0,1,1,1
40833788,0,70,855,8,111576,1,19,7,1,1368,1,5,129,0,0,1,2,1,29,2,0,0,0,0,1,1,0,0,1,1,0,1,5,0,0,1,0,1,1,1
40800521,0,57,1650,7,302074,4,22,5,1,2199,0,9,330,0,0,1,4,1,47,2,0,0,0,1,1,1,1,1,1,1,1,1,2,0,0,1,0,1,1,1
41011290,0,11,849,10,145217,3,2,10,1,1999,7,5,474,0,0,1,2,1,29,3,0,1,0,1,1,1,1,1,1,1,0,1,0,0,0,0,0,0,1,1
41377026,0,57,1790,7,86100,4,2,8,1,2199,0,9,381,0,0,1,3,1,47,2,0,0,1,1,1,1,1,1,1,1,1,1,4,1,0,1,1,1,1,1
41384465,0,72,2399,4,106034,1,22,4,1,2497,7,5,17,0,0,1,1,1,48,4,0,0,1,1,1,1,1,1,1,1,1,1,3,0,0,1,0,1,1,1
41254331,0,73,1120,10,86986,4,14,4,1,1685,1,5,568,0,0,1,1,0,31,0,0,0,0,0,1,1,0,1,1,1,0,1,0,0,0,0,0,0,1,1
41429565,0,56,4780,1,9827,3,17,7,1,1598,1,5,223,0,0,1,0,1,51,4,0,0,1,1,1,1,1,1,1,1,1,1,0,0,0,0,0,0,0,0
41406165,0,35,790,12,146208,0,22,1,1,1999,7,5,447,0,0,1,8,1,32,0,0,1,1,0,1,1,1,1,1,1,1,1,2,1,0,1,1,1,1,1
41447056,0,95,3550,3,80425,4,22,1,1,2151,0,7,760,0,0,1,2,1,48,4,0,0,0,1,1,1,1,1,1,1,1,1,1,1,0,1,1,1,1,1
41502943,0,8,950,10,151846,1,2,5,1,1591,7,5,383,0,0,1,3,1,33,2,0,0,0,0,1,1,1,1,1,1,0,1,1,1,0,1,1,1,1,1
41502389,0,44,324,0,1,1,22,5,1,998,2,5,314,0,0,1,0,0,28,1,0,0,0,0,1,1,1,1,0,1,1,1,0,0,0,0,0,0,0,0
41497288,0,88,350,11,145237,1,22,4,1,998,2,5,6,0,0,1,6,1,17,1,0,1,0,0,1,1,0,0,1,1,0,1,2,0,0,1,0,1,1,1
41487082,0,81,1600,8,73981,5,22,1,1,80,6,5,1003,0,0,1,4,1,31,0,0,0,0,0,1,1,1,1,1,1,1,1,0,0,0,0,0,0,1,1
41486491,0,31,1850,7,194776,1,2,7,1,3778,3,5,219,0,0,1,2,1,54,0,0,0,0,1,1,1,1,1,1,1,1,1,2,0,0,1,0,1,1,1
41485561,0,50,2150,8,83703,4,2,10,1,2959,1,5,347,0,0,1,1,1,46,3,0,0,1,0,1,1,1,1,1,1,1,1,1,0,0,1,0,1,1,1
41484419,0,34,1329,4,129357,1,22,13,1,1598,6,5,357,0,0,1,1,1,32,1,0,0,0,0,1,1,1,1,1,1,1,1,1,0,0,1,0,1,1,1
41483357,0,47,1170,7,68831,1,9,5,1,998,2,5,656,0,0,1,0,1,26,2,0,0,0,0,1,0,0,1,0,1,0,1,0,0,0,0,0,0,0,0
41503517,0,9,1650,6,146680,1,19,1,1,1598,7,5,226,0,0,1,3,1,47,8,0,0,1,1,1,1,1,1,1,1,1,1,0,0,0,0,0,0,1,1
41487494,0,94,440,13,126763,1,22,1,1,1591,4,5,764,0,0,1,1,1,32,4,0,1,1,0,1,1,1,1,1,1,0,1,0,4,0,0,1,1,1,1
41489197,0,36,1230,7,155925,1,22,5,1,1999,7,5,529,0,0,1,4,1,43,5,0,0,1,1,1,1,1,1,1,1,1,1,2,0,0,1,0,1,1,1
41477995,0,17,2520,4,64723,1,2,7,1,2497,3,5,1000,0,0,1,3,1,43,0,0,0,0,1,1,1,1,1,1,1,1,1,2,1,0,1,1,1,1,1
41469908,0,70,1300,8,34246,4,17,10,1,1582,1,5,660,0,0,1,0,1,32,0,0,0,0,0,1,1,1,1,1,1,0,1,1,0,0,1,0,1,0,1
41561178,0,39,299,11,297258,1,2,10,1,2359,3,5,476,0,0,1,2,1,41,3,0,1,0,0,1,1,1,1,1,1,1,1,1,0,0,1,0,1,1,1
41545291,0,95,3070,4,108414,4,2,1,1,2151,0,9,922,0,0,1,0,1,48,4,0,0,1,1,1,1,1,1,1,1,1,1,0,0,0,0,0,0,0,0
41546016,0,64,499,10,149219,1,22,1,1,998,2,5,952,0,0,1,2,1,18,0,0,0,0,0,1,1,0,0,1,0,0,0,1,1,0,1,1,1,1,1
41545406,0,67,750,12,271708,4,2,1,1,2959,1,7,583,0,0,1,2,1,43,1,0,0,1,0,1,1,1,1,1,1,1,1,0,0,0,0,0,0,1,1
41556486,0,18,3370,4,29462,3,2,4,1,1598,3,5,682,0,0,1,0,1,51,6,0,0,0,1,1,1,1,1,1,1,1,1,0,0,0,0,0,0,0,0
41546535,0,64,920,9,79413,1,19,1,1,998,2,5,935,0,0,1,1,1,29,2,0,0,0,0,1,1,0,1,1,1,0,1,0,0,0,0,0,0,1,1
41548985,0,44,1450,3,58186,1,22,1,1,998,2,5,774,0,0,1,0,1,28,1,0,0,0,0,1,1,0,1,0,1,1,1,0,0,0,0,0,0,0,0
41546205,0,65,199,17,231263,0,22,12,1,1998,7,5,574,0,0,1,13,1,19,0,0,0,0,0,1,0,0,1,0,1,0,1,11,0,0,1,0,1,1,1
41537047,0,52,3780,1,21291,1,14,5,1,1598,1,5,630,0,0,1,0,1,47,3,0,0,0,1,1,1,1,1,1,1,1,1,0,0,0,0,0,0,0,0
41535689,0,39,390,12,270275,0,17,9,1,2999,3,5,846,0,0,1,9,1,35,0,0,1,0,0,1,1,1,1,1,1,0,1,1,1,0,1,1,1,1,1
41536243,0,95,3950,5,48626,4,22,1,1,2151,0,9,447,0,0,1,0,0,46,0,0,0,0,1,1,1,1,1,1,1,1,1,0,0,0,0,0,0,0,0
41604462,0,39,678,10,155091,1,17,7,1,2999,3,5,637,0,0,1,7,1,45,4,0,0,1,0,1,1,1,1,1,1,1,1,4,1,0,1,1,1,1,1
41591452,0,20,220,20,221132,4,14,1,1,1991,1,5,903,0,0,1,3,1,15,0,0,0,0,0,0,0,1,0,0,1,0,1,0,0,0,0,0,0,1,1
41596852,0,55,1860,7,84701,4,22,1,1,2199,1,5,764,0,0,1,1,1,42,2,0,0,0,1,1,1,1,1,1,1,1,1,0,1,0,0,1,1,1,1
41600335,0,2,3484,0,750,5,22,1,1,0,1,5,314,0,0,1,0,0,47,0,0,0,0,1,1,1,1,1,1,1,1,1,0,0,0,0,0,0,0,0
41579124,0,92,1149,10,126394,4,14,10,1,2199,0,9,863,0,0,1,6,1,44,1,0,0,1,0,1,1,1,1,1,1,1,1,0,1,0,0,1,1,1,1
41636532,0,90,1100,10,180714,4,22,10,1,1995,1,5,639,0,0,1,4,1,41,2,0,0,0,0,1,1,1,1,1,1,1,1,0,0,0,0,0,0,1,1
41632776,0,73,1240,9,113792,4,22,1,1,1995,1,5,687,0,0,1,0,1,33,3,0,0,0,0,1,1,0,1,1,1,1,1,0,2,0,0,1,1,0,1
41645191,0,5,630,13,59972,1,22,10,1,1591,6,5,702,0,0,1,2,1,28,1,0,0,0,0,1,1,1,1,1,1,0,1,4,1,0,1,1,1,1,1
41647950,0,77,9999,7,82820,4,22,7,1,1995,1,5,420,0,0,1,3,1,41,4,0,0,0,1,1,1,1,1,1,1,1,1,1,0,0,1,0,1,1,1
41649937,0,95,2190,3,169693,4,2,1,1,2151,0,9,161,0,0,1,0,1,45,2,0,0,1,1,1,1,1,1,1,1,1,1,0,1,0,0,1,1,0,1
41651887,0,11,900,8,165156,3,19,7,1,1999,7,5,66,0,0,1,4,1,38,4,0,0,0,1,1,1,1,1,1,1,1,1,2,2,0,1,1,1,1,1
41661312,0,88,390,14,72704,1,18,9,1,998,2,5,661,0,0,1,5,0,22,2,0,0,0,0,1,0,0,1,0,1,0,1,0,0,0,0,0,0,1,1
41638764,0,48,690,10,79022,1,18,5,1,998,2,5,656,0,0,1,4,1,28,1,0,0,0,0,1,1,0,1,1,1,0,1,0,1,0,0,1,1,1,1
41631612,0,8,790,10,113431,4,22,3,1,1685,7,5,622,0,0,1,1,1,40,4,0,0,1,0,1,1,1,1,1,1,1,1,1,2,0,1,1,1,1,1
41628046,0,33,720,10,118980,1,19,7,1,1591,6,5,575,0,0,1,3,1,29,1,0,0,0,0,1,1,1,0,1,1,0,1,1,0,0,1,0,1,1,1
41101101,0,34,1640,4,25269,1,22,1,1,1598,6,5,10,0,0,1,2,1,29,2,0,0,0,0,1,1,1,1,1,1,0,1,0,2,0,0,1,1,1,1
41122625,0,68,4150,4,67746,4,2,7,1,2959,1,6,506,0,0,1,0,1,48,2,0,0,1,1,1,1,1,1,1,1,1,1,0,0,0,0,0,0,0,0
41077385,0,78,2849,5,118547,3,22,1,1,1598,1,6,704,0,0,1,1,1,48,4,0,0,1,1,1,1,1,1,1,1,1,1,0,1,0,0,1,1,1,1
40902621,0,68,5590,4,60893,4,22,1,1,2959,1,7,636,0,0,1,0,1,48,4,0,0,1,1,1,1,1,1,1,1,1,1,0,0,0,0,0,0,0,0
40798534,0,18,3290,3,14449,3,17,1,1,1598,3,5,470,0,0,1,3,1,46,2,0,0,0,1,1,1,1,1,1,1,1,1,1,0,0,1,0,1,1,1
40798584,0,78,3550,3,53984,4,22,1,1,2151,1,5,572,0,0,1,1,1,48,4,0,0,0,1,1,1,1,1,1,1,1,1,0,0,0,0,0,0,1,1
41477636,0,92,1490,8,117168,4,17,1,1,2199,0,9,671,0,0,1,0,1,47,3,0,0,1,0,1,1,1,1,1,1,1,1,0,0,0,0,0,0,0,0
41466059,0,95,3200,5,90697,4,2,1,1,2151,0,7,919,0,0,1,0,1,49,5,0,0,1,1,1,1,1,1,1,1,1,1,0,0,0,0,0,0,0,0
41505628,0,52,4090,1,6001,1,22,1,1,1598,1,5,177,0,0,1,0,1,46,0,0,2,0,1,1,1,1,1,1,1,1,1,0,0,0,0,0,0,0,0
41546950,0,60,699,11,123163,1,2,1,1,1591,4,5,805,0,0,1,2,1,31,1,0,0,0,0,1,1,1,1,1,1,0,1,1,0,0,1,0,1,1,1
41529983,0,3,2849,3,136299,5,18,1,1,111,6,5,704,0,0,1,1,1,45,2,0,0,0,1,1,1,1,1,1,1,1,1,0,1,0,0,1,1,1,1
41533839,0,51,2920,2,4242,1,17,10,1,1598,1,5,912,0,0,1,0,1,45,5,0,0,0,1,1,1,1,1,1,1,1,1,0,0,0,0,0,0,0,0
41459105,0,57,1570,7,139153,4,22,1,1,2199,0,9,461,0,0,1,2,1,43,1,0,0,1,1,1,1,1,1,1,1,1,1,0,0,0,0,0,0,1,1
41460545,0,75,3090,3,30539,3,22,1,1,1598,1,5,470,0,0,1,1,1,42,4,0,0,0,1,1,1,1,1,0,1,1,1,0,0,0,0,0,0,1,1
40227689,0,72,2950,5,64163,1,8,1,1,2497,7,5,10,0,0,1,1,1,49,4,0,0,1,1,1,1,1,1,1,1,1,1,0,0,0,0,0,0,1,1
40708087,0,41,4450,1,6185,3,22,8,1,1598,3,5,200,0,0,1,0,1,49,3,0,0,1,1,1,1,1,1,1,1,1,1,0,0,0,0,0,0,0,0
41182774,0,9,1600,6,135954,1,2,1,1,1598,7,5,919,0,0,1,8,1,37,3,0,0,0,1,1,1,1,1,1,1,1,1,0,1,0,0,1,1,1,1
40211888,0,48,560,10,56556,1,18,10,1,998,2,5,228,0,0,1,5,1,24,1,0,0,0,0,1,1,0,0,1,1,0,1,2,0,0,1,0,1,1,1
41452775,0,95,2919,5,71150,4,22,1,1,2151,0,9,363,0,0,1,1,1,46,6,0,0,0,1,1,1,1,1,1,1,1,1,0,0,0,0,0,0,1,1
41500115,0,71,2270,8,80502,1,19,4,1,3342,7,5,526,0,0,1,2,1,50,2,0,0,1,1,1,1,1,1,1,1,1,1,0,0,0,0,0,0,1,1
41474226,0,85,1830,5,38479,1,22,1,1,1598,6,5,470,0,0,1,4,1,38,3,0,0,0,1,1,1,1,1,1,1,1,1,0,0,0,0,0,0,1,1
41381590,0,68,5350,2,20625,4,2,1,1,2959,1,6,470,0,0,1,0,1,49,3,0,0,1,1,1,1,1,1,1,1,1,1,0,0,0,0,0,0,0,0
41375003,0,53,3850,1,19886,3,17,5,1,1598,1,5,11,0,0,1,0,1,47,0,0,1,0,1,1,1,1,1,1,1,1,1,0,0,0,0,0,0,0,0
41345942,0,57,1290,7,143958,4,2,1,1,2199,0,9,470,0,0,1,2,1,36,4,0,0,1,0,1,1,1,1,1,1,1,1,0,1,0,0,1,1,1,1
41478785,0,47,819,5,129413,1,19,13,1,998,2,5,725,0,0,1,1,1,22,1,0,1,0,0,1,1,0,1,1,1,0,1,0,0,0,0,0,0,1,1
41474144,0,66,1390,3,38716,1,2,1,1,998,2,5,470,0,0,1,0,1,29,3,0,0,0,0,1,1,0,1,0,1,1,1,0,0,0,0,0,0,0,0
41547239,0,95,2480,4,119093,4,22,8,1,2151,0,9,683,0,0,1,0,1,46,5,0,0,0,1,1,1,1,1,1,1,1,1,0,0,0,0,0,0,0,0
41542021,0,3,3390,3,67147,5,2,1,1,111,6,5,470,0,0,1,0,1,46,1,0,0,0,1,1,1,1,1,1,1,1,1,0,0,0,0,0,0,0,0
41537505,0,68,3990,5,62577,4,2,6,1,2959,1,5,993,0,0,1,0,1,48,4,0,0,1,1,1,1,1,1,1,1,1,1,0,0,0,0,0,0,0,0
41533387,0,95,2680,5,32630,4,22,8,1,2151,0,9,265,0,0,1,1,1,37,2,0,0,0,1,1,1,1,1,1,1,1,1,0,0,0,0,0,0,1,1
41524955,0,95,3480,4,89143,1,2,10,1,3470,0,9,322,0,0,1,1,1,50,1,0,0,0,1,1,1,1,1,1,1,1,1,0,0,0,0,0,0,1,1
41241583,0,92,1680,8,52749,4,22,5,1,2199,0,9,684,0,0,1,1,1,42,4,0,0,1,0,1,1,1,1,1,1,1,1,0,0,0,0,0,0,1,1
41238718,0,18,2870,4,59570,3,19,10,1,1598,3,5,242,0,0,1,0,1,43,0,0,0,0,1,1,1,1,1,1,1,1,1,0,0,0,0,0,0,0,0
41412474,0,74,2940,2,44292,4,2,1,1,1998,1,5,678,0,0,1,0,1,37,2,0,0,0,1,1,1,1,1,1,1,1,1,0,0,0,0,0,0,0,0
41404778,0,55,1750,8,116690,4,1,1,1,2199,1,5,918,0,0,1,3,1,47,3,0,1,0,1,1,1,1,1,1,1,1,1,0,0,0,0,0,0,1,1
41244440,0,68,5090,2,24003,4,2,1,1,2959,1,6,208,0,0,1,0,1,47,2,0,0,1,1,1,1,1,1,1,1,1,1,0,0,0,0,0,0,0,0
41381639,0,75,3590,2,20739,3,22,1,1,1598,1,5,470,0,0,1,0,1,46,3,0,0,0,1,1,1,1,1,1,1,1,1,0,0,0,0,0,0,0,0
40800400,0,61,499,14,151355,1,22,1,1,2999,3,5,805,0,0,1,8,1,44,1,0,0,1,0,1,1,1,1,1,1,1,1,1,0,0,1,0,1,1,1
41260289,0,78,2810,5,102881,3,17,1,1,1598,1,5,457,0,0,1,0,1,44,2,0,0,0,1,1,1,1,1,1,1,1,1,0,0,0,0,0,0,0,0
41429281,0,95,2930,4,129740,4,22,1,1,2151,0,9,249,0,0,1,0,1,50,7,0,0,1,1,1,1,1,1,1,1,1,1,0,0,0,0,0,0,0,0
41437822,0,95,3890,5,23158,1,22,1,1,3470,0,9,245,0,0,1,0,1,49,3,0,0,0,1,1,1,1,1,1,1,1,1,0,0,0,0,0,0,0,0
41474289,0,78,2490,4,130111,4,22,1,1,2151,1,5,470,0,0,1,0,1,47,4,0,1,0,1,1,1,1,1,1,1,1,1,0,1,0,0,1,1,0,1
41487989,0,95,2550,4,144264,4,2,1,1,2151,0,9,922,0,0,1,0,1,46,3,0,0,0,1,1,1,1,1,1,1,1,1,0,0,0,0,0,0,0,0
41488985,0,95,1950,5,162990,4,22,1,1,2151,0,9,919,0,0,1,3,1,39,6,0,0,0,1,1,1,1,1,1,1,1,1,3,2,0,1,1,1,1,1
41542029,0,57,1590,7,52282,4,22,1,1,2199,0,9,470,0,0,1,11,1,40,3,0,0,0,1,1,1,1,1,1,1,1,1,2,5,0,1,1,1,1,1
41549258,0,56,3850,2,65626,3,22,1,1,1598,1,5,87,0,0,1,0,1,49,2,0,0,0,1,1,1,1,1,1,1,1,1,0,0,0,0,0,0,0,0
41601675,0,66,650,5,59354,1,18,1,1,998,2,2,662,0,0,1,7,1,20,0,0,0,0,0,1,1,0,0,1,1,0,1,7,1,0,1,1,1,1,1
41598114,0,64,780,10,119050,1,22,1,1,998,2,5,811,0,0,1,2,1,30,1,0,0,0,0,1,1,1,1,1,1,0,1,1,1,0,1,1,1,1,1
41594021,0,90,1190,11,126450,4,17,10,1,1995,1,5,375,0,0,1,0,1,37,0,0,2,0,0,1,1,1,1,1,1,1,1,0,0,0,0,0,0,0,0
41594072,0,95,2890,5,96484,4,22,7,1,2151,0,9,356,0,0,1,1,1,49,6,0,0,0,1,1,1,1,1,1,1,1,1,0,0,0,0,0,0,1,1
41661174,0,17,2290,3,87292,1,2,1,1,2497,3,5,353,0,0,1,4,1,48,2,0,0,0,1,1,1,1,1,1,1,1,1,0,0,0,0,0,0,1,1
41654887,0,78,3690,4,64100,3,2,1,1,1598,1,7,733,0,0,1,0,1,49,6,0,0,1,1,1,1,1,1,1,1,1,1,0,0,0,0,0,0,0,0
41656086,0,78,3750,5,48562,3,22,8,1,1598,1,6,33,0,0,1,1,1,49,5,0,0,1,1,1,1,1,1,1,1,1,1,0,0,0,0,0,0,1,1
41516598,0,90,1580,11,81620,4,22,7,1,1995,1,5,145,0,0,1,1,1,46,4,0,0,1,0,1,1,1,1,1,1,1,1,0,0,0,0,0,0,1,1
41510070,0,9,1780,6,70097,1,2,8,1,1999,7,5,683,0,0,1,0,1,39,2,0,0,0,1,1,1,1,1,1,1,1,1,0,0,0,0,0,0,0,0
41586636,0,62,2750,1,8960,3,2,10,1,1580,1,5,686,0,0,1,0,1,35,3,0,0,0,0,1,1,1,1,1,1,0,1,0,0,0,0,0,0,0,0
41570062,0,64,600,10,189573,1,18,2,1,998,2,5,644,0,0,1,3,1,23,0,0,0,0,0,1,0,0,1,0,1,0,1,1,0,0,1,0,1,1,1
41614171,0,56,3899,2,8662,1,22,13,1,2497,1,5,745,0,0,1,0,1,48,1,0,0,0,1,1,1,1,1,1,1,1,1,0,0,0,0,0,0,0,0
41604734,0,47,1250,5,30206,1,4,1,1,998,2,5,717,0,0,1,1,1,24,1,0,0,0,0,1,1,0,1,0,1,0,1,1,0,0,1,0,1,1,1
41607386,0,95,3800,4,39234,4,22,12,1,2151,0,9,178,0,0,1,0,1,51,9,0,0,1,1,1,1,1,1,1,1,1,1,0,0,0,0,0,0,0,0
41506949,0,78,7777,3,65880,1,2,1,1,2497,1,5,521,0,0,1,1,1,45,0,0,0,0,1,1,1,1,1,0,1,1,1,0,0,0,0,0,0,1,1
41585051,0,47,1500,4,35938,1,18,1,1,998,2,5,920,0,0,1,6,1,31,3,0,0,0,0,1,1,1,1,1,1,0,1,0,0,0,0,0,0,1,1
41588878,0,60,650,11,67621,1,22,1,1,1396,4,5,479,0,0,1,2,1,26,1,0,0,0,0,1,1,0,0,1,1,0,1,1,2,0,1,1,1,1,1
41572791,0,89,870,9,72830,1,8,1,1,998,2,5,920,0,0,1,2,1,27,3,0,0,0,0,1,1,0,1,1,1,0,1,0,0,0,0,0,0,1,1
41559246,0,78,3139,3,70997,3,2,10,1,1598,1,5,264,0,0,1,0,1,47,1,0,0,0,1,1,1,1,1,1,1,1,1,0,0,0,0,0,0,0,0
41638845,0,28,1499,9,78960,3,19,13,1,1580,1,5,745,0,0,1,0,1,34,2,0,0,0,0,1,1,1,1,1,1,1,1,0,0,0,0,0,0,0,0
41494072,0,95,2750,5,147797,4,22,5,1,2151,0,9,439,0,0,1,0,1,49,8,0,0,1,1,1,1,1,1,1,1,1,1,0,0,0,0,0,0,0,0
40164247,0,9,2890,3,53510,1,22,5,1,1598,7,5,439,0,0,1,0,1,47,6,0,0,1,1,1,1,1,1,1,1,1,1,0,0,0,0,0,0,0,0
41404770,0,68,3190,5,98039,4,2,5,1,2959,1,6,439,0,0,1,0,1,49,2,0,0,1,1,1,1,1,1,1,1,1,1,1,0,0,1,0,1,0,1
41647015,0,95,2750,5,138707,4,22,5,1,2151,0,9,439,0,0,1,0,1,49,8,0,0,1,1,1,1,1,1,1,1,1,1,0,0,0,0,0,0,0,0
41542037,0,68,3200,4,192908,4,22,5,1,2959,1,7,439,0,0,1,0,1,47,2,0,0,1,1,1,1,1,1,1,1,1,1,0,0,0,0,0,0,0,0
41524069,0,34,2290,2,16948,1,22,5,1,1598,6,5,439,0,0,1,0,1,37,4,0,0,0,0,1,1,1,1,1,1,1,1,0,0,0,0,0,0,0,0
41049491,0,56,4190,2,11874,1,2,1,1,2497,1,6,664,0,0,1,0,1,50,5,0,0,0,1,1,1,1,1,1,1,1,1,0,0,0,0,0,0,0,0
41459836,0,58,5090,2,28929,3,11,1,1,1598,0,7,664,0,0,1,0,1,51,6,0,0,0,1,1,1,1,1,1,1,1,1,0,0,0,0,0,0,0,0
41443299,0,69,1850,3,108145,1,22,14,1,1591,1,5,297,0,0,1,1,1,42,4,0,0,1,1,1,1,1,1,1,1,1,1,0,1,0,0,1,1,1,1
41533803,0,90,1100,11,149263,4,17,14,1,1995,1,7,297,0,0,0,0,0,38,2,0,0,0,0,0,0,0,0,0,0,0,0,0,0,0,0,0,0,0,0
40829107,0,89,520,8,88249,1,22,4,1,998,2,2,917,0,0,1,2,1,11,1,0,0,0,0,0,0,0,0,0,0,0,0,0,0,0,0,0,0,1,1
41396859,0,89,630,9,160417,1,22,4,1,998,2,5,917,0,0,1,0,1,29,2,0,0,0,0,1,1,1,1,1,1,0,1,0,0,0,0,0,0,0,0
41568516,0,64,560,12,168007,1,2,4,1,998,2,5,917,0,0,1,0,1,25,1,0,1,0,0,1,1,0,1,1,1,0,1,0,0,0,0,0,0,0,0
41593173,0,70,860,7,124261,4,17,4,1,1582,1,5,917,0,0,1,1,1,28,0,0,1,0,0,1,1,0,1,1,1,0,1,0,0,0,0,0,0,1,1
41554587,0,34,2130,3,28947,1,17,4,1,1598,6,5,917,0,0,1,5,1,40,0,0,0,0,1,1,1,1,1,1,1,1,1,1,0,0,1,0,1,1,1
41540094,0,44,850,4,64092,1,22,5,1,998,2,2,342,0,0,1,0,1,12,0,0,0,0,0,1,0,0,0,0,0,0,1,3,0,0,1,0,1,0,1
41459213,0,78,2990,5,53802,3,17,5,1,1598,1,7,342,0,0,1,0,1,43,2,0,0,0,1,1,1,1,1,1,1,1,1,1,0,0,1,0,1,0,1
41390203,0,50,1580,8,174333,4,22,5,1,2959,1,5,342,0,0,1,0,1,43,1,0,0,0,0,1,1,1,1,1,1,1,1,0,0,0,0,0,0,0,0
41420548,0,57,1860,6,87376,4,17,5,1,2199,0,9,342,0,0,1,0,1,42,2,0,0,0,0,1,1,1,1,1,1,1,1,0,0,0,0,0,0,0,0
41520860,0,95,3050,5,122698,1,2,1,1,3470,0,7,260,0,0,1,0,1,49,1,0,0,0,1,1,1,1,1,1,1,1,1,0,0,0,0,0,0,0,0
40944632,0,34,1439,4,86690,1,22,1,1,1598,6,5,197,0,0,1,2,1,32,4,0,0,0,0,1,1,1,1,1,1,0,1,0,0,0,0,0,0,1,1
40972957,0,74,1919,4,96874,1,22,1,1,1598,1,5,197,0,0,1,4,1,34,4,0,0,0,1,1,1,1,1,1,1,0,1,0,4,0,0,1,1,1,1
40989137,0,69,1419,3,152150,1,22,1,1,1591,1,5,197,0,0,1,4,1,32,4,0,0,0,1,1,1,1,1,1,1,0,1,1,4,0,1,1,1,1,1
40994577,0,9,1589,4,110228,1,22,1,1,1999,7,5,197,0,0,1,3,1,34,4,0,0,0,1,1,1,1,1,1,1,0,1,2,3,0,1,1,1,1,1
40994685,0,69,1689,3,80199,1,22,1,1,1591,1,5,197,0,0,1,1,1,33,4,0,0,0,1,1,1,1,1,1,1,0,1,0,1,0,0,1,1,1,1
41082357,0,74,1839,4,127813,1,22,1,1,1598,1,5,197,0,0,1,1,1,34,4,0,0,0,1,1,1,1,1,1,1,0,1,0,0,0,0,0,0,1,1
41046978,0,34,1319,4,83555,1,22,1,1,1598,6,5,197,0,0,1,0,1,32,4,0,0,0,0,1,1,1,1,1,1,0,1,0,3,0,0,1,1,0,1
41030235,0,47,919,5,119033,1,22,1,1,998,2,5,197,0,0,1,3,1,27,2,0,0,0,0,1,1,0,1,1,1,0,1,2,1,0,1,1,1,1,1
41094573,0,34,1389,4,103357,1,22,1,1,1598,6,5,197,0,0,1,5,1,32,4,0,0,0,0,1,1,1,1,1,1,0,1,0,1,0,0,1,1,1,1
41103885,0,34,1339,4,112222,1,22,1,1,1598,6,5,197,0,0,1,3,1,32,4,0,0,0,0,1,1,1,1,1,1,0,1,0,3,0,0,1,1,1,1
41192745,0,74,1879,4,101719,1,22,1,1,1598,1,5,197,0,0,1,6,1,34,4,0,0,0,1,1,1,1,1,1,1,0,1,0,2,0,0,1,1,1,1
41180592,0,95,2549,5,38870,4,2,1,1,2151,0,9,197,0,0,1,0,1,37,2,0,0,0,1,1,1,1,1,1,1,1,1,0,0,0,0,0,0,0,0
41197114,0,74,1819,4,102080,1,22,1,1,1598,1,5,197,0,0,1,0,1,34,4,0,0,0,1,1,1,1,1,1,1,0,1,1,1,0,1,1,1,0,1
41217786,0,74,1819,4,122081,1,22,1,1,1598,1,5,197,0,0,1,5,1,34,4,0,0,0,1,1,1,1,1,1,1,0,1,1,3,0,1,1,1,1,1
41197104,0,74,1869,4,103276,1,22,1,1,1598,1,5,197,0,0,1,2,1,34,4,0,0,0,1,1,1,1,1,1,1,0,1,1,1,0,1,1,1,1,1
41217754,0,74,1919,4,123379,1,22,1,1,1598,1,5,197,0,0,1,2,1,34,4,0,0,0,1,1,1,1,1,1,1,0,1,0,0,0,0,0,0,1,1
41263776,0,74,1819,4,122496,1,22,1,1,1598,1,5,197,0,0,1,4,1,34,4,0,0,0,1,1,1,1,1,1,1,0,1,1,3,0,1,1,1,1,1
41292612,0,47,979,4,113003,1,22,1,1,998,2,5,197,0,0,1,2,1,27,2,0,0,0,0,1,1,0,1,1,1,0,1,2,2,0,1,1,1,1,1
41329176,0,69,1479,4,122500,1,22,1,1,1591,1,5,197,0,0,1,3,1,31,3,0,0,0,0,1,1,1,1,1,1,0,1,0,1,0,0,1,1,1,1
41292644,0,34,1849,3,58973,1,17,1,1,1591,6,5,197,0,0,1,2,1,40,0,0,0,0,1,1,1,1,1,1,1,1,1,1,2,0,1,1,1,1,1
41329168,0,34,1219,4,106210,1,22,1,1,1598,6,5,197,0,0,1,1,1,32,4,0,0,0,0,1,1,1,1,1,1,0,1,0,4,0,0,1,1,1,1
41301318,0,74,1819,4,106219,1,22,1,1,1598,1,5,197,0,0,1,7,1,34,4,0,0,0,1,1,1,1,1,1,1,0,1,2,1,0,1,1,1,1,1
41292617,0,66,1119,3,94299,1,22,1,1,998,2,5,197,0,0,1,2,1,31,2,0,0,0,0,1,1,1,1,1,1,1,1,0,0,0,0,0,0,1,1
41329204,0,34,1189,4,107706,1,22,1,1,1598,6,5,197,0,0,1,6,1,32,4,0,0,0,0,1,1,1,1,1,1,0,1,2,4,0,1,1,1,1,1
41368783,0,34,1319,4,101373,1,22,1,1,1598,6,5,197,0,0,1,2,1,32,4,0,0,0,0,1,1,1,1,1,1,0,1,1,2,0,1,1,1,1,1
41373201,0,74,1798,4,110877,1,22,1,1,1598,1,5,197,0,0,1,1,1,34,4,0,0,0,1,1,1,1,1,1,1,0,1,1,5,0,1,1,1,1,1
41381129,0,34,1319,4,98488,1,22,1,1,1598,6,5,197,0,0,1,3,1,32,4,0,0,0,0,1,1,1,1,1,1,0,1,1,2,0,1,1,1,1,1
41420100,0,34,1739,4,34047,1,2,1,1,1598,6,5,197,0,0,1,2,1,29,3,0,0,0,0,1,1,0,1,0,1,0,1,0,0,0,0,0,0,1,1
41428057,0,69,1429,5,109618,1,22,1,1,1591,1,5,197,0,0,1,4,1,30,2,0,0,0,0,1,1,0,1,1,1,0,1,1,4,0,1,1,1,1,1
41457851,0,95,2449,4,127327,4,22,1,1,2151,0,9,197,0,0,1,1,1,47,5,0,0,0,1,1,1,1,1,1,1,1,1,1,1,0,1,1,1,1,1
41510310,0,69,1519,4,113032,1,22,1,1,1591,1,5,197,0,0,1,1,1,29,3,0,0,0,0,1,1,1,1,1,1,0,1,0,1,0,0,1,1,1,1
41553577,0,95,2089,5,159614,4,2,1,1,2151,0,9,197,0,0,1,6,1,48,7,0,0,1,1,1,1,1,1,1,1,1,1,4,2,0,1,1,1,1,1
41029957,0,69,1619,3,98128,1,22,1,1,1591,1,5,197,0,0,1,4,1,32,4,0,0,0,1,1,1,1,1,1,1,0,1,0,2,0,0,1,1,1,1
41026046,0,47,989,5,89977,1,22,1,1,998,2,5,197,0,0,1,8,1,27,2,0,0,0,0,1,1,0,1,1,1,0,1,0,6,0,0,1,1,1,1
41030022,0,9,1619,4,117493,1,22,1,1,1999,7,5,197,0,0,1,4,1,34,3,0,0,0,1,1,1,1,1,1,1,0,1,0,3,0,0,1,1,1,1
40994792,0,34,1229,4,101131,1,22,1,1,1598,6,5,197,0,0,1,4,1,32,4,0,0,0,0,1,1,1,1,1,1,0,1,0,4,0,0,1,1,1,1
40994644,0,74,1939,4,87515,1,22,1,1,1598,1,5,197,0,0,1,6,1,34,4,0,0,0,1,1,1,1,1,1,1,0,1,1,0,0,1,0,1,1,1
40994703,0,69,1639,3,93007,1,22,1,1,1591,1,5,197,0,0,1,1,1,33,4,0,0,0,1,1,1,1,1,1,1,0,1,0,0,0,0,0,0,1,1
41071713,0,78,2739,4,143088,4,22,1,1,2151,1,7,197,0,0,1,0,1,48,7,0,0,0,1,1,1,1,1,1,1,1,1,1,0,0,1,0,1,0,1
41082340,0,47,795,4,88466,1,22,1,1,998,2,2,197,0,0,1,0,1,22,0,0,2,0,0,1,1,0,0,1,1,0,1,0,0,0,0,0,0,0,0
41083187,0,29,1849,5,83395,5,22,1,1,180,1,5,197,0,0,1,2,1,43,7,0,0,1,1,1,1,1,1,1,1,1,1,2,3,0,1,1,1,1,1
41109877,0,74,1839,4,125574,1,22,1,1,1598,1,5,197,0,0,1,5,1,34,4,0,0,0,1,1,1,1,1,1,1,0,1,1,1,0,1,1,1,1,1
41154370,0,74,1819,4,102790,1,22,1,1,1598,1,5,197,0,0,1,2,1,34,4,0,0,0,1,1,1,1,1,1,1,0,1,1,2,0,1,1,1,1,1
41166806,0,78,2389,3,126718,3,22,1,1,1598,1,5,197,0,0,1,2,1,44,3,0,0,0,1,1,1,1,1,1,1,1,1,0,2,0,0,1,1,1,1
41204287,0,9,1679,5,106749,1,22,1,1,1999,7,5,197,0,0,1,0,1,32,2,0,1,0,1,1,1,0,1,1,1,0,1,0,0,0,0,0,0,0,0
41196931,0,74,1849,4,111962,1,22,1,1,1598,1,5,197,0,0,1,1,1,34,4,0,0,0,1,1,1,1,1,1,1,0,1,0,1,0,0,1,1,1,1
41197102,0,9,1669,4,109964,1,22,1,1,1999,7,5,197,0,0,1,5,1,34,4,0,0,0,1,1,1,1,1,1,1,0,1,0,3,0,0,1,1,1,1
41197097,0,9,1489,4,136656,1,22,1,1,1999,7,5,197,0,0,1,4,1,34,4,0,0,0,1,1,1,1,1,1,1,0,1,1,5,0,1,1,1,1,1
41222134,0,74,1849,4,108638,1,22,1,1,1598,1,5,197,0,0,1,4,1,34,4,0,0,0,1,1,1,1,1,1,1,0,1,0,4,0,0,1,1,1,1
41252734,0,74,1839,4,114616,1,22,1,1,1598,1,5,197,0,0,1,4,1,34,4,0,0,0,1,1,1,1,1,1,1,0,1,1,1,0,1,1,1,1,1
40704051,0,56,3389,2,49027,1,22,1,1,2497,1,7,197,0,0,1,1,1,49,4,0,0,0,1,1,1,1,1,1,1,1,1,0,4,0,0,1,1,1,1
40823787,0,9,1498,5,97486,1,22,1,1,1999,7,5,197,0,0,1,2,1,32,3,0,0,0,1,1,1,0,1,1,1,0,1,1,4,0,1,1,1,1,1
40949517,0,69,1598,3,96388,1,22,1,1,1591,1,5,197,0,0,1,3,1,32,4,0,0,0,1,1,1,1,1,1,1,0,1,0,1,0,0,1,1,1,1
40963195,0,74,1789,4,107321,1,22,1,1,1598,1,5,197,0,0,1,6,1,34,4,0,0,0,1,1,1,1,1,1,1,0,1,3,2,0,1,1,1,1,1
40994626,0,74,1839,4,114714,1,22,1,1,1598,1,5,197,0,0,1,3,1,34,4,0,0,0,1,1,1,1,1,1,1,0,1,0,3,0,0,1,1,1,1
40891309,0,9,1689,4,97879,1,22,1,1,1999,7,5,197,0,0,1,2,1,34,4,0,0,0,1,1,1,1,1,1,1,0,1,0,4,0,0,1,1,1,1
41252962,0,74,1859,4,122070,1,22,1,1,1598,1,5,197,0,0,1,2,1,34,4,0,0,0,1,1,1,1,1,1,1,0,1,0,1,0,0,1,1,1,1
41263820,0,66,989,3,105603,1,22,1,1,998,2,5,197,0,0,1,6,1,32,3,0,0,0,0,1,1,1,1,1,1,1,1,1,4,0,1,1,1,1,1
41263805,0,36,1189,7,104063,1,2,1,1,1999,7,5,197,0,0,1,3,1,29,0,0,0,0,0,1,1,0,1,0,1,0,1,0,0,0,0,0,0,1,1
41263774,0,74,1889,4,105774,1,22,1,1,1598,1,5,197,0,0,1,2,1,34,4,0,0,0,1,1,1,1,1,1,1,0,1,0,2,0,0,1,1,1,1
41329188,0,34,1259,4,95030,1,22,1,1,1598,6,5,197,0,0,1,4,1,32,4,0,0,0,0,1,1,1,1,1,1,0,1,0,2,0,0,1,1,1,1
41395559,0,74,1919,4,105244,1,22,1,1,1598,1,5,197,0,0,1,2,1,34,4,0,0,0,1,1,1,1,1,1,1,0,1,0,1,0,0,1,1,1,1
41354448,0,69,9999,4,112833,1,22,1,1,1591,1,5,197,0,0,1,2,1,30,3,0,0,0,0,1,1,1,1,1,1,0,1,0,2,0,0,1,1,1,1
41376924,0,34,1319,4,113214,1,22,1,1,1598,6,5,197,0,0,1,4,1,32,4,0,0,0,0,1,1,1,1,1,1,0,1,0,4,0,0,1,1,1,1
41392752,0,78,2355,4,98067,1,22,1,1,2497,1,7,197,0,0,1,4,1,33,4,0,0,0,1,1,1,1,1,1,1,0,1,1,3,0,1,1,1,1,1
41594090,0,95,3649,3,73571,4,22,1,1,2151,0,7,197,0,0,1,1,1,50,7,0,0,1,1,1,1,1,1,1,1,1,1,0,1,0,0,1,1,1,1
41627888,0,36,1789,6,23169,1,19,1,1,1999,7,5,197,0,0,1,1,1,34,2,0,0,0,0,1,1,1,1,1,1,0,1,0,1,0,0,1,1,1,1
41528393,0,74,1794,4,123425,1,22,1,1,1598,1,5,197,0,0,1,2,1,34,4,0,0,0,1,1,1,1,1,1,1,0,1,2,1,0,1,1,1,1,1
41657401,0,68,9999,5,98954,4,2,1,1,2959,1,7,197,0,0,1,1,0,48,4,0,0,1,1,1,1,1,1,1,1,1,1,0,0,0,0,0,0,1,1
41366876,0,78,3220,5,44457,3,22,2,1,1598,1,5,551,0,0,1,1,1,48,5,0,0,1,1,1,1,1,1,1,1,1,1,1,0,0,1,0,1,1,1
41555651,0,17,2720,4,31142,1,22,2,1,2497,3,5,551,0,0,1,1,1,45,1,0,0,0,1,1,1,1,1,1,1,1,1,1,0,0,1,0,1,1,1
41223741,0,75,2920,4,59617,3,22,1,1,1598,1,5,366,0,0,1,2,1,45,2,0,0,0,1,1,1,1,1,1,1,1,1,2,0,0,1,0,1,1,1
41517968,0,95,2950,3,29718,1,2,1,1,3470,0,9,366,0,0,1,1,1,46,4,0,0,1,1,1,1,1,1,1,1,1,1,2,0,0,1,0,1,1,1
41652661,0,56,3990,1,7723,1,22,1,1,2497,1,5,366,0,0,1,0,1,49,2,0,0,0,1,1,1,1,1,1,1,1,1,0,0,0,0,0,0,0,0
41467315,0,56,3990,1,9409,1,22,1,1,2497,1,5,366,0,0,1,0,1,49,2,0,0,0,1,1,1,1,1,1,1,1,1,0,0,0,0,0,0,0,0
41558274,0,34,1650,2,44832,1,22,1,1,1598,6,5,338,0,0,1,4,1,26,2,0,0,0,0,1,1,0,1,0,1,0,1,1,0,0,1,0,1,1,1
41442092,0,58,3168,0,5,3,22,8,1,1598,0,9,314,0,0,1,0,0,46,4,0,0,0,1,1,1,1,1,1,1,1,1,0,0,0,0,0,0,0,0
41326918,0,57,1650,6,108823,4,22,1,1,2199,0,9,760,0,0,1,1,1,42,3,0,0,0,1,1,1,1,1,1,1,1,1,0,0,0,0,0,0,1,1
41400730,0,58,3580,1,64231,4,22,1,1,2151,0,9,161,0,0,0,0,1,47,5,0,0,0,1,1,1,1,1,1,1,1,1,0,0,0,0,0,0,0,0
41374660,0,47,1430,4,28226,1,22,3,1,998,2,5,287,0,0,1,4,1,31,3,0,0,0,0,1,1,1,1,1,1,0,1,2,0,0,1,0,1,1,1
41585458,0,28,1590,9,60866,3,22,9,1,1580,1,5,244,0,0,1,2,1,34,4,0,0,0,0,1,1,1,1,1,1,1,1,1,0,0,1,0,1,1,1
41490186,0,76,660,14,90901,4,22,9,1,1995,1,5,244,0,0,1,0,1,33,1,0,0,1,0,1,1,1,1,1,1,0,1,0,0,0,0,0,0,0,0
41569833,0,76,660,14,104336,4,22,9,1,1995,1,5,244,0,0,1,2,1,35,0,0,0,0,0,1,1,1,1,1,1,1,1,0,0,0,0,0,0,1,1
41606582,0,92,1490,8,124731,4,22,9,1,2199,0,7,244,0,0,1,5,1,40,3,0,0,0,0,1,1,1,1,1,1,1,1,0,0,0,0,0,0,1,1
41467195,0,47,1290,7,47995,1,17,9,1,998,2,5,244,0,0,1,2,1,30,2,0,0,0,0,1,1,1,1,1,1,0,1,0,0,0,0,0,0,1,1
41514879,0,5,630,11,133330,1,22,9,1,1591,6,5,244,0,0,1,6,1,39,6,0,0,1,0,1,1,1,1,1,1,1,1,4,0,0,1,0,1,1,1
41514933,0,92,1350,10,131093,4,17,9,1,2199,0,7,244,0,0,1,2,1,44,2,0,0,1,0,1,1,1,1,1,1,1,1,0,0,0,0,0,0,1,1
41631066,0,95,3050,5,76813,4,2,6,1,2151,0,9,237,0,0,1,0,1,46,3,0,0,0,1,1,1,1,1,1,1,1,1,0,0,0,0,0,0,0,0
41627750,0,8,950,8,73682,1,22,1,1,1999,7,5,504,0,0,1,14,1,32,4,0,0,1,1,1,1,0,1,1,1,0,1,4,2,0,1,1,1,1,1
41633607,0,68,3970,4,43223,4,2,1,1,2959,1,6,31,0,0,1,1,1,48,2,0,0,1,1,1,1,1,1,1,1,1,1,0,0,0,0,0,0,1,1
41162296,0,15,2190,6,65859,3,2,1,1,2359,3,5,495,0,0,1,4,1,45,2,0,0,0,1,1,1,1,1,1,1,1,1,0,2,0,0,1,1,1,1
41129970,0,9,2250,3,79958,1,17,1,1,1598,7,5,10,0,0,1,1,1,45,1,0,0,0,1,1,1,1,1,1,1,1,1,0,0,0,0,0,0,1,1
41133277,0,95,2550,3,65220,4,2,1,1,2151,0,9,10,0,0,1,1,1,39,4,0,0,0,1,1,1,1,1,1,1,1,1,0,1,0,0,1,1,1,1
41130240,0,9,2550,3,52649,1,2,1,1,1598,7,5,10,0,0,1,6,1,46,5,0,0,1,1,1,1,1,1,1,1,1,1,1,1,0,1,1,1,1,1
41130018,0,58,3950,2,34721,4,2,1,1,2151,0,9,10,0,0,1,1,1,48,4,0,0,1,1,1,1,1,1,1,1,1,1,0,0,0,0,0,0,1,1
41547740,0,62,2820,4,47940,3,22,1,1,1580,1,5,521,0,0,1,3,1,44,3,0,0,0,1,1,1,1,1,1,1,1,1,0,0,0,0,0,0,1,1
41546531,0,44,1630,2,21899,1,22,7,1,998,2,5,587,0,0,1,0,1,27,1,0,0,0,1,1,1,0,1,0,1,1,1,0,0,0,0,0,0,0,0
41585012,0,93,799,12,35914,4,17,10,1,1685,0,5,214,0,0,1,1,1,35,1,0,0,0,0,1,1,1,1,1,1,0,1,0,0,0,0,0,0,1,1
41582920,0,73,1099,10,129505,4,2,13,1,1995,1,5,701,0,0,1,3,1,34,2,0,0,0,0,1,1,0,1,1,1,1,1,0,0,0,0,0,0,1,1
41584801,0,17,2400,3,93658,1,2,10,1,2497,3,5,555,0,0,1,0,1,45,1,0,0,0,1,1,1,1,1,1,1,1,1,0,0,0,0,0,0,0,0
41571828,0,44,1840,1,12947,1,22,13,1,998,2,5,320,0,0,1,0,1,36,3,0,1,0,1,1,1,1,1,1,1,1,1,0,0,0,0,0,0,0,0
41566642,0,68,3920,5,75620,4,2,1,1,2959,1,6,811,0,0,1,1,1,49,1,0,0,1,1,1,1,1,1,1,1,1,1,0,0,0,0,0,0,1,1
41566891,0,58,4750,2,23992,4,11,1,1,2151,0,7,79,0,0,1,1,1,50,5,0,0,0,1,1,1,1,1,1,1,1,1,0,0,0,0,0,0,1,1
41569825,0,47,1470,4,9176,1,17,1,1,998,2,5,158,0,0,1,2,1,28,1,0,0,0,0,1,1,0,1,0,1,0,1,0,0,0,0,0,0,1,1
41624278,0,70,3333,6,33079,1,22,1,1,1368,1,5,83,0,0,1,0,1,35,0,0,0,0,0,1,1,1,1,1,1,1,1,0,0,0,0,0,0,0,0
41626186,0,78,3050,4,84131,4,2,8,1,2151,1,5,90,0,0,1,4,1,48,4,0,0,0,1,1,1,1,1,1,1,1,1,1,1,0,1,1,1,1,1
41595087,0,78,4190,3,42259,3,2,5,1,1598,1,5,800,0,0,1,0,1,49,5,0,0,1,1,1,1,1,1,1,1,1,1,0,0,0,0,0,0,0,0
41603010,0,9,2450,5,81948,1,22,6,1,1999,7,5,970,0,0,1,1,1,45,4,0,0,0,1,1,1,1,1,1,1,1,1,0,0,0,0,0,0,1,1
41656413,0,86,999,8,155436,1,2,1,1,2359,3,5,874,0,0,1,4,1,39,1,0,0,0,1,1,1,1,1,1,1,1,1,1,1,0,1,1,1,1,1
41650030,0,64,450,13,161209,1,2,7,1,998,2,5,333,0,0,1,4,1,24,2,0,0,0,0,1,1,0,0,1,1,0,1,0,0,0,0,0,0,1,1
41638505,0,34,1430,4,124850,1,17,6,1,1598,6,5,970,0,0,1,1,1,29,2,0,0,0,0,1,1,1,1,1,1,0,1,0,0,0,0,0,0,1,1
41640031,0,44,1770,3,18794,1,22,1,1,998,2,5,158,0,0,1,0,1,34,3,0,0,0,0,1,1,1,1,1,1,1,1,0,0,0,0,0,0,0,0
41562050,0,92,1730,8,77498,4,22,4,1,2199,0,7,105,0,0,1,4,1,45,3,0,0,1,0,1,1,1,1,1,1,1,1,0,0,0,0,0,0,1,1
41556366,0,90,1420,9,120061,4,17,6,1,1995,1,5,993,0,0,1,1,1,38,2,0,0,0,0,1,1,1,1,1,1,1,1,0,0,0,0,0,0,1,1
41560471,0,51,2790,3,4993,1,17,1,1,1598,1,5,117,0,0,1,0,1,43,3,0,0,0,1,1,1,1,1,1,1,1,1,0,0,0,0,0,0,0,0
41611189,0,95,2149,4,119560,4,2,8,1,2151,0,9,78,0,0,1,1,1,34,0,0,0,0,1,1,1,0,1,0,1,1,1,0,0,0,0,0,0,1,1
41404395,0,74,2239,4,105686,4,22,8,1,1998,1,5,486,0,0,1,1,1,44,3,0,0,0,1,1,1,1,1,1,1,1,1,0,0,0,0,0,0,1,1
41412993,0,88,420,14,95432,1,18,6,1,998,2,5,237,0,0,1,3,1,19,1,0,0,0,0,1,1,0,0,1,1,0,1,0,0,0,0,0,0,1,1
41414100,0,89,520,9,19961,1,8,1,1,998,2,2,607,0,0,1,1,1,11,2,0,0,0,0,0,0,0,0,0,0,0,0,1,0,0,1,0,1,1,1
41386049,0,95,2599,3,91791,1,2,1,1,3470,0,9,718,0,0,1,0,1,45,2,0,0,0,1,1,1,1,1,1,1,1,1,0,0,0,0,0,0,0,0
41493651,0,14,2359,6,80438,1,2,1,1,2999,3,5,849,0,0,1,0,1,50,6,0,0,1,1,1,1,1,1,1,1,1,1,1,0,0,1,0,1,0,1
41492333,0,78,3530,4,57749,3,22,1,1,1598,1,7,920,0,0,1,0,1,47,5,0,0,1,1,1,1,1,1,1,1,1,1,0,0,0,0,0,0,0,0
41466736,0,5,460,11,175904,4,22,10,1,1582,6,5,578,0,0,1,0,1,30,1,0,0,0,0,1,1,1,1,1,1,0,1,0,0,0,0,0,0,0,0
41452018,0,56,4570,2,25944,3,22,10,1,1598,1,6,912,0,0,1,0,1,51,7,0,0,1,1,1,1,1,1,1,1,1,1,0,0,0,0,0,0,0,0
41363396,0,44,1290,3,34344,1,22,5,1,998,2,2,912,0,0,1,0,1,22,0,0,1,0,0,1,1,0,1,0,1,0,1,0,0,0,0,0,0,0,0
41368660,0,69,2280,5,12652,1,17,1,1,1591,1,5,521,0,0,1,0,1,44,5,0,0,1,1,1,1,1,1,1,1,1,1,0,1,0,0,1,1,0,1
41365618,0,47,1480,4,21591,1,22,1,1,998,2,5,605,0,0,1,0,1,28,2,0,0,0,0,1,1,0,1,0,1,0,1,0,0,0,0,0,0,0,0
41385711,0,78,3390,5,28477,3,19,10,1,1598,1,7,645,0,0,1,0,1,48,4,0,1,1,1,1,1,1,1,1,1,1,1,0,0,0,0,0,0,0,0
41260837,0,55,2150,7,95904,4,17,5,1,1995,1,5,800,0,0,1,1,1,48,3,0,0,0,1,1,1,1,1,1,1,1,1,0,0,0,0,0,0,1,1
41450486,0,68,3780,5,66682,4,2,10,1,2959,1,6,273,0,0,1,0,1,49,3,0,0,1,1,1,1,1,1,1,1,1,1,0,0,0,0,0,0,0,0
40978838,0,86,1350,8,126564,1,2,1,1,2999,3,5,886,0,0,1,1,1,44,0,0,0,0,1,1,1,1,1,1,1,1,1,0,0,0,0,0,0,1,1
40843443,0,9,2490,5,36032,1,17,5,1,1598,7,5,956,0,0,1,1,1,45,2,0,0,0,1,1,1,1,1,1,1,1,1,0,0,0,0,0,0,1,1
39492534,0,31,2600,5,123386,1,2,10,1,3778,3,5,924,0,0,1,2,1,49,1,0,0,0,1,1,1,1,1,1,1,1,1,1,0,0,1,0,1,1,1
40202093,0,39,900,13,76794,1,22,8,1,2359,3,5,32,0,0,1,2,1,41,3,0,0,0,0,1,1,1,1,1,1,1,1,0,0,0,0,0,0,1,1
40255106,0,8,750,10,127125,4,2,8,1,1685,7,5,250,0,0,1,4,1,32,2,0,0,0,0,1,1,1,1,1,1,0,1,0,0,0,0,0,0,1,1
40682476,0,92,1088,11,142499,4,11,6,1,2199,0,9,538,0,0,1,1,1,43,0,0,0,0,0,1,1,1,1,1,1,1,1,0,0,0,0,0,0,1,1
41546382,0,92,499,11,314441,4,22,4,1,2199,0,6,184,0,0,1,9,1,25,0,0,0,0,0,1,0,0,0,0,1,0,1,0,0,0,0,0,0,1,1
41548336,0,39,449,11,196167,1,2,1,1,2359,3,5,903,0,0,1,4,1,45,5,0,0,1,0,1,1,1,1,1,1,1,1,2,0,0,1,0,1,1,1
41548977,0,51,2880,0,359,1,22,1,1,1598,1,5,447,0,0,1,0,1,45,3,0,0,0,1,1,1,1,1,1,1,1,1,0,0,0,0,0,0,0,0
41524259,0,95,3250,5,69864,4,22,1,1,2151,0,7,470,0,0,1,3,1,49,5,0,0,1,1,1,1,1,1,1,1,1,1,1,2,0,1,1,1,1,1
41604443,0,12,2250,3,93349,3,2,7,1,1999,7,5,734,0,0,1,4,1,45,5,0,0,0,1,1,1,1,1,1,1,1,1,1,1,0,1,1,1,1,1
41596889,0,95,2450,4,143058,4,22,10,1,2151,0,7,242,0,0,0,0,1,47,3,0,0,0,1,1,1,1,1,1,1,1,1,0,1,0,0,1,1,0,1
41596101,0,68,3090,5,123305,4,2,5,1,2959,1,6,929,0,0,1,1,1,49,2,0,0,1,1,1,1,1,1,1,1,1,1,0,0,0,0,0,0,1,1
41591560,0,95,4250,3,83922,4,22,1,1,2151,0,7,806,0,0,1,0,1,50,3,0,0,0,1,1,1,1,1,1,1,1,1,0,0,0,0,0,0,0,0
41592808,0,18,3150,2,52772,3,17,1,1,1598,3,5,922,0,0,1,0,1,46,1,0,0,0,1,1,1,1,1,1,1,1,1,0,0,0,0,0,0,0,0
41658498,0,12,2200,5,86815,3,2,1,1,1999,7,5,874,0,0,1,1,1,44,4,0,0,0,1,1,1,1,1,1,1,1,1,1,1,0,1,1,1,1,1
41645262,0,33,950,9,96123,1,19,1,1,1591,6,5,890,0,0,1,2,1,28,2,0,0,0,0,1,1,1,1,1,1,0,1,0,0,0,0,0,0,1,1
41420658,0,34,1279,2,101052,1,22,1,1,1598,6,5,1,0,0,1,3,1,27,3,0,0,0,0,1,1,0,1,0,1,0,1,5,1,0,1,1,1,1,1
41409363,0,92,990,10,156111,4,22,5,1,2199,0,9,423,0,0,1,3,1,41,2,0,0,0,0,1,1,1,1,1,1,1,1,1,1,0,1,1,1,1,1
41405509,0,90,990,11,137353,4,11,7,1,2199,1,5,48,0,0,1,2,1,37,1,0,0,0,0,1,1,1,1,0,1,1,1,2,0,0,1,0,1,1,1
41402562,0,56,3540,0,2300,3,22,8,1,1598,1,5,314,0,0,1,0,0,50,7,0,0,1,1,1,1,1,1,1,1,1,1,0,0,0,0,0,0,0,0
41399500,0,16,499,12,228881,3,22,4,1,2359,3,5,631,0,0,1,7,1,45,4,0,0,1,0,1,1,1,1,1,1,1,1,3,0,0,1,0,1,1,1
41398759,0,67,870,11,181539,4,17,10,1,2959,1,7,218,0,0,1,4,1,44,1,0,0,1,0,1,1,1,1,1,1,1,1,0,0,0,0,0,0,1,1
41398427,0,67,650,17,139348,1,2,1,1,3778,1,7,379,0,0,1,6,1,22,0,0,0,0,0,1,1,0,1,1,1,0,1,0,0,0,0,0,0,1,1
41391847,0,92,1450,8,180563,1,2,1,1,3342,0,7,927,0,0,1,0,1,45,3,0,0,1,0,1,1,1,1,1,1,1,1,0,0,0,0,0,0,0,0
41383128,0,27,290,19,164442,0,11,9,1,1998,0,7,349,0,0,1,2,1,17,0,0,0,0,1,0,1,0,0,1,1,0,1,0,0,0,0,0,0,1,1
41370871,0,48,399,10,109402,1,19,13,1,998,2,2,422,0,0,1,3,1,12,0,0,1,0,0,0,0,0,0,0,0,0,0,0,0,0,0,0,0,1,1
41377065,0,77,1790,4,73958,4,14,1,1,1598,1,5,717,0,0,1,1,1,38,0,0,0,0,0,1,1,1,1,0,1,1,1,3,0,0,1,0,1,1,1
41450310,0,95,3849,5,85000,4,2,6,1,2151,0,9,417,0,0,1,0,1,49,2,0,0,0,1,1,1,1,1,1,1,1,1,0,0,0,0,0,0,0,0
41456395,0,69,2520,3,19086,1,22,6,1,1591,1,5,424,0,0,1,0,1,37,0,1,0,0,1,1,1,0,1,1,1,1,1,0,0,0,0,0,0,0,0
41438980,0,49,1380,2,32852,1,22,4,1,998,2,5,689,0,0,1,4,1,30,3,0,0,0,1,1,1,1,1,1,1,1,1,1,0,0,1,0,1,1,1
41479732,0,90,1499,10,126662,4,2,10,1,2199,1,7,367,0,0,1,3,1,49,5,0,0,1,0,1,1,1,1,1,1,1,1,2,0,0,1,0,1,1,1
41479162,0,56,4590,2,21754,3,22,1,1,1598,1,6,900,0,0,1,0,1,51,8,0,0,1,1,1,1,1,1,1,1,1,1,0,0,0,0,0,0,0,0
41545644,0,50,1830,8,118823,4,22,5,1,2959,1,7,494,0,0,1,2,1,46,5,0,0,1,0,1,1,1,1,1,1,1,1,0,0,0,0,0,0,1,1
41530607,0,92,699,11,176681,4,22,4,1,2199,0,9,59,0,0,1,6,1,35,2,0,0,0,0,1,1,1,1,1,1,1,1,3,1,0,1,1,1,1,1
41461289,0,46,1599,6,118529,3,19,5,1,1580,1,5,388,0,0,1,0,1,37,4,0,0,0,0,1,1,1,1,1,1,1,1,1,0,0,1,0,1,0,1
41455198,0,78,2580,4,118015,4,22,5,1,2151,1,5,719,0,0,1,1,1,44,5,0,0,1,1,1,1,1,1,1,1,1,1,0,0,0,0,0,0,1,1
41448821,0,7,630,15,131338,0,17,5,1,1998,7,5,389,0,0,1,3,1,28,0,0,0,1,0,1,1,0,1,1,1,0,1,2,0,0,1,0,1,1,1
41543217,0,58,4690,1,30054,4,2,1,1,2151,0,7,10,0,0,1,1,1,52,7,0,0,1,1,1,1,1,1,1,1,1,1,0,0,0,0,0,0,1,1
41517241,0,95,2960,5,66733,4,22,1,1,2151,0,9,271,0,0,1,2,1,47,5,0,0,1,1,1,1,1,1,1,1,1,1,0,0,0,0,0,0,1,1
40691820,0,94,360,14,61443,1,8,7,1,1591,4,5,986,0,0,1,8,1,31,2,0,0,0,0,1,1,1,1,1,1,0,1,7,1,0,1,1,1,1,1
40697005,0,5,399,13,158568,1,22,7,1,1591,6,5,986,0,0,1,0,1,27,2,0,0,0,0,1,0,1,1,0,1,0,1,1,1,0,1,1,1,0,1
40704568,0,39,820,13,84932,1,22,6,1,2999,3,5,983,0,0,1,2,1,42,1,0,0,1,0,1,1,1,1,1,1,1,1,1,0,0,1,0,1,1,1
40731172,0,14,1879,6,77092,1,6,4,1,2497,3,5,985,0,0,1,5,1,44,2,0,0,1,1,1,1,1,1,1,1,1,1,3,0,0,1,0,1,1,1
41193337,0,9,2550,4,85139,1,17,1,1,1598,7,5,112,0,0,1,0,1,47,6,0,0,1,1,1,1,1,1,1,1,1,1,0,0,0,0,0,0,0,0
41051826,0,58,4590,2,43059,3,6,6,1,1598,0,7,368,0,0,1,0,1,50,6,0,0,1,1,1,1,1,1,1,1,1,1,0,0,0,0,0,0,0,0
40999328,0,33,530,9,131234,4,22,1,1,1582,6,5,742,0,0,1,3,1,22,2,0,0,0,0,1,0,0,0,0,1,0,1,2,0,0,1,0,1,1,1
41345821,0,95,3430,4,59743,4,22,1,1,2151,0,7,470,0,0,1,2,1,48,2,0,0,0,1,1,1,1,1,1,1,1,1,1,1,0,1,1,1,1,1
41348600,0,56,4480,1,47000,1,2,6,1,2497,1,6,314,0,0,0,0,0,51,6,1,0,0,0,0,0,0,0,0,0,0,0,0,0,0,0,0,0,0,0
41334894,0,61,400,14,116960,1,22,5,1,2359,3,5,1005,0,0,1,11,1,39,1,0,0,0,1,1,1,1,1,1,1,1,1,8,0,0,1,0,1,1,1
41260010,0,39,550,13,172997,1,2,7,1,2359,3,5,73,0,0,1,10,1,41,2,0,0,0,0,1,1,1,1,1,1,1,1,0,0,0,0,0,0,1,1
41258907,0,23,660,13,155856,4,17,1,1,1995,1,5,272,0,0,1,4,1,32,0,0,0,0,0,1,0,1,1,0,1,1,1,0,0,0,0,0,0,1,1
40706800,0,47,1249,4,74360,1,22,13,1,998,2,5,383,0,0,1,0,1,31,3,0,0,0,0,1,1,1,1,1,1,0,1,1,0,0,1,0,1,0,1
41168513,0,34,2259,4,39500,1,2,13,1,1591,6,5,752,0,0,1,1,1,40,1,0,0,0,1,1,1,1,1,1,1,1,1,0,0,0,0,0,0,1,1
41166447,0,78,2300,5,70478,4,2,10,1,2151,1,6,660,0,0,1,1,1,32,2,0,0,0,1,1,1,1,1,1,1,0,1,0,1,0,0,1,1,1,1
41097717,0,68,3840,3,90494,4,2,1,1,2959,1,6,741,0,0,1,2,1,48,3,0,0,1,1,1,1,1,1,1,1,1,1,0,3,0,0,1,1,1,1
41348584,0,95,3050,3,18334,1,2,1,1,3470,0,9,922,0,0,1,0,1,40,5,0,0,0,1,1,1,1,1,1,1,1,1,0,0,0,0,0,0,0,0
41250538,0,95,3800,4,107687,4,22,5,1,2151,0,9,684,0,0,1,0,1,50,3,0,0,0,1,1,1,1,1,1,1,1,1,0,2,0,0,1,1,0,1
41400266,0,56,3245,0,580,3,22,1,1,1598,1,5,314,0,0,1,0,0,46,3,5,0,0,1,1,1,1,1,1,1,1,1,0,0,0,0,0,0,0,0
41227319,0,39,490,12,149367,1,2,1,1,2359,3,5,670,0,0,1,6,1,37,1,0,0,0,0,1,1,1,1,1,1,1,1,2,1,0,1,1,1,1,1
41210576,0,68,4580,4,49525,4,2,1,1,2959,1,6,112,0,0,1,1,1,49,3,0,0,1,1,1,1,1,1,1,1,1,1,0,0,0,0,0,0,1,1
41427090,0,9,1530,6,113059,1,22,1,1,1999,7,5,470,0,0,1,1,1,29,0,0,0,0,1,1,1,0,0,1,1,0,1,1,0,0,1,0,1,1,1
38376217,0,19,1090,13,140185,1,14,1,1,3778,3,5,31,0,0,1,2,1,55,0,0,0,0,1,1,1,1,1,1,1,1,1,0,0,0,0,0,0,1,1
41444281,0,96,450,14,171960,4,22,1,1,2199,0,9,885,0,0,1,5,1,29,1,0,0,0,0,1,1,1,0,1,1,0,1,1,0,0,1,0,1,1,1
41429518,0,9,1690,6,128115,1,19,1,1,1598,7,5,578,0,0,1,1,1,43,5,0,0,1,1,1,1,1,1,1,1,1,1,1,0,0,1,0,1,1,1
41429542,0,57,1890,7,183336,4,2,5,1,2199,0,9,991,0,0,1,3,1,47,1,0,0,0,1,1,1,1,1,1,1,1,1,1,1,0,1,1,1,1,1
41510558,0,46,2220,5,204351,3,21,1,1,1580,1,5,158,0,0,1,3,1,34,3,0,0,0,0,1,1,1,1,1,1,0,1,1,0,0,1,0,1,1,1
41506658,0,31,1390,6,203997,1,2,1,1,3778,3,5,470,0,0,1,12,1,49,0,0,0,0,1,1,1,1,1,1,1,1,1,6,0,0,1,0,1,1,1
41511040,0,78,2649,5,138058,3,17,1,1,1598,1,5,521,0,0,1,0,1,47,3,0,0,0,1,1,1,1,1,1,1,1,1,0,0,0,0,0,0,0,0
41503040,0,64,960,10,47631,1,22,1,1,998,2,5,935,0,0,1,0,1,27,1,0,0,0,0,1,1,0,1,1,1,0,1,0,0,0,0,0,0,0,0
41500930,0,50,1250,9,145029,4,17,1,1,2959,1,7,874,0,0,1,6,1,44,4,0,0,1,0,1,0,1,1,1,1,1,1,4,0,0,1,0,1,1,1
41491313,0,74,2090,4,91757,1,22,1,1,1598,1,5,470,0,0,1,2,1,39,5,0,0,1,1,1,1,1,1,1,1,1,1,5,2,0,1,1,1,1,1
41499590,0,98,370,15,83459,1,22,6,1,1591,6,5,237,0,0,1,3,1,20,1,0,0,0,0,1,0,0,0,0,1,0,1,1,0,0,1,0,1,1,1
41493125,0,7,490,15,75755,1,8,3,1,1998,7,5,622,0,0,1,4,1,28,1,0,0,0,0,1,1,1,0,1,1,0,1,4,0,0,1,0,1,1,1
41604958,0,67,860,11,195356,4,17,4,1,2959,1,7,917,0,0,1,4,1,42,1,0,0,1,0,1,1,1,1,1,1,1,1,0,1,0,0,1,1,1,1
41507838,0,50,1030,9,231487,4,11,4,1,2959,1,7,917,0,0,1,5,1,45,3,0,0,0,0,1,1,1,1,1,1,1,1,0,2,0,0,1,1,1,1
41507868,0,77,1890,6,47625,4,22,4,1,1995,1,5,917,0,0,1,0,1,40,3,0,0,0,0,1,1,1,1,1,1,1,1,0,0,0,0,0,0,0,0
41639418,0,63,1700,3,179048,5,22,1,1,0,1,5,536,0,0,1,1,1,35,0,0,0,0,0,1,1,1,1,1,1,1,1,0,0,0,0,0,0,1,1
41619353,0,9,2580,3,17212,1,22,1,1,1598,7,5,179,0,0,1,0,1,40,3,0,0,0,1,1,1,1,1,1,1,1,1,0,0,0,0,0,0,0,0
41614358,0,74,2990,4,22796,1,17,1,1,1598,1,5,179,0,0,1,0,1,46,2,0,0,0,1,1,1,1,1,1,1,1,1,0,0,0,0,0,0,0,0
41468918,0,75,3880,2,11394,3,22,1,1,1598,1,5,179,0,0,1,0,1,47,5,0,0,1,1,1,1,1,1,1,1,1,1,0,0,0,0,0,0,0,0
41594825,0,51,3090,3,28829,1,2,1,1,1598,1,5,179,0,0,1,1,1,48,8,0,0,1,1,1,1,1,1,1,1,1,1,0,0,0,0,0,0,1,1
41627785,0,95,3079,3,45592,1,22,1,1,3470,0,9,667,0,0,1,2,1,48,3,0,0,1,1,1,1,1,1,1,1,1,1,0,0,0,0,0,0,1,1
41627799,0,17,2290,4,119317,1,2,1,1,2497,3,5,667,0,0,1,0,1,46,3,0,0,1,1,1,1,1,1,1,1,1,1,0,0,0,0,0,0,0,0
40922474,0,68,3150,5,100816,4,1,1,1,2959,1,5,667,0,0,1,0,1,48,4,0,0,1,1,1,1,1,1,1,1,1,1,0,0,0,0,0,0,0,0
41637676,0,16,680,12,185686,3,22,1,1,2359,3,5,260,0,0,1,8,1,43,2,0,0,1,0,1,1,1,1,1,1,1,1,2,0,0,1,0,1,1,1
41560053,0,88,569,11,95992,1,22,5,1,998,2,5,525,0,0,1,0,1,23,0,0,0,0,0,1,1,0,1,1,1,0,1,0,0,0,0,0,0,0,0
41082311,0,95,2189,4,197292,4,19,1,1,2151,0,9,197,0,0,1,0,1,49,5,0,0,0,1,1,1,1,1,1,1,1,1,0,0,0,0,0,0,0,0
41082322,0,78,2519,3,187470,3,22,1,1,1598,1,5,197,0,0,1,4,1,47,4,0,0,0,1,1,1,1,1,1,1,1,1,0,1,0,0,1,1,1,1
40823770,0,9,1489,5,79214,1,22,1,1,1999,7,5,197,0,0,1,3,1,32,3,0,0,0,1,1,1,0,1,1,1,0,1,3,2,0,1,1,1,1,1
40862190,0,9,1579,5,110721,1,22,1,1,1999,7,5,197,0,0,1,2,1,32,3,0,0,0,1,1,1,0,1,1,1,0,1,0,3,0,0,1,1,1,1
40862203,0,9,1689,4,60005,1,22,1,1,1999,7,5,197,0,0,1,2,1,34,4,0,0,0,1,1,1,1,1,1,1,0,1,1,5,0,1,1,1,1,1
40951442,0,74,1919,4,98402,1,22,1,1,1598,1,5,197,0,0,1,2,1,34,4,0,0,0,1,1,1,1,1,1,1,0,1,0,2,0,0,1,1,1,1
40973144,0,69,1519,3,109937,1,22,1,1,1591,1,5,197,0,0,1,1,1,33,4,0,0,0,1,1,1,1,1,1,1,0,1,0,3,0,0,1,1,1,1
40973246,0,9,1549,4,95847,1,22,1,1,1999,7,5,197,0,0,1,2,1,34,4,0,0,0,1,1,1,1,1,1,1,0,1,3,3,0,1,1,1,1,1
40972780,0,74,1839,4,111840,1,22,1,1,1598,1,5,197,0,0,1,5,1,34,4,0,0,0,1,1,1,1,1,1,1,0,1,0,4,0,0,1,1,1,1
40973031,0,74,1879,4,126661,1,22,1,1,1598,1,5,197,0,0,1,4,1,34,4,0,0,0,1,1,1,1,1,1,1,0,1,0,2,0,0,1,1,1,1
40586061,0,75,2889,3,88850,3,17,1,1,1598,1,5,197,0,0,1,2,1,47,2,0,0,1,1,1,1,1,1,1,1,1,1,0,3,0,0,1,1,1,1
40891312,0,9,1589,4,96300,1,22,1,1,1999,7,5,197,0,0,1,6,1,34,4,0,0,0,1,1,1,1,1,1,1,0,1,3,0,0,1,0,1,1,1
40963305,0,69,1589,3,99408,1,22,1,1,1591,1,5,197,0,0,1,1,1,32,4,0,0,0,1,1,1,1,1,1,1,0,1,0,1,0,0,1,1,1,1
40964542,0,9,1549,4,116473,1,22,1,1,1999,7,5,197,0,0,1,6,1,34,4,0,0,0,1,1,1,1,1,1,1,0,1,4,2,0,1,1,1,1,1
40947691,0,34,1189,4,140064,1,22,1,1,1598,6,5,197,0,0,1,5,1,32,4,0,0,0,0,1,1,1,1,1,1,0,1,0,4,0,0,1,1,1,1
41263814,0,78,2249,3,186724,4,22,1,1,2151,1,5,197,0,0,1,1,1,43,3,0,0,0,1,1,1,1,1,1,1,1,1,0,0,0,0,0,0,1,1
41292608,0,31,1419,7,226106,1,2,1,1,3778,3,5,197,0,0,1,1,1,50,2,0,0,1,1,1,1,1,1,1,1,1,1,0,0,0,0,0,0,1,1
41129886,0,34,1290,4,245097,1,22,1,1,1598,6,5,197,0,0,1,0,1,35,2,0,0,0,0,1,1,1,1,1,1,1,1,0,0,0,0,0,0,0,0
41606839,0,85,2010,5,31488,1,19,9,1,1591,6,5,627,0,0,1,0,1,40,4,0,0,0,1,1,1,1,1,1,1,1,1,0,0,0,0,0,0,0,0
41621036,0,33,630,9,117690,1,22,9,1,1591,6,5,627,0,0,1,3,1,26,2,0,0,0,0,1,1,0,0,1,1,0,1,0,0,0,0,0,0,1,1
41450226,0,67,950,12,163395,4,2,9,1,2959,1,7,627,0,0,1,0,1,44,0,0,0,1,0,1,1,1,1,1,1,1,1,0,0,0,0,0,0,0,0
41474959,0,92,920,8,188472,4,22,12,1,2199,0,9,319,0,0,1,17,1,39,2,0,0,0,0,1,1,1,1,1,1,1,1,4,0,0,1,0,1,1,1
41321861,0,88,320,13,161829,1,17,12,1,998,2,5,319,0,0,1,5,1,20,1,0,0,0,0,1,0,0,1,0,1,0,1,2,0,0,1,0,1,1,1
41299255,0,31,1780,7,158097,1,2,12,1,3778,3,5,319,0,0,1,4,1,44,1,0,0,0,1,1,1,1,1,1,1,1,1,2,0,0,1,0,1,1,1
41569687,0,88,520,14,67230,1,11,6,1,998,2,5,914,0,0,1,0,1,29,3,0,0,0,1,1,1,0,1,1,1,0,1,0,0,0,0,0,0,0,0
41494365,0,55,1890,8,122547,4,19,6,1,2199,1,7,914,0,0,1,2,1,47,6,0,0,1,1,1,1,1,1,1,1,1,1,1,0,0,1,0,1,1,1
41505708,0,95,2830,5,100078,4,2,6,1,2151,0,9,914,0,0,1,0,1,52,6,0,0,0,1,1,1,1,1,1,1,1,1,0,0,0,0,0,0,0,0
40834728,0,88,355,14,131661,0,22,13,1,998,2,5,20,0,0,0,0,0,14,0,0,0,0,0,1,0,0,0,0,1,0,1,0,0,0,0,0,0,0,0
41447825,0,9,2590,4,19217,1,17,10,1,1598,7,5,769,0,0,1,0,1,41,3,0,1,0,1,1,1,1,1,1,1,1,1,0,0,0,0,0,0,0,0
41432437,0,35,750,12,159500,0,22,13,1,1999,7,5,727,0,0,1,3,1,35,0,2,0,1,0,1,1,1,1,1,1,1,1,0,0,0,0,0,0,1,1
41429559,0,40,3880,1,7872,1,2,7,1,2497,3,5,223,0,0,1,0,1,48,0,0,2,0,1,1,1,1,1,1,1,1,1,0,0,0,0,0,0,0,0
41421260,0,90,1450,10,116741,4,22,1,1,2199,1,5,151,0,0,1,10,1,43,3,0,0,0,0,1,1,1,1,1,1,1,1,2,0,0,1,0,1,1,1
41420885,0,68,3050,6,87023,4,2,10,1,2959,1,7,755,0,0,1,2,1,48,2,0,0,1,1,1,1,1,1,1,1,1,1,2,0,0,1,0,1,1,1
41397234,0,85,830,7,157686,1,19,10,1,1598,6,5,367,0,0,1,0,1,27,4,0,0,0,0,1,1,0,1,0,1,0,1,0,0,0,0,0,0,0,0
41406408,0,95,3120,3,62460,4,2,1,1,2151,0,9,119,0,0,1,3,1,47,7,0,0,1,1,1,1,1,1,1,1,1,1,3,1,0,1,1,1,1,1
41393182,0,19,750,12,226295,2,2,5,1,3342,3,5,382,0,0,1,9,1,49,2,0,0,0,1,1,1,1,1,1,1,1,1,4,0,0,1,0,1,1,1
41253758,0,86,1390,8,117855,4,2,8,1,2199,3,5,50,0,0,1,2,1,48,2,0,0,0,1,1,1,1,1,1,1,1,1,0,0,0,0,0,0,1,1
41258059,0,53,3730,1,8980,3,22,1,1,1598,1,5,922,0,0,1,1,1,43,0,0,1,0,1,1,1,1,1,1,1,1,1,2,0,0,1,0,1,1,1
41223748,0,88,390,14,123048,1,11,3,1,998,2,5,592,0,0,1,7,1,13,1,0,0,0,0,1,0,0,0,0,1,0,1,8,2,0,1,1,1,1,1
41130996,0,95,2220,3,100107,4,2,1,1,2151,0,9,10,0,0,1,0,1,39,2,0,0,0,1,1,1,1,1,1,1,1,1,0,0,0,0,0,0,0,0
41120771,0,69,1399,5,89358,4,19,1,1,1598,1,5,10,0,0,1,2,1,30,3,0,0,0,0,1,1,1,1,1,1,0,1,3,0,0,1,0,1,1,1
41073516,0,5,489,13,166967,1,2,1,1,1591,6,5,774,0,0,1,7,1,40,5,0,0,1,0,1,1,1,1,1,1,1,1,2,0,0,1,0,1,1,1
41074982,0,95,2199,5,143802,4,2,5,1,2151,0,9,957,0,0,1,1,1,39,5,0,0,0,1,1,1,1,1,1,1,1,1,0,0,0,0,0,0,1,1
41502691,0,68,3690,6,53680,4,22,1,1,2959,1,6,22,0,0,1,2,1,49,3,0,0,1,1,1,1,1,1,1,1,1,1,1,0,0,1,0,1,1,1
41507220,0,78,2849,5,92509,1,17,1,1,2497,1,5,521,0,0,1,0,1,47,2,0,0,0,1,1,1,1,1,1,1,1,1,0,0,0,0,0,0,0,0
41497580,0,54,550,12,138702,4,11,4,1,1995,1,5,59,0,0,1,5,1,32,2,0,0,0,0,1,1,1,1,1,1,0,1,4,0,0,1,0,1,1,1
41492047,0,88,390,14,108256,1,18,6,1,998,2,5,237,0,0,1,5,1,22,2,0,0,0,0,1,1,0,0,1,1,0,1,1,0,0,1,0,1,1,1
41490519,0,19,650,13,150988,1,2,10,1,3778,3,5,639,0,0,1,7,1,47,1,0,0,0,0,1,1,1,1,1,1,1,1,0,1,0,0,1,1,1,1
41476476,0,73,1020,8,108215,4,2,1,1,1685,1,5,822,0,0,1,1,1,26,2,0,0,0,0,1,1,0,1,1,1,0,1,0,0,0,0,0,0,1,1
41471971,0,80,390,17,110471,4,14,1,0,1582,6,5,478,0,0,1,2,1,14,0,0,0,0,0,1,1,0,0,1,0,0,1,3,2,0,1,1,1,1,1
41469587,0,95,2750,5,115378,4,6,6,1,2151,0,7,282,0,0,1,4,1,48,5,0,0,0,1,1,1,1,1,1,1,1,1,0,1,0,0,1,1,1,1
41462614,0,86,1199,7,153462,1,2,5,1,2359,3,5,628,0,0,1,4,1,47,1,0,0,0,1,1,1,1,1,1,1,1,1,1,0,0,1,0,1,1,1
41460128,0,47,1150,4,33862,1,22,1,1,998,2,2,521,0,0,1,0,1,18,0,0,0,0,0,1,0,0,0,0,1,0,1,0,0,0,0,0,0,0,0
41554648,0,9,1830,6,119965,1,22,10,1,1598,7,5,702,0,0,1,9,1,47,6,0,1,1,1,1,1,1,1,1,1,1,1,4,0,0,1,0,1,1,1
41554279,0,77,1195,7,127465,4,2,10,1,1598,1,5,474,0,0,1,1,1,34,2,0,0,0,0,1,1,1,1,1,1,1,1,0,0,0,0,0,0,1,1
41553784,0,55,2130,6,85907,4,22,7,1,1995,1,5,615,0,0,1,0,1,45,2,0,0,0,1,1,1,1,1,1,1,1,1,0,0,0,0,0,0,0,0
41537714,0,77,1630,7,75920,4,2,1,1,1598,1,5,848,0,0,1,4,1,35,1,0,0,0,0,1,1,1,1,1,1,1,1,1,0,0,1,0,1,1,1
41513002,0,93,330,11,330160,0,22,1,1,1999,0,7,903,0,0,1,3,1,20,1,0,0,0,0,1,0,0,0,0,1,0,1,0,0,0,0,0,0,1,1
41242399,0,48,550,10,98978,1,17,6,1,998,2,5,237,0,0,1,7,1,23,2,0,0,0,0,1,1,0,0,1,1,0,1,1,0,0,1,0,1,1,1
41253930,0,95,3190,3,65622,4,2,6,1,2151,0,9,8,0,0,1,0,1,43,0,0,0,0,1,1,1,1,1,0,1,1,1,0,0,0,0,0,0,0,0
41226585,0,74,2530,3,37514,4,22,8,1,1998,1,5,915,0,0,1,0,1,38,2,0,0,0,1,1,1,1,1,1,1,1,1,1,0,0,1,0,1,0,1
41221252,0,74,2490,4,110621,4,22,1,1,1998,1,5,9,0,0,1,6,1,46,2,0,0,0,1,1,1,1,1,1,1,1,1,1,0,0,1,0,1,1,1
41178546,0,8,960,10,162737,1,22,1,1,1999,7,5,112,0,0,1,6,0,38,6,0,0,1,0,1,1,1,1,1,1,1,1,0,0,0,0,0,0,1,1
41179481,0,90,1389,11,118766,4,22,5,1,1995,1,5,487,0,0,1,2,1,45,4,0,0,1,0,1,1,1,1,1,1,1,1,0,0,0,0,0,0,1,1
41215036,0,95,3290,4,102830,1,2,1,1,3470,0,9,838,0,0,1,1,1,50,2,0,0,0,1,1,1,1,1,1,1,1,1,0,0,0,0,0,0,1,1
41120996,0,69,1250,5,116030,4,2,1,1,1598,1,5,10,0,0,1,1,1,25,1,0,0,0,0,1,0,0,1,0,1,0,1,0,0,0,0,0,0,1,1
41054497,0,68,3490,5,51998,4,22,5,1,2959,1,5,840,0,0,1,0,1,47,2,0,0,0,1,1,1,1,1,1,1,1,1,0,0,0,0,0,0,0,0
41033098,0,14,1830,6,154192,1,2,1,1,2999,3,5,1,0,0,1,6,1,49,5,0,0,1,1,1,1,1,1,1,1,1,1,3,3,0,1,1,1,1,1
41447189,0,5,770,11,48129,1,2,8,1,1591,6,5,144,0,0,1,2,1,28,0,0,0,0,0,1,1,1,0,1,1,0,1,0,2,0,0,1,1,1,1
41451899,0,69,1850,4,90514,1,22,5,1,1591,1,5,715,0,0,1,3,1,41,2,0,0,0,1,1,1,1,1,1,1,1,1,2,0,0,1,0,1,1,1
41437889,0,78,3290,3,65716,3,17,1,1,1598,1,7,932,0,0,1,0,1,43,2,0,0,0,1,1,1,1,1,1,1,1,1,0,0,0,0,0,0,0,0
41430223,0,46,1339,4,189446,3,17,1,1,1580,1,5,517,0,0,1,1,1,34,3,0,0,0,0,1,1,1,1,1,1,0,1,0,0,0,0,0,0,1,1
41426530,0,78,2920,4,51092,3,2,10,1,1598,1,5,101,0,0,1,0,1,42,2,0,1,1,1,0,1,1,1,1,1,1,1,0,0,0,0,0,0,0,0
41426338,0,68,2820,5,140087,4,2,1,1,2959,1,6,616,0,0,1,0,1,49,2,0,0,1,1,1,1,1,1,1,1,1,1,0,0,0,0,0,0,0,0
41416173,0,16,670,12,181747,3,22,10,1,2359,3,5,578,0,0,1,4,1,39,1,0,1,1,0,1,1,1,1,1,1,1,1,0,1,0,0,1,1,1,1
41408341,0,96,370,12,153174,4,22,2,1,2199,0,11,513,0,0,1,6,1,27,2,0,0,0,0,1,0,1,0,0,1,0,1,7,0,0,1,0,1,1,1
41389870,0,95,2250,3,165420,4,2,1,1,2151,0,9,835,0,0,1,2,1,38,2,0,0,0,1,1,1,1,1,1,1,1,1,2,0,0,1,0,1,1,1
41560794,0,95,2500,5,121925,4,22,7,1,2151,0,9,977,0,0,1,0,1,46,6,0,0,0,1,1,1,1,1,1,1,1,1,0,0,0,0,0,0,0,0
41549991,0,24,179,17,101400,1,2,1,1,999,2,5,518,0,0,1,0,1,10,0,0,0,0,0,1,0,0,0,0,0,0,1,0,0,0,0,0,0,0,0
41547221,0,88,420,14,82760,1,22,1,1,998,2,5,835,0,0,1,2,1,17,1,0,0,0,0,1,1,0,0,1,1,0,1,2,1,0,1,1,1,1,1
41530763,0,86,900,8,160331,1,2,1,1,2999,3,5,883,0,0,1,5,1,48,2,0,0,1,1,1,1,1,1,1,1,1,1,6,5,0,1,1,1,1,1
41486927,0,37,2970,2,15547,1,22,6,1,1598,7,5,778,0,0,1,5,1,47,5,0,0,0,1,1,1,1,1,1,1,1,1,3,0,0,1,0,1,1,1
41482939,0,35,589,12,124763,0,22,5,1,1999,7,5,965,0,0,1,0,1,21,0,0,0,0,0,1,1,0,1,1,1,0,1,0,0,0,0,0,0,0,0
41471091,0,43,3999,4,70221,1,17,5,1,3778,3,5,389,0,0,1,0,1,50,3,0,0,1,1,1,1,1,1,1,1,1,1,0,0,0,0,0,0,0,0
41476417,0,70,870,8,143769,4,22,10,1,1582,1,5,291,0,0,1,2,0,28,0,0,0,0,0,1,1,0,1,1,1,0,1,0,0,0,0,0,0,1,1
41475970,0,75,2950,3,53753,3,5,1,1,1598,1,5,521,0,0,1,2,1,46,2,0,0,0,1,1,1,1,1,1,1,1,1,0,0,0,0,0,0,1,1
41467429,0,92,750,10,195362,4,22,1,1,2199,0,9,572,0,0,1,2,1,35,1,0,0,0,0,1,1,0,1,1,1,1,1,0,5,0,0,1,1,1,1
41460440,0,44,1270,2,6935,1,22,6,1,998,2,2,993,0,0,1,0,1,15,0,0,0,0,0,1,0,0,0,0,0,0,1,0,0,0,0,0,0,0,0
41460271,0,52,4299,1,4145,1,22,8,1,1598,1,5,39,0,0,1,0,1,47,0,0,1,1,1,1,1,1,1,1,1,1,1,0,0,0,0,0,0,0,0
41353503,0,92,1270,9,151846,4,22,10,1,2199,0,9,125,0,0,0,0,0,43,2,0,0,0,0,0,0,0,0,0,0,0,0,0,0,0,0,0,0,0,0
41298253,0,17,2520,4,94151,1,22,1,1,2497,3,5,9,0,0,1,2,1,51,7,0,0,1,1,1,1,1,1,1,1,1,1,0,0,0,0,0,0,1,1
41266448,0,95,3730,5,117351,1,2,5,1,3470,0,9,455,0,0,1,2,1,49,0,0,0,0,1,1,1,1,1,1,1,1,1,0,0,0,0,0,0,1,1
38161230,0,5,680,12,95389,1,22,0,1,1591,6,5,465,0,0,1,5,1,24,1,0,0,0,0,1,0,1,0,0,1,0,1,2,0,0,1,0,1,1,1
40933357,0,39,550,13,168308,1,2,1,1,2359,3,5,619,0,0,1,0,1,35,0,0,0,0,0,1,1,1,1,1,1,0,1,0,0,0,0,0,0,0,0
39081132,0,70,1350,6,44073,1,2,10,1,1368,1,5,924,0,0,1,2,1,34,2,0,0,0,0,1,1,1,1,1,1,1,1,3,1,0,1,1,1,1,1
40011149,0,7,459,15,85034,1,22,5,1,1998,7,5,797,0,0,1,7,1,24,1,0,0,0,1,1,1,0,0,1,1,0,1,2,0,0,1,0,1,1,1
40254280,0,5,490,13,66623,1,17,7,1,1591,6,5,168,0,0,1,8,1,33,4,0,0,1,0,1,1,1,1,1,1,0,1,0,0,0,0,0,0,1,1
39157370,0,29,1290,7,261500,5,22,8,1,180,1,5,314,0,0,1,0,0,31,0,0,0,0,0,1,1,1,1,0,1,1,1,0,0,0,0,0,0,0,0
40325737,0,18,2590,4,33663,3,2,6,1,1598,3,5,925,0,0,1,0,1,43,0,0,0,0,1,1,1,1,1,1,1,1,1,2,2,0,1,1,1,0,1
40402308,0,28,1285,8,159312,3,19,5,1,1580,1,5,483,0,0,1,2,1,33,2,0,0,1,0,1,1,1,1,1,1,1,1,0,0,0,0,0,0,1,1
40802342,0,17,2790,3,46562,1,17,10,1,2497,3,5,281,0,0,1,0,1,45,1,0,0,0,1,1,1,1,1,1,1,1,1,2,0,0,1,0,1,0,1
41367905,0,58,3180,2,118717,3,22,8,1,1598,0,9,452,0,0,1,0,1,45,3,0,0,0,1,1,1,1,1,1,1,1,1,0,0,0,0,0,0,0,0
41386040,0,74,2580,3,37308,4,17,10,1,1998,1,5,682,0,0,1,3,1,44,2,0,0,1,1,1,1,1,1,1,1,1,1,2,1,0,1,1,1,1,1
41350757,0,68,3150,5,47802,4,2,13,1,2959,1,6,649,0,0,0,0,0,47,1,0,0,0,0,0,0,0,0,0,0,0,0,0,0,0,0,0,0,0,0
41350289,0,78,1810,5,188460,4,2,8,1,2151,1,5,250,0,0,0,0,0,32,1,0,0,0,0,0,0,0,0,0,0,0,0,0,0,0,0,0,0,0,0
41348630,0,85,999,7,144699,1,22,5,1,1598,6,5,609,0,0,0,0,0,37,4,0,0,0,0,0,0,0,0,0,0,0,0,0,0,0,0,0,0,0,0
41270450,0,68,3650,6,76585,4,2,8,1,2959,1,7,301,0,0,1,0,1,48,1,0,0,1,1,1,1,1,1,1,1,1,1,0,0,0,0,0,0,0,0
41270078,0,74,2049,4,111824,1,22,1,1,1598,1,5,521,0,0,1,3,1,34,4,0,0,0,1,1,1,1,1,1,1,0,1,2,2,0,1,1,1,1,1
41586716,0,95,3450,5,134143,4,2,1,1,2151,0,9,717,0,0,1,1,1,49,2,0,0,0,1,1,1,1,1,1,1,1,1,0,0,0,0,0,0,1,1
41584710,0,44,1930,1,6768,1,22,3,1,998,2,5,936,0,0,1,0,1,35,3,0,0,0,0,1,1,1,1,1,1,1,1,0,0,0,0,0,0,0,0
41574008,0,88,380,14,115928,1,22,6,1,998,2,5,237,0,0,1,6,1,19,1,0,0,0,0,1,1,0,0,1,1,0,1,2,0,0,1,0,1,1,1
41625865,0,58,5290,2,24155,1,2,1,1,3470,0,9,454,0,0,1,0,1,51,2,0,0,0,1,1,1,1,1,1,1,1,1,0,0,0,0,0,0,0,0
41605722,0,64,600,14,88814,1,18,8,1,998,2,5,392,0,0,1,4,1,21,0,0,0,0,0,1,0,0,0,0,1,0,1,0,0,0,0,0,0,1,1
41658268,0,89,590,9,63363,1,22,5,1,998,2,5,597,0,0,1,4,1,18,2,0,0,0,0,1,1,0,0,1,0,0,0,2,0,0,1,0,1,1,1
41627936,0,95,2500,5,96779,4,22,1,1,2151,0,9,678,0,0,1,3,1,49,7,0,0,1,1,1,1,1,1,1,1,1,1,2,2,0,1,1,1,1,1
41622151,0,9,1850,6,50490,1,17,11,1,1999,7,5,304,0,0,1,4,1,40,3,0,0,0,1,1,1,1,1,1,1,1,1,4,0,0,1,0,1,1,1
41619134,0,58,3590,0,2300,1,11,8,1,3470,0,9,314,0,0,1,0,0,49,4,0,0,0,1,1,1,1,1,1,1,1,1,0,0,0,0,0,0,0,0
41610663,0,85,1130,7,85898,1,14,8,1,1598,6,5,81,0,0,1,1,1,32,1,0,1,0,0,1,1,0,0,1,1,1,1,0,0,0,0,0,0,1,1
40191948,0,95,3990,3,29676,4,22,1,1,2151,0,7,727,0,0,1,0,1,50,6,0,0,1,1,1,1,1,1,1,1,1,1,0,0,0,0,0,0,0,0
40189495,0,0,4279,1,7995,5,17,1,1,237,1,5,882,0,0,1,0,1,48,6,0,0,1,1,1,1,1,1,1,1,1,1,0,0,0,0,0,0,0,0
40837354,0,95,2150,5,133693,4,22,2,1,2151,0,9,345,0,0,1,2,1,38,3,0,0,0,1,1,1,1,1,1,1,1,1,2,0,0,1,0,1,1,1
40807393,0,95,2900,5,77950,4,17,1,1,2151,0,9,733,0,0,1,0,1,49,7,0,0,1,1,1,1,1,1,1,1,1,1,0,0,0,0,0,0,0,0
40418447,0,78,3670,3,48923,3,22,8,1,1598,1,5,91,0,0,1,1,1,48,4,0,0,1,1,1,1,1,1,1,1,1,1,0,0,0,0,0,0,1,1
40799088,0,78,3250,3,48677,1,2,1,1,2497,1,5,636,0,0,1,0,1,47,2,0,0,0,1,1,1,1,1,1,1,1,1,0,0,0,0,0,0,0,0
40828464,0,9,2399,3,53926,1,2,2,1,1598,7,5,979,0,0,1,1,1,41,4,0,0,1,1,1,1,1,1,1,1,1,1,0,0,0,0,0,0,1,1
41149296,0,64,630,13,90031,1,18,7,1,998,2,5,909,0,0,1,7,1,26,2,0,0,0,0,1,1,0,0,1,1,0,1,2,0,0,1,0,1,1,1
41404378,0,57,1590,7,167571,4,22,6,1,2199,0,9,183,0,0,1,6,1,47,4,0,0,1,1,1,1,1,1,1,1,1,1,1,0,0,1,0,1,1,1
41384662,0,9,1890,6,28679,1,17,5,1,1999,7,5,238,0,0,1,1,1,38,3,0,0,0,1,1,1,1,1,1,1,1,1,0,0,0,0,0,0,1,1
41389271,0,77,1570,7,90925,4,14,1,1,1995,1,5,640,0,0,1,3,1,38,2,0,0,0,0,1,1,1,1,1,1,1,1,1,0,0,1,0,1,1,1
41381848,0,96,550,13,88468,4,11,1,1,2199,0,11,835,0,0,1,3,1,30,0,0,0,0,0,1,1,1,0,1,1,0,1,0,0,0,0,0,0,1,1
