매물ID,모델,현재가격,제조사_기아,주행거리_km,배기량,좌석수,차량연령,사고강도점수,변속기,연료_LPG,연료_가솔린,연료_하이브리드,연료_디젤,연료_전기,색상_흰색,색상_검정색,색상_은색,색상_기타,차급_SUV,차급_세단,주요옵션_선루프,주요옵션_헤드램프 (LED),주요옵션_주차감지센서,주요옵션_후방카메라,주요옵션_자동에어컨,주요옵션_스마트키,주요옵션_내비게이션,주요옵션_열선시트,주요옵션_통풍시트,주요옵션_가죽시트
41039835,쏘렌토 4세대,3690,1,93138,1598,7,3,0,1,0,0,1,0,0,0,0,1,0,1,0,1,1,1,1,1,1,1,1,1,1
41646550,EV6,3850,1,57202,111,5,3,0,1,0,0,0,0,1,0,1,0,0,0,1,1,1,1,1,1,1,1,1,1,1
41560900,더 뉴 카니발,1599,1,102058,2199,9,6,0,1,0,0,0,1,0,0,1,0,0,1,0,1,0,1,1,0,1,0,1,1,1
41534991,카니발 4세대,3360,1,35678,3470,7,3,0,1,0,1,0,0,0,1,0,0,0,1,0,1,1,1,1,1,1,1,1,1,1
40925596,모하비 더 마스터,4190,1,22425,2959,5,5,0,1,0,0,0,1,0,0,0,0,1,1,0,0,1,1,1,1,1,1,1,1,1
41399309,더 뉴 K7,490,1,191328,2359,5,11,15,1,0,1,0,0,0,0,1,0,0,0,1,0,0,1,1,1,1,1,1,1,1
41277239,모하비 더 마스터,3990,1,86932,2959,6,3,0,1,0,0,0,1,0,0,0,1,0,1,0,1,1,1,1,1,1,1,1,1,1
41539338,스포티지 5세대,2990,1,15356,1998,5,4,0,1,0,0,0,1,0,0,0,0,1,1,0,0,1,1,1,1,1,1,1,1,1
41479916,카니발 4세대,3430,1,45850,2151,9,3,5,1,0,0,0,1,0,1,0,0,0,1,0,1,1,1,1,1,1,1,1,1,1
41530778,더 뉴 쏘렌토 4세대,4190,1,21382,2497,6,2,0,1,0,1,0,0,0,0,0,1,0,1,0,0,1,1,1,1,1,1,1,1,1
41516567,올 뉴 K7,900,1,184823,2359,5,9,8,1,0,1,0,0,0,0,1,0,0,0,1,1,1,1,1,1,1,1,1,1,1
40310580,올 뉴 K7,1330,1,60118,2359,5,10,3,1,0,1,0,0,0,0,0,1,0,0,1,1,0,1,1,1,1,1,1,1,1
41433049,레이,590,1,160418,998,5,13,5,1,0,1,0,0,0,0,1,0,0,0,1,0,0,1,0,1,1,0,1,0,1
40324931,레이,699,1,108457,998,5,10,0,1,0,1,0,0,0,0,0,0,1,0,1,0,0,1,0,0,1,0,1,0,1
41415478,K5 하이브리드 3세대,2190,1,73349,1999,5,3,0,1,0,0,1,0,0,1,0,0,0,0,1,0,1,1,1,1,1,0,1,1,1
41579911,레이,420,1,180262,998,5,14,3,1,0,1,0,0,0,1,0,0,0,0,1,0,0,0,1,0,0,0,0,0,0
41441831,더 뉴 카니발 4세대,4550,1,22015,2151,9,2,0,1,0,0,0,1,0,0,1,0,0,1,0,1,1,1,1,1,1,1,1,1,1
41522007,더 뉴 기아 레이,1479,1,41880,998,5,3,2,1,0,1,0,0,0,0,1,0,0,0,1,0,0,1,1,0,1,0,1,1,1
41643591,K5,380,1,170035,1998,5,14,4,1,0,1,0,0,0,0,0,1,0,0,1,0,0,1,1,1,0,1,1,0,1
41618428,올 뉴 K7,1249,1,132330,3342,5,10,4,1,0,1,0,0,0,1,0,0,0,0,1,1,0,1,1,1,1,1,1,1,1
41564200,K7 하이브리드,790,1,168238,2359,5,10,5,1,0,0,1,0,0,0,1,0,0,0,1,0,0,1,1,1,1,1,1,1,1
41561699,더 뉴 쏘렌토,1530,1,89894,2199,7,8,13,1,0,0,0,1,0,1,0,0,0,1,0,0,1,1,1,1,1,1,1,1,1
40025698,더 뉴 레이,660,1,75048,998,2,5,10,1,0,1,0,0,0,1,0,0,0,0,1,0,0,1,0,0,0,0,0,0,0
41480011,스포티지 5세대,2400,1,49626,1998,5,4,4,1,0,0,0,1,0,1,0,0,0,1,0,0,1,1,1,1,1,1,1,1,1
41513095,레이,679,1,78550,998,2,9,0,1,0,1,0,0,0,1,0,0,0,0,1,0,0,0,0,0,0,0,0,0,0
41576848,스포티지 5세대,1999,1,82160,1998,5,4,13,1,0,0,0,1,0,1,0,0,0,1,0,0,1,1,1,1,1,1,1,1,1
41633485,K8 하이브리드,3390,1,26915,1598,5,2,0,1,0,0,1,0,0,0,1,0,0,0,1,0,1,1,1,1,1,1,1,1,1
41644989,K7,440,1,163196,2656,5,16,10,1,0,1,0,0,0,0,1,0,0,0,1,0,0,1,1,1,1,1,1,1,1
41583493,카니발 4세대,3390,1,55310,2151,7,3,4,1,0,0,0,1,0,1,0,0,0,1,0,1,1,1,1,1,1,1,1,1,1
41626055,올 뉴 모닝,570,1,98552,998,5,12,6,1,0,1,0,0,0,0,1,0,0,0,1,1,0,1,1,1,1,0,1,0,1
41574936,올 뉴 모닝,277,1,95315,998,5,13,11,1,0,1,0,0,0,0,0,0,1,0,1,0,0,1,0,0,0,0,1,0,1
41581488,더 뉴 카니발,1550,1,132062,2199,7,7,19,1,0,0,0,1,0,0,1,0,0,1,0,1,1,1,1,1,1,0,1,1,1
41590032,K3,520,1,83765,1591,5,11,6,1,0,1,0,0,0,0,0,1,0,0,1,0,0,1,1,1,0,1,1,0,1
41116194,올 뉴 모닝,420,1,80500,998,5,14,4,1,0,1,0,0,0,1,0,0,0,0,1,0,0,1,0,0,0,0,1,0,1
41631262,쏘렌토 4세대,2480,1,74290,2151,7,5,0,1,0,0,0,1,0,0,0,0,1,1,0,0,1,1,1,1,1,1,1,1,1
40930456,쏘렌토 4세대,3190,1,80730,2151,5,3,0,1,0,0,0,1,0,0,0,1,0,1,0,0,1,1,1,1,1,1,1,1,1
41553078,올 뉴 쏘렌토,890,1,191051,1995,5,10,1,1,0,0,0,1,0,0,0,1,0,1,0,0,0,1,1,0,1,0,1,0,1
39169201,K5 2세대,859,1,136832,1999,5,8,6,1,1,0,0,0,0,0,0,0,1,0,1,1,0,1,1,0,1,1,1,0,1
41648181,카니발 4세대,2970,1,69664,2151,9,3,3,1,0,0,0,1,0,1,0,0,0,1,0,0,1,1,1,1,1,1,1,1,1
41566426,K5 3세대,1850,1,47182,1999,5,4,21,1,0,1,0,0,0,0,0,1,0,0,1,0,1,1,1,1,1,1,1,1,1
41601531,K7 프리미어,2340,1,58577,2497,5,6,4,1,0,1,0,0,0,1,0,0,0,0,1,0,1,1,1,1,1,1,1,1,1
41359587,레이,399,1,170516,998,2,13,10,1,0,1,0,0,0,0,0,1,0,0,1,0,0,0,1,0,0,1,0,0,0
41615817,카니발 4세대,2930,1,54463,2151,7,5,2,1,0,0,0,1,0,0,0,0,1,1,0,0,1,1,1,1,1,1,1,1,1
41101297,K5 하이브리드 3세대,1839,1,88976,1999,5,6,12,1,0,0,1,0,0,0,0,1,0,0,1,1,1,1,1,1,1,1,1,1,1
41011379,니로,1270,1,69389,1580,5,8,0,1,0,0,1,0,0,0,0,1,0,1,0,0,0,1,1,1,1,1,1,1,1
41588732,올 뉴 K7 하이브리드,1300,1,151551,2359,5,8,6,1,0,0,1,0,0,0,1,0,0,0,1,0,1,1,1,1,1,1,1,1,1
41513717,더 뉴 레이,1000,1,65830,998,5,5,3,1,0,1,0,0,0,0,0,0,1,0,1,0,0,1,0,0,1,0,1,0,1
41357341,올 뉴 카니발,1299,1,125053,3342,9,10,2,1,0,1,0,0,0,1,0,0,0,1,0,0,0,1,1,1,1,1,1,1,1
40975605,K7 프리미어,2250,1,61987,2497,5,6,4,1,0,1,0,0,0,0,0,0,1,0,1,1,1,1,1,1,1,1,1,1,1
41294322,더 뉴 모하비,1500,1,160780,2959,5,9,7,1,0,0,0,1,0,0,0,1,0,1,0,1,0,1,1,1,1,1,1,1,1
39880098,더 뉴 모하비,1157,1,203002,2959,5,9,10,1,0,0,0,1,0,0,1,0,0,1,0,0,0,1,1,1,1,1,1,1,1
40366720,올 뉴 모닝 (JA),550,1,72964,998,2,8,0,0,0,1,0,0,0,0,0,1,0,0,1,0,0,0,0,0,0,0,0,0,0
40902522,스포티지 더 볼드,1750,1,103411,1999,5,7,0,1,0,1,0,0,0,0,0,0,1,1,0,0,1,1,1,0,1,1,1,1,1
40876092,모하비 더 마스터,4880,1,35271,2959,6,4,0,1,0,0,0,1,0,0,1,0,0,1,0,1,1,1,1,1,1,1,1,1,1
39064239,스팅어,1690,1,101333,1998,5,8,4,1,0,1,0,0,0,0,1,0,0,0,1,1,1,1,1,1,1,1,1,1,1
41183344,쏘렌토 4세대,2990,1,32461,1598,7,4,0,1,0,0,1,0,0,0,0,1,0,1,0,0,1,1,1,1,1,1,1,1,1
41183321,카니발 4세대,2720,1,75251,2151,9,4,3,1,0,0,0,1,0,0,1,0,0,1,0,0,1,1,1,1,1,1,1,1,1
40894434,스포티지 5세대,2380,1,57752,1598,5,4,3,1,0,1,0,0,0,1,0,0,0,1,0,0,1,1,1,1,1,1,1,1,1
41165111,쏘렌토 4세대,1990,1,129865,2151,5,4,8,1,0,0,0,1,0,1,0,0,0,1,0,0,1,1,1,1,1,1,1,0,1
41120902,올 뉴 카니발,1190,1,148398,2199,9,8,4,1,0,0,0,1,0,1,0,0,0,1,0,1,0,1,1,1,1,1,1,1,1
41244318,K5 3세대,2730,1,36738,1598,5,3,1,1,0,1,0,0,0,0,1,0,0,0,1,1,1,1,1,1,1,1,1,1,1
41086304,모하비 더 마스터,2650,1,145318,2959,7,6,0,1,0,0,0,1,0,0,1,0,0,1,0,0,1,1,1,1,1,1,1,1,1
41078286,더 뉴 카니발 4세대,4790,1,12276,2151,7,2,1,1,0,0,0,1,0,0,1,0,0,1,0,1,1,1,1,1,1,1,1,1,1
41265623,디 올 뉴 니로,2500,1,77952,1580,5,4,3,1,0,0,1,0,0,1,0,0,0,1,0,0,1,1,1,1,1,1,1,1,1
41232260,더 뉴 셀토스,2700,1,50718,1598,5,3,2,1,0,1,0,0,0,1,0,0,0,1,0,0,1,1,1,1,1,1,1,1,1
41232193,쏘렌토 4세대,3730,1,61581,1598,5,5,0,1,0,0,1,0,0,1,0,0,0,1,0,1,1,1,1,1,1,1,1,1,1
41290047,쏘렌토 4세대,3199,1,55928,2151,7,5,0,1,0,0,1,0,0,0,0,0,1,1,0,1,1,1,1,1,1,1,1,1,1
41216402,더 뉴 모하비,1740,1,144668,2959,7,8,9,1,0,0,0,1,0,0,1,0,0,1,0,1,0,1,1,1,1,1,1,1,1
41219514,모닝 어반 (JA),1299,1,38005,998,5,4,3,1,0,1,0,0,0,1,0,0,0,0,1,0,0,1,1,1,1,1,1,1,1
41214210,올 뉴 모닝,358,1,147136,998,5,13,3,1,0,1,0,0,0,0,0,1,0,0,1,0,0,1,1,0,0,1,1,0,1
41214161,K7 프리미어 하이브리드,1970,1,139295,2359,5,6,9,1,0,0,1,0,0,1,0,0,0,0,1,0,1,1,1,1,1,1,1,1,1
41282392,올 뉴 카니발,850,1,175625,2199,9,11,12,1,0,0,0,1,0,0,1,0,0,1,0,0,0,1,1,1,1,1,1,1,1
41306042,더 K9,3150,1,51540,3778,5,7,3,1,0,1,0,0,0,0,1,0,0,0,1,1,1,1,1,1,1,1,1,1,1
41285001,더 뉴 쏘렌토,1850,1,122836,1995,5,6,9,1,0,0,0,1,0,1,0,0,0,1,0,1,1,1,1,1,1,1,1,1,1
41291849,스포티지 더 볼드,1620,1,78326,1598,5,6,0,1,0,0,0,1,0,0,1,0,0,1,0,0,0,1,1,1,1,1,1,1,1
41480594,카니발 4세대,4350,1,33109,3470,9,4,3,1,0,1,0,0,0,1,0,0,0,1,0,0,1,1,1,1,1,1,1,1,1
41323494,스포티지 5세대,2680,1,60876,1598,5,4,2,1,0,1,0,0,0,0,1,0,0,1,0,1,1,1,1,1,1,1,1,1,1
41273062,더 뉴 카니발 4세대,4220,1,41007,1598,9,2,0,1,0,0,1,0,0,1,0,0,0,1,0,1,1,1,1,1,1,1,1,1,1
41269620,카니발 4세대,2980,1,93577,2151,9,5,0,1,0,0,0,1,0,1,0,0,0,1,0,0,1,1,1,1,1,1,1,1,1
41450231,더 뉴 K5 2세대,1980,1,11100,1591,5,7,0,1,0,1,0,0,0,0,0,1,0,0,1,1,1,1,1,1,1,1,1,1,1
41457872,더 뉴 카니발,1350,1,131120,2199,9,7,5,1,0,0,0,1,0,0,0,1,0,1,0,0,0,1,1,1,1,1,1,1,1
41397394,더 뉴 레이,8899,1,64695,998,5,4,1,1,0,1,0,0,0,1,0,0,0,0,1,0,0,1,1,0,1,1,1,0,0
41368129,K5 3세대,1599,1,122229,1999,5,6,0,1,1,0,0,0,0,0,1,0,0,0,1,0,1,1,1,1,1,1,1,1,1
41360019,쏘렌토 4세대,2690,1,67137,1598,7,4,6,1,0,0,1,0,0,0,0,1,0,1,0,0,1,1,1,1,1,1,1,1,1
41343438,셀토스,1680,1,74661,1598,5,6,9,1,0,0,0,1,0,0,0,0,1,1,0,1,1,1,1,1,1,1,1,1,1
41325701,스포티지 5세대,2920,1,24706,1598,5,4,4,1,0,1,0,0,0,0,1,0,0,1,0,1,1,1,1,1,1,1,1,1,1
41325389,EV6,3490,1,25905,111,5,3,0,1,0,0,0,0,1,0,0,1,0,0,1,0,1,1,1,1,1,1,1,1,1
41321233,K7 프리미어,1430,1,140452,2999,5,5,4,1,1,0,0,0,0,0,0,1,0,0,1,0,1,1,1,1,1,1,1,0,1
41567297,더 뉴 카렌스,1290,1,71469,1999,7,8,6,1,1,0,0,0,0,1,0,0,0,1,0,0,0,1,1,1,1,1,1,1,1
41557454,K5 3세대,2290,1,77943,1999,5,5,0,1,0,1,0,0,0,1,0,0,0,0,1,1,1,1,1,1,1,1,1,1,1
41566326,K5 하이브리드,500,1,136184,1999,5,14,11,1,0,0,1,0,0,1,0,0,0,0,1,0,0,1,1,1,1,0,1,0,1
41322597,더 뉴 쏘렌토 4세대,4190,1,44945,2497,7,2,0,1,0,1,0,0,0,0,1,0,0,1,0,1,1,1,1,1,1,1,1,1,1
41321593,쏘렌토 4세대,2730,1,52284,2151,6,4,1,1,0,0,0,1,0,0,1,0,0,1,0,0,1,1,1,1,1,1,1,1,1
41550648,스토닉,900,1,123927,1582,5,8,5,1,0,0,0,1,0,0,0,1,0,1,0,0,0,1,1,0,1,1,1,0,1
41520750,쏘렌토 4세대,2580,1,90273,2151,5,4,0,1,0,0,0,1,0,0,0,1,0,1,0,0,1,1,1,1,1,1,1,1,1
41607635,쏘렌토 4세대,3420,1,59283,2151,5,5,2,1,0,0,0,1,0,1,0,0,0,1,0,1,1,1,1,1,1,1,1,1,1
41608967,쏘렌토 4세대,2600,1,112993,2151,5,5,2,1,0,0,0,1,0,0,0,0,1,1,0,1,1,1,1,1,1,1,1,1,1
41543722,더 뉴 쏘렌토,1690,1,144444,2199,5,8,2,1,0,0,0,1,0,0,0,0,1,1,0,0,1,1,1,1,1,1,1,1,1
41486346,더 뉴 쏘렌토 4세대,4700,1,32563,1598,5,2,0,1,0,0,1,0,0,0,1,0,0,1,0,0,1,1,1,1,1,1,1,1,1
41619939,더 뉴 카니발 4세대,3590,1,30751,3470,7,1,2,1,0,1,0,0,0,1,0,0,0,1,0,0,1,1,1,1,1,1,1,1,1
41619608,더 뉴 기아 레이,1880,1,5041,998,5,1,0,1,0,1,0,0,0,1,0,0,0,0,1,0,0,1,1,1,1,1,1,1,1
41631096,더 뉴 K3,639,1,130526,1582,5,9,3,1,0,0,0,1,0,0,0,1,0,0,1,0,0,1,1,1,1,1,1,0,1
41606317,스포티지 4세대,820,1,171532,1685,5,10,2,1,0,0,0,1,0,0,1,0,0,1,0,0,0,1,1,1,1,1,1,0,1
41427445,셀토스,1870,1,83942,1591,5,3,1,1,0,1,0,0,0,1,0,0,0,1,0,0,0,1,1,1,1,1,1,0,1
41603809,모하비 더 마스터,4660,1,63948,2959,5,3,0,1,0,0,0,1,0,1,0,0,0,1,0,1,1,1,1,1,1,1,1,1,1
41083782,카니발 4세대,8888,1,80159,3470,7,3,0,1,0,1,0,0,0,0,1,0,0,1,0,0,1,1,1,1,1,1,1,1,1
41584169,더 뉴 K3 2세대,2580,1,9865,1598,5,4,0,1,0,1,0,0,0,1,0,0,0,0,1,0,0,1,1,1,1,1,1,1,1
41578256,더 뉴 모닝 (JA),1620,1,124,998,5,0,0,1,0,1,0,0,0,1,0,0,0,0,1,0,0,1,1,1,1,1,0,0,0
41553507,쏘렌토 4세대,3280,1,64643,2497,5,3,1,1,0,1,0,0,0,0,1,0,0,1,0,1,1,1,1,1,1,1,1,1,1
41534754,더 뉴 레이,1350,1,24653,998,5,5,0,1,0,1,0,0,0,1,0,0,0,0,1,0,0,1,1,1,1,1,1,0,1
41531357,레이,620,1,106466,998,5,13,9,1,0,1,0,0,0,1,0,0,0,0,1,0,0,1,1,0,0,1,1,0,1
41621000,셀토스,1730,1,98547,1598,5,4,5,1,0,0,0,1,0,1,0,0,0,1,0,0,1,1,1,1,1,1,1,1,1
41626386,더 뉴 K3 2세대,9999,1,42832,1598,5,4,0,1,0,1,0,0,0,1,0,0,0,0,1,0,0,1,1,1,1,1,1,0,1
41646532,스포티지 5세대,2490,1,83678,1598,5,4,1,1,0,1,0,0,0,1,0,0,0,1,0,0,1,1,1,1,1,1,1,1,1
41625772,K3,640,1,102904,1591,5,12,5,1,0,1,0,0,0,0,1,0,0,0,1,1,0,1,1,1,1,1,1,1,1
41456166,셀토스,2190,1,65443,1591,5,4,0,1,0,1,0,0,0,1,0,0,0,1,0,1,1,1,1,1,1,1,1,1,1
41587596,셀토스,2220,1,28647,1591,5,4,0,1,0,1,0,0,0,1,0,0,0,1,0,0,1,1,1,1,1,1,1,1,1
41486984,셀토스,2450,1,64217,1591,5,4,1,1,0,1,0,0,0,0,0,1,0,1,0,1,1,1,1,1,1,1,1,1,1
41478299,쏘렌토 4세대,2580,1,69508,2497,6,4,0,1,0,1,0,0,0,0,0,1,0,1,0,0,1,1,1,1,1,1,1,1,1
41484182,더 뉴 레이,960,1,109780,998,5,5,0,1,0,1,0,0,0,0,0,0,1,0,1,0,0,1,1,0,1,1,1,0,1
41587876,더 뉴 카니발 4세대,4450,1,37225,2151,7,2,1,1,0,0,0,1,0,0,1,0,0,1,0,0,1,1,1,1,1,1,1,1,1
41567976,디 올 뉴 니로,3260,1,25248,1580,5,1,0,1,0,0,1,0,0,0,0,1,0,1,0,0,1,1,1,1,1,1,1,1,1
41559549,EV3,4190,1,4967,237,5,0,0,1,0,0,0,0,1,1,0,0,0,1,0,0,1,1,1,1,1,1,1,1,1
41552732,K5 2세대,730,1,161360,1999,5,10,5,1,0,1,0,0,0,0,0,1,0,0,1,0,0,1,1,0,0,0,1,0,1
41541794,더 뉴 K3 2세대,1259,1,145729,1598,5,4,0,1,0,1,0,0,0,1,0,0,0,0,1,0,0,1,1,1,1,1,1,1,1
40961671,K5 3세대,1740,1,84382,1999,5,5,4,1,0,1,0,0,0,0,1,0,0,0,1,0,1,1,1,1,1,1,1,1,1
40937074,스포티지 5세대,2390,1,98807,1598,5,4,0,1,0,1,0,0,0,1,0,0,0,1,0,0,1,1,1,1,1,1,1,1,1
40979194,쏘렌토 4세대,3190,1,74334,1598,7,3,0,1,0,0,1,0,0,0,0,1,0,1,0,0,1,1,1,1,1,1,1,1,1
40891241,스포티지 더 볼드,1150,1,114063,1995,5,7,14,1,0,0,0,1,0,0,0,1,0,1,0,0,0,1,0,0,0,1,1,1,1
40918490,모하비 더 마스터,5120,1,45212,2959,6,4,0,1,0,0,0,1,0,1,0,0,0,1,0,1,1,1,1,1,1,1,1,1,1
40925408,올 뉴 카니발,1350,1,97783,2199,9,9,1,1,0,0,0,1,0,0,0,1,0,1,0,0,0,1,1,1,1,1,1,1,1
40669509,더 뉴 K5 하이브리드 3세대,2830,1,21835,1999,5,2,0,1,0,0,1,0,0,0,0,1,0,0,1,0,1,1,1,1,1,1,1,1,1
41433854,스포티지 4세대,1490,1,99488,1995,5,8,1,1,0,0,0,1,0,1,0,0,0,1,0,1,0,1,1,1,1,1,1,1,1
41407469,쏘렌토 4세대,3350,1,63047,2151,5,5,1,1,0,0,0,1,0,0,1,0,0,1,0,0,1,1,1,1,1,1,1,1,1
41404804,K8,1620,1,122694,3470,5,4,6,1,1,0,0,0,0,0,0,1,0,0,1,0,1,1,1,1,1,1,1,1,1
41386320,더 뉴 K5 2세대,1270,1,142870,1999,5,7,1,1,0,1,0,0,0,1,0,0,0,0,1,0,1,1,1,1,1,1,1,1,1
41155848,올 뉴 카니발,1460,1,89624,2199,9,11,0,1,0,0,0,1,0,1,0,0,0,1,0,1,0,1,1,1,1,1,1,1,1
41151022,더 뉴 카니발 4세대,3620,1,49011,2151,9,1,1,1,0,0,0,1,0,1,0,0,0,1,0,0,1,1,1,1,1,1,1,1,1
41149062,올 뉴 K3,1450,1,67572,1598,5,6,1,1,0,1,0,0,0,1,0,0,0,0,1,0,0,1,1,1,1,1,1,1,1
41142305,쏘렌토 4세대,2650,1,25982,2151,7,4,0,1,0,0,0,1,0,0,0,1,0,1,0,0,1,1,1,0,1,0,1,0,1
41122014,카니발 4세대,1850,1,178451,2151,9,5,1,1,0,0,0,1,0,0,1,0,0,1,0,0,1,1,1,1,1,1,1,1,1
41102597,더 뉴 모하비,1990,1,127913,2959,7,8,3,1,0,0,0,1,0,0,1,0,0,1,0,1,0,1,1,1,1,1,1,1,1
41246655,카니발 4세대,3220,1,67368,2151,9,3,0,1,0,0,0,1,0,0,0,0,1,1,0,0,1,1,1,1,1,1,1,1,1
40962524,모하비 더 마스터,3790,1,53136,2959,7,5,0,1,0,0,0,1,0,0,1,0,0,1,0,1,1,1,1,1,1,1,1,1,1
41243729,K5,550,1,133240,1999,5,13,1,1,0,1,0,0,0,1,0,0,0,0,1,0,0,1,1,1,1,1,1,0,1
41243523,더 뉴 카니발 4세대,4250,1,40008,2151,7,2,0,1,0,0,0,1,0,1,0,0,0,1,0,0,1,1,1,1,1,1,1,1,1
41198126,더 뉴 쏘렌토 4세대,4030,1,14929,1598,5,2,0,1,0,0,1,0,0,1,0,0,0,1,0,0,1,1,1,1,1,1,1,1,1
40963298,K5 3세대,2379,1,73755,1999,5,6,0,1,0,1,0,0,0,0,0,1,0,0,1,0,1,1,1,1,1,1,1,1,1
40972229,카니발 4세대,3990,1,37725,3470,9,4,0,1,0,1,0,0,0,0,1,0,0,1,0,0,1,1,1,1,1,1,1,1,1
41455223,K7 프리미어,1680,1,113872,2497,5,6,3,1,0,1,0,0,0,0,1,0,0,0,1,0,1,1,1,1,1,1,1,1,1
41018151,올 뉴 K7,1330,1,143004,2359,5,9,1,1,0,1,0,0,0,1,0,0,0,0,1,1,1,1,1,1,1,1,1,1,1
41534420,K5 3세대,1870,1,85742,1999,5,4,2,1,1,0,0,0,0,0,1,0,0,0,1,0,1,1,1,1,1,1,1,1,1
41429351,더 뉴 카니발,1600,1,138780,2199,7,7,7,1,0,0,0,1,0,1,0,0,0,1,0,0,1,1,1,1,1,1,1,1,1
41636734,올 뉴 K3,1190,1,87943,1598,5,7,0,1,0,1,0,0,0,0,0,1,0,0,1,0,0,1,1,0,0,1,1,1,1
41295382,K5,487,1,152825,1999,5,14,0,1,1,0,0,0,0,1,0,0,0,0,1,0,0,0,1,0,0,1,1,0,1
41658864,카니발 4세대,2100,1,163008,2151,9,5,0,1,0,0,0,1,0,1,0,0,0,1,0,0,1,1,1,1,1,1,1,1,1
41528724,올 뉴 모닝,490,1,62728,998,5,11,6,1,0,1,0,0,0,1,0,0,0,0,1,0,0,1,0,0,0,0,1,0,1
41152902,더 뉴 레이,970,1,39085,998,2,5,1,1,0,1,0,0,0,1,0,0,0,0,1,0,0,1,1,0,1,1,1,0,1
41530678,쏘렌토 4세대,3750,1,42113,2497,6,5,0,1,0,1,0,0,0,0,0,1,0,1,0,0,1,1,1,1,1,1,1,1,1
41622362,더 뉴 기아 레이,1150,1,54885,998,5,3,16,1,0,1,0,0,0,0,0,1,0,0,1,0,0,1,1,1,1,1,0,0,0
41057953,올 뉴 쏘렌토,1150,1,80082,1995,7,11,0,1,0,0,0,1,0,0,0,1,0,1,0,0,0,1,1,1,1,1,1,1,1
41444177,스포티지 4세대,1250,1,141452,1995,5,8,1,1,0,0,0,1,0,1,0,0,0,1,0,0,0,1,1,1,1,1,1,1,1
41367586,스포티지 5세대,2790,1,44340,1598,5,4,2,1,0,1,0,0,0,0,1,0,0,1,0,1,1,1,1,1,1,1,1,1,1
41611284,카니발 4세대,2199,1,74848,2151,9,5,10,1,0,0,0,1,0,1,0,0,0,1,0,0,1,1,1,1,1,1,1,1,1
41515591,더 뉴 카니발,1690,1,123622,2199,9,6,9,1,0,0,0,1,0,0,0,1,0,1,0,0,0,1,1,1,1,1,1,1,1
41581696,올 뉴 모닝,439,1,159619,998,5,11,0,1,0,1,0,0,0,1,0,0,0,0,1,1,0,1,1,0,1,1,1,0,1
41597380,셀토스,1650,1,53186,1591,5,3,16,1,0,1,0,0,0,0,1,0,0,1,0,0,0,1,0,0,0,0,0,0,0
41469845,스팅어,1470,1,113328,1998,5,7,7,1,0,1,0,0,0,0,0,0,1,0,1,0,1,1,1,1,1,1,1,1,1
41598544,올 뉴 카니발,850,1,182518,2199,9,11,16,1,0,0,0,1,0,0,0,1,0,1,0,1,0,1,1,1,1,1,1,1,1
41357448,카니발 R,380,1,248746,2199,9,12,4,1,0,0,0,1,0,0,1,0,0,1,0,1,0,1,1,1,0,0,1,0,1
41632132,스포티지 더 볼드,1690,1,97969,1999,5,7,5,1,0,1,0,0,0,1,0,0,0,1,0,0,1,1,1,1,1,1,1,1,1
41542323,레이,690,1,88268,998,5,10,13,1,0,1,0,0,0,1,0,0,0,0,1,0,0,1,1,1,1,1,1,0,1
41565714,더 뉴 K7,420,1,197255,2999,5,13,3,1,1,0,0,0,0,0,0,1,0,0,1,0,0,1,0,1,0,0,1,1,1
41617166,더 뉴 K7,640,1,140925,2359,5,13,0,1,0,1,0,0,0,0,1,0,0,0,1,1,0,1,1,1,1,1,1,1,1
41572420,더 뉴 K7,450,1,236104,2999,5,12,10,1,1,0,0,0,0,0,1,0,0,0,1,0,0,1,1,1,1,1,1,0,1
41635559,레이,698,1,160591,998,5,10,12,1,0,1,0,0,0,0,1,0,0,0,1,0,0,1,1,0,1,1,1,0,1
41564318,카니발 4세대,3389,1,30278,3470,9,3,0,1,0,1,0,0,0,1,0,0,0,1,0,0,1,1,1,1,1,1,1,1,1
41478037,올 뉴 K3,1340,1,95889,1598,5,7,5,1,0,1,0,0,0,1,0,0,0,0,1,1,1,1,1,1,1,1,1,1,1
41515497,K5 3세대,1820,1,60797,1598,5,6,12,1,0,1,0,0,0,1,0,0,0,0,1,0,1,1,1,1,1,1,1,1,1
40957078,스포티지 5세대,2570,1,70176,1998,5,4,0,1,0,0,0,1,0,0,0,1,0,1,0,0,1,1,1,1,1,1,1,1,1
41256396,스포티지 5세대,3079,1,28685,1598,5,3,0,1,0,1,0,0,0,1,0,0,0,1,0,0,1,1,1,1,1,1,1,1,1
41444539,쏘렌토 4세대,2770,1,89186,2497,6,3,7,1,0,1,0,0,0,1,0,0,0,1,0,0,1,1,1,1,1,1,1,1,1
41618505,모하비,820,1,238931,2959,7,11,3,1,0,0,0,1,0,0,1,0,0,1,0,1,0,1,1,1,1,1,1,1,1
41621941,더 K9,1830,1,196745,3778,5,7,17,1,0,1,0,0,0,0,1,0,0,0,1,0,1,1,1,1,1,1,1,1,1
41378676,K3,470,1,140284,1591,5,13,6,1,0,1,0,0,0,1,0,0,0,0,1,0,0,1,1,1,1,1,1,0,1
41410021,스포티지 5세대,2490,1,104917,1598,5,4,10,1,0,1,0,0,0,1,0,0,0,1,0,1,1,1,1,1,1,1,1,1,1
41559615,레이,499,1,143066,998,5,13,9,1,0,1,0,0,0,0,0,0,1,0,1,0,0,1,1,0,0,1,1,0,1
41596618,올 뉴 프라이드,440,1,124018,1396,5,14,13,1,0,1,0,0,0,0,0,1,0,0,1,0,0,1,1,0,0,1,1,0,1
41586468,올 뉴 카니발,690,1,249171,2199,9,10,4,1,0,0,0,1,0,1,0,0,0,1,0,0,0,1,1,1,1,1,1,1,1
41342160,더 뉴 카니발,1590,1,78928,2199,9,7,6,1,0,0,0,1,0,1,0,0,0,1,0,0,0,1,1,1,1,1,1,1,1
41285365,더 뉴 카니발,1990,1,81305,2199,9,6,3,1,0,0,0,1,0,1,0,0,0,1,0,0,1,1,1,1,1,1,1,1,1
41651126,스포티지 R,650,1,80218,1995,5,13,12,1,0,0,0,1,0,0,0,1,0,1,0,1,0,1,1,1,1,1,1,1,1
41511876,K5 3세대,1650,1,108628,1598,5,4,12,1,0,1,0,0,0,0,0,1,0,0,1,0,1,1,1,1,1,0,1,1,1
41094100,더 뉴 레이,537,1,131099,998,2,7,7,1,0,1,0,0,0,1,0,0,0,0,1,0,0,1,0,0,0,0,0,0,1
41573289,니로,860,1,188255,1580,5,9,6,1,0,0,1,0,0,0,1,0,0,1,0,0,0,1,1,1,1,1,1,1,1
40987938,스팅어,1880,1,90424,1998,5,7,8,1,0,1,0,0,0,0,0,0,1,0,1,0,1,1,1,1,1,1,1,1,1
41637075,올 뉴 모닝 (JA),870,1,27324,998,5,8,6,1,0,1,0,0,0,1,0,0,0,0,1,0,0,1,1,0,1,1,1,0,1
41302193,더 뉴 모닝,690,1,80392,998,5,10,0,1,0,1,0,0,0,1,0,0,0,0,1,0,0,1,1,0,1,1,1,0,1
41366708,카니발 4세대,2990,1,83538,2151,9,5,0,1,0,0,0,1,0,1,0,0,0,1,0,0,1,1,1,1,1,1,1,1,1
41325392,모하비 더 마스터,3440,1,88638,2959,6,5,0,1,0,0,0,1,0,1,0,0,0,1,0,1,1,1,1,1,1,1,1,1,1
41515040,쏘렌토 4세대,3490,1,24715,2497,6,3,0,1,0,1,0,0,0,1,0,0,0,1,0,1,1,1,1,1,1,1,1,1,1
41515072,더 뉴 레이,899,1,98823,998,2,4,0,1,0,1,0,0,0,1,0,0,0,0,1,0,0,1,0,0,0,0,1,0,1
41257556,스포티지 5세대,2740,1,55196,1598,5,4,4,1,0,1,0,0,0,1,0,0,0,1,0,0,1,1,1,1,1,1,1,1,1
41408366,카니발 4세대,2590,1,86970,2151,9,5,0,1,0,0,0,1,0,0,1,0,0,1,0,0,1,1,1,1,1,1,1,1,1
41427723,카니발 4세대,2850,1,88563,2151,9,5,1,1,0,0,0,1,0,0,1,0,0,1,0,0,1,1,1,1,1,1,1,1,1
41566018,카니발 4세대,2550,1,126917,2151,9,5,1,1,0,0,0,1,0,1,0,0,0,1,0,1,1,1,1,1,1,1,1,1,1
41497181,K5 3세대,2150,1,122154,1598,5,5,4,1,0,1,0,0,0,1,0,0,0,0,1,1,1,1,1,1,1,1,1,1,1
41517378,더 뉴 쏘렌토,1790,1,145212,2199,5,7,1,1,0,0,0,1,0,1,0,0,0,1,0,0,1,1,1,1,1,1,1,1,1
40811152,올 뉴 카니발,1090,1,174614,2199,7,9,3,1,0,0,0,1,0,0,1,0,0,1,0,1,0,1,1,1,1,1,1,1,1
41150418,타스만,4490,1,7273,2497,5,0,0,1,0,1,0,0,0,0,0,1,0,1,0,1,1,1,1,1,1,1,1,1,1
41652718,더 뉴 레이,1590,1,23355,998,5,4,0,1,0,1,0,0,0,1,0,0,0,0,1,0,0,1,1,1,1,1,1,0,1
41631980,카니발 4세대,3590,1,37670,3470,7,3,0,1,0,1,0,0,0,1,0,0,0,1,0,1,1,1,1,1,1,1,1,1,1
41075188,더 K9,2390,1,90316,3342,5,7,0,1,0,1,0,0,0,0,1,0,0,0,1,0,1,1,1,1,1,1,1,1,1
41434746,더 K9,2890,1,66146,3778,5,6,0,1,0,1,0,0,0,1,0,0,0,0,1,0,1,1,1,1,1,1,1,1,1
41052080,스포티지 5세대,2990,1,26640,1998,5,4,0,1,0,0,0,1,0,0,0,1,0,1,0,0,1,1,1,1,1,1,1,1,1
41159334,K5 하이브리드 3세대,2430,1,52159,1999,5,4,2,1,0,0,1,0,0,0,0,0,1,0,1,0,1,1,1,1,1,1,1,1,1
41384843,카니발 4세대,3150,1,114881,3470,7,5,4,1,0,1,0,0,0,0,1,0,0,1,0,0,1,1,1,1,1,1,1,1,1
41555465,카니발 4세대,3099,1,95168,2151,9,4,1,1,0,0,0,1,0,1,0,0,0,1,0,1,1,1,1,1,1,1,1,1,1
40975713,쏘울 부스터,1599,1,61357,1591,5,6,0,1,0,1,0,0,0,0,0,0,1,0,1,0,1,1,1,1,1,0,1,1,1
40981104,더 뉴 쏘렌토 4세대,3940,1,30479,2151,5,2,0,1,0,0,0,1,0,0,0,1,0,1,0,0,1,1,1,1,1,1,1,1,1
41338353,스포티지 5세대,2790,1,74977,1998,5,4,11,1,0,0,0,1,0,1,0,0,0,1,0,0,1,1,1,1,1,1,1,1,1
41652771,카니발 4세대,2850,1,80324,2151,9,5,1,1,0,0,0,1,0,0,1,0,0,1,0,0,1,1,1,1,1,1,1,1,1
41632912,더 뉴 레이,1400,1,15486,998,5,7,0,1,0,1,0,0,0,1,0,0,0,0,1,0,0,1,1,1,1,1,1,0,1
41660341,스포티지 5세대,2050,1,95837,1998,5,4,2,1,0,0,0,1,0,0,0,1,0,1,0,0,1,1,1,1,1,1,1,1,1
41631046,올 뉴 모닝 (JA),999,1,31094,998,5,7,6,1,0,1,0,0,0,1,0,0,0,0,1,0,0,1,1,0,1,1,1,0,1
41601447,스포티지 R,820,1,82618,1995,5,13,1,1,0,0,0,1,0,0,1,0,0,1,0,0,0,1,1,1,1,1,1,0,1
41464190,올 뉴 카니발,1740,1,123592,2199,9,9,0,1,0,0,0,1,0,1,0,0,0,1,0,0,0,1,1,1,1,1,1,1,1
41444069,쏘렌토 4세대,2680,1,77805,2151,6,4,0,1,0,0,0,1,0,1,0,0,0,1,0,0,1,1,1,1,1,1,1,1,1
41450235,카니발 4세대,2860,1,141626,2151,7,5,0,1,0,0,0,1,0,0,1,0,0,1,0,1,1,1,1,1,1,1,1,1,1
41662209,카니발 4세대,3090,1,26833,2151,9,5,0,1,0,0,0,1,0,0,1,0,0,1,0,0,1,1,1,1,1,1,1,1,1
41658263,더 뉴 K5 3세대,2250,1,66868,1999,5,1,4,1,1,0,0,0,0,1,0,0,0,0,1,0,1,1,1,0,1,1,1,1,1
41286004,K7 프리미어,2050,1,62571,2497,5,6,4,1,0,1,0,0,0,0,0,0,1,0,1,1,1,1,1,1,1,1,1,1,1
41340216,셀토스,2220,1,38660,1591,5,3,0,1,0,1,0,0,0,1,0,0,0,1,0,0,1,1,1,0,1,0,1,1,1
41350192,올 뉴 K3,1039,1,133172,1598,5,7,10,1,0,1,0,0,0,1,0,0,0,0,1,0,1,1,1,1,1,1,1,1,1
41432486,더 뉴 K5 하이브리드 3세대,3190,1,26440,1999,5,2,1,1,0,0,1,0,0,0,1,0,0,0,1,0,1,1,1,1,1,1,1,1,1
41399493,스포티지 5세대,1899,1,101766,1998,5,4,0,1,0,0,0,1,0,0,0,1,0,1,0,0,1,1,1,1,1,1,1,0,1
41648443,더 뉴 레이,1490,1,20612,998,5,4,0,1,0,1,0,0,0,1,0,0,0,0,1,0,0,1,1,0,1,0,1,0,1
41250041,올 뉴 카니발,1840,1,85554,2199,7,8,1,1,0,0,0,1,0,1,0,0,0,1,0,0,0,1,1,1,1,1,1,1,1
41297943,더 뉴 카니발,2080,1,162538,2199,7,7,3,1,0,0,0,1,0,1,0,0,0,1,0,0,1,1,1,1,1,1,1,1,1
41406116,더 뉴 셀토스,2750,1,18183,1598,5,3,0,1,0,1,0,0,0,0,0,0,1,1,0,0,1,1,1,1,1,1,1,1,1
41406300,더 뉴 K3 2세대,1720,1,65780,1598,5,4,0,1,0,1,0,0,0,0,0,1,0,0,1,0,0,1,1,1,1,1,1,0,1
41410755,K5 3세대,1850,1,65843,1598,5,5,5,1,0,1,0,0,0,0,1,0,0,0,1,0,1,1,1,1,1,1,1,1,1
41384687,스팅어,2330,1,67079,3342,5,7,5,1,0,1,0,0,0,1,0,0,0,0,1,0,1,1,1,1,1,1,1,1,1
41383237,더 뉴 쏘렌토 4세대,5190,1,5852,2497,5,0,0,1,0,1,0,0,0,0,1,0,0,1,0,1,1,1,1,1,1,1,1,1,1
38286776,더 뉴 K3,1020,1,63225,1591,5,9,12,1,0,1,0,0,0,1,0,0,0,0,1,0,0,1,1,1,0,0,1,0,1
41416240,더 뉴 K5 2세대,1749,1,60369,1999,5,7,1,1,0,1,0,0,0,0,1,0,0,0,1,1,1,1,1,1,1,1,1,1,1
41398893,올 뉴 모닝,350,1,141203,998,5,14,2,1,0,1,0,0,0,0,0,1,0,0,1,0,0,1,1,0,0,1,1,0,1
40815759,K5 3세대,1850,1,83179,1598,5,5,9,1,0,1,0,0,0,0,1,0,0,0,1,1,1,1,1,1,1,1,1,1,1
41649498,스포티지 5세대,3550,1,23420,1598,5,2,0,1,0,1,0,0,0,1,0,0,0,1,0,1,1,1,1,1,1,1,1,1,1
41647132,K5 3세대,2190,1,105956,1598,5,6,1,1,0,1,0,0,0,0,0,1,0,0,1,1,1,1,1,1,1,1,1,1,1
41658778,더 뉴 레이,1290,1,36238,998,5,7,1,1,0,1,0,0,0,1,0,0,0,0,1,0,0,1,1,1,1,1,1,0,1
41623529,올 뉴 모닝,555,1,131153,998,5,14,8,1,0,1,0,0,0,1,0,0,0,0,1,0,0,1,1,1,0,1,1,0,1
41535000,올 뉴 K3,1130,1,125016,1598,5,7,10,1,0,1,0,0,0,0,0,0,1,0,1,0,1,1,1,0,1,1,1,1,1
40547815,스포티지 4세대,1020,1,102790,1995,5,10,3,1,0,0,0,1,0,1,0,0,0,1,0,0,0,1,1,0,1,1,1,0,1
40802637,K7 하이브리드,650,1,160230,2359,5,11,0,1,0,0,1,0,0,0,0,1,0,0,1,1,0,1,1,1,1,0,1,0,1
40819417,쏘렌토 4세대,2490,1,65065,2151,5,5,0,1,0,0,0,1,0,0,0,0,1,1,0,0,1,1,1,1,1,1,1,1,1
40717166,레이,630,1,80403,998,5,13,4,1,0,1,0,0,0,0,0,0,1,0,1,0,0,1,1,1,1,0,1,0,1
41285342,더 뉴 셀토스,2650,1,34953,1598,5,2,0,1,0,1,0,0,0,0,0,1,0,1,0,0,1,1,1,1,1,1,1,1,1
41261244,카니발 4세대,2880,1,76969,3470,7,5,4,1,0,1,0,0,0,0,1,0,0,1,0,0,1,1,1,1,1,1,1,1,1
41279460,셀토스,2200,1,18339,1591,5,4,0,1,0,1,0,0,0,0,0,0,1,1,0,0,1,1,1,1,1,1,1,1,1
41274735,더 뉴 셀토스,3040,1,30455,1999,5,2,0,1,0,1,0,0,0,1,0,0,0,1,0,0,1,1,1,1,1,1,1,1,1
41288420,카니발 4세대,4490,1,47939,2151,9,3,0,1,0,0,0,1,0,1,0,0,0,1,0,0,1,1,1,1,1,1,1,1,1
41247816,레이,540,1,157546,998,2,10,1,1,0,1,0,0,0,1,0,0,0,0,1,0,0,1,1,0,0,1,0,0,0
41245045,K8 하이브리드,3260,1,20090,1598,5,3,0,1,0,0,1,0,0,0,0,1,0,0,1,0,1,1,1,1,1,1,1,1,1
41469678,셀토스,1999,1,72851,1591,5,4,0,1,0,1,0,0,0,1,0,0,0,1,0,0,0,1,1,1,1,1,1,1,1
41435157,레이,690,1,100264,998,5,13,9,1,0,1,0,0,0,0,0,1,0,0,1,0,0,1,1,0,0,1,1,0,1
41476605,쏘렌토 4세대,2930,1,128553,1598,7,5,1,1,0,0,1,0,0,0,0,1,0,1,0,0,1,1,1,1,1,1,1,1,1
41471442,더 뉴 쏘렌토 4세대,3999,1,20454,1598,5,2,4,1,0,0,1,0,0,0,1,0,0,1,0,0,1,1,1,1,1,1,1,1,1
41454946,K8,2580,1,118381,3470,5,4,3,1,0,1,0,0,0,0,0,1,0,0,1,1,1,1,1,1,1,1,1,1,1
41425198,디 올 뉴 니로,3450,1,11206,1580,5,1,1,1,0,0,1,0,0,1,0,0,0,1,0,0,1,1,1,1,1,1,1,1,1
41158898,더 뉴 카니발,2080,1,117660,2199,7,7,0,1,0,0,0,1,0,1,0,0,0,1,0,0,1,1,1,1,1,1,1,1,1
41085946,올 뉴 모닝,999,1,135688,998,5,11,0,1,0,1,0,0,0,1,0,0,0,0,1,0,0,1,1,1,0,1,1,0,1
41033801,쏘렌토 4세대,3590,1,41421,2151,5,3,1,1,0,0,0,1,0,1,0,0,0,1,0,1,1,1,1,1,1,1,1,1,1
40996628,K8 하이브리드,3180,1,58754,1598,5,4,2,1,0,0,1,0,0,1,0,0,0,0,1,1,1,1,1,1,1,1,1,1,1
41043405,K5 3세대,2240,1,40214,1598,5,5,0,1,0,1,0,0,0,0,0,1,0,0,1,0,1,1,1,1,1,1,1,1,1
40977367,카니발 4세대,2670,1,96960,2151,9,4,0,1,0,0,0,1,0,1,0,0,0,1,0,0,1,1,1,1,1,1,1,1,1
41557822,셀토스,2090,1,52678,1591,5,6,1,1,0,1,0,0,0,1,0,0,0,1,0,1,1,1,1,0,1,0,1,1,1
41558817,카니발 4세대,3900,1,71895,2151,9,5,1,1,0,0,0,1,0,0,1,0,0,1,0,0,1,1,1,1,1,1,1,1,1
41542146,스포티지 5세대,2990,1,60026,1598,5,3,0,1,0,1,0,0,0,0,0,1,0,1,0,0,1,1,1,1,1,1,1,1,1
41483834,스포티지 5세대 하이브리드,2730,1,118327,1598,5,3,3,1,0,0,1,0,0,0,1,0,0,1,0,1,1,1,1,1,1,1,1,1,1
41517428,스포티지 5세대,2860,1,68036,1598,5,3,1,1,0,1,0,0,0,1,0,0,0,1,0,0,1,1,1,1,1,1,1,1,1
41504385,올 뉴 K7,1620,1,82927,2359,5,9,1,1,0,1,0,0,0,0,1,0,0,0,1,0,1,1,1,1,1,1,1,1,1
41510687,카니발 4세대,2990,1,89341,2151,9,5,0,1,0,0,0,1,0,0,1,0,0,1,0,0,1,1,1,1,1,1,1,1,1
41587253,올 뉴 K3,1330,1,63312,1598,5,7,4,1,0,1,0,0,0,0,0,1,0,0,1,0,0,1,1,1,1,1,1,1,1
41585366,레이,999,1,56968,998,5,10,4,1,0,1,0,0,0,0,1,0,0,0,1,0,0,1,1,1,1,1,1,0,1
41562265,니로 EV,1349,1,166618,180,5,6,4,1,0,0,0,0,1,1,0,0,0,1,0,0,1,1,1,1,1,1,1,1,1
41575960,더 뉴 기아 레이 EV,2050,1,47327,133,4,1,0,1,0,0,0,0,1,0,1,0,0,0,1,0,0,1,1,1,1,1,1,1,1
41568309,스포티지 더 볼드,1580,1,130479,1995,5,7,6,1,0,0,0,1,0,1,0,0,0,1,0,1,1,1,1,1,1,1,1,1,1
41564048,더 뉴 K5 3세대,3270,1,10157,1598,5,1,0,1,0,1,0,0,0,0,0,1,0,0,1,0,1,1,1,1,1,1,1,1,1
41610345,모하비,1080,1,126030,2959,7,12,0,1,0,0,0,1,0,1,0,0,0,1,0,1,0,1,1,1,1,1,1,1,1
41611279,더 뉴 쏘렌토,1980,1,82067,2199,7,8,3,1,0,0,0,1,0,0,0,1,0,1,0,0,1,1,1,1,1,1,1,1,1
41610060,올 뉴 K3,1250,1,64556,1598,5,7,6,1,0,1,0,0,0,1,0,0,0,0,1,0,0,1,1,0,1,1,1,1,1
41606545,카니발 4세대,2960,1,72437,3470,9,3,0,1,0,1,0,0,0,0,1,0,0,1,0,1,1,1,1,1,1,1,1,1,1
41604741,스포티지 5세대 하이브리드,2990,1,41630,1598,5,2,2,1,0,0,1,0,0,0,1,0,0,1,0,0,1,1,1,1,1,1,1,1,1
41606293,K5,475,1,168023,1998,5,15,16,1,0,1,0,0,0,1,0,0,0,0,1,1,0,1,1,1,1,1,1,1,1
41588365,더 뉴 모닝 (JA),1860,1,9489,998,5,1,0,1,0,1,0,0,0,1,0,0,0,0,1,0,1,1,1,1,1,1,1,1,1
41597046,더 뉴 레이,950,1,106317,998,5,8,6,1,0,1,0,0,0,0,0,0,1,0,1,0,0,1,1,1,1,1,1,0,1
41619325,K8,1890,1,145252,3470,5,4,3,1,1,0,0,0,0,0,1,0,0,0,1,1,1,1,1,1,1,1,1,1,1
41606297,올 뉴 카니발,1650,1,102446,2199,9,10,9,1,0,0,0,1,0,0,1,0,0,1,0,0,0,1,1,1,1,1,1,1,1
41604709,카니발 4세대,3300,1,96793,3470,9,5,1,1,0,1,0,0,0,0,1,0,0,1,0,0,1,1,1,1,1,1,1,1,1
41651537,더 뉴 쏘렌토 4세대,3490,1,49449,2151,5,2,0,1,0,0,0,1,0,0,0,1,0,1,0,0,1,1,1,1,1,1,1,1,1
41654658,더 뉴 K3 2세대,1960,1,85586,1598,5,3,12,1,0,1,0,0,0,1,0,0,0,0,1,0,1,1,1,1,1,1,1,1,1
41584390,스포티지 5세대 하이브리드,2850,1,54875,1598,5,4,1,1,0,0,1,0,0,1,0,0,0,1,0,0,1,1,1,1,1,1,1,1,1
41565746,모닝 어반 (JA),1100,1,113203,998,5,4,0,1,0,1,0,0,0,0,0,0,1,0,1,0,0,1,1,1,1,1,1,1,1
41632685,레이,750,1,62508,998,5,12,4,1,0,1,0,0,0,0,1,0,0,0,1,0,0,1,1,0,1,0,1,0,1
41616652,카니발 4세대,3090,1,48431,3470,9,3,1,1,0,1,0,0,0,0,0,1,0,1,0,0,1,1,1,1,1,1,1,1,1
41427499,K8 하이브리드,2220,1,127168,1598,5,4,6,1,0,0,1,0,0,0,0,1,0,0,1,0,1,1,1,1,1,1,1,1,1
41550793,쏘렌토 4세대,3140,1,80048,1598,5,3,3,1,0,0,1,0,0,1,0,0,0,1,0,1,1,1,1,1,1,1,1,1,1
41658240,카니발 4세대,3640,1,37882,3470,9,4,4,1,0,1,0,0,0,0,1,0,0,1,0,0,1,1,1,1,1,1,1,1,1
41147834,모하비 더 마스터,3490,1,104871,2959,5,4,0,1,0,0,0,1,0,0,1,0,0,1,0,0,1,1,1,1,1,1,1,1,1
41495531,더 뉴 K5 2세대,1750,1,56041,1999,5,7,1,1,0,1,0,0,0,0,1,0,0,0,1,0,1,1,1,1,1,1,1,1,1
41656923,더 뉴 K7,680,1,182533,2999,5,13,8,1,0,1,0,0,0,0,1,0,0,0,1,0,0,1,1,1,1,1,1,1,1
41590083,K7,450,1,118522,2656,5,15,0,1,0,1,0,0,0,0,1,0,0,0,1,1,0,1,1,1,1,1,1,0,1
41047309,올 뉴 카니발,1050,1,195059,2199,7,10,3,1,0,0,0,1,0,0,1,0,0,1,0,1,0,1,1,1,1,1,1,1,1
41399113,K7 프리미어,1390,1,238025,2497,5,6,2,1,0,1,0,0,0,0,1,0,0,0,1,0,1,1,1,1,1,1,1,1,1
41595295,모닝 어반 (JA),1200,1,47340,998,5,4,2,1,0,1,0,0,0,0,1,0,0,0,1,0,0,1,1,1,1,1,1,1,1
41486890,카니발 4세대,3290,1,67631,3470,9,5,0,1,0,1,0,0,0,0,1,0,0,1,0,0,1,1,1,1,1,1,1,1,1
41408873,더 뉴 스포티지 5세대,3350,1,6946,1598,5,1,0,1,0,1,0,0,0,0,1,0,0,1,0,0,1,1,1,1,1,1,1,1,1
41156070,더 뉴 K3 2세대,1499,1,84226,1598,5,4,5,1,0,1,0,0,0,0,0,1,0,0,1,0,0,1,1,1,1,1,1,1,1
40825671,모하비 더 마스터,3590,1,85449,2959,7,5,1,1,0,0,0,1,0,0,0,1,0,1,0,1,1,1,1,1,1,1,1,1,1
41633612,스팅어 마이스터,3090,1,44503,3342,5,5,1,1,0,1,0,0,0,1,0,0,0,0,1,0,1,1,1,1,1,1,1,1,1
41304484,올 뉴 K7,1190,1,169620,3342,5,9,2,1,0,1,0,0,0,1,0,0,0,0,1,1,1,1,1,1,1,1,1,1,1
41276469,올 뉴 카니발,990,1,185283,2199,9,10,1,1,0,0,0,1,0,1,0,0,0,1,0,0,0,1,1,1,1,1,1,1,1
41657315,더 뉴 기아 레이,1770,1,13001,998,5,3,0,1,0,1,0,0,0,1,0,0,0,0,1,0,0,1,1,1,1,1,1,1,1
41647369,더 뉴 모닝 (JA),1900,1,26868,998,5,1,0,1,0,1,0,0,0,1,0,0,0,0,1,1,1,1,1,1,1,1,1,1,1
41635954,카니발 4세대,3390,1,110675,3470,9,4,0,1,0,1,0,0,0,0,1,0,0,1,0,0,1,1,1,1,1,1,1,1,1
41653813,모닝 어반 (JA),1480,1,23771,998,5,5,0,1,0,1,0,0,0,1,0,0,0,0,1,0,0,1,1,1,1,1,1,1,1
41635672,EV6,3950,1,59532,111,5,3,5,1,0,0,0,0,1,1,0,0,0,0,1,1,1,1,1,1,1,1,1,0,0
41466166,올 뉴 K7,1300,1,116097,2359,5,7,4,1,0,1,0,0,0,0,0,1,0,0,1,0,1,1,1,1,1,1,1,1,1
41526660,카니발 4세대,4680,1,48253,3470,9,3,3,1,0,1,0,0,0,0,1,0,0,1,0,0,1,1,1,1,1,1,1,1,1
41421807,K7 프리미어,1999,1,105295,2497,5,6,5,1,0,1,0,0,0,1,0,0,0,0,1,0,1,1,1,1,1,1,1,1,1
41425394,더 뉴 니로,1730,1,54901,1580,5,5,2,1,0,0,1,0,0,0,0,1,0,1,0,0,0,1,1,1,1,1,1,0,1
41416680,올 뉴 모닝,510,1,120042,998,5,11,3,1,0,1,0,0,0,1,0,0,0,0,1,0,0,1,1,1,1,0,1,0,1
41391399,쏘렌토 4세대,2550,1,129918,2497,5,5,3,1,0,1,0,0,0,1,0,0,0,1,0,0,1,1,1,1,1,1,1,1,1
41400913,K5 3세대,1880,1,125527,1598,5,6,8,1,0,1,0,0,0,1,0,0,0,0,1,0,1,1,1,1,1,1,1,1,1
41382432,K8 하이브리드,2350,1,97983,1598,5,4,5,1,0,0,1,0,0,0,1,0,0,0,1,0,1,1,1,1,1,1,1,1,1
41358874,더 뉴 K7,890,1,108043,2999,5,12,4,1,0,1,0,0,0,1,0,0,0,0,1,0,0,1,1,1,1,1,1,1,1
41374029,더 뉴 K9 2세대,2799,1,134516,3778,5,4,3,1,0,1,0,0,0,0,1,0,0,0,1,0,1,1,1,1,1,1,1,1,1
40833198,셀토스,2090,1,99821,1591,5,4,0,1,0,1,0,0,0,1,0,0,0,1,0,1,1,1,1,1,1,1,1,1,1
40989014,더 뉴 니로,1570,1,121594,1580,5,4,0,1,0,0,1,0,0,0,0,1,0,1,0,0,0,1,1,1,1,1,1,0,1
41242698,더 뉴 쏘렌토 4세대,4150,1,13671,2151,5,1,1,1,0,0,0,1,0,1,0,0,0,1,0,1,1,1,1,1,1,1,1,1,1
41189232,더 뉴 카니발,1190,1,143310,2199,9,7,13,1,0,0,0,1,0,0,1,0,0,1,0,1,0,1,1,1,1,1,1,1,1
41241679,쏘렌토 4세대,3000,1,70259,1598,5,5,0,1,0,0,1,0,0,1,0,0,0,1,0,1,1,1,1,1,1,1,1,1,1
41133778,카니발 4세대,4170,1,43202,3470,9,3,2,1,0,1,0,0,0,1,0,0,0,1,0,0,1,1,1,1,1,1,1,1,1
41184085,올 뉴 K3,1170,1,100594,1598,5,7,0,1,0,1,0,0,0,1,0,0,0,0,1,0,0,1,1,0,1,0,1,1,1
41627330,K7 프리미어,2340,1,83868,2497,5,6,2,1,0,1,0,0,0,1,0,0,0,0,1,1,1,1,1,1,1,1,1,1,1
41625409,더 K9,3450,1,44358,3778,5,5,0,1,0,1,0,0,0,0,1,0,0,0,1,1,1,1,1,1,1,1,1,1,1
41572315,K7 프리미어,2390,1,45711,2999,5,6,5,1,0,1,0,0,0,0,1,0,0,0,1,0,1,1,1,1,1,1,1,1,1
41632176,올 뉴 카니발,1470,1,175336,2199,9,10,3,1,0,0,0,1,0,1,0,0,0,1,0,0,0,1,1,1,1,1,1,1,1
41617149,카니발 4세대,2920,1,77376,2151,9,5,4,1,0,0,0,1,0,1,0,0,0,1,0,1,1,1,1,1,1,1,1,1,1
41632115,더 뉴 카니발 4세대,3790,1,27989,3470,7,2,3,1,0,1,0,0,0,0,0,1,0,1,0,1,1,1,1,1,1,1,1,1,1
41650477,더 뉴 기아 레이,1650,1,46261,998,5,3,1,1,0,1,0,0,0,0,1,0,0,0,1,0,0,1,1,1,1,1,1,1,1
41345803,스포티지 5세대,9999,1,34648,1598,5,4,0,1,0,1,0,0,0,1,0,0,0,1,0,0,1,1,1,1,1,1,1,1,1
41301964,더 뉴 K3 2세대,1299,1,102538,1598,5,4,11,1,0,1,0,0,0,1,0,0,0,0,1,0,0,1,1,1,1,1,1,0,1
41314706,레이,830,1,82132,998,5,11,3,1,0,1,0,0,0,1,0,0,0,0,1,0,0,1,1,1,1,1,1,0,1
41267650,스포티지 5세대,2270,1,65094,1998,5,4,0,1,0,0,0,1,0,0,0,1,0,1,0,0,1,1,1,1,1,1,1,1,1
41256948,카니발 4세대,4180,1,13087,2151,9,3,1,1,0,0,0,1,0,1,0,0,0,1,0,1,1,1,1,1,1,1,1,1,1
41272744,K5 하이브리드 3세대,2550,1,57317,1999,5,5,1,1,0,0,1,0,0,0,1,0,0,0,1,1,1,1,1,1,1,1,1,1,1
40815942,올 뉴 카니발,970,1,174093,2199,9,10,8,1,0,0,0,1,0,0,0,1,0,1,0,1,0,1,1,1,1,1,1,1,1
40869904,타스만,5380,1,6043,2497,5,0,0,1,0,1,0,0,0,0,1,0,0,1,0,1,1,1,1,1,1,1,1,1,1
41253451,카니발 4세대,2170,1,131339,2151,9,3,0,1,0,0,0,1,0,1,0,0,0,1,0,0,1,1,1,1,1,1,1,1,1
41241635,K8 하이브리드,3090,1,90981,1598,5,4,4,1,0,0,1,0,0,0,1,0,0,0,1,0,1,1,1,1,1,1,1,1,1
41184849,카니발 4세대,4000,1,41650,3470,7,3,0,1,0,1,0,0,0,0,1,0,0,1,0,0,1,1,1,1,1,1,1,1,1
41282167,올 뉴 쏘렌토,920,1,129377,1995,5,10,17,1,0,0,0,1,0,0,0,1,0,1,0,0,0,1,1,1,1,1,1,0,1
41304467,쏘렌토 4세대,3150,1,12551,2497,5,3,7,1,0,1,0,0,0,1,0,0,0,1,0,0,1,1,1,1,1,1,1,1,1
41652478,올 뉴 카니발,700,1,203951,2199,9,11,15,1,0,0,0,1,0,0,1,0,0,1,0,1,0,1,1,1,1,1,1,1,1
41530495,올 뉴 모닝 (JA),980,1,52511,998,5,8,0,1,0,1,0,0,0,0,0,1,0,0,1,0,0,1,1,1,1,1,1,0,1
41565599,K7 프리미어,2050,1,86473,2497,5,6,1,1,0,1,0,0,0,0,1,0,0,0,1,0,1,1,1,1,1,1,1,1,1
41545764,쏘렌토 R,460,1,158977,2199,7,16,9,1,0,0,0,1,0,0,0,1,0,1,0,0,0,1,0,1,0,1,1,1,1
41525301,더 뉴 니로,2020,1,36460,1580,5,6,0,1,0,0,1,0,0,0,0,1,0,1,0,0,0,1,1,1,1,1,1,0,1
41498346,레이,490,1,128277,998,5,9,3,1,0,1,0,0,0,0,0,0,1,0,1,0,0,1,0,0,0,0,1,0,1
41660941,스포티지 5세대 하이브리드,2890,1,60549,1598,5,2,21,1,0,0,1,0,0,1,0,0,0,1,0,0,1,1,1,1,1,1,1,1,1
41443863,스포티지 4세대,1580,1,66263,1995,5,8,0,1,0,0,0,1,0,0,0,0,1,1,0,0,0,1,1,1,1,1,1,1,1
41496453,스포티지 4세대,1599,1,38967,1995,5,9,7,1,0,0,0,1,0,0,0,0,1,1,0,0,0,1,1,0,1,1,1,1,1
41661124,모닝 어반 (JA),1380,1,24238,998,5,3,2,1,0,1,0,0,0,1,0,0,0,0,1,0,0,1,1,0,1,0,1,1,1
41643488,니로 EV,1280,1,259152,180,5,4,1,1,0,0,0,0,1,1,0,0,0,1,0,0,1,1,1,1,1,1,1,1,1
41654902,카니발 4세대,2890,1,92293,2151,9,5,4,1,0,0,0,1,0,0,1,0,0,1,0,0,1,1,1,1,1,1,1,1,1
41543190,올 뉴 쏘렌토,1270,1,151601,1995,5,11,8,1,0,0,0,1,0,1,0,0,0,1,0,1,0,1,1,1,1,1,1,1,1
41658436,더 뉴 카니발,1210,1,131289,2199,9,7,7,1,0,0,0,1,0,0,1,0,0,1,0,1,0,1,1,1,1,1,1,1,1
41404450,카니발 4세대,2690,1,60922,2151,11,3,1,1,0,0,0,1,0,1,0,0,0,1,0,0,1,1,1,1,1,1,1,1,1
41404714,K8,2690,1,82249,2497,5,4,0,1,0,1,0,0,0,0,1,0,0,0,1,0,0,0,0,0,0,0,0,0,0
41415563,카니발 4세대,2590,1,73139,3470,9,4,8,1,0,1,0,0,0,0,0,0,1,1,0,0,1,1,1,1,1,1,1,1,1
41396899,쏘렌토 4세대,3200,1,33644,2497,5,3,5,1,0,1,0,0,0,0,0,1,0,1,0,1,1,1,1,1,1,1,1,1,1
41394385,K5 3세대,1650,1,63170,1999,5,5,2,1,1,0,0,0,0,0,1,0,0,0,1,1,1,1,1,0,1,0,1,0,1
41385640,카니발 4세대,4260,1,78795,2151,9,3,1,1,0,0,0,1,0,1,0,0,0,1,0,0,1,1,1,1,1,1,1,1,1
41375901,더 뉴 쏘렌토,1530,1,112010,2199,7,8,6,1,0,0,0,1,0,0,0,1,0,1,0,0,1,1,1,1,1,1,1,1,1
41379841,올 뉴 K3,1470,1,59090,1598,5,5,8,1,0,1,0,0,0,0,1,0,0,0,1,0,0,1,1,1,1,1,1,1,1
41378776,더 뉴 모닝,720,1,68715,998,5,10,4,1,0,1,0,0,0,0,0,1,0,0,1,0,0,1,1,0,1,1,1,0,1
41384919,레이,720,1,178779,998,5,13,5,1,0,0,1,0,0,1,0,0,0,0,1,0,0,1,0,1,1,0,1,0,1
41376979,쏘렌토 4세대,2740,1,48616,2151,6,5,2,1,0,0,0,1,0,0,0,1,0,1,0,0,1,1,1,1,1,1,1,1,1
41348154,그랜드 카니발,189,1,192276,2902,11,19,2,1,0,0,0,1,0,0,0,0,1,1,0,1,0,1,0,1,0,0,1,0,1
41359457,카니발 4세대,2540,1,143126,2151,9,5,0,1,0,0,0,1,0,0,1,0,0,1,0,1,1,1,1,1,1,1,1,1,1
40880758,올 뉴 카렌스,550,1,176908,1999,7,10,0,1,1,0,0,0,0,0,0,1,0,1,0,0,0,1,1,0,0,0,1,0,1
40925980,스포티지 5세대,2740,1,40569,1598,5,4,4,1,0,1,0,0,0,0,1,0,0,1,0,1,1,1,1,1,1,1,1,1,1
40919179,스포티지 5세대,2650,1,71602,1598,5,4,3,1,0,1,0,0,0,1,0,0,0,1,0,1,1,1,1,1,1,1,1,1,1
41157471,올 뉴 모닝,490,1,80800,998,5,13,0,1,0,1,0,0,0,1,0,0,0,0,1,0,0,1,1,1,1,0,1,0,1
41154247,더 뉴 카니발 4세대,3622,1,2000,3470,9,1,0,1,0,1,0,0,0,0,1,0,0,1,0,0,1,1,1,1,1,1,1,1,1
41138518,올 뉴 모닝,520,1,85073,998,5,14,13,1,0,1,0,0,0,1,0,0,0,0,1,0,0,1,1,0,1,1,1,0,1
41113400,더 뉴 레이,1170,1,40596,998,5,5,8,1,0,1,0,0,0,1,0,0,0,0,1,0,0,1,1,0,1,0,1,0,1
41077213,더 뉴 K5 2세대,1390,1,25783,1999,5,7,16,1,0,1,0,0,0,0,0,1,0,0,1,0,1,1,1,1,1,1,1,1,1
41107093,더 뉴 카니발,2890,1,94792,3342,9,7,2,1,0,1,0,0,0,0,1,0,0,1,0,0,1,1,1,1,1,1,1,1,1
41073198,더 뉴 카니발 4세대,5760,1,4000,1598,9,0,0,1,0,0,1,0,0,0,1,0,0,1,0,0,1,1,1,1,1,1,1,1,1
41046781,더 K9,2499,1,110558,3778,5,5,1,1,0,1,0,0,0,1,0,0,0,0,1,0,1,1,1,1,1,1,1,1,1
41026750,모하비,1050,1,168279,2959,7,11,12,1,0,0,0,1,0,0,0,1,0,1,0,1,0,1,1,1,1,1,1,1,1
41012359,모하비 더 마스터,4450,1,49226,2959,6,4,0,1,0,0,0,1,0,1,0,0,0,1,0,1,1,1,1,1,1,1,1,1,1
41025019,K5 하이브리드 3세대,2650,1,16314,1999,5,3,0,1,0,0,1,0,0,0,0,1,0,0,1,0,1,1,1,1,1,1,1,1,1
40940906,올 뉴 K3,1750,1,39753,1598,5,6,1,1,0,1,0,0,0,1,0,0,0,0,1,0,1,1,1,1,1,1,1,1,1
41332070,K8 하이브리드,2040,1,146370,1598,5,4,1,1,0,0,1,0,0,0,1,0,0,0,1,0,1,1,1,1,1,1,1,1,1
41339537,올 뉴 카니발,1550,1,156128,2199,9,8,4,1,0,0,0,1,0,1,0,0,0,1,0,0,0,1,1,1,1,1,1,1,1
41341419,카니발 4세대,3650,1,32000,2151,9,5,0,1,0,0,0,1,0,1,0,0,0,1,0,0,1,1,1,1,1,1,1,1,1
41336407,EV6,3150,1,52911,111,5,4,1,1,0,0,0,0,1,1,0,0,0,0,1,1,1,1,1,1,1,1,1,1,1
41252341,더 뉴 셀토스,2270,1,54966,1598,5,2,2,1,0,1,0,0,0,1,0,0,0,1,0,0,0,1,1,1,1,1,1,1,1
41245002,K3,670,1,140330,1591,5,11,5,1,0,1,0,0,0,1,0,0,0,0,1,1,0,1,1,1,1,1,1,0,1
41244515,쏘렌토 4세대,3380,1,90493,1598,5,4,0,1,0,0,1,0,0,1,0,0,0,1,0,1,1,1,1,1,1,1,1,1,1
41238322,올 뉴 K3,1160,1,46105,1598,5,7,1,1,0,1,0,0,0,1,0,0,0,0,1,0,0,1,1,0,1,1,1,0,1
41235603,더 뉴 쏘렌토,1199,1,182514,2199,5,8,17,1,0,0,0,1,0,1,0,0,0,1,0,0,0,1,0,1,1,0,1,1,1
41227454,셀토스,1950,1,59526,1591,5,4,0,1,0,1,0,0,0,1,0,0,0,1,0,0,1,1,1,1,1,1,1,0,1
41175393,더 뉴 카니발 4세대,4320,1,32158,3470,7,1,0,1,0,1,0,0,0,1,0,0,0,1,0,0,1,1,1,1,1,1,1,1,1
41199351,더 뉴 셀토스,1960,1,65885,1598,5,3,2,1,0,1,0,0,0,1,0,0,0,1,0,0,0,1,1,1,1,1,1,1,1
41102826,쏘렌토 4세대,4100,1,48429,1598,5,3,0,1,0,0,1,0,0,1,0,0,0,1,0,0,1,1,1,1,1,1,1,1,1
40929397,카니발 4세대,4429,1,37685,2151,7,3,0,1,0,0,0,1,0,1,0,0,0,1,0,1,1,1,1,1,1,1,1,1,1
41026714,스포티지 5세대,2460,1,98371,1998,5,3,8,1,0,0,0,1,0,0,0,1,0,1,0,0,1,1,1,1,1,1,1,0,1
41026637,K5 3세대,1799,1,56845,1598,5,5,27,1,0,1,0,0,0,1,0,0,0,0,1,1,1,1,1,1,1,1,1,1,1
41026425,스포티지 5세대,2850,1,36393,1598,5,4,0,1,0,1,0,0,0,1,0,0,0,1,0,0,1,1,1,1,1,1,1,1,1
41322295,K8,2480,1,54812,3470,5,3,12,1,1,0,0,0,0,1,0,0,0,0,1,1,1,1,1,1,1,1,1,1,1
41339634,포르테 쿱,499,1,72993,1591,5,13,8,1,0,1,0,0,0,1,0,0,0,0,1,1,1,1,1,0,1,1,1,0,1
41306129,더 뉴 셀토스,2150,1,27726,1598,5,2,0,1,0,1,0,0,0,0,0,1,0,1,0,0,0,1,1,1,1,1,1,0,1
41281374,올 뉴 카니발,998,1,197949,2199,7,10,7,1,0,0,0,1,0,1,0,0,0,1,0,0,0,1,1,1,1,1,1,1,1
41254255,쏘렌토 4세대,2950,1,50862,2151,5,4,3,1,0,0,0,1,0,1,0,0,0,1,0,0,1,1,1,1,1,1,1,1,1
41249047,올 뉴 모닝 (JA),950,1,40871,998,5,6,3,1,0,1,0,0,0,1,0,0,0,0,1,0,0,1,1,0,1,0,1,0,1
41247649,더 뉴 모닝 (JA),1560,1,26370,998,5,1,0,1,0,1,0,0,0,1,0,0,0,0,1,0,0,1,1,1,1,1,1,1,1
37397180,올 뉴 프라이드,590,1,80261,1591,5,13,2,1,0,1,0,0,0,1,0,0,0,0,1,0,0,1,1,1,1,1,1,0,1
39292889,더 뉴 쏘렌토 4세대,2440,1,15526,1598,6,2,2,1,0,0,1,0,0,1,0,0,0,1,0,1,1,1,1,1,1,1,1,1,1
39792939,더 뉴 스포티지 5세대 하이브리드,2150,1,1600,1598,5,1,0,1,0,0,1,0,0,1,0,0,0,1,0,1,1,1,1,1,1,1,1,1,1
39867775,올 뉴 카렌스,777,1,164029,1999,7,10,2,1,1,0,0,0,0,1,0,0,0,1,0,0,0,1,0,1,1,0,1,1,1
39879935,모하비,990,1,215298,2959,7,11,2,1,0,0,0,1,0,1,0,0,0,1,0,1,0,1,1,1,1,1,1,1,1
40430414,K5,549,1,114912,1998,5,15,7,1,0,1,0,0,0,1,0,0,0,0,1,1,0,1,1,1,1,0,1,1,1
38910938,더 K9,2500,1,72095,3342,5,7,15,1,0,1,0,0,0,1,0,0,0,0,1,0,1,1,1,1,1,1,1,1,1
40315117,K7 하이브리드,690,1,140202,2359,5,12,11,1,0,0,1,0,0,1,0,0,0,0,1,0,0,1,1,1,1,1,1,1,1
41404830,더 뉴 카니발,820,1,188525,2199,9,7,22,1,0,0,0,1,0,0,1,0,0,1,0,0,1,1,1,0,1,0,1,1,1
41400171,스포티지 4세대,950,1,206583,1995,5,9,10,1,0,0,0,1,0,1,0,0,0,1,0,0,0,1,1,1,1,1,1,1,1
41413749,레이,790,1,100552,998,5,12,11,1,0,1,0,0,0,0,1,0,0,0,1,0,0,1,1,1,1,1,1,0,1
41394423,더 뉴 쏘렌토 4세대,4590,1,10842,1598,5,1,0,1,0,0,1,0,0,0,0,1,0,1,0,0,1,1,1,1,1,1,1,1,1
41383588,스포티지 5세대,2000,1,133359,1598,5,4,0,1,0,1,0,0,0,0,0,1,0,1,0,0,1,1,1,1,1,1,1,1,1
41359651,스포티지 5세대,2520,1,58505,1998,5,4,0,1,0,0,0,1,0,0,0,1,0,1,0,0,1,1,1,1,1,1,1,0,1
38836535,스팅어,1499,1,135164,1998,5,8,9,1,0,1,0,0,0,0,1,0,0,0,1,1,1,1,1,1,1,1,1,1,1
40525019,카니발 4세대,3380,1,58435,3470,9,5,0,1,0,1,0,0,0,0,1,0,0,1,0,0,1,1,1,1,1,1,1,1,1
40631158,더 뉴 K3,630,1,172245,1582,5,10,14,1,0,0,0,1,0,1,0,0,0,0,1,1,0,1,1,1,1,1,1,1,1
40710409,더 뉴 레이,599,1,138089,998,2,5,5,1,0,1,0,0,0,1,0,0,0,0,1,0,0,1,0,0,0,0,0,0,0
40614142,더 뉴 K5,399,1,179174,1999,5,12,21,1,0,1,0,0,0,0,0,1,0,0,1,0,0,1,1,1,1,1,1,0,1
41554641,K9,880,1,103019,3342,5,12,3,1,0,1,0,0,0,0,1,0,0,0,1,0,0,1,1,1,1,1,1,1,1
41544675,더 뉴 K5,400,1,199580,1999,5,12,2,1,1,0,0,0,0,1,0,0,0,0,1,0,0,1,1,0,1,1,0,0,1
41539704,더 뉴 카니발,2520,1,63051,2199,7,7,0,1,0,0,0,1,0,1,0,0,0,1,0,0,1,1,1,1,1,1,1,1,1
41527561,올 뉴 모닝 (JA),1100,1,46766,998,5,6,2,1,0,1,0,0,0,1,0,0,0,0,1,0,0,1,1,1,1,1,1,0,1
41542757,올 뉴 카니발,849,1,260777,2199,9,8,4,1,0,0,0,1,0,0,0,1,0,1,0,1,0,1,1,1,1,1,1,1,1
41534926,올 뉴 쏘렌토,890,1,169921,1995,7,10,4,1,0,0,0,1,0,0,0,1,0,1,0,0,0,1,1,1,1,1,1,1,1
41459828,K5 3세대,1670,1,116611,1999,5,6,3,1,0,1,0,0,0,1,0,0,0,0,1,0,1,1,1,1,1,1,1,1,1
41459280,올 뉴 카니발,1530,1,100645,2199,7,9,6,1,0,0,0,1,0,0,0,1,0,1,0,1,0,1,1,1,1,1,1,1,1
41454858,모하비 더 마스터,4690,1,23271,2959,6,2,4,1,0,0,0,1,0,0,0,0,1,1,0,0,1,1,1,1,1,1,1,1,1
41458763,카니발 4세대,3900,1,74592,2151,9,5,0,1,0,0,0,1,0,0,1,0,0,1,0,0,1,1,1,1,1,1,1,1,1
41457106,K5 3세대,2050,1,92861,1999,5,5,1,1,0,1,0,0,0,1,0,0,0,0,1,0,1,1,1,1,1,1,1,1,1
41464751,디 올 뉴 니로,2550,1,43195,1580,5,2,7,1,0,0,1,0,0,1,0,0,0,1,0,0,1,1,1,1,1,1,1,1,1
41444070,디 올 뉴 니로,2520,1,81867,1580,5,4,0,1,0,0,1,0,0,0,1,0,0,1,0,1,1,1,1,1,1,1,1,1,1
41440341,더 뉴 K9 2세대,3520,1,106747,3342,5,4,9,1,0,1,0,0,0,0,1,0,0,0,1,0,1,1,1,1,1,1,1,1,1
41431380,스포티지 더 볼드,1420,1,154571,1999,5,7,2,1,0,1,0,0,0,1,0,0,0,1,0,0,0,1,1,0,1,1,1,1,1
41424591,더 뉴 레이,790,1,107229,998,5,8,6,1,0,1,0,0,0,0,1,0,0,0,1,0,0,1,1,1,1,1,1,0,1
41421794,더 뉴 쏘렌토,2199,1,58150,1995,5,6,5,1,0,0,0,1,0,0,1,0,0,1,0,0,1,1,1,1,1,1,1,1,1
41420113,스포티지 4세대,1240,1,101207,1995,5,8,1,1,0,0,0,1,0,0,1,0,0,1,0,0,0,1,1,0,0,1,0,0,1
41512248,더 뉴 레이,820,1,42233,998,2,4,1,1,0,1,0,0,0,1,0,0,0,0,1,0,0,1,0,0,0,0,0,0,0
41525484,올 뉴 쏘렌토,1299,1,133178,1995,5,10,9,1,0,0,0,1,0,0,1,0,0,1,0,0,0,1,1,1,1,1,1,1,1
41513468,더 뉴 기아 레이,1680,1,14537,998,5,3,6,1,0,1,0,0,0,0,1,0,0,0,1,0,0,1,1,1,1,1,1,1,1
41508001,더 뉴 모하비,1650,1,123985,2959,7,9,3,1,0,0,0,1,0,0,0,1,0,1,0,1,0,1,1,1,1,1,1,1,1
41504102,카니발 4세대,2590,1,112802,2151,9,5,6,1,0,0,0,1,0,0,0,1,0,1,0,0,1,1,1,1,1,1,1,1,1
41504084,더 뉴 기아 레이,950,1,105051,998,2,3,10,1,0,1,0,0,0,1,0,0,0,0,1,0,0,1,0,0,1,0,1,0,1
41501473,K3,350,1,138788,1582,5,11,6,1,0,0,0,1,0,0,1,0,0,0,1,0,0,1,1,1,1,1,1,0,1
41491451,K8 하이브리드,2850,1,86447,1598,5,4,2,1,0,0,1,0,0,0,1,0,0,0,1,0,1,1,1,1,1,1,1,1,1
41498267,K8,2600,1,61231,2497,5,4,0,1,0,1,0,0,0,1,0,0,0,0,1,1,1,1,1,1,1,1,1,1,1
41594509,K8 하이브리드,3699,1,30395,1598,5,2,0,1,0,0,1,0,0,0,1,0,0,0,1,0,1,1,1,1,1,1,1,1,1
41587393,뉴 쏘렌토 R,590,1,246562,1995,5,12,1,1,0,0,0,1,0,1,0,0,0,1,0,0,0,1,1,1,1,1,1,1,1
41586114,올 뉴 카니발,1650,1,59854,2199,9,9,4,1,0,0,0,1,0,1,0,0,0,1,0,0,0,1,1,1,1,1,1,1,1
41584554,카니발 4세대,2170,1,129844,2151,9,5,2,1,0,0,0,1,0,1,0,0,0,1,0,0,1,1,1,1,1,1,1,1,1
41583577,K5 3세대,1650,1,114544,1999,5,3,1,1,1,0,0,0,0,0,0,1,0,0,1,0,1,1,1,0,1,0,1,0,1
41578589,K5 3세대,2350,1,40806,1999,5,5,0,1,0,1,0,0,0,1,0,0,0,0,1,0,1,1,1,1,1,1,1,1,1
41576800,쏘렌토 4세대,2830,1,102834,1598,5,3,4,1,0,0,1,0,0,1,0,0,0,1,0,0,1,1,1,1,1,1,1,1,1
41575021,스팅어 마이스터,3290,1,108129,3342,5,3,3,1,0,1,0,0,0,0,0,0,1,0,1,1,1,1,1,1,1,1,1,1,1
41569215,올 뉴 카니발,1050,1,151348,2199,9,10,2,1,0,0,0,1,0,0,0,1,0,1,0,1,0,1,1,1,1,1,1,1,1
41565751,K5 3세대,3850,1,28844,1999,5,4,0,1,0,1,0,0,0,0,0,1,0,0,1,0,1,1,1,1,1,1,1,1,1
41593924,EV6,3190,1,49143,111,5,4,7,1,0,0,0,0,1,1,0,0,0,0,1,1,1,1,1,1,1,1,1,1,1
41573977,레이,630,1,85555,998,5,14,7,1,0,1,0,0,0,1,0,0,0,0,1,0,0,1,1,1,1,1,1,0,1
41573612,스포티지 5세대,3480,1,41187,1598,5,2,0,1,0,1,0,0,0,1,0,0,0,1,0,1,1,1,1,1,1,1,1,1,1
41568703,더 뉴 모닝,540,1,98937,998,5,10,10,1,0,1,0,0,0,1,0,0,0,0,1,0,0,1,1,0,1,1,1,0,1
41556277,더 뉴 카니발,1420,1,133826,2199,9,6,4,1,0,0,0,1,0,1,0,0,0,1,0,0,1,1,1,1,1,1,1,1,1
41534246,쏘렌토 4세대,3420,1,42165,2151,5,5,0,1,0,0,0,1,0,0,0,1,0,1,0,0,1,1,1,1,1,1,1,1,1
41536643,스포티지 5세대,2750,1,38978,1998,5,4,3,1,0,0,0,1,0,1,0,0,0,1,0,0,1,1,1,1,1,1,1,1,1
41596643,올 뉴 카렌스,420,1,194457,1999,7,12,20,1,1,0,0,0,0,0,0,0,1,1,0,0,0,1,0,0,0,0,1,0,1
41596298,더 뉴 K9 2세대,2750,1,171424,3778,5,4,1,1,0,1,0,0,0,0,0,0,1,0,1,0,1,1,1,1,1,1,1,1,1
41589534,올 뉴 쏘렌토,850,1,175509,1995,5,10,5,1,0,0,0,1,0,1,0,0,0,1,0,0,0,1,1,1,1,1,1,1,1
41596479,카니발 R,499,1,143903,2199,11,13,7,1,0,0,0,1,0,0,1,0,0,1,0,1,0,1,0,1,0,0,1,0,1
41470972,카니발 4세대,2890,1,132307,2151,7,5,0,1,0,0,0,1,0,0,1,0,0,1,0,0,1,1,1,1,1,1,1,1,1
41472825,쏘렌토 4세대,3250,1,53650,1598,6,4,0,1,0,0,1,0,0,1,0,0,0,1,0,0,1,1,1,1,1,1,1,1,1
41462256,K5 3세대,2290,1,56237,1598,5,5,0,1,0,1,0,0,0,0,0,1,0,0,1,0,1,1,1,1,1,1,1,1,1
41463053,올 뉴 카니발,1290,1,135097,2199,9,10,2,1,0,0,0,1,0,0,1,0,0,1,0,1,0,1,1,1,1,1,1,1,1
41464056,더 뉴 EV6,3192,1,20309,0,5,1,0,1,0,0,0,0,1,0,0,1,0,0,1,0,1,1,1,1,1,1,1,1,1
41463790,셀토스,2310,1,50286,1591,5,3,1,1,0,1,0,0,0,1,0,0,0,1,0,1,1,1,1,1,1,1,1,1,1
41455903,뉴모닝,159,1,159091,999,5,17,11,1,1,0,0,0,0,0,0,1,0,0,1,0,0,1,0,0,0,0,1,0,1
41436248,올 뉴 모닝,468,1,87403,998,5,14,2,1,0,1,0,0,0,0,0,0,1,0,1,0,0,1,1,0,1,0,1,0,1
41516820,카니발 4세대,3600,1,22490,2151,11,3,0,1,0,0,0,1,0,0,0,0,1,1,0,0,1,1,1,1,1,1,1,1,1
41508706,K5 3세대,1750,1,100767,1999,5,6,7,1,0,1,0,0,0,1,0,0,0,0,1,0,1,1,1,1,1,1,1,1,1
41507784,올 뉴 카니발,950,1,152302,2199,9,10,15,1,0,0,0,1,0,1,0,0,0,1,0,0,0,1,1,1,1,1,1,1,1
41502246,K8,2050,1,108858,2497,5,4,1,1,0,1,0,0,0,0,1,0,0,0,1,0,1,1,1,1,1,1,1,1,1
41492050,셀토스,2350,1,84640,1591,5,4,1,1,0,1,0,0,0,1,0,0,0,1,0,1,1,1,1,1,1,1,1,1,1
41483020,올 뉴 모닝,488,1,106848,998,5,14,5,1,0,1,0,0,0,1,0,0,0,0,1,0,0,1,1,1,1,1,1,0,1
41475450,쏘렌토 4세대,2790,1,72943,2497,5,4,1,1,0,1,0,0,0,1,0,0,0,1,0,0,1,1,1,1,1,1,1,1,1
41556343,모하비 더 마스터,4490,1,52501,2959,6,5,2,1,0,0,0,1,0,0,1,0,0,1,0,1,1,1,1,1,1,1,1,1,1
41562188,쏘울,540,1,112866,1591,5,14,15,1,0,1,0,0,0,1,0,0,0,0,1,1,0,1,1,1,1,1,1,0,1
41552602,디 올 뉴 니로,2980,1,23229,1580,5,4,0,1,0,0,1,0,0,1,0,0,0,1,0,0,1,1,1,1,1,1,1,1,1
41473811,레이,610,1,179436,998,5,10,14,1,0,0,1,0,0,1,0,0,0,0,1,0,0,1,1,1,1,1,1,0,1
41459362,올 뉴 쏘렌토,1390,1,125313,2199,7,9,9,1,0,0,0,1,0,0,1,0,0,1,0,1,0,1,1,1,1,1,1,1,1
41457875,올 뉴 모닝,360,1,33494,998,5,14,6,1,0,1,0,0,0,0,0,1,0,0,1,0,0,1,0,0,0,0,1,0,1
41454785,더 뉴 카니발,1750,1,118739,2199,9,7,5,1,0,0,0,1,0,0,0,1,0,1,0,1,1,1,1,1,1,1,1,1,1
41438882,올 뉴 K7,1099,1,122506,3342,5,10,2,1,0,1,0,0,0,0,1,0,0,0,1,0,0,1,1,1,1,1,1,1,1
41446154,쏘렌토 4세대,3250,1,68153,2497,5,4,0,1,0,1,0,0,0,0,0,1,0,1,0,0,1,1,1,1,1,1,1,1,1
41457079,올 뉴 쏘렌토,1500,1,93770,2199,5,11,1,1,0,0,0,1,0,1,0,0,0,1,0,1,0,1,1,1,1,1,1,1,1
41444517,타스만,4150,1,10059,2497,5,0,0,1,0,1,0,0,0,0,0,1,0,1,0,0,1,1,1,1,1,1,1,1,1
41608571,더 뉴 K9 2세대,3650,1,132228,3342,5,4,4,1,0,1,0,0,0,0,1,0,0,0,1,0,1,1,1,1,1,1,1,1,1
41608092,뉴 쏘렌토 R,659,1,181798,1995,5,13,16,1,0,0,0,1,0,1,0,0,0,1,0,1,0,1,1,1,1,1,1,1,1
41656313,스포티지 5세대,9999,1,80210,1998,5,2,0,1,0,0,0,1,0,1,0,0,0,1,0,0,1,1,1,1,1,1,1,1,1
41658753,더 뉴 기아 레이,324,1,7,998,5,0,0,1,0,1,0,0,0,1,0,0,0,0,1,0,0,1,1,1,1,0,1,1,1
41658781,더 뉴 모닝 (JA),288,1,7,998,5,0,0,1,0,1,0,0,0,1,0,0,0,0,1,0,0,1,1,1,1,0,1,1,1
41656500,더 뉴 K3,690,1,91890,1591,5,10,3,1,0,1,0,0,0,0,0,0,1,0,1,0,0,1,1,0,0,1,1,0,1
41642657,올 뉴 카니발,1880,1,121334,3342,9,8,0,1,0,1,0,0,0,0,1,0,0,1,0,0,0,0,0,0,0,0,0,0,0
41655874,더 K9,2550,1,39386,3342,5,6,20,1,0,1,0,0,0,0,1,0,0,0,1,0,1,1,1,1,1,1,1,1,1
41641728,더 뉴 카니발,1390,1,73177,2199,9,7,4,1,0,0,0,1,0,0,1,0,0,1,0,0,0,1,1,0,1,0,1,1,1
41653055,스포티지 더 볼드,1880,1,77159,1598,5,4,0,1,0,0,0,1,0,1,0,0,0,1,0,0,0,1,1,1,1,1,1,1,1
41515862,더 뉴 스포티지 5세대 하이브리드,5150,1,1861,1598,5,0,0,1,0,0,1,0,0,0,0,1,0,1,0,1,1,1,1,1,1,1,1,1,1
41507277,K5 2세대,950,1,120920,1999,5,10,8,1,0,1,0,0,0,1,0,0,0,0,1,0,0,1,1,1,1,1,1,0,1
41505880,EV6,1990,1,205223,111,5,4,0,1,0,0,0,0,1,1,0,0,0,0,1,0,1,1,1,1,1,1,1,1,1
41515157,K5 하이브리드 3세대,1699,1,125931,1999,5,4,2,1,0,0,1,0,0,0,1,0,0,0,1,0,1,1,1,1,1,1,1,1,1
41516483,더 뉴 K5,450,1,212460,1999,5,12,14,1,1,0,0,0,0,1,0,0,0,0,1,0,0,1,0,1,1,0,1,0,1
41492120,모하비 더 마스터,3180,1,37227,2959,7,5,3,1,0,0,0,1,0,0,1,0,0,1,0,0,1,1,1,1,1,1,1,1,1
41483683,올 뉴 프라이드,320,1,139746,1591,5,14,11,1,0,1,0,0,0,1,0,0,0,0,1,0,0,1,1,1,0,0,1,0,1
41558825,더 뉴 카니발 4세대,7550,1,13859,3470,4,1,0,1,0,1,0,0,0,0,1,0,0,1,0,0,1,1,1,1,1,1,1,1,1
41611289,더 뉴 니로,2430,1,45110,1580,5,4,0,1,0,0,1,0,0,1,0,0,0,1,0,0,1,1,1,1,1,1,1,1,1
41614546,더 뉴 K7,9999,1,188804,2999,5,11,10,1,1,0,0,0,0,1,0,0,0,0,1,0,0,1,1,1,1,1,1,1,1
41614055,K5,320,1,191192,1998,5,15,22,1,1,0,0,0,0,1,0,0,0,0,1,0,0,0,1,0,0,1,0,0,1
41607506,스포티지 더 볼드,7777,1,76987,1598,5,4,2,1,0,0,0,1,0,0,0,0,1,1,0,0,1,1,1,1,1,1,1,1,1
41602530,올 뉴 모닝 (JA),1090,1,52990,998,5,6,0,1,0,1,0,0,0,0,1,0,0,0,1,1,0,1,0,1,1,0,1,0,1
41601601,올 뉴 모닝 (JA),869,1,95980,998,5,9,3,1,0,1,0,0,0,1,0,0,0,0,1,0,0,1,1,1,1,1,1,0,1
41606896,레이,760,1,123525,998,5,12,13,1,0,1,0,0,0,0,0,0,1,0,1,0,0,1,1,1,1,1,1,0,1
41597830,쏘렌토 4세대,3700,1,54877,1598,5,3,0,1,0,0,1,0,0,1,0,0,0,1,0,1,1,1,1,1,1,1,1,1,1
41647531,올 뉴 모닝 (JA),1050,1,46931,998,5,8,1,1,0,1,0,0,0,1,0,0,0,0,1,0,0,1,1,1,1,1,1,0,1
41652064,올 뉴 K3,1290,1,81100,1598,5,5,4,1,0,1,0,0,0,1,0,0,0,0,1,0,0,1,1,1,1,1,1,1,1
41639801,더 뉴 쏘렌토,2199,1,89518,1998,5,6,0,1,0,1,0,0,0,0,0,1,0,1,0,0,1,1,1,1,1,1,1,1,1
41566936,모하비,560,1,244384,2959,7,16,14,1,0,0,0,1,0,0,0,1,0,1,0,1,0,1,1,1,1,1,1,1,1
41546953,쏘렌토 4세대,2490,1,62959,2151,6,5,3,1,0,0,0,1,0,0,0,1,0,1,0,0,1,1,1,1,1,1,1,1,1
41541938,더 뉴 K5 하이브리드 3세대,2790,1,47711,1999,5,2,7,1,0,0,1,0,0,0,0,1,0,0,1,0,1,1,1,1,1,1,1,1,1
41526670,레이,599,1,84689,998,5,10,9,1,0,1,0,0,0,1,0,0,0,0,1,0,0,1,1,0,0,1,0,0,0
41569664,셀토스,1790,1,87634,1591,5,4,2,1,0,1,0,0,0,1,0,0,0,1,0,0,0,1,1,1,1,1,1,0,1
41592117,더 뉴 쏘렌토,2340,1,137942,1998,5,6,2,1,0,1,0,0,0,1,0,0,0,1,0,1,1,1,1,1,1,1,1,1,1
41577726,더 뉴 K3 2세대,2300,1,59373,1598,5,2,0,1,0,1,0,0,0,1,0,0,0,0,1,0,0,1,1,1,1,1,1,1,1
41573523,더 뉴 레이,950,1,37479,998,2,4,1,1,0,1,0,0,0,1,0,0,0,0,1,0,0,1,1,0,0,1,1,0,0
41573518,더 뉴 레이,850,1,77619,998,2,4,5,1,0,1,0,0,0,1,0,0,0,0,1,0,0,1,1,0,0,1,1,0,0
41573439,올 뉴 쏘렌토,1400,1,135823,1995,5,10,1,1,0,0,0,1,0,1,0,0,0,1,0,1,0,1,1,1,1,1,1,1,1
41569948,더 뉴 모닝 (JA),1450,1,47344,998,5,2,0,1,0,1,0,0,0,1,0,0,0,0,1,0,0,1,1,0,1,0,1,1,1
41628761,쏘렌토 4세대,3120,1,126658,1598,5,5,1,1,0,0,1,0,0,1,0,0,0,1,0,1,1,1,1,1,1,1,1,1,1
41632434,스포티지 4세대,1650,1,44394,1685,5,8,2,1,0,0,0,1,0,1,0,0,0,1,0,1,0,1,1,1,1,1,1,1,1
41621072,스포티지 5세대,2670,1,20669,1998,5,4,0,1,0,0,0,1,0,0,0,1,0,1,0,0,1,1,1,1,1,1,1,1,1
41616368,스포티지 5세대 하이브리드,3000,1,35083,1598,5,2,2,1,0,0,1,0,0,1,0,0,0,1,0,0,1,1,1,1,1,1,1,1,1
41328807,올 뉴 쏘렌토,990,1,171021,1995,7,11,5,1,0,0,0,1,0,1,0,0,0,1,0,0,0,1,1,1,1,1,1,1,1
41323084,더 뉴 K5 2세대,890,1,181139,1999,5,7,0,1,1,0,0,0,0,1,0,0,0,0,1,0,0,1,1,0,1,1,1,0,1
41587911,더 뉴 카니발 4세대,4190,1,16733,1598,9,2,0,1,0,0,1,0,0,1,0,0,0,1,0,0,1,1,1,1,1,1,1,1,1
41526387,더 뉴 카니발 4세대,4550,1,22733,1598,7,2,0,1,0,0,1,0,0,1,0,0,0,1,0,0,1,1,1,1,1,1,1,1,1
41606033,K5 2세대,670,1,165929,1999,5,10,0,1,1,0,0,0,0,1,0,0,0,0,1,0,0,1,1,1,1,1,1,0,1
41605463,더 뉴 카니발,1360,1,85893,2199,9,7,0,1,0,0,0,1,0,1,0,0,0,1,0,1,0,1,1,1,1,1,1,1,1
41595266,올 뉴 카니발,790,1,160797,2199,9,10,6,1,0,0,0,1,0,0,1,0,0,1,0,1,0,1,1,1,1,1,1,1,1
41209201,모하비,1050,1,136576,2959,7,14,4,1,0,0,0,1,0,0,0,1,0,1,0,1,0,1,1,1,1,1,1,1,1
40963669,뉴 쏘렌토 R,830,1,146458,1995,5,13,1,1,0,0,0,1,0,0,0,1,0,1,0,0,0,1,1,1,1,1,1,1,1
41478167,올 뉴 모닝 (JA),860,1,60590,998,5,9,3,1,0,1,0,0,0,0,0,1,0,0,1,0,0,1,1,1,1,1,1,0,1
41510646,K5 2세대,1250,1,116325,1998,5,10,3,1,0,1,0,0,0,1,0,0,0,0,1,1,0,1,1,1,1,1,1,1,1
41056292,더 뉴 K3,670,1,144536,1582,5,10,9,1,0,0,0,1,0,0,0,0,1,0,1,0,0,1,1,1,1,1,1,1,1
41542556,K5 3세대,1630,1,92420,1999,5,4,14,1,0,1,0,0,0,0,1,0,0,0,1,0,1,1,1,1,1,1,1,1,1
41623257,레이,480,1,117659,998,5,13,16,1,0,1,0,0,0,0,0,0,1,0,1,0,0,1,1,0,0,1,1,0,1
41498137,카니발 4세대,2850,1,78875,2151,9,3,8,1,0,0,0,1,0,1,0,0,0,1,0,0,1,1,1,1,1,1,1,1,1
41515055,더 뉴 카니발 4세대,4260,1,18451,2151,7,1,0,1,0,0,0,1,0,1,0,0,0,1,0,1,1,1,1,1,1,1,1,1,1
41570004,카니발 4세대,3120,1,54743,2151,9,3,1,1,0,0,0,1,0,0,1,0,0,1,0,0,1,1,1,1,1,1,1,1,1
40950713,셀토스,1399,1,139912,1598,5,6,0,1,0,0,0,1,0,1,0,0,0,1,0,0,0,1,1,1,1,1,1,1,1
41631256,쏘렌토 4세대,2950,1,116372,1598,6,5,1,1,0,0,1,0,0,0,0,1,0,1,0,1,1,1,1,1,1,1,1,1,1
41275718,스팅어 마이스터,3330,1,81021,2497,5,3,4,1,0,1,0,0,0,1,0,0,0,0,1,1,1,1,1,1,1,1,1,1,1
41303338,올 뉴 K7,950,1,152187,2359,5,9,10,1,0,1,0,0,0,0,0,1,0,0,1,0,1,1,1,1,1,1,1,1,1
41622507,디 올 뉴 니로,2880,1,55848,1580,5,4,3,1,0,0,1,0,0,0,0,1,0,1,0,0,1,1,1,1,1,1,1,1,1
41298698,더 뉴 모닝,590,1,136722,998,5,10,5,1,0,0,1,0,0,1,0,0,0,0,1,0,0,0,0,0,0,0,0,0,0
41486839,K5 하이브리드 2세대,1590,1,64540,1999,5,8,4,1,0,0,1,0,0,0,0,1,0,0,1,0,0,1,1,1,1,1,1,1,1
40811110,올 뉴 K7,1650,1,61026,2359,5,9,2,1,0,1,0,0,0,0,1,0,0,0,1,0,1,1,1,1,1,1,1,1,1
40915977,쏘렌토 4세대,2430,1,91072,2151,7,5,1,1,0,0,0,1,0,1,0,0,0,1,0,0,1,1,1,1,1,1,1,1,1
41627589,더 뉴 레이,1240,1,40236,998,5,5,0,1,0,1,0,0,0,0,0,0,1,0,1,0,0,1,1,0,1,1,1,0,1
41552984,올 뉴 모닝,299,1,119188,998,5,14,10,1,0,1,0,0,0,0,1,0,0,0,1,0,0,1,1,0,0,1,1,0,1
40485915,EV9,5750,1,50342,180,7,2,2,1,0,0,0,0,1,1,0,0,0,1,0,1,1,1,1,1,1,1,1,1,1
41502492,더 뉴 쏘렌토 4세대,4920,1,38,1598,5,0,0,1,0,0,1,0,0,1,0,0,0,1,0,0,1,1,1,1,1,1,1,1,1
41583466,K7 프리미어,2100,1,52277,2497,5,6,0,1,0,1,0,0,0,0,1,0,0,0,1,0,1,1,1,1,1,1,1,1,1
41406575,더 뉴 카니발 4세대,5050,1,19226,2151,7,1,1,1,0,0,0,1,0,0,1,0,0,1,0,0,1,1,1,1,1,1,1,1,1
41133284,카니발 4세대,3770,1,93330,3470,9,3,4,1,0,1,0,0,0,1,0,0,0,1,0,0,1,1,1,1,1,1,1,1,1
40944808,카니발 4세대,4490,1,45419,3470,9,3,2,1,0,1,0,0,0,0,1,0,0,1,0,0,1,1,1,1,1,1,1,1,1
39850859,카니발 4세대,3790,1,88039,3470,7,4,3,1,0,1,0,0,0,0,1,0,0,1,0,0,1,1,1,1,1,1,1,1,1
41526516,카니발 4세대,4000,1,86750,3470,9,4,0,1,0,1,0,0,0,0,0,0,1,1,0,0,1,1,1,1,1,1,1,1,1
41642059,더 뉴 K5 2세대,1120,1,152182,1999,5,7,1,1,0,1,0,0,0,0,0,1,0,0,1,0,1,1,1,1,1,1,1,1,1
41579586,디 올 뉴 니로,2150,1,121949,1580,5,3,2,1,0,0,1,0,0,0,0,0,1,1,0,0,0,1,1,1,1,1,1,1,1
41592645,올 뉴 카니발,1590,1,53006,2199,11,10,1,1,0,0,0,1,0,0,0,1,0,1,0,1,0,1,1,1,1,1,1,1,1
41642511,더 뉴 기아 레이,1350,1,36877,998,5,3,19,1,0,1,0,0,0,1,0,0,0,0,1,0,0,1,1,1,1,1,1,1,1
41628808,카니발 4세대,2029,1,143031,2151,9,4,1,1,0,0,0,1,0,1,0,0,0,1,0,0,1,1,1,1,1,1,1,1,1
41634905,셀토스,1850,1,59848,1591,5,6,8,1,0,1,0,0,0,1,0,0,0,1,0,0,1,1,1,1,1,1,1,1,1
41639736,뉴모닝,290,1,70002,999,5,16,11,1,0,1,0,0,0,0,0,0,1,0,1,0,0,1,0,0,0,0,1,0,1
41639780,카니발 4세대,3760,1,98153,3470,4,4,1,1,0,1,0,0,0,0,1,0,0,1,0,0,1,1,1,1,1,1,1,1,1
41608145,더 뉴 카니발,2050,1,117814,2199,7,7,0,1,0,0,0,1,0,0,0,1,0,1,0,1,1,1,1,1,1,1,1,1,1
41602288,K3,340,1,141446,1582,5,12,11,1,0,0,0,1,0,0,0,1,0,0,1,0,0,1,1,1,1,1,1,0,1
41609331,쏘렌토 4세대,2850,1,36948,1598,5,4,2,1,0,0,1,0,0,0,0,1,0,1,0,0,1,1,1,1,1,0,1,1,1
41600722,뉴 쏘렌토 R,890,1,137606,1995,7,12,5,1,0,0,0,1,0,0,0,1,0,1,0,0,0,1,1,1,1,1,1,1,1
41592927,더 뉴 레이,559,1,213649,998,5,8,8,1,0,1,0,0,0,1,0,0,0,0,1,0,0,1,1,0,0,1,1,0,1
41413670,올 뉴 모닝,425,1,61886,998,5,12,4,1,0,1,0,0,0,0,0,0,1,0,1,0,0,1,0,0,0,0,1,0,1
41400855,더 뉴 스포티지 R,770,1,149386,1995,5,12,2,1,0,0,0,1,0,1,0,0,0,1,0,1,0,1,1,1,1,1,1,1,1
41389056,카니발 4세대,3050,1,48266,2151,9,4,0,1,0,0,0,1,0,0,0,1,0,1,0,0,1,1,1,1,1,1,1,1,1
41381258,카니발 4세대,3450,1,50175,2151,7,5,1,1,0,0,0,1,0,1,0,0,0,1,0,0,1,1,1,1,1,1,1,1,1
41381072,쏘렌토 4세대,2430,1,127278,1598,5,4,4,1,0,0,1,0,0,1,0,0,0,1,0,0,1,1,1,1,1,1,1,1,1
41344052,EV4,1064,1,5600,1,5,0,0,1,0,0,0,0,1,0,1,0,0,0,1,0,1,1,1,1,1,1,1,0,1
40824081,스팅어 마이스터,9999,1,54283,3342,5,5,6,1,0,1,0,0,0,0,0,0,1,0,1,1,1,1,1,1,1,1,1,1,1
40869205,더 뉴 레이,999,1,127589,998,5,6,5,1,0,1,0,0,0,0,0,0,1,0,1,0,0,1,1,0,1,0,1,0,1
41453544,카니발 4세대,1880,1,165212,2151,9,5,10,1,0,0,0,1,0,0,0,1,0,1,0,0,1,1,1,0,1,0,1,1,1
41467365,K5 하이브리드 3세대,2410,1,55505,1999,5,3,0,1,0,0,1,0,0,1,0,0,0,0,1,0,1,1,1,1,1,1,1,1,1
41471375,스포티지 5세대,3150,1,10019,1598,5,4,0,1,0,1,0,0,0,1,0,0,0,1,0,1,1,1,1,1,1,1,1,1,1
41401016,더 뉴 K5 2세대,880,1,162858,1999,5,7,2,1,1,0,0,0,0,0,1,0,0,0,1,0,0,1,1,0,1,1,1,0,1
41404279,카니발 4세대,4280,1,35977,3470,4,4,2,1,0,1,0,0,0,0,1,0,0,1,0,0,1,1,1,1,1,1,1,1,1
41060496,더 뉴 쏘렌토 4세대,4350,1,8366,2497,5,1,1,1,0,1,0,0,0,1,0,0,0,1,0,1,1,1,1,1,1,1,1,1,1
40890854,스포티지 R,590,1,132926,1995,5,14,11,1,0,0,0,1,0,1,0,0,0,1,0,0,0,1,1,1,1,0,1,0,1
41028259,쏘렌토 4세대,2150,1,183125,2151,5,4,7,1,0,0,0,1,0,0,1,0,0,1,0,1,1,1,1,1,1,1,1,1,1
41553084,더 K9,2649,1,104466,3778,5,5,2,1,0,1,0,0,0,0,1,0,0,0,1,0,1,1,1,1,1,1,1,1,1
41542393,쏘렌토 4세대,3050,1,60631,2151,5,3,3,1,0,0,0,1,0,0,0,1,0,1,0,0,1,1,1,1,1,1,1,1,1
41397446,더 K9,3020,1,101314,3778,5,7,0,1,0,1,0,0,0,1,0,0,0,0,1,1,1,1,1,1,1,1,1,1,1
41388971,포르테,320,1,101609,1591,5,15,3,1,0,1,0,0,0,0,0,1,0,0,1,0,0,1,1,1,1,1,1,0,1
41384410,쏘렌토 4세대,2690,1,88316,2151,6,5,13,1,0,0,0,1,0,1,0,0,0,1,0,0,1,1,1,1,1,1,1,1,1
41383407,K5 3세대,2300,1,62566,1598,5,5,7,1,0,1,0,0,0,0,1,0,0,0,1,1,1,1,1,1,1,1,1,1,1
41401833,더 뉴 모닝 (JA),1830,1,2638,998,5,0,0,1,0,1,0,0,0,1,0,0,0,0,1,0,1,1,1,1,1,1,1,1,1
41382234,올 뉴 모닝,360,1,107607,998,5,12,15,1,0,1,0,0,0,0,0,1,0,0,1,0,0,1,1,0,0,1,1,0,1
41430209,EV9,5900,1,51551,180,7,2,3,1,0,0,0,0,1,1,0,0,0,1,0,1,1,1,1,1,1,1,1,1,1
41430103,스포티지 5세대,2620,1,25665,1998,5,4,0,1,0,0,0,1,0,0,0,1,0,1,0,0,1,1,1,1,1,1,1,1,1
41368980,카니발 4세대,3100,1,25805,3470,9,5,3,1,0,1,0,0,0,1,0,0,0,1,0,0,1,1,1,1,1,1,1,1,1
41423309,올 뉴 K7,1190,1,132950,3342,5,9,1,1,0,1,0,0,0,0,1,0,0,0,1,0,1,1,1,1,1,1,1,1,1
41406063,올 뉴 카니발,950,1,106789,2199,9,8,13,1,0,0,0,1,0,0,1,0,0,1,0,0,0,1,1,0,0,1,1,0,1
41408230,PV5,3355,1,3952,177,2,0,10,1,0,0,0,0,1,0,1,0,0,1,0,0,1,1,1,1,1,1,1,1,1
41405254,모하비 더 마스터,3700,1,28922,2959,6,2,16,1,0,0,0,1,0,1,0,0,0,1,0,0,1,1,1,1,1,1,1,1,0
41596051,올 뉴 K7,1850,1,76746,2359,5,7,0,1,0,1,0,0,0,0,0,1,0,0,1,1,1,1,1,1,1,1,1,1,1
41586720,더 뉴 카니발 4세대,4099,1,33055,3470,7,1,0,1,0,1,0,0,0,0,0,0,1,1,0,0,1,1,1,1,1,1,1,1,1
41551704,더 뉴 레이,920,1,44812,998,2,4,0,1,0,1,0,0,0,1,0,0,0,0,1,0,0,1,1,0,0,1,1,0,1
41544147,더 뉴 프라이드,590,1,91644,1396,5,10,11,1,0,1,0,0,0,0,0,1,0,0,1,0,0,1,0,0,0,0,1,0,1
41524680,더 뉴 K7,650,1,128471,2359,5,11,15,1,0,1,0,0,0,1,0,0,0,0,1,1,0,1,1,1,1,1,1,1,1
41616434,더 뉴 레이,1080,1,51254,998,5,8,3,1,0,1,0,0,0,0,1,0,0,0,1,0,0,1,1,0,1,1,1,0,1
40921652,모하비 더 마스터,3500,1,67900,2959,5,5,0,1,0,0,0,1,0,0,1,0,0,1,0,1,1,1,1,1,1,1,1,1,1
40386970,올 뉴 모닝,390,1,137943,998,5,12,16,1,0,1,0,0,0,0,0,0,1,0,1,0,0,1,1,0,1,1,1,0,1
40235885,더 뉴 쏘렌토 4세대,2660,1,1650,1598,5,1,0,1,0,0,1,0,0,1,0,0,0,1,0,0,0,1,1,1,1,1,1,1,1
40649708,포르테,250,1,194008,1591,5,15,1,1,0,1,0,0,0,1,0,0,0,0,1,0,0,1,0,0,0,0,1,0,1
40520696,더 뉴 레이,950,1,101483,998,5,8,8,1,0,1,0,0,0,1,0,0,0,0,1,0,0,1,1,0,1,1,1,0,1
39922646,올 뉴 카니발,899,1,206503,2199,7,10,0,1,0,0,0,1,0,0,1,0,0,1,0,1,0,1,1,1,1,1,1,1,1
41227441,더 뉴 K5 2세대,1140,1,45293,1999,5,7,13,1,0,1,0,0,0,0,0,0,1,0,1,1,0,1,1,0,1,0,1,0,1
41226971,쏘렌토 4세대,2685,1,75541,2497,5,4,1,1,0,1,0,0,0,1,0,0,0,1,0,0,1,1,1,1,1,1,1,1,1
41100838,카니발 4세대,3500,1,97220,3470,9,5,0,1,0,1,0,0,0,0,1,0,0,1,0,0,1,1,1,1,1,1,1,1,1
41079391,포르테 쿱,250,1,176912,1591,5,16,12,1,0,1,0,0,0,0,1,0,0,0,1,1,0,1,1,1,1,1,1,0,1
41160543,K8,2220,1,91355,3470,5,4,6,1,1,0,0,0,0,0,1,0,0,0,1,1,1,1,1,1,1,1,1,1,1
41236492,스포티지 5세대,2450,1,66235,1998,5,4,0,1,0,0,0,1,0,0,0,1,0,1,0,0,1,1,1,1,1,1,1,1,1
41130736,더 뉴 모닝,550,1,138525,998,5,10,4,1,0,1,0,0,0,0,0,1,0,0,1,0,0,1,0,1,1,0,1,0,1
41366897,카니발 4세대,2480,1,129462,2151,9,3,0,1,0,0,0,1,0,1,0,0,0,1,0,0,1,1,1,1,1,1,1,1,1
41356584,더 뉴 기아 레이,1395,1,72568,998,5,3,2,1,0,1,0,0,0,1,0,0,0,0,1,0,0,1,1,1,1,1,1,1,1
41366719,K3,669,1,62759,1591,5,11,5,1,0,1,0,0,0,0,0,1,0,0,1,0,0,1,1,1,1,1,1,0,1
41350611,K3,520,1,131262,1591,5,11,5,1,0,1,0,0,0,1,0,0,0,0,1,0,0,1,1,1,0,1,1,0,1
41323734,카니발 4세대,2750,1,134161,2151,7,4,1,1,0,0,0,1,0,0,0,1,0,1,0,0,1,1,1,1,1,1,1,1,1
41270911,쏘울 부스터,1500,1,48814,1591,5,7,1,1,0,1,0,0,0,0,1,0,0,0,1,1,1,1,1,1,1,0,1,1,1
41261709,모하비 더 마스터,3600,1,43934,2959,7,5,1,1,0,0,0,1,0,0,1,0,0,1,0,0,1,1,1,1,1,1,1,1,1
41384928,레이,790,1,110159,998,5,10,0,1,0,1,0,0,0,0,0,0,1,0,1,0,0,1,1,0,1,1,1,0,1
41383089,올 뉴 모닝,439,1,135006,998,5,12,8,1,0,1,0,0,0,1,0,0,0,0,1,0,0,1,0,1,1,1,1,0,1
41371461,더 뉴 K5 2세대,1200,1,90169,1999,5,7,3,1,1,0,0,0,0,1,0,0,0,0,1,1,0,1,1,0,1,1,1,1,1
41429725,카니발 4세대,2680,1,94790,2151,9,5,3,1,0,0,0,1,0,1,0,0,0,1,0,0,1,1,1,1,1,1,1,1,1
41423054,올 뉴 카니발,1730,1,54363,3342,9,8,16,1,0,1,0,0,0,1,0,0,0,1,0,0,0,1,1,1,1,1,1,1,1
41486907,올 뉴 카니발,1150,1,117106,2199,9,10,4,1,0,0,0,1,0,0,0,0,1,1,0,0,0,1,1,1,1,1,1,1,1
41486649,카니발 4세대,2300,1,106893,2151,9,4,0,1,0,0,0,1,0,0,1,0,0,1,0,0,1,1,1,1,1,1,1,1,1
41483247,모하비 더 마스터,3090,1,50002,2959,5,4,11,1,0,0,0,1,0,1,0,0,0,1,0,0,1,1,1,1,1,1,1,1,1
41480466,더 뉴 레이,429,1,170611,998,2,8,8,1,0,1,0,0,0,0,0,0,1,0,1,0,0,1,1,0,0,1,0,0,1
41457980,K5 3세대,1990,1,84224,1598,5,6,1,1,0,1,0,0,0,0,1,0,0,0,1,0,1,1,1,1,1,1,1,1,1
41436287,K8,2530,1,40116,2497,5,4,3,1,0,1,0,0,0,0,1,0,0,0,1,0,1,1,1,1,1,1,1,1,1
41514161,올 뉴 카렌스,350,1,223718,1685,5,12,8,1,0,0,0,1,0,1,0,0,0,1,0,1,0,1,1,1,1,0,1,1,1
41531908,쏘렌토 4세대,3500,1,73130,1598,6,3,1,1,0,0,1,0,0,1,0,0,0,1,0,1,1,1,1,1,1,1,1,1,1
41542683,쏘렌토 4세대,3099,1,97125,1598,5,3,7,1,0,0,1,0,0,1,0,0,0,1,0,0,1,1,1,1,1,1,1,1,1
41470666,더 뉴 레이,870,1,74716,998,2,5,0,1,0,1,0,0,0,1,0,0,0,0,1,0,0,1,0,0,0,0,1,0,1
41487286,스포티지 5세대,2699,1,34905,1598,5,4,3,1,0,1,0,0,0,0,0,1,0,1,0,0,1,1,1,1,1,1,1,1,1
41613062,모하비 더 마스터,2870,1,130013,2959,6,6,2,1,0,0,0,1,0,0,1,0,0,1,0,0,1,1,1,1,1,1,1,1,1
41611761,더 뉴 모닝,360,1,128541,998,2,10,1,1,0,1,0,0,0,1,0,0,0,0,1,0,0,0,0,0,0,0,0,0,0
41615092,스포티지 4세대,830,1,168784,1685,5,10,1,1,0,0,0,1,0,0,1,0,0,1,0,0,0,1,1,0,1,1,1,1,1
41650161,더 뉴 레이,890,1,80089,998,5,8,0,1,0,1,0,0,0,1,0,0,0,0,1,0,0,1,1,0,0,0,1,0,1
41650357,더 뉴 레이,599,1,145164,998,2,5,12,1,0,1,0,0,0,1,0,0,0,0,1,0,0,1,0,0,0,0,1,0,1
41651666,더 뉴 K9 2세대,2840,1,118533,3342,5,4,0,1,0,1,0,0,0,0,0,1,0,0,1,0,1,1,1,1,1,1,1,1,1
41643906,모하비,1380,1,112309,2959,7,11,4,1,0,0,0,1,0,0,1,0,0,1,0,1,0,1,1,1,1,1,1,1,1
41632130,스포티지 5세대,3150,1,19537,1598,5,3,1,1,0,1,0,0,0,0,1,0,0,1,0,1,1,1,1,1,1,1,1,1,1
41634476,더 뉴 기아 레이,1870,1,7724,998,5,1,0,1,0,1,0,0,0,0,1,0,0,0,1,0,0,1,1,1,1,1,1,1,1
41623301,더 뉴 모닝,480,1,120583,998,5,10,16,1,0,1,0,0,0,1,0,0,0,0,1,0,0,1,0,0,0,0,1,0,1
41625018,K5 2세대,890,1,123337,1999,5,10,3,1,0,1,0,0,0,1,0,0,0,0,1,0,0,1,1,1,1,1,1,0,1
41614173,스포티지 4세대,1370,1,68865,1685,5,8,1,1,0,0,0,1,0,1,0,0,0,1,0,0,0,1,1,1,1,1,1,0,1
41603917,더 뉴 셀토스,2850,1,28128,1598,5,2,0,1,0,1,0,0,0,0,1,0,0,1,0,0,1,1,1,1,1,1,1,1,1
41603324,스포티지 5세대,2920,1,26548,1598,5,3,2,1,0,1,0,0,0,1,0,0,0,1,0,0,1,1,1,1,1,1,1,1,1
41597493,니로,1480,1,135603,1580,5,8,0,1,0,0,1,0,0,1,0,0,0,1,0,0,1,1,1,1,1,1,1,1,1
41660651,K8 하이브리드,8888,1,113382,1598,5,3,0,1,0,0,1,0,0,0,0,1,0,0,1,0,1,1,1,1,1,1,1,1,1
41586237,더 뉴 카니발 4세대,4920,1,29918,1598,7,2,5,1,0,0,1,0,0,0,1,0,0,1,0,1,1,1,1,1,1,1,1,1,1
41575136,카니발 4세대,3860,1,48007,2151,9,3,2,1,0,0,0,1,0,0,1,0,0,1,0,1,1,1,1,1,1,1,1,1,1
41569732,K5,600,1,142666,1998,5,14,3,1,0,1,0,0,0,0,1,0,0,0,1,1,0,1,1,1,1,1,1,1,1
41623452,더 뉴 K3 2세대,2170,1,48514,1598,5,4,6,1,0,1,0,0,0,1,0,0,0,0,1,1,1,1,1,1,1,1,1,1,1
41583534,올 뉴 K7,1659,1,99183,2359,5,7,2,1,0,1,0,0,0,0,1,0,0,0,1,0,1,1,1,1,1,1,1,1,1
41570799,레이,570,1,141126,998,5,13,12,1,0,1,0,0,0,0,1,0,0,0,1,0,0,1,1,1,1,1,1,0,1
41472537,모하비,930,1,166044,2959,7,11,8,1,0,0,0,1,0,0,1,0,0,1,0,1,0,1,1,1,1,1,1,1,1
41507702,스포티지 5세대,2570,1,49953,1598,5,4,9,1,0,1,0,0,0,1,0,0,0,1,0,0,1,1,1,1,1,1,1,1,1
41566168,더 뉴 쏘렌토 4세대,3700,1,8039,2497,5,1,0,1,0,1,0,0,0,1,0,0,0,1,0,0,1,1,1,1,1,1,1,1,1
41498728,쏘렌토 4세대,2140,1,134237,2151,5,5,4,1,0,0,0,1,0,0,1,0,0,1,0,0,1,1,1,1,1,1,1,1,1
41486248,카니발 4세대,3949,1,45570,3470,9,5,0,1,0,1,0,0,0,1,0,0,0,1,0,0,1,1,1,1,1,1,1,1,1
41613865,스포티지 5세대,2620,1,64141,1598,5,4,13,1,0,1,0,0,0,0,0,1,0,1,0,0,1,1,1,1,1,1,1,1,1
41610567,K3,350,1,184721,1582,5,12,14,1,0,0,0,1,0,0,0,0,1,0,1,0,0,1,1,1,1,1,1,0,1
41625401,더 뉴 K7,540,1,167547,2359,5,12,3,1,0,1,0,0,0,0,1,0,0,0,1,1,0,1,1,1,1,1,1,1,1
41611931,쏘렌토 R,679,1,165716,2656,7,16,7,1,1,0,0,0,0,0,0,1,0,1,0,1,0,1,1,1,0,1,1,1,1
41606344,K5 2세대,899,1,141798,1999,5,10,13,1,1,0,0,0,0,1,0,0,0,0,1,0,0,1,1,1,1,1,1,1,1
41596738,올 뉴 카니발,1150,1,167913,2199,9,11,10,1,0,0,0,1,0,1,0,0,0,1,0,1,0,1,1,1,1,1,1,1,1
41596575,스포티지 R,999,1,167012,1995,5,14,15,1,0,0,0,1,0,0,0,1,0,1,0,1,0,1,1,1,1,1,1,0,1
41648621,올 뉴 카렌스,590,1,158974,1999,7,12,27,1,1,0,0,0,0,0,0,0,1,1,0,1,0,1,0,1,1,0,1,1,1
41641380,카니발 4세대,2229,1,113237,2151,9,5,4,1,0,0,0,1,0,0,0,1,0,1,0,0,1,1,1,1,1,0,1,1,1
41647664,레이,560,1,77112,998,5,13,13,1,0,1,0,0,0,0,0,0,1,0,1,0,0,1,1,0,0,1,0,0,1
41638714,올 뉴 쏘렌토,1390,1,188094,1995,7,9,3,1,0,0,0,1,0,1,0,0,0,1,0,0,0,1,1,1,1,1,1,1,1
41627129,올 뉴 K7,1310,1,47440,2359,5,10,4,1,0,1,0,0,0,1,0,0,0,0,1,1,0,1,1,1,1,1,1,1,1
41647566,올 뉴 카니발,1150,1,132637,2199,9,10,3,1,0,0,0,1,0,0,0,1,0,1,0,1,0,1,1,1,1,1,1,1,1
41640583,모하비 더 마스터,3730,1,71101,2959,6,5,0,1,0,0,0,1,0,0,1,0,0,1,0,1,1,1,1,1,1,1,1,1,1
40553324,카니발 R,550,1,154011,2199,11,16,8,1,0,0,0,1,0,1,0,0,0,1,0,1,0,1,1,1,0,1,1,0,1
41157271,더 뉴 K7,550,1,181174,2359,5,13,3,1,0,1,0,0,0,0,1,0,0,0,1,0,0,1,1,1,1,1,1,0,1
41259560,쏘렌토 R,430,1,227642,1995,7,14,13,1,0,0,0,1,0,0,0,1,0,1,0,0,0,1,1,1,1,1,1,1,1
41660882,올 뉴 K7,615,1,358686,2199,5,10,5,1,0,0,0,1,0,0,0,1,0,0,1,0,0,1,1,1,1,1,1,1,1
41627419,쏘렌토 4세대,2050,1,192365,2151,5,5,0,1,0,0,0,1,0,0,1,0,0,1,0,0,1,1,1,1,1,1,1,1,1
41571628,K7 프리미어,1880,1,67913,2497,5,6,1,1,0,1,0,0,0,1,0,0,0,0,1,0,1,1,1,1,1,0,1,1,1
41566462,더 뉴 레이,750,1,159679,998,5,7,0,1,0,1,0,0,0,1,0,0,0,0,1,0,0,1,1,0,1,1,1,0,1
41619323,더 뉴 카니발,2350,1,51164,3342,9,7,10,1,0,1,0,0,0,0,1,0,0,1,0,0,1,1,1,1,1,1,1,1,1
41504804,올 뉴 K3,22,1,61036,1598,5,5,17,1,0,1,0,0,0,1,0,0,0,0,1,1,1,1,1,1,1,1,1,1,1
41496364,뉴카니발,270,1,124079,2902,9,18,33,1,0,0,0,1,0,0,0,1,0,1,0,0,0,1,1,0,0,1,1,0,1
41500904,카니발 4세대,2190,1,141043,2151,9,5,2,1,0,0,0,1,0,1,0,0,0,1,0,0,1,1,1,1,1,1,1,1,1
41383116,K5 2세대,950,1,85633,1685,5,10,7,1,0,0,0,1,0,0,0,0,1,0,1,0,0,1,1,1,1,1,1,1,1
41348525,스포티지 더 볼드,1629,1,69660,1995,5,6,0,1,0,0,0,1,0,0,0,1,0,1,0,0,1,1,1,1,1,1,1,1,1
41346907,레이,650,1,110137,998,5,12,0,1,0,1,0,0,0,0,0,0,1,0,1,0,0,1,0,0,1,0,1,0,1
41621266,스포티지 더 볼드,2390,1,51827,1999,5,6,10,1,0,1,0,0,0,1,0,0,0,1,0,0,1,1,1,1,1,1,1,1,1
41470020,쏘렌토 4세대,2590,1,129045,2151,5,4,0,1,0,0,0,1,0,0,1,0,0,1,0,0,1,1,1,1,1,1,1,1,1
41611368,더 뉴 기아 레이,1360,1,48279,998,5,3,2,1,0,1,0,0,0,0,0,0,1,0,1,0,0,1,1,0,1,1,1,1,1
41374607,K7 프리미어,2150,1,129828,2999,5,6,8,1,0,1,0,0,0,0,1,0,0,0,1,1,1,1,1,1,1,1,1,1,1
41308174,더 뉴 모하비,1700,1,105207,2959,7,8,14,1,0,0,0,1,0,0,1,0,0,1,0,0,0,1,1,1,1,1,1,1,1
41245397,스포티지 5세대,2320,1,30296,1998,5,3,0,1,0,0,0,1,0,0,0,1,0,1,0,0,1,1,1,0,1,0,1,0,1
41420723,더 뉴 K3 2세대,1350,1,105504,1598,5,3,10,1,0,1,0,0,0,1,0,0,0,0,1,0,0,1,1,1,1,1,1,1,1
41409209,올 뉴 모닝 (JA),599,1,86184,998,5,9,17,1,0,1,0,0,0,1,0,0,0,0,1,0,0,1,1,0,1,1,1,0,1
41420256,더 뉴 쏘렌토,1750,1,87230,1995,5,6,6,1,0,0,0,1,0,0,0,0,1,1,0,0,1,1,1,1,1,1,1,1,1
41420261,카니발 4세대,2750,1,70589,2151,9,5,0,1,0,0,0,1,0,1,0,0,0,1,0,0,1,1,1,1,1,1,1,1,1
41404283,쏘렌토 4세대,3090,1,97664,1598,5,5,0,1,0,0,1,0,0,1,0,0,0,1,0,1,1,1,1,1,1,1,1,1,1
41397616,모하비,499,1,266341,2959,7,14,20,1,0,0,0,1,0,0,0,1,0,1,0,1,0,1,1,1,1,0,1,1,1
41428262,뉴모닝,190,1,105481,999,5,16,18,1,0,1,0,0,0,0,0,1,0,0,1,0,0,1,0,0,0,0,1,0,1
41507086,K3,500,1,119090,1591,5,12,16,1,0,1,0,0,0,1,0,0,0,0,1,0,0,1,1,1,1,1,1,0,1
41405576,더 뉴 레이,1150,1,88673,998,5,4,0,1,0,1,0,0,0,1,0,0,0,0,1,0,0,1,1,0,1,1,1,0,1
41387210,더 뉴 모닝,599,1,38470,998,5,10,7,1,0,1,0,0,0,1,0,0,0,0,1,0,0,1,0,0,1,0,1,0,1
41483586,카니발 R,330,1,180809,2199,11,12,3,1,0,0,0,1,0,0,1,0,0,1,0,0,0,1,1,0,0,1,0,0,1
41476799,디 올 뉴 니로,1790,1,123086,1580,5,3,1,1,0,0,1,0,0,0,0,0,1,1,0,0,0,1,1,1,1,1,1,0,1
41480387,더 뉴 모하비,1540,1,180953,2959,7,8,2,1,0,0,0,1,0,0,1,0,0,1,0,1,0,1,1,1,1,1,1,1,1
41471666,올 뉴 모닝,333,1,196808,998,5,11,12,1,0,1,0,0,0,1,0,0,0,0,1,0,0,1,1,0,0,1,1,0,1
41466271,더 프레스티지 K7,370,1,199343,2999,5,14,19,1,1,0,0,0,0,1,0,0,0,0,1,0,0,1,1,1,0,1,1,1,1
40975336,더 뉴 쏘렌토 4세대,2715,1,2620,1598,5,0,0,1,0,0,1,0,0,0,1,0,0,1,0,0,1,1,1,1,1,1,1,1,1
41015843,쏘렌토 4세대,9999,1,56388,2151,5,5,2,1,0,0,0,1,0,0,0,0,1,1,0,0,1,1,1,1,1,1,1,1,1
41140726,쏘렌토 4세대,2370,1,146462,2151,5,3,8,1,0,0,0,1,0,1,0,0,0,1,0,0,1,1,1,1,1,1,1,1,1
40409120,더 K9,1500,1,219177,3778,5,7,6,1,0,1,0,0,0,0,0,1,0,0,1,0,1,1,1,1,1,1,1,1,1
41509806,더 뉴 K5 3세대,3049,1,36518,1999,5,2,3,1,0,1,0,0,0,0,0,1,0,0,1,1,1,1,1,1,1,1,1,1,1
41586917,더 뉴 K8,2700,1,10000,2497,5,1,0,1,0,1,0,0,0,0,1,0,0,0,1,0,1,1,1,1,1,1,1,1,1
41621540,쏘렌토 4세대,2620,1,171750,1598,5,5,2,1,0,0,1,0,0,0,0,1,0,1,0,1,1,1,1,1,1,1,1,1,1
41606850,K8 하이브리드,3270,1,72782,1598,5,3,0,1,0,0,1,0,0,0,1,0,0,0,1,0,1,1,1,1,1,1,1,1,1
41480452,쏘렌토 4세대,3230,1,69945,2497,6,4,0,1,0,1,0,0,0,1,0,0,0,1,0,1,1,1,1,1,1,1,1,1,1
41574016,올 뉴 K7 하이브리드,1559,1,130150,2359,5,8,9,1,0,0,1,0,0,0,0,1,0,0,1,1,1,1,1,1,1,1,1,1,1
41648271,더 뉴 카니발 4세대,4980,1,7454,1598,9,1,0,1,0,0,1,0,0,1,0,0,0,1,0,0,1,1,1,1,1,1,1,1,1
41455917,올 뉴 쏘렌토,1199,1,165870,2199,5,11,0,1,0,0,0,1,0,0,0,1,0,1,0,1,0,1,0,1,1,0,1,1,1
41536158,K5 3세대,2020,1,157380,1999,5,4,12,1,1,0,0,0,0,0,0,1,0,0,1,0,1,1,0,0,1,0,1,0,1
41185045,K5 3세대,2450,1,37941,1598,5,5,0,1,0,1,0,0,0,1,0,0,0,0,1,0,1,1,1,1,1,1,1,1,1
41127458,더 뉴 K5 3세대,3499,1,4574,1598,5,1,0,1,0,1,0,0,0,0,0,1,0,0,1,0,1,1,1,1,1,1,1,1,1
41584448,올 뉴 K7,920,1,100365,2359,5,10,10,1,0,1,0,0,0,0,1,0,0,0,1,0,0,1,1,1,1,1,1,1,1
41404195,셀토스,1670,1,61233,1591,5,6,12,1,0,1,0,0,0,0,0,1,0,1,0,1,1,1,1,1,1,1,1,1,1
41563705,K5,540,1,138542,1998,5,14,5,1,1,0,0,0,0,1,0,0,0,0,1,1,0,0,1,1,0,0,1,0,1
41157163,더 뉴 카니발,1150,1,149353,2199,9,7,5,1,0,0,0,1,0,1,0,0,0,1,0,0,0,1,1,0,1,1,1,1,1
41310338,쏘울 부스터,1330,1,127575,1591,5,7,0,1,0,1,0,0,0,0,1,0,0,0,1,0,1,1,1,1,1,1,1,1,1
41624805,스포티지 5세대,2070,1,143686,1998,5,4,3,1,0,0,0,1,0,1,0,0,0,1,0,0,1,1,1,1,1,1,1,1,1
41465939,더 뉴 K5 2세대,1169,1,61962,1999,5,7,0,1,0,1,0,0,0,1,0,0,0,0,1,0,1,1,1,1,1,1,1,0,1
41588292,카니발 4세대,2090,1,80167,2151,11,5,5,1,0,0,0,1,0,1,0,0,0,1,0,0,1,1,1,0,1,0,1,1,1
41651249,올 뉴 K7,1310,1,142898,2359,5,9,0,1,0,1,0,0,0,0,1,0,0,0,1,1,1,1,1,1,1,1,1,1,1
41451084,더 뉴 레이,1030,1,43298,998,5,5,12,1,0,1,0,0,0,0,0,0,1,0,1,0,0,1,0,0,1,0,1,0,1
41500229,더 뉴 기아 레이,1060,1,63433,998,2,3,20,1,0,1,0,0,0,0,0,1,0,0,1,0,0,1,1,1,1,1,1,0,1
41645500,더 뉴 레이,1260,1,131295,998,5,8,5,1,1,0,0,0,0,0,0,1,0,0,1,0,0,1,1,1,1,1,1,0,1
41619964,더 뉴 레이,880,1,89515,998,2,4,4,1,0,1,0,0,0,1,0,0,0,0,1,0,0,1,0,0,0,0,0,0,0
40536143,K3,520,1,115161,1591,5,13,8,1,0,1,0,0,0,1,0,0,0,0,1,0,0,1,0,1,1,0,1,0,1
41263483,스포티지 5세대 하이브리드,2899,1,37037,1598,5,4,2,1,0,0,1,0,0,0,1,0,0,1,0,0,1,1,1,1,1,1,1,1,1
41622996,올 뉴 K7,1290,1,48370,2359,5,9,27,1,0,1,0,0,0,0,1,0,0,0,1,0,0,1,1,1,1,1,1,1,1
41616042,더 뉴 기아 레이,1100,1,107907,998,2,3,0,1,0,1,0,0,0,1,0,0,0,0,1,0,0,1,0,1,1,1,0,0,0
41227808,K5 3세대,2930,1,33913,1598,5,3,0,1,0,1,0,0,0,1,0,0,0,0,1,1,1,1,1,1,1,1,1,1,1
41656076,K5,590,1,155060,1999,5,14,4,1,0,1,0,0,0,1,0,0,0,0,1,1,0,1,1,1,1,1,1,1,1
41363655,올 뉴 카니발,1129,1,123046,2199,9,10,0,1,0,0,0,1,0,0,0,1,0,1,0,1,0,1,1,1,1,1,1,1,1
41567476,카니발 4세대,2940,1,28500,2151,11,3,23,1,0,0,0,1,0,0,0,0,1,1,0,0,1,1,1,1,1,1,1,1,1
41375398,올 뉴 카니발,1399,1,90176,3342,7,10,4,1,0,1,0,0,0,0,0,1,0,1,0,1,0,1,1,1,1,1,1,1,1
41148289,올 뉴 쏘렌토,990,1,158118,1995,5,11,13,1,0,0,0,1,0,1,0,0,0,1,0,0,0,1,1,1,1,1,1,1,1
40941651,카니발 4세대,2990,1,101785,2151,9,3,1,1,0,0,0,1,0,0,1,0,0,1,0,0,1,1,1,1,1,1,1,1,1
41374559,카니발 4세대,2520,1,77308,2151,9,4,3,1,0,0,0,1,0,1,0,0,0,1,0,0,1,1,1,1,1,1,1,1,1
41380998,더 뉴 카니발 4세대,4520,1,26688,1598,9,2,0,1,0,0,1,0,0,1,0,0,0,1,0,0,1,1,1,1,1,1,1,1,1
41408305,더 뉴 카니발 4세대,4390,1,8459,3470,7,0,0,1,0,1,0,0,0,0,1,0,0,1,0,0,1,1,1,1,1,1,1,1,1
41483159,더 뉴 쏘렌토,1650,1,112365,2199,5,8,5,1,0,0,0,1,0,0,1,0,0,1,0,0,0,1,1,1,1,1,1,1,1
40779184,더 뉴 카니발 4세대,9999,1,26781,3470,7,2,1,1,0,1,0,0,0,0,0,1,0,1,0,0,1,1,1,1,1,1,1,1,1
41342101,더 뉴 K8 하이브리드,4030,1,38414,1598,5,1,0,1,0,0,1,0,0,1,0,0,0,0,1,0,1,1,1,1,1,1,1,1,1
41606413,K8 하이브리드,2930,1,32845,1598,5,4,0,1,0,0,1,0,0,0,0,0,1,0,1,0,1,1,1,1,1,1,1,1,1
41608323,뉴 쏘렌토 R,800,1,107132,1995,5,12,2,1,0,0,0,1,0,0,0,1,0,1,0,0,0,1,1,1,1,1,1,1,1
41381002,모하비 더 마스터,3600,1,80064,2959,7,5,4,1,0,0,0,1,0,0,1,0,0,1,0,1,1,1,1,1,1,1,1,1,1
41398193,더 뉴 쏘렌토 4세대,4190,1,31583,2497,6,2,1,1,0,1,0,0,0,1,0,0,0,1,0,1,1,1,1,1,1,1,1,1,1
41387800,더 뉴 카니발 4세대,4300,1,24782,2151,7,1,0,1,0,0,0,1,0,0,1,0,0,1,0,0,1,1,1,1,1,1,1,1,1
41482981,올 뉴 쏘렌토,1380,1,151377,2199,7,10,2,1,0,0,0,1,0,0,0,1,0,1,0,0,0,1,1,1,1,1,1,1,1
41459777,더 뉴 니로,2280,1,11876,1580,5,6,0,1,0,0,1,0,0,0,0,0,1,1,0,0,1,1,1,1,1,1,1,1,1
41259985,K5 하이브리드 3세대,9999,1,64613,1999,5,3,3,1,0,0,1,0,0,0,1,0,0,0,1,0,1,1,1,1,1,1,1,1,1
39955475,더 뉴 모닝,520,1,112465,998,5,10,4,1,0,1,0,0,0,1,0,0,0,0,1,0,0,1,0,0,1,0,1,0,1
41352925,K7 프리미어,1499,1,149129,2497,5,6,4,1,0,1,0,0,0,0,0,1,0,0,1,0,1,1,1,1,1,1,1,1,1
41598988,K5,350,1,200436,2000,5,13,4,1,1,0,0,0,0,0,0,1,0,0,1,0,0,1,1,0,0,1,0,0,1
41640785,더 뉴 K3 2세대,1910,1,43736,1598,5,3,4,1,0,1,0,0,0,1,0,0,0,0,1,0,0,1,1,1,1,1,1,1,1
41529060,더 뉴 K5,750,1,75153,1999,5,11,2,1,0,1,0,0,0,1,0,0,0,0,1,0,0,1,1,1,1,1,1,1,1
41371335,올 뉴 카니발,1820,1,100918,2199,9,8,2,1,0,0,0,1,0,0,1,0,0,1,0,0,0,1,1,1,1,1,1,1,1
41613509,카니발 4세대,3850,1,6828,3470,9,3,0,1,0,1,0,0,0,1,0,0,0,1,0,0,1,1,1,1,1,1,1,1,1
41551242,쏘렌토 4세대,3170,1,45630,2497,5,3,3,1,0,1,0,0,0,1,0,0,0,1,0,0,1,1,1,1,1,1,1,1,1
41504975,타스만,4320,1,20377,2497,5,0,0,1,0,1,0,0,0,1,0,0,0,1,0,0,1,1,1,1,1,1,1,1,1
41534161,스포티지 5세대 하이브리드,3420,1,28489,1598,5,3,1,1,0,0,1,0,0,1,0,0,0,1,0,1,1,1,1,1,1,1,1,1,1
41514147,모하비 더 마스터,3850,1,41387,2959,5,5,0,1,0,0,0,1,0,0,1,0,0,1,0,0,1,1,1,1,1,1,1,1,1
41504968,쏘렌토 4세대,3320,1,82384,1598,7,5,0,1,0,0,1,0,0,0,0,1,0,1,0,0,1,1,1,1,1,1,1,1,1
41316896,더 뉴 카니발 4세대,5390,1,37405,3470,9,1,0,1,0,1,0,0,0,0,1,0,0,1,0,0,1,1,1,1,1,1,1,1,1
41351502,카니발 4세대,2220,1,105109,2151,9,5,5,1,0,0,0,1,0,0,1,0,0,1,0,0,1,1,1,1,1,1,1,1,1
41398416,EV6,3760,1,32467,111,5,4,0,1,0,0,0,0,1,1,0,0,0,0,1,0,1,1,1,1,1,1,1,1,1
41409468,쏘렌토 4세대,3220,1,86909,1598,6,5,0,1,0,0,1,0,0,0,0,1,0,1,0,1,1,1,1,1,1,1,1,1,1
41430779,쏘렌토 4세대,3630,1,51534,2497,5,3,1,1,0,1,0,0,0,1,0,0,0,1,0,0,1,1,1,1,1,1,1,1,1
41609744,디 올 뉴 니로,2220,1,80828,1580,5,4,3,1,0,0,1,0,0,0,0,1,0,1,0,0,0,1,1,1,1,1,1,1,1
41356023,카니발 4세대,2450,1,87227,2151,9,3,4,1,0,0,0,1,0,1,0,0,0,1,0,0,1,1,1,1,1,1,1,1,1
41611529,더 뉴 K3 2세대,1340,1,76970,1598,5,4,2,1,0,1,0,0,0,0,0,1,0,0,1,0,0,1,1,0,1,1,1,0,1
41213169,더 뉴 K5 하이브리드 3세대,3150,1,5185,1999,5,1,0,1,0,0,1,0,0,0,1,0,0,0,1,0,1,1,1,1,1,1,1,1,1
39729325,더 뉴 카니발 4세대,8200,1,2001,1598,4,1,0,1,0,0,1,0,0,1,0,0,0,1,0,0,1,1,1,1,1,1,1,1,1
41356726,니로,1470,1,90024,1580,5,9,0,1,0,0,1,0,0,0,0,0,1,1,0,0,0,1,1,1,1,1,1,1,1
41498619,쏘렌토 4세대,2990,1,45638,2497,7,4,2,1,0,1,0,0,0,1,0,0,0,1,0,0,1,1,1,1,1,1,1,1,1
41148281,쏘렌토 4세대,2799,1,114400,2497,6,5,9,1,0,1,0,0,0,0,0,0,1,1,0,1,1,1,1,1,1,1,1,1,1
41616043,카니발 4세대,4250,1,50704,3470,9,4,2,1,0,1,0,0,0,1,0,0,0,1,0,0,1,1,1,1,1,1,1,1,1
41178527,쏘렌토 4세대,2699,1,80648,1598,5,4,6,1,0,0,1,0,0,0,0,0,1,1,0,0,1,1,1,1,1,1,1,1,1
41295863,K5,499,1,140293,1999,5,13,1,1,0,1,0,0,0,0,0,1,0,0,1,0,0,1,1,1,1,1,1,1,1
41336147,셀토스,1599,1,84044,1598,5,6,6,1,0,0,0,1,0,1,0,0,0,1,0,0,0,1,1,1,1,1,1,1,1
41102762,카니발 4세대,2450,1,99702,2151,9,5,1,1,0,0,0,1,0,1,0,0,0,1,0,0,1,1,1,1,1,1,1,1,1
41422875,올 뉴 K3,1280,1,48577,1598,5,6,4,1,0,1,0,0,0,0,0,1,0,0,1,0,0,1,1,0,1,0,1,0,1
41407989,더 뉴 K3 2세대,1680,1,55047,1598,5,4,4,1,0,1,0,0,0,0,0,0,1,0,1,0,1,1,1,1,1,1,1,1,1
41643517,EV3,3870,1,25890,237,5,1,5,1,0,0,0,0,1,1,0,0,0,1,0,1,1,1,1,1,1,1,1,1,1
41647271,더 뉴 레이,1140,1,68474,998,5,4,0,1,0,1,0,0,0,1,0,0,0,0,1,0,0,1,1,0,0,0,0,0,0
41647226,올 뉴 K3,1180,1,72722,1598,5,6,12,1,0,1,0,0,0,0,0,0,1,0,1,0,0,1,1,0,1,1,1,0,1
41659021,K5 3세대,2150,1,25289,1999,5,4,3,1,1,0,0,0,0,1,0,0,0,0,1,0,1,1,1,1,1,1,1,1,1
40991994,카니발 4세대,2850,1,60764,2151,9,3,0,1,0,0,0,1,0,1,0,0,0,1,0,0,1,1,1,1,1,1,1,1,1
41126738,카니발 4세대,3250,1,74340,2151,9,5,3,1,0,0,0,1,0,1,0,0,0,1,0,0,1,1,1,1,1,1,1,1,1
41368001,더 뉴 니로,1980,1,22633,1580,5,5,0,1,0,0,1,0,0,0,0,1,0,1,0,0,0,1,1,1,1,1,1,0,1
41325343,더 뉴 기아 레이 EV,1899,1,10421,133,4,2,0,1,0,0,0,0,1,1,0,0,0,0,1,0,0,1,1,1,1,1,1,1,1
41591781,더 뉴 K3 2세대,2080,1,16711,1598,5,2,3,1,0,1,0,0,0,0,0,1,0,0,1,0,0,1,1,1,1,1,1,1,1
41119696,카니발 4세대,2650,1,125650,2151,9,5,3,1,0,0,0,1,0,1,0,0,0,1,0,1,1,1,1,1,1,1,1,1,1
40591211,스팅어 마이스터,2950,1,40738,2497,5,5,6,1,0,1,0,0,0,1,0,0,0,0,1,1,1,1,1,1,1,1,1,1,1
40828484,K5 하이브리드 3세대,2130,1,92558,1999,5,6,1,1,0,0,1,0,0,0,1,0,0,0,1,0,1,1,1,1,1,1,1,1,1
41187455,K5 3세대,2750,1,27931,1598,5,3,0,1,0,1,0,0,0,0,0,1,0,0,1,0,1,1,1,1,1,1,1,1,1
41535079,쏘렌토 4세대,3190,1,118241,1598,6,4,1,1,0,0,1,0,0,0,1,0,0,1,0,1,1,1,1,1,1,1,1,1,1
41057634,K5 3세대,2800,1,31481,1598,5,4,2,1,0,1,0,0,0,0,1,0,0,0,1,1,1,1,1,1,1,1,1,1,1
41613255,카니발 4세대,2599,1,126332,2151,9,4,1,1,0,0,0,1,0,1,0,0,0,1,0,0,1,1,1,1,1,1,1,1,1
41568247,K8,2099,1,125033,3470,5,3,2,1,1,0,0,0,0,0,1,0,0,0,1,0,1,1,1,1,1,1,1,1,1
41585240,더 K9,3450,1,43648,3778,5,6,0,1,0,1,0,0,0,0,1,0,0,0,1,1,1,1,1,1,1,1,1,1,1
41387720,카니발 4세대,3950,1,30636,2151,9,3,0,1,0,0,0,1,0,1,0,0,0,1,0,0,1,1,1,1,1,1,1,1,1
41173079,모하비 더 마스터,3609,1,73485,2959,5,5,0,1,0,0,0,1,0,0,0,0,1,1,0,1,0,1,1,1,1,1,1,1,1
39740343,카니발 4세대,3770,1,35086,3470,9,4,1,1,0,1,0,0,0,0,1,0,0,1,0,0,1,1,1,1,1,1,1,1,1
41612554,EV9,5530,1,28094,180,7,2,0,1,0,0,0,0,1,1,0,0,0,1,0,0,1,1,1,1,1,1,1,1,1
41480873,더 뉴 EV6,4150,1,68661,120,5,1,0,1,0,0,0,0,1,0,0,0,1,0,1,1,1,1,1,1,1,1,1,1,1
41554715,K7 프리미어,2499,1,65811,2497,5,6,4,1,0,1,0,0,0,1,0,0,0,0,1,1,1,1,1,1,1,1,1,1,1
41546077,더 뉴 카니발 4세대,9999,1,9917,2151,9,1,0,1,0,0,0,1,0,0,0,1,0,1,0,1,1,1,1,1,1,1,1,1,1
41518809,더 뉴 카니발,2109,1,138156,3342,9,7,1,1,0,1,0,0,0,0,1,0,0,1,0,0,1,1,1,1,1,1,1,1,1
41575761,더 뉴 쏘렌토 4세대,4790,1,23915,1598,7,2,0,1,0,0,1,0,0,1,0,0,0,1,0,1,1,1,1,1,1,1,1,1,1
41568124,더 뉴 카니발,1680,1,123053,2199,9,6,3,1,0,0,0,1,0,1,0,0,0,1,0,0,1,1,1,1,1,1,1,1,1
41550892,쏘렌토 R,649,1,155366,1995,7,14,2,1,0,0,0,1,0,0,1,0,0,1,0,1,0,1,1,1,1,0,1,1,1
41541435,스포티지 5세대,2030,1,28582,1598,5,3,2,1,0,1,0,0,0,0,1,0,0,1,0,0,1,1,0,0,0,0,0,0,1
41507766,더 뉴 쏘렌토 4세대,5990,1,7688,1598,6,0,0,1,0,0,1,0,0,1,0,0,0,1,0,1,1,1,1,1,1,1,1,1,1
41498637,K8 하이브리드,2420,1,73310,1598,5,4,4,1,0,0,1,0,0,0,0,1,0,0,1,0,1,1,1,1,1,1,1,1,1
41498621,스포티지 5세대,3420,1,25320,1598,5,4,0,1,0,1,0,0,0,0,0,0,1,1,0,0,1,1,1,1,1,1,1,1,1
41499311,더 뉴 쏘렌토 4세대,9999,1,19511,1598,6,1,0,1,0,0,1,0,0,1,0,0,0,1,0,1,1,1,1,1,1,1,1,1,1
41411246,스포티지 R,850,1,86129,1998,5,14,0,1,0,1,0,0,0,1,0,0,0,1,0,1,0,1,1,1,1,0,1,1,1
41636213,더 뉴 쏘렌토,1620,1,126959,2199,5,8,15,1,0,0,0,1,0,1,0,0,0,1,0,0,1,1,1,1,1,1,1,1,1
40973877,올 뉴 카렌스,559,1,138952,1999,7,11,23,1,1,0,0,0,0,0,0,1,0,1,0,0,0,1,1,0,0,1,1,0,1
41235250,더 뉴 카니발,2680,1,103020,3342,9,7,0,1,0,1,0,0,0,1,0,0,0,1,0,0,1,1,1,1,1,1,1,1,1
41553772,니로 EV,1999,1,54280,180,5,6,0,1,0,0,0,0,1,1,0,0,0,1,0,0,0,1,1,1,1,0,1,1,1
41142233,더 뉴 레이,1199,1,55093,998,5,5,6,1,0,1,0,0,0,1,0,0,0,0,1,0,0,1,1,1,1,1,1,0,1
41545439,카니발 4세대,3699,1,61532,2151,7,4,2,1,0,0,0,1,0,1,0,0,0,1,0,0,1,1,1,1,1,1,1,1,1
41538944,올 뉴 카니발,1299,1,81197,2199,9,9,0,1,0,0,0,1,0,0,1,0,0,1,0,1,0,1,1,1,1,1,1,1,1
41338362,더 뉴 기아 레이,1099,1,20052,998,5,3,11,1,0,1,0,0,0,1,0,0,0,0,1,0,0,1,1,0,0,1,1,0,0
41456641,카니발 4세대,3790,1,101700,3470,9,5,4,1,0,1,0,0,0,1,0,0,0,1,0,0,1,1,1,1,1,1,1,1,1
41450673,더 뉴 K5,540,1,162692,1999,5,11,8,1,0,1,0,0,0,0,1,0,0,0,1,0,0,1,1,1,1,1,1,1,1
41595011,스포티지 4세대,1060,1,167091,1685,5,8,10,1,0,0,0,1,0,1,0,0,0,1,0,1,0,1,1,1,1,1,1,0,1
41557715,올 뉴 모닝,460,1,78772,998,5,11,3,1,0,1,0,0,0,0,0,0,1,0,1,0,0,1,1,0,1,0,1,0,1
41458136,스포티지 5세대,2830,1,42189,1998,5,3,0,1,0,0,0,1,0,1,0,0,0,1,0,0,1,1,1,1,1,1,1,1,1
41260833,쏘렌토 4세대,3520,1,83250,1598,5,4,1,1,0,0,1,0,0,1,0,0,0,1,0,1,1,1,1,1,1,1,1,1,1
41616722,셀토스,1720,1,47958,1591,5,4,2,1,0,1,0,0,0,1,0,0,0,1,0,0,0,1,1,1,1,1,1,0,1
41624487,K5 3세대,1690,1,90699,1999,5,6,7,1,0,1,0,0,0,1,0,0,0,0,1,1,1,1,1,1,1,1,1,1,1
41305945,프라이드,990,1,196409,1323,5,34,2,0,0,1,0,0,0,0,0,0,1,0,1,0,0,0,0,0,0,0,1,0,1
41285990,더 뉴 모하비,1350,1,190550,2959,5,9,8,1,0,0,0,1,0,0,1,0,0,1,0,0,0,1,1,1,1,1,1,1,1
41250719,더 뉴 카니발 4세대,3299,1,25946,3470,9,2,9,1,0,1,0,0,0,0,0,0,1,1,0,1,1,1,1,1,1,1,1,1,1
41585037,더 뉴 기아 레이,998,1,69780,998,2,3,0,1,0,1,0,0,0,1,0,0,0,0,1,0,0,1,1,0,0,1,0,0,0
41385010,카니발 4세대,2499,1,61483,2151,11,4,4,1,0,0,0,1,0,1,0,0,0,1,0,0,1,1,1,0,1,1,1,1,1
41081406,더 뉴 카니발,1470,1,121672,2199,9,7,9,1,0,0,0,1,0,0,1,0,0,1,0,0,1,1,1,1,1,1,1,1,1
41492036,EV4,4290,1,557,150,5,0,0,1,0,0,0,0,1,0,0,0,1,0,1,0,1,1,1,1,1,1,1,1,1
41624467,올 뉴 모닝,480,1,118841,998,5,14,9,1,0,1,0,0,0,0,0,1,0,0,1,1,0,1,1,1,1,1,1,0,1
41587693,올 뉴 카니발,1099,1,116066,2199,9,10,9,1,0,0,0,1,0,1,0,0,0,1,0,1,0,1,1,1,1,1,1,1,1
41462245,카니발 4세대,3080,1,74477,2151,7,5,1,1,0,0,0,1,0,1,0,0,0,1,0,0,1,1,1,1,1,1,1,1,1
41430386,니로 EV,1670,1,140419,180,5,4,0,1,0,0,0,0,1,0,0,1,0,1,0,0,1,1,1,1,1,1,1,1,1
41547427,뉴모닝,299,1,90616,999,5,16,2,1,0,1,0,0,0,1,0,0,0,0,1,0,0,1,1,0,0,1,1,0,1
41655750,셀토스,2150,1,42303,1591,5,6,1,1,0,1,0,0,0,1,0,0,0,1,0,0,1,1,1,1,1,1,1,1,1
41570292,EV6,3190,1,59565,111,5,4,2,1,0,0,0,0,1,0,0,1,0,0,1,0,1,1,1,1,1,1,1,1,1
41536002,카니발 4세대,2990,1,73374,3470,7,5,1,1,0,1,0,0,0,0,1,0,0,1,0,1,1,1,1,1,1,1,1,1,1
41531029,더 뉴 기아 레이,1190,1,30308,998,2,3,0,1,0,1,0,0,0,1,0,0,0,0,1,0,0,1,1,0,1,0,0,0,1
39358443,올 뉴 카니발,1790,1,70415,2199,7,8,2,1,0,0,0,1,0,1,0,0,0,1,0,0,0,1,1,1,1,1,1,1,1
41535766,카니발 4세대,2690,1,117463,2151,9,5,2,1,0,0,0,1,0,0,0,1,0,1,0,1,1,1,1,1,1,1,1,1,1
41535681,올 뉴 K3,1340,1,69312,1598,5,7,0,1,0,1,0,0,0,1,0,0,0,0,1,0,0,1,1,1,1,1,1,1,1
41612914,더 뉴 니로,2240,1,48630,1580,5,4,0,1,0,0,1,0,0,0,0,1,0,1,0,1,1,1,1,1,1,1,1,1,1
41461537,카니발 4세대,2970,1,112418,2151,9,4,0,1,0,0,0,1,0,1,0,0,0,1,0,1,1,1,1,1,1,1,1,1,1
41633082,카니발 4세대,8888,1,55839,2151,9,4,3,1,0,0,0,1,0,1,0,0,0,1,0,0,1,1,1,1,1,1,1,1,1
41583983,스포티지 4세대,850,1,212275,1685,5,8,2,1,0,0,0,1,0,0,0,0,1,1,0,0,0,1,0,1,1,0,1,0,1
41442880,더 뉴 니로,1390,1,181685,1580,5,6,1,1,0,0,1,0,0,0,0,0,1,1,0,0,1,1,1,1,1,1,1,1,1
41619318,스포티지 4세대,760,1,227489,1685,5,10,1,1,0,0,0,1,0,1,0,0,0,1,0,0,0,1,1,1,1,1,1,0,1
41474334,올 뉴 카니발,890,1,177502,2199,9,9,14,1,0,0,0,1,0,1,0,0,0,1,0,0,0,1,1,1,1,1,1,1,1
41066260,올 뉴 쏘렌토,1690,1,77994,1995,5,9,0,1,0,0,0,1,0,1,0,0,0,1,0,0,0,1,1,1,1,1,1,1,1
41297040,K5 3세대,2090,1,58002,1999,5,6,6,1,0,1,0,0,0,0,0,1,0,0,1,0,1,1,1,1,1,1,1,1,1
41299194,더 뉴 K9 2세대,5550,1,36774,3778,5,3,5,1,0,1,0,0,0,0,1,0,0,0,1,0,1,1,1,1,1,1,1,1,1
41449934,EV4,4499,1,7487,237,5,0,1,1,0,0,0,0,1,1,0,0,0,0,1,0,1,1,1,1,1,1,1,1,1
41267310,더 뉴 K9 2세대,6090,1,45301,3778,5,1,0,1,0,1,0,0,0,0,1,0,0,0,1,0,1,1,1,1,1,1,1,1,1
41583898,카니발 4세대,3090,1,71728,3470,7,5,2,1,0,1,0,0,0,1,0,0,0,1,0,1,1,1,1,1,1,1,1,1,1
41191145,더 뉴 스포티지 5세대 하이브리드,4290,1,2760,1598,5,1,0,1,0,0,1,0,0,0,0,0,1,1,0,0,1,1,1,1,1,1,1,1,1
41195245,더 뉴 셀토스,2770,1,20528,1598,5,1,0,1,0,1,0,0,0,1,0,0,0,1,0,0,0,1,1,1,1,1,1,1,1
41396877,올 뉴 모닝 (JA),980,1,52090,998,5,8,12,1,1,0,0,0,0,1,0,0,0,0,1,0,0,1,1,0,1,1,1,0,1
41584577,더 뉴 카니발,1680,1,131628,2199,9,7,0,1,0,0,0,1,0,0,0,1,0,1,0,0,1,1,1,1,1,1,1,1,1
41659333,쏘렌토 4세대,3550,1,72876,1598,5,3,0,1,0,0,1,0,0,1,0,0,0,1,0,0,1,1,1,1,1,1,1,1,1
41615050,더 뉴 K8,4220,1,10657,2497,5,1,0,1,0,1,0,0,0,1,0,0,0,0,1,0,1,1,1,1,1,1,1,1,1
41406133,더 뉴 모하비,2070,1,120122,2959,7,7,2,1,0,0,0,1,0,0,1,0,0,1,0,0,0,1,1,1,1,1,1,1,1
41115053,올 뉴 K3,1230,1,62752,1598,5,7,6,1,0,1,0,0,0,0,0,1,0,0,1,0,0,1,1,0,0,0,1,0,1
41357197,쏘렌토 R,580,1,168701,1995,7,15,6,1,0,0,0,1,0,0,0,1,0,1,0,1,0,1,1,1,1,1,1,1,1
41115994,올 뉴 모닝,430,1,138046,998,5,11,11,1,0,1,0,0,0,1,0,0,0,0,1,0,0,1,1,0,0,1,0,0,0
41625162,올 뉴 쏘렌토,1280,1,151881,2199,7,11,3,1,0,0,0,1,0,0,0,1,0,1,0,0,0,1,1,1,1,1,1,1,1
41637872,더 뉴 셀토스,2120,1,35731,1999,5,3,2,1,0,1,0,0,0,0,0,1,0,1,0,0,0,1,1,0,1,0,1,0,1
41612945,더 뉴 셀토스,9999,1,22682,1999,5,2,3,1,0,1,0,0,0,1,0,0,0,1,0,0,0,1,1,0,1,0,1,0,1
41591947,더 뉴 쏘렌토 4세대,3990,1,24351,1598,5,2,0,1,0,0,1,0,0,1,0,0,0,1,0,1,1,1,1,1,1,1,1,1,1
41624661,더 뉴 셀토스,2110,1,26851,1598,5,2,0,1,0,1,0,0,0,1,0,0,0,1,0,0,0,1,1,1,1,1,1,0,1
38372187,올 뉴 K7,1599,1,38978,2359,5,8,10,1,0,1,0,0,0,1,0,0,0,0,1,0,1,1,1,1,1,1,1,1,1
41622335,더 뉴 K3 2세대,1250,1,79233,1598,5,4,12,1,0,1,0,0,0,1,0,0,0,0,1,0,0,1,1,1,1,1,1,0,1
41649413,셀토스,1780,1,85519,1591,5,3,7,1,0,1,0,0,0,0,0,1,0,1,0,0,1,1,1,1,1,1,1,1,1
41382309,K8 하이브리드,3150,1,50634,1598,5,4,6,1,0,0,1,0,0,0,1,0,0,0,1,1,1,1,1,1,1,1,1,1,1
41591471,더 뉴 카니발,1490,1,148538,2199,9,6,1,1,0,0,0,1,0,0,1,0,0,1,0,0,1,1,1,1,1,1,1,1,1
41508484,쏘렌토 4세대,3400,1,42731,1598,5,4,0,1,0,0,1,0,0,0,0,1,0,1,0,0,1,1,1,1,1,0,1,1,1
41595027,K8 하이브리드,3450,1,22351,1598,5,4,0,1,0,0,1,0,0,0,1,0,0,0,1,0,1,1,1,1,1,1,1,1,1
41533642,K5 하이브리드 2세대,1190,1,118652,1999,5,10,4,1,0,0,1,0,0,0,1,0,0,0,1,1,0,1,1,1,1,1,1,1,1
41572526,더 뉴 니로,1690,1,118168,1580,5,6,3,1,0,0,1,0,0,0,1,0,0,1,0,0,1,1,1,1,1,1,1,1,1
40877192,K3,370,1,199616,1582,5,11,2,1,0,0,0,1,0,0,0,1,0,0,1,0,0,1,0,1,0,0,1,0,1
39374974,더 뉴 모닝,660,1,96412,998,5,10,5,1,0,0,1,0,0,1,0,0,0,0,1,0,0,1,1,0,1,1,1,0,1
41553913,더 K9,2350,1,134137,3342,5,7,1,1,0,1,0,0,0,0,1,0,0,0,1,0,1,1,1,1,1,1,1,1,1
41598432,쏘렌토 4세대,2600,1,138373,2151,6,5,0,1,0,0,0,1,0,1,0,0,0,1,0,1,1,1,1,1,1,1,1,1,1
41619834,스포티지 더 볼드,1499,1,166655,1995,5,7,0,1,0,0,0,1,0,1,0,0,0,1,0,0,1,1,1,1,1,1,1,1,1
41638846,더 뉴 셀토스,1900,1,82258,1598,5,3,0,1,0,1,0,0,0,1,0,0,0,1,0,0,0,1,1,0,1,0,1,0,1
40644903,모닝 어반 (JA),1099,1,19541,998,5,5,5,1,0,1,0,0,0,0,0,0,1,0,1,1,0,1,1,1,1,1,1,1,1
41498613,쏘렌토 4세대,3530,1,86482,1598,5,3,2,1,0,0,1,0,0,0,0,1,0,1,0,0,1,1,1,1,1,1,1,1,1
41591917,카니발 4세대,2480,1,87366,2151,9,5,6,1,0,0,0,1,0,0,0,0,1,1,0,0,1,1,1,1,1,1,1,1,1
41605352,쏘렌토 4세대,3420,1,38522,2497,6,3,0,1,0,1,0,0,0,0,1,0,0,1,0,0,1,1,1,1,1,1,1,1,1
41645969,쏘렌토 4세대,2970,1,74814,1598,6,4,6,1,0,0,1,0,0,0,0,0,1,1,0,1,1,1,1,1,1,1,1,1,1
41641395,카니발 4세대,3090,1,68101,2151,9,5,0,1,0,0,0,1,0,0,1,0,0,1,0,0,1,1,1,1,1,1,1,1,1
40918927,쏘렌토 R,480,1,180589,2199,7,15,4,1,0,0,0,1,0,0,0,1,0,1,0,1,0,1,1,1,1,1,1,1,1
41517171,타스만,5299,1,3912,2497,5,0,0,1,0,1,0,0,0,0,0,0,1,1,0,1,1,1,1,1,1,1,1,1,1
41258308,니로,1530,1,104370,1580,5,8,3,1,0,0,1,0,0,0,0,0,1,1,0,1,1,1,1,1,1,1,1,1,1
41645711,스포티지 5세대 하이브리드,2990,1,54860,1598,5,3,0,1,0,0,1,0,0,1,0,0,0,1,0,0,1,1,1,1,1,1,1,1,1
41270852,더 뉴 모닝 (JA),1590,1,17030,998,5,2,0,1,0,1,0,0,0,0,0,1,0,0,1,0,1,1,1,1,1,1,1,1,1
40969179,스팅어,1940,1,87370,3342,5,7,12,1,0,1,0,0,0,0,0,0,1,0,1,0,1,1,1,1,1,1,1,1,1
41526220,K8,1650,1,222540,3470,5,4,0,1,1,0,0,0,0,0,0,1,0,0,1,0,1,1,1,1,1,1,1,1,1
41373529,니로 EV,1370,1,182320,0,5,7,0,1,0,0,0,0,1,1,0,0,0,1,0,0,0,1,1,1,1,1,1,1,1
41363454,K5 2세대,760,1,173350,1999,5,10,2,1,0,1,0,0,0,0,1,0,0,0,1,0,0,1,1,1,1,1,1,0,1
41618658,K8 하이브리드,2330,1,133450,1598,5,4,0,1,0,0,1,0,0,0,1,0,0,0,1,0,1,1,1,1,1,1,1,1,1
41582551,올 뉴 쏘렌토,950,1,203010,1995,5,11,2,1,0,0,0,1,0,0,1,0,0,1,0,0,0,1,1,1,1,1,1,1,1
41601547,쏘렌토 4세대,3333,1,22904,2497,5,3,0,1,0,1,0,0,0,1,0,0,0,1,0,0,1,1,1,1,1,1,1,1,1
41625112,니로 EV,2350,1,26024,180,5,4,0,1,0,0,0,0,1,0,0,1,0,1,0,0,1,1,1,1,1,1,1,1,1
41652136,EV9,6130,1,20243,180,6,2,2,1,0,0,0,0,1,1,0,0,0,1,0,0,1,1,1,1,1,1,1,1,1
41299148,모하비 더 마스터,3270,1,118069,2959,6,5,1,1,0,0,0,1,0,0,1,0,0,1,0,1,1,1,1,1,1,1,1,1,1
41637072,스팅어,1900,1,112783,3342,5,8,5,1,0,1,0,0,0,0,1,0,0,0,1,1,1,1,1,1,1,1,1,1,1
41658367,스팅어,2250,1,66965,1998,5,7,7,1,0,1,0,0,0,0,0,0,1,0,1,1,1,1,1,1,1,1,1,1,1
41605020,K5 3세대,2250,1,38108,1598,5,5,11,1,0,1,0,0,0,0,1,0,0,0,1,0,1,1,1,1,1,1,1,1,1
41145816,모하비 더 마스터,3390,1,86729,2959,6,6,1,1,0,0,0,1,0,0,1,0,0,1,0,1,1,1,1,1,1,1,1,1,1
41444632,스포티지 5세대,2590,1,91116,1998,5,3,9,1,0,0,0,1,0,1,0,0,0,1,0,1,1,1,1,1,1,1,1,1,1
41037521,셀토스,1850,1,46288,1591,5,5,11,1,0,1,0,0,0,1,0,0,0,1,0,1,1,1,1,1,1,1,1,1,1
41578913,올 뉴 모닝 (JA),790,1,36043,998,5,8,2,1,0,1,0,0,0,1,0,0,0,0,1,0,0,1,0,0,1,0,1,0,1
41314398,더 뉴 K5 2세대,1050,1,156850,1999,5,7,11,1,0,1,0,0,0,0,1,0,0,0,1,0,1,1,1,1,1,1,1,1,1
41515292,더 뉴 K8,3766,1,45959,2497,5,1,18,1,0,1,0,0,0,0,1,0,0,0,1,1,1,1,1,1,1,1,1,1,1
41525592,더 뉴 레이,699,1,73184,998,2,7,11,1,0,1,0,0,0,1,0,0,0,0,1,0,0,1,0,0,0,0,0,0,1
41374972,카니발 4세대,2980,1,14356,3470,9,3,0,1,0,1,0,0,0,0,1,0,0,1,0,0,1,1,1,1,1,1,1,1,1
41616852,카니발 4세대,9999,1,59170,2151,9,4,0,1,0,0,0,1,0,1,0,0,0,1,0,1,1,1,1,1,1,1,1,1,1
40947165,K5 3세대,2320,1,71384,1598,5,5,5,1,0,1,0,0,0,0,0,1,0,0,1,1,1,1,1,1,1,1,1,1,1
40920334,더 뉴 카니발 4세대,6400,1,5482,2151,9,1,0,1,0,0,0,1,0,0,0,1,0,1,0,1,1,1,1,1,1,1,1,1,1
41130511,K7 프리미어,2350,1,85992,2497,5,6,4,1,0,1,0,0,0,0,1,0,0,0,1,1,1,1,1,1,1,1,1,1,1
41167331,더 뉴 카니발 4세대,6650,1,3768,2151,7,1,0,1,0,0,0,1,0,0,1,0,0,1,0,1,1,1,1,1,1,1,1,1,1
41077006,더 뉴 카니발 4세대,6550,1,5074,2151,7,1,0,1,0,0,0,1,0,0,0,1,0,1,0,1,1,1,1,1,1,1,1,1,1
41018811,K5 하이브리드 3세대,2100,1,136051,1999,5,6,2,1,0,0,1,0,0,0,0,0,1,0,1,1,1,1,1,1,1,1,1,1,1
40756590,올 뉴 카니발,1580,1,57219,2199,9,8,0,1,0,0,0,1,0,1,0,0,0,1,0,0,0,1,1,1,1,1,1,1,1
41603146,셀토스,2130,1,46713,1591,5,6,2,1,0,1,0,0,0,1,0,0,0,1,0,0,1,1,1,1,1,1,1,1,1
41647538,쏘렌토 4세대,3150,1,90751,2151,5,3,0,1,0,0,0,1,0,1,0,0,0,1,0,0,1,1,1,1,1,1,1,1,1
41545005,올 뉴 모닝 (JA),900,1,38497,998,5,9,0,1,0,1,0,0,0,1,0,0,0,0,1,0,0,1,1,0,1,1,1,0,1
41068158,카니발 4세대,2770,1,75520,2151,9,3,0,1,0,0,0,1,0,0,0,1,0,1,0,0,1,1,1,1,1,1,1,1,1
41649698,K5 3세대,9990,1,29186,1999,5,4,0,1,0,1,0,0,0,0,1,0,0,0,1,0,1,1,1,1,1,1,1,1,1
41534899,디 올 뉴 니로 EV,2440,1,116429,180,5,2,4,1,0,0,0,0,1,0,0,1,0,1,0,1,1,1,1,1,1,1,1,1,1
41027670,더 뉴 스포티지 R,780,1,165859,1995,5,12,5,1,0,0,0,1,0,0,0,0,1,1,0,0,0,1,1,1,1,1,1,1,1
41640728,스포티지 더 볼드,1940,1,85519,1999,5,7,0,1,0,1,0,0,0,0,0,0,1,1,0,1,1,1,1,1,1,0,1,1,1
41499843,스포티지 4세대,1080,1,88213,1685,5,10,2,1,0,0,0,1,0,0,0,0,1,1,0,0,0,1,1,0,1,0,1,1,1
41435592,셀토스,1880,1,88428,1591,5,4,3,1,0,1,0,0,0,1,0,0,0,1,0,0,1,1,1,1,1,1,1,1,1
41145711,더 뉴 스포티지 5세대 하이브리드,4220,1,7372,1598,5,1,0,1,0,0,1,0,0,0,0,1,0,1,0,0,1,1,1,1,1,1,1,1,1
41277225,더 뉴 카니발 4세대,5520,1,6685,2151,9,1,0,1,0,0,0,1,0,0,1,0,0,1,0,1,1,1,1,1,1,1,1,1,1
41342328,더 뉴 카니발 4세대,5520,1,5439,2151,7,1,0,1,0,0,0,1,0,0,0,1,0,1,0,1,1,1,1,1,1,1,1,1,1
41574604,올 뉴 모닝,380,1,107465,998,5,13,1,1,0,1,0,0,0,1,0,0,0,0,1,0,0,0,1,0,0,1,0,0,1
41574571,스포티지 5세대,2700,1,45563,1998,5,2,0,1,0,0,0,1,0,1,0,0,0,1,0,0,1,1,1,1,1,1,1,1,1
41460372,K7 프리미어,2150,1,70340,2497,5,6,2,1,0,1,0,0,0,0,1,0,0,0,1,0,1,1,1,1,1,1,1,1,1
41602969,더 뉴 모닝,450,1,149784,998,5,10,3,1,0,1,0,0,0,0,0,1,0,0,1,0,0,1,1,0,0,1,1,0,1
41412683,쏘렌토 4세대,2890,1,89758,1598,5,4,0,1,0,0,1,0,0,0,0,1,0,1,0,1,1,1,1,1,1,1,1,1,1
41466436,올 뉴 K7,1470,1,91141,2999,5,8,1,1,0,1,0,0,0,0,1,0,0,0,1,0,1,1,1,1,1,1,1,1,1
41458767,카니발 4세대,2380,1,44229,3470,9,5,1,1,0,1,0,0,0,1,0,0,0,1,0,0,1,1,1,0,1,0,1,1,1
41506948,올 뉴 K3,1130,1,106891,1598,5,5,7,1,0,1,0,0,0,0,0,0,1,0,1,0,0,1,1,1,1,1,1,1,1
41515057,더 뉴 K8 하이브리드,4070,1,15441,1598,5,0,5,1,0,0,1,0,0,0,0,1,0,0,1,0,1,1,1,1,1,1,1,1,1
41515095,K5 3세대,2670,1,50125,1598,5,3,3,1,0,1,0,0,0,1,0,0,0,0,1,0,1,1,1,1,1,1,1,1,1
41542682,올 뉴 카니발,820,1,286690,2199,9,11,3,1,0,0,0,1,0,1,0,0,0,1,0,1,0,1,1,1,1,1,1,1,1
41356039,올 뉴 카니발,1339,1,98287,2199,7,10,1,1,0,0,0,1,0,0,0,1,0,1,0,1,0,1,1,1,1,0,1,1,1
41610543,더 뉴 쏘렌토,2130,1,64240,2199,5,6,3,1,0,0,0,1,0,0,0,0,1,1,0,0,1,1,1,1,1,1,1,1,1
41610556,올 뉴 모닝 (JA),895,1,93352,998,5,8,1,1,0,1,0,0,0,1,0,0,0,0,1,0,0,1,1,1,1,1,1,0,1
41630762,더 뉴 쏘렌토,1550,1,154314,2199,5,8,2,1,0,0,0,1,0,1,0,0,0,1,0,0,1,1,1,1,1,1,1,1,1
41338636,스포티지 5세대,2630,1,70468,1598,5,4,1,1,0,1,0,0,0,0,0,0,1,1,0,0,1,1,1,1,1,1,1,1,1
41412706,K8 하이브리드,2899,1,46181,1598,5,4,2,1,0,0,1,0,0,0,0,1,0,0,1,0,1,1,1,1,1,1,1,1,1
41303606,카니발 4세대,2550,1,131369,3470,7,5,1,1,0,1,0,0,0,1,0,0,0,1,0,0,1,1,1,1,1,1,1,1,1
41451061,모하비 더 마스터,3490,1,115084,2959,6,5,0,1,0,0,0,1,0,0,1,0,0,1,0,1,1,1,1,1,1,1,1,1,1
41419869,올 뉴 쏘렌토,1640,1,80062,1995,5,9,4,1,0,0,0,1,0,1,0,0,0,1,0,0,0,1,1,1,1,1,1,1,1
41542691,올 뉴 모닝,450,1,78043,998,5,13,3,1,0,1,0,0,0,0,0,1,0,0,1,0,0,1,1,0,1,1,1,0,1
41583741,스팅어 마이스터,1950,1,143172,2497,5,5,13,1,0,1,0,0,0,1,0,0,0,0,1,0,1,1,1,1,1,1,1,1,1
41583765,더 뉴 니로,1830,1,94959,1580,5,6,2,1,0,0,1,0,0,1,0,0,0,1,0,0,0,1,1,1,1,0,1,1,1
41575185,스포티지 5세대 하이브리드,3150,1,52716,1598,5,4,0,1,0,0,1,0,0,0,1,0,0,1,0,1,1,1,1,1,1,1,1,1,1
41477755,셀토스,2050,1,68855,1591,5,6,0,1,0,1,0,0,0,1,0,0,0,1,0,0,1,1,1,1,1,1,1,1,1
41369789,더 뉴 레이,870,1,82157,998,2,5,0,1,0,1,0,0,0,1,0,0,0,0,1,0,0,1,1,0,0,0,0,0,1
41601620,더 뉴 기아 레이,1080,1,67989,998,2,3,0,1,0,1,0,0,0,1,0,0,0,0,1,0,0,1,1,0,0,0,0,0,0
41516492,더 뉴 레이,890,1,62616,998,2,4,0,1,0,1,0,0,0,1,0,0,0,0,1,0,0,1,1,0,0,0,0,0,1
41658871,스포티지 5세대,2660,1,73021,1998,5,4,0,1,0,0,0,1,0,1,0,0,0,1,0,0,1,1,1,1,1,1,1,1,1
41401168,올 뉴 K7,1550,1,94553,2999,5,8,0,1,1,0,0,0,0,0,1,0,0,0,1,1,1,1,1,1,1,1,1,1,1
41587865,더 뉴 K3,999,1,28992,1582,5,10,0,1,0,0,0,1,0,0,0,1,0,0,1,0,0,1,1,1,1,1,1,0,1
41636420,모하비,850,1,177967,2959,7,12,1,1,0,0,0,1,0,1,0,0,0,1,0,1,0,1,1,1,1,0,1,1,1
41502761,모닝 어반 (JA),1280,1,35557,998,5,5,1,1,0,1,0,0,0,0,1,0,0,0,1,0,0,1,1,1,1,1,1,1,1
41587904,올 뉴 모닝 (JA),930,1,77767,998,5,6,0,1,0,1,0,0,0,1,0,0,0,0,1,0,0,1,1,0,1,1,1,0,1
41587878,쏘렌토 4세대,3450,1,18015,2497,5,5,0,1,0,1,0,0,0,0,0,1,0,1,0,1,1,1,1,1,1,1,1,1,1
41341773,K7 프리미어,2449,1,49343,2497,5,6,1,1,0,1,0,0,0,1,0,0,0,0,1,0,1,1,1,1,1,1,1,1,1
41551462,카니발 4세대,3160,1,65956,2151,9,3,0,1,0,0,0,1,0,0,1,0,0,1,0,0,1,1,1,1,1,1,1,1,1
41592542,스포티지 4세대,1600,1,90730,1995,5,8,1,1,0,0,0,1,0,0,1,0,0,1,0,0,0,1,1,1,1,1,1,1,1
41592556,카니발 4세대,3700,1,31194,2151,9,3,0,1,0,0,0,1,0,0,1,0,0,1,0,1,1,1,1,1,1,1,1,1,1
41611597,쏘렌토 4세대,3150,1,83016,1598,6,4,4,1,0,0,1,0,0,1,0,0,0,1,0,0,1,1,1,1,1,1,1,1,1
41645737,더 뉴 모하비,1799,1,98957,2959,7,9,1,1,0,0,0,1,0,0,0,1,0,1,0,0,0,1,1,1,1,1,1,1,1
41647752,K5 3세대,2470,1,73967,1999,5,6,4,1,0,1,0,0,0,0,0,1,0,0,1,1,1,1,1,1,1,1,1,1,1
41554010,올 뉴 카니발,1390,1,113405,2199,9,8,4,1,0,0,0,1,0,1,0,0,0,1,0,0,0,1,1,1,1,1,1,1,1
41446914,더 뉴 셀토스,2600,1,27358,1598,5,3,1,1,0,1,0,0,0,0,0,1,0,1,0,1,1,1,1,1,1,1,1,1,1
41536430,쏘렌토 4세대,3549,1,43458,2151,5,3,0,1,0,0,0,1,0,1,0,0,0,1,0,1,1,1,1,1,1,1,1,1,1
41594155,쏘렌토 4세대,2680,1,82651,2151,7,5,1,1,0,0,0,1,0,1,0,0,0,1,0,0,1,1,1,1,1,1,1,1,1
41606971,쏘렌토 4세대,3499,1,58872,1598,6,3,0,1,0,0,1,0,0,1,0,0,0,1,0,0,1,1,1,1,1,1,1,1,1
41626218,모닝 어반 (JA),1569,1,21158,998,5,3,2,1,0,1,0,0,0,1,0,0,0,0,1,0,0,1,1,1,1,1,1,1,1
41382673,더 뉴 K5 하이브리드 3세대,2420,1,27850,1999,5,2,0,1,0,0,1,0,0,1,0,0,0,0,1,0,1,1,1,1,1,1,1,1,1
41619224,스포티지 5세대,2720,1,54812,1598,5,4,1,1,0,1,0,0,0,0,1,0,0,1,0,1,1,1,1,1,1,1,1,1,1
41377645,K8 하이브리드,3060,1,51816,1598,5,4,3,1,0,0,1,0,0,0,0,1,0,0,1,0,1,1,1,1,1,1,1,1,1
41550981,쏘렌토 4세대,3090,1,37262,1598,6,4,6,1,0,0,1,0,0,1,0,0,0,1,0,0,1,1,1,1,1,1,1,1,1
41610974,스포티지 5세대,2090,1,143285,1998,5,4,0,1,0,0,0,1,0,0,1,0,0,1,0,1,1,1,1,1,1,1,1,1,1
41647705,쏘렌토 4세대,3190,1,88211,1598,5,5,5,1,0,0,1,0,0,0,1,0,0,1,0,1,1,1,1,1,1,1,1,1,1
41389344,쏘렌토 4세대,3199,1,99583,1598,5,4,1,1,0,0,1,0,0,1,0,0,0,1,0,0,1,1,1,1,1,1,1,1,1
40924470,모하비 더 마스터,3049,1,167295,2959,6,5,1,1,0,0,0,1,0,0,1,0,0,1,0,1,1,1,1,1,1,1,1,1,1
40925033,스포티지 5세대,2549,1,58220,1998,5,4,1,1,0,0,0,1,0,0,0,1,0,1,0,0,1,1,1,1,1,1,1,0,1
40926579,쏘렌토 4세대,2699,1,100289,1598,5,4,2,1,0,0,1,0,0,0,0,1,0,1,0,0,1,1,1,1,1,1,1,1,1
40920566,스포티지 5세대,2799,1,40669,1598,5,3,0,1,0,1,0,0,0,1,0,0,0,1,0,0,1,1,1,1,1,1,1,1,1
40883367,쏘렌토 4세대,2199,1,152093,2151,5,4,1,1,0,0,0,1,0,0,1,0,0,1,0,0,1,1,1,1,1,1,1,1,1
40991645,쏘렌토 4세대,3199,1,94701,1598,5,4,0,1,0,0,1,0,0,0,0,1,0,1,0,0,1,1,1,1,1,1,1,1,1
41368109,카니발 4세대,2599,1,72914,2151,9,3,1,1,0,0,0,1,0,0,1,0,0,1,0,0,1,1,1,1,1,1,1,1,1
41392336,쏘렌토 4세대,2649,1,116157,1598,5,5,8,1,0,0,1,0,0,1,0,0,0,1,0,0,1,1,1,1,1,1,1,1,1
41643842,올 뉴 K3,930,1,173258,1598,5,7,4,1,0,1,0,0,0,1,0,0,0,0,1,0,0,1,1,1,1,1,1,1,1
41458638,더 뉴 카니발,2150,1,139424,2199,7,6,13,1,0,0,0,1,0,1,0,0,0,1,0,0,1,1,1,1,1,1,1,1,1
41466370,쏘렌토 4세대,2390,1,126201,2151,5,5,0,1,0,0,0,1,0,1,0,0,0,1,0,0,1,1,1,1,1,1,1,1,1
41601128,카니발 4세대,4930,1,23691,3470,9,4,0,1,0,1,0,0,0,0,1,0,0,1,0,0,1,1,1,1,1,1,1,1,1
41610944,EV6,3850,1,55560,111,5,4,1,1,0,0,0,0,1,0,0,1,0,0,1,1,1,1,1,1,1,1,1,1,1
41231864,카니발 4세대,2830,1,78243,2151,9,5,4,1,0,0,0,1,0,0,1,0,0,1,0,0,1,1,1,1,1,1,1,1,1
41145004,모하비 더 마스터,4470,1,60716,2959,6,4,0,1,0,0,0,1,0,0,1,0,0,1,0,1,1,1,1,1,1,1,1,1,1
41050915,카니발 4세대,2700,1,273683,2151,9,5,3,1,0,0,0,1,0,0,1,0,0,1,0,0,1,1,1,1,1,1,1,1,1
41307634,뉴모닝,280,1,54309,999,5,17,1,1,0,1,0,0,0,1,0,0,0,0,1,0,0,1,1,0,0,1,1,0,1
41647244,올 뉴 모닝,370,1,56777,998,5,14,15,1,0,1,0,0,0,1,0,0,0,0,1,0,0,1,1,0,0,1,1,0,1
41602259,K3,540,1,122768,1591,5,13,6,1,0,1,0,0,0,1,0,0,0,0,1,0,0,1,1,1,1,1,1,0,1
41508042,K5,370,1,167042,1999,5,13,9,1,1,0,0,0,0,0,0,1,0,0,1,0,0,1,1,0,0,1,0,0,1
41584803,레이,600,1,113129,998,5,14,1,1,0,1,0,0,0,0,0,0,1,0,1,0,0,1,1,1,1,1,1,0,1
41652365,더 뉴 K5,550,1,101049,1999,5,11,5,1,1,0,0,0,0,0,0,1,0,0,1,0,0,1,1,0,1,1,0,0,1
41470191,더 뉴 카니발 4세대,7650,1,14335,1598,9,1,0,1,0,0,1,0,0,0,1,0,0,1,0,0,1,1,1,1,1,1,1,1,1
41200466,쏘렌토 4세대,2650,1,157723,2497,7,5,4,1,0,1,0,0,0,0,0,0,1,1,0,1,1,1,1,1,1,1,1,1,1
41251147,포르테,429,1,64272,1591,5,15,8,1,0,1,0,0,0,1,0,0,0,0,1,0,0,1,1,0,1,1,1,0,1
41508506,포르테,299,1,106740,1591,5,14,4,0,0,1,0,0,0,0,0,1,0,0,1,0,0,1,0,0,0,0,1,0,1
41613998,쏘렌토 R,539,1,167896,1995,7,14,6,1,0,0,0,1,0,0,0,1,0,1,0,0,0,1,1,1,1,1,1,1,1
41578110,카니발 R,439,1,136295,2199,9,14,0,1,0,0,0,1,0,0,0,1,0,1,0,0,0,1,1,1,0,1,1,0,1
41241828,올 뉴 K7,998,1,154673,3342,5,10,2,1,0,1,0,0,0,0,1,0,0,0,1,0,0,1,1,1,1,1,1,1,1
41477903,쏘렌토 4세대,4180,1,12050,1598,6,5,0,1,0,0,1,0,0,0,0,0,1,1,0,1,1,1,1,1,1,1,1,1,1
40960959,쏘렌토 4세대,3350,1,46063,1598,6,4,4,1,0,0,1,0,0,1,0,0,0,1,0,0,1,1,1,1,1,1,1,1,1
41058974,스포티지 5세대 하이브리드,3280,1,36432,1598,5,4,0,1,0,0,1,0,0,0,1,0,0,1,0,1,1,1,1,1,1,1,1,1,1
41650746,포르테,390,1,105292,1591,5,15,0,1,0,1,0,0,0,0,0,1,0,0,1,0,0,1,1,1,1,1,1,0,1
41442108,더 뉴 레이,920,1,134493,998,5,5,0,1,0,1,0,0,0,1,0,0,0,0,1,0,0,1,0,0,1,0,1,0,1
41301093,올 뉴 K3,1280,1,60025,1598,5,7,5,1,0,1,0,0,0,1,0,0,0,0,1,0,1,1,1,0,1,1,1,1,1
40797099,올 뉴 모닝,440,1,125572,998,5,11,3,1,0,1,0,0,0,0,1,0,0,0,1,0,0,1,1,0,1,1,1,0,1
41558837,더 뉴 기아 레이,1480,1,4098,998,5,2,14,1,0,1,0,0,0,1,0,0,0,0,1,0,0,1,1,1,1,1,1,1,1
40959883,더 뉴 쏘렌토 4세대,3899,1,33305,2497,5,2,4,1,0,1,0,0,0,0,1,0,0,1,0,0,1,1,1,1,1,1,1,1,1
41354023,올 뉴 K7,1140,1,111077,2359,5,8,11,1,0,1,0,0,0,0,0,1,0,0,1,0,1,1,1,1,1,1,1,1,1
41462609,카니발 4세대,2790,1,100809,2151,9,5,2,1,0,0,0,1,0,0,1,0,0,1,0,1,1,1,1,1,1,1,1,1,1
41475015,K5 3세대,2799,1,26323,1598,5,3,1,1,0,1,0,0,0,1,0,0,0,0,1,1,1,1,1,1,1,1,1,1,1
41475037,더 뉴 K5,599,1,130749,1999,5,12,3,1,0,1,0,0,0,0,1,0,0,0,1,0,0,1,1,1,1,1,1,0,1
41475785,더 뉴 기아 레이,1980,1,22,998,5,0,0,1,0,1,0,0,0,0,1,0,0,0,1,0,0,1,1,1,1,1,1,1,1
41475048,더 뉴 K3 2세대,1850,1,71823,1598,5,2,2,1,0,1,0,0,0,1,0,0,0,0,1,0,1,1,1,1,1,1,1,1,1
41088924,올 뉴 카니발,1150,1,154518,2199,9,10,15,1,0,0,0,1,0,0,1,0,0,1,0,0,0,1,1,1,1,1,1,1,1
40955885,모하비 더 마스터,5400,1,50972,2959,7,3,0,1,0,0,0,1,0,0,1,0,0,1,0,1,1,1,1,1,1,1,1,1,1
41271926,카니발 4세대,2799,1,66969,3470,9,3,0,1,0,1,0,0,0,0,0,0,1,1,0,0,1,1,1,1,1,1,1,1,1
41383017,EV6,3450,1,58126,111,5,3,5,1,0,0,0,0,1,1,0,0,0,0,1,1,1,1,1,1,1,1,1,1,1
41390066,K5,530,1,76424,1998,5,15,6,1,0,1,0,0,0,0,0,1,0,0,1,0,0,1,1,1,1,1,1,0,1
41454530,K3,590,1,123006,1591,5,12,12,1,0,1,0,0,0,1,0,0,0,0,1,0,0,1,1,1,1,1,1,0,1
41439679,쏘렌토 4세대,2850,1,92570,2497,7,4,3,1,0,1,0,0,0,0,0,1,0,1,0,0,1,1,1,1,1,1,1,1,1
41502360,더 뉴 모닝 (JA),288,1,1,998,5,0,0,1,0,1,0,0,0,1,0,0,0,0,1,0,0,1,1,1,1,0,1,1,1
41498490,올 뉴 쏘렌토,999,1,170630,2199,7,10,10,1,0,0,0,1,0,0,1,0,0,1,0,0,0,1,1,1,1,1,1,1,1
41498582,카니발 4세대,2050,1,160838,2151,9,5,2,1,0,0,0,1,0,1,0,0,0,1,0,0,1,1,1,1,1,1,1,1,1
41495116,더 뉴 K5 3세대,9999,1,33779,1999,5,2,2,1,1,0,0,0,0,0,1,0,0,0,1,0,1,1,1,0,1,1,1,1,1
41544993,올 뉴 모닝,490,1,141852,998,5,11,4,1,0,1,0,0,0,1,0,0,0,0,1,0,0,1,1,1,1,1,1,0,1
41605718,스포티지 더 볼드,1650,1,114751,1995,5,7,1,1,0,0,0,1,0,0,0,0,1,1,0,0,1,1,1,1,1,1,1,1,1
41609400,올 뉴 카니발,900,1,157166,2199,9,11,6,1,0,0,0,1,0,1,0,0,0,1,0,1,0,1,1,1,1,1,1,1,1
41525703,스포티지 5세대,2290,1,114199,1998,5,4,5,1,0,0,0,1,0,1,0,0,0,1,0,0,1,1,1,1,1,1,1,1,1
41280860,더 뉴 쏘렌토 4세대,3200,1,75812,2497,6,2,0,1,0,1,0,0,0,0,0,1,0,1,0,0,1,1,1,1,1,1,1,1,1
40997638,카니발 4세대,2600,1,102072,2151,9,4,5,1,0,0,0,1,0,0,1,0,0,1,0,0,1,1,1,1,1,1,1,1,1
41503523,더 뉴 셀토스,2500,1,55457,1598,5,3,0,1,0,1,0,0,0,1,0,0,0,1,0,0,1,1,1,1,1,1,1,1,1
41191415,모하비 더 마스터,3490,1,82451,2959,6,5,2,1,0,0,0,1,0,0,1,0,0,1,0,0,1,1,1,1,1,1,1,1,1
40737161,더 뉴 스포티지 R,820,1,127432,1995,5,12,3,1,0,0,0,1,0,0,0,1,0,1,0,0,0,1,1,1,1,1,1,1,1
40327084,올 뉴 K7,1470,1,69732,3342,5,10,3,1,0,1,0,0,0,0,1,0,0,0,1,0,0,1,1,1,1,1,1,1,1
40283571,더 뉴 셀토스,2800,1,35866,1591,5,3,0,1,0,1,0,0,0,0,0,1,0,1,0,0,1,1,1,1,1,1,1,1,1
40148373,셀토스,2150,1,73990,1591,5,5,0,1,0,1,0,0,0,0,1,0,0,1,0,1,1,1,1,1,1,1,1,1,1
41652080,더 뉴 기아 레이 EV,2079,1,15231,133,4,2,1,1,0,0,0,0,1,1,0,0,0,0,1,0,0,1,1,1,1,1,1,1,1
41632464,더 뉴 기아 레이 EV,2470,1,4001,133,4,0,0,1,0,0,0,0,1,0,1,0,0,0,1,0,0,1,1,1,1,1,1,1,1
41614767,카니발 4세대,3299,1,50924,3470,9,3,0,1,0,1,0,0,0,1,0,0,0,1,0,0,1,1,1,1,1,1,1,1,1
39616352,K8,1949,1,145632,3470,5,4,0,1,1,0,0,0,0,0,0,1,0,0,1,1,1,1,1,1,1,1,1,1,1
41306598,쏘렌토 4세대,3790,1,18919,1598,5,3,0,1,0,0,1,0,0,1,0,0,0,1,0,0,1,1,1,1,1,1,1,1,1
41295126,더 뉴 모닝,460,1,68137,998,2,10,1,1,0,1,0,0,0,1,0,0,0,0,1,0,0,0,0,0,0,0,0,0,0
39940586,더 뉴 쏘렌토 4세대,4320,1,20229,1598,5,2,0,1,0,0,1,0,0,0,0,1,0,1,0,0,1,1,1,1,1,1,1,1,1
41268631,올 뉴 모닝 (JA),740,1,126221,998,5,9,6,1,0,1,0,0,0,1,0,0,0,0,1,0,0,1,1,0,1,1,0,0,1
41296074,더 뉴 기아 레이,1270,1,29782,998,2,3,0,1,0,1,0,0,0,1,0,0,0,0,1,0,0,1,0,0,0,0,0,0,0
41192014,카니발 4세대,2830,1,61068,2151,9,3,0,1,0,0,0,1,0,1,0,0,0,1,0,1,1,1,1,1,1,0,1,1,1
40894698,모하비 더 마스터,3200,1,97733,2959,7,5,1,1,0,0,0,1,0,1,0,0,0,1,0,1,1,1,1,1,1,1,1,1,1
41236114,카니발 4세대,3130,1,105248,2151,7,3,2,1,0,0,0,1,0,1,0,0,0,1,0,0,1,1,1,1,1,1,1,1,1
41534485,올 뉴 카니발,1050,1,177689,2199,7,10,8,1,0,0,0,1,0,0,0,1,0,1,0,1,0,1,1,1,1,1,1,1,1
41506867,쏘렌토 4세대,3250,1,46263,1598,6,4,0,1,0,0,1,0,0,1,0,0,0,1,0,1,1,1,1,1,1,0,1,1,1
41503116,카니발 4세대,4350,1,30327,3470,9,3,2,1,0,1,0,0,0,0,1,0,0,1,0,0,1,1,1,1,1,1,1,1,1
41480434,쏘렌토 4세대,2540,1,99516,2151,5,5,1,1,0,0,0,1,0,1,0,0,0,1,0,0,1,1,1,1,1,1,1,1,1
41468309,더 뉴 K5 2세대,1500,1,54869,1999,5,7,8,1,0,1,0,0,0,0,0,1,0,0,1,0,1,1,1,1,1,1,1,1,1
41461789,올 뉴 카니발,1550,1,67653,2199,9,8,1,1,0,0,0,1,0,0,1,0,0,1,0,0,0,1,1,1,1,1,1,1,1
41451200,스포티지 5세대 하이브리드,3250,1,32757,1598,5,4,0,1,0,0,1,0,0,0,0,0,1,1,0,1,1,1,1,1,1,1,1,1,1
41416078,셀토스,1990,1,48688,1591,5,4,3,1,0,1,0,0,0,0,0,1,0,1,0,0,1,1,1,1,1,1,1,1,1
41424541,더 K9,2550,1,108966,3778,5,7,3,1,0,1,0,0,0,0,0,0,1,0,1,1,1,1,1,1,1,1,1,1,1
41398205,더 뉴 K3 2세대,2850,1,13562,1598,5,4,0,1,0,1,0,0,0,1,0,0,0,0,1,0,1,1,1,1,1,1,1,1,1
41396914,K8,3160,1,37949,2497,5,4,0,1,0,1,0,0,0,0,0,0,1,0,1,1,1,1,1,1,1,1,1,1,1
41378826,더 뉴 카니발 4세대,4250,1,11210,2151,9,2,6,1,0,0,0,1,0,0,0,0,1,1,0,1,1,1,1,1,1,1,1,1,1
41311593,쏘렌토 4세대,3390,1,21010,1598,5,3,1,1,0,0,1,0,0,1,0,0,0,1,0,0,1,1,1,1,1,0,1,1,1
41475733,EV9,6290,1,39926,180,7,2,2,1,0,0,0,0,1,0,0,1,0,1,0,0,1,1,1,1,1,1,1,1,1
41492251,스포티지 4세대,1490,1,105305,1999,5,8,4,1,0,1,0,0,0,1,0,0,0,1,0,1,0,1,1,0,1,1,1,1,1
41479685,더 뉴 K9 2세대,4560,1,52335,3778,5,3,0,1,0,1,0,0,0,0,1,0,0,0,1,0,1,1,1,1,1,1,1,1,1
41470363,셀토스,2140,1,48392,1598,5,4,0,1,0,0,0,1,0,1,0,0,0,1,0,0,0,1,1,1,1,1,1,0,1
41461007,더 뉴 카니발,2550,1,67428,3342,9,7,4,1,0,1,0,0,0,0,1,0,0,1,0,0,1,1,1,1,1,1,1,1,1
41459142,스포티지 5세대,2599,1,72832,1598,5,4,7,1,0,1,0,0,0,1,0,0,0,1,0,1,1,1,1,1,1,1,1,1,1
41449977,더 뉴 K5,990,1,36635,1999,5,12,0,1,0,1,0,0,0,1,0,0,0,0,1,1,0,1,1,1,1,1,1,0,1
41373787,스포티지 5세대 하이브리드,3150,1,49660,1598,5,4,0,1,0,0,1,0,0,1,0,0,0,1,0,0,1,1,1,1,1,1,1,1,1
41568578,올 뉴 K7,1090,1,112775,3342,5,10,3,1,0,1,0,0,0,0,0,0,1,0,1,1,0,1,1,1,1,1,1,1,1
41393585,더 뉴 K3 2세대,1428,1,99984,1598,5,4,3,1,0,1,0,0,0,1,0,0,0,0,1,0,0,1,1,1,1,1,1,1,1
41355958,카니발 4세대,2720,1,120879,2151,9,3,1,1,0,0,0,1,0,0,1,0,0,1,0,0,1,1,1,1,1,1,1,1,1
41346118,더 뉴 K9 2세대,4500,1,80377,3342,5,3,1,1,0,1,0,0,0,0,1,0,0,0,1,0,1,1,1,1,1,1,1,1,1
41551539,카니발 4세대,3149,1,53870,2151,9,5,0,1,0,0,0,1,0,1,0,0,0,1,0,0,1,1,1,1,1,1,1,1,1
41650203,모닝 어반 (JA),1570,1,30080,998,5,4,0,1,0,1,0,0,0,1,0,0,0,0,1,0,0,1,1,1,1,1,1,1,1
41636027,올 뉴 K7,1150,1,124570,2359,5,10,7,1,0,1,0,0,0,0,0,1,0,0,1,1,0,1,1,1,1,1,1,1,1
41584917,더 뉴 카니발,2750,1,63742,2199,9,7,0,1,0,0,0,1,0,1,0,0,0,1,0,0,1,1,1,1,1,1,1,1,1
41588328,쏘렌토 4세대,3150,1,30282,1598,5,4,2,1,0,0,1,0,0,1,0,0,0,1,0,0,1,1,1,1,1,1,1,1,1
41583982,쏘렌토 4세대,3799,1,47991,1598,6,3,2,1,0,0,1,0,0,0,0,1,0,1,0,1,1,1,1,1,1,1,1,1,1
41588322,쏘렌토 4세대,3490,1,46096,2151,6,4,7,1,0,0,0,1,0,0,0,0,1,1,0,1,1,1,1,1,1,1,1,1,1
41578022,EV6,3630,1,67038,111,5,3,7,1,0,0,0,0,1,0,1,0,0,0,1,1,1,1,1,1,1,1,1,1,1
41576046,K8,2530,1,51206,3470,5,4,0,1,0,1,0,0,0,0,1,0,0,0,1,0,1,1,1,1,1,1,1,1,1
41595098,올 뉴 K3,1480,1,59596,1598,5,7,2,1,0,1,0,0,0,1,0,0,0,0,1,0,0,1,1,1,1,1,1,1,1
41597269,더 뉴 카니발,1770,1,103093,3342,9,7,0,1,0,1,0,0,0,0,1,0,0,1,0,0,1,1,1,1,1,1,1,1,1
41593259,올 뉴 K7,1850,1,39059,3342,5,10,0,1,0,1,0,0,0,1,0,0,0,0,1,1,0,1,1,1,1,1,1,1,1
41597708,더 뉴 K5 하이브리드 3세대,3350,1,8923,1999,5,2,1,1,0,0,1,0,0,0,0,1,0,0,1,0,1,1,1,1,1,1,1,1,1
41584362,EV6,3340,1,71157,111,5,4,0,1,0,0,0,0,1,1,0,0,0,0,1,0,1,1,1,1,1,1,1,1,1
41625108,K7 프리미어,1599,1,141924,2497,5,6,2,1,0,1,0,0,0,0,1,0,0,0,1,1,1,1,1,1,1,1,1,1,1
41620356,쏘렌토 4세대,2650,1,90263,2151,5,4,1,1,0,0,0,1,0,0,0,1,0,1,0,0,1,1,1,1,1,1,1,1,1
41619294,더 뉴 쏘렌토 4세대,4400,1,20987,2497,6,2,0,1,0,1,0,0,0,0,1,0,0,1,0,1,1,1,1,1,1,1,1,1,1
41611113,카니발 4세대,3290,1,52626,3470,7,3,1,1,0,1,0,0,0,1,0,0,0,1,0,0,1,1,1,1,1,1,1,1,1
41619358,올 뉴 카니발,1390,1,99779,2199,9,9,1,1,0,0,0,1,0,0,1,0,0,1,0,0,0,1,1,1,1,1,1,1,1
41601194,스포티지 5세대 하이브리드,3120,1,47983,1598,5,4,0,1,0,0,1,0,0,1,0,0,0,1,0,0,1,1,1,1,1,1,1,1,1
41616199,모하비 더 마스터,3350,1,60885,2959,5,6,0,1,0,0,0,1,0,1,0,0,0,1,0,1,1,1,1,1,1,1,1,1,1
41599769,더 뉴 K3,960,1,45218,1591,5,9,0,1,0,1,0,0,0,0,0,0,1,0,1,0,0,1,1,1,0,1,1,0,1
41593305,카니발 4세대,2079,1,132890,2151,9,4,3,1,0,0,0,1,0,0,1,0,0,1,0,0,1,1,1,1,1,1,1,1,1
41590395,디 올 뉴 니로,2700,1,18604,1580,5,0,0,1,0,0,1,0,0,1,0,0,0,1,0,0,0,1,1,1,1,1,1,0,1
41636003,올 뉴 카니발,1150,1,169846,2199,9,8,2,1,0,0,0,1,0,0,0,1,0,1,0,0,0,1,1,1,1,1,1,1,1
41586314,더 뉴 기아 레이,2070,1,937,998,5,0,0,1,0,1,0,0,0,1,0,0,0,0,1,0,0,1,1,1,1,1,1,1,1
41571312,더 뉴 모닝,730,1,79170,998,5,10,0,1,0,1,0,0,0,1,0,0,0,0,1,0,0,1,1,0,1,0,1,0,1
41656321,니로,1100,1,153119,1580,5,8,1,1,0,0,1,0,0,1,0,0,0,1,0,0,0,1,1,1,1,1,1,1,1
41646800,스포티지 5세대 하이브리드,3300,1,34116,1598,5,4,0,1,0,0,1,0,0,0,0,1,0,1,0,1,1,1,1,1,1,1,1,1,1
41647329,더 뉴 EV6,4350,1,19376,120,5,1,1,1,0,0,0,0,1,0,1,0,0,0,1,1,1,1,1,1,1,1,1,1,1
41544999,더 뉴 스포티지 5세대,2859,1,32994,1999,5,0,0,1,1,0,0,0,0,1,0,0,0,1,0,0,1,1,1,1,1,0,1,0,1
41544430,디 올 뉴 니로,2790,1,97069,1580,5,3,2,1,0,0,1,0,0,0,1,0,0,1,0,1,1,1,1,1,1,1,1,1,1
41543243,쏘렌토 4세대,3490,1,32294,1598,6,5,0,1,0,0,1,0,0,0,1,0,0,1,0,0,1,1,1,1,1,1,1,1,1
41535016,스포티지 4세대,990,1,128040,1685,5,10,1,1,0,0,0,1,0,0,0,1,0,1,0,0,0,1,1,0,1,1,1,1,1
41534773,카니발 4세대,3190,1,38443,3470,9,4,3,1,0,1,0,0,0,0,0,1,0,1,0,0,1,1,1,1,1,1,1,1,1
41536520,카니발 4세대,2700,1,105536,2151,9,5,6,1,0,0,0,1,0,0,1,0,0,1,0,0,1,1,1,1,1,1,1,1,1
41531969,더 뉴 기아 레이,1690,1,32994,998,5,3,1,1,0,1,0,0,0,1,0,0,0,0,1,0,0,1,1,1,1,1,1,1,1
41587930,더 뉴 카니발,1830,1,61742,3342,9,6,0,1,0,1,0,0,0,0,1,0,0,1,0,0,0,1,1,0,1,0,1,1,1
41603685,더 뉴 셀토스,3790,1,45834,1999,5,3,0,1,0,1,0,0,0,1,0,0,0,1,0,0,1,1,1,1,1,1,1,1,1
41639191,셀토스,2050,1,62862,1591,5,5,3,1,0,1,0,0,0,1,0,0,0,1,0,0,1,1,1,1,1,1,1,1,1
41655516,올 뉴 K7,1620,1,77095,2359,5,10,1,1,0,1,0,0,0,1,0,0,0,0,1,1,0,1,1,1,1,1,1,1,1
41528677,스포티지 5세대,2850,1,13025,1598,5,2,3,1,0,1,0,0,0,0,1,0,0,1,0,0,1,1,1,1,1,1,1,1,1
41530909,모하비 더 마스터,3900,1,115724,2959,5,4,1,1,0,0,0,1,0,0,1,0,0,1,0,1,1,1,1,1,1,1,1,1,1
41615335,올 뉴 카니발,1690,1,52232,2199,9,8,0,1,0,0,0,1,0,1,0,0,0,1,0,0,0,1,1,1,1,1,1,1,1
41601626,K5 3세대,2190,1,42011,1999,5,5,3,1,0,1,0,0,0,0,0,1,0,0,1,0,1,1,1,1,1,1,1,1,1
41592063,K5 하이브리드 3세대,2220,1,62946,1999,5,5,4,1,0,0,1,0,0,0,1,0,0,0,1,0,1,1,1,1,1,1,1,1,1
41584231,카니발 4세대,3350,1,22945,3470,9,3,1,1,0,1,0,0,0,0,0,1,0,1,0,0,1,1,1,1,1,1,1,1,1
41621669,더 뉴 카니발 4세대,4780,1,37443,1598,9,1,0,1,0,0,1,0,0,1,0,0,0,1,0,0,1,1,1,1,1,1,1,1,1
41253667,더 뉴 K3 2세대,2370,1,2682,1598,5,2,0,1,0,1,0,0,0,0,0,1,0,0,1,0,0,1,1,1,1,1,1,0,1
41262881,K5 2세대,1140,1,52332,1591,5,10,4,1,0,1,0,0,0,0,1,0,0,0,1,0,0,1,1,1,1,1,1,0,1
41158848,셀토스,2240,1,13307,1591,5,4,0,1,0,1,0,0,0,1,0,0,0,1,0,0,1,1,1,1,1,1,1,1,1
41223419,더 뉴 K5 하이브리드 3세대,3550,1,2146,1999,5,1,1,1,0,0,1,0,0,1,0,0,0,0,1,1,1,1,1,1,1,1,1,1,1
41405833,K5 하이브리드 3세대,2650,1,68245,1999,5,3,4,1,0,0,1,0,0,1,0,0,0,0,1,0,1,1,1,1,1,1,1,1,1
41191895,스포티지 5세대,2399,1,110245,1998,5,4,1,1,0,0,0,1,0,0,0,1,0,1,0,0,1,1,1,1,1,1,1,1,1
41143948,K5 3세대,2440,1,50748,1999,5,5,0,1,0,1,0,0,0,0,0,1,0,0,1,0,1,1,1,1,1,1,1,1,1
41148798,K5 3세대,3050,1,36182,1598,5,3,0,1,0,1,0,0,0,1,0,0,0,0,1,1,1,1,1,1,1,1,1,1,1
41123884,쏘렌토 4세대,4880,1,8392,1598,6,3,0,1,0,0,1,0,0,1,0,0,0,1,0,1,1,1,1,1,1,1,1,1,1
40988701,모하비 더 마스터,3590,1,62938,2959,7,4,0,1,0,0,0,1,0,0,0,1,0,1,0,0,1,1,1,1,1,1,1,1,1
40853383,카니발 4세대,2450,1,99475,2151,9,5,1,1,0,0,0,1,0,1,0,0,0,1,0,0,1,1,1,1,1,1,1,1,1
40989399,더 뉴 레이,1540,1,6855,998,5,4,0,1,0,1,0,0,0,0,0,1,0,0,1,0,1,1,1,0,1,0,1,0,1
40949909,쏘렌토 4세대,3350,1,69851,1598,5,5,0,1,0,0,1,0,0,1,0,0,0,1,0,1,1,1,1,1,1,1,1,1,1
41344753,K5 3세대,2800,1,25994,1999,5,5,0,1,0,1,0,0,0,0,0,1,0,0,1,1,1,1,1,1,1,1,1,1,1
41235238,더 뉴 셀토스,2300,1,31820,1598,5,3,0,1,0,1,0,0,0,1,0,0,0,1,0,0,0,1,1,0,1,0,1,1,1
41146641,K5 하이브리드 3세대,2680,1,20005,1999,5,4,0,1,0,0,1,0,0,0,0,1,0,0,1,1,1,1,1,1,1,1,1,1,1
41104976,쏘렌토 4세대,2890,1,65303,2151,5,5,6,1,0,0,0,1,0,0,0,1,0,1,0,0,1,1,1,1,1,1,1,1,1
41007480,올 뉴 K7,1700,1,74437,2199,5,8,4,1,0,0,0,1,0,1,0,0,0,0,1,1,1,1,1,1,1,1,1,1,1
40572036,더 뉴 쏘렌토 4세대,4150,1,38600,1598,5,2,0,1,0,0,1,0,0,0,0,1,0,1,0,0,1,1,1,1,1,1,1,1,1
41084820,카니발 4세대,2240,1,129277,2151,9,5,4,1,0,0,0,1,0,0,1,0,0,1,0,0,1,1,1,1,1,1,1,1,1
41054378,K8 하이브리드,2299,1,128656,1598,5,4,1,1,0,0,1,0,0,0,1,0,0,0,1,0,1,1,1,1,1,1,1,1,1
41039805,올 뉴 K7,1690,1,76611,2359,5,8,1,1,0,1,0,0,0,0,1,0,0,0,1,1,1,1,1,1,1,1,1,1,1
40828716,모닝 어반 (JA),1410,1,19171,998,5,3,0,1,0,1,0,0,0,0,0,1,0,0,1,0,0,1,1,1,1,1,1,1,1
41526590,K7 프리미어,1999,1,112858,2999,5,6,9,1,1,0,0,0,0,0,1,0,0,0,1,1,1,1,1,1,1,1,1,1,1
41506817,더 뉴 카니발,1439,1,161416,2199,9,7,1,1,0,0,0,1,0,1,0,0,0,1,0,1,1,1,1,1,1,1,1,1,1
41515833,K7 프리미어,2050,1,94098,2999,5,6,1,1,1,0,0,0,0,0,1,0,0,0,1,0,1,1,1,1,1,1,1,1,1
41509619,더 뉴 레이,880,1,70562,998,2,4,1,1,0,1,0,0,0,1,0,0,0,0,1,0,0,1,1,0,0,1,1,0,0
41502222,쏘렌토 4세대,3650,1,24497,1598,5,3,1,1,0,0,1,0,0,1,0,0,0,1,0,0,1,1,1,1,1,1,1,1,1
41559640,더 뉴 K5 3세대,3350,1,3923,1598,5,0,0,1,0,1,0,0,0,1,0,0,0,0,1,0,1,1,1,1,1,1,1,1,1
41556814,더 뉴 셀토스,4650,1,15073,1999,5,3,0,1,0,1,0,0,0,1,0,0,0,1,0,0,1,1,1,1,1,1,1,1,1
41454423,모하비 더 마스터,4190,1,63428,2959,6,3,1,1,0,0,0,1,0,1,0,0,0,1,0,1,1,1,1,1,1,1,1,1,1
41447030,쏘렌토 4세대,3030,1,43983,2497,5,3,0,1,0,1,0,0,0,1,0,0,0,1,0,0,1,1,1,1,1,1,1,1,1
41434602,스포티지 4세대,1050,1,91522,1685,5,10,3,1,0,0,0,1,0,1,0,0,0,1,0,0,0,1,1,1,1,1,1,0,1
41419521,스포티지 5세대 하이브리드,3490,1,9291,1598,5,2,1,1,0,0,1,0,0,1,0,0,0,1,0,0,1,1,1,1,1,1,1,1,1
41412003,더 뉴 쏘렌토,2470,1,52012,1998,5,6,9,1,0,1,0,0,0,1,0,0,0,1,0,1,1,1,1,1,1,1,1,1,1
41466085,쏘렌토 4세대,3200,1,33808,2497,5,4,0,1,0,1,0,0,0,1,0,0,0,1,0,0,1,1,1,1,1,1,1,1,1
41451023,더 뉴 모닝,450,1,69525,998,2,10,8,1,0,1,0,0,0,0,0,1,0,0,1,0,0,0,0,0,0,0,0,0,0
41528636,더 뉴 카니발 4세대,4970,1,29890,1598,9,2,0,1,0,0,1,0,0,0,0,1,0,1,0,1,1,1,1,1,1,1,1,1,1
41527007,모하비 더 마스터,3530,1,83242,2959,5,5,2,1,0,0,0,1,0,0,1,0,0,1,0,1,1,1,1,1,1,1,1,1,1
41517488,올 뉴 카니발,1430,1,111364,2199,9,8,4,1,0,0,0,1,0,0,0,1,0,1,0,0,0,1,1,1,1,1,1,1,1
41530459,셀토스,3550,1,87893,1598,5,4,0,1,0,0,0,1,0,0,0,1,0,1,0,0,1,1,1,1,1,1,1,1,1
41377397,카니발 4세대,3330,1,47039,3470,9,3,5,1,0,1,0,0,0,1,0,0,0,1,0,1,1,1,1,1,1,1,1,1,1
41367105,카니발 4세대,3540,1,15732,3470,9,3,2,1,0,1,0,0,0,1,0,0,0,1,0,0,1,1,1,1,1,1,1,1,1
41426898,K3,500,1,133801,1591,5,12,3,1,0,1,0,0,0,0,0,1,0,0,1,0,0,1,1,1,1,1,1,0,1
41487900,K5 3세대,2730,1,57490,1598,5,3,1,1,0,1,0,0,0,0,0,1,0,0,1,1,1,1,1,1,1,1,1,1,1
41455132,더 뉴 K3 2세대,2540,1,50776,1598,5,4,1,1,0,1,0,0,0,1,0,0,0,0,1,0,1,1,1,1,1,1,1,1,1
41455754,올 뉴 카니발,1350,1,103335,2199,9,9,4,1,0,0,0,1,0,0,1,0,0,1,0,0,0,1,1,1,1,1,1,1,1
41386264,더 뉴 K3 2세대,2180,1,47309,1591,5,4,3,1,0,1,0,0,0,1,0,0,0,0,1,1,1,1,1,1,1,1,1,1,1
41385955,스포티지 5세대,3059,1,50029,1598,5,4,5,1,0,1,0,0,0,1,0,0,0,1,0,0,1,1,1,1,1,1,1,1,1
41376960,더 뉴 카니발,1990,1,104165,2199,7,7,1,1,0,0,0,1,0,0,1,0,0,1,0,0,1,1,1,1,1,1,1,1,1
41375914,스포티지 더 볼드,1499,1,169621,1598,5,7,0,1,0,0,0,1,0,0,0,1,0,1,0,1,1,1,1,1,1,1,1,1,1
41506300,더 뉴 쏘렌토,1999,1,95265,1995,7,6,1,1,0,0,0,1,0,0,1,0,0,1,0,0,1,1,1,1,1,1,1,1,1
41558134,더 뉴 K3 2세대,2490,1,58233,1598,5,4,0,1,0,1,0,0,0,1,0,0,0,0,1,0,1,1,1,1,1,1,1,1,1
41498609,스포티지 5세대 하이브리드,3120,1,40311,1598,5,3,0,1,0,0,1,0,0,0,1,0,0,1,0,0,1,1,1,1,1,1,1,1,1
41619227,쏘렌토 4세대,2380,1,76796,2497,5,4,0,1,0,1,0,0,0,0,1,0,0,1,0,0,1,1,1,1,1,1,1,0,1
41619238,셀토스,2550,1,25576,1591,5,3,0,1,0,1,0,0,0,1,0,0,0,1,0,0,1,1,1,1,1,1,1,1,1
41428854,더 K9,2990,1,74477,3342,5,7,0,1,0,1,0,0,0,0,1,0,0,0,1,0,1,1,1,1,1,1,1,1,1
41185567,더 뉴 셀토스,2599,1,9330,1598,5,1,0,1,0,1,0,0,0,1,0,0,0,1,0,0,0,1,1,1,1,1,1,1,1
41365145,더 뉴 셀토스,2799,1,34095,1598,5,3,0,1,0,1,0,0,0,1,0,0,0,1,0,1,1,1,1,1,1,1,1,1,1
41552397,카니발 4세대,3745,1,32202,3470,7,3,0,1,0,1,0,0,0,1,0,0,0,1,0,1,1,1,1,1,1,1,1,1,1
41553928,카니발 4세대,3745,1,36026,3470,7,3,0,1,0,1,0,0,0,1,0,0,0,1,0,1,1,1,1,1,1,1,1,1,1
40031183,K5 2세대,899,1,97989,1999,5,8,2,1,0,1,0,0,0,0,1,0,0,0,1,0,0,1,1,0,0,1,1,0,1
40957774,쏘렌토 4세대,3099,1,52158,2151,5,3,0,1,0,0,0,1,0,1,0,0,0,1,0,1,1,1,1,1,1,1,1,1,1
41436975,K5 하이브리드 3세대,2150,1,101502,1999,5,4,0,1,0,0,1,0,0,0,1,0,0,0,1,0,1,1,1,1,1,1,1,1,1
41437029,모하비 더 마스터,3799,1,97152,2959,7,4,2,1,0,0,0,1,0,0,1,0,0,1,0,1,1,1,1,1,1,1,1,1,1
41619735,스팅어,1690,1,81384,1998,5,7,19,1,0,1,0,0,0,1,0,0,0,0,1,1,1,1,1,1,1,1,1,1,1
41634068,K8 하이브리드,2950,1,94482,1598,5,4,0,1,0,0,1,0,0,0,1,0,0,0,1,1,1,1,1,1,1,1,1,1,1
41633711,K7 프리미어,1699,1,136398,2497,5,6,2,1,0,1,0,0,0,0,1,0,0,0,1,0,1,1,1,1,1,1,1,1,1
41641313,K8,2850,1,45659,2497,5,2,2,1,0,1,0,0,0,0,1,0,0,0,1,0,1,1,1,1,1,1,1,1,1
41455319,더 뉴 카니발,1970,1,92464,2199,9,7,0,1,0,0,0,1,0,1,0,0,0,1,0,0,1,1,1,1,1,1,1,1,1
41578651,올 뉴 카니발,990,1,211272,2199,9,8,0,1,0,0,0,1,0,0,1,0,0,1,0,1,0,1,1,1,1,1,1,1,1
41385596,K5 3세대,1980,1,71794,1999,5,6,1,1,0,1,0,0,0,0,0,1,0,0,1,0,1,1,1,1,1,1,1,1,1
41392119,올 뉴 모닝,460,1,57287,998,5,14,3,1,0,1,0,0,0,1,0,0,0,0,1,0,0,1,1,0,0,0,1,0,1
41315564,올 뉴 모닝,388,1,72717,998,5,14,2,1,0,1,0,0,0,1,0,0,0,0,1,0,0,1,1,0,0,1,1,0,1
41511377,K5 2세대,1250,1,83414,1999,5,9,10,1,1,0,0,0,0,1,0,0,0,0,1,0,1,1,1,1,1,1,1,1,1
41199705,올 뉴 K7,1390,1,85751,2359,5,9,5,1,0,1,0,0,0,0,0,1,0,0,1,0,1,1,1,1,1,1,1,1,1
41585247,K3 쿱,499,1,112356,1591,5,12,9,1,0,1,0,0,0,1,0,0,0,0,1,1,0,1,1,1,1,1,1,0,1
40507918,쏘울,350,1,105846,1591,5,14,13,0,0,1,0,0,0,1,0,0,0,0,1,0,0,0,0,0,0,0,0,0,0
41258152,더 뉴 기아 레이,1990,1,26,998,5,0,0,1,0,1,0,0,0,1,0,0,0,0,1,0,0,1,1,1,1,1,1,1,1
41078312,카니발 4세대,2050,1,173731,2151,9,5,1,1,0,0,0,1,0,1,0,0,0,1,0,0,1,1,1,1,1,1,1,1,1
40976020,올 뉴 카니발,850,1,297405,2199,9,9,3,1,0,0,0,1,0,0,1,0,0,1,0,0,0,1,1,1,1,1,1,1,1
41487347,더 뉴 K5 하이브리드 3세대,3130,1,30357,1999,5,2,9,1,0,0,1,0,0,0,0,1,0,0,1,1,1,1,1,1,1,1,1,1,1
37710150,K3,680,1,53173,1591,5,11,9,1,0,1,0,0,0,1,0,0,0,0,1,0,0,1,1,1,0,1,1,0,1
40804131,뉴카렌스,350,1,174315,1998,7,13,17,1,1,0,0,0,0,0,0,1,0,1,0,0,0,1,0,0,0,0,1,0,1
40134943,올 뉴 K7,1199,1,147051,2999,5,9,1,1,1,0,0,0,0,1,0,0,0,0,1,1,0,1,1,1,1,1,1,0,1
39570289,더 뉴 K5 2세대,1110,1,105278,1999,5,7,5,1,0,1,0,0,0,0,0,1,0,0,1,0,0,1,1,0,1,0,1,0,1
39509364,더 뉴 레이,680,1,168517,998,5,8,1,1,0,1,0,0,0,1,0,0,0,0,1,0,0,1,1,0,0,1,1,0,1
41289858,올 뉴 모닝,399,1,88573,998,5,11,11,1,0,1,0,0,0,0,0,1,0,0,1,0,0,1,0,0,0,0,1,0,1
41268200,올 뉴 카니발,1349,1,94737,3342,9,9,3,1,0,1,0,0,0,1,0,0,0,1,0,1,0,1,1,1,1,1,1,1,1
41236797,레이,290,1,296028,998,2,9,3,1,0,1,0,0,0,0,0,0,1,0,1,0,0,0,0,0,0,0,0,0,1
41102996,올 뉴 카니발,1330,1,165501,2199,9,8,2,1,0,0,0,1,0,1,0,0,0,1,0,1,0,1,1,1,1,1,1,1,1
41064859,올 뉴 쏘렌토,1180,1,129222,1995,5,10,13,1,0,0,0,1,0,0,1,0,0,1,0,0,0,1,1,1,1,1,1,1,1
41023187,더 뉴 K8,4440,1,25763,3470,5,1,0,1,0,1,0,0,0,0,1,0,0,0,1,0,1,1,1,1,1,1,1,1,1
40680315,더 뉴 레이,1160,1,49051,998,5,7,2,1,0,1,0,0,0,0,0,0,1,0,1,0,0,1,1,1,1,1,1,0,1
41306449,모하비,949,1,124814,2959,7,14,7,1,0,0,0,1,0,0,0,1,0,1,0,1,0,1,1,1,1,1,1,1,1
41275515,더 K9,2164,1,185015,3778,5,5,2,1,0,1,0,0,0,0,1,0,0,0,1,0,1,1,1,1,1,1,1,1,1
41276778,카니발 4세대,2660,1,58000,2151,9,5,2,1,0,0,0,1,0,1,0,0,0,1,0,0,1,1,1,1,1,1,1,1,1
41557925,더 뉴 레이,1350,1,44066,998,5,5,1,1,0,1,0,0,0,1,0,0,0,0,1,0,0,1,1,1,1,1,1,0,1
41509620,K5 3세대,1999,1,52083,1999,5,6,12,1,0,1,0,0,0,1,0,0,0,0,1,0,1,1,1,1,1,1,1,1,1
41373724,올 뉴 카니발,959,1,187832,2199,9,8,7,1,0,0,0,1,0,0,1,0,0,1,0,1,1,1,1,1,1,1,1,1,1
41370868,카니발 4세대,2860,1,65777,2151,9,5,4,1,0,0,0,1,0,1,0,0,0,1,0,0,1,1,1,1,1,1,1,1,1
41492998,올 뉴 카니발,1250,1,109229,2199,9,10,6,1,0,0,0,1,0,1,0,0,0,1,0,0,0,1,1,1,1,1,1,1,1
41473700,K5 3세대,1850,1,74251,1999,5,5,0,1,0,1,0,0,0,1,0,0,0,0,1,0,1,1,1,1,1,0,1,1,1
41494404,모닝 어반 (JA),1350,1,37137,998,5,5,0,1,0,1,0,0,0,1,0,0,0,0,1,0,0,1,1,1,1,1,1,1,1
41425454,더 뉴 쏘렌토,1850,1,84329,1995,5,7,3,1,0,0,0,1,0,0,0,1,0,1,0,0,1,1,1,1,1,1,1,1,1
41576150,더 뉴 K5 2세대,1289,1,128193,1999,5,7,4,1,0,1,0,0,0,1,0,0,0,0,1,0,1,1,1,1,1,1,1,1,1
41575363,스팅어,1390,1,126602,1998,5,7,5,1,0,1,0,0,0,0,0,0,1,0,1,0,1,1,1,1,1,1,1,1,1
41571280,더 뉴 카니발 4세대,1932,1,42000,3470,9,2,1,1,0,1,0,0,0,0,1,0,0,1,0,0,1,1,1,1,1,1,1,1,1
41565502,올 뉴 카렌스,459,1,243608,1999,7,12,6,1,1,0,0,0,0,0,0,1,0,1,0,0,0,1,1,1,1,1,1,1,1
41558180,더 뉴 카니발,1590,1,150692,3342,9,6,2,1,0,1,0,0,0,0,1,0,0,1,0,0,1,1,1,1,1,1,1,1,1
41602750,스포티지 5세대,2290,1,14634,1598,5,2,24,1,0,1,0,0,0,1,0,0,0,1,0,0,1,1,1,1,1,1,1,1,1
41601328,스포티지 4세대,1270,1,130097,1995,5,9,4,1,0,0,0,1,0,0,0,0,1,1,0,1,0,1,1,1,1,1,1,1,1
41596660,올 뉴 K7,1380,1,79382,2359,5,8,17,1,0,1,0,0,0,0,1,0,0,0,1,1,1,1,1,1,1,1,1,1,1
41614975,더 뉴 카니발 4세대,2636,1,21000,1598,9,2,0,1,0,0,1,0,0,1,0,0,0,1,0,0,0,1,1,1,1,1,1,1,1
41614846,셀토스,1650,1,117696,1591,5,6,4,1,0,1,0,0,0,0,0,0,1,1,0,1,1,1,1,1,1,1,1,1,1
41585891,쏘렌토 4세대,4070,1,40906,1598,6,5,0,1,0,0,1,0,0,0,1,0,0,1,0,1,1,1,1,1,1,1,1,1,1
41621382,올 뉴 카니발,970,1,174411,2199,9,10,2,1,0,0,0,1,0,1,0,0,0,1,0,1,0,1,1,1,1,1,1,1,1
41503792,더 뉴 쏘렌토 4세대,4650,1,18063,1598,5,2,1,1,0,0,1,0,0,0,0,1,0,1,0,0,1,1,1,1,1,1,1,1,1
41650027,더 K9,1650,1,231815,3342,5,7,2,1,0,1,0,0,0,0,1,0,0,0,1,0,1,1,1,1,1,1,1,1,1
41644311,K3,630,1,70454,1591,5,11,2,1,0,1,0,0,0,1,0,0,0,0,1,0,0,1,1,0,0,1,0,0,1
41643657,K5 3세대,2150,1,42749,1999,5,3,0,1,0,1,0,0,0,1,0,0,0,0,1,0,1,1,1,1,1,1,1,0,1
41641631,더 뉴 K3,610,1,130254,1591,5,8,5,1,0,1,0,0,0,1,0,0,0,0,1,0,0,1,1,0,0,1,1,0,1
41641148,더 뉴 레이,470,1,192423,998,2,8,1,1,0,1,0,0,0,1,0,0,0,0,1,0,0,1,0,0,0,1,0,0,1
41632393,더 뉴 모닝,399,1,172422,998,5,10,8,1,0,0,1,0,0,1,0,0,0,0,1,0,0,1,1,0,0,1,0,0,0
41626170,쏘렌토 4세대,3280,1,92361,1598,7,5,4,1,0,0,1,0,0,1,0,0,0,1,0,0,1,1,1,1,1,1,1,1,1
41645213,카니발 4세대,2890,1,79454,2151,9,5,8,1,0,0,0,1,0,1,0,0,0,1,0,0,1,1,1,1,1,1,1,1,1
41536766,카니발 4세대,2490,1,85544,2151,9,4,0,1,0,0,0,1,0,1,0,0,0,1,0,0,1,1,1,0,1,0,1,1,1
41491310,더 뉴 카니발 4세대,6750,1,37853,3470,9,2,0,1,0,1,0,0,0,0,1,0,0,1,0,0,1,1,1,1,1,1,1,1,1
41501861,카니발 4세대,3430,1,44261,2151,9,3,2,1,0,0,0,1,0,1,0,0,0,1,0,1,1,1,1,1,1,1,1,1,1
41474343,K5 하이브리드 3세대,2249,1,108336,1999,5,4,0,1,0,0,1,0,0,0,1,0,0,0,1,0,1,1,1,1,1,1,1,1,1
41489864,카니발 4세대,3790,1,42501,2151,7,3,0,1,0,0,0,1,0,1,0,0,0,1,0,1,1,1,1,1,1,1,1,1,1
41477904,쏘렌토 4세대,4050,1,46302,1598,6,3,0,1,0,0,1,0,0,1,0,0,0,1,0,1,1,1,1,1,1,1,1,1,1
41469286,올 뉴 쏘렌토,1490,1,94497,1995,5,11,3,1,0,0,0,1,0,0,1,0,0,1,0,1,0,1,1,1,1,1,1,1,1
41476851,모하비 더 마스터,4190,1,58281,2959,7,5,1,1,0,0,0,1,0,0,1,0,0,1,0,1,1,1,1,1,1,1,1,1,1
41468502,니로 EV,2250,1,68538,180,5,5,0,1,0,0,0,0,1,1,0,0,0,1,0,0,1,1,1,1,1,1,1,1,1
41641543,K7 프리미어,2380,1,61991,2497,5,6,0,1,0,1,0,0,0,0,1,0,0,0,1,0,1,1,1,1,1,1,1,1,1
41640991,올 뉴 쏘렌토,1290,1,84543,1995,5,10,9,1,0,0,0,1,0,1,0,0,0,1,0,0,0,1,1,1,1,1,1,1,1
41639561,더 뉴 셀토스,2490,1,10786,1598,5,1,1,1,0,1,0,0,0,1,0,0,0,1,0,0,0,1,1,1,1,1,1,1,1
41621551,더 뉴 EV6,4890,1,15801,120,5,1,0,1,0,0,0,0,1,0,0,0,1,0,1,1,1,1,1,1,1,1,1,1,1
41358359,스포티지 4세대,1230,1,80015,1685,5,8,6,1,0,0,0,1,0,1,0,0,0,1,0,0,0,1,1,1,1,1,1,1,1
41615326,더 뉴 K5 2세대,1650,1,31480,1999,5,7,6,1,0,1,0,0,0,1,0,0,0,0,1,0,1,1,1,1,1,1,1,1,1
41614182,카니발 4세대,2990,1,171150,3470,9,5,0,1,0,1,0,0,0,0,1,0,0,1,0,0,1,1,1,1,1,1,1,1,1
41649967,셀토스,2230,1,44933,1591,5,4,0,1,0,1,0,0,0,1,0,0,0,1,0,0,1,1,1,1,1,1,1,1,1
41644472,카니발 4세대,3790,1,74321,3470,9,4,0,1,0,0,0,1,0,1,0,0,0,1,0,0,1,1,1,1,1,1,1,1,1
41633257,올 뉴 카니발,1500,1,173390,2199,9,8,1,1,0,0,0,1,0,1,0,0,0,1,0,0,0,1,1,1,1,1,1,1,1
41623629,올 뉴 모닝,555,1,98787,998,5,14,2,1,0,1,0,0,0,1,0,0,0,0,1,0,0,1,1,0,0,1,1,0,1
41632861,더 뉴 셀토스,3160,1,1222,1598,5,0,0,1,0,1,0,0,0,1,0,0,0,1,0,1,1,1,1,1,1,1,1,1,1
41660036,올 뉴 카니발,990,1,179253,2199,7,10,7,1,0,0,0,1,0,1,0,0,0,1,0,1,0,1,1,1,1,1,1,1,1
41563637,카니발 4세대,3950,1,67185,3470,7,3,2,1,0,1,0,0,0,1,0,0,0,1,0,0,1,1,1,1,1,1,1,1,1
41547185,더 뉴 카니발,1920,1,122417,2199,9,7,3,1,0,0,0,1,0,1,0,0,0,1,0,0,1,1,1,1,1,1,1,1,1
41546151,더 뉴 셀토스,2500,1,74665,1598,5,3,3,1,0,1,0,0,0,1,0,0,0,1,0,1,1,1,1,1,1,1,1,1,1
41658769,쏘렌토 4세대,3150,1,54901,2497,5,4,0,1,0,1,0,0,0,0,1,0,0,1,0,0,1,1,1,1,1,1,1,1,1
41656884,더 뉴 쏘렌토 4세대,4240,1,23838,1598,6,2,0,1,0,0,1,0,0,1,0,0,0,1,0,0,1,1,1,1,1,1,1,1,1
41260822,카니발 4세대,2180,1,103088,2151,9,5,1,1,0,0,0,1,0,0,1,0,0,1,0,0,1,1,1,1,1,1,1,1,1
41244670,더 K9,2120,1,119026,3778,5,7,1,1,0,1,0,0,0,0,1,0,0,0,1,0,1,1,1,1,1,1,1,1,1
41265508,더 뉴 카니발 4세대,4360,1,19312,2151,9,2,0,1,0,0,0,1,0,1,0,0,0,1,0,0,1,1,1,1,1,1,1,1,1
41238817,K5 하이브리드 3세대,2880,1,49612,1999,5,3,0,1,0,0,1,0,0,1,0,0,0,0,1,0,1,1,1,1,1,1,1,1,1
41064549,K7 프리미어 하이브리드,2690,1,47743,2359,5,5,0,1,0,0,1,0,0,0,0,0,1,0,1,0,1,1,1,1,1,1,1,1,1
41026768,더 뉴 K5 2세대,1189,1,125612,1999,5,7,3,1,1,0,0,0,0,1,0,0,0,0,1,1,0,1,1,0,1,1,1,1,1
40813518,스포티지 5세대,2240,1,118117,1598,5,4,0,1,0,1,0,0,0,1,0,0,0,1,0,1,1,1,1,1,1,1,1,1,1
39826854,올 뉴 프라이드,590,1,78019,1591,5,12,2,1,0,1,0,0,0,1,0,0,0,0,1,0,0,1,1,1,1,1,1,0,1
41370184,K7 프리미어,2090,1,94360,2199,5,6,1,1,0,0,0,1,0,1,0,0,0,0,1,0,1,1,1,1,1,1,1,1,1
41360616,더 뉴 카니발,2350,1,123687,2199,7,7,0,1,0,0,0,1,0,0,1,0,0,1,0,0,1,1,1,1,1,1,1,1,1
41360696,모닝 어반 (JA),1290,1,62086,998,5,4,6,1,0,1,0,0,0,1,0,0,0,0,1,0,0,1,1,1,1,1,1,1,1
41241759,더 뉴 카니발 4세대,3890,1,33580,2151,9,1,2,1,0,0,0,1,0,0,1,0,0,1,0,0,1,1,1,1,1,1,1,1,1
41241595,K3,580,1,124061,1591,5,11,2,1,0,1,0,0,0,1,0,0,0,0,1,0,0,1,0,0,0,0,0,0,1
41225866,더 뉴 셀토스,2870,1,9449,1598,5,1,0,1,0,1,0,0,0,1,0,0,0,1,0,0,1,1,1,1,1,1,1,1,1
41129047,카니발 4세대,2630,1,64872,2151,9,4,0,1,0,0,0,1,0,1,0,0,0,1,0,0,1,1,1,1,1,1,1,1,1
41052797,스포티지 5세대,2640,1,90272,1998,5,4,6,1,0,0,0,1,0,1,0,0,0,1,0,0,1,1,1,1,1,1,1,1,1
41047523,모하비 더 마스터,4170,1,69490,2959,5,3,0,1,0,0,0,1,0,0,1,0,0,1,0,0,1,1,1,1,1,1,1,1,1
41073673,올 뉴 모닝 (JA),650,1,126927,998,5,9,1,1,0,1,0,0,0,1,0,0,0,0,1,0,0,1,1,0,1,1,1,0,1
41450335,더 뉴 모하비,1330,1,134424,2959,5,8,8,1,0,0,0,1,0,0,1,0,0,1,0,0,0,1,1,1,1,1,1,1,1
41436493,쏘렌토 4세대,3220,1,62770,2497,6,4,0,1,0,1,0,0,0,1,0,0,0,1,0,0,1,1,1,1,1,1,1,1,1
41444468,더 뉴 K9 2세대,5299,1,26843,3778,5,1,0,1,0,1,0,0,0,0,0,0,1,0,1,0,1,1,1,1,1,1,1,1,1
41428776,더 뉴 기아 레이,1520,1,24630,998,5,3,0,1,0,1,0,0,0,1,0,0,0,0,1,0,0,1,0,0,1,0,1,1,1
41427353,스포티지 5세대,2140,1,107584,1998,5,3,1,1,0,0,0,1,0,0,0,1,0,1,0,0,1,1,0,0,1,0,1,0,1
41428727,스포티지 5세대 하이브리드,2890,1,79721,1598,5,4,4,1,0,0,1,0,0,0,1,0,0,1,0,1,1,1,1,1,1,1,1,1,1
41588824,더 뉴 기아 레이,1730,1,18928,998,5,2,0,1,0,1,0,0,0,1,0,0,0,0,1,0,0,1,1,1,1,1,1,1,1
41576440,올 뉴 K3,1350,1,81904,1598,5,7,1,1,0,1,0,0,0,1,0,0,0,0,1,0,0,1,1,1,1,1,1,1,1
41554730,올 뉴 K7,1690,1,64292,2359,5,7,5,1,0,1,0,0,0,0,1,0,0,0,1,0,1,1,1,1,1,1,1,1,1
41552506,더 뉴 쏘렌토 4세대,3730,1,40107,2497,5,2,2,1,0,1,0,0,0,0,0,1,0,1,0,0,1,1,1,1,1,1,1,1,1
41283487,K5 하이브리드 3세대,9999,1,54550,1999,5,3,0,1,0,0,1,0,0,0,1,0,0,0,1,0,1,1,1,1,1,1,1,1,1
41612899,더 뉴 기아 레이,1350,1,38356,998,2,3,1,1,0,1,0,0,0,1,0,0,0,0,1,0,0,1,1,1,1,1,1,0,1
41283468,디 올 뉴 니로,9999,1,40259,1580,5,4,8,1,0,0,1,0,0,0,0,0,1,1,0,0,1,1,1,1,1,1,1,1,1
41637855,카니발 4세대,3280,1,60820,2151,9,3,1,1,0,0,0,1,0,0,1,0,0,1,0,0,1,1,1,1,1,1,1,1,1
41575774,K8 하이브리드,9999,1,110819,1598,5,4,0,1,0,0,1,0,0,0,0,1,0,0,1,0,1,1,1,1,1,1,1,1,1
41541457,셀토스,1950,1,45605,1591,5,3,0,1,0,1,0,0,0,1,0,0,0,1,0,0,0,1,1,1,1,1,1,1,1
41637852,카니발 4세대,3800,1,62895,3470,9,3,3,1,0,1,0,0,0,0,1,0,0,1,0,0,1,1,1,1,1,1,1,1,1
41541451,카니발 4세대,3300,1,80712,2151,9,3,0,1,0,0,0,1,0,1,0,0,0,1,0,0,1,1,1,1,1,1,1,1,1
41550767,더 뉴 쏘렌토 4세대,4260,1,28398,1598,6,2,2,1,0,0,1,0,0,1,0,0,0,1,0,1,1,1,1,1,1,1,1,1,1
40142577,올 뉴 카렌스,380,1,252714,1685,5,12,1,1,0,0,0,1,0,0,0,1,0,1,0,0,0,1,1,0,0,0,1,0,1
40668502,더 뉴 K9,1470,1,148852,3778,5,9,3,1,0,1,0,0,0,0,1,0,0,0,1,0,1,1,1,1,1,1,1,1,1
41026782,카니발 4세대,2899,1,110206,2151,9,5,4,1,0,0,0,1,0,0,1,0,0,1,0,1,1,1,1,1,1,1,1,1,1
41025124,쏘렌토 4세대,2779,1,81496,1598,7,3,2,1,0,0,1,0,0,1,0,0,0,1,0,0,1,1,1,1,1,1,1,1,1
41019615,올 뉴 카니발,779,1,235603,2199,9,10,0,1,0,0,0,1,0,1,0,0,0,1,0,0,0,1,1,1,1,1,1,1,1
41262663,레이,680,1,123943,998,5,12,6,1,0,1,0,0,0,1,0,0,0,0,1,0,0,1,1,0,1,1,1,0,1
41130857,더 뉴 K8,3570,1,11821,2497,5,1,0,1,0,1,0,0,0,0,0,1,0,0,1,0,1,1,1,1,1,1,1,1,1
41124165,레이,650,1,69218,998,5,13,14,1,0,1,0,0,0,0,0,0,1,0,1,0,0,1,1,1,1,1,1,0,1
41057342,K5 3세대,9999,1,42272,1598,5,6,3,1,0,1,0,0,0,1,0,0,0,0,1,1,0,1,1,1,1,1,1,1,1
41238257,더 뉴 쏘렌토 4세대,4099,1,5031,2497,7,1,0,1,0,1,0,0,0,1,0,0,0,1,0,0,1,1,1,1,1,1,1,1,1
41237632,스포티지 5세대,2180,1,88898,1598,5,4,9,1,0,1,0,0,0,0,1,0,0,1,0,1,1,1,1,1,1,1,1,1,1
41398279,올 뉴 모닝,450,1,155452,998,5,11,0,1,0,1,0,0,0,1,0,0,0,0,1,0,0,1,1,1,0,1,1,0,1
38667654,더 뉴 K9,1190,1,106598,5038,5,11,3,1,0,1,0,0,0,0,0,1,0,0,1,1,1,1,1,1,1,1,1,1,1
38733016,더 뉴 K5,790,1,100205,1999,5,11,8,1,0,1,0,0,0,0,0,1,0,0,1,1,0,1,1,1,1,1,1,1,1
40553553,더 뉴 카니발 4세대,5550,1,22970,3470,9,2,0,1,0,1,0,0,0,1,0,0,0,1,0,0,1,1,1,1,1,1,1,1,1
40788732,올 뉴 모닝,329,1,123974,998,5,14,3,1,0,1,0,0,0,1,0,0,0,0,1,0,0,1,0,0,0,0,1,0,1
40789795,더 뉴 K5,419,1,168526,1999,5,11,10,1,0,1,0,0,0,0,1,0,0,0,1,0,0,1,1,1,1,1,1,0,1
40850264,더 뉴 셀토스,2390,1,89739,1598,5,3,9,1,0,1,0,0,0,1,0,0,0,1,0,0,1,1,1,1,1,1,1,1,1
41547841,스포티지 5세대 하이브리드,2590,1,45469,1598,5,3,12,1,0,0,1,0,0,0,0,1,0,1,0,0,1,1,1,1,1,1,1,1,1
41550929,모하비 더 마스터,3700,1,93184,2959,5,4,1,1,0,0,0,1,0,0,1,0,0,1,0,0,1,1,1,1,1,1,1,1,1
41500442,올 뉴 모닝,410,1,103136,998,5,11,18,1,0,1,0,0,0,0,0,0,1,0,1,0,0,1,0,1,1,0,1,0,1
41495063,스포티지 5세대,2180,1,83831,1598,5,4,2,1,0,1,0,0,0,1,0,0,0,1,0,0,1,1,1,1,1,1,1,0,1
41468612,카니발 4세대,3550,1,58780,2151,9,3,0,1,0,0,0,1,0,1,0,0,0,1,0,0,1,1,1,1,1,1,1,1,1
41322782,K8,2700,1,88901,2497,5,4,0,1,0,1,0,0,0,0,1,0,0,0,1,0,1,1,1,1,1,1,1,1,1
40388788,올 뉴 카니발,690,1,230136,2199,9,10,8,1,0,0,0,1,0,0,1,0,0,1,0,0,0,1,1,1,1,1,1,1,1
40340785,더 뉴 카니발 4세대,3100,1,105292,3470,7,2,10,1,0,0,1,0,0,1,0,0,0,1,0,0,1,1,1,1,1,1,1,1,1
40333177,올 뉴 카니발,995,1,169701,2199,9,10,3,1,0,0,0,1,0,0,0,1,0,1,0,1,0,1,1,1,1,1,1,1,1
39938251,모하비,490,1,238513,2959,7,18,5,1,0,0,0,1,0,1,0,0,0,1,0,0,0,1,1,0,1,1,1,0,1
39995305,K8,2300,1,49620,2497,5,4,1,1,0,1,0,0,0,0,0,0,1,0,1,1,1,1,1,1,1,1,1,1,1
40212857,K8,3174,1,69000,3470,5,4,0,1,1,0,0,0,0,0,1,0,0,0,1,0,1,1,1,1,1,1,1,0,1
39942379,더 뉴 카니발,1820,1,84604,2199,7,7,13,1,0,0,0,1,0,0,1,0,0,1,0,0,1,1,1,1,1,1,1,1,1
39897329,K7 프리미어,1490,1,115426,2497,5,6,34,1,0,1,0,0,0,0,0,1,0,0,1,0,1,1,1,1,1,1,1,1,1
40277077,올 뉴 쏘렌토,930,1,145791,1995,5,10,22,1,0,0,0,1,0,0,0,1,0,1,0,0,0,1,1,1,1,1,1,0,1
39553964,올 뉴 K7,1450,1,97768,2359,5,9,0,1,0,1,0,0,0,1,0,0,0,0,1,0,1,1,1,1,1,1,1,1,1
39340221,카니발 R,620,1,169205,2199,9,13,11,1,0,0,0,1,0,0,1,0,0,1,0,0,0,1,1,1,0,1,1,0,1
39542030,카니발 4세대,4000,1,57106,3470,7,3,0,1,0,1,0,0,0,0,1,0,0,1,0,0,1,1,1,1,1,1,1,1,1
38678569,셀토스,1770,1,53015,1591,5,6,12,1,0,1,0,0,0,0,0,0,1,1,0,1,1,1,1,1,1,1,1,1,1
40807060,올 뉴 모닝,420,1,91057,998,5,14,5,1,0,1,0,0,0,1,0,0,0,0,1,0,0,1,1,0,1,1,1,0,1
40787573,스포티지 5세대 하이브리드,2640,1,56766,1598,5,2,22,1,0,0,1,0,0,1,0,0,0,1,0,1,1,1,1,1,1,1,1,1,1
40811706,스포티지 5세대,2275,1,110743,1598,5,4,0,1,0,1,0,0,0,1,0,0,0,1,0,1,1,1,1,1,1,1,1,1,1
40762480,더 뉴 쏘렌토,1700,1,102138,2199,5,8,2,1,0,0,0,1,0,0,1,0,0,1,0,0,1,1,1,1,1,1,1,1,1
40797980,쏘렌토 4세대,2990,1,64184,1598,5,5,0,1,0,0,1,0,0,0,0,0,1,1,0,1,1,1,1,1,1,1,1,1,1
40748462,모하비,1090,1,179501,2959,7,12,3,1,0,0,0,1,0,0,1,0,0,1,0,1,0,1,1,1,1,1,1,1,1
40745720,올 뉴 모닝,420,1,127605,998,5,14,16,1,0,0,1,0,0,1,0,0,0,0,1,0,0,1,1,0,1,1,1,0,1
40212999,더 뉴 K8,4066,1,3500,3470,5,1,0,1,1,0,0,0,0,1,0,0,0,0,1,1,1,1,1,1,1,1,1,1,1
39892185,K5 2세대,790,1,170732,1999,5,9,9,1,1,0,0,0,0,1,0,0,0,0,1,0,0,1,1,0,1,0,1,0,1
39465740,올 뉴 카니발,1460,1,100117,2199,7,9,5,1,0,0,0,1,0,0,1,0,0,1,0,1,0,1,1,1,1,1,1,1,1
39369186,더 뉴 K8 하이브리드,4280,1,3866,1598,5,1,0,1,0,0,1,0,0,1,0,0,0,0,1,0,1,1,1,1,1,1,1,1,1
40806057,더 뉴 레이,1200,1,48964,998,5,8,1,1,0,1,0,0,0,1,0,0,0,0,1,0,0,1,1,1,1,1,1,0,1
40812825,더 뉴 쏘렌토,1650,1,122872,1995,5,7,3,1,0,0,0,1,0,0,0,1,0,1,0,0,1,1,1,1,1,1,1,1,1
40798032,모하비 더 마스터,4250,1,58804,2959,7,5,0,1,0,0,0,1,0,1,0,0,0,1,0,0,1,1,1,1,1,1,1,1,1
40805332,더 뉴 쏘렌토 4세대,4160,1,19108,1598,5,2,0,1,0,0,1,0,0,1,0,0,0,1,0,0,1,1,1,1,1,1,1,1,1
41588558,EV4,3890,1,6539,237,5,0,12,1,0,0,0,0,1,0,0,0,1,0,1,0,1,1,1,1,1,1,1,1,1
41650255,올 뉴 K7,980,1,142626,3342,5,10,9,1,0,1,0,0,0,0,0,0,1,0,1,0,0,1,1,1,1,1,1,1,1
41660458,스포티지 5세대,612,1,41276,1999,5,2,0,1,1,0,0,0,0,1,0,0,0,1,0,0,1,1,0,0,0,0,0,0,1
41660250,K5 3세대,1750,1,210660,1999,5,6,0,1,0,1,0,0,0,0,0,1,0,0,1,1,1,1,1,1,1,1,1,1,1
41658694,더 뉴 기아 레이,324,1,8,998,5,0,0,1,0,1,0,0,0,1,0,0,0,0,1,0,0,1,1,1,1,0,1,1,1
41647129,스포티지 5세대,2599,1,81847,1998,5,4,1,1,0,0,0,1,0,0,1,0,0,1,0,0,1,1,1,1,1,1,1,1,1
41640647,카니발 4세대,1392,1,46187,2151,9,3,0,1,0,0,0,1,0,1,0,0,0,1,0,0,1,1,1,1,1,0,1,1,1
41640339,스포티지 5세대,2390,1,139941,1998,5,4,4,1,0,0,0,1,0,0,1,0,0,1,0,1,1,1,1,1,1,1,1,1,1
41639692,쏘렌토 4세대,3230,1,52807,1598,5,4,2,1,0,0,1,0,0,1,0,0,0,1,0,0,1,1,1,1,1,1,1,1,1
41631348,더 뉴 기아 레이,1740,1,13586,998,5,3,0,1,0,1,0,0,0,1,0,0,0,0,1,0,0,1,1,1,1,1,1,1,1
41624826,니로 플러스,1550,1,174748,180,5,2,5,1,0,0,0,0,1,0,0,1,0,1,0,0,1,1,1,1,1,1,1,1,1
41621820,K5 3세대,2290,1,29633,1999,5,5,1,1,0,1,0,0,0,1,0,0,0,0,1,0,1,1,1,1,1,1,1,1,1
41616948,뉴카렌스,250,1,178659,1998,7,18,2,1,1,0,0,0,0,0,1,0,0,1,0,0,0,0,1,0,0,1,1,0,1
41607479,EV6,2950,1,91349,111,5,4,0,1,0,0,0,0,1,0,1,0,0,0,1,0,1,1,1,1,1,1,1,1,1
41606252,K3,480,1,108424,1591,5,12,6,1,0,1,0,0,0,0,0,1,0,0,1,0,0,0,1,0,0,1,1,0,1
41606708,K5 3세대,1590,1,76023,1999,5,5,11,1,1,0,0,0,0,1,0,0,0,0,1,0,1,1,1,1,1,1,1,1,1
41605089,K8,2480,1,35814,2497,5,4,0,1,0,1,0,0,0,0,1,0,0,0,1,0,1,1,1,1,1,0,1,1,1
41604849,올 뉴 K7,990,1,159297,3342,5,9,11,1,0,1,0,0,0,0,0,1,0,0,1,0,1,1,1,1,1,1,1,1,1
41604593,더 뉴 K5 3세대,3080,1,25632,1999,5,2,0,1,0,1,0,0,0,0,0,1,0,0,1,0,1,1,1,1,1,1,1,1,1
41592422,K7 프리미어,2790,1,48735,2999,5,6,1,1,0,1,0,0,0,0,1,0,0,0,1,1,1,1,1,1,1,1,1,1,1
41593109,K5 하이브리드 3세대,1750,1,102426,1999,5,6,0,1,0,0,1,0,0,0,0,1,0,0,1,0,1,1,1,1,1,1,1,1,1
41626836,셀토스,1900,1,45444,1591,5,3,1,1,0,1,0,0,0,1,0,0,0,1,0,0,0,1,1,1,1,1,1,0,1
41626333,K7 프리미어,2150,1,148102,2497,5,6,3,1,0,1,0,0,0,1,0,0,0,0,1,1,1,1,1,1,1,1,1,1,1
41603780,레이,699,1,136591,998,5,12,7,1,0,1,0,0,0,1,0,0,0,0,1,0,0,1,1,1,1,1,1,0,1
41626229,카니발 4세대,2330,1,90586,2151,9,5,3,1,0,0,0,1,0,1,0,0,0,1,0,0,1,1,1,1,1,1,1,1,1
41645832,스팅어 마이스터,7777,1,77400,2497,5,5,2,1,0,1,0,0,0,0,0,0,1,0,1,1,1,1,1,1,1,1,1,1,1
40991660,올 뉴 모닝 (JA),510,1,171398,998,5,9,2,1,0,1,0,0,0,0,1,0,0,0,1,0,0,1,0,0,1,0,1,0,1
40991567,더 뉴 카니발 4세대,3200,1,73369,2151,9,1,3,1,0,0,0,1,0,1,0,0,0,1,0,0,1,1,1,1,1,1,1,1,1
41460956,쏘렌토 4세대,2900,1,107492,2151,6,4,0,1,0,0,0,1,0,1,0,0,0,1,0,0,1,1,1,1,1,1,1,1,1
41501382,쏘렌토 4세대,2850,1,62440,1598,5,5,6,1,0,0,1,0,0,1,0,0,0,1,0,0,1,1,1,1,1,1,1,1,1
41395617,더 뉴 쏘렌토 4세대,4350,1,55362,2497,6,2,0,1,0,1,0,0,0,1,0,0,0,1,0,1,1,1,1,1,1,1,1,1,1
41400619,카니발 4세대,3020,1,84287,3470,7,5,0,1,0,1,0,0,0,1,0,0,0,1,0,1,1,1,1,1,1,1,1,1,1
41453998,카니발 4세대,7777,1,120060,2151,9,5,6,1,0,0,0,1,0,0,1,0,0,1,0,0,1,1,1,1,1,1,1,1,1
41416822,더 뉴 K5 2세대,1019,1,153950,1591,5,7,8,1,0,1,0,0,0,1,0,0,0,0,1,0,1,1,1,0,1,0,1,0,1
41384548,더 뉴 모하비,1420,1,152712,2959,7,8,4,1,0,0,0,1,0,0,0,0,1,1,0,0,0,1,1,1,1,1,1,1,1
40916802,쏘렌토 4세대,2899,1,74342,2151,5,5,0,1,0,0,0,1,0,0,1,0,0,1,0,1,1,1,1,1,1,1,1,1,1
40916991,쏘렌토 4세대,2299,1,142456,2151,5,5,5,1,0,0,0,1,0,0,1,0,0,1,0,1,1,1,1,1,1,1,1,1,1
41389208,더 뉴 K7,630,1,140872,2999,5,13,3,1,0,1,0,0,0,0,1,0,0,0,1,0,0,1,1,1,1,1,1,1,1
40881989,K7 프리미어 하이브리드,2399,1,97672,2359,5,6,2,1,0,0,1,0,0,0,1,0,0,0,1,0,1,1,1,1,1,1,1,1,1
40870847,올 뉴 모닝,440,1,101710,998,5,11,3,1,0,1,0,0,0,1,0,0,0,0,1,0,0,1,0,0,0,0,1,0,1
40877498,더 뉴 카니발,1570,1,157179,2199,9,7,7,1,0,0,0,1,0,0,1,0,0,1,0,0,1,1,1,1,1,1,1,1,1
40869304,더 뉴 K5,880,1,50755,1999,5,12,4,1,0,1,0,0,0,1,0,0,0,0,1,1,0,1,1,1,1,1,1,0,1
40867410,모닝 어반 (JA),780,1,40285,998,2,5,1,1,0,1,0,0,0,1,0,0,0,0,1,0,0,1,0,0,0,0,0,0,0
40853315,셀토스,2500,1,57368,1591,5,3,0,1,0,1,0,0,0,0,0,1,0,1,0,0,1,1,1,1,1,1,1,1,1
40823772,더 K9,1650,1,247551,3778,5,7,14,1,0,1,0,0,0,0,1,0,0,0,1,0,1,1,1,1,1,1,1,1,1
40864841,스포티지 5세대,2450,1,108452,1998,5,4,0,1,0,0,0,1,0,1,0,0,0,1,0,0,1,1,1,1,1,1,1,1,1
40815018,더 뉴 EV6,3790,1,51756,120,5,1,2,1,0,0,0,0,1,1,0,0,0,0,1,0,1,1,1,1,1,1,1,1,1
41126581,더 뉴 카니발,1020,1,188147,2199,9,7,2,1,0,0,0,1,0,0,1,0,0,1,0,0,0,1,1,1,1,1,1,1,1
41132059,스포티지 5세대,2650,1,45421,1998,5,4,2,1,0,0,0,1,0,0,1,0,0,1,0,0,1,1,1,1,1,1,1,1,1
41129354,카니발 4세대,2599,1,130181,3470,7,5,1,1,0,1,0,0,0,1,0,0,0,1,0,0,1,1,1,1,1,1,1,1,1
41126294,쏘렌토 R,680,1,139790,1995,7,15,3,1,0,0,0,1,0,0,0,1,0,1,0,0,0,1,1,1,1,1,1,1,1
41056302,레이,480,1,163178,998,5,14,13,1,0,1,0,0,0,0,0,0,1,0,1,0,0,1,1,0,0,1,1,0,1
41120524,스포티지 5세대,2050,1,79888,1998,5,4,2,1,0,0,0,1,0,0,0,1,0,1,0,0,1,1,0,0,1,0,1,0,1
41091159,더 뉴 K8 하이브리드,3206,1,759,1598,5,0,0,1,0,0,1,0,0,0,1,0,0,0,1,0,1,1,1,1,1,1,1,1,1
40996162,스팅어 마이스터,1690,1,169277,2497,5,5,3,1,0,1,0,0,0,1,0,0,0,0,1,0,1,1,1,1,1,1,1,1,1
40943698,더 K9,1930,1,154901,3778,5,7,1,1,0,1,0,0,0,0,0,1,0,0,1,0,1,1,1,1,1,1,1,1,1
40937064,스포티지 5세대,3200,1,11981,1598,5,2,0,1,0,1,0,0,0,1,0,0,0,1,0,0,1,1,1,1,1,1,1,1,1
40934909,모하비 더 마스터,4140,1,41728,2959,7,5,0,1,0,0,0,1,0,0,1,0,0,1,0,1,1,1,1,1,1,1,1,1,1
40923034,모하비 더 마스터,3740,1,85832,2959,7,5,0,1,0,0,0,1,0,0,1,0,0,1,0,1,1,1,1,1,1,1,1,1,1
40922936,K5 3세대,1860,1,112332,1598,5,5,5,1,0,1,0,0,0,0,1,0,0,0,1,0,1,1,1,1,1,1,1,1,1
40922604,셀토스,2090,1,94096,1591,5,4,0,1,0,1,0,0,0,1,0,0,0,1,0,0,1,1,1,1,1,1,1,1,1
41223921,스포티지 5세대,2980,1,50067,1598,5,3,0,1,0,1,0,0,0,1,0,0,0,1,0,0,1,1,1,1,1,1,1,1,1
41228980,스포티지 5세대 하이브리드,2710,1,50003,1598,5,4,14,1,0,0,1,0,0,0,0,1,0,1,0,0,1,1,1,1,1,1,1,1,1
41201825,K3,640,1,113260,1582,5,12,0,1,0,0,0,1,0,0,0,0,1,0,1,1,0,1,1,1,1,1,1,1,1
40544710,더 K9,3280,1,54471,3778,5,5,2,1,0,1,0,0,0,0,1,0,0,0,1,0,1,1,1,1,1,1,1,1,1
40672167,더 뉴 K3 2세대,1580,1,53284,1598,5,4,10,1,0,1,0,0,0,0,0,1,0,0,1,0,0,1,1,1,1,1,1,1,1
40504163,올 뉴 모닝,390,1,156365,998,5,13,3,1,0,0,1,0,0,0,0,1,0,0,1,0,0,1,0,0,0,0,1,0,1
40487503,K5,550,1,99339,1998,5,14,9,1,0,1,0,0,0,1,0,0,0,0,1,0,0,1,1,1,1,1,1,0,1
40478085,더 뉴 기아 레이,1440,1,23884,998,5,3,2,1,0,1,0,0,0,1,0,0,0,0,1,0,0,1,1,1,1,1,1,1,1
40429977,K3,580,1,88654,1591,5,12,8,1,0,1,0,0,0,0,0,0,1,0,1,1,0,1,1,1,0,1,1,0,1
40902344,스포티지 5세대,2399,1,90926,1598,5,4,1,1,0,1,0,0,0,1,0,0,0,1,0,0,1,1,1,1,1,0,1,1,1
40905698,올 뉴 K7,1450,1,95126,2359,5,7,11,1,0,1,0,0,0,0,1,0,0,0,1,1,1,1,1,1,1,1,1,1,1
41010419,K7 프리미어,1800,1,149881,2999,5,6,0,1,1,0,0,0,0,0,1,0,0,0,1,0,1,1,1,1,1,1,1,1,1
40983151,더 뉴 니로,1450,1,136847,1580,5,4,0,1,0,0,1,0,0,0,0,1,0,1,0,0,0,1,1,1,0,1,0,0,1
40927827,뉴모닝,240,1,97250,999,5,17,11,1,0,1,0,0,0,0,1,0,0,0,1,0,0,1,1,0,0,0,1,0,1
40927266,올 뉴 K3,950,1,110764,1598,5,7,14,1,0,1,0,0,0,1,0,0,0,0,1,0,0,1,1,0,1,1,1,1,1
41225612,스포티지 5세대 하이브리드,3440,1,20867,1598,5,2,0,1,0,0,1,0,0,1,0,0,0,1,0,0,1,1,1,1,1,1,1,1,1
41214988,올 뉴 K7,990,1,95603,3342,5,10,14,1,0,1,0,0,0,0,0,1,0,0,1,1,0,1,1,1,1,1,1,1,1
41226664,더 뉴 레이,1350,1,34771,998,5,5,2,1,0,1,0,0,0,1,0,0,0,0,1,0,0,1,1,1,1,1,1,0,1
41223935,K5 3세대,2050,1,91109,1999,5,5,0,1,0,1,0,0,0,0,0,1,0,0,1,0,1,1,1,1,1,1,1,1,1
41198017,쏘렌토 4세대,2888,1,84713,2151,7,5,2,1,0,0,0,1,0,1,0,0,0,1,0,1,1,1,1,1,1,1,1,1,1
41179333,더 뉴 카니발 4세대,3599,1,15992,2151,9,1,0,1,0,0,0,1,0,0,1,0,0,1,0,0,1,1,1,1,1,1,1,1,1
41285519,카니발 4세대,3790,1,36681,3470,9,3,10,1,0,1,0,0,0,0,1,0,0,1,0,0,1,1,1,1,1,1,1,1,1
41285761,올 뉴 모닝,520,1,64825,998,5,11,4,1,0,1,0,0,0,0,0,0,1,0,1,0,0,1,1,1,0,1,1,0,1
41287992,카니발 4세대,3750,1,60757,2151,9,3,0,1,0,0,0,1,0,0,1,0,0,1,0,1,1,1,1,1,1,1,1,1,1
41280597,스포티지 5세대,2330,1,56087,1598,5,4,5,1,0,1,0,0,0,1,0,0,0,1,0,1,1,1,1,1,1,1,1,1,1
41279786,더 뉴 카니발,1490,1,148930,2199,9,7,0,1,0,0,0,1,0,0,0,1,0,1,0,0,1,1,1,1,1,1,1,1,1
41279398,더 K9,1990,1,131744,3778,5,6,8,1,0,1,0,0,0,0,1,0,0,0,1,0,1,1,1,1,1,1,1,1,1
41278672,K5 3세대,1750,1,76499,1999,5,5,0,1,0,1,0,0,0,0,0,0,1,0,1,0,1,1,1,1,1,1,1,0,1
41262574,스포티지 5세대,2330,1,65756,1598,5,3,0,1,0,1,0,0,0,1,0,0,0,1,0,0,1,1,1,1,1,1,1,1,1
41255383,카니발 4세대,2870,1,78371,2151,9,4,5,1,0,0,0,1,0,1,0,0,0,1,0,0,1,1,1,1,1,1,1,1,1
41254216,모하비 더 마스터,4390,1,43223,2959,5,4,0,1,0,0,0,1,0,0,1,0,0,1,0,1,1,1,1,1,1,1,1,1,1
41246902,스포티지 5세대,2300,1,109082,1598,5,4,11,1,0,1,0,0,0,1,0,0,0,1,0,0,1,1,1,1,1,1,1,1,1
41233473,K5 3세대,2070,1,76884,1598,5,6,3,1,0,1,0,0,0,0,0,1,0,0,1,0,1,1,1,1,1,1,1,1,1
41237871,EV6,2550,1,133589,111,5,4,0,1,0,0,0,0,1,1,0,0,0,0,1,1,1,1,1,1,1,1,1,1,1
41191199,모하비 더 마스터,3550,1,73081,2959,5,2,19,1,0,0,0,1,0,0,1,0,0,1,0,1,1,1,1,1,1,1,1,1,1
41189741,스포티지 5세대,2880,1,81943,1598,5,4,0,1,0,1,0,0,0,0,1,0,0,1,0,1,1,1,1,1,1,1,1,1,1
41186958,모하비 더 마스터,4170,1,41445,2959,5,5,0,1,0,0,0,1,0,0,1,0,0,1,0,0,1,1,1,1,1,1,1,1,1
41182313,모하비 더 마스터,4390,1,61244,2959,7,4,6,1,0,0,0,1,0,0,1,0,0,1,0,1,1,1,1,1,1,1,1,1,1
41285504,더 뉴 카니발,1290,1,164276,2199,9,7,5,1,0,0,0,1,0,0,1,0,0,1,0,0,0,1,1,1,1,1,1,1,1
41279686,스포티지 R,700,1,105582,1995,5,13,13,1,0,0,0,1,0,1,0,0,0,1,0,0,0,1,1,1,1,1,1,1,1
41270882,올 뉴 카니발,799,1,199046,2199,9,8,13,1,0,0,0,1,0,0,1,0,0,1,0,0,0,1,1,1,1,1,1,1,1
41275501,올 뉴 K3,1080,1,109763,1598,5,5,7,1,0,1,0,0,0,0,0,1,0,0,1,0,0,1,1,1,1,1,1,1,1
40919055,카니발 4세대,2450,1,112705,2151,9,3,0,1,0,0,0,1,0,0,1,0,0,1,0,0,1,1,1,1,1,1,1,1,1
40893201,모하비 더 마스터,5990,1,22541,2959,5,4,0,1,0,0,0,1,0,0,1,0,0,1,0,1,1,1,1,1,1,1,1,1,1
40879900,모하비,950,1,88030,2959,7,13,5,1,0,0,0,1,0,0,0,1,0,1,0,1,0,1,0,1,0,1,1,1,1
40877765,K5 3세대,2270,1,64228,1598,5,6,3,1,0,1,0,0,0,1,0,0,0,0,1,1,1,1,1,1,1,1,1,1,1
40705255,더 뉴 K5 3세대,2400,1,10000,1999,5,1,0,1,0,1,0,0,0,0,1,0,0,0,1,0,1,1,1,0,1,1,1,1,1
40648090,더 뉴 K8 하이브리드,4950,1,6215,1598,5,1,0,1,0,0,1,0,0,0,0,1,0,0,1,1,1,1,1,1,1,1,1,1,1
40578244,뉴모닝,210,1,141557,999,5,16,14,1,1,0,0,0,0,1,0,0,0,0,1,0,0,0,0,0,0,0,0,0,1
40813283,스포티지 5세대 하이브리드,2880,1,98469,1598,5,4,3,1,0,0,1,0,0,1,0,0,0,1,0,1,1,1,1,1,1,1,1,1,1
40916505,스팅어 마이스터,2900,1,49871,2497,5,4,8,1,0,1,0,0,0,1,0,0,0,0,1,1,1,1,1,1,1,1,1,1,1
40893691,모하비 더 마스터,2700,1,125705,2959,5,5,3,1,0,0,0,1,0,0,1,0,0,1,0,1,1,1,1,1,1,1,1,1,1
40865039,셀토스,1450,1,124159,1598,5,4,1,1,0,0,0,1,0,1,0,0,0,1,0,0,0,1,0,0,1,0,1,0,1
41088256,K8,2520,1,70162,2497,5,4,12,1,0,1,0,0,0,0,0,0,1,0,1,0,1,1,1,1,1,1,1,1,1
40853194,스포티지 5세대,2650,1,66537,1598,5,4,7,1,0,1,0,0,0,0,1,0,0,1,0,0,1,1,1,1,1,1,1,1,1
40989417,더 뉴 카니발 4세대,4750,1,15157,2151,7,1,4,1,0,0,0,1,0,1,0,0,0,1,0,0,1,1,1,1,1,1,1,1,1
41085700,올 뉴 카니발,1590,1,23456,2199,9,8,2,1,0,0,0,1,0,0,1,0,0,1,0,0,0,1,0,0,1,0,1,1,1
40453855,스팅어 마이스터,3360,1,26846,2497,5,3,0,1,0,1,0,0,0,0,0,0,1,0,1,0,1,1,1,1,1,1,1,1,1
40883744,모하비 더 마스터,3860,1,55842,2959,6,5,1,1,0,0,0,1,0,0,1,0,0,1,0,1,1,1,1,1,1,1,1,1,1
40877324,쏘울 EV,1020,1,74582,80,5,8,3,1,0,0,0,0,1,1,0,0,0,0,1,0,0,1,1,1,1,0,1,0,0
40866908,디 올 뉴 니로,2570,1,39390,1580,5,4,0,1,0,0,1,0,0,0,0,0,1,1,0,0,0,1,1,1,1,1,1,1,1
40095312,레이,780,1,76766,998,5,13,3,1,0,1,0,0,0,0,0,1,0,0,1,0,0,1,1,1,1,0,1,0,1
39931669,K7 프리미어 하이브리드,1770,1,108498,2359,5,6,13,1,0,0,1,0,0,0,0,1,0,0,1,0,1,1,1,1,1,1,1,1,1
40666209,카니발 4세대,3980,1,79152,3470,4,4,3,1,0,1,0,0,0,0,1,0,0,1,0,0,1,1,1,1,1,1,1,1,1
41302564,카니발 4세대,2270,1,172044,2151,9,5,3,1,0,0,0,1,0,0,0,1,0,1,0,0,1,1,1,1,1,1,1,1,1
41275306,더 뉴 쏘렌토 4세대,3490,1,39171,2497,5,2,1,1,0,1,0,0,0,0,0,0,1,1,0,0,1,1,1,1,1,1,1,1,1
41284802,스포티지 R,550,1,114399,1995,5,14,9,1,0,0,0,1,0,1,0,0,0,1,0,0,0,1,1,1,1,1,1,1,1
41285698,EV6,3210,1,99217,111,5,4,0,1,0,0,0,0,1,1,0,0,0,0,1,0,1,1,1,1,1,1,1,1,1
40738127,K5 2세대,970,1,102352,1685,5,8,2,1,0,0,0,1,0,1,0,0,0,0,1,0,0,1,1,0,1,1,1,0,1
41272698,카니발 4세대,2640,1,85141,2151,9,3,3,1,0,0,0,1,0,0,1,0,0,1,0,0,1,1,1,1,1,1,1,1,1
41131457,셀토스,2040,1,55912,1591,5,5,2,1,0,1,0,0,0,1,0,0,0,1,0,0,1,1,1,1,1,1,1,1,1
41126332,더 뉴 쏘렌토 4세대,5880,1,45,2151,5,0,0,1,0,0,0,1,0,1,0,0,0,1,0,1,1,1,1,1,1,1,1,1,1
41249833,카니발 4세대,2300,1,65003,2151,9,4,0,1,0,0,0,1,0,0,1,0,0,1,0,0,1,1,1,0,1,0,1,1,1
41218593,카니발 4세대,3390,1,47791,2151,9,4,0,1,0,0,0,1,0,0,1,0,0,1,0,1,1,1,1,1,1,1,1,1,1
41224798,K5 3세대,2290,1,33667,1999,5,6,1,1,0,1,0,0,0,0,0,1,0,0,1,0,1,1,1,1,1,1,1,1,1
41222906,모하비 더 마스터,5299,1,13500,2959,6,2,0,1,0,0,0,1,0,0,1,0,0,1,0,1,1,1,1,1,1,1,1,1,1
41315181,카니발 4세대,2200,1,100520,2151,9,5,5,1,0,0,0,1,0,0,1,0,0,1,0,0,1,1,1,1,1,1,1,1,1
41307658,K5 3세대,1930,1,109628,1598,5,6,10,1,0,1,0,0,0,1,0,0,0,0,1,1,1,1,1,1,1,1,1,1,1
41283842,스포티지 5세대,2850,1,57269,1598,5,4,1,1,0,1,0,0,0,0,1,0,0,1,0,1,1,1,1,1,1,1,1,1,1
41242589,EV6,3630,1,71444,111,5,3,1,1,0,0,0,0,1,1,0,0,0,0,1,0,1,1,1,1,1,1,1,1,1
40989943,디 올 뉴 니로,3330,1,8110,1580,5,1,0,1,0,0,1,0,0,1,0,0,0,1,0,0,1,1,1,1,1,1,1,1,1
40928003,더 뉴 K5,670,1,177462,1999,5,12,6,1,0,1,0,0,0,0,1,0,0,0,1,0,0,1,1,1,1,1,1,1,1
40917527,셀토스,1389,1,141586,1598,5,4,0,1,0,0,0,1,0,0,0,0,1,1,0,0,0,1,0,0,1,0,1,0,1
40923298,카니발 4세대,2850,1,92222,2151,9,3,1,1,0,0,0,1,0,0,1,0,0,1,0,1,1,1,1,1,1,1,1,1,1
40368601,K3 쿱,529,1,128098,1591,5,11,4,1,0,1,0,0,0,0,1,0,0,0,1,0,0,1,1,1,1,1,1,1,1
40892121,모하비 더 마스터,5790,1,42212,2959,5,2,0,1,0,0,0,1,0,0,1,0,0,1,0,1,1,1,1,1,1,1,1,1,1
41148168,더 뉴 쏘렌토 4세대,4199,1,5028,2497,6,1,0,1,0,1,0,0,0,0,0,0,1,1,0,0,1,1,1,1,1,1,1,1,1
40005027,니로 EV,1890,1,60040,180,5,5,0,1,0,0,0,0,1,1,0,0,0,1,0,0,1,1,1,1,1,1,1,1,1
41598509,카니발 4세대,3450,1,74383,2151,9,4,3,1,0,0,0,1,0,1,0,0,0,1,0,1,1,1,1,1,1,1,1,1,1
41587773,더 뉴 모하비,1530,1,167042,2959,7,9,3,1,0,0,0,1,0,1,0,0,0,1,0,1,0,1,1,1,1,1,1,1,1
41585621,올 뉴 K7,1750,1,79471,3342,5,9,0,1,0,1,0,0,0,1,0,0,0,0,1,1,1,1,1,1,1,1,1,1,1
41587168,셀토스,2290,1,40694,1591,5,4,0,1,0,1,0,0,0,1,0,0,0,1,0,0,1,1,1,1,1,1,1,1,1
41583047,더 뉴 레이,1290,1,64543,998,5,7,1,1,0,1,0,0,0,1,0,0,0,0,1,0,0,1,1,1,1,1,1,0,1
41552861,K8 하이브리드,3290,1,30752,1598,5,3,6,1,0,0,1,0,0,0,1,0,0,0,1,0,1,1,1,1,1,1,1,1,1
41524355,스포티지 4세대,1320,1,94277,1995,5,10,14,1,0,0,0,1,0,0,0,0,1,1,0,1,0,1,1,0,1,1,1,1,1
41499844,스포티지 더 볼드,1440,1,125966,1995,5,6,5,1,0,0,0,1,0,1,0,0,0,1,0,0,0,1,0,0,1,1,0,0,1
41466147,K8 하이브리드,2790,1,50362,1598,5,4,4,1,0,0,1,0,0,0,1,0,0,0,1,1,1,1,1,1,1,1,1,1,1
41470343,올 뉴 K7,1850,1,73195,3342,5,8,6,1,0,1,0,0,0,0,1,0,0,0,1,1,1,1,1,1,1,1,1,1,1
41404786,더 뉴 카니발 4세대,5090,1,2839,2151,9,1,0,1,0,0,0,1,0,0,1,0,0,1,0,1,1,1,1,1,1,1,1,1,1
41395428,더 뉴 레이,799,1,66905,998,2,5,2,1,0,1,0,0,0,1,0,0,0,0,1,0,0,1,1,0,0,0,0,0,1
41418785,K5 3세대,1520,1,154311,1999,5,6,15,1,0,1,0,0,0,1,0,0,0,0,1,0,1,1,1,1,1,1,1,1,1
41415919,레이,730,1,127435,998,5,13,5,1,0,1,0,0,0,1,0,0,0,0,1,0,0,1,1,1,1,1,1,0,1
41637842,카니발 4세대,2450,1,90533,2151,9,4,4,1,0,0,0,1,0,0,0,1,0,1,0,0,1,1,1,1,1,1,1,1,1
41557376,카니발 4세대,3050,1,30732,2151,9,3,0,1,0,0,0,1,0,1,0,0,0,1,0,0,1,1,1,1,1,1,1,1,1
41544725,K7 프리미어,2170,1,109049,2999,5,6,5,1,1,0,0,0,0,0,0,0,1,0,1,0,1,1,1,1,1,1,1,1,1
41533049,쏘렌토 4세대,2980,1,127598,2497,5,5,0,1,0,1,0,0,0,1,0,0,0,1,0,0,1,1,1,1,1,1,1,1,1
41531922,쏘렌토 4세대,9999,1,120874,1598,5,4,1,1,0,0,1,0,0,1,0,0,0,1,0,0,1,1,1,1,1,1,1,1,1
41313901,K7 프리미어,1630,1,150881,2497,5,6,1,1,0,1,0,0,0,0,1,0,0,0,1,0,1,1,1,1,1,1,1,1,1
41302551,올 뉴 K7 하이브리드,1710,1,86638,2359,5,8,7,1,0,0,1,0,0,1,0,0,0,0,1,0,1,1,1,1,1,1,1,1,1
41298571,스팅어,2050,1,89224,1998,5,8,16,1,0,1,0,0,0,0,0,0,1,0,1,1,1,1,1,1,1,1,1,1,1
41296684,더 프레스티지 K7,690,1,81421,2359,5,14,2,1,0,1,0,0,0,0,1,0,0,0,1,0,0,1,1,1,1,1,1,1,1
41494128,카니발 4세대,2199,1,197181,2151,7,5,0,1,0,0,0,1,0,0,1,0,0,1,0,0,1,1,1,1,1,1,1,1,1
41483380,더 뉴 EV6,4600,1,14606,120,5,1,0,1,0,0,0,0,1,0,0,1,0,0,1,0,1,1,1,1,1,1,1,1,1
41414703,더 뉴 쏘렌토 4세대,3890,1,57754,1598,5,2,1,1,0,0,1,0,0,1,0,0,0,1,0,1,1,1,1,1,1,1,1,1,1
41392984,쏘렌토 4세대,2820,1,46318,2151,5,5,0,1,0,0,0,1,0,0,0,1,0,1,0,0,1,1,1,1,1,1,1,1,1
41327423,더 뉴 기아 레이,1300,1,21601,998,5,3,18,1,0,1,0,0,0,1,0,0,0,0,1,0,0,1,1,0,1,1,1,1,1
41546538,올 뉴 모닝,279,1,149373,998,5,13,10,1,0,0,1,0,0,0,0,1,0,0,1,0,0,1,0,0,0,0,1,0,1
41543232,K8 하이브리드,3190,1,61486,1598,5,4,10,1,0,0,1,0,0,0,0,1,0,0,1,1,1,1,1,1,1,1,1,1,1
41542973,K8 하이브리드,8888,1,55225,1598,5,4,7,1,0,0,1,0,0,1,0,0,0,0,1,0,1,1,1,1,1,1,1,1,1
41368491,더 뉴 스포티지 R,720,1,127694,1995,5,12,12,1,0,0,0,1,0,0,1,0,0,1,0,0,0,1,1,1,1,1,1,0,1
41338173,쏘렌토 4세대,2760,1,108954,2151,5,5,4,1,0,0,0,1,0,1,0,0,0,1,0,1,1,1,1,1,1,1,1,1,1
41583567,더 뉴 기아 레이,1350,1,54975,998,2,2,3,1,0,1,0,0,0,0,1,0,0,0,1,0,0,1,1,1,1,1,1,0,1
41577058,K5,250,1,236087,1998,5,15,13,1,1,0,0,0,0,1,0,0,0,0,1,1,0,0,1,1,0,0,1,0,1
41585000,스토닉,1180,1,113135,1582,5,8,1,1,0,0,0,1,0,1,0,0,0,1,0,1,0,1,1,1,1,1,1,0,1
41567618,K7 프리미어,2590,1,35122,2497,5,5,5,1,0,1,0,0,0,0,1,0,0,0,1,1,1,1,1,1,1,1,1,1,1
40888682,카니발 R,480,1,141444,2199,9,12,12,1,0,0,0,1,0,1,0,0,0,1,0,0,0,1,0,1,0,0,1,0,1
40920665,더 뉴 K5,550,1,161916,1999,5,11,7,1,1,0,0,0,0,1,0,0,0,0,1,0,0,1,1,0,1,0,0,0,1
40917995,모하비,1440,1,87659,2959,7,11,2,1,0,0,0,1,0,0,1,0,0,1,0,0,0,1,1,1,1,1,1,1,1
41566961,모하비 더 마스터,3250,1,109466,2959,6,5,3,1,0,0,0,1,0,0,1,0,0,1,0,1,1,1,1,1,1,1,1,1,1
41571670,올 뉴 K3,1330,1,54369,1598,5,7,4,1,0,1,0,0,0,0,0,0,1,0,1,0,0,1,1,0,1,1,1,1,1
41628445,K8,3190,1,52396,2497,5,4,0,1,0,1,0,0,0,1,0,0,0,0,1,1,1,1,1,1,1,1,1,1,1
41639575,카니발 4세대,4890,1,30879,3470,4,3,0,1,0,1,0,0,0,1,0,0,0,1,0,0,1,1,1,1,1,1,1,1,1
41615298,올 뉴 모닝,600,1,33763,998,5,13,1,1,0,1,0,0,0,1,0,0,0,0,1,1,0,1,0,0,1,0,1,0,1
41328418,올 뉴 카니발,1650,1,61788,2199,9,10,0,1,0,0,0,1,0,1,0,0,0,1,0,0,0,1,1,1,1,1,1,1,1
41322234,쏘울 부스터,1190,1,124254,1591,5,7,4,1,0,1,0,0,0,0,0,1,0,0,1,0,1,1,1,1,1,1,1,1,1
41195086,쏘렌토 4세대,3400,1,47965,2151,5,3,5,1,0,0,0,1,0,0,0,1,0,1,0,0,1,1,1,1,1,1,1,1,1
41156500,더 뉴 쏘렌토 4세대,4000,1,15168,2497,5,2,0,1,0,1,0,0,0,0,0,1,0,1,0,0,1,1,1,1,1,1,1,1,1
41158303,더 뉴 쏘렌토,2349,1,75452,2199,7,7,3,1,0,0,0,1,0,1,0,0,0,1,0,1,1,1,1,1,1,1,1,1,1
41145672,K5 3세대,2090,1,39777,1598,5,5,0,1,0,1,0,0,0,0,0,1,0,0,1,0,1,1,1,1,1,1,1,1,1
41518198,더 뉴 쏘렌토 4세대,4220,1,29664,2497,6,2,0,1,0,1,0,0,0,0,1,0,0,1,0,0,1,1,1,1,1,1,1,1,1
41495524,더 뉴 기아 레이,2040,1,6572,998,5,1,0,1,0,1,0,0,0,1,0,0,0,0,1,0,0,1,1,1,1,1,1,1,1
41585767,스포티지 더 볼드,1830,1,49637,1598,5,6,3,1,0,0,0,1,0,1,0,0,0,1,0,0,0,1,1,1,1,1,1,1,1
41620797,K5 3세대,3480,1,38404,1999,5,3,1,1,0,1,0,0,0,0,0,1,0,0,1,0,1,1,1,1,1,1,1,1,1
41602106,더 뉴 모닝,600,1,83087,998,5,10,8,1,0,1,0,0,0,0,0,0,1,0,1,0,0,1,1,0,1,1,1,0,1
41599337,스포티지 5세대,2580,1,65388,1998,5,4,6,1,0,0,0,1,0,0,0,1,0,1,0,0,1,1,1,1,1,1,1,1,1
41606104,모하비 더 마스터,2750,1,108027,2959,6,6,20,1,0,0,0,1,0,0,0,1,0,1,0,0,1,1,1,1,1,1,1,1,1
41592876,스포티지 5세대 하이브리드,3390,1,39107,1598,5,2,1,1,0,0,1,0,0,1,0,0,0,1,0,0,1,1,1,1,1,1,1,1,1
41596293,스포티지 5세대 하이브리드,2699,1,97085,1598,5,4,6,1,0,0,1,0,0,1,0,0,0,1,0,1,1,1,1,1,1,1,1,1,1
41589626,스팅어,1950,1,85732,3342,5,8,0,1,0,1,0,0,0,0,0,0,1,0,1,0,1,1,1,1,1,1,1,1,1
41660053,더 뉴 쏘렌토 4세대,4470,1,4122,1598,5,1,0,1,0,0,1,0,0,1,0,0,0,1,0,0,1,1,1,1,1,1,1,1,1
41642258,EV6,3300,1,40641,111,5,4,0,1,0,0,0,0,1,0,1,0,0,0,1,0,1,1,1,1,1,1,1,1,1
41620964,K5 3세대,2190,1,52294,1999,5,6,7,1,0,1,0,0,0,0,0,0,1,0,1,1,1,1,1,1,1,1,1,1,1
41639711,모닝 어반 (JA),1270,1,35895,998,5,4,3,1,0,1,0,0,0,1,0,0,0,0,1,0,0,1,1,1,1,1,1,1,1
41650860,더 뉴 K8,4290,1,1397,2497,5,0,0,1,0,1,0,0,0,0,0,1,0,0,1,0,1,1,1,1,1,1,1,1,1
41649428,더 뉴 기아 레이,1780,1,31458,998,5,2,0,1,0,1,0,0,0,1,0,0,0,0,1,0,0,1,1,1,1,1,1,1,1
39596658,쏘렌토 4세대,2720,1,78698,1598,5,5,25,1,0,0,1,0,0,1,0,0,0,1,0,0,1,1,1,1,1,1,1,1,1
40720689,쏘울 EV,840,1,121350,80,5,8,4,1,0,0,0,0,1,1,0,0,0,0,1,0,0,1,0,1,1,0,1,0,0
40708833,올 뉴 모닝,470,1,110109,998,5,11,0,1,0,1,0,0,0,1,0,0,0,0,1,0,0,1,0,0,1,0,1,0,1
41019260,카니발 4세대,3090,1,60233,2151,9,3,9,1,0,0,0,1,0,1,0,0,0,1,0,0,1,1,1,1,1,1,1,1,1
41179665,스포티지 5세대,2220,1,121035,1998,5,4,0,1,0,0,0,1,0,1,0,0,0,1,0,0,1,1,1,1,1,1,1,1,1
41143443,스포티지 5세대,2070,1,115089,1998,5,3,0,1,0,0,0,1,0,1,0,0,0,1,0,0,1,1,1,1,1,1,1,1,1
40562069,더 뉴 니로,2040,1,88050,1580,5,6,6,1,0,0,1,0,0,0,0,0,1,1,0,1,1,1,1,1,1,1,1,1,1
41161964,K5 하이브리드 3세대,2750,1,45157,1999,5,3,1,1,0,0,1,0,0,0,0,1,0,0,1,1,1,1,1,1,1,1,1,1,1
41175728,쏘렌토 4세대,2980,1,70752,2151,5,4,1,1,0,0,0,1,0,0,0,1,0,1,0,0,1,1,1,1,1,1,1,1,1
41164735,스포티지 더 볼드,1200,1,110281,1598,5,6,3,1,0,0,0,1,0,1,0,0,0,1,0,0,0,1,1,1,1,1,1,1,1
41146989,더 뉴 레이,999,1,111890,998,2,5,0,1,0,1,0,0,0,1,0,0,0,0,1,0,0,1,1,0,0,1,0,0,0
40756304,스포티지 5세대,2550,1,98544,1598,5,4,2,1,0,1,0,0,0,1,0,0,0,1,0,1,1,1,1,1,1,1,1,1,1
41085090,쏘렌토 4세대,3790,1,40161,1598,5,5,0,1,0,0,1,0,0,0,1,0,0,1,0,0,1,1,1,1,1,1,1,1,1
41094385,K7 하이브리드,750,1,112282,2359,5,12,2,1,0,0,1,0,0,1,0,0,0,0,1,0,0,1,1,1,1,1,1,1,1
41042963,올 뉴 K7,1090,1,175840,3342,5,9,13,1,0,1,0,0,0,0,1,0,0,0,1,1,1,1,1,1,1,1,1,1,1
40555324,니로 플러스,2280,1,24562,111,5,3,0,1,0,0,0,0,1,0,0,1,0,1,0,0,1,1,1,1,1,1,1,1,1
40966290,셀토스,1920,1,58905,1591,5,4,5,1,0,1,0,0,0,0,1,0,0,1,0,0,1,1,1,0,1,0,1,1,1
41145673,EV6,3360,1,48830,111,5,3,5,1,0,0,0,0,1,0,1,0,0,0,1,0,1,1,1,1,1,1,1,1,1
41136787,스포티지 5세대,2000,1,89997,1998,5,4,3,1,0,0,0,1,0,0,0,1,0,1,0,0,1,1,1,1,1,1,1,0,1
41113072,카니발 4세대,3000,1,67746,2151,9,3,3,1,0,0,0,1,0,1,0,0,0,1,0,0,1,1,1,1,1,1,1,1,1
41309572,더 뉴 니로,1820,1,78036,1580,5,4,1,1,0,0,1,0,0,1,0,0,0,1,0,0,0,1,1,1,1,0,1,0,1
41304141,카니발 4세대,2599,1,63931,2151,9,5,0,1,0,0,0,1,0,1,0,0,0,1,0,0,1,1,1,1,1,1,1,1,1
41303859,쏘렌토 4세대,3380,1,56127,1598,5,3,2,1,0,0,1,0,0,1,0,0,0,1,0,0,1,1,1,1,1,1,1,1,1
41183336,카니발 4세대,3690,1,104374,2151,9,4,1,1,0,0,0,1,0,1,0,0,0,1,0,0,1,1,1,1,1,1,1,1,1
41543340,K5 하이브리드 3세대,9999,1,95735,1999,5,3,1,1,0,0,1,0,0,0,0,1,0,0,1,0,1,1,1,1,1,1,1,1,1
41527129,쏘렌토 4세대,2990,1,69680,1598,7,4,2,1,0,0,1,0,0,0,0,1,0,1,0,0,1,1,1,1,1,1,1,1,1
41526180,스팅어,1870,1,93357,3342,5,8,4,1,0,1,0,0,0,1,0,0,0,0,1,1,1,1,1,1,1,1,1,1,1
41504231,더 뉴 쏘렌토,2366,1,38220,2199,5,7,1,1,0,0,0,1,0,1,0,0,0,1,0,0,1,1,1,1,1,1,1,1,1
41476535,더 뉴 카니발,2050,1,79983,2199,9,6,0,1,0,0,0,1,0,1,0,0,0,1,0,0,0,1,1,1,1,1,1,1,1
41470234,셀토스,1499,1,137713,1591,5,6,0,1,0,1,0,0,0,0,0,1,0,1,0,0,1,1,1,1,1,1,1,1,1
41417465,셀토스,1390,1,114382,1598,5,5,7,1,0,0,0,1,0,0,0,0,1,1,0,0,1,1,1,0,1,0,1,1,1
41400531,올 뉴 카니발,1330,1,103633,2199,9,11,0,1,0,0,0,1,0,0,0,1,0,1,0,1,1,1,1,1,1,1,1,1,1
41375743,모하비 더 마스터,3330,1,98720,2959,7,6,0,1,0,0,0,1,0,1,0,0,0,1,0,1,1,1,1,1,1,1,1,1,1
41384944,더 뉴 기아 레이,1720,1,42094,998,5,2,0,1,0,1,0,0,0,0,0,0,1,0,1,0,0,1,1,1,1,1,1,1,1
41537134,K3,680,1,111292,1591,5,12,7,1,0,1,0,0,0,1,0,0,0,0,1,0,0,1,1,1,1,1,1,0,1
41486935,더 뉴 카니발,2420,1,98794,2199,7,7,8,1,0,0,0,1,0,1,0,0,0,1,0,0,1,1,1,1,1,1,1,1,1
41406935,카니발 4세대,2990,1,93759,2151,9,3,0,1,0,0,0,1,0,0,0,1,0,1,0,1,1,1,1,1,1,1,1,1,1
41551339,올 뉴 K3,1599,1,37801,1598,5,5,3,1,0,1,0,0,0,1,0,0,0,0,1,0,0,1,1,1,1,1,1,1,1
41363334,스포티지 5세대 하이브리드,2690,1,107112,1598,5,4,0,1,0,0,1,0,0,1,0,0,0,1,0,0,1,1,1,1,1,1,1,1,1
41337297,K8 하이브리드,2899,1,99705,1598,5,4,0,1,0,0,1,0,0,0,1,0,0,0,1,0,1,1,1,1,1,1,1,1,1
41309255,더 뉴 레이,770,1,93267,998,2,4,2,1,0,1,0,0,0,1,0,0,0,0,1,0,0,1,1,0,1,0,1,0,0
41252910,쏘렌토 4세대,3929,1,11192,1598,5,3,0,1,0,0,1,0,0,1,0,0,0,1,0,1,1,1,1,1,1,1,1,1,1
41619251,더 뉴 K3 2세대,1580,1,45695,1598,5,4,0,1,0,1,0,0,0,1,0,0,0,0,1,0,0,1,1,1,1,1,1,0,1
41627430,더 뉴 레이,1370,1,58823,998,5,5,0,1,0,1,0,0,0,1,0,0,0,0,1,0,0,1,1,1,1,1,1,0,1
41550570,올 뉴 K7,2345,1,112378,3342,5,8,1,1,0,1,0,0,0,0,1,0,0,0,1,1,1,1,1,1,1,1,1,1,1
41111199,카니발 4세대,2390,1,85938,2151,9,4,3,1,0,0,0,1,0,0,1,0,0,1,0,0,1,1,1,1,1,1,1,1,1
41382785,더 뉴 모닝,610,1,111244,998,5,10,3,1,0,1,0,0,0,1,0,0,0,0,1,0,0,1,1,1,1,1,1,0,1
41335522,더 뉴 카니발 4세대,3100,1,22669,2151,9,2,4,1,0,0,0,1,0,1,0,0,0,1,0,0,1,1,1,1,1,1,1,1,1
41293676,스포티지 5세대,2590,1,100459,1598,5,4,1,1,0,1,0,0,0,0,1,0,0,1,0,0,1,1,1,1,1,1,1,1,1
41293486,올 뉴 모닝 (JA),920,1,35244,998,5,9,4,1,0,1,0,0,0,1,0,0,0,0,1,0,0,1,1,0,1,1,1,0,1
41294947,K5 3세대,2640,1,35628,1598,5,3,5,1,0,1,0,0,0,0,1,0,0,0,1,0,1,1,1,1,1,1,1,1,1
41253393,더 뉴 K9 2세대,2890,1,192662,3778,5,4,7,1,0,1,0,0,0,0,1,0,0,0,1,0,1,1,1,1,1,1,1,1,1
41256465,올 뉴 모닝,610,1,83737,998,5,11,4,1,0,1,0,0,0,1,0,0,0,0,1,0,0,1,1,0,0,1,1,0,1
41031239,카니발 4세대,3230,1,43384,2151,9,5,0,1,0,0,0,1,0,1,0,0,0,1,0,0,1,1,1,1,1,1,1,1,1
41016730,카니발 R,590,1,106414,2199,9,13,12,1,0,0,0,1,0,1,0,0,0,1,0,1,0,1,1,1,0,1,1,0,1
41150398,더 뉴 K5 2세대,1080,1,158469,1999,5,7,9,1,0,1,0,0,0,0,0,0,1,0,1,0,1,1,1,1,1,1,1,1,1
41144903,K5 3세대,1600,1,82646,1999,5,6,23,1,0,1,0,0,0,1,0,0,0,0,1,1,1,1,1,1,1,1,1,1,1
41134920,셀토스,1670,1,96149,1591,5,5,11,1,0,1,0,0,0,1,0,0,0,1,0,0,1,1,1,1,1,1,1,1,1
41125277,EV6,3440,1,38432,111,5,3,5,1,0,0,0,0,1,0,1,0,0,0,1,0,1,1,1,1,1,1,1,1,1
41106963,K5 2세대,990,1,89075,1591,5,10,3,1,0,1,0,0,0,1,0,0,0,0,1,1,0,1,0,1,1,0,1,0,1
41088518,K5 3세대,2240,1,89488,1598,5,6,4,1,0,1,0,0,0,0,0,1,0,0,1,1,1,1,1,1,1,1,1,1,1
41091663,카니발 4세대,4950,1,44855,3470,9,5,3,1,0,1,0,0,0,0,1,0,0,1,0,0,1,1,1,1,1,1,1,1,1
41241955,카니발 4세대,2250,1,122904,2151,9,5,5,1,0,0,0,1,0,0,1,0,0,1,0,0,1,1,1,1,1,1,1,1,1
41199593,카니발 4세대,2420,1,83895,2151,9,3,0,1,0,0,0,1,0,0,0,1,0,1,0,0,1,1,1,1,1,1,1,1,1
41209489,카니발 R,540,1,158453,2199,9,13,5,1,0,0,0,1,0,0,0,1,0,1,0,1,0,1,0,1,0,1,1,0,1
41203545,스포티지 5세대,2450,1,83119,1998,5,4,0,1,0,0,0,1,0,1,0,0,0,1,0,0,1,1,1,1,1,1,1,1,1
41186934,카니발 4세대,2500,1,117943,3470,9,3,2,1,0,1,0,0,0,0,1,0,0,1,0,0,1,1,1,1,1,1,1,1,1
41183483,카니발 4세대,2580,1,73311,2151,9,3,0,1,0,0,0,1,0,1,0,0,0,1,0,0,1,1,1,1,1,1,1,1,1
41185943,더 뉴 K9,1380,1,122010,5038,5,11,5,1,0,1,0,0,0,0,1,0,0,0,1,0,1,1,1,1,1,1,1,1,1
41170754,K8 하이브리드,3450,1,65339,1598,5,3,1,1,0,0,1,0,0,1,0,0,0,0,1,0,1,1,1,1,1,1,1,1,1
41481777,카니발 4세대,653,1,24000,3470,7,3,0,1,0,1,0,0,0,0,1,0,0,1,0,0,1,1,1,1,1,1,1,1,1
41466328,K5 2세대,1050,1,107999,1999,5,9,7,1,0,1,0,0,0,1,0,0,0,0,1,0,1,1,1,1,1,1,1,0,1
41471219,스포티지 5세대,2249,1,38792,1998,5,4,14,1,0,0,0,1,0,0,0,1,0,1,0,0,1,1,1,1,1,1,1,1,1
41467170,스포티지 R,850,1,189303,1998,5,13,1,1,0,1,0,0,0,1,0,0,0,1,0,1,0,1,1,1,1,1,1,1,1
41486163,더 뉴 레이,1550,1,29080,998,5,4,0,1,0,1,0,0,0,0,1,0,0,0,1,0,0,1,1,1,1,1,1,0,1
41475034,디 올 뉴 니로 EV,2150,1,95903,180,5,3,0,1,0,0,0,0,1,1,0,0,0,1,0,0,0,1,1,1,1,1,1,1,1
41465413,쏘렌토 4세대,2790,1,76562,1598,5,4,0,1,0,0,1,0,0,1,0,0,0,1,0,0,1,1,1,1,1,1,1,1,1
41459758,카니발 4세대,2550,1,117062,2151,9,5,1,1,0,0,0,1,0,1,0,0,0,1,0,0,1,1,1,1,1,1,1,1,1
41448882,K5 3세대,2550,1,26080,1598,5,5,0,1,0,1,0,0,0,0,0,1,0,0,1,0,1,1,1,1,1,1,1,1,1
41444636,K5 3세대,2190,1,85599,1598,5,6,0,1,0,1,0,0,0,0,1,0,0,0,1,1,1,1,1,1,1,1,1,1,1
41440501,스포티지 5세대,2680,1,76092,1998,5,4,4,1,0,0,0,1,0,1,0,0,0,1,0,0,1,1,1,1,1,1,1,1,1
41136404,더 뉴 K5,690,1,54595,1999,5,12,5,1,0,1,0,0,0,0,0,1,0,0,1,0,0,1,1,1,1,1,1,1,1
41125834,쏘렌토 4세대,2920,1,85280,1598,5,5,13,1,0,0,1,0,0,0,0,1,0,1,0,0,1,1,1,1,1,1,1,1,1
41125477,카니발 4세대,3170,1,99602,3470,9,5,1,1,0,1,0,0,0,1,0,0,0,1,0,0,1,1,1,1,1,1,1,1,1
41120468,더 뉴 모닝,730,1,55155,998,5,10,5,1,0,1,0,0,0,0,0,1,0,0,1,0,0,1,1,0,1,1,1,0,1
41109535,K7 프리미어,1950,1,70520,2497,5,6,3,1,0,1,0,0,0,0,0,1,0,0,1,0,1,1,1,1,1,1,1,1,1
41097824,레이,639,1,110032,998,5,13,22,1,0,1,0,0,0,0,0,0,1,0,1,0,0,1,1,1,1,1,1,0,1
41097149,타스만,4750,1,12464,2497,5,0,0,1,0,1,0,0,0,0,0,1,0,1,0,1,1,1,1,1,1,1,1,1,1
41096135,K8,2850,1,69200,2497,5,3,3,1,0,1,0,0,0,0,0,1,0,0,1,1,1,1,1,1,1,1,1,1,1
40635902,올 뉴 카니발,970,1,186243,2199,9,11,2,1,0,0,0,1,0,1,0,0,0,1,0,0,0,1,1,1,1,1,1,1,1
40613593,올 뉴 카니발,899,1,278107,2199,9,10,5,1,0,0,0,1,0,1,0,0,0,1,0,1,0,1,1,1,1,1,1,1,1
40703679,스팅어 마이스터,2970,1,95028,2497,5,4,10,1,0,1,0,0,0,0,0,0,1,0,1,1,1,1,1,1,1,1,1,1,1
40765395,뉴오피러스,320,1,237839,3342,5,19,9,1,0,1,0,0,0,1,0,0,0,0,1,1,0,1,1,1,0,1,1,0,1
41452852,카니발 4세대,2760,1,116342,2151,9,5,0,1,0,0,0,1,0,0,1,0,0,1,0,0,1,1,1,1,1,1,1,1,1
41449590,더 뉴 레이,1030,1,12453,998,2,5,1,1,0,1,0,0,0,1,0,0,0,0,1,0,0,1,0,0,0,0,1,0,1
41444909,카니발 4세대,3150,1,83680,3470,9,3,0,1,0,1,0,0,0,1,0,0,0,1,0,1,1,1,1,1,1,1,1,1,1
41440633,더 뉴 모닝 (JA),288,1,5,998,5,0,0,1,0,1,0,0,0,1,0,0,0,0,1,0,0,1,1,1,1,1,1,1,1
41431758,카니발 4세대,2630,1,75672,2151,9,4,0,1,0,0,0,1,0,0,1,0,0,1,0,0,1,1,1,1,1,0,1,1,1
41413034,스포티지 5세대 하이브리드,2450,1,118246,1598,5,3,3,1,0,0,1,0,0,1,0,0,0,1,0,0,1,1,1,1,1,1,1,1,1
41410753,올 뉴 카니발,1040,1,177713,2199,9,10,1,1,0,0,0,1,0,0,1,0,0,1,0,1,0,1,1,1,1,1,1,1,1
41087712,카니발 4세대,3199,1,57195,2151,9,5,0,1,0,0,0,1,0,1,0,0,0,1,0,1,1,1,1,1,1,1,1,1,1
41249246,셀토스,1500,1,49754,1591,5,6,6,1,0,1,0,0,0,0,1,0,0,1,0,1,1,1,1,1,1,1,1,1,1
41240529,K5 3세대,2760,1,30008,1598,5,4,0,1,0,1,0,0,0,1,0,0,0,0,1,0,1,1,1,1,1,1,1,1,1
41212375,K3,570,1,128090,1591,5,11,11,1,0,1,0,0,0,0,0,0,1,0,1,0,0,1,1,1,1,1,1,0,1
41206017,모닝 어반 (JA),1180,1,37840,998,5,5,1,1,0,1,0,0,0,1,0,0,0,0,1,0,0,1,1,0,1,1,1,1,1
41174430,모하비 더 마스터,4280,1,82528,2959,5,3,2,1,0,0,0,1,0,1,0,0,0,1,0,1,1,1,1,1,1,1,1,1,1
41171780,K5 3세대,2020,1,90145,1598,5,6,0,1,0,1,0,0,0,0,0,1,0,0,1,0,1,1,1,1,1,1,1,1,1
37596730,K5 3세대,2200,1,24852,1598,5,6,0,1,0,1,0,0,0,1,0,0,0,0,1,1,1,1,1,1,1,1,1,1,1
37993030,더 K9,3090,1,44713,3342,5,7,9,1,0,1,0,0,0,0,0,1,0,0,1,0,1,1,1,1,1,1,1,1,1
38792784,더 뉴 니로,1770,1,91629,1580,5,6,5,1,0,0,1,0,0,1,0,0,0,1,0,0,0,1,1,1,1,1,1,0,1
38624419,올 뉴 K7,1320,1,58473,2359,5,10,8,1,0,1,0,0,0,1,0,0,0,0,1,0,0,1,1,1,1,1,1,1,1
39267565,올 뉴 모닝,450,1,84339,998,5,12,13,1,0,1,0,0,0,0,0,1,0,0,1,0,0,1,0,0,0,0,1,0,1
38790465,더 K9,2390,1,118954,3342,5,7,1,1,0,1,0,0,0,0,1,0,0,0,1,0,1,1,1,1,1,1,1,1,1
39781874,더 뉴 스포티지 R,990,1,114972,1995,5,12,5,1,0,0,0,1,0,1,0,0,0,1,0,1,0,1,1,1,1,1,1,0,1
41064808,K5 3세대,2380,1,62304,1598,5,4,1,1,0,1,0,0,0,0,1,0,0,0,1,1,1,1,1,1,1,1,1,1,1
41051181,쏘렌토 4세대,3130,1,5586,2497,5,3,0,1,0,1,0,0,0,0,1,0,0,1,0,0,1,1,1,1,1,1,1,1,1
41053051,스포티지 5세대,2580,1,64862,1998,5,3,6,1,0,0,0,1,0,1,0,0,0,1,0,0,1,1,1,1,1,1,1,1,1
41037028,쏘렌토 4세대,2950,1,50865,2151,5,5,3,1,0,0,0,1,0,1,0,0,0,1,0,0,1,1,1,1,1,1,1,1,1
41250419,카니발 4세대,2370,1,156105,2151,9,5,5,1,0,0,0,1,0,1,0,0,0,1,0,1,1,1,1,1,1,1,1,1,1
41297336,모하비 더 마스터,3200,1,104091,2959,6,5,4,1,0,0,0,1,0,0,0,1,0,1,0,1,1,1,1,1,1,1,1,1,1
41569721,더 뉴 기아 레이,1450,1,26321,998,5,3,10,1,0,1,0,0,0,1,0,0,0,0,1,0,0,1,1,0,1,1,1,1,1
41559376,디 올 뉴 니로,2860,1,27589,1580,5,4,0,1,0,0,1,0,0,1,0,0,0,1,0,0,1,1,1,1,1,1,1,1,1
41603626,올 뉴 모닝 (JA),930,1,71006,998,5,9,0,1,0,1,0,0,0,1,0,0,0,0,1,0,0,1,1,1,1,1,1,0,1
41570346,레이,520,1,155435,998,5,14,4,1,0,1,0,0,0,0,0,1,0,0,1,0,0,1,1,0,0,1,1,0,1
41537411,스팅어 마이스터,3050,1,65631,2497,5,5,2,1,0,1,0,0,0,0,0,0,1,0,1,1,1,1,1,1,1,1,1,1,1
41536011,올 뉴 모닝,300,1,123677,998,5,14,8,1,0,0,1,0,0,0,0,0,1,0,1,0,0,1,0,0,0,0,1,0,1
41529380,카니발 4세대,2600,1,82397,2151,9,5,0,1,0,0,0,1,0,0,1,0,0,1,0,0,1,1,1,1,1,1,1,1,1
41530444,쏘렌토 4세대,2500,1,215037,1598,5,5,0,1,0,0,1,0,0,0,0,1,0,1,0,0,1,1,1,1,1,1,1,1,1
41528965,더 뉴 카니발,1280,1,143509,2199,9,7,5,1,0,0,0,1,0,1,0,0,0,1,0,1,0,1,1,1,1,1,1,1,1
41527722,디 올 뉴 니로,9999,1,2607,1580,5,0,0,1,0,0,1,0,0,0,1,0,0,1,0,1,1,1,1,1,1,1,1,1,1
41528626,더 뉴 기아 레이,324,1,1,998,5,0,0,1,0,1,0,0,0,1,0,0,0,0,1,0,0,1,1,1,1,0,1,1,1
41524663,카니발 4세대,3940,1,36024,2151,9,3,0,1,0,0,0,1,0,0,1,0,0,1,0,1,1,1,1,1,1,1,1,1,1
41524990,더 뉴 기아 레이,1730,1,33301,998,5,2,0,1,0,1,0,0,0,0,1,0,0,0,1,0,0,1,1,1,1,1,1,1,1
41514387,올 뉴 K7,1650,1,54550,2359,5,8,10,1,0,1,0,0,0,1,0,0,0,0,1,1,1,1,1,1,1,1,1,1,1
41537742,올 뉴 쏘렌토,1570,1,112871,1995,7,9,1,1,0,0,0,1,0,0,0,1,0,1,0,0,0,1,1,1,1,1,1,1,1
41534033,쏘렌토 4세대,2690,1,72290,2151,7,4,0,1,0,0,0,1,0,0,0,0,1,1,0,0,1,1,1,1,1,1,1,1,1
41518870,스포티지 4세대,1270,1,115292,1685,5,9,4,1,0,0,0,1,0,0,1,0,0,1,0,1,0,1,1,1,1,1,1,1,1
41509234,올 뉴 카니발,690,1,223817,2199,9,11,6,1,0,0,0,1,0,0,1,0,0,1,0,0,0,1,1,1,1,1,1,1,1
41498805,셀토스,1650,1,97449,1598,5,6,0,1,0,0,0,1,0,0,0,1,0,1,0,0,1,1,1,1,1,1,1,1,1
41494679,쏘렌토 4세대,3390,1,78689,2151,6,5,1,1,0,0,0,1,0,1,0,0,0,1,0,1,1,1,1,1,1,1,1,1,1
41364222,쏘렌토 4세대,3530,1,70161,1598,7,5,0,1,0,0,1,0,0,1,0,0,0,1,0,1,1,1,1,1,1,1,1,1,1
41350422,더 뉴 레이,1370,1,49520,998,5,4,5,1,0,1,0,0,0,1,0,0,0,0,1,0,0,1,1,1,1,1,1,0,1
41340068,더 뉴 카니발,1650,1,91639,2199,9,7,4,1,0,0,0,1,0,0,0,1,0,1,0,0,1,1,1,1,1,1,1,1,1
41553694,스포티지 R,790,1,79942,1995,5,13,0,1,0,0,0,1,0,0,0,0,1,1,0,0,0,1,1,1,1,1,1,0,1
41570334,더 뉴 레이,970,1,55193,998,5,4,1,1,0,1,0,0,0,1,0,0,0,0,1,0,0,1,1,0,0,1,0,0,0
41159468,스팅어 마이스터,2990,1,50722,2497,5,5,1,1,0,1,0,0,0,1,0,0,0,0,1,1,1,1,1,1,1,1,1,1,1
41158509,더 뉴 쏘렌토 4세대,4000,1,39161,2151,5,2,0,1,0,0,0,1,0,0,0,1,0,1,0,0,1,1,1,1,1,1,1,1,1
41165220,올 뉴 카니발,1490,1,157051,2199,9,10,1,1,0,0,0,1,0,0,1,0,0,1,0,0,0,1,1,1,1,1,1,1,1
41061116,스팅어,1599,1,122948,3342,5,7,10,1,0,1,0,0,0,0,0,0,1,0,1,1,1,1,1,1,1,1,1,1,1
41058118,K3 쿱,590,1,124396,1591,5,11,4,1,0,1,0,0,0,1,0,0,0,0,1,1,0,1,1,1,1,1,1,0,1
41056481,카니발 4세대,2130,1,170990,2151,7,5,10,1,0,0,0,1,0,0,1,0,0,1,0,1,1,1,1,1,1,1,1,1,1
41050755,올 뉴 카니발,1320,1,67896,2199,11,10,1,1,0,0,0,1,0,0,1,0,0,1,0,1,0,1,1,1,1,1,1,1,1
41052832,카니발 4세대,3190,1,77628,2151,9,4,1,1,0,0,0,1,0,1,0,0,0,1,0,0,1,1,1,1,1,1,1,1,1
41036305,더 뉴 K3 2세대,1490,1,94503,1598,5,3,6,1,0,1,0,0,0,1,0,0,0,0,1,0,0,1,1,1,1,1,1,1,1
41039941,레이,950,1,109232,998,5,10,9,1,0,1,0,0,0,1,0,0,0,0,1,0,0,1,1,1,1,1,1,0,1
41034048,스포티지 더 볼드,1530,1,117506,1598,5,5,5,1,0,0,0,1,0,0,0,1,0,1,0,0,0,1,1,0,1,1,0,0,1
41043186,K5 3세대,2100,1,47882,1598,5,5,0,1,0,1,0,0,0,0,1,0,0,0,1,0,1,1,1,1,1,1,1,1,1
41038647,K5 3세대,1880,1,93035,1598,5,6,8,1,0,1,0,0,0,0,0,0,1,0,1,1,1,1,1,1,1,1,1,1,1
41025955,모하비,1290,1,137553,2959,7,11,0,1,0,0,0,1,0,0,0,1,0,1,0,1,0,1,1,1,1,1,1,1,1
41066618,K5 3세대,1570,1,91010,1999,5,6,7,1,0,1,0,0,0,0,0,1,0,0,1,0,1,1,1,1,1,1,1,1,1
41070254,스포티지 5세대,3150,1,17799,1598,5,4,0,1,0,1,0,0,0,1,0,0,0,1,0,1,1,1,1,1,1,1,1,1,1
40951441,더 K9,2850,1,78176,3342,5,7,1,1,0,1,0,0,0,0,0,1,0,0,1,0,1,1,1,1,1,1,1,1,1
40974044,더 뉴 K5,560,1,189325,1999,5,12,8,1,0,1,0,0,0,0,1,0,0,0,1,0,0,1,1,1,1,1,1,1,1
40974938,더 뉴 모닝,780,1,81399,998,5,10,1,1,0,1,0,0,0,1,0,0,0,0,1,0,0,1,1,0,1,1,1,0,1
40983887,스포티지 5세대 하이브리드,3300,1,75010,1598,5,3,3,1,0,0,1,0,0,0,1,0,0,1,0,0,1,1,1,1,1,1,1,1,1
41427524,쏘렌토 4세대,3360,1,34590,2497,5,3,0,1,0,1,0,0,0,1,0,0,0,1,0,0,1,1,1,1,1,1,1,1,1
41350782,더 뉴 K7,810,1,58437,2359,5,12,1,1,0,1,0,0,0,0,0,1,0,0,1,0,0,1,1,1,1,1,1,0,1
41260662,더 뉴 K3,720,1,87320,1591,5,10,3,1,0,1,0,0,0,0,0,1,0,0,1,0,0,1,1,0,0,0,1,0,1
40655251,스포티지 4세대,1380,1,52270,1995,5,8,2,1,0,0,0,1,0,0,0,1,0,1,0,0,0,1,1,0,1,1,1,0,1
41123801,카니발 4세대,2630,1,81647,2151,9,5,0,1,0,0,0,1,0,0,0,0,1,1,0,0,1,1,1,1,1,1,1,1,1
41265671,K3,630,1,67661,1591,5,11,6,1,0,1,0,0,0,0,0,1,0,0,1,0,0,1,1,0,0,1,0,0,1
41610729,니로,790,1,169559,1580,5,9,4,1,0,0,1,0,0,0,0,0,1,1,0,0,0,1,1,1,1,1,1,0,1
41225134,스팅어 마이스터,2920,1,42521,2497,5,4,4,1,0,1,0,0,0,1,0,0,0,0,1,0,1,1,1,1,1,1,1,1,1
41052751,K5 3세대,2270,1,67946,1598,5,5,0,1,0,1,0,0,0,0,1,0,0,0,1,1,1,1,1,1,1,1,1,1,1
40350722,더 뉴 카니발,2320,1,124067,3342,9,7,5,1,0,1,0,0,0,0,1,0,0,1,0,0,1,1,1,1,1,1,1,1,1
41189782,K5 하이브리드 3세대,2070,1,59024,1999,5,3,0,1,0,0,1,0,0,1,0,0,0,0,1,0,1,1,1,1,1,1,1,0,1
41636680,K5 하이브리드 3세대,2430,1,94993,1999,5,4,7,1,0,0,1,0,0,1,0,0,0,0,1,1,1,1,1,1,1,1,1,1,1
41396381,K8,2630,1,34083,2497,5,4,6,1,0,1,0,0,0,0,0,1,0,0,1,0,1,1,1,1,1,1,1,1,1
41624762,카니발 4세대,2399,1,102746,2151,9,5,6,1,0,0,0,1,0,0,1,0,0,1,0,0,1,1,1,1,1,1,1,1,1
41564458,올 뉴 모닝,340,1,115106,998,5,13,10,1,0,1,0,0,0,1,0,0,0,0,1,0,0,0,0,0,0,0,0,0,0
40951484,카니발 4세대,2399,1,91812,2151,9,5,5,1,0,0,0,1,0,1,0,0,0,1,0,0,1,1,1,1,1,1,1,1,1
40656148,K5 3세대,2250,1,41345,1999,5,5,2,1,0,1,0,0,0,1,0,0,0,0,1,0,1,1,1,1,1,1,1,1,1
41053054,더 뉴 K3 2세대,1660,1,75079,1598,5,4,3,1,0,1,0,0,0,1,0,0,0,0,1,0,0,1,1,0,1,1,1,0,1
40929953,K5 2세대,1030,1,134889,1999,5,8,4,1,0,1,0,0,0,0,1,0,0,0,1,0,1,1,1,1,1,1,1,1,1
40921081,더 뉴 모하비,1930,1,79806,2959,5,9,3,1,0,0,0,1,0,0,1,0,0,1,0,0,0,1,1,1,1,1,1,1,1
40917220,카니발 4세대,3140,1,40427,3470,9,5,4,1,0,1,0,0,0,0,1,0,0,1,0,0,1,1,1,1,1,1,1,1,1
40770203,K5 3세대,1550,1,81220,1999,5,5,8,1,0,1,0,0,0,1,0,0,0,0,1,0,1,1,1,0,1,1,1,0,1
40759207,K5 3세대,2050,1,110204,1598,5,6,3,1,0,1,0,0,0,1,0,0,0,0,1,0,1,1,1,1,1,1,1,1,1
41624860,더 뉴 카니발,2630,1,33127,3342,7,6,1,1,0,1,0,0,0,1,0,0,0,1,0,1,1,1,1,1,1,1,1,1,1
41460971,더 뉴 레이,970,1,50831,998,2,5,0,1,0,1,0,0,0,0,0,0,1,0,1,0,0,1,1,0,0,1,0,0,1
41508714,K8,2430,1,61457,2497,5,3,0,1,0,1,0,0,0,0,1,0,0,0,1,0,1,1,1,1,1,1,1,1,1
41323692,스팅어,1990,1,116025,3342,5,6,12,1,0,1,0,0,0,0,0,0,1,0,1,0,1,1,1,1,1,1,1,1,1
40995630,카니발 4세대,2420,1,111436,2151,9,5,0,1,0,0,0,1,0,0,1,0,0,1,0,0,1,1,1,1,1,1,1,1,1
40989215,스포티지 5세대,2860,1,71172,1598,5,4,0,1,0,1,0,0,0,0,0,1,0,1,0,1,1,1,1,1,1,1,1,1,1
41417474,모하비 더 마스터,4350,1,43957,2959,7,3,0,1,0,0,0,1,0,0,1,0,0,1,0,1,1,1,1,1,1,1,1,1,1
41597555,더 뉴 카니발,2370,1,105117,2199,9,7,3,1,0,0,0,1,0,1,0,0,0,1,0,0,1,1,1,1,1,1,1,1,1
41355199,더 뉴 쏘렌토 4세대,3320,1,7200,1598,6,0,0,1,0,0,1,0,0,1,0,0,0,1,0,0,1,1,1,1,1,1,1,1,1
40931583,카니발 4세대,9999,1,55235,2151,9,4,5,1,0,0,0,1,0,0,0,1,0,1,0,0,1,1,1,1,1,1,1,1,1
40916509,올 뉴 K7,989,1,184261,2199,5,9,0,1,0,0,0,1,0,0,1,0,0,0,1,0,1,1,1,1,1,1,1,1,1
40649387,스팅어 마이스터,2630,1,65478,3342,5,5,9,1,0,1,0,0,0,1,0,0,0,0,1,0,1,1,1,1,1,1,1,1,1
41322832,모닝 어반 (JA),1150,1,15700,998,5,5,4,1,0,1,0,0,0,1,0,0,0,0,1,0,0,1,1,1,1,1,1,1,1
41640965,레이,630,1,131309,998,5,13,2,1,0,1,0,0,0,0,0,0,1,0,1,0,0,1,1,1,1,1,1,0,1
41640607,더 뉴 쏘렌토,2690,1,83551,2199,7,6,5,1,0,0,0,1,0,1,0,0,0,1,0,1,1,1,1,1,1,1,1,1,1
41637874,K8 하이브리드,2410,1,81883,1598,5,4,3,1,0,0,1,0,0,1,0,0,0,0,1,0,1,1,1,1,1,1,1,1,1
41622154,K7 프리미어,2359,1,43812,2999,5,6,0,1,0,1,0,0,0,0,1,0,0,0,1,0,1,1,1,1,1,1,1,1,1
41609350,올 뉴 K3,1480,1,76181,1598,5,5,0,1,0,1,0,0,0,1,0,0,0,0,1,0,0,1,0,0,1,0,1,1,1
41638801,더 뉴 기아 레이,1520,1,62233,998,5,3,0,1,0,1,0,0,0,0,0,1,0,0,1,0,1,1,1,1,1,1,1,1,1
41638518,더 뉴 K3 2세대,1390,1,120033,1598,5,4,3,1,0,1,0,0,0,0,0,1,0,0,1,0,0,1,1,1,1,1,1,0,1
41659134,올 뉴 모닝,390,1,145943,998,5,14,6,1,0,1,0,0,0,1,0,0,0,0,1,0,0,1,1,0,1,0,1,0,1
41652523,K7 프리미어,1900,1,86179,2497,5,6,2,1,0,1,0,0,0,0,0,0,1,0,1,0,1,1,1,1,1,1,1,1,1
41649466,스포티지 4세대,1150,1,156965,1995,5,10,0,1,0,0,0,1,0,1,0,0,0,1,0,0,0,1,1,0,1,0,1,1,1
41642872,셀토스,1530,1,119582,1598,5,4,5,1,0,0,0,1,0,1,0,0,0,1,0,0,1,1,1,0,1,1,1,1,1
41658178,더 뉴 기아 레이,1290,1,58859,998,5,3,0,1,0,1,0,0,0,1,0,0,0,0,1,0,0,1,1,0,1,0,1,1,1
41603512,스포티지 5세대,2399,1,96987,1998,5,4,9,1,0,0,0,1,0,1,0,0,0,1,0,0,1,1,1,1,1,1,1,1,1
41588628,쏘렌토 4세대,2980,1,50412,2151,5,4,1,1,0,0,0,1,0,0,0,1,0,1,0,1,1,1,1,1,1,1,1,1,1
41585372,모하비,1119,1,154479,2959,7,12,4,1,0,0,0,1,0,1,0,0,0,1,0,1,0,1,1,1,1,1,1,1,1
41577857,스팅어 마이스터,4230,1,41123,3342,5,3,3,1,0,1,0,0,0,0,0,0,1,0,1,0,1,1,1,1,1,1,1,1,1
41586984,더 뉴 모닝 (JA),1730,1,16700,998,5,2,1,1,0,1,0,0,0,1,0,0,0,0,1,1,1,1,1,1,1,1,1,1,1
41575392,스포티지 5세대,3190,1,11586,1598,5,2,3,1,0,1,0,0,0,0,0,1,0,1,0,0,1,1,1,1,1,1,1,1,1
41604603,올 뉴 K7,1650,1,81289,2359,5,7,1,1,0,1,0,0,0,0,0,1,0,0,1,1,1,1,1,1,1,1,1,1,1
41634301,더 뉴 모닝 (JA),1630,1,23985,998,5,2,0,1,0,1,0,0,0,1,0,0,0,0,1,0,0,1,1,1,1,1,1,1,1
41641211,더 뉴 모하비,2150,1,85804,2959,7,7,0,1,0,0,0,1,0,0,1,0,0,1,0,1,0,1,1,1,1,1,1,1,1
41643674,디 올 뉴 니로,2250,1,61631,1580,5,3,1,1,0,0,1,0,0,1,0,0,0,1,0,0,0,1,1,1,1,1,1,1,1
40989405,모하비 더 마스터,3790,1,50352,2959,7,5,1,1,0,0,0,1,0,0,1,0,0,1,0,0,1,1,1,1,1,1,1,1,1
41346579,쏘렌토 4세대,2620,1,73806,2151,5,5,0,1,0,0,0,1,0,0,0,1,0,1,0,1,1,1,1,0,1,0,1,1,1
41323468,더 뉴 카니발 4세대,3250,1,21731,2151,9,2,0,1,0,0,0,1,0,1,0,0,0,1,0,0,1,1,1,1,1,1,1,1,1
41313468,더 뉴 쏘렌토,2130,1,93108,1995,5,7,7,1,0,0,0,1,0,1,0,0,0,1,0,1,1,1,1,1,1,1,1,1,1
41316511,쏘렌토 4세대,2850,1,115649,1598,5,5,3,1,0,0,1,0,0,1,0,0,0,1,0,0,1,1,1,1,1,1,1,1,1
41321940,스포티지 5세대 하이브리드,2648,1,110976,1598,5,4,5,1,0,0,1,0,0,1,0,0,0,1,0,1,1,1,1,1,1,1,1,1,1
41266985,쏘렌토 4세대,2750,1,105942,1598,7,5,4,1,0,0,1,0,0,0,0,1,0,1,0,0,1,1,1,1,1,1,1,1,1
41266383,스포티지 5세대,2480,1,65316,1598,5,4,13,1,0,1,0,0,0,0,0,1,0,1,0,1,1,1,1,1,1,1,1,1,1
41236476,스포티지 5세대,2550,1,53980,1998,5,3,0,1,0,0,0,1,0,1,0,0,0,1,0,0,1,1,1,1,1,1,1,1,1
41537391,더 뉴 K5 하이브리드 3세대,3550,1,10901,1999,5,2,1,1,0,0,1,0,0,0,0,1,0,0,1,1,1,1,1,1,1,1,1,1,1
41517031,셀토스,1890,1,55176,1591,5,6,6,1,0,1,0,0,0,0,0,0,1,1,0,0,1,1,1,1,1,1,1,1,1
41503967,K8,2999,1,61030,2497,5,3,0,1,0,1,0,0,0,1,0,0,0,0,1,1,1,1,1,1,1,1,1,1,1
41432108,카니발 4세대,4130,1,79977,2151,7,3,0,1,0,0,0,1,0,0,1,0,0,1,0,0,1,1,1,1,1,1,1,1,1
41612601,스팅어 마이스터,2740,1,80252,2497,5,5,1,1,0,1,0,0,0,0,0,1,0,0,1,0,1,1,1,1,1,1,1,1,1
41609130,스포티지 더 볼드,1799,1,81009,1995,5,5,0,1,0,0,0,1,0,0,0,0,1,1,0,0,1,1,1,1,1,1,1,1,1
41593884,스포티지 5세대 하이브리드,3199,1,21004,1598,5,3,3,1,0,0,1,0,0,0,0,0,1,1,0,0,1,1,1,1,1,1,1,1,1
41420713,더 뉴 쏘렌토,1790,1,76868,2199,7,8,6,1,0,0,0,1,0,0,0,0,1,1,0,1,1,1,1,1,1,1,1,1,1
41344697,쏘렌토 4세대,2710,1,67583,2151,6,5,3,1,0,0,0,1,0,0,0,1,0,1,0,0,1,1,1,1,1,1,1,1,1
41317189,모하비 더 마스터,3580,1,68371,2959,5,5,2,1,0,0,0,1,0,1,0,0,0,1,0,0,1,1,1,1,1,1,1,1,1
41324599,더 뉴 카니발,2230,1,83574,2199,9,7,1,1,0,0,0,1,0,1,0,0,0,1,0,0,1,1,1,1,1,1,1,1,1
41302950,더 뉴 카니발 4세대,4790,1,9625,2151,7,1,0,1,0,0,0,1,0,0,1,0,0,1,0,0,1,1,1,1,1,1,1,1,1
41305774,올 뉴 K7,1250,1,107274,2359,5,10,0,1,0,1,0,0,0,0,1,0,0,0,1,0,0,1,1,1,1,1,1,1,1
41284992,K7 프리미어,1999,1,114942,2999,5,6,0,1,0,1,0,0,0,0,1,0,0,0,1,0,1,1,1,1,1,1,1,1,1
41556752,올 뉴 K7,1599,1,65073,2359,5,8,1,1,0,1,0,0,0,0,1,0,0,0,1,0,1,1,1,1,1,1,1,1,1
41551847,더 뉴 카니발 4세대,3390,1,50735,2151,9,2,1,1,0,0,0,1,0,1,0,0,0,1,0,0,1,1,1,1,1,1,1,1,1
41544275,올 뉴 카니발,1050,1,119214,2199,9,10,10,1,0,0,0,1,0,1,0,0,0,1,0,0,0,1,1,0,1,1,1,1,1
41555916,더 뉴 레이,1150,1,75065,998,5,8,2,1,0,1,0,0,0,1,0,0,0,0,1,0,0,1,1,0,1,1,1,0,1
41553228,올 뉴 K7,1040,1,176617,3342,5,9,0,1,0,1,0,0,0,0,0,0,1,0,1,1,1,1,1,1,1,1,1,1,1
41496322,K3,629,1,142236,1591,5,11,1,1,0,1,0,0,0,1,0,0,0,0,1,0,0,1,1,1,1,1,1,0,1
41461214,카니발 4세대,2700,1,83713,2151,9,5,7,1,0,0,0,1,0,1,0,0,0,1,0,0,1,1,1,1,1,1,1,1,1
41500668,더 뉴 K5 하이브리드 3세대,3530,1,4234,1999,5,0,0,1,0,0,1,0,0,0,0,1,0,0,1,0,1,1,1,1,1,1,1,1,1
41425621,올 뉴 K7,1799,1,46550,2359,5,7,1,1,0,1,0,0,0,0,0,1,0,0,1,0,1,1,1,1,1,1,1,1,1
41605618,K8 하이브리드,3590,1,55469,1598,5,4,0,1,0,0,1,0,0,1,0,0,0,0,1,1,1,1,1,1,1,1,1,1,1
41571946,더 뉴 카니발,2400,1,55622,3342,7,7,2,1,0,1,0,0,0,1,0,0,0,1,0,1,1,1,1,1,1,1,1,1,1
41640535,더 뉴 K3,599,1,149785,1591,5,10,2,1,0,1,0,0,0,1,0,0,0,0,1,0,0,1,1,1,1,1,1,0,1
41233499,더 뉴 카니발,2250,1,33025,2199,7,6,1,1,0,0,0,1,0,0,0,1,0,1,0,0,1,1,1,1,1,1,1,1,1
41232017,더 뉴 K3 2세대,2760,1,18902,1598,5,4,1,1,0,1,0,0,0,1,0,0,0,0,1,1,1,1,1,1,1,1,1,1,1
41223117,K5 하이브리드 3세대,2280,1,92798,1999,5,5,0,1,0,0,1,0,0,0,1,0,0,0,1,1,1,1,1,1,1,1,1,1,1
41226208,더 뉴 카니발,1630,1,118343,2199,9,6,3,1,0,0,0,1,0,0,0,1,0,1,0,0,0,1,1,1,1,1,1,1,1
41208575,더 뉴 K5 하이브리드 3세대,3425,1,15177,1999,5,2,0,1,0,0,1,0,0,1,0,0,0,0,1,1,1,1,1,1,1,1,1,1,1
41220799,스포티지 5세대,2870,1,31746,1998,5,2,1,1,0,0,0,1,0,0,0,1,0,1,0,0,1,1,1,1,1,1,1,1,1
41222254,카니발 4세대,2499,1,100668,2151,9,5,1,1,0,0,0,1,0,0,1,0,0,1,0,0,1,1,1,1,1,1,1,1,1
41217422,K5 하이브리드 3세대,2440,1,43079,1999,5,6,1,1,0,0,1,0,0,0,0,0,1,0,1,1,1,1,1,1,1,1,1,1,1
41193206,타스만,4880,1,7385,2497,5,0,0,1,0,1,0,0,0,1,0,0,0,1,0,0,1,1,1,1,1,1,1,1,1
41186630,디 올 뉴 니로,1960,1,145860,1580,5,4,1,1,0,0,1,0,0,0,0,0,1,1,0,0,1,1,1,1,1,1,1,1,1
40925897,스포티지 4세대,1690,1,22652,1685,5,8,1,1,0,0,0,1,0,1,0,0,0,1,0,1,0,1,1,1,1,1,1,1,1
40902649,더 뉴 EV6,3820,1,17338,120,5,1,0,1,0,0,0,0,1,1,0,0,0,0,1,0,1,1,1,1,1,1,1,1,1
40899433,더 뉴 쏘렌토,1299,1,172582,1995,5,8,2,1,0,0,0,1,0,1,0,0,0,1,0,0,0,1,1,0,0,1,1,0,1
40901405,더 뉴 K9 2세대,4290,1,24085,3778,5,3,2,1,0,1,0,0,0,0,1,0,0,0,1,0,1,1,1,1,1,1,1,1,1
40799340,올 뉴 K3,1550,1,54248,1598,5,5,2,1,0,1,0,0,0,1,0,0,0,0,1,0,0,1,1,1,1,1,1,1,1
40756289,카니발 4세대,2680,1,71864,2151,9,3,3,1,0,0,0,1,0,1,0,0,0,1,0,0,1,1,1,1,1,1,1,1,1
40866565,모하비 더 마스터,3950,1,91121,2959,7,3,0,1,0,0,0,1,0,0,1,0,0,1,0,0,1,1,1,1,1,1,1,1,1
40856679,모하비,1190,1,155324,2959,7,12,0,1,0,0,0,1,0,0,1,0,0,1,0,1,0,1,1,1,1,1,1,1,1
40881077,스포티지 5세대,2320,1,84320,1998,5,4,0,1,0,0,0,1,0,1,0,0,0,1,0,0,1,1,1,1,1,1,1,1,1
40824565,더 뉴 카니발,2699,1,42344,2199,9,7,3,1,0,0,0,1,0,1,0,0,0,1,0,0,1,1,1,1,1,1,1,1,1
40873540,쏘렌토 4세대,2450,1,124601,1598,5,4,0,1,0,0,1,0,0,0,0,0,1,1,0,0,1,1,1,1,1,0,1,1,1
41156419,쏘렌토 4세대,3200,1,56009,2151,5,4,2,1,0,0,0,1,0,1,0,0,0,1,0,1,1,1,1,1,1,1,1,1,1
41145615,카니발 4세대,4290,1,13132,3470,9,3,3,1,0,1,0,0,0,0,1,0,0,1,0,0,1,1,1,1,1,1,1,1,1
41125193,K8 하이브리드,2860,1,43042,1598,5,4,5,1,0,0,1,0,0,0,1,0,0,0,1,0,1,1,1,1,1,1,1,1,1
41075010,올 뉴 모닝,478,1,87239,998,5,13,7,1,0,1,0,0,0,1,0,0,0,0,1,0,0,1,1,1,1,1,1,0,1
41222102,타스만,4930,1,18494,2497,5,0,0,1,0,1,0,0,0,0,1,0,0,1,0,1,1,1,1,1,1,1,1,1,1
41221498,쏘렌토 4세대,3130,1,50362,2497,7,4,2,1,0,1,0,0,0,1,0,0,0,1,0,0,1,1,1,1,1,1,1,1,1
41218733,더 뉴 니로,2230,1,63799,1580,5,4,0,1,0,0,1,0,0,0,0,1,0,1,0,0,1,1,1,1,1,1,1,1,1
41189541,모하비 더 마스터,3250,1,93135,2959,5,5,3,1,0,0,0,1,0,0,1,0,0,1,0,1,1,1,1,1,1,1,1,1,1
41188994,더 뉴 레이,959,1,111851,998,5,7,1,1,0,1,0,0,0,1,0,0,0,0,1,0,0,1,1,0,1,1,1,0,1
41196200,카니발 4세대,2349,1,169727,2151,9,5,4,1,0,0,0,1,0,1,0,0,0,1,0,1,1,1,1,1,1,1,1,1,1
41192502,스포티지 5세대,2579,1,33709,1598,5,3,15,1,0,1,0,0,0,0,0,1,0,1,0,0,1,1,1,1,1,1,1,1,1
41132102,더 뉴 K3 2세대,2500,1,30382,1591,5,3,0,1,0,1,0,0,0,0,0,1,0,0,1,1,1,1,1,1,1,1,1,1,1
41110571,EV6,3380,1,44563,111,5,3,6,1,0,0,0,0,1,0,1,0,0,0,1,0,1,1,1,1,1,1,1,1,1
41113209,올 뉴 쏘렌토,1640,1,82138,2199,5,10,0,1,0,0,0,1,0,0,1,0,0,1,0,0,0,1,1,1,1,1,1,1,1
41085220,더 뉴 K5 하이브리드 3세대,3080,1,37768,1999,5,2,10,1,0,0,1,0,0,0,1,0,0,0,1,0,1,1,1,1,1,1,1,1,1
39509950,더 뉴 카니발,1650,1,127041,2199,9,7,7,1,0,0,0,1,0,0,1,0,0,1,0,1,1,1,1,1,1,1,1,1,1
36905492,더 프레스티지 K7,550,1,136965,2999,5,14,12,1,1,0,0,0,0,0,1,0,0,0,1,0,0,1,1,1,1,1,1,1,1
39129494,모하비 더 마스터,2690,1,41900,2959,6,5,0,1,0,0,0,1,0,0,1,0,0,1,0,1,1,1,1,1,1,1,1,1,1
38764432,더 K9,2090,1,189353,3778,5,6,3,1,0,1,0,0,0,1,0,0,0,0,1,0,1,1,1,1,1,1,1,1,1
38405673,레이,670,1,153763,998,5,11,4,1,0,1,0,0,0,1,0,0,0,0,1,0,0,1,1,0,1,0,1,0,1
38401220,올 뉴 K3,890,1,75600,1598,5,7,5,1,0,1,0,0,0,1,0,0,0,0,1,0,0,0,0,0,0,0,0,0,0
40328456,올 뉴 모닝,480,1,74322,998,5,12,6,1,0,1,0,0,0,1,0,0,0,0,1,0,0,1,0,0,0,0,1,0,1
40032308,올 뉴 카니발,750,1,264704,2199,9,10,5,1,0,0,0,1,0,0,1,0,0,1,0,0,0,1,1,1,1,1,1,1,1
39973503,카니발 4세대,3699,1,63105,3470,9,5,3,1,0,1,0,0,0,1,0,0,0,1,0,0,1,1,1,1,1,1,1,1,1
39971912,K5,520,1,87217,1998,5,14,5,1,0,1,0,0,0,0,1,0,0,0,1,0,0,1,0,1,1,0,1,0,1
40213357,쏘렌토 4세대,3343,1,110000,2151,5,5,0,1,0,0,0,1,0,0,0,1,0,1,0,0,1,1,1,1,1,1,1,1,1
39941343,올 뉴 모닝,355,1,145603,998,5,11,6,1,0,1,0,0,0,1,0,0,0,0,1,0,0,1,0,0,0,0,1,0,1
41614216,스포티지 R,620,1,186172,1995,5,14,0,1,0,0,0,1,0,1,0,0,0,1,0,1,0,1,1,1,1,1,1,0,1
41606681,스토닉,1190,1,79842,1368,5,7,5,1,0,1,0,0,0,0,0,0,1,1,0,1,0,1,1,1,1,0,1,1,1
41603988,K8 하이브리드,2690,1,114092,1598,5,2,1,1,0,0,1,0,0,1,0,0,0,0,1,0,1,1,1,1,1,1,1,1,1
40213405,더 뉴 쏘렌토 4세대,3650,1,5000,2151,5,1,0,1,0,0,0,1,0,1,0,0,0,1,0,0,1,1,1,1,1,1,1,1,1
40227676,더 뉴 K8,4066,1,1700,3470,5,1,0,1,1,0,0,0,0,1,0,0,0,0,1,1,1,1,1,1,1,1,1,1,1
40213631,더 뉴 카니발 4세대,3963,1,28000,2151,9,2,0,1,0,0,0,1,0,1,0,0,0,1,0,0,1,1,1,1,1,1,1,1,1
40240874,K8,3174,1,73000,3470,5,4,0,1,1,0,0,0,0,0,1,0,0,0,1,1,1,1,1,1,1,1,1,1,1
40098908,모하비,1130,1,166483,2959,7,11,6,1,0,0,0,1,0,1,0,0,0,1,0,1,0,1,1,1,1,1,1,1,1
40098308,올 뉴 카니발,979,1,125192,2199,11,11,8,1,0,0,0,1,0,0,0,1,0,1,0,1,0,1,1,1,1,1,1,1,1
40092314,올 뉴 K7 하이브리드,1220,1,153868,2359,5,9,4,1,0,0,1,0,0,0,1,0,0,0,1,0,1,1,1,1,1,1,1,1,1
39921765,더 뉴 K7,750,1,130687,2359,5,13,11,1,0,1,0,0,0,0,1,0,0,0,1,1,0,1,1,1,1,1,1,0,1
39656498,올 뉴 카니발,950,1,246677,2199,7,9,8,1,0,0,0,1,0,1,0,0,0,1,0,0,0,1,1,1,1,1,1,1,1
39614551,더 뉴 쏘렌토,1990,1,73316,2199,5,8,5,1,0,0,0,1,0,0,0,1,0,1,0,0,1,1,1,1,1,1,1,1,1
41316869,더 뉴 기아 레이,2390,1,22175,998,2,3,0,1,0,1,0,0,0,1,0,0,0,0,1,0,0,1,1,0,0,1,0,0,0
41284776,스팅어,1390,1,137855,1998,5,8,16,1,0,1,0,0,0,1,0,0,0,0,1,0,1,1,1,1,1,1,1,1,1
41281711,더 뉴 쏘렌토,1699,1,110949,2199,5,7,9,1,0,0,0,1,0,0,0,1,0,1,0,0,1,1,1,1,1,1,1,1,1
41539687,올 뉴 카렌스,539,1,237775,1999,7,12,7,1,1,0,0,0,0,1,0,0,0,1,0,1,1,1,1,1,1,1,1,0,1
41502595,더 뉴 K5,700,1,86273,1999,5,11,12,1,0,1,0,0,0,0,1,0,0,0,1,1,0,1,1,1,1,1,1,1,1
41347946,K8 하이브리드,2640,1,76721,1598,5,4,1,1,0,0,1,0,0,0,0,1,0,0,1,0,1,1,1,1,1,1,1,1,1
41594088,스포티지 5세대 하이브리드,3650,1,8067,1598,5,3,0,1,0,0,1,0,0,1,0,0,0,1,0,1,1,1,1,1,1,1,1,1,1
41596944,K5,480,1,123019,1998,5,15,5,1,0,1,0,0,0,0,0,1,0,0,1,0,0,1,1,1,0,1,1,0,1
41312213,스포티지 4세대,1280,1,52413,1685,5,10,7,1,0,0,0,1,0,1,0,0,0,1,0,1,0,1,1,0,1,1,1,1,1
41312054,카니발 4세대,3539,1,29967,2151,9,3,2,1,0,0,0,1,0,0,0,1,0,1,0,0,1,1,1,1,1,1,1,1,1
41286194,올 뉴 모닝 (JA),815,1,72155,998,5,9,1,1,0,1,0,0,0,1,0,0,0,0,1,0,0,1,1,0,1,1,1,0,1
41286058,올 뉴 카니발,1549,1,186603,2199,7,10,1,1,0,0,0,1,0,0,1,0,0,1,0,0,0,1,1,1,1,1,1,1,1
41275871,포르테,280,1,121871,1591,5,16,16,1,0,1,0,0,0,0,1,0,0,0,1,0,0,1,1,0,1,1,1,0,1
41279514,더 뉴 기아 레이,1120,1,91560,998,2,3,2,1,0,1,0,0,0,0,1,0,0,0,1,0,0,1,1,1,1,1,1,0,1
41534806,쏘렌토 4세대,2350,1,106371,2151,5,5,3,1,0,0,0,1,0,0,0,0,1,1,0,1,1,1,1,1,1,1,1,1,1
41471316,레이,790,1,114258,998,5,11,2,1,0,0,1,0,0,1,0,0,0,0,1,0,0,1,1,1,1,1,1,0,1
41548740,K5 하이브리드,490,1,92175,1999,5,13,23,1,0,0,1,0,0,0,1,0,0,0,1,0,0,1,1,1,1,1,1,0,1
41653416,스포티지 5세대,2290,1,139037,1999,5,2,20,1,1,0,0,0,0,0,0,1,0,1,0,0,1,1,1,1,1,1,1,1,1
41650658,모닝 어반 (JA),1080,1,58773,998,5,5,2,1,0,1,0,0,0,0,1,0,0,0,1,0,0,1,1,1,1,1,1,1,1
40366911,더 뉴 모닝,480,1,98484,998,2,10,4,1,0,1,0,0,0,1,0,0,0,0,1,0,0,0,1,0,0,1,1,0,0
39899343,K5 하이브리드,630,1,140734,1999,5,12,8,1,0,0,1,0,0,0,0,1,0,0,1,0,0,1,1,1,1,1,1,0,1
41108022,K5 3세대,2780,1,28715,1598,5,5,1,1,0,1,0,0,0,0,1,0,0,0,1,1,1,1,1,1,1,1,1,1,1
40458710,스포티지 5세대,3050,1,55662,1598,5,3,1,1,0,1,0,0,0,1,0,0,0,1,0,1,1,1,1,1,1,1,1,1,1
40667946,카니발 4세대,3570,1,79691,2151,7,3,0,1,0,0,0,1,0,0,1,0,0,1,0,1,1,1,1,1,1,1,1,1,1
39972140,K8 하이브리드,2879,1,62543,1598,5,3,0,1,0,0,1,0,0,0,1,0,0,0,1,0,1,1,1,1,1,1,1,1,1
39498509,더 뉴 K5 2세대,1099,1,123238,1999,5,7,5,1,1,0,0,0,0,1,0,0,0,0,1,0,0,1,1,0,1,1,1,0,1
41433367,더 뉴 니로,1750,1,116993,1580,5,6,0,1,0,0,1,0,0,1,0,0,0,1,0,0,1,1,1,1,1,1,1,1,1
41385442,스팅어,1750,1,83267,1998,5,7,2,1,0,1,0,0,0,0,0,0,1,0,1,1,1,1,1,1,1,1,1,1,1
41577856,카니발 4세대,3460,1,55480,3470,7,3,6,1,0,1,0,0,0,1,0,0,0,1,0,0,1,1,1,1,1,1,1,1,1
41576904,더 뉴 카니발,1880,1,92272,2199,9,7,10,1,0,0,0,1,0,1,0,0,0,1,0,0,1,1,1,1,1,1,1,1,1
41554717,스포티지 5세대,2780,1,37789,1998,5,3,2,1,0,0,0,1,0,0,1,0,0,1,0,0,1,1,0,0,1,0,1,1,1
41640487,EV6,648,1,106448,111,5,4,0,1,0,0,0,0,1,1,0,0,0,0,1,0,1,1,1,1,1,1,1,1,1
40883927,올 뉴 모닝,200,1,179018,998,2,11,11,1,0,1,0,0,0,0,0,0,1,0,1,0,0,0,0,0,0,0,0,0,0
40874529,타스만,1830,1,2475,2497,5,0,0,1,0,1,0,0,0,0,0,0,1,1,0,0,0,1,1,1,1,1,1,1,1
40873965,올 뉴 카니발,909,1,178048,2199,9,11,10,1,0,0,0,1,0,0,0,1,0,1,0,1,0,1,1,1,1,1,1,1,1
40867628,올 뉴 K7,780,1,176080,2999,5,10,2,1,1,0,0,0,0,1,0,0,0,0,1,0,1,1,1,1,1,1,1,0,1
40866859,니로,1220,1,127973,1580,5,9,8,1,0,0,1,0,0,0,0,0,1,1,0,0,0,1,1,1,1,1,1,1,1
40856641,K5 하이브리드,380,1,202058,1999,5,13,5,1,0,0,1,0,0,1,0,0,0,0,1,0,0,1,1,1,1,1,1,1,1
40843673,올 뉴 쏘렌토,1300,1,130198,1995,5,10,6,1,0,0,0,1,0,1,0,0,0,1,0,0,1,1,1,1,1,1,1,1,1
40802385,더 K9,2340,1,113564,3342,5,7,7,1,0,1,0,0,0,1,0,0,0,0,1,0,1,1,1,1,1,1,1,1,1
40799919,더 뉴 카니발,1690,1,145076,2199,9,7,1,1,0,0,0,1,0,1,0,0,0,1,0,1,1,1,1,1,1,1,1,1,1
41190340,스포티지 더 볼드,1390,1,99993,1995,5,7,3,1,0,0,0,1,0,0,1,0,0,1,0,0,0,1,1,1,1,1,1,1,1
41265318,올 뉴 모닝 (JA),1030,1,69131,998,5,8,0,1,0,1,0,0,0,1,0,0,0,0,1,0,0,1,1,1,1,1,1,0,1
41009576,K5 3세대,1790,1,71338,1598,5,5,8,1,0,1,0,0,0,0,1,0,0,0,1,0,1,1,1,1,1,1,1,1,1
40986037,프라이드,390,1,78764,1323,5,29,5,1,0,1,0,0,0,0,0,0,1,0,1,0,0,0,0,0,0,0,0,0,0
40923549,레이,550,1,158010,998,5,10,4,1,0,1,0,0,0,0,0,0,1,0,1,0,0,1,1,0,1,1,1,0,1
41213324,스포티지 5세대 하이브리드,2990,1,78535,1598,5,3,6,1,0,0,1,0,0,0,0,1,0,1,0,0,1,1,1,1,1,1,1,1,1
40537187,K3,580,1,86443,1591,5,11,9,1,0,1,0,0,0,1,0,0,0,0,1,0,0,1,1,1,0,1,1,0,1
40518652,더 뉴 K3,649,1,80825,1582,5,10,21,1,0,0,0,1,0,0,0,1,0,0,1,0,0,1,1,1,0,1,1,0,1
40428582,모하비,650,1,91208,2959,7,18,17,1,0,0,0,1,0,0,0,1,0,1,0,1,0,1,1,1,1,1,1,0,1
40387870,스포티지 R,580,1,188619,1995,5,13,2,1,0,0,0,1,0,1,0,0,0,1,0,0,0,1,1,1,1,1,1,1,1
40376841,더 뉴 K7,550,1,128415,2999,5,12,11,1,0,1,0,0,0,0,1,0,0,0,1,0,0,1,1,1,1,1,1,1,1
41240868,더 뉴 레이,1090,1,59654,998,5,7,4,1,0,1,0,0,0,1,0,0,0,0,1,0,0,1,1,0,1,1,1,0,1
41319060,올 뉴 모닝,350,1,141760,998,5,12,10,1,0,1,0,0,0,1,0,0,0,0,1,0,0,1,0,0,0,0,1,0,1
41322983,K7 프리미어,1595,1,114496,2497,5,6,1,1,0,1,0,0,0,0,1,0,0,0,1,0,1,1,1,1,1,1,1,1,1
41315153,카니발 4세대,2050,1,170096,3470,9,5,10,1,0,1,0,0,0,0,0,0,1,1,0,0,1,1,1,1,1,1,1,1,1
41263002,스팅어 마이스터,3680,1,66284,3342,5,5,0,1,0,1,0,0,0,1,0,0,0,0,1,1,1,1,1,1,1,1,1,1,1
41250765,더 K9,1900,1,191829,3778,5,6,2,1,0,1,0,0,0,0,0,0,1,0,1,0,1,1,1,1,1,1,1,1,1
41232963,쏘렌토 4세대,2740,1,120577,1598,5,5,8,1,0,0,1,0,0,1,0,0,0,1,0,0,1,1,1,1,1,1,1,1,1
41325766,더 K9,1980,1,145976,3778,5,6,5,1,0,1,0,0,0,0,1,0,0,0,1,1,1,1,1,1,1,1,1,1,1
41322712,K8,2990,1,74561,2497,5,3,1,1,0,1,0,0,0,0,0,1,0,0,1,1,1,1,1,1,1,1,1,1,1
41325155,K5,500,1,189544,1999,5,14,2,1,1,0,0,0,0,0,0,1,0,0,1,0,0,1,1,0,0,1,0,0,1
41159238,올 뉴 모닝,325,1,154197,998,5,12,2,1,0,1,0,0,0,0,0,0,1,0,1,0,0,1,0,0,0,0,1,0,1
41134810,더 뉴 모닝,499,1,55447,998,5,10,8,1,0,1,0,0,0,0,0,1,0,0,1,0,0,1,0,0,0,0,1,0,1
41274795,스포티지 5세대,2890,1,13169,1598,5,4,2,1,0,1,0,0,0,1,0,0,0,1,0,0,1,1,1,1,1,1,1,1,1
41262040,더 뉴 K5 3세대,3200,1,14481,1598,5,2,6,1,0,1,0,0,0,0,0,1,0,0,1,1,1,1,1,1,1,1,1,1,1
41120364,카니발 4세대,2400,1,94424,2151,9,5,7,1,0,0,0,1,0,1,0,0,0,1,0,0,1,1,1,1,1,1,1,1,1
41075040,모하비,950,1,162545,2959,7,11,2,1,0,0,0,1,0,1,0,0,0,1,0,1,0,1,1,1,1,1,1,1,1
40761317,모하비,1200,1,94664,2959,7,12,5,1,0,0,0,1,0,0,0,0,1,1,0,0,0,1,1,1,1,1,1,1,1
40681882,카니발 R,360,1,218409,2199,11,13,10,1,0,0,0,1,0,0,1,0,0,1,0,1,0,1,1,1,1,1,1,0,1
40526448,더 뉴 모하비,1350,1,119547,2959,5,9,13,1,0,0,0,1,0,0,0,1,0,1,0,0,0,1,1,1,1,1,1,1,1
40458218,K7,470,1,171557,3470,5,15,5,1,0,1,0,0,0,0,1,0,0,0,1,1,0,1,1,1,1,1,1,1,1
40899723,K8 하이브리드,2490,1,95252,1598,5,3,0,1,0,0,1,0,0,1,0,0,0,0,1,0,1,1,1,1,1,1,1,1,1
40886130,더 뉴 카니발,9999,1,151984,2199,9,6,2,1,0,0,0,1,0,1,0,0,0,1,0,0,0,1,1,1,1,1,1,1,1
40895637,모닝 어반 (JA),790,1,23941,998,2,5,1,1,0,1,0,0,0,1,0,0,0,0,1,0,0,1,1,0,1,1,1,0,1
40797015,더 뉴 모하비,1380,1,130861,2959,5,9,5,1,0,0,0,1,0,0,0,1,0,1,0,0,0,1,1,1,1,1,1,1,1
40589333,타스만,5440,1,59,2497,5,0,0,1,0,1,0,0,0,0,0,0,1,1,0,1,1,1,1,1,1,1,1,1,1
40611608,셀토스,1950,1,43464,1591,5,4,0,1,0,1,0,0,0,1,0,0,0,1,0,0,0,1,1,1,1,1,1,1,1
40577999,더 뉴 카니발 4세대,6490,1,36209,1598,9,2,0,1,0,0,1,0,0,1,0,0,0,1,0,0,1,1,1,1,1,1,1,1,1
41069138,올 뉴 모닝 (JA),810,1,74040,998,5,8,10,1,0,1,0,0,0,1,0,0,0,0,1,0,0,1,1,0,1,1,1,0,1
41069214,쏘렌토 4세대,3850,1,59794,1598,5,4,0,1,0,0,1,0,0,0,1,0,0,1,0,0,1,1,1,1,1,1,1,1,1
41019566,쏘울 부스터,1620,1,73505,1591,5,5,3,1,0,1,0,0,0,1,0,0,0,0,1,0,1,1,1,1,1,1,1,1,1
41014649,쏘렌토 4세대,3470,1,32940,1598,5,3,0,1,0,0,1,0,0,0,0,1,0,1,0,0,1,1,1,1,1,1,1,1,1
40733951,올 뉴 카니발,1299,1,143052,2199,9,9,5,1,0,0,0,1,0,0,1,0,0,1,0,1,0,1,1,1,1,1,1,1,1
41164439,카니발 4세대,2340,1,160607,2151,9,5,2,1,0,0,0,1,0,0,0,1,0,1,0,1,1,1,1,1,1,1,1,1,1
41038370,카니발 4세대,2580,1,63132,2151,9,4,3,1,0,0,0,1,0,1,0,0,0,1,0,0,1,1,1,1,1,1,1,1,1
41184995,쏘렌토 4세대,2940,1,67625,2151,5,3,0,1,0,0,0,1,0,1,0,0,0,1,0,0,1,1,1,1,1,1,1,1,1
41182238,셀토스,2260,1,44137,1591,5,4,0,1,0,1,0,0,0,0,0,1,0,1,0,0,1,1,1,1,1,1,1,1,1
41175702,쏘렌토 4세대,2999,1,85346,1598,7,5,0,1,0,0,1,0,0,0,1,0,0,1,0,0,1,1,1,1,1,1,1,1,1
41146920,K7 프리미어,2199,1,98583,2497,5,6,1,1,0,1,0,0,0,1,0,0,0,0,1,1,1,1,1,1,1,1,1,1,1
41102776,더 뉴 쏘렌토 4세대,4150,1,12670,1598,5,2,0,1,0,0,1,0,0,1,0,0,0,1,0,1,1,1,1,1,1,1,1,1,1
41088478,쏘렌토 4세대,2900,1,76649,1598,5,4,6,1,0,0,1,0,0,0,1,0,0,1,0,0,1,1,1,1,1,1,1,1,1
41168267,K5 3세대,2250,1,86948,1591,5,6,1,1,0,1,0,0,0,0,1,0,0,0,1,1,1,1,1,1,1,1,1,1,1
41165423,K5 3세대,1800,1,41211,1999,5,6,0,1,0,1,0,0,0,0,0,1,0,0,1,0,1,1,1,1,1,1,1,1,1
41308046,EV6,3240,1,80561,111,5,4,1,1,0,0,0,0,1,0,0,0,1,0,1,1,1,1,1,1,1,1,1,1,1
41322206,스팅어,1550,1,141318,1998,5,8,3,1,0,1,0,0,0,0,1,0,0,0,1,0,1,1,1,1,1,1,1,1,1
41293306,K5 하이브리드 3세대,2450,1,78491,1999,5,3,0,1,0,0,1,0,0,0,0,0,1,0,1,1,1,1,1,1,1,1,1,1,1
41209970,K5 3세대,2420,1,43659,1598,5,6,0,1,0,1,0,0,0,0,0,1,0,0,1,0,1,1,1,1,1,1,1,1,1
41261317,쏘렌토 4세대,4299,1,29572,1598,6,3,0,1,0,0,1,0,0,1,0,0,0,1,0,1,1,1,1,1,1,1,1,1,1
41253387,쏘렌토 4세대,3550,1,16921,2497,5,3,1,1,0,1,0,0,0,1,0,0,0,1,0,0,1,1,1,1,1,1,1,1,1
41203053,스포티지 더 볼드,1800,1,86133,1995,5,6,1,1,0,0,0,1,0,1,0,0,0,1,0,0,1,1,1,1,1,1,1,1,1
41077137,더 뉴 쏘렌토 4세대,3740,1,39885,2497,5,2,0,1,0,1,0,0,0,0,1,0,0,1,0,0,1,1,1,1,1,1,1,1,1
41014138,모하비 더 마스터,4380,1,39714,2959,6,4,1,1,0,0,0,1,0,0,1,0,0,1,0,1,1,1,1,1,1,1,1,1,1
40958027,K5 하이브리드,550,1,151030,1999,5,12,10,1,0,0,1,0,0,0,1,0,0,0,1,0,0,1,1,1,1,0,1,1,1
40953881,카니발 4세대,4430,1,64168,2151,9,5,0,1,0,0,0,1,0,0,1,0,0,1,0,0,1,1,1,1,1,1,1,1,1
40852340,카니발 4세대,3800,1,73051,2151,9,4,1,1,0,0,0,1,0,1,0,0,0,1,0,0,1,1,1,1,1,1,1,1,1
40728358,뉴 쏘렌토 R,890,1,127782,1995,5,12,3,1,0,0,0,1,0,1,0,0,0,1,0,0,0,1,1,1,1,1,1,1,1
41534171,올 뉴 프라이드,440,1,159356,1591,5,14,3,1,0,1,0,0,0,1,0,0,0,0,1,1,0,1,1,1,1,1,1,0,1
41535467,K5 3세대,1880,1,64635,1999,5,4,6,1,1,0,0,0,0,0,1,0,0,0,1,0,1,1,1,1,1,1,1,1,1
41517580,카니발 4세대,3640,1,31729,2151,9,3,0,1,0,0,0,1,0,1,0,0,0,1,0,1,1,1,1,1,1,1,1,1,1
41421780,K7 프리미어,2080,1,75122,2497,5,5,11,1,0,1,0,0,0,0,1,0,0,0,1,1,1,1,1,1,1,1,1,1,1
41375556,더 뉴 카니발,2430,1,59991,2199,9,7,0,1,0,0,0,1,0,1,0,0,0,1,0,1,1,1,1,1,1,1,1,1,1
41408331,올 뉴 카니발,1050,1,130744,2199,9,9,10,1,0,0,0,1,0,0,1,0,0,1,0,0,1,1,1,1,1,1,1,1,1
41368672,더 뉴 레이,850,1,70818,998,2,5,1,1,0,1,0,0,0,1,0,0,0,0,1,0,0,1,1,0,1,0,1,0,0
41368858,모하비 더 마스터,3550,1,53897,2959,6,6,1,1,0,0,0,1,0,0,1,0,0,1,0,1,1,1,1,1,1,1,1,1,1
41234097,올 뉴 카니발,1650,1,76366,3342,9,10,16,1,0,1,0,0,0,1,0,0,0,1,0,0,0,1,1,1,1,1,1,1,1
41333515,카니발 4세대,3150,1,60905,2151,9,5,1,1,0,0,0,1,0,1,0,0,0,1,0,1,1,1,1,1,1,1,1,1,1
41508630,더 뉴 기아 레이,1749,1,20621,998,5,3,0,1,0,1,0,0,0,1,0,0,0,0,1,0,0,1,1,1,1,1,1,1,1
41556839,더 뉴 스포티지 5세대,3070,1,14506,1598,5,1,0,1,0,1,0,0,0,0,0,1,0,1,0,0,1,1,1,1,1,1,1,1,1
41621151,더 뉴 카니발,1890,1,70957,3342,9,7,0,1,0,1,0,0,0,1,0,0,0,1,0,0,1,1,1,1,1,1,1,1,1
41533625,더 뉴 K7,450,1,184589,2359,5,13,7,1,0,1,0,0,0,0,0,1,0,0,1,0,0,1,1,1,1,1,1,0,1
41459442,카니발 4세대,3290,1,48145,2151,7,5,1,1,0,0,0,1,0,0,1,0,0,1,0,0,1,1,1,1,1,1,1,1,1
41437166,더 뉴 쏘렌토 4세대,4680,1,21158,1598,7,2,0,1,0,0,1,0,0,1,0,0,0,1,0,1,1,1,1,1,1,1,1,1,1
41435682,더 뉴 K7,620,1,154644,2999,5,13,17,1,0,1,0,0,0,0,1,0,0,0,1,0,0,1,1,1,1,1,1,1,1
41567798,스포티지 더 볼드,1930,1,67346,1999,5,7,3,1,0,1,0,0,0,1,0,0,0,1,0,0,0,1,1,0,1,1,1,1,1
41487993,쏘렌토 4세대,2450,1,88039,2497,7,5,5,1,0,1,0,0,0,0,0,0,1,1,0,0,1,1,1,1,1,1,1,1,1
41474191,더 뉴 카니발,2039,1,59686,2199,9,6,0,1,0,0,0,1,0,0,1,0,0,1,0,0,1,1,1,1,1,1,1,1,1
41453591,올 뉴 K7,1499,1,128695,3342,5,7,2,1,0,1,0,0,0,0,1,0,0,0,1,0,1,1,1,1,1,1,1,1,1
41625577,카니발 4세대,3270,1,50742,3470,9,3,1,1,0,1,0,0,0,1,0,0,0,1,0,0,1,1,1,1,1,1,1,1,1
41393987,더 뉴 쏘렌토,2370,1,54921,1995,7,6,1,1,0,0,0,1,0,0,0,1,0,1,0,1,1,1,1,1,1,1,1,1,1
41381474,스포티지 5세대,3020,1,36221,1598,5,2,6,1,0,1,0,0,0,0,0,1,0,1,0,1,1,1,1,1,1,1,1,1,1
41427463,스포티지 5세대,2890,1,25315,1598,5,2,3,1,0,1,0,0,0,0,0,1,0,1,0,0,1,1,1,1,1,1,1,1,1
41603413,카니발 4세대,2620,1,61175,3470,9,3,0,1,0,1,0,0,0,1,0,0,0,1,0,0,1,1,1,1,1,1,1,1,1
41498632,카니발 4세대,2870,1,115780,2151,9,4,1,1,0,0,0,1,0,1,0,0,0,1,0,1,1,1,1,1,1,1,1,1,1
41166358,더 뉴 기아 레이,1549,1,22575,998,5,3,4,1,0,1,0,0,0,1,0,0,0,0,1,0,0,1,1,0,1,1,1,1,1
41145819,스포티지 5세대,2120,1,102118,1998,5,3,0,1,0,0,0,1,0,1,0,0,0,1,0,0,1,1,1,1,1,1,1,1,1
41115431,스포티지 5세대,2390,1,43754,1598,5,2,11,1,0,1,0,0,0,0,0,1,0,1,0,0,1,1,1,0,1,1,1,1,1
41310512,레이,690,1,69054,998,5,10,21,1,0,1,0,0,0,1,0,0,0,0,1,0,0,1,1,0,1,1,1,0,1
41259067,뉴오피러스,220,1,193926,2656,5,17,13,1,1,0,0,0,0,0,1,0,0,0,1,0,0,1,1,1,1,1,1,1,1
41299177,스포티지 더 볼드,1485,1,85112,1995,5,7,4,1,0,0,0,1,0,0,0,1,0,1,0,0,0,1,1,0,1,0,1,1,1
41240989,셀토스,1830,1,97948,1591,5,3,3,1,0,1,0,0,0,1,0,0,0,1,0,0,1,1,1,1,1,1,1,1,1
41251758,더 뉴 카니발 4세대,6850,1,60,1598,9,1,0,1,0,0,1,0,0,1,0,0,0,1,0,0,1,1,1,1,1,1,1,1,1
41237964,스포티지 5세대 하이브리드,2790,1,46918,1598,5,2,4,1,0,0,1,0,0,0,0,0,1,1,0,0,1,1,1,1,1,1,1,1,1
41187427,카니발 4세대,3250,1,99176,2151,9,3,3,1,0,0,0,1,0,1,0,0,0,1,0,0,1,1,1,1,1,1,1,1,1
40917870,K5 3세대,2050,1,55742,1999,5,6,6,1,0,1,0,0,0,1,0,0,0,0,1,1,1,1,1,1,1,1,1,1,1
40951552,쏘렌토 4세대,1890,1,195151,2151,5,5,1,1,0,0,0,1,0,0,1,0,0,1,0,0,1,1,1,1,1,1,1,1,1
40774518,올 뉴 카니발,1320,1,135909,2199,9,9,1,1,0,0,0,1,0,1,0,0,0,1,0,1,0,1,1,1,1,1,1,1,1
41085315,더 뉴 카니발 4세대,6950,1,27656,1598,9,2,2,1,0,0,1,0,0,0,1,0,0,1,0,0,1,1,1,1,1,1,1,1,1
41071847,스포티지 5세대,2490,1,33530,1598,5,2,18,1,0,1,0,0,0,0,1,0,0,1,0,1,1,1,1,1,1,1,1,1,1
41461617,올 뉴 K7,1199,1,169145,2199,5,9,15,1,0,0,0,1,0,0,1,0,0,0,1,1,1,1,1,1,1,1,1,1,1
41461600,카니발 4세대,3199,1,32734,2151,9,5,5,1,0,0,0,1,0,0,0,0,1,1,0,1,1,1,1,1,1,1,1,1,1
41467664,올 뉴 카니발,790,1,229459,2199,9,9,0,1,0,0,0,1,0,1,0,0,0,1,0,0,0,1,1,0,1,1,1,1,1
41398634,K5 3세대,2690,1,67110,1598,5,3,0,1,0,1,0,0,0,0,0,1,0,0,1,0,1,1,1,1,1,1,1,1,1
41391639,올 뉴 카니발,1290,1,232893,3342,9,10,9,1,0,1,0,0,0,0,1,0,0,1,0,0,0,1,1,1,1,1,1,1,1
41371231,카니발 4세대,2430,1,102428,3470,9,4,6,1,0,1,0,0,0,0,1,0,0,1,0,0,1,1,1,1,1,1,1,1,1
41530623,올 뉴 카니발,1650,1,95138,2199,7,9,3,1,0,0,0,1,0,1,0,0,0,1,0,1,0,1,1,1,1,1,1,1,1
41552362,더 뉴 카니발,950,1,204614,2199,9,7,1,1,0,0,0,1,0,1,0,0,0,1,0,0,0,1,1,1,1,1,1,1,1
41509653,쏘렌토 4세대,2430,1,82802,2151,5,4,8,1,0,0,0,1,0,0,0,1,0,1,0,0,1,1,1,1,1,1,1,1,1
41630822,올 뉴 카니발,740,1,207497,2199,9,11,6,1,0,0,0,1,0,1,0,0,0,1,0,0,0,1,1,1,1,1,1,1,1
41005266,스포티지 5세대,2599,1,97082,1598,5,4,0,1,0,1,0,0,0,0,1,0,0,1,0,1,1,1,1,1,1,1,1,1,1
41005335,카니발 R,250,1,229833,2199,11,13,5,1,0,0,0,1,0,1,0,0,0,1,0,0,0,1,1,0,0,1,1,0,1
40965961,카니발 4세대,3090,1,50256,2151,7,5,7,1,0,0,0,1,0,0,1,0,0,1,0,0,1,1,1,1,1,1,1,1,1
40971143,K8,2350,1,28361,2497,5,2,8,1,0,1,0,0,0,0,1,0,0,0,1,0,1,1,1,1,1,1,1,1,1
40969716,K8,3550,1,7742,2497,5,3,0,1,0,1,0,0,0,0,1,0,0,0,1,0,1,1,1,1,1,1,1,1,1
40965650,올 뉴 카니발,1490,1,183267,2199,9,10,0,1,0,0,0,1,0,0,1,0,0,1,0,0,0,1,1,1,1,1,1,1,1
40601486,더 프레스티지 K7,390,1,186997,2359,5,14,11,1,0,1,0,0,0,1,0,0,0,0,1,0,0,1,1,1,1,1,1,0,1
40555820,더 뉴 K3,690,1,80668,1591,5,10,25,1,0,1,0,0,0,0,1,0,0,0,1,0,0,1,1,1,1,1,1,0,1
40972344,카니발 4세대,2650,1,97100,2151,7,5,9,1,0,0,0,1,0,0,1,0,0,1,0,0,1,1,1,1,1,1,1,1,1
40928034,더 뉴 카니발 4세대,4350,1,14561,2151,9,2,0,1,0,0,0,1,0,1,0,0,0,1,0,1,1,1,1,1,1,1,1,1,1
41315012,카니발 4세대,2800,1,46711,3470,9,3,1,1,0,1,0,0,0,1,0,0,0,1,0,0,1,1,1,1,1,1,1,1,1
41309124,올 뉴 모닝,370,1,170856,998,5,11,10,1,0,1,0,0,0,1,0,0,0,0,1,0,0,1,1,1,1,1,1,0,1
41260317,더 뉴 카니발,1950,1,77750,3342,9,7,4,1,0,1,0,0,0,1,0,0,0,1,0,0,1,1,1,1,1,1,1,1,1
41247031,K5 하이브리드 3세대,2230,1,53505,1999,5,3,1,1,0,0,1,0,0,0,0,0,1,0,1,0,1,1,1,1,1,1,1,1,1
41238041,올 뉴 K7,1080,1,131094,2359,5,9,8,1,0,1,0,0,0,0,0,1,0,0,1,0,1,1,1,1,1,1,1,1,1
41460896,더 뉴 카니발 4세대,4699,1,25762,1598,9,2,0,1,0,0,1,0,0,1,0,0,0,1,0,1,1,1,1,1,1,1,1,1,1
41434647,카니발 4세대,3159,1,96728,2151,9,4,1,1,0,0,0,1,0,1,0,0,0,1,0,0,1,1,1,1,1,1,1,1,1
41430773,올 뉴 카니발,890,1,311414,2199,9,10,12,1,0,0,0,1,0,0,1,0,0,1,0,0,0,1,1,1,1,1,1,1,1
41439049,카니발 R,260,1,203877,2199,11,14,12,1,0,0,0,1,0,0,1,0,0,1,0,1,0,1,1,1,0,1,1,0,1
41394224,K5 2세대,570,1,198683,1685,5,10,15,1,0,0,0,1,0,1,0,0,0,0,1,0,0,1,1,1,1,1,1,1,1
41032176,올 뉴 K7,899,1,151463,2359,5,10,8,1,0,1,0,0,0,1,0,0,0,0,1,1,0,1,1,1,1,1,1,1,1
41028706,올 뉴 K7 하이브리드,790,1,203993,2359,5,9,9,1,0,0,1,0,0,0,0,1,0,0,1,0,0,1,1,1,1,1,1,1,1
40169122,카니발 R,320,1,199214,2199,11,13,10,1,0,0,0,1,0,0,1,0,0,1,0,0,0,1,1,0,0,0,1,0,1
40253201,올 뉴 카니발,1890,1,46288,2199,9,10,12,1,0,0,0,1,0,0,1,0,0,1,0,0,0,1,1,1,1,1,1,1,1
40142493,K3,499,1,139510,1591,5,13,16,1,0,1,0,0,0,1,0,0,0,0,1,0,0,1,1,1,1,1,1,0,1
39710343,올 뉴 카니발,980,1,231915,2199,9,8,6,1,0,0,0,1,0,1,0,0,0,1,0,0,0,1,1,1,1,1,1,1,1
40709908,더 뉴 레이,9999,1,69748,998,5,7,7,1,0,1,0,0,0,1,0,0,0,0,1,0,0,1,0,0,1,1,1,0,1
40717590,더 뉴 쏘렌토 4세대,4690,1,26534,1598,5,2,1,1,0,0,1,0,0,0,1,0,0,1,0,1,1,1,1,1,1,1,1,1,1
40660962,셀토스,1919,1,76868,1591,5,3,5,1,0,1,0,0,0,1,0,0,0,1,0,0,1,1,1,1,1,1,1,1,1
40195667,K3,350,1,151791,1591,5,12,11,1,0,1,0,0,0,0,0,1,0,0,1,0,0,1,1,1,0,1,1,0,1
41518290,올 뉴 카니발,790,1,184115,2199,9,10,6,1,0,0,0,1,0,1,0,0,0,1,0,0,0,1,1,0,1,1,1,1,1
41510399,K7 프리미어,1480,1,135920,2497,5,6,2,1,0,1,0,0,0,1,0,0,0,0,1,0,1,1,1,1,1,1,1,1,1
41512695,카니발 4세대,2240,1,107626,2151,9,5,2,1,0,0,0,1,0,0,0,0,1,1,0,0,1,1,1,1,1,1,1,1,1
41512154,쏘렌토 4세대,3460,1,28033,2151,5,4,0,1,0,0,0,1,0,1,0,0,0,1,0,0,1,1,1,1,1,1,1,1,1
39583538,모하비,1070,1,188451,2959,7,11,5,1,0,0,0,1,0,0,0,1,0,1,0,1,0,1,1,1,1,1,1,1,1
39383198,더 뉴 카니발 4세대,3671,1,20000,3470,9,2,0,1,0,1,0,0,0,1,0,0,0,1,0,0,1,1,1,1,1,1,1,1,1
39361181,카니발 R,320,1,255232,2199,11,13,3,1,0,0,0,1,0,0,1,0,0,1,0,1,0,1,1,1,0,1,1,0,1
39263397,올 뉴 카니발,1190,1,117306,2199,9,10,3,1,0,0,0,1,0,1,0,0,0,1,0,0,0,1,1,1,1,1,1,1,1
38611708,올 뉴 카니발,1750,1,83631,2199,9,10,3,1,0,0,0,1,0,0,1,0,0,1,0,0,0,1,1,1,1,1,1,1,1
38662425,카니발 R,350,1,198821,2199,9,14,16,1,0,0,0,1,0,0,1,0,0,1,0,0,0,1,1,1,0,1,1,0,1
38107721,올 뉴 카니발,1650,1,142888,2199,9,9,6,1,0,0,0,1,0,0,1,0,0,1,0,0,0,1,1,1,1,1,1,1,1
40945971,K8 하이브리드,3130,1,41512,1598,5,4,4,1,0,0,1,0,0,0,1,0,0,0,1,1,1,1,1,1,1,1,1,1,1
40758252,K5 3세대,1650,1,130492,1598,5,6,2,1,0,1,0,0,0,0,1,0,0,0,1,0,1,1,1,1,1,0,1,1,1
40762275,더 뉴 프라이드,550,1,127244,1591,5,9,20,1,0,1,0,0,0,0,0,1,0,0,1,0,0,1,0,0,1,0,1,0,1
41096111,스포티지 5세대 하이브리드,2950,1,71756,1598,5,4,2,1,0,0,1,0,0,0,1,0,0,1,0,1,1,1,1,1,1,1,1,1,1
41057031,올 뉴 카니발,890,1,106945,2199,11,11,19,1,0,0,0,1,0,0,0,1,0,1,0,0,0,1,1,1,1,1,1,1,1
41033431,더 뉴 쏘렌토,2270,1,44657,1998,5,6,1,1,0,1,0,0,0,0,0,1,0,1,0,0,1,1,1,1,1,1,1,1,1
41602882,K5 하이브리드 2세대,990,1,141278,1999,5,8,15,1,0,0,1,0,0,0,1,0,0,0,1,0,0,1,1,1,1,1,1,1,1
41341754,더 뉴 쏘렌토 4세대,3650,1,26072,2151,5,2,0,1,0,0,0,1,0,0,0,1,0,1,0,0,1,1,1,1,1,1,1,1,1
41632062,올 뉴 쏘렌토,1300,1,139262,1995,7,10,2,1,0,0,0,1,0,0,0,1,0,1,0,0,0,1,1,1,1,1,1,1,1
41512562,셀토스,1890,1,109408,1591,5,4,1,1,0,1,0,0,0,1,0,0,0,1,0,0,1,1,1,1,1,1,1,1,1
41464829,더 뉴 셀토스,2480,1,54675,1598,5,3,2,1,0,1,0,0,0,1,0,0,0,1,0,1,1,1,1,1,1,1,1,1,1
41563180,더 뉴 모하비,1800,1,117239,2959,5,8,5,1,0,0,0,1,0,0,1,0,0,1,0,0,0,1,1,1,1,1,1,1,1
41519709,더 뉴 쏘렌토 4세대,3730,1,35551,2497,6,2,0,1,0,1,0,0,0,0,0,1,0,1,0,0,1,1,1,1,1,1,1,1,1
41440155,더 뉴 셀토스,2550,1,59041,1598,5,3,1,1,0,1,0,0,0,0,0,1,0,1,0,0,1,1,1,1,1,1,1,1,1
41623430,K7 프리미어,2180,1,70744,2497,5,6,4,1,0,1,0,0,0,0,1,0,0,0,1,0,1,1,1,1,1,1,1,1,1
41563148,올 뉴 K7,1550,1,82757,2359,5,9,2,1,0,1,0,0,0,0,1,0,0,0,1,1,1,1,1,1,1,1,1,1,1
41589676,더 뉴 K3,990,1,114545,1591,5,8,0,1,0,1,0,0,0,1,0,0,0,0,1,0,0,1,1,0,1,1,1,0,1
41589339,셀토스,1770,1,87029,1591,5,4,3,1,0,1,0,0,0,0,1,0,0,1,0,0,0,1,1,1,1,1,1,0,1
41650978,쏘렌토 4세대,3290,1,25030,2497,5,3,2,1,0,1,0,0,0,0,0,1,0,1,0,0,1,1,1,1,1,1,1,1,1
41651045,카니발 4세대,2780,1,119653,2151,9,5,1,1,0,0,0,1,0,0,0,1,0,1,0,0,1,1,1,1,1,1,1,1,1
41651067,더 뉴 쏘렌토,2050,1,81352,2199,5,7,0,1,0,0,0,1,0,0,1,0,0,1,0,0,1,1,1,1,1,1,1,1,1
41632044,더 뉴 모하비,1400,1,160109,2959,5,9,1,1,0,0,0,1,0,1,0,0,0,1,0,1,0,1,1,1,1,1,1,1,1
40918027,모하비 더 마스터,3250,1,53366,2959,5,5,1,1,0,0,0,1,0,0,0,1,0,1,0,0,1,1,1,1,1,1,1,1,1
41170142,스포티지 5세대,2650,1,40196,1598,5,4,0,1,0,1,0,0,0,1,0,0,0,1,0,1,1,1,1,1,1,1,1,1,1
41574595,카니발 4세대,3140,1,94359,2151,7,5,1,1,0,0,0,1,0,0,1,0,0,1,0,0,1,1,1,1,1,1,1,1,1
41646820,더 뉴 카니발 4세대,4350,1,18765,3470,7,1,0,1,0,1,0,0,0,0,1,0,0,1,0,0,1,1,1,1,1,1,1,1,1
41401628,카니발 4세대,2970,1,111181,2151,9,3,4,1,0,0,0,1,0,1,0,0,0,1,0,0,1,1,1,1,1,1,1,1,1
41548589,K5 하이브리드 3세대,2850,1,1129,1999,5,3,0,1,0,0,1,0,0,0,1,0,0,0,1,0,1,1,1,1,1,1,1,1,1
41049516,더 K9,2550,1,109004,3342,5,6,4,1,0,1,0,0,0,0,1,0,0,0,1,0,1,1,1,1,1,1,1,1,1
41310659,더 뉴 카니발 4세대,4650,1,30199,2151,7,1,0,1,0,0,0,1,0,1,0,0,0,1,0,1,1,1,1,1,1,1,1,1,1
41544123,타스만,4820,1,8626,2497,5,0,0,1,0,1,0,0,0,0,0,1,0,1,0,1,1,1,1,1,1,1,1,1,1
41218446,더 뉴 K8,4350,1,5359,2497,5,1,0,1,0,1,0,0,0,1,0,0,0,0,1,0,1,1,1,1,1,1,1,1,1
41234581,더 뉴 쏘렌토 4세대,4350,1,52826,1598,6,2,1,1,0,0,1,0,0,1,0,0,0,1,0,1,1,1,1,1,1,1,1,1,1
41475169,K5 3세대,2099,1,50998,1999,5,6,0,1,0,1,0,0,0,1,0,0,0,0,1,0,1,1,1,1,1,0,1,1,1
41573934,카니발 4세대,2120,1,108324,2151,9,5,5,1,0,0,0,1,0,0,1,0,0,1,0,0,1,1,1,1,1,1,1,1,1
40973448,올 뉴 프라이드,550,1,104355,1591,5,12,2,1,0,1,0,0,0,1,0,0,0,0,1,0,0,1,0,1,1,0,1,0,1
41568319,스포티지 4세대,1399,1,75273,1685,5,8,3,1,0,0,0,1,0,1,0,0,0,1,0,1,0,1,1,1,1,1,1,1,1
41652613,더 뉴 K5 2세대,1520,1,102042,1999,5,7,2,1,0,1,0,0,0,0,0,0,1,0,1,1,1,1,1,1,1,1,1,1,1
41652623,더 뉴 모닝,570,1,92538,998,5,10,7,1,0,1,0,0,0,0,0,1,0,0,1,0,0,1,0,0,1,0,1,0,1
41620618,모하비,1399,1,73475,2959,7,12,1,1,0,0,0,1,0,0,1,0,0,1,0,1,0,1,1,1,1,1,1,1,1
40769328,스포티지 4세대,1480,1,91656,1995,5,9,3,1,0,0,0,1,0,0,0,1,0,1,0,0,0,1,1,1,1,1,1,1,1
40643677,더 프레스티지 K7,450,1,132697,2359,5,14,9,1,0,1,0,0,0,1,0,0,0,0,1,1,0,1,1,1,1,1,1,1,1
40644396,올 뉴 카니발,940,1,167787,2199,9,11,4,1,0,0,0,1,0,0,1,0,0,1,0,0,0,1,1,1,1,1,1,1,1
40202994,올 뉴 카니발,1420,1,102762,2199,9,10,11,1,0,0,0,1,0,1,0,0,0,1,0,1,0,1,1,1,1,1,1,1,1
40351716,레이,690,1,101396,998,5,13,8,1,0,1,0,0,0,0,0,1,0,0,1,0,0,1,1,1,1,1,1,0,1
40575821,K7 하이브리드,710,1,102380,2359,5,12,24,1,0,0,1,0,0,1,0,0,0,0,1,0,0,1,1,1,1,1,1,1,1
40513495,K5,460,1,189390,1999,5,13,14,1,1,0,0,0,0,1,0,0,0,0,1,1,0,1,0,1,1,0,1,0,1
40080385,K5,500,1,138567,1998,5,15,4,1,0,1,0,0,0,0,1,0,0,0,1,1,0,1,0,1,1,1,1,1,1
41393493,K7 프리미어,1340,1,163050,2497,5,6,6,1,0,1,0,0,0,0,1,0,0,0,1,0,1,1,1,1,1,1,1,1,1
41385220,뉴모닝,230,1,114858,999,5,16,6,1,0,1,0,0,0,0,0,1,0,0,1,0,0,1,0,0,0,0,1,0,1
41314644,더 뉴 카니발 4세대,3030,1,34030,2151,9,2,0,1,0,0,0,1,0,1,0,0,0,1,0,0,1,1,1,1,1,1,1,1,1
41114475,올 뉴 K7,1120,1,160550,3342,5,9,5,1,0,1,0,0,0,0,1,0,0,0,1,1,1,1,1,1,1,1,1,1,1
41635086,스팅어,1800,1,113338,3342,5,8,11,1,0,1,0,0,0,1,0,0,0,0,1,1,1,1,1,1,1,1,1,1,1
41620247,더 뉴 K7,720,1,110092,2359,5,11,4,1,0,1,0,0,0,0,1,0,0,0,1,0,0,1,1,1,1,1,1,1,1
40535882,K8,2099,1,90169,2497,5,4,15,1,0,1,0,0,0,1,0,0,0,0,1,0,1,1,1,1,1,1,1,1,1
40519752,카니발 4세대,3380,1,79260,2151,9,3,1,1,0,0,0,1,0,1,0,0,0,1,0,0,1,1,1,1,1,1,1,1,1
41415760,K3,570,1,102048,1591,5,11,14,1,0,1,0,0,0,1,0,0,0,0,1,0,0,1,1,1,0,1,1,0,1
41325303,모하비,850,1,198271,2959,7,12,3,1,0,0,0,1,0,0,1,0,0,1,0,1,0,1,1,1,1,1,1,1,1
41323463,셀토스,1540,1,68582,1598,5,6,5,1,0,0,0,1,0,1,0,0,0,1,0,0,1,1,1,0,1,0,1,1,1
41317361,쏘렌토 4세대,3800,1,27859,1598,5,3,0,1,0,0,1,0,0,1,0,0,0,1,0,1,1,1,1,1,1,1,1,1,1
41316862,올 뉴 모닝,520,1,85632,998,5,11,13,1,0,1,0,0,0,1,0,0,0,0,1,0,0,1,1,1,1,1,1,0,1
41558956,K5 3세대,1680,1,123652,1598,5,6,7,1,0,1,0,0,0,0,1,0,0,0,1,0,1,1,1,1,1,1,1,1,1
41554224,K7 프리미어,1450,1,63791,2497,5,6,20,1,0,1,0,0,0,1,0,0,0,0,1,0,1,1,1,1,1,1,1,1,1
41534388,카니발 4세대,3350,1,68353,2151,7,5,0,1,0,0,0,1,0,1,0,0,0,1,0,1,1,1,1,1,1,1,1,1,1
41222645,더 뉴 K9 2세대,4380,1,53623,3778,5,3,1,1,0,1,0,0,0,0,1,0,0,0,1,0,1,1,1,1,1,1,1,1,1
41202016,K9,710,1,182013,3342,5,13,11,1,0,1,0,0,0,0,1,0,0,0,1,0,1,1,1,1,1,1,1,1,1
41190946,오피러스 프리미엄,350,1,143999,3342,5,15,4,1,0,1,0,0,0,0,1,0,0,0,1,0,0,1,1,1,1,1,1,0,1
41286044,디 올 뉴 니로,1549,1,199363,1580,5,4,0,1,0,0,1,0,0,1,0,0,0,1,0,0,0,1,1,1,1,1,1,0,1
41286031,스포티지 5세대,2049,1,105408,1598,5,4,7,1,0,1,0,0,0,1,0,0,0,1,0,0,1,1,1,1,1,1,1,0,1
41643166,오피러스 프리미엄,350,1,174175,2656,5,16,4,1,0,1,0,0,0,0,0,1,0,0,1,0,0,1,1,1,0,1,1,0,1
41619554,더 뉴 K3,800,1,81152,1591,5,10,9,1,0,1,0,0,0,1,0,0,0,0,1,0,0,1,1,1,1,1,1,0,1
41617641,올 뉴 카니발,1290,1,146461,2199,9,10,0,1,0,0,0,1,0,0,0,1,0,1,0,1,0,1,1,1,1,1,1,1,1
41660425,스포티지 5세대,612,1,41276,1999,5,2,0,1,1,0,0,0,0,1,0,0,0,1,0,0,1,1,0,0,0,0,0,0,1
41495347,더 뉴 K5 2세대,890,1,177164,1999,5,7,1,1,1,0,0,0,0,1,0,0,0,0,1,0,0,1,1,0,1,1,1,1,1
41440541,더 뉴 모닝 (JA),288,1,5,998,5,0,0,1,0,1,0,0,0,1,0,0,0,0,1,0,0,1,1,1,1,1,1,1,1
41603180,올 뉴 모닝,480,1,95345,998,5,14,1,1,0,1,0,0,0,0,0,1,0,0,1,0,0,1,1,0,1,1,1,0,1
41602072,더 뉴 쏘렌토,1839,1,107350,2199,5,8,3,1,0,0,0,1,0,0,0,1,0,1,0,1,0,1,1,1,1,1,1,1,1
41586928,스포티지 4세대,1090,1,176478,1995,5,9,3,1,0,0,0,1,0,0,0,0,1,1,0,1,0,1,1,1,1,1,1,1,1
41584600,모닝 어반 (JA),1600,1,27353,998,5,4,1,1,0,1,0,0,0,1,0,0,0,0,1,0,0,1,1,1,1,1,1,1,1
41575100,모하비 더 마스터,3100,1,107767,2959,7,6,0,1,0,0,0,1,0,0,1,0,0,1,0,1,1,1,1,1,1,1,1,1,1
41650413,K3,580,1,88363,1591,5,13,16,1,0,1,0,0,0,0,1,0,0,0,1,0,0,1,1,1,1,1,1,0,1
41295745,포르테 쿱,540,1,102477,1591,5,13,18,1,0,1,0,0,0,1,0,0,0,0,1,1,0,1,1,1,1,1,1,0,1
41295006,스포티지 R,459,1,201424,1995,5,15,11,1,0,0,0,1,0,0,0,1,0,1,0,0,0,1,1,1,1,1,1,0,1
41547273,더 뉴 K5,750,1,133231,1999,5,11,7,1,0,1,0,0,0,1,0,0,0,0,1,1,0,1,1,1,1,1,1,0,1
41590753,올 뉴 K7,1099,1,123035,2999,5,10,2,1,1,0,0,0,0,0,1,0,0,0,1,1,0,1,1,1,1,1,1,0,1
41589630,뉴카렌스,400,1,74974,1998,7,14,19,1,1,0,0,0,0,0,0,1,0,1,0,0,0,1,0,0,0,0,1,0,1
41588998,올 뉴 K7,1110,1,99895,2359,5,9,11,1,0,1,0,0,0,1,0,0,0,0,1,1,1,1,1,1,1,1,1,1,1
41653116,올 뉴 K7,999,1,187377,2199,5,9,6,1,0,0,0,1,0,0,0,0,1,0,1,0,1,1,1,1,1,1,1,1,1
41514235,올 뉴 쏘렌토,1499,1,77480,1995,5,10,2,1,0,0,0,1,0,0,0,1,0,1,0,0,0,1,1,1,1,1,1,1,1
41614483,더 뉴 카니발,2500,1,67735,2199,7,7,1,1,0,0,0,1,0,0,1,0,0,1,0,1,1,1,1,1,1,1,1,1,1
41595918,스포티지 더 볼드,1699,1,75943,1995,5,7,2,1,0,0,0,1,0,0,0,0,1,1,0,0,1,1,1,1,1,1,1,1,1
41188057,더 뉴 쏘렌토 4세대,4590,1,12653,1598,5,2,0,1,0,0,1,0,0,1,0,0,0,1,0,1,1,1,1,1,1,1,1,1,1
41156081,더 뉴 카니발 4세대,4230,1,17846,2151,7,2,8,1,0,0,0,1,0,1,0,0,0,1,0,0,1,1,1,1,1,1,1,1,1
41138753,로체 이노베이션,260,1,123851,1998,5,17,15,1,1,0,0,0,0,1,0,0,0,0,1,0,0,1,0,0,0,0,0,0,1
41121473,쏘렌토 4세대,2280,1,156238,2151,5,5,3,1,0,0,0,1,0,1,0,0,0,1,0,0,1,1,1,1,1,1,1,1,1
41119082,K8,2150,1,134070,2497,5,4,7,1,0,1,0,0,0,0,0,1,0,0,1,0,1,1,1,1,1,1,1,1,1
41276074,올 뉴 모닝 (JA),699,1,69769,998,5,9,28,1,0,1,0,0,0,1,0,0,0,0,1,0,0,1,1,0,1,1,1,0,1
41276569,올 뉴 쏘렌토,890,1,216714,2199,7,10,13,1,0,0,0,1,0,0,0,1,0,1,0,0,0,1,1,1,1,1,1,1,1
41268716,더 뉴 EV6,3880,1,52695,120,5,1,0,1,0,0,0,0,1,1,0,0,0,0,1,0,1,1,1,1,1,1,1,1,1
41265583,스포티지 5세대,2470,1,70801,1598,5,4,5,1,0,1,0,0,0,1,0,0,0,1,0,0,1,1,1,1,1,1,1,1,1
41260980,쏘렌토 4세대,3999,1,31796,2151,7,4,0,1,0,0,0,1,0,0,0,1,0,1,0,1,1,1,1,1,1,1,1,1,1
41258360,더 뉴 카니발,1470,1,182724,2199,9,7,2,1,0,0,0,1,0,0,1,0,0,1,0,0,1,1,1,1,1,1,1,1,1
41257222,더 뉴 모닝 (JA),1870,1,18201,998,5,2,0,1,0,1,0,0,0,1,0,0,0,0,1,1,1,1,1,1,1,1,1,1,1
41248015,모닝 어반 (JA),1240,1,58670,998,5,4,5,1,0,1,0,0,0,1,0,0,0,0,1,0,0,1,1,1,1,1,1,1,1
40972544,K5 2세대,1230,1,75264,1999,5,10,1,1,0,1,0,0,0,0,0,0,1,0,1,0,0,1,1,1,1,1,1,1,1
40925795,K7,299,1,204456,3470,5,16,3,1,0,1,0,0,0,1,0,0,0,0,1,0,0,1,1,1,1,1,1,1,1
40893799,더 뉴 카렌스,940,1,152954,1999,7,8,2,1,1,0,0,0,0,0,0,1,0,1,0,0,0,1,1,0,0,1,1,0,1
40889125,쏘렌토 4세대,3190,1,68530,2151,6,5,0,1,0,0,0,1,0,0,1,0,0,1,0,0,1,1,1,1,1,1,1,1,1
40872915,K8,2970,1,65670,2497,5,3,5,1,0,1,0,0,0,0,1,0,0,0,1,0,1,1,1,1,1,1,1,1,1
41013818,더 뉴 카니발 4세대,5150,1,89116,2151,9,2,1,1,0,0,0,1,0,0,1,0,0,1,0,0,1,1,1,1,1,1,1,1,1
40987894,올 뉴 K7,1150,1,153295,3342,5,10,2,1,0,1,0,0,0,0,1,0,0,0,1,0,0,1,1,1,1,1,1,1,1
40928893,쏘렌토 4세대,2350,1,108301,2497,7,4,5,1,0,1,0,0,0,1,0,0,0,1,0,0,1,1,1,1,1,1,1,0,1
40901495,K5 3세대,1999,1,12021,1999,5,5,10,1,0,1,0,0,0,0,1,0,0,0,1,0,1,1,1,1,1,1,1,1,1
41236595,올 뉴 모닝,320,1,83323,998,5,11,14,1,0,1,0,0,0,1,0,0,0,0,1,0,0,0,1,0,0,0,0,0,0
41423491,K8,2040,1,98425,2497,5,4,3,1,0,1,0,0,0,0,1,0,0,0,1,0,1,1,1,1,1,1,1,1,1
41233262,카니발 4세대,2399,1,141244,2151,9,5,7,1,0,0,0,1,0,1,0,0,0,1,0,1,1,1,1,1,1,1,1,1,1
41233547,K8 하이브리드,2730,1,81824,1598,5,4,3,1,0,0,1,0,0,0,1,0,0,0,1,0,1,1,1,1,1,1,1,1,1
41229326,K5,550,1,138692,1998,5,14,14,1,0,1,0,0,0,1,0,0,0,0,1,1,0,1,1,1,1,1,1,1,1
41207357,모하비 더 마스터,4380,1,55214,2959,6,4,2,1,0,0,0,1,0,0,1,0,0,1,0,1,1,1,1,1,1,1,1,1,1
41123872,카니발 4세대,3550,1,34489,2151,9,3,7,1,0,0,0,1,0,1,0,0,0,1,0,1,1,1,1,1,1,1,1,1,1
40406909,모하비,950,1,195075,2959,7,12,1,1,0,0,0,1,0,1,0,0,0,1,0,1,0,1,1,1,1,1,1,1,1
40050817,더 K9,3150,1,54270,3342,5,5,3,1,0,1,0,0,0,0,1,0,0,0,1,0,1,1,1,1,1,1,1,1,1
39886519,올 뉴 K7,1250,1,90172,3342,5,10,8,1,0,1,0,0,0,1,0,0,0,0,1,1,0,0,1,1,1,1,1,1,1
39980960,더 뉴 K7,670,1,198333,2999,5,11,24,1,1,0,0,0,0,0,1,0,0,0,1,0,0,1,1,1,1,1,1,1,1
39973500,더 뉴 카니발,1120,1,160559,2199,9,7,3,1,0,0,0,1,0,0,1,0,0,1,0,0,0,1,1,1,1,1,1,1,1
39520852,K7,379,1,158560,2656,5,16,9,1,1,0,0,0,0,0,0,1,0,0,1,0,0,1,1,1,1,1,1,0,1
39881525,올 뉴 카니발,1390,1,181975,2199,9,10,7,1,0,0,0,1,0,1,0,0,0,1,0,0,0,1,1,1,1,1,1,1,1
40784864,카니발 4세대,2960,1,72161,3470,9,3,6,1,0,1,0,0,0,1,0,0,0,1,0,0,1,1,1,1,1,1,1,1,1
40794525,올 뉴 카니발,950,1,223927,2199,9,10,1,1,0,0,0,1,0,0,0,1,0,1,0,1,0,1,1,1,1,1,1,1,1
40782618,올 뉴 카니발,780,1,188374,2199,9,10,3,1,0,0,0,1,0,0,0,1,0,1,0,0,0,1,1,1,1,1,1,1,1
40758140,더 뉴 K3 2세대,1790,1,18429,1598,5,3,7,1,0,1,0,0,0,0,1,0,0,0,1,0,0,1,1,1,1,1,1,1,1
40761861,K5 3세대,1799,1,68539,1999,5,6,22,1,0,1,0,0,0,0,0,1,0,0,1,1,1,1,1,1,1,1,1,1,1
40870176,쏘렌토 4세대,2590,1,65429,2497,5,4,8,1,0,1,0,0,0,0,1,0,0,1,0,0,1,1,1,1,1,1,1,1,1
40860396,쏘렌토 R,450,1,175896,1995,7,16,6,1,0,0,0,1,0,0,1,0,0,1,0,1,0,1,0,1,1,0,1,1,1
40853593,쏘렌토 4세대,3390,1,66152,2497,5,5,1,1,0,1,0,0,0,0,0,1,0,1,0,0,1,1,1,1,1,1,1,1,1
40811381,레이,530,1,119307,998,2,9,14,1,0,1,0,0,0,1,0,0,0,0,1,0,0,0,0,0,0,0,0,0,0
38858149,K7,480,1,186599,2656,5,15,2,1,0,1,0,0,0,0,1,0,0,0,1,0,0,1,1,1,1,1,1,1,1
38435318,더 뉴 프라이드,660,1,40744,1396,5,11,3,1,0,1,0,0,0,1,0,0,0,0,1,0,0,1,1,0,0,1,1,0,1
40544401,더 뉴 K5,930,1,85773,1999,5,11,4,1,1,0,0,0,0,1,0,0,0,0,1,1,0,1,1,1,1,1,1,0,1
40531450,더 뉴 쏘렌토 4세대,4450,1,27081,1598,5,2,1,1,0,0,1,0,0,1,0,0,0,1,0,1,1,1,1,1,1,1,1,1,1
40498980,올 뉴 모닝 (JA),790,1,54594,998,5,9,2,1,0,1,0,0,0,1,0,0,0,0,1,0,0,1,1,0,1,1,1,0,1
40456777,더 뉴 쏘렌토,1450,1,110007,1995,7,7,8,1,0,0,0,1,0,1,0,0,0,1,0,0,1,1,1,1,1,1,1,1,1
40431342,스포티지 5세대 하이브리드,2699,1,14215,1598,5,3,13,1,0,0,1,0,0,0,0,1,0,1,0,1,1,1,1,1,1,1,1,1,1
40379667,더 K9,2190,1,108560,3778,5,7,0,1,0,1,0,0,0,0,0,1,0,0,1,0,1,1,1,1,1,1,1,1,1
40371676,더 뉴 카니발,1850,1,81029,2199,9,7,15,1,0,0,0,1,0,0,0,1,0,1,0,0,1,1,1,1,1,1,1,1,1
39920927,올 뉴 쏘렌토,1390,1,79329,1995,5,10,2,1,0,0,0,1,0,0,0,1,0,1,0,0,0,1,1,1,1,1,1,1,1
39650420,EV6,1236,1,40000,2000,5,4,1,1,0,0,0,0,1,1,0,0,0,0,1,0,1,1,1,1,1,1,1,1,1
40409681,K7 하이브리드,599,1,200828,2359,5,11,5,1,0,0,1,0,0,1,0,0,0,0,1,1,0,1,1,1,1,1,1,1,1
40432672,더 뉴 모닝,560,1,102643,998,5,10,11,1,0,1,0,0,0,1,0,0,0,0,1,0,0,1,1,0,0,1,1,0,1
40462781,스포티지 R,750,1,126039,1995,5,13,5,1,0,0,0,1,0,0,0,1,0,1,0,0,0,1,1,1,1,1,1,0,1
40707815,스포티지 5세대,2499,1,84094,1598,5,4,13,1,0,1,0,0,0,0,1,0,0,1,0,0,1,1,1,1,1,1,1,1,1
40719050,K5,9999,1,168195,1999,5,13,11,1,1,0,0,0,0,0,0,1,0,0,1,0,0,1,1,0,0,1,0,0,1
38280706,K3,630,1,66093,1591,5,12,20,1,0,1,0,0,0,1,0,0,0,0,1,0,0,1,1,1,1,1,1,0,1
40644704,더 K9,2850,1,82165,3342,5,7,6,1,0,1,0,0,0,0,1,0,0,0,1,1,1,1,1,1,1,1,1,1,1
40620667,더 뉴 모닝,470,1,68557,998,5,10,12,1,0,1,0,0,0,0,0,1,0,0,1,0,0,0,0,0,0,0,0,0,0
40967084,더 뉴 스포티지 5세대,2537,1,9000,1598,5,1,0,1,0,1,0,0,0,1,0,0,0,1,0,1,1,1,1,1,1,1,1,1,1
40947320,K8,2550,1,83790,2497,5,4,2,1,0,1,0,0,0,0,0,0,1,0,1,0,1,1,1,1,1,1,1,1,1
40952747,올 뉴 K7,920,1,213878,2999,5,7,7,1,0,1,0,0,0,0,1,0,0,0,1,0,1,1,1,1,1,1,1,1,1
40937738,더 뉴 기아 레이,324,1,7,998,5,0,0,1,0,1,0,0,0,1,0,0,0,0,1,0,0,1,1,1,1,0,1,1,1
40844652,스포티지 5세대,9999,1,121691,1998,5,4,7,1,0,0,0,1,0,0,0,1,0,1,0,0,1,1,1,1,1,1,1,1,1
37196546,카니발 R,750,1,312226,2199,6,12,2,1,0,0,0,1,0,1,0,0,0,1,0,0,0,0,1,0,0,1,0,0,1
40596220,더 뉴 K3,640,1,83994,1591,5,9,6,1,0,1,0,0,0,0,0,1,0,0,1,0,0,0,1,0,0,1,0,0,0
40252807,올 뉴 쏘렌토,1390,1,100358,1995,5,11,9,1,0,0,0,1,0,0,0,1,0,1,0,0,0,1,1,1,1,1,1,1,1
40734671,더 뉴 카니발,1590,1,169102,2199,9,7,3,1,0,0,0,1,0,0,1,0,0,1,0,1,1,1,1,1,1,1,1,1,1
40145217,K7 프리미어,1900,1,65268,2497,5,6,9,1,0,1,0,0,0,0,1,0,0,0,1,0,1,1,1,1,1,1,1,1,1
40041405,K5 하이브리드,750,1,173504,1999,5,11,5,1,0,0,1,0,0,1,0,0,0,0,1,1,0,1,1,1,1,1,1,1,1
39448643,올 뉴 카니발,1550,1,114954,2199,9,11,3,1,0,0,0,1,0,1,0,0,0,1,0,0,0,1,1,1,1,1,1,1,1
40190164,프라이드(신형),260,1,129820,1599,5,16,14,1,0,1,0,0,0,1,0,0,0,0,1,0,0,1,1,1,0,1,1,0,1
40239544,더 뉴 K8 하이브리드,4150,1,15125,1598,5,1,0,1,0,0,1,0,0,1,0,0,0,0,1,0,1,1,1,1,1,1,1,1,1
41149630,K5 3세대,1950,1,92539,1598,5,6,9,1,0,1,0,0,0,1,0,0,0,0,1,1,1,1,1,1,1,1,1,1,1
41138610,스포티지 4세대,1380,1,91790,1995,5,8,3,1,0,0,0,1,0,0,0,0,1,1,0,0,1,1,1,0,1,1,1,0,1
41106418,올 뉴 쏘렌토,1050,1,180560,1995,5,10,23,1,0,0,0,1,0,1,0,0,0,1,0,0,0,1,1,1,1,1,1,1,1
41330310,쏘렌토 R,630,1,123869,2199,7,15,0,1,0,0,0,1,0,1,0,0,0,1,0,1,0,1,1,1,1,1,1,1,1
41250380,레이,350,1,149189,998,5,13,16,1,0,1,0,0,0,0,0,1,0,0,1,0,0,1,1,0,0,0,1,0,1
41244620,카니발 4세대,2850,1,54850,2151,9,5,5,1,0,0,0,1,0,0,0,1,0,1,0,1,1,1,1,1,1,1,1,1,1
41206240,더 뉴 레이,1300,1,31063,998,5,5,10,1,0,1,0,0,0,0,0,1,0,0,1,0,0,1,1,1,1,1,1,0,1
41187489,더 뉴 쏘렌토 4세대,3580,1,41640,1598,5,2,8,1,0,0,1,0,0,1,0,0,0,1,0,0,1,1,1,1,1,1,1,1,1
41430740,더 뉴 K5 2세대,1199,1,157331,1999,5,7,10,1,0,1,0,0,0,1,0,0,0,0,1,1,1,1,1,1,1,1,1,1,1
41417070,더 뉴 스포티지 R,550,1,130370,1995,5,12,18,1,0,0,0,1,0,0,0,1,0,1,0,0,0,1,0,1,1,0,1,0,1
41416362,스포티지 5세대,2750,1,61748,1998,5,3,5,1,0,0,0,1,0,1,0,0,0,1,0,0,1,1,1,1,1,1,1,1,1
41377623,오피러스 프리미엄,470,1,58189,3342,5,16,0,1,0,1,0,0,0,0,0,1,0,0,1,0,0,1,1,1,1,1,1,0,1
41370089,카니발 4세대,3050,1,112177,3470,7,5,12,1,0,1,0,0,0,1,0,0,0,1,0,0,1,1,1,1,1,1,1,1,1
41373130,EV6,2740,1,127331,111,5,4,0,1,0,0,0,0,1,0,0,0,1,0,1,1,1,1,1,1,1,1,1,1,1
41340214,더 뉴 카니발 4세대,3130,1,22718,2151,9,2,0,1,0,0,0,1,0,1,0,0,0,1,0,0,1,1,1,1,1,1,1,1,1
41519875,더 뉴 쏘렌토 4세대,3800,1,29584,1598,5,2,3,1,0,0,1,0,0,1,0,0,0,1,0,0,1,1,1,1,1,1,1,1,1
41439774,카니발 4세대,3490,1,31999,3470,9,3,0,1,0,1,0,0,0,0,0,1,0,1,0,1,1,1,1,1,1,1,1,1,1
41510565,더 뉴 카렌스,930,1,169797,1999,7,8,1,1,1,0,0,0,0,0,0,1,0,1,0,0,0,1,1,0,1,1,1,1,1
41478472,셀토스,1819,1,96829,1591,5,4,0,1,0,1,0,0,0,1,0,0,0,1,0,0,1,1,1,1,1,1,1,1,1
41470836,더 뉴 기아 레이,1620,1,42462,998,5,3,4,1,0,1,0,0,0,1,0,0,0,0,1,0,0,1,1,1,1,1,1,1,1
41466140,쏘렌토 4세대,2200,1,130810,2151,5,4,0,1,0,0,0,1,0,1,0,0,0,1,0,0,1,1,1,1,1,1,1,0,1
41466829,더 뉴 K5 3세대,2280,1,60107,1999,5,2,11,1,0,1,0,0,0,1,0,0,0,0,1,0,1,1,1,1,1,1,1,1,1
41332418,모하비 더 마스터,3290,1,46397,2959,6,5,12,1,0,0,0,1,0,1,0,0,0,1,0,1,1,1,1,1,1,1,1,1,1
41306956,더 뉴 모닝 (JA),1690,1,15686,998,5,2,2,1,0,1,0,0,0,1,0,0,0,0,1,0,1,1,1,1,1,1,1,1,1
41241784,카니발 4세대,3550,1,46072,3470,9,4,8,1,0,1,0,0,0,1,0,0,0,1,0,0,1,1,1,1,1,1,1,1,1
41179647,더 뉴 K9,720,1,162944,3342,5,11,18,1,0,1,0,0,0,0,1,0,0,0,1,0,0,1,1,1,1,1,1,1,1
41036090,레이,499,1,109757,998,5,14,10,1,0,1,0,0,0,1,0,0,0,0,1,0,0,1,1,0,0,0,1,0,1
41010302,카니발 4세대,2875,1,58854,2151,9,3,2,1,0,0,0,1,0,1,0,0,0,1,0,0,1,1,1,1,1,1,1,1,1
41375150,더 뉴 기아 레이,1510,1,5254,998,5,3,3,1,0,1,0,0,0,1,0,0,0,0,1,0,0,1,1,0,1,1,1,1,1
41343008,더 뉴 카니발 4세대,3150,1,21886,2151,9,2,0,1,0,0,0,1,0,1,0,0,0,1,0,0,1,1,1,1,1,1,1,1,1
41340046,더 뉴 쏘렌토,1470,1,184016,2199,7,8,0,1,0,0,0,1,0,0,1,0,0,1,0,0,1,1,1,1,1,1,1,1,1
41444290,올 뉴 K7,960,1,184396,2199,5,9,11,1,0,0,0,1,0,1,0,0,0,0,1,0,1,1,1,1,1,1,1,1,1
41441424,타스만,4170,1,4000,2497,5,1,0,1,0,1,0,0,0,0,0,1,0,1,0,0,1,1,1,1,1,1,1,1,1
41569946,올 뉴 모닝,545,1,92629,998,5,11,5,1,0,1,0,0,0,1,0,0,0,0,1,0,0,1,1,1,0,1,1,0,1
41552363,더 K9,2550,1,67704,3778,5,7,10,1,0,1,0,0,0,0,1,0,0,0,1,0,1,1,1,1,1,1,1,1,1
41533657,K5 2세대,1020,1,111483,1999,5,10,6,1,1,0,0,0,0,1,0,0,0,0,1,1,0,1,1,0,1,1,1,0,1
41445599,올 뉴 쏘렌토,1290,1,132388,2199,7,10,0,1,0,0,0,1,0,0,0,1,0,1,0,0,0,1,1,1,1,0,1,1,1
41245491,더 뉴 레이,980,1,98903,998,5,6,5,1,0,1,0,0,0,0,0,0,1,0,1,0,0,1,0,0,1,0,1,0,1
41321899,쏘렌토 4세대,2849,1,83306,2151,6,5,8,1,0,0,0,1,0,0,1,0,0,1,0,1,1,1,1,1,1,1,1,1,1
41255095,더 뉴 레이,1399,1,21120,998,5,4,2,1,0,1,0,0,0,0,1,0,0,0,1,0,0,1,1,0,1,0,1,0,1
41365937,올 뉴 K7,1111,1,145112,3342,5,10,5,1,0,1,0,0,0,0,1,0,0,0,1,0,0,1,1,1,1,1,1,1,1
41374621,올 뉴 K7,940,1,167408,2359,5,10,0,1,0,1,0,0,0,0,0,1,0,0,1,0,0,1,1,1,1,1,1,1,1
41384612,K7 프리미어,2440,1,63676,2999,5,6,4,1,0,1,0,0,0,0,0,1,0,0,1,1,1,1,1,1,1,1,1,1,1
41038014,셀토스,2490,1,24419,1591,5,3,0,1,0,1,0,0,0,1,0,0,0,1,0,0,1,1,1,1,1,1,1,1,1
41142260,카니발 4세대,3450,1,49615,2151,9,3,7,1,0,0,0,1,0,1,0,0,0,1,0,0,1,1,1,1,1,1,1,1,1
39155220,K8,2580,1,58250,3470,5,4,0,1,1,0,0,0,0,0,1,0,0,0,1,0,1,1,1,1,1,1,1,1,1
40827282,올 뉴 카니발,1480,1,120488,2199,9,8,3,1,0,0,0,1,0,0,0,1,0,1,0,1,0,1,1,1,1,1,1,1,1
40939718,더 뉴 쏘렌토 4세대,4390,1,47197,2151,5,2,5,1,0,0,0,1,0,0,1,0,0,1,0,1,1,1,1,1,1,1,1,1,1
41000376,쏘렌토 4세대,3790,1,21068,1598,7,4,0,1,0,0,1,0,0,1,0,0,0,1,0,1,1,1,1,1,1,1,1,1,1
40780507,더 뉴 K7,899,1,122964,2359,5,11,3,1,0,1,0,0,0,1,0,0,0,0,1,1,0,1,1,1,1,1,1,1,1
41116483,카니발 4세대,3450,1,74754,2151,7,5,1,1,0,0,0,1,0,1,0,0,0,1,0,0,1,1,1,1,1,1,1,1,1
41213367,스포티지 5세대,3300,1,37834,1998,5,4,1,1,0,0,0,1,0,0,1,0,0,1,0,1,1,1,1,1,1,1,1,1,1
41557868,더 프레스티지 K7,9999,1,82654,2359,5,14,3,1,0,1,0,0,0,1,0,0,0,0,1,0,0,1,1,1,1,1,1,0,1
41568541,더 뉴 니로,1850,1,72306,1580,5,5,3,1,0,0,1,0,0,0,0,1,0,1,0,0,0,1,1,1,1,1,1,0,1
41564426,더 뉴 K5 3세대,3200,1,6135,1598,5,2,7,1,0,1,0,0,0,0,0,1,0,0,1,1,1,1,1,1,1,1,1,1,1
41593366,쏘렌토 4세대,3150,1,77841,1598,7,5,0,1,0,0,1,0,0,1,0,0,0,1,0,0,1,1,1,1,1,1,1,1,1
41584794,쏘렌토 4세대,3770,1,33986,1598,5,3,1,1,0,0,1,0,0,1,0,0,0,1,0,0,1,1,1,1,1,1,1,1,1
41596256,올 뉴 모닝 (JA),740,1,85358,998,5,8,9,1,0,1,0,0,0,1,0,0,0,0,1,0,0,1,1,0,0,1,1,0,1
41588600,올 뉴 K3,1440,1,74402,1598,5,6,3,1,0,1,0,0,0,1,0,0,0,0,1,0,0,1,1,1,1,1,1,1,1
41589160,스포티지 5세대,2190,1,109543,1598,5,4,6,1,0,1,0,0,0,1,0,0,0,1,0,0,1,1,1,1,1,1,1,1,1
41585356,카니발 4세대,9999,1,78703,2151,9,3,2,1,0,0,0,1,0,1,0,0,0,1,0,1,1,1,1,1,1,1,1,1,1
41565118,EV6,2780,1,109217,111,5,4,1,1,0,0,0,0,1,0,1,0,0,0,1,0,1,1,1,1,1,1,1,1,1
41489734,쏘렌토 4세대,3340,1,71272,2497,7,5,2,1,0,1,0,0,0,1,0,0,0,1,0,0,1,1,1,1,1,1,1,1,1
41488112,카니발 4세대,2850,1,41848,2151,9,3,0,1,0,0,0,1,0,1,0,0,0,1,0,0,1,1,1,1,1,1,1,1,1
41502972,더 뉴 카니발,1290,1,156145,2199,9,7,5,1,0,0,0,1,0,0,0,1,0,1,0,1,1,1,1,1,1,1,1,1,1
41507511,뉴 쏘렌토 R,799,1,113048,1995,7,12,1,1,0,0,0,1,0,0,0,1,0,1,0,0,0,1,0,1,1,1,1,1,1
41499300,모하비 더 마스터,3899,1,34592,2959,6,5,0,1,0,0,0,1,0,1,0,0,0,1,0,1,1,1,1,1,1,1,1,1,1
41527551,더 뉴 K5 하이브리드 3세대,3350,1,10353,1999,5,2,0,1,0,0,1,0,0,0,0,1,0,0,1,0,1,1,1,1,1,1,1,1,1
41407346,카니발 4세대,2880,1,47470,2151,9,3,7,1,0,0,0,1,0,1,0,0,0,1,0,0,1,1,1,1,1,1,1,1,1
41433187,카니발 4세대,3090,1,45320,2151,9,5,0,1,0,0,0,1,0,1,0,0,0,1,0,0,1,1,1,1,1,1,1,1,1
41470162,K8 하이브리드,2750,1,120950,1598,5,2,1,1,0,0,1,0,0,0,1,0,0,0,1,0,1,1,1,1,1,1,1,1,1
41413376,더 뉴 카니발 4세대,3460,1,30465,3470,9,2,0,1,0,1,0,0,0,0,1,0,0,1,0,0,1,1,1,1,1,1,1,1,1
41415439,더 뉴 카니발 4세대,3650,1,36209,2151,9,1,1,1,0,0,0,1,0,1,0,0,0,1,0,0,1,1,1,1,1,1,1,1,1
41428141,카니발 4세대,2090,1,167386,2151,9,5,2,1,0,0,0,1,0,1,0,0,0,1,0,0,1,1,1,1,1,1,1,1,1
41470663,K5 3세대,1920,1,91022,1999,5,5,0,1,0,1,0,0,0,0,0,1,0,0,1,0,1,1,1,1,1,1,1,1,1
41468375,카니발 4세대,3290,1,59698,3470,7,5,7,1,0,1,0,0,0,0,1,0,0,1,0,0,1,1,1,1,1,1,1,1,1
41575585,더 뉴 K8,2750,1,83865,3470,5,1,0,1,1,0,0,0,0,0,1,0,0,0,1,0,1,1,1,1,1,1,1,1,1
41626001,K8,2670,1,86558,2497,5,4,0,1,0,1,0,0,0,0,0,0,1,0,1,0,1,1,1,1,1,1,1,1,1
41563635,K5 3세대,2000,1,72742,1999,5,6,3,1,0,1,0,0,0,1,0,0,0,0,1,0,1,1,1,1,1,1,1,1,1
41654508,K7 프리미어,2600,1,51553,2999,5,6,0,1,0,1,0,0,0,1,0,0,0,0,1,0,1,1,1,1,1,1,1,1,1
41642093,더 뉴 K3 2세대,9000,1,17810,1598,5,2,0,1,0,1,0,0,0,1,0,0,0,0,1,1,1,1,1,1,1,1,1,1,1
41639400,올 뉴 K7,1300,1,128191,2999,5,9,4,1,1,0,0,0,0,0,1,0,0,0,1,1,1,1,1,1,1,0,1,1,1
41635302,올 뉴 K7,1290,1,88753,2359,5,10,6,1,0,1,0,0,0,1,0,0,0,0,1,1,0,1,1,1,1,1,1,1,1
41658504,더 뉴 K5 3세대,3720,1,8364,1598,5,2,0,1,0,1,0,0,0,1,0,0,0,0,1,1,1,1,1,1,1,1,1,1,1
41654128,더 뉴 기아 레이,1730,1,25747,998,5,3,1,1,0,1,0,0,0,0,1,0,0,0,1,0,0,1,1,1,1,1,1,1,1
41649440,셀토스,1249,1,164331,1598,5,4,0,1,0,0,0,1,0,1,0,0,0,1,0,0,0,1,1,1,1,1,1,1,1
41639037,쏘렌토 4세대,2990,1,43599,2151,5,5,1,1,0,0,0,1,0,0,0,1,0,1,0,0,1,1,1,1,1,1,1,1,1
41566912,디 올 뉴 니로,2820,1,77283,1580,5,4,2,1,0,0,1,0,0,1,0,0,0,1,0,1,1,1,1,1,1,1,1,1,1
41535871,K5 3세대,9999,1,31053,1999,5,3,0,1,0,1,0,0,0,1,0,0,0,0,1,1,1,1,1,1,1,1,1,1,1
41547313,더 뉴 카니발 4세대,4350,1,63074,1598,7,2,0,1,0,0,1,0,0,1,0,0,0,1,0,0,1,1,1,1,1,1,1,1,1
41614862,스팅어,1570,1,138712,3342,5,8,18,1,0,1,0,0,0,0,0,0,1,0,1,1,1,1,1,1,1,1,1,1,1
41611556,올 뉴 모닝,380,1,108904,998,5,11,2,1,0,1,0,0,0,1,0,0,0,0,1,0,0,1,1,0,0,1,1,0,1
41621694,올 뉴 모닝 (JA),820,1,51657,998,5,7,15,1,0,1,0,0,0,1,0,0,0,0,1,0,0,1,1,1,1,1,1,0,1
41614303,카니발 4세대,2590,1,110672,2151,9,5,6,1,0,0,0,1,0,0,1,0,0,1,0,1,1,1,1,1,1,1,1,1,1
41596340,EV3,3860,1,16927,237,5,0,0,1,0,0,0,0,1,1,0,0,0,1,0,0,1,1,1,1,1,1,1,0,1
41603347,K5 3세대,2620,1,41561,1598,5,4,0,1,0,1,0,0,0,0,1,0,0,0,1,0,1,1,1,1,1,1,1,1,1
41592076,올 뉴 모닝 (JA),930,1,40105,998,5,9,0,1,0,1,0,0,0,0,1,0,0,0,1,0,0,1,1,1,1,1,1,0,1
41517027,더 뉴 쏘렌토 4세대,4250,1,16079,2497,5,2,0,1,0,1,0,0,0,0,1,0,0,1,0,0,1,1,1,1,1,1,1,1,1
41621213,올 뉴 쏘렌토,1690,1,82390,2199,7,10,0,1,0,0,0,1,0,0,0,1,0,1,0,0,0,0,0,0,0,0,0,0,0
41531895,모닝 어반 (JA),1660,1,16910,998,5,3,0,1,0,1,0,0,0,1,0,0,0,0,1,0,0,1,1,1,1,1,1,1,1
41459776,스포티지 5세대,2350,1,46181,1598,5,4,0,1,0,1,0,0,0,1,0,0,0,1,0,0,1,1,1,1,1,0,1,1,1
41528896,더 프레스티지 K7,390,1,164720,2359,5,14,0,1,0,1,0,0,0,0,1,0,0,0,1,0,0,1,1,1,1,0,1,0,1
41471529,K5 3세대,1690,1,80868,1999,5,6,7,1,0,1,0,0,0,0,0,1,0,0,1,0,1,1,1,1,1,1,1,1,1
41422402,더 뉴 레이,1340,1,31115,998,5,4,0,1,0,1,0,0,0,0,0,0,1,0,1,0,0,1,0,1,1,0,1,0,1
41405465,카니발 4세대,2780,1,32208,3470,9,3,1,1,0,1,0,0,0,0,0,1,0,1,0,0,1,1,1,0,1,0,1,1,1
40962103,카니발 4세대,2400,1,142534,2151,9,4,1,1,0,0,0,1,0,1,0,0,0,1,0,0,1,1,1,1,1,0,1,1,1
41612438,쏘렌토 4세대,2780,1,42064,2497,6,3,3,1,0,1,0,0,0,0,0,1,0,1,0,0,1,1,1,1,1,0,1,1,1
41566897,쏘렌토 4세대,3580,1,82572,2151,5,3,0,1,0,0,0,1,0,1,0,0,0,1,0,1,1,1,1,1,1,1,1,1,1
41640329,올 뉴 카니발,1580,1,90090,2199,9,8,0,1,0,0,0,1,0,0,1,0,0,1,0,0,0,1,1,1,1,1,1,1,1
41533189,니로,1250,1,118746,1580,5,8,0,1,0,0,1,0,0,1,0,0,0,1,0,0,0,1,1,1,1,1,1,1,1
41312449,더 뉴 쏘렌토,1650,1,161614,1995,5,6,2,1,0,0,0,1,0,1,0,0,0,1,0,0,0,1,1,1,1,1,1,1,1
41477314,레이,600,1,104621,998,5,13,1,1,0,1,0,0,0,1,0,0,0,0,1,0,0,1,1,0,0,1,1,0,1
41565988,디 올 뉴 니로,1950,1,131549,1580,5,2,0,1,0,0,1,0,0,1,0,0,0,1,0,0,1,1,1,1,1,1,1,1,1
41018424,스포티지 더 볼드,1780,1,52657,1995,5,7,2,1,0,0,0,1,0,0,1,0,0,1,0,0,1,1,1,0,1,0,1,1,1
41103117,더 뉴 쏘렌토,2550,1,62315,2199,7,6,0,1,0,0,0,1,0,1,0,0,0,1,0,0,1,1,1,1,1,1,1,1,1
41636533,스포티지 5세대,2700,1,61737,1999,5,2,4,1,1,0,0,0,0,1,0,0,0,1,0,0,1,1,1,1,1,1,1,1,1
40815997,더 뉴 쏘렌토,1680,1,114783,1995,5,6,1,1,0,0,0,1,0,0,0,1,0,1,0,0,0,1,1,1,1,1,1,1,1
40758923,모하비,1220,1,138908,2959,7,11,1,1,0,0,0,1,0,0,1,0,0,1,0,1,0,1,1,1,1,0,1,1,1
41601849,카니발 4세대,3570,1,43003,3470,7,3,0,1,0,1,0,0,0,1,0,0,0,1,0,0,1,1,1,1,1,1,1,1,1
41466813,더 뉴 쏘렌토 4세대,4290,1,46900,1598,5,2,0,1,0,0,1,0,0,0,1,0,0,1,0,1,1,1,1,1,1,1,1,1,1
40889532,카니발 4세대,2170,1,167305,2151,7,5,0,1,0,0,0,1,0,0,0,0,1,1,0,0,1,1,1,1,1,1,1,1,1
41525868,카니발 4세대,2630,1,109744,2151,9,5,3,1,0,0,0,1,0,1,0,0,0,1,0,1,1,1,1,1,1,1,1,1,1
41659758,더 뉴 카니발 4세대,3890,1,38914,1598,9,2,0,1,0,0,1,0,0,1,0,0,0,1,0,0,1,1,1,1,1,1,1,1,1
41398223,모하비 더 마스터,3120,1,68345,2959,5,5,2,1,0,0,0,1,0,0,1,0,0,1,0,1,1,1,1,1,1,1,1,1,1
41633495,올 뉴 K7,1790,1,54977,2999,5,9,5,1,1,0,0,0,0,0,1,0,0,0,1,0,1,1,1,1,1,1,1,1,1
41402303,올 뉴 프라이드,330,1,100742,1591,5,14,4,1,0,1,0,0,0,0,0,1,0,0,1,0,0,1,0,1,1,0,1,0,1
41663342,더 뉴 모닝,369,1,123587,998,2,10,0,1,0,1,0,0,0,1,0,0,0,0,1,0,0,0,0,0,0,0,0,0,0
41402410,올 뉴 프라이드,299,1,153410,1591,5,12,5,1,0,1,0,0,0,0,0,1,0,0,1,0,0,1,0,1,0,0,1,0,1
41265677,올 뉴 카렌스,670,1,66304,1685,5,11,2,1,0,0,0,1,0,0,0,1,0,1,0,0,0,1,1,0,0,1,1,0,1
40852007,쏘렌토 4세대,4350,1,21347,1598,6,3,0,1,0,0,1,0,0,0,1,0,0,1,0,0,1,1,1,1,1,1,1,1,1
40922035,쏘렌토 4세대,3450,1,49084,1598,5,4,1,1,0,0,1,0,0,1,0,0,0,1,0,0,1,1,1,1,1,0,1,1,1
41225617,더 뉴 카니발,1200,1,150830,2199,9,7,9,1,0,0,0,1,0,0,1,0,0,1,0,0,1,1,1,0,1,0,1,1,1
41371676,더 뉴 카니발,1730,1,169715,2199,7,7,9,1,0,0,0,1,0,0,1,0,0,1,0,0,1,1,1,1,1,1,1,1,1
41350846,더 뉴 쏘렌토,1550,1,169145,1995,5,6,7,1,0,0,0,1,0,0,1,0,0,1,0,0,1,1,1,1,1,1,1,1,1
41329546,카니발 4세대,2850,1,90400,2151,9,4,4,1,0,0,0,1,0,1,0,0,0,1,0,1,1,1,1,1,1,1,1,1,1
41285599,더 뉴 카니발,2050,1,99772,2199,9,7,1,1,0,0,0,1,0,0,1,0,0,1,0,0,1,1,1,1,1,1,1,1,1
41279561,모하비 더 마스터,3450,1,57047,2959,6,6,0,1,0,0,0,1,0,0,1,0,0,1,0,1,1,1,1,1,1,1,1,1,1
41260691,올 뉴 K3,1580,1,49231,1598,5,6,1,1,0,1,0,0,0,0,1,0,0,0,1,0,1,1,1,1,1,1,1,1,1
41232279,올 뉴 K7 하이브리드,1499,1,168909,2359,5,8,2,1,0,0,1,0,0,0,0,1,0,0,1,1,1,1,1,1,1,1,1,1,1
40763587,K3,649,1,83504,1591,5,13,0,1,0,1,0,0,0,1,0,0,0,0,1,1,0,1,1,1,1,1,1,0,1
40586813,더 뉴 카니발 4세대,4150,1,19508,3470,9,1,0,1,0,1,0,0,0,0,1,0,0,1,0,1,1,1,1,1,1,1,1,1,1
40563074,K5 하이브리드 3세대,2099,1,59576,1999,5,6,4,1,0,0,1,0,0,0,1,0,0,0,1,0,1,1,1,1,1,1,1,1,1
39996453,더 뉴 쏘렌토,1430,1,128084,1995,7,8,9,1,0,0,0,1,0,0,1,0,0,1,0,0,0,1,1,1,1,1,1,1,1
41063070,더 뉴 니로,1790,1,101116,1580,5,6,3,1,0,0,1,0,0,0,0,1,0,1,0,1,1,1,1,1,1,1,1,1,1
40979415,카니발 4세대,2450,1,144959,3470,9,3,2,1,0,1,0,0,0,1,0,0,0,1,0,0,1,1,1,1,1,1,1,1,1
39921149,더 뉴 카니발,2177,1,151506,3342,9,7,5,1,0,1,0,0,0,0,1,0,0,1,0,0,1,1,1,1,1,1,1,1,1
40543567,더 뉴 K3 2세대,1620,1,56048,1598,5,4,2,1,0,1,0,0,0,1,0,0,0,0,1,0,0,1,1,1,1,1,1,0,1
41287003,셀토스,1970,1,85774,1591,5,5,2,1,0,1,0,0,0,1,0,0,0,1,0,1,1,1,1,1,1,1,1,1,1
41422261,더 뉴 카니발,1330,1,140871,2199,9,7,10,1,0,0,0,1,0,1,0,0,0,1,0,1,0,1,1,1,1,1,1,1,1
41422077,더 뉴 카니발 4세대,5220,1,11454,1598,9,1,2,1,0,0,1,0,0,0,0,1,0,1,0,0,1,1,1,1,1,1,1,1,1
40803137,K8 하이브리드,3590,1,23966,1598,5,3,4,1,0,0,1,0,0,1,0,0,0,0,1,1,1,1,1,1,1,1,1,1,1
40637952,스포티지 5세대 하이브리드,9999,1,44919,1598,5,4,2,1,0,0,1,0,0,0,0,0,1,1,0,0,1,1,1,1,1,1,1,1,1
41223089,쏘렌토 4세대,3350,1,60281,1598,5,5,0,1,0,0,1,0,0,0,1,0,0,1,0,1,1,1,1,1,1,1,1,1,1
41498631,K8,2530,1,70357,3470,5,4,0,1,0,1,0,0,0,0,1,0,0,0,1,1,1,1,1,1,1,1,1,1,1
41516883,쏘렌토 4세대,3830,1,42380,1598,5,3,0,1,0,0,1,0,0,0,0,1,0,1,0,0,1,1,1,1,1,1,1,1,1
41653008,더 뉴 스포티지 R,799,1,123990,1995,5,11,14,1,0,0,0,1,0,1,0,0,0,1,0,0,0,1,1,1,1,1,1,1,1
41649981,더 뉴 카니발,1289,1,147498,2199,9,7,2,1,0,0,0,1,0,1,0,0,0,1,0,1,1,1,1,1,1,1,1,1,1
41642702,더 뉴 기아 레이,1599,1,9237,998,5,2,7,1,0,1,0,0,0,0,1,0,0,0,1,0,0,1,1,1,1,1,1,1,1
41641332,더 뉴 K9 2세대,3450,1,94430,3778,5,4,3,1,0,1,0,0,0,0,1,0,0,0,1,0,1,1,1,1,1,1,1,1,1
41595243,더 뉴 K9 2세대,3820,1,58315,3778,5,3,6,1,0,1,0,0,0,0,0,1,0,0,1,1,1,1,1,1,1,1,1,1,1
41580871,올 뉴 K7,1490,1,110500,2199,5,9,2,1,0,0,0,1,0,1,0,0,0,0,1,1,1,1,1,1,1,1,1,1,1
41578436,올 뉴 모닝,199,1,163037,998,2,14,0,1,0,1,0,0,0,0,0,0,1,0,1,0,0,0,0,0,0,0,0,0,0
41529573,K5 3세대,2750,1,54115,1999,5,4,0,1,0,1,0,0,0,0,1,0,0,0,1,0,1,1,1,1,1,1,1,1,1
41528563,카니발 4세대,2350,1,157922,2151,9,5,5,1,0,0,0,1,0,0,1,0,0,1,0,0,1,1,1,1,1,1,1,1,1
41537128,올 뉴 카니발,1100,1,147128,2199,9,8,4,1,0,0,0,1,0,1,0,0,0,1,0,0,0,1,1,1,1,1,1,1,1
41541363,더 뉴 카니발 4세대,4120,1,2900,1598,9,0,0,1,0,0,1,0,0,0,0,1,0,1,0,1,1,1,1,1,1,1,1,1,1
41542075,더 뉴 레이,1050,1,62840,998,5,5,22,1,0,1,0,0,0,1,0,0,0,0,1,0,0,1,1,1,1,0,1,0,1
41544027,카니발 4세대,2590,1,64893,2151,9,5,0,1,0,0,0,1,0,1,0,0,0,1,0,0,1,1,1,1,1,1,1,1,1
41546370,카니발 4세대,3280,1,33337,3470,7,3,4,1,0,1,0,0,0,1,0,0,0,1,0,0,1,1,1,1,1,1,1,1,1
41558627,올 뉴 K3,1353,1,101295,1598,5,6,1,1,0,1,0,0,0,0,0,0,1,0,1,0,0,1,1,1,1,1,1,1,1
41561817,K3,570,1,127647,1591,5,13,14,1,0,1,0,0,0,0,1,0,0,0,1,0,0,1,1,1,1,1,1,0,1
41569365,올 뉴 K3,1200,1,119744,1598,5,7,2,1,0,1,0,0,0,1,0,0,0,0,1,0,1,1,1,0,1,1,1,1,1
41479001,올 뉴 쏘렌토,840,1,181407,1995,5,11,21,1,0,0,0,1,0,0,0,1,0,1,0,0,0,1,1,1,1,1,1,1,1
41621618,카니발 4세대,2350,1,89941,3470,9,3,10,1,0,1,0,0,0,0,1,0,0,1,0,0,1,1,1,1,1,1,1,1,1
41615089,카니발 4세대,2480,1,93378,2151,9,4,13,1,0,0,0,1,0,0,1,0,0,1,0,0,1,1,1,1,1,1,1,1,1
41604222,카니발 4세대,624,1,87663,2151,9,3,0,1,0,0,0,1,0,1,0,0,0,1,0,0,1,1,1,0,1,0,1,1,1
41467739,올 뉴 카니발,1420,1,125998,2199,9,8,4,1,0,0,0,1,0,0,1,0,0,1,0,0,0,1,1,1,1,1,1,1,1
41474860,올 뉴 카니발,890,1,182484,2199,9,9,2,1,0,0,0,1,0,1,0,0,0,1,0,1,0,1,1,1,1,1,1,1,1
41485793,더 프레스티지 K7,369,1,224831,2999,5,14,17,1,1,0,0,0,0,0,1,0,0,0,1,1,0,1,1,1,1,1,1,1,1
41518291,더 뉴 쏘렌토,1950,1,88217,2199,7,7,4,1,0,0,0,1,0,1,0,0,0,1,0,1,1,1,1,1,1,1,1,1,1
41513104,더 뉴 K7,799,1,92420,2359,5,11,6,1,0,1,0,0,0,0,1,0,0,0,1,0,0,1,1,1,1,1,1,1,1
41505769,K7 프리미어,1590,1,144904,2497,5,6,25,1,0,1,0,0,0,0,1,0,0,0,1,0,1,1,1,1,1,1,1,1,1
41631744,K5,430,1,248999,1999,5,13,6,1,1,0,0,0,0,1,0,0,0,0,1,1,0,1,0,1,0,0,1,0,1
41633499,K5 3세대,1550,1,110917,1999,5,4,9,1,0,1,0,0,0,0,1,0,0,0,1,0,1,1,1,1,1,1,1,1,1
41633183,K5 3세대,1450,1,190361,1999,5,5,9,1,0,1,0,0,0,1,0,0,0,0,1,0,1,1,1,1,1,1,1,1,1
41527869,더 뉴 스포티지 5세대,3890,1,11442,1598,5,1,2,1,0,1,0,0,0,1,0,0,0,1,0,0,1,1,1,1,1,1,1,1,1
41527328,쏘렌토 4세대,2720,1,59738,2151,6,5,14,1,0,0,0,1,0,0,0,1,0,1,0,0,1,1,1,1,1,1,1,1,1
41532051,오피러스 프리미엄,480,1,134157,2656,5,16,4,1,0,1,0,0,0,1,0,0,0,0,1,0,0,1,0,1,1,1,1,1,1
41561014,더 뉴 레이,990,1,82002,998,5,7,4,1,0,1,0,0,0,1,0,0,0,0,1,0,0,1,1,0,0,1,1,0,1
41567922,쏘렌토 4세대,3780,1,74059,1598,5,5,0,1,0,0,1,0,0,1,0,0,0,1,0,1,1,1,1,1,1,1,1,1,1
41329847,올 뉴 쏘렌토,1499,1,153827,2199,5,10,1,1,0,0,0,1,0,0,0,1,0,1,0,0,0,1,1,1,1,1,1,1,1
41359727,스포티지 5세대,2850,1,71019,1998,5,4,0,1,0,0,0,1,0,0,0,1,0,1,0,1,1,1,1,1,1,1,1,1,1
41351736,셀토스,1599,1,127996,1591,5,6,4,1,0,1,0,0,0,0,0,0,1,1,0,1,1,1,1,1,1,1,1,1,1
41358923,K7 프리미어,1990,1,93790,2999,5,6,1,1,1,0,0,0,0,0,0,1,0,0,1,0,1,1,1,1,1,1,1,1,1
41375552,더 뉴 K3,680,1,187557,1591,5,9,2,1,0,1,0,0,0,1,0,0,0,0,1,0,0,1,1,1,1,1,1,0,1
41392068,더 뉴 쏘렌토,1849,1,101437,1995,5,7,6,1,0,0,0,1,0,0,1,0,0,1,0,0,1,1,1,1,1,1,1,1,1
41392128,카니발 4세대,3049,1,61324,2151,9,4,6,1,0,0,0,1,0,1,0,0,0,1,0,1,1,1,1,1,1,1,1,1,1
41408483,쏘렌토 4세대,3250,1,85468,1598,5,5,1,1,0,0,1,0,0,1,0,0,0,1,0,0,1,1,1,1,1,1,1,1,1
41033473,더 뉴 레이,680,1,85539,998,2,8,10,1,0,1,0,0,0,1,0,0,0,0,1,0,0,1,0,0,0,0,0,0,0
41238244,모하비 더 마스터,3999,1,68915,2959,7,5,1,1,0,0,0,1,0,0,1,0,0,1,0,1,1,1,1,1,1,1,1,1,1
41417847,더 뉴 레이,815,1,76012,998,2,4,0,1,0,1,0,0,0,1,0,0,0,0,1,0,0,1,1,0,0,0,0,0,1
41103858,K5 3세대,2650,1,52623,1598,5,5,2,1,0,1,0,0,0,1,0,0,0,0,1,1,1,1,1,1,1,1,1,1,1
41519222,K7 프리미어,2350,1,72300,2497,5,6,1,1,0,1,0,0,0,1,0,0,0,0,1,1,1,1,1,1,1,1,1,1,1
41512511,더 뉴 K9 2세대,4999,1,37420,3778,5,4,0,1,0,1,0,0,0,0,1,0,0,0,1,1,1,1,1,1,1,1,1,1,1
41513295,더 뉴 쏘렌토 4세대,4450,1,39704,1598,6,2,0,1,0,0,1,0,0,1,0,0,0,1,0,1,1,1,1,1,1,1,1,1,1
41503257,더 뉴 기아 레이,1299,1,38505,998,2,2,0,1,0,1,0,0,0,0,1,0,0,0,1,0,0,1,0,0,1,0,1,0,1
41565789,카니발 4세대,3040,1,46112,2151,9,5,4,1,0,0,0,1,0,0,1,0,0,1,0,0,1,1,1,1,1,1,1,1,1
41571579,K8,3280,1,29125,2497,5,2,0,1,0,1,0,0,0,0,0,1,0,0,1,0,1,1,1,1,1,1,1,1,1
41644113,K8 하이브리드,3280,1,57470,1598,5,4,0,1,0,0,1,0,0,0,1,0,0,0,1,0,1,1,1,1,1,1,1,1,1
41631570,K5 하이브리드 3세대,2560,1,56081,1999,5,3,4,1,0,0,1,0,0,0,1,0,0,0,1,0,1,1,1,1,1,1,1,1,1
41635165,스포티지 5세대,2790,1,32600,1598,5,2,6,1,0,1,0,0,0,1,0,0,0,1,0,1,1,1,1,1,1,1,1,1,1
41623351,쏘렌토 4세대,2650,1,134160,2151,5,5,0,1,0,0,0,1,0,0,0,1,0,1,0,1,1,1,1,1,1,1,1,1,1
41651710,더 뉴 기아 레이,1270,1,21617,998,2,3,1,1,0,1,0,0,0,1,0,0,0,0,1,0,0,1,0,0,0,0,0,0,0
41611594,카니발 4세대,3190,1,34543,2151,9,5,0,1,0,0,0,1,0,0,1,0,0,1,0,0,1,1,1,1,1,1,1,1,1
41605120,더 뉴 쏘렌토 4세대,4650,1,8145,2497,5,0,0,1,0,1,0,0,0,0,1,0,0,1,0,1,1,1,1,1,1,1,1,1,1
41596924,올 뉴 K3,1140,1,72811,1598,5,5,5,1,0,1,0,0,0,1,0,0,0,0,1,0,0,1,1,1,1,1,1,1,1
41590046,쏘렌토 4세대,2439,1,120284,2151,5,3,3,1,0,0,0,1,0,0,0,1,0,1,0,1,1,1,1,1,1,1,1,1,1
41646997,스포티지 5세대,2599,1,98913,1998,5,4,1,1,0,0,0,1,0,0,1,0,0,1,0,0,1,1,1,1,1,1,1,1,1
41647649,카니발 4세대,3290,1,147850,2151,7,4,5,1,0,0,0,1,0,0,1,0,0,1,0,0,1,1,1,1,1,1,1,1,1
41643219,더 뉴 카니발,1850,1,139381,2199,9,7,0,1,0,0,0,1,0,1,0,0,0,1,0,1,1,1,1,1,1,1,1,1,1
41650844,올 뉴 카니발,1780,1,21428,2199,9,10,1,1,0,0,0,1,0,0,0,1,0,1,0,0,0,1,1,1,1,1,1,1,1
41635823,더 뉴 쏘렌토,2130,1,100365,1995,5,6,0,1,0,0,0,1,0,0,1,0,0,1,0,0,1,1,1,1,1,1,1,1,1
41593754,올 뉴 쏘렌토,1690,1,79617,1995,7,10,0,1,0,0,0,1,0,1,0,0,0,1,0,1,0,1,1,1,1,0,1,1,1
41624264,K5 하이브리드,510,1,91109,1999,5,13,11,1,0,0,1,0,0,0,0,1,0,0,1,0,0,1,1,1,1,1,1,0,1
41599080,쏘렌토 4세대,3550,1,38189,2497,6,3,0,1,0,1,0,0,0,1,0,0,0,1,0,0,1,1,1,1,1,1,1,1,1
41603748,쏘렌토 4세대,2600,1,122244,2151,5,5,0,1,0,0,0,1,0,0,0,1,0,1,0,1,1,1,1,1,1,1,1,1,1
41586286,스팅어,2270,1,95474,3342,5,8,0,1,0,1,0,0,0,0,0,1,0,0,1,1,1,1,1,1,1,1,1,1,1
41620243,더 뉴 기아 레이,1550,1,49499,998,5,3,1,1,0,1,0,0,0,1,0,0,0,0,1,0,0,1,1,1,1,1,1,1,1
41645819,스포티지 더 볼드,1440,1,115537,1598,5,4,0,1,0,0,0,1,0,1,0,0,0,1,0,0,0,1,1,0,1,1,1,1,1
41631452,모닝 어반 (JA),1350,1,62594,998,5,4,0,1,0,1,0,0,0,1,0,0,0,0,1,1,0,1,1,1,1,1,1,1,1
41549390,카니발 4세대,2690,1,114026,2151,9,5,1,1,0,0,0,1,0,0,1,0,0,1,0,0,1,1,1,1,1,1,1,1,1
41548412,EV6,2790,1,115421,111,5,4,1,1,0,0,0,0,1,0,0,1,0,0,1,0,1,1,1,1,1,1,1,1,1
41548058,더 뉴 쏘렌토 4세대,4180,1,48366,1598,5,2,1,1,0,0,1,0,0,1,0,0,0,1,0,1,1,1,1,1,1,1,1,1,1
41619229,카니발 4세대,2520,1,66059,2151,9,4,7,1,0,0,0,1,0,0,1,0,0,1,0,0,1,1,1,1,1,1,1,1,1
41516812,더 뉴 카니발 4세대,6200,1,7251,3470,7,1,0,1,0,1,0,0,0,0,0,0,1,1,0,0,1,1,1,1,1,1,1,1,1
41513428,더 뉴 카니발 4세대,5480,1,13848,1598,7,2,0,1,0,0,1,0,0,0,0,1,0,1,0,1,1,1,1,1,1,1,1,1,1
41500485,K5,490,1,125224,1999,5,13,5,1,0,1,0,0,0,1,0,0,0,0,1,1,1,1,1,1,1,1,1,0,1
41568250,올 뉴 K7,1179,1,81658,2999,5,10,4,1,1,0,0,0,0,0,0,0,1,0,1,0,0,1,1,1,1,1,1,0,1
41560499,올 뉴 카니발,1120,1,158991,2199,9,9,2,1,0,0,0,1,0,0,1,0,0,1,0,0,0,1,1,1,1,1,1,1,1
41632274,쏘렌토 4세대,3000,1,55827,2497,5,3,9,1,0,1,0,0,0,0,0,1,0,1,0,0,1,1,1,1,1,1,1,1,1
41636818,카니발 4세대,3420,1,44111,2151,9,3,1,1,0,0,0,1,0,1,0,0,0,1,0,0,1,1,1,1,1,1,1,1,1
41621098,카니발 4세대,3880,1,21416,3470,7,5,0,1,0,1,0,0,0,0,1,0,0,1,0,0,1,1,1,1,1,1,1,1,1
41658795,더 뉴 스포티지 5세대,3950,1,1459,1598,5,0,0,1,0,1,0,0,0,0,0,1,0,1,0,0,1,1,1,1,1,1,1,1,1
41490207,K8,2230,1,82301,3470,5,4,0,1,1,0,0,0,0,0,0,1,0,0,1,0,1,1,1,1,1,1,1,1,1
41505539,올 뉴 카니발,1030,1,123349,2199,9,9,9,1,0,0,0,1,0,1,0,0,0,1,0,0,0,1,1,1,1,1,1,1,1
41516588,셀토스,1990,1,41000,1591,5,6,0,1,0,1,0,0,0,1,0,0,0,1,0,0,0,0,0,0,0,0,0,0,0
39650569,K3,650,1,112562,1582,5,12,4,1,0,0,0,1,0,1,0,0,0,0,1,0,0,1,1,1,1,1,1,0,1
41365463,올 뉴 K7,940,1,179123,2359,5,9,4,1,0,1,0,0,0,1,0,0,0,0,1,0,1,1,1,1,1,1,1,1,1
41547034,올 뉴 카니발,890,1,165185,2199,9,8,4,1,0,0,0,1,0,0,1,0,0,1,0,0,0,1,1,0,1,1,1,1,1
41588403,더 뉴 카니발,1850,1,90442,2199,9,7,1,1,0,0,0,1,0,1,0,0,0,1,0,0,1,1,1,1,1,1,1,1,1
41242308,더 K9,2050,1,213975,3342,5,6,0,1,0,1,0,0,0,0,1,0,0,0,1,0,1,1,1,1,1,1,1,1,1
41636547,더 K9,1800,1,203836,3778,5,5,3,1,0,1,0,0,0,1,0,0,0,0,1,0,1,1,1,1,1,1,1,1,1
39928513,스포티지 더 볼드,1590,1,86150,1995,5,7,0,1,0,0,0,1,0,1,0,0,0,1,0,0,0,1,1,1,1,1,1,1,1
41557754,스포티지 R,450,1,180608,1995,5,15,2,1,0,0,0,1,0,0,0,1,0,1,0,1,0,1,0,1,1,1,1,1,1
41602473,올 뉴 프라이드,400,1,126849,1591,5,13,1,1,0,1,0,0,0,1,0,0,0,0,1,0,0,1,1,1,0,1,1,0,1
41398647,올 뉴 카니발,1050,1,119441,2199,9,9,7,1,0,0,0,1,0,0,1,0,0,1,0,0,0,1,1,1,1,1,1,1,1
41189539,올 뉴 카니발,1380,1,114997,2199,7,10,12,1,0,0,0,1,0,0,1,0,0,1,0,0,0,1,1,1,1,1,1,1,1
41622795,더 뉴 K5 3세대,2900,1,39402,1999,5,2,2,1,0,1,0,0,0,1,0,0,0,0,1,0,1,1,1,1,1,1,1,1,1
41589088,모닝 어반 (JA),1590,1,7852,998,5,3,0,1,0,1,0,0,0,1,0,0,0,0,1,0,0,1,1,1,1,1,1,1,1
41658349,더 뉴 K5 3세대,2850,1,65171,1999,5,2,0,1,0,1,0,0,0,1,0,0,0,0,1,0,1,1,1,1,1,1,1,1,1
41606494,더 뉴 K9,1050,1,166633,3342,5,11,3,1,0,1,0,0,0,0,1,0,0,0,1,0,0,1,1,1,1,1,1,1,1
41286260,카니발 R,629,1,148904,2199,9,12,5,1,0,0,0,1,0,1,0,0,0,1,0,0,0,1,1,1,0,0,1,0,1
41569174,올 뉴 쏘렌토,1480,1,116359,1995,7,11,2,1,0,0,0,1,0,1,0,0,0,1,0,1,0,1,1,1,1,1,1,1,1
41213434,카니발 4세대,2860,1,107903,2151,7,3,0,1,0,0,0,1,0,0,1,0,0,1,0,0,1,1,1,1,1,1,1,1,1
41217501,더 뉴 니로,1950,1,31361,1580,5,6,9,1,0,0,1,0,0,0,0,1,0,1,0,0,0,1,1,1,1,1,1,1,1
41223389,스포티지 4세대,1190,1,104943,1995,5,10,18,1,0,0,0,1,0,0,0,1,0,1,0,0,0,1,1,0,1,1,1,0,1
41228312,카니발 4세대,3480,1,35892,2151,9,3,0,1,0,0,0,1,0,1,0,0,0,1,0,0,1,1,1,1,1,1,1,1,1
41288709,더 뉴 카니발 4세대,3780,1,46473,3470,7,2,0,1,0,1,0,0,0,1,0,0,0,1,0,0,1,1,1,1,1,1,1,1,1
41511078,더 뉴 쏘렌토 4세대,4550,1,33459,1598,6,2,3,1,0,0,1,0,0,1,0,0,0,1,0,0,1,1,1,1,1,1,1,1,1
41511268,더 뉴 쏘렌토 4세대,6700,1,141,1598,7,0,0,1,0,0,1,0,0,1,0,0,0,1,0,1,1,1,1,1,1,1,1,1,1
41502034,디 올 뉴 니로,2130,1,102588,1580,5,4,0,1,0,0,1,0,0,0,0,0,1,1,0,0,0,1,1,1,1,1,1,1,1
41492553,K9,1150,1,141688,3778,5,12,8,1,0,1,0,0,0,0,1,0,0,0,1,1,1,1,1,1,1,1,1,1,1
41576861,더 뉴 쏘렌토 4세대,4640,1,5034,1598,6,2,0,1,0,0,1,0,0,1,0,0,0,1,0,1,1,1,1,1,1,1,1,1,1
41564531,스포티지 더 볼드,1590,1,105767,1598,5,7,2,1,0,0,0,1,0,1,0,0,0,1,0,0,0,1,1,0,1,0,1,1,1
41564021,스포티지 5세대,2650,1,42557,1598,5,3,6,1,0,1,0,0,0,1,0,0,0,1,0,0,1,1,1,1,1,1,1,1,1
41551785,K8 하이브리드,3090,1,72572,1598,5,2,0,1,0,0,1,0,0,0,0,1,0,0,1,0,1,1,1,1,1,1,1,1,1
40789388,쏘렌토 4세대,2990,1,97227,2151,5,5,3,1,0,0,0,1,0,0,0,0,1,1,0,0,1,1,1,1,1,1,1,1,1
41573886,더 뉴 카니발 4세대,3640,1,36225,2151,9,2,0,1,0,0,0,1,0,1,0,0,0,1,0,0,1,1,1,1,1,1,1,1,1
41554330,K5 3세대,1950,1,61551,1598,5,6,2,1,0,1,0,0,0,0,1,0,0,0,1,0,1,1,1,1,1,0,1,1,1
41649838,K8,3280,1,29828,2497,5,4,1,1,0,1,0,0,0,1,0,0,0,0,1,1,1,1,1,1,1,1,1,1,1
41646830,쏘렌토 4세대,3389,1,47740,1598,6,5,2,1,0,0,1,0,0,0,0,0,1,1,0,1,1,1,1,1,1,1,1,1,1
41652692,모닝 어반 (JA),1450,1,15046,998,5,3,0,1,0,1,0,0,0,1,0,0,0,0,1,0,0,1,1,1,1,1,1,1,1
41638529,더 뉴 K3 2세대,1390,1,131157,1598,5,4,5,1,0,1,0,0,0,0,0,1,0,0,1,0,0,1,1,1,1,1,1,0,1
41605318,스포티지 5세대,3250,1,41117,1998,5,2,0,1,0,0,0,1,0,1,0,0,0,1,0,0,1,1,1,1,1,1,1,1,1
41584370,스포티지 더 볼드,1920,1,80041,1999,5,6,0,1,0,1,0,0,0,1,0,0,0,1,0,0,0,1,1,1,1,1,1,1,1
41645618,K3,500,1,184542,1582,5,11,5,1,0,0,0,1,0,1,0,0,0,0,1,0,0,1,1,1,0,0,1,0,1
41621331,스포티지 4세대,1150,1,139796,1995,5,10,10,1,0,0,0,1,0,1,0,0,0,1,0,1,0,1,1,0,1,1,1,1,1
41621297,올 뉴 모닝,460,1,136639,998,5,13,5,1,0,1,0,0,0,0,0,1,0,0,1,0,0,1,1,0,1,1,1,0,1
40935329,올 뉴 모닝 (JA),970,1,35676,998,5,8,1,1,0,1,0,0,0,1,0,0,0,0,1,0,0,1,1,0,1,0,1,0,1
41093813,카니발 4세대,2380,1,156226,2151,9,5,0,1,0,0,0,1,0,1,0,0,0,1,0,1,1,1,1,1,1,1,1,1,1
41127162,셀토스,2250,1,49984,1591,5,5,0,1,0,1,0,0,0,1,0,0,0,1,0,1,1,1,1,1,1,1,1,1,1
41114065,K8,2550,1,54780,2497,5,4,4,1,0,1,0,0,0,0,0,1,0,0,1,0,1,1,1,1,1,1,1,1,1
41189787,스포티지 5세대 하이브리드,2599,1,59059,1598,5,4,1,1,0,0,1,0,0,1,0,0,0,1,0,0,1,1,1,1,1,1,1,1,1
41184548,스포티지 5세대,2999,1,13872,1998,5,2,1,1,0,0,0,1,0,0,0,1,0,1,0,0,1,1,1,1,1,1,1,1,1
41184689,카니발 4세대,2590,1,88737,3470,9,3,3,1,0,1,0,0,0,0,1,0,0,1,0,0,1,1,1,1,1,1,1,1,1
41198373,스포티지 5세대,2499,1,27025,1998,5,4,2,1,0,0,0,1,0,0,1,0,0,1,0,0,1,1,1,1,1,1,1,1,1
41226275,더 뉴 쏘렌토,2050,1,107250,2199,5,6,7,1,0,0,0,1,0,1,0,0,0,1,0,1,1,1,1,1,1,1,1,1,1
41258183,카니발 4세대,3750,1,85200,3470,9,3,1,1,0,1,0,0,0,1,0,0,0,1,0,0,1,1,1,1,1,1,1,1,1
41261247,쏘렌토 4세대,4050,1,27742,1598,7,4,1,1,0,0,1,0,0,0,0,1,0,1,0,0,1,1,1,1,1,1,1,1,1
41266268,카니발 4세대,2550,1,129231,2151,9,5,5,1,0,0,0,1,0,0,1,0,0,1,0,0,1,1,1,1,1,1,1,1,1
41305357,쏘렌토 4세대,2530,1,72006,2151,5,5,1,1,0,0,0,1,0,1,0,0,0,1,0,0,1,1,1,1,1,1,1,1,1
41293027,더 뉴 카니발 4세대,3370,1,26733,2151,9,2,0,1,0,0,0,1,0,1,0,0,0,1,0,0,1,1,1,1,1,1,1,1,1
41305423,셀토스,2390,1,11606,1591,5,3,0,1,0,1,0,0,0,1,0,0,0,1,0,0,1,1,1,1,1,1,1,1,1
40926019,쏘렌토 4세대,3750,1,79306,2497,6,4,0,1,0,1,0,0,0,1,0,0,0,1,0,0,1,1,1,1,1,1,1,1,1
40978106,K3,480,1,121844,1591,5,13,15,1,0,1,0,0,0,1,0,0,0,0,1,1,0,1,1,1,1,1,1,0,1
41026603,셀토스,1660,1,89798,1591,5,6,0,1,0,1,0,0,0,1,0,0,0,1,0,0,1,1,1,1,1,1,1,1,1
41475418,더 뉴 카니발 4세대,4750,1,17440,2151,9,2,0,1,0,0,0,1,0,1,0,0,0,1,0,0,1,1,1,1,1,1,1,1,1
41436544,더 뉴 카니발 4세대,3730,1,35279,2151,9,1,2,1,0,0,0,1,0,1,0,0,0,1,0,0,1,1,1,1,1,1,1,1,1
41358791,모하비 더 마스터,4320,1,61542,2959,7,4,3,1,0,0,0,1,0,0,1,0,0,1,0,1,1,1,1,1,1,1,1,1,1
41386479,올 뉴 모닝,399,1,106054,998,5,13,8,1,0,1,0,0,0,1,0,0,0,0,1,0,0,1,1,0,0,1,1,0,1
41396597,K5 3세대,2690,1,52984,1598,5,5,2,1,0,1,0,0,0,1,0,0,0,0,1,1,1,1,1,1,1,1,1,1,1
41386069,쏘렌토 4세대,2480,1,118434,2151,5,5,18,1,0,0,0,1,0,1,0,0,0,1,0,1,1,1,1,1,1,1,1,1,1
41400805,스팅어 마이스터,3450,1,85816,2497,5,4,1,1,0,1,0,0,0,1,0,0,0,0,1,1,1,1,1,1,1,1,1,1,1
41412982,올 뉴 쏘렌토,1420,1,70455,1995,7,10,4,1,0,0,0,1,0,1,0,0,0,1,0,0,0,1,1,1,1,1,1,1,1
41412497,스포티지 5세대,2590,1,91357,1998,5,3,0,1,0,0,0,1,0,0,0,1,0,1,0,0,1,1,0,1,1,1,1,1,1
41465366,더 뉴 카니발,9999,1,121809,2199,9,6,5,1,0,0,0,1,0,0,1,0,0,1,0,0,0,1,1,1,1,1,1,1,1
41446493,더 뉴 레이,1010,1,82215,998,5,4,7,1,0,1,0,0,0,1,0,0,0,0,1,0,0,1,0,0,0,0,1,0,0
41438436,디 올 뉴 니로,2200,1,77612,1580,5,3,0,1,0,0,1,0,0,0,0,0,1,1,0,0,0,1,1,1,1,1,1,1,1
41385163,쏘렌토 4세대,3620,1,51599,1598,6,4,3,1,0,0,1,0,0,1,0,0,0,1,0,1,1,1,1,1,1,1,1,1,1
41399261,더 뉴 카니발,1950,1,50023,3342,11,6,0,1,0,1,0,0,0,0,0,1,0,1,0,0,0,1,1,1,1,1,1,1,1
41541452,셀토스,2120,1,33817,1591,5,3,3,1,0,1,0,0,0,1,0,0,0,1,0,0,0,1,1,1,1,1,1,1,1
41544176,더 뉴 쏘렌토 4세대,5880,1,6394,1598,5,0,0,1,0,0,1,0,0,1,0,0,0,1,0,1,1,1,1,1,1,1,1,1,1
41509198,카니발 4세대,3440,1,38489,2151,9,5,2,1,0,0,0,1,0,0,0,1,0,1,0,1,1,1,1,1,1,1,1,1,1
41512549,더 뉴 K9 2세대,4030,1,112716,3778,5,4,2,1,0,1,0,0,0,0,1,0,0,0,1,0,1,1,1,1,1,1,1,1,1
41351797,K5 3세대,2090,1,94637,1598,5,5,4,1,0,1,0,0,0,0,1,0,0,0,1,1,1,1,1,1,1,1,1,1,1
41606682,더 뉴 스포티지 R,750,1,104950,1995,5,11,6,1,0,0,0,1,0,1,0,0,0,1,0,0,0,1,1,0,1,1,1,0,1
41602614,더 뉴 레이,995,1,138318,998,5,8,0,1,0,1,0,0,0,1,0,0,0,0,1,0,0,1,1,1,1,1,1,0,1
41602068,K7 프리미어 하이브리드,2150,1,139837,2359,5,5,0,1,0,0,1,0,0,0,0,0,1,0,1,0,1,1,1,1,1,1,1,1,1
41605414,스포티지 5세대 하이브리드,3200,1,20234,1598,5,3,0,1,0,0,1,0,0,1,0,0,0,1,0,0,1,1,1,1,1,1,1,1,1
41600925,올 뉴 쏘렌토,1130,1,152603,1995,5,10,3,1,0,0,0,1,0,0,0,1,0,1,0,0,0,1,1,1,1,1,1,1,1
41589095,K5 3세대,3150,1,11669,1999,5,4,5,1,0,1,0,0,0,1,0,0,0,0,1,0,1,1,1,1,1,1,1,1,1
41576760,K8,1980,1,150915,3470,5,4,0,1,1,0,0,0,0,0,0,1,0,0,1,1,1,1,1,1,1,1,1,1,1
41639601,디 올 뉴 니로,3340,1,23038,1580,5,3,0,1,0,0,1,0,0,1,0,0,0,1,0,0,1,1,1,1,1,1,1,1,1
41643015,더 뉴 쏘렌토 4세대,4350,1,24208,1598,5,1,0,1,0,0,1,0,0,0,0,1,0,1,0,0,1,1,1,1,1,1,1,1,1
41630805,레이,500,1,135405,998,5,14,3,1,0,1,0,0,0,0,0,0,1,0,1,0,0,1,1,0,0,1,1,0,1
41634508,카니발 4세대,3699,1,107550,3470,7,3,0,1,0,1,0,0,0,1,0,0,0,1,0,0,1,1,1,1,1,1,1,1,1
41636830,모하비,780,1,177817,2959,7,15,8,1,0,0,0,1,0,0,0,1,0,1,0,0,0,1,1,1,1,0,1,1,1
41622964,K5 3세대,2150,1,37958,1999,5,4,0,1,1,0,0,0,0,0,1,0,0,0,1,0,1,1,1,1,1,1,1,1,1
41620453,올 뉴 카니발,880,1,193508,2199,9,10,3,1,0,0,0,1,0,0,1,0,0,1,0,1,0,1,1,1,1,1,1,1,1
41658579,EV6,2400,1,179633,111,5,4,0,1,0,0,0,0,1,1,0,0,0,0,1,0,1,1,1,1,1,1,1,1,1
41624861,스포티지 4세대,1050,1,96400,1685,5,8,0,1,0,0,0,1,0,0,0,1,0,1,0,0,0,0,0,0,0,0,0,0,0
41631577,모하비,880,1,134561,2959,7,14,0,1,0,0,0,1,0,0,0,1,0,1,0,1,0,1,1,1,1,1,1,1,1
41225558,더 뉴 카니발,1450,1,139703,2199,9,6,3,1,0,0,0,1,0,1,0,0,0,1,0,0,0,1,1,1,1,1,1,1,1
41208414,더 뉴 카니발 4세대,4190,1,29967,2151,7,2,0,1,0,0,0,1,0,0,0,1,0,1,0,1,1,1,1,1,1,1,1,1,1
41123989,올 뉴 모닝,430,1,122867,998,5,13,10,1,0,1,0,0,0,0,0,1,0,0,1,0,0,1,1,0,0,1,1,0,1
41168263,카니발 4세대,2780,1,40365,2151,9,5,4,1,0,0,0,1,0,0,1,0,0,1,0,0,1,1,1,1,1,1,1,1,1
41042385,스포티지 R,659,1,92046,1995,5,14,2,1,0,0,0,1,0,0,0,1,0,1,0,0,0,1,1,1,1,0,1,0,1
41050270,더 뉴 K7,460,1,206131,2359,5,13,11,1,0,1,0,0,0,0,1,0,0,0,1,1,0,1,1,1,1,1,1,0,1
41370044,K5 하이브리드 3세대,2270,1,50440,1999,5,5,16,1,0,0,1,0,0,0,0,1,0,0,1,0,1,1,1,1,1,1,1,1,1
41373473,쏘렌토 4세대,2799,1,131233,1598,5,3,0,1,0,0,1,0,0,1,0,0,0,1,0,0,1,1,1,1,1,1,1,1,1
41349683,레이,800,1,104889,998,5,10,12,1,0,1,0,0,0,1,0,0,0,0,1,0,0,1,1,1,1,1,1,0,1
41346130,더 뉴 모닝,599,1,92543,998,5,10,12,1,0,1,0,0,0,1,0,0,0,0,1,0,0,1,0,0,1,0,1,0,1
41339275,쏘렌토 4세대,2720,1,86758,2151,5,5,0,1,0,0,0,1,0,0,1,0,0,1,0,1,1,1,1,1,1,1,1,1,1
41277106,카니발 4세대,2950,1,43049,2151,9,4,0,1,0,0,0,1,0,1,0,0,0,1,0,0,1,1,1,1,1,1,1,1,1
41430976,더 뉴 셀토스,2420,1,12498,1598,5,3,3,1,0,1,0,0,0,1,0,0,0,1,0,0,0,1,1,1,1,1,1,1,1
41429784,올 뉴 카니발,1250,1,150853,2199,9,11,8,1,0,0,0,1,0,0,1,0,0,1,0,0,0,1,1,1,1,1,1,1,1
41431922,모하비 더 마스터,3290,1,60542,2959,5,5,8,1,0,0,0,1,0,0,1,0,0,1,0,0,1,1,1,1,1,1,1,1,1
41433031,K8,2140,1,86345,2497,5,3,9,1,0,1,0,0,0,0,1,0,0,0,1,0,1,1,1,1,1,1,1,1,1
40925311,쏘렌토 4세대,2550,1,105044,1598,5,4,24,1,0,0,1,0,0,0,0,0,1,1,0,1,1,1,1,1,1,1,1,1,1
40861372,더 뉴 K8 하이브리드,3520,1,758,1598,5,0,0,1,0,0,1,0,0,0,1,0,0,0,1,1,1,1,1,1,1,1,1,1,1
40804966,K5 3세대,1850,1,112935,1598,5,5,3,1,0,1,0,0,0,0,1,0,0,0,1,0,1,1,1,1,1,1,1,1,1
40243794,더 뉴 K5,690,1,136315,1999,5,12,9,1,0,1,0,0,0,1,0,0,0,0,1,0,0,1,1,1,1,1,1,0,1
40202715,쏘렌토 4세대,3390,1,54483,2151,6,5,1,1,0,0,0,1,0,1,0,0,0,1,0,0,1,1,1,1,1,1,1,1,1
40082391,올 뉴 쏘렌토,1050,1,200408,1995,5,10,17,1,0,0,0,1,0,1,0,0,0,1,0,0,0,1,1,1,1,1,1,1,1
41217934,더 뉴 모닝,620,1,72192,998,5,10,8,1,0,1,0,0,0,1,0,0,0,0,1,0,0,1,1,0,1,1,1,0,1
40998613,더 뉴 모하비,1699,1,156786,2959,7,8,8,1,0,0,0,1,0,0,1,0,0,1,0,1,0,1,1,1,1,1,1,1,1
41365101,스포티지 5세대,2690,1,49120,1998,5,3,0,1,0,0,0,1,0,0,0,1,0,1,0,0,1,1,1,1,1,1,1,1,1
40534804,올 뉴 쏘울,850,1,111567,1591,5,10,12,1,0,1,0,0,0,1,0,0,0,0,1,0,0,1,1,1,1,1,1,0,1
40655525,K5,620,1,142191,1999,5,13,10,1,0,1,0,0,0,1,0,0,0,0,1,1,0,1,1,1,1,1,1,1,1
40263111,더 뉴 모닝,490,1,152349,998,5,10,10,1,0,1,0,0,0,0,0,0,1,0,1,0,0,1,1,0,1,1,1,0,1
41228291,모하비,430,1,266565,2959,7,14,16,1,0,0,0,1,0,0,0,1,0,1,0,1,0,1,1,1,1,1,1,1,1
41274351,더 뉴 카니발 4세대,4069,1,3900,1598,9,0,1,1,0,0,1,0,0,1,0,0,0,1,0,0,1,1,1,1,1,1,1,1,1
41259450,카니발 R,460,1,175144,2199,9,15,9,1,0,0,0,1,0,1,0,0,0,1,0,1,0,1,1,1,0,1,1,0,1
41265598,스포티지 5세대,2049,1,114822,1598,5,4,3,1,0,1,0,0,0,1,0,0,0,1,0,0,1,1,1,1,1,1,1,0,1
41424449,스포티지 5세대 하이브리드,2800,1,93653,1598,5,3,1,1,0,0,1,0,0,0,0,1,0,1,0,0,1,1,1,1,1,1,1,1,1
40706785,올 뉴 모닝 (JA),890,1,85344,998,5,6,2,1,0,1,0,0,0,0,0,0,1,0,1,0,0,1,1,1,1,0,1,0,1
40410829,더 뉴 쏘렌토,1490,1,150196,2199,5,8,1,1,0,0,0,1,0,0,0,1,0,1,0,0,0,1,1,1,1,1,1,1,1
40846373,카니발 4세대,4490,1,84801,2151,9,3,2,1,0,0,0,1,0,1,0,0,0,1,0,0,1,1,1,1,1,1,1,1,1
41637865,쏘렌토 4세대,2620,1,108517,1598,5,4,0,1,0,0,1,0,0,1,0,0,0,1,0,1,1,1,1,1,1,1,1,1,1
41401295,포르테,330,1,123882,1591,5,16,6,1,0,1,0,0,0,0,0,1,0,0,1,0,0,1,0,0,1,1,1,0,0
41403857,올 뉴 쏘울,580,1,144939,1591,5,12,4,1,0,1,0,0,0,0,1,0,0,0,1,1,0,1,1,1,1,1,1,0,1
41392426,K8,2340,1,66720,2497,5,4,0,1,0,1,0,0,0,0,0,1,0,0,1,0,1,1,1,1,1,1,1,1,1
41386587,K5 3세대,2439,1,32193,1598,5,6,0,1,0,1,0,0,0,1,0,0,0,0,1,1,1,1,1,1,1,1,1,1,1
41377514,더 뉴 카니발,2160,1,92239,2199,7,6,0,1,0,0,0,1,0,0,1,0,0,1,0,0,1,1,1,1,1,1,1,1,1
41483831,더 뉴 카니발,1770,1,131424,2199,9,7,3,1,0,0,0,1,0,1,0,0,0,1,0,0,1,1,1,1,1,1,1,1,1
41485626,디 올 뉴 니로,2490,1,50384,1580,5,4,1,1,0,0,1,0,0,0,0,0,1,1,0,0,0,1,1,1,1,1,1,1,1
41478685,K5 3세대,3150,1,43513,1598,5,3,1,1,0,1,0,0,0,1,0,0,0,0,1,1,1,1,1,1,1,1,1,1,1
41478129,올 뉴 카니발,1790,1,184278,2199,9,8,2,1,0,0,0,1,0,0,1,0,0,1,0,0,0,1,1,1,1,1,1,1,1
41456095,카니발 4세대,3249,1,77442,3470,9,4,6,1,0,1,0,0,0,1,0,0,0,1,0,0,1,1,1,1,1,1,1,1,1
41450909,더 뉴 쏘렌토 4세대,4350,1,13895,1598,5,2,0,1,0,0,1,0,0,1,0,0,0,1,0,0,1,1,1,1,1,1,1,1,1
41406088,스포티지 5세대,2850,1,35872,1598,5,4,0,1,0,1,0,0,0,1,0,0,0,1,0,0,1,1,1,1,1,1,1,1,1
41406318,더 뉴 레이,940,1,38266,998,2,4,3,1,0,1,0,0,0,1,0,0,0,0,1,0,0,1,1,0,0,1,1,0,0
41385054,올 뉴 카니발,850,1,191027,2199,9,11,2,1,0,0,0,1,0,1,0,0,0,1,0,0,0,1,1,1,1,1,1,1,1
41380260,더 뉴 K3,680,1,103541,1591,5,8,8,1,0,1,0,0,0,0,1,0,0,0,1,0,0,1,0,0,0,0,1,0,1
41375897,더 뉴 K3,660,1,106294,1591,5,8,6,1,0,1,0,0,0,0,0,0,1,0,1,0,0,1,1,0,1,1,1,0,1
41487532,스토닉,970,1,134069,1368,5,8,3,1,0,1,0,0,0,0,0,0,1,1,0,1,0,1,1,1,1,1,1,0,1
41488149,더 뉴 K7,550,1,152871,2359,5,12,9,1,0,1,0,0,0,0,1,0,0,0,1,0,0,1,1,1,1,1,1,0,1
41471308,더 뉴 레이,880,1,72864,998,5,6,2,1,0,1,0,0,0,1,0,0,0,0,1,0,0,1,0,0,0,0,0,0,1
41477970,올 뉴 K7,1280,1,113156,2359,5,9,7,1,0,1,0,0,0,1,0,0,0,0,1,0,0,1,1,1,1,1,1,1,1
41475931,모하비 더 마스터,2790,1,157899,2959,6,6,0,1,0,0,0,1,0,1,0,0,0,1,0,0,1,1,1,1,1,1,1,1,1
41470438,카니발 4세대,2850,1,96788,2151,9,5,0,1,0,0,0,1,0,1,0,0,0,1,0,0,1,1,1,1,1,1,1,1,1
41466244,EV3,3920,1,20449,237,5,0,0,1,0,0,0,0,1,1,0,0,0,1,0,0,1,1,1,1,1,1,1,1,1
41462006,카니발 4세대,3140,1,39109,3470,9,5,0,1,0,1,0,0,0,0,1,0,0,1,0,0,1,1,1,1,1,1,1,1,1
41459405,뉴모닝,180,1,90684,999,2,18,3,0,0,1,0,0,0,0,0,1,0,0,1,0,0,1,0,0,0,0,0,0,0
41439058,셀토스,1270,1,160490,1598,5,5,4,1,0,0,0,1,0,1,0,0,0,1,0,0,0,1,1,1,1,1,1,1,1
41507321,올 뉴 카니발,750,1,216096,2199,9,10,7,1,0,0,0,1,0,1,0,0,0,1,0,1,0,1,1,1,1,1,1,1,1
41568255,올 뉴 모닝 (JA),698,1,108359,998,5,9,5,1,0,1,0,0,0,1,0,0,0,0,1,0,0,1,1,1,1,1,1,0,1
41558847,K8,2890,1,59297,3470,5,2,0,1,1,0,0,0,0,0,0,1,0,0,1,0,1,1,1,1,1,1,1,1,1
41583766,쏘렌토 4세대,2620,1,115490,2151,6,5,0,1,0,0,0,1,0,1,0,0,0,1,0,0,1,1,1,1,1,1,1,1,1
41575006,뉴 쏘렌토 R,530,1,186152,1995,7,13,13,1,0,0,0,1,0,0,0,1,0,1,0,0,0,1,1,1,1,1,1,1,1
41566774,더 뉴 K3,849,1,131122,1591,5,8,7,1,0,1,0,0,0,1,0,0,0,0,1,0,0,1,1,0,1,1,1,0,1
41560086,올 뉴 K7,1099,1,191831,2359,5,9,3,1,0,1,0,0,0,0,1,0,0,0,1,0,1,1,1,1,1,1,1,1,1
41562087,올 뉴 모닝 (JA),940,1,34793,998,5,7,10,1,0,1,0,0,0,1,0,0,0,0,1,0,0,1,1,1,1,0,1,0,1
41433931,스포티지 4세대,910,1,192203,1995,5,10,2,1,0,0,0,1,0,1,0,0,0,1,0,0,0,1,1,0,1,1,1,1,1
41509354,스포티지 4세대,9999,1,142527,1995,5,8,7,1,0,0,0,1,0,1,0,0,0,1,0,0,0,1,1,0,1,1,1,1,1
41511625,셀토스,2100,1,44382,1591,5,3,0,1,0,1,0,0,0,0,0,0,1,1,0,0,1,1,1,1,1,1,1,1,1
41509692,더 뉴 모닝,550,1,83165,998,5,10,6,1,0,1,0,0,0,0,0,0,1,0,1,0,0,1,0,0,1,0,1,0,1
41434045,K7 프리미어,1780,1,175000,2999,5,6,2,1,0,1,0,0,0,0,1,0,0,0,1,1,1,1,1,1,1,1,1,1,1
41542232,K7 하이브리드,550,1,186461,2359,5,12,12,1,0,0,1,0,0,0,0,1,0,0,1,0,0,1,1,1,1,1,1,1,1
41533855,모닝 어반 (JA),1430,1,18369,998,5,3,4,1,0,1,0,0,0,0,0,1,0,0,1,0,0,1,1,1,1,1,1,1,1
41529248,K9,750,1,152218,3342,5,12,5,1,0,1,0,0,0,0,1,0,0,0,1,0,0,1,1,1,1,1,1,1,1
41551238,K5 3세대,2420,1,68143,1598,5,4,6,1,0,1,0,0,0,0,1,0,0,0,1,1,1,1,1,1,1,1,1,1,1
41552103,올 뉴 카니발,1180,1,190574,2199,9,8,0,1,0,0,0,1,0,1,0,0,0,1,0,1,0,1,1,1,1,1,1,1,1
41615901,K9,840,1,146186,3342,5,12,13,1,0,1,0,0,0,0,1,0,0,0,1,0,1,1,1,1,1,1,1,1,1
41550382,K5 3세대,1650,1,14179,1999,5,5,6,1,0,1,0,0,0,1,0,0,0,0,1,0,1,1,1,0,0,1,1,0,1
41602370,디 올 뉴 니로,3050,1,46771,1580,5,2,0,1,0,0,1,0,0,1,0,0,0,1,0,0,1,1,1,1,1,1,1,1,1
41590243,올 뉴 K7 하이브리드,1099,1,214097,2359,5,9,4,1,0,0,1,0,0,0,0,1,0,0,1,1,1,1,1,1,1,1,1,1,1
41649944,카니발 4세대,2950,1,103431,2151,7,5,5,1,0,0,0,1,0,1,0,0,0,1,0,1,1,1,1,1,1,1,1,1,1
41644069,더 프레스티지 K7,329,1,278396,2999,5,14,11,1,1,0,0,0,0,1,0,0,0,0,1,1,1,1,1,1,1,1,1,1,1
41642808,올 뉴 모닝,350,1,127038,998,5,14,20,1,0,1,0,0,0,1,0,0,0,0,1,0,0,1,1,0,1,0,1,0,1
41636101,카니발 4세대,2530,1,93221,2151,9,4,0,1,0,0,0,1,0,1,0,0,0,1,0,0,1,1,1,1,1,1,1,1,1
41627299,K7,399,1,124344,2656,5,15,13,1,0,1,0,0,0,0,0,0,1,0,1,0,0,1,1,1,1,1,1,0,1
41603862,스포티지 더 볼드,1950,1,106008,1995,5,5,0,1,0,0,0,1,0,1,0,0,0,1,0,0,1,1,1,1,1,1,1,1,1
41650946,올 뉴 K7,1830,1,87358,2999,5,8,3,1,0,1,0,0,0,1,0,0,0,0,1,1,1,1,1,1,1,1,1,1,1
41647195,뉴모닝,270,1,107458,999,5,15,9,1,0,1,0,0,0,1,0,0,0,0,1,0,0,1,1,0,0,1,1,0,1
41630916,카니발 4세대,2750,1,88202,2151,9,4,8,1,0,0,0,1,0,0,0,1,0,1,0,1,1,1,1,1,1,1,1,1,1
41660359,올 뉴 모닝,290,1,198182,998,5,14,18,1,0,1,0,0,0,0,0,1,0,0,1,0,0,1,0,0,0,0,1,0,1
41660951,더 뉴 K9 2세대,5450,1,9259,3778,5,3,0,1,0,1,0,0,0,0,1,0,0,0,1,0,1,1,1,1,1,1,1,1,1
41661072,쏘렌토 4세대,3130,1,42901,2151,6,5,4,1,0,0,0,1,0,1,0,0,0,1,0,0,1,1,1,1,1,1,1,1,1
41656655,K3,380,1,201946,1582,5,11,4,1,0,0,0,1,0,1,0,0,0,0,1,0,0,1,1,1,0,1,1,0,1
40940586,니로,1090,1,135604,1580,5,9,6,1,0,0,1,0,0,1,0,0,0,1,0,0,0,1,1,1,1,1,1,1,1
41348121,올 뉴 카니발,1290,1,71198,2199,11,10,1,1,0,0,0,1,0,1,0,0,0,1,0,0,0,1,1,1,1,1,1,1,1
41589264,더 뉴 쏘렌토 4세대,4350,1,16172,1598,5,2,0,1,0,0,1,0,0,0,0,1,0,1,0,1,1,1,1,1,1,1,1,1,1
41629056,스포티지 5세대 하이브리드,3730,1,8770,1598,5,2,0,1,0,0,1,0,0,0,0,1,0,1,0,1,1,1,1,1,1,1,1,1,1
41525306,더 뉴 카니발 4세대,5450,1,12931,1598,7,1,0,1,0,0,1,0,0,0,1,0,0,1,0,0,1,1,1,1,1,1,1,1,1
41601317,스포티지 4세대,1150,1,110135,1685,5,10,5,1,0,0,0,1,0,1,0,0,0,1,0,1,0,1,1,1,1,1,1,1,1
41560432,K3,499,1,160103,1591,5,11,1,1,0,1,0,0,0,1,0,0,0,0,1,1,0,1,1,1,1,1,1,0,1
40240126,올 뉴 모닝,409,1,127912,998,5,11,3,1,0,1,0,0,0,1,0,0,0,0,1,0,0,1,1,0,1,0,1,0,1
41656059,프라이드(신형),299,1,62085,1399,5,15,4,1,0,1,0,0,0,0,0,1,0,0,1,0,0,1,0,0,0,0,0,0,0
41055633,더 뉴 모닝,519,1,90797,998,5,10,14,1,0,1,0,0,0,0,0,0,1,0,1,0,0,1,1,0,1,1,1,0,1
40987986,K5,399,1,152819,1998,5,15,4,1,1,0,0,0,0,0,0,0,1,0,1,0,0,0,1,1,0,1,1,0,1
41650103,스포티지 더 볼드,1330,1,123949,1598,5,6,1,1,0,0,0,1,0,0,0,1,0,1,0,0,1,1,0,0,1,0,1,1,1
41568715,스포티지 5세대,2800,1,30720,1598,5,4,6,1,0,1,0,0,0,0,0,1,0,1,0,0,1,1,1,1,1,1,1,1,1
41235003,카니발 4세대,2600,1,105555,2151,9,5,8,1,0,0,0,1,0,1,0,0,0,1,0,1,1,1,1,1,1,1,1,1,1
41590967,카니발 4세대,2470,1,80772,2151,9,5,0,1,0,0,0,1,0,1,0,0,0,1,0,0,1,1,1,1,1,1,1,1,1
41542199,카니발 4세대,2850,1,99158,3470,9,3,1,1,0,1,0,0,0,1,0,0,0,1,0,0,1,1,1,1,1,1,1,1,1
41583370,더 뉴 K3 2세대,1490,1,109057,1598,5,4,2,1,0,1,0,0,0,0,0,1,0,0,1,0,1,1,1,1,1,1,1,1,1
41557379,카니발 4세대,2820,1,130152,3470,7,5,1,1,0,1,0,0,0,0,0,1,0,1,0,1,1,1,1,1,1,1,1,1,1
41513761,쏘렌토 4세대,2270,1,61886,2151,5,5,8,1,0,0,0,1,0,0,0,1,0,1,0,0,1,1,1,1,1,1,1,0,1
41458902,더 뉴 K5 하이브리드 3세대,3240,1,37507,1999,5,2,0,1,0,0,1,0,0,0,0,0,1,0,1,1,1,1,1,1,1,1,1,1,1
41451128,쏘렌토 4세대,3080,1,61709,1598,7,4,3,1,0,0,1,0,0,0,0,1,0,1,0,0,1,1,1,1,1,1,1,1,1
41427218,스포티지 5세대,2460,1,46471,1598,5,3,5,1,0,1,0,0,0,0,0,1,0,1,0,0,1,1,1,1,1,1,1,1,1
41506898,더 뉴 쏘렌토 4세대,4290,1,45251,1598,6,2,1,1,0,0,1,0,0,1,0,0,0,1,0,1,1,1,1,1,1,1,1,1,1
41645553,스포티지 더 볼드,1900,1,53929,1995,5,7,1,1,0,0,0,1,0,0,0,0,1,1,0,0,1,1,1,1,1,1,1,1,1
41627565,스포티지 5세대,2440,1,52814,1998,5,4,1,1,0,0,0,1,0,0,1,0,0,1,0,0,1,1,1,1,1,1,1,1,1
41627637,더 뉴 K8 하이브리드,3820,1,41678,1598,5,1,0,1,0,0,1,0,0,0,1,0,0,0,1,0,1,1,1,1,1,1,1,1,1
41571692,카니발 4세대,3060,1,96740,2151,7,5,0,1,0,0,0,1,0,1,0,0,0,1,0,0,1,1,1,1,1,1,1,1,1
41499051,쏘렌토 4세대,2840,1,36579,1598,5,4,6,1,0,0,1,0,0,0,0,1,0,1,0,0,1,1,1,1,1,1,1,1,1
41380317,올 뉴 K3,1510,1,74534,1598,5,7,2,1,0,1,0,0,0,0,0,0,1,0,1,0,1,1,1,1,1,1,1,1,1
41344368,니로,1540,1,81712,1580,5,9,0,1,0,0,1,0,0,0,0,0,1,1,0,0,0,1,1,1,1,1,1,1,1
41620214,모하비 더 마스터,3710,1,64214,2959,5,5,0,1,0,0,0,1,0,0,1,0,0,1,0,0,1,1,1,1,1,1,1,1,1
41620082,K5 하이브리드 3세대,2630,1,30675,1999,5,3,1,1,0,0,1,0,0,0,1,0,0,0,1,0,1,1,1,1,1,1,1,1,1
41654034,쏘렌토 4세대,3350,1,58963,1598,5,3,2,1,0,0,1,0,0,0,0,1,0,1,0,0,1,1,1,1,1,1,1,1,1
41636871,쏘렌토 4세대,3220,1,90349,1598,5,5,0,1,0,0,1,0,0,1,0,0,0,1,0,0,1,1,1,1,1,1,1,1,1
41610508,K8 하이브리드,2860,1,66934,1598,5,4,4,1,0,0,1,0,0,0,1,0,0,0,1,0,1,1,1,1,1,1,1,1,1
41610411,쏘렌토 4세대,3610,1,55716,1598,5,5,3,1,0,0,1,0,0,0,0,1,0,1,0,0,1,1,1,1,1,1,1,1,1
41499010,쏘렌토 4세대,3020,1,44905,2151,5,5,1,1,0,0,0,1,0,1,0,0,0,1,0,0,1,1,1,1,1,1,1,1,1
41506863,모하비 더 마스터,3560,1,53866,2959,6,5,6,1,0,0,0,1,0,0,1,0,0,1,0,1,1,1,1,1,1,1,1,1,1
41499148,더 뉴 셀토스,2560,1,26071,1598,5,2,3,1,0,1,0,0,0,0,0,1,0,1,0,0,1,1,1,1,1,1,1,1,1
41458867,카니발 4세대,3080,1,63600,2151,9,3,0,1,0,0,0,1,0,0,1,0,0,1,0,1,1,1,1,1,1,1,1,1,1
41458852,셀토스,1780,1,111988,1591,5,4,0,1,0,1,0,0,0,0,0,1,0,1,0,0,1,1,1,1,1,1,1,1,1
41404527,모닝 어반 (JA),1150,1,45678,998,5,3,5,1,0,1,0,0,0,0,1,0,0,0,1,0,0,1,0,0,1,0,1,1,1
41404613,더 뉴 모닝,710,1,81725,998,5,10,6,1,0,1,0,0,0,1,0,0,0,0,1,0,0,1,1,0,1,1,1,0,1
41380486,올 뉴 카니발,1800,1,73207,2199,9,8,0,1,0,0,0,1,0,0,0,1,0,1,0,0,0,1,1,1,1,1,1,1,1
41583269,더 뉴 쏘렌토,1950,1,91035,2199,5,8,4,1,0,0,0,1,0,0,1,0,0,1,0,0,1,1,1,1,1,1,1,1,1
41275660,쏘렌토 4세대,3230,1,89487,1598,5,5,3,1,0,0,1,0,0,1,0,0,0,1,0,1,1,1,1,1,1,1,1,1,1
41285151,스포티지 5세대,3120,1,43074,1598,5,4,0,1,0,1,0,0,0,0,1,0,0,1,0,0,1,1,1,1,1,1,1,1,1
41275592,더 뉴 카니발 4세대,4640,1,20377,2151,9,1,0,1,0,0,0,1,0,0,0,1,0,1,0,0,1,1,1,1,1,1,1,1,1
41302761,K5 3세대,2340,1,66850,1598,5,6,2,1,0,1,0,0,0,0,0,1,0,0,1,0,1,1,1,1,1,1,1,1,1
41372587,쏘렌토 4세대,3340,1,41334,1598,7,5,2,1,0,0,1,0,0,0,0,1,0,1,0,0,1,1,1,1,1,1,1,1,1
41583214,더 뉴 쏘렌토,2050,1,83527,2199,5,7,0,1,0,0,0,1,0,0,1,0,0,1,0,0,1,1,1,1,1,1,1,1,1
41583180,레이,790,1,130910,998,5,11,3,1,0,1,0,0,0,0,0,0,1,0,1,0,0,1,1,1,1,0,1,0,1
41571784,스포티지 4세대,1370,1,75818,1685,5,8,5,1,0,0,0,1,0,1,0,0,0,1,0,0,0,1,1,1,1,1,1,1,1
41571756,더 뉴 카니발 4세대,4100,1,34675,1598,9,2,0,1,0,0,1,0,0,0,1,0,0,1,0,0,1,1,1,1,1,1,1,1,1
41563814,카니발 4세대,3250,1,23566,2151,9,5,0,1,0,0,0,1,0,1,0,0,0,1,0,1,1,1,1,1,1,1,1,1,1
41563214,EV6,2650,1,122557,111,5,4,0,1,0,0,0,0,1,1,0,0,0,0,1,0,1,1,1,1,1,1,1,1,1
41563446,모하비 더 마스터,3200,1,90986,2959,7,5,1,1,0,0,0,1,0,0,1,0,0,1,0,1,1,1,1,1,1,1,1,1,1
41563254,모닝 어반 (JA),1010,1,11515,998,5,5,1,1,0,1,0,0,0,1,0,0,0,0,1,0,0,1,0,0,0,0,0,0,0
41563284,모닝 어반 (JA),810,1,19372,998,2,5,0,1,0,1,0,0,0,1,0,0,0,0,1,0,0,1,0,0,0,0,0,0,0
41542296,모닝 어반 (JA),750,1,26873,998,2,5,1,1,0,1,0,0,0,1,0,0,0,0,1,0,0,1,0,0,0,0,0,0,0
41535753,더 뉴 카니발,1520,1,103302,2199,11,7,4,1,0,0,0,1,0,1,0,0,0,1,0,0,0,1,1,0,1,0,1,1,1
41636856,K7 프리미어,1860,1,127875,2999,5,6,0,1,0,1,0,0,0,0,1,0,0,0,1,0,1,1,1,1,1,1,1,1,1
41636920,K5 3세대,2230,1,43588,1999,5,6,3,1,0,1,0,0,0,0,0,1,0,0,1,1,1,1,1,1,1,1,1,1,1
41513732,카니발 4세대,2670,1,84173,3470,9,4,0,1,0,1,0,0,0,0,0,0,1,1,0,1,1,1,1,1,1,0,1,1,1
41491534,더 뉴 레이,1020,1,48899,998,5,5,0,1,0,1,0,0,0,0,0,0,1,0,1,0,0,1,0,0,1,0,1,0,1
41491446,카니발 4세대,2940,1,63386,2151,9,4,0,1,0,0,0,1,0,0,1,0,0,1,0,0,1,1,1,1,1,1,1,1,1
41491460,모하비 더 마스터,3050,1,105570,2959,5,5,1,1,0,0,0,1,0,0,1,0,0,1,0,1,1,1,1,1,1,1,1,1,1
41506910,더 뉴 쏘렌토 4세대,4330,1,26937,1598,5,2,0,1,0,0,1,0,0,1,0,0,0,1,0,1,1,1,1,1,1,1,1,1,1
41477113,K5 3세대,1900,1,51623,1999,5,6,0,1,1,0,0,0,0,0,0,0,1,0,1,0,1,1,1,1,1,1,1,1,1
41458878,카니발 4세대,2430,1,106516,2151,9,5,5,1,0,0,0,1,0,0,1,0,0,1,0,0,1,1,1,1,1,1,1,1,1
41458823,스포티지 5세대,2450,1,106738,1998,5,4,3,1,0,0,0,1,0,1,0,0,0,1,0,0,1,1,1,1,1,1,1,1,1
41451072,K8 하이브리드,3390,1,37203,1598,5,3,2,1,0,0,1,0,0,0,0,1,0,0,1,1,1,1,1,1,1,1,1,1,1
41427196,카니발 4세대,3240,1,54352,2151,9,5,2,1,0,0,0,1,0,1,0,0,0,1,0,0,1,1,1,1,1,1,1,1,1
41404331,올 뉴 카니발,1160,1,130071,2199,9,9,3,1,0,0,0,1,0,0,0,1,0,1,0,0,0,1,1,1,1,1,1,1,1
41404564,니로,1470,1,93419,1580,5,8,3,1,0,0,1,0,0,0,0,1,0,1,0,0,0,1,1,1,1,1,1,1,1
41590876,올 뉴 카니발,1210,1,112712,2199,9,10,0,1,0,0,0,1,0,0,0,1,0,1,0,0,0,0,0,0,0,0,0,0,0
41591052,K7 프리미어,2210,1,59710,2497,5,6,4,1,0,1,0,0,0,0,1,0,0,0,1,0,1,1,1,1,1,1,1,1,1
41571807,K5 2세대,1520,1,43807,1999,5,8,0,1,0,1,0,0,0,0,1,0,0,0,1,0,1,1,1,0,1,1,1,0,1
41563647,더 뉴 쏘렌토,2150,1,91331,1995,5,7,3,1,0,0,0,1,0,0,0,1,0,1,0,0,1,1,1,1,1,1,1,1,1
41550226,스포티지 4세대,1580,1,99528,1995,5,8,1,1,0,0,0,1,0,0,1,0,0,1,0,0,0,1,1,1,1,1,1,1,1
41557447,K7 프리미어,1830,1,126648,2999,5,6,1,1,0,1,0,0,0,0,1,0,0,0,1,0,1,1,1,1,1,1,1,1,1
41557401,K7 프리미어,1780,1,115594,2999,5,6,1,1,0,1,0,0,0,0,0,1,0,0,1,0,1,1,1,1,1,1,1,1,1
41550248,더 뉴 기아 레이,1710,1,30900,998,5,3,0,1,0,1,0,0,0,1,0,0,0,0,1,0,0,1,1,1,1,1,1,1,1
41550278,모닝 어반 (JA),760,1,23161,998,2,5,0,1,0,1,0,0,0,1,0,0,0,0,1,0,0,1,0,0,0,0,0,0,0
41550257,K8 하이브리드,3090,1,75646,1598,5,3,2,1,0,0,1,0,0,0,0,1,0,0,1,1,1,1,1,1,1,1,1,1,1
41636984,더 뉴 K3,820,1,128126,1591,5,10,4,1,0,1,0,0,0,0,1,0,0,0,1,0,0,1,1,1,0,1,1,0,1
41636912,EV6,2430,1,127492,111,5,4,0,1,0,0,0,0,1,1,0,0,0,0,1,0,1,1,1,1,1,1,1,1,1
41636955,니로,1530,1,111512,1580,5,9,1,1,0,0,1,0,0,0,0,0,1,1,0,1,0,1,1,1,1,1,1,1,1
41636888,더 뉴 카니발,2550,1,54155,3342,9,7,0,1,0,1,0,0,0,1,0,0,0,1,0,0,1,1,1,1,1,1,1,1,1
41265624,더 뉴 카니발 4세대,3900,1,53379,2151,9,2,1,1,0,0,0,1,0,1,0,0,0,1,0,0,1,1,1,1,1,1,1,1,1
41293823,더 뉴 쏘렌토 4세대,4360,1,21071,1598,5,2,0,1,0,0,1,0,0,1,0,0,0,1,0,0,1,1,1,1,1,1,1,1,1
41275473,더 뉴 스포티지 5세대 하이브리드,3830,1,14355,1598,5,1,0,1,0,0,1,0,0,1,0,0,0,1,0,0,1,1,1,1,1,1,1,1,1
41302683,올 뉴 모닝,660,1,80201,998,5,11,4,1,0,1,0,0,0,1,0,0,0,0,1,0,0,1,0,1,1,0,1,0,1
41311890,K5 하이브리드 3세대,2100,1,62093,1999,5,5,6,1,0,0,1,0,0,0,0,1,0,0,1,0,1,1,1,1,1,1,1,1,1
41322247,올 뉴 K7,1350,1,92330,2359,5,8,4,1,0,1,0,0,0,0,1,0,0,0,1,0,0,1,1,1,1,1,1,1,1
41353453,K5 3세대,2210,1,114274,1598,5,4,2,1,0,1,0,0,0,0,1,0,0,0,1,0,1,1,1,1,1,1,1,1,1
41353494,더 뉴 스포티지 R,920,1,130458,1995,5,10,9,1,0,0,0,1,0,1,0,0,0,1,0,0,0,1,1,0,1,0,1,0,1
41372620,스포티지 5세대 하이브리드,3320,1,40979,1598,5,3,1,1,0,0,1,0,0,0,1,0,0,1,0,0,1,1,1,1,1,1,1,1,1
41627650,더 뉴 레이,920,1,73788,998,2,4,0,1,0,1,0,0,0,1,0,0,0,0,1,0,0,1,0,0,0,0,0,0,1
41627548,스포티지 4세대,1040,1,116831,1685,5,10,1,1,0,0,0,1,0,1,0,0,0,1,0,0,0,1,1,0,1,1,1,0,1
41620149,더 뉴 쏘렌토,2260,1,74356,1995,5,7,1,1,0,0,0,1,0,0,0,1,0,1,0,0,1,1,1,1,1,1,1,1,1
41620135,올 뉴 모닝 (JA),870,1,107485,998,5,7,1,1,1,0,0,0,0,0,0,1,0,0,1,0,0,1,0,0,0,0,1,0,1
41620039,카니발 4세대,3090,1,44812,3470,9,3,0,1,0,1,0,0,0,0,0,1,0,1,0,0,1,1,1,1,1,1,1,1,1
41601496,더 뉴 레이,820,1,105826,998,2,4,5,1,0,1,0,0,0,1,0,0,0,0,1,0,0,1,0,0,0,0,0,0,0
41601521,더 뉴 K7,870,1,121324,2359,5,11,1,1,0,1,0,0,0,1,0,0,0,0,1,1,0,1,1,1,1,1,1,1,1
41591149,더 뉴 레이,800,1,116360,998,2,4,0,1,0,1,0,0,0,1,0,0,0,0,1,0,0,1,0,0,0,0,0,0,0
41601481,쏘렌토 4세대,2650,1,111479,1598,7,5,0,1,0,0,1,0,0,0,0,1,0,1,0,0,1,1,1,1,1,1,1,1,1
41653938,올 뉴 쏘렌토,1370,1,118794,1995,5,10,0,1,0,0,0,1,0,0,0,1,0,1,0,0,0,1,1,1,1,1,1,1,1
41655527,쏘렌토 4세대,2750,1,89792,2151,5,5,6,1,0,0,0,1,0,0,0,1,0,1,0,0,1,1,1,1,1,1,1,1,1
41654120,K5 3세대,2170,1,41113,1999,5,6,1,1,0,1,0,0,0,0,0,1,0,0,1,0,1,1,1,1,1,1,1,1,1
41653950,카니발 4세대,3250,1,42650,3470,7,5,1,1,0,1,0,0,0,0,1,0,0,1,0,1,1,1,1,1,1,1,1,1,1
41653919,더 뉴 카니발 4세대,3770,1,53456,1598,9,2,7,1,0,0,1,0,0,1,0,0,0,1,0,0,1,1,1,1,1,1,1,1,1
41645322,스포티지 5세대,2360,1,60647,1998,5,4,0,1,0,0,0,1,0,0,1,0,0,1,0,0,1,1,1,1,1,1,1,1,1
41645446,올 뉴 K7,1330,1,142707,2359,5,9,1,1,0,1,0,0,0,0,1,0,0,0,1,1,1,1,1,1,1,1,1,1,1
41645357,셀토스,2160,1,18332,1591,5,3,3,1,0,1,0,0,0,1,0,0,0,1,0,0,0,1,1,1,1,1,1,0,1
41524596,더 뉴 셀토스,2830,1,31571,1598,5,1,0,1,0,1,0,0,0,1,0,0,0,1,0,0,1,1,1,1,1,1,1,1,1
41627533,카니발 4세대,2990,1,88221,2151,9,5,0,1,0,0,0,1,0,0,1,0,0,1,0,0,1,1,1,1,1,1,1,1,1
41627494,니로 EV,2200,1,56986,180,5,5,0,1,0,0,0,0,1,0,0,1,0,1,0,0,1,1,1,1,1,1,1,1,1
41627586,K8 하이브리드,2720,1,80390,1598,5,4,0,1,0,0,1,0,0,0,1,0,0,0,1,0,0,0,0,0,0,0,0,0,0
41620012,모닝 어반 (JA),1270,1,20815,998,5,5,0,1,0,1,0,0,0,1,0,0,0,0,1,0,0,1,1,0,1,1,1,1,1
41601534,쏘렌토 4세대,2170,1,111517,2151,7,4,3,1,0,0,0,1,0,0,0,1,0,1,0,0,1,1,1,1,1,1,1,0,1
41601508,K7 프리미어,2090,1,111733,2497,5,6,4,1,0,1,0,0,0,0,1,0,0,0,1,0,1,1,1,1,1,1,1,1,1
41601461,스포티지 5세대,2280,1,89122,1998,5,3,2,1,0,0,0,1,0,1,0,0,0,1,0,0,1,1,1,1,1,1,1,1,1
41645530,EV6,3170,1,58867,111,5,4,0,1,0,0,0,0,1,0,1,0,0,0,1,0,1,1,1,1,1,1,1,1,1
41645596,K8 하이브리드,2990,1,43877,1598,5,4,2,1,0,0,1,0,0,0,0,1,0,0,1,0,1,1,1,1,1,1,1,1,1
41645520,K5 3세대,2590,1,67389,1598,5,4,0,1,0,1,0,0,0,1,0,0,0,0,1,0,0,0,0,0,0,0,0,0,0
41606236,더 뉴 모닝,520,1,126791,998,5,10,20,1,0,1,0,0,0,0,0,0,1,0,1,0,0,1,1,1,1,1,1,0,1
41437442,K5 3세대,1870,1,84590,1598,5,6,5,1,0,1,0,0,0,0,0,1,0,0,1,0,1,1,1,1,1,1,1,1,1
41460200,올 뉴 K7,1730,1,82566,2999,5,9,4,1,1,0,0,0,0,0,1,0,0,0,1,0,1,1,1,1,1,1,1,1,1
40953965,모하비,899,1,191537,2959,7,13,4,1,0,0,0,1,0,0,0,1,0,1,0,1,0,1,1,1,1,1,1,1,1
41406378,올 뉴 모닝,399,1,143609,998,5,13,2,0,0,0,1,0,0,1,0,0,0,0,1,0,0,1,1,0,0,1,1,0,1
41554661,K5,480,1,184039,1999,5,13,2,1,1,0,0,0,0,0,1,0,0,0,1,0,0,1,0,1,1,0,1,0,1
41603453,더 뉴 레이,590,1,164060,998,2,5,0,1,0,1,0,0,0,1,0,0,0,0,1,0,0,1,1,0,0,1,0,0,0
40999124,모하비,799,1,246860,2959,7,11,6,1,0,0,0,1,0,0,1,0,0,1,0,1,0,1,1,1,1,1,1,1,1
40989670,카니발 4세대,2650,1,64874,2151,9,3,5,1,0,0,0,1,0,1,0,0,0,1,0,0,1,1,1,1,1,1,1,1,1
40737362,스포티지 4세대,1690,1,47770,1685,5,9,0,1,0,0,0,1,0,1,0,0,0,1,0,1,0,1,1,1,1,1,1,1,1
41173540,올 뉴 K7,1290,1,82717,2359,5,9,0,1,0,1,0,0,0,0,0,1,0,0,1,0,0,1,1,1,1,1,1,1,1
41506245,올 뉴 카니발,715,1,307866,2199,7,10,6,1,0,0,0,1,0,0,1,0,0,1,0,0,0,1,1,1,1,1,1,1,1
41333332,올 뉴 모닝,450,1,87092,998,5,12,5,1,0,1,0,0,0,0,0,1,0,0,1,0,0,1,1,0,0,1,1,0,1
41189761,스포티지 4세대,1000,1,141350,1685,5,10,3,1,0,0,0,1,0,0,0,0,1,1,0,0,0,1,1,0,1,1,1,1,1
41511430,더 뉴 K5 3세대,3499,1,5278,1598,5,1,0,1,0,1,0,0,0,0,1,0,0,0,1,0,1,1,1,1,1,1,1,1,1
40931364,스포티지 5세대,2950,1,17417,1598,5,3,0,1,0,1,0,0,0,0,0,1,0,1,0,0,1,1,1,1,1,1,1,1,1
40931308,스포티지 5세대,2750,1,48394,1598,5,3,3,1,0,1,0,0,0,1,0,0,0,1,0,0,1,1,1,1,1,1,1,1,1
41560022,레이,530,1,91370,998,5,14,1,1,0,1,0,0,0,0,0,0,1,0,1,0,0,1,1,0,0,1,1,0,1
41304732,쏘렌토 4세대,3090,1,103615,1598,5,3,0,1,0,0,1,0,0,1,0,0,0,1,0,0,1,1,1,1,1,1,1,1,1
41605582,올 뉴 K7 하이브리드,1630,1,139830,2359,5,8,1,1,0,0,1,0,0,0,0,1,0,0,1,0,1,1,1,1,1,1,1,1,1
41448918,더 뉴 스포티지 R,790,1,156746,1995,5,12,3,1,0,0,0,1,0,1,0,0,0,1,0,1,0,1,1,1,1,1,1,1,1
41608587,더 뉴 K3,760,1,65840,1591,5,10,0,1,0,1,0,0,0,0,1,0,0,0,1,0,0,0,0,0,0,0,0,0,0
41613213,스포티지 4세대,1490,1,127518,1995,5,9,3,1,0,0,0,1,0,0,0,0,1,1,0,1,0,1,1,1,1,1,1,1,1
41609358,더 뉴 카니발 4세대,6180,1,6782,1598,9,2,0,1,0,0,1,0,0,1,0,0,0,1,0,0,1,1,1,1,1,1,1,1,1
41603359,더 뉴 셀토스,2630,1,43559,1598,5,2,1,1,0,1,0,0,0,1,0,0,0,1,0,0,1,1,1,1,1,1,1,1,1
41603216,레이,730,1,67132,998,5,13,0,1,0,1,0,0,0,1,0,0,0,0,1,0,0,0,0,0,0,0,0,0,0
41602581,올 뉴 모닝,480,1,105177,998,5,13,10,1,0,1,0,0,0,1,0,0,0,0,1,1,0,1,1,0,1,0,1,0,1
41600501,더 뉴 카니발 4세대,672,1,80633,2151,9,2,0,1,0,0,0,1,0,1,0,0,0,1,0,0,0,0,0,0,0,0,0,0,0
41599750,올 뉴 쏘렌토,1350,1,137754,1995,5,10,14,1,0,0,0,1,0,1,0,0,0,1,0,1,0,1,1,1,1,1,1,1,1
41649001,스팅어 마이스터,3080,1,104259,3342,5,5,0,1,0,1,0,0,0,0,0,0,1,0,1,1,1,1,1,1,1,1,1,1,1
41551409,K8,2300,1,111372,3470,5,4,15,1,0,1,0,0,0,0,1,0,0,0,1,1,1,1,1,1,1,1,1,1,1
41564608,레이,570,1,123550,998,5,13,0,1,0,1,0,0,0,0,0,1,0,0,1,0,0,1,1,0,0,1,1,0,1
41494079,스포티지 더 볼드,1590,1,117245,1995,5,7,3,1,0,0,0,1,0,1,0,0,0,1,0,1,1,1,1,1,1,1,1,1,1
41491620,스토닉,9999,1,87387,1582,5,8,7,1,0,0,0,1,0,1,0,0,0,1,0,0,0,1,1,1,1,1,1,0,1
41462381,K5 하이브리드,478,1,176922,1999,5,12,3,1,0,0,1,0,0,1,0,0,0,0,1,0,0,1,1,1,1,1,1,0,1
41537828,올 뉴 쏘렌토,1040,1,216329,1995,5,10,3,1,0,0,0,1,0,0,1,0,0,1,0,0,0,1,1,1,1,0,1,1,1
41531226,올 뉴 카니발,1490,1,79955,2199,7,10,2,1,0,0,0,1,0,1,0,0,0,1,0,1,0,1,1,1,1,1,1,1,1
41518767,더 뉴 레이,850,1,139105,998,5,5,1,1,0,1,0,0,0,0,0,0,1,0,1,0,0,1,0,0,1,0,1,0,1
41502311,모하비 더 마스터,2499,1,157849,2959,6,5,6,1,0,0,0,1,0,0,1,0,0,1,0,1,1,1,1,1,1,1,1,1,1
41501948,모하비 더 마스터,2980,1,79757,2959,5,5,12,1,0,0,0,1,0,0,1,0,0,1,0,1,1,1,1,1,1,1,1,1,1
41496054,더 프레스티지 K7,500,1,75976,2359,5,14,11,1,0,1,0,0,0,0,0,1,0,0,1,0,0,1,1,1,1,1,1,1,1
41549713,카니발 4세대,2750,1,93500,2151,9,5,1,1,0,0,0,1,0,0,0,0,1,1,0,0,1,1,1,1,1,1,1,1,1
41528727,더 뉴 기아 레이,324,1,1,998,5,0,0,1,0,1,0,0,0,1,0,0,0,0,1,0,0,1,1,1,1,0,1,1,1
41494515,디 올 뉴 니로,2220,1,56419,1580,5,4,1,1,0,0,1,0,0,1,0,0,0,1,0,0,0,1,1,1,1,1,1,0,1
41485718,뉴카렌스,249,1,140336,1998,7,19,15,1,1,0,0,0,0,1,0,0,0,1,0,0,0,0,1,0,0,1,1,0,1
41471632,올 뉴 카니발,1250,1,220960,3342,9,9,4,1,0,1,0,0,0,0,1,0,0,1,0,0,0,1,1,1,1,1,1,1,1
41468470,쏘렌토 4세대,2849,1,64873,1598,7,3,7,1,0,0,1,0,0,0,0,1,0,1,0,0,1,1,1,1,1,1,1,1,1
41458009,뉴카렌스,379,1,48457,1998,7,17,7,1,1,0,0,0,0,0,0,1,0,1,0,0,0,0,0,0,0,1,1,0,1
41446941,쏘렌토 4세대,2499,1,85639,2151,6,5,13,1,0,0,0,1,0,1,0,0,0,1,0,0,1,1,1,1,1,1,1,1,1
41431031,더 뉴 K7,630,1,106419,3342,5,13,18,1,0,1,0,0,0,0,1,0,0,0,1,1,0,1,1,1,1,1,1,1,1
41610606,스포티지 더 볼드,2150,1,43026,1999,5,6,0,1,0,1,0,0,0,1,0,0,0,1,0,0,0,1,1,1,1,1,1,1,1
41597959,모닝 어반 (JA),1390,1,14596,998,5,4,0,1,0,1,0,0,0,1,0,0,0,0,1,0,0,1,0,0,1,0,1,1,1
41591153,카니발 R,339,1,166960,2199,11,14,6,1,0,0,0,1,0,1,0,0,0,1,0,0,0,1,0,0,0,0,1,0,1
41596349,올 뉴 카니발,1450,1,120682,2199,9,9,15,1,0,0,0,1,0,1,0,0,0,1,0,0,0,1,1,1,1,1,1,1,1
41576989,올 뉴 모닝 (JA),1050,1,51201,998,5,6,3,1,0,1,0,0,0,1,0,0,0,0,1,0,0,1,1,1,1,1,1,0,1
41561121,더 뉴 스포티지 5세대 하이브리드,5700,1,6,1598,5,0,0,1,0,0,1,0,0,0,1,0,0,1,0,1,1,1,1,1,1,1,1,1,1
41554698,K7 프리미어,1999,1,99760,2199,5,6,5,1,0,0,0,1,0,0,1,0,0,0,1,1,1,1,1,1,1,1,1,1,1
41551696,올 뉴 K3,1150,1,60373,1598,5,7,4,1,0,1,0,0,0,0,0,0,1,0,1,0,0,1,1,0,1,1,1,1,1
41587397,K8 하이브리드,2550,1,87361,1598,5,4,5,1,0,0,1,0,0,0,1,0,0,0,1,0,1,1,1,1,1,1,1,1,1
41219449,스포티지 5세대,2850,1,45303,1998,5,4,3,1,0,0,0,1,0,0,0,0,1,1,0,1,1,1,1,1,1,1,1,1,1
41217792,K5 3세대,2590,1,32901,1598,5,3,0,1,0,1,0,0,0,0,0,1,0,0,1,1,1,1,1,1,1,1,1,1,1
41241496,올 뉴 모닝 (JA),780,1,112317,998,5,8,4,1,0,1,0,0,0,1,0,0,0,0,1,0,0,1,1,1,1,1,1,0,1
41295653,올 뉴 쏘렌토,1050,1,169508,1995,5,10,3,1,0,0,0,1,0,0,1,0,0,1,0,0,0,1,1,1,1,1,1,1,1
41005318,카니발 4세대,2590,1,59820,2151,9,3,6,1,0,0,0,1,0,1,0,0,0,1,0,0,1,1,1,1,1,1,1,1,1
41108686,더 K9,2350,1,119189,3778,5,7,10,1,0,1,0,0,0,0,1,0,0,0,1,0,1,1,1,1,1,1,1,1,1
41140404,카니발 4세대,1980,1,101620,2151,9,5,27,1,0,0,0,1,0,0,1,0,0,1,0,0,1,1,1,1,1,1,1,1,1
41115530,더 뉴 카니발,1590,1,97988,2199,9,7,2,1,0,0,0,1,0,1,0,0,0,1,0,0,0,1,1,1,1,1,1,1,1
41216349,모하비 더 마스터,5299,1,49131,2959,7,3,0,1,0,0,0,1,0,0,1,0,0,1,0,1,1,1,1,1,1,1,1,1,1
41338793,더 뉴 모하비,1188,1,222766,2959,7,8,16,1,0,0,0,1,0,1,0,0,0,1,0,0,0,1,1,1,1,1,1,1,1
41380763,올 뉴 K7,899,1,180770,3342,5,10,3,1,0,1,0,0,0,0,0,0,1,0,1,1,0,1,1,1,1,1,1,1,1
41381050,더 뉴 레이,1340,1,46423,998,5,5,6,1,0,1,0,0,0,0,1,0,0,0,1,0,0,1,1,1,1,1,1,0,1
41357639,니로 EV,1830,1,99098,180,5,5,1,1,0,0,0,0,1,1,0,0,0,1,0,0,0,1,1,1,1,1,1,1,1
41404368,쏘렌토 R,560,1,167019,2199,7,16,0,1,0,0,0,1,0,0,0,0,1,1,0,0,0,1,1,1,1,1,1,1,1
41351625,더 뉴 카니발 4세대,3220,1,16621,2151,9,2,0,1,0,0,0,1,0,1,0,0,0,1,0,0,1,1,1,1,1,1,1,1,1
41418938,더 뉴 카니발 4세대,4250,1,71708,1598,9,2,5,1,0,0,1,0,0,1,0,0,0,1,0,1,1,1,1,1,1,1,1,1,1
41424618,올 뉴 카니발,1320,1,172151,2199,9,11,10,1,0,0,0,1,0,0,0,1,0,1,0,1,0,1,1,1,1,1,1,1,1
41260308,쏘렌토 4세대,3260,1,92329,1598,6,5,1,1,0,0,1,0,0,1,0,0,0,1,0,0,1,1,1,1,1,1,1,1,1
41261616,쏘렌토 4세대,2580,1,100906,1598,5,4,4,1,0,0,1,0,0,0,0,0,1,1,0,0,1,1,1,1,1,1,1,1,1
41268321,EV6,1779,1,296643,111,5,4,3,1,0,0,0,0,1,1,0,0,0,0,1,0,1,1,1,1,1,1,1,1,1
41073960,더 뉴 카니발 4세대,4350,1,38946,3470,7,2,1,1,0,1,0,0,0,0,1,0,0,1,0,1,1,1,1,1,1,1,1,1,1
41194028,더 뉴 기아 레이 EV,1995,1,44201,133,4,2,2,1,0,0,0,0,1,0,0,0,1,0,1,0,0,1,1,1,1,1,1,1,1
39409124,카니발 4세대,1316,1,60490,2151,9,3,1,1,0,0,0,1,0,0,1,0,0,1,0,0,1,1,1,1,1,1,1,1,1
38727651,올 뉴 카니발,1329,1,128127,2199,7,10,5,1,0,0,0,1,0,0,1,0,0,1,0,1,0,1,1,1,1,1,1,1,1
40195861,모하비,990,1,181611,2959,7,12,10,1,0,0,0,1,0,0,1,0,0,1,0,1,0,1,1,1,1,1,1,1,1
40840823,올 뉴 모닝,280,1,79981,998,5,14,0,1,0,1,0,0,0,1,0,0,0,0,1,0,0,1,1,1,1,1,1,0,1
40759293,더 뉴 K5,599,1,113172,1999,5,11,20,1,0,1,0,0,0,0,1,0,0,0,1,0,0,1,1,1,1,1,1,1,1
40803845,올 뉴 K7,729,1,184365,2359,5,10,7,1,0,1,0,0,0,1,0,0,0,0,1,0,0,1,1,1,1,1,1,1,1
40806054,더 K9,2250,1,102475,3342,5,7,7,1,0,1,0,0,0,0,1,0,0,0,1,0,1,1,1,1,1,1,1,1,1
40831588,더 뉴 레이,1050,1,25064,998,5,5,5,1,0,1,0,0,0,1,0,0,0,0,1,0,0,1,1,1,1,0,1,0,1
40832040,레이,450,1,90041,998,5,13,4,1,0,1,0,0,0,1,0,0,0,0,1,0,0,1,0,0,0,0,1,0,1
40845930,레이,420,1,100993,998,2,9,2,1,0,1,0,0,0,1,0,0,0,0,1,0,0,0,1,0,0,0,0,0,1
40861457,더 뉴 K5 하이브리드 3세대,3140,1,845,1999,5,0,0,1,0,0,1,0,0,0,1,0,0,0,1,1,0,1,1,1,1,1,1,1,1
40929804,더 뉴 기아 레이,890,1,85455,998,2,3,11,1,0,1,0,0,0,1,0,0,0,0,1,0,0,1,0,0,1,0,1,0,1
41625219,레이,700,1,87936,998,2,9,2,1,0,1,0,0,0,1,0,0,0,0,1,0,0,1,1,0,0,1,0,0,0
41622369,올 뉴 카니발,1100,1,196983,2199,7,8,3,1,0,0,0,1,0,1,0,0,0,1,0,1,0,1,1,1,1,1,1,1,1
41659587,K9,499,1,218134,3342,5,13,4,1,0,1,0,0,0,0,1,0,0,0,1,0,0,1,1,1,1,1,1,1,1
41662500,K5 3세대,2100,1,43400,1999,5,3,0,1,1,0,0,0,0,1,0,0,0,0,1,0,1,1,0,0,1,0,1,1,1
41657760,K3,550,1,124032,1591,5,11,20,1,0,1,0,0,0,1,0,0,0,0,1,0,0,1,1,1,1,1,1,0,1
41654354,K8,2320,1,76740,2497,5,3,2,1,0,1,0,0,0,0,1,0,0,0,1,0,1,1,1,1,1,1,1,1,1
41638066,K7 프리미어 하이브리드,1890,1,127264,2359,5,6,12,1,0,0,1,0,0,1,0,0,0,0,1,0,1,1,1,1,1,1,1,1,1
41638483,스포티지 5세대,3050,1,27514,1598,5,4,1,1,0,1,0,0,0,1,0,0,0,1,0,1,1,1,1,1,1,1,1,1,1
41634251,K5 하이브리드,570,1,158371,1999,5,13,7,1,0,0,1,0,0,1,0,0,0,0,1,1,0,1,1,1,1,0,1,0,1
41625519,K5 하이브리드,360,1,214260,1999,5,14,22,1,0,0,1,0,0,1,0,0,0,0,1,0,0,1,1,1,1,1,1,0,1
41662544,올 뉴 K7,1100,1,89500,2999,5,9,0,1,1,0,0,0,0,0,1,0,0,0,1,0,1,1,0,1,1,0,1,1,1
41658867,더 뉴 모닝 (JA),288,1,1,998,5,0,0,1,0,1,0,0,0,1,0,0,0,0,1,0,0,1,1,1,1,0,1,1,1
41658272,K5 3세대,1900,1,66000,1999,5,3,0,1,1,0,0,0,0,1,0,0,0,0,1,0,1,1,0,1,1,0,1,1,1
41616690,디 올 뉴 니로,3690,1,19730,1580,5,2,0,1,0,0,1,0,0,1,0,0,0,1,0,1,1,1,1,1,1,1,1,1,1
41622450,모닝 어반 (JA),1120,1,50607,998,5,5,4,1,0,1,0,0,0,1,0,0,0,0,1,0,0,1,1,1,1,1,1,1,1
41610094,K8 하이브리드,3390,1,27151,1598,5,3,0,1,0,0,1,0,0,0,0,1,0,0,1,0,1,1,1,1,1,1,1,1,1
41603211,카니발 4세대,2229,1,158742,2151,9,5,1,1,0,0,0,1,0,0,0,1,0,1,0,0,1,1,1,1,1,1,1,1,1
41596244,더 뉴 니로,1930,1,42622,1580,5,6,1,1,0,0,1,0,0,1,0,0,0,1,0,0,0,1,1,1,1,1,1,1,1
41538039,더 뉴 카니발 4세대,4700,1,35304,1598,9,1,1,1,0,0,1,0,0,0,0,1,0,1,0,0,1,1,1,1,1,1,1,1,1
41660521,더 K9,7777,1,122598,3342,5,5,0,1,0,1,0,0,0,0,1,0,0,0,1,1,1,1,1,1,1,1,1,1,1
41652166,셀토스,2099,1,44511,1591,5,3,4,1,0,1,0,0,0,1,0,0,0,1,0,0,1,1,1,1,1,1,1,1,1
41447623,올 뉴 K7,1400,1,145785,2999,5,7,5,1,1,0,0,0,0,0,1,0,0,0,1,0,0,1,1,1,1,1,1,1,1
41553372,쏘렌토 4세대,3050,1,58632,2151,6,5,1,1,0,0,0,1,0,1,0,0,0,1,0,1,1,1,1,1,1,1,1,1,1
41550880,K8 하이브리드,2930,1,36251,1598,5,3,5,1,0,0,1,0,0,0,1,0,0,0,1,0,1,1,1,1,1,1,1,1,1
41553520,K8 하이브리드,2700,1,113167,1598,5,4,7,1,0,0,1,0,0,0,0,1,0,0,1,1,1,1,1,1,1,1,1,1,1
41546797,쏘울 부스터 EV,1650,1,146612,180,5,7,3,1,0,0,0,0,1,0,0,0,1,0,1,0,1,1,1,1,1,1,1,1,1
41623446,스포티지 5세대,3270,1,41370,1598,5,4,0,1,0,1,0,0,0,1,0,0,0,1,0,1,1,1,1,1,1,1,1,1,1
41628464,쏘렌토 4세대,3390,1,66066,1598,5,4,0,1,0,0,1,0,0,1,0,0,0,1,0,0,1,1,1,1,1,1,1,1,1
41633746,포르테 쿱,450,1,73760,1591,5,15,4,1,0,1,0,0,0,0,1,0,0,0,1,1,0,1,1,1,0,0,1,0,1
41620809,스포티지 5세대,2630,1,19193,1598,5,4,4,1,0,1,0,0,0,0,0,0,1,1,0,0,1,1,1,1,1,1,1,1,1
41405087,EV6,3550,1,95622,111,5,4,1,1,0,0,0,0,1,1,0,0,0,0,1,1,1,1,1,1,1,1,1,1,0
41411892,K3,679,1,52663,1591,5,13,1,1,0,1,0,0,0,0,0,1,0,0,1,0,0,1,1,1,1,1,1,0,1
41407483,올 뉴 프라이드,310,1,131467,1396,5,14,6,1,0,1,0,0,0,1,0,0,0,0,1,0,0,1,1,0,0,1,1,0,1
41385886,K7 프리미어 하이브리드,2549,1,106437,2359,5,6,2,1,0,0,1,0,0,1,0,0,0,0,1,1,1,1,1,1,1,1,1,1,1
41375923,스포티지 5세대,2999,1,39751,1598,5,4,10,1,0,1,0,0,0,1,0,0,0,1,0,0,1,1,1,1,1,1,1,1,1
41384697,EV6,3880,1,24022,111,5,3,1,1,0,0,0,0,1,1,0,0,0,0,1,1,1,1,1,1,1,1,1,1,1
41356083,더 K9,1840,1,159433,3778,5,7,4,1,0,1,0,0,0,0,1,0,0,0,1,0,1,1,1,1,1,1,1,1,1
40231262,모하비,899,1,169209,2959,7,12,0,1,0,0,0,1,0,0,0,1,0,1,0,1,0,1,1,1,1,1,1,1,1
40930076,쏘렌토 4세대,2690,1,70297,2151,5,4,1,1,0,0,0,1,0,0,1,0,0,1,0,0,1,1,1,1,1,1,1,1,1
40947253,카니발 4세대,2680,1,109954,2151,9,5,0,1,0,0,0,1,0,0,1,0,0,1,0,1,1,1,1,1,1,1,1,1,1
40958697,K5 3세대,2290,1,58488,1598,5,5,3,1,0,1,0,0,0,0,0,1,0,0,1,0,1,1,1,1,1,1,1,1,1
41221066,스포티지 4세대,1100,1,110084,1995,5,10,3,1,0,0,0,1,0,0,1,0,0,1,0,0,0,1,0,0,1,0,1,0,1
41224764,쏘렌토 4세대,2880,1,79122,2151,5,4,2,1,0,0,0,1,0,1,0,0,0,1,0,0,1,1,1,1,1,1,1,1,1
41215540,모하비 더 마스터,2899,1,157214,2959,5,3,0,1,0,0,0,1,0,0,0,1,0,1,0,0,1,1,1,1,1,1,1,1,1
41169528,더 뉴 카니발,2370,1,54626,2199,9,6,2,1,0,0,0,1,0,1,0,0,0,1,0,0,1,1,1,1,1,1,1,1,1
41075548,쏘렌토 4세대,2620,1,83625,2151,5,5,1,1,0,0,0,1,0,1,0,0,0,1,0,0,1,1,1,1,1,1,1,1,1
40898730,모하비 더 마스터,5890,1,51318,2959,5,3,0,1,0,0,0,1,0,0,1,0,0,1,0,1,1,1,1,1,1,1,1,1,1
41359114,카니발 4세대,2830,1,87737,2151,9,5,1,1,0,0,0,1,0,1,0,0,0,1,0,0,1,1,1,1,1,1,1,1,1
41341339,올 뉴 카니발,1390,1,121887,3342,9,9,4,1,0,1,0,0,0,1,0,0,0,1,0,0,0,1,1,1,1,1,1,1,1
41427334,카니발 4세대,8888,1,68573,3470,9,3,3,1,0,1,0,0,0,1,0,0,0,1,0,1,1,1,1,1,1,1,1,1,1
41415367,K3,680,1,100801,1591,5,11,4,1,0,1,0,0,0,1,0,0,0,0,1,1,0,1,1,1,1,0,1,0,1
41415438,카니발 4세대,2999,1,48874,2151,9,4,0,1,0,0,0,1,0,0,0,0,1,1,0,0,1,1,1,1,1,1,1,1,1
41373695,카니발 R,9999,1,77945,2199,11,15,9,1,0,0,0,1,0,1,0,0,0,1,0,1,0,1,0,1,0,0,1,0,1
41431527,올 뉴 카니발,1249,1,148973,3342,7,9,8,1,0,1,0,0,0,0,0,1,0,1,0,0,0,1,1,1,1,1,1,1,1
41373880,모하비 더 마스터,3850,1,34335,2959,7,5,0,1,0,0,0,1,0,1,0,0,0,1,0,0,1,1,1,1,1,1,1,1,1
41365027,쏘렌토 4세대,2860,1,64781,2151,5,3,4,1,0,0,0,1,0,0,1,0,0,1,0,1,1,1,1,1,1,1,1,1,1
41465613,더 뉴 카니발,1430,1,120271,2199,9,7,2,1,0,0,0,1,0,0,1,0,0,1,0,0,0,1,1,1,1,1,1,1,1
41437893,카니발 4세대,3550,1,49461,3470,7,3,1,1,0,1,0,0,0,0,1,0,0,1,0,0,1,1,1,1,1,1,1,1,1
41526704,K3,690,1,83364,1591,5,13,5,1,0,1,0,0,0,0,0,1,0,0,1,0,0,1,1,1,1,1,1,0,1
41528085,K8,1990,1,99178,3470,5,4,0,1,1,0,0,0,0,0,1,0,0,0,1,0,1,1,1,1,1,1,1,1,1
41528058,레이,560,1,138769,998,5,10,8,1,0,1,0,0,0,1,0,0,0,0,1,0,0,1,0,0,0,0,1,0,1
41516533,스포티지 5세대,2890,1,36022,1598,5,4,0,1,0,1,0,0,0,0,0,0,1,1,0,0,1,1,1,1,1,1,1,1,1
41508492,셀토스,1890,1,60314,1591,5,4,2,1,0,1,0,0,0,1,0,0,0,1,0,0,0,1,1,1,1,1,1,1,1
41501374,스포티지 5세대,2750,1,109799,1998,5,4,1,1,0,0,0,1,0,1,0,0,0,1,0,1,1,1,1,1,1,1,1,1,1
41508732,카니발 4세대,3150,1,55687,3470,7,5,0,1,0,1,0,0,0,0,1,0,0,1,0,0,1,1,1,1,1,1,1,1,1
41213425,카니발 4세대,3150,1,79422,2151,7,5,2,1,0,0,0,1,0,0,1,0,0,1,0,0,1,1,1,1,1,1,1,1,1
41155557,K5 3세대,2890,1,20644,1598,5,5,0,1,0,1,0,0,0,0,1,0,0,0,1,1,1,1,1,1,1,1,1,1,1
41139351,스팅어 마이스터,3250,1,49041,2497,5,4,0,1,0,1,0,0,0,0,0,0,1,0,1,1,1,1,1,1,1,1,1,1,1
41054973,카니발 R,340,1,143976,2199,11,13,6,1,0,0,0,1,0,0,0,0,1,1,0,0,0,1,1,1,0,1,1,0,1
41032180,더 뉴 스포티지 R,870,1,106884,1995,5,10,9,1,0,0,0,1,0,1,0,0,0,1,0,1,0,1,1,0,1,1,1,1,1
41619230,카니발 4세대,2890,1,68405,2151,9,5,3,1,0,0,0,1,0,1,0,0,0,1,0,0,1,1,1,1,1,1,1,1,1
41658537,더 뉴 셀토스,2050,1,67481,1598,5,3,0,1,0,1,0,0,0,1,0,0,0,1,0,0,0,1,1,1,1,1,1,1,1
41660745,카니발 4세대,9999,1,84995,2151,7,3,0,1,0,0,0,1,0,0,0,0,1,1,0,0,1,1,1,1,1,1,1,1,1
41647537,더 뉴 카니발,2050,1,125965,3342,9,6,1,1,0,1,0,0,0,1,0,0,0,1,0,1,1,1,1,1,1,1,1,1,1
41354996,더 뉴 카니발 4세대,3510,1,19916,3470,9,2,0,1,0,1,0,0,0,0,0,1,0,1,0,0,1,1,1,1,1,1,1,1,1
41341378,모하비 더 마스터,3080,1,98521,2959,6,5,3,1,0,0,0,1,0,0,1,0,0,1,0,1,1,1,1,1,1,1,1,1,1
41345067,더 뉴 쏘렌토,1930,1,82241,1995,7,8,2,1,0,0,0,1,0,0,0,1,0,1,0,0,1,1,1,1,1,1,1,1,1
41258725,카니발 4세대,3130,1,117242,3470,7,5,2,1,0,1,0,0,0,1,0,0,0,1,0,0,1,1,1,1,1,1,1,1,1
41058238,더 뉴 카니발,1130,1,179386,2199,9,7,5,1,0,0,0,1,0,1,0,0,0,1,0,1,0,1,1,0,1,1,1,1,1
41520360,카니발 4세대,3450,1,86596,2151,7,4,0,1,0,0,0,1,0,0,0,1,0,1,0,0,1,1,1,1,1,1,1,1,1
41500660,더 뉴 쏘렌토,2050,1,139527,2199,7,6,1,1,0,0,0,1,0,0,1,0,0,1,0,0,1,1,1,1,1,1,1,1,1
41504851,올 뉴 K7,1360,1,94266,3342,5,10,0,1,0,1,0,0,0,0,1,0,0,0,1,0,0,1,1,1,1,1,1,1,1
41479593,카니발 4세대,3550,1,51537,2151,9,4,3,1,0,0,0,1,0,1,0,0,0,1,0,1,1,1,1,1,1,1,1,1,1
41467836,더 뉴 니로,1670,1,96653,1580,5,6,2,1,0,0,1,0,0,0,0,0,1,1,0,0,0,1,1,1,1,1,1,1,1
41371816,더 뉴 레이,1489,1,24588,998,5,4,2,1,0,1,0,0,0,1,0,0,0,0,1,0,0,1,1,1,1,1,1,0,1
41241432,올 뉴 카니발,1559,1,97521,3342,9,8,0,1,0,1,0,0,0,0,0,1,0,1,0,1,0,1,1,1,1,1,1,1,1
41582830,더 뉴 카니발,2630,1,50014,3342,9,6,3,1,0,1,0,0,0,1,0,0,0,1,0,0,1,1,1,1,1,1,1,1,1
40884728,카니발 R,460,1,127811,2199,11,14,7,1,0,0,0,1,0,0,1,0,0,1,0,0,0,1,1,0,0,1,1,0,1
41655936,더 뉴 셀토스,2640,1,23412,1598,5,3,2,1,0,1,0,0,0,1,0,0,0,1,0,1,1,1,1,1,1,1,1,1,1
41655763,올 뉴 모닝 (JA),580,1,201511,998,5,9,0,1,1,0,0,0,0,0,0,1,0,0,1,0,0,1,1,1,0,1,1,0,1
41406721,K5 하이브리드,530,1,186389,1999,5,14,4,1,0,0,1,0,0,1,0,0,0,0,1,1,0,1,1,1,1,1,1,0,1
41361727,올 뉴 카니발,1390,1,76243,2199,11,9,1,1,0,0,0,1,0,0,0,1,0,1,0,0,0,1,1,1,1,0,1,1,1
41445267,스포티지 5세대,2160,1,117077,1598,5,4,0,1,0,1,0,0,0,1,0,0,0,1,0,1,1,1,1,1,1,1,1,1,1
41168253,카니발 4세대,2770,1,65878,2151,9,5,1,1,0,0,0,1,0,0,1,0,0,1,0,1,1,1,1,1,1,1,1,1,1
41608510,올 뉴 쏘렌토,1090,1,85668,1995,5,11,5,1,0,0,0,1,0,0,1,0,0,1,0,0,0,1,1,0,1,1,1,0,1
41511551,더 뉴 카니발 4세대,4710,1,46605,1598,9,2,0,1,0,0,1,0,0,0,1,0,0,1,0,0,1,1,1,1,1,1,1,1,1
41443784,더 뉴 레이,8,1,35071,998,2,4,1,1,0,1,0,0,0,1,0,0,0,0,1,0,0,1,0,0,0,0,0,0,0
41390807,K8,25,1,83732,2497,5,4,1,1,0,1,0,0,0,0,0,1,0,0,1,0,1,1,1,1,1,1,1,1,1
41638377,더 뉴 쏘렌토 4세대,28,1,12588,1598,5,2,0,1,0,0,1,0,0,0,1,0,0,1,0,0,1,1,1,1,1,1,1,1,1
41406572,더 뉴 레이,8,1,50653,998,2,4,0,1,0,1,0,0,0,1,0,0,0,0,1,0,0,1,0,0,0,0,0,0,1
41607171,K5 3세대,2800,1,43843,1598,5,3,0,1,0,1,0,0,0,0,0,1,0,0,1,1,1,1,1,1,1,1,1,1,1
40661808,K7 프리미어,2370,1,42841,2999,5,6,5,1,0,1,0,0,0,0,0,1,0,0,1,0,1,1,1,1,1,1,1,1,1
39707990,올 뉴 쏘렌토,1350,1,132993,2199,7,11,3,1,0,0,0,1,0,0,0,1,0,1,0,0,0,1,1,1,1,1,1,1,1
40954102,K8 하이브리드,2820,1,60348,1598,5,4,0,1,0,0,1,0,0,0,1,0,0,0,1,0,0,0,0,0,0,0,0,0,0
41491901,K8 하이브리드,2770,1,90156,1598,5,4,1,1,0,0,1,0,0,1,0,0,0,0,1,0,1,1,1,1,1,1,1,1,1
41611948,올 뉴 카니발,1240,1,105611,2199,9,10,1,1,0,0,0,1,0,1,0,0,0,1,0,1,0,1,1,1,1,1,1,1,1
39292290,니로,1199,1,146937,1580,5,9,2,1,0,0,1,0,0,0,0,0,1,1,0,1,0,1,1,1,1,1,1,1,1
41397890,오피러스 프리미엄,350,1,175261,3342,5,16,2,1,0,1,0,0,0,0,1,0,0,0,1,0,0,1,1,1,1,1,1,0,1
41389407,올 뉴 카니발,2300,1,120463,2199,9,8,4,1,0,0,0,1,0,0,1,0,0,1,0,0,1,1,1,1,1,1,1,1,1
41386985,카니발 4세대,2930,1,53677,2151,9,5,0,1,0,0,0,1,0,1,0,0,0,1,0,0,1,1,1,1,1,1,1,1,1
41647331,셀토스,2050,1,63447,1591,5,6,0,1,0,1,0,0,0,1,0,0,0,1,0,0,1,1,1,1,1,1,1,1,1
41535533,더 뉴 니로,2290,1,56546,1580,5,4,0,1,0,0,1,0,0,0,0,1,0,1,0,0,1,1,1,1,1,1,1,1,1
41562497,K5 3세대,1799,1,92865,1999,5,6,1,1,0,1,0,0,0,0,0,1,0,0,1,0,1,1,1,1,1,1,1,1,1
41577370,K5 3세대,1899,1,134029,1598,5,6,1,1,0,1,0,0,0,1,0,0,0,0,1,0,1,1,1,1,1,1,1,1,1
41584715,더 뉴 카니발,1950,1,82662,2199,7,7,0,1,0,0,0,1,0,0,1,0,0,1,0,0,1,1,1,1,1,1,1,1,1
41602256,더 뉴 모하비,2090,1,77928,2959,7,9,0,1,0,0,0,1,0,0,1,0,0,1,0,0,0,1,1,1,1,1,1,1,1
41590747,더 K9,2380,1,128795,3778,5,6,3,1,0,1,0,0,0,0,1,0,0,0,1,0,1,1,1,1,1,1,1,1,1
41646047,카니발 4세대,3950,1,43342,3470,9,3,0,1,0,1,0,0,0,0,1,0,0,1,0,0,1,1,1,1,1,1,1,1,1
41434532,카니발 4세대,3659,1,81349,2151,9,3,0,1,0,0,0,1,0,1,0,0,0,1,0,0,1,1,1,1,1,1,1,1,1
41465680,올 뉴 K7 하이브리드,1639,1,93423,2359,5,9,9,1,0,0,1,0,0,0,0,1,0,0,1,0,1,1,1,1,1,1,1,1,1
41514152,올 뉴 K7,1059,1,192970,2199,5,9,8,1,0,0,0,1,0,0,0,1,0,0,1,1,1,1,1,1,1,1,1,1,1
41660394,올 뉴 카니발,999,1,164326,2199,9,9,0,1,0,0,0,1,0,1,0,0,0,1,0,1,0,1,1,1,1,1,1,1,1
41613315,더 뉴 K9 2세대,3850,1,73895,3778,5,4,1,1,0,1,0,0,0,0,0,1,0,0,1,0,1,1,1,1,1,1,1,1,1
41599503,더 뉴 기아 레이,2200,1,1624,998,5,0,0,1,0,1,0,0,0,1,0,0,0,0,1,0,0,1,1,1,1,1,1,1,1
41644969,더 뉴 모하비,2050,1,80665,2959,7,9,2,1,0,0,0,1,0,0,1,0,0,1,0,1,0,1,1,1,1,1,1,1,1
41448335,더 뉴 카니발,2000,1,104438,2199,9,6,4,1,0,0,0,1,0,1,0,0,0,1,0,0,1,1,1,1,1,1,1,1,1
41460284,K7 프리미어,2180,1,106337,2999,5,6,1,1,1,0,0,0,0,1,0,0,0,0,1,1,1,1,1,1,1,1,1,1,1
38678183,올 뉴 K7 하이브리드,1880,1,98902,2359,5,8,5,1,0,0,1,0,0,1,0,0,0,0,1,0,1,1,1,1,1,1,1,1,1
41140589,K8,2080,1,105750,3470,5,3,8,1,1,0,0,0,0,0,0,1,0,0,1,0,1,1,1,1,1,1,1,1,1
41229001,K5 3세대,2350,1,69771,1598,5,3,1,1,0,1,0,0,0,0,0,1,0,0,1,0,1,1,1,1,1,1,1,1,1
41525195,더 뉴 쏘렌토,1890,1,130690,2199,5,8,0,1,0,0,0,1,0,0,1,0,0,1,0,0,1,1,1,1,1,1,1,1,1
41258765,더 K9,2650,1,62165,3778,5,7,3,1,0,1,0,0,0,0,0,1,0,0,1,0,1,1,1,1,1,1,1,1,1
41623259,레이,630,1,100426,998,5,14,0,1,0,1,0,0,0,0,0,1,0,0,1,0,0,1,1,0,0,1,1,0,1
40825865,더 뉴 모닝,480,1,123534,998,5,10,0,1,0,1,0,0,0,1,0,0,0,0,1,0,0,1,1,0,0,1,1,0,1
41595851,카니발 4세대,3380,1,23055,3470,9,3,1,1,0,1,0,0,0,0,0,0,1,1,0,0,1,1,1,1,1,1,1,1,1
41518693,올 뉴 K3,1230,1,60736,1598,5,7,1,1,0,1,0,0,0,0,0,1,0,0,1,0,0,1,0,0,1,0,1,1,1
41591931,K8,2530,1,74058,2497,5,3,1,1,0,1,0,0,0,0,0,1,0,0,1,0,1,1,1,1,1,1,1,1,1
41367649,카니발 4세대,3550,1,30860,2151,9,3,0,1,0,0,0,1,0,1,0,0,0,1,0,0,1,1,1,1,1,1,1,1,1
41472717,쏘렌토 4세대,2599,1,53851,2151,5,5,8,1,0,0,0,1,0,1,0,0,0,1,0,0,1,1,1,1,1,1,1,1,1
41470291,스포티지 5세대,2100,1,117517,1998,5,3,2,1,0,0,0,1,0,0,0,1,0,1,0,0,1,1,1,1,1,1,1,1,1
41560612,더 뉴 모하비,2100,1,86023,2959,5,9,0,1,0,0,0,1,0,1,0,0,0,1,0,1,0,1,1,1,1,1,1,1,1
41552914,올 뉴 카니발,1290,1,168414,2199,7,8,2,1,0,0,0,1,0,0,0,1,0,1,0,0,0,1,1,1,1,1,1,1,1
41554225,더 뉴 쏘렌토,1970,1,86883,2199,7,7,2,1,0,0,0,1,0,0,0,0,1,1,0,0,1,1,1,1,1,1,1,1,1
41534962,쏘렌토 4세대,4200,1,30973,1598,5,3,0,1,0,0,1,0,0,0,0,1,0,1,0,1,1,1,1,1,1,1,1,1,1
41526130,EV6,3150,1,23057,111,5,4,0,1,0,0,0,0,1,0,0,0,1,0,1,0,1,1,1,1,1,1,1,1,1
41536309,카니발 4세대,2770,1,94054,2151,9,5,1,1,0,0,0,1,0,0,1,0,0,1,0,0,1,1,1,1,1,1,1,1,1
41101089,쏘렌토 4세대,2699,1,85214,1598,5,5,4,1,0,0,1,0,0,0,0,0,1,1,0,0,1,1,1,1,1,1,1,1,1
41379045,스팅어 마이스터,3480,1,80156,3342,5,5,0,1,0,1,0,0,0,0,0,1,0,0,1,1,1,1,1,1,1,1,1,1,1
41393331,스포티지 5세대,2480,1,15956,1598,5,3,0,1,0,1,0,0,0,0,0,1,0,1,0,0,1,1,0,0,1,0,1,0,1
41378853,스포티지 4세대,1390,1,101829,1995,5,8,0,1,0,0,0,1,0,0,0,0,1,1,0,0,0,1,1,1,1,1,1,1,1
41361214,쏘렌토 4세대,2759,1,97863,2151,6,5,9,1,0,0,0,1,0,1,0,0,0,1,0,1,1,1,1,1,1,1,1,1,1
41297574,모하비 더 마스터,5080,1,25992,2959,6,2,4,1,0,0,0,1,0,0,1,0,0,1,0,1,1,1,1,1,1,1,1,1,1
41627677,카니발 4세대,3090,1,12644,2151,9,3,0,1,0,0,0,1,0,0,1,0,0,1,0,0,1,1,1,1,1,1,1,1,1
41622416,더 뉴 K8,3850,1,16254,2497,5,1,0,1,0,1,0,0,0,0,0,1,0,0,1,0,1,1,1,1,1,1,1,1,1
41609767,더 뉴 K3 2세대,1670,1,41487,1598,5,3,3,1,0,1,0,0,0,1,0,0,0,0,1,0,0,1,1,1,1,1,1,0,1
41604159,올 뉴 K3,1350,1,88555,1598,5,7,3,1,0,1,0,0,0,0,0,1,0,0,1,0,0,1,1,1,1,1,1,1,1
41586742,셀토스,2170,1,30376,1591,5,5,1,1,0,1,0,0,0,0,0,1,0,1,0,0,1,1,1,1,1,1,1,1,1
41101518,더 뉴 K7,890,1,158851,2359,5,11,0,1,0,1,0,0,0,1,0,0,0,0,1,1,0,1,1,1,1,1,1,1,1
41396009,올 뉴 K7,980,1,160197,2359,5,9,8,1,0,1,0,0,0,0,1,0,0,0,1,0,0,1,1,1,1,1,1,1,1
41513378,모하비 더 마스터,3050,1,73359,2959,7,6,0,1,0,0,0,1,0,0,1,0,0,1,0,1,1,1,1,1,1,1,1,1,1
41474498,모하비 더 마스터,4280,1,35199,2959,6,4,2,1,0,0,0,1,0,0,1,0,0,1,0,1,1,1,1,1,1,1,1,1,1
41569741,스포티지 4세대,1100,1,102356,1685,5,10,0,1,0,0,0,1,0,0,1,0,0,1,0,0,0,1,1,1,1,1,1,0,1
41595759,더 뉴 K9,1390,1,132701,5038,5,11,0,1,0,1,0,0,0,0,1,0,0,0,1,0,1,1,1,1,1,1,1,1,1
41601598,스포티지 5세대,3180,1,18429,1999,5,2,0,1,1,0,0,0,0,1,0,0,0,1,0,0,1,1,1,1,1,1,1,1,1
41586572,K5 하이브리드 3세대,2350,1,100354,1999,5,5,0,1,0,0,1,0,0,1,0,0,0,0,1,0,1,1,1,1,1,1,1,1,1
41513577,올 뉴 K3,1250,1,69734,1598,5,5,3,1,0,1,0,0,0,1,0,0,0,0,1,0,0,1,0,0,1,0,1,1,1
41511787,스포티지 5세대,3190,1,56102,1598,5,3,2,1,0,1,0,0,0,0,0,0,1,1,0,1,1,1,1,1,1,1,1,1,1
41480984,더 뉴 카니발,1350,1,144560,2199,9,7,1,1,0,0,0,1,0,1,0,0,0,1,0,0,1,1,1,1,1,1,1,1,1
41463997,K7 프리미어,2390,1,42305,2497,5,6,2,1,0,1,0,0,0,1,0,0,0,0,1,1,1,1,1,1,1,1,1,1,1
41570058,카니발 4세대,3190,1,116541,2151,9,4,1,1,0,0,0,1,0,1,0,0,0,1,0,1,1,1,1,1,1,1,1,1,1
41550411,K8 하이브리드,3680,1,46380,1598,5,3,0,1,0,0,1,0,0,1,0,0,0,0,1,1,1,1,1,1,1,1,1,1,1
41634042,모하비 더 마스터,3230,1,111590,2959,6,5,4,1,0,0,0,1,0,0,1,0,0,1,0,1,1,1,1,1,1,1,1,1,1
41624046,더 뉴 카니발,2720,1,52952,2199,9,6,4,1,0,0,0,1,0,0,1,0,0,1,0,0,1,1,1,1,1,1,1,1,1
41625589,더 뉴 K5 2세대,1490,1,77716,1999,5,7,3,1,0,1,0,0,0,0,1,0,0,0,1,0,1,1,1,1,1,0,1,1,1
41129544,더 뉴 셀토스,2750,1,10392,1598,5,2,2,1,0,1,0,0,0,0,0,0,1,1,0,0,1,1,1,1,1,1,1,1,1
41186238,스포티지 더 볼드,1740,1,90867,1995,5,5,4,1,0,0,0,1,0,1,0,0,0,1,0,1,1,1,1,1,1,1,1,1,1
41085230,K8,2340,1,73982,3470,5,3,1,1,1,0,0,0,0,0,0,1,0,0,1,0,1,1,1,1,1,1,1,0,1
41356837,카니발 4세대,2320,1,102044,2151,9,5,10,1,0,0,0,1,0,0,1,0,0,1,0,0,1,1,1,1,1,1,1,1,1
41295748,K8,2240,1,92625,3470,5,4,0,1,0,1,0,0,0,0,1,0,0,0,1,0,1,1,1,1,1,1,1,1,1
41435551,더 뉴 쏘렌토,1690,1,108343,1995,5,8,1,1,0,0,0,1,0,1,0,0,0,1,0,0,1,1,1,1,1,1,1,1,1
41441372,더 뉴 스포티지 5세대,3270,1,28999,1598,5,1,0,1,0,1,0,0,0,0,1,0,0,1,0,0,0,0,0,0,0,0,0,0,0
41643535,K8 하이브리드,2120,1,104401,1598,5,4,6,1,0,0,1,0,0,1,0,0,0,0,1,0,1,1,1,1,1,1,1,1,1
41652417,올 뉴 카니발,1680,1,92682,2199,9,8,1,1,0,0,0,1,0,1,0,0,0,1,0,0,0,1,1,1,1,1,1,1,1
41653609,스포티지 4세대,1250,1,117641,1995,5,8,3,1,0,0,0,1,0,1,0,0,0,1,0,0,0,1,1,0,1,1,1,1,1
41626618,카니발 4세대,3690,1,31291,2151,9,3,0,1,0,0,0,1,0,0,1,0,0,1,0,0,1,1,1,1,1,1,1,1,1
41587615,모하비 더 마스터,4730,1,54068,2959,6,3,0,1,0,0,0,1,0,0,1,0,0,1,0,1,1,1,1,1,1,1,1,1,1
41651801,올 뉴 K7,1299,1,125922,2199,5,9,1,1,0,0,0,1,0,0,1,0,0,0,1,0,1,1,1,1,1,0,1,1,1
41659205,K5 2세대,1550,1,52756,1999,5,8,0,1,0,1,0,0,0,1,0,0,0,0,1,0,0,1,1,1,1,1,1,1,1
41168185,K8,2450,1,14651,3470,5,4,0,1,1,0,0,0,0,1,0,0,0,0,1,1,1,1,1,1,1,1,1,1,1
41137519,쏘렌토 4세대,2190,1,106718,2151,5,5,2,1,0,0,0,1,0,0,0,0,1,1,0,0,1,1,1,1,1,1,1,1,1
40895119,더 뉴 기아 레이 EV,2090,1,33110,133,4,2,0,1,0,0,0,0,1,1,0,0,0,0,1,0,0,1,1,1,1,1,1,1,1
41260747,카니발 4세대,3290,1,40762,3470,7,3,6,1,0,1,0,0,0,1,0,0,0,1,0,1,1,1,1,1,1,1,1,1,1
41251197,스포티지 5세대 하이브리드,3180,1,54252,1598,5,3,0,1,0,0,1,0,0,0,0,1,0,1,0,0,1,1,1,1,1,1,1,1,1
41456333,K5 3세대,1790,1,49254,1999,5,5,0,1,1,0,0,0,0,0,1,0,0,0,1,0,1,1,0,0,1,0,1,0,1
41420384,쏘렌토 4세대,2020,1,73590,2151,7,5,17,1,0,0,0,1,0,1,0,0,0,1,0,0,1,1,1,1,1,1,1,0,1
41191108,쏘렌토 4세대,3590,1,41209,1598,5,3,0,1,0,0,1,0,0,1,0,0,0,1,0,0,1,1,1,1,1,1,1,1,1
41424780,K8 하이브리드,3400,1,18741,1598,5,3,2,1,0,0,1,0,0,0,0,1,0,0,1,1,1,1,1,1,1,1,1,1,1
40758348,올 뉴 K7,1150,1,140086,2359,5,9,2,1,0,1,0,0,0,0,1,0,0,0,1,0,0,1,1,1,1,1,1,1,1
40247829,올 뉴 카니발,1690,1,117956,3342,9,9,11,1,0,1,0,0,0,0,1,0,0,1,0,0,0,1,1,1,1,1,1,1,1
40703218,K3,700,1,88772,1591,5,11,5,1,0,1,0,0,0,0,1,0,0,0,1,0,0,1,1,1,1,1,1,0,1
40661372,더 뉴 K7,650,1,88975,2359,5,13,5,1,0,1,0,0,0,0,0,1,0,0,1,0,0,1,1,1,1,1,1,0,1
39989042,더 뉴 레이,850,1,45946,998,2,7,1,1,0,1,0,0,0,1,0,0,0,0,1,0,0,1,0,0,0,0,0,0,1
41632003,올 뉴 카니발,999,1,170670,2199,11,9,0,1,0,0,0,1,0,0,0,1,0,1,0,0,0,0,0,0,0,0,0,0,0
40902991,더 뉴 카니발,890,1,216909,2199,9,7,7,1,0,0,0,1,0,0,1,0,0,1,0,1,0,1,1,1,1,1,1,1,1
40928294,쏘렌토 4세대,3350,1,68045,1598,5,4,2,1,0,0,1,0,0,1,0,0,0,1,0,0,1,1,1,1,1,1,1,1,1
41235390,더 뉴 K3 2세대,1490,1,26941,1598,5,4,12,1,0,1,0,0,0,1,0,0,0,0,1,0,1,1,0,1,1,1,1,1,1
41181446,올 뉴 카니발,1020,1,88487,2199,9,9,10,1,0,0,0,1,0,0,0,1,0,1,0,1,0,1,1,1,1,1,1,1,1
41212618,올 뉴 카니발,1559,1,160257,2199,9,9,6,1,0,0,0,1,0,1,0,0,0,1,0,0,0,1,1,1,1,0,1,1,1
39221540,더 뉴 카니발,1150,1,235143,2199,7,7,6,1,0,0,0,1,0,1,0,0,0,1,0,0,1,1,1,1,1,1,1,1,1
38543036,스팅어 마이스터,1320,1,25557,2497,5,3,0,1,0,1,0,0,0,0,1,0,0,0,1,0,1,1,1,1,1,1,1,1,1
40233893,올 뉴 카니발,919,1,135044,2199,11,10,1,1,0,0,0,1,0,0,0,1,0,1,0,0,0,1,0,1,1,0,1,1,1
40693353,스포티지 더 볼드,1300,1,149147,1995,5,7,8,1,0,0,0,1,0,0,0,1,0,1,0,0,0,1,1,1,1,1,0,0,1
40798847,더 뉴 K5,530,1,117293,1999,5,12,15,1,1,0,0,0,0,0,0,1,0,0,1,0,0,1,1,1,1,1,1,0,1
41242008,K5 하이브리드 3세대,2150,1,94776,1999,5,5,2,1,0,0,1,0,0,1,0,0,0,0,1,1,1,1,1,1,1,1,1,1,1
41338216,스팅어,1740,1,86484,1998,5,8,1,1,0,1,0,0,0,0,0,1,0,0,1,1,1,1,1,1,1,1,1,1,1
41292995,K5,360,1,133060,1998,5,14,17,1,0,1,0,0,0,0,0,1,0,0,1,0,0,0,0,0,1,1,1,0,1
41291643,더 뉴 K5 2세대,1590,1,85810,1999,5,7,3,1,0,1,0,0,0,1,0,0,0,0,1,0,1,1,1,1,1,1,1,0,1
41256799,더 뉴 니로,1690,1,16526,1580,5,4,13,1,0,0,1,0,0,0,0,1,0,1,0,0,0,1,1,1,1,0,1,0,1
41253266,스포티지 5세대 하이브리드,2850,1,60412,1598,5,4,10,1,0,0,1,0,0,0,0,1,0,1,0,1,1,1,1,1,1,1,1,1,1
41423486,쏘렌토 4세대,1860,1,339346,2151,7,5,13,1,0,0,0,1,0,0,1,0,0,1,0,0,1,1,1,1,1,1,1,1,1
41432223,K8,2120,1,75124,2497,5,4,5,1,0,1,0,0,0,0,1,0,0,0,1,0,1,1,1,1,1,1,1,1,1
41429688,더 뉴 카니발 4세대,4950,1,18714,1598,9,2,0,1,0,0,1,0,0,0,1,0,0,1,0,0,0,0,0,0,0,0,0,0,0
41122304,올 뉴 카니발,900,1,148360,2199,9,10,5,1,0,0,0,1,0,0,0,1,0,1,0,0,0,1,1,1,1,1,1,1,1
41114200,K7 프리미어,1899,1,92089,2999,5,6,11,1,1,0,0,0,0,1,0,0,0,0,1,0,1,1,1,1,1,1,1,1,1
41014565,더 뉴 카니발,1299,1,180489,2199,9,7,4,1,0,0,0,1,0,0,0,1,0,1,0,1,1,1,1,1,1,1,1,1,1
41396133,스팅어,1799,1,83522,3342,5,6,15,1,0,1,0,0,0,0,0,1,0,0,1,0,1,1,1,1,1,1,1,1,1
41480847,더 뉴 레이,629,1,144871,998,2,5,0,1,0,1,0,0,0,1,0,0,0,0,1,0,0,0,0,0,0,0,0,0,0
41484056,올 뉴 K3,900,1,140273,1598,5,7,7,1,0,1,0,0,0,1,0,0,0,0,1,0,0,1,1,0,1,1,1,1,1
41477567,더 뉴 K3 2세대,1700,1,96500,1591,5,4,8,1,0,1,0,0,0,1,0,0,0,0,1,0,1,1,1,1,1,1,1,1,1
41304417,카니발 4세대,2490,1,79208,2151,9,5,1,1,0,0,0,1,0,0,1,0,0,1,0,0,1,1,1,1,1,1,1,1,1
41259849,더 뉴 카렌스,899,1,118379,1999,7,9,11,1,1,0,0,0,0,1,0,0,0,1,0,0,0,1,1,0,1,1,1,1,1
41260204,스팅어,1780,1,117920,3342,5,8,14,1,0,1,0,0,0,1,0,0,0,0,1,1,1,1,1,1,1,1,1,1,1
41181377,카니발 R,499,1,61756,2199,11,16,2,1,0,0,0,1,0,0,0,1,0,1,0,0,0,1,1,1,0,1,1,0,1
41162677,카니발 4세대,2499,1,148146,2151,9,4,2,1,0,0,0,1,0,1,0,0,0,1,0,0,1,1,1,1,1,1,1,1,1
41160243,뉴 쏘렌토 R,659,1,189035,1995,5,12,0,1,0,0,0,1,0,1,0,0,0,1,0,0,0,1,1,1,1,1,1,1,1
41366427,올 뉴 K7,899,1,112404,2999,5,10,14,1,1,0,0,0,0,1,0,0,0,0,1,0,0,1,1,1,1,1,1,0,1
41365684,올 뉴 카니발,950,1,178189,2199,9,8,21,1,0,0,0,1,0,0,1,0,0,1,0,1,0,1,1,1,1,1,1,1,1
41368150,올 뉴 K7,1450,1,124690,2199,5,7,0,1,0,0,0,1,0,1,0,0,0,0,1,0,1,1,1,1,1,1,1,1,1
41395600,스포티지 5세대,1719,1,109526,1598,5,4,19,1,0,1,0,0,0,1,0,0,0,1,0,0,1,1,1,1,1,1,1,0,1
41387358,카니발 4세대,2480,1,157677,2151,9,5,4,1,0,0,0,1,0,1,0,0,0,1,0,0,1,1,1,1,1,1,1,1,1
41407439,쏘렌토 4세대,3000,1,131527,1598,6,5,0,1,0,0,1,0,0,1,0,0,0,1,0,1,1,1,1,1,1,1,1,1,1
41401971,더 뉴 K9 2세대,3890,1,73921,3778,5,3,0,1,0,1,0,0,0,0,1,0,0,0,1,0,1,1,1,1,1,1,1,1,1
41400830,모하비 더 마스터,3550,1,112542,2959,7,5,8,1,0,0,0,1,0,0,1,0,0,1,0,1,1,1,1,1,1,1,1,1,1
41458865,올 뉴 K7,650,1,209831,2199,5,9,28,1,0,0,0,1,0,0,0,1,0,0,1,0,1,1,1,1,1,1,1,1,1
41566378,K5 하이브리드 3세대,23,1,45393,1999,5,3,0,1,0,0,1,0,0,1,0,0,0,0,1,1,1,1,1,1,1,1,1,1,1
41563874,셀토스,1920,1,79520,1591,5,6,0,1,0,1,0,0,0,1,0,0,0,1,0,0,1,1,1,1,1,1,1,1,1
41563207,셀토스,1300,1,120503,1598,5,6,2,1,0,0,0,1,0,1,0,0,0,1,0,0,0,1,1,0,1,0,1,0,1
41562805,더 뉴 레이,490,1,179940,998,2,7,11,1,0,1,0,0,0,1,0,0,0,0,1,0,0,1,0,0,0,0,0,0,1
41561589,카니발 4세대,3490,1,123532,2151,7,4,8,1,0,0,0,1,0,1,0,0,0,1,0,0,1,1,1,1,1,1,1,1,1
41554463,스포티지 R,550,1,180158,1995,5,13,12,1,0,0,0,1,0,0,0,1,0,1,0,0,0,1,1,1,1,1,1,0,1
41546863,카니발 4세대,1990,1,198499,2151,7,5,9,1,0,0,0,1,0,0,1,0,0,1,0,0,1,1,1,1,1,1,1,1,1
41460407,올 뉴 모닝 (JA),580,1,114641,998,2,8,11,1,0,1,0,0,0,1,0,0,0,0,1,0,0,0,0,0,0,0,0,0,0
41449589,셀토스,1804,1,53147,1591,5,6,6,1,0,1,0,0,0,1,0,0,0,1,0,1,1,1,1,1,1,1,1,1,1
41494839,모닝 어반 (JA),1210,1,56882,998,5,5,0,1,0,1,0,0,0,1,0,0,0,0,1,1,0,1,1,0,1,1,1,1,1
41626686,스포티지 5세대,2199,1,43906,1998,5,3,2,1,0,0,0,1,0,0,0,1,0,1,0,0,1,1,1,1,1,1,1,0,1
41613914,올 뉴 카니발,830,1,199062,2199,9,10,13,1,0,0,0,1,0,0,0,1,0,1,0,1,0,1,1,1,1,1,1,1,1
41620285,K3 쿱,499,1,149334,1591,5,12,10,1,0,1,0,0,0,1,0,0,0,0,1,1,0,1,1,1,1,1,1,0,1
41658714,더 뉴 모닝 (JA),288,1,5,998,5,0,0,1,0,1,0,0,0,1,0,0,0,0,1,0,0,1,1,1,1,0,1,1,1
41652727,더 뉴 EV6,3399,1,65105,120,5,1,8,1,0,0,0,0,1,1,0,0,0,0,1,0,1,1,1,1,1,1,1,1,1
41648750,뉴모닝,200,1,114016,999,5,18,1,1,0,1,0,0,0,0,0,1,0,0,1,0,0,1,1,1,0,1,1,0,1
41647618,올 뉴 쏘렌토,1470,1,99767,1995,7,11,3,1,0,0,0,1,0,1,0,0,0,1,0,0,0,1,1,1,1,1,1,1,1
41646359,더 뉴 기아 레이 EV,1080,1,4550,400,4,2,0,1,0,0,0,0,1,1,0,0,0,0,1,0,0,1,1,1,1,1,1,1,1
41606359,쏘렌토 4세대,3190,1,85721,1598,5,3,7,1,0,0,1,0,0,0,0,1,0,1,0,0,1,1,1,1,1,1,1,1,1
41603870,K7 프리미어,1950,1,147081,2497,5,6,3,1,0,1,0,0,0,0,1,0,0,0,1,1,1,1,1,1,1,1,1,1,1
41601325,더 뉴 카니발 4세대,4390,1,17408,3470,9,1,2,1,0,1,0,0,0,1,0,0,0,1,0,1,1,1,1,1,1,1,1,1,1
41659414,올 뉴 카니발,1430,1,119993,2199,9,8,8,1,0,0,0,1,0,0,1,0,0,1,0,0,0,1,1,1,1,1,1,1,1
41657559,카니발 4세대,2650,1,99783,2151,9,5,2,1,0,0,0,1,0,0,1,0,0,1,0,0,1,1,1,1,1,1,1,1,1
41646358,카니발 4세대,1212,1,63277,3470,4,3,0,1,0,1,0,0,0,0,1,0,0,1,0,0,1,1,1,1,1,1,1,1,1
41642397,더 K9,1650,1,205666,3778,5,6,10,1,0,1,0,0,0,0,0,1,0,0,1,0,1,1,1,1,1,1,1,1,1
41643814,스팅어,1299,1,148537,3342,5,8,16,1,0,1,0,0,0,0,0,0,1,0,1,1,1,1,1,1,1,1,1,1,1
41603075,레이,430,1,116402,998,2,10,6,1,0,1,0,0,0,0,0,0,1,0,1,0,0,0,1,0,0,1,0,0,0
41628778,모닝 어반 (JA),1100,1,65286,998,5,5,6,1,0,1,0,0,0,0,0,0,1,0,1,0,0,1,1,1,1,1,1,1,1
41295633,모하비,720,1,133245,2959,7,16,2,1,0,0,0,1,0,0,0,1,0,1,0,1,0,1,1,1,1,1,1,1,1
41611089,스포티지 더 볼드,1830,1,60168,1995,5,6,0,1,0,0,0,1,0,0,0,1,0,1,0,0,0,1,1,1,1,1,1,1,1
41497405,올 뉴 모닝,499,1,108383,998,5,11,10,1,0,1,0,0,0,0,0,0,1,0,1,0,0,1,1,0,1,1,1,0,1
40984068,모하비 더 마스터,4450,1,44805,2959,5,5,0,1,0,0,0,1,0,0,1,0,0,1,0,1,1,1,1,1,1,1,1,1,1
41084896,올 뉴 모닝,590,1,60357,998,5,12,10,1,0,1,0,0,0,1,0,0,0,0,1,0,0,1,1,1,1,1,1,0,1
41519759,더 뉴 모하비,2230,1,67450,2959,5,7,1,1,0,0,0,1,0,0,0,1,0,1,0,0,0,1,1,1,1,1,1,1,1
41458672,카니발 4세대,3390,1,71566,2151,9,3,1,1,0,0,0,1,0,1,0,0,0,1,0,0,1,1,1,1,1,1,1,1,1
41494635,더 뉴 기아 레이,1299,1,32671,998,2,2,0,1,0,1,0,0,0,0,1,0,0,0,1,0,0,1,1,0,1,0,1,0,1
41458634,K5 3세대,2290,1,16402,1999,5,6,7,1,0,1,0,0,0,1,0,0,0,0,1,0,1,1,1,1,1,1,1,1,1
41412271,올 뉴 쏘렌토,1290,1,142798,1995,5,10,3,1,0,0,0,1,0,0,0,1,0,1,0,0,0,1,1,1,1,1,1,1,1
41377899,K8,2590,1,51386,3470,5,3,3,1,0,1,0,0,0,0,1,0,0,0,1,0,1,1,1,1,1,1,1,1,1
41382227,스포티지 5세대 하이브리드,2780,1,46599,1598,5,3,0,1,0,0,1,0,0,0,0,1,0,1,0,0,1,1,1,1,1,1,1,1,1
41392029,더 뉴 카니발 4세대,3971,1,1500,3470,9,0,0,1,0,1,0,0,0,0,0,1,0,1,0,0,1,1,1,1,1,1,1,1,1
41371385,올 뉴 모닝 (JA),930,1,24747,998,5,6,21,1,0,1,0,0,0,1,0,0,0,0,1,0,0,1,0,0,1,0,1,0,1
41370883,더 뉴 레이,650,1,117823,998,2,8,5,1,0,1,0,0,0,1,0,0,0,0,1,0,0,1,0,0,0,0,0,0,1
41304269,스포티지 4세대,820,1,182132,1685,5,10,11,1,0,0,0,1,0,0,1,0,0,1,0,1,0,1,1,0,1,1,1,0,1
41287259,올 뉴 카니발,1059,1,138781,2199,9,11,12,1,0,0,0,1,0,0,0,1,0,1,0,1,0,1,1,1,1,1,1,1,1
41252127,올 뉴 모닝,370,1,80394,998,5,13,15,1,0,1,0,0,0,1,0,0,0,0,1,0,0,1,1,0,0,1,1,0,1
41250343,더 뉴 쏘렌토 4세대,4320,1,16968,1598,5,2,0,1,0,0,1,0,0,1,0,0,0,1,0,1,1,1,1,1,1,1,1,1,1
41228492,K8 하이브리드,24,1,130997,1598,5,3,8,1,0,0,1,0,0,0,1,0,0,0,1,0,1,1,1,1,1,1,1,1,1
41242920,더 뉴 레이,739,1,100995,998,2,5,2,1,0,1,0,0,0,1,0,0,0,0,1,0,0,1,1,0,0,1,1,0,1
41245750,올 뉴 모닝,490,1,51849,998,5,13,0,1,0,1,0,0,0,1,0,0,0,0,1,0,0,0,0,0,0,0,0,0,0
41243154,올 뉴 모닝,470,1,103519,998,5,12,6,1,0,1,0,0,0,1,0,0,0,0,1,0,0,1,1,1,0,1,1,0,1
41226421,더 뉴 레이,1180,1,54122,998,5,5,7,1,0,1,0,0,0,1,0,0,0,0,1,0,0,1,1,1,1,1,1,0,1
41068815,더 뉴 기아 레이,1399,1,29424,998,5,3,15,1,0,1,0,0,0,0,0,1,0,0,1,0,0,1,1,1,1,1,1,1,1
41462637,K5,570,1,148161,1999,5,13,3,1,1,0,0,0,0,1,0,0,0,0,1,0,0,1,1,0,0,1,1,0,1
41453483,더 뉴 레이,699,1,180790,998,5,8,1,1,0,1,0,0,0,0,0,1,0,0,1,0,0,1,1,0,1,1,1,0,1
41459164,올 뉴 쏘렌토,1000,1,185237,1995,5,11,4,1,0,0,0,1,0,1,0,0,0,1,0,0,0,1,1,1,1,1,1,1,1
41449512,모하비,700,1,181735,2959,7,12,3,1,0,0,0,1,0,0,0,1,0,1,0,1,0,1,1,1,1,1,1,1,1
41438067,올 뉴 쏘렌토,1260,1,150924,1995,7,10,7,1,0,0,0,1,0,0,0,1,0,1,0,0,0,1,1,1,1,1,1,1,1
41444750,더 뉴 쏘렌토,1630,1,150405,1995,5,6,4,1,0,0,0,1,0,1,0,0,0,1,0,0,0,1,0,0,1,0,1,1,1
41432621,셀토스,1820,1,58827,1591,5,4,4,1,0,1,0,0,0,1,0,0,0,1,0,0,1,1,1,1,1,1,1,1,1
41428174,올 뉴 K7 하이브리드,1330,1,166809,2359,5,7,12,1,0,0,1,0,0,1,0,0,0,0,1,1,1,1,1,1,1,0,1,1,1
41416058,더 뉴 카니발 4세대,3612,1,890,1598,9,0,0,1,0,0,1,0,0,1,0,0,0,1,0,0,1,1,1,1,1,1,1,1,1
41424124,더 뉴 카니발,2390,1,100065,2199,7,7,2,1,0,0,0,1,0,1,0,0,0,1,0,0,1,1,1,1,1,1,1,1,1
40916800,쏘렌토 4세대,2299,1,195320,1598,5,5,1,1,0,0,1,0,0,0,1,0,0,1,0,0,1,1,1,1,1,1,1,1,1
40964901,올 뉴 카니발,650,1,214778,2199,9,11,17,1,0,0,0,1,0,0,1,0,0,1,0,0,0,1,1,1,1,1,1,1,1
40749892,올 뉴 모닝,450,1,58933,998,5,13,5,1,0,1,0,0,0,0,0,1,0,0,1,0,0,1,1,0,0,0,1,0,1
40098632,카니발 R,380,1,157875,2199,11,15,4,1,0,0,0,1,0,0,0,1,0,1,0,1,0,1,1,1,0,1,1,0,1
40554457,쏘렌토 4세대,2259,1,129925,2151,7,5,11,1,0,0,0,1,0,0,0,1,0,1,0,0,1,1,1,1,1,1,1,1,1
40500179,K7,300,1,173801,2656,5,15,7,1,0,1,0,0,0,0,1,0,0,0,1,0,0,1,1,1,1,1,1,0,1
39748953,올 뉴 K7,1150,1,112796,2199,5,9,8,1,0,0,0,1,0,0,0,1,0,0,1,0,1,1,1,1,1,1,1,1,1
41196122,카니발 4세대,3300,1,72000,2151,9,4,0,1,0,0,0,1,0,0,1,0,0,1,0,1,1,1,1,1,1,1,1,1,1
38291187,더 뉴 K9,1350,1,198822,5038,5,10,5,1,0,1,0,0,0,0,0,1,0,0,1,0,1,1,1,1,1,1,1,1,1
40853110,K9,660,1,213058,3342,5,12,11,1,0,1,0,0,0,0,1,0,0,0,1,0,0,1,1,1,1,1,1,1,1
40833788,스토닉,855,1,111576,1368,5,8,12,1,0,1,0,0,0,0,0,0,1,1,0,0,0,1,1,0,0,1,1,0,1
40800521,더 뉴 카니발,1650,1,302074,2199,9,7,8,1,0,0,0,1,0,1,0,0,0,1,0,0,1,1,1,1,1,1,1,1,1
41011290,K5 하이브리드 2세대,849,1,145217,1999,5,10,2,1,0,0,1,0,0,0,1,0,0,0,1,0,1,1,1,1,1,1,1,0,1
41377026,더 뉴 카니발,1790,1,86100,2199,9,7,12,1,0,0,0,1,0,0,1,0,0,1,0,1,1,1,1,1,1,1,1,1,1
41384465,스팅어 마이스터,2399,1,106034,2497,5,4,7,1,0,1,0,0,0,1,0,0,0,0,1,1,1,1,1,1,1,1,1,1,1
41254331,스포티지 4세대,1120,1,86986,1685,5,10,1,1,0,0,0,1,0,0,0,1,0,1,0,0,0,1,1,0,1,1,1,0,1
41429565,더 뉴 쏘렌토 4세대,4780,1,9827,1598,5,1,0,1,0,0,1,0,0,0,0,1,0,1,0,1,1,1,1,1,1,1,1,1,1
41406165,더 뉴 K5,790,1,146208,1999,5,12,13,1,1,0,0,0,0,1,0,0,0,0,1,1,0,1,1,1,1,1,1,1,1
41447056,카니발 4세대,3550,1,80425,2151,7,3,5,1,0,0,0,1,0,1,0,0,0,1,0,0,1,1,1,1,1,1,1,1,1
41502943,K5 2세대,950,1,151846,1591,5,10,6,1,0,1,0,0,0,0,1,0,0,0,1,0,0,1,1,1,1,1,1,0,1
41502389,더 뉴 기아 레이,324,1,1,998,5,0,0,1,0,1,0,0,0,1,0,0,0,0,1,0,0,1,1,1,1,0,1,1,1
41497288,올 뉴 모닝,350,1,145237,998,5,11,10,1,0,1,0,0,0,1,0,0,0,0,1,0,0,1,1,0,0,1,1,0,1
41487082,쏘울 EV,1600,1,73981,80,5,8,4,1,0,0,0,0,1,1,0,0,0,0,1,0,0,1,1,1,1,1,1,1,1
41486491,더 K9,1850,1,194776,3778,5,7,6,1,0,1,0,0,0,0,1,0,0,0,1,0,1,1,1,1,1,1,1,1,1
41485561,더 뉴 모하비,2150,1,83703,2959,5,8,3,1,0,0,0,1,0,0,1,0,0,1,0,1,0,1,1,1,1,1,1,1,1
41484419,더 뉴 K3 2세대,1329,1,129357,1598,5,4,3,1,0,1,0,0,0,1,0,0,0,0,1,0,0,1,1,1,1,1,1,1,1
41483357,더 뉴 레이,1170,1,68831,998,5,7,0,1,0,1,0,0,0,0,0,0,1,0,1,0,0,1,0,0,1,0,1,0,1
41503517,K5 3세대,1650,1,146680,1598,5,6,3,1,0,1,0,0,0,0,0,0,1,0,1,1,1,1,1,1,1,1,1,1,1
41487494,올 뉴 프라이드,440,1,126763,1591,5,13,5,1,0,1,0,0,0,1,0,0,0,0,1,1,0,1,1,1,1,1,1,0,1
41489197,더 뉴 K5 2세대,1230,1,155925,1999,5,7,8,1,0,1,0,0,0,1,0,0,0,0,1,1,1,1,1,1,1,1,1,1,1
41477995,K8,2520,1,64723,2497,5,4,8,1,0,1,0,0,0,0,1,0,0,0,1,0,1,1,1,1,1,1,1,1,1
41469908,스토닉,1300,1,34246,1582,5,8,2,1,0,0,0,1,0,0,0,1,0,1,0,0,0,1,1,1,1,1,1,0,1
41561178,더 뉴 K7,299,1,297258,2359,5,11,4,1,0,1,0,0,0,0,1,0,0,0,1,0,0,1,1,1,1,1,1,1,1
41545291,카니발 4세대,3070,1,108414,2151,9,4,0,1,0,0,0,1,0,0,1,0,0,1,0,1,1,1,1,1,1,1,1,1,1
41546016,레이,499,1,149219,998,5,10,5,1,0,1,0,0,0,1,0,0,0,0,1,0,0,1,1,0,0,1,0,0,0
41545406,모하비,750,1,271708,2959,7,12,2,1,0,0,0,1,0,0,1,0,0,1,0,1,0,1,1,1,1,1,1,1,1
41556486,K8 하이브리드,3370,1,29462,1598,5,4,0,1,0,0,1,0,0,0,1,0,0,0,1,0,1,1,1,1,1,1,1,1,1
41546535,레이,920,1,79413,998,5,9,1,1,0,1,0,0,0,0,0,0,1,0,1,0,0,1,1,0,1,1,1,0,1
41548985,더 뉴 기아 레이,1450,1,58186,998,5,3,0,1,0,1,0,0,0,1,0,0,0,0,1,0,0,1,1,0,1,0,1,1,1
41546205,로체 이노베이션,199,1,231263,1998,5,17,35,1,1,0,0,0,0,1,0,0,0,0,1,0,0,1,0,0,1,0,1,0,1
41537047,더 뉴 스포티지 5세대,3780,1,21291,1598,5,1,0,1,0,1,0,0,0,0,0,1,0,1,0,0,1,1,1,1,1,1,1,1,1
41535689,더 뉴 K7,390,1,270275,2999,5,12,12,1,1,0,0,0,0,0,0,1,0,0,1,0,0,1,1,1,1,1,1,0,1
41536243,카니발 4세대,3950,1,48626,2151,9,5,0,1,0,0,0,1,0,1,0,0,0,1,0,0,1,1,1,1,1,1,1,1,1
41604462,더 뉴 K7,678,1,155091,2999,5,10,16,1,0,1,0,0,0,0,0,1,0,0,1,1,0,1,1,1,1,1,1,1,1
41591452,New 스포티지,220,1,221132,1991,5,20,3,1,0,0,0,1,0,0,0,1,0,1,0,0,0,0,0,1,0,0,1,0,1
41596852,더 뉴 쏘렌토,1860,1,84701,2199,5,7,2,1,0,0,0,1,0,1,0,0,0,1,0,0,1,1,1,1,1,1,1,1,1
41600335,EV5,3484,1,750,0,5,0,0,1,0,0,0,0,1,1,0,0,0,1,0,0,1,1,1,1,1,1,1,1,1
41579124,올 뉴 카니발,1149,1,126394,2199,9,10,7,1,0,0,0,1,0,0,0,1,0,1,0,1,0,1,1,1,1,1,1,1,1
41636532,올 뉴 쏘렌토,1100,1,180714,1995,5,10,4,1,0,0,0,1,0,1,0,0,0,1,0,0,0,1,1,1,1,1,1,1,1
41632776,스포티지 4세대,1240,1,113792,1995,5,9,2,1,0,0,0,1,0,1,0,0,0,1,0,0,0,1,1,0,1,1,1,1,1
41645191,K3,630,1,59972,1591,5,13,11,1,0,1,0,0,0,1,0,0,0,0,1,0,0,1,1,1,1,1,1,0,1
41647950,스포티지 더 볼드,9999,1,82820,1995,5,7,5,1,0,0,0,1,0,1,0,0,0,1,0,0,1,1,1,1,1,1,1,1,1
41649937,카니발 4세대,2190,1,169693,2151,9,3,1,1,0,0,0,1,0,0,1,0,0,1,0,1,1,1,1,1,1,1,1,1,1
41651887,K5 하이브리드 2세대,900,1,165156,1999,5,8,10,1,0,0,1,0,0,0,0,0,1,0,1,0,1,1,1,1,1,1,1,1,1
41661312,올 뉴 모닝,390,1,72704,998,5,14,5,1,0,1,0,0,0,1,0,0,0,0,1,0,0,1,0,0,1,0,1,0,1
41638764,더 뉴 모닝,690,1,79022,998,5,10,5,1,0,1,0,0,0,1,0,0,0,0,1,0,0,1,1,0,1,1,1,0,1
41631612,K5 2세대,790,1,113431,1685,5,10,5,1,0,0,0,1,0,1,0,0,0,0,1,1,0,1,1,1,1,1,1,1,1
41628046,더 뉴 K3,720,1,118980,1591,5,10,5,1,0,1,0,0,0,0,0,0,1,0,1,0,0,1,1,1,0,1,1,0,1
41101101,더 뉴 K3 2세대,1640,1,25269,1598,5,4,4,1,0,1,0,0,0,1,0,0,0,0,1,0,0,1,1,1,1,1,1,0,1
41122625,모하비 더 마스터,4150,1,67746,2959,6,4,0,1,0,0,0,1,0,0,1,0,0,1,0,1,1,1,1,1,1,1,1,1,1
41077385,쏘렌토 4세대,2849,1,118547,1598,6,5,2,1,0,0,1,0,0,1,0,0,0,1,0,1,1,1,1,1,1,1,1,1,1
40902621,모하비 더 마스터,5590,1,60893,2959,7,4,0,1,0,0,0,1,0,1,0,0,0,1,0,1,1,1,1,1,1,1,1,1,1
40798534,K8 하이브리드,3290,1,14449,1598,5,3,5,1,0,0,1,0,0,0,0,1,0,0,1,0,1,1,1,1,1,1,1,1,1
40798584,쏘렌토 4세대,3550,1,53984,2151,5,3,1,1,0,0,0,1,0,1,0,0,0,1,0,0,1,1,1,1,1,1,1,1,1
41477636,올 뉴 카니발,1490,1,117168,2199,9,8,0,1,0,0,0,1,0,0,0,1,0,1,0,1,0,1,1,1,1,1,1,1,1
41466059,카니발 4세대,3200,1,90697,2151,7,5,0,1,0,0,0,1,0,0,1,0,0,1,0,1,1,1,1,1,1,1,1,1,1
41505628,더 뉴 스포티지 5세대,4090,1,6001,1598,5,1,0,1,0,1,0,0,0,1,0,0,0,1,0,0,1,1,1,1,1,1,1,1,1
41546950,더 뉴 프라이드,699,1,123163,1591,5,11,4,1,0,1,0,0,0,0,1,0,0,0,1,0,0,1,1,1,1,1,1,0,1
41529983,EV6,2849,1,136299,111,5,3,2,1,0,0,0,0,1,1,0,0,0,0,1,0,1,1,1,1,1,1,1,1,1
41533839,더 뉴 셀토스,2920,1,4242,1598,5,2,0,1,0,1,0,0,0,0,0,1,0,1,0,0,1,1,1,1,1,1,1,1,1
41459105,더 뉴 카니발,1570,1,139153,2199,9,7,2,1,0,0,0,1,0,1,0,0,0,1,0,1,1,1,1,1,1,1,1,1,1
41460545,스포티지 5세대 하이브리드,3090,1,30539,1598,5,3,1,1,0,0,1,0,0,1,0,0,0,1,0,0,1,1,1,1,1,0,1,1,1
40227689,스팅어 마이스터,2950,1,64163,2497,5,5,1,1,0,1,0,0,0,0,0,0,1,0,1,1,1,1,1,1,1,1,1,1,1
40708087,더 뉴 K8 하이브리드,4450,1,6185,1598,5,1,0,1,0,0,1,0,0,1,0,0,0,0,1,1,1,1,1,1,1,1,1,1,1
41182774,K5 3세대,1600,1,135954,1598,5,6,9,1,0,1,0,0,0,0,1,0,0,0,1,0,1,1,1,1,1,1,1,1,1
40211888,더 뉴 모닝,560,1,56556,998,5,10,9,1,0,1,0,0,0,1,0,0,0,0,1,0,0,1,1,0,0,1,1,0,1
41452775,카니발 4세대,2919,1,71150,2151,9,5,1,1,0,0,0,1,0,1,0,0,0,1,0,0,1,1,1,1,1,1,1,1,1
41500115,스팅어,2270,1,80502,3342,5,8,2,1,0,1,0,0,0,0,0,0,1,0,1,1,1,1,1,1,1,1,1,1,1
41474226,올 뉴 K3,1830,1,38479,1598,5,5,4,1,0,1,0,0,0,1,0,0,0,0,1,0,1,1,1,1,1,1,1,1,1
41381590,모하비 더 마스터,5350,1,20625,2959,6,2,0,1,0,0,0,1,0,0,1,0,0,1,0,1,1,1,1,1,1,1,1,1,1
41375003,더 뉴 스포티지 5세대 하이브리드,3850,1,19886,1598,5,1,0,1,0,0,1,0,0,0,0,1,0,1,0,0,1,1,1,1,1,1,1,1,1
41345942,더 뉴 카니발,1290,1,143958,2199,9,7,3,1,0,0,0,1,0,0,1,0,0,1,0,1,0,1,1,1,1,1,1,1,1
41478785,더 뉴 레이,819,1,129413,998,5,5,1,1,0,1,0,0,0,0,0,0,1,0,1,0,0,1,1,0,1,1,1,0,1
41474144,모닝 어반 (JA),1390,1,38716,998,5,3,0,1,0,1,0,0,0,0,1,0,0,0,1,0,0,1,1,0,1,0,1,1,1
41547239,카니발 4세대,2480,1,119093,2151,9,4,0,1,0,0,0,1,0,1,0,0,0,1,0,0,1,1,1,1,1,1,1,1,1
41542021,EV6,3390,1,67147,111,5,3,0,1,0,0,0,0,1,0,1,0,0,0,1,0,1,1,1,1,1,1,1,1,1
41537505,모하비 더 마스터,3990,1,62577,2959,5,5,0,1,0,0,0,1,0,0,1,0,0,1,0,1,1,1,1,1,1,1,1,1,1
41533387,카니발 4세대,2680,1,32630,2151,9,5,1,1,0,0,0,1,0,1,0,0,0,1,0,0,1,1,1,1,1,1,1,1,1
41524955,카니발 4세대,3480,1,89143,3470,9,4,1,1,0,1,0,0,0,0,1,0,0,1,0,0,1,1,1,1,1,1,1,1,1
41241583,올 뉴 카니발,1680,1,52749,2199,9,8,1,1,0,0,0,1,0,1,0,0,0,1,0,1,0,1,1,1,1,1,1,1,1
41238718,K8 하이브리드,2870,1,59570,1598,5,4,0,1,0,0,1,0,0,0,0,0,1,0,1,0,1,1,1,1,1,1,1,1,1
41412474,스포티지 5세대,2940,1,44292,1998,5,2,0,1,0,0,0,1,0,0,1,0,0,1,0,0,1,1,1,1,1,1,1,1,1
41404778,더 뉴 쏘렌토,1750,1,116690,2199,5,8,3,1,0,0,0,1,0,0,0,0,1,1,0,0,1,1,1,1,1,1,1,1,1
41244440,모하비 더 마스터,5090,1,24003,2959,6,2,0,1,0,0,0,1,0,0,1,0,0,1,0,1,1,1,1,1,1,1,1,1,1
41381639,스포티지 5세대 하이브리드,3590,1,20739,1598,5,2,0,1,0,0,1,0,0,1,0,0,0,1,0,0,1,1,1,1,1,1,1,1,1
40800400,더 프레스티지 K7,499,1,151355,2999,5,14,10,1,0,1,0,0,0,1,0,0,0,0,1,1,0,1,1,1,1,1,1,1,1
41260289,쏘렌토 4세대,2810,1,102881,1598,5,5,0,1,0,0,1,0,0,0,0,1,0,1,0,0,1,1,1,1,1,1,1,1,1
41429281,카니발 4세대,2930,1,129740,2151,9,4,0,1,0,0,0,1,0,1,0,0,0,1,0,1,1,1,1,1,1,1,1,1,1
41437822,카니발 4세대,3890,1,23158,3470,9,5,0,1,0,1,0,0,0,1,0,0,0,1,0,0,1,1,1,1,1,1,1,1,1
41474289,쏘렌토 4세대,2490,1,130111,2151,5,4,1,1,0,0,0,1,0,1,0,0,0,1,0,0,1,1,1,1,1,1,1,1,1
41487989,카니발 4세대,2550,1,144264,2151,9,4,0,1,0,0,0,1,0,0,1,0,0,1,0,0,1,1,1,1,1,1,1,1,1
41488985,카니발 4세대,1950,1,162990,2151,9,5,11,1,0,0,0,1,0,1,0,0,0,1,0,0,1,1,1,1,1,1,1,1,1
41542029,더 뉴 카니발,1590,1,52282,2199,9,7,20,1,0,0,0,1,0,1,0,0,0,1,0,0,1,1,1,1,1,1,1,1,1
41549258,더 뉴 쏘렌토 4세대,3850,1,65626,1598,5,2,0,1,0,0,1,0,0,1,0,0,0,1,0,0,1,1,1,1,1,1,1,1,1
41601675,모닝 어반 (JA),650,1,59354,998,2,5,22,1,0,1,0,0,0,1,0,0,0,0,1,0,0,1,1,0,0,1,1,0,1
41598114,레이,780,1,119050,998,5,10,5,1,0,1,0,0,0,1,0,0,0,0,1,0,0,1,1,1,1,1,1,0,1
41594021,올 뉴 쏘렌토,1190,1,126450,1995,5,11,0,1,0,0,0,1,0,0,0,1,0,1,0,0,0,1,1,1,1,1,1,1,1
41594072,카니발 4세대,2890,1,96484,2151,9,5,1,1,0,0,0,1,0,1,0,0,0,1,0,0,1,1,1,1,1,1,1,1,1
41661174,K8,2290,1,87292,2497,5,3,4,1,0,1,0,0,0,0,1,0,0,0,1,0,1,1,1,1,1,1,1,1,1
41654887,쏘렌토 4세대,3690,1,64100,1598,7,4,0,1,0,0,1,0,0,0,1,0,0,1,0,1,1,1,1,1,1,1,1,1,1
41656086,쏘렌토 4세대,3750,1,48562,1598,6,5,1,1,0,0,1,0,0,1,0,0,0,1,0,1,1,1,1,1,1,1,1,1,1
41516598,올 뉴 쏘렌토,1580,1,81620,1995,5,11,1,1,0,0,0,1,0,1,0,0,0,1,0,1,0,1,1,1,1,1,1,1,1
41510070,K5 3세대,1780,1,70097,1999,5,6,0,1,0,1,0,0,0,0,1,0,0,0,1,0,1,1,1,1,1,1,1,1,1
41586636,디 올 뉴 니로,2750,1,8960,1580,5,1,0,1,0,0,1,0,0,0,1,0,0,1,0,0,0,1,1,1,1,1,1,0,1
41570062,레이,600,1,189573,998,5,10,5,1,0,1,0,0,0,1,0,0,0,0,1,0,0,1,0,0,1,0,1,0,1
41614171,더 뉴 쏘렌토 4세대,3899,1,8662,2497,5,2,0,1,0,1,0,0,0,1,0,0,0,1,0,0,1,1,1,1,1,1,1,1,1
41604734,더 뉴 레이,1250,1,30206,998,5,5,3,1,0,1,0,0,0,0,0,0,1,0,1,0,0,1,1,0,1,0,1,0,1
41607386,카니발 4세대,3800,1,39234,2151,9,4,0,1,0,0,0,1,0,1,0,0,0,1,0,1,1,1,1,1,1,1,1,1,1
41506949,쏘렌토 4세대,7777,1,65880,2497,5,3,1,1,0,1,0,0,0,0,1,0,0,1,0,0,1,1,1,1,1,0,1,1,1
41585051,더 뉴 레이,1500,1,35938,998,5,4,6,1,0,1,0,0,0,1,0,0,0,0,1,0,0,1,1,1,1,1,1,0,1
41588878,더 뉴 프라이드,650,1,67621,1396,5,11,6,1,0,1,0,0,0,1,0,0,0,0,1,0,0,1,1,0,0,1,1,0,1
41572791,올 뉴 모닝 (JA),870,1,72830,998,5,9,2,1,0,1,0,0,0,0,0,0,1,0,1,0,0,1,1,0,1,1,1,0,1
41559246,쏘렌토 4세대,3139,1,70997,1598,5,3,0,1,0,0,1,0,0,0,1,0,0,1,0,0,1,1,1,1,1,1,1,1,1
41638845,니로,1499,1,78960,1580,5,9,0,1,0,0,1,0,0,0,0,0,1,1,0,0,0,1,1,1,1,1,1,1,1
41494072,카니발 4세대,2750,1,147797,2151,9,5,0,1,0,0,0,1,0,1,0,0,0,1,0,1,1,1,1,1,1,1,1,1,1
40164247,K5 3세대,2890,1,53510,1598,5,3,0,1,0,1,0,0,0,1,0,0,0,0,1,1,1,1,1,1,1,1,1,1,1
41404770,모하비 더 마스터,3190,1,98039,2959,6,5,2,1,0,0,0,1,0,0,1,0,0,1,0,1,1,1,1,1,1,1,1,1,1
41647015,카니발 4세대,2750,1,138707,2151,9,5,0,1,0,0,0,1,0,1,0,0,0,1,0,1,1,1,1,1,1,1,1,1,1
41542037,모하비 더 마스터,3200,1,192908,2959,7,4,0,1,0,0,0,1,0,1,0,0,0,1,0,1,1,1,1,1,1,1,1,1,1
41524069,더 뉴 K3 2세대,2290,1,16948,1598,5,2,0,1,0,1,0,0,0,1,0,0,0,0,1,0,0,1,1,1,1,1,1,1,1
41049491,더 뉴 쏘렌토 4세대,4190,1,11874,2497,6,2,0,1,0,1,0,0,0,0,1,0,0,1,0,0,1,1,1,1,1,1,1,1,1
41459836,더 뉴 카니발 4세대,5090,1,28929,1598,7,2,0,1,0,0,1,0,0,0,0,1,0,1,0,0,1,1,1,1,1,1,1,1,1
41443299,셀토스,1850,1,108145,1591,5,3,2,1,0,1,0,0,0,1,0,0,0,1,0,1,1,1,1,1,1,1,1,1,1
41533803,올 뉴 쏘렌토,1100,1,149263,1995,7,11,0,1,0,0,0,1,0,0,0,1,0,1,0,0,0,0,0,0,0,0,0,0,0
40829107,올 뉴 모닝 (JA),520,1,88249,998,2,8,2,1,0,1,0,0,0,1,0,0,0,0,1,0,0,0,0,0,0,0,0,0,0
41396859,올 뉴 모닝 (JA),630,1,160417,998,5,9,0,1,0,1,0,0,0,1,0,0,0,0,1,0,0,1,1,1,1,1,1,0,1
41568516,레이,560,1,168007,998,5,12,0,1,0,1,0,0,0,0,1,0,0,0,1,0,0,1,1,0,1,1,1,0,1
41593173,스토닉,860,1,124261,1582,5,7,1,1,0,0,0,1,0,0,0,1,0,1,0,0,0,1,1,0,1,1,1,0,1
41554587,더 뉴 K3 2세대,2130,1,28947,1598,5,3,7,1,0,1,0,0,0,0,0,1,0,0,1,0,1,1,1,1,1,1,1,1,1
41540094,더 뉴 기아 레이,850,1,64092,998,2,4,6,1,0,1,0,0,0,1,0,0,0,0,1,0,0,1,0,0,0,0,0,0,1
41459213,쏘렌토 4세대,2990,1,53802,1598,7,5,2,1,0,0,1,0,0,0,0,1,0,1,0,0,1,1,1,1,1,1,1,1,1
41390203,더 뉴 모하비,1580,1,174333,2959,5,8,0,1,0,0,0,1,0,1,0,0,0,1,0,0,0,1,1,1,1,1,1,1,1
41420548,더 뉴 카니발,1860,1,87376,2199,9,6,0,1,0,0,0,1,0,0,0,1,0,1,0,0,0,1,1,1,1,1,1,1,1
41520860,카니발 4세대,3050,1,122698,3470,7,5,0,1,0,1,0,0,0,0,1,0,0,1,0,0,1,1,1,1,1,1,1,1,1
40944632,더 뉴 K3 2세대,1439,1,86690,1598,5,4,2,1,0,1,0,0,0,1,0,0,0,0,1,0,0,1,1,1,1,1,1,0,1
40972957,스포티지 5세대,1919,1,96874,1598,5,4,8,1,0,1,0,0,0,1,0,0,0,1,0,0,1,1,1,1,1,1,1,0,1
40989137,셀토스,1419,1,152150,1591,5,3,10,1,0,1,0,0,0,1,0,0,0,1,0,0,1,1,1,1,1,1,1,0,1
40994577,K5 3세대,1589,1,110228,1999,5,4,10,1,0,1,0,0,0,1,0,0,0,0,1,0,1,1,1,1,1,1,1,0,1
40994685,셀토스,1689,1,80199,1591,5,3,2,1,0,1,0,0,0,1,0,0,0,1,0,0,1,1,1,1,1,1,1,0,1
41082357,스포티지 5세대,1839,1,127813,1598,5,4,1,1,0,1,0,0,0,1,0,0,0,1,0,0,1,1,1,1,1,1,1,0,1
41046978,더 뉴 K3 2세대,1319,1,83555,1598,5,4,3,1,0,1,0,0,0,1,0,0,0,0,1,0,0,1,1,1,1,1,1,0,1
41030235,더 뉴 레이,919,1,119033,998,5,5,8,1,0,1,0,0,0,1,0,0,0,0,1,0,0,1,1,0,1,1,1,0,1
41094573,더 뉴 K3 2세대,1389,1,103357,1598,5,4,6,1,0,1,0,0,0,1,0,0,0,0,1,0,0,1,1,1,1,1,1,0,1
41103885,더 뉴 K3 2세대,1339,1,112222,1598,5,4,6,1,0,1,0,0,0,1,0,0,0,0,1,0,0,1,1,1,1,1,1,0,1
41192745,스포티지 5세대,1879,1,101719,1598,5,4,8,1,0,1,0,0,0,1,0,0,0,1,0,0,1,1,1,1,1,1,1,0,1
41180592,카니발 4세대,2549,1,38870,2151,9,5,0,1,0,0,0,1,0,0,1,0,0,1,0,0,1,1,1,1,1,1,1,1,1
41197114,스포티지 5세대,1819,1,102080,1598,5,4,3,1,0,1,0,0,0,1,0,0,0,1,0,0,1,1,1,1,1,1,1,0,1
41217786,스포티지 5세대,1819,1,122081,1598,5,4,10,1,0,1,0,0,0,1,0,0,0,1,0,0,1,1,1,1,1,1,1,0,1
41197104,스포티지 5세대,1869,1,103276,1598,5,4,5,1,0,1,0,0,0,1,0,0,0,1,0,0,1,1,1,1,1,1,1,0,1
41217754,스포티지 5세대,1919,1,123379,1598,5,4,2,1,0,1,0,0,0,1,0,0,0,1,0,0,1,1,1,1,1,1,1,0,1
41263776,스포티지 5세대,1819,1,122496,1598,5,4,9,1,0,1,0,0,0,1,0,0,0,1,0,0,1,1,1,1,1,1,1,0,1
41292612,더 뉴 레이,979,1,113003,998,5,4,8,1,0,1,0,0,0,1,0,0,0,0,1,0,0,1,1,0,1,1,1,0,1
41329176,셀토스,1479,1,122500,1591,5,4,4,1,0,1,0,0,0,1,0,0,0,1,0,0,0,1,1,1,1,1,1,0,1
41292644,더 뉴 K3 2세대,1849,1,58973,1591,5,3,6,1,0,1,0,0,0,0,0,1,0,0,1,0,1,1,1,1,1,1,1,1,1
41329168,더 뉴 K3 2세대,1219,1,106210,1598,5,4,5,1,0,1,0,0,0,1,0,0,0,0,1,0,0,1,1,1,1,1,1,0,1
41301318,스포티지 5세대,1819,1,106219,1598,5,4,12,1,0,1,0,0,0,1,0,0,0,1,0,0,1,1,1,1,1,1,1,0,1
41292617,모닝 어반 (JA),1119,1,94299,998,5,3,2,1,0,1,0,0,0,1,0,0,0,0,1,0,0,1,1,1,1,1,1,1,1
41329204,더 뉴 K3 2세대,1189,1,107706,1598,5,4,14,1,0,1,0,0,0,1,0,0,0,0,1,0,0,1,1,1,1,1,1,0,1
41368783,더 뉴 K3 2세대,1319,1,101373,1598,5,4,6,1,0,1,0,0,0,1,0,0,0,0,1,0,0,1,1,1,1,1,1,0,1
41373201,스포티지 5세대,1798,1,110877,1598,5,4,8,1,0,1,0,0,0,1,0,0,0,1,0,0,1,1,1,1,1,1,1,0,1
41381129,더 뉴 K3 2세대,1319,1,98488,1598,5,4,7,1,0,1,0,0,0,1,0,0,0,0,1,0,0,1,1,1,1,1,1,0,1
41420100,더 뉴 K3 2세대,1739,1,34047,1598,5,4,2,1,0,1,0,0,0,0,1,0,0,0,1,0,0,1,1,0,1,0,1,0,1
41428057,셀토스,1429,1,109618,1591,5,5,10,1,0,1,0,0,0,1,0,0,0,1,0,0,0,1,1,0,1,1,1,0,1
41457851,카니발 4세대,2449,1,127327,2151,9,4,4,1,0,0,0,1,0,1,0,0,0,1,0,0,1,1,1,1,1,1,1,1,1
41510310,셀토스,1519,1,113032,1591,5,4,2,1,0,1,0,0,0,1,0,0,0,1,0,0,0,1,1,1,1,1,1,0,1
41553577,카니발 4세대,2089,1,159614,2151,9,5,16,1,0,0,0,1,0,0,1,0,0,1,0,1,1,1,1,1,1,1,1,1,1
41029957,셀토스,1619,1,98128,1591,5,3,6,1,0,1,0,0,0,1,0,0,0,1,0,0,1,1,1,1,1,1,1,0,1
41026046,더 뉴 레이,989,1,89977,998,5,5,14,1,0,1,0,0,0,1,0,0,0,0,1,0,0,1,1,0,1,1,1,0,1
41030022,K5 3세대,1619,1,117493,1999,5,4,7,1,0,1,0,0,0,1,0,0,0,0,1,0,1,1,1,1,1,1,1,0,1
40994792,더 뉴 K3 2세대,1229,1,101131,1598,5,4,8,1,0,1,0,0,0,1,0,0,0,0,1,0,0,1,1,1,1,1,1,0,1
40994644,스포티지 5세대,1939,1,87515,1598,5,4,8,1,0,1,0,0,0,1,0,0,0,1,0,0,1,1,1,1,1,1,1,0,1
40994703,셀토스,1639,1,93007,1591,5,3,1,1,0,1,0,0,0,1,0,0,0,1,0,0,1,1,1,1,1,1,1,0,1
41071713,쏘렌토 4세대,2739,1,143088,2151,7,4,2,1,0,0,0,1,0,1,0,0,0,1,0,0,1,1,1,1,1,1,1,1,1
41082340,더 뉴 레이,795,1,88466,998,2,4,0,1,0,1,0,0,0,1,0,0,0,0,1,0,0,1,1,0,0,1,1,0,1
41083187,니로 EV,1849,1,83395,180,5,5,9,1,0,0,0,0,1,1,0,0,0,1,0,1,1,1,1,1,1,1,1,1,1
41109877,스포티지 5세대,1839,1,125574,1598,5,4,8,1,0,1,0,0,0,1,0,0,0,1,0,0,1,1,1,1,1,1,1,0,1
41154370,스포티지 5세대,1819,1,102790,1598,5,4,6,1,0,1,0,0,0,1,0,0,0,1,0,0,1,1,1,1,1,1,1,0,1
41166806,쏘렌토 4세대,2389,1,126718,1598,5,3,4,1,0,0,1,0,0,1,0,0,0,1,0,0,1,1,1,1,1,1,1,1,1
41204287,K5 3세대,1679,1,106749,1999,5,5,0,1,0,1,0,0,0,1,0,0,0,0,1,0,1,1,1,0,1,1,1,0,1
41196931,스포티지 5세대,1849,1,111962,1598,5,4,2,1,0,1,0,0,0,1,0,0,0,1,0,0,1,1,1,1,1,1,1,0,1
41197102,K5 3세대,1669,1,109964,1999,5,4,8,1,0,1,0,0,0,1,0,0,0,0,1,0,1,1,1,1,1,1,1,0,1
41197097,K5 3세대,1489,1,136656,1999,5,4,11,1,0,1,0,0,0,1,0,0,0,0,1,0,1,1,1,1,1,1,1,0,1
41222134,스포티지 5세대,1849,1,108638,1598,5,4,8,1,0,1,0,0,0,1,0,0,0,1,0,0,1,1,1,1,1,1,1,0,1
41252734,스포티지 5세대,1839,1,114616,1598,5,4,7,1,0,1,0,0,0,1,0,0,0,1,0,0,1,1,1,1,1,1,1,0,1
40704051,더 뉴 쏘렌토 4세대,3389,1,49027,2497,7,2,5,1,0,1,0,0,0,1,0,0,0,1,0,0,1,1,1,1,1,1,1,1,1
40823787,K5 3세대,1498,1,97486,1999,5,5,8,1,0,1,0,0,0,1,0,0,0,0,1,0,1,1,1,0,1,1,1,0,1
40949517,셀토스,1598,1,96388,1591,5,3,4,1,0,1,0,0,0,1,0,0,0,1,0,0,1,1,1,1,1,1,1,0,1
40963195,스포티지 5세대,1789,1,107321,1598,5,4,14,1,0,1,0,0,0,1,0,0,0,1,0,0,1,1,1,1,1,1,1,0,1
40994626,스포티지 5세대,1839,1,114714,1598,5,4,6,1,0,1,0,0,0,1,0,0,0,1,0,0,1,1,1,1,1,1,1,0,1
40891309,K5 3세대,1689,1,97879,1999,5,4,6,1,0,1,0,0,0,1,0,0,0,0,1,0,1,1,1,1,1,1,1,0,1
41252962,스포티지 5세대,1859,1,122070,1598,5,4,3,1,0,1,0,0,0,1,0,0,0,1,0,0,1,1,1,1,1,1,1,0,1
41263820,모닝 어반 (JA),989,1,105603,998,5,3,12,1,0,1,0,0,0,1,0,0,0,0,1,0,0,1,1,1,1,1,1,1,1
41263805,더 뉴 K5 2세대,1189,1,104063,1999,5,7,3,1,0,1,0,0,0,0,1,0,0,0,1,0,0,1,1,0,1,0,1,0,1
41263774,스포티지 5세대,1889,1,105774,1598,5,4,4,1,0,1,0,0,0,1,0,0,0,1,0,0,1,1,1,1,1,1,1,0,1
41329188,더 뉴 K3 2세대,1259,1,95030,1598,5,4,6,1,0,1,0,0,0,1,0,0,0,0,1,0,0,1,1,1,1,1,1,0,1
41395559,스포티지 5세대,1919,1,105244,1598,5,4,3,1,0,1,0,0,0,1,0,0,0,1,0,0,1,1,1,1,1,1,1,0,1
41354448,셀토스,9999,1,112833,1591,5,4,4,1,0,1,0,0,0,1,0,0,0,1,0,0,0,1,1,1,1,1,1,0,1
41376924,더 뉴 K3 2세대,1319,1,113214,1598,5,4,8,1,0,1,0,0,0,1,0,0,0,0,1,0,0,1,1,1,1,1,1,0,1
41392752,쏘렌토 4세대,2355,1,98067,2497,7,4,9,1,0,1,0,0,0,1,0,0,0,1,0,0,1,1,1,1,1,1,1,0,1
41594090,카니발 4세대,3649,1,73571,2151,7,3,2,1,0,0,0,1,0,1,0,0,0,1,0,1,1,1,1,1,1,1,1,1,1
41627888,더 뉴 K5 2세대,1789,1,23169,1999,5,6,2,1,0,1,0,0,0,0,0,0,1,0,1,0,0,1,1,1,1,1,1,0,1
41528393,스포티지 5세대,1794,1,123425,1598,5,4,7,1,0,1,0,0,0,1,0,0,0,1,0,0,1,1,1,1,1,1,1,0,1
41657401,모하비 더 마스터,9999,1,98954,2959,7,5,1,1,0,0,0,1,0,0,1,0,0,1,0,1,1,1,1,1,1,1,1,1,1
41366876,쏘렌토 4세대,3220,1,44457,1598,5,5,3,1,0,0,1,0,0,1,0,0,0,1,0,1,1,1,1,1,1,1,1,1,1
41555651,K8,2720,1,31142,2497,5,4,3,1,0,1,0,0,0,1,0,0,0,0,1,0,1,1,1,1,1,1,1,1,1
41223741,스포티지 5세대 하이브리드,2920,1,59617,1598,5,4,6,1,0,0,1,0,0,1,0,0,0,1,0,0,1,1,1,1,1,1,1,1,1
41517968,카니발 4세대,2950,1,29718,3470,9,3,5,1,0,1,0,0,0,0,1,0,0,1,0,1,1,1,1,1,1,1,1,1,1
41652661,더 뉴 쏘렌토 4세대,3990,1,7723,2497,5,1,0,1,0,1,0,0,0,1,0,0,0,1,0,0,1,1,1,1,1,1,1,1,1
41467315,더 뉴 쏘렌토 4세대,3990,1,9409,2497,5,1,0,1,0,1,0,0,0,1,0,0,0,1,0,0,1,1,1,1,1,1,1,1,1
41558274,더 뉴 K3 2세대,1650,1,44832,1598,5,2,6,1,0,1,0,0,0,1,0,0,0,0,1,0,0,1,1,0,1,0,1,0,1
41442092,더 뉴 카니발 4세대,3168,1,5,1598,9,0,0,1,0,0,1,0,0,1,0,0,0,1,0,0,1,1,1,1,1,1,1,1,1
41326918,더 뉴 카니발,1650,1,108823,2199,9,6,1,1,0,0,0,1,0,1,0,0,0,1,0,0,1,1,1,1,1,1,1,1,1
41400730,더 뉴 카니발 4세대,3580,1,64231,2151,9,1,0,1,0,0,0,1,0,1,0,0,0,1,0,0,1,1,1,1,1,1,1,1,1
41374660,더 뉴 레이,1430,1,28226,998,5,4,8,1,0,1,0,0,0,1,0,0,0,0,1,0,0,1,1,1,1,1,1,0,1
41585458,니로,1590,1,60866,1580,5,9,4,1,0,0,1,0,0,1,0,0,0,1,0,0,0,1,1,1,1,1,1,1,1
41490186,스포티지 R,660,1,90901,1995,5,14,0,1,0,0,0,1,0,1,0,0,0,1,0,1,0,1,1,1,1,1,1,0,1
41569833,스포티지 R,660,1,104336,1995,5,14,2,1,0,0,0,1,0,1,0,0,0,1,0,0,0,1,1,1,1,1,1,1,1
41606582,올 뉴 카니발,1490,1,124731,2199,7,8,5,1,0,0,0,1,0,1,0,0,0,1,0,0,0,1,1,1,1,1,1,1,1
41467195,더 뉴 레이,1290,1,47995,998,5,7,2,1,0,1,0,0,0,0,0,1,0,0,1,0,0,1,1,1,1,1,1,0,1
41514879,K3,630,1,133330,1591,5,11,14,1,0,1,0,0,0,1,0,0,0,0,1,1,0,1,1,1,1,1,1,1,1
41514933,올 뉴 카니발,1350,1,131093,2199,7,10,2,1,0,0,0,1,0,0,0,1,0,1,0,1,0,1,1,1,1,1,1,1,1
41631066,카니발 4세대,3050,1,76813,2151,9,5,0,1,0,0,0,1,0,0,1,0,0,1,0,0,1,1,1,1,1,1,1,1,1
41627750,K5 2세대,950,1,73682,1999,5,8,24,1,0,1,0,0,0,1,0,0,0,0,1,1,1,1,1,0,1,1,1,0,1
41633607,모하비 더 마스터,3970,1,43223,2959,6,4,1,1,0,0,0,1,0,0,1,0,0,1,0,1,1,1,1,1,1,1,1,1,1
41162296,K7 프리미어 하이브리드,2190,1,65859,2359,5,6,6,1,0,0,1,0,0,0,1,0,0,0,1,0,1,1,1,1,1,1,1,1,1
41129970,K5 3세대,2250,1,79958,1598,5,3,1,1,0,1,0,0,0,0,0,1,0,0,1,0,1,1,1,1,1,1,1,1,1
41133277,카니발 4세대,2550,1,65220,2151,9,3,2,1,0,0,0,1,0,0,1,0,0,1,0,0,1,1,1,1,1,1,1,1,1
41130240,K5 3세대,2550,1,52649,1598,5,3,9,1,0,1,0,0,0,0,1,0,0,0,1,1,1,1,1,1,1,1,1,1,1
41130018,더 뉴 카니발 4세대,3950,1,34721,2151,9,2,1,1,0,0,0,1,0,0,1,0,0,1,0,1,1,1,1,1,1,1,1,1,1
41547740,디 올 뉴 니로,2820,1,47940,1580,5,4,3,1,0,0,1,0,0,1,0,0,0,1,0,0,1,1,1,1,1,1,1,1,1
41546531,더 뉴 기아 레이,1630,1,21899,998,5,2,0,1,0,1,0,0,0,1,0,0,0,0,1,0,1,1,1,0,1,0,1,1,1
41585012,올 뉴 카렌스,799,1,35914,1685,5,12,1,1,0,0,0,1,0,0,0,1,0,1,0,0,0,1,1,1,1,1,1,0,1
41582920,스포티지 4세대,1099,1,129505,1995,5,10,3,1,0,0,0,1,0,0,1,0,0,1,0,0,0,1,1,0,1,1,1,1,1
41584801,K8,2400,1,93658,2497,5,3,0,1,0,1,0,0,0,0,1,0,0,0,1,0,1,1,1,1,1,1,1,1,1
41571828,더 뉴 기아 레이,1840,1,12947,998,5,1,0,1,0,1,0,0,0,1,0,0,0,0,1,0,1,1,1,1,1,1,1,1,1
41566642,모하비 더 마스터,3920,1,75620,2959,6,5,1,1,0,0,0,1,0,0,1,0,0,1,0,1,1,1,1,1,1,1,1,1,1
41566891,더 뉴 카니발 4세대,4750,1,23992,2151,7,2,1,1,0,0,0,1,0,0,0,1,0,1,0,0,1,1,1,1,1,1,1,1,1
41569825,더 뉴 레이,1470,1,9176,998,5,4,2,1,0,1,0,0,0,0,0,1,0,0,1,0,0,1,1,0,1,0,1,0,1
41624278,스토닉,3333,1,33079,1368,5,6,0,1,0,1,0,0,0,1,0,0,0,1,0,0,0,1,1,1,1,1,1,1,1
41626186,쏘렌토 4세대,3050,1,84131,2151,5,4,7,1,0,0,0,1,0,0,1,0,0,1,0,0,1,1,1,1,1,1,1,1,1
41595087,쏘렌토 4세대,4190,1,42259,1598,5,3,0,1,0,0,1,0,0,0,1,0,0,1,0,1,1,1,1,1,1,1,1,1,1
41603010,K5 3세대,2450,1,81948,1999,5,5,1,1,0,1,0,0,0,1,0,0,0,0,1,0,1,1,1,1,1,1,1,1,1
41656413,올 뉴 K7,999,1,155436,2359,5,8,7,1,0,1,0,0,0,0,1,0,0,0,1,0,1,1,1,1,1,1,1,1,1
41650030,레이,450,1,161209,998,5,13,4,1,0,1,0,0,0,0,1,0,0,0,1,0,0,1,1,0,0,1,1,0,1
41638505,더 뉴 K3 2세대,1430,1,124850,1598,5,4,1,1,0,1,0,0,0,0,0,1,0,0,1,0,0,1,1,1,1,1,1,0,1
41640031,더 뉴 기아 레이,1770,1,18794,998,5,3,0,1,0,1,0,0,0,1,0,0,0,0,1,0,0,1,1,1,1,1,1,1,1
41562050,올 뉴 카니발,1730,1,77498,2199,7,8,4,1,0,0,0,1,0,1,0,0,0,1,0,1,0,1,1,1,1,1,1,1,1
41556366,올 뉴 쏘렌토,1420,1,120061,1995,5,9,1,1,0,0,0,1,0,0,0,1,0,1,0,0,0,1,1,1,1,1,1,1,1
41560471,더 뉴 셀토스,2790,1,4993,1598,5,3,0,1,0,1,0,0,0,0,0,1,0,1,0,0,1,1,1,1,1,1,1,1,1
41611189,카니발 4세대,2149,1,119560,2151,9,4,1,1,0,0,0,1,0,0,1,0,0,1,0,0,1,1,1,0,1,0,1,1,1
41404395,스포티지 5세대,2239,1,105686,1998,5,4,1,1,0,0,0,1,0,1,0,0,0,1,0,0,1,1,1,1,1,1,1,1,1
41412993,올 뉴 모닝,420,1,95432,998,5,14,3,1,0,1,0,0,0,1,0,0,0,0,1,0,0,1,1,0,0,1,1,0,1
41414100,올 뉴 모닝 (JA),520,1,19961,998,2,9,3,1,0,1,0,0,0,0,0,0,1,0,1,0,0,0,0,0,0,0,0,0,0
41386049,카니발 4세대,2599,1,91791,3470,9,3,0,1,0,1,0,0,0,0,1,0,0,1,0,0,1,1,1,1,1,1,1,1,1
41493651,K7 프리미어,2359,1,80438,2999,5,6,2,1,0,1,0,0,0,0,1,0,0,0,1,1,1,1,1,1,1,1,1,1,1
41492333,쏘렌토 4세대,3530,1,57749,1598,7,4,0,1,0,0,1,0,0,1,0,0,0,1,0,1,1,1,1,1,1,1,1,1,1
41466736,K3,460,1,175904,1582,5,11,0,1,0,0,0,1,0,1,0,0,0,0,1,0,0,1,1,1,1,1,1,0,1
41452018,더 뉴 쏘렌토 4세대,4570,1,25944,1598,6,2,0,1,0,0,1,0,0,1,0,0,0,1,0,1,1,1,1,1,1,1,1,1,1
41363396,더 뉴 기아 레이,1290,1,34344,998,2,3,0,1,0,1,0,0,0,1,0,0,0,0,1,0,0,1,1,0,1,0,1,0,1
41368660,셀토스,2280,1,12652,1591,5,5,1,1,0,1,0,0,0,0,0,1,0,1,0,1,1,1,1,1,1,1,1,1,1
41365618,더 뉴 레이,1480,1,21591,998,5,4,0,1,0,1,0,0,0,1,0,0,0,0,1,0,0,1,1,0,1,0,1,0,1
41385711,쏘렌토 4세대,3390,1,28477,1598,7,5,0,1,0,0,1,0,0,0,0,0,1,1,0,1,1,1,1,1,1,1,1,1,1
41260837,더 뉴 쏘렌토,2150,1,95904,1995,5,7,1,1,0,0,0,1,0,0,0,1,0,1,0,0,1,1,1,1,1,1,1,1,1
41450486,모하비 더 마스터,3780,1,66682,2959,6,5,0,1,0,0,0,1,0,0,1,0,0,1,0,1,1,1,1,1,1,1,1,1,1
40978838,올 뉴 K7,1350,1,126564,2999,5,8,1,1,0,1,0,0,0,0,1,0,0,0,1,0,1,1,1,1,1,1,1,1,1
40843443,K5 3세대,2490,1,36032,1598,5,5,1,1,0,1,0,0,0,0,0,1,0,0,1,0,1,1,1,1,1,1,1,1,1
39492534,더 K9,2600,1,123386,3778,5,5,4,1,0,1,0,0,0,0,1,0,0,0,1,0,1,1,1,1,1,1,1,1,1
40202093,더 뉴 K7,900,1,76794,2359,5,13,2,1,0,1,0,0,0,1,0,0,0,0,1,0,0,1,1,1,1,1,1,1,1
40255106,K5 2세대,750,1,127125,1685,5,10,4,1,0,0,0,1,0,0,1,0,0,0,1,0,0,1,1,1,1,1,1,0,1
40682476,올 뉴 카니발,1088,1,142499,2199,9,11,1,1,0,0,0,1,0,0,0,1,0,1,0,0,0,1,1,1,1,1,1,1,1
41546382,올 뉴 카니발,499,1,314441,2199,6,11,9,1,0,0,0,1,0,1,0,0,0,1,0,0,0,1,0,0,0,0,1,0,1
41548336,더 뉴 K7,449,1,196167,2359,5,11,8,1,0,1,0,0,0,0,1,0,0,0,1,1,0,1,1,1,1,1,1,1,1
41548977,더 뉴 셀토스,2880,1,359,1598,5,0,0,1,0,1,0,0,0,1,0,0,0,1,0,0,1,1,1,1,1,1,1,1,1
41524259,카니발 4세대,3250,1,69864,2151,7,5,7,1,0,0,0,1,0,1,0,0,0,1,0,1,1,1,1,1,1,1,1,1,1
41604443,K5 하이브리드 3세대,2250,1,93349,1999,5,3,7,1,0,0,1,0,0,0,1,0,0,0,1,0,1,1,1,1,1,1,1,1,1
41596889,카니발 4세대,2450,1,143058,2151,7,4,1,1,0,0,0,1,0,1,0,0,0,1,0,0,1,1,1,1,1,1,1,1,1
41596101,모하비 더 마스터,3090,1,123305,2959,6,5,1,1,0,0,0,1,0,0,1,0,0,1,0,1,1,1,1,1,1,1,1,1,1
41591560,카니발 4세대,4250,1,83922,2151,7,3,0,1,0,0,0,1,0,1,0,0,0,1,0,0,1,1,1,1,1,1,1,1,1
41592808,K8 하이브리드,3150,1,52772,1598,5,2,0,1,0,0,1,0,0,0,0,1,0,0,1,0,1,1,1,1,1,1,1,1,1
41658498,K5 하이브리드 3세대,2200,1,86815,1999,5,5,4,1,0,0,1,0,0,0,1,0,0,0,1,0,1,1,1,1,1,1,1,1,1
41645262,더 뉴 K3,950,1,96123,1591,5,9,2,1,0,1,0,0,0,0,0,0,1,0,1,0,0,1,1,1,1,1,1,0,1
41420658,더 뉴 K3 2세대,1279,1,101052,1598,5,2,14,1,0,1,0,0,0,1,0,0,0,0,1,0,0,1,1,0,1,0,1,0,1
41409363,올 뉴 카니발,990,1,156111,2199,9,10,6,1,0,0,0,1,0,1,0,0,0,1,0,0,0,1,1,1,1,1,1,1,1
41405509,올 뉴 쏘렌토,990,1,137353,2199,5,11,6,1,0,0,0,1,0,0,0,1,0,1,0,0,0,1,1,1,1,0,1,1,1
41402562,더 뉴 쏘렌토 4세대,3540,1,2300,1598,5,0,0,1,0,0,1,0,0,1,0,0,0,1,0,1,1,1,1,1,1,1,1,1,1
41399500,K7 하이브리드,499,1,228881,2359,5,12,13,1,0,0,1,0,0,1,0,0,0,0,1,1,0,1,1,1,1,1,1,1,1
41398759,모하비,870,1,181539,2959,7,11,4,1,0,0,0,1,0,0,0,1,0,1,0,1,0,1,1,1,1,1,1,1,1
41398427,모하비,650,1,139348,3778,7,17,6,1,0,1,0,0,0,0,1,0,0,1,0,0,0,1,1,0,1,1,1,0,1
41391847,올 뉴 카니발,1450,1,180563,3342,7,8,0,1,0,1,0,0,0,0,1,0,0,1,0,1,0,1,1,1,1,1,1,1,1
41383128,뉴카렌스,290,1,164442,1998,7,19,2,1,1,0,0,0,0,0,0,1,0,1,0,0,1,0,1,0,0,1,1,0,1
41370871,더 뉴 모닝,399,1,109402,998,2,10,3,1,0,1,0,0,0,0,0,0,1,0,1,0,0,0,0,0,0,0,0,0,0
41377065,스포티지 더 볼드,1790,1,73958,1598,5,4,7,1,0,0,0,1,0,0,0,1,0,1,0,0,0,1,1,1,1,0,1,1,1
41450310,카니발 4세대,3849,1,85000,2151,9,5,0,1,0,0,0,1,0,0,1,0,0,1,0,0,1,1,1,1,1,1,1,1,1
41456395,셀토스,2520,1,19086,1591,5,3,0,1,0,1,0,0,0,1,0,0,0,1,0,0,1,1,1,0,1,1,1,1,1
41438980,더 뉴 모닝 (JA),1380,1,32852,998,5,2,6,1,0,1,0,0,0,1,0,0,0,0,1,0,1,1,1,1,1,1,1,1,1
41479732,올 뉴 쏘렌토,1499,1,126662,2199,7,10,7,1,0,0,0,1,0,0,1,0,0,1,0,1,0,1,1,1,1,1,1,1,1
41479162,더 뉴 쏘렌토 4세대,4590,1,21754,1598,6,2,0,1,0,0,1,0,0,1,0,0,0,1,0,1,1,1,1,1,1,1,1,1,1
41545644,더 뉴 모하비,1830,1,118823,2959,7,8,2,1,0,0,0,1,0,1,0,0,0,1,0,1,0,1,1,1,1,1,1,1,1
41530607,올 뉴 카니발,699,1,176681,2199,9,11,13,1,0,0,0,1,0,1,0,0,0,1,0,0,0,1,1,1,1,1,1,1,1
41461289,더 뉴 니로,1599,1,118529,1580,5,6,2,1,0,0,1,0,0,0,0,0,1,1,0,0,0,1,1,1,1,1,1,1,1
41455198,쏘렌토 4세대,2580,1,118015,2151,5,4,1,1,0,0,0,1,0,1,0,0,0,1,0,1,1,1,1,1,1,1,1,1,1
41448821,K5,630,1,131338,1998,5,15,7,1,1,0,0,0,0,0,0,1,0,0,1,1,0,1,1,0,1,1,1,0,1
41543217,더 뉴 카니발 4세대,4690,1,30054,2151,7,1,1,1,0,0,0,1,0,0,1,0,0,1,0,1,1,1,1,1,1,1,1,1,1
41517241,카니발 4세대,2960,1,66733,2151,9,5,2,1,0,0,0,1,0,1,0,0,0,1,0,1,1,1,1,1,1,1,1,1,1
40691820,올 뉴 프라이드,360,1,61443,1591,5,14,23,1,0,1,0,0,0,0,0,0,1,0,1,0,0,1,1,1,1,1,1,0,1
40697005,K3,399,1,158568,1591,5,13,3,1,0,1,0,0,0,1,0,0,0,0,1,0,0,1,0,1,1,0,1,0,1
40704568,더 뉴 K7,820,1,84932,2999,5,13,4,1,0,1,0,0,0,1,0,0,0,0,1,1,0,1,1,1,1,1,1,1,1
40731172,K7 프리미어,1879,1,77092,2497,5,6,11,1,0,1,0,0,0,0,0,0,1,0,1,1,1,1,1,1,1,1,1,1,1
41193337,K5 3세대,2550,1,85139,1598,5,4,0,1,0,1,0,0,0,0,0,1,0,0,1,1,1,1,1,1,1,1,1,1,1
41051826,더 뉴 카니발 4세대,4590,1,43059,1598,7,2,0,1,0,0,1,0,0,0,0,0,1,1,0,1,1,1,1,1,1,1,1,1,1
40999328,더 뉴 K3,530,1,131234,1582,5,9,7,1,0,0,0,1,0,1,0,0,0,0,1,0,0,1,0,0,0,0,1,0,1
41345821,카니발 4세대,3430,1,59743,2151,7,4,5,1,0,0,0,1,0,1,0,0,0,1,0,0,1,1,1,1,1,1,1,1,1
41348600,더 뉴 쏘렌토 4세대,4480,1,47000,2497,6,1,0,1,0,1,0,0,0,0,1,0,0,1,0,0,0,0,0,0,0,0,0,0,0
41334894,더 프레스티지 K7,400,1,116960,2359,5,14,27,1,0,1,0,0,0,1,0,0,0,0,1,0,1,1,1,1,1,1,1,1,1
41260010,더 뉴 K7,550,1,172997,2359,5,13,10,1,0,1,0,0,0,0,1,0,0,0,1,0,0,1,1,1,1,1,1,1,1
41258907,뉴 쏘렌토 R,660,1,155856,1995,5,13,4,1,0,0,0,1,0,0,0,1,0,1,0,0,0,1,0,1,1,0,1,1,1
40706800,더 뉴 레이,1249,1,74360,998,5,4,2,1,0,1,0,0,0,1,0,0,0,0,1,0,0,1,1,1,1,1,1,0,1
41168513,더 뉴 K3 2세대,2259,1,39500,1591,5,4,1,1,0,1,0,0,0,0,1,0,0,0,1,0,1,1,1,1,1,1,1,1,1
41166447,쏘렌토 4세대,2300,1,70478,2151,6,5,2,1,0,0,0,1,0,0,1,0,0,1,0,0,1,1,1,1,1,1,1,0,1
41097717,모하비 더 마스터,3840,1,90494,2959,6,3,5,1,0,0,0,1,0,0,1,0,0,1,0,1,1,1,1,1,1,1,1,1,1
41348584,카니발 4세대,3050,1,18334,3470,9,3,0,1,0,1,0,0,0,0,1,0,0,1,0,0,1,1,1,1,1,1,1,1,1
41250538,카니발 4세대,3800,1,107687,2151,9,4,2,1,0,0,0,1,0,1,0,0,0,1,0,0,1,1,1,1,1,1,1,1,1
41400266,더 뉴 쏘렌토 4세대,3245,1,580,1598,5,0,0,1,0,0,1,0,0,1,0,0,0,1,0,0,1,1,1,1,1,1,1,1,1
41227319,더 뉴 K7,490,1,149367,2359,5,12,11,1,0,1,0,0,0,0,1,0,0,0,1,0,0,1,1,1,1,1,1,1,1
41210576,모하비 더 마스터,4580,1,49525,2959,6,4,1,1,0,0,0,1,0,0,1,0,0,1,0,1,1,1,1,1,1,1,1,1,1
41427090,K5 3세대,1530,1,113059,1999,5,6,3,1,0,1,0,0,0,1,0,0,0,0,1,0,1,1,1,0,0,1,1,0,1
38376217,K9,1090,1,140185,3778,5,13,2,1,0,1,0,0,0,0,0,1,0,0,1,0,1,1,1,1,1,1,1,1,1
41444281,카니발 R,450,1,171960,2199,9,14,7,1,0,0,0,1,0,1,0,0,0,1,0,0,0,1,1,1,0,1,1,0,1
41429518,K5 3세대,1690,1,128115,1598,5,6,3,1,0,1,0,0,0,0,0,0,1,0,1,1,1,1,1,1,1,1,1,1,1
41429542,더 뉴 카니발,1890,1,183336,2199,9,7,6,1,0,0,0,1,0,0,1,0,0,1,0,0,1,1,1,1,1,1,1,1,1
41510558,더 뉴 니로,2220,1,204351,1580,5,5,5,1,0,0,1,0,0,0,0,0,1,1,0,0,0,1,1,1,1,1,1,0,1
41506658,더 K9,1390,1,203997,3778,5,6,24,1,0,1,0,0,0,0,1,0,0,0,1,0,1,1,1,1,1,1,1,1,1
41511040,쏘렌토 4세대,2649,1,138058,1598,5,5,0,1,0,0,1,0,0,0,0,1,0,1,0,0,1,1,1,1,1,1,1,1,1
41503040,레이,960,1,47631,998,5,10,0,1,0,1,0,0,0,1,0,0,0,0,1,0,0,1,1,0,1,1,1,0,1
41500930,더 뉴 모하비,1250,1,145029,2959,7,9,14,1,0,0,0,1,0,0,0,1,0,1,0,1,0,1,0,1,1,1,1,1,1
41491313,스포티지 5세대,2090,1,91757,1598,5,4,14,1,0,1,0,0,0,1,0,0,0,1,0,1,1,1,1,1,1,1,1,1,1
41499590,포르테,370,1,83459,1591,5,15,5,1,0,1,0,0,0,1,0,0,0,0,1,0,0,1,0,0,0,0,1,0,1
41493125,K5,490,1,75755,1998,5,15,12,1,0,1,0,0,0,0,0,0,1,0,1,0,0,1,1,1,0,1,1,0,1
41604958,모하비,860,1,195356,2959,7,11,5,1,0,0,0,1,0,0,0,1,0,1,0,1,0,1,1,1,1,1,1,1,1
41507838,더 뉴 모하비,1030,1,231487,2959,7,9,7,1,0,0,0,1,0,0,0,1,0,1,0,0,0,1,1,1,1,1,1,1,1
41507868,스포티지 더 볼드,1890,1,47625,1995,5,6,0,1,0,0,0,1,0,1,0,0,0,1,0,0,0,1,1,1,1,1,1,1,1
41639418,디 올 뉴 니로 EV,1700,1,179048,0,5,3,1,1,0,0,0,0,1,1,0,0,0,1,0,0,0,1,1,1,1,1,1,1,1
41619353,K5 3세대,2580,1,17212,1598,5,3,0,1,0,1,0,0,0,1,0,0,0,0,1,0,1,1,1,1,1,1,1,1,1
41614358,스포티지 5세대,2990,1,22796,1598,5,4,0,1,0,1,0,0,0,0,0,1,0,1,0,0,1,1,1,1,1,1,1,1,1
41468918,스포티지 5세대 하이브리드,3880,1,11394,1598,5,2,0,1,0,0,1,0,0,1,0,0,0,1,0,1,1,1,1,1,1,1,1,1,1
41594825,더 뉴 셀토스,3090,1,28829,1598,5,3,1,1,0,1,0,0,0,0,1,0,0,1,0,1,1,1,1,1,1,1,1,1,1
41627785,카니발 4세대,3079,1,45592,3470,9,3,2,1,0,1,0,0,0,1,0,0,0,1,0,1,1,1,1,1,1,1,1,1,1
41627799,K8,2290,1,119317,2497,5,4,0,1,0,1,0,0,0,0,1,0,0,0,1,1,1,1,1,1,1,1,1,1,1
40922474,모하비 더 마스터,3150,1,100816,2959,5,5,0,1,0,0,0,1,0,0,0,0,1,1,0,1,1,1,1,1,1,1,1,1,1
41637676,K7 하이브리드,680,1,185686,2359,5,12,12,1,0,0,1,0,0,1,0,0,0,0,1,1,0,1,1,1,1,1,1,1,1
41560053,올 뉴 모닝,569,1,95992,998,5,11,0,1,0,1,0,0,0,1,0,0,0,0,1,0,0,1,1,0,1,1,1,0,1
41082311,카니발 4세대,2189,1,197292,2151,9,4,0,1,0,0,0,1,0,0,0,0,1,1,0,0,1,1,1,1,1,1,1,1,1
41082322,쏘렌토 4세대,2519,1,187470,1598,5,3,5,1,0,0,1,0,0,1,0,0,0,1,0,0,1,1,1,1,1,1,1,1,1
40823770,K5 3세대,1489,1,79214,1999,5,5,11,1,0,1,0,0,0,1,0,0,0,0,1,0,1,1,1,0,1,1,1,0,1
40862190,K5 3세대,1579,1,110721,1999,5,5,5,1,0,1,0,0,0,1,0,0,0,0,1,0,1,1,1,0,1,1,1,0,1
40862203,K5 3세대,1689,1,60005,1999,5,4,9,1,0,1,0,0,0,1,0,0,0,0,1,0,1,1,1,1,1,1,1,0,1
40951442,스포티지 5세대,1919,1,98402,1598,5,4,4,1,0,1,0,0,0,1,0,0,0,1,0,0,1,1,1,1,1,1,1,0,1
40973144,셀토스,1519,1,109937,1591,5,3,4,1,0,1,0,0,0,1,0,0,0,1,0,0,1,1,1,1,1,1,1,0,1
40973246,K5 3세대,1549,1,95847,1999,5,4,11,1,0,1,0,0,0,1,0,0,0,0,1,0,1,1,1,1,1,1,1,0,1
40972780,스포티지 5세대,1839,1,111840,1598,5,4,9,1,0,1,0,0,0,1,0,0,0,1,0,0,1,1,1,1,1,1,1,0,1
40973031,스포티지 5세대,1879,1,126661,1598,5,4,6,1,0,1,0,0,0,1,0,0,0,1,0,0,1,1,1,1,1,1,1,0,1
40586061,스포티지 5세대 하이브리드,2889,1,88850,1598,5,3,5,1,0,0,1,0,0,0,0,1,0,1,0,1,1,1,1,1,1,1,1,1,1
40891312,K5 3세대,1589,1,96300,1999,5,4,12,1,0,1,0,0,0,1,0,0,0,0,1,0,1,1,1,1,1,1,1,0,1
40963305,셀토스,1589,1,99408,1591,5,3,2,1,0,1,0,0,0,1,0,0,0,1,0,0,1,1,1,1,1,1,1,0,1
40964542,K5 3세대,1549,1,116473,1999,5,4,16,1,0,1,0,0,0,1,0,0,0,0,1,0,1,1,1,1,1,1,1,0,1
40947691,더 뉴 K3 2세대,1189,1,140064,1598,5,4,9,1,0,1,0,0,0,1,0,0,0,0,1,0,0,1,1,1,1,1,1,0,1
41263814,쏘렌토 4세대,2249,1,186724,2151,5,3,1,1,0,0,0,1,0,1,0,0,0,1,0,0,1,1,1,1,1,1,1,1,1
41292608,더 K9,1419,1,226106,3778,5,7,1,1,0,1,0,0,0,0,1,0,0,0,1,1,1,1,1,1,1,1,1,1,1
41129886,더 뉴 K3 2세대,1290,1,245097,1598,5,4,0,1,0,1,0,0,0,1,0,0,0,0,1,0,0,1,1,1,1,1,1,1,1
41606839,올 뉴 K3,2010,1,31488,1591,5,5,0,1,0,1,0,0,0,0,0,0,1,0,1,0,1,1,1,1,1,1,1,1,1
41621036,더 뉴 K3,630,1,117690,1591,5,9,3,1,0,1,0,0,0,1,0,0,0,0,1,0,0,1,1,0,0,1,1,0,1
41450226,모하비,950,1,163395,2959,7,12,0,1,0,0,0,1,0,0,1,0,0,1,0,1,0,1,1,1,1,1,1,1,1
41474959,올 뉴 카니발,920,1,188472,2199,9,8,25,1,0,0,0,1,0,1,0,0,0,1,0,0,0,1,1,1,1,1,1,1,1
41321861,올 뉴 모닝,320,1,161829,998,5,13,9,1,0,1,0,0,0,0,0,1,0,0,1,0,0,1,0,0,1,0,1,0,1
41299255,더 K9,1780,1,158097,3778,5,7,8,1,0,1,0,0,0,0,1,0,0,0,1,0,1,1,1,1,1,1,1,1,1
41569687,올 뉴 모닝,520,1,67230,998,5,14,0,1,0,1,0,0,0,0,0,1,0,0,1,0,1,1,1,0,1,1,1,0,1
41494365,더 뉴 쏘렌토,1890,1,122547,2199,7,8,4,1,0,0,0,1,0,0,0,0,1,1,0,1,1,1,1,1,1,1,1,1,1
41505708,카니발 4세대,2830,1,100078,2151,9,5,0,1,0,0,0,1,0,0,1,0,0,1,0,0,1,1,1,1,1,1,1,1,1
40834728,올 뉴 모닝,355,1,131661,998,5,14,0,1,1,0,0,0,0,1,0,0,0,0,1,0,0,1,0,0,0,0,1,0,1
41447825,K5 3세대,2590,1,19217,1598,5,4,0,1,0,1,0,0,0,0,0,1,0,0,1,0,1,1,1,1,1,1,1,1,1
41432437,더 뉴 K5,750,1,159500,1999,5,12,3,1,1,0,0,0,0,1,0,0,0,0,1,1,0,1,1,1,1,1,1,1,1
41429559,더 뉴 K8,3880,1,7872,2497,5,1,0,1,0,1,0,0,0,0,1,0,0,0,1,0,1,1,1,1,1,1,1,1,1
41421260,올 뉴 쏘렌토,1450,1,116741,2199,5,10,14,1,0,0,0,1,0,1,0,0,0,1,0,0,0,1,1,1,1,1,1,1,1
41420885,모하비 더 마스터,3050,1,87023,2959,7,6,6,1,0,0,0,1,0,0,1,0,0,1,0,1,1,1,1,1,1,1,1,1,1
41397234,올 뉴 K3,830,1,157686,1598,5,7,0,1,0,1,0,0,0,0,0,0,1,0,1,0,0,1,1,0,1,0,1,0,1
41406408,카니발 4세대,3120,1,62460,2151,9,3,10,1,0,0,0,1,0,0,1,0,0,1,0,1,1,1,1,1,1,1,1,1,1
41393182,K9,750,1,226295,3342,5,12,17,1,0,0,1,0,0,0,1,0,0,0,1,0,1,1,1,1,1,1,1,1,1
41253758,올 뉴 K7,1390,1,117855,2199,5,8,2,1,0,0,0,1,0,0,1,0,0,0,1,0,1,1,1,1,1,1,1,1,1
41258059,더 뉴 스포티지 5세대 하이브리드,3730,1,8980,1598,5,1,5,1,0,0,1,0,0,1,0,0,0,1,0,0,1,1,1,1,1,1,1,1,1
41223748,올 뉴 모닝,390,1,123048,998,5,14,25,1,0,1,0,0,0,0,0,1,0,0,1,0,0,1,0,0,0,0,1,0,1
41130996,카니발 4세대,2220,1,100107,2151,9,3,0,1,0,0,0,1,0,0,1,0,0,1,0,0,1,1,1,1,1,1,1,1,1
41120771,셀토스,1399,1,89358,1598,5,5,8,1,0,0,0,1,0,0,0,0,1,1,0,0,0,1,1,1,1,1,1,0,1
41073516,K3,489,1,166967,1591,5,13,11,1,0,1,0,0,0,0,1,0,0,0,1,1,0,1,1,1,1,1,1,1,1
41074982,카니발 4세대,2199,1,143802,2151,9,5,1,1,0,0,0,1,0,0,1,0,0,1,0,0,1,1,1,1,1,1,1,1,1
41502691,모하비 더 마스터,3690,1,53680,2959,6,6,4,1,0,0,0,1,0,1,0,0,0,1,0,1,1,1,1,1,1,1,1,1,1
41507220,쏘렌토 4세대,2849,1,92509,2497,5,5,0,1,0,1,0,0,0,0,0,1,0,1,0,0,1,1,1,1,1,1,1,1,1
41497580,더 뉴 스포티지 R,550,1,138702,1995,5,12,13,1,0,0,0,1,0,0,0,1,0,1,0,0,0,1,1,1,1,1,1,0,1
41492047,올 뉴 모닝,390,1,108256,998,5,14,7,1,0,1,0,0,0,1,0,0,0,0,1,0,0,1,1,0,0,1,1,0,1
41490519,K9,650,1,150988,3778,5,13,8,1,0,1,0,0,0,0,1,0,0,0,1,0,0,1,1,1,1,1,1,1,1
41476476,스포티지 4세대,1020,1,108215,1685,5,8,1,1,0,0,0,1,0,0,1,0,0,1,0,0,0,1,1,0,1,1,1,0,1
41471971,쏘울,390,1,110471,1582,5,17,10,0,0,0,0,1,0,0,0,1,0,0,1,0,0,1,1,0,0,1,0,0,1
41469587,카니발 4세대,2750,1,115378,2151,7,5,5,1,0,0,0,1,0,0,0,0,1,1,0,0,1,1,1,1,1,1,1,1,1
41462614,올 뉴 K7,1199,1,153462,2359,5,7,6,1,0,1,0,0,0,0,1,0,0,0,1,0,1,1,1,1,1,1,1,1,1
41460128,더 뉴 레이,1150,1,33862,998,2,4,0,1,0,1,0,0,0,1,0,0,0,0,1,0,0,1,0,0,0,0,1,0,1
41554648,K5 3세대,1830,1,119965,1598,5,6,17,1,0,1,0,0,0,1,0,0,0,0,1,1,1,1,1,1,1,1,1,1,1
41554279,스포티지 더 볼드,1195,1,127465,1598,5,7,1,1,0,0,0,1,0,0,1,0,0,1,0,0,0,1,1,1,1,1,1,1,1
41553784,더 뉴 쏘렌토,2130,1,85907,1995,5,6,0,1,0,0,0,1,0,1,0,0,0,1,0,0,1,1,1,1,1,1,1,1,1
41537714,스포티지 더 볼드,1630,1,75920,1598,5,7,6,1,0,0,0,1,0,0,1,0,0,1,0,0,0,1,1,1,1,1,1,1,1
41513002,올 뉴 카렌스,330,1,330160,1999,7,11,3,1,1,0,0,0,0,1,0,0,0,1,0,0,0,1,0,0,0,0,1,0,1
41242399,더 뉴 모닝,550,1,98978,998,5,10,9,1,0,1,0,0,0,0,0,1,0,0,1,0,0,1,1,0,0,1,1,0,1
41253930,카니발 4세대,3190,1,65622,2151,9,3,0,1,0,0,0,1,0,0,1,0,0,1,0,0,1,1,1,1,1,0,1,1,1
41226585,스포티지 5세대,2530,1,37514,1998,5,3,2,1,0,0,0,1,0,1,0,0,0,1,0,0,1,1,1,1,1,1,1,1,1
41221252,스포티지 5세대,2490,1,110621,1998,5,4,8,1,0,0,0,1,0,1,0,0,0,1,0,0,1,1,1,1,1,1,1,1,1
41178546,K5 2세대,960,1,162737,1999,5,10,6,1,0,1,0,0,0,1,0,0,0,0,1,1,0,1,1,1,1,1,1,1,1
41179481,올 뉴 쏘렌토,1389,1,118766,1995,5,11,2,1,0,0,0,1,0,1,0,0,0,1,0,1,0,1,1,1,1,1,1,1,1
41215036,카니발 4세대,3290,1,102830,3470,9,4,1,1,0,1,0,0,0,0,1,0,0,1,0,0,1,1,1,1,1,1,1,1,1
41120996,셀토스,1250,1,116030,1598,5,5,1,1,0,0,0,1,0,0,1,0,0,1,0,0,0,1,0,0,1,0,1,0,1
41054497,모하비 더 마스터,3490,1,51998,2959,5,5,0,1,0,0,0,1,0,1,0,0,0,1,0,0,1,1,1,1,1,1,1,1,1
41033098,K7 프리미어,1830,1,154192,2999,5,6,15,1,0,1,0,0,0,0,1,0,0,0,1,1,1,1,1,1,1,1,1,1,1
41447189,K3,770,1,48129,1591,5,11,4,1,0,1,0,0,0,0,1,0,0,0,1,0,0,1,1,1,0,1,1,0,1
41451899,셀토스,1850,1,90514,1591,5,4,7,1,0,1,0,0,0,1,0,0,0,1,0,0,1,1,1,1,1,1,1,1,1
41437889,쏘렌토 4세대,3290,1,65716,1598,7,3,0,1,0,0,1,0,0,0,0,1,0,1,0,0,1,1,1,1,1,1,1,1,1
41430223,더 뉴 니로,1339,1,189446,1580,5,4,1,1,0,0,1,0,0,0,0,1,0,1,0,0,0,1,1,1,1,1,1,0,1
41426530,쏘렌토 4세대,2920,1,51092,1598,5,4,0,1,0,0,1,0,0,0,1,0,0,1,0,1,1,0,1,1,1,1,1,1,1
41426338,모하비 더 마스터,2820,1,140087,2959,6,5,0,1,0,0,0,1,0,0,1,0,0,1,0,1,1,1,1,1,1,1,1,1,1
41416173,K7 하이브리드,670,1,181747,2359,5,12,5,1,0,0,1,0,0,1,0,0,0,0,1,1,0,1,1,1,1,1,1,1,1
41408341,카니발 R,370,1,153174,2199,11,12,20,1,0,0,0,1,0,1,0,0,0,1,0,0,0,1,0,1,0,0,1,0,1
41389870,카니발 4세대,2250,1,165420,2151,9,3,6,1,0,0,0,1,0,0,1,0,0,1,0,0,1,1,1,1,1,1,1,1,1
41560794,카니발 4세대,2500,1,121925,2151,9,5,0,1,0,0,0,1,0,1,0,0,0,1,0,0,1,1,1,1,1,1,1,1,1
41549991,뉴모닝,179,1,101400,999,5,17,0,1,0,1,0,0,0,0,1,0,0,0,1,0,0,1,0,0,0,0,0,0,1
41547221,올 뉴 모닝,420,1,82760,998,5,14,7,1,0,1,0,0,0,1,0,0,0,0,1,0,0,1,1,0,0,1,1,0,1
41530763,올 뉴 K7,900,1,160331,2999,5,8,22,1,0,1,0,0,0,0,1,0,0,0,1,1,1,1,1,1,1,1,1,1,1
41486927,더 뉴 K5 3세대,2970,1,15547,1598,5,2,11,1,0,1,0,0,0,1,0,0,0,0,1,0,1,1,1,1,1,1,1,1,1
41482939,더 뉴 K5,589,1,124763,1999,5,12,0,1,1,0,0,0,0,1,0,0,0,0,1,0,0,1,1,0,1,1,1,0,1
41471091,더 뉴 K9 2세대,3999,1,70221,3778,5,4,0,1,0,1,0,0,0,0,0,1,0,0,1,1,1,1,1,1,1,1,1,1,1
41476417,스토닉,870,1,143769,1582,5,8,2,1,0,0,0,1,0,1,0,0,0,1,0,0,0,1,1,0,1,1,1,0,1
41475970,스포티지 5세대 하이브리드,2950,1,53753,1598,5,3,2,1,0,0,1,0,0,0,0,0,1,1,0,0,1,1,1,1,1,1,1,1,1
41467429,올 뉴 카니발,750,1,195362,2199,9,10,7,1,0,0,0,1,0,1,0,0,0,1,0,0,0,1,1,0,1,1,1,1,1
41460440,더 뉴 기아 레이,1270,1,6935,998,2,2,0,1,0,1,0,0,0,1,0,0,0,0,1,0,0,1,0,0,0,0,0,0,1
41460271,더 뉴 스포티지 5세대,4299,1,4145,1598,5,1,0,1,0,1,0,0,0,1,0,0,0,1,0,1,1,1,1,1,1,1,1,1,1
41353503,올 뉴 카니발,1270,1,151846,2199,9,9,0,1,0,0,0,1,0,1,0,0,0,1,0,0,0,0,0,0,0,0,0,0,0
41298253,K8,2520,1,94151,2497,5,4,2,1,0,1,0,0,0,1,0,0,0,0,1,1,1,1,1,1,1,1,1,1,1
41266448,카니발 4세대,3730,1,117351,3470,9,5,2,1,0,1,0,0,0,0,1,0,0,1,0,0,1,1,1,1,1,1,1,1,1
38161230,K3,680,1,95389,1591,5,12,9,1,0,1,0,0,0,1,0,0,0,0,1,0,0,1,0,1,0,0,1,0,1
40933357,더 뉴 K7,550,1,168308,2359,5,13,0,1,0,1,0,0,0,0,1,0,0,0,1,0,0,1,1,1,1,1,1,0,1
39081132,스토닉,1350,1,44073,1368,5,6,9,1,0,1,0,0,0,0,1,0,0,1,0,0,0,1,1,1,1,1,1,1,1
40011149,K5,459,1,85034,1998,5,15,11,1,0,1,0,0,0,1,0,0,0,0,1,0,1,1,1,0,0,1,1,0,1
40254280,K3,490,1,66623,1591,5,13,8,1,0,1,0,0,0,0,0,1,0,0,1,1,0,1,1,1,1,1,1,0,1
39157370,니로 EV,1290,1,261500,180,5,7,0,1,0,0,0,0,1,1,0,0,0,1,0,0,0,1,1,1,1,0,1,1,1
40325737,K8 하이브리드,2590,1,33663,1598,5,4,6,1,0,0,1,0,0,0,1,0,0,0,1,0,1,1,1,1,1,1,1,1,1
40402308,니로,1285,1,159312,1580,5,8,2,1,0,0,1,0,0,0,0,0,1,1,0,1,0,1,1,1,1,1,1,1,1
40802342,K8,2790,1,46562,2497,5,3,4,1,0,1,0,0,0,0,0,1,0,0,1,0,1,1,1,1,1,1,1,1,1
41367905,더 뉴 카니발 4세대,3180,1,118717,1598,9,2,0,1,0,0,1,0,0,1,0,0,0,1,0,0,1,1,1,1,1,1,1,1,1
41386040,스포티지 5세대,2580,1,37308,1998,5,3,8,1,0,0,0,1,0,0,0,1,0,1,0,1,1,1,1,1,1,1,1,1,1
41350757,모하비 더 마스터,3150,1,47802,2959,6,5,0,1,0,0,0,1,0,0,1,0,0,1,0,0,0,0,0,0,0,0,0,0,0
41350289,쏘렌토 4세대,1810,1,188460,2151,5,5,0,1,0,0,0,1,0,0,1,0,0,1,0,0,0,0,0,0,0,0,0,0,0
41348630,올 뉴 K3,999,1,144699,1598,5,7,0,1,0,1,0,0,0,1,0,0,0,0,1,0,0,0,0,0,0,0,0,0,0
41270450,모하비 더 마스터,3650,1,76585,2959,7,6,0,1,0,0,0,1,0,0,1,0,0,1,0,1,1,1,1,1,1,1,1,1,1
41270078,스포티지 5세대,2049,1,111824,1598,5,4,9,1,0,1,0,0,0,1,0,0,0,1,0,0,1,1,1,1,1,1,1,0,1
41586716,카니발 4세대,3450,1,134143,2151,9,5,1,1,0,0,0,1,0,0,1,0,0,1,0,0,1,1,1,1,1,1,1,1,1
41584710,더 뉴 기아 레이,1930,1,6768,998,5,1,0,1,0,1,0,0,0,1,0,0,0,0,1,0,0,1,1,1,1,1,1,1,1
41574008,올 뉴 모닝,380,1,115928,998,5,14,10,1,0,1,0,0,0,1,0,0,0,0,1,0,0,1,1,0,0,1,1,0,1
41625865,더 뉴 카니발 4세대,5290,1,24155,3470,9,2,0,1,0,1,0,0,0,0,1,0,0,1,0,0,1,1,1,1,1,1,1,1,1
41605722,레이,600,1,88814,998,5,14,4,1,0,1,0,0,0,1,0,0,0,0,1,0,0,1,0,0,0,0,1,0,1
41658268,올 뉴 모닝 (JA),590,1,63363,998,5,9,8,1,0,1,0,0,0,1,0,0,0,0,1,0,0,1,1,0,0,1,0,0,0
41627936,카니발 4세대,2500,1,96779,2151,9,5,9,1,0,0,0,1,0,1,0,0,0,1,0,1,1,1,1,1,1,1,1,1,1
41622151,K5 3세대,1850,1,50490,1999,5,6,12,1,0,1,0,0,0,0,0,1,0,0,1,0,1,1,1,1,1,1,1,1,1
41619134,더 뉴 카니발 4세대,3590,1,2300,3470,9,0,0,1,0,1,0,0,0,0,0,1,0,1,0,0,1,1,1,1,1,1,1,1,1
41610663,올 뉴 K3,1130,1,85898,1598,5,7,1,1,0,1,0,0,0,0,0,1,0,0,1,0,0,1,1,0,0,1,1,1,1
40191948,카니발 4세대,3990,1,29676,2151,7,3,0,1,0,0,0,1,0,1,0,0,0,1,0,1,1,1,1,1,1,1,1,1,1
40189495,EV3,4279,1,7995,237,5,1,0,1,0,0,0,0,1,0,0,1,0,1,0,1,1,1,1,1,1,1,1,1,1
40837354,카니발 4세대,2150,1,133693,2151,9,5,6,1,0,0,0,1,0,1,0,0,0,1,0,0,1,1,1,1,1,1,1,1,1
40807393,카니발 4세대,2900,1,77950,2151,9,5,0,1,0,0,0,1,0,0,0,1,0,1,0,1,1,1,1,1,1,1,1,1,1
40418447,쏘렌토 4세대,3670,1,48923,1598,5,3,1,1,0,0,1,0,0,1,0,0,0,1,0,1,1,1,1,1,1,1,1,1,1
40799088,쏘렌토 4세대,3250,1,48677,2497,5,3,0,1,0,1,0,0,0,0,1,0,0,1,0,0,1,1,1,1,1,1,1,1,1
40828464,K5 3세대,2399,1,53926,1598,5,3,1,1,0,1,0,0,0,0,1,0,0,0,1,1,1,1,1,1,1,1,1,1,1
41149296,레이,630,1,90031,998,5,13,11,1,0,1,0,0,0,1,0,0,0,0,1,0,0,1,1,0,0,1,1,0,1
41404378,더 뉴 카니발,1590,1,167571,2199,9,7,8,1,0,0,0,1,0,1,0,0,0,1,0,1,1,1,1,1,1,1,1,1,1
41384662,K5 3세대,1890,1,28679,1999,5,6,1,1,0,1,0,0,0,0,0,1,0,0,1,0,1,1,1,1,1,1,1,1,1
41389271,스포티지 더 볼드,1570,1,90925,1995,5,7,5,1,0,0,0,1,0,0,0,1,0,1,0,0,0,1,1,1,1,1,1,1,1
41381848,카니발 R,550,1,88468,2199,11,13,3,1,0,0,0,1,0,0,0,1,0,1,0,0,0,1,1,1,0,1,1,0,1
